# 2026-10-02T09:47:05 hold_clamp.py id 30 LEVEL 2057 DOWN 3081 A 23 ladder [(32, 32), (96, 32), (128, 32), (160, 32)]
>>> pos 30
id 30  pos  3063  spd     0  load    0  12.0 V  27 C  err 0x00
>>> reg 30 40 1
id 30 reg 40 = 0 (0x00)
>>> gains 30
id 30  P 32  D 32  I 0   expected (no row in servo_gains.h)

NEXT MOTION: CALIBRATE: torque on at 3063 (weights on), probe +-40, step against gravity 64 ticks at a time until the holding load peaks (<= ~11 deg past level), then lower to hanging and release there
  type go:
< 'go'
>>> pos 30
id 30  pos  3063  spd     0  load    0  12.1 V  27 C  err 0x00
>>> pos 30
id 30  pos  3063  spd     0  load    0  12.1 V  27 C  err 0x00
>>> torque 30
torque 30: ok
>>> pos 30
id 30  pos  3063  spd     0  load    0  12.1 V  27 C  err 0x00
>>> move 30 3063 0 100 2
move id 30 -> 3063 ticks, 0 ms, spd 100, acc 2: ok
>>> move 30 3103 0 100 2
move id 30 -> 3103 ticks, 0 ms, spd 100, acc 2: ok
>>> move 30 3063 0 100 2
move id 30 -> 3063 ticks, 0 ms, spd 100, acc 2: ok
>>> pos 30
id 30  pos  3069  spd     0  load   56  12.0 V  27 C  err 0x00
>>> pos 30
id 30  pos  3069  spd     0  load   56  12.1 V  27 C  err 0x00
>>> pos 30
id 30  pos  3069  spd     0  load   56  12.0 V  27 C  err 0x00
>>> pos 30
id 30  pos  3069  spd     0  load   56  12.1 V  27 C  err 0x00
>>> pos 30
id 30  pos  3069  spd     0  load   56  12.1 V  27 C  err 0x00
>>> pos 30
id 30  pos  3069  spd     0  load   56  12.0 V  27 C  err 0x00
>>> pos 30
id 30  pos  3069  spd     0  load   56  12.1 V  27 C  err 0x00
>>> pos 30
id 30  pos  3069  spd     0  load   56  12.1 V  27 C  err 0x00
>>> pos 30
id 30  pos  3069  spd     0  load   56  12.0 V  27 C  err 0x00
>>> pos 30
id 30  pos  3069  spd     0  load   56  12.1 V  27 C  err 0x00
>>> move 30 3023 0 100 2
move id 30 -> 3023 ticks, 0 ms, spd 100, acc 2: ok
>>> move 30 3063 0 100 2
move id 30 -> 3063 ticks, 0 ms, spd 100, acc 2: ok
>>> pos 30
id 30  pos  3063  spd     0  load    0  12.0 V  27 C  err 0x00
>>> pos 30
id 30  pos  3063  spd     0  load    0  12.1 V  27 C  err 0x00
>>> pos 30
id 30  pos  3063  spd     0  load    0  12.1 V  27 C  err 0x00
>>> pos 30
id 30  pos  3063  spd     0  load    0  12.1 V  27 C  err 0x00
>>> pos 30
id 30  pos  3063  spd     0  load    0  12.1 V  27 C  err 0x00
>>> pos 30
id 30  pos  3063  spd     0  load    0  12.0 V  27 C  err 0x00
>>> pos 30
id 30  pos  3063  spd     0  load    0  12.1 V  27 C  err 0x00
>>> pos 30
id 30  pos  3063  spd     0  load    0  12.1 V  27 C  err 0x00
>>> pos 30
id 30  pos  3063  spd     0  load    0  12.0 V  27 C  err 0x00
>>> pos 30
id 30  pos  3063  spd     0  load    0  12.1 V  27 C  err 0x00
  gravity probe at 3063: from +40 err/load (6.0, 56.0), from -40 err/load (0.0, 0.0)
  gravity pulls toward + ticks
>>> move 30 2999 0 100 2
move id 30 -> 2999 ticks, 0 ms, spd 100, acc 2: ok
>>> pos 30
id 30  pos  3005  spd     0  load   56  12.1 V  27 C  err 0x00
>>> pos 30
id 30  pos  3005  spd     0  load   56  12.1 V  27 C  err 0x00
>>> pos 30
id 30  pos  3005  spd     0  load   56  12.1 V  27 C  err 0x00
>>> pos 30
id 30  pos  3005  spd     0  load   56  12.1 V  27 C  err 0x00
>>> pos 30
id 30  pos  3005  spd     0  load   56  12.0 V  27 C  err 0x00
>>> pos 30
id 30  pos  3005  spd     0  load   56  12.1 V  27 C  err 0x00
>>> pos 30
id 30  pos  3005  spd     0  load   56  12.1 V  27 C  err 0x00
>>> pos 30
id 30  pos  3005  spd     0  load   56  12.1 V  27 C  err 0x00
>>> pos 30
id 30  pos  3005  spd     0  load   56  12.1 V  27 C  err 0x00
>>> pos 30
id 30  pos  3005  spd     0  load   56  12.1 V  27 C  err 0x00
    step to 2999: pos 3005.0, |load| 56
>>> move 30 2935 0 100 2
move id 30 -> 2935 ticks, 0 ms, spd 100, acc 2: ok
>>> pos 30
id 30  pos  2942  spd     0  load   64  12.1 V  27 C  err 0x00
>>> pos 30
id 30  pos  2942  spd     0  load   64  12.0 V  27 C  err 0x00
>>> pos 30
id 30  pos  2942  spd     0  load   64  12.1 V  27 C  err 0x00
>>> pos 30
id 30  pos  2942  spd     0  load   64  12.1 V  27 C  err 0x00
>>> pos 30
id 30  pos  2942  spd     0  load   64  12.1 V  27 C  err 0x00
>>> pos 30
id 30  pos  2942  spd     0  load   64  12.1 V  27 C  err 0x00
>>> pos 30
id 30  pos  2942  spd     0  load   64  12.1 V  27 C  err 0x00
>>> pos 30
id 30  pos  2942  spd     0  load   64  12.0 V  27 C  err 0x00
>>> pos 30
id 30  pos  2942  spd     0  load   64  12.1 V  27 C  err 0x00
>>> pos 30
id 30  pos  2942  spd     0  load   64  12.1 V  27 C  err 0x00
    step to 2935: pos 2942.0, |load| 64
>>> move 30 2871 0 100 2
move id 30 -> 2871 ticks, 0 ms, spd 100, acc 2: ok
>>> pos 30
id 30  pos  2878  spd     0  load   64  12.1 V  27 C  err 0x00
>>> pos 30
id 30  pos  2878  spd     0  load   64  12.1 V  28 C  err 0x00
>>> pos 30
id 30  pos  2878  spd     0  load   64  12.1 V  27 C  err 0x00
>>> pos 30
id 30  pos  2878  spd     0  load   64  12.1 V  27 C  err 0x00
>>> pos 30
id 30  pos  2878  spd     0  load   64  12.0 V  28 C  err 0x00
>>> pos 30
id 30  pos  2878  spd     0  load   64  12.0 V  27 C  err 0x00
>>> pos 30
id 30  pos  2878  spd     0  load   64  12.0 V  27 C  err 0x00
>>> pos 30
id 30  pos  2878  spd     0  load   64  12.1 V  27 C  err 0x00
>>> pos 30
id 30  pos  2878  spd     0  load   64  12.1 V  27 C  err 0x00
>>> pos 30
id 30  pos  2878  spd     0  load   64  12.1 V  27 C  err 0x00
    step to 2871: pos 2878.0, |load| 64
>>> move 30 2807 0 100 2
move id 30 -> 2807 ticks, 0 ms, spd 100, acc 2: ok
>>> pos 30
id 30  pos  2815  spd     0  load   72  12.0 V  28 C  err 0x00
>>> pos 30
id 30  pos  2815  spd     0  load   72  12.1 V  27 C  err 0x00
>>> pos 30
id 30  pos  2815  spd     0  load   72  12.0 V  27 C  err 0x00
>>> pos 30
id 30  pos  2815  spd     0  load   72  12.1 V  28 C  err 0x00
>>> pos 30
id 30  pos  2815  spd     0  load   72  12.1 V  27 C  err 0x00
>>> pos 30
id 30  pos  2815  spd     0  load   72  12.0 V  27 C  err 0x00
>>> pos 30
id 30  pos  2815  spd     0  load   72  12.1 V  28 C  err 0x00
>>> pos 30
id 30  pos  2815  spd     0  load   72  12.1 V  28 C  err 0x00
>>> pos 30
id 30  pos  2815  spd     0  load   72  12.1 V  27 C  err 0x00
>>> pos 30
id 30  pos  2815  spd     0  load   72  12.0 V  28 C  err 0x00
    step to 2807: pos 2815.0, |load| 72
>>> move 30 2743 0 100 2
move id 30 -> 2743 ticks, 0 ms, spd 100, acc 2: ok
>>> pos 30
id 30  pos  2751  spd     0  load   72  12.1 V  28 C  err 0x00
>>> pos 30
id 30  pos  2751  spd     0  load   72  12.1 V  28 C  err 0x00
>>> pos 30
id 30  pos  2751  spd     0  load   72  12.1 V  27 C  err 0x00
>>> pos 30
id 30  pos  2751  spd     0  load   72  12.0 V  28 C  err 0x00
>>> pos 30
id 30  pos  2751  spd     0  load   72  12.1 V  28 C  err 0x00
>>> pos 30
id 30  pos  2751  spd     0  load   72  12.1 V  27 C  err 0x00
>>> pos 30
id 30  pos  2751  spd     0  load   72  12.1 V  28 C  err 0x00
>>> pos 30
id 30  pos  2751  spd     0  load   72  12.1 V  27 C  err 0x00
>>> pos 30
id 30  pos  2751  spd     0  load   72  12.1 V  28 C  err 0x00
>>> pos 30
id 30  pos  2751  spd     0  load   72  12.1 V  28 C  err 0x00
    step to 2743: pos 2751.0, |load| 72
>>> move 30 2679 0 100 2
move id 30 -> 2679 ticks, 0 ms, spd 100, acc 2: ok
>>> pos 30
id 30  pos  2691  spd     0  load  104  12.0 V  28 C  err 0x00
>>> pos 30
id 30  pos  2691  spd     0  load  104  12.0 V  28 C  err 0x00
>>> pos 30
id 30  pos  2691  spd     0  load  104  12.1 V  28 C  err 0x00
>>> pos 30
id 30  pos  2691  spd     0  load  104  12.0 V  28 C  err 0x00
>>> pos 30
id 30  pos  2691  spd     0  load  104  12.1 V  28 C  err 0x00
>>> pos 30
id 30  pos  2691  spd     0  load  104  12.1 V  28 C  err 0x00
>>> pos 30
id 30  pos  2691  spd     0  load  104  12.0 V  28 C  err 0x00
>>> pos 30
id 30  pos  2691  spd     0  load  104  12.1 V  28 C  err 0x00
>>> pos 30
id 30  pos  2691  spd     0  load  104  12.0 V  28 C  err 0x00
>>> pos 30
id 30  pos  2691  spd     0  load  104  12.1 V  28 C  err 0x00
    step to 2679: pos 2691.0, |load| 104
>>> move 30 2615 0 100 2
move id 30 -> 2615 ticks, 0 ms, spd 100, acc 2: ok
>>> pos 30
id 30  pos  2626  spd     0  load   96  12.1 V  28 C  err 0x00
>>> pos 30
id 30  pos  2626  spd     0  load   96  12.1 V  28 C  err 0x00
>>> pos 30
id 30  pos  2626  spd     0  load   96  12.0 V  28 C  err 0x00
>>> pos 30
id 30  pos  2626  spd     0  load   96  12.1 V  28 C  err 0x00
>>> pos 30
id 30  pos  2626  spd     0  load   96  12.1 V  28 C  err 0x00
>>> pos 30
id 30  pos  2626  spd     0  load   96  12.1 V  28 C  err 0x00
>>> pos 30
id 30  pos  2626  spd     0  load   96  12.1 V  28 C  err 0x00
>>> pos 30
id 30  pos  2626  spd     0  load   96  12.0 V  28 C  err 0x00
>>> pos 30
id 30  pos  2626  spd     0  load   96  12.1 V  28 C  err 0x00
>>> pos 30
id 30  pos  2626  spd     0  load   96  12.0 V  28 C  err 0x00
    step to 2615: pos 2626.0, |load| 96
>>> move 30 2551 0 100 2
move id 30 -> 2551 ticks, 0 ms, spd 100, acc 2: ok
>>> pos 30
id 30  pos  2562  spd     0  load   96  12.0 V  28 C  err 0x00
>>> pos 30
id 30  pos  2562  spd     0  load   96  12.1 V  28 C  err 0x00
>>> pos 30
id 30  pos  2562  spd     0  load   96  12.1 V  28 C  err 0x00
>>> pos 30
id 30  pos  2562  spd     0  load   96  12.1 V  28 C  err 0x00
>>> pos 30
id 30  pos  2562  spd     0  load   96  12.1 V  28 C  err 0x00
>>> pos 30
id 30  pos  2562  spd     0  load   96  12.0 V  28 C  err 0x00
>>> pos 30
id 30  pos  2562  spd     0  load   96  12.1 V  28 C  err 0x00
>>> pos 30
id 30  pos  2562  spd     0  load   96  12.1 V  28 C  err 0x00
>>> pos 30
id 30  pos  2562  spd     0  load   96  12.1 V  28 C  err 0x00
>>> pos 30
id 30  pos  2562  spd     0  load   96  12.1 V  28 C  err 0x00
    step to 2551: pos 2562.0, |load| 96
>>> move 30 2487 0 100 2
move id 30 -> 2487 ticks, 0 ms, spd 100, acc 2: ok
>>> pos 30
id 30  pos  2497  spd     0  load   88  12.1 V  28 C  err 0x00
>>> pos 30
id 30  pos  2497  spd     0  load   88  12.0 V  28 C  err 0x00
>>> pos 30
id 30  pos  2497  spd     0  load   88  12.1 V  28 C  err 0x00
>>> pos 30
id 30  pos  2497  spd     0  load   88  12.1 V  28 C  err 0x00
>>> pos 30
id 30  pos  2497  spd     0  load   88  12.1 V  28 C  err 0x00
>>> pos 30
id 30  pos  2497  spd     0  load   88  12.1 V  28 C  err 0x00
>>> pos 30
id 30  pos  2497  spd     0  load   88  12.1 V  28 C  err 0x00
>>> pos 30
id 30  pos  2497  spd     0  load   88  12.1 V  28 C  err 0x00
>>> pos 30
id 30  pos  2497  spd     0  load   88  12.1 V  28 C  err 0x00
>>> pos 30
id 30  pos  2497  spd     0  load   88  12.1 V  28 C  err 0x00
    step to 2487: pos 2497.0, |load| 88
  LEVEL = 2660 (peak |load| 104); DOWN = 3684
>>> pos 30
id 30  pos  2497  spd     0  load   88  12.0 V  28 C  err 0x00
>>> move 30 3684 0 100 2
move id 30 -> 3684 ticks, 0 ms, spd 100, acc 2: ok
>>> pos 30
id 30  pos  2497  spd     0  load   76  12.1 V  28 C  err 0x00
>>> pos 30
id 30  pos  2497  spd     0  load   60  12.0 V  28 C  err 0x00
>>> pos 30
id 30  pos  2497  spd     0  load   40  12.1 V  28 C  err 0x00
>>> pos 30
id 30  pos  2497  spd     0  load    0  12.0 V  28 C  err 0x00
>>> pos 30
id 30  pos  2498  spd     0  load  -20  12.1 V  28 C  err 0x00
>>> pos 30
id 30  pos  2499  spd    50  load    0  12.1 V  28 C  err 0x00
>>> pos 30
id 30  pos  2500  spd    50  load  -36  12.0 V  28 C  err 0x00
>>> pos 30
id 30  pos  2503  spd   100  load  -32  12.1 V  28 C  err 0x00
>>> pos 30
id 30  pos  2507  spd   100  load  -32  12.0 V  28 C  err 0x00
>>> pos 30
id 30  pos  2511  spd   150  load  -20  12.0 V  28 C  err 0x00
>>> pos 30
id 30  pos  2514  spd   100  load  -24  12.0 V  28 C  err 0x00
>>> pos 30
id 30  pos  2517  spd   100  load  -32  12.1 V  28 C  err 0x00
>>> pos 30
id 30  pos  2521  spd   150  load  -20  12.1 V  28 C  err 0x00
>>> pos 30
id 30  pos  2523  spd    50  load  -36  12.1 V  28 C  err 0x00
>>> pos 30
id 30  pos  2527  spd   100  load  -32  12.0 V  28 C  err 0x00
>>> pos 30
id 30  pos  2531  spd    50  load  -28  12.0 V  28 C  err 0x00
>>> pos 30
id 30  pos  2534  spd   100  load  -24  12.1 V  28 C  err 0x00
>>> pos 30
id 30  pos  2537  spd   100  load  -32  12.1 V  28 C  err 0x00
>>> pos 30
id 30  pos  2541  spd   100  load  -24  12.1 V  28 C  err 0x00
>>> pos 30
id 30  pos  2544  spd   100  load  -24  12.0 V  28 C  err 0x00
>>> pos 30
id 30  pos  2547  spd   100  load  -24  12.1 V  28 C  err 0x00
>>> pos 30
id 30  pos  2550  spd   100  load  -32  12.0 V  28 C  err 0x00
>>> pos 30
id 30  pos  2554  spd   150  load  -20  12.1 V  28 C  err 0x00
>>> pos 30
id 30  pos  2557  spd   100  load  -24  12.0 V  28 C  err 0x00
>>> pos 30
id 30  pos  2561  spd   100  load  -24  12.1 V  28 C  err 0x00
>>> pos 30
id 30  pos  2564  spd   100  load  -24  12.1 V  28 C  err 0x00
>>> pos 30
id 30  pos  2567  spd   100  load  -24  12.1 V  28 C  err 0x00
>>> pos 30
id 30  pos  2570  spd   100  load  -32  12.0 V  28 C  err 0x00
>>> pos 30
id 30  pos  2574  spd   100  load  -24  12.1 V  28 C  err 0x00
>>> pos 30
id 30  pos  2577  spd   100  load  -24  12.1 V  28 C  err 0x00
>>> pos 30
id 30  pos  2580  spd   100  load  -32  12.0 V  28 C  err 0x00
>>> pos 30
id 30  pos  2584  spd   100  load  -24  12.1 V  28 C  err 0x00
>>> pos 30
id 30  pos  2587  spd   100  load  -24  12.1 V  28 C  err 0x00
>>> pos 30
id 30  pos  2590  spd   100  load  -24  12.1 V  28 C  err 0x00
>>> pos 30
id 30  pos  2593  spd    50  load  -36  12.1 V  28 C  err 0x00
>>> pos 30
id 30  pos  2597  spd   100  load  -24  12.1 V  26 C  err 0x00
>>> pos 30
id 30  pos  2600  spd    50  load  -28  12.1 V  28 C  err 0x00
>>> pos 30
id 30  pos  2604  spd   100  load  -24  12.1 V  28 C  err 0x00
>>> pos 30
id 30  pos  2607  spd   100  load  -24  12.1 V  28 C  err 0x00
>>> pos 30
id 30  pos  2610  spd   100  load  -24  12.1 V  28 C  err 0x00
>>> pos 30
id 30  pos  2614  spd   100  load  -24  12.0 V  28 C  err 0x00
>>> pos 30
id 30  pos  2617  spd   100  load  -24  12.1 V  28 C  err 0x00
>>> pos 30
id 30  pos  2620  spd   100  load  -24  12.0 V  28 C  err 0x00
>>> pos 30
id 30  pos  2623  spd   150  load  -28  12.1 V  28 C  err 0x00
>>> pos 30
id 30  pos  2627  spd   100  load  -24  12.1 V  28 C  err 0x00
>>> pos 30
id 30  pos  2630  spd   100  load  -24  12.1 V  28 C  err 0x00
>>> pos 30
id 30  pos  2633  spd   100  load  -32  12.1 V  28 C  err 0x00
>>> pos 30
id 30  pos  2637  spd   100  load  -24  12.1 V  28 C  err 0x00
>>> pos 30
id 30  pos  2640  spd   100  load  -24  12.0 V  28 C  err 0x00
>>> pos 30
id 30  pos  2643  spd   100  load  -24  12.0 V  28 C  err 0x00
>>> pos 30
id 30  pos  2647  spd   100  load  -24  12.0 V  28 C  err 0x00
>>> pos 30
id 30  pos  2650  spd   100  load  -24  12.0 V  28 C  err 0x00
>>> pos 30
id 30  pos  2653  spd   100  load  -24  12.0 V  28 C  err 0x00
>>> pos 30
id 30  pos  2657  spd   100  load  -24  12.1 V  28 C  err 0x00
>>> pos 30
id 30  pos  2660  spd   100  load  -24  12.0 V  28 C  err 0x00
>>> pos 30
id 30  pos  2663  spd    50  load  -28  12.1 V  28 C  err 0x00
>>> pos 30
id 30  pos  2667  spd   150  load  -20  12.1 V  28 C  err 0x00
>>> pos 30
id 30  pos  2669  spd   100  load  -32  12.1 V  28 C  err 0x00
>>> pos 30
id 30  pos  2673  spd   150  load  -20  12.0 V  28 C  err 0x00
>>> pos 30
id 30  pos  2676  spd   100  load  -32  12.1 V  28 C  err 0x00
>>> pos 30
id 30  pos  2680  spd   100  load  -24  12.1 V  28 C  err 0x00
>>> pos 30
id 30  pos  2683  spd   100  load  -24  12.1 V  28 C  err 0x00
>>> pos 30
id 30  pos  2686  spd   100  load  -32  12.0 V  28 C  err 0x00
>>> pos 30
id 30  pos  2690  spd   100  load  -24  12.1 V  28 C  err 0x00
>>> pos 30
id 30  pos  2693  spd   100  load  -24  12.0 V  28 C  err 0x00
>>> pos 30
id 30  pos  2696  spd   150  load  -20  12.1 V  28 C  err 0x00
>>> pos 30
id 30  pos  2700  spd   100  load  -24  12.0 V  28 C  err 0x00
>>> pos 30
id 30  pos  2703  spd   100  load  -24  12.0 V  28 C  err 0x00
>>> pos 30
id 30  pos  2707  spd   100  load    0  12.1 V  28 C  err 0x00
>>> pos 30
id 30  pos  2709  spd   100  load  -32  12.1 V  28 C  err 0x00
>>> pos 30
id 30  pos  2713  spd    50  load  -28  12.1 V  28 C  err 0x00
>>> pos 30
id 30  pos  2716  spd   100  load  -24  12.0 V  28 C  err 0x00
>>> pos 30
id 30  pos  2720  spd   150  load  -20  12.1 V  28 C  err 0x00
>>> pos 30
id 30  pos  2723  spd   100  load  -24  12.0 V  28 C  err 0x00
>>> pos 30
id 30  pos  2726  spd   100  load  -24  12.1 V  28 C  err 0x00
>>> pos 30
id 30  pos  2729  spd   100  load  -32  12.1 V  28 C  err 0x00
>>> pos 30
id 30  pos  2733  spd   100  load  -24  12.1 V  28 C  err 0x00
>>> pos 30
id 30  pos  2736  spd   100  load  -24  12.0 V  28 C  err 0x00
>>> pos 30
id 30  pos  2739  spd   100  load  -24  12.1 V  28 C  err 0x00
>>> pos 30
id 30  pos  2743  spd   100  load  -24  12.1 V  28 C  err 0x00
>>> pos 30
id 30  pos  2746  spd   100  load  -24  12.0 V  28 C  err 0x00
>>> pos 30
id 30  pos  2749  spd   100  load  -24  12.1 V  28 C  err 0x00
>>> pos 30
id 30  pos  2753  spd   100  load  -24  12.1 V  28 C  err 0x00
>>> pos 30
id 30  pos  2756  spd   100  load  -24  12.1 V  28 C  err 0x00
>>> pos 30
id 30  pos  2759  spd   100  load  -24  12.1 V  28 C  err 0x00
>>> pos 30
id 30  pos  2762  spd   100  load  -32  12.0 V  28 C  err 0x00
>>> pos 30
id 30  pos  2766  spd   150  load  -20  12.1 V  28 C  err 0x00
>>> pos 30
id 30  pos  2769  spd   100  load  -24  12.0 V  28 C  err 0x00
>>> pos 30
id 30  pos  2772  spd   100  load  -32  12.0 V  28 C  err 0x00
>>> pos 30
id 30  pos  2775  spd   100  load  -32  12.0 V  28 C  err 0x00
>>> pos 30
id 30  pos  2779  spd   100  load  -24  12.1 V  28 C  err 0x00
>>> pos 30
id 30  pos  2782  spd   100  load  -32  12.1 V  28 C  err 0x00
>>> pos 30
id 30  pos  2785  spd   100  load  -32  12.1 V  28 C  err 0x00
>>> pos 30
id 30  pos  2789  spd   150  load  -20  12.0 V  28 C  err 0x00
>>> pos 30
id 30  pos  2792  spd   100  load  -24  12.1 V  28 C  err 0x00
>>> pos 30
id 30  pos  2796  spd   100  load  -24  12.1 V  28 C  err 0x00
>>> pos 30
id 30  pos  2799  spd   100  load  -24  12.1 V  28 C  err 0x00
>>> pos 30
id 30  pos  2802  spd   100  load  -24  12.1 V  28 C  err 0x00
>>> pos 30
id 30  pos  2805  spd    50  load  -36  12.1 V  28 C  err 0x00
>>> pos 30
id 30  pos  2809  spd   100  load  -24  12.0 V  28 C  err 0x00
>>> pos 30
id 30  pos  2811  spd    50  load  -36  12.0 V  28 C  err 0x00
>>> pos 30
id 30  pos  2815  spd   150  load  -28  12.1 V  28 C  err 0x00
>>> pos 30
id 30  pos  2818  spd   100  load  -32  12.1 V  28 C  err 0x00
>>> pos 30
id 30  pos  2822  spd   100  load  -24  12.1 V  28 C  err 0x00
>>> pos 30
id 30  pos  2825  spd   100  load  -32  12.1 V  28 C  err 0x00
>>> pos 30
id 30  pos  2829  spd   100  load  -24  12.1 V  28 C  err 0x00
>>> pos 30
id 30  pos  2832  spd   100  load  -24  12.0 V  28 C  err 0x00
>>> pos 30
id 30  pos  2835  spd   150  load  -28  12.0 V  28 C  err 0x00
>>> pos 30
id 30  pos  2839  spd   100  load  -24  12.1 V  28 C  err 0x00
>>> pos 30
id 30  pos  2842  spd   100  load  -24  12.0 V  28 C  err 0x00
>>> pos 30
id 30  pos  2845  spd   100  load  -24  12.1 V  28 C  err 0x00
>>> pos 30
id 30  pos  2849  spd   100  load  -24  12.1 V  28 C  err 0x00
>>> pos 30
id 30  pos  2852  spd   100  load  -24  12.1 V  28 C  err 0x00
>>> pos 30
id 30  pos  2855  spd    50  load  -28  12.0 V  28 C  err 0x00
>>> pos 30
id 30  pos  2858  spd   150  load  -28  12.1 V  28 C  err 0x00
>>> pos 30
id 30  pos  2861  spd    50  load  -36  12.0 V  28 C  err 0x00
>>> pos 30
id 30  pos  2865  spd   100  load  -24  12.1 V  28 C  err 0x00
>>> pos 30
id 30  pos  2868  spd   100  load  -32  12.0 V  28 C  err 0x00
>>> pos 30
id 30  pos  2872  spd   100  load  -24  12.1 V  28 C  err 0x00
>>> pos 30
id 30  pos  2875  spd   100  load  -24  12.1 V  28 C  err 0x00
>>> pos 30
id 30  pos  2878  spd    50  load  -36  12.1 V  28 C  err 0x00
>>> pos 30
id 30  pos  2881  spd   150  load  -28  12.1 V  28 C  err 0x00
>>> pos 30
id 30  pos  2884  spd   100  load  -32  12.1 V  28 C  err 0x00
>>> pos 30
id 30  pos  2888  spd   150  load  -20  12.1 V  28 C  err 0x00
>>> pos 30
id 30  pos  2892  spd   150  load  -20  12.1 V  28 C  err 0x00
>>> pos 30
id 30  pos  2895  spd   100  load  -24  12.1 V  28 C  err 0x00
>>> pos 30
id 30  pos  2898  spd   100  load  -24  12.1 V  28 C  err 0x00
>>> pos 30
id 30  pos  2901  spd    50  load  -36  12.0 V  28 C  err 0x00
>>> pos 30
id 30  pos  2904  spd    50  load  -36  12.0 V  28 C  err 0x00
>>> pos 30
id 30  pos  2908  spd   100  load  -24  12.1 V  28 C  err 0x00
>>> pos 30
id 30  pos  2911  spd   100  load  -32  12.1 V  28 C  err 0x00
>>> pos 30
id 30  pos  2915  spd    50  load  -28  12.0 V  28 C  err 0x00
>>> pos 30
id 30  pos  2918  spd   100  load  -24  12.0 V  28 C  err 0x00
>>> pos 30
id 30  pos  2922  spd   150  load  -20  12.1 V  28 C  err 0x00
>>> pos 30
id 30  pos  2924  spd   100  load  -32  12.1 V  28 C  err 0x00
>>> pos 30
id 30  pos  2928  spd   100  load  -24  12.1 V  28 C  err 0x00
>>> pos 30
id 30  pos  2931  spd    50  load  -36  12.0 V  28 C  err 0x00
>>> pos 30
id 30  pos  2935  spd   100  load  -24  12.0 V  28 C  err 0x00
>>> pos 30
id 30  pos  2938  spd   100  load  -24  12.1 V  28 C  err 0x00
>>> pos 30
id 30  pos  2941  spd   100  load  -24  12.1 V  28 C  err 0x00
>>> pos 30
id 30  pos  2944  spd   100  load  -32  12.1 V  28 C  err 0x00
>>> pos 30
id 30  pos  2948  spd   100  load  -24  12.1 V  28 C  err 0x00
>>> pos 30
id 30  pos  2951  spd   100  load  -24  12.1 V  28 C  err 0x00
>>> pos 30
id 30  pos  2954  spd    50  load  -36  12.1 V  28 C  err 0x00
>>> pos 30
id 30  pos  2958  spd   150  load  -20  12.1 V  28 C  err 0x00
>>> pos 30
id 30  pos  2961  spd    50  load  -28  12.0 V  28 C  err 0x00
>>> pos 30
id 30  pos  2965  spd   150  load  -20  12.1 V  28 C  err 0x00
>>> pos 30
id 30  pos  2967  spd    50  load  -36  12.1 V  28 C  err 0x00
>>> pos 30
id 30  pos  2971  spd   100  load  -24  12.1 V  28 C  err 0x00
>>> pos 30
id 30  pos  2974  spd    50  load  -36  12.0 V  28 C  err 0x00
>>> pos 30
id 30  pos  2977  spd   100  load  -32  12.1 V  28 C  err 0x00
>>> pos 30
id 30  pos  2980  spd   100  load  -32  12.1 V  28 C  err 0x00
>>> pos 30
id 30  pos  2984  spd   100  load  -32  12.1 V  28 C  err 0x00
>>> pos 30
id 30  pos  2987  spd   100  load  -32  12.1 V  28 C  err 0x00
>>> pos 30
id 30  pos  2991  spd   150  load  -20  12.1 V  28 C  err 0x00
>>> pos 30
id 30  pos  2994  spd   100  load  -24  12.0 V  28 C  err 0x00
>>> pos 30
id 30  pos  2997  spd   100  load  -32  12.0 V  28 C  err 0x00
>>> pos 30
id 30  pos  3000  spd   100  load  -32  12.1 V  28 C  err 0x00
>>> pos 30
id 30  pos  3003  spd   100  load  -32  12.0 V  28 C  err 0x00
>>> pos 30
id 30  pos  3007  spd   100  load  -32  12.1 V  28 C  err 0x00
>>> pos 30
id 30  pos  3010  spd   100  load  -32  12.1 V  28 C  err 0x00
>>> pos 30
id 30  pos  3014  spd   100  load  -24  12.1 V  28 C  err 0x00
>>> pos 30
id 30  pos  3017  spd    50  load  -36  12.0 V  28 C  err 0x00
>>> pos 30
id 30  pos  3021  spd   100  load  -24  12.0 V  28 C  err 0x00
>>> pos 30
id 30  pos  3023  spd    50  load  -36  12.0 V  28 C  err 0x00
>>> pos 30
id 30  pos  3027  spd   100  load  -32  12.0 V  28 C  err 0x00
>>> pos 30
id 30  pos  3030  spd   100  load  -32  12.0 V  28 C  err 0x00
>>> pos 30
id 30  pos  3034  spd   150  load  -20  12.1 V  28 C  err 0x00
>>> pos 30
id 30  pos  3037  spd   100  load  -24  12.1 V  28 C  err 0x00
>>> pos 30
id 30  pos  3040  spd    50  load  -36  12.0 V  28 C  err 0x00
>>> pos 30
id 30  pos  3044  spd   150  load  -20  12.1 V  28 C  err 0x00
>>> pos 30
id 30  pos  3046  spd   100  load  -32  12.0 V  28 C  err 0x00
>>> pos 30
id 30  pos  3050  spd   100  load  -32  12.1 V  28 C  err 0x00
>>> pos 30
id 30  pos  3053  spd    50  load  -36  12.0 V  28 C  err 0x00
>>> pos 30
id 30  pos  3057  spd   150  load  -20  12.0 V  28 C  err 0x00
>>> pos 30
id 30  pos  3060  spd    50  load  -36  12.1 V  28 C  err 0x00
>>> pos 30
id 30  pos  3064  spd   150  load  -20  12.0 V  28 C  err 0x00
>>> pos 30
id 30  pos  3066  spd    50  load  -36  12.0 V  28 C  err 0x00
>>> pos 30
id 30  pos  3070  spd   100  load  -32  12.0 V  28 C  err 0x00
>>> pos 30
id 30  pos  3073  spd   100  load  -32  12.0 V  28 C  err 0x00
>>> pos 30
id 30  pos  3077  spd   100  load  -24  12.1 V  28 C  err 0x00
>>> pos 30
id 30  pos  3080  spd   150  load  -28  12.0 V  28 C  err 0x00
>>> pos 30
id 30  pos  3083  spd   100  load  -32  12.0 V  28 C  err 0x00
>>> pos 30
id 30  pos  3086  spd    50  load  -36  12.1 V  28 C  err 0x00
>>> pos 30
id 30  pos  3090  spd   100  load  -24  12.0 V  28 C  err 0x00
>>> pos 30
id 30  pos  3092  spd   100  load  -40  12.1 V  28 C  err 0x00
>>> pos 30
id 30  pos  3096  spd   100  load  -32  12.0 V  28 C  err 0x00
>>> pos 30
id 30  pos  3100  spd   100  load  -24  12.1 V  28 C  err 0x00
>>> pos 30
id 30  pos  3103  spd   100  load  -32  12.0 V  28 C  err 0x00
>>> pos 30
id 30  pos  3106  spd   100  load  -32  12.1 V  28 C  err 0x00
>>> pos 30
id 30  pos  3109  spd   100  load  -32  12.0 V  28 C  err 0x00
>>> pos 30
id 30  pos  3113  spd   100  load  -32  12.0 V  28 C  err 0x00
>>> pos 30
id 30  pos  3116  spd   100  load  -32  12.1 V  28 C  err 0x00
>>> pos 30
id 30  pos  3119  spd   100  load  -32  12.1 V  28 C  err 0x00
>>> pos 30
id 30  pos  3122  spd   100  load  -40  12.1 V  28 C  err 0x00
>>> pos 30
id 30  pos  3126  spd   100  load  -32  12.1 V  28 C  err 0x00
>>> pos 30
id 30  pos  3129  spd   100  load  -32  12.1 V  28 C  err 0x00
>>> pos 30
id 30  pos  3133  spd   100  load  -32  12.1 V  28 C  err 0x00
>>> pos 30
id 30  pos  3136  spd   100  load  -32  12.0 V  28 C  err 0x00
>>> pos 30
id 30  pos  3139  spd   100  load  -32  12.1 V  28 C  err 0x00
>>> pos 30
id 30  pos  3142  spd   100  load  -32  12.1 V  28 C  err 0x00
>>> pos 30
id 30  pos  3146  spd   100  load  -32  12.0 V  28 C  err 0x00
>>> pos 30
id 30  pos  3149  spd   100  load  -32  12.0 V  28 C  err 0x00
>>> pos 30
id 30  pos  3153  spd   100  load  -24  12.0 V  28 C  err 0x00
>>> pos 30
id 30  pos  3156  spd   100  load  -32  12.1 V  28 C  err 0x00
>>> pos 30
id 30  pos  3159  spd   100  load  -32  12.0 V  28 C  err 0x00
>>> pos 30
id 30  pos  3162  spd   100  load  -32  12.1 V  28 C  err 0x00
>>> pos 30
id 30  pos  3165  spd   100  load  -40  12.1 V  28 C  err 0x00
>>> pos 30
id 30  pos  3169  spd   100  load  -32  12.1 V  28 C  err 0x00
>>> pos 30
id 30  pos  3172  spd   100  load  -32  12.0 V  28 C  err 0x00
>>> pos 30
id 30  pos  3176  spd   100  load  -32  12.1 V  28 C  err 0x00
>>> pos 30
id 30  pos  3179  spd   100  load  -32  12.1 V  28 C  err 0x00
>>> pos 30
id 30  pos  3182  spd   100  load  -32  12.1 V  28 C  err 0x00
>>> pos 30
id 30  pos  3185  spd   100  load  -32  12.1 V  28 C  err 0x00
>>> pos 30
id 30  pos  3188  spd   100  load  -40  12.1 V  28 C  err 0x00
>>> pos 30
id 30  pos  3192  spd    50  load  -36  12.1 V  28 C  err 0x00
>>> pos 30
id 30  pos  3195  spd   150  load  -28  12.0 V  28 C  err 0x00
>>> pos 30
id 30  pos  3199  spd   100  load  -32  12.1 V  28 C  err 0x00
>>> pos 30
id 30  pos  3202  spd   100  load  -32  12.1 V  28 C  err 0x00
>>> pos 30
id 30  pos  3205  spd   100  load  -32  12.0 V  28 C  err 0x00
>>> pos 30
id 30  pos  3208  spd   100  load  -40  12.1 V  28 C  err 0x00
>>> pos 30
id 30  pos  3212  spd   100  load  -32  12.1 V  28 C  err 0x00
>>> pos 30
id 30  pos  3215  spd    50  load  -36  12.0 V  28 C  err 0x00
>>> pos 30
id 30  pos  3218  spd   100  load  -40  12.1 V  28 C  err 0x00
>>> pos 30
id 30  pos  3222  spd   100  load  -32  12.1 V  28 C  err 0x00
>>> pos 30
id 30  pos  3225  spd   100  load  -32  12.0 V  28 C  err 0x00
>>> pos 30
id 30  pos  3228  spd   100  load  -40  12.0 V  28 C  err 0x00
>>> pos 30
id 30  pos  3232  spd   100  load  -32  12.1 V  28 C  err 0x00
>>> pos 30
id 30  pos  3235  spd   100  load  -32  12.0 V  28 C  err 0x00
>>> pos 30
id 30  pos  3238  spd   150  load  -28  12.1 V  28 C  err 0x00
>>> pos 30
id 30  pos  3241  spd   100  load  -40  12.1 V  28 C  err 0x00
>>> pos 30
id 30  pos  3245  spd   100  load  -32  12.1 V  28 C  err 0x00
>>> pos 30
id 30  pos  3248  spd   100  load  -32  12.1 V  28 C  err 0x00
>>> pos 30
id 30  pos  3252  spd   100  load  -32  12.0 V  28 C  err 0x00
>>> pos 30
id 30  pos  3255  spd   100  load  -32  12.1 V  28 C  err 0x00
>>> pos 30
id 30  pos  3258  spd   150  load  -28  12.1 V  28 C  err 0x00
>>> pos 30
id 30  pos  3261  spd    50  load  -44  12.1 V  28 C  err 0x00
>>> pos 30
id 30  pos  3264  spd    50  load  -44  12.1 V  28 C  err 0x00
>>> pos 30
id 30  pos  3268  spd   100  load  -32  12.1 V  28 C  err 0x00
>>> pos 30
id 30  pos  3271  spd   100  load  -40  12.1 V  28 C  err 0x00
>>> pos 30
id 30  pos  3275  spd   150  load  -28  12.0 V  28 C  err 0x00
>>> pos 30
id 30  pos  3278  spd   100  load  -32  12.1 V  28 C  err 0x00
>>> pos 30
id 30  pos  3281  spd   100  load  -40  12.1 V  28 C  err 0x00
>>> pos 30
id 30  pos  3284  spd   150  load  -36  12.1 V  28 C  err 0x00
>>> pos 30
id 30  pos  3287  spd    50  load  -44  12.1 V  28 C  err 0x00
>>> pos 30
id 30  pos  3291  spd   150  load  -28  12.1 V  28 C  err 0x00
>>> pos 30
id 30  pos  3294  spd    50  load  -44  12.1 V  28 C  err 0x00
>>> pos 30
id 30  pos  3298  spd   100  load  -32  12.1 V  28 C  err 0x00
>>> pos 30
id 30  pos  3301  spd    50  load  -36  12.1 V  28 C  err 0x00
>>> pos 30
id 30  pos  3304  spd   100  load  -40  12.0 V  28 C  err 0x00
>>> pos 30
id 30  pos  3307  spd    50  load  -44  12.0 V  28 C  err 0x00
>>> pos 30
id 30  pos  3311  spd   100  load  -32  12.0 V  28 C  err 0x00
>>> pos 30
id 30  pos  3314  spd   100  load  -40  12.1 V  28 C  err 0x00
>>> pos 30
id 30  pos  3317  spd   150  load  -36  12.1 V  28 C  err 0x00
>>> pos 30
id 30  pos  3321  spd   100  load  -32  12.1 V  28 C  err 0x00
>>> pos 30
id 30  pos  3324  spd   100  load  -40  12.1 V  28 C  err 0x00
>>> pos 30
id 30  pos  3327  spd   100  load  -40  12.1 V  28 C  err 0x00
>>> pos 30
id 30  pos  3331  spd   100  load  -32  12.0 V  28 C  err 0x00
>>> pos 30
id 30  pos  3333  spd    50  load  -44  12.0 V  28 C  err 0x00
>>> pos 30
id 30  pos  3338  spd   100  load  -32  12.1 V  28 C  err 0x00
>>> pos 30
id 30  pos  3340  spd   100  load  -40  12.1 V  28 C  err 0x00
>>> pos 30
id 30  pos  3344  spd   150  load  -28  12.0 V  28 C  err 0x00
>>> pos 30
id 30  pos  3347  spd   100  load  -40  12.1 V  28 C  err 0x00
>>> pos 30
id 30  pos  3351  spd   150  load  -28  12.1 V  28 C  err 0x00
>>> pos 30
id 30  pos  3353  spd   100  load  -40  12.1 V  28 C  err 0x00
>>> pos 30
id 30  pos  3357  spd   100  load  -40  12.1 V  28 C  err 0x00
>>> pos 30
id 30  pos  3360  spd   100  load  -40  12.0 V  28 C  err 0x00
>>> pos 30
id 30  pos  3363  spd    50  load  -44  12.1 V  28 C  err 0x00
>>> pos 30
id 30  pos  3367  spd   100  load  -40  12.0 V  27 C  err 0x00
>>> pos 30
id 30  pos  3370  spd    50  load  -44  12.1 V  28 C  err 0x00
>>> pos 30
id 30  pos  3374  spd   150  load  -28  12.1 V  28 C  err 0x00
>>> pos 30
id 30  pos  3376  spd    50  load  -52  12.1 V  28 C  err 0x00
>>> pos 30
id 30  pos  3380  spd   100  load  -40  12.1 V  28 C  err 0x00
>>> pos 30
id 30  pos  3383  spd   100  load  -40  12.1 V  28 C  err 0x00
>>> pos 30
id 30  pos  3387  spd   100  load  -32  12.0 V  28 C  err 0x00
>>> pos 30
id 30  pos  3390  spd   100  load  -40  12.1 V  28 C  err 0x00
>>> pos 30
id 30  pos  3393  spd   100  load  -40  12.1 V  28 C  err 0x00
>>> pos 30
id 30  pos  3396  spd   100  load  -40  12.1 V  28 C  err 0x00
>>> pos 30
id 30  pos  3400  spd   100  load  -40  12.1 V  28 C  err 0x00
>>> pos 30
id 30  pos  3403  spd   100  load  -40  12.0 V  28 C  err 0x00
>>> pos 30
id 30  pos  3406  spd   100  load  -40  12.1 V  28 C  err 0x00
>>> pos 30
id 30  pos  3410  spd   100  load  -40  12.1 V  28 C  err 0x00
>>> pos 30
id 30  pos  3413  spd   100  load  -40  12.0 V  28 C  err 0x00
>>> pos 30
id 30  pos  3417  spd   100  load  -32  12.0 V  28 C  err 0x00
>>> pos 30
id 30  pos  3420  spd   100  load  -40  12.1 V  28 C  err 0x00
>>> pos 30
id 30  pos  3423  spd   100  load  -40  12.0 V  28 C  err 0x00
>>> pos 30
id 30  pos  3426  spd   100  load  -40  12.1 V  28 C  err 0x00
>>> pos 30
id 30  pos  3430  spd   100  load  -40  12.1 V  28 C  err 0x00
>>> pos 30
id 30  pos  3433  spd   100  load  -40  12.0 V  28 C  err 0x00
>>> pos 30
id 30  pos  3436  spd   100  load  -40  12.0 V  28 C  err 0x00
>>> pos 30
id 30  pos  3439  spd   100  load  -40  12.1 V  28 C  err 0x00
>>> pos 30
id 30  pos  3443  spd   100  load  -40  12.1 V  28 C  err 0x00
>>> pos 30
id 30  pos  3446  spd   100  load  -40  12.1 V  28 C  err 0x00
>>> pos 30
id 30  pos  3449  spd   150  load  -36  12.0 V  28 C  err 0x00
>>> pos 30
id 30  pos  3452  spd   100  load  -48  12.0 V  28 C  err 0x00
>>> pos 30
id 30  pos  3456  spd   100  load  -40  12.1 V  28 C  err 0x00
>>> pos 30
id 30  pos  3459  spd   100  load  -40  12.1 V  28 C  err 0x00
>>> pos 30
id 30  pos  3462  spd   100  load  -48  12.1 V  28 C  err 0x00
>>> pos 30
id 30  pos  3466  spd   100  load  -40  12.0 V  28 C  err 0x00
>>> pos 30
id 30  pos  3469  spd   100  load  -40  12.1 V  28 C  err 0x00
>>> pos 30
id 30  pos  3472  spd    50  load  -52  12.1 V  28 C  err 0x00
>>> pos 30
id 30  pos  3475  spd    50  load  -52  12.0 V  28 C  err 0x00
>>> pos 30
id 30  pos  3479  spd   100  load  -40  12.0 V  28 C  err 0x00
>>> pos 30
id 30  pos  3482  spd   100  load  -48  12.1 V  28 C  err 0x00
>>> pos 30
id 30  pos  3484  spd   100  load  -56  12.0 V  28 C  err 0x00
>>> pos 30
id 30  pos  3488  spd   100  load  -48  12.1 V  28 C  err 0x00
>>> pos 30
id 30  pos  3493  spd   150  load  -28  12.0 V  28 C  err 0x00
>>> pos 30
id 30  pos  3496  spd   100  load  -40  12.1 V  28 C  err 0x00
>>> pos 30
id 30  pos  3498  spd    50  load  -52  12.1 V  28 C  err 0x00
>>> pos 30
id 30  pos  3501  spd   100  load  -48  12.0 V  28 C  err 0x00
>>> pos 30
id 30  pos  3506  spd   150  load  -36  12.1 V  28 C  err 0x00
>>> pos 30
id 30  pos  3508  spd   100  load  -48  12.1 V  28 C  err 0x00
>>> pos 30
id 30  pos  3511  spd    50  load  -52  12.1 V  28 C  err 0x00
>>> pos 30
id 30  pos  3515  spd   150  load  -44  12.1 V  28 C  err 0x00
>>> pos 30
id 30  pos  3518  spd   100  load  -48  12.1 V  28 C  err 0x00
>>> pos 30
id 30  pos  3521  spd   100  load  -48  12.0 V  28 C  err 0x00
>>> pos 30
id 30  pos  3525  spd   100  load  -48  12.0 V  28 C  err 0x00
>>> pos 30
id 30  pos  3528  spd    50  load  -52  12.1 V  28 C  err 0x00
>>> pos 30
id 30  pos  3532  spd   150  load  -36  12.0 V  28 C  err 0x00
>>> pos 30
id 30  pos  3534  spd   100  load  -48  12.0 V  28 C  err 0x00
>>> pos 30
id 30  pos  3538  spd   100  load  -48  12.1 V  28 C  err 0x00
>>> pos 30
id 30  pos  3542  spd   100  load  -40  12.1 V  28 C  err 0x00
>>> pos 30
id 30  pos  3545  spd   100  load  -40  12.0 V  28 C  err 0x00
>>> pos 30
id 30  pos  3548  spd   100  load  -48  12.1 V  28 C  err 0x00
>>> pos 30
id 30  pos  3551  spd   100  load  -48  12.1 V  28 C  err 0x00
>>> pos 30
id 30  pos  3554  spd   100  load  -48  12.1 V  28 C  err 0x00
>>> pos 30
id 30  pos  3558  spd   100  load  -48  12.1 V  28 C  err 0x00
>>> pos 30
id 30  pos  3561  spd   100  load  -48  12.1 V  28 C  err 0x00
>>> pos 30
id 30  pos  3564  spd   100  load  -48  12.1 V  28 C  err 0x00
>>> pos 30
id 30  pos  3567  spd   100  load  -56  12.1 V  28 C  err 0x00
>>> pos 30
id 30  pos  3571  spd   100  load  -48  12.0 V  27 C  err 0x00
>>> pos 30
id 30  pos  3574  spd    50  load  -52  12.0 V  28 C  err 0x00
>>> pos 30
id 30  pos  3578  spd   150  load  -44  12.1 V  28 C  err 0x00
>>> pos 30
id 30  pos  3580  spd   100  load  -56  12.0 V  28 C  err 0x00
>>> pos 30
id 30  pos  3584  spd   150  load  -44  12.1 V  28 C  err 0x00
>>> pos 30
id 30  pos  3587  spd   100  load  -48  12.0 V  28 C  err 0x00
>>> pos 30
id 30  pos  3591  spd   150  load  -44  12.1 V  28 C  err 0x00
>>> pos 30
id 30  pos  3594  spd   100  load  -48  12.1 V  28 C  err 0x00
>>> pos 30
id 30  pos  3597  spd    50  load  -52  12.1 V  28 C  err 0x00
>>> pos 30
id 30  pos  3600  spd   100  load  -56  12.1 V  28 C  err 0x00
>>> pos 30
id 30  pos  3603  spd   100  load  -56  12.1 V  28 C  err 0x00
>>> pos 30
id 30  pos  3607  spd   150  load  -44  12.1 V  28 C  err 0x00
>>> pos 30
id 30  pos  3610  spd    50  load  -60  12.1 V  28 C  err 0x00
>>> pos 30
id 30  pos  3613  spd   100  load  -56  12.0 V  28 C  err 0x00
>>> pos 30
id 30  pos  3614  spd    50  load  -76  12.1 V  28 C  err 0x00
>>> pos 30
id 30  pos  3615  spd    50  load -100  12.0 V  28 C  err 0x00
>>> pos 30
id 30  pos  3616  spd    50  load -116  12.0 V  28 C  err 0x00
>>> pos 30
id 30  pos  3618  spd    50  load -124  12.1 V  28 C  err 0x00
>>> pos 30
id 30  pos  3618  spd     0  load -160  12.0 V  28 C  err 0x00
>>> pos 30
id 30  pos  3620  spd    50  load -164  12.1 V  28 C  err 0x00
>>> pos 30
id 30  pos  3622  spd    50  load -172  12.0 V  28 C  err 0x00
>>> pos 30
id 30  pos  3622  spd     0  load -200  11.9 V  28 C  err 0x00
>>> pos 30
id 30  pos  3622  spd     0  load -232  11.9 V  28 C  err 0x00
>>> pos 30
id 30  pos  3626  spd   100  load -216  11.9 V  28 C  err 0x00
>>> pos 30
id 30  pos  3628  spd    50  load -228  12.0 V  28 C  err 0x00
>>> pos 30
id 30  pos  3628  spd     0  load -264  11.9 V  28 C  err 0x00
>>> pos 30
id 30  pos  3629  spd    50  load -276  11.9 V  28 C  err 0x00
>>> pos 30
id 30  pos  3631  spd    50  load -284  11.9 V  28 C  err 0x00
>>> pos 30
id 30  pos  3632  spd   100  load -292  11.8 V  28 C  err 0x00
>>> pos 30
id 30  pos  3633  spd     0  load -308  11.8 V  28 C  err 0x00
>>> pos 30
id 30  pos  3633  spd     0  load -324  11.8 V  28 C  err 0x00
>>> pos 30
id 30  pos  3633  spd     0  load -352  11.8 V  28 C  err 0x00
>>> pos 30
id 30  pos  3633  spd     0  load -356  11.8 V  28 C  err 0x00
>>> pos 30
id 30  pos  3633  spd     0  load -372  11.8 V  28 C  err 0x00
>>> pos 30
id 30  pos  3633  spd     0  load -388  11.8 V  28 C  err 0x00
>>> pos 30
id 30  pos  3638  spd   150  load -344  11.9 V  28 C  err 0x00
>>> pos 30
id 30  pos  3644  spd   150  load -312  11.9 V  28 C  err 0x00
>>> pos 30
id 30  pos  3647  spd   150  load -296  11.9 V  28 C  err 0x00
>>> pos 30
id 30  pos  3649  spd    50  load -284  11.9 V  28 C  err 0x00
>>> pos 30
id 30  pos  3649  spd     0  load -288  11.8 V  28 C  err 0x00
>>> pos 30
id 30  pos  3649  spd     0  load -288  11.9 V  28 C  err 0x00
>>> pos 30
id 30  pos  3649  spd     0  load -288  11.8 V  28 C  err 0x00
>>> pos 30
id 30  pos  3649  spd     0  load -288  11.8 V  28 C  err 0x00
>>> pos 30
id 30  pos  3650  spd    50  load -276  11.9 V  28 C  err 0x00
>>> pos 30
id 30  pos  3650  spd     0  load -280  11.8 V  28 C  err 0x00
>>> pos 30
id 30  pos  3650  spd     0  load -280  11.8 V  28 C  err 0x00
>>> pos 30
id 30  pos  3650  spd     0  load -280  11.8 V  28 C  err 0x00
>>> pos 30
id 30  pos  3650  spd     0  load -280  11.9 V  28 C  err 0x00
>>> pos 30
id 30  pos  3650  spd     0  load -280  11.9 V  28 C  err 0x00
>>> pos 30
id 30  pos  3650  spd     0  load -280  11.9 V  28 C  err 0x00
>>> pos 30
id 30  pos  3650  spd     0  load -280  11.9 V  28 C  err 0x00
>>> pos 30
id 30  pos  3650  spd     0  load -280  11.9 V  28 C  err 0x00
>>> pos 30
id 30  pos  3650  spd     0  load -280  11.8 V  28 C  err 0x00
>>> pos 30
id 30  pos  3650  spd     0  load -280  11.8 V  28 C  err 0x00
>>> pos 30
id 30  pos  3650  spd     0  load -280  11.9 V  28 C  err 0x00
>>> pos 30
id 30  pos  3650  spd     0  load -280  11.9 V  28 C  err 0x00
>>> pos 30
id 30  pos  3650  spd     0  load -280  11.9 V  28 C  err 0x00
>>> pos 30
id 30  pos  3650  spd     0  load -280  11.8 V  28 C  err 0x00
>>> pos 30
id 30  pos  3650  spd     0  load -280  11.8 V  28 C  err 0x00
>>> pos 30
id 30  pos  3650  spd     0  load -280  11.9 V  28 C  err 0x00
>>> pos 30
id 30  pos  3650  spd     0  load -280  11.8 V  28 C  err 0x00
>>> pos 30
id 30  pos  3650  spd     0  load -280  11.9 V  28 C  err 0x00
>>> pos 30
id 30  pos  3650  spd     0  load -280  11.8 V  28 C  err 0x00
>>> pos 30
id 30  pos  3650  spd     0  load -280  11.9 V  28 C  err 0x00
>>> pos 30
id 30  pos  3650  spd     0  load -280  11.9 V  28 C  err 0x00
>>> pos 30
id 30  pos  3650  spd     0  load -280  11.9 V  28 C  err 0x00
>>> pos 30
id 30  pos  3650  spd     0  load -280  11.9 V  28 C  err 0x00
>>> pos 30
id 30  pos  3650  spd     0  load -280  11.9 V  28 C  err 0x00
>>> pos 30
id 30  pos  3650  spd     0  load -280  11.9 V  28 C  err 0x00
>>> pos 30
id 30  pos  3650  spd     0  load -280  11.8 V  28 C  err 0x00
>>> pos 30
id 30  pos  3650  spd     0  load -280  11.9 V  28 C  err 0x00
>>> pos 30
id 30  pos  3650  spd     0  load -280  11.8 V  28 C  err 0x00
>>> pos 30
id 30  pos  3650  spd     0  load -280  11.8 V  28 C  err 0x00
>>> pos 30
id 30  pos  3650  spd     0  load -280  11.9 V  28 C  err 0x00
>>> pos 30
id 30  pos  3650  spd     0  load -280  11.9 V  28 C  err 0x00
>>> pos 30
id 30  pos  3650  spd     0  load -280  11.8 V  28 C  err 0x00
>>> pos 30
id 30  pos  3650  spd     0  load -280  11.8 V  28 C  err 0x00
>>> pos 30
id 30  pos  3650  spd     0  load -280  11.9 V  28 C  err 0x00
>>> pos 30
id 30  pos  3650  spd     0  load -280  11.8 V  28 C  err 0x00
>>> pos 30
id 30  pos  3650  spd     0  load -280  11.8 V  28 C  err 0x00
>>> pos 30
id 30  pos  3650  spd     0  load -280  11.9 V  28 C  err 0x00
>>> pos 30
id 30  pos  3650  spd     0  load -280  11.8 V  28 C  err 0x00
>>> pos 30
id 30  pos  3650  spd     0  load -280  11.8 V  28 C  err 0x00
>>> pos 30
id 30  pos  3650  spd     0  load -280  11.9 V  28 C  err 0x00
>>> pos 30
id 30  pos  3650  spd     0  load -280  11.8 V  28 C  err 0x00
>>> pos 30
id 30  pos  3650  spd     0  load -280  11.9 V  28 C  err 0x00
>>> pos 30
id 30  pos  3650  spd     0  load -280  11.8 V  28 C  err 0x00
>>> pos 30
id 30  pos  3650  spd     0  load -280  11.9 V  28 C  err 0x00
>>> pos 30
id 30  pos  3650  spd     0  load -280  11.9 V  28 C  err 0x00
>>> pos 30
id 30  pos  3650  spd     0  load -280  11.9 V  28 C  err 0x00
>>> pos 30
id 30  pos  3650  spd     0  load -280  11.8 V  28 C  err 0x00
>>> pos 30
id 30  pos  3650  spd     0  load -280  11.9 V  28 C  err 0x00
>>> pos 30
id 30  pos  3650  spd     0  load -280  11.9 V  28 C  err 0x00
>>> pos 30
id 30  pos  3650  spd     0  load -280  11.8 V  28 C  err 0x00
>>> pos 30
id 30  pos  3650  spd     0  load -280  11.8 V  28 C  err 0x00
>>> pos 30
id 30  pos  3650  spd     0  load -280  11.9 V  28 C  err 0x00
>>> pos 30
id 30  pos  3650  spd     0  load -280  11.9 V  28 C  err 0x00
>>> pos 30
id 30  pos  3650  spd     0  load -280  11.9 V  28 C  err 0x00
>>> pos 30
id 30  pos  3650  spd     0  load -280  11.9 V  28 C  err 0x00
>>> pos 30
id 30  pos  3650  spd     0  load -280  11.9 V  28 C  err 0x00
>>> pos 30
id 30  pos  3650  spd     0  load -280  11.8 V  28 C  err 0x00
>>> pos 30
id 30  pos  3650  spd     0  load -280  11.9 V  28 C  err 0x00
>>> pos 30
id 30  pos  3650  spd     0  load -280  11.9 V  28 C  err 0x00
>>> pos 30
id 30  pos  3650  spd     0  load -280  11.9 V  28 C  err 0x00
>>> pos 30
id 30  pos  3650  spd     0  load -280  11.8 V  28 C  err 0x00
>>> pos 30
id 30  pos  3650  spd     0  load -280  11.9 V  28 C  err 0x00
>>> pos 30
id 30  pos  3650  spd     0  load -280  11.8 V  28 C  err 0x00
>>> pos 30
id 30  pos  3650  spd     0  load -280  11.9 V  28 C  err 0x00
>>> pos 30
id 30  pos  3650  spd     0  load -280  11.8 V  28 C  err 0x00
>>> pos 30
id 30  pos  3650  spd     0  load -280  11.8 V  28 C  err 0x00
>>> pos 30
id 30  pos  3650  spd     0  load -280  11.8 V  28 C  err 0x00
>>> pos 30
id 30  pos  3650  spd     0  load -280  11.9 V  28 C  err 0x00
>>> pos 30
id 30  pos  3650  spd     0  load -280  11.9 V  28 C  err 0x00
>>> pos 30
id 30  pos  3650  spd     0  load -280  11.9 V  28 C  err 0x00
>>> pos 30
id 30  pos  3650  spd     0  load -280  11.9 V  28 C  err 0x00
>>> pos 30
id 30  pos  3650  spd     0  load -280  11.9 V  28 C  err 0x00
>>> pos 30
id 30  pos  3650  spd     0  load -280  11.8 V  28 C  err 0x00
>>> pos 30
id 30  pos  3650  spd     0  load -280  11.9 V  28 C  err 0x00
>>> pos 30
id 30  pos  3650  spd     0  load -280  11.9 V  28 C  err 0x00
>>> pos 30
id 30  pos  3650  spd     0  load -280  11.9 V  28 C  err 0x00
>>> pos 30
id 30  pos  3650  spd     0  load -280  11.8 V  28 C  err 0x00
>>> pos 30
id 30  pos  3650  spd     0  load -280  11.9 V  28 C  err 0x00
>>> pos 30
id 30  pos  3650  spd     0  load -280  11.9 V  28 C  err 0x00
>>> pos 30
id 30  pos  3650  spd     0  load -280  11.8 V  28 C  err 0x00
>>> pos 30
id 30  pos  3650  spd     0  load -280  11.9 V  28 C  err 0x00
>>> pos 30
id 30  pos  3650  spd     0  load -280  11.9 V  28 C  err 0x00
>>> pos 30
id 30  pos  3650  spd     0  load -280  11.9 V  28 C  err 0x00
>>> pos 30
id 30  pos  3650  spd     0  load -280  11.8 V  28 C  err 0x00
>>> pos 30
id 30  pos  3650  spd     0  load -280  11.8 V  28 C  err 0x00
>>> pos 30
id 30  pos  3650  spd     0  load -280  11.9 V  28 C  err 0x00
>>> pos 30
id 30  pos  3650  spd     0  load -280  11.9 V  28 C  err 0x00
>>> pos 30
id 30  pos  3650  spd     0  load -280  11.9 V  28 C  err 0x00
>>> pos 30
id 30  pos  3650  spd     0  load -280  11.9 V  28 C  err 0x00
>>> pos 30
id 30  pos  3650  spd     0  load -280  11.9 V  28 C  err 0x00
>>> pos 30
id 30  pos  3650  spd     0  load -280  11.9 V  28 C  err 0x00
>>> pos 30
id 30  pos  3650  spd     0  load -280  11.9 V  28 C  err 0x00
  travel 2497->3684: spd 98 (sd 27, 50..150), backward samples 0/355, load -388..76, end overshoot 0, residual range 0, err 0
>>> pos 30
id 30  pos  3650  spd     0  load -280  11.9 V  28 C  err 0x00
>>> pos 30
id 30  pos  3650  spd     0  load -280  11.9 V  28 C  err 0x00
>>> release 30
release 30: ok
>>> pos 30
id 30  pos  3619  spd     0  load    0  12.1 V  28 C  err 0x00
  released hanging: pos 3619
>>> pos 30
id 30  pos  3619  spd     0  load    0  12.0 V  28 C  err 0x00
>>> reg 30 40 1
id 30 reg 40 = 0 (0x00)

NEXT MOTION: torque on at 3619 and lower the arm to hanging (3684) at 100 steps/s, then release it there
  type go:
!! STOPPED: KeyboardInterrupt()
# 2026-10-02T10:02:27 hold_clamp.py id 30 LEVEL 2507 DOWN 3531 A 23 ladder [(32, 32), (96, 32), (128, 32), (160, 32)]
>>> pos 30
id 30  pos  3531  spd     0  load    0  12.1 V  30 C  err 0x00
>>> reg 30 40 1
id 30 reg 40 = 0 (0x00)
  start: pos 3531 (hanging)

Arm hangs released. Put the CLAMP ON near the 100 mm notch (rigid, as before); press enter when it is on
< 'weights on (v3 fork, 2x16 washers)'

== P 32 D 32
>>> gains 30
id 30  P 32  D 32  I 0   expected (no row in servo_gains.h)
  gains 32/32: ok (already)

NEXT MOTION: P 32: torque on hanging down; quiet hold + 4 smooth 2-deg moves; raise to straight out; quiet hold + 2 slow probes + 4 smooth 2-deg moves; lower and release
  type go:
< 'go'
>>> pos 30
id 30  pos  3531  spd     0  load    0  12.0 V  30 C  err 0x00
>>> torque 30
torque 30: ok
>>> pos 30
id 30  pos  3531  spd     0  load    0  12.0 V  30 C  err 0x00
>>> pos 30
id 30  pos  3531  spd     0  load    0  12.1 V  30 C  err 0x00
>>> move 30 3531 0 100 2
move id 30 -> 3531 ticks, 0 ms, spd 100, acc 2: ok
>>> pos 30
id 30  pos  3531  spd     0  load    0  12.0 V  30 C  err 0x00
>>> pos 30
id 30  pos  3531  spd     0  load    0  12.1 V  30 C  err 0x00
>>> pos 30
id 30  pos  3531  spd     0  load    0  12.1 V  30 C  err 0x00
>>> pos 30
id 30  pos  3531  spd     0  load    0  12.0 V  30 C  err 0x00
>>> pos 30
id 30  pos  3531  spd     0  load    0  12.0 V  30 C  err 0x00
>>> pos 30
id 30  pos  3531  spd     0  load    0  12.0 V  30 C  err 0x00
>>> pos 30
id 30  pos  3531  spd     0  load    0  12.0 V  30 C  err 0x00
>>> pos 30
id 30  pos  3531  spd     0  load    0  12.0 V  30 C  err 0x00
>>> pos 30
id 30  pos  3531  spd     0  load    0  12.0 V  30 C  err 0x00
>>> pos 30
id 30  pos  3531  spd     0  load    0  12.1 V  30 C  err 0x00
>>> pos 30
id 30  pos  3531  spd     0  load    0  12.0 V  30 C  err 0x00
>>> pos 30
id 30  pos  3531  spd     0  load    0  12.1 V  30 C  err 0x00
>>> pos 30
id 30  pos  3531  spd     0  load    0  12.0 V  30 C  err 0x00
>>> pos 30
id 30  pos  3531  spd     0  load    0  12.1 V  30 C  err 0x00
>>> pos 30
id 30  pos  3531  spd     0  load    0  12.1 V  30 C  err 0x00
>>> pos 30
id 30  pos  3531  spd     0  load    0  12.0 V  30 C  err 0x00
>>> pos 30
id 30  pos  3531  spd     0  load    0  12.1 V  30 C  err 0x00
>>> pos 30
id 30  pos  3531  spd     0  load    0  12.0 V  30 C  err 0x00
>>> pos 30
id 30  pos  3531  spd     0  load    0  12.1 V  30 C  err 0x00
>>> pos 30
id 30  pos  3531  spd     0  load    0  12.1 V  30 C  err 0x00
>>> pos 30
id 30  pos  3531  spd     0  load    0  12.0 V  30 C  err 0x00
>>> pos 30
id 30  pos  3531  spd     0  load    0  12.1 V  30 C  err 0x00
>>> pos 30
id 30  pos  3531  spd     0  load    0  12.1 V  30 C  err 0x00
>>> pos 30
id 30  pos  3531  spd     0  load    0  12.0 V  30 C  err 0x00
>>> pos 30
id 30  pos  3531  spd     0  load    0  12.1 V  30 C  err 0x00
>>> pos 30
id 30  pos  3531  spd     0  load    0  12.0 V  30 C  err 0x00
>>> pos 30
id 30  pos  3531  spd     0  load    0  12.1 V  30 C  err 0x00
>>> pos 30
id 30  pos  3531  spd     0  load    0  12.1 V  30 C  err 0x00
>>> pos 30
id 30  pos  3531  spd     0  load    0  12.0 V  30 C  err 0x00
>>> pos 30
id 30  pos  3531  spd     0  load    0  12.1 V  30 C  err 0x00
>>> pos 30
id 30  pos  3531  spd     0  load    0  12.1 V  30 C  err 0x00
>>> pos 30
id 30  pos  3531  spd     0  load    0  12.0 V  30 C  err 0x00
>>> pos 30
id 30  pos  3531  spd     0  load    0  12.0 V  30 C  err 0x00
>>> pos 30
id 30  pos  3531  spd     0  load    0  12.0 V  30 C  err 0x00
>>> pos 30
id 30  pos  3531  spd     0  load    0  12.1 V  30 C  err 0x00
>>> pos 30
id 30  pos  3531  spd     0  load    0  12.0 V  30 C  err 0x00
>>> pos 30
id 30  pos  3531  spd     0  load    0  12.0 V  30 C  err 0x00
>>> pos 30
id 30  pos  3531  spd     0  load    0  12.1 V  30 C  err 0x00
>>> pos 30
id 30  pos  3531  spd     0  load    0  12.1 V  30 C  err 0x00
>>> pos 30
id 30  pos  3531  spd     0  load    0  12.0 V  30 C  err 0x00
>>> pos 30
id 30  pos  3531  spd     0  load    0  12.1 V  30 C  err 0x00
>>> pos 30
id 30  pos  3531  spd     0  load    0  12.0 V  30 C  err 0x00
>>> pos 30
id 30  pos  3531  spd     0  load    0  12.1 V  30 C  err 0x00
>>> pos 30
id 30  pos  3531  spd     0  load    0  12.1 V  30 C  err 0x00
>>> pos 30
id 30  pos  3531  spd     0  load    0  12.1 V  30 C  err 0x00
>>> pos 30
id 30  pos  3531  spd     0  load    0  12.1 V  30 C  err 0x00
>>> pos 30
id 30  pos  3531  spd     0  load    0  12.1 V  30 C  err 0x00
>>> pos 30
id 30  pos  3531  spd     0  load    0  12.1 V  30 C  err 0x00
>>> pos 30
id 30  pos  3531  spd     0  load    0  12.1 V  30 C  err 0x00
>>> pos 30
id 30  pos  3531  spd     0  load    0  12.1 V  30 C  err 0x00
>>> pos 30
id 30  pos  3531  spd     0  load    0  12.1 V  30 C  err 0x00
>>> pos 30
id 30  pos  3531  spd     0  load    0  12.0 V  30 C  err 0x00
>>> pos 30
id 30  pos  3531  spd     0  load    0  12.0 V  30 C  err 0x00
>>> pos 30
id 30  pos  3531  spd     0  load    0  12.0 V  30 C  err 0x00
>>> pos 30
id 30  pos  3531  spd     0  load    0  12.0 V  30 C  err 0x00
>>> pos 30
id 30  pos  3531  spd     0  load    0  12.1 V  30 C  err 0x00
>>> pos 30
id 30  pos  3531  spd     0  load    0  12.0 V  30 C  err 0x00
>>> pos 30
id 30  pos  3531  spd     0  load    0  12.1 V  30 C  err 0x00
>>> pos 30
id 30  pos  3531  spd     0  load    0  12.1 V  30 C  err 0x00
>>> pos 30
id 30  pos  3531  spd     0  load    0  12.1 V  30 C  err 0x00
>>> pos 30
id 30  pos  3531  spd     0  load    0  12.1 V  30 C  err 0x00
>>> pos 30
id 30  pos  3531  spd     0  load    0  12.1 V  30 C  err 0x00
>>> pos 30
id 30  pos  3531  spd     0  load    0  12.1 V  30 C  err 0x00
>>> pos 30
id 30  pos  3531  spd     0  load    0  12.1 V  30 C  err 0x00
>>> pos 30
id 30  pos  3531  spd     0  load    0  12.1 V  30 C  err 0x00
>>> pos 30
id 30  pos  3531  spd     0  load    0  12.0 V  30 C  err 0x00
>>> pos 30
id 30  pos  3531  spd     0  load    0  12.1 V  30 C  err 0x00
>>> pos 30
id 30  pos  3531  spd     0  load    0  12.1 V  30 C  err 0x00
>>> pos 30
id 30  pos  3531  spd     0  load    0  12.1 V  30 C  err 0x00
>>> pos 30
id 30  pos  3531  spd     0  load    0  12.1 V  30 C  err 0x00
>>> pos 30
id 30  pos  3531  spd     0  load    0  12.1 V  30 C  err 0x00
>>> pos 30
id 30  pos  3531  spd     0  load    0  12.0 V  30 C  err 0x00
>>> pos 30
id 30  pos  3531  spd     0  load    0  12.1 V  30 C  err 0x00
>>> pos 30
id 30  pos  3531  spd     0  load    0  12.0 V  30 C  err 0x00
>>> pos 30
id 30  pos  3531  spd     0  load    0  12.1 V  30 C  err 0x00
>>> pos 30
id 30  pos  3531  spd     0  load    0  12.1 V  30 C  err 0x00
>>> pos 30
id 30  pos  3531  spd     0  load    0  12.1 V  30 C  err 0x00
>>> pos 30
id 30  pos  3531  spd     0  load    0  12.1 V  30 C  err 0x00
>>> pos 30
id 30  pos  3531  spd     0  load    0  12.0 V  30 C  err 0x00
>>> pos 30
id 30  pos  3531  spd     0  load    0  12.1 V  30 C  err 0x00
>>> pos 30
id 30  pos  3531  spd     0  load    0  12.1 V  30 C  err 0x00
>>> pos 30
id 30  pos  3531  spd     0  load    0  12.1 V  30 C  err 0x00
>>> pos 30
id 30  pos  3531  spd     0  load    0  12.1 V  30 C  err 0x00
>>> pos 30
id 30  pos  3531  spd     0  load    0  12.0 V  30 C  err 0x00
>>> pos 30
id 30  pos  3531  spd     0  load    0  12.0 V  30 C  err 0x00
>>> pos 30
id 30  pos  3531  spd     0  load    0  12.1 V  30 C  err 0x00
>>> pos 30
id 30  pos  3531  spd     0  load    0  12.1 V  30 C  err 0x00
>>> pos 30
id 30  pos  3531  spd     0  load    0  12.1 V  30 C  err 0x00
>>> pos 30
id 30  pos  3531  spd     0  load    0  12.0 V  30 C  err 0x00
>>> pos 30
id 30  pos  3531  spd     0  load    0  12.0 V  30 C  err 0x00
>>> pos 30
id 30  pos  3531  spd     0  load    0  12.1 V  30 C  err 0x00
>>> pos 30
id 30  pos  3531  spd     0  load    0  12.1 V  30 C  err 0x00
>>> pos 30
id 30  pos  3531  spd     0  load    0  12.1 V  30 C  err 0x00
>>> pos 30
id 30  pos  3531  spd     0  load    0  12.1 V  30 C  err 0x00
>>> pos 30
id 30  pos  3531  spd     0  load    0  12.1 V  30 C  err 0x00
>>> pos 30
id 30  pos  3531  spd     0  load    0  12.1 V  30 C  err 0x00
>>> pos 30
id 30  pos  3531  spd     0  load    0  12.0 V  30 C  err 0x00
>>> pos 30
id 30  pos  3531  spd     0  load    0  12.1 V  30 C  err 0x00
>>> pos 30
id 30  pos  3531  spd     0  load    0  12.1 V  30 C  err 0x00
>>> pos 30
id 30  pos  3531  spd     0  load    0  12.1 V  30 C  err 0x00
>>> pos 30
id 30  pos  3531  spd     0  load    0  12.1 V  30 C  err 0x00
>>> pos 30
id 30  pos  3531  spd     0  load    0  12.1 V  30 C  err 0x00
>>> pos 30
id 30  pos  3531  spd     0  load    0  12.1 V  30 C  err 0x00
>>> pos 30
id 30  pos  3531  spd     0  load    0  12.1 V  30 C  err 0x00
>>> pos 30
id 30  pos  3531  spd     0  load    0  12.1 V  30 C  err 0x00
>>> pos 30
id 30  pos  3531  spd     0  load    0  12.0 V  30 C  err 0x00
>>> pos 30
id 30  pos  3531  spd     0  load    0  12.0 V  30 C  err 0x00
  travel 3531->3531: spd 0 (sd 0, 0..0), backward samples 0/0, load 0..0, end overshoot 0, residual range 0, err 0
>>> pos 30
id 30  pos  3531  spd     0  load    0  12.0 V  30 C  err 0x00
>>> pos 30
id 30  pos  3531  spd     0  load    0  12.1 V  30 C  err 0x00
>>> pos 30
id 30  pos  3531  spd     0  load    0  12.1 V  30 C  err 0x00
>>> pos 30
id 30  pos  3531  spd     0  load    0  12.1 V  30 C  err 0x00
>>> pos 30
id 30  pos  3531  spd     0  load    0  12.0 V  30 C  err 0x00
>>> pos 30
id 30  pos  3531  spd     0  load    0  12.1 V  30 C  err 0x00
>>> pos 30
id 30  pos  3531  spd     0  load    0  12.1 V  30 C  err 0x00
>>> pos 30
id 30  pos  3531  spd     0  load    0  12.0 V  30 C  err 0x00
>>> pos 30
id 30  pos  3531  spd     0  load    0  12.1 V  30 C  err 0x00
>>> pos 30
id 30  pos  3531  spd     0  load    0  12.0 V  30 C  err 0x00
>>> pos 30
id 30  pos  3531  spd     0  load    0  12.1 V  30 C  err 0x00
>>> pos 30
id 30  pos  3531  spd     0  load    0  12.0 V  30 C  err 0x00
>>> pos 30
id 30  pos  3531  spd     0  load    0  12.1 V  30 C  err 0x00
>>> pos 30
id 30  pos  3531  spd     0  load    0  12.0 V  30 C  err 0x00
>>> pos 30
id 30  pos  3531  spd     0  load    0  12.0 V  30 C  err 0x00
>>> pos 30
id 30  pos  3531  spd     0  load    0  12.1 V  30 C  err 0x00
>>> pos 30
id 30  pos  3531  spd     0  load    0  12.0 V  30 C  err 0x00
>>> pos 30
id 30  pos  3531  spd     0  load    0  12.1 V  30 C  err 0x00
>>> pos 30
id 30  pos  3531  spd     0  load    0  12.0 V  30 C  err 0x00
>>> pos 30
id 30  pos  3531  spd     0  load    0  12.1 V  30 C  err 0x00
>>> pos 30
id 30  pos  3531  spd     0  load    0  12.0 V  30 C  err 0x00
>>> pos 30
id 30  pos  3531  spd     0  load    0  12.1 V  30 C  err 0x00
>>> pos 30
id 30  pos  3531  spd     0  load    0  12.0 V  30 C  err 0x00
>>> pos 30
id 30  pos  3531  spd     0  load    0  12.1 V  30 C  err 0x00
>>> pos 30
id 30  pos  3531  spd     0  load    0  12.1 V  30 C  err 0x00
>>> pos 30
id 30  pos  3531  spd     0  load    0  12.1 V  30 C  err 0x00
>>> pos 30
id 30  pos  3531  spd     0  load    0  12.1 V  30 C  err 0x00
>>> pos 30
id 30  pos  3531  spd     0  load    0  12.1 V  30 C  err 0x00
>>> pos 30
id 30  pos  3531  spd     0  load    0  12.1 V  30 C  err 0x00
>>> pos 30
id 30  pos  3531  spd     0  load    0  12.0 V  30 C  err 0x00
>>> pos 30
id 30  pos  3531  spd     0  load    0  12.1 V  30 C  err 0x00
>>> pos 30
id 30  pos  3531  spd     0  load    0  12.0 V  30 C  err 0x00
>>> pos 30
id 30  pos  3531  spd     0  load    0  12.1 V  30 C  err 0x00
>>> pos 30
id 30  pos  3531  spd     0  load    0  12.0 V  30 C  err 0x00
>>> pos 30
id 30  pos  3531  spd     0  load    0  12.1 V  30 C  err 0x00
>>> pos 30
id 30  pos  3531  spd     0  load    0  12.0 V  30 C  err 0x00
>>> pos 30
id 30  pos  3531  spd     0  load    0  12.1 V  30 C  err 0x00
>>> pos 30
id 30  pos  3531  spd     0  load    0  12.0 V  30 C  err 0x00
>>> pos 30
id 30  pos  3531  spd     0  load    0  12.0 V  30 C  err 0x00
>>> pos 30
id 30  pos  3531  spd     0  load    0  12.1 V  30 C  err 0x00
>>> pos 30
id 30  pos  3531  spd     0  load    0  12.1 V  30 C  err 0x00
>>> pos 30
id 30  pos  3531  spd     0  load    0  12.1 V  30 C  err 0x00
>>> pos 30
id 30  pos  3531  spd     0  load    0  12.1 V  30 C  err 0x00
>>> pos 30
id 30  pos  3531  spd     0  load    0  12.1 V  30 C  err 0x00
>>> pos 30
id 30  pos  3531  spd     0  load    0  12.1 V  30 C  err 0x00
>>> pos 30
id 30  pos  3531  spd     0  load    0  12.1 V  30 C  err 0x00
>>> pos 30
id 30  pos  3531  spd     0  load    0  12.1 V  30 C  err 0x00
>>> pos 30
id 30  pos  3531  spd     0  load    0  12.1 V  30 C  err 0x00
>>> pos 30
id 30  pos  3531  spd     0  load    0  12.1 V  30 C  err 0x00
>>> pos 30
id 30  pos  3531  spd     0  load    0  12.1 V  30 C  err 0x00
>>> pos 30
id 30  pos  3531  spd     0  load    0  12.0 V  30 C  err 0x00
>>> pos 30
id 30  pos  3531  spd     0  load    0  12.1 V  30 C  err 0x00
>>> pos 30
id 30  pos  3531  spd     0  load    0  12.1 V  30 C  err 0x00
>>> pos 30
id 30  pos  3531  spd     0  load    0  12.0 V  30 C  err 0x00
>>> pos 30
id 30  pos  3531  spd     0  load    0  12.1 V  30 C  err 0x00
>>> pos 30
id 30  pos  3531  spd     0  load    0  12.1 V  30 C  err 0x00
>>> pos 30
id 30  pos  3531  spd     0  load    0  12.1 V  30 C  err 0x00
>>> pos 30
id 30  pos  3531  spd     0  load    0  12.1 V  30 C  err 0x00
>>> pos 30
id 30  pos  3531  spd     0  load    0  12.0 V  30 C  err 0x00
>>> pos 30
id 30  pos  3531  spd     0  load    0  12.1 V  30 C  err 0x00
>>> pos 30
id 30  pos  3531  spd     0  load    0  12.0 V  30 C  err 0x00
>>> pos 30
id 30  pos  3531  spd     0  load    0  12.1 V  30 C  err 0x00
>>> pos 30
id 30  pos  3531  spd     0  load    0  12.1 V  30 C  err 0x00
>>> pos 30
id 30  pos  3531  spd     0  load    0  12.1 V  30 C  err 0x00
>>> pos 30
id 30  pos  3531  spd     0  load    0  12.0 V  30 C  err 0x00
>>> pos 30
id 30  pos  3531  spd     0  load    0  12.1 V  30 C  err 0x00
>>> pos 30
id 30  pos  3531  spd     0  load    0  12.1 V  30 C  err 0x00
>>> pos 30
id 30  pos  3531  spd     0  load    0  12.1 V  30 C  err 0x00
>>> pos 30
id 30  pos  3531  spd     0  load    0  12.1 V  30 C  err 0x00
>>> pos 30
id 30  pos  3531  spd     0  load    0  12.1 V  30 C  err 0x00
>>> pos 30
id 30  pos  3531  spd     0  load    0  12.1 V  30 C  err 0x00
>>> pos 30
id 30  pos  3531  spd     0  load    0  12.1 V  30 C  err 0x00
>>> pos 30
id 30  pos  3531  spd     0  load    0  12.0 V  30 C  err 0x00
>>> pos 30
id 30  pos  3531  spd     0  load    0  12.1 V  30 C  err 0x00
>>> pos 30
id 30  pos  3531  spd     0  load    0  12.1 V  30 C  err 0x00
>>> pos 30
id 30  pos  3531  spd     0  load    0  12.0 V  30 C  err 0x00
>>> pos 30
id 30  pos  3531  spd     0  load    0  12.1 V  30 C  err 0x00
>>> pos 30
id 30  pos  3531  spd     0  load    0  12.1 V  30 C  err 0x00
>>> pos 30
id 30  pos  3531  spd     0  load    0  12.1 V  30 C  err 0x00
>>> pos 30
id 30  pos  3531  spd     0  load    0  12.0 V  30 C  err 0x00
>>> pos 30
id 30  pos  3531  spd     0  load    0  12.1 V  30 C  err 0x00
>>> pos 30
id 30  pos  3531  spd     0  load    0  12.1 V  30 C  err 0x00
>>> pos 30
id 30  pos  3531  spd     0  load    0  12.1 V  30 C  err 0x00
>>> pos 30
id 30  pos  3531  spd     0  load    0  12.0 V  30 C  err 0x00
>>> pos 30
id 30  pos  3531  spd     0  load    0  12.1 V  30 C  err 0x00
>>> pos 30
id 30  pos  3531  spd     0  load    0  12.1 V  30 C  err 0x00
>>> pos 30
id 30  pos  3531  spd     0  load    0  12.0 V  30 C  err 0x00
>>> pos 30
id 30  pos  3531  spd     0  load    0  12.1 V  30 C  err 0x00
>>> pos 30
id 30  pos  3531  spd     0  load    0  12.1 V  30 C  err 0x00
>>> pos 30
id 30  pos  3531  spd     0  load    0  12.1 V  30 C  err 0x00
>>> pos 30
id 30  pos  3531  spd     0  load    0  12.1 V  30 C  err 0x00
>>> pos 30
id 30  pos  3531  spd     0  load    0  12.1 V  30 C  err 0x00
>>> pos 30
id 30  pos  3531  spd     0  load    0  12.0 V  30 C  err 0x00
>>> pos 30
id 30  pos  3531  spd     0  load    0  12.1 V  30 C  err 0x00
>>> pos 30
id 30  pos  3531  spd     0  load    0  12.0 V  30 C  err 0x00
>>> pos 30
id 30  pos  3531  spd     0  load    0  12.1 V  30 C  err 0x00
>>> pos 30
id 30  pos  3531  spd     0  load    0  12.0 V  30 C  err 0x00
>>> pos 30
id 30  pos  3531  spd     0  load    0  12.0 V  30 C  err 0x00
>>> pos 30
id 30  pos  3531  spd     0  load    0  12.0 V  30 C  err 0x00
>>> pos 30
id 30  pos  3531  spd     0  load    0  12.0 V  30 C  err 0x00
>>> pos 30
id 30  pos  3531  spd     0  load    0  12.1 V  30 C  err 0x00
>>> pos 30
id 30  pos  3531  spd     0  load    0  12.1 V  30 C  err 0x00
>>> pos 30
id 30  pos  3531  spd     0  load    0  12.1 V  30 C  err 0x00
>>> pos 30
id 30  pos  3531  spd     0  load    0  12.1 V  30 C  err 0x00
>>> pos 30
id 30  pos  3531  spd     0  load    0  12.0 V  30 C  err 0x00
>>> pos 30
id 30  pos  3531  spd     0  load    0  12.1 V  30 C  err 0x00
>>> pos 30
id 30  pos  3531  spd     0  load    0  12.0 V  30 C  err 0x00
>>> pos 30
id 30  pos  3531  spd     0  load    0  12.0 V  30 C  err 0x00
>>> pos 30
id 30  pos  3531  spd     0  load    0  12.1 V  30 C  err 0x00
>>> pos 30
id 30  pos  3531  spd     0  load    0  12.1 V  30 C  err 0x00
>>> pos 30
id 30  pos  3531  spd     0  load    0  12.1 V  30 C  err 0x00
>>> pos 30
id 30  pos  3531  spd     0  load    0  12.0 V  30 C  err 0x00
>>> pos 30
id 30  pos  3531  spd     0  load    0  12.1 V  30 C  err 0x00
>>> pos 30
id 30  pos  3531  spd     0  load    0  12.1 V  30 C  err 0x00
>>> pos 30
id 30  pos  3531  spd     0  load    0  12.0 V  30 C  err 0x00
>>> pos 30
id 30  pos  3531  spd     0  load    0  12.1 V  30 C  err 0x00
>>> pos 30
id 30  pos  3531  spd     0  load    0  12.1 V  30 C  err 0x00
>>> pos 30
id 30  pos  3531  spd     0  load    0  12.1 V  30 C  err 0x00
>>> pos 30
id 30  pos  3531  spd     0  load    0  12.0 V  30 C  err 0x00
>>> pos 30
id 30  pos  3531  spd     0  load    0  12.1 V  30 C  err 0x00
>>> pos 30
id 30  pos  3531  spd     0  load    0  12.1 V  30 C  err 0x00
>>> pos 30
id 30  pos  3531  spd     0  load    0  12.1 V  30 C  err 0x00
>>> pos 30
id 30  pos  3531  spd     0  load    0  12.1 V  30 C  err 0x00
>>> pos 30
id 30  pos  3531  spd     0  load    0  12.1 V  30 C  err 0x00
>>> pos 30
id 30  pos  3531  spd     0  load    0  12.1 V  30 C  err 0x00
>>> pos 30
id 30  pos  3531  spd     0  load    0  12.1 V  30 C  err 0x00
>>> pos 30
id 30  pos  3531  spd     0  load    0  12.1 V  30 C  err 0x00
>>> pos 30
id 30  pos  3531  spd     0  load    0  12.0 V  30 C  err 0x00
>>> pos 30
id 30  pos  3531  spd     0  load    0  12.1 V  30 C  err 0x00
>>> pos 30
id 30  pos  3531  spd     0  load    0  12.1 V  30 C  err 0x00
>>> pos 30
id 30  pos  3531  spd     0  load    0  12.0 V  30 C  err 0x00
>>> pos 30
id 30  pos  3531  spd     0  load    0  12.1 V  30 C  err 0x00
>>> pos 30
id 30  pos  3531  spd     0  load    0  12.1 V  30 C  err 0x00
>>> pos 30
id 30  pos  3531  spd     0  load    0  12.1 V  30 C  err 0x00
>>> pos 30
id 30  pos  3531  spd     0  load    0  12.0 V  30 C  err 0x00
>>> pos 30
id 30  pos  3531  spd     0  load    0  12.0 V  30 C  err 0x00
>>> pos 30
id 30  pos  3531  spd     0  load    0  12.1 V  30 C  err 0x00
>>> pos 30
id 30  pos  3531  spd     0  load    0  12.1 V  30 C  err 0x00
>>> pos 30
id 30  pos  3531  spd     0  load    0  12.1 V  30 C  err 0x00
>>> pos 30
id 30  pos  3531  spd     0  load    0  12.1 V  30 C  err 0x00
>>> pos 30
id 30  pos  3531  spd     0  load    0  12.1 V  30 C  err 0x00
>>> pos 30
id 30  pos  3531  spd     0  load    0  12.0 V  30 C  err 0x00
>>> pos 30
id 30  pos  3531  spd     0  load    0  12.1 V  30 C  err 0x00
>>> pos 30
id 30  pos  3531  spd     0  load    0  12.1 V  30 C  err 0x00
>>> pos 30
id 30  pos  3531  spd     0  load    0  12.1 V  30 C  err 0x00
>>> pos 30
id 30  pos  3531  spd     0  load    0  12.1 V  30 C  err 0x00
>>> pos 30
id 30  pos  3531  spd     0  load    0  12.1 V  30 C  err 0x00
>>> pos 30
id 30  pos  3531  spd     0  load    0  12.1 V  30 C  err 0x00
>>> pos 30
id 30  pos  3531  spd     0  load    0  12.1 V  30 C  err 0x00
>>> pos 30
id 30  pos  3531  spd     0  load    0  12.0 V  30 C  err 0x00
>>> pos 30
id 30  pos  3531  spd     0  load    0  12.1 V  30 C  err 0x00
>>> pos 30
id 30  pos  3531  spd     0  load    0  12.0 V  30 C  err 0x00
>>> pos 30
id 30  pos  3531  spd     0  load    0  12.1 V  30 C  err 0x00
  DOWN quiet: pos +0.00, range 0, moving 0/152, load 0..0, err 0
>>> move 30 3554 0 200 2
move id 30 -> 3554 ticks, 0 ms, spd 200, acc 2: ok
>>> pos 30
id 30  pos  3531  spd     0  load    0  12.0 V  30 C  err 0x00
>>> pos 30
id 30  pos  3531  spd     0  load  -36  12.0 V  30 C  err 0x00
>>> pos 30
id 30  pos  3532  spd    50  load  -40  12.1 V  30 C  err 0x00
>>> pos 30
id 30  pos  3535  spd    50  load  -40  12.1 V  30 C  err 0x00
>>> pos 30
id 30  pos  3537  spd   100  load  -40  12.1 V  30 C  err 0x00
>>> pos 30
id 30  pos  3540  spd   100  load  -32  12.0 V  30 C  err 0x00
>>> pos 30
id 30  pos  3542  spd    50  load  -28  12.0 V  30 C  err 0x00
>>> pos 30
id 30  pos  3543  spd     0  load  -40  12.1 V  30 C  err 0x00
>>> pos 30
id 30  pos  3545  spd   100  load  -36  12.0 V  30 C  err 0x00
>>> pos 30
id 30  pos  3547  spd   100  load  -28  12.1 V  30 C  err 0x00
>>> pos 30
id 30  pos  3549  spd    50  load  -32  12.1 V  30 C  err 0x00
>>> pos 30
id 30  pos  3550  spd    50  load  -40  12.0 V  30 C  err 0x00
>>> pos 30
id 30  pos  3552  spd   100  load  -20  12.0 V  30 C  err 0x00
>>> pos 30
id 30  pos  3552  spd     0  load  -24  12.0 V  30 C  err 0x00
>>> pos 30
id 30  pos  3552  spd     0  load  -24  12.1 V  30 C  err 0x00
>>> pos 30
id 30  pos  3552  spd     0  load  -24  12.1 V  30 C  err 0x00
>>> pos 30
id 30  pos  3552  spd     0  load  -24  12.1 V  30 C  err 0x00
>>> pos 30
id 30  pos  3552  spd     0  load  -24  12.1 V  30 C  err 0x00
>>> pos 30
id 30  pos  3552  spd     0  load  -24  12.0 V  30 C  err 0x00
>>> pos 30
id 30  pos  3552  spd     0  load  -24  12.1 V  30 C  err 0x00
>>> pos 30
id 30  pos  3552  spd     0  load  -24  12.0 V  30 C  err 0x00
>>> pos 30
id 30  pos  3552  spd     0  load  -24  12.1 V  30 C  err 0x00
>>> pos 30
id 30  pos  3552  spd     0  load  -24  12.0 V  30 C  err 0x00
>>> pos 30
id 30  pos  3552  spd     0  load  -24  12.1 V  30 C  err 0x00
>>> pos 30
id 30  pos  3552  spd     0  load  -24  12.1 V  30 C  err 0x00
>>> pos 30
id 30  pos  3552  spd     0  load  -24  12.1 V  30 C  err 0x00
>>> pos 30
id 30  pos  3552  spd     0  load  -24  12.1 V  30 C  err 0x00
>>> pos 30
id 30  pos  3552  spd     0  load  -24  12.0 V  30 C  err 0x00
>>> pos 30
id 30  pos  3552  spd     0  load  -24  12.1 V  30 C  err 0x00
>>> pos 30
id 30  pos  3552  spd     0  load  -24  12.1 V  30 C  err 0x00
>>> pos 30
id 30  pos  3552  spd     0  load  -24  12.1 V  30 C  err 0x00
>>> pos 30
id 30  pos  3552  spd     0  load  -24  12.1 V  30 C  err 0x00
>>> pos 30
id 30  pos  3552  spd     0  load  -24  12.1 V  30 C  err 0x00
>>> pos 30
id 30  pos  3552  spd     0  load  -24  12.0 V  30 C  err 0x00
>>> pos 30
id 30  pos  3552  spd     0  load  -24  12.0 V  30 C  err 0x00
>>> pos 30
id 30  pos  3552  spd     0  load  -24  12.1 V  30 C  err 0x00
>>> pos 30
id 30  pos  3552  spd     0  load  -24  12.0 V  30 C  err 0x00
>>> pos 30
id 30  pos  3552  spd     0  load  -24  12.1 V  30 C  err 0x00
>>> pos 30
id 30  pos  3552  spd     0  load  -24  12.0 V  30 C  err 0x00
>>> pos 30
id 30  pos  3552  spd     0  load  -24  12.0 V  30 C  err 0x00
>>> pos 30
id 30  pos  3552  spd     0  load  -24  12.0 V  30 C  err 0x00
>>> pos 30
id 30  pos  3552  spd     0  load  -24  12.1 V  30 C  err 0x00
>>> pos 30
id 30  pos  3552  spd     0  load  -24  12.1 V  30 C  err 0x00
>>> pos 30
id 30  pos  3552  spd     0  load  -24  12.1 V  30 C  err 0x00
>>> pos 30
id 30  pos  3552  spd     0  load  -24  12.1 V  30 C  err 0x00
>>> pos 30
id 30  pos  3552  spd     0  load  -24  12.1 V  30 C  err 0x00
>>> pos 30
id 30  pos  3552  spd     0  load  -24  12.1 V  30 C  err 0x00
>>> pos 30
id 30  pos  3552  spd     0  load  -24  12.0 V  30 C  err 0x00
>>> pos 30
id 30  pos  3552  spd     0  load  -24  12.0 V  30 C  err 0x00
>>> pos 30
id 30  pos  3552  spd     0  load  -24  12.0 V  30 C  err 0x00
>>> pos 30
id 30  pos  3552  spd     0  load  -24  12.0 V  30 C  err 0x00
>>> pos 30
id 30  pos  3552  spd     0  load  -24  12.1 V  30 C  err 0x00
>>> pos 30
id 30  pos  3552  spd     0  load  -24  12.0 V  30 C  err 0x00
>>> pos 30
id 30  pos  3552  spd     0  load  -24  12.1 V  30 C  err 0x00
>>> pos 30
id 30  pos  3552  spd     0  load  -24  12.0 V  30 C  err 0x00
>>> pos 30
id 30  pos  3552  spd     0  load  -24  12.1 V  30 C  err 0x00
>>> pos 30
id 30  pos  3552  spd     0  load  -24  12.1 V  30 C  err 0x00
>>> pos 30
id 30  pos  3552  spd     0  load  -24  12.0 V  30 C  err 0x00
>>> pos 30
id 30  pos  3552  spd     0  load  -24  12.1 V  30 C  err 0x00
>>> pos 30
id 30  pos  3552  spd     0  load  -24  12.0 V  30 C  err 0x00
>>> pos 30
id 30  pos  3552  spd     0  load  -24  12.0 V  30 C  err 0x00
  DOWN step 3531->3554: overshoot 0, settle 0.4301, residual range 0, offset -2.0, moving in last 1 s 0, err 0
>>> move 30 3531 0 200 2
move id 30 -> 3531 ticks, 0 ms, spd 200, acc 2: ok
>>> pos 30
id 30  pos  3552  spd     0  load   20  12.1 V  30 C  err 0x00
>>> pos 30
id 30  pos  3552  spd     0  load   28  12.0 V  30 C  err 0x00
>>> pos 30
id 30  pos  3552  spd     0  load   44  12.1 V  30 C  err 0x00
>>> pos 30
id 30  pos  3552  spd     0  load   72  12.0 V  30 C  err 0x00
>>> pos 30
id 30  pos  3548  spd  -150  load   44  12.1 V  30 C  err 0x00
>>> pos 30
id 30  pos  3546  spd  -100  load   44  12.1 V  30 C  err 0x00
>>> pos 30
id 30  pos  3543  spd   -50  load   44  12.1 V  30 C  err 0x00
>>> pos 30
id 30  pos  3541  spd   -50  load   40  12.1 V  30 C  err 0x00
>>> pos 30
id 30  pos  3540  spd   -50  load   48  12.1 V  30 C  err 0x00
>>> pos 30
id 30  pos  3538  spd   -50  load   40  12.0 V  30 C  err 0x00
>>> pos 30
id 30  pos  3536  spd   -50  load   40  12.1 V  30 C  err 0x00
>>> pos 30
id 30  pos  3534  spd   -50  load   32  12.0 V  30 C  err 0x00
>>> pos 30
id 30  pos  3534  spd     0  load   32  12.1 V  30 C  err 0x00
>>> pos 30
id 30  pos  3533  spd     0  load   24  12.1 V  30 C  err 0x00
>>> pos 30
id 30  pos  3533  spd     0  load   24  12.0 V  30 C  err 0x00
>>> pos 30
id 30  pos  3533  spd     0  load   24  12.1 V  30 C  err 0x00
>>> pos 30
id 30  pos  3533  spd     0  load   24  12.1 V  30 C  err 0x00
>>> pos 30
id 30  pos  3533  spd     0  load   24  12.1 V  30 C  err 0x00
>>> pos 30
id 30  pos  3533  spd     0  load   24  12.1 V  30 C  err 0x00
>>> pos 30
id 30  pos  3533  spd     0  load   24  12.0 V  30 C  err 0x00
>>> pos 30
id 30  pos  3533  spd     0  load   24  12.0 V  30 C  err 0x00
>>> pos 30
id 30  pos  3533  spd     0  load   24  12.1 V  30 C  err 0x00
>>> pos 30
id 30  pos  3533  spd     0  load   24  12.0 V  30 C  err 0x00
>>> pos 30
id 30  pos  3533  spd     0  load   24  12.0 V  30 C  err 0x00
>>> pos 30
id 30  pos  3533  spd     0  load   24  12.0 V  30 C  err 0x00
>>> pos 30
id 30  pos  3533  spd     0  load   24  12.1 V  30 C  err 0x00
>>> pos 30
id 30  pos  3533  spd     0  load   24  12.0 V  30 C  err 0x00
>>> pos 30
id 30  pos  3533  spd     0  load   24  12.0 V  30 C  err 0x00
>>> pos 30
id 30  pos  3533  spd     0  load   24  12.0 V  30 C  err 0x00
>>> pos 30
id 30  pos  3533  spd     0  load   24  12.1 V  30 C  err 0x00
>>> pos 30
id 30  pos  3533  spd     0  load   24  12.1 V  30 C  err 0x00
>>> pos 30
id 30  pos  3533  spd     0  load   24  12.1 V  30 C  err 0x00
>>> pos 30
id 30  pos  3533  spd     0  load   24  12.1 V  30 C  err 0x00
>>> pos 30
id 30  pos  3533  spd     0  load   24  12.1 V  30 C  err 0x00
>>> pos 30
id 30  pos  3533  spd     0  load   24  12.0 V  30 C  err 0x00
>>> pos 30
id 30  pos  3533  spd     0  load   24  12.0 V  30 C  err 0x00
>>> pos 30
id 30  pos  3533  spd     0  load   24  12.0 V  30 C  err 0x00
>>> pos 30
id 30  pos  3533  spd     0  load   24  12.0 V  30 C  err 0x00
>>> pos 30
id 30  pos  3533  spd     0  load   24  12.1 V  30 C  err 0x00
>>> pos 30
id 30  pos  3533  spd     0  load   24  12.1 V  30 C  err 0x00
>>> pos 30
id 30  pos  3533  spd     0  load   24  12.1 V  30 C  err 0x00
>>> pos 30
id 30  pos  3533  spd     0  load   24  12.0 V  30 C  err 0x00
>>> pos 30
id 30  pos  3533  spd     0  load   24  12.1 V  30 C  err 0x00
>>> pos 30
id 30  pos  3533  spd     0  load   24  12.0 V  30 C  err 0x00
>>> pos 30
id 30  pos  3533  spd     0  load   24  12.1 V  30 C  err 0x00
>>> pos 30
id 30  pos  3533  spd     0  load   24  12.0 V  30 C  err 0x00
>>> pos 30
id 30  pos  3533  spd     0  load   24  12.1 V  30 C  err 0x00
>>> pos 30
id 30  pos  3533  spd     0  load   24  12.0 V  30 C  err 0x00
>>> pos 30
id 30  pos  3533  spd     0  load   24  12.0 V  30 C  err 0x00
>>> pos 30
id 30  pos  3533  spd     0  load   24  12.0 V  30 C  err 0x00
>>> pos 30
id 30  pos  3533  spd     0  load   24  12.0 V  30 C  err 0x00
>>> pos 30
id 30  pos  3533  spd     0  load   24  12.1 V  30 C  err 0x00
>>> pos 30
id 30  pos  3533  spd     0  load   24  12.1 V  30 C  err 0x00
>>> pos 30
id 30  pos  3533  spd     0  load   24  12.1 V  30 C  err 0x00
>>> pos 30
id 30  pos  3533  spd     0  load   24  12.0 V  30 C  err 0x00
>>> pos 30
id 30  pos  3533  spd     0  load   24  12.1 V  30 C  err 0x00
>>> pos 30
id 30  pos  3533  spd     0  load   24  12.0 V  30 C  err 0x00
>>> pos 30
id 30  pos  3533  spd     0  load   24  12.1 V  30 C  err 0x00
>>> pos 30
id 30  pos  3533  spd     0  load   24  12.1 V  30 C  err 0x00
>>> pos 30
id 30  pos  3533  spd     0  load   24  12.0 V  30 C  err 0x00
>>> pos 30
id 30  pos  3533  spd     0  load   24  12.0 V  30 C  err 0x00
  DOWN step 3554->3531: overshoot 0, settle 0.3972, residual range 0, offset +2.0, moving in last 1 s 0, err 0
>>> move 30 3508 0 200 2
move id 30 -> 3508 ticks, 0 ms, spd 200, acc 2: ok
>>> pos 30
id 30  pos  3533  spd     0  load   44  12.0 V  30 C  err 0x00
>>> pos 30
id 30  pos  3532  spd   -50  load   48  12.1 V  30 C  err 0x00
>>> pos 30
id 30  pos  3530  spd   -50  load   48  12.1 V  30 C  err 0x00
>>> pos 30
id 30  pos  3527  spd  -100  load   44  12.0 V  30 C  err 0x00
>>> pos 30
id 30  pos  3525  spd   -50  load   52  12.1 V  30 C  err 0x00
>>> pos 30
id 30  pos  3522  spd  -100  load   40  12.1 V  30 C  err 0x00
>>> pos 30
id 30  pos  3520  spd   -50  load   40  12.1 V  30 C  err 0x00
>>> pos 30
id 30  pos  3518  spd   -50  load   40  12.0 V  30 C  err 0x00
>>> pos 30
id 30  pos  3516  spd   -50  load   40  12.1 V  30 C  err 0x00
>>> pos 30
id 30  pos  3515  spd   -50  load   44  12.1 V  30 C  err 0x00
>>> pos 30
id 30  pos  3513  spd   -50  load   36  12.1 V  30 C  err 0x00
>>> pos 30
id 30  pos  3512  spd     0  load   44  12.1 V  30 C  err 0x00
>>> pos 30
id 30  pos  3510  spd  -100  load    0  12.1 V  30 C  err 0x00
>>> pos 30
id 30  pos  3510  spd     0  load   24  12.0 V  30 C  err 0x00
>>> pos 30
id 30  pos  3510  spd     0  load   24  12.1 V  30 C  err 0x00
>>> pos 30
id 30  pos  3510  spd     0  load   24  12.1 V  30 C  err 0x00
>>> pos 30
id 30  pos  3510  spd     0  load   24  12.1 V  30 C  err 0x00
>>> pos 30
id 30  pos  3510  spd     0  load   24  12.0 V  30 C  err 0x00
>>> pos 30
id 30  pos  3510  spd     0  load   24  12.1 V  30 C  err 0x00
>>> pos 30
id 30  pos  3510  spd     0  load   24  12.1 V  30 C  err 0x00
>>> pos 30
id 30  pos  3510  spd     0  load   24  12.0 V  30 C  err 0x00
>>> pos 30
id 30  pos  3510  spd     0  load   24  12.1 V  30 C  err 0x00
>>> pos 30
id 30  pos  3510  spd     0  load   24  12.0 V  30 C  err 0x00
>>> pos 30
id 30  pos  3510  spd     0  load   24  12.1 V  30 C  err 0x00
>>> pos 30
id 30  pos  3510  spd     0  load   24  12.0 V  30 C  err 0x00
>>> pos 30
id 30  pos  3510  spd     0  load   24  12.0 V  30 C  err 0x00
>>> pos 30
id 30  pos  3510  spd     0  load   24  12.1 V  30 C  err 0x00
>>> pos 30
id 30  pos  3510  spd     0  load   24  12.0 V  30 C  err 0x00
>>> pos 30
id 30  pos  3510  spd     0  load   24  12.0 V  30 C  err 0x00
>>> pos 30
id 30  pos  3510  spd     0  load   24  12.1 V  30 C  err 0x00
>>> pos 30
id 30  pos  3510  spd     0  load   24  12.1 V  30 C  err 0x00
>>> pos 30
id 30  pos  3510  spd     0  load   24  12.1 V  30 C  err 0x00
>>> pos 30
id 30  pos  3510  spd     0  load   24  12.1 V  30 C  err 0x00
>>> pos 30
id 30  pos  3510  spd     0  load   24  12.1 V  30 C  err 0x00
>>> pos 30
id 30  pos  3510  spd     0  load   24  12.0 V  30 C  err 0x00
>>> pos 30
id 30  pos  3510  spd     0  load   24  12.1 V  30 C  err 0x00
>>> pos 30
id 30  pos  3510  spd     0  load   24  12.0 V  30 C  err 0x00
>>> pos 30
id 30  pos  3510  spd     0  load   24  12.1 V  30 C  err 0x00
>>> pos 30
id 30  pos  3510  spd     0  load   24  12.1 V  30 C  err 0x00
>>> pos 30
id 30  pos  3510  spd     0  load   24  12.0 V  30 C  err 0x00
>>> pos 30
id 30  pos  3510  spd     0  load   24  12.0 V  30 C  err 0x00
>>> pos 30
id 30  pos  3510  spd     0  load   24  12.1 V  30 C  err 0x00
>>> pos 30
id 30  pos  3510  spd     0  load   24  12.1 V  30 C  err 0x00
>>> pos 30
id 30  pos  3510  spd     0  load   24  12.1 V  30 C  err 0x00
>>> pos 30
id 30  pos  3510  spd     0  load   24  12.1 V  30 C  err 0x00
>>> pos 30
id 30  pos  3510  spd     0  load   24  12.1 V  30 C  err 0x00
>>> pos 30
id 30  pos  3510  spd     0  load   24  12.1 V  30 C  err 0x00
>>> pos 30
id 30  pos  3510  spd     0  load   24  12.0 V  30 C  err 0x00
>>> pos 30
id 30  pos  3510  spd     0  load   24  12.1 V  30 C  err 0x00
>>> pos 30
id 30  pos  3510  spd     0  load   24  12.0 V  30 C  err 0x00
>>> pos 30
id 30  pos  3510  spd     0  load   24  12.1 V  30 C  err 0x00
>>> pos 30
id 30  pos  3510  spd     0  load   24  12.1 V  30 C  err 0x00
>>> pos 30
id 30  pos  3510  spd     0  load   24  12.1 V  30 C  err 0x00
>>> pos 30
id 30  pos  3510  spd     0  load   24  12.1 V  30 C  err 0x00
>>> pos 30
id 30  pos  3510  spd     0  load   24  12.1 V  30 C  err 0x00
>>> pos 30
id 30  pos  3510  spd     0  load   24  12.0 V  30 C  err 0x00
>>> pos 30
id 30  pos  3510  spd     0  load   24  12.1 V  30 C  err 0x00
>>> pos 30
id 30  pos  3510  spd     0  load   24  12.1 V  30 C  err 0x00
>>> pos 30
id 30  pos  3510  spd     0  load   24  12.0 V  30 C  err 0x00
>>> pos 30
id 30  pos  3510  spd     0  load   24  12.0 V  30 C  err 0x00
>>> pos 30
id 30  pos  3510  spd     0  load   24  12.1 V  30 C  err 0x00
  DOWN step 3531->3508: overshoot 0, settle 0.4301, residual range 0, offset +2.0, moving in last 1 s 0, err 0
>>> move 30 3531 0 200 2
move id 30 -> 3531 ticks, 0 ms, spd 200, acc 2: ok
>>> pos 30
id 30  pos  3510  spd     0  load    0  12.0 V  30 C  err 0x00
>>> pos 30
id 30  pos  3510  spd     0  load    0  12.1 V  30 C  err 0x00
>>> pos 30
id 30  pos  3510  spd     0  load  -36  12.1 V  30 C  err 0x00
>>> pos 30
id 30  pos  3511  spd    50  load  -48  12.1 V  30 C  err 0x00
>>> pos 30
id 30  pos  3513  spd    50  load  -48  12.0 V  30 C  err 0x00
>>> pos 30
id 30  pos  3517  spd   100  load  -28  12.0 V  30 C  err 0x00
>>> pos 30
id 30  pos  3520  spd   150  load    0  12.1 V  30 C  err 0x00
>>> pos 30
id 30  pos  3520  spd     0  load  -48  12.1 V  30 C  err 0x00
>>> pos 30
id 30  pos  3521  spd    50  load  -48  12.1 V  30 C  err 0x00
>>> pos 30
id 30  pos  3524  spd    50  load  -32  12.1 V  30 C  err 0x00
>>> pos 30
id 30  pos  3527  spd   150  load  -20  12.1 V  30 C  err 0x00
>>> pos 30
id 30  pos  3528  spd     0  load  -36  12.1 V  30 C  err 0x00
>>> pos 30
id 30  pos  3528  spd     0  load  -32  12.0 V  30 C  err 0x00
>>> pos 30
id 30  pos  3528  spd     0  load  -32  12.1 V  30 C  err 0x00
>>> pos 30
id 30  pos  3528  spd     0  load  -32  12.0 V  29 C  err 0x00
>>> pos 30
id 30  pos  3528  spd     0  load  -32  12.1 V  30 C  err 0x00
>>> pos 30
id 30  pos  3528  spd     0  load  -32  12.1 V  30 C  err 0x00
>>> pos 30
id 30  pos  3528  spd     0  load  -32  12.0 V  30 C  err 0x00
>>> pos 30
id 30  pos  3528  spd     0  load  -32  12.1 V  30 C  err 0x00
>>> pos 30
id 30  pos  3528  spd     0  load  -32  12.0 V  30 C  err 0x00
>>> pos 30
id 30  pos  3528  spd     0  load  -32  12.1 V  30 C  err 0x00
>>> pos 30
id 30  pos  3528  spd     0  load  -32  12.0 V  30 C  err 0x00
>>> pos 30
id 30  pos  3528  spd     0  load  -32  12.1 V  30 C  err 0x00
>>> pos 30
id 30  pos  3528  spd     0  load  -32  12.0 V  30 C  err 0x00
>>> pos 30
id 30  pos  3528  spd     0  load  -32  12.0 V  30 C  err 0x00
>>> pos 30
id 30  pos  3528  spd     0  load  -32  12.1 V  30 C  err 0x00
>>> pos 30
id 30  pos  3528  spd     0  load  -32  12.0 V  30 C  err 0x00
>>> pos 30
id 30  pos  3528  spd     0  load  -32  12.1 V  30 C  err 0x00
>>> pos 30
id 30  pos  3528  spd     0  load  -32  12.0 V  30 C  err 0x00
>>> pos 30
id 30  pos  3528  spd     0  load  -32  12.1 V  30 C  err 0x00
>>> pos 30
id 30  pos  3528  spd     0  load  -32  12.0 V  30 C  err 0x00
>>> pos 30
id 30  pos  3528  spd     0  load  -32  12.1 V  30 C  err 0x00
>>> pos 30
id 30  pos  3528  spd     0  load  -32  12.1 V  30 C  err 0x00
>>> pos 30
id 30  pos  3528  spd     0  load  -32  12.1 V  30 C  err 0x00
>>> pos 30
id 30  pos  3528  spd     0  load  -32  12.1 V  30 C  err 0x00
>>> pos 30
id 30  pos  3528  spd     0  load  -32  12.1 V  30 C  err 0x00
>>> pos 30
id 30  pos  3528  spd     0  load  -32  12.0 V  30 C  err 0x00
>>> pos 30
id 30  pos  3528  spd     0  load  -32  12.1 V  30 C  err 0x00
>>> pos 30
id 30  pos  3528  spd     0  load  -32  12.1 V  30 C  err 0x00
>>> pos 30
id 30  pos  3528  spd     0  load  -32  12.0 V  30 C  err 0x00
>>> pos 30
id 30  pos  3528  spd     0  load  -32  12.1 V  30 C  err 0x00
>>> pos 30
id 30  pos  3528  spd     0  load  -32  12.1 V  30 C  err 0x00
>>> pos 30
id 30  pos  3528  spd     0  load  -32  12.0 V  30 C  err 0x00
>>> pos 30
id 30  pos  3528  spd     0  load  -32  12.1 V  30 C  err 0x00
>>> pos 30
id 30  pos  3528  spd     0  load  -32  12.0 V  30 C  err 0x00
>>> pos 30
id 30  pos  3528  spd     0  load  -32  12.1 V  30 C  err 0x00
>>> pos 30
id 30  pos  3528  spd     0  load  -32  12.1 V  30 C  err 0x00
>>> pos 30
id 30  pos  3528  spd     0  load  -32  12.0 V  30 C  err 0x00
>>> pos 30
id 30  pos  3528  spd     0  load  -32  12.1 V  30 C  err 0x00
>>> pos 30
id 30  pos  3528  spd     0  load  -32  12.1 V  30 C  err 0x00
>>> pos 30
id 30  pos  3528  spd     0  load  -32  12.1 V  30 C  err 0x00
>>> pos 30
id 30  pos  3528  spd     0  load  -32  12.1 V  30 C  err 0x00
>>> pos 30
id 30  pos  3528  spd     0  load  -32  12.1 V  30 C  err 0x00
>>> pos 30
id 30  pos  3528  spd     0  load  -32  12.0 V  30 C  err 0x00
>>> pos 30
id 30  pos  3528  spd     0  load  -32  12.1 V  30 C  err 0x00
>>> pos 30
id 30  pos  3528  spd     0  load  -32  12.0 V  30 C  err 0x00
>>> pos 30
id 30  pos  3528  spd     0  load  -32  12.1 V  30 C  err 0x00
>>> pos 30
id 30  pos  3528  spd     0  load  -32  12.1 V  30 C  err 0x00
>>> pos 30
id 30  pos  3528  spd     0  load  -32  12.0 V  30 C  err 0x00
>>> pos 30
id 30  pos  3528  spd     0  load  -32  12.1 V  30 C  err 0x00
>>> pos 30
id 30  pos  3528  spd     0  load  -32  12.1 V  30 C  err 0x00
  DOWN step 3508->3531: overshoot 0, settle 0.3641, residual range 0, offset -3.0, moving in last 1 s 0, err 0
>>> pos 30
id 30  pos  3528  spd     0  load  -32  12.1 V  30 C  err 0x00
>>> move 30 2507 0 100 2
move id 30 -> 2507 ticks, 0 ms, spd 100, acc 2: ok
>>> pos 30
id 30  pos  3528  spd     0  load   20  12.1 V  30 C  err 0x00
>>> pos 30
id 30  pos  3528  spd     0  load    0  12.1 V  30 C  err 0x00
>>> pos 30
id 30  pos  3528  spd     0  load   36  12.1 V  30 C  err 0x00
>>> pos 30
id 30  pos  3528  spd     0  load   60  12.1 V  30 C  err 0x00
>>> pos 30
id 30  pos  3525  spd   -50  load   52  12.1 V  30 C  err 0x00
>>> pos 30
id 30  pos  3522  spd  -100  load   48  12.0 V  30 C  err 0x00
>>> pos 30
id 30  pos  3519  spd  -100  load   44  12.1 V  30 C  err 0x00
>>> pos 30
id 30  pos  3516  spd   -50  load   52  12.0 V  30 C  err 0x00
>>> pos 30
id 30  pos  3513  spd  -100  load   56  12.1 V  30 C  err 0x00
>>> pos 30
id 30  pos  3510  spd  -100  load   56  12.1 V  30 C  err 0x00
>>> pos 30
id 30  pos  3506  spd  -100  load   48  12.0 V  30 C  err 0x00
>>> pos 30
id 30  pos  3503  spd  -100  load   56  12.1 V  30 C  err 0x00
>>> pos 30
id 30  pos  3500  spd  -100  load   56  12.1 V  30 C  err 0x00
>>> pos 30
id 30  pos  3496  spd  -100  load   48  12.1 V  30 C  err 0x00
>>> pos 30
id 30  pos  3494  spd  -100  load   64  12.1 V  30 C  err 0x00
>>> pos 30
id 30  pos  3490  spd  -100  load   56  12.0 V  30 C  err 0x00
>>> pos 30
id 30  pos  3487  spd  -100  load   56  12.1 V  30 C  err 0x00
>>> pos 30
id 30  pos  3483  spd  -100  load   56  12.1 V  30 C  err 0x00
>>> pos 30
id 30  pos  3480  spd  -100  load   56  12.1 V  30 C  err 0x00
>>> pos 30
id 30  pos  3476  spd  -100  load   48  12.1 V  30 C  err 0x00
>>> pos 30
id 30  pos  3474  spd  -100  load   56  12.0 V  30 C  err 0x00
>>> pos 30
id 30  pos  3470  spd  -100  load   56  12.1 V  30 C  err 0x00
>>> pos 30
id 30  pos  3467  spd  -100  load   56  12.1 V  30 C  err 0x00
>>> pos 30
id 30  pos  3463  spd  -100  load   44  12.0 V  30 C  err 0x00
>>> pos 30
id 30  pos  3460  spd  -100  load   56  12.0 V  30 C  err 0x00
>>> pos 30
id 30  pos  3457  spd  -100  load   56  12.1 V  30 C  err 0x00
>>> pos 30
id 30  pos  3454  spd  -100  load   56  12.1 V  30 C  err 0x00
>>> pos 30
id 30  pos  3450  spd  -100  load   56  12.1 V  30 C  err 0x00
>>> pos 30
id 30  pos  3447  spd  -100  load   56  12.1 V  30 C  err 0x00
>>> pos 30
id 30  pos  3444  spd  -100  load   52  12.1 V  30 C  err 0x00
>>> pos 30
id 30  pos  3441  spd  -100  load   64  12.1 V  30 C  err 0x00
>>> pos 30
id 30  pos  3437  spd  -100  load   56  12.0 V  30 C  err 0x00
>>> pos 30
id 30  pos  3434  spd  -100  load   56  12.0 V  30 C  err 0x00
>>> pos 30
id 30  pos  3431  spd  -100  load   64  12.0 V  30 C  err 0x00
>>> pos 30
id 30  pos  3427  spd  -100  load   52  12.0 V  30 C  err 0x00
>>> pos 30
id 30  pos  3424  spd  -100  load   60  12.1 V  30 C  err 0x00
>>> pos 30
id 30  pos  3420  spd  -100  load   48  12.1 V  30 C  err 0x00
>>> pos 30
id 30  pos  3418  spd  -100  load   64  12.1 V  30 C  err 0x00
>>> pos 30
id 30  pos  3414  spd  -150  load   56  12.1 V  30 C  err 0x00
>>> pos 30
id 30  pos  3411  spd  -100  load   52  12.0 V  30 C  err 0x00
>>> pos 30
id 30  pos  3408  spd  -100  load   64  12.1 V  30 C  err 0x00
>>> pos 30
id 30  pos  3405  spd   -50  load   68  12.0 V  30 C  err 0x00
>>> pos 30
id 30  pos  3401  spd  -100  load   56  12.1 V  30 C  err 0x00
>>> pos 30
id 30  pos  3398  spd  -100  load   64  12.0 V  30 C  err 0x00
>>> pos 30
id 30  pos  3395  spd  -100  load   64  12.1 V  30 C  err 0x00
>>> pos 30
id 30  pos  3391  spd  -100  load   56  12.0 V  30 C  err 0x00
>>> pos 30
id 30  pos  3388  spd  -100  load   64  12.1 V  30 C  err 0x00
>>> pos 30
id 30  pos  3384  spd  -150  load   56  12.0 V  30 C  err 0x00
>>> pos 30
id 30  pos  3381  spd   -50  load   56  12.0 V  30 C  err 0x00
>>> pos 30
id 30  pos  3378  spd  -100  load   64  12.1 V  30 C  err 0x00
>>> pos 30
id 30  pos  3375  spd  -100  load   64  12.0 V  30 C  err 0x00
>>> pos 30
id 30  pos  3371  spd  -100  load   56  12.1 V  30 C  err 0x00
>>> pos 30
id 30  pos  3368  spd  -100  load   56  12.0 V  30 C  err 0x00
>>> pos 30
id 30  pos  3365  spd  -100  load   64  12.1 V  30 C  err 0x00
>>> pos 30
id 30  pos  3361  spd  -100  load   56  12.0 V  30 C  err 0x00
>>> pos 30
id 30  pos  3358  spd  -100  load   56  12.1 V  30 C  err 0x00
>>> pos 30
id 30  pos  3355  spd  -100  load   64  12.0 V  30 C  err 0x00
>>> pos 30
id 30  pos  3352  spd  -100  load   64  12.1 V  30 C  err 0x00
>>> pos 30
id 30  pos  3348  spd  -100  load   56  12.1 V  30 C  err 0x00
>>> pos 30
id 30  pos  3345  spd  -100  load   64  12.1 V  30 C  err 0x00
>>> pos 30
id 30  pos  3342  spd  -100  load   64  12.0 V  30 C  err 0x00
>>> pos 30
id 30  pos  3338  spd  -100  load   56  12.0 V  30 C  err 0x00
>>> pos 30
id 30  pos  3335  spd  -100  load   64  12.0 V  30 C  err 0x00
>>> pos 30
id 30  pos  3332  spd  -100  load   64  12.1 V  30 C  err 0x00
>>> pos 30
id 30  pos  3328  spd  -100  load   56  12.1 V  30 C  err 0x00
>>> pos 30
id 30  pos  3325  spd  -100  load   64  12.1 V  30 C  err 0x00
>>> pos 30
id 30  pos  3322  spd  -100  load   64  12.0 V  30 C  err 0x00
>>> pos 30
id 30  pos  3319  spd  -100  load   64  12.0 V  30 C  err 0x00
>>> pos 30
id 30  pos  3316  spd  -100  load   64  12.1 V  30 C  err 0x00
>>> pos 30
id 30  pos  3312  spd  -100  load   64  12.1 V  30 C  err 0x00
>>> pos 30
id 30  pos  3309  spd  -150  load   60  12.1 V  31 C  err 0x00
>>> pos 30
id 30  pos  3306  spd  -100  load   64  12.0 V  30 C  err 0x00
>>> pos 30
id 30  pos  3302  spd  -150  load   64  12.1 V  30 C  err 0x00
>>> pos 30
id 30  pos  3299  spd  -100  load   64  12.1 V  30 C  err 0x00
>>> pos 30
id 30  pos  3296  spd   -50  load   68  12.0 V  30 C  err 0x00
>>> pos 30
id 30  pos  3293  spd  -100  load   68  12.1 V  30 C  err 0x00
>>> pos 30
id 30  pos  3289  spd  -150  load   64  12.1 V  30 C  err 0x00
>>> pos 30
id 30  pos  3286  spd  -100  load   60  12.1 V  31 C  err 0x00
>>> pos 30
id 30  pos  3283  spd   -50  load   76  12.1 V  30 C  err 0x00
>>> pos 30
id 30  pos  3279  spd  -100  load   60  12.0 V  30 C  err 0x00
>>> pos 30
id 30  pos  3276  spd  -100  load   64  12.1 V  30 C  err 0x00
>>> pos 30
id 30  pos  3273  spd  -100  load   72  12.1 V  30 C  err 0x00
>>> pos 30
id 30  pos  3270  spd   -50  load   76  12.1 V  30 C  err 0x00
>>> pos 30
id 30  pos  3266  spd  -100  load   64  12.1 V  30 C  err 0x00
>>> pos 30
id 30  pos  3263  spd  -100  load   64  12.1 V  30 C  err 0x00
>>> pos 30
id 30  pos  3260  spd   -50  load   72  12.1 V  30 C  err 0x00
>>> pos 30
id 30  pos  3256  spd  -100  load   64  12.1 V  30 C  err 0x00
>>> pos 30
id 30  pos  3253  spd  -100  load   64  12.1 V  30 C  err 0x00
>>> pos 30
id 30  pos  3250  spd  -100  load   72  12.0 V  31 C  err 0x00
>>> pos 30
id 30  pos  3246  spd  -100  load   64  12.0 V  30 C  err 0x00
>>> pos 30
id 30  pos  3243  spd   -50  load   64  12.1 V  30 C  err 0x00
>>> pos 30
id 30  pos  3240  spd  -100  load   72  12.0 V  30 C  err 0x00
>>> pos 30
id 30  pos  3236  spd  -150  load   64  12.0 V  30 C  err 0x00
>>> pos 30
id 30  pos  3233  spd  -100  load   64  12.1 V  30 C  err 0x00
>>> pos 30
id 30  pos  3230  spd  -100  load   72  12.1 V  30 C  err 0x00
>>> pos 30
id 30  pos  3227  spd  -100  load   72  12.1 V  30 C  err 0x00
>>> pos 30
id 30  pos  3224  spd  -100  load   72  12.0 V  30 C  err 0x00
>>> pos 30
id 30  pos  3220  spd  -100  load   72  12.0 V  30 C  err 0x00
>>> pos 30
id 30  pos  3217  spd  -100  load   72  12.1 V  30 C  err 0x00
>>> pos 30
id 30  pos  3214  spd  -100  load   72  12.1 V  30 C  err 0x00
>>> pos 30
id 30  pos  3210  spd  -100  load   64  12.0 V  30 C  err 0x00
>>> pos 30
id 30  pos  3207  spd  -100  load   72  12.0 V  30 C  err 0x00
>>> pos 30
id 30  pos  3204  spd  -100  load   72  12.1 V  30 C  err 0x00
>>> pos 30
id 30  pos  3201  spd  -100  load   72  12.1 V  30 C  err 0x00
>>> pos 30
id 30  pos  3197  spd  -100  load   68  12.0 V  30 C  err 0x00
>>> pos 30
id 30  pos  3194  spd  -100  load   76  12.0 V  30 C  err 0x00
>>> pos 30
id 30  pos  3191  spd  -100  load   68  12.0 V  30 C  err 0x00
>>> pos 30
id 30  pos  3187  spd  -100  load   76  12.1 V  30 C  err 0x00
>>> pos 30
id 30  pos  3184  spd  -100  load   72  12.0 V  30 C  err 0x00
>>> pos 30
id 30  pos  3181  spd  -100  load   76  12.1 V  30 C  err 0x00
>>> pos 30
id 30  pos  3178  spd  -100  load   80  12.0 V  30 C  err 0x00
>>> pos 30
id 30  pos  3174  spd  -100  load   72  12.1 V  31 C  err 0x00
>>> pos 30
id 30  pos  3171  spd  -100  load   72  12.1 V  30 C  err 0x00
>>> pos 30
id 30  pos  3168  spd  -100  load   84  12.1 V  30 C  err 0x00
>>> pos 30
id 30  pos  3164  spd  -100  load   72  12.1 V  30 C  err 0x00
>>> pos 30
id 30  pos  3161  spd   -50  load   76  12.0 V  30 C  err 0x00
>>> pos 30
id 30  pos  3158  spd  -100  load   68  12.0 V  30 C  err 0x00
>>> pos 30
id 30  pos  3154  spd  -100  load   68  12.0 V  30 C  err 0x00
>>> pos 30
id 30  pos  3151  spd  -100  load   72  12.1 V  30 C  err 0x00
>>> pos 30
id 30  pos  3148  spd   -50  load   76  12.1 V  30 C  err 0x00
>>> pos 30
id 30  pos  3144  spd  -150  load   72  12.1 V  30 C  err 0x00
>>> pos 30
id 30  pos  3141  spd  -100  load   72  12.1 V  30 C  err 0x00
>>> pos 30
id 30  pos  3138  spd  -100  load   68  12.1 V  30 C  err 0x00
>>> pos 30
id 30  pos  3135  spd   -50  load   80  12.0 V  30 C  err 0x00
>>> pos 30
id 30  pos  3131  spd  -100  load   72  12.1 V  30 C  err 0x00
>>> pos 30
id 30  pos  3128  spd   -50  load   72  12.1 V  30 C  err 0x00
>>> pos 30
id 30  pos  3125  spd  -100  load   80  12.1 V  30 C  err 0x00
>>> pos 30
id 30  pos  3122  spd  -100  load   80  12.0 V  30 C  err 0x00
>>> pos 30
id 30  pos  3118  spd  -150  load   72  12.0 V  30 C  err 0x00
>>> pos 30
id 30  pos  3115  spd  -100  load   76  12.0 V  30 C  err 0x00
>>> pos 30
id 30  pos  3112  spd  -100  load   80  12.0 V  30 C  err 0x00
>>> pos 30
id 30  pos  3108  spd  -100  load   72  12.1 V  30 C  err 0x00
>>> pos 30
id 30  pos  3105  spd  -100  load   72  12.0 V  30 C  err 0x00
>>> pos 30
id 30  pos  3102  spd  -100  load   80  12.1 V  30 C  err 0x00
>>> pos 30
id 30  pos  3099  spd  -100  load   80  12.1 V  30 C  err 0x00
>>> pos 30
id 30  pos  3095  spd  -100  load   72  12.1 V  30 C  err 0x00
>>> pos 30
id 30  pos  3092  spd  -100  load   80  12.0 V  30 C  err 0x00
>>> pos 30
id 30  pos  3089  spd  -100  load   80  12.1 V  30 C  err 0x00
>>> pos 30
id 30  pos  3086  spd  -100  load   80  12.0 V  30 C  err 0x00
>>> pos 30
id 30  pos  3082  spd  -100  load   80  12.0 V  30 C  err 0x00
>>> pos 30
id 30  pos  3079  spd  -100  load   80  12.1 V  30 C  err 0x00
>>> pos 30
id 30  pos  3075  spd  -100  load   72  12.0 V  30 C  err 0x00
>>> pos 30
id 30  pos  3072  spd  -100  load   80  12.1 V  30 C  err 0x00
>>> pos 30
id 30  pos  3069  spd  -100  load   80  12.1 V  30 C  err 0x00
>>> pos 30
id 30  pos  3066  spd  -100  load   80  12.1 V  30 C  err 0x00
>>> pos 30
id 30  pos  3062  spd  -100  load   84  12.0 V  30 C  err 0x00
>>> pos 30
id 30  pos  3059  spd  -100  load   80  12.0 V  30 C  err 0x00
>>> pos 30
id 30  pos  3056  spd  -100  load   84  12.1 V  30 C  err 0x00
>>> pos 30
id 30  pos  3052  spd  -100  load   72  12.1 V  30 C  err 0x00
>>> pos 30
id 30  pos  3049  spd  -100  load   76  12.0 V  30 C  err 0x00
>>> pos 30
id 30  pos  3046  spd  -100  load   80  12.0 V  30 C  err 0x00
>>> pos 30
id 30  pos  3043  spd  -100  load   84  12.1 V  30 C  err 0x00
>>> pos 30
id 30  pos  3039  spd  -100  load   80  12.1 V  30 C  err 0x00
>>> pos 30
id 30  pos  3036  spd   -50  load   84  12.1 V  30 C  err 0x00
>>> pos 30
id 30  pos  3033  spd  -100  load   76  12.1 V  30 C  err 0x00
>>> pos 30
id 30  pos  3030  spd  -100  load   92  12.0 V  30 C  err 0x00
>>> pos 30
id 30  pos  3027  spd   -50  load   88  12.1 V  30 C  err 0x00
>>> pos 30
id 30  pos  3023  spd  -100  load   76  12.1 V  30 C  err 0x00
>>> pos 30
id 30  pos  3020  spd  -100  load   88  12.1 V  30 C  err 0x00
>>> pos 30
id 30  pos  3016  spd  -100  load   76  12.1 V  30 C  err 0x00
>>> pos 30
id 30  pos  3013  spd  -100  load   80  12.1 V  30 C  err 0x00
>>> pos 30
id 30  pos  3010  spd  -150  load   88  12.0 V  30 C  err 0x00
>>> pos 30
id 30  pos  3007  spd   -50  load   88  12.0 V  30 C  err 0x00
>>> pos 30
id 30  pos  3003  spd  -100  load   80  12.1 V  30 C  err 0x00
>>> pos 30
id 30  pos  3000  spd  -100  load   88  12.1 V  30 C  err 0x00
>>> pos 30
id 30  pos  2996  spd  -150  load   80  12.1 V  30 C  err 0x00
>>> pos 30
id 30  pos  2993  spd   -50  load   80  12.1 V  30 C  err 0x00
>>> pos 30
id 30  pos  2990  spd  -150  load   80  12.1 V  30 C  err 0x00
>>> pos 30
id 30  pos  2987  spd   -50  load   88  12.1 V  30 C  err 0x00
>>> pos 30
id 30  pos  2983  spd   -50  load   80  12.1 V  30 C  err 0x00
>>> pos 30
id 30  pos  2980  spd  -100  load   80  12.1 V  30 C  err 0x00
>>> pos 30
id 30  pos  2977  spd  -150  load   88  12.0 V  30 C  err 0x00
>>> pos 30
id 30  pos  2974  spd   -50  load   92  12.0 V  30 C  err 0x00
>>> pos 30
id 30  pos  2970  spd  -100  load   80  12.0 V  30 C  err 0x00
>>> pos 30
id 30  pos  2967  spd  -100  load   84  12.1 V  30 C  err 0x00
>>> pos 30
id 30  pos  2964  spd  -100  load   88  12.0 V  30 C  err 0x00
>>> pos 30
id 30  pos  2960  spd  -150  load   80  12.1 V  30 C  err 0x00
>>> pos 30
id 30  pos  2957  spd  -100  load   88  12.1 V  30 C  err 0x00
>>> pos 30
id 30  pos  2954  spd  -100  load   88  12.0 V  30 C  err 0x00
>>> pos 30
id 30  pos  2950  spd  -100  load   80  12.1 V  30 C  err 0x00
>>> pos 30
id 30  pos  2947  spd  -100  load   88  12.0 V  30 C  err 0x00
>>> pos 30
id 30  pos  2944  spd  -100  load   88  12.0 V  30 C  err 0x00
>>> pos 30
id 30  pos  2941  spd  -100  load   88  12.1 V  30 C  err 0x00
>>> pos 30
id 30  pos  2938  spd  -100  load   88  12.1 V  30 C  err 0x00
>>> pos 30
id 30  pos  2934  spd  -100  load   88  12.1 V  30 C  err 0x00
>>> pos 30
id 30  pos  2931  spd  -100  load   88  12.1 V  30 C  err 0x00
>>> pos 30
id 30  pos  2927  spd  -100  load   80  12.1 V  30 C  err 0x00
>>> pos 30
id 30  pos  2924  spd  -150  load   88  12.1 V  30 C  err 0x00
>>> pos 30
id 30  pos  2921  spd  -100  load   88  12.1 V  30 C  err 0x00
>>> pos 30
id 30  pos  2918  spd  -100  load   88  12.1 V  30 C  err 0x00
>>> pos 30
id 30  pos  2914  spd  -100  load   88  12.0 V  30 C  err 0x00
>>> pos 30
id 30  pos  2911  spd  -100  load   88  12.0 V  31 C  err 0x00
>>> pos 30
id 30  pos  2908  spd  -100  load   88  12.1 V  30 C  err 0x00
>>> pos 30
id 30  pos  2904  spd  -100  load   88  12.1 V  30 C  err 0x00
>>> pos 30
id 30  pos  2901  spd  -100  load   88  12.1 V  30 C  err 0x00
>>> pos 30
id 30  pos  2898  spd  -100  load   88  12.0 V  30 C  err 0x00
>>> pos 30
id 30  pos  2895  spd  -100  load  100  12.1 V  30 C  err 0x00
>>> pos 30
id 30  pos  2891  spd  -100  load   88  12.1 V  30 C  err 0x00
>>> pos 30
id 30  pos  2888  spd  -150  load   88  12.1 V  30 C  err 0x00
>>> pos 30
id 30  pos  2884  spd  -100  load   76  12.1 V  30 C  err 0x00
>>> pos 30
id 30  pos  2881  spd  -100  load   92  12.1 V  30 C  err 0x00
>>> pos 30
id 30  pos  2878  spd  -100  load   88  12.1 V  30 C  err 0x00
>>> pos 30
id 30  pos  2875  spd  -100  load   88  12.0 V  30 C  err 0x00
>>> pos 30
id 30  pos  2871  spd  -100  load   88  12.1 V  30 C  err 0x00
>>> pos 30
id 30  pos  2868  spd  -100  load   88  12.1 V  30 C  err 0x00
>>> pos 30
id 30  pos  2865  spd  -100  load   88  12.0 V  30 C  err 0x00
>>> pos 30
id 30  pos  2861  spd  -100  load   88  12.1 V  30 C  err 0x00
>>> pos 30
id 30  pos  2858  spd  -100  load   88  12.0 V  30 C  err 0x00
>>> pos 30
id 30  pos  2854  spd  -100  load   80  12.0 V  30 C  err 0x00
>>> pos 30
id 30  pos  2851  spd  -100  load   88  12.0 V  30 C  err 0x00
>>> pos 30
id 30  pos  2848  spd  -100  load   88  12.1 V  30 C  err 0x00
>>> pos 30
id 30  pos  2845  spd  -100  load   92  12.1 V  30 C  err 0x00
>>> pos 30
id 30  pos  2841  spd  -100  load   84  12.1 V  30 C  err 0x00
>>> pos 30
id 30  pos  2838  spd  -100  load   88  12.1 V  30 C  err 0x00
>>> pos 30
id 30  pos  2835  spd  -100  load   88  12.1 V  30 C  err 0x00
>>> pos 30
id 30  pos  2832  spd   -50  load   92  12.1 V  30 C  err 0x00
>>> pos 30
id 30  pos  2828  spd  -150  load   92  12.1 V  30 C  err 0x00
>>> pos 30
id 30  pos  2825  spd  -100  load   84  12.0 V  30 C  err 0x00
>>> pos 30
id 30  pos  2822  spd  -150  load   88  12.1 V  30 C  err 0x00
>>> pos 30
id 30  pos  2818  spd  -100  load   84  12.0 V  30 C  err 0x00
>>> pos 30
id 30  pos  2816  spd   -50  load  100  12.0 V  30 C  err 0x00
>>> pos 30
id 30  pos  2812  spd  -150  load   88  12.1 V  30 C  err 0x00
>>> pos 30
id 30  pos  2809  spd  -100  load   96  12.1 V  30 C  err 0x00
>>> pos 30
id 30  pos  2805  spd  -150  load   88  12.0 V  30 C  err 0x00
>>> pos 30
id 30  pos  2802  spd  -150  load   88  12.1 V  31 C  err 0x00
>>> pos 30
id 30  pos  2799  spd  -100  load   96  12.0 V  30 C  err 0x00
>>> pos 30
id 30  pos  2796  spd   -50  load   96  12.1 V  30 C  err 0x00
>>> pos 30
id 30  pos  2792  spd  -100  load   88  12.0 V  30 C  err 0x00
>>> pos 30
id 30  pos  2789  spd   -50  load   96  12.0 V  30 C  err 0x00
>>> pos 30
id 30  pos  2785  spd  -150  load   84  12.1 V  30 C  err 0x00
>>> pos 30
id 30  pos  2782  spd   -50  load   92  12.0 V  30 C  err 0x00
>>> pos 30
id 30  pos  2779  spd  -150  load   88  12.0 V  30 C  err 0x00
>>> pos 30
id 30  pos  2776  spd  -100  load   96  12.0 V  30 C  err 0x00
>>> pos 30
id 30  pos  2772  spd  -100  load   88  12.1 V  30 C  err 0x00
>>> pos 30
id 30  pos  2769  spd  -150  load   84  12.0 V  30 C  err 0x00
>>> pos 30
id 30  pos  2765  spd  -100  load   88  12.1 V  30 C  err 0x00
>>> pos 30
id 30  pos  2762  spd  -100  load   88  12.1 V  30 C  err 0x00
>>> pos 30
id 30  pos  2759  spd   -50  load   92  12.0 V  30 C  err 0x00
>>> pos 30
id 30  pos  2756  spd  -100  load   96  12.0 V  30 C  err 0x00
>>> pos 30
id 30  pos  2752  spd  -150  load   88  12.1 V  30 C  err 0x00
>>> pos 30
id 30  pos  2749  spd  -100  load   88  12.1 V  30 C  err 0x00
>>> pos 30
id 30  pos  2746  spd  -100  load   96  12.1 V  30 C  err 0x00
>>> pos 30
id 30  pos  2743  spd  -100  load   96  12.1 V  30 C  err 0x00
>>> pos 30
id 30  pos  2739  spd  -100  load   88  12.1 V  30 C  err 0x00
>>> pos 30
id 30  pos  2736  spd  -100  load   96  12.1 V  30 C  err 0x00
>>> pos 30
id 30  pos  2733  spd   -50  load   96  12.1 V  30 C  err 0x00
>>> pos 30
id 30  pos  2729  spd  -100  load   88  12.1 V  30 C  err 0x00
>>> pos 30
id 30  pos  2727  spd  -100  load   96  12.0 V  30 C  err 0x00
>>> pos 30
id 30  pos  2723  spd  -100  load   96  12.1 V  30 C  err 0x00
>>> pos 30
id 30  pos  2720  spd  -100  load   96  12.1 V  30 C  err 0x00
>>> pos 30
id 30  pos  2716  spd  -100  load   88  12.0 V  30 C  err 0x00
>>> pos 30
id 30  pos  2713  spd  -100  load   96  12.1 V  30 C  err 0x00
>>> pos 30
id 30  pos  2709  spd  -100  load   88  12.0 V  30 C  err 0x00
>>> pos 30
id 30  pos  2706  spd  -100  load   88  12.0 V  30 C  err 0x00
>>> pos 30
id 30  pos  2703  spd  -100  load   96  12.1 V  30 C  err 0x00
>>> pos 30
id 30  pos  2700  spd  -100  load   96  12.1 V  30 C  err 0x00
>>> pos 30
id 30  pos  2697  spd  -100  load   96  12.0 V  30 C  err 0x00
>>> pos 30
id 30  pos  2693  spd  -100  load   96  12.1 V  30 C  err 0x00
>>> pos 30
id 30  pos  2689  spd   -50  load   88  12.0 V  30 C  err 0x00
>>> pos 30
id 30  pos  2686  spd  -100  load   88  12.1 V  30 C  err 0x00
>>> pos 30
id 30  pos  2683  spd  -100  load   96  12.0 V  30 C  err 0x00
>>> pos 30
id 30  pos  2680  spd  -100  load   96  12.0 V  30 C  err 0x00
>>> pos 30
id 30  pos  2676  spd  -100  load   88  12.0 V  30 C  err 0x00
>>> pos 30
id 30  pos  2673  spd  -100  load   88  12.1 V  30 C  err 0x00
>>> pos 30
id 30  pos  2670  spd  -100  load   92  12.1 V  30 C  err 0x00
>>> pos 30
id 30  pos  2666  spd  -150  load   84  12.1 V  30 C  err 0x00
>>> pos 30
id 30  pos  2663  spd  -100  load   88  12.1 V  30 C  err 0x00
>>> pos 30
id 30  pos  2660  spd  -100  load   96  12.1 V  30 C  err 0x00
>>> pos 30
id 30  pos  2656  spd  -100  load   88  12.0 V  30 C  err 0x00
>>> pos 30
id 30  pos  2654  spd   -50  load   96  12.1 V  30 C  err 0x00
>>> pos 30
id 30  pos  2650  spd  -100  load   96  12.1 V  30 C  err 0x00
>>> pos 30
id 30  pos  2647  spd  -100  load   96  12.1 V  30 C  err 0x00
>>> pos 30
id 30  pos  2643  spd  -100  load   88  12.1 V  30 C  err 0x00
>>> pos 30
id 30  pos  2640  spd   -50  load   96  12.1 V  30 C  err 0x00
>>> pos 30
id 30  pos  2636  spd  -100  load   88  12.1 V  30 C  err 0x00
>>> pos 30
id 30  pos  2634  spd  -100  load   96  12.0 V  30 C  err 0x00
>>> pos 30
id 30  pos  2630  spd  -100  load   96  12.1 V  30 C  err 0x00
>>> pos 30
id 30  pos  2627  spd  -100  load   96  12.0 V  30 C  err 0x00
>>> pos 30
id 30  pos  2623  spd  -100  load   88  12.0 V  30 C  err 0x00
>>> pos 30
id 30  pos  2620  spd  -100  load   88  12.1 V  30 C  err 0x00
>>> pos 30
id 30  pos  2617  spd  -100  load   96  12.1 V  30 C  err 0x00
>>> pos 30
id 30  pos  2613  spd  -100  load   88  12.0 V  30 C  err 0x00
>>> pos 30
id 30  pos  2611  spd  -100  load   96  12.0 V  30 C  err 0x00
>>> pos 30
id 30  pos  2607  spd  -100  load   96  12.0 V  30 C  err 0x00
>>> pos 30
id 30  pos  2604  spd  -100  load   96  12.1 V  30 C  err 0x00
>>> pos 30
id 30  pos  2600  spd  -100  load   88  12.0 V  30 C  err 0x00
>>> pos 30
id 30  pos  2597  spd  -100  load   96  12.0 V  30 C  err 0x00
>>> pos 30
id 30  pos  2593  spd  -100  load   88  12.1 V  30 C  err 0x00
>>> pos 30
id 30  pos  2590  spd  -100  load   88  12.1 V  30 C  err 0x00
>>> pos 30
id 30  pos  2587  spd  -100  load   96  12.1 V  30 C  err 0x00
>>> pos 30
id 30  pos  2584  spd  -100  load   96  12.1 V  30 C  err 0x00
>>> pos 30
id 30  pos  2580  spd  -100  load   88  12.0 V  30 C  err 0x00
>>> pos 30
id 30  pos  2577  spd  -100  load   96  12.0 V  30 C  err 0x00
>>> pos 30
id 30  pos  2573  spd  -100  load   88  12.1 V  30 C  err 0x00
>>> pos 30
id 30  pos  2570  spd  -100  load   92  12.1 V  30 C  err 0x00
>>> pos 30
id 30  pos  2567  spd   -50  load   88  12.1 V  30 C  err 0x00
>>> pos 30
id 30  pos  2564  spd  -100  load   96  12.1 V  30 C  err 0x00
>>> pos 30
id 30  pos  2560  spd  -100  load   88  12.1 V  30 C  err 0x00
>>> pos 30
id 30  pos  2558  spd  -100  load   96  12.1 V  30 C  err 0x00
>>> pos 30
id 30  pos  2554  spd  -100  load   96  12.0 V  30 C  err 0x00
>>> pos 30
id 30  pos  2551  spd  -100  load   96  12.1 V  30 C  err 0x00
>>> pos 30
id 30  pos  2547  spd  -150  load   88  12.1 V  30 C  err 0x00
>>> pos 30
id 30  pos  2544  spd   -50  load   96  12.1 V  30 C  err 0x00
>>> pos 30
id 30  pos  2541  spd   -50  load   96  12.0 V  30 C  err 0x00
>>> pos 30
id 30  pos  2538  spd  -100  load   96  12.1 V  30 C  err 0x00
>>> pos 30
id 30  pos  2535  spd  -100  load  100  12.1 V  30 C  err 0x00
>>> pos 30
id 30  pos  2532  spd  -100  load   92  12.1 V  30 C  err 0x00
>>> pos 30
id 30  pos  2529  spd  -100  load   88  12.0 V  30 C  err 0x00
>>> pos 30
id 30  pos  2526  spd   -50  load   80  12.1 V  30 C  err 0x00
>>> pos 30
id 30  pos  2524  spd   -50  load   76  12.0 V  30 C  err 0x00
>>> pos 30
id 30  pos  2522  spd   -50  load   80  12.1 V  30 C  err 0x00
>>> pos 30
id 30  pos  2521  spd   -50  load   88  12.1 V  30 C  err 0x00
>>> pos 30
id 30  pos  2519  spd   -50  load   80  12.1 V  30 C  err 0x00
>>> pos 30
id 30  pos  2517  spd   -50  load   80  12.1 V  30 C  err 0x00
>>> pos 30
id 30  pos  2515  spd   -50  load   72  12.1 V  30 C  err 0x00
>>> pos 30
id 30  pos  2515  spd   -50  load   72  12.1 V  30 C  err 0x00
>>> pos 30
id 30  pos  2515  spd     0  load   72  12.0 V  30 C  err 0x00
>>> pos 30
id 30  pos  2515  spd     0  load   72  12.1 V  31 C  err 0x00
>>> pos 30
id 30  pos  2515  spd     0  load   72  12.0 V  30 C  err 0x00
>>> pos 30
id 30  pos  2515  spd     0  load   72  12.1 V  30 C  err 0x00
>>> pos 30
id 30  pos  2515  spd     0  load   72  12.0 V  30 C  err 0x00
>>> pos 30
id 30  pos  2515  spd     0  load   72  12.1 V  30 C  err 0x00
>>> pos 30
id 30  pos  2515  spd     0  load   72  12.1 V  30 C  err 0x00
>>> pos 30
id 30  pos  2515  spd     0  load   72  12.1 V  30 C  err 0x00
>>> pos 30
id 30  pos  2515  spd     0  load   72  12.1 V  30 C  err 0x00
>>> pos 30
id 30  pos  2515  spd     0  load   72  12.0 V  30 C  err 0x00
>>> pos 30
id 30  pos  2515  spd     0  load   72  12.1 V  30 C  err 0x00
>>> pos 30
id 30  pos  2515  spd     0  load   72  12.0 V  30 C  err 0x00
>>> pos 30
id 30  pos  2515  spd     0  load   72  12.1 V  30 C  err 0x00
>>> pos 30
id 30  pos  2515  spd     0  load   72  12.1 V  30 C  err 0x00
>>> pos 30
id 30  pos  2515  spd     0  load   72  12.1 V  30 C  err 0x00
>>> pos 30
id 30  pos  2515  spd     0  load   72  12.1 V  30 C  err 0x00
>>> pos 30
id 30  pos  2515  spd     0  load   72  12.1 V  30 C  err 0x00
>>> pos 30
id 30  pos  2515  spd     0  load   72  12.0 V  30 C  err 0x00
>>> pos 30
id 30  pos  2515  spd     0  load   72  12.1 V  30 C  err 0x00
>>> pos 30
id 30  pos  2515  spd     0  load   72  12.1 V  30 C  err 0x00
>>> pos 30
id 30  pos  2515  spd     0  load   72  12.0 V  30 C  err 0x00
>>> pos 30
id 30  pos  2515  spd     0  load   72  12.1 V  30 C  err 0x00
>>> pos 30
id 30  pos  2515  spd     0  load   72  12.1 V  30 C  err 0x00
>>> pos 30
id 30  pos  2515  spd     0  load   72  12.1 V  30 C  err 0x00
>>> pos 30
id 30  pos  2515  spd     0  load   72  12.0 V  30 C  err 0x00
>>> pos 30
id 30  pos  2515  spd     0  load   72  12.1 V  30 C  err 0x00
>>> pos 30
id 30  pos  2515  spd     0  load   72  12.0 V  30 C  err 0x00
>>> pos 30
id 30  pos  2515  spd     0  load   72  12.1 V  30 C  err 0x00
>>> pos 30
id 30  pos  2515  spd     0  load   72  12.0 V  30 C  err 0x00
>>> pos 30
id 30  pos  2515  spd     0  load   72  12.0 V  30 C  err 0x00
>>> pos 30
id 30  pos  2515  spd     0  load   72  12.1 V  30 C  err 0x00
>>> pos 30
id 30  pos  2515  spd     0  load   72  12.1 V  30 C  err 0x00
>>> pos 30
id 30  pos  2515  spd     0  load   72  12.0 V  30 C  err 0x00
>>> pos 30
id 30  pos  2515  spd     0  load   72  12.1 V  30 C  err 0x00
>>> pos 30
id 30  pos  2515  spd     0  load   72  12.1 V  30 C  err 0x00
>>> pos 30
id 30  pos  2515  spd     0  load   72  12.0 V  30 C  err 0x00
>>> pos 30
id 30  pos  2515  spd     0  load   72  12.1 V  30 C  err 0x00
>>> pos 30
id 30  pos  2515  spd     0  load   72  12.1 V  30 C  err 0x00
>>> pos 30
id 30  pos  2515  spd     0  load   72  12.1 V  30 C  err 0x00
>>> pos 30
id 30  pos  2515  spd     0  load   72  12.1 V  30 C  err 0x00
>>> pos 30
id 30  pos  2515  spd     0  load   72  12.1 V  30 C  err 0x00
>>> pos 30
id 30  pos  2515  spd     0  load   72  12.1 V  30 C  err 0x00
>>> pos 30
id 30  pos  2515  spd     0  load   72  12.1 V  30 C  err 0x00
>>> pos 30
id 30  pos  2515  spd     0  load   72  12.0 V  30 C  err 0x00
>>> pos 30
id 30  pos  2515  spd     0  load   72  12.1 V  30 C  err 0x00
>>> pos 30
id 30  pos  2515  spd     0  load   72  12.1 V  30 C  err 0x00
>>> pos 30
id 30  pos  2515  spd     0  load   72  12.1 V  30 C  err 0x00
>>> pos 30
id 30  pos  2515  spd     0  load   72  12.1 V  30 C  err 0x00
>>> pos 30
id 30  pos  2515  spd     0  load   72  12.0 V  30 C  err 0x00
>>> pos 30
id 30  pos  2515  spd     0  load   72  12.1 V  30 C  err 0x00
>>> pos 30
id 30  pos  2515  spd     0  load   72  12.1 V  30 C  err 0x00
>>> pos 30
id 30  pos  2515  spd     0  load   72  12.1 V  30 C  err 0x00
>>> pos 30
id 30  pos  2515  spd     0  load   72  12.1 V  30 C  err 0x00
>>> pos 30
id 30  pos  2515  spd     0  load   72  12.1 V  30 C  err 0x00
>>> pos 30
id 30  pos  2515  spd     0  load   72  12.0 V  30 C  err 0x00
>>> pos 30
id 30  pos  2515  spd     0  load   72  12.0 V  30 C  err 0x00
>>> pos 30
id 30  pos  2515  spd     0  load   72  12.1 V  30 C  err 0x00
>>> pos 30
id 30  pos  2515  spd     0  load   72  12.1 V  30 C  err 0x00
>>> pos 30
id 30  pos  2515  spd     0  load   72  12.0 V  30 C  err 0x00
>>> pos 30
id 30  pos  2515  spd     0  load   72  12.1 V  30 C  err 0x00
>>> pos 30
id 30  pos  2515  spd     0  load   72  12.1 V  30 C  err 0x00
>>> pos 30
id 30  pos  2515  spd     0  load   72  12.0 V  30 C  err 0x00
>>> pos 30
id 30  pos  2515  spd     0  load   72  12.1 V  30 C  err 0x00
>>> pos 30
id 30  pos  2515  spd     0  load   72  12.1 V  30 C  err 0x00
>>> pos 30
id 30  pos  2515  spd     0  load   72  12.0 V  30 C  err 0x00
>>> pos 30
id 30  pos  2515  spd     0  load   72  12.1 V  30 C  err 0x00
>>> pos 30
id 30  pos  2515  spd     0  load   72  12.1 V  30 C  err 0x00
>>> pos 30
id 30  pos  2515  spd     0  load   72  12.1 V  30 C  err 0x00
>>> pos 30
id 30  pos  2515  spd     0  load   72  12.1 V  30 C  err 0x00
>>> pos 30
id 30  pos  2515  spd     0  load   72  12.0 V  30 C  err 0x00
>>> pos 30
id 30  pos  2515  spd     0  load   72  12.0 V  30 C  err 0x00
>>> pos 30
id 30  pos  2515  spd     0  load   72  12.1 V  30 C  err 0x00
>>> pos 30
id 30  pos  2515  spd     0  load   72  12.0 V  30 C  err 0x00
>>> pos 30
id 30  pos  2515  spd     0  load   72  12.1 V  30 C  err 0x00
>>> pos 30
id 30  pos  2515  spd     0  load   72  12.1 V  30 C  err 0x00
>>> pos 30
id 30  pos  2515  spd     0  load   72  12.0 V  30 C  err 0x00
>>> pos 30
id 30  pos  2515  spd     0  load   72  12.1 V  30 C  err 0x00
>>> pos 30
id 30  pos  2515  spd     0  load   72  12.1 V  30 C  err 0x00
>>> pos 30
id 30  pos  2515  spd     0  load   72  12.1 V  30 C  err 0x00
>>> pos 30
id 30  pos  2515  spd     0  load   72  12.1 V  30 C  err 0x00
>>> pos 30
id 30  pos  2515  spd     0  load   72  12.1 V  30 C  err 0x00
>>> pos 30
id 30  pos  2515  spd     0  load   72  12.1 V  30 C  err 0x00
>>> pos 30
id 30  pos  2515  spd     0  load   72  12.1 V  30 C  err 0x00
>>> pos 30
id 30  pos  2515  spd     0  load   72  12.1 V  30 C  err 0x00
>>> pos 30
id 30  pos  2515  spd     0  load   72  12.1 V  30 C  err 0x00
>>> pos 30
id 30  pos  2515  spd     0  load   72  12.1 V  30 C  err 0x00
>>> pos 30
id 30  pos  2515  spd     0  load   72  12.1 V  30 C  err 0x00
>>> pos 30
id 30  pos  2515  spd     0  load   72  12.0 V  30 C  err 0x00
>>> pos 30
id 30  pos  2515  spd     0  load   72  12.0 V  30 C  err 0x00
>>> pos 30
id 30  pos  2515  spd     0  load   72  12.1 V  30 C  err 0x00
>>> pos 30
id 30  pos  2515  spd     0  load   72  12.1 V  30 C  err 0x00
>>> pos 30
id 30  pos  2515  spd     0  load   72  12.1 V  30 C  err 0x00
>>> pos 30
id 30  pos  2515  spd     0  load   72  12.1 V  30 C  err 0x00
>>> pos 30
id 30  pos  2515  spd     0  load   72  12.1 V  30 C  err 0x00
>>> pos 30
id 30  pos  2515  spd     0  load   72  12.1 V  30 C  err 0x00
>>> pos 30
id 30  pos  2515  spd     0  load   72  12.1 V  30 C  err 0x00
>>> pos 30
id 30  pos  2515  spd     0  load   72  12.1 V  30 C  err 0x00
>>> pos 30
id 30  pos  2515  spd     0  load   72  12.1 V  30 C  err 0x00
>>> pos 30
id 30  pos  2515  spd     0  load   72  12.1 V  30 C  err 0x00
>>> pos 30
id 30  pos  2515  spd     0  load   72  12.0 V  30 C  err 0x00
  travel 3528->2507: spd 98 (sd 23, 50..150), backward samples 0/312, load 0..100, end overshoot 0, residual range 0, err 0
>>> pos 30
id 30  pos  2515  spd     0  load   72  12.0 V  30 C  err 0x00
>>> pos 30
id 30  pos  2515  spd     0  load   72  12.1 V  30 C  err 0x00
>>> pos 30
id 30  pos  2515  spd     0  load   72  12.1 V  30 C  err 0x00
>>> pos 30
id 30  pos  2515  spd     0  load   72  12.1 V  30 C  err 0x00
>>> pos 30
id 30  pos  2515  spd     0  load   72  12.1 V  30 C  err 0x00
>>> pos 30
id 30  pos  2515  spd     0  load   72  12.1 V  30 C  err 0x00
>>> pos 30
id 30  pos  2515  spd     0  load   72  12.1 V  30 C  err 0x00
>>> pos 30
id 30  pos  2515  spd     0  load   72  12.1 V  30 C  err 0x00
>>> pos 30
id 30  pos  2515  spd     0  load   72  12.1 V  30 C  err 0x00
>>> pos 30
id 30  pos  2515  spd     0  load   72  12.1 V  30 C  err 0x00
>>> pos 30
id 30  pos  2515  spd     0  load   72  12.1 V  30 C  err 0x00
>>> pos 30
id 30  pos  2515  spd     0  load   72  12.1 V  30 C  err 0x00
>>> pos 30
id 30  pos  2515  spd     0  load   72  12.1 V  30 C  err 0x00
>>> pos 30
id 30  pos  2515  spd     0  load   72  12.1 V  30 C  err 0x00
>>> pos 30
id 30  pos  2515  spd     0  load   72  12.1 V  31 C  err 0x00
>>> pos 30
id 30  pos  2515  spd     0  load   72  12.0 V  30 C  err 0x00
>>> pos 30
id 30  pos  2515  spd     0  load   72  12.0 V  30 C  err 0x00
>>> pos 30
id 30  pos  2515  spd     0  load   72  12.1 V  30 C  err 0x00
>>> pos 30
id 30  pos  2515  spd     0  load   72  12.1 V  30 C  err 0x00
>>> pos 30
id 30  pos  2515  spd     0  load   72  12.1 V  30 C  err 0x00
>>> pos 30
id 30  pos  2515  spd     0  load   72  12.1 V  30 C  err 0x00
>>> pos 30
id 30  pos  2515  spd     0  load   72  12.0 V  30 C  err 0x00
>>> pos 30
id 30  pos  2515  spd     0  load   72  12.0 V  30 C  err 0x00
>>> pos 30
id 30  pos  2515  spd     0  load   72  12.1 V  30 C  err 0x00
>>> pos 30
id 30  pos  2515  spd     0  load   72  12.1 V  30 C  err 0x00
>>> pos 30
id 30  pos  2515  spd     0  load   72  12.1 V  30 C  err 0x00
>>> pos 30
id 30  pos  2515  spd     0  load   72  12.1 V  30 C  err 0x00
>>> pos 30
id 30  pos  2515  spd     0  load   72  12.0 V  30 C  err 0x00
>>> pos 30
id 30  pos  2515  spd     0  load   72  12.0 V  30 C  err 0x00
>>> pos 30
id 30  pos  2515  spd     0  load   72  12.1 V  30 C  err 0x00
>>> pos 30
id 30  pos  2515  spd     0  load   72  12.0 V  30 C  err 0x00
>>> pos 30
id 30  pos  2515  spd     0  load   72  12.1 V  30 C  err 0x00
>>> pos 30
id 30  pos  2515  spd     0  load   72  12.1 V  30 C  err 0x00
>>> pos 30
id 30  pos  2515  spd     0  load   72  12.1 V  30 C  err 0x00
>>> pos 30
id 30  pos  2515  spd     0  load   72  12.0 V  30 C  err 0x00
>>> pos 30
id 30  pos  2515  spd     0  load   72  12.1 V  30 C  err 0x00
>>> pos 30
id 30  pos  2515  spd     0  load   72  12.1 V  30 C  err 0x00
>>> pos 30
id 30  pos  2515  spd     0  load   72  12.1 V  30 C  err 0x00
>>> pos 30
id 30  pos  2515  spd     0  load   72  12.1 V  30 C  err 0x00
>>> pos 30
id 30  pos  2515  spd     0  load   72  12.1 V  30 C  err 0x00
>>> pos 30
id 30  pos  2515  spd     0  load   72  12.1 V  30 C  err 0x00
>>> pos 30
id 30  pos  2515  spd     0  load   72  12.1 V  30 C  err 0x00
>>> pos 30
id 30  pos  2515  spd     0  load   72  12.1 V  30 C  err 0x00
>>> pos 30
id 30  pos  2515  spd     0  load   72  12.1 V  30 C  err 0x00
>>> pos 30
id 30  pos  2515  spd     0  load   72  12.1 V  30 C  err 0x00
>>> pos 30
id 30  pos  2515  spd     0  load   72  12.1 V  30 C  err 0x00
>>> pos 30
id 30  pos  2515  spd     0  load   72  12.1 V  30 C  err 0x00
>>> pos 30
id 30  pos  2515  spd     0  load   72  12.1 V  30 C  err 0x00
>>> pos 30
id 30  pos  2515  spd     0  load   72  12.1 V  30 C  err 0x00
>>> pos 30
id 30  pos  2515  spd     0  load   72  12.0 V  30 C  err 0x00
>>> pos 30
id 30  pos  2515  spd     0  load   72  12.1 V  30 C  err 0x00
>>> pos 30
id 30  pos  2515  spd     0  load   72  12.0 V  30 C  err 0x00
>>> pos 30
id 30  pos  2515  spd     0  load   72  12.1 V  30 C  err 0x00
>>> pos 30
id 30  pos  2515  spd     0  load   72  12.1 V  30 C  err 0x00
>>> pos 30
id 30  pos  2515  spd     0  load   72  12.1 V  30 C  err 0x00
>>> pos 30
id 30  pos  2515  spd     0  load   72  12.1 V  30 C  err 0x00
>>> pos 30
id 30  pos  2515  spd     0  load   72  12.1 V  30 C  err 0x00
>>> pos 30
id 30  pos  2515  spd     0  load   72  12.1 V  30 C  err 0x00
>>> pos 30
id 30  pos  2515  spd     0  load   72  12.1 V  31 C  err 0x00
>>> pos 30
id 30  pos  2515  spd     0  load   72  12.1 V  30 C  err 0x00
>>> pos 30
id 30  pos  2515  spd     0  load   72  12.1 V  30 C  err 0x00
>>> pos 30
id 30  pos  2515  spd     0  load   72  12.0 V  30 C  err 0x00
>>> pos 30
id 30  pos  2515  spd     0  load   72  12.0 V  30 C  err 0x00
>>> pos 30
id 30  pos  2515  spd     0  load   72  12.0 V  30 C  err 0x00
>>> pos 30
id 30  pos  2515  spd     0  load   72  12.1 V  30 C  err 0x00
>>> pos 30
id 30  pos  2515  spd     0  load   72  12.0 V  30 C  err 0x00
>>> pos 30
id 30  pos  2515  spd     0  load   72  12.1 V  30 C  err 0x00
>>> pos 30
id 30  pos  2515  spd     0  load   72  12.0 V  30 C  err 0x00
>>> pos 30
id 30  pos  2515  spd     0  load   72  12.1 V  30 C  err 0x00
>>> pos 30
id 30  pos  2515  spd     0  load   72  12.0 V  30 C  err 0x00
>>> pos 30
id 30  pos  2515  spd     0  load   72  12.1 V  30 C  err 0x00
>>> pos 30
id 30  pos  2515  spd     0  load   72  12.1 V  30 C  err 0x00
>>> pos 30
id 30  pos  2515  spd     0  load   72  12.1 V  30 C  err 0x00
>>> pos 30
id 30  pos  2515  spd     0  load   72  12.0 V  30 C  err 0x00
>>> pos 30
id 30  pos  2515  spd     0  load   72  12.0 V  30 C  err 0x00
>>> pos 30
id 30  pos  2515  spd     0  load   72  12.1 V  30 C  err 0x00
>>> pos 30
id 30  pos  2515  spd     0  load   72  12.1 V  30 C  err 0x00
>>> pos 30
id 30  pos  2515  spd     0  load   72  12.1 V  30 C  err 0x00
>>> pos 30
id 30  pos  2515  spd     0  load   72  12.1 V  30 C  err 0x00
>>> pos 30
id 30  pos  2515  spd     0  load   72  12.0 V  30 C  err 0x00
>>> pos 30
id 30  pos  2515  spd     0  load   72  12.1 V  30 C  err 0x00
>>> pos 30
id 30  pos  2515  spd     0  load   72  12.1 V  30 C  err 0x00
>>> pos 30
id 30  pos  2515  spd     0  load   72  12.0 V  30 C  err 0x00
>>> pos 30
id 30  pos  2515  spd     0  load   72  12.1 V  30 C  err 0x00
>>> pos 30
id 30  pos  2515  spd     0  load   72  12.1 V  30 C  err 0x00
>>> pos 30
id 30  pos  2515  spd     0  load   72  12.1 V  30 C  err 0x00
>>> pos 30
id 30  pos  2515  spd     0  load   72  12.0 V  30 C  err 0x00
>>> pos 30
id 30  pos  2515  spd     0  load   72  12.1 V  30 C  err 0x00
>>> pos 30
id 30  pos  2515  spd     0  load   72  12.0 V  30 C  err 0x00
>>> pos 30
id 30  pos  2515  spd     0  load   72  12.0 V  30 C  err 0x00
>>> pos 30
id 30  pos  2515  spd     0  load   72  12.1 V  30 C  err 0x00
>>> pos 30
id 30  pos  2515  spd     0  load   72  12.1 V  30 C  err 0x00
>>> pos 30
id 30  pos  2515  spd     0  load   72  12.1 V  30 C  err 0x00
>>> pos 30
id 30  pos  2515  spd     0  load   72  12.1 V  30 C  err 0x00
>>> pos 30
id 30  pos  2515  spd     0  load   72  12.1 V  30 C  err 0x00
>>> pos 30
id 30  pos  2515  spd     0  load   72  12.0 V  30 C  err 0x00
>>> pos 30
id 30  pos  2515  spd     0  load   72  12.1 V  30 C  err 0x00
>>> pos 30
id 30  pos  2515  spd     0  load   72  12.1 V  30 C  err 0x00
>>> pos 30
id 30  pos  2515  spd     0  load   72  12.1 V  30 C  err 0x00
>>> pos 30
id 30  pos  2515  spd     0  load   72  12.1 V  30 C  err 0x00
>>> pos 30
id 30  pos  2515  spd     0  load   72  12.1 V  30 C  err 0x00
>>> pos 30
id 30  pos  2515  spd     0  load   72  12.1 V  30 C  err 0x00
>>> pos 30
id 30  pos  2515  spd     0  load   72  12.1 V  30 C  err 0x00
>>> pos 30
id 30  pos  2515  spd     0  load   72  12.1 V  30 C  err 0x00
>>> pos 30
id 30  pos  2515  spd     0  load   72  12.1 V  30 C  err 0x00
>>> pos 30
id 30  pos  2515  spd     0  load   72  12.1 V  30 C  err 0x00
>>> pos 30
id 30  pos  2515  spd     0  load   72  12.1 V  30 C  err 0x00
>>> pos 30
id 30  pos  2515  spd     0  load   72  12.1 V  30 C  err 0x00
>>> pos 30
id 30  pos  2515  spd     0  load   72  12.1 V  30 C  err 0x00
>>> pos 30
id 30  pos  2515  spd     0  load   72  12.1 V  30 C  err 0x00
>>> pos 30
id 30  pos  2515  spd     0  load   72  12.1 V  30 C  err 0x00
>>> pos 30
id 30  pos  2515  spd     0  load   72  12.1 V  30 C  err 0x00
>>> pos 30
id 30  pos  2515  spd     0  load   72  12.1 V  30 C  err 0x00
>>> pos 30
id 30  pos  2515  spd     0  load   72  12.1 V  30 C  err 0x00
>>> pos 30
id 30  pos  2515  spd     0  load   72  12.0 V  30 C  err 0x00
>>> pos 30
id 30  pos  2515  spd     0  load   72  12.0 V  30 C  err 0x00
>>> pos 30
id 30  pos  2515  spd     0  load   72  12.1 V  30 C  err 0x00
>>> pos 30
id 30  pos  2515  spd     0  load   72  12.0 V  30 C  err 0x00
>>> pos 30
id 30  pos  2515  spd     0  load   72  12.0 V  30 C  err 0x00
>>> pos 30
id 30  pos  2515  spd     0  load   72  12.1 V  30 C  err 0x00
>>> pos 30
id 30  pos  2515  spd     0  load   72  12.1 V  30 C  err 0x00
>>> pos 30
id 30  pos  2515  spd     0  load   72  12.0 V  30 C  err 0x00
>>> pos 30
id 30  pos  2515  spd     0  load   72  12.0 V  30 C  err 0x00
>>> pos 30
id 30  pos  2515  spd     0  load   72  12.1 V  30 C  err 0x00
>>> pos 30
id 30  pos  2515  spd     0  load   72  12.1 V  30 C  err 0x00
>>> pos 30
id 30  pos  2515  spd     0  load   72  12.1 V  30 C  err 0x00
>>> pos 30
id 30  pos  2515  spd     0  load   72  12.1 V  30 C  err 0x00
>>> pos 30
id 30  pos  2515  spd     0  load   72  12.1 V  30 C  err 0x00
>>> pos 30
id 30  pos  2515  spd     0  load   72  12.1 V  30 C  err 0x00
>>> pos 30
id 30  pos  2515  spd     0  load   72  12.1 V  30 C  err 0x00
>>> pos 30
id 30  pos  2515  spd     0  load   72  12.0 V  30 C  err 0x00
>>> pos 30
id 30  pos  2515  spd     0  load   72  12.0 V  30 C  err 0x00
>>> pos 30
id 30  pos  2515  spd     0  load   72  12.1 V  30 C  err 0x00
>>> pos 30
id 30  pos  2515  spd     0  load   72  12.0 V  30 C  err 0x00
>>> pos 30
id 30  pos  2515  spd     0  load   72  12.1 V  30 C  err 0x00
>>> pos 30
id 30  pos  2515  spd     0  load   72  12.0 V  30 C  err 0x00
>>> pos 30
id 30  pos  2515  spd     0  load   72  12.0 V  30 C  err 0x00
>>> pos 30
id 30  pos  2515  spd     0  load   72  12.1 V  30 C  err 0x00
>>> pos 30
id 30  pos  2515  spd     0  load   72  12.1 V  30 C  err 0x00
>>> pos 30
id 30  pos  2515  spd     0  load   72  12.1 V  30 C  err 0x00
>>> pos 30
id 30  pos  2515  spd     0  load   72  12.1 V  30 C  err 0x00
>>> pos 30
id 30  pos  2515  spd     0  load   72  12.1 V  30 C  err 0x00
>>> pos 30
id 30  pos  2515  spd     0  load   72  12.1 V  30 C  err 0x00
>>> pos 30
id 30  pos  2515  spd     0  load   72  12.0 V  30 C  err 0x00
>>> pos 30
id 30  pos  2515  spd     0  load   72  12.1 V  30 C  err 0x00
>>> pos 30
id 30  pos  2515  spd     0  load   72  12.1 V  30 C  err 0x00
>>> pos 30
id 30  pos  2515  spd     0  load   72  12.1 V  30 C  err 0x00
>>> pos 30
id 30  pos  2515  spd     0  load   72  12.0 V  30 C  err 0x00
>>> pos 30
id 30  pos  2515  spd     0  load   72  12.0 V  30 C  err 0x00
>>> pos 30
id 30  pos  2515  spd     0  load   72  12.0 V  31 C  err 0x00
>>> pos 30
id 30  pos  2515  spd     0  load   72  12.1 V  30 C  err 0x00
>>> pos 30
id 30  pos  2515  spd     0  load   72  12.1 V  30 C  err 0x00
>>> pos 30
id 30  pos  2515  spd     0  load   72  12.1 V  30 C  err 0x00
  LEVEL quiet: pos +8.00, range 0, moving 0/152, load 72..72, err 0
>>> move 30 2530 0 100 2
move id 30 -> 2530 ticks, 0 ms, spd 100, acc 2: ok
>>> move 30 2507 0 100 2
move id 30 -> 2507 ticks, 0 ms, spd 100, acc 2: ok
>>> pos 30
id 30  pos  2530  spd     0  load   28  12.1 V  30 C  err 0x00
>>> pos 30
id 30  pos  2530  spd     0  load   44  12.0 V  30 C  err 0x00
>>> pos 30
id 30  pos  2530  spd     0  load   60  12.1 V  30 C  err 0x00
>>> pos 30
id 30  pos  2530  spd     0  load   84  12.1 V  30 C  err 0x00
>>> pos 30
id 30  pos  2529  spd     0  load   88  12.0 V  30 C  err 0x00
>>> pos 30
id 30  pos  2526  spd  -100  load   80  12.1 V  31 C  err 0x00
>>> pos 30
id 30  pos  2524  spd  -100  load   76  12.1 V  30 C  err 0x00
>>> pos 30
id 30  pos  2522  spd   -50  load   80  12.1 V  30 C  err 0x00
>>> pos 30
id 30  pos  2521  spd   -50  load   88  12.1 V  31 C  err 0x00
>>> pos 30
id 30  pos  2519  spd   -50  load   76  12.0 V  30 C  err 0x00
>>> pos 30
id 30  pos  2517  spd   -50  load   80  12.0 V  30 C  err 0x00
>>> pos 30
id 30  pos  2516  spd   -50  load   84  12.1 V  30 C  err 0x00
>>> pos 30
id 30  pos  2515  spd     0  load   72  12.1 V  31 C  err 0x00
>>> pos 30
id 30  pos  2515  spd     0  load   72  12.1 V  30 C  err 0x00
>>> pos 30
id 30  pos  2515  spd     0  load   72  12.0 V  30 C  err 0x00
>>> pos 30
id 30  pos  2515  spd     0  load   72  12.1 V  30 C  err 0x00
>>> pos 30
id 30  pos  2515  spd     0  load   72  12.1 V  30 C  err 0x00
>>> pos 30
id 30  pos  2515  spd     0  load   72  12.1 V  30 C  err 0x00
>>> pos 30
id 30  pos  2515  spd     0  load   72  12.1 V  30 C  err 0x00
>>> pos 30
id 30  pos  2515  spd     0  load   72  12.0 V  30 C  err 0x00
>>> pos 30
id 30  pos  2515  spd     0  load   72  12.1 V  30 C  err 0x00
>>> pos 30
id 30  pos  2515  spd     0  load   72  12.1 V  30 C  err 0x00
>>> pos 30
id 30  pos  2515  spd     0  load   72  12.1 V  30 C  err 0x00
>>> pos 30
id 30  pos  2515  spd     0  load   72  12.1 V  30 C  err 0x00
>>> pos 30
id 30  pos  2515  spd     0  load   72  12.1 V  30 C  err 0x00
>>> pos 30
id 30  pos  2515  spd     0  load   72  12.0 V  30 C  err 0x00
>>> pos 30
id 30  pos  2515  spd     0  load   72  12.1 V  30 C  err 0x00
>>> pos 30
id 30  pos  2515  spd     0  load   72  12.1 V  30 C  err 0x00
>>> pos 30
id 30  pos  2515  spd     0  load   72  12.1 V  30 C  err 0x00
>>> pos 30
id 30  pos  2515  spd     0  load   72  12.1 V  30 C  err 0x00
>>> pos 30
id 30  pos  2515  spd     0  load   72  12.0 V  30 C  err 0x00
>>> pos 30
id 30  pos  2515  spd     0  load   72  12.1 V  30 C  err 0x00
>>> pos 30
id 30  pos  2515  spd     0  load   72  12.1 V  30 C  err 0x00
>>> pos 30
id 30  pos  2515  spd     0  load   72  12.1 V  30 C  err 0x00
>>> pos 30
id 30  pos  2515  spd     0  load   72  12.1 V  30 C  err 0x00
>>> pos 30
id 30  pos  2515  spd     0  load   72  12.1 V  30 C  err 0x00
>>> pos 30
id 30  pos  2515  spd     0  load   72  12.1 V  30 C  err 0x00
>>> pos 30
id 30  pos  2515  spd     0  load   72  12.1 V  30 C  err 0x00
>>> pos 30
id 30  pos  2515  spd     0  load   72  12.0 V  30 C  err 0x00
>>> pos 30
id 30  pos  2515  spd     0  load   72  12.1 V  30 C  err 0x00
>>> pos 30
id 30  pos  2515  spd     0  load   72  12.1 V  30 C  err 0x00
>>> pos 30
id 30  pos  2515  spd     0  load   72  12.1 V  30 C  err 0x00
>>> pos 30
id 30  pos  2515  spd     0  load   72  12.0 V  30 C  err 0x00
>>> pos 30
id 30  pos  2515  spd     0  load   72  12.0 V  30 C  err 0x00
>>> pos 30
id 30  pos  2515  spd     0  load   72  12.1 V  30 C  err 0x00
>>> pos 30
id 30  pos  2515  spd     0  load   72  12.1 V  30 C  err 0x00
>>> pos 30
id 30  pos  2515  spd     0  load   72  12.1 V  31 C  err 0x00
>>> pos 30
id 30  pos  2515  spd     0  load   72  12.1 V  30 C  err 0x00
>>> pos 30
id 30  pos  2515  spd     0  load   72  12.1 V  30 C  err 0x00
>>> pos 30
id 30  pos  2515  spd     0  load   72  12.0 V  30 C  err 0x00
>>> pos 30
id 30  pos  2515  spd     0  load   72  12.1 V  30 C  err 0x00
>>> pos 30
id 30  pos  2515  spd     0  load   72  12.1 V  30 C  err 0x00
>>> pos 30
id 30  pos  2515  spd     0  load   72  12.1 V  30 C  err 0x00
>>> pos 30
id 30  pos  2515  spd     0  load   72  12.1 V  30 C  err 0x00
>>> pos 30
id 30  pos  2515  spd     0  load   72  12.1 V  30 C  err 0x00
>>> pos 30
id 30  pos  2515  spd     0  load   72  12.1 V  30 C  err 0x00
>>> pos 30
id 30  pos  2515  spd     0  load   72  12.0 V  30 C  err 0x00
>>> pos 30
id 30  pos  2515  spd     0  load   72  12.1 V  30 C  err 0x00
>>> pos 30
id 30  pos  2515  spd     0  load   72  12.0 V  30 C  err 0x00
>>> pos 30
id 30  pos  2515  spd     0  load   72  12.1 V  30 C  err 0x00
>>> pos 30
id 30  pos  2515  spd     0  load   72  12.1 V  30 C  err 0x00
>>> pos 30
id 30  pos  2515  spd     0  load   72  12.1 V  30 C  err 0x00
>>> pos 30
id 30  pos  2515  spd     0  load   72  12.1 V  31 C  err 0x00
>>> pos 30
id 30  pos  2515  spd     0  load   72  12.0 V  30 C  err 0x00
>>> pos 30
id 30  pos  2515  spd     0  load   72  12.0 V  30 C  err 0x00
>>> pos 30
id 30  pos  2515  spd     0  load   72  12.1 V  30 C  err 0x00
>>> pos 30
id 30  pos  2515  spd     0  load   72  12.1 V  30 C  err 0x00
>>> pos 30
id 30  pos  2515  spd     0  load   72  12.1 V  30 C  err 0x00
>>> pos 30
id 30  pos  2515  spd     0  load   72  12.1 V  30 C  err 0x00
>>> pos 30
id 30  pos  2515  spd     0  load   72  12.0 V  30 C  err 0x00
>>> pos 30
id 30  pos  2515  spd     0  load   72  12.1 V  30 C  err 0x00
>>> pos 30
id 30  pos  2515  spd     0  load   72  12.1 V  30 C  err 0x00
>>> pos 30
id 30  pos  2515  spd     0  load   72  12.0 V  30 C  err 0x00
>>> pos 30
id 30  pos  2515  spd     0  load   72  12.1 V  30 C  err 0x00
>>> pos 30
id 30  pos  2515  spd     0  load   72  12.1 V  30 C  err 0x00
>>> pos 30
id 30  pos  2515  spd     0  load   72  12.1 V  30 C  err 0x00
>>> pos 30
id 30  pos  2515  spd     0  load   72  12.1 V  30 C  err 0x00
>>> pos 30
id 30  pos  2515  spd     0  load   72  12.1 V  30 C  err 0x00
>>> pos 30
id 30  pos  2515  spd     0  load   72  12.1 V  30 C  err 0x00
>>> pos 30
id 30  pos  2515  spd     0  load   72  12.1 V  30 C  err 0x00
>>> pos 30
id 30  pos  2515  spd     0  load   72  12.1 V  30 C  err 0x00
>>> pos 30
id 30  pos  2515  spd     0  load   72  12.0 V  30 C  err 0x00
>>> pos 30
id 30  pos  2515  spd     0  load   72  12.1 V  30 C  err 0x00
>>> pos 30
id 30  pos  2515  spd     0  load   72  12.1 V  30 C  err 0x00
>>> pos 30
id 30  pos  2515  spd     0  load   72  12.1 V  30 C  err 0x00
>>> pos 30
id 30  pos  2515  spd     0  load   72  12.0 V  30 C  err 0x00
>>> pos 30
id 30  pos  2515  spd     0  load   72  12.1 V  30 C  err 0x00
>>> pos 30
id 30  pos  2515  spd     0  load   72  12.0 V  30 C  err 0x00
>>> pos 30
id 30  pos  2515  spd     0  load   72  12.0 V  31 C  err 0x00
>>> pos 30
id 30  pos  2515  spd     0  load   72  12.1 V  30 C  err 0x00
>>> pos 30
id 30  pos  2515  spd     0  load   72  12.1 V  30 C  err 0x00
>>> move 30 2484 0 100 2
move id 30 -> 2484 ticks, 0 ms, spd 100, acc 2: ok
>>> move 30 2507 0 100 2
move id 30 -> 2507 ticks, 0 ms, spd 100, acc 2: ok
>>> pos 30
id 30  pos  2492  spd     0  load   64  12.0 V  30 C  err 0x00
>>> pos 30
id 30  pos  2492  spd     0  load   40  12.1 V  30 C  err 0x00
>>> pos 30
id 30  pos  2492  spd     0  load   28  12.0 V  30 C  err 0x00
>>> pos 30
id 30  pos  2492  spd     0  load  -24  12.1 V  30 C  err 0x00
>>> pos 30
id 30  pos  2493  spd    50  load    0  12.1 V  30 C  err 0x00
>>> pos 30
id 30  pos  2494  spd     0  load  -24  12.1 V  30 C  err 0x00
>>> pos 30
id 30  pos  2497  spd   100  load    0  12.1 V  30 C  err 0x00
>>> pos 30
id 30  pos  2498  spd    50  load  -24  12.1 V  30 C  err 0x00
>>> pos 30
id 30  pos  2500  spd    50  load  -28  12.1 V  30 C  err 0x00
>>> pos 30
id 30  pos  2502  spd    50  load    0  12.0 V  30 C  err 0x00
>>> pos 30
id 30  pos  2502  spd     0  load  -36  12.1 V  30 C  err 0x00
>>> pos 30
id 30  pos  2505  spd   100  load  -20  12.0 V  30 C  err 0x00
>>> pos 30
id 30  pos  2506  spd     0  load   20  12.0 V  30 C  err 0x00
>>> pos 30
id 30  pos  2506  spd     0  load    0  12.1 V  30 C  err 0x00
>>> pos 30
id 30  pos  2506  spd     0  load    0  12.0 V  30 C  err 0x00
>>> pos 30
id 30  pos  2506  spd     0  load    0  12.0 V  30 C  err 0x00
>>> pos 30
id 30  pos  2506  spd     0  load    0  12.0 V  30 C  err 0x00
>>> pos 30
id 30  pos  2506  spd     0  load    0  12.1 V  30 C  err 0x00
>>> pos 30
id 30  pos  2506  spd     0  load    0  12.1 V  30 C  err 0x00
>>> pos 30
id 30  pos  2506  spd     0  load    0  12.0 V  30 C  err 0x00
>>> pos 30
id 30  pos  2506  spd     0  load    0  12.1 V  30 C  err 0x00
>>> pos 30
id 30  pos  2506  spd     0  load    0  12.1 V  30 C  err 0x00
>>> pos 30
id 30  pos  2506  spd     0  load    0  12.1 V  30 C  err 0x00
>>> pos 30
id 30  pos  2506  spd     0  load    0  12.1 V  30 C  err 0x00
>>> pos 30
id 30  pos  2506  spd     0  load    0  12.1 V  30 C  err 0x00
>>> pos 30
id 30  pos  2506  spd     0  load    0  12.0 V  30 C  err 0x00
>>> pos 30
id 30  pos  2506  spd     0  load    0  12.1 V  30 C  err 0x00
>>> pos 30
id 30  pos  2506  spd     0  load    0  12.1 V  30 C  err 0x00
>>> pos 30
id 30  pos  2506  spd     0  load    0  12.1 V  30 C  err 0x00
>>> pos 30
id 30  pos  2506  spd     0  load    0  12.1 V  30 C  err 0x00
>>> pos 30
id 30  pos  2506  spd     0  load    0  12.1 V  30 C  err 0x00
>>> pos 30
id 30  pos  2506  spd     0  load    0  12.0 V  30 C  err 0x00
>>> pos 30
id 30  pos  2506  spd     0  load    0  12.1 V  30 C  err 0x00
>>> pos 30
id 30  pos  2506  spd     0  load    0  12.1 V  30 C  err 0x00
>>> pos 30
id 30  pos  2506  spd     0  load    0  12.0 V  30 C  err 0x00
>>> pos 30
id 30  pos  2506  spd     0  load    0  12.0 V  30 C  err 0x00
>>> pos 30
id 30  pos  2506  spd     0  load    0  12.1 V  30 C  err 0x00
>>> pos 30
id 30  pos  2506  spd     0  load    0  12.1 V  30 C  err 0x00
>>> pos 30
id 30  pos  2506  spd     0  load    0  12.1 V  30 C  err 0x00
>>> pos 30
id 30  pos  2506  spd     0  load    0  12.1 V  30 C  err 0x00
>>> pos 30
id 30  pos  2506  spd     0  load    0  12.1 V  30 C  err 0x00
>>> pos 30
id 30  pos  2506  spd     0  load    0  12.1 V  30 C  err 0x00
>>> pos 30
id 30  pos  2506  spd     0  load    0  12.1 V  30 C  err 0x00
>>> pos 30
id 30  pos  2506  spd     0  load    0  12.0 V  30 C  err 0x00
>>> pos 30
id 30  pos  2506  spd     0  load    0  12.1 V  30 C  err 0x00
>>> pos 30
id 30  pos  2506  spd     0  load    0  12.1 V  30 C  err 0x00
>>> pos 30
id 30  pos  2506  spd     0  load    0  12.1 V  30 C  err 0x00
>>> pos 30
id 30  pos  2506  spd     0  load    0  12.1 V  30 C  err 0x00
>>> pos 30
id 30  pos  2506  spd     0  load    0  12.1 V  30 C  err 0x00
>>> pos 30
id 30  pos  2506  spd     0  load    0  12.1 V  30 C  err 0x00
>>> pos 30
id 30  pos  2506  spd     0  load    0  12.0 V  30 C  err 0x00
>>> pos 30
id 30  pos  2506  spd     0  load    0  12.1 V  30 C  err 0x00
>>> pos 30
id 30  pos  2506  spd     0  load    0  12.0 V  30 C  err 0x00
>>> pos 30
id 30  pos  2506  spd     0  load    0  12.0 V  30 C  err 0x00
>>> pos 30
id 30  pos  2506  spd     0  load    0  12.0 V  30 C  err 0x00
>>> pos 30
id 30  pos  2506  spd     0  load    0  12.1 V  30 C  err 0x00
>>> pos 30
id 30  pos  2506  spd     0  load    0  12.0 V  30 C  err 0x00
>>> pos 30
id 30  pos  2506  spd     0  load    0  12.1 V  30 C  err 0x00
>>> pos 30
id 30  pos  2506  spd     0  load    0  12.1 V  30 C  err 0x00
>>> pos 30
id 30  pos  2506  spd     0  load    0  12.1 V  30 C  err 0x00
>>> pos 30
id 30  pos  2506  spd     0  load    0  12.0 V  30 C  err 0x00
>>> pos 30
id 30  pos  2506  spd     0  load    0  12.1 V  30 C  err 0x00
>>> pos 30
id 30  pos  2506  spd     0  load    0  12.1 V  30 C  err 0x00
>>> pos 30
id 30  pos  2506  spd     0  load    0  12.1 V  30 C  err 0x00
>>> pos 30
id 30  pos  2506  spd     0  load    0  12.1 V  30 C  err 0x00
>>> pos 30
id 30  pos  2506  spd     0  load    0  12.1 V  30 C  err 0x00
>>> pos 30
id 30  pos  2506  spd     0  load    0  12.0 V  30 C  err 0x00
>>> pos 30
id 30  pos  2506  spd     0  load    0  12.1 V  30 C  err 0x00
>>> pos 30
id 30  pos  2506  spd     0  load    0  12.0 V  30 C  err 0x00
>>> pos 30
id 30  pos  2506  spd     0  load    0  12.1 V  30 C  err 0x00
>>> pos 30
id 30  pos  2506  spd     0  load    0  12.1 V  30 C  err 0x00
>>> pos 30
id 30  pos  2506  spd     0  load    0  12.1 V  30 C  err 0x00
>>> pos 30
id 30  pos  2506  spd     0  load    0  12.0 V  30 C  err 0x00
>>> pos 30
id 30  pos  2506  spd     0  load    0  12.1 V  30 C  err 0x00
>>> pos 30
id 30  pos  2506  spd     0  load    0  12.1 V  30 C  err 0x00
>>> pos 30
id 30  pos  2506  spd     0  load    0  12.1 V  30 C  err 0x00
>>> pos 30
id 30  pos  2506  spd     0  load    0  12.0 V  30 C  err 0x00
>>> pos 30
id 30  pos  2506  spd     0  load    0  12.1 V  30 C  err 0x00
>>> pos 30
id 30  pos  2506  spd     0  load    0  12.1 V  30 C  err 0x00
>>> pos 30
id 30  pos  2506  spd     0  load    0  12.1 V  30 C  err 0x00
>>> pos 30
id 30  pos  2506  spd     0  load    0  12.1 V  30 C  err 0x00
>>> pos 30
id 30  pos  2506  spd     0  load    0  12.0 V  30 C  err 0x00
>>> pos 30
id 30  pos  2506  spd     0  load    0  12.0 V  30 C  err 0x00
>>> pos 30
id 30  pos  2506  spd     0  load    0  12.1 V  30 C  err 0x00
>>> pos 30
id 30  pos  2506  spd     0  load    0  12.1 V  30 C  err 0x00
>>> pos 30
id 30  pos  2506  spd     0  load    0  12.0 V  30 C  err 0x00
>>> pos 30
id 30  pos  2506  spd     0  load    0  12.0 V  30 C  err 0x00
>>> pos 30
id 30  pos  2506  spd     0  load    0  12.1 V  30 C  err 0x00
>>> pos 30
id 30  pos  2506  spd     0  load    0  12.0 V  30 C  err 0x00
>>> pos 30
id 30  pos  2506  spd     0  load    0  12.0 V  30 C  err 0x00
>>> pos 30
id 30  pos  2506  spd     0  load    0  12.1 V  30 C  err 0x00
  LEVEL probes: above +8.0 (load 72), below -1.0 (load 0), midpoint +3.5
>>> move 30 2530 0 200 2
move id 30 -> 2530 ticks, 0 ms, spd 200, acc 2: ok
>>> pos 30
id 30  pos  2506  spd     0  load  -28  12.0 V  30 C  err 0x00
>>> pos 30
id 30  pos  2508  spd    50  load  -24  12.0 V  30 C  err 0x00
>>> pos 30
id 30  pos  2511  spd   100  load    0  12.1 V  30 C  err 0x00
>>> pos 30
id 30  pos  2512  spd     0  load  -36  12.1 V  30 C  err 0x00
>>> pos 30
id 30  pos  2515  spd   100  load  -20  12.1 V  30 C  err 0x00
>>> pos 30
id 30  pos  2517  spd    50  load  -28  12.1 V  30 C  err 0x00
>>> pos 30
id 30  pos  2520  spd    50  load   20  12.1 V  30 C  err 0x00
>>> pos 30
id 30  pos  2521  spd    50  load  -24  12.1 V  30 C  err 0x00
>>> pos 30
id 30  pos  2523  spd    50  load  -24  12.0 V  30 C  err 0x00
>>> pos 30
id 30  pos  2525  spd   100  load    0  12.1 V  30 C  err 0x00
>>> pos 30
id 30  pos  2525  spd     0  load  -36  12.1 V  30 C  err 0x00
>>> pos 30
id 30  pos  2528  spd   100  load  -20  12.1 V  30 C  err 0x00
>>> pos 30
id 30  pos  2529  spd    50  load    0  12.0 V  30 C  err 0x00
>>> pos 30
id 30  pos  2530  spd    50  load    0  12.0 V  30 C  err 0x00
>>> pos 30
id 30  pos  2530  spd     0  load    0  12.1 V  30 C  err 0x00
>>> pos 30
id 30  pos  2530  spd     0  load    0  12.1 V  30 C  err 0x00
>>> pos 30
id 30  pos  2530  spd     0  load    0  12.1 V  30 C  err 0x00
>>> pos 30
id 30  pos  2530  spd     0  load    0  12.0 V  30 C  err 0x00
>>> pos 30
id 30  pos  2530  spd     0  load    0  12.0 V  30 C  err 0x00
>>> pos 30
id 30  pos  2530  spd     0  load    0  12.1 V  30 C  err 0x00
>>> pos 30
id 30  pos  2530  spd     0  load    0  12.0 V  30 C  err 0x00
>>> pos 30
id 30  pos  2530  spd     0  load    0  12.0 V  30 C  err 0x00
>>> pos 30
id 30  pos  2530  spd     0  load    0  12.1 V  30 C  err 0x00
>>> pos 30
id 30  pos  2530  spd     0  load    0  12.0 V  30 C  err 0x00
>>> pos 30
id 30  pos  2530  spd     0  load    0  12.1 V  30 C  err 0x00
>>> pos 30
id 30  pos  2530  spd     0  load    0  12.1 V  30 C  err 0x00
>>> pos 30
id 30  pos  2530  spd     0  load    0  12.0 V  30 C  err 0x00
>>> pos 30
id 30  pos  2530  spd     0  load    0  12.0 V  30 C  err 0x00
>>> pos 30
id 30  pos  2530  spd     0  load    0  12.1 V  30 C  err 0x00
>>> pos 30
id 30  pos  2530  spd     0  load    0  12.1 V  30 C  err 0x00
>>> pos 30
id 30  pos  2530  spd     0  load    0  12.1 V  30 C  err 0x00
>>> pos 30
id 30  pos  2530  spd     0  load    0  12.1 V  30 C  err 0x00
>>> pos 30
id 30  pos  2530  spd     0  load    0  12.0 V  30 C  err 0x00
>>> pos 30
id 30  pos  2530  spd     0  load    0  12.1 V  30 C  err 0x00
>>> pos 30
id 30  pos  2530  spd     0  load    0  12.1 V  30 C  err 0x00
>>> pos 30
id 30  pos  2530  spd     0  load    0  12.1 V  30 C  err 0x00
>>> pos 30
id 30  pos  2530  spd     0  load    0  12.1 V  30 C  err 0x00
>>> pos 30
id 30  pos  2530  spd     0  load    0  12.0 V  30 C  err 0x00
>>> pos 30
id 30  pos  2530  spd     0  load    0  12.0 V  30 C  err 0x00
>>> pos 30
id 30  pos  2530  spd     0  load    0  12.0 V  30 C  err 0x00
>>> pos 30
id 30  pos  2530  spd     0  load    0  12.1 V  30 C  err 0x00
>>> pos 30
id 30  pos  2530  spd     0  load    0  12.0 V  30 C  err 0x00
>>> pos 30
id 30  pos  2530  spd     0  load    0  12.1 V  30 C  err 0x00
>>> pos 30
id 30  pos  2530  spd     0  load    0  12.1 V  30 C  err 0x00
>>> pos 30
id 30  pos  2530  spd     0  load    0  12.1 V  30 C  err 0x00
>>> pos 30
id 30  pos  2530  spd     0  load    0  12.1 V  30 C  err 0x00
>>> pos 30
id 30  pos  2530  spd     0  load    0  12.1 V  30 C  err 0x00
>>> pos 30
id 30  pos  2530  spd     0  load    0  12.0 V  30 C  err 0x00
>>> pos 30
id 30  pos  2530  spd     0  load    0  12.1 V  30 C  err 0x00
>>> pos 30
id 30  pos  2530  spd     0  load    0  12.0 V  30 C  err 0x00
>>> pos 30
id 30  pos  2530  spd     0  load    0  12.1 V  30 C  err 0x00
>>> pos 30
id 30  pos  2530  spd     0  load    0  12.0 V  30 C  err 0x00
>>> pos 30
id 30  pos  2530  spd     0  load    0  12.0 V  30 C  err 0x00
>>> pos 30
id 30  pos  2530  spd     0  load    0  12.1 V  30 C  err 0x00
>>> pos 30
id 30  pos  2530  spd     0  load    0  12.1 V  30 C  err 0x00
>>> pos 30
id 30  pos  2530  spd     0  load    0  12.1 V  30 C  err 0x00
>>> pos 30
id 30  pos  2530  spd     0  load    0  12.0 V  30 C  err 0x00
>>> pos 30
id 30  pos  2530  spd     0  load    0  12.1 V  30 C  err 0x00
>>> pos 30
id 30  pos  2530  spd     0  load    0  12.1 V  30 C  err 0x00
>>> pos 30
id 30  pos  2530  spd     0  load    0  12.1 V  29 C  err 0x00
>>> pos 30
id 30  pos  2530  spd     0  load    0  12.1 V  30 C  err 0x00
  LEVEL step 2507->2530: overshoot 0, settle 0.4301, residual range 0, offset +0.0, moving in last 1 s 0, err 0
>>> move 30 2507 0 200 2
move id 30 -> 2507 ticks, 0 ms, spd 200, acc 2: ok
>>> pos 30
id 30  pos  2530  spd     0  load   24  12.0 V  30 C  err 0x00
>>> pos 30
id 30  pos  2530  spd     0  load   44  12.1 V  30 C  err 0x00
>>> pos 30
id 30  pos  2530  spd     0  load   60  12.0 V  30 C  err 0x00
>>> pos 30
id 30  pos  2530  spd     0  load   84  12.0 V  30 C  err 0x00
>>> pos 30
id 30  pos  2529  spd     0  load   92  12.0 V  30 C  err 0x00
>>> pos 30
id 30  pos  2526  spd  -100  load   76  12.0 V  30 C  err 0x00
>>> pos 30
id 30  pos  2524  spd   -50  load   80  12.0 V  30 C  err 0x00
>>> pos 30
id 30  pos  2522  spd  -100  load   80  12.0 V  30 C  err 0x00
>>> pos 30
id 30  pos  2521  spd   -50  load   92  12.0 V  30 C  err 0x00
>>> pos 30
id 30  pos  2519  spd   -50  load   80  12.1 V  30 C  err 0x00
>>> pos 30
id 30  pos  2517  spd  -100  load   76  12.1 V  30 C  err 0x00
>>> pos 30
id 30  pos  2516  spd     0  load   76  12.0 V  30 C  err 0x00
>>> pos 30
id 30  pos  2515  spd   -50  load   68  12.1 V  30 C  err 0x00
>>> pos 30
id 30  pos  2515  spd     0  load   72  12.0 V  30 C  err 0x00
>>> pos 30
id 30  pos  2515  spd     0  load   72  12.1 V  30 C  err 0x00
>>> pos 30
id 30  pos  2515  spd     0  load   72  12.0 V  30 C  err 0x00
>>> pos 30
id 30  pos  2515  spd     0  load   72  12.1 V  30 C  err 0x00
>>> pos 30
id 30  pos  2515  spd     0  load   72  12.1 V  30 C  err 0x00
>>> pos 30
id 30  pos  2515  spd     0  load   72  12.1 V  30 C  err 0x00
>>> pos 30
id 30  pos  2515  spd     0  load   72  12.0 V  30 C  err 0x00
>>> pos 30
id 30  pos  2515  spd     0  load   72  12.0 V  30 C  err 0x00
>>> pos 30
id 30  pos  2515  spd     0  load   72  12.1 V  30 C  err 0x00
>>> pos 30
id 30  pos  2515  spd     0  load   72  12.0 V  30 C  err 0x00
>>> pos 30
id 30  pos  2515  spd     0  load   72  12.1 V  30 C  err 0x00
>>> pos 30
id 30  pos  2515  spd     0  load   72  12.1 V  30 C  err 0x00
>>> pos 30
id 30  pos  2515  spd     0  load   72  12.0 V  30 C  err 0x00
>>> pos 30
id 30  pos  2515  spd     0  load   72  12.0 V  30 C  err 0x00
>>> pos 30
id 30  pos  2515  spd     0  load   72  12.0 V  30 C  err 0x00
>>> pos 30
id 30  pos  2515  spd     0  load   72  12.1 V  30 C  err 0x00
>>> pos 30
id 30  pos  2515  spd     0  load   72  12.1 V  30 C  err 0x00
>>> pos 30
id 30  pos  2515  spd     0  load   72  12.0 V  30 C  err 0x00
>>> pos 30
id 30  pos  2515  spd     0  load   72  12.1 V  30 C  err 0x00
>>> pos 30
id 30  pos  2515  spd     0  load   72  12.1 V  30 C  err 0x00
>>> pos 30
id 30  pos  2515  spd     0  load   72  12.1 V  30 C  err 0x00
>>> pos 30
id 30  pos  2515  spd     0  load   72  12.1 V  30 C  err 0x00
>>> pos 30
id 30  pos  2515  spd     0  load   72  12.1 V  30 C  err 0x00
>>> pos 30
id 30  pos  2515  spd     0  load   72  12.0 V  30 C  err 0x00
>>> pos 30
id 30  pos  2515  spd     0  load   72  12.1 V  30 C  err 0x00
>>> pos 30
id 30  pos  2515  spd     0  load   72  12.0 V  30 C  err 0x00
>>> pos 30
id 30  pos  2515  spd     0  load   72  12.1 V  30 C  err 0x00
>>> pos 30
id 30  pos  2515  spd     0  load   72  12.1 V  30 C  err 0x00
>>> pos 30
id 30  pos  2515  spd     0  load   72  12.1 V  30 C  err 0x00
>>> pos 30
id 30  pos  2515  spd     0  load   72  12.1 V  30 C  err 0x00
>>> pos 30
id 30  pos  2515  spd     0  load   72  12.1 V  30 C  err 0x00
>>> pos 30
id 30  pos  2515  spd     0  load   72  12.0 V  30 C  err 0x00
>>> pos 30
id 30  pos  2515  spd     0  load   72  12.1 V  30 C  err 0x00
>>> pos 30
id 30  pos  2515  spd     0  load   72  12.0 V  30 C  err 0x00
>>> pos 30
id 30  pos  2515  spd     0  load   72  12.0 V  30 C  err 0x00
>>> pos 30
id 30  pos  2515  spd     0  load   72  12.0 V  30 C  err 0x00
>>> pos 30
id 30  pos  2515  spd     0  load   72  12.1 V  30 C  err 0x00
>>> pos 30
id 30  pos  2515  spd     0  load   72  12.1 V  30 C  err 0x00
>>> pos 30
id 30  pos  2515  spd     0  load   72  12.1 V  30 C  err 0x00
>>> pos 30
id 30  pos  2515  spd     0  load   72  12.1 V  30 C  err 0x00
>>> pos 30
id 30  pos  2515  spd     0  load   72  12.1 V  30 C  err 0x00
>>> pos 30
id 30  pos  2515  spd     0  load   72  12.1 V  31 C  err 0x00
>>> pos 30
id 30  pos  2515  spd     0  load   72  12.1 V  30 C  err 0x00
>>> pos 30
id 30  pos  2515  spd     0  load   72  12.1 V  30 C  err 0x00
>>> pos 30
id 30  pos  2515  spd     0  load   72  12.1 V  30 C  err 0x00
>>> pos 30
id 30  pos  2515  spd     0  load   72  12.1 V  30 C  err 0x00
>>> pos 30
id 30  pos  2515  spd     0  load   72  12.1 V  30 C  err 0x00
>>> pos 30
id 30  pos  2515  spd     0  load   72  12.0 V  30 C  err 0x00
  LEVEL step 2530->2507: overshoot 0, settle 0.3973, residual range 0, offset +8.0, moving in last 1 s 0, err 0
>>> move 30 2484 0 200 2
move id 30 -> 2484 ticks, 0 ms, spd 200, acc 2: ok
>>> pos 30
id 30  pos  2515  spd     0  load   96  12.0 V  30 C  err 0x00
>>> pos 30
id 30  pos  2515  spd     0  load  108  12.1 V  30 C  err 0x00
>>> pos 30
id 30  pos  2515  spd     0  load  124  12.0 V  30 C  err 0x00
>>> pos 30
id 30  pos  2511  spd  -150  load  108  12.0 V  30 C  err 0x00
>>> pos 30
id 30  pos  2507  spd  -100  load   96  12.1 V  30 C  err 0x00
>>> pos 30
id 30  pos  2503  spd  -100  load   76  12.1 V  30 C  err 0x00
>>> pos 30
id 30  pos  2501  spd   -50  load   80  12.1 V  30 C  err 0x00
>>> pos 30
id 30  pos  2499  spd   -50  load   76  12.1 V  31 C  err 0x00
>>> pos 30
id 30  pos  2498  spd   -50  load   88  12.1 V  30 C  err 0x00
>>> pos 30
id 30  pos  2496  spd  -100  load   80  12.0 V  30 C  err 0x00
>>> pos 30
id 30  pos  2494  spd   -50  load   80  12.1 V  30 C  err 0x00
>>> pos 30
id 30  pos  2493  spd     0  load   84  12.0 V  30 C  err 0x00
>>> pos 30
id 30  pos  2492  spd     0  load   68  12.1 V  30 C  err 0x00
>>> pos 30
id 30  pos  2492  spd     0  load   72  12.1 V  30 C  err 0x00
>>> pos 30
id 30  pos  2492  spd     0  load   72  12.1 V  30 C  err 0x00
>>> pos 30
id 30  pos  2492  spd     0  load   72  12.1 V  30 C  err 0x00
>>> pos 30
id 30  pos  2492  spd     0  load   72  12.0 V  30 C  err 0x00
>>> pos 30
id 30  pos  2492  spd     0  load   72  12.1 V  31 C  err 0x00
>>> pos 30
id 30  pos  2492  spd     0  load   72  12.1 V  30 C  err 0x00
>>> pos 30
id 30  pos  2491  spd     0  load   64  12.1 V  30 C  err 0x00
>>> pos 30
id 30  pos  2491  spd     0  load   64  12.0 V  30 C  err 0x00
>>> pos 30
id 30  pos  2491  spd     0  load   64  12.1 V  30 C  err 0x00
>>> pos 30
id 30  pos  2491  spd     0  load   64  12.1 V  30 C  err 0x00
>>> pos 30
id 30  pos  2491  spd     0  load   64  12.1 V  30 C  err 0x00
>>> pos 30
id 30  pos  2491  spd     0  load   64  12.0 V  30 C  err 0x00
>>> pos 30
id 30  pos  2491  spd     0  load   64  12.0 V  30 C  err 0x00
>>> pos 30
id 30  pos  2491  spd     0  load   64  12.1 V  30 C  err 0x00
>>> pos 30
id 30  pos  2491  spd     0  load   64  12.1 V  30 C  err 0x00
>>> pos 30
id 30  pos  2491  spd     0  load   64  12.1 V  30 C  err 0x00
>>> pos 30
id 30  pos  2491  spd     0  load   64  12.1 V  30 C  err 0x00
>>> pos 30
id 30  pos  2491  spd     0  load   64  12.0 V  30 C  err 0x00
>>> pos 30
id 30  pos  2491  spd     0  load   64  12.1 V  30 C  err 0x00
>>> pos 30
id 30  pos  2491  spd     0  load   64  12.1 V  31 C  err 0x00
>>> pos 30
id 30  pos  2491  spd     0  load   64  12.0 V  30 C  err 0x00
>>> pos 30
id 30  pos  2491  spd     0  load   64  12.0 V  30 C  err 0x00
>>> pos 30
id 30  pos  2491  spd     0  load   64  12.1 V  30 C  err 0x00
>>> pos 30
id 30  pos  2491  spd     0  load   64  12.1 V  30 C  err 0x00
>>> pos 30
id 30  pos  2491  spd     0  load   64  12.1 V  30 C  err 0x00
>>> pos 30
id 30  pos  2491  spd     0  load   64  12.1 V  30 C  err 0x00
>>> pos 30
id 30  pos  2491  spd     0  load   64  12.0 V  30 C  err 0x00
>>> pos 30
id 30  pos  2491  spd     0  load   64  12.1 V  30 C  err 0x00
>>> pos 30
id 30  pos  2491  spd     0  load   64  12.1 V  30 C  err 0x00
>>> pos 30
id 30  pos  2491  spd     0  load   64  12.1 V  30 C  err 0x00
>>> pos 30
id 30  pos  2491  spd     0  load   64  12.0 V  30 C  err 0x00
>>> pos 30
id 30  pos  2491  spd     0  load   64  12.1 V  30 C  err 0x00
>>> pos 30
id 30  pos  2491  spd     0  load   64  12.0 V  30 C  err 0x00
>>> pos 30
id 30  pos  2491  spd     0  load   64  12.0 V  30 C  err 0x00
>>> pos 30
id 30  pos  2491  spd     0  load   64  12.0 V  30 C  err 0x00
>>> pos 30
id 30  pos  2491  spd     0  load   64  12.1 V  30 C  err 0x00
>>> pos 30
id 30  pos  2491  spd     0  load   64  12.1 V  30 C  err 0x00
>>> pos 30
id 30  pos  2491  spd     0  load   64  12.0 V  30 C  err 0x00
>>> pos 30
id 30  pos  2491  spd     0  load   64  12.1 V  30 C  err 0x00
>>> pos 30
id 30  pos  2491  spd     0  load   64  12.1 V  30 C  err 0x00
>>> pos 30
id 30  pos  2491  spd     0  load   64  12.0 V  30 C  err 0x00
>>> pos 30
id 30  pos  2491  spd     0  load   64  12.1 V  30 C  err 0x00
>>> pos 30
id 30  pos  2491  spd     0  load   64  12.1 V  30 C  err 0x00
>>> pos 30
id 30  pos  2491  spd     0  load   64  12.0 V  30 C  err 0x00
>>> pos 30
id 30  pos  2491  spd     0  load   64  12.1 V  30 C  err 0x00
>>> pos 30
id 30  pos  2491  spd     0  load   64  12.1 V  30 C  err 0x00
>>> pos 30
id 30  pos  2491  spd     0  load   64  12.1 V  30 C  err 0x00
>>> pos 30
id 30  pos  2491  spd     0  load   64  12.1 V  30 C  err 0x00
  LEVEL step 2507->2484: overshoot 0, settle 0.4298, residual range 0, offset +7.0, moving in last 1 s 0, err 0
>>> move 30 2507 0 200 2
move id 30 -> 2507 ticks, 0 ms, spd 200, acc 2: ok
>>> pos 30
id 30  pos  2491  spd     0  load   52  12.0 V  30 C  err 0x00
>>> pos 30
id 30  pos  2491  spd     0  load   36  12.0 V  30 C  err 0x00
>>> pos 30
id 30  pos  2491  spd     0  load    0  12.1 V  30 C  err 0x00
>>> pos 30
id 30  pos  2492  spd    50  load    0  12.0 V  30 C  err 0x00
>>> pos 30
id 30  pos  2492  spd     0  load  -24  12.0 V  30 C  err 0x00
>>> pos 30
id 30  pos  2494  spd    50  load  -28  12.0 V  30 C  err 0x00
>>> pos 30
id 30  pos  2497  spd   100  load   20  12.1 V  30 C  err 0x00
>>> pos 30
id 30  pos  2498  spd     0  load  -28  12.1 V  30 C  err 0x00
>>> pos 30
id 30  pos  2500  spd   100  load  -20  12.1 V  30 C  err 0x00
>>> pos 30
id 30  pos  2501  spd     0  load  -28  12.0 V  30 C  err 0x00
>>> pos 30
id 30  pos  2503  spd    50  load  -24  12.0 V  30 C  err 0x00
>>> pos 30
id 30  pos  2505  spd    50  load  -24  12.0 V  30 C  err 0x00
>>> pos 30
id 30  pos  2506  spd     0  load   20  12.1 V  30 C  err 0x00
>>> pos 30
id 30  pos  2507  spd     0  load    0  12.0 V  30 C  err 0x00
>>> pos 30
id 30  pos  2507  spd     0  load    0  12.1 V  30 C  err 0x00
>>> pos 30
id 30  pos  2507  spd     0  load    0  12.1 V  30 C  err 0x00
>>> pos 30
id 30  pos  2507  spd     0  load    0  12.1 V  30 C  err 0x00
>>> pos 30
id 30  pos  2507  spd     0  load    0  12.1 V  30 C  err 0x00
>>> pos 30
id 30  pos  2507  spd     0  load    0  12.0 V  30 C  err 0x00
>>> pos 30
id 30  pos  2507  spd     0  load    0  12.1 V  30 C  err 0x00
>>> pos 30
id 30  pos  2507  spd     0  load    0  12.0 V  30 C  err 0x00
>>> pos 30
id 30  pos  2507  spd     0  load    0  12.0 V  30 C  err 0x00
>>> pos 30
id 30  pos  2507  spd     0  load    0  12.0 V  30 C  err 0x00
>>> pos 30
id 30  pos  2507  spd     0  load    0  12.1 V  30 C  err 0x00
>>> pos 30
id 30  pos  2507  spd     0  load    0  12.1 V  30 C  err 0x00
>>> pos 30
id 30  pos  2507  spd     0  load    0  12.0 V  30 C  err 0x00
>>> pos 30
id 30  pos  2507  spd     0  load    0  12.1 V  30 C  err 0x00
>>> pos 30
id 30  pos  2507  spd     0  load    0  12.1 V  30 C  err 0x00
>>> pos 30
id 30  pos  2507  spd     0  load    0  12.1 V  30 C  err 0x00
>>> pos 30
id 30  pos  2507  spd     0  load    0  12.0 V  30 C  err 0x00
>>> pos 30
id 30  pos  2507  spd     0  load    0  12.0 V  30 C  err 0x00
>>> pos 30
id 30  pos  2507  spd     0  load    0  12.0 V  30 C  err 0x00
>>> pos 30
id 30  pos  2507  spd     0  load    0  12.0 V  30 C  err 0x00
>>> pos 30
id 30  pos  2507  spd     0  load    0  12.1 V  30 C  err 0x00
>>> pos 30
id 30  pos  2507  spd     0  load    0  12.0 V  30 C  err 0x00
>>> pos 30
id 30  pos  2507  spd     0  load    0  12.0 V  30 C  err 0x00
>>> pos 30
id 30  pos  2507  spd     0  load    0  12.1 V  30 C  err 0x00
>>> pos 30
id 30  pos  2507  spd     0  load    0  12.0 V  30 C  err 0x00
>>> pos 30
id 30  pos  2507  spd     0  load    0  12.0 V  30 C  err 0x00
>>> pos 30
id 30  pos  2507  spd     0  load    0  12.1 V  30 C  err 0x00
>>> pos 30
id 30  pos  2507  spd     0  load    0  12.1 V  30 C  err 0x00
>>> pos 30
id 30  pos  2507  spd     0  load    0  12.1 V  30 C  err 0x00
>>> pos 30
id 30  pos  2507  spd     0  load    0  12.1 V  30 C  err 0x00
>>> pos 30
id 30  pos  2507  spd     0  load    0  12.1 V  30 C  err 0x00
>>> pos 30
id 30  pos  2507  spd     0  load    0  12.1 V  30 C  err 0x00
>>> pos 30
id 30  pos  2507  spd     0  load    0  12.1 V  30 C  err 0x00
>>> pos 30
id 30  pos  2507  spd     0  load    0  12.1 V  30 C  err 0x00
>>> pos 30
id 30  pos  2507  spd     0  load    0  12.0 V  30 C  err 0x00
>>> pos 30
id 30  pos  2507  spd     0  load    0  12.0 V  30 C  err 0x00
>>> pos 30
id 30  pos  2507  spd     0  load    0  12.0 V  30 C  err 0x00
>>> pos 30
id 30  pos  2507  spd     0  load    0  12.1 V  30 C  err 0x00
>>> pos 30
id 30  pos  2507  spd     0  load    0  12.0 V  30 C  err 0x00
>>> pos 30
id 30  pos  2507  spd     0  load    0  12.1 V  30 C  err 0x00
>>> pos 30
id 30  pos  2507  spd     0  load    0  12.1 V  30 C  err 0x00
>>> pos 30
id 30  pos  2507  spd     0  load    0  12.1 V  30 C  err 0x00
>>> pos 30
id 30  pos  2507  spd     0  load    0  12.1 V  30 C  err 0x00
>>> pos 30
id 30  pos  2507  spd     0  load    0  12.1 V  30 C  err 0x00
>>> pos 30
id 30  pos  2507  spd     0  load    0  12.1 V  30 C  err 0x00
>>> pos 30
id 30  pos  2507  spd     0  load    0  12.0 V  30 C  err 0x00
>>> pos 30
id 30  pos  2507  spd     0  load    0  12.0 V  30 C  err 0x00
>>> pos 30
id 30  pos  2507  spd     0  load    0  12.0 V  30 C  err 0x00
  LEVEL step 2484->2507: overshoot 0, settle 0.4302, residual range 0, offset +0.0, moving in last 1 s 0, err 0
>>> pos 30
id 30  pos  2507  spd     0  load    0  12.1 V  30 C  err 0x00
>>> move 30 3531 0 100 2
move id 30 -> 3531 ticks, 0 ms, spd 100, acc 2: ok
>>> pos 30
id 30  pos  2507  spd     0  load    0  12.1 V  30 C  err 0x00
>>> pos 30
id 30  pos  2507  spd     0  load  -36  12.1 V  30 C  err 0x00
>>> pos 30
id 30  pos  2510  spd   100  load  -24  12.1 V  30 C  err 0x00
>>> pos 30
id 30  pos  2512  spd    50  load  -36  12.1 V  30 C  err 0x00
>>> pos 30
id 30  pos  2515  spd   100  load  -24  12.1 V  30 C  err 0x00
>>> pos 30
id 30  pos  2518  spd   100  load  -24  12.1 V  30 C  err 0x00
>>> pos 30
id 30  pos  2520  spd    50  load  -36  12.0 V  30 C  err 0x00
>>> pos 30
id 30  pos  2524  spd   150  load  -20  12.0 V  30 C  err 0x00
>>> pos 30
id 30  pos  2527  spd   100  load  -32  12.1 V  30 C  err 0x00
>>> pos 30
id 30  pos  2531  spd   100  load  -24  12.1 V  30 C  err 0x00
>>> pos 30
id 30  pos  2534  spd   100  load  -24  12.0 V  30 C  err 0x00
>>> pos 30
id 30  pos  2538  spd   150  load  -24  12.1 V  30 C  err 0x00
>>> pos 30
id 30  pos  2541  spd   100  load  -24  12.0 V  30 C  err 0x00
>>> pos 30
id 30  pos  2544  spd   100  load  -24  12.1 V  30 C  err 0x00
>>> pos 30
id 30  pos  2547  spd   100  load  -32  12.1 V  30 C  err 0x00
>>> pos 30
id 30  pos  2550  spd   100  load  -32  12.1 V  30 C  err 0x00
>>> pos 30
id 30  pos  2554  spd   100  load  -24  12.1 V  30 C  err 0x00
>>> pos 30
id 30  pos  2557  spd   150  load  -32  12.0 V  30 C  err 0x00
>>> pos 30
id 30  pos  2561  spd   150  load  -24  12.0 V  30 C  err 0x00
>>> pos 30
id 30  pos  2564  spd   100  load  -24  12.1 V  30 C  err 0x00
>>> pos 30
id 30  pos  2567  spd   100  load  -24  12.1 V  30 C  err 0x00
>>> pos 30
id 30  pos  2570  spd   100  load  -32  12.1 V  30 C  err 0x00
>>> pos 30
id 30  pos  2574  spd   100  load  -24  12.1 V  30 C  err 0x00
>>> pos 30
id 30  pos  2577  spd   100  load  -24  12.0 V  30 C  err 0x00
>>> pos 30
id 30  pos  2581  spd   100  load  -24  12.1 V  30 C  err 0x00
>>> pos 30
id 30  pos  2584  spd   100  load  -24  12.1 V  30 C  err 0x00
>>> pos 30
id 30  pos  2587  spd    50  load  -24  12.0 V  30 C  err 0x00
>>> pos 30
id 30  pos  2591  spd   100  load  -24  12.1 V  30 C  err 0x00
>>> pos 30
id 30  pos  2593  spd   100  load  -32  12.1 V  30 C  err 0x00
>>> pos 30
id 30  pos  2597  spd   100  load  -24  12.0 V  30 C  err 0x00
>>> pos 30
id 30  pos  2600  spd   100  load  -32  12.1 V  30 C  err 0x00
>>> pos 30
id 30  pos  2604  spd   100  load  -24  12.1 V  30 C  err 0x00
>>> pos 30
id 30  pos  2607  spd   100  load  -24  12.1 V  30 C  err 0x00
>>> pos 30
id 30  pos  2611  spd   100  load  -24  12.1 V  30 C  err 0x00
>>> pos 30
id 30  pos  2614  spd   100  load  -24  12.0 V  30 C  err 0x00
>>> pos 30
id 30  pos  2617  spd   100  load  -24  12.1 V  30 C  err 0x00
>>> pos 30
id 30  pos  2620  spd   100  load  -32  12.1 V  30 C  err 0x00
>>> pos 30
id 30  pos  2623  spd   100  load  -36  12.0 V  30 C  err 0x00
>>> pos 30
id 30  pos  2627  spd   150  load  -24  12.0 V  30 C  err 0x00
>>> pos 30
id 30  pos  2630  spd   100  load  -24  12.0 V  30 C  err 0x00
>>> pos 30
id 30  pos  2634  spd   100  load  -24  12.1 V  30 C  err 0x00
>>> pos 30
id 30  pos  2637  spd   150  load  -24  12.1 V  30 C  err 0x00
>>> pos 30
id 30  pos  2640  spd   100  load  -24  12.0 V  30 C  err 0x00
>>> pos 30
id 30  pos  2643  spd   100  load  -32  12.1 V  30 C  err 0x00
>>> pos 30
id 30  pos  2647  spd   100  load  -24  12.1 V  30 C  err 0x00
>>> pos 30
id 30  pos  2651  spd   150  load    0  12.0 V  30 C  err 0x00
>>> pos 30
id 30  pos  2654  spd   100  load  -24  12.1 V  30 C  err 0x00
>>> pos 30
id 30  pos  2657  spd   100  load  -24  12.1 V  30 C  err 0x00
>>> pos 30
id 30  pos  2661  spd   100  load    0  12.1 V  30 C  err 0x00
>>> pos 30
id 30  pos  2663  spd    50  load  -32  12.1 V  30 C  err 0x00
>>> pos 30
id 30  pos  2667  spd   100  load  -24  12.1 V  30 C  err 0x00
>>> pos 30
id 30  pos  2670  spd   100  load  -24  12.1 V  30 C  err 0x00
>>> pos 30
id 30  pos  2674  spd   100  load  -24  12.0 V  30 C  err 0x00
>>> pos 30
id 30  pos  2677  spd   100  load  -24  12.0 V  30 C  err 0x00
>>> pos 30
id 30  pos  2680  spd   150  load  -24  12.1 V  30 C  err 0x00
>>> pos 30
id 30  pos  2683  spd   100  load  -24  12.1 V  30 C  err 0x00
>>> pos 30
id 30  pos  2686  spd   100  load  -32  12.1 V  30 C  err 0x00
>>> pos 30
id 30  pos  2690  spd   100  load  -24  12.1 V  30 C  err 0x00
>>> pos 30
id 30  pos  2693  spd   100  load  -28  12.1 V  30 C  err 0x00
>>> pos 30
id 30  pos  2697  spd   100  load  -24  12.0 V  30 C  err 0x00
>>> pos 30
id 30  pos  2700  spd   100  load  -24  12.1 V  30 C  err 0x00
>>> pos 30
id 30  pos  2703  spd   100  load  -24  12.1 V  30 C  err 0x00
>>> pos 30
id 30  pos  2707  spd   150  load  -24  12.0 V  30 C  err 0x00
>>> pos 30
id 30  pos  2709  spd    50  load  -32  12.1 V  30 C  err 0x00
>>> pos 30
id 30  pos  2713  spd   100  load  -24  12.1 V  30 C  err 0x00
>>> pos 30
id 30  pos  2716  spd   100  load  -36  12.0 V  30 C  err 0x00
>>> pos 30
id 30  pos  2720  spd   100  load  -20  12.1 V  30 C  err 0x00
>>> pos 30
id 30  pos  2723  spd   100  load  -24  12.0 V  30 C  err 0x00
>>> pos 30
id 30  pos  2727  spd   100  load  -24  12.0 V  30 C  err 0x00
>>> pos 30
id 30  pos  2730  spd   100  load  -24  12.1 V  30 C  err 0x00
>>> pos 30
id 30  pos  2733  spd   100  load  -24  12.0 V  30 C  err 0x00
>>> pos 30
id 30  pos  2736  spd   100  load  -24  12.1 V  30 C  err 0x00
>>> pos 30
id 30  pos  2739  spd   100  load  -32  12.0 V  30 C  err 0x00
>>> pos 30
id 30  pos  2743  spd   100  load  -24  12.1 V  30 C  err 0x00
>>> pos 30
id 30  pos  2746  spd   100  load  -24  12.1 V  30 C  err 0x00
>>> pos 30
id 30  pos  2750  spd   100  load  -24  12.0 V  30 C  err 0x00
>>> pos 30
id 30  pos  2753  spd   100  load  -24  12.0 V  30 C  err 0x00
>>> pos 30
id 30  pos  2756  spd    50  load  -24  12.1 V  30 C  err 0x00
>>> pos 30
id 30  pos  2760  spd   100  load  -24  12.1 V  30 C  err 0x00
>>> pos 30
id 30  pos  2762  spd   100  load  -32  12.1 V  30 C  err 0x00
>>> pos 30
id 30  pos  2766  spd   100  load  -24  12.1 V  30 C  err 0x00
>>> pos 30
id 30  pos  2769  spd   100  load  -32  12.0 V  30 C  err 0x00
>>> pos 30
id 30  pos  2773  spd   100  load  -24  12.1 V  30 C  err 0x00
>>> pos 30
id 30  pos  2776  spd   100  load  -24  12.1 V  30 C  err 0x00
>>> pos 30
id 30  pos  2779  spd   100  load  -32  12.1 V  30 C  err 0x00
>>> pos 30
id 30  pos  2782  spd   100  load  -32  12.1 V  30 C  err 0x00
>>> pos 30
id 30  pos  2785  spd   100  load  -36  12.1 V  30 C  err 0x00
>>> pos 30
id 30  pos  2789  spd   100  load  -20  12.0 V  30 C  err 0x00
>>> pos 30
id 30  pos  2792  spd   100  load  -32  12.1 V  30 C  err 0x00
>>> pos 30
id 30  pos  2796  spd   100  load  -24  12.1 V  30 C  err 0x00
>>> pos 30
id 30  pos  2799  spd   100  load  -24  12.0 V  30 C  err 0x00
>>> pos 30
id 30  pos  2803  spd   150  load  -24  12.0 V  30 C  err 0x00
>>> pos 30
id 30  pos  2805  spd    50  load  -32  12.0 V  30 C  err 0x00
>>> pos 30
id 30  pos  2809  spd   100  load  -20  12.1 V  30 C  err 0x00
>>> pos 30
id 30  pos  2812  spd   100  load  -36  12.1 V  30 C  err 0x00
>>> pos 30
id 30  pos  2816  spd   100  load  -20  12.1 V  30 C  err 0x00
>>> pos 30
id 30  pos  2819  spd   100  load  -24  12.0 V  30 C  err 0x00
>>> pos 30
id 30  pos  2823  spd   100  load  -24  12.0 V  30 C  err 0x00
>>> pos 30
id 30  pos  2826  spd   100  load  -24  12.0 V  30 C  err 0x00
>>> pos 30
id 30  pos  2829  spd   100  load  -24  12.1 V  30 C  err 0x00
>>> pos 30
id 30  pos  2832  spd   100  load  -32  12.1 V  30 C  err 0x00
>>> pos 30
id 30  pos  2835  spd   100  load  -32  12.0 V  30 C  err 0x00
>>> pos 30
id 30  pos  2839  spd   100  load  -24  12.1 V  30 C  err 0x00
>>> pos 30
id 30  pos  2843  spd   100  load    0  12.1 V  30 C  err 0x00
>>> pos 30
id 30  pos  2846  spd   100  load  -24  12.1 V  30 C  err 0x00
>>> pos 30
id 30  pos  2849  spd   100  load  -24  12.0 V  30 C  err 0x00
>>> pos 30
id 30  pos  2852  spd    50  load  -24  12.0 V  30 C  err 0x00
>>> pos 30
id 30  pos  2855  spd   100  load  -36  12.1 V  30 C  err 0x00
>>> pos 30
id 30  pos  2859  spd   100  load  -24  12.1 V  30 C  err 0x00
>>> pos 30
id 30  pos  2862  spd   100  load  -24  12.1 V  30 C  err 0x00
>>> pos 30
id 30  pos  2866  spd   100  load  -24  12.1 V  30 C  err 0x00
>>> pos 30
id 30  pos  2869  spd   100  load  -24  12.0 V  30 C  err 0x00
>>> pos 30
id 30  pos  2872  spd   100  load  -24  12.0 V  30 C  err 0x00
>>> pos 30
id 30  pos  2875  spd   100  load  -32  12.0 V  30 C  err 0x00
>>> pos 30
id 30  pos  2878  spd   100  load  -36  12.0 V  30 C  err 0x00
>>> pos 30
id 30  pos  2882  spd   100  load  -24  12.1 V  30 C  err 0x00
>>> pos 30
id 30  pos  2885  spd   100  load  -36  12.1 V  30 C  err 0x00
>>> pos 30
id 30  pos  2888  spd   100  load  -32  12.1 V  30 C  err 0x00
>>> pos 30
id 30  pos  2892  spd   100  load  -24  12.1 V  30 C  err 0x00
>>> pos 30
id 30  pos  2895  spd   100  load  -24  12.1 V  30 C  err 0x00
>>> pos 30
id 30  pos  2899  spd   100  load  -24  12.0 V  30 C  err 0x00
>>> pos 30
id 30  pos  2902  spd   100  load  -24  12.0 V  30 C  err 0x00
>>> pos 30
id 30  pos  2905  spd   100  load  -28  12.0 V  31 C  err 0x00
>>> pos 30
id 30  pos  2909  spd   100  load  -20  12.0 V  30 C  err 0x00
>>> pos 30
id 30  pos  2911  spd   100  load  -32  12.1 V  30 C  err 0x00
>>> pos 30
id 30  pos  2915  spd   100  load  -24  12.1 V  30 C  err 0x00
>>> pos 30
id 30  pos  2918  spd   100  load  -36  12.1 V  30 C  err 0x00
>>> pos 30
id 30  pos  2922  spd   100  load  -20  12.0 V  30 C  err 0x00
>>> pos 30
id 30  pos  2924  spd   100  load  -32  12.1 V  30 C  err 0x00
>>> pos 30
id 30  pos  2928  spd   150  load  -28  12.0 V  30 C  err 0x00
>>> pos 30
id 30  pos  2931  spd   100  load  -36  12.1 V  30 C  err 0x00
>>> pos 30
id 30  pos  2935  spd   100  load  -20  12.0 V  30 C  err 0x00
>>> pos 30
id 30  pos  2938  spd   100  load  -32  12.1 V  30 C  err 0x00
>>> pos 30
id 30  pos  2941  spd   100  load  -32  12.0 V  30 C  err 0x00
>>> pos 30
id 30  pos  2945  spd   100  load  -20  12.0 V  30 C  err 0x00
>>> pos 30
id 30  pos  2948  spd   100  load  -24  12.0 V  30 C  err 0x00
>>> pos 30
id 30  pos  2951  spd   100  load  -32  12.1 V  30 C  err 0x00
>>> pos 30
id 30  pos  2954  spd    50  load  -36  12.1 V  30 C  err 0x00
>>> pos 30
id 30  pos  2958  spd   100  load  -24  12.1 V  30 C  err 0x00
>>> pos 30
id 30  pos  2961  spd   100  load  -32  12.1 V  30 C  err 0x00
>>> pos 30
id 30  pos  2965  spd   100  load  -24  12.0 V  30 C  err 0x00
>>> pos 30
id 30  pos  2968  spd   100  load  -24  12.0 V  30 C  err 0x00
>>> pos 30
id 30  pos  2971  spd   100  load  -32  12.0 V  30 C  err 0x00
>>> pos 30
id 30  pos  2974  spd   100  load  -32  12.0 V  30 C  err 0x00
>>> pos 30
id 30  pos  2978  spd    50  load  -24  12.0 V  30 C  err 0x00
>>> pos 30
id 30  pos  2981  spd   100  load  -28  12.0 V  30 C  err 0x00
>>> pos 30
id 30  pos  2984  spd   100  load  -28  12.1 V  30 C  err 0x00
>>> pos 30
id 30  pos  2987  spd   100  load  -36  12.1 V  30 C  err 0x00
>>> pos 30
id 30  pos  2991  spd   150  load  -28  12.1 V  30 C  err 0x00
>>> pos 30
id 30  pos  2994  spd   100  load  -32  12.1 V  30 C  err 0x00
>>> pos 30
id 30  pos  2998  spd    50  load  -20  12.1 V  30 C  err 0x00
>>> pos 30
id 30  pos  3001  spd   100  load  -28  12.0 V  30 C  err 0x00
>>> pos 30
id 30  pos  3004  spd    50  load  -32  12.1 V  30 C  err 0x00
>>> pos 30
id 30  pos  3008  spd   150  load  -20  12.0 V  30 C  err 0x00
>>> pos 30
id 30  pos  3011  spd   100  load  -28  12.1 V  30 C  err 0x00
>>> pos 30
id 30  pos  3015  spd   100  load  -20  12.0 V  30 C  err 0x00
>>> pos 30
id 30  pos  3017  spd    50  load  -36  12.0 V  30 C  err 0x00
>>> pos 30
id 30  pos  3021  spd   100  load  -20  12.0 V  30 C  err 0x00
>>> pos 30
id 30  pos  3024  spd   100  load  -32  12.0 V  30 C  err 0x00
>>> pos 30
id 30  pos  3027  spd   150  load  -28  12.0 V  30 C  err 0x00
>>> pos 30
id 30  pos  3031  spd    50  load  -24  12.1 V  30 C  err 0x00
>>> pos 30
id 30  pos  3034  spd   100  load  -32  12.0 V  30 C  err 0x00
>>> pos 30
id 30  pos  3038  spd   100  load  -24  12.1 V  30 C  err 0x00
>>> pos 30
id 30  pos  3041  spd   100  load  -24  12.0 V  30 C  err 0x00
>>> pos 30
id 30  pos  3044  spd   100  load  -32  12.1 V  30 C  err 0x00
>>> pos 30
id 30  pos  3047  spd    50  load  -36  12.1 V  30 C  err 0x00
>>> pos 30
id 30  pos  3051  spd   150  load  -20  12.1 V  30 C  err 0x00
>>> pos 30
id 30  pos  3054  spd   150  load  -24  12.0 V  30 C  err 0x00
>>> pos 30
id 30  pos  3058  spd   100  load  -20  12.1 V  30 C  err 0x00
>>> pos 30
id 30  pos  3061  spd   100  load  -28  12.1 V  30 C  err 0x00
>>> pos 30
id 30  pos  3064  spd   100  load  -24  12.0 V  30 C  err 0x00
>>> pos 30
id 30  pos  3067  spd    50  load  -36  12.1 V  30 C  err 0x00
>>> pos 30
id 30  pos  3070  spd   100  load  -28  12.1 V  30 C  err 0x00
>>> pos 30
id 30  pos  3073  spd   100  load  -32  12.1 V  30 C  err 0x00
>>> pos 30
id 30  pos  3077  spd   150  load  -28  12.1 V  30 C  err 0x00
>>> pos 30
id 30  pos  3080  spd   100  load  -36  12.0 V  30 C  err 0x00
>>> pos 30
id 30  pos  3084  spd   100  load  -20  12.1 V  30 C  err 0x00
>>> pos 30
id 30  pos  3087  spd   100  load  -32  12.1 V  30 C  err 0x00
>>> pos 30
id 30  pos  3090  spd   100  load  -32  12.0 V  30 C  err 0x00
>>> pos 30
id 30  pos  3093  spd   150  load  -36  12.1 V  30 C  err 0x00
>>> pos 30
id 30  pos  3097  spd   100  load  -32  12.0 V  30 C  err 0x00
>>> pos 30
id 30  pos  3100  spd   100  load  -32  12.1 V  30 C  err 0x00
>>> pos 30
id 30  pos  3104  spd    50  load  -20  12.0 V  30 C  err 0x00
>>> pos 30
id 30  pos  3107  spd   100  load  -24  12.0 V  30 C  err 0x00
>>> pos 30
id 30  pos  3110  spd   100  load  -32  12.1 V  30 C  err 0x00
>>> pos 30
id 30  pos  3113  spd   150  load  -36  12.1 V  30 C  err 0x00
>>> pos 30
id 30  pos  3116  spd    50  load  -32  12.0 V  30 C  err 0x00
>>> pos 30
id 30  pos  3120  spd   150  load  -32  12.1 V  30 C  err 0x00
>>> pos 30
id 30  pos  3123  spd   100  load  -32  12.1 V  30 C  err 0x00
>>> pos 30
id 30  pos  3127  spd   150  load  -24  12.1 V  30 C  err 0x00
>>> pos 30
id 30  pos  3129  spd    50  load  -44  12.0 V  30 C  err 0x00
>>> pos 30
id 30  pos  3133  spd   100  load  -32  12.1 V  30 C  err 0x00
>>> pos 30
id 30  pos  3136  spd   100  load  -32  12.1 V  30 C  err 0x00
>>> pos 30
id 30  pos  3140  spd   100  load  -32  12.0 V  30 C  err 0x00
>>> pos 30
id 30  pos  3143  spd   150  load  -32  12.0 V  30 C  err 0x00
>>> pos 30
id 30  pos  3146  spd   150  load  -32  12.1 V  30 C  err 0x00
>>> pos 30
id 30  pos  3150  spd    50  load  -32  12.0 V  30 C  err 0x00
>>> pos 30
id 30  pos  3153  spd   100  load  -32  12.0 V  30 C  err 0x00
>>> pos 30
id 30  pos  3157  spd   150  load  -24  12.1 V  30 C  err 0x00
>>> pos 30
id 30  pos  3160  spd   100  load  -24  12.0 V  30 C  err 0x00
>>> pos 30
id 30  pos  3163  spd    50  load  -32  12.0 V  30 C  err 0x00
>>> pos 30
id 30  pos  3166  spd   100  load  -32  12.0 V  30 C  err 0x00
>>> pos 30
id 30  pos  3169  spd   100  load  -32  12.0 V  30 C  err 0x00
>>> pos 30
id 30  pos  3173  spd   100  load  -32  12.0 V  30 C  err 0x00
>>> pos 30
id 30  pos  3176  spd   100  load  -32  12.1 V  30 C  err 0x00
>>> pos 30
id 30  pos  3179  spd   100  load  -32  12.1 V  30 C  err 0x00
>>> pos 30
id 30  pos  3183  spd   100  load  -32  12.1 V  30 C  err 0x00
>>> pos 30
id 30  pos  3186  spd   100  load  -32  12.0 V  30 C  err 0x00
>>> pos 30
id 30  pos  3189  spd   100  load  -32  12.1 V  30 C  err 0x00
>>> pos 30
id 30  pos  3192  spd   100  load  -40  12.1 V  30 C  err 0x00
>>> pos 30
id 30  pos  3196  spd   100  load  -32  12.1 V  30 C  err 0x00
>>> pos 30
id 30  pos  3199  spd   100  load  -32  12.1 V  30 C  err 0x00
>>> pos 30
id 30  pos  3202  spd    50  load  -40  12.1 V  30 C  err 0x00
>>> pos 30
id 30  pos  3206  spd   100  load  -32  12.0 V  30 C  err 0x00
>>> pos 30
id 30  pos  3209  spd   100  load  -32  12.1 V  30 C  err 0x00
>>> pos 30
id 30  pos  3212  spd   100  load  -40  12.1 V  30 C  err 0x00
>>> pos 30
id 30  pos  3215  spd   100  load  -40  12.0 V  30 C  err 0x00
>>> pos 30
id 30  pos  3219  spd   100  load  -32  12.1 V  30 C  err 0x00
>>> pos 30
id 30  pos  3222  spd   100  load  -32  12.1 V  30 C  err 0x00
>>> pos 30
id 30  pos  3226  spd   100  load  -32  12.1 V  30 C  err 0x00
>>> pos 30
id 30  pos  3229  spd   100  load  -32  12.1 V  30 C  err 0x00
>>> pos 30
id 30  pos  3232  spd   100  load  -32  12.1 V  30 C  err 0x00
>>> pos 30
id 30  pos  3235  spd   100  load  -40  12.1 V  30 C  err 0x00
>>> pos 30
id 30  pos  3239  spd   100  load  -32  12.1 V  30 C  err 0x00
>>> pos 30
id 30  pos  3242  spd   100  load  -32  12.1 V  30 C  err 0x00
>>> pos 30
id 30  pos  3246  spd   100  load  -32  12.1 V  30 C  err 0x00
>>> pos 30
id 30  pos  3249  spd   100  load  -32  12.1 V  30 C  err 0x00
>>> pos 30
id 30  pos  3252  spd   100  load  -32  12.0 V  30 C  err 0x00
>>> pos 30
id 30  pos  3255  spd   100  load  -40  12.0 V  30 C  err 0x00
>>> pos 30
id 30  pos  3258  spd   100  load  -40  12.1 V  30 C  err 0x00
>>> pos 30
id 30  pos  3262  spd   100  load  -32  12.0 V  30 C  err 0x00
>>> pos 30
id 30  pos  3265  spd   100  load  -40  12.1 V  30 C  err 0x00
>>> pos 30
id 30  pos  3269  spd   100  load  -32  12.0 V  30 C  err 0x00
>>> pos 30
id 30  pos  3272  spd   100  load  -32  12.1 V  30 C  err 0x00
>>> pos 30
id 30  pos  3275  spd   100  load  -32  12.1 V  30 C  err 0x00
>>> pos 30
id 30  pos  3278  spd   100  load  -40  12.1 V  30 C  err 0x00
>>> pos 30
id 30  pos  3281  spd   100  load  -40  12.1 V  30 C  err 0x00
>>> pos 30
id 30  pos  3285  spd   100  load  -28  12.1 V  30 C  err 0x00
>>> pos 30
id 30  pos  3288  spd   100  load  -40  12.1 V  30 C  err 0x00
>>> pos 30
id 30  pos  3292  spd   100  load  -32  12.0 V  30 C  err 0x00
>>> pos 30
id 30  pos  3295  spd   100  load  -32  12.0 V  30 C  err 0x00
>>> pos 30
id 30  pos  3298  spd   100  load  -40  12.1 V  30 C  err 0x00
>>> pos 30
id 30  pos  3302  spd   100  load  -32  12.1 V  30 C  err 0x00
>>> pos 30
id 30  pos  3305  spd   100  load  -36  12.0 V  30 C  err 0x00
>>> pos 30
id 30  pos  3308  spd   100  load  -40  12.1 V  30 C  err 0x00
>>> pos 30
id 30  pos  3311  spd   100  load  -40  12.1 V  31 C  err 0x00
>>> pos 30
id 30  pos  3315  spd    50  load  -28  12.1 V  30 C  err 0x00
>>> pos 30
id 30  pos  3318  spd   100  load  -40  12.1 V  30 C  err 0x00
>>> pos 30
id 30  pos  3321  spd   100  load  -40  12.1 V  30 C  err 0x00
>>> pos 30
id 30  pos  3325  spd   100  load  -32  12.0 V  30 C  err 0x00
>>> pos 30
id 30  pos  3328  spd   100  load  -32  12.0 V  30 C  err 0x00
>>> pos 30
id 30  pos  3332  spd   100  load  -28  12.1 V  30 C  err 0x00
>>> pos 30
id 30  pos  3334  spd   100  load  -40  12.1 V  30 C  err 0x00
>>> pos 30
id 30  pos  3339  spd   150  load  -20  12.0 V  30 C  err 0x00
>>> pos 30
id 30  pos  3341  spd    50  load  -44  12.1 V  30 C  err 0x00
>>> pos 30
id 30  pos  3345  spd   150  load  -28  12.1 V  30 C  err 0x00
>>> pos 30
id 30  pos  3348  spd   100  load  -36  12.0 V  30 C  err 0x00
>>> pos 30
id 30  pos  3351  spd   100  load  -40  12.1 V  30 C  err 0x00
>>> pos 30
id 30  pos  3354  spd    50  load  -44  12.1 V  30 C  err 0x00
>>> pos 30
id 30  pos  3358  spd   150  load  -28  12.0 V  30 C  err 0x00
>>> pos 30
id 30  pos  3361  spd   150  load  -36  12.1 V  30 C  err 0x00
>>> pos 30
id 30  pos  3364  spd   100  load  -40  12.1 V  30 C  err 0x00
>>> pos 30
id 30  pos  3368  spd   150  load  -28  12.0 V  30 C  err 0x00
>>> pos 30
id 30  pos  3371  spd    50  load  -44  12.1 V  30 C  err 0x00
>>> pos 30
id 30  pos  3374  spd   150  load  -40  12.0 V  30 C  err 0x00
>>> pos 30
id 30  pos  3377  spd    50  load  -44  12.1 V  30 C  err 0x00
>>> pos 30
id 30  pos  3381  spd   100  load  -36  12.0 V  30 C  err 0x00
>>> pos 30
id 30  pos  3384  spd   100  load  -40  12.1 V  30 C  err 0x00
>>> pos 30
id 30  pos  3387  spd   100  load  -40  12.0 V  30 C  err 0x00
>>> pos 30
id 30  pos  3391  spd   150  load  -28  12.1 V  30 C  err 0x00
>>> pos 30
id 30  pos  3394  spd   100  load  -44  12.1 V  30 C  err 0x00
>>> pos 30
id 30  pos  3397  spd   100  load  -36  12.0 V  30 C  err 0x00
>>> pos 30
id 30  pos  3400  spd   100  load  -40  12.1 V  30 C  err 0x00
>>> pos 30
id 30  pos  3404  spd   150  load  -36  12.1 V  30 C  err 0x00
>>> pos 30
id 30  pos  3407  spd   100  load  -40  12.1 V  30 C  err 0x00
>>> pos 30
id 30  pos  3411  spd   150  load  -36  12.0 V  30 C  err 0x00
>>> pos 30
id 30  pos  3414  spd    50  load  -40  12.1 V  30 C  err 0x00
>>> pos 30
id 30  pos  3417  spd   100  load  -40  12.0 V  30 C  err 0x00
>>> pos 30
id 30  pos  3420  spd    50  load  -40  12.1 V  30 C  err 0x00
>>> pos 30
id 30  pos  3424  spd   100  load  -36  12.0 V  30 C  err 0x00
>>> pos 30
id 30  pos  3427  spd    50  load  -40  12.0 V  30 C  err 0x00
>>> pos 30
id 30  pos  3431  spd   100  load  -28  12.1 V  30 C  err 0x00
>>> pos 30
id 30  pos  3433  spd    50  load  -44  12.1 V  30 C  err 0x00
>>> pos 30
id 30  pos  3437  spd   150  load  -36  12.1 V  30 C  err 0x00
>>> pos 30
id 30  pos  3440  spd    50  load  -40  12.0 V  30 C  err 0x00
>>> pos 30
id 30  pos  3444  spd   150  load  -32  12.1 V  30 C  err 0x00
>>> pos 30
id 30  pos  3446  spd    50  load  -48  12.0 V  30 C  err 0x00
>>> pos 30
id 30  pos  3450  spd   100  load  -40  12.1 V  30 C  err 0x00
>>> pos 30
id 30  pos  3453  spd   100  load  -40  12.1 V  30 C  err 0x00
>>> pos 30
id 30  pos  3456  spd   100  load  -48  12.1 V  30 C  err 0x00
>>> pos 30
id 30  pos  3460  spd   100  load  -40  12.0 V  30 C  err 0x00
>>> pos 30
id 30  pos  3463  spd   100  load  -40  12.0 V  31 C  err 0x00
>>> pos 30
id 30  pos  3467  spd   100  load  -40  12.1 V  30 C  err 0x00
>>> pos 30
id 30  pos  3470  spd   100  load  -40  12.0 V  30 C  err 0x00
>>> pos 30
id 30  pos  3473  spd   100  load  -40  12.0 V  30 C  err 0x00
>>> pos 30
id 30  pos  3476  spd   100  load  -48  12.1 V  30 C  err 0x00
>>> pos 30
id 30  pos  3480  spd   100  load  -40  12.0 V  30 C  err 0x00
>>> pos 30
id 30  pos  3483  spd   100  load  -40  12.1 V  30 C  err 0x00
>>> pos 30
id 30  pos  3486  spd   100  load  -40  12.0 V  30 C  err 0x00
>>> pos 30
id 30  pos  3490  spd   100  load  -40  12.0 V  30 C  err 0x00
>>> pos 30
id 30  pos  3493  spd   100  load  -40  12.0 V  30 C  err 0x00
>>> pos 30
id 30  pos  3496  spd   100  load  -44  12.1 V  30 C  err 0x00
>>> pos 30
id 30  pos  3500  spd   100  load  -36  12.1 V  30 C  err 0x00
>>> pos 30
id 30  pos  3502  spd   100  load  -48  12.1 V  30 C  err 0x00
>>> pos 30
id 30  pos  3506  spd   100  load  -36  12.1 V  30 C  err 0x00
>>> pos 30
id 30  pos  3509  spd   100  load  -40  12.0 V  30 C  err 0x00
>>> pos 30
id 30  pos  3512  spd   100  load  -40  12.1 V  30 C  err 0x00
>>> pos 30
id 30  pos  3515  spd   100  load  -28  12.1 V  30 C  err 0x00
>>> pos 30
id 30  pos  3517  spd    50  load  -32  12.1 V  30 C  err 0x00
>>> pos 30
id 30  pos  3518  spd    50  load  -40  12.1 V  30 C  err 0x00
>>> pos 30
id 30  pos  3521  spd    50  load  -28  12.1 V  30 C  err 0x00
>>> pos 30
id 30  pos  3524  spd   100  load  -20  12.1 V  30 C  err 0x00
>>> pos 30
id 30  pos  3524  spd     0  load  -36  12.0 V  30 C  err 0x00
>>> pos 30
id 30  pos  3525  spd    50  load  -40  12.1 V  30 C  err 0x00
>>> pos 30
id 30  pos  3528  spd    50  load  -32  12.0 V  30 C  err 0x00
>>> pos 30
id 30  pos  3531  spd   100  load   24  12.0 V  30 C  err 0x00
>>> pos 30
id 30  pos  3531  spd     0  load    0  12.1 V  30 C  err 0x00
>>> pos 30
id 30  pos  3531  spd     0  load    0  12.0 V  30 C  err 0x00
>>> pos 30
id 30  pos  3531  spd     0  load    0  12.1 V  30 C  err 0x00
>>> pos 30
id 30  pos  3531  spd     0  load    0  12.0 V  30 C  err 0x00
>>> pos 30
id 30  pos  3531  spd     0  load    0  12.1 V  30 C  err 0x00
>>> pos 30
id 30  pos  3531  spd     0  load    0  12.1 V  30 C  err 0x00
>>> pos 30
id 30  pos  3531  spd     0  load    0  12.1 V  30 C  err 0x00
>>> pos 30
id 30  pos  3531  spd     0  load    0  12.1 V  30 C  err 0x00
>>> pos 30
id 30  pos  3531  spd     0  load    0  12.1 V  30 C  err 0x00
>>> pos 30
id 30  pos  3531  spd     0  load    0  12.1 V  30 C  err 0x00
>>> pos 30
id 30  pos  3531  spd     0  load    0  12.1 V  30 C  err 0x00
>>> pos 30
id 30  pos  3531  spd     0  load    0  12.0 V  30 C  err 0x00
>>> pos 30
id 30  pos  3531  spd     0  load    0  12.1 V  30 C  err 0x00
>>> pos 30
id 30  pos  3531  spd     0  load    0  12.1 V  30 C  err 0x00
>>> pos 30
id 30  pos  3531  spd     0  load    0  12.1 V  30 C  err 0x00
>>> pos 30
id 30  pos  3531  spd     0  load    0  12.1 V  30 C  err 0x00
>>> pos 30
id 30  pos  3531  spd     0  load    0  12.0 V  30 C  err 0x00
>>> pos 30
id 30  pos  3531  spd     0  load    0  12.1 V  30 C  err 0x00
>>> pos 30
id 30  pos  3531  spd     0  load    0  12.1 V  30 C  err 0x00
>>> pos 30
id 30  pos  3531  spd     0  load    0  12.1 V  30 C  err 0x00
>>> pos 30
id 30  pos  3531  spd     0  load    0  12.1 V  30 C  err 0x00
>>> pos 30
id 30  pos  3531  spd     0  load    0  12.1 V  30 C  err 0x00
>>> pos 30
id 30  pos  3531  spd     0  load    0  12.1 V  30 C  err 0x00
>>> pos 30
id 30  pos  3531  spd     0  load    0  12.1 V  30 C  err 0x00
>>> pos 30
id 30  pos  3531  spd     0  load    0  12.1 V  30 C  err 0x00
>>> pos 30
id 30  pos  3531  spd     0  load    0  12.0 V  30 C  err 0x00
>>> pos 30
id 30  pos  3531  spd     0  load    0  12.0 V  30 C  err 0x00
>>> pos 30
id 30  pos  3531  spd     0  load    0  12.0 V  30 C  err 0x00
>>> pos 30
id 30  pos  3531  spd     0  load    0  12.1 V  30 C  err 0x00
>>> pos 30
id 30  pos  3531  spd     0  load    0  12.1 V  30 C  err 0x00
>>> pos 30
id 30  pos  3531  spd     0  load    0  12.0 V  30 C  err 0x00
>>> pos 30
id 30  pos  3531  spd     0  load    0  12.0 V  30 C  err 0x00
>>> pos 30
id 30  pos  3531  spd     0  load    0  12.1 V  30 C  err 0x00
>>> pos 30
id 30  pos  3531  spd     0  load    0  12.1 V  30 C  err 0x00
>>> pos 30
id 30  pos  3531  spd     0  load    0  12.1 V  30 C  err 0x00
>>> pos 30
id 30  pos  3531  spd     0  load    0  12.1 V  30 C  err 0x00
>>> pos 30
id 30  pos  3531  spd     0  load    0  12.0 V  30 C  err 0x00
>>> pos 30
id 30  pos  3531  spd     0  load    0  12.1 V  30 C  err 0x00
>>> pos 30
id 30  pos  3531  spd     0  load    0  12.1 V  30 C  err 0x00
>>> pos 30
id 30  pos  3531  spd     0  load    0  12.1 V  30 C  err 0x00
>>> pos 30
id 30  pos  3531  spd     0  load    0  12.1 V  30 C  err 0x00
>>> pos 30
id 30  pos  3531  spd     0  load    0  12.1 V  30 C  err 0x00
>>> pos 30
id 30  pos  3531  spd     0  load    0  12.1 V  30 C  err 0x00
>>> pos 30
id 30  pos  3531  spd     0  load    0  12.1 V  30 C  err 0x00
>>> pos 30
id 30  pos  3531  spd     0  load    0  12.0 V  30 C  err 0x00
>>> pos 30
id 30  pos  3531  spd     0  load    0  12.1 V  30 C  err 0x00
>>> pos 30
id 30  pos  3531  spd     0  load    0  12.1 V  30 C  err 0x00
>>> pos 30
id 30  pos  3531  spd     0  load    0  12.0 V  30 C  err 0x00
>>> pos 30
id 30  pos  3531  spd     0  load    0  12.1 V  30 C  err 0x00
>>> pos 30
id 30  pos  3531  spd     0  load    0  12.0 V  30 C  err 0x00
>>> pos 30
id 30  pos  3531  spd     0  load    0  12.1 V  30 C  err 0x00
>>> pos 30
id 30  pos  3531  spd     0  load    0  12.0 V  30 C  err 0x00
>>> pos 30
id 30  pos  3531  spd     0  load    0  12.1 V  30 C  err 0x00
>>> pos 30
id 30  pos  3531  spd     0  load    0  12.1 V  30 C  err 0x00
>>> pos 30
id 30  pos  3531  spd     0  load    0  12.1 V  30 C  err 0x00
>>> pos 30
id 30  pos  3531  spd     0  load    0  12.0 V  30 C  err 0x00
>>> pos 30
id 30  pos  3531  spd     0  load    0  12.1 V  30 C  err 0x00
>>> pos 30
id 30  pos  3531  spd     0  load    0  12.0 V  30 C  err 0x00
>>> pos 30
id 30  pos  3531  spd     0  load    0  12.1 V  30 C  err 0x00
>>> pos 30
id 30  pos  3531  spd     0  load    0  12.1 V  30 C  err 0x00
>>> pos 30
id 30  pos  3531  spd     0  load    0  12.0 V  30 C  err 0x00
>>> pos 30
id 30  pos  3531  spd     0  load    0  12.0 V  30 C  err 0x00
>>> pos 30
id 30  pos  3531  spd     0  load    0  12.1 V  30 C  err 0x00
>>> pos 30
id 30  pos  3531  spd     0  load    0  12.1 V  30 C  err 0x00
>>> pos 30
id 30  pos  3531  spd     0  load    0  12.1 V  30 C  err 0x00
>>> pos 30
id 30  pos  3531  spd     0  load    0  12.1 V  30 C  err 0x00
>>> pos 30
id 30  pos  3531  spd     0  load    0  12.1 V  30 C  err 0x00
>>> pos 30
id 30  pos  3531  spd     0  load    0  12.0 V  30 C  err 0x00
>>> pos 30
id 30  pos  3531  spd     0  load    0  12.0 V  30 C  err 0x00
>>> pos 30
id 30  pos  3531  spd     0  load    0  12.0 V  30 C  err 0x00
>>> pos 30
id 30  pos  3531  spd     0  load    0  12.1 V  30 C  err 0x00
>>> pos 30
id 30  pos  3531  spd     0  load    0  12.1 V  30 C  err 0x00
>>> pos 30
id 30  pos  3531  spd     0  load    0  12.1 V  30 C  err 0x00
>>> pos 30
id 30  pos  3531  spd     0  load    0  12.1 V  30 C  err 0x00
>>> pos 30
id 30  pos  3531  spd     0  load    0  12.1 V  30 C  err 0x00
>>> pos 30
id 30  pos  3531  spd     0  load    0  12.1 V  30 C  err 0x00
>>> pos 30
id 30  pos  3531  spd     0  load    0  12.1 V  30 C  err 0x00
>>> pos 30
id 30  pos  3531  spd     0  load    0  12.1 V  30 C  err 0x00
>>> pos 30
id 30  pos  3531  spd     0  load    0  12.1 V  30 C  err 0x00
>>> pos 30
id 30  pos  3531  spd     0  load    0  12.1 V  30 C  err 0x00
>>> pos 30
id 30  pos  3531  spd     0  load    0  12.1 V  30 C  err 0x00
>>> pos 30
id 30  pos  3531  spd     0  load    0  12.1 V  30 C  err 0x00
>>> pos 30
id 30  pos  3531  spd     0  load    0  12.1 V  30 C  err 0x00
>>> pos 30
id 30  pos  3531  spd     0  load    0  12.1 V  30 C  err 0x00
>>> pos 30
id 30  pos  3531  spd     0  load    0  12.1 V  30 C  err 0x00
>>> pos 30
id 30  pos  3531  spd     0  load    0  12.1 V  30 C  err 0x00
>>> pos 30
id 30  pos  3531  spd     0  load    0  12.1 V  30 C  err 0x00
>>> pos 30
id 30  pos  3531  spd     0  load    0  12.1 V  30 C  err 0x00
>>> pos 30
id 30  pos  3531  spd     0  load    0  12.0 V  30 C  err 0x00
>>> pos 30
id 30  pos  3531  spd     0  load    0  12.1 V  30 C  err 0x00
>>> pos 30
id 30  pos  3531  spd     0  load    0  12.1 V  30 C  err 0x00
>>> pos 30
id 30  pos  3531  spd     0  load    0  12.0 V  30 C  err 0x00
>>> pos 30
id 30  pos  3531  spd     0  load    0  12.1 V  30 C  err 0x00
>>> pos 30
id 30  pos  3531  spd     0  load    0  12.1 V  30 C  err 0x00
>>> pos 30
id 30  pos  3531  spd     0  load    0  12.1 V  30 C  err 0x00
>>> pos 30
id 30  pos  3531  spd     0  load    0  12.1 V  30 C  err 0x00
>>> pos 30
id 30  pos  3531  spd     0  load    0  12.0 V  30 C  err 0x00
>>> pos 30
id 30  pos  3531  spd     0  load    0  12.0 V  30 C  err 0x00
>>> pos 30
id 30  pos  3531  spd     0  load    0  12.1 V  30 C  err 0x00
>>> pos 30
id 30  pos  3531  spd     0  load    0  12.1 V  30 C  err 0x00
>>> pos 30
id 30  pos  3531  spd     0  load    0  12.0 V  30 C  err 0x00
  travel 2507->3531: spd 100 (sd 24, 50..150), backward samples 0/313, load -48..24, end overshoot 0, residual range 0, err 0
>>> pos 30
id 30  pos  3531  spd     0  load    0  12.0 V  30 C  err 0x00
>>> pos 30
id 30  pos  3531  spd     0  load    0  12.1 V  30 C  err 0x00
>>> release 30
release 30: ok
>>> pos 30
id 30  pos  3531  spd     0  load    0  12.1 V  30 C  err 0x00
  released hanging: pos 3531

== P 96 D 32
>>> gains 30
id 30  P 32  D 32  I 0   expected (no row in servo_gains.h)
>>> release 30
release 30: ok
>>> gains 30 96 32
id 30: writing P 96 D 32 to EEPROM (torque must be OFF; no goal is written) ...
id 30: P 96 D 32, verified after commit -- safe to power down
  note: id 30 has no row in servo_gains.h
>>> gains 30
id 30  P 96  D 32  I 0   expected (no row in servo_gains.h)
  gains 96/32: ok

NEXT MOTION: P 96: torque on hanging down; quiet hold + 4 smooth 2-deg moves; raise to straight out; quiet hold + 2 slow probes + 4 smooth 2-deg moves; lower and release
  type go:
< 'go'
>>> pos 30
id 30  pos  3531  spd     0  load    0  12.1 V  31 C  err 0x00
>>> torque 30
torque 30: ok
>>> pos 30
id 30  pos  3531  spd     0  load    0  12.1 V  30 C  err 0x00
>>> pos 30
id 30  pos  3531  spd     0  load    0  12.0 V  30 C  err 0x00
>>> move 30 3531 0 100 2
move id 30 -> 3531 ticks, 0 ms, spd 100, acc 2: ok
>>> pos 30
id 30  pos  3531  spd     0  load    0  12.1 V  30 C  err 0x00
>>> pos 30
id 30  pos  3531  spd     0  load    0  12.1 V  30 C  err 0x00
>>> pos 30
id 30  pos  3531  spd     0  load    0  12.1 V  30 C  err 0x00
>>> pos 30
id 30  pos  3531  spd     0  load    0  12.0 V  31 C  err 0x00
>>> pos 30
id 30  pos  3531  spd     0  load    0  12.1 V  30 C  err 0x00
>>> pos 30
id 30  pos  3531  spd     0  load    0  12.1 V  30 C  err 0x00
>>> pos 30
id 30  pos  3531  spd     0  load    0  12.0 V  31 C  err 0x00
>>> pos 30
id 30  pos  3531  spd     0  load    0  12.0 V  30 C  err 0x00
>>> pos 30
id 30  pos  3531  spd     0  load    0  12.0 V  30 C  err 0x00
>>> pos 30
id 30  pos  3531  spd     0  load    0  12.0 V  31 C  err 0x00
>>> pos 30
id 30  pos  3531  spd     0  load    0  12.0 V  31 C  err 0x00
>>> pos 30
id 30  pos  3531  spd     0  load    0  12.0 V  30 C  err 0x00
>>> pos 30
id 30  pos  3531  spd     0  load    0  12.1 V  30 C  err 0x00
>>> pos 30
id 30  pos  3531  spd     0  load    0  12.0 V  30 C  err 0x00
>>> pos 30
id 30  pos  3531  spd     0  load    0  12.1 V  30 C  err 0x00
>>> pos 30
id 30  pos  3531  spd     0  load    0  12.1 V  30 C  err 0x00
>>> pos 30
id 30  pos  3531  spd     0  load    0  12.0 V  30 C  err 0x00
>>> pos 30
id 30  pos  3531  spd     0  load    0  12.0 V  31 C  err 0x00
>>> pos 30
id 30  pos  3531  spd     0  load    0  12.1 V  30 C  err 0x00
>>> pos 30
id 30  pos  3531  spd     0  load    0  12.1 V  30 C  err 0x00
>>> pos 30
id 30  pos  3531  spd     0  load    0  12.1 V  30 C  err 0x00
>>> pos 30
id 30  pos  3531  spd     0  load    0  12.0 V  30 C  err 0x00
>>> pos 30
id 30  pos  3531  spd     0  load    0  12.1 V  30 C  err 0x00
>>> pos 30
id 30  pos  3531  spd     0  load    0  12.1 V  30 C  err 0x00
>>> pos 30
id 30  pos  3531  spd     0  load    0  12.1 V  31 C  err 0x00
>>> pos 30
id 30  pos  3531  spd     0  load    0  12.1 V  30 C  err 0x00
>>> pos 30
id 30  pos  3531  spd     0  load    0  12.0 V  31 C  err 0x00
>>> pos 30
id 30  pos  3531  spd     0  load    0  12.1 V  30 C  err 0x00
>>> pos 30
id 30  pos  3531  spd     0  load    0  12.1 V  31 C  err 0x00
>>> pos 30
id 30  pos  3531  spd     0  load    0  12.1 V  30 C  err 0x00
>>> pos 30
id 30  pos  3531  spd     0  load    0  12.1 V  30 C  err 0x00
>>> pos 30
id 30  pos  3531  spd     0  load    0  12.0 V  30 C  err 0x00
>>> pos 30
id 30  pos  3531  spd     0  load    0  12.0 V  30 C  err 0x00
>>> pos 30
id 30  pos  3531  spd     0  load    0  12.1 V  30 C  err 0x00
>>> pos 30
id 30  pos  3531  spd     0  load    0  12.1 V  30 C  err 0x00
>>> pos 30
id 30  pos  3531  spd     0  load    0  12.0 V  30 C  err 0x00
>>> pos 30
id 30  pos  3531  spd     0  load    0  12.0 V  30 C  err 0x00
>>> pos 30
id 30  pos  3531  spd     0  load    0  12.1 V  30 C  err 0x00
>>> pos 30
id 30  pos  3531  spd     0  load    0  12.1 V  31 C  err 0x00
>>> pos 30
id 30  pos  3531  spd     0  load    0  12.1 V  30 C  err 0x00
>>> pos 30
id 30  pos  3531  spd     0  load    0  12.0 V  31 C  err 0x00
>>> pos 30
id 30  pos  3531  spd     0  load    0  12.1 V  30 C  err 0x00
>>> pos 30
id 30  pos  3531  spd     0  load    0  12.1 V  30 C  err 0x00
>>> pos 30
id 30  pos  3531  spd     0  load    0  12.1 V  30 C  err 0x00
>>> pos 30
id 30  pos  3531  spd     0  load    0  12.1 V  30 C  err 0x00
>>> pos 30
id 30  pos  3531  spd     0  load    0  12.1 V  30 C  err 0x00
>>> pos 30
id 30  pos  3531  spd     0  load    0  12.0 V  31 C  err 0x00
>>> pos 30
id 30  pos  3531  spd     0  load    0  12.0 V  30 C  err 0x00
>>> pos 30
id 30  pos  3531  spd     0  load    0  12.1 V  31 C  err 0x00
>>> pos 30
id 30  pos  3531  spd     0  load    0  12.1 V  30 C  err 0x00
>>> pos 30
id 30  pos  3531  spd     0  load    0  12.1 V  30 C  err 0x00
>>> pos 30
id 30  pos  3531  spd     0  load    0  12.1 V  31 C  err 0x00
>>> pos 30
id 30  pos  3531  spd     0  load    0  12.0 V  31 C  err 0x00
>>> pos 30
id 30  pos  3531  spd     0  load    0  12.1 V  31 C  err 0x00
>>> pos 30
id 30  pos  3531  spd     0  load    0  12.1 V  30 C  err 0x00
>>> pos 30
id 30  pos  3531  spd     0  load    0  12.1 V  31 C  err 0x00
>>> pos 30
id 30  pos  3531  spd     0  load    0  12.1 V  30 C  err 0x00
>>> pos 30
id 30  pos  3531  spd     0  load    0  12.0 V  30 C  err 0x00
>>> pos 30
id 30  pos  3531  spd     0  load    0  12.0 V  30 C  err 0x00
>>> pos 30
id 30  pos  3531  spd     0  load    0  12.0 V  31 C  err 0x00
>>> pos 30
id 30  pos  3531  spd     0  load    0  12.1 V  30 C  err 0x00
>>> pos 30
id 30  pos  3531  spd     0  load    0  12.1 V  30 C  err 0x00
>>> pos 30
id 30  pos  3531  spd     0  load    0  12.0 V  30 C  err 0x00
>>> pos 30
id 30  pos  3531  spd     0  load    0  12.0 V  30 C  err 0x00
>>> pos 30
id 30  pos  3531  spd     0  load    0  12.1 V  30 C  err 0x00
>>> pos 30
id 30  pos  3531  spd     0  load    0  12.1 V  31 C  err 0x00
>>> pos 30
id 30  pos  3531  spd     0  load    0  12.1 V  30 C  err 0x00
>>> pos 30
id 30  pos  3531  spd     0  load    0  12.0 V  30 C  err 0x00
>>> pos 30
id 30  pos  3531  spd     0  load    0  12.1 V  30 C  err 0x00
>>> pos 30
id 30  pos  3531  spd     0  load    0  12.0 V  31 C  err 0x00
>>> pos 30
id 30  pos  3531  spd     0  load    0  12.1 V  30 C  err 0x00
>>> pos 30
id 30  pos  3531  spd     0  load    0  12.1 V  31 C  err 0x00
>>> pos 30
id 30  pos  3531  spd     0  load    0  12.0 V  31 C  err 0x00
>>> pos 30
id 30  pos  3531  spd     0  load    0  12.1 V  31 C  err 0x00
>>> pos 30
id 30  pos  3531  spd     0  load    0  12.1 V  31 C  err 0x00
>>> pos 30
id 30  pos  3531  spd     0  load    0  12.1 V  30 C  err 0x00
>>> pos 30
id 30  pos  3531  spd     0  load    0  12.1 V  30 C  err 0x00
>>> pos 30
id 30  pos  3531  spd     0  load    0  12.0 V  30 C  err 0x00
>>> pos 30
id 30  pos  3531  spd     0  load    0  12.1 V  30 C  err 0x00
>>> pos 30
id 30  pos  3531  spd     0  load    0  12.1 V  31 C  err 0x00
>>> pos 30
id 30  pos  3531  spd     0  load    0  12.0 V  30 C  err 0x00
>>> pos 30
id 30  pos  3531  spd     0  load    0  12.0 V  30 C  err 0x00
>>> pos 30
id 30  pos  3531  spd     0  load    0  12.1 V  30 C  err 0x00
>>> pos 30
id 30  pos  3531  spd     0  load    0  12.1 V  30 C  err 0x00
>>> pos 30
id 30  pos  3531  spd     0  load    0  12.0 V  30 C  err 0x00
>>> pos 30
id 30  pos  3531  spd     0  load    0  12.0 V  31 C  err 0x00
>>> pos 30
id 30  pos  3531  spd     0  load    0  12.0 V  30 C  err 0x00
>>> pos 30
id 30  pos  3531  spd     0  load    0  12.1 V  30 C  err 0x00
>>> pos 30
id 30  pos  3531  spd     0  load    0  12.0 V  31 C  err 0x00
>>> pos 30
id 30  pos  3531  spd     0  load    0  12.1 V  30 C  err 0x00
>>> pos 30
id 30  pos  3531  spd     0  load    0  12.1 V  30 C  err 0x00
>>> pos 30
id 30  pos  3531  spd     0  load    0  12.1 V  30 C  err 0x00
>>> pos 30
id 30  pos  3531  spd     0  load    0  12.1 V  31 C  err 0x00
>>> pos 30
id 30  pos  3531  spd     0  load    0  12.1 V  30 C  err 0x00
>>> pos 30
id 30  pos  3531  spd     0  load    0  12.1 V  30 C  err 0x00
>>> pos 30
id 30  pos  3531  spd     0  load    0  12.0 V  30 C  err 0x00
>>> pos 30
id 30  pos  3531  spd     0  load    0  12.1 V  30 C  err 0x00
>>> pos 30
id 30  pos  3531  spd     0  load    0  12.1 V  30 C  err 0x00
>>> pos 30
id 30  pos  3531  spd     0  load    0  12.1 V  31 C  err 0x00
>>> pos 30
id 30  pos  3531  spd     0  load    0  12.1 V  30 C  err 0x00
>>> pos 30
id 30  pos  3531  spd     0  load    0  12.1 V  30 C  err 0x00
>>> pos 30
id 30  pos  3531  spd     0  load    0  12.0 V  31 C  err 0x00
>>> pos 30
id 30  pos  3531  spd     0  load    0  12.0 V  30 C  err 0x00
>>> pos 30
id 30  pos  3531  spd     0  load    0  12.0 V  30 C  err 0x00
>>> pos 30
id 30  pos  3531  spd     0  load    0  12.1 V  30 C  err 0x00
>>> pos 30
id 30  pos  3531  spd     0  load    0  12.1 V  30 C  err 0x00
>>> pos 30
id 30  pos  3531  spd     0  load    0  12.0 V  30 C  err 0x00
  travel 3531->3531: spd 0 (sd 0, 0..0), backward samples 0/0, load 0..0, end overshoot 0, residual range 0, err 0
>>> pos 30
id 30  pos  3531  spd     0  load    0  12.1 V  30 C  err 0x00
>>> pos 30
id 30  pos  3531  spd     0  load    0  12.1 V  31 C  err 0x00
>>> pos 30
id 30  pos  3531  spd     0  load    0  12.1 V  30 C  err 0x00
>>> pos 30
id 30  pos  3531  spd     0  load    0  12.1 V  31 C  err 0x00
>>> pos 30
id 30  pos  3531  spd     0  load    0  12.0 V  30 C  err 0x00
>>> pos 30
id 30  pos  3531  spd     0  load    0  12.1 V  30 C  err 0x00
>>> pos 30
id 30  pos  3531  spd     0  load    0  12.0 V  31 C  err 0x00
>>> pos 30
id 30  pos  3531  spd     0  load    0  12.1 V  30 C  err 0x00
>>> pos 30
id 30  pos  3531  spd     0  load    0  12.1 V  31 C  err 0x00
>>> pos 30
id 30  pos  3531  spd     0  load    0  12.0 V  30 C  err 0x00
>>> pos 30
id 30  pos  3531  spd     0  load    0  12.1 V  30 C  err 0x00
>>> pos 30
id 30  pos  3531  spd     0  load    0  12.1 V  30 C  err 0x00
>>> pos 30
id 30  pos  3531  spd     0  load    0  12.1 V  31 C  err 0x00
>>> pos 30
id 30  pos  3531  spd     0  load    0  12.0 V  30 C  err 0x00
>>> pos 30
id 30  pos  3531  spd     0  load    0  12.1 V  31 C  err 0x00
>>> pos 30
id 30  pos  3531  spd     0  load    0  12.1 V  30 C  err 0x00
>>> pos 30
id 30  pos  3531  spd     0  load    0  12.0 V  31 C  err 0x00
>>> pos 30
id 30  pos  3531  spd     0  load    0  12.0 V  30 C  err 0x00
>>> pos 30
id 30  pos  3531  spd     0  load    0  12.1 V  30 C  err 0x00
>>> pos 30
id 30  pos  3531  spd     0  load    0  12.0 V  30 C  err 0x00
>>> pos 30
id 30  pos  3531  spd     0  load    0  12.1 V  30 C  err 0x00
>>> pos 30
id 30  pos  3531  spd     0  load    0  12.0 V  31 C  err 0x00
>>> pos 30
id 30  pos  3531  spd     0  load    0  12.1 V  30 C  err 0x00
>>> pos 30
id 30  pos  3531  spd     0  load    0  12.0 V  30 C  err 0x00
>>> pos 30
id 30  pos  3531  spd     0  load    0  12.0 V  31 C  err 0x00
>>> pos 30
id 30  pos  3531  spd     0  load    0  12.1 V  30 C  err 0x00
>>> pos 30
id 30  pos  3531  spd     0  load    0  12.1 V  31 C  err 0x00
>>> pos 30
id 30  pos  3531  spd     0  load    0  12.1 V  31 C  err 0x00
>>> pos 30
id 30  pos  3531  spd     0  load    0  12.1 V  30 C  err 0x00
>>> pos 30
id 30  pos  3531  spd     0  load    0  12.1 V  30 C  err 0x00
>>> pos 30
id 30  pos  3531  spd     0  load    0  12.1 V  31 C  err 0x00
>>> pos 30
id 30  pos  3531  spd     0  load    0  12.0 V  30 C  err 0x00
>>> pos 30
id 30  pos  3531  spd     0  load    0  12.0 V  30 C  err 0x00
>>> pos 30
id 30  pos  3531  spd     0  load    0  12.1 V  30 C  err 0x00
>>> pos 30
id 30  pos  3531  spd     0  load    0  12.0 V  30 C  err 0x00
>>> pos 30
id 30  pos  3531  spd     0  load    0  12.1 V  30 C  err 0x00
>>> pos 30
id 30  pos  3531  spd     0  load    0  12.1 V  31 C  err 0x00
>>> pos 30
id 30  pos  3531  spd     0  load    0  12.0 V  30 C  err 0x00
>>> pos 30
id 30  pos  3531  spd     0  load    0  12.0 V  30 C  err 0x00
>>> pos 30
id 30  pos  3531  spd     0  load    0  12.1 V  31 C  err 0x00
>>> pos 30
id 30  pos  3531  spd     0  load    0  12.0 V  31 C  err 0x00
>>> pos 30
id 30  pos  3531  spd     0  load    0  12.1 V  30 C  err 0x00
>>> pos 30
id 30  pos  3531  spd     0  load    0  12.1 V  30 C  err 0x00
>>> pos 30
id 30  pos  3531  spd     0  load    0  12.1 V  31 C  err 0x00
>>> pos 30
id 30  pos  3531  spd     0  load    0  12.1 V  30 C  err 0x00
>>> pos 30
id 30  pos  3531  spd     0  load    0  12.1 V  31 C  err 0x00
>>> pos 30
id 30  pos  3531  spd     0  load    0  12.1 V  30 C  err 0x00
>>> pos 30
id 30  pos  3531  spd     0  load    0  12.1 V  30 C  err 0x00
>>> pos 30
id 30  pos  3531  spd     0  load    0  12.0 V  30 C  err 0x00
>>> pos 30
id 30  pos  3531  spd     0  load    0  12.1 V  30 C  err 0x00
>>> pos 30
id 30  pos  3531  spd     0  load    0  12.0 V  31 C  err 0x00
>>> pos 30
id 30  pos  3531  spd     0  load    0  12.1 V  30 C  err 0x00
>>> pos 30
id 30  pos  3531  spd     0  load    0  12.1 V  30 C  err 0x00
>>> pos 30
id 30  pos  3531  spd     0  load    0  12.1 V  30 C  err 0x00
>>> pos 30
id 30  pos  3531  spd     0  load    0  12.1 V  30 C  err 0x00
>>> pos 30
id 30  pos  3531  spd     0  load    0  12.0 V  30 C  err 0x00
>>> pos 30
id 30  pos  3531  spd     0  load    0  12.1 V  30 C  err 0x00
>>> pos 30
id 30  pos  3531  spd     0  load    0  12.1 V  31 C  err 0x00
>>> pos 30
id 30  pos  3531  spd     0  load    0  12.0 V  31 C  err 0x00
>>> pos 30
id 30  pos  3531  spd     0  load    0  12.1 V  30 C  err 0x00
>>> pos 30
id 30  pos  3531  spd     0  load    0  12.1 V  30 C  err 0x00
>>> pos 30
id 30  pos  3531  spd     0  load    0  12.1 V  31 C  err 0x00
>>> pos 30
id 30  pos  3531  spd     0  load    0  12.1 V  30 C  err 0x00
>>> pos 30
id 30  pos  3531  spd     0  load    0  12.1 V  30 C  err 0x00
>>> pos 30
id 30  pos  3531  spd     0  load    0  12.1 V  31 C  err 0x00
>>> pos 30
id 30  pos  3531  spd     0  load    0  12.1 V  30 C  err 0x00
>>> pos 30
id 30  pos  3531  spd     0  load    0  12.1 V  30 C  err 0x00
>>> pos 30
id 30  pos  3531  spd     0  load    0  12.1 V  31 C  err 0x00
>>> pos 30
id 30  pos  3531  spd     0  load    0  12.1 V  30 C  err 0x00
>>> pos 30
id 30  pos  3531  spd     0  load    0  12.1 V  30 C  err 0x00
>>> pos 30
id 30  pos  3531  spd     0  load    0  12.0 V  30 C  err 0x00
>>> pos 30
id 30  pos  3531  spd     0  load    0  12.0 V  31 C  err 0x00
>>> pos 30
id 30  pos  3531  spd     0  load    0  12.1 V  30 C  err 0x00
>>> pos 30
id 30  pos  3531  spd     0  load    0  12.1 V  30 C  err 0x00
>>> pos 30
id 30  pos  3531  spd     0  load    0  12.0 V  30 C  err 0x00
>>> pos 30
id 30  pos  3531  spd     0  load    0  12.0 V  30 C  err 0x00
>>> pos 30
id 30  pos  3531  spd     0  load    0  12.1 V  30 C  err 0x00
>>> pos 30
id 30  pos  3531  spd     0  load    0  12.1 V  31 C  err 0x00
>>> pos 30
id 30  pos  3531  spd     0  load    0  12.1 V  31 C  err 0x00
>>> pos 30
id 30  pos  3531  spd     0  load    0  12.1 V  31 C  err 0x00
>>> pos 30
id 30  pos  3531  spd     0  load    0  12.1 V  30 C  err 0x00
>>> pos 30
id 30  pos  3531  spd     0  load    0  12.0 V  31 C  err 0x00
>>> pos 30
id 30  pos  3531  spd     0  load    0  12.1 V  31 C  err 0x00
>>> pos 30
id 30  pos  3531  spd     0  load    0  12.1 V  30 C  err 0x00
>>> pos 30
id 30  pos  3531  spd     0  load    0  12.0 V  30 C  err 0x00
>>> pos 30
id 30  pos  3531  spd     0  load    0  12.1 V  31 C  err 0x00
>>> pos 30
id 30  pos  3531  spd     0  load    0  12.1 V  30 C  err 0x00
>>> pos 30
id 30  pos  3531  spd     0  load    0  12.1 V  31 C  err 0x00
>>> pos 30
id 30  pos  3531  spd     0  load    0  12.1 V  30 C  err 0x00
>>> pos 30
id 30  pos  3531  spd     0  load    0  12.1 V  31 C  err 0x00
>>> pos 30
id 30  pos  3531  spd     0  load    0  12.0 V  30 C  err 0x00
>>> pos 30
id 30  pos  3531  spd     0  load    0  12.0 V  31 C  err 0x00
>>> pos 30
id 30  pos  3531  spd     0  load    0  12.1 V  30 C  err 0x00
>>> pos 30
id 30  pos  3531  spd     0  load    0  12.1 V  30 C  err 0x00
>>> pos 30
id 30  pos  3531  spd     0  load    0  12.0 V  30 C  err 0x00
>>> pos 30
id 30  pos  3531  spd     0  load    0  12.1 V  30 C  err 0x00
>>> pos 30
id 30  pos  3531  spd     0  load    0  12.1 V  31 C  err 0x00
>>> pos 30
id 30  pos  3531  spd     0  load    0  12.0 V  31 C  err 0x00
>>> pos 30
id 30  pos  3531  spd     0  load    0  12.1 V  30 C  err 0x00
>>> pos 30
id 30  pos  3531  spd     0  load    0  12.1 V  31 C  err 0x00
>>> pos 30
id 30  pos  3531  spd     0  load    0  12.1 V  30 C  err 0x00
>>> pos 30
id 30  pos  3531  spd     0  load    0  12.1 V  30 C  err 0x00
>>> pos 30
id 30  pos  3531  spd     0  load    0  12.0 V  30 C  err 0x00
>>> pos 30
id 30  pos  3531  spd     0  load    0  12.1 V  30 C  err 0x00
>>> pos 30
id 30  pos  3531  spd     0  load    0  12.1 V  30 C  err 0x00
>>> pos 30
id 30  pos  3531  spd     0  load    0  12.1 V  30 C  err 0x00
>>> pos 30
id 30  pos  3531  spd     0  load    0  12.1 V  30 C  err 0x00
>>> pos 30
id 30  pos  3531  spd     0  load    0  12.0 V  30 C  err 0x00
>>> pos 30
id 30  pos  3531  spd     0  load    0  12.1 V  31 C  err 0x00
>>> pos 30
id 30  pos  3531  spd     0  load    0  12.0 V  30 C  err 0x00
>>> pos 30
id 30  pos  3531  spd     0  load    0  12.1 V  30 C  err 0x00
>>> pos 30
id 30  pos  3531  spd     0  load    0  12.1 V  30 C  err 0x00
>>> pos 30
id 30  pos  3531  spd     0  load    0  12.1 V  31 C  err 0x00
>>> pos 30
id 30  pos  3531  spd     0  load    0  12.0 V  30 C  err 0x00
>>> pos 30
id 30  pos  3531  spd     0  load    0  12.0 V  30 C  err 0x00
>>> pos 30
id 30  pos  3531  spd     0  load    0  12.0 V  31 C  err 0x00
>>> pos 30
id 30  pos  3531  spd     0  load    0  12.0 V  30 C  err 0x00
>>> pos 30
id 30  pos  3531  spd     0  load    0  12.1 V  31 C  err 0x00
>>> pos 30
id 30  pos  3531  spd     0  load    0  12.0 V  31 C  err 0x00
>>> pos 30
id 30  pos  3531  spd     0  load    0  12.1 V  31 C  err 0x00
>>> pos 30
id 30  pos  3531  spd     0  load    0  12.0 V  30 C  err 0x00
>>> pos 30
id 30  pos  3531  spd     0  load    0  12.1 V  30 C  err 0x00
>>> pos 30
id 30  pos  3531  spd     0  load    0  12.1 V  31 C  err 0x00
>>> pos 30
id 30  pos  3531  spd     0  load    0  12.1 V  30 C  err 0x00
>>> pos 30
id 30  pos  3531  spd     0  load    0  12.0 V  30 C  err 0x00
>>> pos 30
id 30  pos  3531  spd     0  load    0  12.1 V  30 C  err 0x00
>>> pos 30
id 30  pos  3531  spd     0  load    0  12.0 V  30 C  err 0x00
>>> pos 30
id 30  pos  3531  spd     0  load    0  12.1 V  31 C  err 0x00
>>> pos 30
id 30  pos  3531  spd     0  load    0  12.1 V  30 C  err 0x00
>>> pos 30
id 30  pos  3531  spd     0  load    0  12.0 V  31 C  err 0x00
>>> pos 30
id 30  pos  3531  spd     0  load    0  12.1 V  30 C  err 0x00
>>> pos 30
id 30  pos  3531  spd     0  load    0  12.1 V  31 C  err 0x00
>>> pos 30
id 30  pos  3531  spd     0  load    0  12.0 V  31 C  err 0x00
>>> pos 30
id 30  pos  3531  spd     0  load    0  12.0 V  31 C  err 0x00
>>> pos 30
id 30  pos  3531  spd     0  load    0  12.1 V  30 C  err 0x00
>>> pos 30
id 30  pos  3531  spd     0  load    0  12.0 V  30 C  err 0x00
>>> pos 30
id 30  pos  3531  spd     0  load    0  12.1 V  30 C  err 0x00
>>> pos 30
id 30  pos  3531  spd     0  load    0  12.1 V  31 C  err 0x00
>>> pos 30
id 30  pos  3531  spd     0  load    0  12.0 V  31 C  err 0x00
>>> pos 30
id 30  pos  3531  spd     0  load    0  12.1 V  30 C  err 0x00
>>> pos 30
id 30  pos  3531  spd     0  load    0  12.1 V  30 C  err 0x00
>>> pos 30
id 30  pos  3531  spd     0  load    0  12.1 V  30 C  err 0x00
>>> pos 30
id 30  pos  3531  spd     0  load    0  12.1 V  30 C  err 0x00
>>> pos 30
id 30  pos  3531  spd     0  load    0  12.0 V  31 C  err 0x00
>>> pos 30
id 30  pos  3531  spd     0  load    0  12.0 V  30 C  err 0x00
>>> pos 30
id 30  pos  3531  spd     0  load    0  12.1 V  30 C  err 0x00
>>> pos 30
id 30  pos  3531  spd     0  load    0  12.1 V  30 C  err 0x00
>>> pos 30
id 30  pos  3531  spd     0  load    0  12.0 V  30 C  err 0x00
>>> pos 30
id 30  pos  3531  spd     0  load    0  12.1 V  31 C  err 0x00
>>> pos 30
id 30  pos  3531  spd     0  load    0  12.1 V  30 C  err 0x00
>>> pos 30
id 30  pos  3531  spd     0  load    0  12.0 V  30 C  err 0x00
>>> pos 30
id 30  pos  3531  spd     0  load    0  12.0 V  31 C  err 0x00
>>> pos 30
id 30  pos  3531  spd     0  load    0  12.1 V  30 C  err 0x00
  DOWN quiet: pos +0.00, range 0, moving 0/152, load 0..0, err 0
>>> move 30 3554 0 200 2
move id 30 -> 3554 ticks, 0 ms, spd 200, acc 2: ok
>>> pos 30
id 30  pos  3531  spd     0  load    0  12.1 V  30 C  err 0x00
>>> pos 30
id 30  pos  3531  spd     0  load  -72  12.1 V  31 C  err 0x00
>>> pos 30
id 30  pos  3534  spd     0  load  -44  12.1 V  31 C  err 0x00
>>> pos 30
id 30  pos  3538  spd   200  load   20  12.0 V  31 C  err 0x00
>>> pos 30
id 30  pos  3538  spd     0  load  -72  12.0 V  30 C  err 0x00
>>> pos 30
id 30  pos  3541  spd     0  load  -44  12.0 V  31 C  err 0x00
>>> pos 30
id 30  pos  3545  spd   150  load    0  12.1 V  31 C  err 0x00
>>> pos 30
id 30  pos  3545  spd     0  load  -44  12.1 V  31 C  err 0x00
>>> pos 30
id 30  pos  3547  spd     0  load  -44  12.1 V  30 C  err 0x00
>>> pos 30
id 30  pos  3550  spd   150  load   20  12.1 V  30 C  err 0x00
>>> pos 30
id 30  pos  3550  spd     0  load  -44  12.0 V  30 C  err 0x00
>>> pos 30
id 30  pos  3551  spd     0  load  -68  12.1 V  30 C  err 0x00
>>> pos 30
id 30  pos  3555  spd   150  load   24  12.1 V  30 C  err 0x00
>>> pos 30
id 30  pos  3555  spd   -50  load  -20  12.1 V  30 C  err 0x00
>>> pos 30
id 30  pos  3555  spd     0  load    0  12.1 V  31 C  err 0x00
>>> pos 30
id 30  pos  3555  spd     0  load    0  12.1 V  30 C  err 0x00
>>> pos 30
id 30  pos  3555  spd     0  load    0  12.0 V  30 C  err 0x00
>>> pos 30
id 30  pos  3555  spd     0  load    0  12.1 V  31 C  err 0x00
>>> pos 30
id 30  pos  3555  spd     0  load    0  12.1 V  30 C  err 0x00
>>> pos 30
id 30  pos  3555  spd     0  load    0  12.0 V  30 C  err 0x00
>>> pos 30
id 30  pos  3555  spd     0  load    0  12.1 V  31 C  err 0x00
>>> pos 30
id 30  pos  3555  spd     0  load    0  12.1 V  30 C  err 0x00
>>> pos 30
id 30  pos  3555  spd     0  load    0  12.0 V  30 C  err 0x00
>>> pos 30
id 30  pos  3555  spd     0  load    0  12.1 V  30 C  err 0x00
>>> pos 30
id 30  pos  3555  spd     0  load    0  12.1 V  30 C  err 0x00
>>> pos 30
id 30  pos  3555  spd     0  load    0  12.1 V  30 C  err 0x00
>>> pos 30
id 30  pos  3555  spd     0  load    0  12.0 V  30 C  err 0x00
>>> pos 30
id 30  pos  3555  spd     0  load    0  12.0 V  31 C  err 0x00
>>> pos 30
id 30  pos  3555  spd     0  load    0  12.0 V  31 C  err 0x00
>>> pos 30
id 30  pos  3555  spd     0  load    0  12.1 V  31 C  err 0x00
>>> pos 30
id 30  pos  3555  spd     0  load    0  12.1 V  31 C  err 0x00
>>> pos 30
id 30  pos  3555  spd     0  load    0  12.0 V  31 C  err 0x00
>>> pos 30
id 30  pos  3555  spd     0  load    0  12.1 V  31 C  err 0x00
>>> pos 30
id 30  pos  3555  spd     0  load    0  12.1 V  30 C  err 0x00
>>> pos 30
id 30  pos  3555  spd     0  load    0  12.0 V  31 C  err 0x00
>>> pos 30
id 30  pos  3555  spd     0  load    0  12.0 V  30 C  err 0x00
>>> pos 30
id 30  pos  3555  spd     0  load    0  12.0 V  31 C  err 0x00
>>> pos 30
id 30  pos  3555  spd     0  load    0  12.1 V  30 C  err 0x00
>>> pos 30
id 30  pos  3555  spd     0  load    0  12.1 V  30 C  err 0x00
>>> pos 30
id 30  pos  3555  spd     0  load    0  12.0 V  31 C  err 0x00
>>> pos 30
id 30  pos  3555  spd     0  load    0  12.1 V  31 C  err 0x00
>>> pos 30
id 30  pos  3555  spd     0  load    0  12.0 V  30 C  err 0x00
>>> pos 30
id 30  pos  3555  spd     0  load    0  12.1 V  30 C  err 0x00
>>> pos 30
id 30  pos  3555  spd     0  load    0  12.1 V  31 C  err 0x00
>>> pos 30
id 30  pos  3555  spd     0  load    0  12.1 V  30 C  err 0x00
>>> pos 30
id 30  pos  3555  spd     0  load    0  12.0 V  31 C  err 0x00
>>> pos 30
id 30  pos  3555  spd     0  load    0  12.1 V  30 C  err 0x00
>>> pos 30
id 30  pos  3555  spd     0  load    0  12.0 V  31 C  err 0x00
>>> pos 30
id 30  pos  3555  spd     0  load    0  12.1 V  31 C  err 0x00
>>> pos 30
id 30  pos  3555  spd     0  load    0  12.0 V  30 C  err 0x00
>>> pos 30
id 30  pos  3555  spd     0  load    0  12.1 V  30 C  err 0x00
>>> pos 30
id 30  pos  3555  spd     0  load    0  12.1 V  30 C  err 0x00
>>> pos 30
id 30  pos  3555  spd     0  load    0  12.0 V  30 C  err 0x00
>>> pos 30
id 30  pos  3555  spd     0  load    0  12.0 V  30 C  err 0x00
>>> pos 30
id 30  pos  3555  spd     0  load    0  12.1 V  30 C  err 0x00
>>> pos 30
id 30  pos  3555  spd     0  load    0  12.1 V  31 C  err 0x00
>>> pos 30
id 30  pos  3555  spd     0  load    0  12.1 V  31 C  err 0x00
>>> pos 30
id 30  pos  3555  spd     0  load    0  12.0 V  30 C  err 0x00
>>> pos 30
id 30  pos  3555  spd     0  load    0  12.0 V  31 C  err 0x00
>>> pos 30
id 30  pos  3555  spd     0  load    0  12.0 V  30 C  err 0x00
>>> pos 30
id 30  pos  3555  spd     0  load    0  12.0 V  30 C  err 0x00
  DOWN step 3531->3554: overshoot 0, settle 0.4302, residual range 0, offset +1.0, moving in last 1 s 0, err 0
>>> move 30 3531 0 200 2
move id 30 -> 3531 ticks, 0 ms, spd 200, acc 2: ok
>>> pos 30
id 30  pos  3554  spd   -50  load   40  12.1 V  31 C  err 0x00
>>> pos 30
id 30  pos  3553  spd     0  load   68  12.0 V  31 C  err 0x00
>>> pos 30
id 30  pos  3549  spd  -150  load  -24  12.1 V  31 C  err 0x00
>>> pos 30
id 30  pos  3549  spd     0  load   92  12.1 V  30 C  err 0x00
>>> pos 30
id 30  pos  3544  spd   -50  load   20  12.1 V  30 C  err 0x00
>>> pos 30
id 30  pos  3543  spd   -50  load   40  12.0 V  31 C  err 0x00
>>> pos 30
id 30  pos  3541  spd  -100  load   36  12.1 V  30 C  err 0x00
>>> pos 30
id 30  pos  3539  spd  -100  load   36  12.1 V  31 C  err 0x00
>>> pos 30
id 30  pos  3538  spd   -50  load   64  12.1 V  31 C  err 0x00
>>> pos 30
id 30  pos  3535  spd  -100  load  -20  12.1 V  30 C  err 0x00
>>> pos 30
id 30  pos  3535  spd     0  load   68  12.1 V  30 C  err 0x00
>>> pos 30
id 30  pos  3532  spd  -100  load  -20  12.0 V  30 C  err 0x00
>>> pos 30
id 30  pos  3531  spd   -50  load    0  12.1 V  31 C  err 0x00
>>> pos 30
id 30  pos  3531  spd     0  load    0  12.0 V  31 C  err 0x00
>>> pos 30
id 30  pos  3531  spd     0  load    0  12.0 V  30 C  err 0x00
>>> pos 30
id 30  pos  3531  spd     0  load    0  12.1 V  31 C  err 0x00
>>> pos 30
id 30  pos  3531  spd     0  load    0  12.1 V  30 C  err 0x00
>>> pos 30
id 30  pos  3531  spd     0  load    0  12.0 V  31 C  err 0x00
>>> pos 30
id 30  pos  3531  spd     0  load    0  12.1 V  31 C  err 0x00
>>> pos 30
id 30  pos  3531  spd     0  load    0  12.1 V  31 C  err 0x00
>>> pos 30
id 30  pos  3531  spd     0  load    0  12.1 V  30 C  err 0x00
>>> pos 30
id 30  pos  3531  spd     0  load    0  12.1 V  31 C  err 0x00
>>> pos 30
id 30  pos  3531  spd     0  load    0  12.1 V  31 C  err 0x00
>>> pos 30
id 30  pos  3531  spd     0  load    0  12.1 V  31 C  err 0x00
>>> pos 30
id 30  pos  3531  spd     0  load    0  12.0 V  30 C  err 0x00
>>> pos 30
id 30  pos  3531  spd     0  load    0  12.0 V  30 C  err 0x00
>>> pos 30
id 30  pos  3531  spd     0  load    0  12.1 V  30 C  err 0x00
>>> pos 30
id 30  pos  3531  spd     0  load    0  12.1 V  30 C  err 0x00
>>> pos 30
id 30  pos  3531  spd     0  load    0  12.0 V  30 C  err 0x00
>>> pos 30
id 30  pos  3531  spd     0  load    0  12.1 V  30 C  err 0x00
>>> pos 30
id 30  pos  3531  spd     0  load    0  12.1 V  30 C  err 0x00
>>> pos 30
id 30  pos  3531  spd     0  load    0  12.0 V  31 C  err 0x00
>>> pos 30
id 30  pos  3531  spd     0  load    0  12.0 V  31 C  err 0x00
>>> pos 30
id 30  pos  3531  spd     0  load    0  12.1 V  31 C  err 0x00
>>> pos 30
id 30  pos  3531  spd     0  load    0  12.0 V  30 C  err 0x00
>>> pos 30
id 30  pos  3531  spd     0  load    0  12.0 V  30 C  err 0x00
>>> pos 30
id 30  pos  3531  spd     0  load    0  12.0 V  30 C  err 0x00
>>> pos 30
id 30  pos  3531  spd     0  load    0  12.1 V  30 C  err 0x00
>>> pos 30
id 30  pos  3531  spd     0  load    0  12.1 V  30 C  err 0x00
>>> pos 30
id 30  pos  3531  spd     0  load    0  12.0 V  30 C  err 0x00
>>> pos 30
id 30  pos  3531  spd     0  load    0  12.1 V  30 C  err 0x00
>>> pos 30
id 30  pos  3531  spd     0  load    0  12.0 V  30 C  err 0x00
>>> pos 30
id 30  pos  3531  spd     0  load    0  12.0 V  31 C  err 0x00
>>> pos 30
id 30  pos  3531  spd     0  load    0  12.0 V  30 C  err 0x00
>>> pos 30
id 30  pos  3531  spd     0  load    0  12.1 V  30 C  err 0x00
>>> pos 30
id 30  pos  3531  spd     0  load    0  12.0 V  30 C  err 0x00
>>> pos 30
id 30  pos  3531  spd     0  load    0  12.1 V  30 C  err 0x00
>>> pos 30
id 30  pos  3531  spd     0  load    0  12.0 V  30 C  err 0x00
>>> pos 30
id 30  pos  3531  spd     0  load    0  12.1 V  30 C  err 0x00
>>> pos 30
id 30  pos  3531  spd     0  load    0  12.1 V  30 C  err 0x00
>>> pos 30
id 30  pos  3531  spd     0  load    0  12.0 V  30 C  err 0x00
>>> pos 30
id 30  pos  3531  spd     0  load    0  12.0 V  31 C  err 0x00
>>> pos 30
id 30  pos  3531  spd     0  load    0  12.1 V  30 C  err 0x00
>>> pos 30
id 30  pos  3531  spd     0  load    0  12.1 V  31 C  err 0x00
>>> pos 30
id 30  pos  3531  spd     0  load    0  12.0 V  31 C  err 0x00
>>> pos 30
id 30  pos  3531  spd     0  load    0  12.0 V  31 C  err 0x00
>>> pos 30
id 30  pos  3531  spd     0  load    0  12.0 V  31 C  err 0x00
>>> pos 30
id 30  pos  3531  spd     0  load    0  12.1 V  30 C  err 0x00
>>> pos 30
id 30  pos  3531  spd     0  load    0  12.1 V  30 C  err 0x00
>>> pos 30
id 30  pos  3531  spd     0  load    0  12.0 V  30 C  err 0x00
>>> pos 30
id 30  pos  3531  spd     0  load    0  12.0 V  31 C  err 0x00
  DOWN step 3554->3531: overshoot 0, settle 0.397, residual range 0, offset +0.0, moving in last 1 s 0, err 0
>>> move 30 3508 0 200 2
move id 30 -> 3508 ticks, 0 ms, spd 200, acc 2: ok
>>> pos 30
id 30  pos  3531  spd     0  load   44  12.1 V  30 C  err 0x00
>>> pos 30
id 30  pos  3529  spd     0  load   44  12.1 V  30 C  err 0x00
>>> pos 30
id 30  pos  3527  spd  -100  load   40  12.0 V  30 C  err 0x00
>>> pos 30
id 30  pos  3526  spd     0  load   96  12.0 V  30 C  err 0x00
>>> pos 30
id 30  pos  3521  spd  -100  load  -20  12.1 V  31 C  err 0x00
>>> pos 30
id 30  pos  3519  spd   -50  load    0  12.0 V  30 C  err 0x00
>>> pos 30
id 30  pos  3519  spd    50  load   72  12.0 V  30 C  err 0x00
>>> pos 30
id 30  pos  3515  spd  -150  load  -24  12.0 V  30 C  err 0x00
>>> pos 30
id 30  pos  3515  spd     0  load   68  12.0 V  31 C  err 0x00
>>> pos 30
id 30  pos  3513  spd   -50  load   40  12.0 V  31 C  err 0x00
>>> pos 30
id 30  pos  3511  spd   -50  load   40  12.0 V  30 C  err 0x00
>>> pos 30
id 30  pos  3510  spd     0  load   44  12.1 V  31 C  err 0x00
>>> pos 30
id 30  pos  3509  spd  -100  load  -24  12.1 V  30 C  err 0x00
>>> pos 30
id 30  pos  3509  spd     0  load    0  12.1 V  30 C  err 0x00
>>> pos 30
id 30  pos  3509  spd     0  load    0  12.0 V  31 C  err 0x00
>>> pos 30
id 30  pos  3509  spd     0  load    0  12.1 V  30 C  err 0x00
>>> pos 30
id 30  pos  3509  spd     0  load    0  12.1 V  30 C  err 0x00
>>> pos 30
id 30  pos  3509  spd     0  load    0  12.0 V  30 C  err 0x00
>>> pos 30
id 30  pos  3509  spd     0  load    0  12.1 V  33 C  err 0x00
>>> pos 30
id 30  pos  3509  spd     0  load    0  12.1 V  30 C  err 0x00
>>> pos 30
id 30  pos  3509  spd     0  load    0  12.1 V  30 C  err 0x00
>>> pos 30
id 30  pos  3509  spd     0  load    0  12.0 V  30 C  err 0x00
>>> pos 30
id 30  pos  3509  spd     0  load    0  12.0 V  31 C  err 0x00
>>> pos 30
id 30  pos  3509  spd     0  load    0  12.1 V  31 C  err 0x00
>>> pos 30
id 30  pos  3509  spd     0  load    0  12.0 V  31 C  err 0x00
>>> pos 30
id 30  pos  3509  spd     0  load    0  12.1 V  31 C  err 0x00
>>> pos 30
id 30  pos  3509  spd     0  load    0  12.0 V  30 C  err 0x00
>>> pos 30
id 30  pos  3509  spd     0  load    0  12.1 V  31 C  err 0x00
>>> pos 30
id 30  pos  3509  spd     0  load    0  12.1 V  30 C  err 0x00
>>> pos 30
id 30  pos  3509  spd     0  load    0  12.1 V  30 C  err 0x00
>>> pos 30
id 30  pos  3509  spd     0  load    0  12.0 V  31 C  err 0x00
>>> pos 30
id 30  pos  3509  spd     0  load    0  12.1 V  31 C  err 0x00
>>> pos 30
id 30  pos  3509  spd     0  load    0  12.0 V  31 C  err 0x00
>>> pos 30
id 30  pos  3509  spd     0  load    0  12.1 V  31 C  err 0x00
>>> pos 30
id 30  pos  3509  spd     0  load    0  12.1 V  31 C  err 0x00
>>> pos 30
id 30  pos  3509  spd     0  load    0  12.1 V  30 C  err 0x00
>>> pos 30
id 30  pos  3509  spd     0  load    0  12.0 V  30 C  err 0x00
>>> pos 30
id 30  pos  3509  spd     0  load    0  12.1 V  30 C  err 0x00
>>> pos 30
id 30  pos  3509  spd     0  load    0  12.0 V  30 C  err 0x00
>>> pos 30
id 30  pos  3509  spd     0  load    0  12.0 V  31 C  err 0x00
>>> pos 30
id 30  pos  3509  spd     0  load    0  12.0 V  30 C  err 0x00
>>> pos 30
id 30  pos  3509  spd     0  load    0  12.1 V  31 C  err 0x00
>>> pos 30
id 30  pos  3509  spd     0  load    0  12.1 V  31 C  err 0x00
>>> pos 30
id 30  pos  3509  spd     0  load    0  12.1 V  31 C  err 0x00
>>> pos 30
id 30  pos  3509  spd     0  load    0  12.0 V  31 C  err 0x00
>>> pos 30
id 30  pos  3509  spd     0  load    0  12.1 V  30 C  err 0x00
>>> pos 30
id 30  pos  3509  spd     0  load    0  12.1 V  30 C  err 0x00
>>> pos 30
id 30  pos  3509  spd     0  load    0  12.1 V  31 C  err 0x00
>>> pos 30
id 30  pos  3509  spd     0  load    0  12.1 V  30 C  err 0x00
>>> pos 30
id 30  pos  3509  spd     0  load    0  12.1 V  30 C  err 0x00
>>> pos 30
id 30  pos  3509  spd     0  load    0  12.1 V  31 C  err 0x00
>>> pos 30
id 30  pos  3509  spd     0  load    0  12.1 V  30 C  err 0x00
>>> pos 30
id 30  pos  3509  spd     0  load    0  12.1 V  30 C  err 0x00
>>> pos 30
id 30  pos  3509  spd     0  load    0  12.1 V  31 C  err 0x00
>>> pos 30
id 30  pos  3509  spd     0  load    0  12.0 V  31 C  err 0x00
>>> pos 30
id 30  pos  3509  spd     0  load    0  12.1 V  30 C  err 0x00
>>> pos 30
id 30  pos  3509  spd     0  load    0  12.0 V  30 C  err 0x00
>>> pos 30
id 30  pos  3509  spd     0  load    0  12.0 V  30 C  err 0x00
>>> pos 30
id 30  pos  3509  spd     0  load    0  12.1 V  31 C  err 0x00
>>> pos 30
id 30  pos  3509  spd     0  load    0  12.0 V  31 C  err 0x00
>>> pos 30
id 30  pos  3509  spd     0  load    0  12.1 V  31 C  err 0x00
  DOWN step 3531->3508: overshoot 0, settle 0.3972, residual range 0, offset +1.0, moving in last 1 s 0, err 0
>>> move 30 3531 0 200 2
move id 30 -> 3531 ticks, 0 ms, spd 200, acc 2: ok
>>> pos 30
id 30  pos  3509  spd     0  load    0  12.1 V  30 C  err 0x00
>>> pos 30
id 30  pos  3509  spd     0  load  -44  12.1 V  31 C  err 0x00
>>> pos 30
id 30  pos  3509  spd     0  load  -92  12.1 V  31 C  err 0x00
>>> pos 30
id 30  pos  3515  spd   150  load   20  12.1 V  31 C  err 0x00
>>> pos 30
id 30  pos  3517  spd     0  load    0  12.1 V  30 C  err 0x00
>>> pos 30
id 30  pos  3516  spd     0  load  -92  12.0 V  30 C  err 0x00
>>> pos 30
id 30  pos  3523  spd   200  load   24  12.1 V  31 C  err 0x00
>>> pos 30
id 30  pos  3524  spd     0  load    0  12.0 V  30 C  err 0x00
>>> pos 30
id 30  pos  3524  spd     0  load  -40  12.1 V  31 C  err 0x00
>>> pos 30
id 30  pos  3525  spd     0  load  -44  12.1 V  30 C  err 0x00
>>> pos 30
id 30  pos  3529  spd   150  load   24  12.0 V  31 C  err 0x00
>>> pos 30
id 30  pos  3531  spd   100  load    0  12.0 V  31 C  err 0x00
>>> pos 30
id 30  pos  3531  spd     0  load    0  12.1 V  30 C  err 0x00
>>> pos 30
id 30  pos  3531  spd     0  load    0  12.0 V  30 C  err 0x00
>>> pos 30
id 30  pos  3531  spd     0  load    0  12.1 V  31 C  err 0x00
>>> pos 30
id 30  pos  3531  spd     0  load    0  12.1 V  30 C  err 0x00
>>> pos 30
id 30  pos  3531  spd     0  load    0  12.0 V  31 C  err 0x00
>>> pos 30
id 30  pos  3531  spd     0  load    0  12.1 V  30 C  err 0x00
>>> pos 30
id 30  pos  3531  spd     0  load    0  12.1 V  30 C  err 0x00
>>> pos 30
id 30  pos  3531  spd     0  load    0  12.0 V  31 C  err 0x00
>>> pos 30
id 30  pos  3531  spd     0  load    0  12.1 V  30 C  err 0x00
>>> pos 30
id 30  pos  3531  spd     0  load    0  12.1 V  31 C  err 0x00
>>> pos 30
id 30  pos  3531  spd     0  load    0  12.1 V  30 C  err 0x00
>>> pos 30
id 30  pos  3531  spd     0  load    0  12.0 V  30 C  err 0x00
>>> pos 30
id 30  pos  3531  spd     0  load    0  12.1 V  30 C  err 0x00
>>> pos 30
id 30  pos  3531  spd     0  load    0  12.1 V  30 C  err 0x00
>>> pos 30
id 30  pos  3531  spd     0  load    0  12.0 V  31 C  err 0x00
>>> pos 30
id 30  pos  3531  spd     0  load    0  12.1 V  30 C  err 0x00
>>> pos 30
id 30  pos  3531  spd     0  load    0  12.1 V  30 C  err 0x00
>>> pos 30
id 30  pos  3531  spd     0  load    0  12.1 V  30 C  err 0x00
>>> pos 30
id 30  pos  3531  spd     0  load    0  12.1 V  30 C  err 0x00
>>> pos 30
id 30  pos  3531  spd     0  load    0  12.1 V  31 C  err 0x00
>>> pos 30
id 30  pos  3531  spd     0  load    0  12.0 V  30 C  err 0x00
>>> pos 30
id 30  pos  3531  spd     0  load    0  12.1 V  30 C  err 0x00
>>> pos 30
id 30  pos  3531  spd     0  load    0  12.0 V  30 C  err 0x00
>>> pos 30
id 30  pos  3531  spd     0  load    0  12.1 V  30 C  err 0x00
>>> pos 30
id 30  pos  3531  spd     0  load    0  12.1 V  30 C  err 0x00
>>> pos 30
id 30  pos  3531  spd     0  load    0  12.0 V  31 C  err 0x00
>>> pos 30
id 30  pos  3531  spd     0  load    0  12.1 V  30 C  err 0x00
>>> pos 30
id 30  pos  3531  spd     0  load    0  12.1 V  30 C  err 0x00
>>> pos 30
id 30  pos  3531  spd     0  load    0  12.0 V  30 C  err 0x00
>>> pos 30
id 30  pos  3531  spd     0  load    0  12.0 V  31 C  err 0x00
>>> pos 30
id 30  pos  3531  spd     0  load    0  12.0 V  30 C  err 0x00
>>> pos 30
id 30  pos  3531  spd     0  load    0  12.1 V  30 C  err 0x00
>>> pos 30
id 30  pos  3531  spd     0  load    0  12.1 V  31 C  err 0x00
>>> pos 30
id 30  pos  3531  spd     0  load    0  12.1 V  30 C  err 0x00
>>> pos 30
id 30  pos  3531  spd     0  load    0  12.0 V  31 C  err 0x00
>>> pos 30
id 30  pos  3531  spd     0  load    0  12.0 V  30 C  err 0x00
>>> pos 30
id 30  pos  3531  spd     0  load    0  12.0 V  31 C  err 0x00
>>> pos 30
id 30  pos  3531  spd     0  load    0  12.1 V  31 C  err 0x00
>>> pos 30
id 30  pos  3531  spd     0  load    0  12.0 V  31 C  err 0x00
>>> pos 30
id 30  pos  3531  spd     0  load    0  12.1 V  31 C  err 0x00
>>> pos 30
id 30  pos  3531  spd     0  load    0  12.1 V  30 C  err 0x00
>>> pos 30
id 30  pos  3531  spd     0  load    0  12.1 V  30 C  err 0x00
>>> pos 30
id 30  pos  3531  spd     0  load    0  12.1 V  30 C  err 0x00
>>> pos 30
id 30  pos  3531  spd     0  load    0  12.1 V  31 C  err 0x00
>>> pos 30
id 30  pos  3531  spd     0  load    0  12.0 V  31 C  err 0x00
>>> pos 30
id 30  pos  3531  spd     0  load    0  12.1 V  30 C  err 0x00
>>> pos 30
id 30  pos  3531  spd     0  load    0  12.1 V  31 C  err 0x00
>>> pos 30
id 30  pos  3531  spd     0  load    0  12.1 V  31 C  err 0x00
>>> pos 30
id 30  pos  3531  spd     0  load    0  12.1 V  31 C  err 0x00
  DOWN step 3508->3531: overshoot 0, settle 0.3971, residual range 0, offset +0.0, moving in last 1 s 0, err 0
>>> pos 30
id 30  pos  3531  spd     0  load    0  12.1 V  31 C  err 0x00
>>> move 30 2507 0 100 2
move id 30 -> 2507 ticks, 0 ms, spd 100, acc 2: ok
>>> pos 30
id 30  pos  3531  spd     0  load   44  12.0 V  30 C  err 0x00
>>> pos 30
id 30  pos  3530  spd     0  load   68  12.1 V  30 C  err 0x00
>>> pos 30
id 30  pos  3526  spd  -100  load    0  12.0 V  30 C  err 0x00
>>> pos 30
id 30  pos  3526  spd     0  load   96  12.1 V  30 C  err 0x00
>>> pos 30
id 30  pos  3522  spd  -100  load   36  12.1 V  31 C  err 0x00
>>> pos 30
id 30  pos  3520  spd   -50  load   64  12.0 V  31 C  err 0x00
>>> pos 30
id 30  pos  3516  spd  -200  load   32  12.1 V  30 C  err 0x00
>>> pos 30
id 30  pos  3513  spd  -100  load   40  12.1 V  31 C  err 0x00
>>> pos 30
id 30  pos  3510  spd  -100  load   64  12.1 V  31 C  err 0x00
>>> pos 30
id 30  pos  3507  spd   -50  load   68  12.0 V  31 C  err 0x00
>>> pos 30
id 30  pos  3503  spd  -100  load   40  12.1 V  30 C  err 0x00
>>> pos 30
id 30  pos  3500  spd  -150  load   60  12.1 V  31 C  err 0x00
>>> pos 30
id 30  pos  3497  spd   -50  load   68  12.1 V  31 C  err 0x00
>>> pos 30
id 30  pos  3494  spd   -50  load   68  12.0 V  31 C  err 0x00
>>> pos 30
id 30  pos  3490  spd  -100  load   64  12.1 V  30 C  err 0x00
>>> pos 30
id 30  pos  3487  spd   -50  load   68  12.0 V  31 C  err 0x00
>>> pos 30
id 30  pos  3483  spd  -150  load   36  12.0 V  30 C  err 0x00
>>> pos 30
id 30  pos  3481  spd  -100  load   88  12.1 V  30 C  err 0x00
>>> pos 30
id 30  pos  3476  spd  -150  load   36  12.1 V  31 C  err 0x00
>>> pos 30
id 30  pos  3475  spd     0  load   96  12.1 V  30 C  err 0x00
>>> pos 30
id 30  pos  3469  spd  -150  load  -20  12.1 V  31 C  err 0x00
>>> pos 30
id 30  pos  3469  spd   -50  load  116  12.0 V  30 C  err 0x00
>>> pos 30
id 30  pos  3462  spd  -150  load  -20  12.0 V  30 C  err 0x00
>>> pos 30
id 30  pos  3461  spd   -50  load   68  12.0 V  31 C  err 0x00
>>> pos 30
id 30  pos  3457  spd   -50  load   68  12.1 V  30 C  err 0x00
>>> pos 30
id 30  pos  3454  spd  -100  load   64  12.0 V  30 C  err 0x00
>>> pos 30
id 30  pos  3450  spd  -150  load   36  12.0 V  30 C  err 0x00
>>> pos 30
id 30  pos  3447  spd  -150  load   60  12.1 V  31 C  err 0x00
>>> pos 30
id 30  pos  3444  spd  -100  load   64  12.1 V  30 C  err 0x00
>>> pos 30
id 30  pos  3440  spd  -100  load   40  12.1 V  30 C  err 0x00
>>> pos 30
id 30  pos  3438  spd   -50  load   92  12.1 V  30 C  err 0x00
>>> pos 30
id 30  pos  3433  spd  -150  load   36  12.0 V  30 C  err 0x00
>>> pos 30
id 30  pos  3431  spd  -100  load   64  12.1 V  31 C  err 0x00
>>> pos 30
id 30  pos  3427  spd  -150  load   60  12.0 V  30 C  err 0x00
>>> pos 30
id 30  pos  3424  spd   -50  load   68  12.1 V  31 C  err 0x00
>>> pos 30
id 30  pos  3420  spd  -150  load   36  12.1 V  31 C  err 0x00
>>> pos 30
id 30  pos  3418  spd   -50  load   68  12.1 V  31 C  err 0x00
>>> pos 30
id 30  pos  3414  spd  -150  load   60  12.0 V  31 C  err 0x00
>>> pos 30
id 30  pos  3411  spd   -50  load   68  12.1 V  31 C  err 0x00
>>> pos 30
id 30  pos  3407  spd  -100  load   40  12.1 V  30 C  err 0x00
>>> pos 30
id 30  pos  3405  spd   -50  load   92  12.0 V  30 C  err 0x00
>>> pos 30
id 30  pos  3400  spd  -150  load   36  12.1 V  31 C  err 0x00
>>> pos 30
id 30  pos  3398  spd   -50  load   68  12.1 V  30 C  err 0x00
>>> pos 30
id 30  pos  3394  spd  -100  load   64  12.1 V  30 C  err 0x00
>>> pos 30
id 30  pos  3391  spd  -150  load   60  12.1 V  30 C  err 0x00
>>> pos 30
id 30  pos  3387  spd  -100  load   40  12.1 V  31 C  err 0x00
>>> pos 30
id 30  pos  3384  spd   -50  load   68  12.0 V  30 C  err 0x00
>>> pos 30
id 30  pos  3381  spd  -100  load   64  12.1 V  30 C  err 0x00
>>> pos 30
id 30  pos  3377  spd  -150  load   36  12.0 V  30 C  err 0x00
>>> pos 30
id 30  pos  3375  spd  -100  load   88  12.1 V  30 C  err 0x00
>>> pos 30
id 30  pos  3371  spd  -100  load   64  12.1 V  31 C  err 0x00
>>> pos 30
id 30  pos  3368  spd   -50  load   68  12.0 V  31 C  err 0x00
>>> pos 30
id 30  pos  3364  spd  -150  load   36  12.1 V  30 C  err 0x00
>>> pos 30
id 30  pos  3362  spd   -50  load   92  12.0 V  30 C  err 0x00
>>> pos 30
id 30  pos  3357  spd  -150  load   36  12.1 V  30 C  err 0x00
>>> pos 30
id 30  pos  3354  spd  -100  load   40  12.0 V  30 C  err 0x00
>>> pos 30
id 30  pos  3351  spd  -100  load   64  12.1 V  31 C  err 0x00
>>> pos 30
id 30  pos  3348  spd  -100  load   64  12.1 V  31 C  err 0x00
>>> pos 30
id 30  pos  3345  spd  -100  load   64  12.1 V  31 C  err 0x00
>>> pos 30
id 30  pos  3341  spd  -150  load   60  12.1 V  30 C  err 0x00
>>> pos 30
id 30  pos  3338  spd  -100  load   64  12.1 V  30 C  err 0x00
>>> pos 30
id 30  pos  3335  spd   -50  load   68  12.1 V  30 C  err 0x00
>>> pos 30
id 30  pos  3331  spd  -100  load   64  12.1 V  31 C  err 0x00
>>> pos 30
id 30  pos  3328  spd  -150  load   60  12.1 V  30 C  err 0x00
>>> pos 30
id 30  pos  3325  spd  -100  load   64  12.0 V  30 C  err 0x00
>>> pos 30
id 30  pos  3321  spd  -100  load   64  12.1 V  31 C  err 0x00
>>> pos 30
id 30  pos  3318  spd  -100  load   64  12.1 V  31 C  err 0x00
>>> pos 30
id 30  pos  3315  spd  -100  load   64  12.1 V  31 C  err 0x00
>>> pos 30
id 30  pos  3312  spd  -100  load   88  12.1 V  31 C  err 0x00
>>> pos 30
id 30  pos  3308  spd  -150  load   60  12.0 V  30 C  err 0x00
>>> pos 30
id 30  pos  3305  spd   -50  load   68  12.1 V  31 C  err 0x00
>>> pos 30
id 30  pos  3301  spd  -100  load   40  12.1 V  30 C  err 0x00
>>> pos 30
id 30  pos  3299  spd   -50  load   92  12.0 V  30 C  err 0x00
>>> pos 30
id 30  pos  3295  spd  -150  load   60  12.1 V  30 C  err 0x00
>>> pos 30
id 30  pos  3292  spd  -150  load   60  12.1 V  30 C  err 0x00
>>> pos 30
id 30  pos  3288  spd  -150  load   60  12.1 V  30 C  err 0x00
>>> pos 30
id 30  pos  3285  spd   -50  load   68  12.0 V  31 C  err 0x00
>>> pos 30
id 30  pos  3282  spd   -50  load   68  12.1 V  30 C  err 0x00
>>> pos 30
id 30  pos  3278  spd  -100  load   64  12.1 V  30 C  err 0x00
>>> pos 30
id 30  pos  3275  spd  -100  load   64  12.1 V  30 C  err 0x00
>>> pos 30
id 30  pos  3272  spd  -100  load   64  12.1 V  31 C  err 0x00
>>> pos 30
id 30  pos  3269  spd  -100  load   88  12.1 V  30 C  err 0x00
>>> pos 30
id 30  pos  3265  spd  -100  load   64  12.0 V  31 C  err 0x00
>>> pos 30
id 30  pos  3262  spd  -100  load   64  12.1 V  31 C  err 0x00
>>> pos 30
id 30  pos  3258  spd  -100  load   64  12.0 V  31 C  err 0x00
>>> pos 30
id 30  pos  3256  spd  -100  load   88  12.0 V  30 C  err 0x00
>>> pos 30
id 30  pos  3252  spd  -100  load   64  12.0 V  31 C  err 0x00
>>> pos 30
id 30  pos  3249  spd  -100  load   64  12.1 V  30 C  err 0x00
>>> pos 30
id 30  pos  3245  spd  -100  load   64  12.0 V  30 C  err 0x00
>>> pos 30
id 30  pos  3243  spd  -100  load   88  12.1 V  30 C  err 0x00
>>> pos 30
id 30  pos  3238  spd  -100  load   40  12.0 V  30 C  err 0x00
>>> pos 30
id 30  pos  3235  spd  -100  load   64  12.1 V  31 C  err 0x00
>>> pos 30
id 30  pos  3232  spd   -50  load   68  12.0 V  31 C  err 0x00
>>> pos 30
id 30  pos  3229  spd  -100  load   64  12.1 V  30 C  err 0x00
>>> pos 30
id 30  pos  3226  spd   -50  load   92  12.0 V  31 C  err 0x00
>>> pos 30
id 30  pos  3222  spd  -100  load   64  12.1 V  31 C  err 0x00
>>> pos 30
id 30  pos  3219  spd  -150  load   60  12.1 V  30 C  err 0x00
>>> pos 30
id 30  pos  3216  spd  -100  load   88  12.0 V  30 C  err 0x00
>>> pos 30
id 30  pos  3212  spd  -100  load   64  12.1 V  31 C  err 0x00
>>> pos 30
id 30  pos  3209  spd  -100  load   64  12.0 V  30 C  err 0x00
>>> pos 30
id 30  pos  3206  spd  -100  load   88  12.0 V  31 C  err 0x00
>>> pos 30
id 30  pos  3202  spd  -100  load   64  12.1 V  30 C  err 0x00
>>> pos 30
id 30  pos  3200  spd   -50  load   92  12.0 V  31 C  err 0x00
>>> pos 30
id 30  pos  3195  spd  -150  load   36  12.1 V  30 C  err 0x00
>>> pos 30
id 30  pos  3193  spd   -50  load   92  12.0 V  30 C  err 0x00
>>> pos 30
id 30  pos  3189  spd  -150  load   60  12.1 V  31 C  err 0x00
>>> pos 30
id 30  pos  3186  spd  -100  load   64  12.1 V  31 C  err 0x00
>>> pos 30
id 30  pos  3182  spd  -150  load   60  12.1 V  31 C  err 0x00
>>> pos 30
id 30  pos  3179  spd  -100  load   64  12.1 V  30 C  err 0x00
>>> pos 30
id 30  pos  3176  spd   -50  load   68  12.0 V  31 C  err 0x00
>>> pos 30
id 30  pos  3173  spd  -100  load   88  12.0 V  31 C  err 0x00
>>> pos 30
id 30  pos  3170  spd   -50  load   92  12.0 V  30 C  err 0x00
>>> pos 30
id 30  pos  3166  spd  -150  load   60  12.1 V  30 C  err 0x00
>>> pos 30
id 30  pos  3163  spd   -50  load   92  12.1 V  31 C  err 0x00
>>> pos 30
id 30  pos  3159  spd  -100  load   64  12.1 V  30 C  err 0x00
>>> pos 30
id 30  pos  3156  spd  -100  load   64  12.1 V  31 C  err 0x00
>>> pos 30
id 30  pos  3152  spd  -150  load   60  12.1 V  31 C  err 0x00
>>> pos 30
id 30  pos  3150  spd  -100  load   88  12.0 V  31 C  err 0x00
>>> pos 30
id 30  pos  3146  spd  -100  load   64  12.1 V  30 C  err 0x00
>>> pos 30
id 30  pos  3143  spd  -100  load   64  12.0 V  31 C  err 0x00
>>> pos 30
id 30  pos  3140  spd   -50  load   92  12.1 V  31 C  err 0x00
>>> pos 30
id 30  pos  3137  spd  -100  load   88  12.1 V  31 C  err 0x00
>>> pos 30
id 30  pos  3133  spd  -100  load   64  12.0 V  31 C  err 0x00
>>> pos 30
id 30  pos  3130  spd  -150  load   84  12.1 V  31 C  err 0x00
>>> pos 30
id 30  pos  3127  spd  -100  load   88  12.1 V  31 C  err 0x00
>>> pos 30
id 30  pos  3123  spd  -100  load   64  12.1 V  31 C  err 0x00
>>> pos 30
id 30  pos  3120  spd   -50  load   92  12.0 V  30 C  err 0x00
>>> pos 30
id 30  pos  3116  spd  -100  load   64  12.1 V  31 C  err 0x00
>>> pos 30
id 30  pos  3113  spd  -100  load   64  12.0 V  31 C  err 0x00
>>> pos 30
id 30  pos  3110  spd  -150  load   84  12.0 V  30 C  err 0x00
>>> pos 30
id 30  pos  3107  spd   -50  load   92  12.1 V  31 C  err 0x00
>>> pos 30
id 30  pos  3103  spd  -150  load   60  12.1 V  31 C  err 0x00
>>> pos 30
id 30  pos  3101  spd  -100  load  112  12.0 V  30 C  err 0x00
>>> pos 30
id 30  pos  3096  spd  -200  load   56  12.1 V  31 C  err 0x00
>>> pos 30
id 30  pos  3093  spd  -100  load   64  12.0 V  31 C  err 0x00
>>> pos 30
id 30  pos  3090  spd   -50  load   68  12.1 V  30 C  err 0x00
>>> pos 30
id 30  pos  3087  spd  -100  load   88  12.1 V  30 C  err 0x00
>>> pos 30
id 30  pos  3083  spd  -150  load   60  12.1 V  31 C  err 0x00
>>> pos 30
id 30  pos  3080  spd  -100  load   64  12.1 V  30 C  err 0x00
>>> pos 30
id 30  pos  3077  spd  -100  load   88  12.0 V  31 C  err 0x00
>>> pos 30
id 30  pos  3073  spd  -100  load   64  12.0 V  31 C  err 0x00
>>> pos 30
id 30  pos  3071  spd   -50  load   92  12.1 V  31 C  err 0x00
>>> pos 30
id 30  pos  3066  spd  -150  load   60  12.0 V  31 C  err 0x00
>>> pos 30
id 30  pos  3064  spd   -50  load   92  12.1 V  31 C  err 0x00
>>> pos 30
id 30  pos  3060  spd  -150  load   60  12.1 V  31 C  err 0x00
>>> pos 30
id 30  pos  3057  spd   -50  load   92  12.0 V  31 C  err 0x00
>>> pos 30
id 30  pos  3053  spd  -150  load   60  12.1 V  31 C  err 0x00
>>> pos 30
id 30  pos  3051  spd   -50  load   92  12.1 V  31 C  err 0x00
>>> pos 30
id 30  pos  3046  spd  -150  load   60  12.1 V  30 C  err 0x00
>>> pos 30
id 30  pos  3044  spd   -50  load   92  12.1 V  31 C  err 0x00
>>> pos 30
id 30  pos  3040  spd  -150  load   60  12.1 V  30 C  err 0x00
>>> pos 30
id 30  pos  3038  spd   -50  load   92  12.0 V  31 C  err 0x00
>>> pos 30
id 30  pos  3034  spd  -150  load   84  12.1 V  31 C  err 0x00
>>> pos 30
id 30  pos  3031  spd   -50  load   92  12.1 V  30 C  err 0x00
>>> pos 30
id 30  pos  3028  spd  -100  load   88  12.1 V  31 C  err 0x00
>>> pos 30
id 30  pos  3024  spd  -150  load   84  12.0 V  31 C  err 0x00
>>> pos 30
id 30  pos  3021  spd  -100  load   88  12.1 V  31 C  err 0x00
>>> pos 30
id 30  pos  3017  spd  -150  load   60  12.1 V  30 C  err 0x00
>>> pos 30
id 30  pos  3015  spd   -50  load  116  12.1 V  30 C  err 0x00
>>> pos 30
id 30  pos  3010  spd  -150  load   60  12.0 V  30 C  err 0x00
>>> pos 30
id 30  pos  3008  spd  -100  load   88  12.1 V  31 C  err 0x00
>>> pos 30
id 30  pos  3004  spd  -100  load   88  12.0 V  30 C  err 0x00
>>> pos 30
id 30  pos  3001  spd  -100  load   88  12.0 V  31 C  err 0x00
>>> pos 30
id 30  pos  2997  spd  -100  load   64  12.1 V  31 C  err 0x00
>>> pos 30
id 30  pos  2995  spd  -100  load  112  12.0 V  30 C  err 0x00
>>> pos 30
id 30  pos  2991  spd  -100  load   88  12.1 V  31 C  err 0x00
>>> pos 30
id 30  pos  2988  spd   -50  load   92  12.1 V  31 C  err 0x00
>>> pos 30
id 30  pos  2984  spd  -100  load   88  12.1 V  31 C  err 0x00
>>> pos 30
id 30  pos  2981  spd   -50  load   92  12.1 V  30 C  err 0x00
>>> pos 30
id 30  pos  2977  spd  -150  load   60  12.1 V  30 C  err 0x00
>>> pos 30
id 30  pos  2975  spd  -100  load   88  12.1 V  31 C  err 0x00
>>> pos 30
id 30  pos  2971  spd  -150  load   84  12.1 V  31 C  err 0x00
>>> pos 30
id 30  pos  2968  spd  -100  load   88  12.0 V  30 C  err 0x00
>>> pos 30
id 30  pos  2965  spd  -100  load   88  12.1 V  30 C  err 0x00
>>> pos 30
id 30  pos  2961  spd  -150  load   84  12.0 V  31 C  err 0x00
>>> pos 30
id 30  pos  2958  spd  -100  load   88  12.1 V  30 C  err 0x00
>>> pos 30
id 30  pos  2954  spd  -150  load   60  12.0 V  31 C  err 0x00
>>> pos 30
id 30  pos  2951  spd  -100  load   88  12.1 V  31 C  err 0x00
>>> pos 30
id 30  pos  2948  spd  -150  load   84  12.1 V  30 C  err 0x00
>>> pos 30
id 30  pos  2945  spd  -100  load   88  12.1 V  31 C  err 0x00
>>> pos 30
id 30  pos  2941  spd  -100  load   88  12.1 V  30 C  err 0x00
>>> pos 30
id 30  pos  2938  spd  -100  load   88  12.1 V  30 C  err 0x00
>>> pos 30
id 30  pos  2935  spd  -100  load   88  12.0 V  30 C  err 0x00
>>> pos 30
id 30  pos  2931  spd  -100  load   88  12.0 V  31 C  err 0x00
>>> pos 30
id 30  pos  2928  spd  -100  load   88  12.1 V  30 C  err 0x00
>>> pos 30
id 30  pos  2925  spd  -100  load   88  12.1 V  30 C  err 0x00
>>> pos 30
id 30  pos  2921  spd  -100  load   64  12.1 V  31 C  err 0x00
>>> pos 30
id 30  pos  2918  spd  -100  load   88  12.1 V  31 C  err 0x00
>>> pos 30
id 30  pos  2915  spd  -100  load   88  12.1 V  30 C  err 0x00
>>> pos 30
id 30  pos  2912  spd  -100  load   88  12.1 V  30 C  err 0x00
>>> pos 30
id 30  pos  2908  spd  -100  load   88  12.0 V  31 C  err 0x00
>>> pos 30
id 30  pos  2905  spd  -100  load   88  12.1 V  31 C  err 0x00
>>> pos 30
id 30  pos  2902  spd  -100  load   88  12.1 V  31 C  err 0x00
>>> pos 30
id 30  pos  2898  spd  -100  load   88  12.1 V  31 C  err 0x00
>>> pos 30
id 30  pos  2895  spd  -100  load   88  12.1 V  31 C  err 0x00
>>> pos 30
id 30  pos  2892  spd  -100  load   88  12.1 V  31 C  err 0x00
>>> pos 30
id 30  pos  2889  spd  -100  load  112  12.1 V  31 C  err 0x00
>>> pos 30
id 30  pos  2885  spd  -100  load   88  12.1 V  30 C  err 0x00
>>> pos 30
id 30  pos  2882  spd  -100  load   88  12.1 V  31 C  err 0x00
>>> pos 30
id 30  pos  2878  spd  -100  load   88  12.0 V  30 C  err 0x00
>>> pos 30
id 30  pos  2875  spd  -100  load   88  12.0 V  31 C  err 0x00
>>> pos 30
id 30  pos  2872  spd  -100  load   88  12.1 V  31 C  err 0x00
>>> pos 30
id 30  pos  2869  spd  -100  load   88  12.1 V  31 C  err 0x00
>>> pos 30
id 30  pos  2866  spd  -100  load  112  12.1 V  31 C  err 0x00
>>> pos 30
id 30  pos  2862  spd  -100  load   88  12.1 V  31 C  err 0x00
>>> pos 30
id 30  pos  2858  spd  -100  load   64  12.0 V  30 C  err 0x00
>>> pos 30
id 30  pos  2855  spd  -100  load   88  12.1 V  31 C  err 0x00
>>> pos 30
id 30  pos  2852  spd  -100  load   88  12.1 V  30 C  err 0x00
>>> pos 30
id 30  pos  2848  spd  -100  load   64  12.0 V  30 C  err 0x00
>>> pos 30
id 30  pos  2846  spd  -100  load  112  12.1 V  31 C  err 0x00
>>> pos 30
id 30  pos  2842  spd  -100  load   88  12.1 V  31 C  err 0x00
>>> pos 30
id 30  pos  2839  spd  -100  load   88  12.1 V  31 C  err 0x00
>>> pos 30
id 30  pos  2835  spd  -100  load   88  12.0 V  30 C  err 0x00
>>> pos 30
id 30  pos  2832  spd  -100  load   88  12.1 V  31 C  err 0x00
>>> pos 30
id 30  pos  2829  spd  -100  load   88  12.1 V  31 C  err 0x00
>>> pos 30
id 30  pos  2826  spd  -100  load  112  12.0 V  30 C  err 0x00
>>> pos 30
id 30  pos  2822  spd  -100  load   88  12.1 V  30 C  err 0x00
>>> pos 30
id 30  pos  2819  spd  -100  load   88  12.1 V  30 C  err 0x00
>>> pos 30
id 30  pos  2816  spd  -100  load   88  12.0 V  30 C  err 0x00
>>> pos 30
id 30  pos  2812  spd  -100  load   88  12.1 V  31 C  err 0x00
>>> pos 30
id 30  pos  2809  spd  -100  load   88  12.1 V  30 C  err 0x00
>>> pos 30
id 30  pos  2806  spd  -100  load   88  12.1 V  31 C  err 0x00
>>> pos 30
id 30  pos  2802  spd  -100  load   88  12.0 V  31 C  err 0x00
>>> pos 30
id 30  pos  2799  spd  -100  load   88  12.1 V  30 C  err 0x00
>>> pos 30
id 30  pos  2796  spd  -100  load   88  12.0 V  31 C  err 0x00
>>> pos 30
id 30  pos  2792  spd  -100  load   88  12.0 V  31 C  err 0x00
>>> pos 30
id 30  pos  2789  spd  -100  load   88  12.1 V  31 C  err 0x00
>>> pos 30
id 30  pos  2786  spd  -100  load   88  12.1 V  31 C  err 0x00
>>> pos 30
id 30  pos  2783  spd  -100  load  112  12.1 V  30 C  err 0x00
>>> pos 30
id 30  pos  2779  spd  -100  load   88  12.0 V  31 C  err 0x00
>>> pos 30
id 30  pos  2776  spd  -100  load   88  12.0 V  30 C  err 0x00
>>> pos 30
id 30  pos  2773  spd  -100  load  112  12.1 V  31 C  err 0x00
>>> pos 30
id 30  pos  2770  spd  -100  load  112  12.1 V  31 C  err 0x00
>>> pos 30
id 30  pos  2766  spd  -100  load   88  12.1 V  30 C  err 0x00
>>> pos 30
id 30  pos  2762  spd  -150  load   60  12.0 V  31 C  err 0x00
>>> pos 30
id 30  pos  2760  spd   -50  load  116  12.1 V  30 C  err 0x00
>>> pos 30
id 30  pos  2756  spd  -100  load   88  12.1 V  31 C  err 0x00
>>> pos 30
id 30  pos  2753  spd  -100  load   88  12.0 V  31 C  err 0x00
>>> pos 30
id 30  pos  2750  spd  -100  load  112  12.0 V  30 C  err 0x00
>>> pos 30
id 30  pos  2746  spd  -100  load   88  12.0 V  32 C  err 0x00
>>> pos 30
id 30  pos  2743  spd  -100  load   88  12.1 V  31 C  err 0x00
>>> pos 30
id 30  pos  2739  spd  -100  load   88  12.1 V  31 C  err 0x00
>>> pos 30
id 30  pos  2736  spd  -100  load   88  12.0 V  31 C  err 0x00
>>> pos 30
id 30  pos  2733  spd  -100  load   88  12.0 V  31 C  err 0x00
>>> pos 30
id 30  pos  2729  spd  -100  load   88  12.1 V  30 C  err 0x00
>>> pos 30
id 30  pos  2727  spd  -100  load  112  12.1 V  31 C  err 0x00
>>> pos 30
id 30  pos  2722  spd  -150  load   60  12.0 V  31 C  err 0x00
>>> pos 30
id 30  pos  2720  spd   -50  load  116  12.1 V  31 C  err 0x00
>>> pos 30
id 30  pos  2716  spd  -150  load   84  12.1 V  30 C  err 0x00
>>> pos 30
id 30  pos  2714  spd   -50  load  116  12.0 V  31 C  err 0x00
>>> pos 30
id 30  pos  2709  spd  -150  load   60  12.1 V  30 C  err 0x00
>>> pos 30
id 30  pos  2706  spd  -100  load   88  12.1 V  30 C  err 0x00
>>> pos 30
id 30  pos  2703  spd  -100  load   88  12.1 V  31 C  err 0x00
>>> pos 30
id 30  pos  2699  spd  -150  load   60  12.0 V  30 C  err 0x00
>>> pos 30
id 30  pos  2697  spd  -100  load  112  12.0 V  31 C  err 0x00
>>> pos 30
id 30  pos  2693  spd  -150  load   84  12.1 V  31 C  err 0x00
>>> pos 30
id 30  pos  2690  spd     0  load   96  12.0 V  31 C  err 0x00
>>> pos 30
id 30  pos  2686  spd  -150  load   84  12.1 V  31 C  err 0x00
>>> pos 30
id 30  pos  2683  spd  -100  load   88  12.0 V  31 C  err 0x00
>>> pos 30
id 30  pos  2680  spd  -100  load   88  12.0 V  31 C  err 0x00
>>> pos 30
id 30  pos  2676  spd  -100  load   88  12.1 V  30 C  err 0x00
>>> pos 30
id 30  pos  2673  spd  -100  load   88  12.0 V  31 C  err 0x00
>>> pos 30
id 30  pos  2670  spd  -100  load   88  12.1 V  31 C  err 0x00
>>> pos 30
id 30  pos  2666  spd  -100  load   88  12.1 V  31 C  err 0x00
>>> pos 30
id 30  pos  2663  spd  -100  load   88  12.0 V  31 C  err 0x00
>>> pos 30
id 30  pos  2660  spd  -100  load   88  12.0 V  31 C  err 0x00
>>> pos 30
id 30  pos  2657  spd  -100  load  112  12.0 V  31 C  err 0x00
>>> pos 30
id 30  pos  2654  spd  -100  load  112  12.0 V  31 C  err 0x00
>>> pos 30
id 30  pos  2650  spd  -100  load   88  12.1 V  30 C  err 0x00
>>> pos 30
id 30  pos  2646  spd  -100  load   64  12.1 V  30 C  err 0x00
>>> pos 30
id 30  pos  2643  spd  -100  load   88  12.0 V  31 C  err 0x00
>>> pos 30
id 30  pos  2641  spd   -50  load  116  12.1 V  31 C  err 0x00
>>> pos 30
id 30  pos  2636  spd  -150  load   60  12.0 V  31 C  err 0x00
>>> pos 30
id 30  pos  2634  spd   -50  load  116  12.0 V  30 C  err 0x00
>>> pos 30
id 30  pos  2629  spd  -200  load   56  12.1 V  30 C  err 0x00
>>> pos 30
id 30  pos  2628  spd   -50  load  116  12.0 V  31 C  err 0x00
>>> pos 30
id 30  pos  2623  spd  -150  load   84  12.1 V  31 C  err 0x00
>>> pos 30
id 30  pos  2620  spd  -100  load   88  12.1 V  31 C  err 0x00
>>> pos 30
id 30  pos  2617  spd  -100  load   88  12.1 V  31 C  err 0x00
>>> pos 30
id 30  pos  2613  spd  -100  load   88  12.1 V  31 C  err 0x00
>>> pos 30
id 30  pos  2610  spd  -100  load   88  12.0 V  31 C  err 0x00
>>> pos 30
id 30  pos  2607  spd  -100  load   88  12.1 V  31 C  err 0x00
>>> pos 30
id 30  pos  2604  spd  -100  load  112  12.0 V  31 C  err 0x00
>>> pos 30
id 30  pos  2600  spd  -100  load   88  12.1 V  31 C  err 0x00
>>> pos 30
id 30  pos  2597  spd   -50  load   92  12.1 V  31 C  err 0x00
>>> pos 30
id 30  pos  2594  spd  -100  load   88  12.1 V  31 C  err 0x00
>>> pos 30
id 30  pos  2591  spd  -100  load  112  12.0 V  30 C  err 0x00
>>> pos 30
id 30  pos  2587  spd  -100  load   88  12.1 V  31 C  err 0x00
>>> pos 30
id 30  pos  2584  spd  -100  load   88  12.1 V  31 C  err 0x00
>>> pos 30
id 30  pos  2580  spd  -100  load   88  12.1 V  31 C  err 0x00
>>> pos 30
id 30  pos  2577  spd  -100  load   88  12.1 V  31 C  err 0x00
>>> pos 30
id 30  pos  2573  spd  -100  load   64  12.1 V  31 C  err 0x00
>>> pos 30
id 30  pos  2571  spd  -100  load  112  12.1 V  31 C  err 0x00
>>> pos 30
id 30  pos  2567  spd  -100  load   88  12.1 V  31 C  err 0x00
>>> pos 30
id 30  pos  2564  spd  -100  load   88  12.1 V  31 C  err 0x00
>>> pos 30
id 30  pos  2561  spd  -100  load  112  12.0 V  31 C  err 0x00
>>> pos 30
id 30  pos  2558  spd  -100  load  112  12.1 V  31 C  err 0x00
>>> pos 30
id 30  pos  2554  spd  -100  load   88  12.1 V  30 C  err 0x00
>>> pos 30
id 30  pos  2551  spd  -100  load  112  12.0 V  30 C  err 0x00
>>> pos 30
id 30  pos  2547  spd  -100  load   88  12.1 V  31 C  err 0x00
>>> pos 30
id 30  pos  2544  spd  -100  load   88  12.1 V  31 C  err 0x00
>>> pos 30
id 30  pos  2541  spd  -100  load   88  12.1 V  30 C  err 0x00
>>> pos 30
id 30  pos  2538  spd  -100  load  112  12.1 V  31 C  err 0x00
>>> pos 30
id 30  pos  2534  spd  -100  load   88  12.0 V  31 C  err 0x00
>>> pos 30
id 30  pos  2531  spd  -100  load   88  12.1 V  31 C  err 0x00
>>> pos 30
id 30  pos  2528  spd   -50  load   88  12.0 V  31 C  err 0x00
>>> pos 30
id 30  pos  2525  spd  -100  load   88  12.1 V  31 C  err 0x00
>>> pos 30
id 30  pos  2523  spd   -50  load   88  12.0 V  31 C  err 0x00
>>> pos 30
id 30  pos  2521  spd   -50  load   88  12.1 V  30 C  err 0x00
>>> pos 30
id 30  pos  2518  spd   -50  load   64  12.0 V  31 C  err 0x00
>>> pos 30
id 30  pos  2517  spd   -50  load   92  12.0 V  31 C  err 0x00
>>> pos 30
id 30  pos  2515  spd  -100  load   84  12.1 V  31 C  err 0x00
>>> pos 30
id 30  pos  2513  spd   -50  load   64  12.1 V  31 C  err 0x00
>>> pos 30
id 30  pos  2512  spd     0  load   92  12.1 V  30 C  err 0x00
>>> pos 30
id 30  pos  2510  spd   -50  load   60  12.1 V  30 C  err 0x00
>>> pos 30
id 30  pos  2509  spd   -50  load   36  12.1 V  31 C  err 0x00
>>> pos 30
id 30  pos  2509  spd     0  load   40  12.1 V  30 C  err 0x00
>>> pos 30
id 30  pos  2509  spd     0  load   40  12.0 V  30 C  err 0x00
>>> pos 30
id 30  pos  2509  spd     0  load   40  12.0 V  31 C  err 0x00
>>> pos 30
id 30  pos  2509  spd     0  load   40  12.1 V  31 C  err 0x00
>>> pos 30
id 30  pos  2509  spd     0  load   40  12.1 V  30 C  err 0x00
>>> pos 30
id 30  pos  2509  spd     0  load   40  12.0 V  31 C  err 0x00
>>> pos 30
id 30  pos  2509  spd     0  load   40  12.1 V  31 C  err 0x00
>>> pos 30
id 30  pos  2509  spd     0  load   40  12.1 V  31 C  err 0x00
>>> pos 30
id 30  pos  2509  spd     0  load   40  12.0 V  31 C  err 0x00
>>> pos 30
id 30  pos  2509  spd     0  load   40  12.0 V  30 C  err 0x00
>>> pos 30
id 30  pos  2509  spd     0  load   40  12.1 V  31 C  err 0x00
>>> pos 30
id 30  pos  2509  spd     0  load   40  12.1 V  30 C  err 0x00
>>> pos 30
id 30  pos  2509  spd     0  load   40  12.1 V  30 C  err 0x00
>>> pos 30
id 30  pos  2509  spd     0  load   40  12.1 V  31 C  err 0x00
>>> pos 30
id 30  pos  2509  spd     0  load   40  12.1 V  31 C  err 0x00
>>> pos 30
id 30  pos  2509  spd     0  load   40  12.1 V  31 C  err 0x00
>>> pos 30
id 30  pos  2509  spd     0  load   40  12.0 V  31 C  err 0x00
>>> pos 30
id 30  pos  2509  spd     0  load   40  12.1 V  31 C  err 0x00
>>> pos 30
id 30  pos  2509  spd     0  load   40  12.0 V  31 C  err 0x00
>>> pos 30
id 30  pos  2509  spd     0  load   40  12.1 V  31 C  err 0x00
>>> pos 30
id 30  pos  2509  spd     0  load   40  12.1 V  30 C  err 0x00
>>> pos 30
id 30  pos  2509  spd     0  load   40  12.0 V  31 C  err 0x00
>>> pos 30
id 30  pos  2509  spd     0  load   40  12.1 V  30 C  err 0x00
>>> pos 30
id 30  pos  2509  spd     0  load   40  12.0 V  31 C  err 0x00
>>> pos 30
id 30  pos  2509  spd     0  load   40  12.0 V  31 C  err 0x00
>>> pos 30
id 30  pos  2509  spd     0  load   40  12.0 V  31 C  err 0x00
>>> pos 30
id 30  pos  2509  spd     0  load   40  12.1 V  31 C  err 0x00
>>> pos 30
id 30  pos  2509  spd     0  load   40  12.0 V  31 C  err 0x00
>>> pos 30
id 30  pos  2509  spd     0  load   40  12.1 V  31 C  err 0x00
>>> pos 30
id 30  pos  2509  spd     0  load   40  12.1 V  31 C  err 0x00
>>> pos 30
id 30  pos  2509  spd     0  load   40  12.0 V  31 C  err 0x00
>>> pos 30
id 30  pos  2509  spd     0  load   40  12.1 V  31 C  err 0x00
>>> pos 30
id 30  pos  2509  spd     0  load   40  12.0 V  31 C  err 0x00
>>> pos 30
id 30  pos  2509  spd     0  load   40  12.0 V  31 C  err 0x00
>>> pos 30
id 30  pos  2509  spd     0  load   40  12.1 V  30 C  err 0x00
>>> pos 30
id 30  pos  2509  spd     0  load   40  12.1 V  31 C  err 0x00
>>> pos 30
id 30  pos  2509  spd     0  load   40  12.0 V  31 C  err 0x00
>>> pos 30
id 30  pos  2509  spd     0  load   40  12.1 V  31 C  err 0x00
>>> pos 30
id 30  pos  2509  spd     0  load   40  12.1 V  30 C  err 0x00
>>> pos 30
id 30  pos  2509  spd     0  load   40  12.1 V  31 C  err 0x00
>>> pos 30
id 30  pos  2509  spd     0  load   40  12.1 V  31 C  err 0x00
>>> pos 30
id 30  pos  2509  spd     0  load   40  12.1 V  30 C  err 0x00
>>> pos 30
id 30  pos  2509  spd     0  load   40  12.1 V  31 C  err 0x00
>>> pos 30
id 30  pos  2509  spd     0  load   40  12.1 V  30 C  err 0x00
>>> pos 30
id 30  pos  2509  spd     0  load   40  12.1 V  31 C  err 0x00
>>> pos 30
id 30  pos  2509  spd     0  load   40  12.1 V  31 C  err 0x00
>>> pos 30
id 30  pos  2509  spd     0  load   40  12.1 V  30 C  err 0x00
>>> pos 30
id 30  pos  2509  spd     0  load   40  12.0 V  30 C  err 0x00
>>> pos 30
id 30  pos  2509  spd     0  load   40  12.1 V  31 C  err 0x00
>>> pos 30
id 30  pos  2509  spd     0  load   40  12.0 V  31 C  err 0x00
>>> pos 30
id 30  pos  2509  spd     0  load   40  12.1 V  31 C  err 0x00
>>> pos 30
id 30  pos  2509  spd     0  load   40  12.1 V  31 C  err 0x00
>>> pos 30
id 30  pos  2509  spd     0  load   40  12.0 V  31 C  err 0x00
>>> pos 30
id 30  pos  2509  spd     0  load   40  12.1 V  30 C  err 0x00
>>> pos 30
id 30  pos  2509  spd     0  load   40  12.0 V  31 C  err 0x00
>>> pos 30
id 30  pos  2509  spd     0  load   40  12.0 V  30 C  err 0x00
>>> pos 30
id 30  pos  2509  spd     0  load   40  12.1 V  30 C  err 0x00
>>> pos 30
id 30  pos  2509  spd     0  load   40  12.1 V  30 C  err 0x00
>>> pos 30
id 30  pos  2509  spd     0  load   40  12.1 V  31 C  err 0x00
>>> pos 30
id 30  pos  2509  spd     0  load   40  12.1 V  31 C  err 0x00
>>> pos 30
id 30  pos  2509  spd     0  load   40  12.1 V  31 C  err 0x00
>>> pos 30
id 30  pos  2509  spd     0  load   40  12.0 V  31 C  err 0x00
>>> pos 30
id 30  pos  2509  spd     0  load   40  12.1 V  31 C  err 0x00
>>> pos 30
id 30  pos  2509  spd     0  load   40  12.1 V  30 C  err 0x00
>>> pos 30
id 30  pos  2509  spd     0  load   40  12.0 V  31 C  err 0x00
>>> pos 30
id 30  pos  2509  spd     0  load   40  12.1 V  31 C  err 0x00
>>> pos 30
id 30  pos  2509  spd     0  load   40  12.1 V  31 C  err 0x00
>>> pos 30
id 30  pos  2509  spd     0  load   40  12.1 V  31 C  err 0x00
>>> pos 30
id 30  pos  2509  spd     0  load   40  12.1 V  31 C  err 0x00
>>> pos 30
id 30  pos  2509  spd     0  load   40  12.1 V  31 C  err 0x00
>>> pos 30
id 30  pos  2509  spd     0  load   40  12.1 V  31 C  err 0x00
>>> pos 30
id 30  pos  2509  spd     0  load   40  12.0 V  31 C  err 0x00
>>> pos 30
id 30  pos  2509  spd     0  load   40  12.0 V  31 C  err 0x00
>>> pos 30
id 30  pos  2509  spd     0  load   40  12.1 V  31 C  err 0x00
>>> pos 30
id 30  pos  2509  spd     0  load   40  12.0 V  31 C  err 0x00
>>> pos 30
id 30  pos  2509  spd     0  load   40  12.1 V  31 C  err 0x00
>>> pos 30
id 30  pos  2509  spd     0  load   40  12.1 V  30 C  err 0x00
>>> pos 30
id 30  pos  2509  spd     0  load   40  12.0 V  31 C  err 0x00
>>> pos 30
id 30  pos  2509  spd     0  load   40  12.1 V  31 C  err 0x00
>>> pos 30
id 30  pos  2509  spd     0  load   40  12.1 V  31 C  err 0x00
>>> pos 30
id 30  pos  2509  spd     0  load   40  12.1 V  31 C  err 0x00
>>> pos 30
id 30  pos  2509  spd     0  load   40  12.0 V  31 C  err 0x00
>>> pos 30
id 30  pos  2509  spd     0  load   40  12.1 V  31 C  err 0x00
>>> pos 30
id 30  pos  2509  spd     0  load   40  12.1 V  31 C  err 0x00
>>> pos 30
id 30  pos  2509  spd     0  load   40  12.0 V  31 C  err 0x00
>>> pos 30
id 30  pos  2509  spd     0  load   40  12.1 V  31 C  err 0x00
>>> pos 30
id 30  pos  2509  spd     0  load   40  12.0 V  31 C  err 0x00
>>> pos 30
id 30  pos  2509  spd     0  load   40  12.1 V  30 C  err 0x00
>>> pos 30
id 30  pos  2509  spd     0  load   40  12.0 V  31 C  err 0x00
>>> pos 30
id 30  pos  2509  spd     0  load   40  12.0 V  31 C  err 0x00
>>> pos 30
id 30  pos  2509  spd     0  load   40  12.1 V  31 C  err 0x00
>>> pos 30
id 30  pos  2509  spd     0  load   40  12.1 V  31 C  err 0x00
>>> pos 30
id 30  pos  2509  spd     0  load   40  12.1 V  30 C  err 0x00
>>> pos 30
id 30  pos  2509  spd     0  load   40  12.1 V  31 C  err 0x00
>>> pos 30
id 30  pos  2509  spd     0  load   40  12.1 V  31 C  err 0x00
>>> pos 30
id 30  pos  2509  spd     0  load   40  12.0 V  31 C  err 0x00
>>> pos 30
id 30  pos  2509  spd     0  load   40  12.1 V  31 C  err 0x00
>>> pos 30
id 30  pos  2509  spd     0  load   40  12.1 V  30 C  err 0x00
>>> pos 30
id 30  pos  2509  spd     0  load   40  12.1 V  31 C  err 0x00
>>> pos 30
id 30  pos  2509  spd     0  load   40  12.1 V  31 C  err 0x00
>>> pos 30
id 30  pos  2509  spd     0  load   40  12.0 V  31 C  err 0x00
  travel 3531->2507: spd 100 (sd 32, 50..200), backward samples 0/310, load -20..116, end overshoot 0, residual range 0, err 0
>>> pos 30
id 30  pos  2509  spd     0  load   40  12.1 V  31 C  err 0x00
>>> pos 30
id 30  pos  2509  spd     0  load   40  12.0 V  31 C  err 0x00
>>> pos 30
id 30  pos  2509  spd     0  load   40  12.1 V  31 C  err 0x00
>>> pos 30
id 30  pos  2509  spd     0  load   40  12.1 V  31 C  err 0x00
>>> pos 30
id 30  pos  2509  spd     0  load   40  12.1 V  31 C  err 0x00
>>> pos 30
id 30  pos  2509  spd     0  load   40  12.1 V  31 C  err 0x00
>>> pos 30
id 30  pos  2509  spd     0  load   40  12.1 V  30 C  err 0x00
>>> pos 30
id 30  pos  2509  spd     0  load   40  12.0 V  31 C  err 0x00
>>> pos 30
id 30  pos  2509  spd     0  load   40  12.1 V  31 C  err 0x00
>>> pos 30
id 30  pos  2509  spd     0  load   40  12.1 V  31 C  err 0x00
>>> pos 30
id 30  pos  2509  spd     0  load   40  12.1 V  31 C  err 0x00
>>> pos 30
id 30  pos  2509  spd     0  load   40  12.1 V  31 C  err 0x00
>>> pos 30
id 30  pos  2509  spd     0  load   40  12.1 V  31 C  err 0x00
>>> pos 30
id 30  pos  2509  spd     0  load   40  12.1 V  31 C  err 0x00
>>> pos 30
id 30  pos  2509  spd     0  load   40  12.1 V  31 C  err 0x00
>>> pos 30
id 30  pos  2509  spd     0  load   40  12.1 V  31 C  err 0x00
>>> pos 30
id 30  pos  2509  spd     0  load   40  12.0 V  31 C  err 0x00
>>> pos 30
id 30  pos  2509  spd     0  load   40  12.1 V  30 C  err 0x00
>>> pos 30
id 30  pos  2509  spd     0  load   40  12.1 V  31 C  err 0x00
>>> pos 30
id 30  pos  2509  spd     0  load   40  12.0 V  31 C  err 0x00
>>> pos 30
id 30  pos  2509  spd     0  load   40  12.1 V  31 C  err 0x00
>>> pos 30
id 30  pos  2509  spd     0  load   40  12.1 V  31 C  err 0x00
>>> pos 30
id 30  pos  2509  spd     0  load   40  12.0 V  31 C  err 0x00
>>> pos 30
id 30  pos  2509  spd     0  load   40  12.1 V  31 C  err 0x00
>>> pos 30
id 30  pos  2509  spd     0  load   40  12.1 V  31 C  err 0x00
>>> pos 30
id 30  pos  2509  spd     0  load   40  12.1 V  31 C  err 0x00
>>> pos 30
id 30  pos  2509  spd     0  load   40  12.0 V  31 C  err 0x00
>>> pos 30
id 30  pos  2509  spd     0  load   40  12.1 V  31 C  err 0x00
>>> pos 30
id 30  pos  2509  spd     0  load   40  12.0 V  31 C  err 0x00
>>> pos 30
id 30  pos  2509  spd     0  load   40  12.0 V  31 C  err 0x00
>>> pos 30
id 30  pos  2509  spd     0  load   40  12.1 V  31 C  err 0x00
>>> pos 30
id 30  pos  2509  spd     0  load   40  12.0 V  30 C  err 0x00
>>> pos 30
id 30  pos  2509  spd     0  load   40  12.1 V  31 C  err 0x00
>>> pos 30
id 30  pos  2509  spd     0  load   40  12.1 V  31 C  err 0x00
>>> pos 30
id 30  pos  2509  spd     0  load   40  12.1 V  31 C  err 0x00
>>> pos 30
id 30  pos  2509  spd     0  load   40  12.1 V  31 C  err 0x00
>>> pos 30
id 30  pos  2509  spd     0  load   40  12.1 V  30 C  err 0x00
>>> pos 30
id 30  pos  2509  spd     0  load   40  12.0 V  31 C  err 0x00
>>> pos 30
id 30  pos  2509  spd     0  load   40  12.0 V  31 C  err 0x00
>>> pos 30
id 30  pos  2509  spd     0  load   40  12.0 V  31 C  err 0x00
>>> pos 30
id 30  pos  2509  spd     0  load   40  12.1 V  31 C  err 0x00
>>> pos 30
id 30  pos  2509  spd     0  load   40  12.1 V  31 C  err 0x00
>>> pos 30
id 30  pos  2509  spd     0  load   40  12.1 V  30 C  err 0x00
>>> pos 30
id 30  pos  2509  spd     0  load   40  12.1 V  31 C  err 0x00
>>> pos 30
id 30  pos  2509  spd     0  load   40  12.1 V  31 C  err 0x00
>>> pos 30
id 30  pos  2509  spd     0  load   40  12.1 V  31 C  err 0x00
>>> pos 30
id 30  pos  2509  spd     0  load   40  12.0 V  31 C  err 0x00
>>> pos 30
id 30  pos  2509  spd     0  load   40  12.1 V  30 C  err 0x00
>>> pos 30
id 30  pos  2509  spd     0  load   40  12.0 V  31 C  err 0x00
>>> pos 30
id 30  pos  2509  spd     0  load   40  12.0 V  31 C  err 0x00
>>> pos 30
id 30  pos  2509  spd     0  load   40  12.1 V  31 C  err 0x00
>>> pos 30
id 30  pos  2509  spd     0  load   40  12.0 V  31 C  err 0x00
>>> pos 30
id 30  pos  2509  spd     0  load   40  12.0 V  31 C  err 0x00
>>> pos 30
id 30  pos  2509  spd     0  load   40  12.0 V  31 C  err 0x00
>>> pos 30
id 30  pos  2509  spd     0  load   40  12.1 V  31 C  err 0x00
>>> pos 30
id 30  pos  2509  spd     0  load   40  12.1 V  31 C  err 0x00
>>> pos 30
id 30  pos  2509  spd     0  load   40  12.0 V  31 C  err 0x00
>>> pos 30
id 30  pos  2509  spd     0  load   40  12.1 V  31 C  err 0x00
>>> pos 30
id 30  pos  2509  spd     0  load   40  12.1 V  31 C  err 0x00
>>> pos 30
id 30  pos  2509  spd     0  load   40  12.1 V  31 C  err 0x00
>>> pos 30
id 30  pos  2509  spd     0  load   40  12.1 V  31 C  err 0x00
>>> pos 30
id 30  pos  2509  spd     0  load   40  12.1 V  31 C  err 0x00
>>> pos 30
id 30  pos  2509  spd     0  load   40  12.0 V  31 C  err 0x00
>>> pos 30
id 30  pos  2509  spd     0  load   40  12.1 V  31 C  err 0x00
>>> pos 30
id 30  pos  2509  spd     0  load   40  12.0 V  31 C  err 0x00
>>> pos 30
id 30  pos  2509  spd     0  load   40  12.1 V  31 C  err 0x00
>>> pos 30
id 30  pos  2509  spd     0  load   40  12.0 V  31 C  err 0x00
>>> pos 30
id 30  pos  2509  spd     0  load   40  12.1 V  30 C  err 0x00
>>> pos 30
id 30  pos  2509  spd     0  load   40  12.0 V  30 C  err 0x00
>>> pos 30
id 30  pos  2509  spd     0  load   40  12.1 V  30 C  err 0x00
>>> pos 30
id 30  pos  2509  spd     0  load   40  12.0 V  31 C  err 0x00
>>> pos 30
id 30  pos  2509  spd     0  load   40  12.1 V  31 C  err 0x00
>>> pos 30
id 30  pos  2509  spd     0  load   40  12.1 V  31 C  err 0x00
>>> pos 30
id 30  pos  2509  spd     0  load   40  12.0 V  31 C  err 0x00
>>> pos 30
id 30  pos  2509  spd     0  load   40  12.0 V  31 C  err 0x00
>>> pos 30
id 30  pos  2509  spd     0  load   40  12.1 V  31 C  err 0x00
>>> pos 30
id 30  pos  2509  spd     0  load   40  12.1 V  31 C  err 0x00
>>> pos 30
id 30  pos  2509  spd     0  load   40  12.1 V  31 C  err 0x00
>>> pos 30
id 30  pos  2509  spd     0  load   40  12.0 V  31 C  err 0x00
>>> pos 30
id 30  pos  2509  spd     0  load   40  12.1 V  31 C  err 0x00
>>> pos 30
id 30  pos  2509  spd     0  load   40  12.1 V  31 C  err 0x00
>>> pos 30
id 30  pos  2509  spd     0  load   40  12.1 V  31 C  err 0x00
>>> pos 30
id 30  pos  2509  spd     0  load   40  12.1 V  31 C  err 0x00
>>> pos 30
id 30  pos  2509  spd     0  load   40  12.1 V  31 C  err 0x00
>>> pos 30
id 30  pos  2509  spd     0  load   40  12.1 V  31 C  err 0x00
>>> pos 30
id 30  pos  2509  spd     0  load   40  12.1 V  31 C  err 0x00
>>> pos 30
id 30  pos  2509  spd     0  load   40  12.0 V  31 C  err 0x00
>>> pos 30
id 30  pos  2509  spd     0  load   40  12.1 V  31 C  err 0x00
>>> pos 30
id 30  pos  2509  spd     0  load   40  12.1 V  31 C  err 0x00
>>> pos 30
id 30  pos  2509  spd     0  load   40  12.1 V  31 C  err 0x00
>>> pos 30
id 30  pos  2509  spd     0  load   40  12.1 V  31 C  err 0x00
>>> pos 30
id 30  pos  2509  spd     0  load   40  12.1 V  31 C  err 0x00
>>> pos 30
id 30  pos  2509  spd     0  load   40  12.1 V  31 C  err 0x00
>>> pos 30
id 30  pos  2509  spd     0  load   40  12.1 V  31 C  err 0x00
>>> pos 30
id 30  pos  2509  spd     0  load   40  12.1 V  31 C  err 0x00
>>> pos 30
id 30  pos  2509  spd     0  load   40  12.0 V  31 C  err 0x00
>>> pos 30
id 30  pos  2509  spd     0  load   40  12.1 V  31 C  err 0x00
>>> pos 30
id 30  pos  2509  spd     0  load   40  12.0 V  31 C  err 0x00
>>> pos 30
id 30  pos  2509  spd     0  load   40  12.0 V  31 C  err 0x00
>>> pos 30
id 30  pos  2509  spd     0  load   40  12.0 V  31 C  err 0x00
>>> pos 30
id 30  pos  2509  spd     0  load   40  12.0 V  31 C  err 0x00
>>> pos 30
id 30  pos  2509  spd     0  load   40  12.1 V  31 C  err 0x00
>>> pos 30
id 30  pos  2509  spd     0  load   40  12.1 V  31 C  err 0x00
>>> pos 30
id 30  pos  2509  spd     0  load   40  12.1 V  30 C  err 0x00
>>> pos 30
id 30  pos  2509  spd     0  load   40  12.0 V  31 C  err 0x00
>>> pos 30
id 30  pos  2509  spd     0  load   40  12.1 V  31 C  err 0x00
>>> pos 30
id 30  pos  2509  spd     0  load   40  12.0 V  31 C  err 0x00
>>> pos 30
id 30  pos  2509  spd     0  load   40  12.0 V  31 C  err 0x00
>>> pos 30
id 30  pos  2509  spd     0  load   40  12.1 V  31 C  err 0x00
>>> pos 30
id 30  pos  2509  spd     0  load   40  12.0 V  31 C  err 0x00
>>> pos 30
id 30  pos  2509  spd     0  load   40  12.1 V  31 C  err 0x00
>>> pos 30
id 30  pos  2509  spd     0  load   40  12.0 V  31 C  err 0x00
>>> pos 30
id 30  pos  2509  spd     0  load   40  12.0 V  31 C  err 0x00
>>> pos 30
id 30  pos  2509  spd     0  load   40  12.1 V  30 C  err 0x00
>>> pos 30
id 30  pos  2509  spd     0  load   40  12.1 V  31 C  err 0x00
>>> pos 30
id 30  pos  2509  spd     0  load   40  12.1 V  30 C  err 0x00
>>> pos 30
id 30  pos  2509  spd     0  load   40  12.1 V  31 C  err 0x00
>>> pos 30
id 30  pos  2509  spd     0  load   40  12.1 V  31 C  err 0x00
>>> pos 30
id 30  pos  2509  spd     0  load   40  12.1 V  31 C  err 0x00
>>> pos 30
id 30  pos  2509  spd     0  load   40  12.1 V  31 C  err 0x00
>>> pos 30
id 30  pos  2509  spd     0  load   40  12.1 V  31 C  err 0x00
>>> pos 30
id 30  pos  2509  spd     0  load   40  12.1 V  30 C  err 0x00
>>> pos 30
id 30  pos  2509  spd     0  load   40  12.0 V  31 C  err 0x00
>>> pos 30
id 30  pos  2509  spd     0  load   40  12.1 V  31 C  err 0x00
>>> pos 30
id 30  pos  2509  spd     0  load   40  12.0 V  31 C  err 0x00
>>> pos 30
id 30  pos  2509  spd     0  load   40  12.1 V  31 C  err 0x00
>>> pos 30
id 30  pos  2509  spd     0  load   40  12.1 V  31 C  err 0x00
>>> pos 30
id 30  pos  2509  spd     0  load   40  12.1 V  31 C  err 0x00
>>> pos 30
id 30  pos  2509  spd     0  load   40  12.0 V  31 C  err 0x00
>>> pos 30
id 30  pos  2509  spd     0  load   40  12.1 V  31 C  err 0x00
>>> pos 30
id 30  pos  2509  spd     0  load   40  12.1 V  31 C  err 0x00
>>> pos 30
id 30  pos  2509  spd     0  load   40  12.1 V  31 C  err 0x00
>>> pos 30
id 30  pos  2509  spd     0  load   40  12.0 V  31 C  err 0x00
>>> pos 30
id 30  pos  2509  spd     0  load   40  12.1 V  31 C  err 0x00
>>> pos 30
id 30  pos  2509  spd     0  load   40  12.0 V  31 C  err 0x00
>>> pos 30
id 30  pos  2509  spd     0  load   40  12.1 V  31 C  err 0x00
>>> pos 30
id 30  pos  2509  spd     0  load   40  12.1 V  31 C  err 0x00
>>> pos 30
id 30  pos  2509  spd     0  load   40  12.1 V  31 C  err 0x00
>>> pos 30
id 30  pos  2509  spd     0  load   40  12.1 V  31 C  err 0x00
>>> pos 30
id 30  pos  2509  spd     0  load   40  12.1 V  31 C  err 0x00
>>> pos 30
id 30  pos  2509  spd     0  load   40  12.1 V  31 C  err 0x00
>>> pos 30
id 30  pos  2509  spd     0  load   40  12.1 V  31 C  err 0x00
>>> pos 30
id 30  pos  2509  spd     0  load   40  12.0 V  31 C  err 0x00
>>> pos 30
id 30  pos  2509  spd     0  load   40  12.1 V  31 C  err 0x00
>>> pos 30
id 30  pos  2509  spd     0  load   40  12.1 V  31 C  err 0x00
>>> pos 30
id 30  pos  2509  spd     0  load   40  12.0 V  31 C  err 0x00
>>> pos 30
id 30  pos  2509  spd     0  load   40  12.1 V  31 C  err 0x00
>>> pos 30
id 30  pos  2509  spd     0  load   40  12.0 V  31 C  err 0x00
>>> pos 30
id 30  pos  2509  spd     0  load   40  12.0 V  31 C  err 0x00
>>> pos 30
id 30  pos  2509  spd     0  load   40  12.1 V  31 C  err 0x00
>>> pos 30
id 30  pos  2509  spd     0  load   40  12.0 V  31 C  err 0x00
>>> pos 30
id 30  pos  2509  spd     0  load   40  12.1 V  31 C  err 0x00
>>> pos 30
id 30  pos  2509  spd     0  load   40  12.0 V  31 C  err 0x00
  LEVEL quiet: pos +2.00, range 0, moving 0/152, load 40..40, err 0
>>> move 30 2530 0 100 2
move id 30 -> 2530 ticks, 0 ms, spd 100, acc 2: ok
>>> move 30 2507 0 100 2
move id 30 -> 2507 ticks, 0 ms, spd 100, acc 2: ok
>>> pos 30
id 30  pos  2529  spd     0  load    0  12.1 V  31 C  err 0x00
>>> pos 30
id 30  pos  2529  spd     0  load   68  12.1 V  31 C  err 0x00
>>> pos 30
id 30  pos  2528  spd   -50  load   88  12.1 V  31 C  err 0x00
>>> pos 30
id 30  pos  2525  spd   -50  load   88  12.1 V  31 C  err 0x00
>>> pos 30
id 30  pos  2523  spd   -50  load   88  12.1 V  31 C  err 0x00
>>> pos 30
id 30  pos  2521  spd   -50  load   88  12.0 V  31 C  err 0x00
>>> pos 30
id 30  pos  2518  spd   -50  load   64  12.1 V  31 C  err 0x00
>>> pos 30
id 30  pos  2517  spd   -50  load   92  12.0 V  31 C  err 0x00
>>> pos 30
id 30  pos  2515  spd  -100  load   84  12.1 V  31 C  err 0x00
>>> pos 30
id 30  pos  2513  spd   -50  load   64  12.1 V  31 C  err 0x00
>>> pos 30
id 30  pos  2511  spd   -50  load   64  12.1 V  31 C  err 0x00
>>> pos 30
id 30  pos  2510  spd   -50  load   60  12.1 V  31 C  err 0x00
>>> pos 30
id 30  pos  2509  spd     0  load   40  12.1 V  31 C  err 0x00
>>> pos 30
id 30  pos  2509  spd     0  load   40  12.0 V  31 C  err 0x00
>>> pos 30
id 30  pos  2509  spd     0  load   40  12.0 V  31 C  err 0x00
>>> pos 30
id 30  pos  2509  spd     0  load   40  12.0 V  31 C  err 0x00
>>> pos 30
id 30  pos  2509  spd     0  load   40  12.1 V  31 C  err 0x00
>>> pos 30
id 30  pos  2509  spd     0  load   40  12.0 V  31 C  err 0x00
>>> pos 30
id 30  pos  2509  spd     0  load   40  12.1 V  31 C  err 0x00
>>> pos 30
id 30  pos  2509  spd     0  load   40  12.1 V  31 C  err 0x00
>>> pos 30
id 30  pos  2509  spd     0  load   40  12.0 V  31 C  err 0x00
>>> pos 30
id 30  pos  2509  spd     0  load   40  12.1 V  30 C  err 0x00
>>> pos 30
id 30  pos  2509  spd     0  load   40  12.0 V  31 C  err 0x00
>>> pos 30
id 30  pos  2509  spd     0  load   40  12.0 V  31 C  err 0x00
>>> pos 30
id 30  pos  2509  spd     0  load   40  12.1 V  31 C  err 0x00
>>> pos 30
id 30  pos  2509  spd     0  load   40  12.0 V  31 C  err 0x00
>>> pos 30
id 30  pos  2509  spd     0  load   40  12.0 V  31 C  err 0x00
>>> pos 30
id 30  pos  2509  spd     0  load   40  12.1 V  31 C  err 0x00
>>> pos 30
id 30  pos  2509  spd     0  load   40  12.1 V  31 C  err 0x00
>>> pos 30
id 30  pos  2509  spd     0  load   40  12.0 V  31 C  err 0x00
>>> pos 30
id 30  pos  2509  spd     0  load   40  12.0 V  31 C  err 0x00
>>> pos 30
id 30  pos  2509  spd     0  load   40  12.1 V  31 C  err 0x00
>>> pos 30
id 30  pos  2509  spd     0  load   40  12.0 V  31 C  err 0x00
>>> pos 30
id 30  pos  2509  spd     0  load   40  12.0 V  31 C  err 0x00
>>> pos 30
id 30  pos  2509  spd     0  load   40  12.0 V  31 C  err 0x00
>>> pos 30
id 30  pos  2509  spd     0  load   40  12.1 V  31 C  err 0x00
>>> pos 30
id 30  pos  2509  spd     0  load   40  12.1 V  31 C  err 0x00
>>> pos 30
id 30  pos  2509  spd     0  load   40  12.1 V  31 C  err 0x00
>>> pos 30
id 30  pos  2509  spd     0  load   40  12.1 V  31 C  err 0x00
>>> pos 30
id 30  pos  2509  spd     0  load   40  12.1 V  31 C  err 0x00
>>> pos 30
id 30  pos  2509  spd     0  load   40  12.0 V  31 C  err 0x00
>>> pos 30
id 30  pos  2509  spd     0  load   40  12.1 V  31 C  err 0x00
>>> pos 30
id 30  pos  2509  spd     0  load   40  12.1 V  31 C  err 0x00
>>> pos 30
id 30  pos  2509  spd     0  load   40  12.1 V  31 C  err 0x00
>>> pos 30
id 30  pos  2509  spd     0  load   40  12.0 V  31 C  err 0x00
>>> pos 30
id 30  pos  2509  spd     0  load   40  12.1 V  31 C  err 0x00
>>> pos 30
id 30  pos  2509  spd     0  load   40  12.0 V  31 C  err 0x00
>>> pos 30
id 30  pos  2509  spd     0  load   40  12.1 V  31 C  err 0x00
>>> pos 30
id 30  pos  2509  spd     0  load   40  12.0 V  31 C  err 0x00
>>> pos 30
id 30  pos  2509  spd     0  load   40  12.1 V  31 C  err 0x00
>>> pos 30
id 30  pos  2509  spd     0  load   40  12.1 V  31 C  err 0x00
>>> pos 30
id 30  pos  2509  spd     0  load   40  12.1 V  31 C  err 0x00
>>> pos 30
id 30  pos  2509  spd     0  load   40  12.1 V  31 C  err 0x00
>>> pos 30
id 30  pos  2509  spd     0  load   40  12.1 V  31 C  err 0x00
>>> pos 30
id 30  pos  2509  spd     0  load   40  12.0 V  31 C  err 0x00
>>> pos 30
id 30  pos  2509  spd     0  load   40  12.1 V  31 C  err 0x00
>>> pos 30
id 30  pos  2509  spd     0  load   40  12.1 V  31 C  err 0x00
>>> pos 30
id 30  pos  2509  spd     0  load   40  12.0 V  31 C  err 0x00
>>> pos 30
id 30  pos  2509  spd     0  load   40  12.0 V  31 C  err 0x00
>>> pos 30
id 30  pos  2509  spd     0  load   40  12.1 V  31 C  err 0x00
>>> pos 30
id 30  pos  2509  spd     0  load   40  12.1 V  31 C  err 0x00
>>> pos 30
id 30  pos  2509  spd     0  load   40  12.1 V  31 C  err 0x00
>>> pos 30
id 30  pos  2509  spd     0  load   40  12.1 V  31 C  err 0x00
>>> pos 30
id 30  pos  2509  spd     0  load   40  12.1 V  31 C  err 0x00
>>> pos 30
id 30  pos  2509  spd     0  load   40  12.1 V  31 C  err 0x00
>>> pos 30
id 30  pos  2509  spd     0  load   40  12.0 V  30 C  err 0x00
>>> pos 30
id 30  pos  2509  spd     0  load   40  12.0 V  30 C  err 0x00
>>> pos 30
id 30  pos  2509  spd     0  load   40  12.0 V  31 C  err 0x00
>>> pos 30
id 30  pos  2509  spd     0  load   40  12.1 V  30 C  err 0x00
>>> pos 30
id 30  pos  2509  spd     0  load   40  12.1 V  31 C  err 0x00
>>> pos 30
id 30  pos  2509  spd     0  load   40  12.1 V  31 C  err 0x00
>>> pos 30
id 30  pos  2509  spd     0  load   40  12.1 V  31 C  err 0x00
>>> pos 30
id 30  pos  2509  spd     0  load   40  12.1 V  31 C  err 0x00
>>> pos 30
id 30  pos  2509  spd     0  load   40  12.0 V  31 C  err 0x00
>>> pos 30
id 30  pos  2509  spd     0  load   40  12.1 V  31 C  err 0x00
>>> pos 30
id 30  pos  2509  spd     0  load   40  12.1 V  31 C  err 0x00
>>> pos 30
id 30  pos  2509  spd     0  load   40  12.1 V  31 C  err 0x00
>>> pos 30
id 30  pos  2509  spd     0  load   40  12.1 V  31 C  err 0x00
>>> pos 30
id 30  pos  2509  spd     0  load   40  12.0 V  31 C  err 0x00
>>> pos 30
id 30  pos  2509  spd     0  load   40  12.1 V  31 C  err 0x00
>>> pos 30
id 30  pos  2509  spd     0  load   40  12.1 V  31 C  err 0x00
>>> pos 30
id 30  pos  2509  spd     0  load   40  12.1 V  31 C  err 0x00
>>> pos 30
id 30  pos  2509  spd     0  load   40  12.0 V  31 C  err 0x00
>>> pos 30
id 30  pos  2509  spd     0  load   40  12.1 V  31 C  err 0x00
>>> pos 30
id 30  pos  2509  spd     0  load   40  12.0 V  31 C  err 0x00
>>> pos 30
id 30  pos  2509  spd     0  load   40  12.1 V  31 C  err 0x00
>>> pos 30
id 30  pos  2509  spd     0  load   40  12.0 V  31 C  err 0x00
>>> pos 30
id 30  pos  2509  spd     0  load   40  12.1 V  31 C  err 0x00
>>> pos 30
id 30  pos  2509  spd     0  load   40  12.1 V  31 C  err 0x00
>>> pos 30
id 30  pos  2509  spd     0  load   40  12.1 V  31 C  err 0x00
>>> pos 30
id 30  pos  2509  spd     0  load   40  12.1 V  31 C  err 0x00
>>> move 30 2484 0 100 2
move id 30 -> 2484 ticks, 0 ms, spd 100, acc 2: ok
>>> move 30 2507 0 100 2
move id 30 -> 2507 ticks, 0 ms, spd 100, acc 2: ok
>>> pos 30
id 30  pos  2486  spd     0  load  -20  12.0 V  31 C  err 0x00
>>> pos 30
id 30  pos  2486  spd     0  load    0  12.1 V  31 C  err 0x00
>>> pos 30
id 30  pos  2488  spd     0  load  -20  12.0 V  31 C  err 0x00
>>> pos 30
id 30  pos  2491  spd   100  load   20  12.1 V  31 C  err 0x00
>>> pos 30
id 30  pos  2491  spd    50  load  -68  12.0 V  31 C  err 0x00
>>> pos 30
id 30  pos  2496  spd   150  load   20  12.1 V  31 C  err 0x00
>>> pos 30
id 30  pos  2496  spd     0  load  -44  12.1 V  31 C  err 0x00
>>> pos 30
id 30  pos  2499  spd    50  load    0  12.0 V  31 C  err 0x00
>>> pos 30
id 30  pos  2500  spd    50  load  -40  12.1 V  31 C  err 0x00
>>> pos 30
id 30  pos  2503  spd   100  load   20  12.1 V  31 C  err 0x00
>>> pos 30
id 30  pos  2504  spd   100  load    0  12.1 V  31 C  err 0x00
>>> pos 30
id 30  pos  2504  spd     0  load  -68  12.0 V  31 C  err 0x00
>>> pos 30
id 30  pos  2507  spd    50  load    0  12.1 V  31 C  err 0x00
>>> pos 30
id 30  pos  2507  spd     0  load    0  12.0 V  31 C  err 0x00
>>> pos 30
id 30  pos  2507  spd     0  load    0  12.1 V  31 C  err 0x00
>>> pos 30
id 30  pos  2507  spd     0  load    0  12.1 V  31 C  err 0x00
>>> pos 30
id 30  pos  2507  spd     0  load    0  12.1 V  31 C  err 0x00
>>> pos 30
id 30  pos  2507  spd     0  load    0  12.1 V  31 C  err 0x00
>>> pos 30
id 30  pos  2507  spd     0  load    0  12.0 V  31 C  err 0x00
>>> pos 30
id 30  pos  2507  spd     0  load    0  12.1 V  31 C  err 0x00
>>> pos 30
id 30  pos  2507  spd     0  load    0  12.0 V  31 C  err 0x00
>>> pos 30
id 30  pos  2507  spd     0  load    0  12.1 V  31 C  err 0x00
>>> pos 30
id 30  pos  2507  spd     0  load    0  12.0 V  31 C  err 0x00
>>> pos 30
id 30  pos  2507  spd     0  load    0  12.1 V  31 C  err 0x00
>>> pos 30
id 30  pos  2507  spd     0  load    0  12.1 V  31 C  err 0x00
>>> pos 30
id 30  pos  2507  spd     0  load    0  12.1 V  31 C  err 0x00
>>> pos 30
id 30  pos  2507  spd     0  load    0  12.0 V  31 C  err 0x00
>>> pos 30
id 30  pos  2507  spd     0  load    0  12.0 V  31 C  err 0x00
>>> pos 30
id 30  pos  2507  spd     0  load    0  12.1 V  31 C  err 0x00
>>> pos 30
id 30  pos  2507  spd     0  load    0  12.1 V  31 C  err 0x00
>>> pos 30
id 30  pos  2507  spd     0  load    0  12.0 V  31 C  err 0x00
>>> pos 30
id 30  pos  2507  spd     0  load    0  12.0 V  31 C  err 0x00
>>> pos 30
id 30  pos  2507  spd     0  load    0  12.1 V  31 C  err 0x00
>>> pos 30
id 30  pos  2507  spd     0  load    0  12.1 V  31 C  err 0x00
>>> pos 30
id 30  pos  2507  spd     0  load    0  12.1 V  31 C  err 0x00
>>> pos 30
id 30  pos  2507  spd     0  load    0  12.1 V  31 C  err 0x00
>>> pos 30
id 30  pos  2507  spd     0  load    0  12.1 V  30 C  err 0x00
>>> pos 30
id 30  pos  2507  spd     0  load    0  12.0 V  31 C  err 0x00
>>> pos 30
id 30  pos  2507  spd     0  load    0  12.1 V  31 C  err 0x00
>>> pos 30
id 30  pos  2507  spd     0  load    0  12.0 V  31 C  err 0x00
>>> pos 30
id 30  pos  2507  spd     0  load    0  12.1 V  31 C  err 0x00
>>> pos 30
id 30  pos  2507  spd     0  load    0  12.1 V  31 C  err 0x00
>>> pos 30
id 30  pos  2507  spd     0  load    0  12.1 V  31 C  err 0x00
>>> pos 30
id 30  pos  2507  spd     0  load    0  12.0 V  31 C  err 0x00
>>> pos 30
id 30  pos  2507  spd     0  load    0  12.0 V  30 C  err 0x00
>>> pos 30
id 30  pos  2507  spd     0  load    0  12.0 V  31 C  err 0x00
>>> pos 30
id 30  pos  2507  spd     0  load    0  12.0 V  31 C  err 0x00
>>> pos 30
id 30  pos  2507  spd     0  load    0  12.1 V  31 C  err 0x00
>>> pos 30
id 30  pos  2507  spd     0  load    0  12.1 V  31 C  err 0x00
>>> pos 30
id 30  pos  2507  spd     0  load    0  12.1 V  30 C  err 0x00
>>> pos 30
id 30  pos  2507  spd     0  load    0  12.1 V  31 C  err 0x00
>>> pos 30
id 30  pos  2507  spd     0  load    0  12.1 V  31 C  err 0x00
>>> pos 30
id 30  pos  2507  spd     0  load    0  12.1 V  31 C  err 0x00
>>> pos 30
id 30  pos  2507  spd     0  load    0  12.0 V  31 C  err 0x00
>>> pos 30
id 30  pos  2507  spd     0  load    0  12.1 V  31 C  err 0x00
>>> pos 30
id 30  pos  2507  spd     0  load    0  12.1 V  31 C  err 0x00
>>> pos 30
id 30  pos  2507  spd     0  load    0  12.1 V  31 C  err 0x00
>>> pos 30
id 30  pos  2507  spd     0  load    0  12.0 V  31 C  err 0x00
>>> pos 30
id 30  pos  2507  spd     0  load    0  12.0 V  31 C  err 0x00
>>> pos 30
id 30  pos  2507  spd     0  load    0  12.0 V  31 C  err 0x00
>>> pos 30
id 30  pos  2507  spd     0  load    0  12.0 V  31 C  err 0x00
>>> pos 30
id 30  pos  2507  spd     0  load    0  12.1 V  31 C  err 0x00
>>> pos 30
id 30  pos  2507  spd     0  load    0  12.0 V  31 C  err 0x00
>>> pos 30
id 30  pos  2507  spd     0  load    0  12.1 V  31 C  err 0x00
>>> pos 30
id 30  pos  2507  spd     0  load    0  12.1 V  31 C  err 0x00
>>> pos 30
id 30  pos  2507  spd     0  load    0  12.0 V  31 C  err 0x00
>>> pos 30
id 30  pos  2507  spd     0  load    0  12.1 V  31 C  err 0x00
>>> pos 30
id 30  pos  2507  spd     0  load    0  12.0 V  31 C  err 0x00
>>> pos 30
id 30  pos  2507  spd     0  load    0  12.0 V  31 C  err 0x00
>>> pos 30
id 30  pos  2507  spd     0  load    0  12.0 V  31 C  err 0x00
>>> pos 30
id 30  pos  2507  spd     0  load    0  12.1 V  31 C  err 0x00
>>> pos 30
id 30  pos  2507  spd     0  load    0  12.0 V  31 C  err 0x00
>>> pos 30
id 30  pos  2507  spd     0  load    0  12.1 V  31 C  err 0x00
>>> pos 30
id 30  pos  2507  spd     0  load    0  12.0 V  31 C  err 0x00
>>> pos 30
id 30  pos  2507  spd     0  load    0  12.0 V  31 C  err 0x00
>>> pos 30
id 30  pos  2507  spd     0  load    0  12.1 V  31 C  err 0x00
>>> pos 30
id 30  pos  2507  spd     0  load    0  12.0 V  31 C  err 0x00
>>> pos 30
id 30  pos  2507  spd     0  load    0  12.0 V  31 C  err 0x00
>>> pos 30
id 30  pos  2507  spd     0  load    0  12.0 V  31 C  err 0x00
>>> pos 30
id 30  pos  2507  spd     0  load    0  12.1 V  31 C  err 0x00
>>> pos 30
id 30  pos  2507  spd     0  load    0  12.1 V  31 C  err 0x00
>>> pos 30
id 30  pos  2507  spd     0  load    0  12.1 V  31 C  err 0x00
>>> pos 30
id 30  pos  2507  spd     0  load    0  12.1 V  31 C  err 0x00
>>> pos 30
id 30  pos  2507  spd     0  load    0  12.0 V  31 C  err 0x00
>>> pos 30
id 30  pos  2507  spd     0  load    0  12.1 V  31 C  err 0x00
>>> pos 30
id 30  pos  2507  spd     0  load    0  12.1 V  31 C  err 0x00
>>> pos 30
id 30  pos  2507  spd     0  load    0  12.0 V  31 C  err 0x00
>>> pos 30
id 30  pos  2507  spd     0  load    0  12.1 V  31 C  err 0x00
>>> pos 30
id 30  pos  2507  spd     0  load    0  12.1 V  31 C  err 0x00
>>> pos 30
id 30  pos  2507  spd     0  load    0  12.0 V  31 C  err 0x00
>>> pos 30
id 30  pos  2507  spd     0  load    0  12.1 V  31 C  err 0x00
  LEVEL probes: above +2.0 (load 40), below +0.0 (load 0), midpoint +1.0
>>> move 30 2530 0 200 2
move id 30 -> 2530 ticks, 0 ms, spd 200, acc 2: ok
>>> pos 30
id 30  pos  2507  spd     0  load    0  12.1 V  31 C  err 0x00
>>> pos 30
id 30  pos  2508  spd    50  load  -44  12.0 V  31 C  err 0x00
>>> pos 30
id 30  pos  2511  spd    50  load    0  12.1 V  31 C  err 0x00
>>> pos 30
id 30  pos  2513  spd     0  load  -48  12.1 V  31 C  err 0x00
>>> pos 30
id 30  pos  2516  spd   100  load    0  12.1 V  31 C  err 0x00
>>> pos 30
id 30  pos  2517  spd    50  load  -40  12.1 V  31 C  err 0x00
>>> pos 30
id 30  pos  2521  spd   150  load   20  12.0 V  31 C  err 0x00
>>> pos 30
id 30  pos  2521  spd     0  load  -44  12.0 V  31 C  err 0x00
>>> pos 30
id 30  pos  2524  spd   100  load   20  12.1 V  31 C  err 0x00
>>> pos 30
id 30  pos  2525  spd    50  load    0  12.0 V  31 C  err 0x00
>>> pos 30
id 30  pos  2526  spd     0  load  -44  12.1 V  31 C  err 0x00
>>> pos 30
id 30  pos  2529  spd   150  load   24  12.0 V  31 C  err 0x00
>>> pos 30
id 30  pos  2530  spd     0  load    0  12.0 V  31 C  err 0x00
>>> pos 30
id 30  pos  2530  spd     0  load    0  12.1 V  31 C  err 0x00
>>> pos 30
id 30  pos  2530  spd     0  load    0  12.1 V  31 C  err 0x00
>>> pos 30
id 30  pos  2530  spd     0  load    0  12.1 V  31 C  err 0x00
>>> pos 30
id 30  pos  2530  spd     0  load    0  12.0 V  31 C  err 0x00
>>> pos 30
id 30  pos  2530  spd     0  load    0  12.1 V  31 C  err 0x00
>>> pos 30
id 30  pos  2530  spd     0  load    0  12.1 V  31 C  err 0x00
>>> pos 30
id 30  pos  2530  spd     0  load    0  12.1 V  31 C  err 0x00
>>> pos 30
id 30  pos  2530  spd     0  load    0  12.0 V  31 C  err 0x00
>>> pos 30
id 30  pos  2530  spd     0  load    0  12.0 V  31 C  err 0x00
>>> pos 30
id 30  pos  2530  spd     0  load    0  12.1 V  31 C  err 0x00
>>> pos 30
id 30  pos  2530  spd     0  load    0  12.1 V  31 C  err 0x00
>>> pos 30
id 30  pos  2530  spd     0  load    0  12.0 V  31 C  err 0x00
>>> pos 30
id 30  pos  2530  spd     0  load    0  12.0 V  31 C  err 0x00
>>> pos 30
id 30  pos  2530  spd     0  load    0  12.1 V  31 C  err 0x00
>>> pos 30
id 30  pos  2530  spd     0  load    0  12.1 V  31 C  err 0x00
>>> pos 30
id 30  pos  2530  spd     0  load    0  12.1 V  31 C  err 0x00
>>> pos 30
id 30  pos  2530  spd     0  load    0  12.0 V  31 C  err 0x00
>>> pos 30
id 30  pos  2530  spd     0  load    0  12.0 V  31 C  err 0x00
>>> pos 30
id 30  pos  2530  spd     0  load    0  12.1 V  31 C  err 0x00
>>> pos 30
id 30  pos  2530  spd     0  load    0  12.0 V  31 C  err 0x00
>>> pos 30
id 30  pos  2530  spd     0  load    0  12.0 V  31 C  err 0x00
>>> pos 30
id 30  pos  2530  spd     0  load    0  12.0 V  31 C  err 0x00
>>> pos 30
id 30  pos  2530  spd     0  load    0  12.1 V  31 C  err 0x00
>>> pos 30
id 30  pos  2530  spd     0  load    0  12.0 V  31 C  err 0x00
>>> pos 30
id 30  pos  2530  spd     0  load    0  12.1 V  31 C  err 0x00
>>> pos 30
id 30  pos  2530  spd     0  load    0  12.0 V  31 C  err 0x00
>>> pos 30
id 30  pos  2530  spd     0  load    0  12.1 V  31 C  err 0x00
>>> pos 30
id 30  pos  2530  spd     0  load    0  12.1 V  31 C  err 0x00
>>> pos 30
id 30  pos  2530  spd     0  load    0  12.0 V  31 C  err 0x00
>>> pos 30
id 30  pos  2530  spd     0  load    0  12.1 V  31 C  err 0x00
>>> pos 30
id 30  pos  2530  spd     0  load    0  12.1 V  31 C  err 0x00
>>> pos 30
id 30  pos  2530  spd     0  load    0  12.1 V  31 C  err 0x00
>>> pos 30
id 30  pos  2530  spd     0  load    0  12.1 V  31 C  err 0x00
>>> pos 30
id 30  pos  2530  spd     0  load    0  12.1 V  31 C  err 0x00
>>> pos 30
id 30  pos  2530  spd     0  load    0  12.1 V  31 C  err 0x00
>>> pos 30
id 30  pos  2530  spd     0  load    0  12.1 V  31 C  err 0x00
>>> pos 30
id 30  pos  2530  spd     0  load    0  12.1 V  31 C  err 0x00
>>> pos 30
id 30  pos  2530  spd     0  load    0  12.0 V  31 C  err 0x00
>>> pos 30
id 30  pos  2530  spd     0  load    0  12.1 V  31 C  err 0x00
>>> pos 30
id 30  pos  2530  spd     0  load    0  12.0 V  31 C  err 0x00
>>> pos 30
id 30  pos  2530  spd     0  load    0  12.0 V  31 C  err 0x00
>>> pos 30
id 30  pos  2530  spd     0  load    0  12.1 V  31 C  err 0x00
>>> pos 30
id 30  pos  2530  spd     0  load    0  12.1 V  31 C  err 0x00
>>> pos 30
id 30  pos  2530  spd     0  load    0  12.1 V  31 C  err 0x00
>>> pos 30
id 30  pos  2530  spd     0  load    0  12.1 V  30 C  err 0x00
>>> pos 30
id 30  pos  2530  spd     0  load    0  12.1 V  31 C  err 0x00
>>> pos 30
id 30  pos  2530  spd     0  load    0  12.1 V  31 C  err 0x00
>>> pos 30
id 30  pos  2530  spd     0  load    0  12.0 V  31 C  err 0x00
  LEVEL step 2507->2530: overshoot 0, settle 0.3973, residual range 0, offset +0.0, moving in last 1 s 0, err 0
>>> move 30 2507 0 200 2
move id 30 -> 2507 ticks, 0 ms, spd 200, acc 2: ok
>>> pos 30
id 30  pos  2530  spd     0  load   44  12.1 V  31 C  err 0x00
>>> pos 30
id 30  pos  2530  spd     0  load   92  12.1 V  31 C  err 0x00
>>> pos 30
id 30  pos  2528  spd     0  load   92  12.1 V  31 C  err 0x00
>>> pos 30
id 30  pos  2525  spd  -150  load   80  12.1 V  31 C  err 0x00
>>> pos 30
id 30  pos  2524  spd     0  load  116  12.0 V  31 C  err 0x00
>>> pos 30
id 30  pos  2520  spd  -100  load   60  12.1 V  31 C  err 0x00
>>> pos 30
id 30  pos  2518  spd   -50  load   64  12.0 V  31 C  err 0x00
>>> pos 30
id 30  pos  2517  spd   -50  load   88  12.1 V  31 C  err 0x00
>>> pos 30
id 30  pos  2515  spd   -50  load   88  12.1 V  31 C  err 0x00
>>> pos 30
id 30  pos  2515  spd     0  load  116  12.1 V  31 C  err 0x00
>>> pos 30
id 30  pos  2512  spd  -150  load   80  12.1 V  31 C  err 0x00
>>> pos 30
id 30  pos  2509  spd  -150  load   32  12.0 V  31 C  err 0x00
>>> pos 30
id 30  pos  2509  spd     0  load   40  12.1 V  31 C  err 0x00
>>> pos 30
id 30  pos  2509  spd     0  load   40  12.1 V  31 C  err 0x00
>>> pos 30
id 30  pos  2509  spd     0  load   40  12.1 V  31 C  err 0x00
>>> pos 30
id 30  pos  2509  spd     0  load   40  12.1 V  31 C  err 0x00
>>> pos 30
id 30  pos  2509  spd     0  load   40  12.1 V  31 C  err 0x00
>>> pos 30
id 30  pos  2509  spd     0  load   40  12.0 V  31 C  err 0x00
>>> pos 30
id 30  pos  2509  spd     0  load   40  12.0 V  31 C  err 0x00
>>> pos 30
id 30  pos  2509  spd     0  load   40  12.1 V  31 C  err 0x00
>>> pos 30
id 30  pos  2509  spd     0  load   40  12.0 V  31 C  err 0x00
>>> pos 30
id 30  pos  2509  spd     0  load   40  12.1 V  31 C  err 0x00
>>> pos 30
id 30  pos  2509  spd     0  load   40  12.0 V  31 C  err 0x00
>>> pos 30
id 30  pos  2509  spd     0  load   40  12.1 V  31 C  err 0x00
>>> pos 30
id 30  pos  2509  spd     0  load   40  12.0 V  31 C  err 0x00
>>> pos 30
id 30  pos  2509  spd     0  load   40  12.1 V  31 C  err 0x00
>>> pos 30
id 30  pos  2509  spd     0  load   40  12.0 V  31 C  err 0x00
>>> pos 30
id 30  pos  2509  spd     0  load   40  12.0 V  31 C  err 0x00
>>> pos 30
id 30  pos  2509  spd     0  load   40  12.1 V  32 C  err 0x00
>>> pos 30
id 30  pos  2509  spd     0  load   40  12.1 V  31 C  err 0x00
>>> pos 30
id 30  pos  2509  spd     0  load   40  12.1 V  31 C  err 0x00
>>> pos 30
id 30  pos  2509  spd     0  load   40  12.1 V  31 C  err 0x00
>>> pos 30
id 30  pos  2509  spd     0  load   40  12.0 V  31 C  err 0x00
>>> pos 30
id 30  pos  2509  spd     0  load   40  12.1 V  31 C  err 0x00
>>> pos 30
id 30  pos  2509  spd     0  load   40  12.0 V  31 C  err 0x00
>>> pos 30
id 30  pos  2509  spd     0  load   40  12.0 V  31 C  err 0x00
>>> pos 30
id 30  pos  2509  spd     0  load   40  12.1 V  31 C  err 0x00
>>> pos 30
id 30  pos  2509  spd     0  load   40  12.1 V  31 C  err 0x00
>>> pos 30
id 30  pos  2509  spd     0  load   40  12.0 V  31 C  err 0x00
>>> pos 30
id 30  pos  2509  spd     0  load   40  12.0 V  31 C  err 0x00
>>> pos 30
id 30  pos  2509  spd     0  load   40  12.0 V  31 C  err 0x00
>>> pos 30
id 30  pos  2509  spd     0  load   40  12.1 V  31 C  err 0x00
>>> pos 30
id 30  pos  2509  spd     0  load   40  12.0 V  31 C  err 0x00
>>> pos 30
id 30  pos  2509  spd     0  load   40  12.1 V  31 C  err 0x00
>>> pos 30
id 30  pos  2509  spd     0  load   40  12.1 V  31 C  err 0x00
>>> pos 30
id 30  pos  2509  spd     0  load   40  12.1 V  31 C  err 0x00
>>> pos 30
id 30  pos  2509  spd     0  load   40  12.1 V  31 C  err 0x00
>>> pos 30
id 30  pos  2509  spd     0  load   40  12.1 V  31 C  err 0x00
>>> pos 30
id 30  pos  2509  spd     0  load   40  12.1 V  31 C  err 0x00
>>> pos 30
id 30  pos  2509  spd     0  load   40  12.1 V  31 C  err 0x00
>>> pos 30
id 30  pos  2509  spd     0  load   40  12.1 V  31 C  err 0x00
>>> pos 30
id 30  pos  2509  spd     0  load   40  12.1 V  31 C  err 0x00
>>> pos 30
id 30  pos  2509  spd     0  load   40  12.0 V  31 C  err 0x00
>>> pos 30
id 30  pos  2509  spd     0  load   40  12.1 V  31 C  err 0x00
>>> pos 30
id 30  pos  2509  spd     0  load   40  12.1 V  31 C  err 0x00
>>> pos 30
id 30  pos  2509  spd     0  load   40  12.0 V  31 C  err 0x00
>>> pos 30
id 30  pos  2509  spd     0  load   40  12.0 V  31 C  err 0x00
>>> pos 30
id 30  pos  2509  spd     0  load   40  12.0 V  31 C  err 0x00
>>> pos 30
id 30  pos  2509  spd     0  load   40  12.0 V  31 C  err 0x00
>>> pos 30
id 30  pos  2509  spd     0  load   40  12.1 V  31 C  err 0x00
>>> pos 30
id 30  pos  2509  spd     0  load   40  12.1 V  31 C  err 0x00
  LEVEL step 2530->2507: overshoot 0, settle 0.3971, residual range 0, offset +2.0, moving in last 1 s 0, err 0
>>> move 30 2484 0 200 2
move id 30 -> 2484 ticks, 0 ms, spd 200, acc 2: ok
>>> pos 30
id 30  pos  2509  spd     0  load   92  12.1 V  31 C  err 0x00
>>> pos 30
id 30  pos  2508  spd     0  load  116  12.1 V  31 C  err 0x00
>>> pos 30
id 30  pos  2504  spd  -100  load   64  12.1 V  31 C  err 0x00
>>> pos 30
id 30  pos  2503  spd     0  load  116  12.1 V  31 C  err 0x00
>>> pos 30
id 30  pos  2500  spd   -50  load   92  12.0 V  30 C  err 0x00
>>> pos 30
id 30  pos  2497  spd  -150  load   60  12.1 V  31 C  err 0x00
>>> pos 30
id 30  pos  2495  spd   -50  load   64  12.0 V  31 C  err 0x00
>>> pos 30
id 30  pos  2494  spd  -100  load   84  12.0 V  31 C  err 0x00
>>> pos 30
id 30  pos  2492  spd   -50  load   88  12.0 V  31 C  err 0x00
>>> pos 30
id 30  pos  2490  spd   -50  load   64  12.1 V  31 C  err 0x00
>>> pos 30
id 30  pos  2489  spd     0  load   92  12.1 V  31 C  err 0x00
>>> pos 30
id 30  pos  2487  spd  -100  load   60  12.1 V  31 C  err 0x00
>>> pos 30
id 30  pos  2486  spd     0  load   40  12.1 V  31 C  err 0x00
>>> pos 30
id 30  pos  2486  spd     0  load   40  12.1 V  31 C  err 0x00
>>> pos 30
id 30  pos  2486  spd     0  load   40  12.1 V  31 C  err 0x00
>>> pos 30
id 30  pos  2486  spd     0  load   40  12.1 V  31 C  err 0x00
>>> pos 30
id 30  pos  2486  spd     0  load   40  12.1 V  31 C  err 0x00
>>> pos 30
id 30  pos  2486  spd     0  load   40  12.1 V  31 C  err 0x00
>>> pos 30
id 30  pos  2486  spd     0  load   40  12.0 V  31 C  err 0x00
>>> pos 30
id 30  pos  2486  spd     0  load   40  12.1 V  31 C  err 0x00
>>> pos 30
id 30  pos  2486  spd     0  load   40  12.0 V  31 C  err 0x00
>>> pos 30
id 30  pos  2486  spd     0  load   40  12.1 V  31 C  err 0x00
>>> pos 30
id 30  pos  2486  spd     0  load   40  12.1 V  31 C  err 0x00
>>> pos 30
id 30  pos  2486  spd     0  load   40  12.1 V  31 C  err 0x00
>>> pos 30
id 30  pos  2486  spd     0  load   40  12.1 V  31 C  err 0x00
>>> pos 30
id 30  pos  2486  spd     0  load   40  12.0 V  31 C  err 0x00
>>> pos 30
id 30  pos  2486  spd     0  load   40  12.0 V  31 C  err 0x00
>>> pos 30
id 30  pos  2486  spd     0  load   40  12.1 V  31 C  err 0x00
>>> pos 30
id 30  pos  2486  spd     0  load   40  12.1 V  31 C  err 0x00
>>> pos 30
id 30  pos  2486  spd     0  load   40  12.0 V  31 C  err 0x00
>>> pos 30
id 30  pos  2486  spd     0  load   40  12.0 V  31 C  err 0x00
>>> pos 30
id 30  pos  2486  spd     0  load   40  12.0 V  31 C  err 0x00
>>> pos 30
id 30  pos  2486  spd     0  load   40  12.0 V  31 C  err 0x00
>>> pos 30
id 30  pos  2486  spd     0  load   40  12.1 V  31 C  err 0x00
>>> pos 30
id 30  pos  2486  spd     0  load   40  12.1 V  31 C  err 0x00
>>> pos 30
id 30  pos  2486  spd     0  load   40  12.1 V  31 C  err 0x00
>>> pos 30
id 30  pos  2486  spd     0  load   40  12.1 V  31 C  err 0x00
>>> pos 30
id 30  pos  2486  spd     0  load   40  12.0 V  31 C  err 0x00
>>> pos 30
id 30  pos  2486  spd     0  load   40  12.1 V  31 C  err 0x00
>>> pos 30
id 30  pos  2486  spd     0  load   40  12.0 V  31 C  err 0x00
>>> pos 30
id 30  pos  2486  spd     0  load   40  12.1 V  31 C  err 0x00
>>> pos 30
id 30  pos  2486  spd     0  load   40  12.0 V  31 C  err 0x00
>>> pos 30
id 30  pos  2486  spd     0  load   40  12.1 V  31 C  err 0x00
>>> pos 30
id 30  pos  2486  spd     0  load   40  12.1 V  31 C  err 0x00
>>> pos 30
id 30  pos  2486  spd     0  load   40  12.1 V  31 C  err 0x00
>>> pos 30
id 30  pos  2486  spd     0  load   40  12.0 V  31 C  err 0x00
>>> pos 30
id 30  pos  2486  spd     0  load   40  12.1 V  31 C  err 0x00
>>> pos 30
id 30  pos  2486  spd     0  load   40  12.1 V  31 C  err 0x00
>>> pos 30
id 30  pos  2486  spd     0  load   40  12.0 V  31 C  err 0x00
>>> pos 30
id 30  pos  2486  spd     0  load   40  12.0 V  31 C  err 0x00
>>> pos 30
id 30  pos  2486  spd     0  load   40  12.0 V  31 C  err 0x00
>>> pos 30
id 30  pos  2486  spd     0  load   40  12.0 V  31 C  err 0x00
>>> pos 30
id 30  pos  2486  spd     0  load   40  12.0 V  31 C  err 0x00
>>> pos 30
id 30  pos  2486  spd     0  load   40  12.1 V  31 C  err 0x00
>>> pos 30
id 30  pos  2486  spd     0  load   40  12.1 V  31 C  err 0x00
>>> pos 30
id 30  pos  2486  spd     0  load   40  12.0 V  31 C  err 0x00
>>> pos 30
id 30  pos  2486  spd     0  load   40  12.1 V  31 C  err 0x00
>>> pos 30
id 30  pos  2486  spd     0  load   40  12.0 V  31 C  err 0x00
>>> pos 30
id 30  pos  2486  spd     0  load   40  12.1 V  31 C  err 0x00
>>> pos 30
id 30  pos  2486  spd     0  load   40  12.1 V  31 C  err 0x00
>>> pos 30
id 30  pos  2486  spd     0  load   40  12.1 V  31 C  err 0x00
  LEVEL step 2507->2484: overshoot 0, settle 0.3971, residual range 0, offset +2.0, moving in last 1 s 0, err 0
>>> move 30 2507 0 200 2
move id 30 -> 2507 ticks, 0 ms, spd 200, acc 2: ok
>>> pos 30
id 30  pos  2486  spd     0  load    0  12.0 V  31 C  err 0x00
>>> pos 30
id 30  pos  2486  spd     0  load    0  12.0 V  31 C  err 0x00
>>> pos 30
id 30  pos  2488  spd    50  load    0  12.1 V  31 C  err 0x00
>>> pos 30
id 30  pos  2490  spd   100  load  -36  12.0 V  31 C  err 0x00
>>> pos 30
id 30  pos  2493  spd    50  load    0  12.0 V  31 C  err 0x00
>>> pos 30
id 30  pos  2495  spd    50  load    0  12.1 V  31 C  err 0x00
>>> pos 30
id 30  pos  2497  spd     0  load  -20  12.1 V  31 C  err 0x00
>>> pos 30
id 30  pos  2499  spd    50  load    0  12.0 V  31 C  err 0x00
>>> pos 30
id 30  pos  2501  spd    50  load    0  12.1 V  31 C  err 0x00
>>> pos 30
id 30  pos  2502  spd   100  load   20  12.1 V  31 C  err 0x00
>>> pos 30
id 30  pos  2504  spd    50  load    0  12.1 V  31 C  err 0x00
>>> pos 30
id 30  pos  2506  spd    50  load    0  12.0 V  31 C  err 0x00
>>> pos 30
id 30  pos  2506  spd     0  load    0  12.1 V  31 C  err 0x00
>>> pos 30
id 30  pos  2506  spd     0  load    0  12.1 V  31 C  err 0x00
>>> pos 30
id 30  pos  2506  spd     0  load    0  12.0 V  31 C  err 0x00
>>> pos 30
id 30  pos  2506  spd     0  load    0  12.1 V  31 C  err 0x00
>>> pos 30
id 30  pos  2506  spd     0  load    0  12.1 V  31 C  err 0x00
>>> pos 30
id 30  pos  2506  spd     0  load    0  12.1 V  31 C  err 0x00
>>> pos 30
id 30  pos  2506  spd     0  load    0  12.0 V  31 C  err 0x00
>>> pos 30
id 30  pos  2506  spd     0  load    0  12.1 V  31 C  err 0x00
>>> pos 30
id 30  pos  2506  spd     0  load    0  12.1 V  31 C  err 0x00
>>> pos 30
id 30  pos  2506  spd     0  load    0  12.1 V  31 C  err 0x00
>>> pos 30
id 30  pos  2506  spd     0  load    0  12.0 V  31 C  err 0x00
>>> pos 30
id 30  pos  2506  spd     0  load    0  12.1 V  31 C  err 0x00
>>> pos 30
id 30  pos  2506  spd     0  load    0  12.0 V  31 C  err 0x00
>>> pos 30
id 30  pos  2506  spd     0  load    0  12.1 V  31 C  err 0x00
>>> pos 30
id 30  pos  2506  spd     0  load    0  12.1 V  31 C  err 0x00
>>> pos 30
id 30  pos  2506  spd     0  load    0  12.1 V  31 C  err 0x00
>>> pos 30
id 30  pos  2506  spd     0  load    0  12.1 V  31 C  err 0x00
>>> pos 30
id 30  pos  2506  spd     0  load    0  12.1 V  31 C  err 0x00
>>> pos 30
id 30  pos  2506  spd     0  load    0  12.1 V  31 C  err 0x00
>>> pos 30
id 30  pos  2506  spd     0  load    0  12.1 V  31 C  err 0x00
>>> pos 30
id 30  pos  2506  spd     0  load    0  12.0 V  31 C  err 0x00
>>> pos 30
id 30  pos  2506  spd     0  load    0  12.0 V  31 C  err 0x00
>>> pos 30
id 30  pos  2506  spd     0  load    0  12.1 V  31 C  err 0x00
>>> pos 30
id 30  pos  2506  spd     0  load    0  12.1 V  31 C  err 0x00
>>> pos 30
id 30  pos  2506  spd     0  load    0  12.1 V  31 C  err 0x00
>>> pos 30
id 30  pos  2506  spd     0  load    0  12.1 V  31 C  err 0x00
>>> pos 30
id 30  pos  2506  spd     0  load    0  12.0 V  31 C  err 0x00
>>> pos 30
id 30  pos  2506  spd     0  load    0  12.0 V  31 C  err 0x00
>>> pos 30
id 30  pos  2506  spd     0  load    0  12.1 V  31 C  err 0x00
>>> pos 30
id 30  pos  2506  spd     0  load    0  12.1 V  31 C  err 0x00
>>> pos 30
id 30  pos  2506  spd     0  load    0  12.1 V  31 C  err 0x00
>>> pos 30
id 30  pos  2506  spd     0  load    0  12.1 V  31 C  err 0x00
>>> pos 30
id 30  pos  2506  spd     0  load    0  12.0 V  31 C  err 0x00
>>> pos 30
id 30  pos  2506  spd     0  load    0  12.1 V  31 C  err 0x00
>>> pos 30
id 30  pos  2506  spd     0  load    0  12.1 V  31 C  err 0x00
>>> pos 30
id 30  pos  2506  spd     0  load    0  12.1 V  31 C  err 0x00
>>> pos 30
id 30  pos  2506  spd     0  load    0  12.1 V  31 C  err 0x00
>>> pos 30
id 30  pos  2506  spd     0  load    0  12.0 V  31 C  err 0x00
>>> pos 30
id 30  pos  2506  spd     0  load    0  12.0 V  31 C  err 0x00
>>> pos 30
id 30  pos  2506  spd     0  load    0  12.1 V  31 C  err 0x00
>>> pos 30
id 30  pos  2506  spd     0  load    0  12.0 V  31 C  err 0x00
>>> pos 30
id 30  pos  2506  spd     0  load    0  12.1 V  31 C  err 0x00
>>> pos 30
id 30  pos  2506  spd     0  load    0  12.0 V  31 C  err 0x00
>>> pos 30
id 30  pos  2506  spd     0  load    0  12.1 V  31 C  err 0x00
>>> pos 30
id 30  pos  2506  spd     0  load    0  12.0 V  31 C  err 0x00
>>> pos 30
id 30  pos  2506  spd     0  load    0  12.1 V  31 C  err 0x00
>>> pos 30
id 30  pos  2506  spd     0  load    0  12.0 V  31 C  err 0x00
>>> pos 30
id 30  pos  2506  spd     0  load    0  12.1 V  31 C  err 0x00
>>> pos 30
id 30  pos  2506  spd     0  load    0  12.1 V  31 C  err 0x00
  LEVEL step 2484->2507: overshoot 0, settle 0.397, residual range 0, offset -1.0, moving in last 1 s 0, err 0
>>> pos 30
id 30  pos  2506  spd     0  load    0  12.1 V  31 C  err 0x00
>>> move 30 3531 0 100 2
move id 30 -> 3531 ticks, 0 ms, spd 100, acc 2: ok
>>> pos 30
id 30  pos  2506  spd     0  load  -44  12.1 V  31 C  err 0x00
>>> pos 30
id 30  pos  2509  spd    50  load    0  12.1 V  31 C  err 0x00
>>> pos 30
id 30  pos  2510  spd    50  load  -40  12.0 V  31 C  err 0x00
>>> pos 30
id 30  pos  2514  spd   150  load   20  12.1 V  31 C  err 0x00
>>> pos 30
id 30  pos  2515  spd    50  load  -40  12.0 V  31 C  err 0x00
>>> pos 30
id 30  pos  2519  spd   100  load    0  12.1 V  31 C  err 0x00
>>> pos 30
id 30  pos  2521  spd    50  load  -44  12.0 V  31 C  err 0x00
>>> pos 30
id 30  pos  2525  spd    50  load  -20  12.1 V  31 C  err 0x00
>>> pos 30
id 30  pos  2528  spd   100  load  -40  12.0 V  31 C  err 0x00
>>> pos 30
id 30  pos  2531  spd   150  load  -36  12.1 V  31 C  err 0x00
>>> pos 30
id 30  pos  2535  spd   150  load   20  12.0 V  31 C  err 0x00
>>> pos 30
id 30  pos  2537  spd     0  load  -72  12.1 V  31 C  err 0x00
>>> pos 30
id 30  pos  2542  spd   100  load    0  12.1 V  31 C  err 0x00
>>> pos 30
id 30  pos  2544  spd     0  load  -48  12.1 V  31 C  err 0x00
>>> pos 30
id 30  pos  2548  spd   150  load  -36  12.1 V  31 C  err 0x00
>>> pos 30
id 30  pos  2550  spd   100  load  -64  12.1 V  31 C  err 0x00
>>> pos 30
id 30  pos  2555  spd   200  load   24  12.1 V  31 C  err 0x00
>>> pos 30
id 30  pos  2558  spd   100  load  -40  12.1 V  31 C  err 0x00
>>> pos 30
id 30  pos  2561  spd    50  load  -44  12.1 V  31 C  err 0x00
>>> pos 30
id 30  pos  2564  spd     0  load  -48  12.1 V  31 C  err 0x00
>>> pos 30
id 30  pos  2569  spd   150  load    0  12.1 V  31 C  err 0x00
>>> pos 30
id 30  pos  2569  spd     0  load  -96  12.1 V  31 C  err 0x00
>>> pos 30
id 30  pos  2576  spd   200  load   24  12.1 V  31 C  err 0x00
>>> pos 30
id 30  pos  2577  spd     0  load  -48  12.1 V  31 C  err 0x00
>>> pos 30
id 30  pos  2582  spd   200  load   24  12.1 V  31 C  err 0x00
>>> pos 30
id 30  pos  2583  spd    50  load  -68  12.0 V  31 C  err 0x00
>>> pos 30
id 30  pos  2589  spd   200  load   24  12.0 V  31 C  err 0x00
>>> pos 30
id 30  pos  2590  spd   100  load  -64  12.1 V  31 C  err 0x00
>>> pos 30
id 30  pos  2595  spd   100  load    0  12.1 V  31 C  err 0x00
>>> pos 30
id 30  pos  2597  spd    50  load  -44  12.0 V  31 C  err 0x00
>>> pos 30
id 30  pos  2601  spd    50  load  -44  12.0 V  31 C  err 0x00
>>> pos 30
id 30  pos  2604  spd   100  load  -40  12.1 V  31 C  err 0x00
>>> pos 30
id 30  pos  2607  spd   100  load  -40  12.0 V  31 C  err 0x00
>>> pos 30
id 30  pos  2612  spd   250  load   24  12.1 V  31 C  err 0x00
>>> pos 30
id 30  pos  2612  spd     0  load  -96  12.1 V  31 C  err 0x00
>>> pos 30
id 30  pos  2619  spd   200  load   24  12.0 V  31 C  err 0x00
>>> pos 30
id 30  pos  2619  spd    50  load  -68  12.1 V  31 C  err 0x00
>>> pos 30
id 30  pos  2626  spd   200  load   24  12.1 V  31 C  err 0x00
>>> pos 30
id 30  pos  2627  spd    50  load  -44  12.0 V  31 C  err 0x00
>>> pos 30
id 30  pos  2631  spd     0  load  -24  12.1 V  31 C  err 0x00
>>> pos 30
id 30  pos  2634  spd   100  load  -40  12.1 V  31 C  err 0x00
>>> pos 30
id 30  pos  2638  spd   200  load   24  12.1 V  31 C  err 0x00
>>> pos 30
id 30  pos  2640  spd   100  load  -40  12.0 V  31 C  err 0x00
>>> pos 30
id 30  pos  2644  spd   100  load  -40  12.0 V  31 C  err 0x00
>>> pos 30
id 30  pos  2648  spd    50  load    0  12.1 V  31 C  err 0x00
>>> pos 30
id 30  pos  2650  spd     0  load  -48  12.1 V  31 C  err 0x00
>>> pos 30
id 30  pos  2654  spd   150  load  -36  12.0 V  31 C  err 0x00
>>> pos 30
id 30  pos  2657  spd   150  load  -36  12.1 V  31 C  err 0x00
>>> pos 30
id 30  pos  2661  spd   150  load   20  12.0 V  31 C  err 0x00
>>> pos 30
id 30  pos  2662  spd     0  load  -96  12.1 V  31 C  err 0x00
>>> pos 30
id 30  pos  2668  spd   150  load   20  12.0 V  31 C  err 0x00
>>> pos 30
id 30  pos  2669  spd    50  load  -68  12.0 V  31 C  err 0x00
>>> pos 30
id 30  pos  2675  spd   250  load   28  12.0 V  31 C  err 0x00
>>> pos 30
id 30  pos  2676  spd     0  load  -72  12.1 V  31 C  err 0x00
>>> pos 30
id 30  pos  2681  spd   150  load   20  12.1 V  31 C  err 0x00
>>> pos 30
id 30  pos  2682  spd     0  load  -72  12.1 V  31 C  err 0x00
>>> pos 30
id 30  pos  2688  spd   200  load   24  12.1 V  31 C  err 0x00
>>> pos 30
id 30  pos  2689  spd    50  load  -68  12.1 V  31 C  err 0x00
>>> pos 30
id 30  pos  2695  spd   200  load   24  12.1 V  31 C  err 0x00
>>> pos 30
id 30  pos  2696  spd   100  load  -64  12.1 V  31 C  err 0x00
>>> pos 30
id 30  pos  2701  spd   100  load    0  12.0 V  31 C  err 0x00
>>> pos 30
id 30  pos  2703  spd    50  load  -44  12.1 V  31 C  err 0x00
>>> pos 30
id 30  pos  2708  spd    50  load  -20  12.1 V  31 C  err 0x00
>>> pos 30
id 30  pos  2710  spd   100  load  -40  12.0 V  31 C  err 0x00
>>> pos 30
id 30  pos  2713  spd   100  load  -40  12.1 V  31 C  err 0x00
>>> pos 30
id 30  pos  2717  spd   200  load  -32  12.0 V  31 C  err 0x00
>>> pos 30
id 30  pos  2720  spd    50  load  -44  12.1 V  31 C  err 0x00
>>> pos 30
id 30  pos  2724  spd   150  load   20  12.1 V  31 C  err 0x00
>>> pos 30
id 30  pos  2726  spd     0  load  -48  12.0 V  31 C  err 0x00
>>> pos 30
id 30  pos  2731  spd   150  load   20  12.1 V  31 C  err 0x00
>>> pos 30
id 30  pos  2732  spd     0  load  -72  12.1 V  31 C  err 0x00
>>> pos 30
id 30  pos  2738  spd   250  load   28  12.1 V  31 C  err 0x00
>>> pos 30
id 30  pos  2738  spd     0  load  -96  12.1 V  31 C  err 0x00
>>> pos 30
id 30  pos  2745  spd   200  load   24  12.0 V  31 C  err 0x00
>>> pos 30
id 30  pos  2745  spd    50  load  -68  12.1 V  31 C  err 0x00
>>> pos 30
id 30  pos  2751  spd   200  load   24  12.1 V  31 C  err 0x00
>>> pos 30
id 30  pos  2752  spd     0  load  -72  12.1 V  31 C  err 0x00
>>> pos 30
id 30  pos  2758  spd   150  load   20  12.1 V  31 C  err 0x00
>>> pos 30
id 30  pos  2758  spd     0  load  -96  12.1 V  31 C  err 0x00
>>> pos 30
id 30  pos  2764  spd   150  load   20  12.1 V  31 C  err 0x00
>>> pos 30
id 30  pos  2765  spd    50  load  -68  12.1 V  31 C  err 0x00
>>> pos 30
id 30  pos  2771  spd   250  load   28  12.0 V  31 C  err 0x00
>>> pos 30
id 30  pos  2772  spd     0  load  -72  12.1 V  31 C  err 0x00
>>> pos 30
id 30  pos  2777  spd   150  load   20  12.0 V  31 C  err 0x00
>>> pos 30
id 30  pos  2779  spd     0  load  -48  12.0 V  31 C  err 0x00
>>> pos 30
id 30  pos  2784  spd   150  load   20  12.0 V  31 C  err 0x00
>>> pos 30
id 30  pos  2785  spd     0  load  -72  12.0 V  31 C  err 0x00
>>> pos 30
id 30  pos  2791  spd   250  load   24  12.0 V  31 C  err 0x00
>>> pos 30
id 30  pos  2792  spd    50  load  -68  12.1 V  31 C  err 0x00
>>> pos 30
id 30  pos  2798  spd   200  load   24  12.1 V  31 C  err 0x00
>>> pos 30
id 30  pos  2798  spd     0  load  -72  12.1 V  31 C  err 0x00
>>> pos 30
id 30  pos  2804  spd   150  load   20  12.1 V  31 C  err 0x00
>>> pos 30
id 30  pos  2805  spd     0  load  -72  12.1 V  47 C  err 0x00
>>> pos 30
id 30  pos  2811  spd   200  load   24  12.0 V  31 C  err 0x00
>>> pos 30
id 30  pos  2812  spd    50  load  -68  12.0 V  31 C  err 0x00
>>> pos 30
id 30  pos  2817  spd   200  load   24  12.0 V  31 C  err 0x00
>>> pos 30
id 30  pos  2818  spd     0  load  -72  12.1 V  31 C  err 0x00
>>> pos 30
id 30  pos  2824  spd   100  load    0  12.1 V  31 C  err 0x00
>>> pos 30
id 30  pos  2825  spd    50  load  -68  12.1 V  31 C  err 0x00
>>> pos 30
id 30  pos  2831  spd   200  load   24  12.1 V  31 C  err 0x00
>>> pos 30
id 30  pos  2832  spd   100  load  -40  12.0 V  31 C  err 0x00
>>> pos 30
id 30  pos  2837  spd   100  load    0  12.0 V  31 C  err 0x00
>>> pos 30
id 30  pos  2840  spd   100  load    0  12.1 V  31 C  err 0x00
>>> pos 30
id 30  pos  2841  spd     0  load  -72  12.1 V  31 C  err 0x00
>>> pos 30
id 30  pos  2847  spd   200  load   24  12.0 V  31 C  err 0x00
>>> pos 30
id 30  pos  2848  spd     0  load  -72  12.1 V  31 C  err 0x00
>>> pos 30
id 30  pos  2853  spd   150  load   20  12.1 V  31 C  err 0x00
>>> pos 30
id 30  pos  2854  spd     0  load  -96  12.0 V  31 C  err 0x00
>>> pos 30
id 30  pos  2861  spd   200  load   24  12.1 V  31 C  err 0x00
>>> pos 30
id 30  pos  2861  spd    50  load  -68  12.0 V  31 C  err 0x00
>>> pos 30
id 30  pos  2867  spd   200  load   24  12.1 V  31 C  err 0x00
>>> pos 30
id 30  pos  2868  spd     0  load  -72  12.0 V  31 C  err 0x00
>>> pos 30
id 30  pos  2874  spd   100  load    0  12.1 V  31 C  err 0x00
>>> pos 30
id 30  pos  2875  spd    50  load  -68  12.1 V  32 C  err 0x00
>>> pos 30
id 30  pos  2880  spd   200  load   24  12.1 V  31 C  err 0x00
>>> pos 30
id 30  pos  2881  spd    50  load  -68  12.1 V  32 C  err 0x00
>>> pos 30
id 30  pos  2887  spd   150  load   20  12.0 V  31 C  err 0x00
>>> pos 30
id 30  pos  2888  spd     0  load  -72  12.1 V  31 C  err 0x00
>>> pos 30
id 30  pos  2894  spd   100  load    0  12.1 V  31 C  err 0x00
>>> pos 30
id 30  pos  2896  spd    50  load    0  12.0 V  31 C  err 0x00
>>> pos 30
id 30  pos  2898  spd   100  load  -64  12.1 V  31 C  err 0x00
>>> pos 30
id 30  pos  2903  spd   200  load   24  12.1 V  31 C  err 0x00
>>> pos 30
id 30  pos  2904  spd     0  load  -72  12.1 V  31 C  err 0x00
>>> pos 30
id 30  pos  2910  spd   200  load   24  12.1 V  31 C  err 0x00
>>> pos 30
id 30  pos  2911  spd     0  load  -72  12.0 V  31 C  err 0x00
>>> pos 30
id 30  pos  2916  spd   150  load   20  12.1 V  31 C  err 0x00
>>> pos 30
id 30  pos  2918  spd     0  load  -72  12.1 V  31 C  err 0x00
>>> pos 30
id 30  pos  2924  spd   250  load   24  12.1 V  31 C  err 0x00
>>> pos 30
id 30  pos  2924  spd   -50  load  -76  12.0 V  31 C  err 0x00
>>> pos 30
id 30  pos  2930  spd   200  load   24  12.0 V  31 C  err 0x00
>>> pos 30
id 30  pos  2931  spd     0  load  -72  12.1 V  31 C  err 0x00
>>> pos 30
id 30  pos  2937  spd   200  load   24  12.0 V  31 C  err 0x00
>>> pos 30
id 30  pos  2937  spd    50  load  -92  12.1 V  32 C  err 0x00
>>> pos 30
id 30  pos  2944  spd   250  load   28  12.0 V  31 C  err 0x00
>>> pos 30
id 30  pos  2944  spd     0  load  -72  12.1 V  31 C  err 0x00
>>> pos 30
id 30  pos  2950  spd   150  load   20  12.0 V  31 C  err 0x00
>>> pos 30
id 30  pos  2950  spd     0  load  -96  12.0 V  31 C  err 0x00
>>> pos 30
id 30  pos  2957  spd   200  load   24  12.1 V  31 C  err 0x00
>>> pos 30
id 30  pos  2957  spd    50  load  -68  12.0 V  31 C  err 0x00
>>> pos 30
id 30  pos  2963  spd   250  load   28  12.1 V  31 C  err 0x00
>>> pos 30
id 30  pos  2964  spd     0  load  -72  12.1 V  31 C  err 0x00
>>> pos 30
id 30  pos  2970  spd   100  load    0  12.0 V  31 C  err 0x00
>>> pos 30
id 30  pos  2971  spd    50  load  -68  12.1 V  31 C  err 0x00
>>> pos 30
id 30  pos  2976  spd   200  load   24  12.1 V  31 C  err 0x00
>>> pos 30
id 30  pos  2978  spd   150  load  -36  12.1 V  31 C  err 0x00
>>> pos 30
id 30  pos  2982  spd   100  load  -40  12.1 V  31 C  err 0x00
>>> pos 30
id 30  pos  2985  spd    50  load  -44  12.1 V  31 C  err 0x00
>>> pos 30
id 30  pos  2988  spd    50  load  -44  12.0 V  31 C  err 0x00
>>> pos 30
id 30  pos  2992  spd   150  load  -36  12.1 V  31 C  err 0x00
>>> pos 30
id 30  pos  2994  spd   100  load  -64  12.0 V  31 C  err 0x00
>>> pos 30
id 30  pos  2999  spd   200  load   24  12.0 V  31 C  err 0x00
>>> pos 30
id 30  pos  3001  spd     0  load  -48  12.0 V  31 C  err 0x00
>>> pos 30
id 30  pos  3005  spd    50  load  -44  12.0 V  31 C  err 0x00
>>> pos 30
id 30  pos  3008  spd    50  load  -44  12.1 V  31 C  err 0x00
>>> pos 30
id 30  pos  3012  spd   150  load   20  12.0 V  31 C  err 0x00
>>> pos 30
id 30  pos  3014  spd     0  load  -72  12.1 V  31 C  err 0x00
>>> pos 30
id 30  pos  3019  spd   200  load   24  12.0 V  31 C  err 0x00
>>> pos 30
id 30  pos  3021  spd     0  load  -48  12.1 V  31 C  err 0x00
>>> pos 30
id 30  pos  3026  spd   200  load   24  12.1 V  31 C  err 0x00
>>> pos 30
id 30  pos  3027  spd     0  load  -72  12.1 V  31 C  err 0x00
>>> pos 30
id 30  pos  3033  spd   250  load   24  12.0 V  31 C  err 0x00
>>> pos 30
id 30  pos  3033  spd     0  load  -92  12.0 V  31 C  err 0x00
>>> pos 30
id 30  pos  3040  spd   250  load   28  12.0 V  31 C  err 0x00
>>> pos 30
id 30  pos  3040  spd     0  load  -72  12.1 V  32 C  err 0x00
>>> pos 30
id 30  pos  3045  spd   150  load  -36  12.0 V  31 C  err 0x00
>>> pos 30
id 30  pos  3047  spd     0  load  -72  12.1 V  31 C  err 0x00
>>> pos 30
id 30  pos  3052  spd   100  load    0  12.1 V  31 C  err 0x00
>>> pos 30
id 30  pos  3054  spd     0  load  -48  12.1 V  31 C  err 0x00
>>> pos 30
id 30  pos  3058  spd   150  load  -36  12.1 V  31 C  err 0x00
>>> pos 30
id 30  pos  3061  spd   150  load  -36  12.1 V  31 C  err 0x00
>>> pos 30
id 30  pos  3064  spd   150  load  -36  12.0 V  31 C  err 0x00
>>> pos 30
id 30  pos  3069  spd   100  load    0  12.1 V  31 C  err 0x00
>>> pos 30
id 30  pos  3070  spd     0  load  -72  12.0 V  31 C  err 0x00
>>> pos 30
id 30  pos  3075  spd   100  load    0  12.0 V  31 C  err 0x00
>>> pos 30
id 30  pos  3077  spd    50  load  -68  12.0 V  31 C  err 0x00
>>> pos 30
id 30  pos  3083  spd   200  load   24  12.1 V  31 C  err 0x00
>>> pos 30
id 30  pos  3084  spd   100  load  -40  12.0 V  31 C  err 0x00
>>> pos 30
id 30  pos  3088  spd   100  load  -40  12.1 V  31 C  err 0x00
>>> pos 30
id 30  pos  3091  spd    50  load  -44  12.0 V  31 C  err 0x00
>>> pos 30
id 30  pos  3094  spd     0  load  -48  12.1 V  31 C  err 0x00
>>> pos 30
id 30  pos  3098  spd   150  load  -36  12.0 V  31 C  err 0x00
>>> pos 30
id 30  pos  3100  spd   100  load  -64  12.1 V  31 C  err 0x00
>>> pos 30
id 30  pos  3105  spd   200  load   24  12.1 V  31 C  err 0x00
>>> pos 30
id 30  pos  3107  spd    50  load  -44  12.0 V  31 C  err 0x00
>>> pos 30
id 30  pos  3111  spd    50  load  -44  12.0 V  31 C  err 0x00
>>> pos 30
id 30  pos  3114  spd    50  load  -44  12.0 V  31 C  err 0x00
>>> pos 30
id 30  pos  3117  spd   100  load  -40  12.0 V  31 C  err 0x00
>>> pos 30
id 30  pos  3121  spd   150  load  -36  12.1 V  31 C  err 0x00
>>> pos 30
id 30  pos  3124  spd   150  load  -36  12.0 V  31 C  err 0x00
>>> pos 30
id 30  pos  3127  spd    50  load  -44  12.0 V  31 C  err 0x00
>>> pos 30
id 30  pos  3132  spd   250  load   28  12.0 V  31 C  err 0x00
>>> pos 30
id 30  pos  3132  spd     0  load  -96  12.0 V  31 C  err 0x00
>>> pos 30
id 30  pos  3139  spd   200  load   24  12.1 V  31 C  err 0x00
>>> pos 30
id 30  pos  3139  spd    50  load  -92  12.1 V  31 C  err 0x00
>>> pos 30
id 30  pos  3145  spd   200  load   24  12.1 V  31 C  err 0x00
>>> pos 30
id 30  pos  3146  spd     0  load  -72  12.0 V  31 C  err 0x00
>>> pos 30
id 30  pos  3152  spd    50  load  -20  12.0 V  31 C  err 0x00
>>> pos 30
id 30  pos  3154  spd   100  load  -40  12.1 V  31 C  err 0x00
>>> pos 30
id 30  pos  3157  spd   150  load  -36  12.1 V  31 C  err 0x00
>>> pos 30
id 30  pos  3160  spd   150  load  -36  12.1 V  31 C  err 0x00
>>> pos 30
id 30  pos  3165  spd   100  load    0  12.0 V  31 C  err 0x00
>>> pos 30
id 30  pos  3167  spd    50  load  -44  12.1 V  31 C  err 0x00
>>> pos 30
id 30  pos  3170  spd     0  load  -48  12.1 V  31 C  err 0x00
>>> pos 30
id 30  pos  3174  spd   150  load  -36  12.0 V  31 C  err 0x00
>>> pos 30
id 30  pos  3177  spd   100  load  -40  12.1 V  31 C  err 0x00
>>> pos 30
id 30  pos  3181  spd   200  load   24  12.1 V  31 C  err 0x00
>>> pos 30
id 30  pos  3182  spd     0  load  -96  12.1 V  31 C  err 0x00
>>> pos 30
id 30  pos  3188  spd   150  load   20  12.1 V  31 C  err 0x00
>>> pos 30
id 30  pos  3189  spd     0  load  -72  12.1 V  31 C  err 0x00
>>> pos 30
id 30  pos  3195  spd   200  load   24  12.0 V  31 C  err 0x00
>>> pos 30
id 30  pos  3196  spd     0  load  -72  12.0 V  31 C  err 0x00
>>> pos 30
id 30  pos  3201  spd   250  load   28  12.0 V  31 C  err 0x00
>>> pos 30
id 30  pos  3203  spd    50  load  -68  12.1 V  31 C  err 0x00
>>> pos 30
id 30  pos  3207  spd    50  load  -44  12.0 V  31 C  err 0x00
>>> pos 30
id 30  pos  3210  spd     0  load  -48  12.1 V  31 C  err 0x00
>>> pos 30
id 30  pos  3213  spd    50  load  -44  12.1 V  31 C  err 0x00
>>> pos 30
id 30  pos  3217  spd   200  load  -32  12.0 V  31 C  err 0x00
>>> pos 30
id 30  pos  3220  spd   150  load  -36  12.1 V  31 C  err 0x00
>>> pos 30
id 30  pos  3223  spd    50  load  -44  12.1 V  31 C  err 0x00
>>> pos 30
id 30  pos  3227  spd    50  load  -44  12.0 V  31 C  err 0x00
>>> pos 30
id 30  pos  3230  spd     0  load  -48  12.1 V  31 C  err 0x00
>>> pos 30
id 30  pos  3234  spd   150  load   20  12.1 V  31 C  err 0x00
>>> pos 30
id 30  pos  3234  spd     0  load -120  12.0 V  68 C  err 0x00
>>> pos 30
id 30  pos  3242  spd   300  load   32  12.0 V  31 C  err 0x00
>>> pos 30
id 30  pos  3242  spd     0  load  -72  12.1 V  31 C  err 0x00
>>> pos 30
id 30  pos  3248  spd    50  load  -20  12.1 V  31 C  err 0x00
>>> pos 30
id 30  pos  3249  spd    50  load  -68  12.1 V  31 C  err 0x00
>>> pos 30
id 30  pos  3255  spd   200  load   24  12.0 V  31 C  err 0x00
>>> pos 30
id 30  pos  3255  spd    50  load  -92  12.0 V  31 C  err 0x00
>>> pos 30
id 30  pos  3261  spd   200  load   24  12.1 V  31 C  err 0x00
>>> pos 30
id 30  pos  3262  spd     0  load  -72  12.1 V  31 C  err 0x00
>>> pos 30
id 30  pos  3268  spd    50  load  -20  12.0 V  31 C  err 0x00
>>> pos 30
id 30  pos  3269  spd    50  load  -68  12.1 V  31 C  err 0x00
>>> pos 30
id 30  pos  3274  spd   150  load   20  12.1 V  31 C  err 0x00
>>> pos 30
id 30  pos  3275  spd   100  load  -64  12.0 V  31 C  err 0x00
>>> pos 30
id 30  pos  3281  spd   150  load   20  12.1 V  31 C  err 0x00
>>> pos 30
id 30  pos  3281  spd     0  load  -96  12.0 V  31 C  err 0x00
>>> pos 30
id 30  pos  3288  spd   200  load   24  12.0 V  31 C  err 0x00
>>> pos 30
id 30  pos  3288  spd     0  load  -96  12.0 V  31 C  err 0x00
>>> pos 30
id 30  pos  3294  spd   250  load   28  12.0 V  31 C  err 0x00
>>> pos 30
id 30  pos  3296  spd   100  load  -40  12.1 V  31 C  err 0x00
>>> pos 30
id 30  pos  3299  spd   100  load  -64  12.1 V  31 C  err 0x00
>>> pos 30
id 30  pos  3303  spd    50  load  -44  12.0 V  31 C  err 0x00
>>> pos 30
id 30  pos  3305  spd     0  load  -72  12.1 V  31 C  err 0x00
>>> pos 30
id 30  pos  3309  spd   100  load  -64  12.1 V  31 C  err 0x00
>>> pos 30
id 30  pos  3313  spd   200  load  -32  12.0 V  31 C  err 0x00
>>> pos 30
id 30  pos  3316  spd   150  load  -36  12.0 V  31 C  err 0x00
>>> pos 30
id 30  pos  3320  spd   100  load    0  12.0 V  31 C  err 0x00
>>> pos 30
id 30  pos  3324  spd     0  load    0  12.1 V  31 C  err 0x00
>>> pos 30
id 30  pos  3325  spd   -50  load  -76  12.0 V  31 C  err 0x00
>>> pos 30
id 30  pos  3329  spd   100  load  -40  12.1 V  31 C  err 0x00
>>> pos 30
id 30  pos  3333  spd   200  load  -32  12.0 V  31 C  err 0x00
>>> pos 30
id 30  pos  3336  spd   150  load  -36  12.1 V  31 C  err 0x00
>>> pos 30
id 30  pos  3340  spd   100  load    0  12.1 V  31 C  err 0x00
>>> pos 30
id 30  pos  3344  spd   250  load   24  12.0 V  31 C  err 0x00
>>> pos 30
id 30  pos  3345  spd   -50  load  -76  12.0 V  31 C  err 0x00
>>> pos 30
id 30  pos  3350  spd   150  load   20  12.0 V  31 C  err 0x00
>>> pos 30
id 30  pos  3352  spd     0  load  -72  12.0 V  31 C  err 0x00
>>> pos 30
id 30  pos  3357  spd   200  load   24  12.1 V  31 C  err 0x00
>>> pos 30
id 30  pos  3357  spd     0  load  -96  12.0 V  31 C  err 0x00
>>> pos 30
id 30  pos  3364  spd   150  load   20  12.0 V  31 C  err 0x00
>>> pos 30
id 30  pos  3364  spd     0  load  -96  12.1 V  31 C  err 0x00
>>> pos 30
id 30  pos  3371  spd   250  load   28  12.0 V  31 C  err 0x00
>>> pos 30
id 30  pos  3372  spd   100  load  -64  12.1 V  31 C  err 0x00
>>> pos 30
id 30  pos  3376  spd   100  load  -40  12.1 V  31 C  err 0x00
>>> pos 30
id 30  pos  3379  spd   100  load  -40  12.1 V  31 C  err 0x00
>>> pos 30
id 30  pos  3382  spd    50  load  -44  12.1 V  31 C  err 0x00
>>> pos 30
id 30  pos  3386  spd   150  load  -36  12.1 V  31 C  err 0x00
>>> pos 30
id 30  pos  3387  spd     0  load  -96  12.0 V  31 C  err 0x00
>>> pos 30
id 30  pos  3394  spd   300  load   32  12.0 V  31 C  err 0x00
>>> pos 30
id 30  pos  3393  spd   -50  load -124  12.0 V  31 C  err 0x00
>>> pos 30
id 30  pos  3402  spd   300  load   28  12.1 V  31 C  err 0x00
>>> pos 30
id 30  pos  3400  spd    50  load  -88  12.1 V  31 C  err 0x00
>>> pos 30
id 30  pos  3407  spd   150  load   20  12.1 V  31 C  err 0x00
>>> pos 30
id 30  pos  3411  spd    50  load    0  12.1 V  31 C  err 0x00
>>> pos 30
id 30  pos  3411  spd  -150  load  -80  12.0 V  31 C  err 0x00
>>> pos 30
id 30  pos  3418  spd   200  load    0  12.1 V  31 C  err 0x00
>>> pos 30
id 30  pos  3415  spd  -100  load -152  12.1 V  31 C  err 0x00
>>> pos 30
id 30  pos  3427  spd   400  load   84  12.2 V  31 C  err 0x00
>>> pos 30
id 30  pos  3423  spd  -150  load -124  12.0 V  31 C  err 0x00
>>> pos 30
id 30  pos  3433  spd   400  load   56  12.1 V  31 C  err 0x00
>>> pos 30
id 30  pos  3432  spd   150  load  -36  12.1 V  31 C  err 0x00
>>> pos 30
id 30  pos  3435  spd   100  load  -40  12.1 V  31 C  err 0x00
>>> pos 30
id 30  pos  3443  spd    50  load   36  12.0 V  31 C  err 0x00
>>> pos 30
id 30  pos  3438  spd  -300  load -160  12.1 V  31 C  err 0x00
>>> pos 30
id 30  pos  3450  spd   400  load   80  12.0 V  31 C  err 0x00
>>> pos 30
id 30  pos  3445  spd  -100  load -152  12.0 V  31 C  err 0x00
>>> pos 30
id 30  pos  3458  spd   500  load  112  12.0 V  31 C  err 0x00
>>> pos 30
id 30  pos  3451  spd  -300  load -160  12.0 V  31 C  err 0x00
>>> pos 30
id 30  pos  3464  spd   200  load   72  12.1 V  31 C  err 0x00
>>> pos 30
id 30  pos  3458  spd  -100  load -144  12.1 V  31 C  err 0x00
>>> pos 30
id 30  pos  3471  spd   500  load  112  12.1 V  31 C  err 0x00
>>> pos 30
id 30  pos  3466  spd   200  load -104  12.0 V  31 C  err 0x00
>>> pos 30
id 30  pos  3475  spd   150  load   20  12.1 V  31 C  err 0x00
>>> pos 30
id 30  pos  3475  spd   -50  load  -48  12.1 V  31 C  err 0x00
>>> pos 30
id 30  pos  3480  spd  -200  load  -36  12.0 V  31 C  err 0x00
>>> pos 30
id 30  pos  3484  spd   200  load   20  12.1 V  31 C  err 0x00
>>> pos 30
id 30  pos  3483  spd    50  load  -92  12.0 V  31 C  err 0x00
>>> pos 30
id 30  pos  3492  spd   450  load   60  12.1 V  31 C  err 0x00
>>> pos 30
id 30  pos  3489  spd  -150  load -124  12.0 V  31 C  err 0x00
>>> pos 30
id 30  pos  3498  spd   350  load   28  12.0 V  31 C  err 0x00
>>> pos 30
id 30  pos  3498  spd    50  load  -40  12.1 V  31 C  err 0x00
>>> pos 30
id 30  pos  3501  spd     0  load  -72  12.1 V  31 C  err 0x00
>>> pos 30
id 30  pos  3508  spd   250  load   24  12.0 V  31 C  err 0x00
>>> pos 30
id 30  pos  3507  spd    50  load  -64  12.1 V  31 C  err 0x00
>>> pos 30
id 30  pos  3511  spd   100  load  -40  12.1 V  31 C  err 0x00
>>> pos 30
id 30  pos  3517  spd   150  load   20  12.1 V  31 C  err 0x00
>>> pos 30
id 30  pos  3516  spd   -50  load  -44  12.0 V  31 C  err 0x00
>>> pos 30
id 30  pos  3518  spd    50  load  -44  12.1 V  31 C  err 0x00
>>> pos 30
id 30  pos  3521  spd    50  load    0  12.1 V  31 C  err 0x00
>>> pos 30
id 30  pos  3521  spd     0  load  -68  12.1 V  31 C  err 0x00
>>> pos 30
id 30  pos  3525  spd   100  load   20  12.0 V  31 C  err 0x00
>>> pos 30
id 30  pos  3526  spd     0  load    0  12.1 V  31 C  err 0x00
>>> pos 30
id 30  pos  3527  spd     0  load  -44  12.1 V  31 C  err 0x00
>>> pos 30
id 30  pos  3529  spd    50  load  -40  12.1 V  31 C  err 0x00
>>> pos 30
id 30  pos  3531  spd    50  load    0  12.1 V  31 C  err 0x00
>>> pos 30
id 30  pos  3531  spd     0  load    0  12.1 V  31 C  err 0x00
>>> pos 30
id 30  pos  3531  spd     0  load    0  12.1 V  31 C  err 0x00
>>> pos 30
id 30  pos  3531  spd     0  load    0  12.1 V  31 C  err 0x00
>>> pos 30
id 30  pos  3531  spd     0  load    0  12.1 V  31 C  err 0x00
>>> pos 30
id 30  pos  3531  spd     0  load    0  12.1 V  31 C  err 0x00
>>> pos 30
id 30  pos  3531  spd     0  load    0  12.1 V  31 C  err 0x00
>>> pos 30
id 30  pos  3531  spd     0  load    0  12.0 V  31 C  err 0x00
>>> pos 30
id 30  pos  3531  spd     0  load    0  12.1 V  31 C  err 0x00
>>> pos 30
id 30  pos  3531  spd     0  load    0  12.0 V  31 C  err 0x00
>>> pos 30
id 30  pos  3531  spd     0  load    0  12.0 V  31 C  err 0x00
>>> pos 30
id 30  pos  3531  spd     0  load    0  12.0 V  31 C  err 0x00
>>> pos 30
id 30  pos  3531  spd     0  load    0  12.1 V  31 C  err 0x00
>>> pos 30
id 30  pos  3531  spd     0  load    0  12.1 V  31 C  err 0x00
>>> pos 30
id 30  pos  3531  spd     0  load    0  12.1 V  31 C  err 0x00
>>> pos 30
id 30  pos  3531  spd     0  load    0  12.0 V  31 C  err 0x00
>>> pos 30
id 30  pos  3531  spd     0  load    0  12.1 V  31 C  err 0x00
>>> pos 30
id 30  pos  3531  spd     0  load    0  12.0 V  31 C  err 0x00
>>> pos 30
id 30  pos  3531  spd     0  load    0  12.1 V  31 C  err 0x00
>>> pos 30
id 30  pos  3531  spd     0  load    0  12.0 V  31 C  err 0x00
>>> pos 30
id 30  pos  3531  spd     0  load    0  12.1 V  31 C  err 0x00
>>> pos 30
id 30  pos  3531  spd     0  load    0  12.1 V  31 C  err 0x00
>>> pos 30
id 30  pos  3531  spd     0  load    0  12.1 V  31 C  err 0x00
>>> pos 30
id 30  pos  3531  spd     0  load    0  12.1 V  31 C  err 0x00
>>> pos 30
id 30  pos  3531  spd     0  load    0  12.1 V  31 C  err 0x00
>>> pos 30
id 30  pos  3531  spd     0  load    0  12.0 V  31 C  err 0x00
>>> pos 30
id 30  pos  3531  spd     0  load    0  12.0 V  31 C  err 0x00
>>> pos 30
id 30  pos  3531  spd     0  load    0  12.1 V  31 C  err 0x00
>>> pos 30
id 30  pos  3531  spd     0  load    0  12.0 V  31 C  err 0x00
>>> pos 30
id 30  pos  3531  spd     0  load    0  12.0 V  31 C  err 0x00
>>> pos 30
id 30  pos  3531  spd     0  load    0  12.0 V  31 C  err 0x00
>>> pos 30
id 30  pos  3531  spd     0  load    0  12.1 V  31 C  err 0x00
>>> pos 30
id 30  pos  3531  spd     0  load    0  12.0 V  31 C  err 0x00
>>> pos 30
id 30  pos  3531  spd     0  load    0  12.1 V  31 C  err 0x00
>>> pos 30
id 30  pos  3531  spd     0  load    0  12.1 V  31 C  err 0x00
>>> pos 30
id 30  pos  3531  spd     0  load    0  12.1 V  31 C  err 0x00
>>> pos 30
id 30  pos  3531  spd     0  load    0  12.0 V  31 C  err 0x00
>>> pos 30
id 30  pos  3531  spd     0  load    0  12.1 V  31 C  err 0x00
>>> pos 30
id 30  pos  3531  spd     0  load    0  12.0 V  31 C  err 0x00
>>> pos 30
id 30  pos  3531  spd     0  load    0  12.0 V  31 C  err 0x00
>>> pos 30
id 30  pos  3531  spd     0  load    0  12.1 V  31 C  err 0x00
>>> pos 30
id 30  pos  3531  spd     0  load    0  12.1 V  31 C  err 0x00
>>> pos 30
id 30  pos  3531  spd     0  load    0  12.1 V  31 C  err 0x00
>>> pos 30
id 30  pos  3531  spd     0  load    0  12.1 V  31 C  err 0x00
>>> pos 30
id 30  pos  3531  spd     0  load    0  12.1 V  31 C  err 0x00
>>> pos 30
id 30  pos  3531  spd     0  load    0  12.1 V  31 C  err 0x00
>>> pos 30
id 30  pos  3531  spd     0  load    0  12.0 V  31 C  err 0x00
>>> pos 30
id 30  pos  3531  spd     0  load    0  12.1 V  31 C  err 0x00
>>> pos 30
id 30  pos  3531  spd     0  load    0  12.0 V  31 C  err 0x00
>>> pos 30
id 30  pos  3531  spd     0  load    0  12.0 V  31 C  err 0x00
>>> pos 30
id 30  pos  3531  spd     0  load    0  12.1 V  31 C  err 0x00
>>> pos 30
id 30  pos  3531  spd     0  load    0  12.1 V  31 C  err 0x00
>>> pos 30
id 30  pos  3531  spd     0  load    0  12.1 V  31 C  err 0x00
>>> pos 30
id 30  pos  3531  spd     0  load    0  12.1 V  31 C  err 0x00
>>> pos 30
id 30  pos  3531  spd     0  load    0  12.1 V  31 C  err 0x00
>>> pos 30
id 30  pos  3531  spd     0  load    0  12.1 V  31 C  err 0x00
>>> pos 30
id 30  pos  3531  spd     0  load    0  12.1 V  31 C  err 0x00
>>> pos 30
id 30  pos  3531  spd     0  load    0  12.1 V  31 C  err 0x00
>>> pos 30
id 30  pos  3531  spd     0  load    0  12.1 V  31 C  err 0x00
>>> pos 30
id 30  pos  3531  spd     0  load    0  12.1 V  31 C  err 0x00
>>> pos 30
id 30  pos  3531  spd     0  load    0  12.1 V  31 C  err 0x00
>>> pos 30
id 30  pos  3531  spd     0  load    0  12.0 V  31 C  err 0x00
>>> pos 30
id 30  pos  3531  spd     0  load    0  12.1 V  31 C  err 0x00
>>> pos 30
id 30  pos  3531  spd     0  load    0  12.1 V  31 C  err 0x00
>>> pos 30
id 30  pos  3531  spd     0  load    0  12.1 V  31 C  err 0x00
>>> pos 30
id 30  pos  3531  spd     0  load    0  12.1 V  31 C  err 0x00
>>> pos 30
id 30  pos  3531  spd     0  load    0  12.1 V  31 C  err 0x00
>>> pos 30
id 30  pos  3531  spd     0  load    0  12.0 V  31 C  err 0x00
>>> pos 30
id 30  pos  3531  spd     0  load    0  12.1 V  31 C  err 0x00
>>> pos 30
id 30  pos  3531  spd     0  load    0  12.1 V  31 C  err 0x00
>>> pos 30
id 30  pos  3531  spd     0  load    0  11.9 V  31 C  err 0x00
>>> pos 30
id 30  pos  3531  spd     0  load    0  12.1 V  31 C  err 0x00
>>> pos 30
id 30  pos  3531  spd     0  load    0  12.1 V  31 C  err 0x00
>>> pos 30
id 30  pos  3531  spd     0  load    0  12.0 V  31 C  err 0x00
>>> pos 30
id 30  pos  3531  spd     0  load    0  12.1 V  31 C  err 0x00
>>> pos 30
id 30  pos  3531  spd     0  load    0  12.1 V  31 C  err 0x00
>>> pos 30
id 30  pos  3531  spd     0  load    0  12.1 V  31 C  err 0x00
>>> pos 30
id 30  pos  3531  spd     0  load    0  12.0 V  31 C  err 0x00
>>> pos 30
id 30  pos  3531  spd     0  load    0  12.1 V  31 C  err 0x00
>>> pos 30
id 30  pos  3531  spd     0  load    0  12.1 V  31 C  err 0x00
>>> pos 30
id 30  pos  3531  spd     0  load    0  12.1 V  31 C  err 0x00
>>> pos 30
id 30  pos  3531  spd     0  load    0  12.0 V  31 C  err 0x00
>>> pos 30
id 30  pos  3531  spd     0  load    0  12.0 V  31 C  err 0x00
>>> pos 30
id 30  pos  3531  spd     0  load    0  12.0 V  31 C  err 0x00
>>> pos 30
id 30  pos  3531  spd     0  load    0  12.0 V  31 C  err 0x00
>>> pos 30
id 30  pos  3531  spd     0  load    0  12.0 V  31 C  err 0x00
>>> pos 30
id 30  pos  3531  spd     0  load    0  12.0 V  31 C  err 0x00
>>> pos 30
id 30  pos  3531  spd     0  load    0  12.1 V  31 C  err 0x00
>>> pos 30
id 30  pos  3531  spd     0  load    0  12.1 V  31 C  err 0x00
>>> pos 30
id 30  pos  3531  spd     0  load    0  12.1 V  31 C  err 0x00
>>> pos 30
id 30  pos  3531  spd     0  load    0  12.1 V  31 C  err 0x00
>>> pos 30
id 30  pos  3531  spd     0  load    0  12.0 V  31 C  err 0x00
>>> pos 30
id 30  pos  3531  spd     0  load    0  12.1 V  31 C  err 0x00
>>> pos 30
id 30  pos  3531  spd     0  load    0  12.0 V  31 C  err 0x00
>>> pos 30
id 30  pos  3531  spd     0  load    0  12.1 V  31 C  err 0x00
>>> pos 30
id 30  pos  3531  spd     0  load    0  12.0 V  31 C  err 0x00
>>> pos 30
id 30  pos  3531  spd     0  load    0  12.1 V  31 C  err 0x00
>>> pos 30
id 30  pos  3531  spd     0  load    0  12.1 V  31 C  err 0x00
>>> pos 30
id 30  pos  3531  spd     0  load    0  12.1 V  31 C  err 0x00
>>> pos 30
id 30  pos  3531  spd     0  load    0  12.0 V  31 C  err 0x00
>>> pos 30
id 30  pos  3531  spd     0  load    0  12.1 V  31 C  err 0x00
>>> pos 30
id 30  pos  3531  spd     0  load    0  12.1 V  31 C  err 0x00
  travel 2506->3531: spd 123 (sd 105, -300..500), backward samples 15/248, load -160..112, end overshoot 0, residual range 0, err 0
>>> pos 30
id 30  pos  3531  spd     0  load    0  12.0 V  31 C  err 0x00
>>> pos 30
id 30  pos  3531  spd     0  load    0  12.0 V  31 C  err 0x00
>>> release 30
release 30: ok
>>> pos 30
id 30  pos  3531  spd     0  load    0  12.1 V  31 C  err 0x00
  released hanging: pos 3531

== P 128 D 32
>>> gains 30
id 30  P 96  D 32  I 0   expected (no row in servo_gains.h)
>>> release 30
release 30: ok
>>> gains 30 128 32
id 30: writing P 128 D 32 to EEPROM (torque must be OFF; no goal is written) ...
id 30: FAILED (write-failed) -- EEPROM re-lock attempted; `gains 30` to see what the servo holds
>>> gains 30
id 30  P 128  D 32  I 0   expected (no row in servo_gains.h)
>>> reg 30 55 1
id 30 reg 55 = 1 (0x01)
# gains 128/32 FAILED (attempt 1); read back P 128 D 32, lock 1
  gains 128/32: landed, ack lost

NEXT MOTION: P 128: torque on hanging down; quiet hold + 4 smooth 2-deg moves; raise to straight out; quiet hold + 2 slow probes + 4 smooth 2-deg moves; lower and release
  type go:
< 'go'
>>> pos 30
id 30  pos  3531  spd     0  load    0  12.0 V  31 C  err 0x00
>>> torque 30
torque 30: ok
>>> pos 30
id 30  pos  3531  spd     0  load    0  12.1 V  31 C  err 0x00
>>> pos 30
id 30  pos  3531  spd     0  load    0  12.0 V  31 C  err 0x00
>>> move 30 3531 0 100 2
move id 30 -> 3531 ticks, 0 ms, spd 100, acc 2: ok
>>> pos 30
id 30  pos  3531  spd     0  load    0  12.0 V  31 C  err 0x00
>>> pos 30
id 30  pos  3531  spd     0  load    0  12.0 V  30 C  err 0x00
>>> pos 30
id 30  pos  3531  spd     0  load    0  12.1 V  31 C  err 0x00
>>> pos 30
id 30  pos  3531  spd     0  load    0  12.1 V  31 C  err 0x00
>>> pos 30
id 30  pos  3531  spd     0  load    0  12.1 V  31 C  err 0x00
>>> pos 30
id 30  pos  3531  spd     0  load    0  12.0 V  31 C  err 0x00
>>> pos 30
id 30  pos  3531  spd     0  load    0  12.0 V  31 C  err 0x00
>>> pos 30
id 30  pos  3531  spd     0  load    0  12.0 V  31 C  err 0x00
>>> pos 30
id 30  pos  3531  spd     0  load    0  12.1 V  31 C  err 0x00
>>> pos 30
id 30  pos  3531  spd     0  load    0  12.0 V  31 C  err 0x00
>>> pos 30
id 30  pos  3531  spd     0  load    0  12.1 V  31 C  err 0x00
>>> pos 30
id 30  pos  3531  spd     0  load    0  12.0 V  31 C  err 0x00
>>> pos 30
id 30  pos  3531  spd     0  load    0  12.1 V  31 C  err 0x00
>>> pos 30
id 30  pos  3531  spd     0  load    0  12.1 V  31 C  err 0x00
>>> pos 30
id 30  pos  3531  spd     0  load    0  12.1 V  31 C  err 0x00
>>> pos 30
id 30  pos  3531  spd     0  load    0  12.0 V  31 C  err 0x00
>>> pos 30
id 30  pos  3531  spd     0  load    0  12.0 V  31 C  err 0x00
>>> pos 30
id 30  pos  3531  spd     0  load    0  12.0 V  31 C  err 0x00
>>> pos 30
id 30  pos  3531  spd     0  load    0  12.1 V  31 C  err 0x00
>>> pos 30
id 30  pos  3531  spd     0  load    0  12.1 V  31 C  err 0x00
>>> pos 30
id 30  pos  3531  spd     0  load    0  12.1 V  31 C  err 0x00
>>> pos 30
id 30  pos  3531  spd     0  load    0  12.0 V  31 C  err 0x00
>>> pos 30
id 30  pos  3531  spd     0  load    0  12.0 V  31 C  err 0x00
>>> pos 30
id 30  pos  3531  spd     0  load    0  12.0 V  31 C  err 0x00
>>> pos 30
id 30  pos  3531  spd     0  load    0  12.0 V  31 C  err 0x00
>>> pos 30
id 30  pos  3531  spd     0  load    0  12.0 V  31 C  err 0x00
>>> pos 30
id 30  pos  3531  spd     0  load    0  12.1 V  31 C  err 0x00
>>> pos 30
id 30  pos  3531  spd     0  load    0  12.0 V  31 C  err 0x00
>>> pos 30
id 30  pos  3531  spd     0  load    0  12.1 V  31 C  err 0x00
>>> pos 30
id 30  pos  3531  spd     0  load    0  12.0 V  31 C  err 0x00
>>> pos 30
id 30  pos  3531  spd     0  load    0  12.1 V  31 C  err 0x00
>>> pos 30
id 30  pos  3531  spd     0  load    0  12.1 V  31 C  err 0x00
>>> pos 30
id 30  pos  3531  spd     0  load    0  12.0 V  31 C  err 0x00
>>> pos 30
id 30  pos  3531  spd     0  load    0  12.1 V  31 C  err 0x00
>>> pos 30
id 30  pos  3531  spd     0  load    0  12.0 V  31 C  err 0x00
>>> pos 30
id 30  pos  3531  spd     0  load    0  12.1 V  31 C  err 0x00
>>> pos 30
id 30  pos  3531  spd     0  load    0  12.0 V  31 C  err 0x00
>>> pos 30
id 30  pos  3531  spd     0  load    0  12.1 V  31 C  err 0x00
>>> pos 30
id 30  pos  3531  spd     0  load    0  12.1 V  31 C  err 0x00
>>> pos 30
id 30  pos  3531  spd     0  load    0  12.1 V  31 C  err 0x00
>>> pos 30
id 30  pos  3531  spd     0  load    0  12.0 V  31 C  err 0x00
>>> pos 30
id 30  pos  3531  spd     0  load    0  12.0 V  31 C  err 0x00
>>> pos 30
id 30  pos  3531  spd     0  load    0  12.0 V  31 C  err 0x00
>>> pos 30
id 30  pos  3531  spd     0  load    0  12.1 V  31 C  err 0x00
>>> pos 30
id 30  pos  3531  spd     0  load    0  12.0 V  31 C  err 0x00
>>> pos 30
id 30  pos  3531  spd     0  load    0  12.0 V  31 C  err 0x00
>>> pos 30
id 30  pos  3531  spd     0  load    0  12.0 V  31 C  err 0x00
>>> pos 30
id 30  pos  3531  spd     0  load    0  12.1 V  31 C  err 0x00
>>> pos 30
id 30  pos  3531  spd     0  load    0  12.0 V  31 C  err 0x00
>>> pos 30
id 30  pos  3531  spd     0  load    0  12.0 V  31 C  err 0x00
>>> pos 30
id 30  pos  3531  spd     0  load    0  12.1 V  31 C  err 0x00
>>> pos 30
id 30  pos  3531  spd     0  load    0  12.0 V  31 C  err 0x00
>>> pos 30
id 30  pos  3531  spd     0  load    0  12.1 V  31 C  err 0x00
>>> pos 30
id 30  pos  3531  spd     0  load    0  12.1 V  31 C  err 0x00
>>> pos 30
id 30  pos  3531  spd     0  load    0  12.1 V  31 C  err 0x00
>>> pos 30
id 30  pos  3531  spd     0  load    0  12.0 V  31 C  err 0x00
>>> pos 30
id 30  pos  3531  spd     0  load    0  12.1 V  31 C  err 0x00
>>> pos 30
id 30  pos  3531  spd     0  load    0  12.0 V  31 C  err 0x00
>>> pos 30
id 30  pos  3531  spd     0  load    0  12.0 V  31 C  err 0x00
>>> pos 30
id 30  pos  3531  spd     0  load    0  12.1 V  31 C  err 0x00
>>> pos 30
id 30  pos  3531  spd     0  load    0  12.1 V  31 C  err 0x00
>>> pos 30
id 30  pos  3531  spd     0  load    0  12.0 V  31 C  err 0x00
>>> pos 30
id 30  pos  3531  spd     0  load    0  12.0 V  31 C  err 0x00
>>> pos 30
id 30  pos  3531  spd     0  load    0  12.1 V  31 C  err 0x00
>>> pos 30
id 30  pos  3531  spd     0  load    0  12.1 V  31 C  err 0x00
>>> pos 30
id 30  pos  3531  spd     0  load    0  12.1 V  31 C  err 0x00
>>> pos 30
id 30  pos  3531  spd     0  load    0  12.0 V  31 C  err 0x00
>>> pos 30
id 30  pos  3531  spd     0  load    0  12.1 V  31 C  err 0x00
>>> pos 30
id 30  pos  3531  spd     0  load    0  12.1 V  31 C  err 0x00
>>> pos 30
id 30  pos  3531  spd     0  load    0  12.0 V  31 C  err 0x00
>>> pos 30
id 30  pos  3531  spd     0  load    0  12.1 V  31 C  err 0x00
>>> pos 30
id 30  pos  3531  spd     0  load    0  12.0 V  31 C  err 0x00
>>> pos 30
id 30  pos  3531  spd     0  load    0  12.0 V  31 C  err 0x00
>>> pos 30
id 30  pos  3531  spd     0  load    0  12.0 V  31 C  err 0x00
>>> pos 30
id 30  pos  3531  spd     0  load    0  12.0 V  31 C  err 0x00
>>> pos 30
id 30  pos  3531  spd     0  load    0  12.0 V  31 C  err 0x00
>>> pos 30
id 30  pos  3531  spd     0  load    0  12.0 V  31 C  err 0x00
>>> pos 30
id 30  pos  3531  spd     0  load    0  12.0 V  31 C  err 0x00
>>> pos 30
id 30  pos  3531  spd     0  load    0  12.1 V  31 C  err 0x00
>>> pos 30
id 30  pos  3531  spd     0  load    0  12.0 V  31 C  err 0x00
>>> pos 30
id 30  pos  3531  spd     0  load    0  12.0 V  31 C  err 0x00
>>> pos 30
id 30  pos  3531  spd     0  load    0  12.0 V  31 C  err 0x00
>>> pos 30
id 30  pos  3531  spd     0  load    0  12.1 V  31 C  err 0x00
>>> pos 30
id 30  pos  3531  spd     0  load    0  12.0 V  31 C  err 0x00
>>> pos 30
id 30  pos  3531  spd     0  load    0  12.0 V  31 C  err 0x00
>>> pos 30
id 30  pos  3531  spd     0  load    0  12.1 V  31 C  err 0x00
>>> pos 30
id 30  pos  3531  spd     0  load    0  12.1 V  31 C  err 0x00
>>> pos 30
id 30  pos  3531  spd     0  load    0  12.0 V  31 C  err 0x00
>>> pos 30
id 30  pos  3531  spd     0  load    0  12.1 V  31 C  err 0x00
>>> pos 30
id 30  pos  3531  spd     0  load    0  12.0 V  31 C  err 0x00
>>> pos 30
id 30  pos  3531  spd     0  load    0  12.0 V  31 C  err 0x00
>>> pos 30
id 30  pos  3531  spd     0  load    0  12.0 V  31 C  err 0x00
>>> pos 30
id 30  pos  3531  spd     0  load    0  12.1 V  31 C  err 0x00
>>> pos 30
id 30  pos  3531  spd     0  load    0  12.0 V  31 C  err 0x00
>>> pos 30
id 30  pos  3531  spd     0  load    0  12.1 V  31 C  err 0x00
>>> pos 30
id 30  pos  3531  spd     0  load    0  12.1 V  31 C  err 0x00
>>> pos 30
id 30  pos  3531  spd     0  load    0  12.1 V  31 C  err 0x00
>>> pos 30
id 30  pos  3531  spd     0  load    0  12.1 V  31 C  err 0x00
>>> pos 30
id 30  pos  3531  spd     0  load    0  12.1 V  31 C  err 0x00
>>> pos 30
id 30  pos  3531  spd     0  load    0  12.1 V  31 C  err 0x00
>>> pos 30
id 30  pos  3531  spd     0  load    0  12.1 V  31 C  err 0x00
>>> pos 30
id 30  pos  3531  spd     0  load    0  12.1 V  31 C  err 0x00
>>> pos 30
id 30  pos  3531  spd     0  load    0  12.0 V  31 C  err 0x00
>>> pos 30
id 30  pos  3531  spd     0  load    0  12.0 V  31 C  err 0x00
>>> pos 30
id 30  pos  3531  spd     0  load    0  12.0 V  31 C  err 0x00
>>> pos 30
id 30  pos  3531  spd     0  load    0  12.0 V  31 C  err 0x00
>>> pos 30
id 30  pos  3531  spd     0  load    0  12.0 V  31 C  err 0x00
  travel 3531->3531: spd 0 (sd 0, 0..0), backward samples 0/0, load 0..0, end overshoot 0, residual range 0, err 0
>>> pos 30
id 30  pos  3531  spd     0  load    0  12.1 V  31 C  err 0x00
>>> pos 30
id 30  pos  3531  spd     0  load    0  12.1 V  31 C  err 0x00
>>> pos 30
id 30  pos  3531  spd     0  load    0  12.1 V  31 C  err 0x00
>>> pos 30
id 30  pos  3531  spd     0  load    0  12.1 V  31 C  err 0x00
>>> pos 30
id 30  pos  3531  spd     0  load    0  12.1 V  31 C  err 0x00
>>> pos 30
id 30  pos  3531  spd     0  load    0  12.0 V  31 C  err 0x00
>>> pos 30
id 30  pos  3531  spd     0  load    0  12.1 V  31 C  err 0x00
>>> pos 30
id 30  pos  3531  spd     0  load    0  12.1 V  31 C  err 0x00
>>> pos 30
id 30  pos  3531  spd     0  load    0  12.0 V  31 C  err 0x00
>>> pos 30
id 30  pos  3531  spd     0  load    0  12.1 V  31 C  err 0x00
>>> pos 30
id 30  pos  3531  spd     0  load    0  12.0 V  31 C  err 0x00
>>> pos 30
id 30  pos  3531  spd     0  load    0  12.1 V  31 C  err 0x00
>>> pos 30
id 30  pos  3531  spd     0  load    0  12.1 V  31 C  err 0x00
>>> pos 30
id 30  pos  3531  spd     0  load    0  12.0 V  31 C  err 0x00
>>> pos 30
id 30  pos  3531  spd     0  load    0  12.1 V  31 C  err 0x00
>>> pos 30
id 30  pos  3531  spd     0  load    0  12.1 V  31 C  err 0x00
>>> pos 30
id 30  pos  3531  spd     0  load    0  12.0 V  31 C  err 0x00
>>> pos 30
id 30  pos  3531  spd     0  load    0  12.1 V  31 C  err 0x00
>>> pos 30
id 30  pos  3531  spd     0  load    0  12.0 V  31 C  err 0x00
>>> pos 30
id 30  pos  3531  spd     0  load    0  12.1 V  31 C  err 0x00
>>> pos 30
id 30  pos  3531  spd     0  load    0  12.1 V  31 C  err 0x00
>>> pos 30
id 30  pos  3531  spd     0  load    0  12.1 V  31 C  err 0x00
>>> pos 30
id 30  pos  3531  spd     0  load    0  12.1 V  31 C  err 0x00
>>> pos 30
id 30  pos  3531  spd     0  load    0  12.1 V  31 C  err 0x00
>>> pos 30
id 30  pos  3531  spd     0  load    0  12.1 V  31 C  err 0x00
>>> pos 30
id 30  pos  3531  spd     0  load    0  12.0 V  31 C  err 0x00
>>> pos 30
id 30  pos  3531  spd     0  load    0  12.1 V  31 C  err 0x00
>>> pos 30
id 30  pos  3531  spd     0  load    0  12.0 V  31 C  err 0x00
>>> pos 30
id 30  pos  3531  spd     0  load    0  12.1 V  31 C  err 0x00
>>> pos 30
id 30  pos  3531  spd     0  load    0  12.0 V  31 C  err 0x00
>>> pos 30
id 30  pos  3531  spd     0  load    0  12.1 V  31 C  err 0x00
>>> pos 30
id 30  pos  3531  spd     0  load    0  12.0 V  31 C  err 0x00
>>> pos 30
id 30  pos  3531  spd     0  load    0  12.1 V  31 C  err 0x00
>>> pos 30
id 30  pos  3531  spd     0  load    0  12.0 V  31 C  err 0x00
>>> pos 30
id 30  pos  3531  spd     0  load    0  12.1 V  31 C  err 0x00
>>> pos 30
id 30  pos  3531  spd     0  load    0  12.1 V  31 C  err 0x00
>>> pos 30
id 30  pos  3531  spd     0  load    0  12.0 V  31 C  err 0x00
>>> pos 30
id 30  pos  3531  spd     0  load    0  12.0 V  31 C  err 0x00
>>> pos 30
id 30  pos  3531  spd     0  load    0  12.1 V  31 C  err 0x00
>>> pos 30
id 30  pos  3531  spd     0  load    0  12.1 V  31 C  err 0x00
>>> pos 30
id 30  pos  3531  spd     0  load    0  12.1 V  31 C  err 0x00
>>> pos 30
id 30  pos  3531  spd     0  load    0  12.0 V  31 C  err 0x00
>>> pos 30
id 30  pos  3531  spd     0  load    0  12.1 V  31 C  err 0x00
>>> pos 30
id 30  pos  3531  spd     0  load    0  12.1 V  31 C  err 0x00
>>> pos 30
id 30  pos  3531  spd     0  load    0  12.0 V  31 C  err 0x00
>>> pos 30
id 30  pos  3531  spd     0  load    0  12.1 V  31 C  err 0x00
>>> pos 30
id 30  pos  3531  spd     0  load    0  12.0 V  31 C  err 0x00
>>> pos 30
id 30  pos  3531  spd     0  load    0  12.1 V  31 C  err 0x00
>>> pos 30
id 30  pos  3531  spd     0  load    0  12.1 V  31 C  err 0x00
>>> pos 30
id 30  pos  3531  spd     0  load    0  12.1 V  31 C  err 0x00
>>> pos 30
id 30  pos  3531  spd     0  load    0  12.1 V  31 C  err 0x00
>>> pos 30
id 30  pos  3531  spd     0  load    0  12.1 V  31 C  err 0x00
>>> pos 30
id 30  pos  3531  spd     0  load    0  12.0 V  31 C  err 0x00
>>> pos 30
id 30  pos  3531  spd     0  load    0  12.0 V  31 C  err 0x00
>>> pos 30
id 30  pos  3531  spd     0  load    0  12.1 V  31 C  err 0x00
>>> pos 30
id 30  pos  3531  spd     0  load    0  12.1 V  31 C  err 0x00
>>> pos 30
id 30  pos  3531  spd     0  load    0  12.1 V  31 C  err 0x00
>>> pos 30
id 30  pos  3531  spd     0  load    0  12.0 V  31 C  err 0x00
>>> pos 30
id 30  pos  3531  spd     0  load    0  12.0 V  31 C  err 0x00
>>> pos 30
id 30  pos  3531  spd     0  load    0  12.0 V  31 C  err 0x00
>>> pos 30
id 30  pos  3531  spd     0  load    0  12.0 V  31 C  err 0x00
>>> pos 30
id 30  pos  3531  spd     0  load    0  12.1 V  31 C  err 0x00
>>> pos 30
id 30  pos  3531  spd     0  load    0  12.1 V  31 C  err 0x00
>>> pos 30
id 30  pos  3531  spd     0  load    0  12.1 V  31 C  err 0x00
>>> pos 30
id 30  pos  3531  spd     0  load    0  12.0 V  31 C  err 0x00
>>> pos 30
id 30  pos  3531  spd     0  load    0  12.1 V  31 C  err 0x00
>>> pos 30
id 30  pos  3531  spd     0  load    0  12.0 V  31 C  err 0x00
>>> pos 30
id 30  pos  3531  spd     0  load    0  12.0 V  31 C  err 0x00
>>> pos 30
id 30  pos  3531  spd     0  load    0  12.1 V  31 C  err 0x00
>>> pos 30
id 30  pos  3531  spd     0  load    0  12.1 V  31 C  err 0x00
>>> pos 30
id 30  pos  3531  spd     0  load    0  12.0 V  31 C  err 0x00
>>> pos 30
id 30  pos  3531  spd     0  load    0  12.0 V  31 C  err 0x00
>>> pos 30
id 30  pos  3531  spd     0  load    0  12.1 V  31 C  err 0x00
>>> pos 30
id 30  pos  3531  spd     0  load    0  12.1 V  31 C  err 0x00
>>> pos 30
id 30  pos  3531  spd     0  load    0  12.0 V  31 C  err 0x00
>>> pos 30
id 30  pos  3531  spd     0  load    0  12.1 V  31 C  err 0x00
>>> pos 30
id 30  pos  3531  spd     0  load    0  12.0 V  31 C  err 0x00
>>> pos 30
id 30  pos  3531  spd     0  load    0  12.0 V  31 C  err 0x00
>>> pos 30
id 30  pos  3531  spd     0  load    0  12.1 V  31 C  err 0x00
>>> pos 30
id 30  pos  3531  spd     0  load    0  12.0 V  31 C  err 0x00
>>> pos 30
id 30  pos  3531  spd     0  load    0  12.1 V  31 C  err 0x00
>>> pos 30
id 30  pos  3531  spd     0  load    0  12.1 V  31 C  err 0x00
>>> pos 30
id 30  pos  3531  spd     0  load    0  12.0 V  31 C  err 0x00
>>> pos 30
id 30  pos  3531  spd     0  load    0  12.0 V  31 C  err 0x00
>>> pos 30
id 30  pos  3531  spd     0  load    0  12.1 V  31 C  err 0x00
>>> pos 30
id 30  pos  3531  spd     0  load    0  12.0 V  31 C  err 0x00
>>> pos 30
id 30  pos  3531  spd     0  load    0  12.1 V  31 C  err 0x00
>>> pos 30
id 30  pos  3531  spd     0  load    0  12.1 V  31 C  err 0x00
>>> pos 30
id 30  pos  3531  spd     0  load    0  12.1 V  31 C  err 0x00
>>> pos 30
id 30  pos  3531  spd     0  load    0  12.1 V  31 C  err 0x00
>>> pos 30
id 30  pos  3531  spd     0  load    0  12.1 V  31 C  err 0x00
>>> pos 30
id 30  pos  3531  spd     0  load    0  12.0 V  31 C  err 0x00
>>> pos 30
id 30  pos  3531  spd     0  load    0  12.0 V  31 C  err 0x00
>>> pos 30
id 30  pos  3531  spd     0  load    0  12.1 V  31 C  err 0x00
>>> pos 30
id 30  pos  3531  spd     0  load    0  12.0 V  31 C  err 0x00
>>> pos 30
id 30  pos  3531  spd     0  load    0  12.1 V  31 C  err 0x00
>>> pos 30
id 30  pos  3531  spd     0  load    0  12.0 V  31 C  err 0x00
>>> pos 30
id 30  pos  3531  spd     0  load    0  12.0 V  31 C  err 0x00
>>> pos 30
id 30  pos  3531  spd     0  load    0  12.0 V  31 C  err 0x00
>>> pos 30
id 30  pos  3531  spd     0  load    0  12.1 V  31 C  err 0x00
>>> pos 30
id 30  pos  3531  spd     0  load    0  12.1 V  31 C  err 0x00
>>> pos 30
id 30  pos  3531  spd     0  load    0  12.1 V  31 C  err 0x00
>>> pos 30
id 30  pos  3531  spd     0  load    0  12.0 V  31 C  err 0x00
>>> pos 30
id 30  pos  3531  spd     0  load    0  12.0 V  31 C  err 0x00
>>> pos 30
id 30  pos  3531  spd     0  load    0  12.1 V  31 C  err 0x00
>>> pos 30
id 30  pos  3531  spd     0  load    0  12.1 V  31 C  err 0x00
>>> pos 30
id 30  pos  3531  spd     0  load    0  12.1 V  31 C  err 0x00
>>> pos 30
id 30  pos  3531  spd     0  load    0  12.0 V  31 C  err 0x00
>>> pos 30
id 30  pos  3531  spd     0  load    0  12.1 V  31 C  err 0x00
>>> pos 30
id 30  pos  3531  spd     0  load    0  12.0 V  31 C  err 0x00
>>> pos 30
id 30  pos  3531  spd     0  load    0  12.0 V  31 C  err 0x00
>>> pos 30
id 30  pos  3531  spd     0  load    0  12.0 V  31 C  err 0x00
>>> pos 30
id 30  pos  3531  spd     0  load    0  12.1 V  31 C  err 0x00
>>> pos 30
id 30  pos  3531  spd     0  load    0  12.1 V  31 C  err 0x00
>>> pos 30
id 30  pos  3531  spd     0  load    0  12.1 V  31 C  err 0x00
>>> pos 30
id 30  pos  3531  spd     0  load    0  12.1 V  31 C  err 0x00
>>> pos 30
id 30  pos  3531  spd     0  load    0  12.0 V  31 C  err 0x00
>>> pos 30
id 30  pos  3531  spd     0  load    0  12.1 V  31 C  err 0x00
>>> pos 30
id 30  pos  3531  spd     0  load    0  12.1 V  31 C  err 0x00
>>> pos 30
id 30  pos  3531  spd     0  load    0  12.1 V  31 C  err 0x00
>>> pos 30
id 30  pos  3531  spd     0  load    0  12.0 V  31 C  err 0x00
>>> pos 30
id 30  pos  3531  spd     0  load    0  12.0 V  31 C  err 0x00
>>> pos 30
id 30  pos  3531  spd     0  load    0  12.1 V  31 C  err 0x00
>>> pos 30
id 30  pos  3531  spd     0  load    0  12.1 V  31 C  err 0x00
>>> pos 30
id 30  pos  3531  spd     0  load    0  12.0 V  31 C  err 0x00
>>> pos 30
id 30  pos  3531  spd     0  load    0  12.0 V  31 C  err 0x00
>>> pos 30
id 30  pos  3531  spd     0  load    0  12.1 V  31 C  err 0x00
>>> pos 30
id 30  pos  3531  spd     0  load    0  12.1 V  31 C  err 0x00
>>> pos 30
id 30  pos  3531  spd     0  load    0  12.0 V  31 C  err 0x00
>>> pos 30
id 30  pos  3531  spd     0  load    0  12.0 V  31 C  err 0x00
>>> pos 30
id 30  pos  3531  spd     0  load    0  12.0 V  31 C  err 0x00
>>> pos 30
id 30  pos  3531  spd     0  load    0  12.0 V  31 C  err 0x00
>>> pos 30
id 30  pos  3531  spd     0  load    0  12.1 V  31 C  err 0x00
>>> pos 30
id 30  pos  3531  spd     0  load    0  12.0 V  31 C  err 0x00
>>> pos 30
id 30  pos  3531  spd     0  load    0  12.0 V  31 C  err 0x00
>>> pos 30
id 30  pos  3531  spd     0  load    0  12.0 V  31 C  err 0x00
>>> pos 30
id 30  pos  3531  spd     0  load    0  12.1 V  31 C  err 0x00
>>> pos 30
id 30  pos  3531  spd     0  load    0  12.1 V  31 C  err 0x00
>>> pos 30
id 30  pos  3531  spd     0  load    0  12.0 V  31 C  err 0x00
>>> pos 30
id 30  pos  3531  spd     0  load    0  12.1 V  31 C  err 0x00
>>> pos 30
id 30  pos  3531  spd     0  load    0  12.0 V  31 C  err 0x00
>>> pos 30
id 30  pos  3531  spd     0  load    0  12.1 V  31 C  err 0x00
>>> pos 30
id 30  pos  3531  spd     0  load    0  12.0 V  31 C  err 0x00
>>> pos 30
id 30  pos  3531  spd     0  load    0  12.0 V  31 C  err 0x00
>>> pos 30
id 30  pos  3531  spd     0  load    0  12.1 V  31 C  err 0x00
>>> pos 30
id 30  pos  3531  spd     0  load    0  12.0 V  31 C  err 0x00
>>> pos 30
id 30  pos  3531  spd     0  load    0  12.0 V  31 C  err 0x00
>>> pos 30
id 30  pos  3531  spd     0  load    0  12.0 V  31 C  err 0x00
>>> pos 30
id 30  pos  3531  spd     0  load    0  12.0 V  31 C  err 0x00
>>> pos 30
id 30  pos  3531  spd     0  load    0  12.1 V  31 C  err 0x00
>>> pos 30
id 30  pos  3531  spd     0  load    0  12.0 V  31 C  err 0x00
>>> pos 30
id 30  pos  3531  spd     0  load    0  12.0 V  31 C  err 0x00
>>> pos 30
id 30  pos  3531  spd     0  load    0  12.1 V  31 C  err 0x00
  DOWN quiet: pos +0.00, range 0, moving 0/152, load 0..0, err 0
>>> move 30 3554 0 200 2
move id 30 -> 3554 ticks, 0 ms, spd 200, acc 2: ok
>>> pos 30
id 30  pos  3531  spd     0  load    0  12.1 V  31 C  err 0x00
>>> pos 30
id 30  pos  3531  spd     0  load  -84  12.1 V  31 C  err 0x00
>>> pos 30
id 30  pos  3535  spd   100  load    0  12.1 V  31 C  err 0x00
>>> pos 30
id 30  pos  3539  spd    50  load    0  12.1 V  31 C  err 0x00
>>> pos 30
id 30  pos  3537  spd  -100  load -116  12.0 V  31 C  err 0x00
>>> pos 30
id 30  pos  3545  spd   250  load   60  12.0 V  31 C  err 0x00
>>> pos 30
id 30  pos  3545  spd   150  load  -20  12.0 V  31 C  err 0x00
>>> pos 30
id 30  pos  3544  spd   -50  load  -84  12.0 V  31 C  err 0x00
>>> pos 30
id 30  pos  3549  spd   150  load   20  12.0 V  31 C  err 0x00
>>> pos 30
id 30  pos  3550  spd   100  load    0  12.0 V  31 C  err 0x00
>>> pos 30
id 30  pos  3550  spd     0  load  -48  12.1 V  31 C  err 0x00
>>> pos 30
id 30  pos  3551  spd     0  load  -84  12.1 V  32 C  err 0x00
>>> pos 30
id 30  pos  3556  spd   200  load   52  12.1 V  31 C  err 0x00
>>> pos 30
id 30  pos  3553  spd  -100  load  -20  12.1 V  31 C  err 0x00
>>> pos 30
id 30  pos  3553  spd     0  load    0  12.1 V  31 C  err 0x00
>>> pos 30
id 30  pos  3553  spd     0  load    0  12.1 V  31 C  err 0x00
>>> pos 30
id 30  pos  3553  spd     0  load    0  12.0 V  31 C  err 0x00
>>> pos 30
id 30  pos  3553  spd     0  load    0  12.1 V  31 C  err 0x00
>>> pos 30
id 30  pos  3553  spd     0  load    0  12.0 V  31 C  err 0x00
>>> pos 30
id 30  pos  3553  spd     0  load    0  12.0 V  31 C  err 0x00
>>> pos 30
id 30  pos  3553  spd     0  load    0  12.1 V  31 C  err 0x00
>>> pos 30
id 30  pos  3553  spd     0  load    0  12.1 V  31 C  err 0x00
>>> pos 30
id 30  pos  3553  spd     0  load    0  12.0 V  31 C  err 0x00
>>> pos 30
id 30  pos  3553  spd     0  load    0  12.1 V  31 C  err 0x00
>>> pos 30
id 30  pos  3553  spd     0  load    0  12.1 V  31 C  err 0x00
>>> pos 30
id 30  pos  3553  spd     0  load    0  12.1 V  31 C  err 0x00
>>> pos 30
id 30  pos  3553  spd     0  load    0  12.0 V  31 C  err 0x00
>>> pos 30
id 30  pos  3553  spd     0  load    0  12.0 V  31 C  err 0x00
>>> pos 30
id 30  pos  3553  spd     0  load    0  12.0 V  31 C  err 0x00
>>> pos 30
id 30  pos  3554  spd    50  load    0  12.1 V  31 C  err 0x00
>>> pos 30
id 30  pos  3554  spd     0  load    0  12.1 V  31 C  err 0x00
>>> pos 30
id 30  pos  3554  spd     0  load    0  12.1 V  31 C  err 0x00
>>> pos 30
id 30  pos  3554  spd     0  load    0  12.0 V  31 C  err 0x00
>>> pos 30
id 30  pos  3554  spd     0  load    0  12.0 V  31 C  err 0x00
>>> pos 30
id 30  pos  3554  spd     0  load    0  12.0 V  31 C  err 0x00
>>> pos 30
id 30  pos  3554  spd     0  load    0  12.0 V  31 C  err 0x00
>>> pos 30
id 30  pos  3554  spd     0  load    0  12.0 V  31 C  err 0x00
>>> pos 30
id 30  pos  3554  spd     0  load    0  12.1 V  31 C  err 0x00
>>> pos 30
id 30  pos  3554  spd     0  load    0  12.0 V  31 C  err 0x00
>>> pos 30
id 30  pos  3554  spd     0  load    0  12.1 V  31 C  err 0x00
>>> pos 30
id 30  pos  3554  spd     0  load    0  12.0 V  31 C  err 0x00
>>> pos 30
id 30  pos  3554  spd     0  load    0  12.1 V  31 C  err 0x00
>>> pos 30
id 30  pos  3554  spd     0  load    0  12.1 V  31 C  err 0x00
>>> pos 30
id 30  pos  3554  spd     0  load    0  12.0 V  31 C  err 0x00
>>> pos 30
id 30  pos  3554  spd     0  load    0  12.1 V  31 C  err 0x00
>>> pos 30
id 30  pos  3554  spd     0  load    0  12.1 V  31 C  err 0x00
>>> pos 30
id 30  pos  3554  spd     0  load    0  12.0 V  31 C  err 0x00
>>> pos 30
id 30  pos  3554  spd     0  load    0  12.1 V  31 C  err 0x00
>>> pos 30
id 30  pos  3554  spd     0  load    0  12.0 V  31 C  err 0x00
>>> pos 30
id 30  pos  3554  spd     0  load    0  12.1 V  31 C  err 0x00
>>> pos 30
id 30  pos  3554  spd     0  load    0  12.0 V  31 C  err 0x00
>>> pos 30
id 30  pos  3554  spd     0  load    0  12.1 V  31 C  err 0x00
>>> pos 30
id 30  pos  3554  spd     0  load    0  12.1 V  31 C  err 0x00
>>> pos 30
id 30  pos  3554  spd     0  load    0  12.1 V  31 C  err 0x00
>>> pos 30
id 30  pos  3554  spd     0  load    0  12.1 V  31 C  err 0x00
>>> pos 30
id 30  pos  3554  spd     0  load    0  12.1 V  31 C  err 0x00
>>> pos 30
id 30  pos  3554  spd     0  load    0  12.1 V  31 C  err 0x00
>>> pos 30
id 30  pos  3554  spd     0  load    0  12.0 V  31 C  err 0x00
>>> pos 30
id 30  pos  3554  spd     0  load    0  12.0 V  31 C  err 0x00
>>> pos 30
id 30  pos  3554  spd     0  load    0  12.1 V  31 C  err 0x00
>>> pos 30
id 30  pos  3554  spd     0  load    0  12.1 V  31 C  err 0x00
  DOWN step 3531->3554: overshoot 2, settle 0.4631, residual range 0, offset +0.0, moving in last 1 s 0, err 0
>>> move 30 3531 0 200 2
move id 30 -> 3531 ticks, 0 ms, spd 200, acc 2: ok
>>> pos 30
id 30  pos  3554  spd     0  load   52  12.0 V  31 C  err 0x00
>>> pos 30
id 30  pos  3552  spd   -50  load   52  12.1 V  31 C  err 0x00
>>> pos 30
id 30  pos  3549  spd   -50  load    0  12.0 V  31 C  err 0x00
>>> pos 30
id 30  pos  3549  spd     0  load  120  12.0 V  31 C  err 0x00
>>> pos 30
id 30  pos  3543  spd  -250  load  -24  12.1 V  31 C  err 0x00
>>> pos 30
id 30  pos  3542  spd     0  load    0  12.1 V  31 C  err 0x00
>>> pos 30
id 30  pos  3542  spd    50  load   88  12.0 V  31 C  err 0x00
>>> pos 30
id 30  pos  3535  spd  -200  load  -56  12.1 V  31 C  err 0x00
>>> pos 30
id 30  pos  3537  spd   100  load   52  12.1 V  31 C  err 0x00
>>> pos 30
id 30  pos  3536  spd    50  load   56  12.0 V  31 C  err 0x00
>>> pos 30
id 30  pos  3531  spd  -150  load  -20  12.0 V  31 C  err 0x00
>>> pos 30
id 30  pos  3532  spd     0  load    0  12.1 V  31 C  err 0x00
>>> pos 30
id 30  pos  3532  spd     0  load    0  12.0 V  31 C  err 0x00
>>> pos 30
id 30  pos  3532  spd     0  load    0  12.1 V  31 C  err 0x00
>>> pos 30
id 30  pos  3532  spd     0  load    0  12.1 V  31 C  err 0x00
>>> pos 30
id 30  pos  3532  spd     0  load    0  12.1 V  31 C  err 0x00
>>> pos 30
id 30  pos  3532  spd     0  load    0  12.1 V  31 C  err 0x00
>>> pos 30
id 30  pos  3532  spd     0  load    0  12.1 V  31 C  err 0x00
>>> pos 30
id 30  pos  3532  spd     0  load    0  12.0 V  31 C  err 0x00
>>> pos 30
id 30  pos  3532  spd     0  load    0  12.1 V  31 C  err 0x00
>>> pos 30
id 30  pos  3532  spd     0  load    0  12.1 V  31 C  err 0x00
>>> pos 30
id 30  pos  3532  spd     0  load    0  12.0 V  31 C  err 0x00
>>> pos 30
id 30  pos  3532  spd     0  load    0  12.0 V  31 C  err 0x00
>>> pos 30
id 30  pos  3532  spd     0  load    0  12.0 V  31 C  err 0x00
>>> pos 30
id 30  pos  3532  spd     0  load    0  12.0 V  31 C  err 0x00
>>> pos 30
id 30  pos  3532  spd     0  load    0  12.0 V  31 C  err 0x00
>>> pos 30
id 30  pos  3532  spd     0  load    0  12.0 V  31 C  err 0x00
>>> pos 30
id 30  pos  3532  spd     0  load    0  12.1 V  31 C  err 0x00
>>> pos 30
id 30  pos  3532  spd     0  load    0  12.0 V  31 C  err 0x00
>>> pos 30
id 30  pos  3532  spd     0  load    0  12.0 V  31 C  err 0x00
>>> pos 30
id 30  pos  3532  spd     0  load    0  12.1 V  31 C  err 0x00
>>> pos 30
id 30  pos  3532  spd     0  load    0  12.1 V  31 C  err 0x00
>>> pos 30
id 30  pos  3532  spd     0  load    0  12.1 V  31 C  err 0x00
>>> pos 30
id 30  pos  3532  spd     0  load    0  12.1 V  31 C  err 0x00
>>> pos 30
id 30  pos  3532  spd     0  load    0  12.1 V  31 C  err 0x00
>>> pos 30
id 30  pos  3532  spd     0  load    0  12.0 V  31 C  err 0x00
>>> pos 30
id 30  pos  3532  spd     0  load    0  12.1 V  31 C  err 0x00
>>> pos 30
id 30  pos  3532  spd     0  load    0  12.0 V  31 C  err 0x00
>>> pos 30
id 30  pos  3532  spd     0  load    0  12.0 V  31 C  err 0x00
>>> pos 30
id 30  pos  3532  spd     0  load    0  12.1 V  31 C  err 0x00
>>> pos 30
id 30  pos  3532  spd     0  load    0  12.0 V  31 C  err 0x00
>>> pos 30
id 30  pos  3532  spd     0  load    0  12.0 V  31 C  err 0x00
>>> pos 30
id 30  pos  3532  spd     0  load    0  12.1 V  31 C  err 0x00
>>> pos 30
id 30  pos  3532  spd     0  load    0  12.1 V  31 C  err 0x00
>>> pos 30
id 30  pos  3532  spd     0  load    0  12.1 V  31 C  err 0x00
>>> pos 30
id 30  pos  3532  spd     0  load    0  12.0 V  31 C  err 0x00
>>> pos 30
id 30  pos  3532  spd     0  load    0  12.1 V  31 C  err 0x00
>>> pos 30
id 30  pos  3532  spd     0  load    0  12.1 V  31 C  err 0x00
>>> pos 30
id 30  pos  3532  spd     0  load    0  12.1 V  31 C  err 0x00
>>> pos 30
id 30  pos  3532  spd     0  load    0  12.1 V  31 C  err 0x00
>>> pos 30
id 30  pos  3532  spd     0  load    0  12.0 V  31 C  err 0x00
>>> pos 30
id 30  pos  3532  spd     0  load    0  12.0 V  31 C  err 0x00
>>> pos 30
id 30  pos  3532  spd     0  load    0  12.1 V  31 C  err 0x00
>>> pos 30
id 30  pos  3532  spd     0  load    0  12.1 V  31 C  err 0x00
>>> pos 30
id 30  pos  3532  spd     0  load    0  12.1 V  31 C  err 0x00
>>> pos 30
id 30  pos  3532  spd     0  load    0  12.1 V  31 C  err 0x00
>>> pos 30
id 30  pos  3532  spd     0  load    0  12.1 V  31 C  err 0x00
>>> pos 30
id 30  pos  3532  spd     0  load    0  12.1 V  31 C  err 0x00
>>> pos 30
id 30  pos  3532  spd     0  load    0  12.1 V  31 C  err 0x00
>>> pos 30
id 30  pos  3532  spd     0  load    0  12.0 V  31 C  err 0x00
>>> pos 30
id 30  pos  3532  spd     0  load    0  12.1 V  31 C  err 0x00
  DOWN step 3554->3531: overshoot 1, settle 0.3642, residual range 0, offset +1.0, moving in last 1 s 0, err 0
>>> move 30 3508 0 200 2
move id 30 -> 3508 ticks, 0 ms, spd 200, acc 2: ok
>>> pos 30
id 30  pos  3532  spd     0  load   84  12.0 V  31 C  err 0x00
>>> pos 30
id 30  pos  3527  spd  -200  load  -24  12.0 V  31 C  err 0x00
>>> pos 30
id 30  pos  3526  spd   -50  load    0  12.0 V  31 C  err 0x00
>>> pos 30
id 30  pos  3526  spd     0  load  120  12.1 V  31 C  err 0x00
>>> pos 30
id 30  pos  3521  spd  -150  load  -24  12.1 V  31 C  err 0x00
>>> pos 30
id 30  pos  3520  spd   -50  load   52  12.0 V  31 C  err 0x00
>>> pos 30
id 30  pos  3517  spd   -50  load   24  12.0 V  31 C  err 0x00
>>> pos 30
id 30  pos  3515  spd     0  load    0  12.1 V  31 C  err 0x00
>>> pos 30
id 30  pos  3515  spd     0  load   84  12.1 V  31 C  err 0x00
>>> pos 30
id 30  pos  3512  spd  -100  load  -20  12.0 V  31 C  err 0x00
>>> pos 30
id 30  pos  3511  spd   -50  load   48  12.1 V  31 C  err 0x00
>>> pos 30
id 30  pos  3510  spd   -50  load   52  12.1 V  31 C  err 0x00
>>> pos 30
id 30  pos  3508  spd   -50  load  -20  12.1 V  31 C  err 0x00
>>> pos 30
id 30  pos  3509  spd     0  load    0  12.0 V  31 C  err 0x00
>>> pos 30
id 30  pos  3509  spd     0  load    0  12.0 V  31 C  err 0x00
>>> pos 30
id 30  pos  3509  spd     0  load    0  12.0 V  31 C  err 0x00
>>> pos 30
id 30  pos  3509  spd     0  load    0  12.0 V  31 C  err 0x00
>>> pos 30
id 30  pos  3509  spd     0  load    0  12.0 V  31 C  err 0x00
>>> pos 30
id 30  pos  3509  spd     0  load    0  12.1 V  31 C  err 0x00
>>> pos 30
id 30  pos  3509  spd     0  load    0  12.0 V  31 C  err 0x00
>>> pos 30
id 30  pos  3509  spd     0  load    0  12.0 V  31 C  err 0x00
>>> pos 30
id 30  pos  3509  spd     0  load    0  12.0 V  31 C  err 0x00
>>> pos 30
id 30  pos  3509  spd     0  load    0  12.1 V  31 C  err 0x00
>>> pos 30
id 30  pos  3509  spd     0  load    0  12.0 V  31 C  err 0x00
>>> pos 30
id 30  pos  3509  spd     0  load    0  12.0 V  31 C  err 0x00
>>> pos 30
id 30  pos  3509  spd     0  load    0  12.1 V  31 C  err 0x00
>>> pos 30
id 30  pos  3509  spd     0  load    0  12.0 V  31 C  err 0x00
>>> pos 30
id 30  pos  3509  spd     0  load    0  12.1 V  31 C  err 0x00
>>> pos 30
id 30  pos  3509  spd     0  load    0  12.1 V  31 C  err 0x00
>>> pos 30
id 30  pos  3509  spd     0  load    0  12.1 V  31 C  err 0x00
>>> pos 30
id 30  pos  3509  spd     0  load    0  12.0 V  31 C  err 0x00
>>> pos 30
id 30  pos  3509  spd     0  load    0  12.0 V  31 C  err 0x00
>>> pos 30
id 30  pos  3509  spd     0  load    0  12.0 V  31 C  err 0x00
>>> pos 30
id 30  pos  3509  spd     0  load    0  12.1 V  31 C  err 0x00
>>> pos 30
id 30  pos  3509  spd     0  load    0  12.0 V  31 C  err 0x00
>>> pos 30
id 30  pos  3509  spd     0  load    0  12.1 V  31 C  err 0x00
>>> pos 30
id 30  pos  3509  spd     0  load    0  12.0 V  31 C  err 0x00
>>> pos 30
id 30  pos  3509  spd     0  load    0  12.0 V  31 C  err 0x00
>>> pos 30
id 30  pos  3509  spd     0  load    0  12.0 V  31 C  err 0x00
>>> pos 30
id 30  pos  3509  spd     0  load    0  12.0 V  31 C  err 0x00
>>> pos 30
id 30  pos  3509  spd     0  load    0  12.0 V  31 C  err 0x00
>>> pos 30
id 30  pos  3509  spd     0  load    0  12.0 V  31 C  err 0x00
>>> pos 30
id 30  pos  3509  spd     0  load    0  12.1 V  31 C  err 0x00
>>> pos 30
id 30  pos  3509  spd     0  load    0  12.0 V  31 C  err 0x00
>>> pos 30
id 30  pos  3509  spd     0  load    0  12.0 V  31 C  err 0x00
>>> pos 30
id 30  pos  3509  spd     0  load    0  12.0 V  31 C  err 0x00
>>> pos 30
id 30  pos  3509  spd     0  load    0  12.1 V  31 C  err 0x00
>>> pos 30
id 30  pos  3509  spd     0  load    0  12.1 V  31 C  err 0x00
>>> pos 30
id 30  pos  3509  spd     0  load    0  12.1 V  31 C  err 0x00
>>> pos 30
id 30  pos  3509  spd     0  load    0  12.0 V  31 C  err 0x00
>>> pos 30
id 30  pos  3509  spd     0  load    0  12.0 V  31 C  err 0x00
>>> pos 30
id 30  pos  3509  spd     0  load    0  12.1 V  31 C  err 0x00
>>> pos 30
id 30  pos  3509  spd     0  load    0  12.0 V  31 C  err 0x00
>>> pos 30
id 30  pos  3509  spd     0  load    0  12.1 V  31 C  err 0x00
>>> pos 30
id 30  pos  3509  spd     0  load    0  12.0 V  31 C  err 0x00
>>> pos 30
id 30  pos  3509  spd     0  load    0  12.1 V  31 C  err 0x00
>>> pos 30
id 30  pos  3509  spd     0  load    0  12.1 V  31 C  err 0x00
>>> pos 30
id 30  pos  3509  spd     0  load    0  12.0 V  31 C  err 0x00
>>> pos 30
id 30  pos  3509  spd     0  load    0  12.0 V  31 C  err 0x00
>>> pos 30
id 30  pos  3509  spd     0  load    0  12.0 V  31 C  err 0x00
>>> pos 30
id 30  pos  3509  spd     0  load    0  12.0 V  31 C  err 0x00
  DOWN step 3531->3508: overshoot 1, settle 0.397, residual range 0, offset +1.0, moving in last 1 s 0, err 0
>>> move 30 3531 0 200 2
move id 30 -> 3531 ticks, 0 ms, spd 200, acc 2: ok
>>> pos 30
id 30  pos  3509  spd     0  load    0  12.1 V  31 C  err 0x00
>>> pos 30
id 30  pos  3509  spd     0  load  -52  12.0 V  31 C  err 0x00
>>> pos 30
id 30  pos  3510  spd     0  load  -84  12.1 V  31 C  err 0x00
>>> pos 30
id 30  pos  3517  spd   250  load   24  12.0 V  31 C  err 0x00
>>> pos 30
id 30  pos  3516  spd     0  load  -52  12.1 V  31 C  err 0x00
>>> pos 30
id 30  pos  3518  spd     0  load  -52  12.1 V  31 C  err 0x00
>>> pos 30
id 30  pos  3524  spd   200  load   52  12.0 V  31 C  err 0x00
>>> pos 30
id 30  pos  3523  spd     0  load    0  12.0 V  31 C  err 0x00
>>> pos 30
id 30  pos  3523  spd     0  load  -84  12.0 V  31 C  err 0x00
>>> pos 30
id 30  pos  3526  spd   150  load   20  12.0 V  31 C  err 0x00
>>> pos 30
id 30  pos  3530  spd   200  load    0  12.1 V  31 C  err 0x00
>>> pos 30
id 30  pos  3530  spd     0  load    0  12.0 V  31 C  err 0x00
>>> pos 30
id 30  pos  3530  spd     0  load    0  12.1 V  31 C  err 0x00
>>> pos 30
id 30  pos  3530  spd     0  load    0  12.0 V  31 C  err 0x00
>>> pos 30
id 30  pos  3530  spd     0  load    0  12.0 V  31 C  err 0x00
>>> pos 30
id 30  pos  3530  spd     0  load    0  12.0 V  31 C  err 0x00
>>> pos 30
id 30  pos  3530  spd     0  load    0  12.0 V  31 C  err 0x00
>>> pos 30
id 30  pos  3530  spd     0  load    0  12.0 V  31 C  err 0x00
>>> pos 30
id 30  pos  3530  spd     0  load    0  12.0 V  31 C  err 0x00
>>> pos 30
id 30  pos  3530  spd     0  load    0  12.0 V  31 C  err 0x00
>>> pos 30
id 30  pos  3530  spd     0  load    0  12.1 V  31 C  err 0x00
>>> pos 30
id 30  pos  3530  spd     0  load    0  12.1 V  31 C  err 0x00
>>> pos 30
id 30  pos  3530  spd     0  load    0  12.1 V  31 C  err 0x00
>>> pos 30
id 30  pos  3530  spd     0  load    0  12.1 V  31 C  err 0x00
>>> pos 30
id 30  pos  3530  spd     0  load    0  12.1 V  31 C  err 0x00
>>> pos 30
id 30  pos  3530  spd     0  load    0  12.1 V  31 C  err 0x00
>>> pos 30
id 30  pos  3530  spd     0  load    0  12.0 V  31 C  err 0x00
>>> pos 30
id 30  pos  3530  spd     0  load    0  12.1 V  31 C  err 0x00
>>> pos 30
id 30  pos  3530  spd     0  load    0  12.0 V  31 C  err 0x00
>>> pos 30
id 30  pos  3530  spd     0  load    0  12.1 V  31 C  err 0x00
>>> pos 30
id 30  pos  3530  spd     0  load    0  12.1 V  31 C  err 0x00
>>> pos 30
id 30  pos  3530  spd     0  load    0  12.0 V  31 C  err 0x00
>>> pos 30
id 30  pos  3530  spd     0  load    0  12.0 V  31 C  err 0x00
>>> pos 30
id 30  pos  3530  spd     0  load    0  12.0 V  31 C  err 0x00
>>> pos 30
id 30  pos  3530  spd     0  load    0  12.1 V  31 C  err 0x00
>>> pos 30
id 30  pos  3530  spd     0  load    0  12.0 V  31 C  err 0x00
>>> pos 30
id 30  pos  3530  spd     0  load    0  12.1 V  31 C  err 0x00
>>> pos 30
id 30  pos  3530  spd     0  load    0  12.1 V  31 C  err 0x00
>>> pos 30
id 30  pos  3530  spd     0  load    0  12.1 V  31 C  err 0x00
>>> pos 30
id 30  pos  3530  spd     0  load    0  12.1 V  31 C  err 0x00
>>> pos 30
id 30  pos  3530  spd     0  load    0  12.1 V  31 C  err 0x00
>>> pos 30
id 30  pos  3530  spd     0  load    0  12.1 V  31 C  err 0x00
>>> pos 30
id 30  pos  3530  spd     0  load    0  12.0 V  31 C  err 0x00
>>> pos 30
id 30  pos  3530  spd     0  load    0  12.0 V  31 C  err 0x00
>>> pos 30
id 30  pos  3530  spd     0  load    0  12.0 V  31 C  err 0x00
>>> pos 30
id 30  pos  3530  spd     0  load    0  12.0 V  31 C  err 0x00
>>> pos 30
id 30  pos  3530  spd     0  load    0  12.0 V  31 C  err 0x00
>>> pos 30
id 30  pos  3530  spd     0  load    0  12.1 V  31 C  err 0x00
>>> pos 30
id 30  pos  3530  spd     0  load    0  12.1 V  31 C  err 0x00
>>> pos 30
id 30  pos  3530  spd     0  load    0  12.0 V  31 C  err 0x00
>>> pos 30
id 30  pos  3530  spd     0  load    0  12.0 V  30 C  err 0x00
>>> pos 30
id 30  pos  3530  spd     0  load    0  12.0 V  31 C  err 0x00
>>> pos 30
id 30  pos  3530  spd     0  load    0  12.0 V  31 C  err 0x00
>>> pos 30
id 30  pos  3530  spd     0  load    0  12.1 V  31 C  err 0x00
>>> pos 30
id 30  pos  3530  spd     0  load    0  12.1 V  31 C  err 0x00
>>> pos 30
id 30  pos  3530  spd     0  load    0  12.0 V  31 C  err 0x00
>>> pos 30
id 30  pos  3530  spd     0  load    0  12.0 V  31 C  err 0x00
>>> pos 30
id 30  pos  3530  spd     0  load    0  12.1 V  31 C  err 0x00
>>> pos 30
id 30  pos  3530  spd     0  load    0  12.0 V  31 C  err 0x00
>>> pos 30
id 30  pos  3530  spd     0  load    0  12.0 V  31 C  err 0x00
>>> pos 30
id 30  pos  3530  spd     0  load    0  12.0 V  31 C  err 0x00
  DOWN step 3508->3531: overshoot 0, settle 0.3642, residual range 0, offset -1.0, moving in last 1 s 0, err 0
>>> pos 30
id 30  pos  3530  spd     0  load    0  12.1 V  31 C  err 0x00
>>> move 30 2507 0 100 2
move id 30 -> 2507 ticks, 0 ms, spd 100, acc 2: ok
>>> pos 30
id 30  pos  3530  spd     0  load    0  12.0 V  31 C  err 0x00
>>> pos 30
id 30  pos  3530  spd     0  load   84  12.1 V  31 C  err 0x00
>>> pos 30
id 30  pos  3526  spd   -50  load  -28  12.1 V  31 C  err 0x00
>>> pos 30
id 30  pos  3523  spd  -100  load    0  12.0 V  31 C  err 0x00
>>> pos 30
id 30  pos  3524  spd     0  load  116  12.1 V  31 C  err 0x00
>>> pos 30
id 30  pos  3517  spd  -200  load  -20  12.0 V  31 C  err 0x00
>>> pos 30
id 30  pos  3518  spd     0  load  116  12.1 V  31 C  err 0x00
>>> pos 30
id 30  pos  3511  spd  -300  load  -24  12.0 V  31 C  err 0x00
>>> pos 30
id 30  pos  3509  spd  -150  load   52  12.1 V  31 C  err 0x00
>>> pos 30
id 30  pos  3507  spd     0  load   96  12.1 V  31 C  err 0x00
>>> pos 30
id 30  pos  3500  spd   -50  load    0  12.0 V  31 C  err 0x00
>>> pos 30
id 30  pos  3501  spd   150  load  116  12.0 V  31 C  err 0x00
>>> pos 30
id 30  pos  3492  spd  -350  load  -64  12.1 V  31 C  err 0x00
>>> pos 30
id 30  pos  3496  spd   100  load  160  12.0 V  31 C  err 0x00
>>> pos 30
id 30  pos  3485  spd  -300  load  -64  12.0 V  31 C  err 0x00
>>> pos 30
id 30  pos  3488  spd   100  load  116  12.0 V  31 C  err 0x00
>>> pos 30
id 30  pos  3480  spd  -350  load  -28  12.1 V  31 C  err 0x00
>>> pos 30
id 30  pos  3481  spd  -100  load   76  12.1 V  31 C  err 0x00
>>> pos 30
id 30  pos  3474  spd  -250  load   20  12.0 V  31 C  err 0x00
>>> pos 30
id 30  pos  3473  spd   150  load   52  12.0 V  31 C  err 0x00
>>> pos 30
id 30  pos  3469  spd   100  load   36  12.1 V  31 C  err 0x00
>>> pos 30
id 30  pos  3464  spd  -150  load  -28  12.0 V  31 C  err 0x00
>>> pos 30
id 30  pos  3465  spd   350  load  120  12.1 V  31 C  err 0x00
>>> pos 30
id 30  pos  3455  spd  -500  load -116  12.0 V  31 C  err 0x00
>>> pos 30
id 30  pos  3460  spd   100  load  204  12.0 V  31 C  err 0x00
>>> pos 30
id 30  pos  3447  spd  -700  load -124  12.1 V  31 C  err 0x00
>>> pos 30
id 30  pos  3453  spd   450  load  180  12.0 V  31 C  err 0x00
>>> pos 30
id 30  pos  3440  spd  -400  load -148  12.1 V  31 C  err 0x00
>>> pos 30
id 30  pos  3448  spd   600  load  228  12.0 V  31 C  err 0x00
>>> pos 30
id 30  pos  3433  spd  -800  load -204  12.0 V  31 C  err 0x00
>>> pos 30
id 30  pos  3442  spd   150  load  292  12.0 V  31 C  err 0x00
>>> pos 30
id 30  pos  3427  spd -1100  load -120  12.1 V  39 C  err 0x00
>>> pos 30
id 30  pos  3435  spd   650  load  276  12.0 V  31 C  err 0x00
>>> pos 30
id 30  pos  3420  spd  -150  load -184  12.0 V  31 C  err 0x00
>>> pos 30
id 30  pos  3426  spd   900  load  140  12.1 V  31 C  err 0x00
>>> pos 30
id 30  pos  3415  spd  -700  load -148  12.1 V  31 C  err 0x00
>>> pos 30
id 30  pos  3419  spd  -200  load  152  12.0 V  31 C  err 0x00
>>> pos 30
id 30  pos  3409  spd -1000  load  -32  12.1 V  31 C  err 0x00
>>> pos 30
id 30  pos  3412  spd   400  load  176  12.0 V  31 C  err 0x00
>>> pos 30
id 30  pos  3402  spd   150  load -108  12.0 V  31 C  err 0x00
>>> pos 30
id 30  pos  3406  spd   700  load  124  12.0 V  31 C  err 0x00
>>> pos 30
id 30  pos  3397  spd  -450  load  -68  12.0 V  31 C  err 0x00
>>> pos 30
id 30  pos  3398  spd  -400  load   96  12.1 V  31 C  err 0x00
>>> pos 30
id 30  pos  3390  spd  -850  load   48  12.1 V  31 C  err 0x00
>>> pos 30
id 30  pos  3391  spd   150  load  132  12.0 V  31 C  err 0x00
>>> pos 30
id 30  pos  3384  spd   300  load  -28  12.1 V  31 C  err 0x00
>>> pos 30
id 30  pos  3386  spd   650  load  116  12.0 V  31 C  err 0x00
>>> pos 30
id 30  pos  3377  spd  -250  load  -64  12.0 V  31 C  err 0x00
>>> pos 30
id 30  pos  3378  spd  -550  load   84  12.1 V  31 C  err 0x00
>>> pos 30
id 30  pos  3371  spd  -750  load   48  12.1 V  31 C  err 0x00
>>> pos 30
id 30  pos  3371  spd   -50  load  132  12.1 V  31 C  err 0x00
>>> pos 30
id 30  pos  3364  spd   350  load    0  12.1 V  31 C  err 0x00
>>> pos 30
id 30  pos  3365  spd   600  load  144  12.0 V  31 C  err 0x00
>>> pos 30
id 30  pos  3356  spd  -150  load  -88  12.0 V  31 C  err 0x00
>>> pos 30
id 30  pos  3359  spd   850  load  116  12.1 V  31 C  err 0x00
>>> pos 30
id 30  pos  3349  spd  -750  load -148  12.1 V  31 C  err 0x00
>>> pos 30
id 30  pos  3354  spd   -50  load  228  12.0 V  31 C  err 0x00
>>> pos 30
id 30  pos  3342  spd -1150  load  -80  12.1 V  31 C  err 0x00
>>> pos 30
id 30  pos  3347  spd   700  load  212  12.0 V  31 C  err 0x00
>>> pos 30
id 30  pos  3335  spd  -250  load -128  12.1 V  31 C  err 0x00
>>> pos 30
id 30  pos  3342  spd   950  load  216  12.0 V  31 C  err 0x00
>>> pos 30
id 30  pos  3327  spd  -850  load -220  12.0 V  31 C  err 0x00
>>> pos 30
id 30  pos  3336  spd    50  load  296  12.0 V  31 C  err 0x00
>>> pos 30
id 30  pos  3319  spd -1200  load -188  12.0 V  31 C  err 0x00
>>> pos 30
id 30  pos  3331  spd   750  load  348  11.9 V  31 C  err 0x00
>>> pos 30
id 30  pos  3312  spd  -450  load -232  12.0 V  31 C  err 0x00
>>> pos 30
id 30  pos  3325  spd   950  load  324  12.0 V  31 C  err 0x00
>>> pos 30
id 30  pos  3305  spd  -900  load -280  12.0 V  31 C  err 0x00
>>> pos 30
id 30  pos  3319  spd   250  load  360  11.9 V  31 C  err 0x00
>>> pos 30
id 30  pos  3298  spd -1050  load -236  12.0 V  31 C  err 0x00
>>> pos 30
id 30  pos  3312  spd   700  load  372  11.9 V  31 C  err 0x00
>>> pos 30
id 30  pos  3291  spd  -600  load -296  11.9 V  31 C  err 0x00
>>> pos 30
id 30  pos  3306  spd   850  load  368  11.9 V  31 C  err 0x00
>>> pos 30
id 30  pos  3284  spd -1000  load -308  11.9 V  31 C  err 0x00
>>> pos 30
id 30  pos  3300  spd   450  load  396  11.8 V  31 C  err 0x00
>>> pos 30
id 30  pos  3277  spd -1000  load -272  11.9 V  31 C  err 0x00
>>> pos 30
id 30  pos  3294  spd   750  load  432  11.9 V  31 C  err 0x00
>>> pos 30
id 30  pos  3270  spd  -650  load -336  11.8 V  31 C  err 0x00
>>> pos 30
id 30  pos  3288  spd   800  load  444  11.9 V  31 C  err 0x00
>>> pos 30
id 30  pos  3262  spd -1100  load -368  11.9 V  31 C  err 0x00
>>> pos 30
id 30  pos  3282  spd   650  load  468  11.8 V  31 C  err 0x00
>>> pos 30
id 30  pos  3256  spd  -900  load -316  11.9 V  31 C  err 0x00
>>> pos 30
id 30  pos  3275  spd   800  load  460  11.8 V  31 C  err 0x00
>>> pos 30
id 30  pos  3249  spd  -850  load -376  11.8 V  31 C  err 0x00
>>> pos 30
id 30  pos  3269  spd   700  load  428  11.8 V  31 C  err 0x00
>>> pos 30
id 30  pos  3242  spd -1150  load -356  11.8 V  31 C  err 0x00
>>> pos 30
id 30  pos  3262  spd   200  load  472  11.8 V  31 C  err 0x00
>>> pos 30
id 30  pos  3235  spd  -750  load -352  11.8 V  31 C  err 0x00
>>> pos 30
id 30  pos  3255  spd   900  load  440  11.8 V  31 C  err 0x00
>>> pos 30
id 30  pos  3228  spd  -100  load -408  11.8 V  31 C  err 0x00
>>> pos 30
id 30  pos  3248  spd   350  load  364  11.8 V  31 C  err 0x00
>>> pos 30
id 30  pos  3223  spd  -950  load -304  11.8 V  31 C  err 0x00
>>> pos 30
id 30  pos  3240  spd  -400  load  396  11.8 V  31 C  err 0x00
>>> pos 30
id 30  pos  3220  spd  -350  load -156  12.0 V  31 C  err 0x00
>>> pos 30
id 30  pos  3231  spd   500  load  292  11.9 V  31 C  err 0x00
>>> pos 30
id 30  pos  3217  spd   400  load  -92  12.0 V  31 C  err 0x00
>>> pos 30
id 30  pos  3222  spd     0  load  144  12.1 V  31 C  err 0x00
>>> pos 30
id 30  pos  3212  spd  -550  load  -20  12.1 V  31 C  err 0x00
>>> pos 30
id 30  pos  3213  spd  -700  load  140  11.9 V  31 C  err 0x00
>>> pos 30
id 30  pos  3208  spd     0  load   96  12.1 V  31 C  err 0x00
>>> pos 30
id 30  pos  3203  spd   200  load  -32  12.1 V  31 C  err 0x00
>>> pos 30
id 30  pos  3203  spd   650  load   92  12.0 V  31 C  err 0x00
>>> pos 30
id 30  pos  3194  spd  -550  load -100  12.1 V  31 C  err 0x00
>>> pos 30
id 30  pos  3199  spd  -200  load  208  12.1 V  31 C  err 0x00
>>> pos 30
id 30  pos  3185  spd  -950  load -112  12.1 V  31 C  err 0x00
>>> pos 30
id 30  pos  3194  spd   500  load  300  12.0 V  31 C  err 0x00
>>> pos 30
id 30  pos  3177  spd  -350  load -216  12.0 V  31 C  err 0x00
>>> pos 30
id 30  pos  3190  spd   800  load  352  11.9 V  31 C  err 0x00
>>> pos 30
id 30  pos  3169  spd  -850  load -272  11.9 V  31 C  err 0x00
>>> pos 30
id 30  pos  3184  spd   300  load  388  11.9 V  31 C  err 0x00
>>> pos 30
id 30  pos  3161  spd  -900  load -272  11.9 V  31 C  err 0x00
>>> pos 30
id 30  pos  3178  spd   700  load  428  11.8 V  31 C  err 0x00
>>> pos 30
id 30  pos  3154  spd  -750  load -332  11.9 V  31 C  err 0x00
>>> pos 30
id 30  pos  3172  spd   700  load  448  11.9 V  31 C  err 0x00
>>> pos 30
id 30  pos  3147  spd -1050  load -320  11.9 V  31 C  err 0x00
>>> pos 30
id 30  pos  3165  spd   700  load  432  11.8 V  31 C  err 0x00
>>> pos 30
id 30  pos  3140  spd  -600  load -316  11.8 V  31 C  err 0x00
>>> pos 30
id 30  pos  3158  spd   800  load  400  11.8 V  31 C  err 0x00
>>> pos 30
id 30  pos  3134  spd   -50  load -324  11.8 V  31 C  err 0x00
>>> pos 30
id 30  pos  3150  spd   200  load  284  11.9 V  31 C  err 0x00
>>> pos 30
id 30  pos  3130  spd  -750  load -196  11.8 V  31 C  err 0x00
>>> pos 30
id 30  pos  3142  spd  -550  load  312  11.8 V  31 C  err 0x00
>>> pos 30
id 30  pos  3128  spd  -150  load   24  12.0 V  31 C  err 0x00
>>> pos 30
id 30  pos  3130  spd   250  load  100  12.0 V  31 C  err 0x00
>>> pos 30
id 30  pos  3126  spd   600  load   60  12.1 V  31 C  err 0x00
>>> pos 30
id 30  pos  3119  spd  -450  load  -60  12.0 V  31 C  err 0x00
>>> pos 30
id 30  pos  3122  spd  -150  load  208  12.0 V  31 C  err 0x00
>>> pos 30
id 30  pos  3111  spd  -900  load  -52  12.0 V  31 C  err 0x00
>>> pos 30
id 30  pos  3116  spd   500  load  232  12.1 V  31 C  err 0x00
>>> pos 30
id 30  pos  3102  spd  -400  load -152  12.0 V  31 C  err 0x00
>>> pos 30
id 30  pos  3112  spd   750  load  292  11.9 V  31 C  err 0x00
>>> pos 30
id 30  pos  3094  spd  -800  load -228  12.0 V  31 C  err 0x00
>>> pos 30
id 30  pos  3107  spd   400  load  348  11.9 V  31 C  err 0x00
>>> pos 30
id 30  pos  3087  spd  -700  load -208  11.9 V  31 C  err 0x00
>>> pos 30
id 30  pos  3100  spd   650  load  348  11.9 V  31 C  err 0x00
>>> pos 30
id 30  pos  3080  spd  -700  load -256  11.9 V  31 C  err 0x00
>>> pos 30
id 30  pos  3094  spd   400  load  380  11.8 V  31 C  err 0x00
>>> pos 30
id 30  pos  3073  spd  -750  load -244  11.9 V  31 C  err 0x00
>>> pos 30
id 30  pos  3087  spd   600  load  356  11.9 V  31 C  err 0x00
>>> pos 30
id 30  pos  3067  spd  -450  load -224  11.9 V  31 C  err 0x00
>>> pos 30
id 30  pos  3080  spd   600  load  324  11.9 V  31 C  err 0x00
>>> pos 30
id 30  pos  3060  spd  -850  load -248  11.9 V  31 C  err 0x00
>>> pos 30
id 30  pos  3073  spd    50  load  360  11.9 V  31 C  err 0x00
>>> pos 30
id 30  pos  3056  spd  -450  load -124  12.0 V  31 C  err 0x00
>>> pos 30
id 30  pos  3065  spd   650  load  268  11.9 V  31 C  err 0x00
>>> pos 30
id 30  pos  3053  spd   -50  load  -56  12.1 V  31 C  err 0x00
>>> pos 30
id 30  pos  3055  spd   100  load  128  12.0 V  31 C  err 0x00
>>> pos 30
id 30  pos  3048  spd  -550  load  -28  12.0 V  31 C  err 0x00
>>> pos 30
id 30  pos  3045  spd  -450  load  -56  12.0 V  31 C  err 0x00
>>> pos 30
id 30  pos  3045  spd  -150  load  176  12.0 V  31 C  err 0x00
>>> pos 30
id 30  pos  3036  spd   150  load  -32  12.0 V  31 C  err 0x00
>>> pos 30
id 30  pos  3039  spd   450  load  196  12.0 V  31 C  err 0x00
>>> pos 30
id 30  pos  3028  spd  -450  load  -88  12.1 V  31 C  err 0x00
>>> pos 30
id 30  pos  3034  spd   650  load  228  12.0 V  31 C  err 0x00
>>> pos 30
id 30  pos  3019  spd  -750  load -184  12.0 V  31 C  err 0x00
>>> pos 30
id 30  pos  3029  spd   300  load  312  11.9 V  31 C  err 0x00
>>> pos 30
id 30  pos  3012  spd  -550  load -176  12.0 V  31 C  err 0x00
>>> pos 30
id 30  pos  3023  spd   550  load  308  11.8 V  31 C  err 0x00
>>> pos 30
id 30  pos  3005  spd  -700  load -180  12.0 V  31 C  err 0x00
>>> pos 30
id 30  pos  3016  spd   300  load  308  11.9 V  31 C  err 0x00
>>> pos 30
id 30  pos  2999  spd  -550  load -164  12.0 V  31 C  err 0x00
>>> pos 30
id 30  pos  3008  spd   450  load  268  11.9 V  31 C  err 0x00
>>> pos 30
id 30  pos  2994  spd  -150  load -108  12.0 V  31 C  err 0x00
>>> pos 30
id 30  pos  3001  spd   200  load  204  12.0 V  31 C  err 0x00
>>> pos 30
id 30  pos  2990  spd  -500  load  -32  12.1 V  31 C  err 0x00
>>> pos 30
id 30  pos  2993  spd  -250  load  200  11.9 V  31 C  err 0x00
>>> pos 30
id 30  pos  2984  spd  -250  load   24  12.0 V  31 C  err 0x00
>>> pos 30
id 30  pos  2985  spd   250  load  112  12.1 V  31 C  err 0x00
>>> pos 30
id 30  pos  2979  spd   150  load   28  12.0 V  31 C  err 0x00
>>> pos 30
id 30  pos  2977  spd  -250  load   64  12.1 V  31 C  err 0x00
>>> pos 30
id 30  pos  2974  spd  -200  load   88  12.0 V  31 C  err 0x00
>>> pos 30
id 30  pos  2968  spd  -450  load    0  12.1 V  31 C  err 0x00
>>> pos 30
id 30  pos  2969  spd   100  load  164  12.0 V  31 C  err 0x00
>>> pos 30
id 30  pos  2962  spd  -200  load  -28  12.0 V  31 C  err 0x00
>>> pos 30
id 30  pos  2962  spd   100  load  148  12.0 V  31 C  err 0x00
>>> pos 30
id 30  pos  2956  spd  -150  load   36  12.0 V  31 C  err 0x00
>>> pos 30
id 30  pos  2955  spd   -50  load  120  12.0 V  31 C  err 0x00
>>> pos 30
id 30  pos  2950  spd  -200  load   76  12.1 V  31 C  err 0x00
>>> pos 30
id 30  pos  2948  spd     0  load  116  12.0 V  31 C  err 0x00
>>> pos 30
id 30  pos  2943  spd  -200  load   40  12.0 V  31 C  err 0x00
>>> pos 30
id 30  pos  2942  spd   -50  load  112  12.0 V  31 C  err 0x00
>>> pos 30
id 30  pos  2936  spd  -200  load   40  12.1 V  31 C  err 0x00
>>> pos 30
id 30  pos  2935  spd     0  load  120  12.1 V  31 C  err 0x00
>>> pos 30
id 30  pos  2930  spd  -150  load   48  12.1 V  31 C  err 0x00
>>> pos 30
id 30  pos  2928  spd   -50  load  112  12.0 V  31 C  err 0x00
>>> pos 30
id 30  pos  2924  spd   -50  load   80  12.0 V  31 C  err 0x00
>>> pos 30
id 30  pos  2921  spd  -100  load   76  12.0 V  31 C  err 0x00
>>> pos 30
id 30  pos  2918  spd  -100  load  112  12.1 V  31 C  err 0x00
>>> pos 30
id 30  pos  2914  spd  -150  load   76  12.0 V  31 C  err 0x00
>>> pos 30
id 30  pos  2912  spd   -50  load  116  12.1 V  31 C  err 0x00
>>> pos 30
id 30  pos  2907  spd  -150  load   72  12.0 V  31 C  err 0x00
>>> pos 30
id 30  pos  2905  spd   -50  load  116  12.1 V  31 C  err 0x00
>>> pos 30
id 30  pos  2900  spd  -150  load   48  12.1 V  31 C  err 0x00
>>> pos 30
id 30  pos  2899  spd     0  load  148  12.0 V  31 C  err 0x00
>>> pos 30
id 30  pos  2894  spd  -100  load   76  12.0 V  31 C  err 0x00
>>> pos 30
id 30  pos  2891  spd   -50  load   80  12.0 V  31 C  err 0x00
>>> pos 30
id 30  pos  2887  spd  -150  load   80  12.0 V  31 C  err 0x00
>>> pos 30
id 30  pos  2885  spd  -150  load  116  12.0 V  31 C  err 0x00
>>> pos 30
id 30  pos  2881  spd  -100  load   80  12.0 V  31 C  err 0x00
>>> pos 30
id 30  pos  2878  spd   -50  load   80  12.0 V  31 C  err 0x00
>>> pos 30
id 30  pos  2874  spd   -50  load   80  12.1 V  31 C  err 0x00
>>> pos 30
id 30  pos  2871  spd  -150  load   76  12.1 V  31 C  err 0x00
>>> pos 30
id 30  pos  2868  spd  -150  load   80  12.1 V  32 C  err 0x00
>>> pos 30
id 30  pos  2865  spd  -100  load  116  12.0 V  31 C  err 0x00
>>> pos 30
id 30  pos  2861  spd  -100  load   80  12.1 V  31 C  err 0x00
>>> pos 30
id 30  pos  2858  spd  -100  load   84  12.0 V  31 C  err 0x00
>>> pos 30
id 30  pos  2854  spd  -100  load   76  12.0 V  31 C  err 0x00
>>> pos 30
id 30  pos  2851  spd  -100  load   84  12.0 V  31 C  err 0x00
>>> pos 30
id 30  pos  2848  spd  -100  load   84  12.0 V  31 C  err 0x00
>>> pos 30
id 30  pos  2845  spd  -100  load  112  12.1 V  31 C  err 0x00
>>> pos 30
id 30  pos  2841  spd  -100  load   76  12.1 V  31 C  err 0x00
>>> pos 30
id 30  pos  2838  spd  -100  load   80  12.0 V  31 C  err 0x00
>>> pos 30
id 30  pos  2834  spd  -100  load   80  12.1 V  31 C  err 0x00
>>> pos 30
id 30  pos  2832  spd   -50  load  116  12.0 V  31 C  err 0x00
>>> pos 30
id 30  pos  2827  spd  -150  load   44  12.0 V  31 C  err 0x00
>>> pos 30
id 30  pos  2826  spd     0  load  116  12.1 V  31 C  err 0x00
>>> pos 30
id 30  pos  2821  spd  -200  load   76  12.1 V  31 C  err 0x00
>>> pos 30
id 30  pos  2819  spd   -50  load  120  12.0 V  31 C  err 0x00
>>> pos 30
id 30  pos  2814  spd  -150  load   44  12.1 V  31 C  err 0x00
>>> pos 30
id 30  pos  2813  spd     0  load  148  12.0 V  31 C  err 0x00
>>> pos 30
id 30  pos  2807  spd  -150  load   40  12.1 V  31 C  err 0x00
>>> pos 30
id 30  pos  2806  spd   -50  load  112  12.0 V  31 C  err 0x00
>>> pos 30
id 30  pos  2801  spd  -200  load   76  12.1 V  31 C  err 0x00
>>> pos 30
id 30  pos  2799  spd  -150  load  120  12.1 V  31 C  err 0x00
>>> pos 30
id 30  pos  2795  spd  -100  load   84  12.1 V  31 C  err 0x00
>>> pos 30
id 30  pos  2792  spd   -50  load  112  12.0 V  31 C  err 0x00
>>> pos 30
id 30  pos  2789  spd     0  load  112  12.1 V  31 C  err 0x00
>>> pos 30
id 30  pos  2784  spd  -150  load   36  12.1 V  31 C  err 0x00
>>> pos 30
id 30  pos  2783  spd     0  load  152  12.0 V  31 C  err 0x00
>>> pos 30
id 30  pos  2777  spd  -200  load   40  12.1 V  31 C  err 0x00
>>> pos 30
id 30  pos  2776  spd     0  load  120  12.1 V  31 C  err 0x00
>>> pos 30
id 30  pos  2771  spd  -200  load   40  12.0 V  31 C  err 0x00
>>> pos 30
id 30  pos  2769  spd   -50  load  116  12.1 V  32 C  err 0x00
>>> pos 30
id 30  pos  2764  spd  -150  load   48  12.1 V  31 C  err 0x00
>>> pos 30
id 30  pos  2763  spd     0  load  116  12.1 V  31 C  err 0x00
>>> pos 30
id 30  pos  2758  spd  -100  load   72  12.0 V  31 C  err 0x00
>>> pos 30
id 30  pos  2756  spd   -50  load  112  12.0 V  31 C  err 0x00
>>> pos 30
id 30  pos  2751  spd  -150  load   44  12.1 V  31 C  err 0x00
>>> pos 30
id 30  pos  2749  spd  -100  load  116  12.0 V  31 C  err 0x00
>>> pos 30
id 30  pos  2745  spd  -150  load   80  12.0 V  31 C  err 0x00
>>> pos 30
id 30  pos  2742  spd  -100  load   84  12.0 V  31 C  err 0x00
>>> pos 30
id 30  pos  2739  spd  -100  load  112  12.0 V  31 C  err 0x00
>>> pos 30
id 30  pos  2736  spd  -100  load  112  12.1 V  31 C  err 0x00
>>> pos 30
id 30  pos  2732  spd   -50  load   80  12.1 V  31 C  err 0x00
>>> pos 30
id 30  pos  2729  spd  -150  load  112  12.1 V  31 C  err 0x00
>>> pos 30
id 30  pos  2726  spd   -50  load  112  12.0 V  31 C  err 0x00
>>> pos 30
id 30  pos  2722  spd  -100  load   80  12.1 V  31 C  err 0x00
>>> pos 30
id 30  pos  2719  spd   -50  load   80  12.0 V  31 C  err 0x00
>>> pos 30
id 30  pos  2715  spd  -100  load   76  12.0 V  31 C  err 0x00
>>> pos 30
id 30  pos  2713  spd   -50  load  112  12.0 V  31 C  err 0x00
>>> pos 30
id 30  pos  2709  spd  -150  load   80  12.0 V  31 C  err 0x00
>>> pos 30
id 30  pos  2706  spd   -50  load  120  12.0 V  31 C  err 0x00
>>> pos 30
id 30  pos  2702  spd  -150  load   76  12.0 V  31 C  err 0x00
>>> pos 30
id 30  pos  2700  spd   -50  load  116  12.0 V  31 C  err 0x00
>>> pos 30
id 30  pos  2695  spd  -100  load   80  12.0 V  31 C  err 0x00
>>> pos 30
id 30  pos  2693  spd  -100  load  120  12.1 V  31 C  err 0x00
>>> pos 30
id 30  pos  2689  spd  -150  load   76  12.0 V  31 C  err 0x00
>>> pos 30
id 30  pos  2686  spd   -50  load  116  12.0 V  31 C  err 0x00
>>> pos 30
id 30  pos  2682  spd  -150  load   80  12.1 V  31 C  err 0x00
>>> pos 30
id 30  pos  2679  spd  -100  load   80  12.0 V  31 C  err 0x00
>>> pos 30
id 30  pos  2676  spd  -100  load  112  12.0 V  31 C  err 0x00
>>> pos 30
id 30  pos  2672  spd  -100  load   76  12.0 V  31 C  err 0x00
>>> pos 30
id 30  pos  2670  spd  -100  load  116  12.0 V  31 C  err 0x00
>>> pos 30
id 30  pos  2665  spd  -150  load   48  12.0 V  31 C  err 0x00
>>> pos 30
id 30  pos  2663  spd  -100  load  116  12.0 V  31 C  err 0x00
>>> pos 30
id 30  pos  2659  spd  -150  load   80  12.1 V  31 C  err 0x00
>>> pos 30
id 30  pos  2657  spd   -50  load  116  12.0 V  31 C  err 0x00
>>> pos 30
id 30  pos  2652  spd  -100  load   80  12.0 V  31 C  err 0x00
>>> pos 30
id 30  pos  2650  spd  -100  load  108  12.1 V  31 C  err 0x00
>>> pos 30
id 30  pos  2646  spd  -150  load   80  12.1 V  31 C  err 0x00
>>> pos 30
id 30  pos  2643  spd  -100  load  116  12.0 V  31 C  err 0x00
>>> pos 30
id 30  pos  2640  spd   -50  load  116  12.0 V  31 C  err 0x00
>>> pos 30
id 30  pos  2636  spd  -100  load   76  12.1 V  31 C  err 0x00
>>> pos 30
id 30  pos  2634  spd   -50  load  148  12.1 V  31 C  err 0x00
>>> pos 30
id 30  pos  2629  spd  -200  load   72  12.1 V  32 C  err 0x00
>>> pos 30
id 30  pos  2627  spd  -100  load  116  12.0 V  31 C  err 0x00
>>> pos 30
id 30  pos  2622  spd  -200  load   80  12.0 V  31 C  err 0x00
>>> pos 30
id 30  pos  2621  spd     0  load  152  12.0 V  31 C  err 0x00
>>> pos 30
id 30  pos  2615  spd  -150  load   36  12.0 V  31 C  err 0x00
>>> pos 30
id 30  pos  2614  spd     0  load  120  12.1 V  31 C  err 0x00
>>> pos 30
id 30  pos  2609  spd  -200  load   72  12.1 V  31 C  err 0x00
>>> pos 30
id 30  pos  2607  spd   -50  load  120  12.0 V  31 C  err 0x00
>>> pos 30
id 30  pos  2602  spd  -150  load   48  12.0 V  31 C  err 0x00
>>> pos 30
id 30  pos  2600  spd     0  load  116  12.0 V  31 C  err 0x00
>>> pos 30
id 30  pos  2596  spd  -100  load   80  12.1 V  31 C  err 0x00
>>> pos 30
id 30  pos  2594  spd   -50  load  108  12.0 V  31 C  err 0x00
>>> pos 30
id 30  pos  2589  spd  -150  load   76  12.0 V  31 C  err 0x00
>>> pos 30
id 30  pos  2587  spd  -100  load  116  12.1 V  31 C  err 0x00
>>> pos 30
id 30  pos  2583  spd  -150  load   84  12.1 V  31 C  err 0x00
>>> pos 30
id 30  pos  2580  spd   -50  load  116  12.0 V  31 C  err 0x00
>>> pos 30
id 30  pos  2576  spd   -50  load   80  12.0 V  31 C  err 0x00
>>> pos 30
id 30  pos  2573  spd  -100  load   76  12.1 V  31 C  err 0x00
>>> pos 30
id 30  pos  2570  spd   -50  load  112  12.1 V  31 C  err 0x00
>>> pos 30
id 30  pos  2566  spd  -150  load   76  12.1 V  31 C  err 0x00
>>> pos 30
id 30  pos  2564  spd   -50  load  116  12.1 V  32 C  err 0x00
>>> pos 30
id 30  pos  2559  spd  -100  load   44  12.0 V  31 C  err 0x00
>>> pos 30
id 30  pos  2558  spd   -50  load  148  12.1 V  31 C  err 0x00
>>> pos 30
id 30  pos  2553  spd  -150  load   72  12.0 V  31 C  err 0x00
>>> pos 30
id 30  pos  2551  spd   -50  load  120  12.0 V  31 C  err 0x00
>>> pos 30
id 30  pos  2546  spd  -150  load   76  12.0 V  31 C  err 0x00
>>> pos 30
id 30  pos  2545  spd     0  load  148  12.0 V  31 C  err 0x00
>>> pos 30
id 30  pos  2539  spd  -150  load   40  12.0 V  31 C  err 0x00
>>> pos 30
id 30  pos  2538  spd  -100  load  152  12.0 V  31 C  err 0x00
>>> pos 30
id 30  pos  2533  spd  -150  load   80  12.0 V  31 C  err 0x00
>>> pos 30
id 30  pos  2530  spd     0  load   84  12.1 V  31 C  err 0x00
>>> pos 30
id 30  pos  2528  spd   -50  load  112  12.0 V  31 C  err 0x00
>>> pos 30
id 30  pos  2524  spd  -150  load   76  12.0 V  31 C  err 0x00
>>> pos 30
id 30  pos  2522  spd  -100  load   84  12.1 V  31 C  err 0x00
>>> pos 30
id 30  pos  2520  spd   -50  load   80  12.0 V  31 C  err 0x00
>>> pos 30
id 30  pos  2518  spd     0  load   84  12.1 V  31 C  err 0x00
>>> pos 30
id 30  pos  2515  spd  -100  load   44  12.1 V  31 C  err 0x00
>>> pos 30
id 30  pos  2515  spd     0  load  112  12.1 V  31 C  err 0x00
>>> pos 30
id 30  pos  2512  spd   -50  load   48  12.0 V  31 C  err 0x00
>>> pos 30
id 30  pos  2511  spd     0  load   80  11.7 V  31 C  err 0x00
>>> pos 30
id 30  pos  2510  spd   -50  load   80  12.0 V  31 C  err 0x00
>>> pos 30
id 30  pos  2509  spd     0  load   44  12.0 V  31 C  err 0x00
>>> pos 30
id 30  pos  2509  spd     0  load   48  12.1 V  31 C  err 0x00
>>> pos 30
id 30  pos  2509  spd     0  load   48  12.0 V  31 C  err 0x00
>>> pos 30
id 30  pos  2509  spd     0  load   48  12.0 V  31 C  err 0x00
>>> pos 30
id 30  pos  2509  spd     0  load   48  12.1 V  31 C  err 0x00
>>> pos 30
id 30  pos  2509  spd     0  load   48  12.1 V  31 C  err 0x00
>>> pos 30
id 30  pos  2509  spd     0  load   48  12.0 V  31 C  err 0x00
>>> pos 30
id 30  pos  2509  spd     0  load   48  12.0 V  31 C  err 0x00
>>> pos 30
id 30  pos  2509  spd     0  load   48  12.1 V  31 C  err 0x00
>>> pos 30
id 30  pos  2509  spd     0  load   48  12.0 V  31 C  err 0x00
>>> pos 30
id 30  pos  2509  spd     0  load   48  12.1 V  31 C  err 0x00
>>> pos 30
id 30  pos  2509  spd     0  load   48  12.0 V  31 C  err 0x00
>>> pos 30
id 30  pos  2509  spd     0  load   48  12.1 V  31 C  err 0x00
>>> pos 30
id 30  pos  2509  spd     0  load   48  12.1 V  31 C  err 0x00
>>> pos 30
id 30  pos  2509  spd     0  load   48  12.1 V  29 C  err 0x00
>>> pos 30
id 30  pos  2509  spd     0  load   48  12.0 V  31 C  err 0x00
>>> pos 30
id 30  pos  2509  spd     0  load   48  12.1 V  31 C  err 0x00
>>> pos 30
id 30  pos  2509  spd     0  load   48  12.0 V  31 C  err 0x00
>>> pos 30
id 30  pos  2509  spd     0  load   48  12.1 V  31 C  err 0x00
>>> pos 30
id 30  pos  2509  spd     0  load   48  12.1 V  31 C  err 0x00
>>> pos 30
id 30  pos  2509  spd     0  load   48  12.1 V  31 C  err 0x00
>>> pos 30
id 30  pos  2509  spd     0  load   48  12.1 V  31 C  err 0x00
>>> pos 30
id 30  pos  2509  spd     0  load   48  12.0 V  31 C  err 0x00
>>> pos 30
id 30  pos  2509  spd     0  load   48  12.1 V  31 C  err 0x00
>>> pos 30
id 30  pos  2509  spd     0  load   48  12.0 V  31 C  err 0x00
>>> pos 30
id 30  pos  2509  spd     0  load   48  12.0 V  31 C  err 0x00
>>> pos 30
id 30  pos  2509  spd     0  load   48  12.1 V  31 C  err 0x00
>>> pos 30
id 30  pos  2509  spd     0  load   48  12.1 V  31 C  err 0x00
>>> pos 30
id 30  pos  2509  spd     0  load   48  12.0 V  31 C  err 0x00
>>> pos 30
id 30  pos  2509  spd     0  load   48  12.0 V  31 C  err 0x00
>>> pos 30
id 30  pos  2509  spd     0  load   48  12.0 V  31 C  err 0x00
>>> pos 30
id 30  pos  2509  spd     0  load   48  12.1 V  31 C  err 0x00
>>> pos 30
id 30  pos  2509  spd     0  load   48  12.1 V  31 C  err 0x00
>>> pos 30
id 30  pos  2509  spd     0  load   48  12.0 V  31 C  err 0x00
>>> pos 30
id 30  pos  2509  spd     0  load   48  12.1 V  31 C  err 0x00
>>> pos 30
id 30  pos  2509  spd     0  load   48  12.0 V  31 C  err 0x00
>>> pos 30
id 30  pos  2509  spd     0  load   48  12.0 V  31 C  err 0x00
>>> pos 30
id 30  pos  2509  spd     0  load   48  12.2 V  31 C  err 0x00
>>> pos 30
id 30  pos  2509  spd     0  load   48  12.1 V  31 C  err 0x00
>>> pos 30
id 30  pos  2509  spd     0  load   48  12.0 V  31 C  err 0x00
>>> pos 30
id 30  pos  2509  spd     0  load   48  12.0 V  31 C  err 0x00
>>> pos 30
id 30  pos  2509  spd     0  load   48  12.1 V  31 C  err 0x00
>>> pos 30
id 30  pos  2509  spd     0  load   48  12.0 V  31 C  err 0x00
>>> pos 30
id 30  pos  2509  spd     0  load   48  12.0 V  31 C  err 0x00
>>> pos 30
id 30  pos  2509  spd     0  load   48  12.0 V  31 C  err 0x00
>>> pos 30
id 30  pos  2509  spd     0  load   48  12.0 V  31 C  err 0x00
>>> pos 30
id 30  pos  2509  spd     0  load   48  12.1 V  31 C  err 0x00
>>> pos 30
id 30  pos  2509  spd     0  load   48  12.0 V  31 C  err 0x00
>>> pos 30
id 30  pos  2509  spd     0  load   48  12.1 V  31 C  err 0x00
>>> pos 30
id 30  pos  2509  spd     0  load   48  12.1 V  31 C  err 0x00
>>> pos 30
id 30  pos  2509  spd     0  load   48  12.0 V  31 C  err 0x00
>>> pos 30
id 30  pos  2509  spd     0  load   48  12.1 V  31 C  err 0x00
>>> pos 30
id 30  pos  2509  spd     0  load   48  12.1 V  31 C  err 0x00
>>> pos 30
id 30  pos  2509  spd     0  load   48  12.1 V  31 C  err 0x00
>>> pos 30
id 30  pos  2509  spd     0  load   48  12.0 V  31 C  err 0x00
>>> pos 30
id 30  pos  2509  spd     0  load   48  12.0 V  31 C  err 0x00
>>> pos 30
id 30  pos  2509  spd     0  load   48  12.0 V  31 C  err 0x00
>>> pos 30
id 30  pos  2509  spd     0  load   48  12.1 V  31 C  err 0x00
>>> pos 30
id 30  pos  2509  spd     0  load   48  12.0 V  31 C  err 0x00
>>> pos 30
id 30  pos  2509  spd     0  load   48  12.1 V  31 C  err 0x00
>>> pos 30
id 30  pos  2509  spd     0  load   48  12.0 V  31 C  err 0x00
>>> pos 30
id 30  pos  2509  spd     0  load   48  12.0 V  31 C  err 0x00
>>> pos 30
id 30  pos  2509  spd     0  load   48  12.1 V  31 C  err 0x00
>>> pos 30
id 30  pos  2509  spd     0  load   48  12.0 V  31 C  err 0x00
>>> pos 30
id 30  pos  2509  spd     0  load   48  12.0 V  31 C  err 0x00
>>> pos 30
id 30  pos  2509  spd     0  load   48  12.0 V  31 C  err 0x00
>>> pos 30
id 30  pos  2509  spd     0  load   48  12.0 V  31 C  err 0x00
>>> pos 30
id 30  pos  2509  spd     0  load   48  12.0 V  31 C  err 0x00
>>> pos 30
id 30  pos  2509  spd     0  load   48  12.0 V  31 C  err 0x00
>>> pos 30
id 30  pos  2509  spd     0  load   48  12.0 V  31 C  err 0x00
>>> pos 30
id 30  pos  2509  spd     0  load   48  12.0 V  31 C  err 0x00
>>> pos 30
id 30  pos  2509  spd     0  load   48  12.0 V  31 C  err 0x00
>>> pos 30
id 30  pos  2509  spd     0  load   48  12.0 V  31 C  err 0x00
>>> pos 30
id 30  pos  2509  spd     0  load   48  12.0 V  31 C  err 0x00
>>> pos 30
id 30  pos  2509  spd     0  load   48  12.0 V  31 C  err 0x00
>>> pos 30
id 30  pos  2509  spd     0  load   48  12.0 V  31 C  err 0x00
>>> pos 30
id 30  pos  2509  spd     0  load   48  12.0 V  31 C  err 0x00
>>> pos 30
id 30  pos  2509  spd     0  load   48  12.0 V  31 C  err 0x00
>>> pos 30
id 30  pos  2509  spd     0  load   48  12.0 V  31 C  err 0x00
>>> pos 30
id 30  pos  2509  spd     0  load   48  12.1 V  31 C  err 0x00
>>> pos 30
id 30  pos  2509  spd     0  load   48  12.0 V  31 C  err 0x00
>>> pos 30
id 30  pos  2509  spd     0  load   48  12.0 V  31 C  err 0x00
>>> pos 30
id 30  pos  2509  spd     0  load   48  12.1 V  31 C  err 0x00
>>> pos 30
id 30  pos  2509  spd     0  load   48  12.0 V  31 C  err 0x00
>>> pos 30
id 30  pos  2509  spd     0  load   48  12.1 V  31 C  err 0x00
>>> pos 30
id 30  pos  2509  spd     0  load   48  12.0 V  31 C  err 0x00
>>> pos 30
id 30  pos  2509  spd     0  load   48  12.0 V  31 C  err 0x00
>>> pos 30
id 30  pos  2509  spd     0  load   48  12.1 V  31 C  err 0x00
>>> pos 30
id 30  pos  2509  spd     0  load   48  12.0 V  31 C  err 0x00
>>> pos 30
id 30  pos  2509  spd     0  load   48  12.0 V  31 C  err 0x00
>>> pos 30
id 30  pos  2509  spd     0  load   48  12.1 V  31 C  err 0x00
>>> pos 30
id 30  pos  2509  spd     0  load   48  12.1 V  31 C  err 0x00
>>> pos 30
id 30  pos  2509  spd     0  load   48  12.1 V  31 C  err 0x00
>>> pos 30
id 30  pos  2509  spd     0  load   48  12.1 V  31 C  err 0x00
>>> pos 30
id 30  pos  2509  spd     0  load   48  12.1 V  31 C  err 0x00
>>> pos 30
id 30  pos  2509  spd     0  load   48  12.1 V  31 C  err 0x00
>>> pos 30
id 30  pos  2509  spd     0  load   48  12.1 V  31 C  err 0x00
>>> pos 30
id 30  pos  2509  spd     0  load   48  12.1 V  31 C  err 0x00
>>> pos 30
id 30  pos  2509  spd     0  load   48  12.1 V  29 C  err 0x00
>>> pos 30
id 30  pos  2509  spd     0  load   48  12.0 V  31 C  err 0x00
>>> pos 30
id 30  pos  2509  spd     0  load   48  12.0 V  31 C  err 0x00
>>> pos 30
id 30  pos  2509  spd     0  load   48  12.0 V  31 C  err 0x00
  travel 3530->2507: spd 98 (sd 439, -950..1200), backward samples 74/291, load -408..472, end overshoot 0, residual range 0, err 0
>>> pos 30
id 30  pos  2509  spd     0  load   48  12.1 V  31 C  err 0x00
>>> pos 30
id 30  pos  2509  spd     0  load   48  12.1 V  31 C  err 0x00
>>> pos 30
id 30  pos  2509  spd     0  load   48  12.0 V  31 C  err 0x00
>>> pos 30
id 30  pos  2509  spd     0  load   48  12.0 V  31 C  err 0x00
>>> pos 30
id 30  pos  2509  spd     0  load   48  12.0 V  31 C  err 0x00
>>> pos 30
id 30  pos  2509  spd     0  load   48  12.1 V  31 C  err 0x00
>>> pos 30
id 30  pos  2509  spd     0  load   48  12.1 V  31 C  err 0x00
>>> pos 30
id 30  pos  2509  spd     0  load   48  12.1 V  31 C  err 0x00
>>> pos 30
id 30  pos  2509  spd     0  load   48  12.0 V  31 C  err 0x00
>>> pos 30
id 30  pos  2509  spd     0  load   48  12.1 V  31 C  err 0x00
>>> pos 30
id 30  pos  2509  spd     0  load   48  12.1 V  31 C  err 0x00
>>> pos 30
id 30  pos  2509  spd     0  load   48  12.0 V  31 C  err 0x00
>>> pos 30
id 30  pos  2509  spd     0  load   48  12.1 V  31 C  err 0x00
>>> pos 30
id 30  pos  2509  spd     0  load   48  12.0 V  31 C  err 0x00
>>> pos 30
id 30  pos  2509  spd     0  load   48  12.0 V  31 C  err 0x00
>>> pos 30
id 30  pos  2509  spd     0  load   48  12.0 V  31 C  err 0x00
>>> pos 30
id 30  pos  2509  spd     0  load   48  12.1 V  31 C  err 0x00
>>> pos 30
id 30  pos  2509  spd     0  load   48  12.0 V  31 C  err 0x00
>>> pos 30
id 30  pos  2509  spd     0  load   48  12.0 V  31 C  err 0x00
>>> pos 30
id 30  pos  2509  spd     0  load   48  12.0 V  31 C  err 0x00
>>> pos 30
id 30  pos  2509  spd     0  load   48  12.0 V  31 C  err 0x00
>>> pos 30
id 30  pos  2509  spd     0  load   48  12.0 V  31 C  err 0x00
>>> pos 30
id 30  pos  2509  spd     0  load   48  12.1 V  31 C  err 0x00
>>> pos 30
id 30  pos  2509  spd     0  load   48  12.1 V  31 C  err 0x00
>>> pos 30
id 30  pos  2509  spd     0  load   48  12.1 V  31 C  err 0x00
>>> pos 30
id 30  pos  2509  spd     0  load   48  12.1 V  31 C  err 0x00
>>> pos 30
id 30  pos  2509  spd     0  load   48  12.0 V  31 C  err 0x00
>>> pos 30
id 30  pos  2509  spd     0  load   48  12.0 V  31 C  err 0x00
>>> pos 30
id 30  pos  2509  spd     0  load   48  12.0 V  31 C  err 0x00
>>> pos 30
id 30  pos  2509  spd     0  load   48  12.0 V  31 C  err 0x00
>>> pos 30
id 30  pos  2509  spd     0  load   48  12.1 V  31 C  err 0x00
>>> pos 30
id 30  pos  2509  spd     0  load   48  12.0 V  31 C  err 0x00
>>> pos 30
id 30  pos  2509  spd     0  load   48  12.1 V  31 C  err 0x00
>>> pos 30
id 30  pos  2509  spd     0  load   48  12.0 V  31 C  err 0x00
>>> pos 30
id 30  pos  2509  spd     0  load   48  12.1 V  30 C  err 0x00
>>> pos 30
id 30  pos  2509  spd     0  load   48  12.0 V  31 C  err 0x00
>>> pos 30
id 30  pos  2509  spd     0  load   48  12.0 V  31 C  err 0x00
>>> pos 30
id 30  pos  2509  spd     0  load   48  12.1 V  31 C  err 0x00
>>> pos 30
id 30  pos  2509  spd     0  load   48  12.1 V  31 C  err 0x00
>>> pos 30
id 30  pos  2509  spd     0  load   48  12.0 V  31 C  err 0x00
>>> pos 30
id 30  pos  2509  spd     0  load   48  12.1 V  31 C  err 0x00
>>> pos 30
id 30  pos  2509  spd     0  load   48  12.1 V  31 C  err 0x00
>>> pos 30
id 30  pos  2509  spd     0  load   48  12.1 V  31 C  err 0x00
>>> pos 30
id 30  pos  2509  spd     0  load   48  12.1 V  31 C  err 0x00
>>> pos 30
id 30  pos  2509  spd     0  load   48  12.1 V  31 C  err 0x00
>>> pos 30
id 30  pos  2509  spd     0  load   48  12.1 V  31 C  err 0x00
>>> pos 30
id 30  pos  2509  spd     0  load   48  12.1 V  31 C  err 0x00
>>> pos 30
id 30  pos  2509  spd     0  load   48  12.0 V  31 C  err 0x00
>>> pos 30
id 30  pos  2509  spd     0  load   48  12.1 V  31 C  err 0x00
>>> pos 30
id 30  pos  2509  spd     0  load   48  12.1 V  31 C  err 0x00
>>> pos 30
id 30  pos  2509  spd     0  load   48  12.0 V  31 C  err 0x00
>>> pos 30
id 30  pos  2509  spd     0  load   48  12.0 V  31 C  err 0x00
>>> pos 30
id 30  pos  2509  spd     0  load   48  12.0 V  31 C  err 0x00
>>> pos 30
id 30  pos  2509  spd     0  load   48  12.0 V  31 C  err 0x00
>>> pos 30
id 30  pos  2509  spd     0  load   48  12.0 V  31 C  err 0x00
>>> pos 30
id 30  pos  2509  spd     0  load   48  12.1 V  31 C  err 0x00
>>> pos 30
id 30  pos  2509  spd     0  load   48  12.0 V  31 C  err 0x00
>>> pos 30
id 30  pos  2509  spd     0  load   48  12.1 V  31 C  err 0x00
>>> pos 30
id 30  pos  2509  spd     0  load   48  12.1 V  31 C  err 0x00
>>> pos 30
id 30  pos  2509  spd     0  load   48  12.1 V  31 C  err 0x00
>>> pos 30
id 30  pos  2509  spd     0  load   48  12.0 V  31 C  err 0x00
>>> pos 30
id 30  pos  2509  spd     0  load   48  12.0 V  31 C  err 0x00
>>> pos 30
id 30  pos  2509  spd     0  load   48  12.1 V  31 C  err 0x00
>>> pos 30
id 30  pos  2509  spd     0  load   48  12.1 V  31 C  err 0x00
>>> pos 30
id 30  pos  2509  spd     0  load   48  12.0 V  31 C  err 0x00
>>> pos 30
id 30  pos  2509  spd     0  load   48  12.0 V  31 C  err 0x00
>>> pos 30
id 30  pos  2509  spd     0  load   48  12.1 V  31 C  err 0x00
>>> pos 30
id 30  pos  2509  spd     0  load   48  12.0 V  31 C  err 0x00
>>> pos 30
id 30  pos  2509  spd     0  load   48  12.0 V  31 C  err 0x00
>>> pos 30
id 30  pos  2509  spd     0  load   48  12.1 V  31 C  err 0x00
>>> pos 30
id 30  pos  2509  spd     0  load   48  12.1 V  31 C  err 0x00
>>> pos 30
id 30  pos  2509  spd     0  load   48  12.1 V  31 C  err 0x00
>>> pos 30
id 30  pos  2509  spd     0  load   48  12.1 V  31 C  err 0x00
>>> pos 30
id 30  pos  2509  spd     0  load   48  12.0 V  31 C  err 0x00
>>> pos 30
id 30  pos  2509  spd     0  load   48  12.1 V  31 C  err 0x00
>>> pos 30
id 30  pos  2509  spd     0  load   48  12.1 V  31 C  err 0x00
>>> pos 30
id 30  pos  2509  spd     0  load   48  12.1 V  31 C  err 0x00
>>> pos 30
id 30  pos  2509  spd     0  load   48  12.0 V  31 C  err 0x00
>>> pos 30
id 30  pos  2509  spd     0  load   48  12.0 V  31 C  err 0x00
>>> pos 30
id 30  pos  2509  spd     0  load   48  12.0 V  31 C  err 0x00
>>> pos 30
id 30  pos  2509  spd     0  load   48  12.0 V  31 C  err 0x00
>>> pos 30
id 30  pos  2509  spd     0  load   48  12.0 V  31 C  err 0x00
>>> pos 30
id 30  pos  2509  spd     0  load   48  12.0 V  31 C  err 0x00
>>> pos 30
id 30  pos  2509  spd     0  load   48  12.0 V  31 C  err 0x00
>>> pos 30
id 30  pos  2509  spd     0  load   48  12.0 V  31 C  err 0x00
>>> pos 30
id 30  pos  2509  spd     0  load   48  12.1 V  31 C  err 0x00
>>> pos 30
id 30  pos  2509  spd     0  load   48  12.0 V  31 C  err 0x00
>>> pos 30
id 30  pos  2509  spd     0  load   48  12.0 V  31 C  err 0x00
>>> pos 30
id 30  pos  2509  spd     0  load   48  12.0 V  31 C  err 0x00
>>> pos 30
id 30  pos  2509  spd     0  load   48  12.1 V  31 C  err 0x00
>>> pos 30
id 30  pos  2509  spd     0  load   48  12.1 V  31 C  err 0x00
>>> pos 30
id 30  pos  2509  spd     0  load   48  12.0 V  31 C  err 0x00
>>> pos 30
id 30  pos  2509  spd     0  load   48  12.0 V  31 C  err 0x00
>>> pos 30
id 30  pos  2509  spd     0  load   48  12.0 V  31 C  err 0x00
>>> pos 30
id 30  pos  2509  spd     0  load   48  12.0 V  31 C  err 0x00
>>> pos 30
id 30  pos  2509  spd     0  load   48  12.0 V  31 C  err 0x00
>>> pos 30
id 30  pos  2509  spd     0  load   48  12.1 V  31 C  err 0x00
>>> pos 30
id 30  pos  2509  spd     0  load   48  12.1 V  31 C  err 0x00
>>> pos 30
id 30  pos  2509  spd     0  load   48  12.0 V  31 C  err 0x00
>>> pos 30
id 30  pos  2509  spd     0  load   48  12.1 V  31 C  err 0x00
>>> pos 30
id 30  pos  2509  spd     0  load   48  12.1 V  31 C  err 0x00
>>> pos 30
id 30  pos  2509  spd     0  load   48  12.1 V  31 C  err 0x00
>>> pos 30
id 30  pos  2509  spd     0  load   48  12.0 V  31 C  err 0x00
>>> pos 30
id 30  pos  2509  spd     0  load   48  12.1 V  31 C  err 0x00
>>> pos 30
id 30  pos  2509  spd     0  load   48  12.0 V  31 C  err 0x00
>>> pos 30
id 30  pos  2509  spd     0  load   48  12.1 V  31 C  err 0x00
>>> pos 30
id 30  pos  2509  spd     0  load   48  12.0 V  31 C  err 0x00
>>> pos 30
id 30  pos  2509  spd     0  load   48  12.0 V  31 C  err 0x00
>>> pos 30
id 30  pos  2509  spd     0  load   48  12.0 V  31 C  err 0x00
>>> pos 30
id 30  pos  2509  spd     0  load   48  12.0 V  31 C  err 0x00
>>> pos 30
id 30  pos  2509  spd     0  load   48  12.0 V  31 C  err 0x00
>>> pos 30
id 30  pos  2509  spd     0  load   48  12.1 V  31 C  err 0x00
>>> pos 30
id 30  pos  2509  spd     0  load   48  12.1 V  31 C  err 0x00
>>> pos 30
id 30  pos  2509  spd     0  load   48  12.0 V  31 C  err 0x00
>>> pos 30
id 30  pos  2509  spd     0  load   48  12.1 V  31 C  err 0x00
>>> pos 30
id 30  pos  2509  spd     0  load   48  12.0 V  31 C  err 0x00
>>> pos 30
id 30  pos  2509  spd     0  load   48  12.0 V  31 C  err 0x00
>>> pos 30
id 30  pos  2509  spd     0  load   48  12.0 V  31 C  err 0x00
>>> pos 30
id 30  pos  2509  spd     0  load   48  12.1 V  31 C  err 0x00
>>> pos 30
id 30  pos  2509  spd     0  load   48  12.1 V  31 C  err 0x00
>>> pos 30
id 30  pos  2509  spd     0  load   48  12.0 V  31 C  err 0x00
>>> pos 30
id 30  pos  2509  spd     0  load   48  12.0 V  31 C  err 0x00
>>> pos 30
id 30  pos  2509  spd     0  load   48  12.1 V  31 C  err 0x00
>>> pos 30
id 30  pos  2509  spd     0  load   48  12.1 V  31 C  err 0x00
>>> pos 30
id 30  pos  2509  spd     0  load   48  12.1 V  31 C  err 0x00
>>> pos 30
id 30  pos  2509  spd     0  load   48  12.1 V  31 C  err 0x00
>>> pos 30
id 30  pos  2509  spd     0  load   48  12.0 V  31 C  err 0x00
>>> pos 30
id 30  pos  2509  spd     0  load   48  12.1 V  31 C  err 0x00
>>> pos 30
id 30  pos  2509  spd     0  load   48  12.1 V  31 C  err 0x00
>>> pos 30
id 30  pos  2509  spd     0  load   48  12.1 V  31 C  err 0x00
>>> pos 30
id 30  pos  2509  spd     0  load   48  12.0 V  31 C  err 0x00
>>> pos 30
id 30  pos  2509  spd     0  load   48  12.1 V  31 C  err 0x00
>>> pos 30
id 30  pos  2509  spd     0  load   48  12.0 V  31 C  err 0x00
>>> pos 30
id 30  pos  2509  spd     0  load   48  12.0 V  31 C  err 0x00
>>> pos 30
id 30  pos  2509  spd     0  load   48  12.0 V  31 C  err 0x00
>>> pos 30
id 30  pos  2509  spd     0  load   48  12.0 V  31 C  err 0x00
>>> pos 30
id 30  pos  2509  spd     0  load   48  12.0 V  31 C  err 0x00
>>> pos 30
id 30  pos  2509  spd     0  load   48  12.0 V  31 C  err 0x00
>>> pos 30
id 30  pos  2509  spd     0  load   48  12.0 V  31 C  err 0x00
>>> pos 30
id 30  pos  2509  spd     0  load   48  12.1 V  31 C  err 0x00
>>> pos 30
id 30  pos  2509  spd     0  load   48  12.1 V  31 C  err 0x00
>>> pos 30
id 30  pos  2509  spd     0  load   48  12.1 V  31 C  err 0x00
>>> pos 30
id 30  pos  2509  spd     0  load   48  12.1 V  31 C  err 0x00
>>> pos 30
id 30  pos  2509  spd     0  load   48  12.0 V  31 C  err 0x00
>>> pos 30
id 30  pos  2509  spd     0  load   48  12.0 V  31 C  err 0x00
>>> pos 30
id 30  pos  2509  spd     0  load   48  12.1 V  31 C  err 0x00
>>> pos 30
id 30  pos  2509  spd     0  load   48  12.0 V  31 C  err 0x00
>>> pos 30
id 30  pos  2509  spd     0  load   48  12.0 V  31 C  err 0x00
>>> pos 30
id 30  pos  2509  spd     0  load   48  12.1 V  31 C  err 0x00
>>> pos 30
id 30  pos  2509  spd     0  load   48  12.1 V  31 C  err 0x00
>>> pos 30
id 30  pos  2509  spd     0  load   48  12.0 V  31 C  err 0x00
>>> pos 30
id 30  pos  2509  spd     0  load   48  12.0 V  31 C  err 0x00
>>> pos 30
id 30  pos  2509  spd     0  load   48  12.0 V  31 C  err 0x00
  LEVEL quiet: pos +2.00, range 0, moving 0/152, load 48..48, err 0
>>> move 30 2530 0 100 2
move id 30 -> 2530 ticks, 0 ms, spd 100, acc 2: ok
>>> move 30 2507 0 100 2
move id 30 -> 2507 ticks, 0 ms, spd 100, acc 2: ok
>>> pos 30
id 30  pos  2531  spd     0  load   84  12.1 V  31 C  err 0x00
>>> pos 30
id 30  pos  2529  spd  -100  load   84  12.1 V  31 C  err 0x00
>>> pos 30
id 30  pos  2527  spd   -50  load   76  12.0 V  31 C  err 0x00
>>> pos 30
id 30  pos  2525  spd  -100  load  116  12.0 V  31 C  err 0x00
>>> pos 30
id 30  pos  2522  spd  -100  load   80  12.1 V  31 C  err 0x00
>>> pos 30
id 30  pos  2521  spd   -50  load  112  12.0 V  31 C  err 0x00
>>> pos 30
id 30  pos  2517  spd  -100  load   44  12.0 V  31 C  err 0x00
>>> pos 30
id 30  pos  2517  spd   -50  load  116  12.0 V  31 C  err 0x00
>>> pos 30
id 30  pos  2514  spd   -50  load   76  12.1 V  31 C  err 0x00
>>> pos 30
id 30  pos  2513  spd   -50  load   80  12.0 V  31 C  err 0x00
>>> pos 30
id 30  pos  2511  spd   -50  load   80  12.0 V  31 C  err 0x00
>>> pos 30
id 30  pos  2510  spd     0  load   84  12.0 V  31 C  err 0x00
>>> pos 30
id 30  pos  2508  spd   -50  load    0  12.1 V  31 C  err 0x00
>>> pos 30
id 30  pos  2509  spd     0  load   52  12.1 V  31 C  err 0x00
>>> pos 30
id 30  pos  2509  spd     0  load   48  12.1 V  31 C  err 0x00
>>> pos 30
id 30  pos  2509  spd     0  load   48  12.1 V  31 C  err 0x00
>>> pos 30
id 30  pos  2509  spd     0  load   48  12.1 V  31 C  err 0x00
>>> pos 30
id 30  pos  2509  spd     0  load   48  12.1 V  31 C  err 0x00
>>> pos 30
id 30  pos  2509  spd     0  load   48  12.1 V  31 C  err 0x00
>>> pos 30
id 30  pos  2509  spd     0  load   48  12.0 V  31 C  err 0x00
>>> pos 30
id 30  pos  2509  spd     0  load   48  12.0 V  31 C  err 0x00
>>> pos 30
id 30  pos  2509  spd     0  load   48  12.0 V  31 C  err 0x00
>>> pos 30
id 30  pos  2509  spd     0  load   48  12.0 V  31 C  err 0x00
>>> pos 30
id 30  pos  2509  spd     0  load   48  12.1 V  31 C  err 0x00
>>> pos 30
id 30  pos  2509  spd     0  load   48  12.1 V  31 C  err 0x00
>>> pos 30
id 30  pos  2509  spd     0  load   48  12.1 V  31 C  err 0x00
>>> pos 30
id 30  pos  2509  spd     0  load   48  12.1 V  31 C  err 0x00
>>> pos 30
id 30  pos  2509  spd     0  load   48  12.0 V  31 C  err 0x00
>>> pos 30
id 30  pos  2509  spd     0  load   48  12.1 V  31 C  err 0x00
>>> pos 30
id 30  pos  2509  spd     0  load   48  12.0 V  31 C  err 0x00
>>> pos 30
id 30  pos  2509  spd     0  load   48  12.1 V  31 C  err 0x00
>>> pos 30
id 30  pos  2509  spd     0  load   48  12.0 V  31 C  err 0x00
>>> pos 30
id 30  pos  2509  spd     0  load   48  12.1 V  31 C  err 0x00
>>> pos 30
id 30  pos  2509  spd     0  load   48  12.0 V  31 C  err 0x00
>>> pos 30
id 30  pos  2509  spd     0  load   48  12.0 V  31 C  err 0x00
>>> pos 30
id 30  pos  2509  spd     0  load   48  12.0 V  31 C  err 0x00
>>> pos 30
id 30  pos  2509  spd     0  load   48  12.1 V  31 C  err 0x00
>>> pos 30
id 30  pos  2509  spd     0  load   48  12.1 V  31 C  err 0x00
>>> pos 30
id 30  pos  2509  spd     0  load   48  12.0 V  31 C  err 0x00
>>> pos 30
id 30  pos  2509  spd     0  load   48  12.1 V  31 C  err 0x00
>>> pos 30
id 30  pos  2509  spd     0  load   48  12.0 V  31 C  err 0x00
>>> pos 30
id 30  pos  2509  spd     0  load   48  12.1 V  31 C  err 0x00
>>> pos 30
id 30  pos  2509  spd     0  load   48  12.1 V  31 C  err 0x00
>>> pos 30
id 30  pos  2509  spd     0  load   48  12.0 V  31 C  err 0x00
>>> pos 30
id 30  pos  2509  spd     0  load   48  12.0 V  31 C  err 0x00
>>> pos 30
id 30  pos  2509  spd     0  load   48  12.1 V  31 C  err 0x00
>>> pos 30
id 30  pos  2509  spd     0  load   48  12.0 V  31 C  err 0x00
>>> pos 30
id 30  pos  2509  spd     0  load   48  12.0 V  31 C  err 0x00
>>> pos 30
id 30  pos  2509  spd     0  load   48  12.0 V  31 C  err 0x00
>>> pos 30
id 30  pos  2509  spd     0  load   48  12.0 V  31 C  err 0x00
>>> pos 30
id 30  pos  2509  spd     0  load   48  12.0 V  31 C  err 0x00
>>> pos 30
id 30  pos  2509  spd     0  load   48  12.0 V  31 C  err 0x00
>>> pos 30
id 30  pos  2509  spd     0  load   48  12.0 V  31 C  err 0x00
>>> pos 30
id 30  pos  2509  spd     0  load   48  12.1 V  31 C  err 0x00
>>> pos 30
id 30  pos  2509  spd     0  load   48  11.9 V  31 C  err 0x00
>>> pos 30
id 30  pos  2509  spd     0  load   48  12.0 V  31 C  err 0x00
>>> pos 30
id 30  pos  2509  spd     0  load   48  12.1 V  31 C  err 0x00
>>> pos 30
id 30  pos  2509  spd     0  load   48  12.0 V  31 C  err 0x00
>>> pos 30
id 30  pos  2509  spd     0  load   48  12.0 V  31 C  err 0x00
>>> pos 30
id 30  pos  2509  spd     0  load   48  12.0 V  31 C  err 0x00
>>> pos 30
id 30  pos  2509  spd     0  load   48  12.1 V  31 C  err 0x00
>>> pos 30
id 30  pos  2509  spd     0  load   48  12.1 V  31 C  err 0x00
>>> pos 30
id 30  pos  2509  spd     0  load   48  12.1 V  31 C  err 0x00
>>> pos 30
id 30  pos  2509  spd     0  load   48  12.0 V  31 C  err 0x00
>>> pos 30
id 30  pos  2509  spd     0  load   48  12.0 V  31 C  err 0x00
>>> pos 30
id 30  pos  2509  spd     0  load   48  12.0 V  31 C  err 0x00
>>> pos 30
id 30  pos  2509  spd     0  load   48  12.1 V  31 C  err 0x00
>>> pos 30
id 30  pos  2509  spd     0  load   48  12.0 V  31 C  err 0x00
>>> pos 30
id 30  pos  2509  spd     0  load   48  12.1 V  31 C  err 0x00
>>> pos 30
id 30  pos  2509  spd     0  load   48  12.0 V  31 C  err 0x00
>>> pos 30
id 30  pos  2509  spd     0  load   48  12.1 V  31 C  err 0x00
>>> pos 30
id 30  pos  2509  spd     0  load   48  12.0 V  31 C  err 0x00
>>> pos 30
id 30  pos  2509  spd     0  load   48  12.1 V  31 C  err 0x00
>>> pos 30
id 30  pos  2509  spd     0  load   48  12.0 V  31 C  err 0x00
>>> pos 30
id 30  pos  2509  spd     0  load   48  12.1 V  31 C  err 0x00
>>> pos 30
id 30  pos  2509  spd     0  load   48  12.0 V  31 C  err 0x00
>>> pos 30
id 30  pos  2509  spd     0  load   48  12.0 V  31 C  err 0x00
>>> pos 30
id 30  pos  2509  spd     0  load   48  12.1 V  31 C  err 0x00
>>> pos 30
id 30  pos  2509  spd     0  load   48  12.0 V  31 C  err 0x00
>>> pos 30
id 30  pos  2509  spd     0  load   48  12.0 V  31 C  err 0x00
>>> pos 30
id 30  pos  2509  spd     0  load   48  12.1 V  31 C  err 0x00
>>> pos 30
id 30  pos  2509  spd     0  load   48  12.0 V  31 C  err 0x00
>>> pos 30
id 30  pos  2509  spd     0  load   48  12.0 V  31 C  err 0x00
>>> pos 30
id 30  pos  2509  spd     0  load   48  12.0 V  31 C  err 0x00
>>> pos 30
id 30  pos  2509  spd     0  load   48  12.0 V  31 C  err 0x00
>>> pos 30
id 30  pos  2509  spd     0  load   48  12.0 V  31 C  err 0x00
>>> pos 30
id 30  pos  2509  spd     0  load   48  12.1 V  31 C  err 0x00
>>> pos 30
id 30  pos  2509  spd     0  load   48  12.0 V  31 C  err 0x00
>>> pos 30
id 30  pos  2509  spd     0  load   48  12.1 V  31 C  err 0x00
>>> pos 30
id 30  pos  2509  spd     0  load   48  12.1 V  31 C  err 0x00
>>> pos 30
id 30  pos  2509  spd     0  load   48  12.0 V  31 C  err 0x00
>>> move 30 2484 0 100 2
move id 30 -> 2484 ticks, 0 ms, spd 100, acc 2: ok
>>> move 30 2507 0 100 2
move id 30 -> 2507 ticks, 0 ms, spd 100, acc 2: ok
>>> pos 30
id 30  pos  2486  spd     0  load  -20  12.0 V  31 C  err 0x00
>>> pos 30
id 30  pos  2487  spd     0  load    0  12.1 V  31 C  err 0x00
>>> pos 30
id 30  pos  2487  spd     0  load  -52  12.0 V  31 C  err 0x00
>>> pos 30
id 30  pos  2491  spd   150  load    0  12.1 V  31 C  err 0x00
>>> pos 30
id 30  pos  2492  spd     0  load  -48  12.1 V  31 C  err 0x00
>>> pos 30
id 30  pos  2496  spd    50  load   24  12.1 V  31 C  err 0x00
>>> pos 30
id 30  pos  2497  spd    50  load    0  12.1 V  31 C  err 0x00
>>> pos 30
id 30  pos  2499  spd    50  load  -24  12.0 V  31 C  err 0x00
>>> pos 30
id 30  pos  2501  spd   150  load    0  12.0 V  31 C  err 0x00
>>> pos 30
id 30  pos  2502  spd     0  load  -20  12.0 V  31 C  err 0x00
>>> pos 30
id 30  pos  2504  spd   100  load   20  12.0 V  31 C  err 0x00
>>> pos 30
id 30  pos  2506  spd     0  load    0  12.0 V  31 C  err 0x00
>>> pos 30
id 30  pos  2508  spd    50  load   20  12.1 V  31 C  err 0x00
>>> pos 30
id 30  pos  2508  spd     0  load    0  12.1 V  31 C  err 0x00
>>> pos 30
id 30  pos  2508  spd     0  load    0  12.0 V  31 C  err 0x00
>>> pos 30
id 30  pos  2508  spd     0  load    0  12.1 V  31 C  err 0x00
>>> pos 30
id 30  pos  2508  spd     0  load    0  12.1 V  31 C  err 0x00
>>> pos 30
id 30  pos  2508  spd     0  load    0  12.0 V  31 C  err 0x00
>>> pos 30
id 30  pos  2508  spd     0  load    0  12.0 V  31 C  err 0x00
>>> pos 30
id 30  pos  2508  spd     0  load    0  12.1 V  31 C  err 0x00
>>> pos 30
id 30  pos  2508  spd     0  load    0  12.1 V  31 C  err 0x00
>>> pos 30
id 30  pos  2508  spd     0  load    0  12.1 V  31 C  err 0x00
>>> pos 30
id 30  pos  2508  spd     0  load    0  12.0 V  32 C  err 0x00
>>> pos 30
id 30  pos  2508  spd     0  load    0  12.0 V  31 C  err 0x00
>>> pos 30
id 30  pos  2508  spd     0  load    0  12.0 V  31 C  err 0x00
>>> pos 30
id 30  pos  2508  spd     0  load    0  12.1 V  31 C  err 0x00
>>> pos 30
id 30  pos  2508  spd     0  load    0  12.1 V  31 C  err 0x00
>>> pos 30
id 30  pos  2508  spd     0  load    0  12.0 V  31 C  err 0x00
>>> pos 30
id 30  pos  2508  spd     0  load    0  12.0 V  31 C  err 0x00
>>> pos 30
id 30  pos  2508  spd     0  load    0  12.1 V  31 C  err 0x00
>>> pos 30
id 30  pos  2508  spd     0  load    0  12.1 V  31 C  err 0x00
>>> pos 30
id 30  pos  2508  spd     0  load    0  12.0 V  31 C  err 0x00
>>> pos 30
id 30  pos  2508  spd     0  load    0  12.0 V  31 C  err 0x00
>>> pos 30
id 30  pos  2508  spd     0  load    0  12.0 V  31 C  err 0x00
>>> pos 30
id 30  pos  2508  spd     0  load    0  12.1 V  31 C  err 0x00
>>> pos 30
id 30  pos  2508  spd     0  load    0  12.1 V  31 C  err 0x00
>>> pos 30
id 30  pos  2508  spd     0  load    0  12.1 V  31 C  err 0x00
>>> pos 30
id 30  pos  2508  spd     0  load    0  12.1 V  31 C  err 0x00
>>> pos 30
id 30  pos  2508  spd     0  load    0  12.1 V  31 C  err 0x00
>>> pos 30
id 30  pos  2508  spd     0  load    0  12.0 V  31 C  err 0x00
>>> pos 30
id 30  pos  2508  spd     0  load    0  12.0 V  31 C  err 0x00
>>> pos 30
id 30  pos  2508  spd     0  load    0  12.1 V  31 C  err 0x00
>>> pos 30
id 30  pos  2508  spd     0  load    0  12.0 V  31 C  err 0x00
>>> pos 30
id 30  pos  2508  spd     0  load    0  12.0 V  31 C  err 0x00
>>> pos 30
id 30  pos  2508  spd     0  load    0  12.0 V  31 C  err 0x00
>>> pos 30
id 30  pos  2508  spd     0  load    0  12.1 V  31 C  err 0x00
>>> pos 30
id 30  pos  2508  spd     0  load    0  12.0 V  31 C  err 0x00
>>> pos 30
id 30  pos  2508  spd     0  load    0  12.1 V  31 C  err 0x00
>>> pos 30
id 30  pos  2508  spd     0  load    0  12.1 V  31 C  err 0x00
>>> pos 30
id 30  pos  2508  spd     0  load    0  12.0 V  31 C  err 0x00
>>> pos 30
id 30  pos  2508  spd     0  load    0  12.0 V  31 C  err 0x00
>>> pos 30
id 30  pos  2508  spd     0  load    0  12.0 V  31 C  err 0x00
>>> pos 30
id 30  pos  2508  spd     0  load    0  12.1 V  31 C  err 0x00
>>> pos 30
id 30  pos  2508  spd     0  load    0  12.0 V  31 C  err 0x00
>>> pos 30
id 30  pos  2508  spd     0  load    0  12.0 V  31 C  err 0x00
>>> pos 30
id 30  pos  2508  spd     0  load    0  12.0 V  31 C  err 0x00
>>> pos 30
id 30  pos  2508  spd     0  load    0  12.1 V  31 C  err 0x00
>>> pos 30
id 30  pos  2508  spd     0  load    0  12.0 V  31 C  err 0x00
>>> pos 30
id 30  pos  2508  spd     0  load    0  12.1 V  31 C  err 0x00
>>> pos 30
id 30  pos  2508  spd     0  load    0  12.1 V  31 C  err 0x00
>>> pos 30
id 30  pos  2508  spd     0  load    0  12.1 V  31 C  err 0x00
>>> pos 30
id 30  pos  2508  spd     0  load    0  12.0 V  31 C  err 0x00
>>> pos 30
id 30  pos  2508  spd     0  load    0  12.1 V  31 C  err 0x00
>>> pos 30
id 30  pos  2508  spd     0  load    0  12.1 V  31 C  err 0x00
>>> pos 30
id 30  pos  2508  spd     0  load    0  12.0 V  31 C  err 0x00
>>> pos 30
id 30  pos  2508  spd     0  load    0  12.1 V  31 C  err 0x00
>>> pos 30
id 30  pos  2508  spd     0  load    0  12.1 V  31 C  err 0x00
>>> pos 30
id 30  pos  2508  spd     0  load    0  12.0 V  31 C  err 0x00
>>> pos 30
id 30  pos  2508  spd     0  load    0  12.1 V  31 C  err 0x00
>>> pos 30
id 30  pos  2508  spd     0  load    0  12.1 V  31 C  err 0x00
>>> pos 30
id 30  pos  2508  spd     0  load    0  12.1 V  31 C  err 0x00
>>> pos 30
id 30  pos  2508  spd     0  load    0  12.0 V  31 C  err 0x00
>>> pos 30
id 30  pos  2508  spd     0  load    0  12.1 V  31 C  err 0x00
>>> pos 30
id 30  pos  2508  spd     0  load    0  12.0 V  31 C  err 0x00
>>> pos 30
id 30  pos  2508  spd     0  load    0  12.0 V  31 C  err 0x00
>>> pos 30
id 30  pos  2508  spd     0  load    0  12.0 V  31 C  err 0x00
>>> pos 30
id 30  pos  2508  spd     0  load    0  12.0 V  31 C  err 0x00
>>> pos 30
id 30  pos  2508  spd     0  load    0  12.0 V  31 C  err 0x00
>>> pos 30
id 30  pos  2508  spd     0  load    0  12.0 V  31 C  err 0x00
>>> pos 30
id 30  pos  2508  spd     0  load    0  12.1 V  31 C  err 0x00
>>> pos 30
id 30  pos  2508  spd     0  load    0  12.0 V  31 C  err 0x00
>>> pos 30
id 30  pos  2508  spd     0  load    0  12.1 V  31 C  err 0x00
>>> pos 30
id 30  pos  2508  spd     0  load    0  12.1 V  31 C  err 0x00
>>> pos 30
id 30  pos  2508  spd     0  load    0  12.1 V  31 C  err 0x00
>>> pos 30
id 30  pos  2508  spd     0  load    0  12.1 V  31 C  err 0x00
>>> pos 30
id 30  pos  2508  spd     0  load    0  12.1 V  31 C  err 0x00
>>> pos 30
id 30  pos  2508  spd     0  load    0  12.1 V  31 C  err 0x00
>>> pos 30
id 30  pos  2508  spd     0  load    0  12.1 V  31 C  err 0x00
>>> pos 30
id 30  pos  2508  spd     0  load    0  12.0 V  31 C  err 0x00
>>> pos 30
id 30  pos  2508  spd     0  load    0  12.0 V  31 C  err 0x00
>>> pos 30
id 30  pos  2508  spd     0  load    0  12.0 V  31 C  err 0x00
  LEVEL probes: above +2.0 (load 48), below +1.0 (load 0), midpoint +1.5
>>> move 30 2530 0 200 2
move id 30 -> 2530 ticks, 0 ms, spd 200, acc 2: ok
>>> pos 30
id 30  pos  2508  spd     0  load    0  12.1 V  31 C  err 0x00
>>> pos 30
id 30  pos  2508  spd     0  load  -52  12.0 V  31 C  err 0x00
>>> pos 30
id 30  pos  2511  spd   100  load    0  12.0 V  31 C  err 0x00
>>> pos 30
id 30  pos  2513  spd     0  load  -48  12.0 V  31 C  err 0x00
>>> pos 30
id 30  pos  2516  spd    50  load   24  12.0 V  31 C  err 0x00
>>> pos 30
id 30  pos  2518  spd    50  load    0  12.1 V  31 C  err 0x00
>>> pos 30
id 30  pos  2520  spd   100  load    0  12.1 V  31 C  err 0x00
>>> pos 30
id 30  pos  2522  spd   100  load    0  12.0 V  31 C  err 0x00
>>> pos 30
id 30  pos  2523  spd     0  load  -52  12.0 V  31 C  err 0x00
>>> pos 30
id 30  pos  2526  spd     0  load    0  12.1 V  31 C  err 0x00
>>> pos 30
id 30  pos  2527  spd     0  load    0  12.0 V  31 C  err 0x00
>>> pos 30
id 30  pos  2529  spd    50  load  -20  12.0 V  31 C  err 0x00
>>> pos 30
id 30  pos  2531  spd   100  load    0  12.1 V  31 C  err 0x00
>>> pos 30
id 30  pos  2531  spd     0  load    0  12.0 V  31 C  err 0x00
>>> pos 30
id 30  pos  2531  spd     0  load    0  12.0 V  31 C  err 0x00
>>> pos 30
id 30  pos  2531  spd     0  load    0  12.1 V  31 C  err 0x00
>>> pos 30
id 30  pos  2531  spd     0  load    0  12.1 V  31 C  err 0x00
>>> pos 30
id 30  pos  2531  spd     0  load    0  12.0 V  31 C  err 0x00
>>> pos 30
id 30  pos  2531  spd     0  load    0  12.1 V  31 C  err 0x00
>>> pos 30
id 30  pos  2531  spd     0  load    0  12.1 V  31 C  err 0x00
>>> pos 30
id 30  pos  2531  spd     0  load    0  12.0 V  31 C  err 0x00
>>> pos 30
id 30  pos  2531  spd     0  load    0  12.0 V  31 C  err 0x00
>>> pos 30
id 30  pos  2531  spd     0  load    0  12.1 V  31 C  err 0x00
>>> pos 30
id 30  pos  2531  spd     0  load    0  12.1 V  31 C  err 0x00
>>> pos 30
id 30  pos  2531  spd     0  load    0  12.0 V  31 C  err 0x00
>>> pos 30
id 30  pos  2531  spd     0  load    0  12.1 V  31 C  err 0x00
>>> pos 30
id 30  pos  2531  spd     0  load    0  12.1 V  31 C  err 0x00
>>> pos 30
id 30  pos  2531  spd     0  load    0  12.1 V  31 C  err 0x00
>>> pos 30
id 30  pos  2531  spd     0  load    0  12.0 V  31 C  err 0x00
>>> pos 30
id 30  pos  2531  spd     0  load    0  12.0 V  31 C  err 0x00
>>> pos 30
id 30  pos  2531  spd     0  load    0  12.1 V  31 C  err 0x00
>>> pos 30
id 30  pos  2531  spd     0  load    0  12.1 V  31 C  err 0x00
>>> pos 30
id 30  pos  2531  spd     0  load    0  12.0 V  31 C  err 0x00
>>> pos 30
id 30  pos  2531  spd     0  load    0  12.0 V  31 C  err 0x00
>>> pos 30
id 30  pos  2531  spd     0  load    0  12.0 V  31 C  err 0x00
>>> pos 30
id 30  pos  2531  spd     0  load    0  12.0 V  31 C  err 0x00
>>> pos 30
id 30  pos  2531  spd     0  load    0  12.0 V  31 C  err 0x00
>>> pos 30
id 30  pos  2531  spd     0  load    0  12.0 V  31 C  err 0x00
>>> pos 30
id 30  pos  2531  spd     0  load    0  12.0 V  31 C  err 0x00
>>> pos 30
id 30  pos  2531  spd     0  load    0  12.1 V  31 C  err 0x00
>>> pos 30
id 30  pos  2531  spd     0  load    0  12.0 V  31 C  err 0x00
>>> pos 30
id 30  pos  2531  spd     0  load    0  12.1 V  31 C  err 0x00
>>> pos 30
id 30  pos  2531  spd     0  load    0  12.1 V  31 C  err 0x00
>>> pos 30
id 30  pos  2531  spd     0  load    0  12.0 V  31 C  err 0x00
>>> pos 30
id 30  pos  2531  spd     0  load    0  12.1 V  31 C  err 0x00
>>> pos 30
id 30  pos  2531  spd     0  load    0  12.0 V  31 C  err 0x00
>>> pos 30
id 30  pos  2531  spd     0  load    0  12.1 V  31 C  err 0x00
>>> pos 30
id 30  pos  2531  spd     0  load    0  12.1 V  31 C  err 0x00
>>> pos 30
id 30  pos  2531  spd     0  load    0  12.0 V  31 C  err 0x00
>>> pos 30
id 30  pos  2531  spd     0  load    0  12.1 V  31 C  err 0x00
>>> pos 30
id 30  pos  2531  spd     0  load    0  12.0 V  31 C  err 0x00
>>> pos 30
id 30  pos  2531  spd     0  load    0  12.0 V  31 C  err 0x00
>>> pos 30
id 30  pos  2531  spd     0  load    0  12.0 V  31 C  err 0x00
>>> pos 30
id 30  pos  2531  spd     0  load    0  12.0 V  31 C  err 0x00
>>> pos 30
id 30  pos  2531  spd     0  load    0  12.1 V  31 C  err 0x00
>>> pos 30
id 30  pos  2531  spd     0  load    0  12.0 V  31 C  err 0x00
>>> pos 30
id 30  pos  2531  spd     0  load    0  12.1 V  31 C  err 0x00
>>> pos 30
id 30  pos  2531  spd     0  load    0  12.0 V  31 C  err 0x00
>>> pos 30
id 30  pos  2531  spd     0  load    0  12.0 V  31 C  err 0x00
>>> pos 30
id 30  pos  2531  spd     0  load    0  12.0 V  31 C  err 0x00
>>> pos 30
id 30  pos  2531  spd     0  load    0  12.0 V  31 C  err 0x00
  LEVEL step 2507->2530: overshoot 0, settle 0.4302, residual range 0, offset +1.0, moving in last 1 s 0, err 0
>>> move 30 2507 0 200 2
move id 30 -> 2507 ticks, 0 ms, spd 200, acc 2: ok
>>> pos 30
id 30  pos  2531  spd     0  load   84  12.1 V  31 C  err 0x00
>>> pos 30
id 30  pos  2529  spd   -50  load   84  12.0 V  31 C  err 0x00
>>> pos 30
id 30  pos  2527  spd  -100  load   80  12.0 V  31 C  err 0x00
>>> pos 30
id 30  pos  2525  spd   -50  load  112  12.0 V  31 C  err 0x00
>>> pos 30
id 30  pos  2522  spd   -50  load   80  12.1 V  31 C  err 0x00
>>> pos 30
id 30  pos  2520  spd   -50  load   84  12.1 V  31 C  err 0x00
>>> pos 30
id 30  pos  2518  spd  -100  load   80  12.1 V  32 C  err 0x00
>>> pos 30
id 30  pos  2517  spd     0  load  112  12.0 V  31 C  err 0x00
>>> pos 30
id 30  pos  2514  spd  -150  load   76  12.1 V  31 C  err 0x00
>>> pos 30
id 30  pos  2513  spd   -50  load   84  12.1 V  31 C  err 0x00
>>> pos 30
id 30  pos  2511  spd  -100  load   80  12.0 V  31 C  err 0x00
>>> pos 30
id 30  pos  2510  spd     0  load   84  12.1 V  31 C  err 0x00
>>> pos 30
id 30  pos  2510  spd     0  load   80  12.1 V  31 C  err 0x00
>>> pos 30
id 30  pos  2510  spd     0  load   80  12.0 V  31 C  err 0x00
>>> pos 30
id 30  pos  2510  spd     0  load   80  12.0 V  31 C  err 0x00
>>> pos 30
id 30  pos  2510  spd     0  load   80  12.0 V  31 C  err 0x00
>>> pos 30
id 30  pos  2510  spd     0  load   80  12.1 V  31 C  err 0x00
>>> pos 30
id 30  pos  2510  spd     0  load   80  12.0 V  31 C  err 0x00
>>> pos 30
id 30  pos  2510  spd     0  load   80  12.1 V  31 C  err 0x00
>>> pos 30
id 30  pos  2510  spd     0  load   80  12.0 V  31 C  err 0x00
>>> pos 30
id 30  pos  2510  spd     0  load   80  12.1 V  31 C  err 0x00
>>> pos 30
id 30  pos  2510  spd     0  load   80  12.1 V  31 C  err 0x00
>>> pos 30
id 30  pos  2510  spd     0  load   80  12.0 V  31 C  err 0x00
>>> pos 30
id 30  pos  2510  spd     0  load   80  12.1 V  31 C  err 0x00
>>> pos 30
id 30  pos  2510  spd     0  load   80  12.1 V  31 C  err 0x00
>>> pos 30
id 30  pos  2510  spd     0  load   80  12.0 V  32 C  err 0x00
>>> pos 30
id 30  pos  2510  spd     0  load   80  12.1 V  31 C  err 0x00
>>> pos 30
id 30  pos  2510  spd     0  load   80  12.1 V  31 C  err 0x00
>>> pos 30
id 30  pos  2510  spd     0  load   80  12.0 V  31 C  err 0x00
>>> pos 30
id 30  pos  2510  spd     0  load   80  12.0 V  31 C  err 0x00
>>> pos 30
id 30  pos  2510  spd     0  load   80  12.0 V  31 C  err 0x00
>>> pos 30
id 30  pos  2510  spd     0  load   80  12.0 V  31 C  err 0x00
>>> pos 30
id 30  pos  2510  spd     0  load   80  12.1 V  31 C  err 0x00
>>> pos 30
id 30  pos  2510  spd     0  load   80  12.1 V  31 C  err 0x00
>>> pos 30
id 30  pos  2510  spd     0  load   80  12.1 V  31 C  err 0x00
>>> pos 30
id 30  pos  2510  spd     0  load   80  12.1 V  31 C  err 0x00
>>> pos 30
id 30  pos  2510  spd     0  load   80  12.0 V  31 C  err 0x00
>>> pos 30
id 30  pos  2510  spd     0  load   80  12.1 V  31 C  err 0x00
>>> pos 30
id 30  pos  2510  spd     0  load   80  12.0 V  31 C  err 0x00
>>> pos 30
id 30  pos  2510  spd     0  load   80  12.0 V  31 C  err 0x00
>>> pos 30
id 30  pos  2510  spd     0  load   80  12.1 V  31 C  err 0x00
>>> pos 30
id 30  pos  2510  spd     0  load   80  12.0 V  31 C  err 0x00
>>> pos 30
id 30  pos  2510  spd     0  load   80  12.1 V  31 C  err 0x00
>>> pos 30
id 30  pos  2510  spd     0  load   80  12.0 V  31 C  err 0x00
>>> pos 30
id 30  pos  2510  spd     0  load   80  12.0 V  31 C  err 0x00
>>> pos 30
id 30  pos  2510  spd     0  load   80  12.0 V  31 C  err 0x00
>>> pos 30
id 30  pos  2510  spd     0  load   80  12.1 V  31 C  err 0x00
>>> pos 30
id 30  pos  2510  spd     0  load   80  12.0 V  31 C  err 0x00
>>> pos 30
id 30  pos  2510  spd     0  load   80  12.0 V  31 C  err 0x00
>>> pos 30
id 30  pos  2510  spd     0  load   80  12.0 V  31 C  err 0x00
>>> pos 30
id 30  pos  2510  spd     0  load   80  12.0 V  31 C  err 0x00
>>> pos 30
id 30  pos  2510  spd     0  load   80  12.0 V  31 C  err 0x00
>>> pos 30
id 30  pos  2510  spd     0  load   80  12.1 V  31 C  err 0x00
>>> pos 30
id 30  pos  2509  spd   -50  load   44  12.1 V  31 C  err 0x00
>>> pos 30
id 30  pos  2509  spd     0  load   48  12.1 V  31 C  err 0x00
>>> pos 30
id 30  pos  2509  spd     0  load   48  12.1 V  31 C  err 0x00
>>> pos 30
id 30  pos  2509  spd     0  load   48  12.1 V  31 C  err 0x00
>>> pos 30
id 30  pos  2509  spd     0  load   48  12.1 V  31 C  err 0x00
>>> pos 30
id 30  pos  2509  spd     0  load   48  12.1 V  31 C  err 0x00
>>> pos 30
id 30  pos  2509  spd     0  load   48  12.1 V  31 C  err 0x00
>>> pos 30
id 30  pos  2509  spd     0  load   48  12.0 V  31 C  err 0x00
  LEVEL step 2530->2507: overshoot 1, settle 0.3971, residual range 1, offset +2.7, moving in last 1 s 1, err 0
>>> move 30 2484 0 200 2
move id 30 -> 2484 ticks, 0 ms, spd 200, acc 2: ok
>>> pos 30
id 30  pos  2509  spd     0  load  116  12.1 V  31 C  err 0x00
>>> pos 30
id 30  pos  2506  spd  -150  load   80  12.1 V  31 C  err 0x00
>>> pos 30
id 30  pos  2503  spd  -100  load   48  12.0 V  31 C  err 0x00
>>> pos 30
id 30  pos  2503  spd     0  load  148  12.0 V  31 C  err 0x00
>>> pos 30
id 30  pos  2498  spd  -150  load   40  12.1 V  31 C  err 0x00
>>> pos 30
id 30  pos  2497  spd  -100  load   84  12.0 V  31 C  err 0x00
>>> pos 30
id 30  pos  2494  spd     0  load   76  12.0 V  31 C  err 0x00
>>> pos 30
id 30  pos  2492  spd  -100  load   76  12.1 V  31 C  err 0x00
>>> pos 30
id 30  pos  2492  spd     0  load  116  12.1 V  31 C  err 0x00
>>> pos 30
id 30  pos  2488  spd  -100  load   44  12.1 V  31 C  err 0x00
>>> pos 30
id 30  pos  2488  spd     0  load  112  12.1 V  31 C  err 0x00
>>> pos 30
id 30  pos  2486  spd  -100  load   44  12.0 V  31 C  err 0x00
>>> pos 30
id 30  pos  2486  spd     0  load   48  12.0 V  31 C  err 0x00
>>> pos 30
id 30  pos  2486  spd     0  load   48  12.1 V  31 C  err 0x00
>>> pos 30
id 30  pos  2486  spd     0  load   48  12.0 V  31 C  err 0x00
>>> pos 30
id 30  pos  2486  spd     0  load   48  12.1 V  31 C  err 0x00
>>> pos 30
id 30  pos  2486  spd     0  load   48  12.1 V  31 C  err 0x00
>>> pos 30
id 30  pos  2486  spd     0  load   48  12.1 V  31 C  err 0x00
>>> pos 30
id 30  pos  2486  spd     0  load   48  12.0 V  31 C  err 0x00
>>> pos 30
id 30  pos  2486  spd     0  load   48  12.0 V  31 C  err 0x00
>>> pos 30
id 30  pos  2486  spd     0  load   48  12.1 V  31 C  err 0x00
>>> pos 30
id 30  pos  2486  spd     0  load   48  12.1 V  31 C  err 0x00
>>> pos 30
id 30  pos  2486  spd     0  load   48  12.0 V  31 C  err 0x00
>>> pos 30
id 30  pos  2486  spd     0  load   48  12.0 V  31 C  err 0x00
>>> pos 30
id 30  pos  2486  spd     0  load   48  12.1 V  31 C  err 0x00
>>> pos 30
id 30  pos  2486  spd     0  load   48  12.0 V  31 C  err 0x00
>>> pos 30
id 30  pos  2486  spd     0  load   48  12.0 V  31 C  err 0x00
>>> pos 30
id 30  pos  2486  spd     0  load   48  12.1 V  31 C  err 0x00
>>> pos 30
id 30  pos  2486  spd     0  load   48  12.1 V  31 C  err 0x00
>>> pos 30
id 30  pos  2486  spd     0  load   48  12.0 V  31 C  err 0x00
>>> pos 30
id 30  pos  2486  spd     0  load   48  12.0 V  31 C  err 0x00
>>> pos 30
id 30  pos  2486  spd     0  load   48  12.1 V  31 C  err 0x00
>>> pos 30
id 30  pos  2486  spd     0  load   48  12.0 V  31 C  err 0x00
>>> pos 30
id 30  pos  2486  spd     0  load   48  12.0 V  31 C  err 0x00
>>> pos 30
id 30  pos  2486  spd     0  load   48  12.1 V  31 C  err 0x00
>>> pos 30
id 30  pos  2486  spd     0  load   48  12.1 V  31 C  err 0x00
>>> pos 30
id 30  pos  2486  spd     0  load   48  12.0 V  31 C  err 0x00
>>> pos 30
id 30  pos  2486  spd     0  load   48  12.0 V  31 C  err 0x00
>>> pos 30
id 30  pos  2486  spd     0  load   48  12.0 V  31 C  err 0x00
>>> pos 30
id 30  pos  2486  spd     0  load   48  12.1 V  31 C  err 0x00
>>> pos 30
id 30  pos  2486  spd     0  load   48  12.1 V  31 C  err 0x00
>>> pos 30
id 30  pos  2486  spd     0  load   48  12.1 V  31 C  err 0x00
>>> pos 30
id 30  pos  2486  spd     0  load   48  12.0 V  31 C  err 0x00
>>> pos 30
id 30  pos  2486  spd     0  load   48  12.0 V  31 C  err 0x00
>>> pos 30
id 30  pos  2486  spd     0  load   48  12.0 V  31 C  err 0x00
>>> pos 30
id 30  pos  2486  spd     0  load   48  12.0 V  31 C  err 0x00
>>> pos 30
id 30  pos  2486  spd     0  load   48  12.1 V  31 C  err 0x00
>>> pos 30
id 30  pos  2486  spd     0  load   48  12.0 V  31 C  err 0x00
>>> pos 30
id 30  pos  2486  spd     0  load   48  12.0 V  31 C  err 0x00
>>> pos 30
id 30  pos  2486  spd     0  load   48  12.1 V  31 C  err 0x00
>>> pos 30
id 30  pos  2486  spd     0  load   48  12.0 V  31 C  err 0x00
>>> pos 30
id 30  pos  2486  spd     0  load   48  12.1 V  31 C  err 0x00
>>> pos 30
id 30  pos  2486  spd     0  load   48  12.0 V  31 C  err 0x00
>>> pos 30
id 30  pos  2486  spd     0  load   48  12.1 V  31 C  err 0x00
>>> pos 30
id 30  pos  2486  spd     0  load   48  12.1 V  31 C  err 0x00
>>> pos 30
id 30  pos  2486  spd     0  load   48  12.1 V  31 C  err 0x00
>>> pos 30
id 30  pos  2486  spd     0  load   48  12.1 V  31 C  err 0x00
>>> pos 30
id 30  pos  2486  spd     0  load   48  12.1 V  31 C  err 0x00
>>> pos 30
id 30  pos  2486  spd     0  load   48  12.1 V  31 C  err 0x00
>>> pos 30
id 30  pos  2486  spd     0  load   48  12.0 V  31 C  err 0x00
>>> pos 30
id 30  pos  2486  spd     0  load   48  12.0 V  31 C  err 0x00
  LEVEL step 2507->2484: overshoot 0, settle 0.4072, residual range 0, offset +2.0, moving in last 1 s 0, err 0
>>> move 30 2507 0 200 2
move id 30 -> 2507 ticks, 0 ms, spd 200, acc 2: ok
>>> pos 30
id 30  pos  2486  spd     0  load  -20  12.1 V  31 C  err 0x00
>>> pos 30
id 30  pos  2486  spd     0  load    0  12.0 V  31 C  err 0x00
>>> pos 30
id 30  pos  2487  spd     0  load  -52  12.0 V  31 C  err 0x00
>>> pos 30
id 30  pos  2491  spd   100  load   20  12.1 V  31 C  err 0x00
>>> pos 30
id 30  pos  2492  spd     0  load  -48  12.1 V  31 C  err 0x00
>>> pos 30
id 30  pos  2496  spd   150  load   24  12.0 V  31 C  err 0x00
>>> pos 30
id 30  pos  2497  spd    50  load    0  12.1 V  31 C  err 0x00
>>> pos 30
id 30  pos  2499  spd    50  load  -20  12.0 V  31 C  err 0x00
>>> pos 30
id 30  pos  2501  spd   100  load    0  12.1 V  31 C  err 0x00
>>> pos 30
id 30  pos  2502  spd     0  load    0  12.0 V  31 C  err 0x00
>>> pos 30
id 30  pos  2504  spd   100  load    0  12.1 V  31 C  err 0x00
>>> pos 30
id 30  pos  2505  spd     0  load  -48  12.0 V  31 C  err 0x00
>>> pos 30
id 30  pos  2507  spd    50  load    0  12.1 V  31 C  err 0x00
>>> pos 30
id 30  pos  2507  spd     0  load    0  12.1 V  31 C  err 0x00
>>> pos 30
id 30  pos  2507  spd     0  load    0  12.0 V  31 C  err 0x00
>>> pos 30
id 30  pos  2507  spd     0  load    0  12.1 V  31 C  err 0x00
>>> pos 30
id 30  pos  2507  spd     0  load    0  12.1 V  31 C  err 0x00
>>> pos 30
id 30  pos  2507  spd     0  load    0  12.0 V  31 C  err 0x00
>>> pos 30
id 30  pos  2507  spd     0  load    0  12.1 V  31 C  err 0x00
>>> pos 30
id 30  pos  2507  spd     0  load    0  12.0 V  31 C  err 0x00
>>> pos 30
id 30  pos  2507  spd     0  load    0  12.0 V  31 C  err 0x00
>>> pos 30
id 30  pos  2507  spd     0  load    0  12.1 V  31 C  err 0x00
>>> pos 30
id 30  pos  2507  spd     0  load    0  12.1 V  31 C  err 0x00
>>> pos 30
id 30  pos  2507  spd     0  load    0  12.0 V  31 C  err 0x00
>>> pos 30
id 30  pos  2507  spd     0  load    0  12.1 V  31 C  err 0x00
>>> pos 30
id 30  pos  2507  spd     0  load    0  12.0 V  31 C  err 0x00
>>> pos 30
id 30  pos  2507  spd     0  load    0  12.0 V  31 C  err 0x00
>>> pos 30
id 30  pos  2507  spd     0  load    0  12.0 V  31 C  err 0x00
>>> pos 30
id 30  pos  2507  spd     0  load    0  12.1 V  31 C  err 0x00
>>> pos 30
id 30  pos  2507  spd     0  load    0  12.0 V  31 C  err 0x00
>>> pos 30
id 30  pos  2507  spd     0  load    0  12.1 V  31 C  err 0x00
>>> pos 30
id 30  pos  2507  spd     0  load    0  12.1 V  31 C  err 0x00
>>> pos 30
id 30  pos  2507  spd     0  load    0  12.1 V  31 C  err 0x00
>>> pos 30
id 30  pos  2507  spd     0  load    0  12.0 V  31 C  err 0x00
>>> pos 30
id 30  pos  2507  spd     0  load    0  12.1 V  31 C  err 0x00
>>> pos 30
id 30  pos  2507  spd     0  load    0  12.1 V  31 C  err 0x00
>>> pos 30
id 30  pos  2507  spd     0  load    0  12.1 V  31 C  err 0x00
>>> pos 30
id 30  pos  2507  spd     0  load    0  12.1 V  31 C  err 0x00
>>> pos 30
id 30  pos  2507  spd     0  load    0  12.0 V  31 C  err 0x00
>>> pos 30
id 30  pos  2507  spd     0  load    0  12.1 V  31 C  err 0x00
>>> pos 30
id 30  pos  2507  spd     0  load    0  12.0 V  31 C  err 0x00
>>> pos 30
id 30  pos  2507  spd     0  load    0  12.1 V  31 C  err 0x00
>>> pos 30
id 30  pos  2507  spd     0  load    0  12.0 V  31 C  err 0x00
>>> pos 30
id 30  pos  2507  spd     0  load    0  12.1 V  31 C  err 0x00
>>> pos 30
id 30  pos  2507  spd     0  load    0  12.0 V  31 C  err 0x00
>>> pos 30
id 30  pos  2507  spd     0  load    0  12.1 V  31 C  err 0x00
>>> pos 30
id 30  pos  2507  spd     0  load    0  12.0 V  31 C  err 0x00
>>> pos 30
id 30  pos  2507  spd     0  load    0  12.1 V  31 C  err 0x00
>>> pos 30
id 30  pos  2507  spd     0  load    0  12.0 V  31 C  err 0x00
>>> pos 30
id 30  pos  2507  spd     0  load    0  12.1 V  31 C  err 0x00
>>> pos 30
id 30  pos  2507  spd     0  load    0  12.1 V  31 C  err 0x00
>>> pos 30
id 30  pos  2507  spd     0  load    0  12.0 V  31 C  err 0x00
>>> pos 30
id 30  pos  2507  spd     0  load    0  12.0 V  31 C  err 0x00
>>> pos 30
id 30  pos  2507  spd     0  load    0  12.0 V  31 C  err 0x00
>>> pos 30
id 30  pos  2507  spd     0  load    0  12.0 V  31 C  err 0x00
>>> pos 30
id 30  pos  2507  spd     0  load    0  12.1 V  31 C  err 0x00
>>> pos 30
id 30  pos  2507  spd     0  load    0  12.1 V  31 C  err 0x00
>>> pos 30
id 30  pos  2507  spd     0  load    0  12.0 V  31 C  err 0x00
>>> pos 30
id 30  pos  2507  spd     0  load    0  12.1 V  31 C  err 0x00
>>> pos 30
id 30  pos  2507  spd     0  load    0  12.1 V  31 C  err 0x00
>>> pos 30
id 30  pos  2507  spd     0  load    0  12.0 V  31 C  err 0x00
  LEVEL step 2484->2507: overshoot 0, settle 0.4303, residual range 0, offset +0.0, moving in last 1 s 0, err 0
>>> pos 30
id 30  pos  2507  spd     0  load    0  12.0 V  31 C  err 0x00
>>> move 30 3531 0 100 2
move id 30 -> 3531 ticks, 0 ms, spd 100, acc 2: ok
>>> pos 30
id 30  pos  2507  spd     0  load    0  12.0 V  31 C  err 0x00
>>> pos 30
id 30  pos  2508  spd     0  load  -48  12.1 V  31 C  err 0x00
>>> pos 30
id 30  pos  2511  spd   100  load   20  12.1 V  31 C  err 0x00
>>> pos 30
id 30  pos  2513  spd   100  load  -48  12.0 V  31 C  err 0x00
>>> pos 30
id 30  pos  2516  spd   100  load    0  12.1 V  31 C  err 0x00
>>> pos 30
id 30  pos  2518  spd     0  load  -56  12.0 V  31 C  err 0x00
>>> pos 30
id 30  pos  2522  spd    50  load    0  12.1 V  31 C  err 0x00
>>> pos 30
id 30  pos  2524  spd     0  load  -48  12.1 V  31 C  err 0x00
>>> pos 30
id 30  pos  2529  spd   150  load   20  12.0 V  31 C  err 0x00
>>> pos 30
id 30  pos  2531  spd   100  load  -56  12.1 V  31 C  err 0x00
>>> pos 30
id 30  pos  2536  spd   200  load   24  12.1 V  31 C  err 0x00
>>> pos 30
id 30  pos  2537  spd    50  load  -84  12.1 V  31 C  err 0x00
>>> pos 30
id 30  pos  2541  spd   150  load  -48  12.1 V  31 C  err 0x00
>>> pos 30
id 30  pos  2545  spd   100  load  -20  12.1 V  31 C  err 0x00
>>> pos 30
id 30  pos  2548  spd    50  load  -48  12.0 V  31 C  err 0x00
>>> pos 30
id 30  pos  2551  spd     0  load  -48  12.1 V  31 C  err 0x00
>>> pos 30
id 30  pos  2556  spd   200  load   20  12.1 V  31 C  err 0x00
>>> pos 30
id 30  pos  2557  spd    50  load  -84  12.0 V  31 C  err 0x00
>>> pos 30
id 30  pos  2561  spd   150  load  -48  12.1 V  31 C  err 0x00
>>> pos 30
id 30  pos  2565  spd   100  load  -20  12.0 V  31 C  err 0x00
>>> pos 30
id 30  pos  2568  spd    50  load    0  12.0 V  31 C  err 0x00
>>> pos 30
id 30  pos  2571  spd     0  load  -48  12.0 V  31 C  err 0x00
>>> pos 30
id 30  pos  2575  spd   150  load   20  12.0 V  31 C  err 0x00
>>> pos 30
id 30  pos  2578  spd   100  load    0  12.1 V  31 C  err 0x00
>>> pos 30
id 30  pos  2581  spd   150  load  -48  12.0 V  31 C  err 0x00
>>> pos 30
id 30  pos  2585  spd    50  load  -24  12.1 V  31 C  err 0x00
>>> pos 30
id 30  pos  2589  spd   100  load    0  12.1 V  31 C  err 0x00
>>> pos 30
id 30  pos  2590  spd     0  load  -88  12.1 V  31 C  err 0x00
>>> pos 30
id 30  pos  2596  spd   250  load   24  12.0 V  31 C  err 0x00
>>> pos 30
id 30  pos  2596  spd     0  load  -84  12.0 V  31 C  err 0x00
>>> pos 30
id 30  pos  2603  spd   150  load   20  12.1 V  31 C  err 0x00
>>> pos 30
id 30  pos  2604  spd    50  load  -48  12.1 V  31 C  err 0x00
>>> pos 30
id 30  pos  2608  spd   200  load    0  12.1 V  31 C  err 0x00
>>> pos 30
id 30  pos  2612  spd   150  load    0  12.0 V  31 C  err 0x00
>>> pos 30
id 30  pos  2613  spd     0  load  -84  12.0 V  31 C  err 0x00
>>> pos 30
id 30  pos  2619  spd   200  load   20  12.1 V  31 C  err 0x00
>>> pos 30
id 30  pos  2619  spd     0  load -120  12.0 V  31 C  err 0x00
>>> pos 30
id 30  pos  2626  spd   250  load   24  12.0 V  31 C  err 0x00
>>> pos 30
id 30  pos  2627  spd    50  load  -52  12.0 V  31 C  err 0x00
>>> pos 30
id 30  pos  2632  spd   150  load    0  12.0 V  31 C  err 0x00
>>> pos 30
id 30  pos  2632  spd     0  load -116  12.0 V  31 C  err 0x00
>>> pos 30
id 30  pos  2640  spd   250  load   24  12.1 V  31 C  err 0x00
>>> pos 30
id 30  pos  2641  spd    50  load    0  12.1 V  31 C  err 0x00
>>> pos 30
id 30  pos  2644  spd   100  load  -52  12.0 V  31 C  err 0x00
>>> pos 30
id 30  pos  2648  spd   100  load    0  12.1 V  31 C  err 0x00
>>> pos 30
id 30  pos  2650  spd     0  load  -52  12.1 V  31 C  err 0x00
>>> pos 30
id 30  pos  2656  spd   150  load   20  12.1 V  31 C  err 0x00
>>> pos 30
id 30  pos  2656  spd    50  load  -84  12.0 V  46 C  err 0x00
>>> pos 30
id 30  pos  2662  spd   200  load    0  12.1 V  31 C  err 0x00
>>> pos 30
id 30  pos  2663  spd     0  load  -80  12.0 V  31 C  err 0x00
>>> pos 30
id 30  pos  2668  spd   100  load   20  12.0 V  31 C  err 0x00
>>> pos 30
id 30  pos  2670  spd     0  load  -48  12.1 V  31 C  err 0x00
>>> pos 30
id 30  pos  2676  spd   200  load   20  12.1 V  31 C  err 0x00
>>> pos 30
id 30  pos  2676  spd    50  load  -84  12.0 V  31 C  err 0x00
>>> pos 30
id 30  pos  2682  spd   250  load   20  12.0 V  31 C  err 0x00
>>> pos 30
id 30  pos  2683  spd     0  load  -52  12.1 V  31 C  err 0x00
>>> pos 30
id 30  pos  2688  spd   200  load    0  12.1 V  31 C  err 0x00
>>> pos 30
id 30  pos  2689  spd     0  load  -84  12.1 V  67 C  err 0x00
>>> pos 30
id 30  pos  2696  spd   150  load   20  12.0 V  31 C  err 0x00
>>> pos 30
id 30  pos  2696  spd    50  load  -84  12.1 V  31 C  err 0x00
>>> pos 30
id 30  pos  2702  spd   150  load    0  12.1 V  31 C  err 0x00
>>> pos 30
id 30  pos  2703  spd     0  load  -48  12.0 V  31 C  err 0x00
>>> pos 30
id 30  pos  2708  spd   100  load   20  12.1 V  31 C  err 0x00
>>> pos 30
id 30  pos  2710  spd    50  load  -48  12.0 V  31 C  err 0x00
>>> pos 30
id 30  pos  2714  spd   150  load    0  12.1 V  31 C  err 0x00
>>> pos 30
id 30  pos  2717  spd   200  load  -48  12.1 V  31 C  err 0x00
>>> pos 30
id 30  pos  2721  spd   100  load  -20  12.0 V  31 C  err 0x00
>>> pos 30
id 30  pos  2724  spd    50  load    0  12.0 V  31 C  err 0x00
>>> pos 30
id 30  pos  2726  spd     0  load  -80  12.0 V  31 C  err 0x00
>>> pos 30
id 30  pos  2732  spd   200  load   20  12.1 V  31 C  err 0x00
>>> pos 30
id 30  pos  2732  spd     0  load  -84  12.1 V  31 C  err 0x00
>>> pos 30
id 30  pos  2738  spd   150  load   24  12.0 V  31 C  err 0x00
>>> pos 30
id 30  pos  2740  spd     0  load  -48  12.0 V  31 C  err 0x00
>>> pos 30
id 30  pos  2745  spd   250  load   20  12.0 V  31 C  err 0x00
>>> pos 30
id 30  pos  2746  spd    50  load  -48  12.0 V  31 C  err 0x00
>>> pos 30
id 30  pos  2752  spd   200  load   20  12.0 V  31 C  err 0x00
>>> pos 30
id 30  pos  2753  spd     0  load  -48  12.0 V  31 C  err 0x00
>>> pos 30
id 30  pos  2758  spd   100  load  -20  12.0 V  31 C  err 0x00
>>> pos 30
id 30  pos  2760  spd    50  load  -48  12.1 V  31 C  err 0x00
>>> pos 30
id 30  pos  2763  spd     0  load  -48  12.0 V  31 C  err 0x00
>>> pos 30
id 30  pos  2768  spd   200  load   20  12.0 V  31 C  err 0x00
>>> pos 30
id 30  pos  2768  spd     0  load -116  12.0 V  31 C  err 0x00
>>> pos 30
id 30  pos  2775  spd   150  load   20  12.0 V  31 C  err 0x00
>>> pos 30
id 30  pos  2775  spd     0  load  -80  12.1 V  31 C  err 0x00
>>> pos 30
id 30  pos  2782  spd   250  load   24  12.1 V  31 C  err 0x00
>>> pos 30
id 30  pos  2782  spd     0  load  -84  12.0 V  31 C  err 0x00
>>> pos 30
id 30  pos  2788  spd   200  load   20  12.0 V  31 C  err 0x00
>>> pos 30
id 30  pos  2789  spd    50  load  -52  12.1 V  33 C  err 0x00
>>> pos 30
id 30  pos  2794  spd   150  load    0  12.0 V  31 C  err 0x00
>>> pos 30
id 30  pos  2796  spd    50  load  -52  12.0 V  31 C  err 0x00
>>> pos 30
id 30  pos  2800  spd   100  load    0  12.0 V  31 C  err 0x00
>>> pos 30
id 30  pos  2804  spd    50  load   20  12.1 V  31 C  err 0x00
>>> pos 30
id 30  pos  2805  spd    50  load  -80  12.0 V  31 C  err 0x00
>>> pos 30
id 30  pos  2811  spd   200  load   20  12.0 V  31 C  err 0x00
>>> pos 30
id 30  pos  2812  spd    50  load  -84  12.0 V  31 C  err 0x00
>>> pos 30
id 30  pos  2818  spd   200  load    0  12.1 V  31 C  err 0x00
>>> pos 30
id 30  pos  2819  spd     0  load  -48  12.1 V  31 C  err 0x00
>>> pos 30
id 30  pos  2824  spd   100  load   20  12.0 V  31 C  err 0x00
>>> pos 30
id 30  pos  2826  spd    50  load  -48  12.0 V  31 C  err 0x00
>>> pos 30
id 30  pos  2831  spd   200  load   20  12.1 V  31 C  err 0x00
>>> pos 30
id 30  pos  2832  spd     0  load  -84  12.1 V  31 C  err 0x00
>>> pos 30
id 30  pos  2838  spd   200  load   20  12.1 V  31 C  err 0x00
>>> pos 30
id 30  pos  2838  spd     0  load  -84  12.0 V  31 C  err 0x00
>>> pos 30
id 30  pos  2845  spd   200  load   20  12.1 V  31 C  err 0x00
>>> pos 30
id 30  pos  2845  spd     0  load  -80  12.1 V  31 C  err 0x00
>>> pos 30
id 30  pos  2851  spd   200  load   20  12.0 V  31 C  err 0x00
>>> pos 30
id 30  pos  2852  spd    50  load  -52  12.0 V  31 C  err 0x00
>>> pos 30
id 30  pos  2857  spd   200  load    0  12.0 V  31 C  err 0x00
>>> pos 30
id 30  pos  2859  spd    50  load  -48  12.0 V  31 C  err 0x00
>>> pos 30
id 30  pos  2863  spd    50  load  -24  12.1 V  31 C  err 0x00
>>> pos 30
id 30  pos  2866  spd    50  load  -48  12.0 V  31 C  err 0x00
>>> pos 30
id 30  pos  2870  spd     0  load    0  12.1 V  31 C  err 0x00
>>> pos 30
id 30  pos  2873  spd   150  load   20  12.0 V  31 C  err 0x00
>>> pos 30
id 30  pos  2876  spd   100  load  -52  12.0 V  31 C  err 0x00
>>> pos 30
id 30  pos  2879  spd   200  load  -48  12.1 V  31 C  err 0x00
>>> pos 30
id 30  pos  2883  spd   100  load  -20  12.0 V  31 C  err 0x00
>>> pos 30
id 30  pos  2885  spd    50  load  -80  12.0 V  31 C  err 0x00
>>> pos 30
id 30  pos  2890  spd    50  load   20  12.0 V  31 C  err 0x00
>>> pos 30
id 30  pos  2892  spd    50  load  -48  12.0 V  31 C  err 0x00
>>> pos 30
id 30  pos  2896  spd   200  load    0  12.0 V  31 C  err 0x00
>>> pos 30
id 30  pos  2900  spd   150  load    0  12.0 V  31 C  err 0x00
>>> pos 30
id 30  pos  2901  spd     0  load  -84  12.0 V  40 C  err 0x00
>>> pos 30
id 30  pos  2907  spd   200  load   20  12.0 V  31 C  err 0x00
>>> pos 30
id 30  pos  2908  spd     0  load  -84  12.1 V  31 C  err 0x00
>>> pos 30
id 30  pos  2914  spd   150  load   20  12.1 V  31 C  err 0x00
>>> pos 30
id 30  pos  2914  spd     0  load  -84  12.0 V  52 C  err 0x00
>>> pos 30
id 30  pos  2921  spd   200  load   20  12.0 V  31 C  err 0x00
>>> pos 30
id 30  pos  2922  spd     0  load  -48  12.0 V  31 C  err 0x00
>>> pos 30
id 30  pos  2926  spd   150  load    0  12.1 V  31 C  err 0x00
>>> pos 30
id 30  pos  2929  spd   200  load  -48  12.1 V  31 C  err 0x00
>>> pos 30
id 30  pos  2932  spd    50  load  -56  12.1 V  31 C  err 0x00
>>> pos 30
id 30  pos  2937  spd   100  load    0  12.1 V  31 C  err 0x00
>>> pos 30
id 30  pos  2937  spd     0  load -120  12.1 V  31 C  err 0x00
>>> pos 30
id 30  pos  2944  spd   250  load   24  12.0 V  31 C  err 0x00
>>> pos 30
id 30  pos  2944  spd     0  load  -84  12.0 V  31 C  err 0x00
>>> pos 30
id 30  pos  2951  spd   200  load   20  12.0 V  31 C  err 0x00
>>> pos 30
id 30  pos  2951  spd     0  load  -80  12.0 V  31 C  err 0x00
>>> pos 30
id 30  pos  2957  spd   250  load   24  12.0 V  31 C  err 0x00
>>> pos 30
id 30  pos  2958  spd    50  load  -52  12.1 V  31 C  err 0x00
>>> pos 30
id 30  pos  2963  spd   200  load   20  12.0 V  31 C  err 0x00
>>> pos 30
id 30  pos  2964  spd     0  load  -84  12.0 V  31 C  err 0x00
>>> pos 30
id 30  pos  2971  spd   200  load    0  12.1 V  31 C  err 0x00
>>> pos 30
id 30  pos  2971  spd     0  load  -80  12.0 V  31 C  err 0x00
>>> pos 30
id 30  pos  2977  spd   250  load   24  12.1 V  31 C  err 0x00
>>> pos 30
id 30  pos  2978  spd    50  load  -48  12.0 V  31 C  err 0x00
>>> pos 30
id 30  pos  2983  spd   150  load    0  12.1 V  31 C  err 0x00
>>> pos 30
id 30  pos  2985  spd   150  load  -48  12.0 V  31 C  err 0x00
>>> pos 30
id 30  pos  2989  spd   100  load  -24  12.1 V  31 C  err 0x00
>>> pos 30
id 30  pos  2992  spd    50  load  -48  12.0 V  31 C  err 0x00
>>> pos 30
id 30  pos  2995  spd     0  load  -48  12.0 V  31 C  err 0x00
>>> pos 30
id 30  pos  2999  spd   150  load   20  12.0 V  31 C  err 0x00
>>> pos 30
id 30  pos  3001  spd    50  load  -88  12.1 V  35 C  err 0x00
>>> pos 30
id 30  pos  3006  spd   250  load    0  12.1 V  31 C  err 0x00
>>> pos 30
id 30  pos  3007  spd     0  load  -84  12.1 V  31 C  err 0x00
>>> pos 30
id 30  pos  3013  spd   150  load   20  12.1 V  31 C  err 0x00
>>> pos 30
id 30  pos  3014  spd     0  load  -84  12.0 V  31 C  err 0x00
>>> pos 30
id 30  pos  3020  spd   200  load   20  12.1 V  31 C  err 0x00
>>> pos 30
id 30  pos  3020  spd     0  load  -84  12.0 V  31 C  err 0x00
>>> pos 30
id 30  pos  3027  spd   150  load   24  12.0 V  31 C  err 0x00
>>> pos 30
id 30  pos  3028  spd     0  load  -48  12.0 V  31 C  err 0x00
>>> pos 30
id 30  pos  3033  spd   250  load   20  12.0 V  31 C  err 0x00
>>> pos 30
id 30  pos  3034  spd    50  load  -84  12.0 V  31 C  err 0x00
>>> pos 30
id 30  pos  3040  spd   200  load    0  12.0 V  31 C  err 0x00
>>> pos 30
id 30  pos  3042  spd    50  load    0  12.0 V  31 C  err 0x00
>>> pos 30
id 30  pos  3044  spd     0  load  -80  12.0 V  31 C  err 0x00
>>> pos 30
id 30  pos  3049  spd   200  load   20  12.0 V  31 C  err 0x00
>>> pos 30
id 30  pos  3051  spd    50  load  -56  12.0 V  31 C  err 0x00
>>> pos 30
id 30  pos  3056  spd   250  load    0  12.0 V  31 C  err 0x00
>>> pos 30
id 30  pos  3058  spd     0  load  -52  12.0 V  31 C  err 0x00
>>> pos 30
id 30  pos  3062  spd   100  load    0  12.0 V  31 C  err 0x00
>>> pos 30
id 30  pos  3064  spd     0  load  -48  12.0 V  31 C  err 0x00
>>> pos 30
id 30  pos  3069  spd   150  load   20  12.0 V  31 C  err 0x00
>>> pos 30
id 30  pos  3070  spd    50  load  -88  12.1 V  31 C  err 0x00
>>> pos 30
id 30  pos  3076  spd   200  load   24  12.1 V  31 C  err 0x00
>>> pos 30
id 30  pos  3077  spd     0  load  -84  12.0 V  31 C  err 0x00
>>> pos 30
id 30  pos  3082  spd   150  load   20  12.0 V  31 C  err 0x00
>>> pos 30
id 30  pos  3083  spd    50  load  -80  12.1 V  31 C  err 0x00
>>> pos 30
id 30  pos  3090  spd   250  load   24  12.0 V  31 C  err 0x00
>>> pos 30
id 30  pos  3091  spd   100  load  -48  12.0 V  31 C  err 0x00
>>> pos 30
id 30  pos  3094  spd    50  load  -56  12.0 V  31 C  err 0x00
>>> pos 30
id 30  pos  3098  spd   100  load  -48  12.1 V  31 C  err 0x00
>>> pos 30
id 30  pos  3101  spd     0  load  -48  12.0 V  31 C  err 0x00
>>> pos 30
id 30  pos  3105  spd   200  load   20  12.0 V  31 C  err 0x00
>>> pos 30
id 30  pos  3107  spd    50  load  -88  12.1 V  31 C  err 0x00
>>> pos 30
id 30  pos  3112  spd   300  load    0  12.0 V  31 C  err 0x00
>>> pos 30
id 30  pos  3113  spd     0  load  -84  12.0 V  31 C  err 0x00
>>> pos 30
id 30  pos  3119  spd   150  load   20  12.1 V  31 C  err 0x00
>>> pos 30
id 30  pos  3120  spd    50  load  -88  12.1 V  31 C  err 0x00
>>> pos 30
id 30  pos  3126  spd   250  load   24  12.1 V  31 C  err 0x00
>>> pos 30
id 30  pos  3126  spd     0  load  -84  12.0 V  31 C  err 0x00
>>> pos 30
id 30  pos  3133  spd   150  load   20  12.1 V  31 C  err 0x00
>>> pos 30
id 30  pos  3133  spd     0  load  -80  12.0 V  31 C  err 0x00
>>> pos 30
id 30  pos  3139  spd   250  load   24  12.0 V  31 C  err 0x00
>>> pos 30
id 30  pos  3140  spd    50  load  -84  12.0 V  31 C  err 0x00
>>> pos 30
id 30  pos  3145  spd   150  load    0  12.0 V  31 C  err 0x00
>>> pos 30
id 30  pos  3147  spd     0  load  -48  12.0 V  31 C  err 0x00
>>> pos 30
id 30  pos  3151  spd   100  load  -44  12.0 V  31 C  err 0x00
>>> pos 30
id 30  pos  3154  spd   100  load  -48  12.0 V  31 C  err 0x00
>>> pos 30
id 30  pos  3158  spd   150  load  -20  12.1 V  31 C  err 0x00
>>> pos 30
id 30  pos  3162  spd   250  load    0  12.1 V  31 C  err 0x00
>>> pos 30
id 30  pos  3163  spd     0  load  -84  12.1 V  47 C  err 0x00
>>> pos 30
id 30  pos  3168  spd   150  load   20  12.1 V  31 C  err 0x00
>>> pos 30
id 30  pos  3169  spd    50  load  -88  12.1 V  31 C  err 0x00
>>> pos 30
id 30  pos  3176  spd   250  load   24  12.1 V  31 C  err 0x00
>>> pos 30
id 30  pos  3176  spd     0  load  -84  12.0 V  31 C  err 0x00
>>> pos 30
id 30  pos  3183  spd   150  load   24  12.0 V  31 C  err 0x00
>>> pos 30
id 30  pos  3184  spd     0  load  -48  12.1 V  31 C  err 0x00
>>> pos 30
id 30  pos  3188  spd   200  load    0  12.1 V  31 C  err 0x00
>>> pos 30
id 30  pos  3191  spd   100  load   20  12.1 V  31 C  err 0x00
>>> pos 30
id 30  pos  3193  spd     0  load  -88  12.0 V  31 C  err 0x00
>>> pos 30
id 30  pos  3198  spd   300  load    0  12.0 V  31 C  err 0x00
>>> pos 30
id 30  pos  3199  spd     0  load  -84  12.0 V  31 C  err 0x00
>>> pos 30
id 30  pos  3205  spd   200  load   20  12.0 V  31 C  err 0x00
>>> pos 30
id 30  pos  3205  spd     0  load -120  12.0 V  31 C  err 0x00
>>> pos 30
id 30  pos  3212  spd   250  load   24  12.0 V  31 C  err 0x00
>>> pos 30
id 30  pos  3212  spd     0  load -116  12.0 V  31 C  err 0x00
>>> pos 30
id 30  pos  3219  spd   150  load   24  12.0 V  31 C  err 0x00
>>> pos 30
id 30  pos  3220  spd    50  load  -48  12.1 V  31 C  err 0x00
>>> pos 30
id 30  pos  3224  spd   150  load    0  12.0 V  31 C  err 0x00
>>> pos 30
id 30  pos  3227  spd   200  load  -48  12.1 V  31 C  err 0x00
>>> pos 30
id 30  pos  3231  spd    50  load  -24  12.0 V  31 C  err 0x00
>>> pos 30
id 30  pos  3234  spd    50  load    0  12.0 V  31 C  err 0x00
>>> pos 30
id 30  pos  3236  spd     0  load  -84  12.1 V  31 C  err 0x00
>>> pos 30
id 30  pos  3242  spd   200  load   24  12.1 V  31 C  err 0x00
>>> pos 30
id 30  pos  3242  spd     0  load  -84  12.1 V  31 C  err 0x00
>>> pos 30
id 30  pos  3249  spd   150  load   24  12.0 V  31 C  err 0x00
>>> pos 30
id 30  pos  3250  spd    50  load  -48  12.1 V  31 C  err 0x00
>>> pos 30
id 30  pos  3254  spd   150  load    0  12.1 V  31 C  err 0x00
>>> pos 30
id 30  pos  3256  spd   150  load  -84  12.0 V  31 C  err 0x00
>>> pos 30
id 30  pos  3262  spd   150  load    0  12.0 V  31 C  err 0x00
>>> pos 30
id 30  pos  3262  spd     0  load  -84  12.1 V  31 C  err 0x00
>>> pos 30
id 30  pos  3268  spd   150  load   20  12.0 V  31 C  err 0x00
>>> pos 30
id 30  pos  3269  spd     0  load  -80  12.0 V  31 C  err 0x00
>>> pos 30
id 30  pos  3275  spd   300  load   24  12.1 V  31 C  err 0x00
>>> pos 30
id 30  pos  3277  spd    50  load    0  12.1 V  31 C  err 0x00
>>> pos 30
id 30  pos  3279  spd    50  load  -88  12.0 V  31 C  err 0x00
>>> pos 30
id 30  pos  3284  spd   100  load    0  12.0 V  31 C  err 0x00
>>> pos 30
id 30  pos  3286  spd     0  load  -48  12.0 V  31 C  err 0x00
>>> pos 30
id 30  pos  3291  spd   150  load   20  12.0 V  31 C  err 0x00
>>> pos 30
id 30  pos  3291  spd     0  load -120  12.0 V  31 C  err 0x00
>>> pos 30
id 30  pos  3298  spd   300  load   24  12.1 V  31 C  err 0x00
>>> pos 30
id 30  pos  3298  spd     0  load -116  12.1 V  31 C  err 0x00
>>> pos 30
id 30  pos  3305  spd   200  load   24  12.1 V  31 C  err 0x00
>>> pos 30
id 30  pos  3305  spd     0  load  -80  12.1 V  31 C  err 0x00
>>> pos 30
id 30  pos  3311  spd   250  load   24  12.0 V  31 C  err 0x00
>>> pos 30
id 30  pos  3311  spd     0  load -120  12.0 V  31 C  err 0x00
>>> pos 30
id 30  pos  3319  spd   300  load   24  12.0 V  31 C  err 0x00
>>> pos 30
id 30  pos  3318  spd   -50  load -116  12.0 V  31 C  err 0x00
>>> pos 30
id 30  pos  3326  spd   150  load   28  12.1 V  31 C  err 0x00
>>> pos 30
id 30  pos  3326  spd    50  load  -52  12.0 V  31 C  err 0x00
>>> pos 30
id 30  pos  3331  spd   200  load   20  12.0 V  31 C  err 0x00
>>> pos 30
id 30  pos  3332  spd    50  load  -88  12.1 V  31 C  err 0x00
>>> pos 30
id 30  pos  3338  spd   250  load   24  12.1 V  31 C  err 0x00
>>> pos 30
id 30  pos  3338  spd     0  load  -84  12.0 V  31 C  err 0x00
>>> pos 30
id 30  pos  3345  spd   150  load   24  12.1 V  31 C  err 0x00
>>> pos 30
id 30  pos  3345  spd    50  load  -80  12.1 V  31 C  err 0x00
>>> pos 30
id 30  pos  3351  spd   250  load   20  12.0 V  31 C  err 0x00
>>> pos 30
id 30  pos  3352  spd   100  load  -84  12.1 V  31 C  err 0x00
>>> pos 30
id 30  pos  3358  spd   150  load  -20  12.1 V  31 C  err 0x00
>>> pos 30
id 30  pos  3361  spd     0  load    0  12.1 V  31 C  err 0x00
>>> pos 30
id 30  pos  3362  spd   -50  load  -80  12.0 V  31 C  err 0x00
>>> pos 30
id 30  pos  3366  spd   150  load  -44  12.1 V  31 C  err 0x00
>>> pos 30
id 30  pos  3369  spd    50  load  -52  12.0 V  31 C  err 0x00
>>> pos 30
id 30  pos  3373  spd   200  load  -48  12.1 V  31 C  err 0x00
>>> pos 30
id 30  pos  3375  spd    50  load  -88  12.0 V  31 C  err 0x00
>>> pos 30
id 30  pos  3382  spd   150  load   20  12.0 V  31 C  err 0x00
>>> pos 30
id 30  pos  3380  spd  -100  load -156  12.0 V  43 C  err 0x00
>>> pos 30
id 30  pos  3390  spd   400  load   60  12.1 V  31 C  err 0x00
>>> pos 30
id 30  pos  3388  spd  -150  load  -84  12.0 V  31 C  err 0x00
>>> pos 30
id 30  pos  3396  spd    50  load   68  12.0 V  31 C  err 0x00
>>> pos 30
id 30  pos  3397  spd     0  load   20  12.1 V  31 C  err 0x00
>>> pos 30
id 30  pos  3399  spd   300  load  -48  12.0 V  31 C  err 0x00
>>> pos 30
id 30  pos  3406  spd   500  load   80  12.1 V  31 C  err 0x00
>>> pos 30
id 30  pos  3405  spd  -100  load -108  12.0 V  31 C  err 0x00
>>> pos 30
id 30  pos  3413  spd  -150  load   60  12.1 V  31 C  err 0x00
>>> pos 30
id 30  pos  3409  spd  -450  load -192  12.0 V  31 C  err 0x00
>>> pos 30
id 30  pos  3421  spd   400  load  120  12.0 V  31 C  err 0x00
>>> pos 30
id 30  pos  3414  spd  -700  load -236  12.0 V  31 C  err 0x00
>>> pos 30
id 30  pos  3430  spd   850  load  232  12.0 V  31 C  err 0x00
>>> pos 30
id 30  pos  3419  spd  -450  load -324  12.0 V  31 C  err 0x00
>>> pos 30
id 30  pos  3439  spd   900  load  280  11.9 V  31 C  err 0x00
>>> pos 30
id 30  pos  3424  spd  -800  load -356  11.9 V  31 C  err 0x00
>>> pos 30
id 30  pos  3447  spd   850  load  340  11.9 V  31 C  err 0x00
>>> pos 30
id 30  pos  3429  spd  -500  load -420  11.8 V  31 C  err 0x00
>>> pos 30
id 30  pos  3454  spd  1000  load  344  11.9 V  31 C  err 0x00
>>> pos 30
id 30  pos  3435  spd  -800  load -428  11.8 V  31 C  err 0x00
>>> pos 30
id 30  pos  3461  spd   500  load  368  11.8 V  31 C  err 0x00
>>> pos 30
id 30  pos  3443  spd  -550  load -364  11.9 V  31 C  err 0x00
>>> pos 30
id 30  pos  3466  spd  1000  load  312  11.8 V  31 C  err 0x00
>>> pos 30
id 30  pos  3450  spd     0  load -396  11.8 V  31 C  err 0x00
>>> pos 30
id 30  pos  3471  spd   500  load  212  11.9 V  31 C  err 0x00
>>> pos 30
id 30  pos  3460  spd  -550  load -236  11.9 V  31 C  err 0x00
>>> pos 30
id 30  pos  3474  spd  -150  load  116  12.1 V  31 C  err 0x00
>>> pos 30
id 30  pos  3471  spd     0  load  -52  12.1 V  31 C  err 0x00
>>> pos 30
id 30  pos  3476  spd   500  load   20  12.1 V  31 C  err 0x00
>>> pos 30
id 30  pos  3480  spd   650  load  -44  12.0 V  31 C  err 0x00
>>> pos 30
id 30  pos  3482  spd  -100  load  -88  12.1 V  31 C  err 0x00
>>> pos 30
id 30  pos  3489  spd  -100  load   68  12.0 V  31 C  err 0x00
>>> pos 30
id 30  pos  3486  spd  -600  load -132  12.1 V  32 C  err 0x00
>>> pos 30
id 30  pos  3498  spd   550  load  160  12.0 V  31 C  err 0x00
>>> pos 30
id 30  pos  3490  spd     0  load -244  12.0 V  31 C  err 0x00
>>> pos 30
id 30  pos  3507  spd   900  load  224  11.9 V  31 C  err 0x00
>>> pos 30
id 30  pos  3495  spd  -550  load -324  11.9 V  31 C  err 0x00
>>> pos 30
id 30  pos  3515  spd   550  load  284  11.9 V  31 C  err 0x00
>>> pos 30
id 30  pos  3501  spd  -650  load -304  11.9 V  31 C  err 0x00
>>> pos 30
id 30  pos  3521  spd   800  load  284  11.9 V  31 C  err 0x00
>>> pos 30
id 30  pos  3506  spd  -500  load -352  11.9 V  31 C  err 0x00
>>> pos 30
id 30  pos  3526  spd   550  load  252  11.9 V  31 C  err 0x00
>>> pos 30
id 30  pos  3511  spd  -650  load -300  11.9 V  31 C  err 0x00
>>> pos 30
id 30  pos  3531  spd   100  load  324  11.8 V  31 C  err 0x00
>>> pos 30
id 30  pos  3516  spd  -250  load -236  11.8 V  31 C  err 0x00
>>> pos 30
id 30  pos  3533  spd   550  load  224  11.6 V  31 C  err 0x00
>>> pos 30
id 30  pos  3521  spd   400  load -236  11.9 V  31 C  err 0x00
>>> pos 30
id 30  pos  3533  spd   100  load   84  12.1 V  31 C  err 0x00
>>> pos 30
id 30  pos  3528  spd  -300  load  -84  12.0 V  31 C  err 0x00
>>> pos 30
id 30  pos  3532  spd  -450  load   40  12.0 V  31 C  err 0x00
>>> pos 30
id 30  pos  3532  spd   200  load   48  12.0 V  31 C  err 0x00
>>> pos 30
id 30  pos  3530  spd   150  load  -36  12.0 V  31 C  err 0x00
>>> pos 30
id 30  pos  3533  spd   600  load   40  12.0 V  31 C  err 0x00
>>> pos 30
id 30  pos  3528  spd  -450  load -124  12.0 V  31 C  err 0x00
>>> pos 30
id 30  pos  3536  spd   200  load  176  12.0 V  31 C  err 0x00
>>> pos 30
id 30  pos  3525  spd  -700  load -196  12.0 V  31 C  err 0x00
>>> pos 30
id 30  pos  3539  spd   600  load  288  11.9 V  31 C  err 0x00
>>> pos 30
id 30  pos  3524  spd  -450  load -252  11.9 V  31 C  err 0x00
>>> pos 30
id 30  pos  3539  spd   550  load  272  11.9 V  31 C  err 0x00
>>> pos 30
id 30  pos  3523  spd  -700  load -272  11.9 V  31 C  err 0x00
>>> pos 30
id 30  pos  3539  spd   600  load  288  11.9 V  31 C  err 0x00
>>> pos 30
id 30  pos  3523  spd  -300  load -284  11.9 V  31 C  err 0x00
>>> pos 30
id 30  pos  3539  spd   550  load  264  11.9 V  31 C  err 0x00
>>> pos 30
id 30  pos  3523  spd  -700  load -272  11.8 V  31 C  err 0x00
>>> pos 30
id 30  pos  3538  spd   150  load  256  11.9 V  31 C  err 0x00
>>> pos 30
id 30  pos  3526  spd  -350  load -152  12.0 V  31 C  err 0x00
>>> pos 30
id 30  pos  3536  spd   550  load  168  11.9 V  31 C  err 0x00
>>> pos 30
id 30  pos  3528  spd   200  load -112  12.0 V  31 C  err 0x00
>>> pos 30
id 30  pos  3532  spd   150  load  -36  12.0 V  31 C  err 0x00
>>> pos 30
id 30  pos  3532  spd  -300  load    0  12.0 V  31 C  err 0x00
>>> pos 30
id 30  pos  3529  spd  -500  load  -24  12.1 V  31 C  err 0x00
>>> pos 30
id 30  pos  3535  spd   300  load  144  12.0 V  31 C  err 0x00
>>> pos 30
id 30  pos  3526  spd   100  load -168  12.0 V  31 C  err 0x00
>>> pos 30
id 30  pos  3538  spd   650  load  252  12.0 V  31 C  err 0x00
>>> pos 30
id 30  pos  3525  spd  -500  load -220  12.0 V  31 C  err 0x00
>>> pos 30
id 30  pos  3539  spd   350  load  276  11.9 V  31 C  err 0x00
>>> pos 30
id 30  pos  3523  spd  -700  load -268  11.9 V  31 C  err 0x00
>>> pos 30
id 30  pos  3539  spd   650  load  284  11.9 V  31 C  err 0x00
>>> pos 30
id 30  pos  3523  spd  -250  load -288  11.9 V  31 C  err 0x00
>>> pos 30
id 30  pos  3539  spd   450  load  256  11.9 V  31 C  err 0x00
>>> pos 30
id 30  pos  3523  spd  -650  load -268  11.9 V  31 C  err 0x00
>>> pos 30
id 30  pos  3538  spd   -50  load  248  11.9 V  31 C  err 0x00
>>> pos 30
id 30  pos  3525  spd  -250  load -164  11.9 V  31 C  err 0x00
>>> pos 30
id 30  pos  3536  spd   400  load  156  11.9 V  31 C  err 0x00
>>> pos 30
id 30  pos  3529  spd   400  load  -76  12.0 V  31 C  err 0x00
>>> pos 30
id 30  pos  3531  spd  -100  load  -44  12.0 V  31 C  err 0x00
>>> pos 30
id 30  pos  3533  spd  -150  load   64  12.1 V  31 C  err 0x00
>>> pos 30
id 30  pos  3528  spd  -600  load  -72  12.1 V  31 C  err 0x00
>>> pos 30
id 30  pos  3535  spd   450  load  156  12.1 V  31 C  err 0x00
>>> pos 30
id 30  pos  3526  spd  -150  load -176  12.1 V  31 C  err 0x00
>>> pos 30
id 30  pos  3538  spd   650  load  232  12.0 V  31 C  err 0x00
>>> pos 30
id 30  pos  3524  spd  -650  load -256  12.0 V  31 C  err 0x00
>>> pos 30
id 30  pos  3539  spd   500  load  280  11.9 V  31 C  err 0x00
>>> pos 30
id 30  pos  3523  spd  -450  load -276  11.9 V  31 C  err 0x00
>>> pos 30
id 30  pos  3539  spd   650  load  268  11.9 V  31 C  err 0x00
>>> pos 30
id 30  pos  3523  spd  -700  load -280  11.9 V  31 C  err 0x00
>>> pos 30
id 30  pos  3539  spd   250  load  284  11.9 V  31 C  err 0x00
>>> pos 30
id 30  pos  3524  spd  -400  load -220  11.9 V  31 C  err 0x00
>>> pos 30
id 30  pos  3537  spd   600  load  204  11.9 V  31 C  err 0x00
>>> pos 30
id 30  pos  3528  spd   150  load -112  12.1 V  76 C  err 0x00
>>> pos 30
id 30  pos  3532  spd   150  load  -36  12.0 V  31 C  err 0x00
>>> pos 30
id 30  pos  3532  spd  -300  load  -24  12.1 V  31 C  err 0x00
>>> pos 30
id 30  pos  3529  spd  -500  load  -24  12.0 V  31 C  err 0x00
>>> pos 30
id 30  pos  3535  spd   250  load  144  12.0 V  31 C  err 0x00
>>> pos 30
id 30  pos  3527  spd    50  load -136  11.9 V  31 C  err 0x00
>>> pos 30
id 30  pos  3537  spd   650  load  180  12.0 V  31 C  err 0x00
>>> pos 30
id 30  pos  3524  spd  -500  load -252  11.9 V  31 C  err 0x00
>>> pos 30
id 30  pos  3538  spd   350  load  240  11.9 V  31 C  err 0x00
>>> pos 30
id 30  pos  3524  spd  -550  load -232  12.0 V  31 C  err 0x00
>>> pos 30
id 30  pos  3539  spd   600  load  268  12.0 V  31 C  err 0x00
>>> pos 30
id 30  pos  3523  spd  -150  load -284  11.9 V  31 C  err 0x00
>>> pos 30
id 30  pos  3538  spd   350  load  212  11.9 V  31 C  err 0x00
>>> pos 30
id 30  pos  3525  spd  -450  load -196  11.9 V  31 C  err 0x00
>>> pos 30
id 30  pos  3535  spd  -300  load  136  12.0 V  31 C  err 0x00
>>> pos 30
id 30  pos  3530  spd    50  load   40  12.1 V  31 C  err 0x00
>>> pos 30
id 30  pos  3530  spd   200  load  -28  12.0 V  31 C  err 0x00
>>> pos 30
id 30  pos  3533  spd   550  load   44  12.0 V  31 C  err 0x00
>>> pos 30
id 30  pos  3527  spd  -400  load -152  12.0 V  31 C  err 0x00
>>> pos 30
id 30  pos  3537  spd   250  load  204  12.0 V  31 C  err 0x00
>>> pos 30
id 30  pos  3525  spd  -600  load -200  12.0 V  31 C  err 0x00
>>> pos 30
id 30  pos  3539  spd   600  load  272  11.9 V  31 C  err 0x00
>>> pos 30
id 30  pos  3523  spd  -600  load -284  11.9 V  31 C  err 0x00
>>> pos 30
id 30  pos  3538  spd   350  load  244  11.9 V  31 C  err 0x00
>>> pos 30
id 30  pos  3524  spd  -450  load -228  11.9 V  31 C  err 0x00
>>> pos 30
id 30  pos  3538  spd   600  load  232  11.9 V  31 C  err 0x00
>>> pos 30
id 30  pos  3526  spd     0  load -180  12.1 V  31 C  err 0x00
>>> pos 30
id 30  pos  3534  spd   200  load   72  12.0 V  31 C  err 0x00
>>> pos 30
id 30  pos  3530  spd  -300  load  -28  12.0 V  31 C  err 0x00
>>> pos 30
id 30  pos  3531  spd  -400  load   36  12.1 V  31 C  err 0x00
>>> pos 30
id 30  pos  3533  spd   250  load   76  12.0 V  31 C  err 0x00
>>> pos 30
id 30  pos  3527  spd     0  load -136  12.0 V  31 C  err 0x00
>>> pos 30
id 30  pos  3537  spd   600  load  184  12.0 V  31 C  err 0x00
>>> pos 30
id 30  pos  3525  spd  -500  load -220  12.0 V  31 C  err 0x00
>>> pos 30
id 30  pos  3538  spd   400  load  244  11.9 V  31 C  err 0x00
>>> pos 30
id 30  pos  3524  spd  -450  load -236  12.0 V  31 C  err 0x00
>>> pos 30
id 30  pos  3538  spd   600  load  232  11.9 V  31 C  err 0x00
>>> pos 30
id 30  pos  3524  spd  -600  load -244  11.9 V  31 C  err 0x00
>>> pos 30
id 30  pos  3538  spd   200  load  252  11.9 V  31 C  err 0x00
>>> pos 30
id 30  pos  3527  spd  -300  load -124  12.0 V  31 C  err 0x00
>>> pos 30
id 30  pos  3533  spd   450  load   68  12.0 V  31 C  err 0x00
>>> pos 30
id 30  pos  3531  spd   250  load   44  12.1 V  31 C  err 0x00
>>> pos 30
id 30  pos  3529  spd     0  load  -72  12.1 V  31 C  err 0x00
>>> pos 30
id 30  pos  3534  spd  -200  load   92  12.0 V  31 C  err 0x00
>>> pos 30
id 30  pos  3526  spd  -500  load -188  12.0 V  31 C  err 0x00
>>> pos 30
id 30  pos  3537  spd   400  load  212  12.0 V  31 C  err 0x00
>>> pos 30
id 30  pos  3525  spd  -450  load -204  12.0 V  31 C  err 0x00
>>> pos 30
id 30  pos  3538  spd   600  load  232  12.0 V  31 C  err 0x00
>>> pos 30
id 30  pos  3524  spd  -650  load -240  11.9 V  31 C  err 0x00
>>> pos 30
id 30  pos  3538  spd   200  load  248  11.9 V  31 C  err 0x00
>>> pos 30
id 30  pos  3525  spd  -250  load -180  12.0 V  31 C  err 0x00
>>> pos 30
id 30  pos  3537  spd   400  load  196  11.9 V  31 C  err 0x00
  travel 2507->3531: spd 92 (sd 325, -800..1000), backward samples 70/339, load -428..368, end overshoot 8, residual range 16, err 0
>>> pos 30
id 30  pos  3528  spd   300  load -104  12.0 V  31 C  err 0x00
>>> pos 30
id 30  pos  3532  spd     0  load  -40  12.1 V  31 C  err 0x00
>>> release 30
release 30: ok
>>> pos 30
id 30  pos  3515  spd     0  load    0  12.0 V  31 C  err 0x00
  released hanging: pos 3515

== P 160 D 32
>>> gains 30
id 30  P 128  D 32  I 0   expected (no row in servo_gains.h)
>>> release 30
release 30: ok
>>> gains 30 160 32
id 30: writing P 160 D 32 to EEPROM (torque must be OFF; no goal is written) ...
id 30: P 160 D 32, verified after commit -- safe to power down
  note: id 30 has no row in servo_gains.h
>>> gains 30
id 30  P 160  D 32  I 0   expected (no row in servo_gains.h)
  gains 160/32: ok

NEXT MOTION: P 160: torque on hanging down; quiet hold + 4 smooth 2-deg moves; raise to straight out; quiet hold + 2 slow probes + 4 smooth 2-deg moves; lower and release
  type go:
< 'go'
>>> pos 30
id 30  pos  3515  spd     0  load    0  12.1 V  31 C  err 0x00
>>> torque 30
torque 30: ok
>>> pos 30
id 30  pos  3515  spd     0  load    0  12.0 V  31 C  err 0x00
>>> pos 30
id 30  pos  3515  spd     0  load    0  12.0 V  31 C  err 0x00
>>> move 30 3531 0 100 2
move id 30 -> 3531 ticks, 0 ms, spd 100, acc 2: ok
>>> pos 30
id 30  pos  3515  spd     0  load    0  12.1 V  31 C  err 0x00
>>> pos 30
id 30  pos  3515  spd     0  load -100  12.1 V  31 C  err 0x00
>>> pos 30
id 30  pos  3520  spd    50  load   20  12.1 V  31 C  err 0x00
>>> pos 30
id 30  pos  3522  spd   100  load  -20  12.1 V  31 C  err 0x00
>>> pos 30
id 30  pos  3521  spd   100  load -108  12.0 V  31 C  err 0x00
>>> pos 30
id 30  pos  3529  spd   450  load  112  12.0 V  31 C  err 0x00
>>> pos 30
id 30  pos  3523  spd  -350  load -144  12.0 V  31 C  err 0x00
>>> pos 30
id 30  pos  3534  spd   250  load  216  12.0 V  31 C  err 0x00
>>> pos 30
id 30  pos  3525  spd  -650  load -248  12.0 V  31 C  err 0x00
>>> pos 30
id 30  pos  3539  spd   600  load  320  11.9 V  31 C  err 0x00
>>> pos 30
id 30  pos  3523  spd  -400  load -352  11.9 V  31 C  err 0x00
>>> pos 30
id 30  pos  3540  spd   800  load  384  11.9 V  31 C  err 0x00
>>> pos 30
id 30  pos  3521  spd  -800  load -412  11.9 V  31 C  err 0x00
>>> pos 30
id 30  pos  3542  spd   600  load  468  11.8 V  31 C  err 0x00
>>> pos 30
id 30  pos  3520  spd  -750  load -484  11.8 V  31 C  err 0x00
>>> pos 30
id 30  pos  3542  spd   850  load  464  11.8 V  31 C  err 0x00
>>> pos 30
id 30  pos  3520  spd  -800  load -456  11.8 V  31 C  err 0x00
>>> pos 30
id 30  pos  3542  spd   550  load  472  11.7 V  31 C  err 0x00
>>> pos 30
id 30  pos  3520  spd  -750  load -408  11.8 V  31 C  err 0x00
>>> pos 30
id 30  pos  3539  spd  -200  load  328  11.9 V  31 C  err 0x00
>>> pos 30
id 30  pos  3525  spd  -150  load -256  11.8 V  31 C  err 0x00
>>> pos 30
id 30  pos  3535  spd   500  load  100  12.2 V  31 C  err 0x00
>>> pos 30
id 30  pos  3529  spd   600  load  -44  12.1 V  31 C  err 0x00
>>> pos 30
id 30  pos  3531  spd  -300  load   44  12.1 V  31 C  err 0x00
>>> pos 30
id 30  pos  3533  spd   -50  load  104  12.1 V  31 C  err 0x00
>>> pos 30
id 30  pos  3527  spd  -850  load -172  12.0 V  31 C  err 0x00
>>> pos 30
id 30  pos  3538  spd   600  load  280  12.0 V  31 C  err 0x00
>>> pos 30
id 30  pos  3524  spd  -500  load -312  11.9 V  31 C  err 0x00
>>> pos 30
id 30  pos  3540  spd   700  load  392  11.9 V  31 C  err 0x00
>>> pos 30
id 30  pos  3522  spd  -800  load -380  11.9 V  31 C  err 0x00
>>> pos 30
id 30  pos  3541  spd   700  load  412  11.9 V  31 C  err 0x00
>>> pos 30
id 30  pos  3521  spd  -400  load -420  11.8 V  31 C  err 0x00
>>> pos 30
id 30  pos  3540  spd   550  load  384  11.8 V  31 C  err 0x00
>>> pos 30
id 30  pos  3524  spd  -650  load -264  11.9 V  31 C  err 0x00
>>> pos 30
id 30  pos  3535  spd  -100  load  172  12.0 V  31 C  err 0x00
>>> pos 30
id 30  pos  3529  spd  -200  load  -88  12.0 V  31 C  err 0x00
>>> pos 30
id 30  pos  3531  spd   400  load  -44  12.0 V  31 C  err 0x00
>>> pos 30
id 30  pos  3533  spd   500  load   76  12.1 V  31 C  err 0x00
>>> pos 30
id 30  pos  3527  spd  -350  load -136  12.0 V  31 C  err 0x00
>>> pos 30
id 30  pos  3537  spd   200  load  260  12.0 V  31 C  err 0x00
>>> pos 30
id 30  pos  3524  spd  -600  load -296  12.0 V  31 C  err 0x00
>>> pos 30
id 30  pos  3539  spd   650  load  328  11.9 V  31 C  err 0x00
>>> pos 30
id 30  pos  3522  spd  -600  load -372  11.9 V  31 C  err 0x00
>>> pos 30
id 30  pos  3539  spd   450  load  328  11.9 V  31 C  err 0x00
>>> pos 30
id 30  pos  3525  spd  -500  load -256  12.0 V  31 C  err 0x00
>>> pos 30
id 30  pos  3534  spd   550  load  100  12.1 V  31 C  err 0x00
>>> pos 30
id 30  pos  3530  spd   200  load  -36  12.1 V  31 C  err 0x00
>>> pos 30
id 30  pos  3530  spd     0  load   44  12.1 V  31 C  err 0x00
>>> pos 30
id 30  pos  3534  spd  -200  load  124  12.1 V  31 C  err 0x00
>>> pos 30
id 30  pos  3526  spd  -550  load -204  12.0 V  31 C  err 0x00
>>> pos 30
id 30  pos  3539  spd   450  load  328  11.9 V  31 C  err 0x00
>>> pos 30
id 30  pos  3522  spd  -350  load -372  11.9 V  31 C  err 0x00
>>> pos 30
id 30  pos  3539  spd   500  load  332  11.9 V  32 C  err 0x00
>>> pos 30
id 30  pos  3524  spd  -550  load -256  11.9 V  31 C  err 0x00
>>> pos 30
id 30  pos  3534  spd  -150  load  116  12.1 V  31 C  err 0x00
>>> pos 30
id 30  pos  3530  spd    50  load  -40  12.1 V  31 C  err 0x00
>>> pos 30
id 30  pos  3530  spd   150  load  -48  12.0 V  31 C  err 0x00
>>> pos 30
id 30  pos  3534  spd   550  load  124  12.0 V  31 C  err 0x00
>>> pos 30
id 30  pos  3526  spd  -500  load -196  12.0 V  31 C  err 0x00
>>> pos 30
id 30  pos  3539  spd   400  load  328  11.9 V  31 C  err 0x00
>>> pos 30
id 30  pos  3522  spd  -400  load -372  11.9 V  31 C  err 0x00
>>> pos 30
id 30  pos  3539  spd   500  load  332  11.8 V  31 C  err 0x00
>>> pos 30
id 30  pos  3526  spd  -550  load -184  11.9 V  31 C  err 0x00
>>> pos 30
id 30  pos  3533  spd  -150  load   76  12.1 V  31 C  err 0x00
>>> pos 30
id 30  pos  3531  spd    50  load  -36  12.1 V  31 C  err 0x00
>>> pos 30
id 30  pos  3529  spd   100  load  -84  12.0 V  31 C  err 0x00
>>> pos 30
id 30  pos  3535  spd   500  load  160  12.0 V  31 C  err 0x00
>>> pos 30
id 30  pos  3525  spd  -450  load -240  12.0 V  31 C  err 0x00
>>> pos 30
id 30  pos  3539  spd   450  load  324  11.9 V  31 C  err 0x00
>>> pos 30
id 30  pos  3523  spd  -350  load -328  11.9 V  31 C  err 0x00
>>> pos 30
id 30  pos  3536  spd   450  load  208  12.0 V  31 C  err 0x00
>>> pos 30
id 30  pos  3528  spd  -500  load  -92  12.1 V  31 C  err 0x00
>>> pos 30
id 30  pos  3532  spd  -250  load   20  12.1 V  31 C  err 0x00
>>> pos 30
id 30  pos  3533  spd   200  load   40  12.0 V  31 C  err 0x00
>>> pos 30
id 30  pos  3528  spd   -50  load -128  12.1 V  46 C  err 0x00
>>> pos 30
id 30  pos  3536  spd   400  load  200  12.0 V  31 C  err 0x00
>>> pos 30
id 30  pos  3525  spd  -400  load -236  12.0 V  31 C  err 0x00
>>> pos 30
id 30  pos  3538  spd   450  load  276  11.9 V  31 C  err 0x00
>>> pos 30
id 30  pos  3526  spd  -250  load -204  12.0 V  31 C  err 0x00
>>> pos 30
id 30  pos  3533  spd   350  load   80  12.1 V  31 C  err 0x00
>>> pos 30
id 30  pos  3531  spd  -350  load   36  12.1 V  31 C  err 0x00
>>> pos 30
id 30  pos  3529  spd  -400  load  -64  12.0 V  31 C  err 0x00
>>> pos 30
id 30  pos  3536  spd   350  load  180  12.1 V  31 C  err 0x00
>>> pos 30
id 30  pos  3524  spd  -250  load -288  12.0 V  31 C  err 0x00
>>> pos 30
id 30  pos  3538  spd   500  load  288  11.9 V  31 C  err 0x00
>>> pos 30
id 30  pos  3525  spd  -450  load -236  11.9 V  31 C  err 0x00
>>> pos 30
id 30  pos  3535  spd   -50  load  160  12.1 V  31 C  err 0x00
>>> pos 30
id 30  pos  3529  spd   -50  load  -80  12.0 V  31 C  err 0x00
>>> pos 30
id 30  pos  3531  spd   150  load  -36  12.0 V  31 C  err 0x00
>>> pos 30
id 30  pos  3533  spd   450  load   80  12.1 V  31 C  err 0x00
>>> pos 30
id 30  pos  3527  spd  -400  load -152  12.0 V  31 C  err 0x00
>>> pos 30
id 30  pos  3538  spd   350  load  280  12.0 V  31 C  err 0x00
>>> pos 30
id 30  pos  3524  spd  -350  load -284  11.9 V  31 C  err 0x00
>>> pos 30
id 30  pos  3537  spd   400  load  240  11.9 V  31 C  err 0x00
>>> pos 30
id 30  pos  3528  spd  -400  load  -88  12.1 V  32 C  err 0x00
>>> pos 30
id 30  pos  3532  spd  -300  load    0  12.0 V  31 C  err 0x00
>>> pos 30
id 30  pos  3533  spd   200  load   48  12.0 V  31 C  err 0x00
>>> pos 30
id 30  pos  3527  spd  -150  load -160  12.1 V  31 C  err 0x00
>>> pos 30
id 30  pos  3537  spd   350  load  240  12.0 V  31 C  err 0x00
>>> pos 30
id 30  pos  3525  spd  -350  load -240  11.9 V  31 C  err 0x00
>>> pos 30
id 30  pos  3537  spd   400  load  236  12.0 V  31 C  err 0x00
>>> pos 30
id 30  pos  3528  spd   -50  load -116  12.1 V  103 C  err 0x00
>>> pos 30
id 30  pos  3532  spd   100  load   36  12.0 V  31 C  err 0x00
>>> pos 30
id 30  pos  3532  spd  -200  load   40  12.1 V  31 C  err 0x00
>>> pos 30
id 30  pos  3528  spd  -400  load -116  12.1 V  31 C  err 0x00
>>> pos 30
id 30  pos  3537  spd   400  load  236  11.9 V  31 C  err 0x00
>>> pos 30
id 30  pos  3524  spd  -400  load -288  12.0 V  31 C  err 0x00
>>> pos 30
id 30  pos  3538  spd   400  load  284  11.9 V  31 C  err 0x00
>>> pos 30
id 30  pos  3527  spd  -350  load -164  12.0 V  31 C  err 0x00
>>> pos 30
id 30  pos  3533  spd   400  load   56  12.1 V  31 C  err 0x00
>>> pos 30
id 30  pos  3532  spd   250  load  -20  12.0 V  31 C  err 0x00
  travel 3515->3531: spd -1 (sd 443, -850..850), backward samples 55/108, load -484..472, end overshoot 11, residual range 14, err 0
>>> pos 30
id 30  pos  3528  spd  -200  load  -92  12.0 V  31 C  err 0x00
>>> pos 30
id 30  pos  3536  spd   150  load  200  12.0 V  31 C  err 0x00
>>> pos 30
id 30  pos  3525  spd  -350  load -236  12.0 V  31 C  err 0x00
>>> pos 30
id 30  pos  3537  spd   350  load  240  11.9 V  31 C  err 0x00
>>> pos 30
id 30  pos  3528  spd  -350  load -116  12.0 V  31 C  err 0x00
>>> pos 30
id 30  pos  3532  spd     0  load   36  12.0 V  31 C  err 0x00
>>> pos 30
id 30  pos  3532  spd   -50  load   36  12.0 V  31 C  err 0x00
>>> pos 30
id 30  pos  3528  spd  -350  load -116  12.0 V  31 C  err 0x00
>>> pos 30
id 30  pos  3536  spd   400  load  196  11.8 V  31 C  err 0x00
>>> pos 30
id 30  pos  3525  spd  -400  load -236  12.0 V  31 C  err 0x00
>>> pos 30
id 30  pos  3538  spd   250  load  276  11.9 V  31 C  err 0x00
>>> pos 30
id 30  pos  3527  spd  -300  load -164  12.0 V  31 C  err 0x00
>>> pos 30
id 30  pos  3533  spd   350  load   40  12.1 V  31 C  err 0x00
>>> pos 30
id 30  pos  3532  spd   350  load   28  12.0 V  31 C  err 0x00
>>> pos 30
id 30  pos  3528  spd  -350  load -104  12.0 V  31 C  err 0x00
>>> pos 30
id 30  pos  3537  spd   300  load  240  12.0 V  31 C  err 0x00
>>> pos 30
id 30  pos  3524  spd  -400  load -284  11.9 V  31 C  err 0x00
>>> pos 30
id 30  pos  3538  spd   400  load  280  11.9 V  31 C  err 0x00
>>> pos 30
id 30  pos  3528  spd  -400  load -100  12.0 V  31 C  err 0x00
>>> pos 30
id 30  pos  3532  spd  -150  load   28  12.1 V  31 C  err 0x00
>>> pos 30
id 30  pos  3532  spd   150  load  -28  12.0 V  31 C  err 0x00
>>> pos 30
id 30  pos  3528  spd  -150  load -116  12.0 V  31 C  err 0x00
>>> pos 30
id 30  pos  3536  spd   350  load  196  11.9 V  31 C  err 0x00
>>> pos 30
id 30  pos  3526  spd  -350  load -192  12.1 V  31 C  err 0x00
>>> pos 30
id 30  pos  3535  spd   350  load  152  12.0 V  31 C  err 0x00
>>> pos 30
id 30  pos  3529  spd     0  load  -76  12.0 V  31 C  err 0x00
>>> pos 30
id 30  pos  3531  spd     0  load   32  12.0 V  31 C  err 0x00
>>> pos 30
id 30  pos  3533  spd   -50  load   76  12.0 V  31 C  err 0x00
>>> pos 30
id 30  pos  3527  spd  -400  load -156  12.0 V  31 C  err 0x00
>>> pos 30
id 30  pos  3537  spd   400  load  236  12.0 V  31 C  err 0x00
>>> pos 30
id 30  pos  3525  spd  -400  load -236  11.9 V  31 C  err 0x00
>>> pos 30
id 30  pos  3535  spd   250  load  156  12.0 V  31 C  err 0x00
>>> pos 30
id 30  pos  3529  spd  -300  load  -84  12.1 V  31 C  err 0x00
>>> pos 30
id 30  pos  3532  spd   350  load  -32  12.1 V  31 C  err 0x00
>>> pos 30
id 30  pos  3534  spd   350  load  112  12.1 V  31 C  err 0x00
>>> pos 30
id 30  pos  3526  spd  -350  load -184  12.0 V  31 C  err 0x00
>>> pos 30
id 30  pos  3538  spd   300  load  280  11.9 V  31 C  err 0x00
>>> pos 30
id 30  pos  3525  spd  -400  load -244  11.9 V  31 C  err 0x00
>>> pos 30
id 30  pos  3534  spd   400  load   96  12.1 V  32 C  err 0x00
>>> pos 30
id 30  pos  3530  spd   250  load  -20  12.0 V  31 C  err 0x00
>>> pos 30
id 30  pos  3530  spd  -250  load    0  12.0 V  31 C  err 0x00
>>> pos 30
id 30  pos  3535  spd   250  load  156  12.0 V  32 C  err 0x00
>>> pos 30
id 30  pos  3525  spd  -350  load -232  12.0 V  31 C  err 0x00
>>> pos 30
id 30  pos  3537  spd   350  load  236  11.9 V  31 C  err 0x00
>>> pos 30
id 30  pos  3528  spd  -400  load -100  12.1 V  32 C  err 0x00
>>> pos 30
id 30  pos  3532  spd  -200  load   20  12.1 V  31 C  err 0x00
>>> pos 30
id 30  pos  3532  spd   150  load  -28  12.1 V  31 C  err 0x00
>>> pos 30
id 30  pos  3529  spd  -150  load  -76  12.1 V  43 C  err 0x00
>>> pos 30
id 30  pos  3536  spd   350  load  200  12.0 V  31 C  err 0x00
>>> pos 30
id 30  pos  3525  spd  -350  load -236  11.9 V  31 C  err 0x00
>>> pos 30
id 30  pos  3536  spd   350  load  192  12.0 V  31 C  err 0x00
>>> pos 30
id 30  pos  3529  spd     0  load  -76  12.0 V  31 C  err 0x00
>>> pos 30
id 30  pos  3532  spd     0  load   36  12.0 V  31 C  err 0x00
>>> pos 30
id 30  pos  3532  spd   -50  load   36  12.0 V  31 C  err 0x00
>>> pos 30
id 30  pos  3527  spd  -400  load -156  12.0 V  31 C  err 0x00
>>> pos 30
id 30  pos  3537  spd   400  load  236  12.0 V  31 C  err 0x00
>>> pos 30
id 30  pos  3525  spd  -400  load -236  11.9 V  31 C  err 0x00
>>> pos 30
id 30  pos  3536  spd   250  load  196  12.0 V  31 C  err 0x00
>>> pos 30
id 30  pos  3528  spd  -300  load -124  12.1 V  32 C  err 0x00
>>> pos 30
id 30  pos  3532  spd   350  load  -32  12.0 V  31 C  err 0x00
>>> pos 30
id 30  pos  3533  spd   350  load   72  12.0 V  31 C  err 0x00
>>> pos 30
id 30  pos  3526  spd  -400  load -192  12.0 V  31 C  err 0x00
>>> pos 30
id 30  pos  3538  spd   300  load  284  11.9 V  31 C  err 0x00
>>> pos 30
id 30  pos  3524  spd  -350  load -284  11.9 V  31 C  err 0x00
>>> pos 30
id 30  pos  3535  spd   400  load  160  12.0 V  31 C  err 0x00
>>> pos 30
id 30  pos  3530  spd  -400  load   24  12.0 V  31 C  err 0x00
>>> pos 30
id 30  pos  3530  spd  -300  load    0  12.0 V  31 C  err 0x00
>>> pos 30
id 30  pos  3535  spd   250  load  140  12.0 V  31 C  err 0x00
>>> pos 30
id 30  pos  3525  spd  -250  load -240  12.0 V  31 C  err 0x00
>>> pos 30
id 30  pos  3537  spd   350  load  232  11.9 V  31 C  err 0x00
>>> pos 30
id 30  pos  3528  spd  -350  load -112  12.0 V  32 C  err 0x00
>>> pos 30
id 30  pos  3532  spd   350  load  -20  12.1 V  31 C  err 0x00
>>> pos 30
id 30  pos  3533  spd   250  load   60  12.1 V  31 C  err 0x00
>>> pos 30
id 30  pos  3527  spd  -250  load -156  12.1 V  49 C  err 0x00
>>> pos 30
id 30  pos  3538  spd   350  load  280  11.9 V  31 C  err 0x00
>>> pos 30
id 30  pos  3525  spd  -450  load -240  12.0 V  31 C  err 0x00
>>> pos 30
id 30  pos  3534  spd   400  load  100  12.0 V  31 C  err 0x00
>>> pos 30
id 30  pos  3530  spd   150  load  -24  12.1 V  31 C  err 0x00
>>> pos 30
id 30  pos  3530  spd  -200  load   20  12.1 V  31 C  err 0x00
>>> pos 30
id 30  pos  3535  spd   250  load  156  12.0 V  31 C  err 0x00
>>> pos 30
id 30  pos  3525  spd  -350  load -236  12.0 V  31 C  err 0x00
>>> pos 30
id 30  pos  3537  spd   400  load  236  12.0 V  31 C  err 0x00
>>> pos 30
id 30  pos  3528  spd  -350  load -104  12.0 V  31 C  err 0x00
>>> pos 30
id 30  pos  3532  spd  -150  load   20  12.0 V  31 C  err 0x00
>>> pos 30
id 30  pos  3533  spd   200  load   52  12.1 V  31 C  err 0x00
>>> pos 30
id 30  pos  3527  spd  -200  load -152  12.0 V  31 C  err 0x00
>>> pos 30
id 30  pos  3537  spd   300  load  236  12.0 V  31 C  err 0x00
>>> pos 30
id 30  pos  3526  spd  -350  load -196  11.9 V  31 C  err 0x00
>>> pos 30
id 30  pos  3533  spd   400  load   60  12.0 V  31 C  err 0x00
>>> pos 30
id 30  pos  3530  spd   150  load  -24  12.1 V  31 C  err 0x00
>>> pos 30
id 30  pos  3529  spd  -150  load  -48  12.0 V  31 C  err 0x00
>>> pos 30
id 30  pos  3535  spd   150  load  156  12.1 V  31 C  err 0x00
>>> pos 30
id 30  pos  3526  spd  -350  load -192  12.0 V  28 C  err 0x00
>>> pos 30
id 30  pos  3536  spd   300  load  200  12.0 V  31 C  err 0x00
>>> pos 30
id 30  pos  3528  spd  -350  load -108  12.1 V  32 C  err 0x00
>>> pos 30
id 30  pos  3531  spd  -150  load   24  12.0 V  31 C  err 0x00
>>> pos 30
id 30  pos  3533  spd   200  load   44  12.1 V  31 C  err 0x00
>>> pos 30
id 30  pos  3527  spd  -200  load -152  12.0 V  32 C  err 0x00
>>> pos 30
id 30  pos  3536  spd   300  load  192  12.0 V  31 C  err 0x00
>>> pos 30
id 30  pos  3527  spd  -300  load -152  12.0 V  44 C  err 0x00
>>> pos 30
id 30  pos  3532  spd   250  load   24  12.0 V  31 C  err 0x00
>>> pos 30
id 30  pos  3531  spd   200  load  -24  12.1 V  32 C  err 0x00
>>> pos 30
id 30  pos  3529  spd  -200  load  -48  12.0 V  31 C  err 0x00
>>> pos 30
id 30  pos  3536  spd   200  load  196  12.0 V  31 C  err 0x00
>>> pos 30
id 30  pos  3526  spd  -300  load -192  12.1 V  31 C  err 0x00
>>> pos 30
id 30  pos  3535  spd   250  load  148  12.1 V  31 C  err 0x00
>>> pos 30
id 30  pos  3530  spd   150  load  -28  12.0 V  31 C  err 0x00
>>> pos 30
id 30  pos  3532  spd   -50  load   28  12.0 V  31 C  err 0x00
>>> pos 30
id 30  pos  3533  spd   100  load   72  12.0 V  32 C  err 0x00
>>> pos 30
id 30  pos  3527  spd  -300  load -156  12.1 V  31 C  err 0x00
>>> pos 30
id 30  pos  3536  spd   300  load  192  12.0 V  31 C  err 0x00
>>> pos 30
id 30  pos  3526  spd  -300  load -188  12.0 V  31 C  err 0x00
>>> pos 30
id 30  pos  3533  spd  -100  load   72  12.1 V  31 C  err 0x00
>>> pos 30
id 30  pos  3530  spd     0  load  -36  12.0 V  31 C  err 0x00
>>> pos 30
id 30  pos  3529  spd     0  load  -72  12.0 V  31 C  err 0x00
>>> pos 30
id 30  pos  3536  spd   300  load  196  12.0 V  31 C  err 0x00
>>> pos 30
id 30  pos  3525  spd  -300  load -236  11.9 V  31 C  err 0x00
>>> pos 30
id 30  pos  3537  spd   350  load  236  11.9 V  31 C  err 0x00
>>> pos 30
id 30  pos  3528  spd  -100  load -116  12.1 V  31 C  err 0x00
>>> pos 30
id 30  pos  3532  spd   100  load   36  12.1 V  31 C  err 0x00
>>> pos 30
id 30  pos  3532  spd  -150  load   36  12.0 V  31 C  err 0x00
>>> pos 30
id 30  pos  3528  spd  -350  load -116  12.1 V  32 C  err 0x00
>>> pos 30
id 30  pos  3537  spd   350  load  236  12.0 V  31 C  err 0x00
>>> pos 30
id 30  pos  3525  spd  -400  load -236  12.0 V  31 C  err 0x00
>>> pos 30
id 30  pos  3535  spd   250  load  156  12.1 V  31 C  err 0x00
>>> pos 30
id 30  pos  3528  spd  -300  load -124  12.1 V  31 C  err 0x00
>>> pos 30
id 30  pos  3532  spd   350  load  -32  12.1 V  31 C  err 0x00
>>> pos 30
id 30  pos  3533  spd   350  load   72  12.0 V  31 C  err 0x00
>>> pos 30
id 30  pos  3526  spd  -400  load -188  12.0 V  31 C  err 0x00
>>> pos 30
id 30  pos  3538  spd   350  load  276  12.0 V  32 C  err 0x00
>>> pos 30
id 30  pos  3526  spd  -350  load -200  12.0 V  31 C  err 0x00
>>> pos 30
id 30  pos  3534  spd   400  load  116  12.0 V  31 C  err 0x00
>>> pos 30
id 30  pos  3530  spd  -350  load   28  12.0 V  31 C  err 0x00
>>> pos 30
id 30  pos  3529  spd  -300  load  -64  12.0 V  31 C  err 0x00
>>> pos 30
id 30  pos  3536  spd   300  load  188  12.0 V  31 C  err 0x00
>>> pos 30
id 30  pos  3525  spd  -300  load -240  12.0 V  31 C  err 0x00
>>> pos 30
id 30  pos  3536  spd   350  load  200  11.9 V  31 C  err 0x00
>>> pos 30
id 30  pos  3528  spd  -400  load  -88  12.1 V  31 C  err 0x00
>>> pos 30
id 30  pos  3532  spd  -250  load  -20  12.0 V  32 C  err 0x00
>>> pos 30
id 30  pos  3533  spd   300  load   64  12.1 V  31 C  err 0x00
>>> pos 30
id 30  pos  3526  spd  -250  load -200  12.0 V  31 C  err 0x00
>>> pos 30
id 30  pos  3538  spd   350  load  276  11.9 V  31 C  err 0x00
>>> pos 30
id 30  pos  3527  spd  -400  load -156  12.0 V  31 C  err 0x00
>>> pos 30
id 30  pos  3533  spd   350  load   52  12.1 V  31 C  err 0x00
>>> pos 30
id 30  pos  3531  spd   300  load   20  12.0 V  31 C  err 0x00
>>> pos 30
id 30  pos  3529  spd  -250  load  -64  12.1 V  31 C  err 0x00
>>> pos 30
id 30  pos  3536  spd   300  load  200  12.0 V  31 C  err 0x00
>>> pos 30
id 30  pos  3525  spd  -400  load -236  11.9 V  31 C  err 0x00
>>> pos 30
id 30  pos  3535  spd   350  load  156  12.0 V  31 C  err 0x00
>>> pos 30
id 30  pos  3529  spd  -300  load  -52  12.1 V  31 C  err 0x00
>>> pos 30
id 30  pos  3531  spd  -300  load  -24  12.0 V  31 C  err 0x00
>>> pos 30
id 30  pos  3534  spd   300  load  104  12.1 V  32 C  err 0x00
>>> pos 30
id 30  pos  3525  spd  -250  load -240  12.0 V  31 C  err 0x00
  DOWN quiet: pos +0.10, range 14, moving 145/152, load -284..284, err 0
>>> move 30 3554 0 200 2
move id 30 -> 3554 ticks, 0 ms, spd 200, acc 2: ok
>>> pos 30
id 30  pos  3528  spd  -300  load -160  11.9 V  31 C  err 0x00
>>> pos 30
id 30  pos  3535  spd   450  load  -24  12.1 V  31 C  err 0x00
>>> pos 30
id 30  pos  3537  spd   350  load   20  12.1 V  31 C  err 0x00
>>> pos 30
id 30  pos  3534  spd  -200  load -184  12.0 V  31 C  err 0x00
>>> pos 30
id 30  pos  3546  spd   350  load  196  12.0 V  31 C  err 0x00
>>> pos 30
id 30  pos  3538  spd  -200  load -200  12.0 V  31 C  err 0x00
>>> pos 30
id 30  pos  3547  spd   400  load   80  12.1 V  31 C  err 0x00
>>> pos 30
id 30  pos  3546  spd  -250  load   24  12.0 V  31 C  err 0x00
>>> pos 30
id 30  pos  3546  spd  -200  load -108  12.1 V  31 C  err 0x00
>>> pos 30
id 30  pos  3554  spd   350  load  148  12.1 V  31 C  err 0x00
>>> pos 30
id 30  pos  3546  spd  -250  load -236  11.9 V  31 C  err 0x00
>>> pos 30
id 30  pos  3557  spd   350  load  112  12.0 V  31 C  err 0x00
>>> pos 30
id 30  pos  3553  spd  -150  load  -28  12.1 V  31 C  err 0x00
>>> pos 30
id 30  pos  3553  spd   150  load  -32  12.1 V  31 C  err 0x00
>>> pos 30
id 30  pos  3558  spd   250  load  148  12.1 V  31 C  err 0x00
>>> pos 30
id 30  pos  3549  spd  -300  load -192  11.9 V  31 C  err 0x00
>>> pos 30
id 30  pos  3558  spd   300  load  152  12.0 V  31 C  err 0x00
>>> pos 30
id 30  pos  3553  spd  -100  load  -28  12.0 V  32 C  err 0x00
>>> pos 30
id 30  pos  3554  spd   100  load  -32  12.1 V  31 C  err 0x00
>>> pos 30
id 30  pos  3556  spd   300  load   68  12.0 V  31 C  err 0x00
>>> pos 30
id 30  pos  3550  spd  -250  load -152  12.0 V  31 C  err 0x00
>>> pos 30
id 30  pos  3558  spd   300  load  152  12.0 V  31 C  err 0x00
>>> pos 30
id 30  pos  3551  spd  -100  load -108  12.0 V  31 C  err 0x00
>>> pos 30
id 30  pos  3555  spd    50  load   28  12.1 V  31 C  err 0x00
>>> pos 30
id 30  pos  3555  spd     0  load   28  12.1 V  31 C  err 0x00
>>> pos 30
id 30  pos  3551  spd  -250  load -108  12.0 V  32 C  err 0x00
>>> pos 30
id 30  pos  3558  spd   250  load  148  12.0 V  31 C  err 0x00
>>> pos 30
id 30  pos  3550  spd  -250  load -148  12.0 V  31 C  err 0x00
>>> pos 30
id 30  pos  3556  spd     0  load   68  12.1 V  31 C  err 0x00
>>> pos 30
id 30  pos  3554  spd     0  load  -28  12.1 V  31 C  err 0x00
>>> pos 30
id 30  pos  3553  spd     0  load  -28  12.0 V  31 C  err 0x00
>>> pos 30
id 30  pos  3558  spd   250  load  148  12.0 V  32 C  err 0x00
>>> pos 30
id 30  pos  3550  spd  -250  load -148  12.1 V  32 C  err 0x00
>>> pos 30
id 30  pos  3557  spd   250  load  108  12.1 V  32 C  err 0x00
>>> pos 30
id 30  pos  3553  spd     0  load  -28  12.0 V  31 C  err 0x00
>>> pos 30
id 30  pos  3554  spd     0  load   28  12.0 V  32 C  err 0x00
>>> pos 30
id 30  pos  3556  spd     0  load   68  12.0 V  32 C  err 0x00
>>> pos 30
id 30  pos  3551  spd  -250  load -108  11.9 V  32 C  err 0x00
>>> pos 30
id 30  pos  3558  spd   250  load  148  12.1 V  31 C  err 0x00
>>> pos 30
id 30  pos  3551  spd  -250  load -108  12.0 V  32 C  err 0x00
>>> pos 30
id 30  pos  3555  spd     0  load   28  12.1 V  31 C  err 0x00
>>> pos 30
id 30  pos  3554  spd     0  load  -28  12.1 V  31 C  err 0x00
>>> pos 30
id 30  pos  3552  spd     0  load  -68  12.1 V  32 C  err 0x00
>>> pos 30
id 30  pos  3558  spd   250  load  148  12.1 V  31 C  err 0x00
>>> pos 30
id 30  pos  3550  spd  -250  load -148  12.0 V  31 C  err 0x00
>>> pos 30
id 30  pos  3557  spd   250  load  108  12.1 V  31 C  err 0x00
>>> pos 30
id 30  pos  3553  spd     0  load  -28  12.1 V  31 C  err 0x00
>>> pos 30
id 30  pos  3553  spd     0  load   28  12.1 V  31 C  err 0x00
>>> pos 30
id 30  pos  3557  spd     0  load  108  12.1 V  31 C  err 0x00
>>> pos 30
id 30  pos  3550  spd  -250  load -148  11.9 V  31 C  err 0x00
>>> pos 30
id 30  pos  3558  spd   250  load  148  12.0 V  31 C  err 0x00
>>> pos 30
id 30  pos  3552  spd     0  load  -68  12.1 V  32 C  err 0x00
>>> pos 30
id 30  pos  3555  spd     0  load   28  12.0 V  31 C  err 0x00
>>> pos 30
id 30  pos  3555  spd     0  load   28  12.1 V  31 C  err 0x00
>>> pos 30
id 30  pos  3552  spd  -250  load  -68  12.0 V  32 C  err 0x00
>>> pos 30
id 30  pos  3558  spd   250  load  148  12.0 V  31 C  err 0x00
>>> pos 30
id 30  pos  3550  spd  -250  load -148  12.0 V  32 C  err 0x00
>>> pos 30
id 30  pos  3556  spd     0  load   68  12.1 V  31 C  err 0x00
>>> pos 30
id 30  pos  3554  spd     0  load  -28  12.0 V  31 C  err 0x00
>>> pos 30
id 30  pos  3553  spd     0  load  -28  12.0 V  32 C  err 0x00
>>> pos 30
id 30  pos  3557  spd   250  load  108  11.9 V  31 C  err 0x00
  DOWN step 3531->3554: overshoot 4, settle None, residual range 8, offset +0.2, moving in last 1 s 15, err 0
>>> move 30 3531 0 200 2
move id 30 -> 3531 ticks, 0 ms, spd 200, acc 2: ok
>>> pos 30
id 30  pos  3556  spd   200  load  144  12.0 V  31 C  err 0x00
>>> pos 30
id 30  pos  3549  spd   -50  load  -28  12.0 V  32 C  err 0x00
>>> pos 30
id 30  pos  3548  spd   -50  load   24  12.1 V  31 C  err 0x00
>>> pos 30
id 30  pos  3548  spd   -50  load  108  12.0 V  31 C  err 0x00
>>> pos 30
id 30  pos  3540  spd  -300  load -112  12.0 V  31 C  err 0x00
>>> pos 30
id 30  pos  3546  spd   200  load  192  11.9 V  31 C  err 0x00
>>> pos 30
id 30  pos  3536  spd  -350  load -112  12.0 V  31 C  err 0x00
>>> pos 30
id 30  pos  3539  spd  -100  load   68  12.1 V  31 C  err 0x00
>>> pos 30
id 30  pos  3536  spd     0  load  -32  12.1 V  32 C  err 0x00
>>> pos 30
id 30  pos  3531  spd  -100  load -112  12.1 V  32 C  err 0x00
>>> pos 30
id 30  pos  3538  spd   200  load  236  12.0 V  31 C  err 0x00
>>> pos 30
id 30  pos  3526  spd  -350  load -196  12.0 V  32 C  err 0x00
>>> pos 30
id 30  pos  3533  spd   300  load   68  12.0 V  31 C  err 0x00
>>> pos 30
id 30  pos  3531  spd   150  load  -28  12.0 V  32 C  err 0x00
>>> pos 30
id 30  pos  3530  spd  -150  load   20  12.0 V  31 C  err 0x00
>>> pos 30
id 30  pos  3535  spd   200  load  148  12.0 V  32 C  err 0x00
>>> pos 30
id 30  pos  3526  spd  -300  load -188  12.0 V  32 C  err 0x00
>>> pos 30
id 30  pos  3534  spd   300  load  108  12.1 V  31 C  err 0x00
>>> pos 30
id 30  pos  3530  spd  -300  load  -20  12.1 V  31 C  err 0x00
>>> pos 30
id 30  pos  3530  spd  -200  load  -20  12.1 V  31 C  err 0x00
>>> pos 30
id 30  pos  3535  spd   250  load  152  12.0 V  31 C  err 0x00
>>> pos 30
id 30  pos  3525  spd  -250  load -236  11.9 V  31 C  err 0x00
>>> pos 30
id 30  pos  3537  spd   350  load  236  11.9 V  31 C  err 0x00
>>> pos 30
id 30  pos  3529  spd  -350  load  -52  12.1 V  31 C  err 0x00
>>> pos 30
id 30  pos  3531  spd  -250  load  -24  12.1 V  32 C  err 0x00
>>> pos 30
id 30  pos  3533  spd   250  load   64  12.0 V  31 C  err 0x00
>>> pos 30
id 30  pos  3525  spd  -300  load -236  12.0 V  32 C  err 0x00
>>> pos 30
id 30  pos  3537  spd   300  load  236  11.9 V  31 C  err 0x00
>>> pos 30
id 30  pos  3528  spd  -250  load -116  12.0 V  32 C  err 0x00
>>> pos 30
id 30  pos  3532  spd   300  load  -32  12.0 V  31 C  err 0x00
>>> pos 30
id 30  pos  3533  spd   300  load   72  12.0 V  31 C  err 0x00
>>> pos 30
id 30  pos  3526  spd  -300  load -196  12.1 V  31 C  err 0x00
>>> pos 30
id 30  pos  3537  spd   300  load  240  12.1 V  32 C  err 0x00
>>> pos 30
id 30  pos  3527  spd  -250  load -156  11.9 V  31 C  err 0x00
>>> pos 30
id 30  pos  3533  spd   200  load   76  12.1 V  32 C  err 0x00
>>> pos 30
id 30  pos  3531  spd  -250  load   36  12.0 V  31 C  err 0x00
>>> pos 30
id 30  pos  3528  spd  -300  load -116  12.0 V  31 C  err 0x00
>>> pos 30
id 30  pos  3537  spd   300  load  236  12.0 V  31 C  err 0x00
>>> pos 30
id 30  pos  3526  spd  -300  load -196  12.0 V  32 C  err 0x00
>>> pos 30
id 30  pos  3534  spd   150  load  116  12.0 V  31 C  err 0x00
>>> pos 30
id 30  pos  3530  spd  -150  load  -36  12.1 V  32 C  err 0x00
>>> pos 30
id 30  pos  3529  spd   100  load  -72  12.1 V  31 C  err 0x00
>>> pos 30
id 30  pos  3535  spd   300  load  156  12.1 V  31 C  err 0x00
>>> pos 30
id 30  pos  3526  spd  -250  load -192  12.0 V  31 C  err 0x00
>>> pos 30
id 30  pos  3535  spd   300  load  152  12.1 V  32 C  err 0x00
>>> pos 30
id 30  pos  3529  spd     0  load  -76  12.1 V  31 C  err 0x00
>>> pos 30
id 30  pos  3531  spd   -50  load   32  12.0 V  31 C  err 0x00
>>> pos 30
id 30  pos  3534  spd   100  load  112  12.0 V  31 C  err 0x00
>>> pos 30
id 30  pos  3526  spd  -300  load -192  12.0 V  32 C  err 0x00
>>> pos 30
id 30  pos  3535  spd   250  load  148  12.1 V  32 C  err 0x00
>>> pos 30
id 30  pos  3530  spd  -250  load  -24  12.0 V  31 C  err 0x00
>>> pos 30
id 30  pos  3531  spd  -150  load   20  12.0 V  31 C  err 0x00
>>> pos 30
id 30  pos  3534  spd   150  load  100  12.1 V  32 C  err 0x00
>>> pos 30
id 30  pos  3526  spd  -250  load -188  12.1 V  31 C  err 0x00
>>> pos 30
id 30  pos  3536  spd   300  load  192  12.0 V  32 C  err 0x00
>>> pos 30
id 30  pos  3529  spd  -300  load  -44  12.1 V  32 C  err 0x00
>>> pos 30
id 30  pos  3532  spd  -300  load  -24  12.1 V  31 C  err 0x00
>>> pos 30
id 30  pos  3534  spd   250  load  104  12.0 V  32 C  err 0x00
>>> pos 30
id 30  pos  3525  spd  -300  load -236  12.0 V  31 C  err 0x00
>>> pos 30
id 30  pos  3537  spd   350  load  236  11.9 V  32 C  err 0x00
>>> pos 30
id 30  pos  3528  spd  -250  load -120  12.0 V  32 C  err 0x00
  DOWN step 3554->3531: overshoot 6, settle None, residual range 12, offset +0.1, moving in last 1 s 30, err 0
>>> move 30 3508 0 200 2
move id 30 -> 3508 ticks, 0 ms, spd 200, acc 2: ok
>>> pos 30
id 30  pos  3531  spd   300  load   72  12.0 V  32 C  err 0x00
>>> pos 30
id 30  pos  3523  spd  -400  load -152  12.0 V  31 C  err 0x00
>>> pos 30
id 30  pos  3532  spd   300  load  276  11.9 V  32 C  err 0x00
>>> pos 30
id 30  pos  3520  spd  -350  load  -80  12.1 V  31 C  err 0x00
>>> pos 30
id 30  pos  3523  spd   100  load  116  12.1 V  31 C  err 0x00
>>> pos 30
id 30  pos  3519  spd  -250  load   32  12.0 V  31 C  err 0x00
>>> pos 30
id 30  pos  3513  spd  -300  load -112  12.0 V  32 C  err 0x00
>>> pos 30
id 30  pos  3520  spd   250  load  236  12.0 V  31 C  err 0x00
>>> pos 30
id 30  pos  3508  spd  -300  load -156  12.0 V  32 C  err 0x00
>>> pos 30
id 30  pos  3513  spd   -50  load   72  12.0 V  31 C  err 0x00
>>> pos 30
id 30  pos  3509  spd   -50  load  -36  12.1 V  32 C  err 0x00
>>> pos 30
id 30  pos  3506  spd   -50  load  -72  12.0 V  32 C  err 0x00
>>> pos 30
id 30  pos  3513  spd   250  load  192  12.0 V  31 C  err 0x00
>>> pos 30
id 30  pos  3504  spd  -200  load -148  12.1 V  32 C  err 0x00
>>> pos 30
id 30  pos  3510  spd   300  load   60  12.1 V  31 C  err 0x00
>>> pos 30
id 30  pos  3508  spd   200  load  -24  12.0 V  32 C  err 0x00
>>> pos 30
id 30  pos  3506  spd  -200  load  -56  12.1 V  32 C  err 0x00
>>> pos 30
id 30  pos  3513  spd   200  load  192  12.0 V  32 C  err 0x00
>>> pos 30
id 30  pos  3503  spd  -300  load -188  12.0 V  32 C  err 0x00
>>> pos 30
id 30  pos  3511  spd   300  load  112  12.1 V  32 C  err 0x00
>>> pos 30
id 30  pos  3507  spd  -300  load   24  12.1 V  32 C  err 0x00
>>> pos 30
id 30  pos  3506  spd  -300  load  -68  12.0 V  31 C  err 0x00
>>> pos 30
id 30  pos  3513  spd   300  load  184  12.0 V  31 C  err 0x00
>>> pos 30
id 30  pos  3502  spd  -300  load -236  11.9 V  31 C  err 0x00
>>> pos 30
id 30  pos  3512  spd   300  load  156  12.0 V  31 C  err 0x00
>>> pos 30
id 30  pos  3506  spd  -350  load  -40  12.0 V  32 C  err 0x00
>>> pos 30
id 30  pos  3507  spd   250  load  -32  12.1 V  31 C  err 0x00
>>> pos 30
id 30  pos  3512  spd   350  load  152  12.0 V  32 C  err 0x00
>>> pos 30
id 30  pos  3502  spd  -300  load -236  12.0 V  31 C  err 0x00
>>> pos 30
id 30  pos  3513  spd   200  load  196  12.0 V  31 C  err 0x00
>>> pos 30
id 30  pos  3506  spd  -150  load  -76  12.1 V  32 C  err 0x00
>>> pos 30
id 30  pos  3508  spd   100  load  -36  12.0 V  32 C  err 0x00
>>> pos 30
id 30  pos  3511  spd   300  load  116  12.0 V  32 C  err 0x00
>>> pos 30
id 30  pos  3503  spd  -250  load -192  12.0 V  31 C  err 0x00
>>> pos 30
id 30  pos  3513  spd   300  load  192  12.0 V  32 C  err 0x00
>>> pos 30
id 30  pos  3507  spd     0  load  -32  12.0 V  32 C  err 0x00
>>> pos 30
id 30  pos  3508  spd  -100  load   28  12.1 V  31 C  err 0x00
>>> pos 30
id 30  pos  3511  spd   100  load  108  12.0 V  32 C  err 0x00
>>> pos 30
id 30  pos  3503  spd  -250  load -188  12.0 V  32 C  err 0x00
>>> pos 30
id 30  pos  3513  spd   300  load  188  12.0 V  32 C  err 0x00
>>> pos 30
id 30  pos  3507  spd  -300  load    0  12.1 V  32 C  err 0x00
>>> pos 30
id 30  pos  3508  spd  -200  load  -24  12.1 V  31 C  err 0x00
>>> pos 30
id 30  pos  3511  spd   250  load  104  12.1 V  32 C  err 0x00
>>> pos 30
id 30  pos  3502  spd  -300  load -232  12.0 V  32 C  err 0x00
>>> pos 30
id 30  pos  3514  spd   350  load  236  11.9 V  31 C  err 0x00
>>> pos 30
id 30  pos  3506  spd  -300  load  -80  12.1 V  32 C  err 0x00
>>> pos 30
id 30  pos  3509  spd   300  load  -32  12.1 V  31 C  err 0x00
>>> pos 30
id 30  pos  3511  spd   300  load  112  12.1 V  31 C  err 0x00
>>> pos 30
id 30  pos  3502  spd  -300  load -232  11.9 V  31 C  err 0x00
>>> pos 30
id 30  pos  3514  spd   350  load  236  12.0 V  31 C  err 0x00
>>> pos 30
id 30  pos  3505  spd  -200  load -116  12.1 V  32 C  err 0x00
>>> pos 30
id 30  pos  3509  spd   100  load   36  12.0 V  31 C  err 0x00
>>> pos 30
id 30  pos  3510  spd  -100  load   76  12.0 V  32 C  err 0x00
>>> pos 30
id 30  pos  3503  spd  -250  load -192  12.1 V  32 C  err 0x00
>>> pos 30
id 30  pos  3513  spd   300  load  192  12.0 V  31 C  err 0x00
>>> pos 30
id 30  pos  3506  spd  -250  load  -72  12.1 V  31 C  err 0x00
>>> pos 30
id 30  pos  3508  spd  -100  load   28  12.0 V  32 C  err 0x00
>>> pos 30
id 30  pos  3510  spd   150  load   48  12.1 V  32 C  err 0x00
>>> pos 30
id 30  pos  3503  spd  -200  load -188  12.0 V  31 C  err 0x00
>>> pos 30
id 30  pos  3513  spd   300  load  192  11.9 V  31 C  err 0x00
>>> pos 30
id 30  pos  3506  spd  -250  load  -56  12.1 V  32 C  err 0x00
  DOWN step 3531->3508: overshoot 6, settle None, residual range 12, offset +0.2, moving in last 1 s 30, err 0
>>> move 30 3531 0 200 2
move id 30 -> 3531 ticks, 0 ms, spd 200, acc 2: ok
>>> pos 30
id 30  pos  3511  spd   300  load   64  12.1 V  31 C  err 0x00
>>> pos 30
id 30  pos  3505  spd  -250  load -236  12.0 V  32 C  err 0x00
>>> pos 30
id 30  pos  3519  spd   400  load  236  11.9 V  31 C  err 0x00
>>> pos 30
id 30  pos  3512  spd  -250  load -152  12.0 V  32 C  err 0x00
>>> pos 30
id 30  pos  3519  spd   350  load  -36  12.0 V  31 C  err 0x00
>>> pos 30
id 30  pos  3521  spd   400  load   28  12.0 V  32 C  err 0x00
>>> pos 30
id 30  pos  3517  spd  -200  load -192  12.0 V  32 C  err 0x00
>>> pos 30
id 30  pos  3529  spd   400  load  196  11.9 V  32 C  err 0x00
>>> pos 30
id 30  pos  3522  spd  -150  load -152  12.0 V  32 C  err 0x00
>>> pos 30
id 30  pos  3529  spd   150  load   76  12.1 V  31 C  err 0x00
>>> pos 30
id 30  pos  3529  spd   -50  load   32  12.1 V  31 C  err 0x00
>>> pos 30
id 30  pos  3526  spd  -250  load -192  12.0 V  31 C  err 0x00
>>> pos 30
id 30  pos  3537  spd   300  load  236  11.9 V  32 C  err 0x00
>>> pos 30
id 30  pos  3527  spd  -300  load -156  12.0 V  32 C  err 0x00
>>> pos 30
id 30  pos  3532  spd   -50  load   32  12.1 V  31 C  err 0x00
>>> pos 30
id 30  pos  3532  spd   100  load  -28  12.0 V  31 C  err 0x00
>>> pos 30
id 30  pos  3527  spd  -150  load -148  12.1 V  31 C  err 0x00
>>> pos 30
id 30  pos  3536  spd   250  load  188  12.0 V  32 C  err 0x00
>>> pos 30
id 30  pos  3528  spd  -300  load -104  12.1 V  32 C  err 0x00
>>> pos 30
id 30  pos  3532  spd   250  load  -20  12.0 V  31 C  err 0x00
>>> pos 30
id 30  pos  3533  spd   200  load   68  12.0 V  32 C  err 0x00
>>> pos 30
id 30  pos  3526  spd  -350  load -196  12.0 V  32 C  err 0x00
>>> pos 30
id 30  pos  3537  spd   300  load  240  11.9 V  31 C  err 0x00
>>> pos 30
id 30  pos  3527  spd  -250  load -160  12.0 V  32 C  err 0x00
>>> pos 30
id 30  pos  3533  spd   250  load   80  12.1 V  29 C  err 0x00
>>> pos 30
id 30  pos  3532  spd  -250  load   32  12.1 V  31 C  err 0x00
>>> pos 30
id 30  pos  3527  spd  -300  load -152  12.0 V  32 C  err 0x00
>>> pos 30
id 30  pos  3537  spd   250  load  236  11.9 V  32 C  err 0x00
>>> pos 30
id 30  pos  3528  spd  -250  load -116  12.1 V  32 C  err 0x00
>>> pos 30
id 30  pos  3532  spd     0  load   32  12.0 V  32 C  err 0x00
>>> pos 30
id 30  pos  3533  spd     0  load   72  12.1 V  32 C  err 0x00
>>> pos 30
id 30  pos  3527  spd  -250  load -148  12.1 V  32 C  err 0x00
>>> pos 30
id 30  pos  3536  spd   250  load  188  11.9 V  31 C  err 0x00
>>> pos 30
id 30  pos  3529  spd  -250  load  -64  12.1 V  33 C  err 0x00
>>> pos 30
id 30  pos  3532  spd  -200  load   20  12.1 V  32 C  err 0x00
>>> pos 30
id 30  pos  3533  spd   150  load   56  12.0 V  32 C  err 0x00
>>> pos 30
id 30  pos  3527  spd  -250  load -144  12.0 V  32 C  err 0x00
>>> pos 30
id 30  pos  3537  spd   300  load  232  11.9 V  31 C  err 0x00
>>> pos 30
id 30  pos  3528  spd  -300  load -116  12.1 V  32 C  err 0x00
>>> pos 30
id 30  pos  3533  spd   300  load   40  12.0 V  32 C  err 0x00
>>> pos 30
id 30  pos  3532  spd   300  load   32  12.1 V  31 C  err 0x00
>>> pos 30
id 30  pos  3527  spd  -300  load -152  12.1 V  32 C  err 0x00
>>> pos 30
id 30  pos  3537  spd   300  load  240  11.9 V  32 C  err 0x00
>>> pos 30
id 30  pos  3527  spd  -250  load -156  12.0 V  32 C  err 0x00
>>> pos 30
id 30  pos  3533  spd   200  load   76  12.0 V  31 C  err 0x00
>>> pos 30
id 30  pos  3532  spd  -150  load   36  12.1 V  32 C  err 0x00
>>> pos 30
id 30  pos  3527  spd  -300  load -152  12.0 V  31 C  err 0x00
>>> pos 30
id 30  pos  3537  spd   250  load  236  12.0 V  32 C  err 0x00
>>> pos 30
id 30  pos  3528  spd  -200  load -116  12.1 V  32 C  err 0x00
>>> pos 30
id 30  pos  3532  spd  -100  load   32  12.1 V  32 C  err 0x00
>>> pos 30
id 30  pos  3533  spd   100  load   48  12.0 V  32 C  err 0x00
>>> pos 30
id 30  pos  3527  spd  -200  load -148  12.0 V  31 C  err 0x00
>>> pos 30
id 30  pos  3536  spd   300  load  188  12.0 V  32 C  err 0x00
>>> pos 30
id 30  pos  3529  spd  -300  load  -68  12.0 V  61 C  err 0x00
>>> pos 30
id 30  pos  3532  spd   300  load  -20  12.1 V  32 C  err 0x00
>>> pos 30
id 30  pos  3533  spd   250  load   68  12.0 V  32 C  err 0x00
>>> pos 30
id 30  pos  3526  spd  -300  load -188  12.0 V  31 C  err 0x00
>>> pos 30
id 30  pos  3537  spd   300  load  236  11.9 V  32 C  err 0x00
>>> pos 30
id 30  pos  3527  spd  -300  load -160  12.0 V  32 C  err 0x00
>>> pos 30
id 30  pos  3533  spd   250  load   80  12.1 V  31 C  err 0x00
>>> pos 30
id 30  pos  3532  spd  -250  load   32  12.0 V  31 C  err 0x00
  DOWN step 3508->3531: overshoot 6, settle 2.0141, residual range 11, offset +0.4, moving in last 1 s 30, err 0
>>> pos 30
id 30  pos  3527  spd  -300  load -156  12.0 V  32 C  err 0x00
>>> move 30 2507 0 100 2
move id 30 -> 2507 ticks, 0 ms, spd 100, acc 2: ok
>>> pos 30
id 30  pos  3526  spd  -300  load -116  12.0 V  46 C  err 0x00
>>> pos 30
id 30  pos  3529  spd   -50  load   72  12.0 V  32 C  err 0x00
>>> pos 30
id 30  pos  3526  spd   -50  load   36  12.0 V  32 C  err 0x00
>>> pos 30
id 30  pos  3519  spd  -350  load -104  12.0 V  32 C  err 0x00
>>> pos 30
id 30  pos  3525  spd   200  load  192  12.0 V  32 C  err 0x00
>>> pos 30
id 30  pos  3516  spd  -400  load  -24  12.1 V  32 C  err 0x00
>>> pos 30
id 30  pos  3515  spd  -250  load  -20  12.1 V  31 C  err 0x00
>>> pos 30
id 30  pos  3513  spd   200  load   64  12.0 V  32 C  err 0x00
>>> pos 30
id 30  pos  3503  spd  -350  load -156  12.0 V  32 C  err 0x00
>>> pos 30
id 30  pos  3511  spd   200  load  276  11.9 V  32 C  err 0x00
>>> pos 30
id 30  pos  3499  spd  -450  load  -76  12.1 V  32 C  err 0x00
>>> pos 30
id 30  pos  3499  spd   150  load   44  12.1 V  32 C  err 0x00
>>> pos 30
id 30  pos  3496  spd   200  load   72  12.0 V  32 C  err 0x00
>>> pos 30
id 30  pos  3487  spd  -300  load -148  12.1 V  32 C  err 0x00
>>> pos 30
id 30  pos  3494  spd   250  load  268  11.9 V  32 C  err 0x00
>>> pos 30
id 30  pos  3483  spd  -200  load  -40  12.0 V  31 C  err 0x00
>>> pos 30
id 30  pos  3482  spd  -100  load   28  12.0 V  32 C  err 0x00
>>> pos 30
id 30  pos  3480  spd   -50  load  116  12.0 V  32 C  err 0x00
>>> pos 30
id 30  pos  3471  spd  -350  load -104  12.0 V  32 C  err 0x00
>>> pos 30
id 30  pos  3476  spd   100  load  188  11.9 V  32 C  err 0x00
>>> pos 30
id 30  pos  3468  spd  -350  load    0  12.1 V  32 C  err 0x00
>>> pos 30
id 30  pos  3464  spd  -300  load  -24  12.0 V  32 C  err 0x00
>>> pos 30
id 30  pos  3466  spd   200  load  188  12.0 V  32 C  err 0x00
>>> pos 30
id 30  pos  3452  spd  -400  load -236  11.9 V  31 C  err 0x00
>>> pos 30
id 30  pos  3461  spd   250  load  276  12.0 V  31 C  err 0x00
>>> pos 30
id 30  pos  3450  spd  -400  load  -40  12.0 V  32 C  err 0x00
>>> pos 30
id 30  pos  3447  spd     0  load  -32  12.1 V  32 C  err 0x00
>>> pos 30
id 30  pos  3450  spd   250  load  240  12.0 V  32 C  err 0x00
>>> pos 30
id 30  pos  3436  spd  -400  load -192  12.0 V  31 C  err 0x00
>>> pos 30
id 30  pos  3442  spd   200  load  152  12.0 V  32 C  err 0x00
>>> pos 30
id 30  pos  3433  spd   -50  load  -40  12.0 V  32 C  err 0x00
>>> pos 30
id 30  pos  3431  spd  -200  load   24  12.1 V  32 C  err 0x00
>>> pos 30
id 30  pos  3433  spd    50  load  196  12.0 V  32 C  err 0x00
>>> pos 30
id 30  pos  3422  spd  -400  load  -64  12.1 V  32 C  err 0x00
>>> pos 30
id 30  pos  3424  spd   150  load   88  12.1 V  32 C  err 0x00
>>> pos 30
id 30  pos  3419  spd   200  load   28  12.1 V  32 C  err 0x00
>>> pos 30
id 30  pos  3412  spd  -350  load  -68  12.0 V  32 C  err 0x00
>>> pos 30
id 30  pos  3418  spd   250  load  272  12.0 V  32 C  err 0x00
>>> pos 30
id 30  pos  3405  spd  -350  load -120  12.0 V  32 C  err 0x00
>>> pos 30
id 30  pos  3407  spd     0  load   68  12.1 V  32 C  err 0x00
>>> pos 30
id 30  pos  3403  spd  -250  load   80  12.1 V  32 C  err 0x00
>>> pos 30
id 30  pos  3395  spd  -350  load -104  12.0 V  32 C  err 0x00
>>> pos 30
id 30  pos  3401  spd   200  load  236  11.9 V  32 C  err 0x00
>>> pos 30
id 30  pos  3390  spd  -400  load  -28  12.0 V  32 C  err 0x00
>>> pos 30
id 30  pos  3388  spd  -200  load  -20  12.1 V  32 C  err 0x00
>>> pos 30
id 30  pos  3388  spd   200  load  100  12.0 V  32 C  err 0x00
>>> pos 30
id 30  pos  3377  spd  -350  load -152  12.0 V  32 C  err 0x00
>>> pos 30
id 30  pos  3386  spd   200  load  316  11.9 V  31 C  err 0x00
>>> pos 30
id 30  pos  3373  spd  -450  load  -76  12.1 V  32 C  err 0x00
>>> pos 30
id 30  pos  3372  spd    50  load  -28  12.0 V  32 C  err 0x00
>>> pos 30
id 30  pos  3372  spd   300  load  156  12.1 V  32 C  err 0x00
>>> pos 30
id 30  pos  3361  spd  -350  load -148  12.0 V  32 C  err 0x00
>>> pos 30
id 30  pos  3369  spd   300  load  308  11.9 V  32 C  err 0x00
>>> pos 30
id 30  pos  3357  spd  -200  load  -44  12.1 V  32 C  err 0x00
>>> pos 30
id 30  pos  3355  spd  -150  load   24  12.0 V  32 C  err 0x00
>>> pos 30
id 30  pos  3355  spd   -50  load  120  12.0 V  32 C  err 0x00
>>> pos 30
id 30  pos  3345  spd  -350  load -104  12.1 V  83 C  err 0x00
>>> pos 30
id 30  pos  3351  spd   100  load  236  11.9 V  32 C  err 0x00
>>> pos 30
id 30  pos  3341  spd  -500  load    0  12.1 V  32 C  err 0x00
>>> pos 30
id 30  pos  3338  spd  -300  load  -20  12.1 V  31 C  err 0x00
>>> pos 30
id 30  pos  3340  spd   200  load  184  12.0 V  32 C  err 0x00
>>> pos 30
id 30  pos  3327  spd  -300  load -196  12.0 V  32 C  err 0x00
>>> pos 30
id 30  pos  3334  spd   100  load  236  11.9 V  32 C  err 0x00
>>> pos 30
id 30  pos  3325  spd  -450  load  -40  12.1 V  32 C  err 0x00
>>> pos 30
id 30  pos  3320  spd   -50  load  -68  12.0 V  32 C  err 0x00
>>> pos 30
id 30  pos  3324  spd   350  load  244  12.0 V  32 C  err 0x00
>>> pos 30
id 30  pos  3312  spd  -400  load -104  12.0 V  32 C  err 0x00
>>> pos 30
id 30  pos  3316  spd   250  load  144  12.0 V  32 C  err 0x00
>>> pos 30
id 30  pos  3309  spd  -100  load  -36  12.0 V  31 C  err 0x00
>>> pos 30
id 30  pos  3304  spd  -150  load  -20  12.0 V  32 C  err 0x00
>>> pos 30
id 30  pos  3308  spd    50  load  232  12.0 V  31 C  err 0x00
>>> pos 30
id 30  pos  3298  spd  -350  load  -28  12.0 V  32 C  err 0x00
>>> pos 30
id 30  pos  3298  spd    50  load   88  12.0 V  32 C  err 0x00
>>> pos 30
id 30  pos  3293  spd   250  load   20  12.1 V  32 C  err 0x00
>>> pos 30
id 30  pos  3287  spd  -300  load  -64  12.0 V  32 C  err 0x00
>>> pos 30
id 30  pos  3291  spd   200  load  236  12.0 V  32 C  err 0x00
>>> pos 30
id 30  pos  3280  spd  -400  load  -76  12.0 V  32 C  err 0x00
>>> pos 30
id 30  pos  3282  spd     0  load  108  12.0 V  32 C  err 0x00
>>> pos 30
id 30  pos  3276  spd  -300  load   40  12.0 V  32 C  err 0x00
>>> pos 30
id 30  pos  3270  spd  -400  load  -68  12.0 V  32 C  err 0x00
>>> pos 30
id 30  pos  3276  spd   300  load  284  12.0 V  32 C  err 0x00
>>> pos 30
id 30  pos  3263  spd  -350  load  -84  12.0 V  32 C  err 0x00
>>> pos 30
id 30  pos  3266  spd  -100  load  144  12.1 V  32 C  err 0x00
>>> pos 30
id 30  pos  3260  spd  -150  load  -36  12.1 V  32 C  err 0x00
>>> pos 30
id 30  pos  3253  spd  -200  load  -60  12.0 V  32 C  err 0x00
>>> pos 30
id 30  pos  3259  spd   200  load  280  11.9 V  32 C  err 0x00
>>> pos 30
id 30  pos  3247  spd  -400  load  -72  12.0 V  32 C  err 0x00
>>> pos 30
id 30  pos  3248  spd   250  load   48  12.1 V  32 C  err 0x00
>>> pos 30
id 30  pos  3243  spd   150  load  -20  12.0 V  32 C  err 0x00
>>> pos 30
id 30  pos  3236  spd  -350  load -100  12.1 V  32 C  err 0x00
>>> pos 30
id 30  pos  3243  spd   250  load  276  12.0 V  32 C  err 0x00
>>> pos 30
id 30  pos  3230  spd  -500  load  -76  12.1 V  31 C  err 0x00
>>> pos 30
id 30  pos  3230  spd   -50  load   24  12.1 V  32 C  err 0x00
>>> pos 30
id 30  pos  3228  spd  -350  load   80  12.1 V  32 C  err 0x00
>>> pos 30
id 30  pos  3219  spd  -300  load -104  12.0 V  32 C  err 0x00
>>> pos 30
id 30  pos  3227  spd   350  load  324  11.9 V  32 C  err 0x00
>>> pos 30
id 30  pos  3214  spd  -350  load  -84  12.1 V  32 C  err 0x00
>>> pos 30
id 30  pos  3214  spd  -150  load   60  12.0 V  32 C  err 0x00
>>> pos 30
id 30  pos  3212  spd  -150  load   84  12.0 V  32 C  err 0x00
>>> pos 30
id 30  pos  3204  spd  -200  load  -64  12.1 V  32 C  err 0x00
>>> pos 30
id 30  pos  3209  spd   200  load  276  11.9 V  31 C  err 0x00
>>> pos 30
id 30  pos  3199  spd  -350  load  -28  12.0 V  32 C  err 0x00
>>> pos 30
id 30  pos  3200  spd  -250  load  132  12.1 V  32 C  err 0x00
>>> pos 30
id 30  pos  3194  spd   -50  load   44  12.1 V  32 C  err 0x00
>>> pos 30
id 30  pos  3187  spd  -200  load  -64  12.0 V  32 C  err 0x00
>>> pos 30
id 30  pos  3192  spd   200  load  240  11.9 V  32 C  err 0x00
>>> pos 30
id 30  pos  3181  spd  -400  load  -68  12.1 V  32 C  err 0x00
>>> pos 30
id 30  pos  3184  spd   150  load  172  12.0 V  31 C  err 0x00
>>> pos 30
id 30  pos  3177  spd   150  load  -20  12.1 V  32 C  err 0x00
>>> pos 30
id 30  pos  3171  spd  -250  load  -60  12.1 V  32 C  err 0x00
>>> pos 30
id 30  pos  3175  spd   200  load  236  12.0 V  32 C  err 0x00
>>> pos 30
id 30  pos  3164  spd  -350  load  -72  12.0 V  32 C  err 0x00
>>> pos 30
id 30  pos  3168  spd     0  load  192  12.0 V  32 C  err 0x00
>>> pos 30
id 30  pos  3160  spd  -300  load   20  12.0 V  32 C  err 0x00
>>> pos 30
id 30  pos  3154  spd  -300  load  -64  12.1 V  32 C  err 0x00
>>> pos 30
id 30  pos  3158  spd   300  load  188  12.0 V  32 C  err 0x00
>>> pos 30
id 30  pos  3146  spd  -350  load -116  12.0 V  32 C  err 0x00
>>> pos 30
id 30  pos  3153  spd    50  load  272  11.9 V  32 C  err 0x00
>>> pos 30
id 30  pos  3142  spd  -400  load  -36  12.0 V  32 C  err 0x00
>>> pos 30
id 30  pos  3139  spd   -50  load  -24  12.0 V  32 C  err 0x00
>>> pos 30
id 30  pos  3141  spd   250  load  196  12.0 V  32 C  err 0x00
>>> pos 30
id 30  pos  3130  spd  -350  load -104  12.0 V  32 C  err 0x00
>>> pos 30
id 30  pos  3136  spd   300  load  224  11.9 V  32 C  err 0x00
>>> pos 30
id 30  pos  3126  spd  -250  load  -40  12.1 V  32 C  err 0x00
>>> pos 30
id 30  pos  3124  spd  -100  load   20  12.0 V  32 C  err 0x00
>>> pos 30
id 30  pos  3123  spd  -200  load  116  12.1 V  32 C  err 0x00
>>> pos 30
id 30  pos  3115  spd  -300  load  -20  12.1 V  31 C  err 0x00
>>> pos 30
id 30  pos  3118  spd   100  load  192  12.0 V  32 C  err 0x00
>>> pos 30
id 30  pos  3110  spd  -300  load  -24  12.1 V  32 C  err 0x00
>>> pos 30
id 30  pos  3109  spd   -50  load  100  12.1 V  32 C  err 0x00
>>> pos 30
id 30  pos  3106  spd   -50  load   92  12.1 V  32 C  err 0x00
>>> pos 30
id 30  pos  3102  spd     0  load   48  12.1 V  32 C  err 0x00
>>> pos 30
id 30  pos  3100  spd     0  load  140  12.1 V  32 C  err 0x00
>>> pos 30
id 30  pos  3095  spd  -150  load   44  12.1 V  32 C  err 0x00
>>> pos 30
id 30  pos  3094  spd   -50  load  144  12.1 V  32 C  err 0x00
>>> pos 30
id 30  pos  3087  spd  -300  load  -24  12.0 V  32 C  err 0x00
>>> pos 30
id 30  pos  3088  spd    50  load  184  12.0 V  31 C  err 0x00
>>> pos 30
id 30  pos  3080  spd  -200  load  -32  12.0 V  32 C  err 0x00
>>> pos 30
id 30  pos  3080  spd     0  load  104  12.1 V  32 C  err 0x00
>>> pos 30
id 30  pos  3074  spd  -250  load   20  12.1 V  32 C  err 0x00
>>> pos 30
id 30  pos  3073  spd  -100  load  100  12.1 V  32 C  err 0x00
>>> pos 30
id 30  pos  3069  spd   -50  load   52  12.0 V  32 C  err 0x00
>>> pos 30
id 30  pos  3066  spd     0  load   88  12.1 V  32 C  err 0x00
>>> pos 30
id 30  pos  3063  spd     0  load  104  12.1 V  32 C  err 0x00
>>> pos 30
id 30  pos  3058  spd  -200  load    0  12.1 V  32 C  err 0x00
>>> pos 30
id 30  pos  3058  spd     0  load  184  12.0 V  32 C  err 0x00
>>> pos 30
id 30  pos  3051  spd  -200  load  -32  12.1 V  32 C  err 0x00
>>> pos 30
id 30  pos  3050  spd     0  load  104  12.1 V  32 C  err 0x00
>>> pos 30
id 30  pos  3045  spd  -200  load   48  12.0 V  32 C  err 0x00
>>> pos 30
id 30  pos  3044  spd     0  load  144  12.0 V  32 C  err 0x00
>>> pos 30
id 30  pos  3038  spd  -200  load  -20  12.0 V  32 C  err 0x00
>>> pos 30
id 30  pos  3038  spd     0  load  180  12.0 V  32 C  err 0x00
>>> pos 30
id 30  pos  3031  spd  -200  load  -32  12.1 V  32 C  err 0x00
>>> pos 30
id 30  pos  3030  spd     0  load  104  12.1 V  32 C  err 0x00
>>> pos 30
id 30  pos  3026  spd  -200  load   64  12.1 V  32 C  err 0x00
>>> pos 30
id 30  pos  3022  spd  -150  load   56  12.1 V  32 C  err 0x00
>>> pos 30
id 30  pos  3020  spd     0  load   96  12.0 V  32 C  err 0x00
>>> pos 30
id 30  pos  3016  spd   -50  load   44  12.1 V  32 C  err 0x00
>>> pos 30
id 30  pos  3013  spd     0  load  100  12.1 V  32 C  err 0x00
>>> pos 30
id 30  pos  3009  spd  -150  load   60  12.1 V  32 C  err 0x00
>>> pos 30
id 30  pos  3007  spd   -50  load  104  12.0 V  32 C  err 0x00
>>> pos 30
id 30  pos  3002  spd  -250  load   48  12.0 V  32 C  err 0x00
>>> pos 30
id 30  pos  3002  spd    50  load  184  12.0 V  32 C  err 0x00
>>> pos 30
id 30  pos  2995  spd  -150  load  -32  12.1 V  32 C  err 0x00
>>> pos 30
id 30  pos  2995  spd     0  load  184  12.0 V  32 C  err 0x00
>>> pos 30
id 30  pos  2988  spd  -300  load  -24  12.0 V  32 C  err 0x00
>>> pos 30
id 30  pos  2988  spd     0  load  144  12.1 V  32 C  err 0x00
>>> pos 30
id 30  pos  2981  spd  -200  load  -28  12.1 V  32 C  err 0x00
>>> pos 30
id 30  pos  2981  spd     0  load  140  12.0 V  32 C  err 0x00
>>> pos 30
id 30  pos  2975  spd   -50  load  -20  12.0 V  32 C  err 0x00
>>> pos 30
id 30  pos  2974  spd   -50  load  104  12.1 V  32 C  err 0x00
>>> pos 30
id 30  pos  2969  spd  -200  load   60  12.1 V  32 C  err 0x00
>>> pos 30
id 30  pos  2967  spd  -150  load  100  12.0 V  32 C  err 0x00
>>> pos 30
id 30  pos  2962  spd  -100  load  -20  12.1 V  32 C  err 0x00
>>> pos 30
id 30  pos  2960  spd   -50  load   88  12.1 V  32 C  err 0x00
>>> pos 30
id 30  pos  2957  spd     0  load  104  12.0 V  32 C  err 0x00
>>> pos 30
id 30  pos  2953  spd  -150  load   60  12.0 V  32 C  err 0x00
>>> pos 30
id 30  pos  2950  spd  -100  load  104  12.1 V  32 C  err 0x00
>>> pos 30
id 30  pos  2946  spd  -200  load   48  12.0 V  32 C  err 0x00
>>> pos 30
id 30  pos  2945  spd     0  load  144  12.1 V  32 C  err 0x00
>>> pos 30
id 30  pos  2939  spd  -200  load   40  12.1 V  32 C  err 0x00
>>> pos 30
id 30  pos  2938  spd     0  load  144  12.0 V  32 C  err 0x00
>>> pos 30
id 30  pos  2932  spd  -200  load  -24  12.0 V  32 C  err 0x00
>>> pos 30
id 30  pos  2932  spd     0  load  184  12.0 V  32 C  err 0x00
>>> pos 30
id 30  pos  2925  spd  -150  load  -32  12.1 V  32 C  err 0x00
>>> pos 30
id 30  pos  2925  spd     0  load  144  12.0 V  32 C  err 0x00
>>> pos 30
id 30  pos  2918  spd  -250  load  -20  12.1 V  32 C  err 0x00
>>> pos 30
id 30  pos  2919  spd   -50  load  184  11.9 V  32 C  err 0x00
>>> pos 30
id 30  pos  2912  spd  -250  load  -32  12.1 V  31 C  err 0x00
>>> pos 30
id 30  pos  2911  spd     0  load  100  12.0 V  32 C  err 0x00
>>> pos 30
id 30  pos  2906  spd   -50  load   52  12.0 V  32 C  err 0x00
>>> pos 30
id 30  pos  2904  spd   -50  load  104  12.0 V  32 C  err 0x00
>>> pos 30
id 30  pos  2901  spd  -150  load  104  12.0 V  32 C  err 0x00
>>> pos 30
id 30  pos  2897  spd  -200  load   96  12.0 V  32 C  err 0x00
>>> pos 30
id 30  pos  2894  spd   -50  load   92  12.1 V  32 C  err 0x00
>>> pos 30
id 30  pos  2890  spd   -50  load   52  12.1 V  32 C  err 0x00
>>> pos 30
id 30  pos  2888  spd     0  load  140  12.0 V  32 C  err 0x00
>>> pos 30
id 30  pos  2883  spd  -150  load   60  12.0 V  32 C  err 0x00
>>> pos 30
id 30  pos  2882  spd   -50  load  144  12.0 V  32 C  err 0x00
>>> pos 30
id 30  pos  2876  spd  -250  load   48  12.0 V  32 C  err 0x00
>>> pos 30
id 30  pos  2875  spd     0  load  144  12.0 V  32 C  err 0x00
>>> pos 30
id 30  pos  2869  spd  -200  load  -28  12.0 V  32 C  err 0x00
>>> pos 30
id 30  pos  2869  spd     0  load  184  12.0 V  32 C  err 0x00
>>> pos 30
id 30  pos  2862  spd  -250  load    0  12.1 V  32 C  err 0x00
>>> pos 30
id 30  pos  2862  spd  -100  load  140  12.1 V  31 C  err 0x00
>>> pos 30
id 30  pos  2855  spd  -150  load  -28  12.1 V  32 C  err 0x00
>>> pos 30
id 30  pos  2855  spd    50  load  132  12.1 V  32 C  err 0x00
>>> pos 30
id 30  pos  2850  spd     0  load   60  12.1 V  32 C  err 0x00
>>> pos 30
id 30  pos  2847  spd  -100  load   60  12.0 V  32 C  err 0x00
>>> pos 30
id 30  pos  2844  spd  -100  load  108  12.0 V  32 C  err 0x00
>>> pos 30
id 30  pos  2840  spd  -300  load   48  12.1 V  32 C  err 0x00
>>> pos 30
id 30  pos  2839  spd    50  load  144  12.0 V  32 C  err 0x00
>>> pos 30
id 30  pos  2832  spd  -200  load  -32  12.1 V  32 C  err 0x00
>>> pos 30
id 30  pos  2833  spd    50  load  188  12.0 V  32 C  err 0x00
>>> pos 30
id 30  pos  2825  spd  -300  load  -32  12.1 V  32 C  err 0x00
>>> pos 30
id 30  pos  2826  spd     0  load  180  12.0 V  32 C  err 0x00
>>> pos 30
id 30  pos  2819  spd   -50  load  -24  12.1 V  32 C  err 0x00
>>> pos 30
id 30  pos  2818  spd   -50  load  104  12.0 V  32 C  err 0x00
>>> pos 30
id 30  pos  2814  spd  -200  load  104  12.0 V  32 C  err 0x00
>>> pos 30
id 30  pos  2811  spd  -150  load   96  12.0 V  32 C  err 0x00
>>> pos 30
id 30  pos  2809  spd     0  load  136  12.0 V  32 C  err 0x00
>>> pos 30
id 30  pos  2804  spd   -50  load   44  12.0 V  32 C  err 0x00
>>> pos 30
id 30  pos  2802  spd     0  load  144  12.0 V  32 C  err 0x00
>>> pos 30
id 30  pos  2797  spd  -200  load   56  12.1 V  32 C  err 0x00
>>> pos 30
id 30  pos  2796  spd   -50  load  144  12.0 V  32 C  err 0x00
>>> pos 30
id 30  pos  2790  spd  -250  load   48  12.0 V  32 C  err 0x00
>>> pos 30
id 30  pos  2789  spd     0  load  144  12.0 V  32 C  err 0x00
>>> pos 30
id 30  pos  2783  spd  -150  load  -28  12.0 V  32 C  err 0x00
>>> pos 30
id 30  pos  2783  spd     0  load  184  12.0 V  32 C  err 0x00
>>> pos 30
id 30  pos  2776  spd  -250  load  -24  12.1 V  32 C  err 0x00
>>> pos 30
id 30  pos  2776  spd     0  load  144  11.9 V  32 C  err 0x00
>>> pos 30
id 30  pos  2770  spd  -150  load   44  12.1 V  32 C  err 0x00
>>> pos 30
id 30  pos  2769  spd     0  load  144  12.1 V  32 C  err 0x00
>>> pos 30
id 30  pos  2763  spd  -250  load  -20  12.1 V  32 C  err 0x00
>>> pos 30
id 30  pos  2762  spd   -50  load  144  12.0 V  32 C  err 0x00
>>> pos 30
id 30  pos  2757  spd  -150  load   64  12.0 V  32 C  err 0x00
>>> pos 30
id 30  pos  2755  spd  -200  load   96  12.1 V  32 C  err 0x00
>>> pos 30
id 30  pos  2751  spd   -50  load   52  12.1 V  32 C  err 0x00
>>> pos 30
id 30  pos  2748  spd   -50  load   92  12.1 V  32 C  err 0x00
>>> pos 30
id 30  pos  2746  spd     0  load  144  12.1 V  32 C  err 0x00
>>> pos 30
id 30  pos  2741  spd  -200  load   56  12.1 V  32 C  err 0x00
>>> pos 30
id 30  pos  2739  spd   -50  load  144  11.9 V  32 C  err 0x00
>>> pos 30
id 30  pos  2734  spd  -250  load   44  12.0 V  32 C  err 0x00
>>> pos 30
id 30  pos  2733  spd     0  load  140  12.1 V  32 C  err 0x00
>>> pos 30
id 30  pos  2727  spd  -200  load   48  12.1 V  32 C  err 0x00
>>> pos 30
id 30  pos  2727  spd     0  load  184  12.0 V  32 C  err 0x00
>>> pos 30
id 30  pos  2720  spd  -300  load  -28  12.0 V  32 C  err 0x00
>>> pos 30
id 30  pos  2719  spd     0  load  144  12.0 V  32 C  err 0x00
>>> pos 30
id 30  pos  2714  spd  -200  load   48  12.1 V  32 C  err 0x00
>>> pos 30
id 30  pos  2713  spd   -50  load  144  12.0 V  32 C  err 0x00
>>> pos 30
id 30  pos  2707  spd  -200  load   52  12.1 V  32 C  err 0x00
>>> pos 30
id 30  pos  2706  spd  -100  load  140  12.1 V  32 C  err 0x00
>>> pos 30
id 30  pos  2701  spd  -150  load   44  12.1 V  32 C  err 0x00
>>> pos 30
id 30  pos  2699  spd     0  load   96  12.0 V  32 C  err 0x00
>>> pos 30
id 30  pos  2694  spd     0  load   56  12.0 V  32 C  err 0x00
>>> pos 30
id 30  pos  2691  spd  -100  load   60  12.1 V  32 C  err 0x00
>>> pos 30
id 30  pos  2689  spd  -100  load  108  12.1 V  32 C  err 0x00
>>> pos 30
id 30  pos  2684  spd  -250  load   52  12.0 V  32 C  err 0x00
>>> pos 30
id 30  pos  2684  spd     0  load  184  12.0 V  32 C  err 0x00
>>> pos 30
id 30  pos  2677  spd  -200  load  -28  12.0 V  32 C  err 0x00
>>> pos 30
id 30  pos  2677  spd     0  load  184  12.0 V  32 C  err 0x00
>>> pos 30
id 30  pos  2670  spd  -250  load  -24  12.0 V  30 C  err 0x00
>>> pos 30
id 30  pos  2670  spd     0  load  144  12.1 V  32 C  err 0x00
>>> pos 30
id 30  pos  2663  spd  -150  load  -28  12.1 V  32 C  err 0x00
>>> pos 30
id 30  pos  2663  spd     0  load  144  12.0 V  32 C  err 0x00
>>> pos 30
id 30  pos  2657  spd  -250  load    0  12.1 V  32 C  err 0x00
>>> pos 30
id 30  pos  2656  spd   -50  load  144  12.0 V  32 C  err 0x00
>>> pos 30
id 30  pos  2652  spd  -150  load  104  12.1 V  32 C  err 0x00
>>> pos 30
id 30  pos  2649  spd  -200  load   96  12.1 V  32 C  err 0x00
>>> pos 30
id 30  pos  2645  spd  -100  load   92  12.0 V  32 C  err 0x00
>>> pos 30
id 30  pos  2642  spd  -100  load   92  12.1 V  32 C  err 0x00
>>> pos 30
id 30  pos  2640  spd     0  load  144  12.1 V  32 C  err 0x00
>>> pos 30
id 30  pos  2635  spd  -250  load   56  12.1 V  32 C  err 0x00
>>> pos 30
id 30  pos  2633  spd   -50  load  144  12.1 V  32 C  err 0x00
>>> pos 30
id 30  pos  2628  spd  -250  load   48  12.0 V  32 C  err 0x00
>>> pos 30
id 30  pos  2628  spd     0  load  184  12.0 V  32 C  err 0x00
>>> pos 30
id 30  pos  2621  spd  -200  load   44  12.1 V  32 C  err 0x00
>>> pos 30
id 30  pos  2621  spd   -50  load  188  12.0 V  32 C  err 0x00
>>> pos 30
id 30  pos  2613  spd  -250  load  -32  12.1 V  32 C  err 0x00
>>> pos 30
id 30  pos  2613  spd     0  load  140  11.9 V  32 C  err 0x00
>>> pos 30
id 30  pos  2608  spd     0  load   56  12.1 V  32 C  err 0x00
>>> pos 30
id 30  pos  2606  spd   -50  load  104  12.1 V  32 C  err 0x00
>>> pos 30
id 30  pos  2602  spd  -150  load  100  12.0 V  32 C  err 0x00
>>> pos 30
id 30  pos  2599  spd  -200  load   96  12.1 V  32 C  err 0x00
>>> pos 30
id 30  pos  2596  spd     0  load   96  12.1 V  32 C  err 0x00
>>> pos 30
id 30  pos  2592  spd   -50  load   84  12.0 V  32 C  err 0x00
>>> pos 30
id 30  pos  2590  spd     0  load  144  12.0 V  32 C  err 0x00
>>> pos 30
id 30  pos  2585  spd  -200  load   56  12.0 V  32 C  err 0x00
>>> pos 30
id 30  pos  2584  spd   -50  load  144  12.0 V  32 C  err 0x00
>>> pos 30
id 30  pos  2578  spd  -250  load   44  12.1 V  32 C  err 0x00
>>> pos 30
id 30  pos  2578  spd     0  load  184  12.0 V  32 C  err 0x00
>>> pos 30
id 30  pos  2571  spd  -200  load  -28  12.0 V  32 C  err 0x00
>>> pos 30
id 30  pos  2571  spd     0  load  184  12.0 V  32 C  err 0x00
>>> pos 30
id 30  pos  2564  spd  -300  load  -32  12.1 V  32 C  err 0x00
>>> pos 30
id 30  pos  2564  spd    50  load  140  12.0 V  32 C  err 0x00
>>> pos 30
id 30  pos  2558  spd  -100  load   44  12.1 V  32 C  err 0x00
>>> pos 30
id 30  pos  2556  spd   -50  load  104  12.1 V  32 C  err 0x00
>>> pos 30
id 30  pos  2553  spd  -150  load  104  12.0 V  32 C  err 0x00
>>> pos 30
id 30  pos  2548  spd  -200  load   52  12.1 V  32 C  err 0x00
>>> pos 30
id 30  pos  2548  spd    50  load  184  12.0 V  32 C  err 0x00
>>> pos 30
id 30  pos  2541  spd  -150  load  -32  12.1 V  32 C  err 0x00
>>> pos 30
id 30  pos  2541  spd     0  load  184  12.0 V  32 C  err 0x00
>>> pos 30
id 30  pos  2535  spd  -250  load   52  12.0 V  32 C  err 0x00
>>> pos 30
id 30  pos  2534  spd     0  load  144  12.1 V  32 C  err 0x00
>>> pos 30
id 30  pos  2528  spd  -200  load  -24  12.0 V  32 C  err 0x00
>>> pos 30
id 30  pos  2528  spd     0  load  140  12.0 V  32 C  err 0x00
>>> pos 30
id 30  pos  2522  spd   -50  load  -20  12.1 V  32 C  err 0x00
>>> pos 30
id 30  pos  2522  spd     0  load  104  12.1 V  32 C  err 0x00
>>> pos 30
id 30  pos  2519  spd  -150  load   56  12.1 V  32 C  err 0x00
>>> pos 30
id 30  pos  2517  spd  -100  load   52  12.0 V  32 C  err 0x00
>>> pos 30
id 30  pos  2516  spd     0  load  100  12.0 V  32 C  err 0x00
>>> pos 30
id 30  pos  2513  spd  -100  load   48  12.0 V  32 C  err 0x00
>>> pos 30
id 30  pos  2513  spd     0  load  100  12.1 V  32 C  err 0x00
>>> pos 30
id 30  pos  2510  spd  -150  load   52  12.1 V  32 C  err 0x00
>>> pos 30
id 30  pos  2509  spd     0  load   56  12.1 V  32 C  err 0x00
>>> pos 30
id 30  pos  2509  spd     0  load   56  12.1 V  32 C  err 0x00
>>> pos 30
id 30  pos  2509  spd     0  load   56  12.1 V  32 C  err 0x00
>>> pos 30
id 30  pos  2509  spd     0  load   56  12.1 V  32 C  err 0x00
>>> pos 30
id 30  pos  2509  spd     0  load   56  12.1 V  32 C  err 0x00
>>> pos 30
id 30  pos  2509  spd     0  load   56  12.1 V  32 C  err 0x00
>>> pos 30
id 30  pos  2509  spd     0  load   56  12.1 V  32 C  err 0x00
>>> pos 30
id 30  pos  2509  spd     0  load   56  12.1 V  32 C  err 0x00
>>> pos 30
id 30  pos  2509  spd     0  load   56  12.1 V  32 C  err 0x00
>>> pos 30
id 30  pos  2509  spd     0  load   56  12.1 V  32 C  err 0x00
>>> pos 30
id 30  pos  2509  spd     0  load   56  12.1 V  32 C  err 0x00
>>> pos 30
id 30  pos  2509  spd     0  load   56  12.0 V  32 C  err 0x00
>>> pos 30
id 30  pos  2509  spd     0  load   56  12.1 V  32 C  err 0x00
>>> pos 30
id 30  pos  2509  spd     0  load   56  12.1 V  32 C  err 0x00
>>> pos 30
id 30  pos  2509  spd     0  load   56  12.1 V  32 C  err 0x00
>>> pos 30
id 30  pos  2509  spd     0  load   56  12.0 V  32 C  err 0x00
>>> pos 30
id 30  pos  2509  spd     0  load   56  12.0 V  32 C  err 0x00
>>> pos 30
id 30  pos  2509  spd     0  load   56  12.0 V  32 C  err 0x00
>>> pos 30
id 30  pos  2509  spd     0  load   56  12.0 V  32 C  err 0x00
>>> pos 30
id 30  pos  2509  spd     0  load   56  12.1 V  32 C  err 0x00
>>> pos 30
id 30  pos  2509  spd     0  load   56  12.1 V  32 C  err 0x00
>>> pos 30
id 30  pos  2509  spd     0  load   56  12.1 V  32 C  err 0x00
>>> pos 30
id 30  pos  2509  spd     0  load   56  12.1 V  32 C  err 0x00
>>> pos 30
id 30  pos  2509  spd     0  load   56  12.1 V  32 C  err 0x00
>>> pos 30
id 30  pos  2509  spd     0  load   56  12.1 V  32 C  err 0x00
>>> pos 30
id 30  pos  2509  spd     0  load   56  12.1 V  32 C  err 0x00
>>> pos 30
id 30  pos  2509  spd     0  load   56  12.0 V  32 C  err 0x00
>>> pos 30
id 30  pos  2509  spd     0  load   56  12.1 V  32 C  err 0x00
>>> pos 30
id 30  pos  2509  spd     0  load   56  12.1 V  32 C  err 0x00
>>> pos 30
id 30  pos  2509  spd     0  load   56  12.1 V  32 C  err 0x00
>>> pos 30
id 30  pos  2509  spd     0  load   56  12.1 V  32 C  err 0x00
>>> pos 30
id 30  pos  2509  spd     0  load   56  12.0 V  32 C  err 0x00
>>> pos 30
id 30  pos  2509  spd     0  load   56  12.1 V  32 C  err 0x00
>>> pos 30
id 30  pos  2509  spd     0  load   56  12.0 V  32 C  err 0x00
>>> pos 30
id 30  pos  2509  spd     0  load   56  12.0 V  32 C  err 0x00
>>> pos 30
id 30  pos  2509  spd     0  load   56  12.1 V  32 C  err 0x00
>>> pos 30
id 30  pos  2509  spd     0  load   56  12.1 V  32 C  err 0x00
>>> pos 30
id 30  pos  2509  spd     0  load   56  12.1 V  32 C  err 0x00
>>> pos 30
id 30  pos  2509  spd     0  load   56  12.1 V  32 C  err 0x00
>>> pos 30
id 30  pos  2509  spd     0  load   56  12.0 V  32 C  err 0x00
>>> pos 30
id 30  pos  2509  spd     0  load   56  12.1 V  32 C  err 0x00
>>> pos 30
id 30  pos  2509  spd     0  load   56  12.1 V  32 C  err 0x00
>>> pos 30
id 30  pos  2509  spd     0  load   56  12.1 V  32 C  err 0x00
>>> pos 30
id 30  pos  2509  spd     0  load   56  12.1 V  32 C  err 0x00
>>> pos 30
id 30  pos  2509  spd     0  load   56  12.0 V  32 C  err 0x00
>>> pos 30
id 30  pos  2509  spd     0  load   56  12.1 V  32 C  err 0x00
>>> pos 30
id 30  pos  2509  spd     0  load   56  12.0 V  32 C  err 0x00
>>> pos 30
id 30  pos  2509  spd     0  load   56  12.0 V  32 C  err 0x00
>>> pos 30
id 30  pos  2509  spd     0  load   56  12.1 V  32 C  err 0x00
>>> pos 30
id 30  pos  2509  spd     0  load   56  12.1 V  32 C  err 0x00
>>> pos 30
id 30  pos  2509  spd     0  load   56  12.0 V  32 C  err 0x00
>>> pos 30
id 30  pos  2509  spd     0  load   56  12.1 V  32 C  err 0x00
>>> pos 30
id 30  pos  2509  spd     0  load   56  12.1 V  32 C  err 0x00
>>> pos 30
id 30  pos  2509  spd     0  load   56  12.0 V  32 C  err 0x00
>>> pos 30
id 30  pos  2509  spd     0  load   56  12.0 V  32 C  err 0x00
>>> pos 30
id 30  pos  2509  spd     0  load   56  12.1 V  32 C  err 0x00
>>> pos 30
id 30  pos  2509  spd     0  load   56  12.1 V  32 C  err 0x00
>>> pos 30
id 30  pos  2509  spd     0  load   56  12.1 V  32 C  err 0x00
>>> pos 30
id 30  pos  2509  spd     0  load   56  12.1 V  32 C  err 0x00
>>> pos 30
id 30  pos  2509  spd     0  load   56  12.1 V  32 C  err 0x00
>>> pos 30
id 30  pos  2509  spd     0  load   56  12.1 V  32 C  err 0x00
>>> pos 30
id 30  pos  2509  spd     0  load   56  12.1 V  32 C  err 0x00
>>> pos 30
id 30  pos  2509  spd     0  load   56  12.0 V  32 C  err 0x00
>>> pos 30
id 30  pos  2509  spd     0  load   56  12.0 V  32 C  err 0x00
>>> pos 30
id 30  pos  2509  spd     0  load   56  12.1 V  32 C  err 0x00
>>> pos 30
id 30  pos  2509  spd     0  load   56  12.0 V  32 C  err 0x00
>>> pos 30
id 30  pos  2509  spd     0  load   56  12.0 V  32 C  err 0x00
>>> pos 30
id 30  pos  2509  spd     0  load   56  12.1 V  32 C  err 0x00
>>> pos 30
id 30  pos  2509  spd     0  load   56  12.1 V  32 C  err 0x00
>>> pos 30
id 30  pos  2509  spd     0  load   56  12.0 V  32 C  err 0x00
>>> pos 30
id 30  pos  2509  spd     0  load   56  12.1 V  32 C  err 0x00
>>> pos 30
id 30  pos  2509  spd     0  load   56  12.1 V  32 C  err 0x00
>>> pos 30
id 30  pos  2509  spd     0  load   56  12.0 V  32 C  err 0x00
>>> pos 30
id 30  pos  2509  spd     0  load   56  12.0 V  32 C  err 0x00
>>> pos 30
id 30  pos  2509  spd     0  load   56  12.1 V  32 C  err 0x00
>>> pos 30
id 30  pos  2509  spd     0  load   56  12.1 V  32 C  err 0x00
>>> pos 30
id 30  pos  2509  spd     0  load   56  12.0 V  32 C  err 0x00
>>> pos 30
id 30  pos  2509  spd     0  load   56  12.1 V  32 C  err 0x00
>>> pos 30
id 30  pos  2509  spd     0  load   56  12.0 V  32 C  err 0x00
>>> pos 30
id 30  pos  2509  spd     0  load   56  12.1 V  32 C  err 0x00
>>> pos 30
id 30  pos  2509  spd     0  load   56  12.1 V  32 C  err 0x00
>>> pos 30
id 30  pos  2509  spd     0  load   56  12.1 V  32 C  err 0x00
>>> pos 30
id 30  pos  2509  spd     0  load   56  12.0 V  32 C  err 0x00
>>> pos 30
id 30  pos  2509  spd     0  load   56  12.0 V  32 C  err 0x00
>>> pos 30
id 30  pos  2509  spd     0  load   56  12.0 V  32 C  err 0x00
>>> pos 30
id 30  pos  2509  spd     0  load   56  12.1 V  32 C  err 0x00
>>> pos 30
id 30  pos  2509  spd     0  load   56  12.1 V  32 C  err 0x00
>>> pos 30
id 30  pos  2509  spd     0  load   56  12.0 V  32 C  err 0x00
>>> pos 30
id 30  pos  2509  spd     0  load   56  12.0 V  32 C  err 0x00
>>> pos 30
id 30  pos  2509  spd     0  load   56  12.1 V  32 C  err 0x00
>>> pos 30
id 30  pos  2509  spd     0  load   56  12.0 V  32 C  err 0x00
>>> pos 30
id 30  pos  2509  spd     0  load   56  12.0 V  32 C  err 0x00
>>> pos 30
id 30  pos  2509  spd     0  load   56  12.0 V  32 C  err 0x00
>>> pos 30
id 30  pos  2509  spd     0  load   56  12.1 V  32 C  err 0x00
>>> pos 30
id 30  pos  2509  spd     0  load   56  12.1 V  32 C  err 0x00
>>> pos 30
id 30  pos  2509  spd     0  load   56  12.1 V  32 C  err 0x00
>>> pos 30
id 30  pos  2509  spd     0  load   56  12.1 V  32 C  err 0x00
>>> pos 30
id 30  pos  2509  spd     0  load   56  12.1 V  32 C  err 0x00
>>> pos 30
id 30  pos  2509  spd     0  load   56  12.1 V  32 C  err 0x00
>>> pos 30
id 30  pos  2509  spd     0  load   56  12.0 V  32 C  err 0x00
>>> pos 30
id 30  pos  2509  spd     0  load   56  12.1 V  32 C  err 0x00
>>> pos 30
id 30  pos  2509  spd     0  load   56  12.0 V  32 C  err 0x00
  travel 3527->2507: spd 122 (sd 189, -350..500), backward samples 53/254, load -236..324, end overshoot 0, residual range 0, err 0
>>> pos 30
id 30  pos  2509  spd     0  load   56  12.0 V  32 C  err 0x00
>>> pos 30
id 30  pos  2509  spd     0  load   56  12.0 V  32 C  err 0x00
>>> pos 30
id 30  pos  2509  spd     0  load   56  12.1 V  32 C  err 0x00
>>> pos 30
id 30  pos  2509  spd     0  load   56  12.1 V  32 C  err 0x00
>>> pos 30
id 30  pos  2509  spd     0  load   56  12.0 V  32 C  err 0x00
>>> pos 30
id 30  pos  2509  spd     0  load   56  12.1 V  32 C  err 0x00
>>> pos 30
id 30  pos  2509  spd     0  load   56  12.0 V  32 C  err 0x00
>>> pos 30
id 30  pos  2509  spd     0  load   56  12.1 V  32 C  err 0x00
>>> pos 30
id 30  pos  2509  spd     0  load   56  12.0 V  32 C  err 0x00
>>> pos 30
id 30  pos  2509  spd     0  load   56  12.1 V  32 C  err 0x00
>>> pos 30
id 30  pos  2509  spd     0  load   56  12.0 V  32 C  err 0x00
>>> pos 30
id 30  pos  2509  spd     0  load   56  12.0 V  32 C  err 0x00
>>> pos 30
id 30  pos  2509  spd     0  load   56  12.1 V  32 C  err 0x00
>>> pos 30
id 30  pos  2509  spd     0  load   56  12.1 V  32 C  err 0x00
>>> pos 30
id 30  pos  2509  spd     0  load   56  12.1 V  32 C  err 0x00
>>> pos 30
id 30  pos  2509  spd     0  load   56  12.1 V  32 C  err 0x00
>>> pos 30
id 30  pos  2509  spd     0  load   56  12.0 V  32 C  err 0x00
>>> pos 30
id 30  pos  2509  spd     0  load   56  12.0 V  32 C  err 0x00
>>> pos 30
id 30  pos  2509  spd     0  load   56  12.1 V  32 C  err 0x00
>>> pos 30
id 30  pos  2509  spd     0  load   56  12.1 V  32 C  err 0x00
>>> pos 30
id 30  pos  2509  spd     0  load   56  12.1 V  32 C  err 0x00
>>> pos 30
id 30  pos  2509  spd     0  load   56  12.1 V  32 C  err 0x00
>>> pos 30
id 30  pos  2509  spd     0  load   56  12.0 V  32 C  err 0x00
>>> pos 30
id 30  pos  2509  spd     0  load   56  12.0 V  32 C  err 0x00
>>> pos 30
id 30  pos  2509  spd     0  load   56  12.1 V  32 C  err 0x00
>>> pos 30
id 30  pos  2509  spd     0  load   56  12.0 V  32 C  err 0x00
>>> pos 30
id 30  pos  2509  spd     0  load   56  12.1 V  32 C  err 0x00
>>> pos 30
id 30  pos  2509  spd     0  load   56  12.0 V  32 C  err 0x00
>>> pos 30
id 30  pos  2509  spd     0  load   56  12.1 V  32 C  err 0x00
>>> pos 30
id 30  pos  2509  spd     0  load   56  12.1 V  32 C  err 0x00
>>> pos 30
id 30  pos  2509  spd     0  load   56  12.1 V  32 C  err 0x00
>>> pos 30
id 30  pos  2509  spd     0  load   56  12.1 V  32 C  err 0x00
>>> pos 30
id 30  pos  2509  spd     0  load   56  12.1 V  32 C  err 0x00
>>> pos 30
id 30  pos  2509  spd     0  load   56  12.1 V  32 C  err 0x00
>>> pos 30
id 30  pos  2509  spd     0  load   56  12.0 V  32 C  err 0x00
>>> pos 30
id 30  pos  2509  spd     0  load   56  12.1 V  32 C  err 0x00
>>> pos 30
id 30  pos  2509  spd     0  load   56  12.1 V  32 C  err 0x00
>>> pos 30
id 30  pos  2509  spd     0  load   56  12.1 V  32 C  err 0x00
>>> pos 30
id 30  pos  2509  spd     0  load   56  12.0 V  32 C  err 0x00
>>> pos 30
id 30  pos  2509  spd     0  load   56  12.0 V  32 C  err 0x00
>>> pos 30
id 30  pos  2509  spd     0  load   56  12.1 V  32 C  err 0x00
>>> pos 30
id 30  pos  2509  spd     0  load   56  12.0 V  32 C  err 0x00
>>> pos 30
id 30  pos  2509  spd     0  load   56  12.0 V  32 C  err 0x00
>>> pos 30
id 30  pos  2509  spd     0  load   56  12.1 V  32 C  err 0x00
>>> pos 30
id 30  pos  2509  spd     0  load   56  12.0 V  32 C  err 0x00
>>> pos 30
id 30  pos  2509  spd     0  load   56  12.1 V  32 C  err 0x00
>>> pos 30
id 30  pos  2509  spd     0  load   56  12.1 V  32 C  err 0x00
>>> pos 30
id 30  pos  2509  spd     0  load   56  12.1 V  32 C  err 0x00
>>> pos 30
id 30  pos  2509  spd     0  load   56  12.1 V  32 C  err 0x00
>>> pos 30
id 30  pos  2509  spd     0  load   56  12.1 V  32 C  err 0x00
>>> pos 30
id 30  pos  2509  spd     0  load   56  12.0 V  32 C  err 0x00
>>> pos 30
id 30  pos  2509  spd     0  load   56  12.1 V  32 C  err 0x00
>>> pos 30
id 30  pos  2509  spd     0  load   56  12.1 V  32 C  err 0x00
>>> pos 30
id 30  pos  2509  spd     0  load   56  12.1 V  32 C  err 0x00
>>> pos 30
id 30  pos  2509  spd     0  load   56  12.0 V  32 C  err 0x00
>>> pos 30
id 30  pos  2509  spd     0  load   56  12.1 V  32 C  err 0x00
>>> pos 30
id 30  pos  2509  spd     0  load   56  12.0 V  32 C  err 0x00
>>> pos 30
id 30  pos  2509  spd     0  load   56  12.1 V  32 C  err 0x00
>>> pos 30
id 30  pos  2509  spd     0  load   56  12.1 V  32 C  err 0x00
>>> pos 30
id 30  pos  2509  spd     0  load   56  12.1 V  32 C  err 0x00
>>> pos 30
id 30  pos  2509  spd     0  load   56  12.1 V  32 C  err 0x00
>>> pos 30
id 30  pos  2509  spd     0  load   56  12.0 V  32 C  err 0x00
>>> pos 30
id 30  pos  2509  spd     0  load   56  12.0 V  32 C  err 0x00
>>> pos 30
id 30  pos  2509  spd     0  load   56  12.1 V  32 C  err 0x00
>>> pos 30
id 30  pos  2509  spd     0  load   56  12.1 V  32 C  err 0x00
>>> pos 30
id 30  pos  2509  spd     0  load   56  12.1 V  32 C  err 0x00
>>> pos 30
id 30  pos  2509  spd     0  load   56  12.1 V  32 C  err 0x00
>>> pos 30
id 30  pos  2509  spd     0  load   56  12.1 V  32 C  err 0x00
>>> pos 30
id 30  pos  2509  spd     0  load   56  12.0 V  32 C  err 0x00
>>> pos 30
id 30  pos  2509  spd     0  load   56  12.1 V  32 C  err 0x00
>>> pos 30
id 30  pos  2509  spd     0  load   56  12.1 V  32 C  err 0x00
>>> pos 30
id 30  pos  2509  spd     0  load   56  12.1 V  32 C  err 0x00
>>> pos 30
id 30  pos  2509  spd     0  load   56  12.0 V  32 C  err 0x00
>>> pos 30
id 30  pos  2509  spd     0  load   56  12.0 V  32 C  err 0x00
>>> pos 30
id 30  pos  2509  spd     0  load   56  12.0 V  32 C  err 0x00
>>> pos 30
id 30  pos  2509  spd     0  load   56  12.1 V  32 C  err 0x00
>>> pos 30
id 30  pos  2509  spd     0  load   56  12.1 V  32 C  err 0x00
>>> pos 30
id 30  pos  2509  spd     0  load   56  12.1 V  32 C  err 0x00
>>> pos 30
id 30  pos  2509  spd     0  load   56  12.1 V  32 C  err 0x00
>>> pos 30
id 30  pos  2509  spd     0  load   56  12.1 V  32 C  err 0x00
>>> pos 30
id 30  pos  2509  spd     0  load   56  12.0 V  32 C  err 0x00
>>> pos 30
id 30  pos  2509  spd     0  load   56  12.0 V  32 C  err 0x00
>>> pos 30
id 30  pos  2509  spd     0  load   56  12.1 V  32 C  err 0x00
>>> pos 30
id 30  pos  2509  spd     0  load   56  12.0 V  32 C  err 0x00
>>> pos 30
id 30  pos  2509  spd     0  load   56  12.0 V  32 C  err 0x00
>>> pos 30
id 30  pos  2509  spd     0  load   56  12.1 V  32 C  err 0x00
>>> pos 30
id 30  pos  2509  spd     0  load   56  12.0 V  32 C  err 0x00
>>> pos 30
id 30  pos  2509  spd     0  load   56  12.0 V  32 C  err 0x00
>>> pos 30
id 30  pos  2509  spd     0  load   56  12.0 V  32 C  err 0x00
>>> pos 30
id 30  pos  2509  spd     0  load   56  12.1 V  32 C  err 0x00
>>> pos 30
id 30  pos  2509  spd     0  load   56  12.1 V  32 C  err 0x00
>>> pos 30
id 30  pos  2509  spd     0  load   56  12.1 V  32 C  err 0x00
>>> pos 30
id 30  pos  2509  spd     0  load   56  12.1 V  32 C  err 0x00
>>> pos 30
id 30  pos  2509  spd     0  load   56  12.1 V  32 C  err 0x00
>>> pos 30
id 30  pos  2509  spd     0  load   56  12.1 V  32 C  err 0x00
>>> pos 30
id 30  pos  2509  spd     0  load   56  12.0 V  32 C  err 0x00
>>> pos 30
id 30  pos  2509  spd     0  load   56  12.0 V  32 C  err 0x00
>>> pos 30
id 30  pos  2509  spd     0  load   56  12.1 V  32 C  err 0x00
>>> pos 30
id 30  pos  2509  spd     0  load   56  12.0 V  32 C  err 0x00
>>> pos 30
id 30  pos  2509  spd     0  load   56  12.0 V  32 C  err 0x00
>>> pos 30
id 30  pos  2509  spd     0  load   56  12.0 V  32 C  err 0x00
>>> pos 30
id 30  pos  2509  spd     0  load   56  12.1 V  32 C  err 0x00
>>> pos 30
id 30  pos  2509  spd     0  load   56  12.1 V  32 C  err 0x00
>>> pos 30
id 30  pos  2509  spd     0  load   56  12.1 V  32 C  err 0x00
>>> pos 30
id 30  pos  2509  spd     0  load   56  12.1 V  32 C  err 0x00
>>> pos 30
id 30  pos  2509  spd     0  load   56  12.1 V  32 C  err 0x00
>>> pos 30
id 30  pos  2509  spd     0  load   56  12.0 V  32 C  err 0x00
>>> pos 30
id 30  pos  2509  spd     0  load   56  12.1 V  32 C  err 0x00
>>> pos 30
id 30  pos  2509  spd     0  load   56  12.0 V  32 C  err 0x00
>>> pos 30
id 30  pos  2509  spd     0  load   56  12.1 V  32 C  err 0x00
>>> pos 30
id 30  pos  2509  spd     0  load   56  12.1 V  32 C  err 0x00
>>> pos 30
id 30  pos  2509  spd     0  load   56  12.1 V  32 C  err 0x00
>>> pos 30
id 30  pos  2509  spd     0  load   56  12.0 V  32 C  err 0x00
>>> pos 30
id 30  pos  2509  spd     0  load   56  12.1 V  32 C  err 0x00
>>> pos 30
id 30  pos  2509  spd     0  load   56  12.1 V  32 C  err 0x00
>>> pos 30
id 30  pos  2509  spd     0  load   56  12.1 V  32 C  err 0x00
>>> pos 30
id 30  pos  2509  spd     0  load   56  12.1 V  32 C  err 0x00
>>> pos 30
id 30  pos  2509  spd     0  load   56  12.1 V  32 C  err 0x00
>>> pos 30
id 30  pos  2509  spd     0  load   56  12.0 V  32 C  err 0x00
>>> pos 30
id 30  pos  2509  spd     0  load   56  12.0 V  32 C  err 0x00
>>> pos 30
id 30  pos  2509  spd     0  load   56  12.0 V  32 C  err 0x00
>>> pos 30
id 30  pos  2509  spd     0  load   56  12.1 V  32 C  err 0x00
>>> pos 30
id 30  pos  2509  spd     0  load   56  12.0 V  32 C  err 0x00
>>> pos 30
id 30  pos  2509  spd     0  load   56  12.0 V  32 C  err 0x00
>>> pos 30
id 30  pos  2509  spd     0  load   56  12.0 V  32 C  err 0x00
>>> pos 30
id 30  pos  2509  spd     0  load   56  12.0 V  32 C  err 0x00
>>> pos 30
id 30  pos  2509  spd     0  load   56  12.1 V  32 C  err 0x00
>>> pos 30
id 30  pos  2509  spd     0  load   56  12.0 V  32 C  err 0x00
>>> pos 30
id 30  pos  2509  spd     0  load   56  12.1 V  32 C  err 0x00
>>> pos 30
id 30  pos  2509  spd     0  load   56  12.1 V  32 C  err 0x00
>>> pos 30
id 30  pos  2509  spd     0  load   56  12.1 V  32 C  err 0x00
>>> pos 30
id 30  pos  2509  spd     0  load   56  12.1 V  32 C  err 0x00
>>> pos 30
id 30  pos  2509  spd     0  load   56  12.1 V  32 C  err 0x00
>>> pos 30
id 30  pos  2509  spd     0  load   56  12.1 V  32 C  err 0x00
>>> pos 30
id 30  pos  2509  spd     0  load   56  12.1 V  32 C  err 0x00
>>> pos 30
id 30  pos  2509  spd     0  load   56  12.1 V  32 C  err 0x00
>>> pos 30
id 30  pos  2509  spd     0  load   56  12.0 V  32 C  err 0x00
>>> pos 30
id 30  pos  2509  spd     0  load   56  12.0 V  32 C  err 0x00
>>> pos 30
id 30  pos  2509  spd     0  load   56  12.1 V  32 C  err 0x00
>>> pos 30
id 30  pos  2509  spd     0  load   56  12.1 V  32 C  err 0x00
>>> pos 30
id 30  pos  2509  spd     0  load   56  12.1 V  32 C  err 0x00
>>> pos 30
id 30  pos  2509  spd     0  load   56  12.0 V  32 C  err 0x00
>>> pos 30
id 30  pos  2509  spd     0  load   56  12.1 V  32 C  err 0x00
>>> pos 30
id 30  pos  2509  spd     0  load   56  12.0 V  32 C  err 0x00
>>> pos 30
id 30  pos  2509  spd     0  load   56  12.1 V  32 C  err 0x00
>>> pos 30
id 30  pos  2509  spd     0  load   56  12.1 V  32 C  err 0x00
>>> pos 30
id 30  pos  2509  spd     0  load   56  12.1 V  32 C  err 0x00
>>> pos 30
id 30  pos  2509  spd     0  load   56  12.0 V  32 C  err 0x00
>>> pos 30
id 30  pos  2509  spd     0  load   56  12.0 V  32 C  err 0x00
>>> pos 30
id 30  pos  2509  spd     0  load   56  12.1 V  32 C  err 0x00
>>> pos 30
id 30  pos  2509  spd     0  load   56  12.1 V  32 C  err 0x00
>>> pos 30
id 30  pos  2509  spd     0  load   56  12.0 V  32 C  err 0x00
>>> pos 30
id 30  pos  2509  spd     0  load   56  12.0 V  32 C  err 0x00
  LEVEL quiet: pos +2.00, range 0, moving 0/152, load 56..56, err 0
>>> move 30 2530 0 100 2
move id 30 -> 2530 ticks, 0 ms, spd 100, acc 2: ok
>>> move 30 2507 0 100 2
move id 30 -> 2507 ticks, 0 ms, spd 100, acc 2: ok
>>> pos 30
id 30  pos  2529  spd     0  load    0  12.1 V  32 C  err 0x00
>>> pos 30
id 30  pos  2529  spd     0  load  100  12.0 V  32 C  err 0x00
>>> pos 30
id 30  pos  2526  spd   -50  load   52  12.1 V  32 C  err 0x00
>>> pos 30
id 30  pos  2525  spd     0  load  132  12.0 V  32 C  err 0x00
>>> pos 30
id 30  pos  2521  spd   -50  load   52  12.1 V  32 C  err 0x00
>>> pos 30
id 30  pos  2520  spd   -50  load   96  12.0 V  32 C  err 0x00
>>> pos 30
id 30  pos  2517  spd  -100  load   56  12.0 V  32 C  err 0x00
>>> pos 30
id 30  pos  2515  spd   -50  load   60  12.1 V  32 C  err 0x00
>>> pos 30
id 30  pos  2515  spd     0  load  140  12.1 V  33 C  err 0x00
>>> pos 30
id 30  pos  2511  spd  -100  load    0  12.0 V  32 C  err 0x00
>>> pos 30
id 30  pos  2511  spd   -50  load  100  12.0 V  32 C  err 0x00
>>> pos 30
id 30  pos  2509  spd  -100  load   52  12.0 V  32 C  err 0x00
>>> pos 30
id 30  pos  2509  spd    50  load   52  12.0 V  32 C  err 0x00
>>> pos 30
id 30  pos  2509  spd     0  load   56  12.0 V  32 C  err 0x00
>>> pos 30
id 30  pos  2509  spd     0  load   56  12.0 V  32 C  err 0x00
>>> pos 30
id 30  pos  2509  spd     0  load   56  12.1 V  32 C  err 0x00
>>> pos 30
id 30  pos  2509  spd     0  load   56  12.0 V  32 C  err 0x00
>>> pos 30
id 30  pos  2509  spd     0  load   56  12.1 V  32 C  err 0x00
>>> pos 30
id 30  pos  2509  spd     0  load   56  12.1 V  32 C  err 0x00
>>> pos 30
id 30  pos  2509  spd     0  load   56  12.1 V  32 C  err 0x00
>>> pos 30
id 30  pos  2509  spd     0  load   56  12.1 V  32 C  err 0x00
>>> pos 30
id 30  pos  2509  spd     0  load   56  12.0 V  32 C  err 0x00
>>> pos 30
id 30  pos  2509  spd     0  load   56  12.1 V  32 C  err 0x00
>>> pos 30
id 30  pos  2509  spd     0  load   56  12.0 V  32 C  err 0x00
>>> pos 30
id 30  pos  2509  spd     0  load   56  12.1 V  32 C  err 0x00
>>> pos 30
id 30  pos  2509  spd     0  load   56  12.1 V  32 C  err 0x00
>>> pos 30
id 30  pos  2509  spd     0  load   56  12.1 V  32 C  err 0x00
>>> pos 30
id 30  pos  2509  spd     0  load   56  12.1 V  32 C  err 0x00
>>> pos 30
id 30  pos  2509  spd     0  load   56  12.1 V  32 C  err 0x00
>>> pos 30
id 30  pos  2509  spd     0  load   56  12.0 V  32 C  err 0x00
>>> pos 30
id 30  pos  2509  spd     0  load   56  12.0 V  32 C  err 0x00
>>> pos 30
id 30  pos  2509  spd     0  load   56  12.1 V  32 C  err 0x00
>>> pos 30
id 30  pos  2509  spd     0  load   56  12.0 V  32 C  err 0x00
>>> pos 30
id 30  pos  2509  spd     0  load   56  12.0 V  32 C  err 0x00
>>> pos 30
id 30  pos  2509  spd     0  load   56  12.0 V  32 C  err 0x00
>>> pos 30
id 30  pos  2509  spd     0  load   56  12.0 V  32 C  err 0x00
>>> pos 30
id 30  pos  2509  spd     0  load   56  12.0 V  32 C  err 0x00
>>> pos 30
id 30  pos  2509  spd     0  load   56  12.0 V  32 C  err 0x00
>>> pos 30
id 30  pos  2509  spd     0  load   56  12.1 V  32 C  err 0x00
>>> pos 30
id 30  pos  2509  spd     0  load   56  12.1 V  32 C  err 0x00
>>> pos 30
id 30  pos  2509  spd     0  load   56  12.0 V  32 C  err 0x00
>>> pos 30
id 30  pos  2509  spd     0  load   56  12.0 V  32 C  err 0x00
>>> pos 30
id 30  pos  2509  spd     0  load   56  12.1 V  32 C  err 0x00
>>> pos 30
id 30  pos  2509  spd     0  load   56  12.1 V  32 C  err 0x00
>>> pos 30
id 30  pos  2509  spd     0  load   56  12.1 V  32 C  err 0x00
>>> pos 30
id 30  pos  2509  spd     0  load   56  12.0 V  32 C  err 0x00
>>> pos 30
id 30  pos  2509  spd     0  load   56  12.1 V  32 C  err 0x00
>>> pos 30
id 30  pos  2509  spd     0  load   56  12.1 V  32 C  err 0x00
>>> pos 30
id 30  pos  2509  spd     0  load   56  12.0 V  32 C  err 0x00
>>> pos 30
id 30  pos  2509  spd     0  load   56  12.1 V  32 C  err 0x00
>>> pos 30
id 30  pos  2509  spd     0  load   56  12.1 V  32 C  err 0x00
>>> pos 30
id 30  pos  2509  spd     0  load   56  12.1 V  32 C  err 0x00
>>> pos 30
id 30  pos  2509  spd     0  load   56  12.1 V  32 C  err 0x00
>>> pos 30
id 30  pos  2509  spd     0  load   56  12.0 V  32 C  err 0x00
>>> pos 30
id 30  pos  2509  spd     0  load   56  12.1 V  32 C  err 0x00
>>> pos 30
id 30  pos  2509  spd     0  load   56  12.1 V  32 C  err 0x00
>>> pos 30
id 30  pos  2509  spd     0  load   56  12.0 V  32 C  err 0x00
>>> pos 30
id 30  pos  2509  spd     0  load   56  12.1 V  32 C  err 0x00
>>> pos 30
id 30  pos  2509  spd     0  load   56  12.0 V  32 C  err 0x00
>>> pos 30
id 30  pos  2509  spd     0  load   56  12.0 V  32 C  err 0x00
>>> pos 30
id 30  pos  2509  spd     0  load   56  12.0 V  32 C  err 0x00
>>> pos 30
id 30  pos  2509  spd     0  load   56  12.1 V  32 C  err 0x00
>>> pos 30
id 30  pos  2509  spd     0  load   56  12.0 V  32 C  err 0x00
>>> pos 30
id 30  pos  2509  spd     0  load   56  12.0 V  32 C  err 0x00
>>> pos 30
id 30  pos  2509  spd     0  load   56  12.0 V  32 C  err 0x00
>>> pos 30
id 30  pos  2509  spd     0  load   56  12.0 V  32 C  err 0x00
>>> pos 30
id 30  pos  2509  spd     0  load   56  12.1 V  32 C  err 0x00
>>> pos 30
id 30  pos  2509  spd     0  load   56  12.1 V  32 C  err 0x00
>>> pos 30
id 30  pos  2509  spd     0  load   56  12.1 V  32 C  err 0x00
>>> pos 30
id 30  pos  2509  spd     0  load   56  12.1 V  32 C  err 0x00
>>> pos 30
id 30  pos  2509  spd     0  load   56  12.1 V  32 C  err 0x00
>>> pos 30
id 30  pos  2509  spd     0  load   56  12.1 V  32 C  err 0x00
>>> pos 30
id 30  pos  2509  spd     0  load   56  12.1 V  32 C  err 0x00
>>> pos 30
id 30  pos  2509  spd     0  load   56  12.1 V  32 C  err 0x00
>>> pos 30
id 30  pos  2509  spd     0  load   56  12.1 V  32 C  err 0x00
>>> pos 30
id 30  pos  2509  spd     0  load   56  12.1 V  32 C  err 0x00
>>> pos 30
id 30  pos  2509  spd     0  load   56  12.0 V  32 C  err 0x00
>>> pos 30
id 30  pos  2509  spd     0  load   56  12.1 V  32 C  err 0x00
>>> pos 30
id 30  pos  2509  spd     0  load   56  12.0 V  32 C  err 0x00
>>> pos 30
id 30  pos  2509  spd     0  load   56  12.0 V  32 C  err 0x00
>>> pos 30
id 30  pos  2509  spd     0  load   56  12.1 V  32 C  err 0x00
>>> pos 30
id 30  pos  2509  spd     0  load   56  12.1 V  32 C  err 0x00
>>> pos 30
id 30  pos  2509  spd     0  load   56  12.1 V  32 C  err 0x00
>>> pos 30
id 30  pos  2509  spd     0  load   56  12.1 V  32 C  err 0x00
>>> pos 30
id 30  pos  2509  spd     0  load   56  12.1 V  32 C  err 0x00
>>> pos 30
id 30  pos  2509  spd     0  load   56  12.1 V  32 C  err 0x00
>>> move 30 2484 0 100 2
move id 30 -> 2484 ticks, 0 ms, spd 100, acc 2: ok
>>> move 30 2507 0 100 2
move id 30 -> 2507 ticks, 0 ms, spd 100, acc 2: ok
>>> pos 30
id 30  pos  2486  spd     0  load  -20  12.0 V  32 C  err 0x00
>>> pos 30
id 30  pos  2487  spd    50  load    0  12.0 V  32 C  err 0x00
>>> pos 30
id 30  pos  2487  spd     0  load  -60  12.0 V  33 C  err 0x00
>>> pos 30
id 30  pos  2490  spd   100  load  -60  12.0 V  32 C  err 0x00
>>> pos 30
id 30  pos  2492  spd    50  load  -56  12.0 V  32 C  err 0x00
>>> pos 30
id 30  pos  2495  spd   150  load    0  12.0 V  32 C  err 0x00
>>> pos 30
id 30  pos  2497  spd    50  load   20  12.0 V  32 C  err 0x00
>>> pos 30
id 30  pos  2499  spd     0  load    0  12.1 V  32 C  err 0x00
>>> pos 30
id 30  pos  2500  spd     0  load  -56  12.1 V  32 C  err 0x00
>>> pos 30
id 30  pos  2502  spd    50  load    0  12.0 V  32 C  err 0x00
>>> pos 30
id 30  pos  2504  spd   100  load  -20  12.0 V  32 C  err 0x00
>>> pos 30
id 30  pos  2507  spd   150  load    0  12.1 V  32 C  err 0x00
>>> pos 30
id 30  pos  2507  spd     0  load    0  12.0 V  32 C  err 0x00
>>> pos 30
id 30  pos  2507  spd     0  load    0  12.1 V  32 C  err 0x00
>>> pos 30
id 30  pos  2507  spd     0  load    0  12.0 V  32 C  err 0x00
>>> pos 30
id 30  pos  2507  spd     0  load    0  12.0 V  32 C  err 0x00
>>> pos 30
id 30  pos  2507  spd     0  load    0  12.0 V  32 C  err 0x00
>>> pos 30
id 30  pos  2507  spd     0  load    0  12.1 V  32 C  err 0x00
>>> pos 30
id 30  pos  2507  spd     0  load    0  12.0 V  32 C  err 0x00
>>> pos 30
id 30  pos  2507  spd     0  load    0  12.1 V  32 C  err 0x00
>>> pos 30
id 30  pos  2507  spd     0  load    0  12.1 V  32 C  err 0x00
>>> pos 30
id 30  pos  2507  spd     0  load    0  12.0 V  32 C  err 0x00
>>> pos 30
id 30  pos  2507  spd     0  load    0  12.1 V  32 C  err 0x00
>>> pos 30
id 30  pos  2507  spd     0  load    0  12.1 V  32 C  err 0x00
>>> pos 30
id 30  pos  2507  spd     0  load    0  12.1 V  32 C  err 0x00
>>> pos 30
id 30  pos  2507  spd     0  load    0  12.0 V  32 C  err 0x00
>>> pos 30
id 30  pos  2507  spd     0  load    0  12.0 V  32 C  err 0x00
>>> pos 30
id 30  pos  2507  spd     0  load    0  12.1 V  32 C  err 0x00
>>> pos 30
id 30  pos  2507  spd     0  load    0  12.0 V  32 C  err 0x00
>>> pos 30
id 30  pos  2507  spd     0  load    0  12.1 V  32 C  err 0x00
>>> pos 30
id 30  pos  2507  spd     0  load    0  12.1 V  32 C  err 0x00
>>> pos 30
id 30  pos  2507  spd     0  load    0  12.0 V  32 C  err 0x00
>>> pos 30
id 30  pos  2507  spd     0  load    0  12.0 V  32 C  err 0x00
>>> pos 30
id 30  pos  2507  spd     0  load    0  12.0 V  32 C  err 0x00
>>> pos 30
id 30  pos  2507  spd     0  load    0  12.0 V  32 C  err 0x00
>>> pos 30
id 30  pos  2507  spd     0  load    0  12.0 V  32 C  err 0x00
>>> pos 30
id 30  pos  2507  spd     0  load    0  12.1 V  32 C  err 0x00
>>> pos 30
id 30  pos  2507  spd     0  load    0  12.0 V  32 C  err 0x00
>>> pos 30
id 30  pos  2507  spd     0  load    0  12.0 V  32 C  err 0x00
>>> pos 30
id 30  pos  2507  spd     0  load    0  12.1 V  32 C  err 0x00
>>> pos 30
id 30  pos  2507  spd     0  load    0  12.1 V  32 C  err 0x00
>>> pos 30
id 30  pos  2507  spd     0  load    0  12.1 V  32 C  err 0x00
>>> pos 30
id 30  pos  2507  spd     0  load    0  12.1 V  32 C  err 0x00
>>> pos 30
id 30  pos  2507  spd     0  load    0  12.1 V  32 C  err 0x00
>>> pos 30
id 30  pos  2507  spd     0  load    0  12.1 V  32 C  err 0x00
>>> pos 30
id 30  pos  2507  spd     0  load    0  12.1 V  32 C  err 0x00
>>> pos 30
id 30  pos  2507  spd     0  load    0  12.1 V  32 C  err 0x00
>>> pos 30
id 30  pos  2507  spd     0  load    0  12.0 V  32 C  err 0x00
>>> pos 30
id 30  pos  2507  spd     0  load    0  12.1 V  32 C  err 0x00
>>> pos 30
id 30  pos  2507  spd     0  load    0  12.0 V  32 C  err 0x00
>>> pos 30
id 30  pos  2507  spd     0  load    0  12.1 V  32 C  err 0x00
>>> pos 30
id 30  pos  2507  spd     0  load    0  12.0 V  32 C  err 0x00
>>> pos 30
id 30  pos  2507  spd     0  load    0  12.1 V  32 C  err 0x00
>>> pos 30
id 30  pos  2507  spd     0  load    0  12.1 V  32 C  err 0x00
>>> pos 30
id 30  pos  2507  spd     0  load    0  12.1 V  32 C  err 0x00
>>> pos 30
id 30  pos  2507  spd     0  load    0  12.1 V  32 C  err 0x00
>>> pos 30
id 30  pos  2507  spd     0  load    0  12.1 V  32 C  err 0x00
>>> pos 30
id 30  pos  2507  spd     0  load    0  12.1 V  32 C  err 0x00
>>> pos 30
id 30  pos  2507  spd     0  load    0  12.1 V  32 C  err 0x00
>>> pos 30
id 30  pos  2507  spd     0  load    0  12.0 V  32 C  err 0x00
>>> pos 30
id 30  pos  2507  spd     0  load    0  12.0 V  32 C  err 0x00
>>> pos 30
id 30  pos  2507  spd     0  load    0  12.0 V  32 C  err 0x00
>>> pos 30
id 30  pos  2507  spd     0  load    0  12.1 V  32 C  err 0x00
>>> pos 30
id 30  pos  2507  spd     0  load    0  12.1 V  32 C  err 0x00
>>> pos 30
id 30  pos  2507  spd     0  load    0  12.0 V  32 C  err 0x00
>>> pos 30
id 30  pos  2507  spd     0  load    0  12.1 V  32 C  err 0x00
>>> pos 30
id 30  pos  2507  spd     0  load    0  12.0 V  32 C  err 0x00
>>> pos 30
id 30  pos  2507  spd     0  load    0  12.1 V  32 C  err 0x00
>>> pos 30
id 30  pos  2507  spd     0  load    0  12.1 V  32 C  err 0x00
>>> pos 30
id 30  pos  2507  spd     0  load    0  12.1 V  32 C  err 0x00
>>> pos 30
id 30  pos  2507  spd     0  load    0  12.0 V  32 C  err 0x00
>>> pos 30
id 30  pos  2507  spd     0  load    0  12.0 V  32 C  err 0x00
>>> pos 30
id 30  pos  2507  spd     0  load    0  12.1 V  32 C  err 0x00
>>> pos 30
id 30  pos  2507  spd     0  load    0  12.0 V  32 C  err 0x00
>>> pos 30
id 30  pos  2507  spd     0  load    0  12.1 V  32 C  err 0x00
>>> pos 30
id 30  pos  2507  spd     0  load    0  12.0 V  32 C  err 0x00
>>> pos 30
id 30  pos  2507  spd     0  load    0  12.0 V  32 C  err 0x00
>>> pos 30
id 30  pos  2507  spd     0  load    0  12.0 V  32 C  err 0x00
>>> pos 30
id 30  pos  2507  spd     0  load    0  12.1 V  32 C  err 0x00
>>> pos 30
id 30  pos  2507  spd     0  load    0  12.1 V  32 C  err 0x00
>>> pos 30
id 30  pos  2507  spd     0  load    0  12.0 V  32 C  err 0x00
>>> pos 30
id 30  pos  2507  spd     0  load    0  12.0 V  32 C  err 0x00
>>> pos 30
id 30  pos  2507  spd     0  load    0  12.0 V  32 C  err 0x00
>>> pos 30
id 30  pos  2507  spd     0  load    0  12.0 V  32 C  err 0x00
>>> pos 30
id 30  pos  2507  spd     0  load    0  12.1 V  32 C  err 0x00
>>> pos 30
id 30  pos  2507  spd     0  load    0  12.0 V  32 C  err 0x00
>>> pos 30
id 30  pos  2507  spd     0  load    0  12.1 V  32 C  err 0x00
>>> pos 30
id 30  pos  2507  spd     0  load    0  12.1 V  32 C  err 0x00
>>> pos 30
id 30  pos  2507  spd     0  load    0  12.1 V  32 C  err 0x00
>>> pos 30
id 30  pos  2507  spd     0  load    0  12.0 V  32 C  err 0x00
>>> pos 30
id 30  pos  2507  spd     0  load    0  12.1 V  32 C  err 0x00
  LEVEL probes: above +2.0 (load 56), below +0.0 (load 0), midpoint +1.0
>>> move 30 2530 0 200 2
move id 30 -> 2530 ticks, 0 ms, spd 200, acc 2: ok
>>> pos 30
id 30  pos  2507  spd     0  load    0  12.0 V  32 C  err 0x00
>>> pos 30
id 30  pos  2508  spd     0  load  -56  12.0 V  32 C  err 0x00
>>> pos 30
id 30  pos  2511  spd    50  load   20  12.1 V  32 C  err 0x00
>>> pos 30
id 30  pos  2513  spd     0  load  -60  12.0 V  32 C  err 0x00
>>> pos 30
id 30  pos  2517  spd   100  load    0  12.1 V  32 C  err 0x00
>>> pos 30
id 30  pos  2517  spd     0  load  -56  12.1 V  32 C  err 0x00
>>> pos 30
id 30  pos  2521  spd   150  load   20  12.0 V  32 C  err 0x00
>>> pos 30
id 30  pos  2521  spd     0  load  -60  12.0 V  32 C  err 0x00
>>> pos 30
id 30  pos  2524  spd   100  load   20  12.1 V  32 C  err 0x00
>>> pos 30
id 30  pos  2525  spd    50  load    0  12.1 V  32 C  err 0x00
>>> pos 30
id 30  pos  2527  spd    50  load   20  12.0 V  32 C  err 0x00
>>> pos 30
id 30  pos  2529  spd    50  load    0  12.0 V  32 C  err 0x00
>>> pos 30
id 30  pos  2529  spd     0  load    0  12.1 V  32 C  err 0x00
>>> pos 30
id 30  pos  2529  spd     0  load    0  12.1 V  32 C  err 0x00
>>> pos 30
id 30  pos  2529  spd     0  load    0  12.1 V  32 C  err 0x00
>>> pos 30
id 30  pos  2529  spd     0  load    0  12.0 V  32 C  err 0x00
>>> pos 30
id 30  pos  2529  spd     0  load    0  12.1 V  32 C  err 0x00
>>> pos 30
id 30  pos  2529  spd     0  load    0  12.0 V  32 C  err 0x00
>>> pos 30
id 30  pos  2529  spd     0  load    0  12.0 V  32 C  err 0x00
>>> pos 30
id 30  pos  2529  spd     0  load    0  12.1 V  32 C  err 0x00
>>> pos 30
id 30  pos  2529  spd     0  load    0  12.1 V  32 C  err 0x00
>>> pos 30
id 30  pos  2529  spd     0  load    0  12.0 V  32 C  err 0x00
>>> pos 30
id 30  pos  2529  spd     0  load    0  12.1 V  32 C  err 0x00
>>> pos 30
id 30  pos  2529  spd     0  load    0  12.1 V  32 C  err 0x00
>>> pos 30
id 30  pos  2529  spd     0  load    0  12.1 V  32 C  err 0x00
>>> pos 30
id 30  pos  2529  spd     0  load    0  12.1 V  32 C  err 0x00
>>> pos 30
id 30  pos  2529  spd     0  load    0  12.0 V  32 C  err 0x00
>>> pos 30
id 30  pos  2529  spd     0  load    0  12.1 V  32 C  err 0x00
>>> pos 30
id 30  pos  2529  spd     0  load    0  12.0 V  32 C  err 0x00
>>> pos 30
id 30  pos  2529  spd     0  load    0  12.0 V  32 C  err 0x00
>>> pos 30
id 30  pos  2529  spd     0  load    0  12.1 V  32 C  err 0x00
>>> pos 30
id 30  pos  2529  spd     0  load    0  12.0 V  32 C  err 0x00
>>> pos 30
id 30  pos  2529  spd     0  load    0  12.1 V  32 C  err 0x00
>>> pos 30
id 30  pos  2529  spd     0  load    0  12.1 V  32 C  err 0x00
>>> pos 30
id 30  pos  2529  spd     0  load    0  12.1 V  32 C  err 0x00
>>> pos 30
id 30  pos  2529  spd     0  load    0  12.1 V  32 C  err 0x00
>>> pos 30
id 30  pos  2529  spd     0  load    0  12.0 V  32 C  err 0x00
>>> pos 30
id 30  pos  2529  spd     0  load    0  12.1 V  32 C  err 0x00
>>> pos 30
id 30  pos  2529  spd     0  load    0  12.0 V  32 C  err 0x00
>>> pos 30
id 30  pos  2529  spd     0  load    0  12.0 V  32 C  err 0x00
>>> pos 30
id 30  pos  2529  spd     0  load    0  12.0 V  32 C  err 0x00
>>> pos 30
id 30  pos  2529  spd     0  load    0  12.1 V  32 C  err 0x00
>>> pos 30
id 30  pos  2529  spd     0  load    0  12.0 V  32 C  err 0x00
>>> pos 30
id 30  pos  2529  spd     0  load    0  12.1 V  32 C  err 0x00
>>> pos 30
id 30  pos  2529  spd     0  load    0  12.1 V  32 C  err 0x00
>>> pos 30
id 30  pos  2529  spd     0  load    0  12.1 V  32 C  err 0x00
>>> pos 30
id 30  pos  2529  spd     0  load    0  12.1 V  32 C  err 0x00
>>> pos 30
id 30  pos  2529  spd     0  load    0  12.1 V  32 C  err 0x00
>>> pos 30
id 30  pos  2529  spd     0  load    0  12.0 V  32 C  err 0x00
>>> pos 30
id 30  pos  2529  spd     0  load    0  12.0 V  32 C  err 0x00
>>> pos 30
id 30  pos  2529  spd     0  load    0  12.1 V  32 C  err 0x00
>>> pos 30
id 30  pos  2529  spd     0  load    0  12.1 V  32 C  err 0x00
>>> pos 30
id 30  pos  2529  spd     0  load    0  12.0 V  32 C  err 0x00
>>> pos 30
id 30  pos  2529  spd     0  load    0  12.1 V  32 C  err 0x00
>>> pos 30
id 30  pos  2529  spd     0  load    0  12.1 V  32 C  err 0x00
>>> pos 30
id 30  pos  2529  spd     0  load    0  12.0 V  32 C  err 0x00
>>> pos 30
id 30  pos  2529  spd     0  load    0  12.1 V  32 C  err 0x00
>>> pos 30
id 30  pos  2529  spd     0  load    0  12.1 V  32 C  err 0x00
>>> pos 30
id 30  pos  2529  spd     0  load    0  12.1 V  32 C  err 0x00
>>> pos 30
id 30  pos  2529  spd     0  load    0  12.1 V  32 C  err 0x00
>>> pos 30
id 30  pos  2529  spd     0  load    0  12.0 V  32 C  err 0x00
  LEVEL step 2507->2530: overshoot 0, settle 0.3971, residual range 0, offset -1.0, moving in last 1 s 0, err 0
>>> move 30 2507 0 200 2
move id 30 -> 2507 ticks, 0 ms, spd 200, acc 2: ok
>>> pos 30
id 30  pos  2529  spd     0  load    0  12.0 V  32 C  err 0x00
>>> pos 30
id 30  pos  2529  spd     0  load  100  12.1 V  32 C  err 0x00
>>> pos 30
id 30  pos  2526  spd   -50  load   56  12.0 V  32 C  err 0x00
>>> pos 30
id 30  pos  2525  spd   -50  load  140  12.0 V  32 C  err 0x00
>>> pos 30
id 30  pos  2521  spd  -100  load   56  12.1 V  32 C  err 0x00
>>> pos 30
id 30  pos  2520  spd  -100  load  100  12.0 V  32 C  err 0x00
>>> pos 30
id 30  pos  2517  spd  -100  load   52  12.0 V  32 C  err 0x00
>>> pos 30
id 30  pos  2515  spd   -50  load   60  12.1 V  32 C  err 0x00
>>> pos 30
id 30  pos  2514  spd   -50  load   96  12.1 V  32 C  err 0x00
>>> pos 30
id 30  pos  2513  spd     0  load  100  12.1 V  32 C  err 0x00
>>> pos 30
id 30  pos  2510  spd  -100  load   52  12.1 V  32 C  err 0x00
>>> pos 30
id 30  pos  2509  spd     0  load   60  12.0 V  32 C  err 0x00
>>> pos 30
id 30  pos  2509  spd     0  load   56  12.0 V  32 C  err 0x00
>>> pos 30
id 30  pos  2509  spd     0  load   56  12.1 V  32 C  err 0x00
>>> pos 30
id 30  pos  2509  spd     0  load   56  12.1 V  32 C  err 0x00
>>> pos 30
id 30  pos  2509  spd     0  load   56  12.0 V  32 C  err 0x00
>>> pos 30
id 30  pos  2509  spd     0  load   56  12.0 V  32 C  err 0x00
>>> pos 30
id 30  pos  2509  spd     0  load   56  12.1 V  32 C  err 0x00
>>> pos 30
id 30  pos  2509  spd     0  load   56  12.0 V  32 C  err 0x00
>>> pos 30
id 30  pos  2509  spd     0  load   56  12.0 V  32 C  err 0x00
>>> pos 30
id 30  pos  2509  spd     0  load   56  12.1 V  32 C  err 0x00
>>> pos 30
id 30  pos  2509  spd     0  load   56  12.1 V  32 C  err 0x00
>>> pos 30
id 30  pos  2509  spd     0  load   56  12.1 V  32 C  err 0x00
>>> pos 30
id 30  pos  2509  spd     0  load   56  12.1 V  32 C  err 0x00
>>> pos 30
id 30  pos  2509  spd     0  load   56  12.1 V  32 C  err 0x00
>>> pos 30
id 30  pos  2509  spd     0  load   56  12.1 V  32 C  err 0x00
>>> pos 30
id 30  pos  2509  spd     0  load   56  12.0 V  32 C  err 0x00
>>> pos 30
id 30  pos  2509  spd     0  load   56  12.1 V  32 C  err 0x00
>>> pos 30
id 30  pos  2509  spd     0  load   56  12.0 V  32 C  err 0x00
>>> pos 30
id 30  pos  2509  spd     0  load   56  12.0 V  32 C  err 0x00
>>> pos 30
id 30  pos  2509  spd     0  load   56  11.7 V  32 C  err 0x00
>>> pos 30
id 30  pos  2509  spd     0  load   56  12.0 V  32 C  err 0x00
>>> pos 30
id 30  pos  2509  spd     0  load   56  12.0 V  32 C  err 0x00
>>> pos 30
id 30  pos  2509  spd     0  load   56  12.1 V  32 C  err 0x00
>>> pos 30
id 30  pos  2509  spd     0  load   56  12.0 V  32 C  err 0x00
>>> pos 30
id 30  pos  2509  spd     0  load   56  12.1 V  32 C  err 0x00
>>> pos 30
id 30  pos  2509  spd     0  load   56  12.0 V  32 C  err 0x00
>>> pos 30
id 30  pos  2509  spd     0  load   56  12.1 V  32 C  err 0x00
>>> pos 30
id 30  pos  2509  spd     0  load   56  12.0 V  32 C  err 0x00
>>> pos 30
id 30  pos  2509  spd     0  load   56  12.0 V  32 C  err 0x00
>>> pos 30
id 30  pos  2509  spd     0  load   56  12.0 V  32 C  err 0x00
>>> pos 30
id 30  pos  2509  spd     0  load   56  12.1 V  32 C  err 0x00
>>> pos 30
id 30  pos  2509  spd     0  load   56  12.1 V  32 C  err 0x00
>>> pos 30
id 30  pos  2509  spd     0  load   56  12.1 V  32 C  err 0x00
>>> pos 30
id 30  pos  2509  spd     0  load   56  12.1 V  32 C  err 0x00
>>> pos 30
id 30  pos  2509  spd     0  load   56  12.1 V  32 C  err 0x00
>>> pos 30
id 30  pos  2509  spd     0  load   56  12.1 V  32 C  err 0x00
>>> pos 30
id 30  pos  2509  spd     0  load   56  12.0 V  32 C  err 0x00
>>> pos 30
id 30  pos  2509  spd     0  load   56  12.0 V  32 C  err 0x00
>>> pos 30
id 30  pos  2509  spd     0  load   56  12.0 V  32 C  err 0x00
>>> pos 30
id 30  pos  2509  spd     0  load   56  12.1 V  32 C  err 0x00
>>> pos 30
id 30  pos  2509  spd     0  load   56  12.0 V  32 C  err 0x00
>>> pos 30
id 30  pos  2509  spd     0  load   56  12.0 V  32 C  err 0x00
>>> pos 30
id 30  pos  2509  spd     0  load   56  12.1 V  32 C  err 0x00
>>> pos 30
id 30  pos  2509  spd     0  load   56  12.0 V  32 C  err 0x00
>>> pos 30
id 30  pos  2509  spd     0  load   56  12.0 V  32 C  err 0x00
>>> pos 30
id 30  pos  2509  spd     0  load   56  12.1 V  32 C  err 0x00
>>> pos 30
id 30  pos  2509  spd     0  load   56  12.1 V  32 C  err 0x00
>>> pos 30
id 30  pos  2509  spd     0  load   56  12.1 V  32 C  err 0x00
>>> pos 30
id 30  pos  2509  spd     0  load   56  12.1 V  32 C  err 0x00
>>> pos 30
id 30  pos  2509  spd     0  load   56  12.0 V  32 C  err 0x00
  LEVEL step 2530->2507: overshoot 0, settle 0.3642, residual range 0, offset +2.0, moving in last 1 s 0, err 0
>>> move 30 2484 0 200 2
move id 30 -> 2484 ticks, 0 ms, spd 200, acc 2: ok
>>> pos 30
id 30  pos  2508  spd     0  load  100  12.0 V  32 C  err 0x00
>>> pos 30
id 30  pos  2505  spd  -150  load   52  12.0 V  32 C  err 0x00
>>> pos 30
id 30  pos  2504  spd     0  load  100  12.1 V  32 C  err 0x00
>>> pos 30
id 30  pos  2501  spd  -100  load   88  12.0 V  32 C  err 0x00
>>> pos 30
id 30  pos  2500  spd   -50  load  140  12.0 V  32 C  err 0x00
>>> pos 30
id 30  pos  2495  spd  -200  load  -24  12.1 V  32 C  err 0x00
>>> pos 30
id 30  pos  2495  spd     0  load   96  12.0 V  32 C  err 0x00
>>> pos 30
id 30  pos  2492  spd   -50  load   56  12.1 V  32 C  err 0x00
>>> pos 30
id 30  pos  2491  spd   -50  load  100  12.0 V  32 C  err 0x00
>>> pos 30
id 30  pos  2489  spd   -50  load   56  12.1 V  32 C  err 0x00
>>> pos 30
id 30  pos  2487  spd  -100  load   56  12.0 V  32 C  err 0x00
>>> pos 30
id 30  pos  2487  spd     0  load   96  12.1 V  32 C  err 0x00
>>> pos 30
id 30  pos  2486  spd     0  load   52  12.0 V  32 C  err 0x00
>>> pos 30
id 30  pos  2486  spd     0  load   56  12.1 V  32 C  err 0x00
>>> pos 30
id 30  pos  2486  spd     0  load   56  12.1 V  32 C  err 0x00
>>> pos 30
id 30  pos  2486  spd     0  load   56  12.1 V  32 C  err 0x00
>>> pos 30
id 30  pos  2486  spd     0  load   56  12.1 V  32 C  err 0x00
>>> pos 30
id 30  pos  2486  spd     0  load   56  12.0 V  32 C  err 0x00
>>> pos 30
id 30  pos  2486  spd     0  load   56  12.1 V  32 C  err 0x00
>>> pos 30
id 30  pos  2486  spd     0  load   56  12.1 V  32 C  err 0x00
>>> pos 30
id 30  pos  2486  spd     0  load   56  12.1 V  32 C  err 0x00
>>> pos 30
id 30  pos  2486  spd     0  load   56  12.1 V  32 C  err 0x00
>>> pos 30
id 30  pos  2486  spd     0  load   56  12.0 V  32 C  err 0x00
>>> pos 30
id 30  pos  2486  spd     0  load   56  12.1 V  32 C  err 0x00
>>> pos 30
id 30  pos  2486  spd     0  load   56  12.1 V  32 C  err 0x00
>>> pos 30
id 30  pos  2486  spd     0  load   56  12.1 V  32 C  err 0x00
>>> pos 30
id 30  pos  2486  spd     0  load   56  12.1 V  32 C  err 0x00
>>> pos 30
id 30  pos  2486  spd     0  load   56  12.0 V  32 C  err 0x00
>>> pos 30
id 30  pos  2486  spd     0  load   56  12.0 V  32 C  err 0x00
>>> pos 30
id 30  pos  2486  spd     0  load   56  12.1 V  32 C  err 0x00
>>> pos 30
id 30  pos  2486  spd     0  load   56  12.0 V  32 C  err 0x00
>>> pos 30
id 30  pos  2486  spd     0  load   56  12.1 V  32 C  err 0x00
>>> pos 30
id 30  pos  2486  spd     0  load   56  12.1 V  32 C  err 0x00
>>> pos 30
id 30  pos  2486  spd     0  load   56  12.1 V  32 C  err 0x00
>>> pos 30
id 30  pos  2486  spd     0  load   56  12.1 V  32 C  err 0x00
>>> pos 30
id 30  pos  2486  spd     0  load   56  12.0 V  32 C  err 0x00
>>> pos 30
id 30  pos  2486  spd     0  load   56  12.0 V  32 C  err 0x00
>>> pos 30
id 30  pos  2486  spd     0  load   56  12.0 V  32 C  err 0x00
>>> pos 30
id 30  pos  2486  spd     0  load   56  12.0 V  32 C  err 0x00
>>> pos 30
id 30  pos  2486  spd     0  load   56  12.1 V  32 C  err 0x00
>>> pos 30
id 30  pos  2486  spd     0  load   56  12.1 V  32 C  err 0x00
>>> pos 30
id 30  pos  2486  spd     0  load   56  12.1 V  32 C  err 0x00
>>> pos 30
id 30  pos  2486  spd     0  load   56  12.0 V  32 C  err 0x00
>>> pos 30
id 30  pos  2486  spd     0  load   56  12.1 V  32 C  err 0x00
>>> pos 30
id 30  pos  2486  spd     0  load   56  12.0 V  32 C  err 0x00
>>> pos 30
id 30  pos  2486  spd     0  load   56  12.1 V  32 C  err 0x00
>>> pos 30
id 30  pos  2486  spd     0  load   56  12.1 V  32 C  err 0x00
>>> pos 30
id 30  pos  2486  spd     0  load   56  12.1 V  32 C  err 0x00
>>> pos 30
id 30  pos  2486  spd     0  load   56  12.0 V  32 C  err 0x00
>>> pos 30
id 30  pos  2486  spd     0  load   56  12.1 V  32 C  err 0x00
>>> pos 30
id 30  pos  2486  spd     0  load   56  12.1 V  32 C  err 0x00
>>> pos 30
id 30  pos  2486  spd     0  load   56  12.1 V  32 C  err 0x00
>>> pos 30
id 30  pos  2486  spd     0  load   56  12.0 V  32 C  err 0x00
>>> pos 30
id 30  pos  2486  spd     0  load   56  12.0 V  32 C  err 0x00
>>> pos 30
id 30  pos  2486  spd     0  load   56  12.1 V  32 C  err 0x00
>>> pos 30
id 30  pos  2486  spd     0  load   56  12.1 V  32 C  err 0x00
>>> pos 30
id 30  pos  2486  spd     0  load   56  12.1 V  32 C  err 0x00
>>> pos 30
id 30  pos  2486  spd     0  load   56  12.1 V  32 C  err 0x00
>>> pos 30
id 30  pos  2486  spd     0  load   56  12.1 V  32 C  err 0x00
>>> pos 30
id 30  pos  2486  spd     0  load   56  12.1 V  32 C  err 0x00
>>> pos 30
id 30  pos  2486  spd     0  load   56  12.1 V  32 C  err 0x00
  LEVEL step 2507->2484: overshoot 0, settle 0.3642, residual range 0, offset +2.0, moving in last 1 s 0, err 0
>>> move 30 2507 0 200 2
move id 30 -> 2507 ticks, 0 ms, spd 200, acc 2: ok
>>> pos 30
id 30  pos  2486  spd     0  load    0  12.1 V  32 C  err 0x00
>>> pos 30
id 30  pos  2486  spd     0  load    0  12.1 V  32 C  err 0x00
>>> pos 30
id 30  pos  2487  spd     0  load  -60  12.0 V  32 C  err 0x00
>>> pos 30
id 30  pos  2491  spd   150  load   20  12.1 V  32 C  err 0x00
>>> pos 30
id 30  pos  2492  spd    50  load  -60  12.0 V  32 C  err 0x00
>>> pos 30
id 30  pos  2496  spd   150  load    0  12.1 V  32 C  err 0x00
>>> pos 30
id 30  pos  2497  spd   100  load    0  12.1 V  32 C  err 0x00
>>> pos 30
id 30  pos  2499  spd     0  load    0  12.1 V  32 C  err 0x00
>>> pos 30
id 30  pos  2502  spd   100  load   20  12.1 V  32 C  err 0x00
>>> pos 30
id 30  pos  2502  spd     0  load    0  12.0 V  32 C  err 0x00
>>> pos 30
id 30  pos  2504  spd     0  load    0  12.0 V  32 C  err 0x00
>>> pos 30
id 30  pos  2507  spd   100  load   20  12.1 V  32 C  err 0x00
>>> pos 30
id 30  pos  2507  spd     0  load    0  12.1 V  32 C  err 0x00
>>> pos 30
id 30  pos  2507  spd     0  load    0  12.0 V  32 C  err 0x00
>>> pos 30
id 30  pos  2507  spd     0  load    0  12.1 V  32 C  err 0x00
>>> pos 30
id 30  pos  2507  spd     0  load    0  12.1 V  32 C  err 0x00
>>> pos 30
id 30  pos  2507  spd     0  load    0  12.1 V  32 C  err 0x00
>>> pos 30
id 30  pos  2507  spd     0  load    0  12.1 V  32 C  err 0x00
>>> pos 30
id 30  pos  2507  spd     0  load    0  12.1 V  32 C  err 0x00
>>> pos 30
id 30  pos  2507  spd     0  load    0  12.0 V  32 C  err 0x00
>>> pos 30
id 30  pos  2507  spd     0  load    0  12.1 V  32 C  err 0x00
>>> pos 30
id 30  pos  2507  spd     0  load    0  12.0 V  32 C  err 0x00
>>> pos 30
id 30  pos  2507  spd     0  load    0  12.0 V  32 C  err 0x00
>>> pos 30
id 30  pos  2507  spd     0  load    0  12.0 V  32 C  err 0x00
>>> pos 30
id 30  pos  2507  spd     0  load    0  12.0 V  32 C  err 0x00
>>> pos 30
id 30  pos  2507  spd     0  load    0  12.1 V  32 C  err 0x00
>>> pos 30
id 30  pos  2507  spd     0  load    0  12.1 V  32 C  err 0x00
>>> pos 30
id 30  pos  2507  spd     0  load    0  12.0 V  32 C  err 0x00
>>> pos 30
id 30  pos  2507  spd     0  load    0  12.1 V  32 C  err 0x00
>>> pos 30
id 30  pos  2507  spd     0  load    0  12.1 V  32 C  err 0x00
>>> pos 30
id 30  pos  2507  spd     0  load    0  12.0 V  32 C  err 0x00
>>> pos 30
id 30  pos  2507  spd     0  load    0  12.0 V  32 C  err 0x00
>>> pos 30
id 30  pos  2507  spd     0  load    0  12.1 V  32 C  err 0x00
>>> pos 30
id 30  pos  2507  spd     0  load    0  12.1 V  32 C  err 0x00
>>> pos 30
id 30  pos  2507  spd     0  load    0  12.1 V  32 C  err 0x00
>>> pos 30
id 30  pos  2507  spd     0  load    0  12.0 V  32 C  err 0x00
>>> pos 30
id 30  pos  2507  spd     0  load    0  12.0 V  32 C  err 0x00
>>> pos 30
id 30  pos  2507  spd     0  load    0  12.0 V  32 C  err 0x00
>>> pos 30
id 30  pos  2507  spd     0  load    0  12.1 V  32 C  err 0x00
>>> pos 30
id 30  pos  2507  spd     0  load    0  12.0 V  32 C  err 0x00
>>> pos 30
id 30  pos  2507  spd     0  load    0  12.1 V  32 C  err 0x00
>>> pos 30
id 30  pos  2507  spd     0  load    0  12.0 V  32 C  err 0x00
>>> pos 30
id 30  pos  2507  spd     0  load    0  12.1 V  32 C  err 0x00
>>> pos 30
id 30  pos  2507  spd     0  load    0  12.1 V  32 C  err 0x00
>>> pos 30
id 30  pos  2507  spd     0  load    0  11.9 V  32 C  err 0x00
>>> pos 30
id 30  pos  2507  spd     0  load    0  12.1 V  32 C  err 0x00
>>> pos 30
id 30  pos  2507  spd     0  load    0  12.1 V  32 C  err 0x00
>>> pos 30
id 30  pos  2507  spd     0  load    0  12.0 V  32 C  err 0x00
>>> pos 30
id 30  pos  2507  spd     0  load    0  12.0 V  32 C  err 0x00
>>> pos 30
id 30  pos  2507  spd     0  load    0  12.1 V  32 C  err 0x00
>>> pos 30
id 30  pos  2507  spd     0  load    0  12.1 V  32 C  err 0x00
>>> pos 30
id 30  pos  2507  spd     0  load    0  12.0 V  32 C  err 0x00
>>> pos 30
id 30  pos  2507  spd     0  load    0  12.1 V  32 C  err 0x00
>>> pos 30
id 30  pos  2507  spd     0  load    0  12.1 V  32 C  err 0x00
>>> pos 30
id 30  pos  2507  spd     0  load    0  12.1 V  32 C  err 0x00
>>> pos 30
id 30  pos  2507  spd     0  load    0  12.0 V  32 C  err 0x00
>>> pos 30
id 30  pos  2507  spd     0  load    0  12.1 V  32 C  err 0x00
>>> pos 30
id 30  pos  2507  spd     0  load    0  12.1 V  32 C  err 0x00
>>> pos 30
id 30  pos  2507  spd     0  load    0  12.0 V  32 C  err 0x00
>>> pos 30
id 30  pos  2507  spd     0  load    0  12.0 V  32 C  err 0x00
>>> pos 30
id 30  pos  2507  spd     0  load    0  12.0 V  32 C  err 0x00
  LEVEL step 2484->2507: overshoot 0, settle 0.3972, residual range 0, offset +0.0, moving in last 1 s 0, err 0
>>> pos 30
id 30  pos  2507  spd     0  load    0  12.1 V  32 C  err 0x00
>>> move 30 3531 0 100 2
move id 30 -> 3531 ticks, 0 ms, spd 100, acc 2: ok
>>> pos 30
id 30  pos  2507  spd     0  load    0  12.1 V  32 C  err 0x00
>>> pos 30
id 30  pos  2508  spd    50  load  -60  12.0 V  32 C  err 0x00
>>> pos 30
id 30  pos  2511  spd   150  load    0  12.1 V  32 C  err 0x00
>>> pos 30
id 30  pos  2513  spd    50  load  -56  12.0 V  45 C  err 0x00
>>> pos 30
id 30  pos  2516  spd    50  load   20  12.0 V  32 C  err 0x00
>>> pos 30
id 30  pos  2519  spd     0  load    0  12.0 V  32 C  err 0x00
>>> pos 30
id 30  pos  2522  spd   100  load    0  12.0 V  32 C  err 0x00
>>> pos 30
id 30  pos  2524  spd   100  load  -64  12.0 V  32 C  err 0x00
>>> pos 30
id 30  pos  2530  spd   250  load    0  12.0 V  32 C  err 0x00
>>> pos 30
id 30  pos  2529  spd   -50  load -136  12.0 V  32 C  err 0x00
>>> pos 30
id 30  pos  2538  spd   200  load   64  12.0 V  32 C  err 0x00
>>> pos 30
id 30  pos  2538  spd     0  load  -56  12.1 V  32 C  err 0x00
>>> pos 30
id 30  pos  2542  spd   150  load  -24  12.1 V  32 C  err 0x00
>>> pos 30
id 30  pos  2545  spd   200  load    0  12.0 V  32 C  err 0x00
>>> pos 30
id 30  pos  2548  spd     0  load  -56  12.1 V  32 C  err 0x00
>>> pos 30
id 30  pos  2552  spd   100  load   20  12.1 V  32 C  err 0x00
>>> pos 30
id 30  pos  2553  spd    50  load -100  12.1 V  32 C  err 0x00
>>> pos 30
id 30  pos  2560  spd   250  load   20  12.0 V  32 C  err 0x00
>>> pos 30
id 30  pos  2561  spd    50  load  -56  12.1 V  32 C  err 0x00
>>> pos 30
id 30  pos  2565  spd     0  load  -20  12.1 V  32 C  err 0x00
>>> pos 30
id 30  pos  2569  spd   150  load    0  12.0 V  32 C  err 0x00
>>> pos 30
id 30  pos  2570  spd    50  load -100  12.0 V  32 C  err 0x00
>>> pos 30
id 30  pos  2576  spd   200  load   20  12.0 V  32 C  err 0x00
>>> pos 30
id 30  pos  2577  spd     0  load  -64  12.1 V  32 C  err 0x00
>>> pos 30
id 30  pos  2583  spd   200  load   24  12.1 V  32 C  err 0x00
>>> pos 30
id 30  pos  2583  spd     0  load -100  12.0 V  32 C  err 0x00
>>> pos 30
id 30  pos  2589  spd   200  load    0  12.1 V  32 C  err 0x00
>>> pos 30
id 30  pos  2589  spd     0  load -140  12.0 V  32 C  err 0x00
>>> pos 30
id 30  pos  2597  spd   250  load   24  12.0 V  32 C  err 0x00
>>> pos 30
id 30  pos  2598  spd     0  load    0  12.0 V  32 C  err 0x00
>>> pos 30
id 30  pos  2601  spd   100  load  -64  12.1 V  32 C  err 0x00
>>> pos 30
id 30  pos  2606  spd   250  load    0  12.0 V  32 C  err 0x00
>>> pos 30
id 30  pos  2606  spd     0  load -104  12.0 V  32 C  err 0x00
>>> pos 30
id 30  pos  2613  spd   250  load   24  12.0 V  32 C  err 0x00
>>> pos 30
id 30  pos  2614  spd    50  load  -56  12.0 V  32 C  err 0x00
>>> pos 30
id 30  pos  2618  spd   100  load   24  12.0 V  32 C  err 0x00
>>> pos 30
id 30  pos  2621  spd     0  load    0  12.1 V  32 C  err 0x00
>>> pos 30
id 30  pos  2625  spd     0  load    0  12.0 V  32 C  err 0x00
>>> pos 30
id 30  pos  2628  spd   100  load    0  12.1 V  32 C  err 0x00
>>> pos 30
id 30  pos  2631  spd   150  load  -20  12.0 V  32 C  err 0x00
>>> pos 30
id 30  pos  2635  spd   150  load    0  12.0 V  32 C  err 0x00
>>> pos 30
id 30  pos  2637  spd     0  load  -56  12.1 V  32 C  err 0x00
>>> pos 30
id 30  pos  2642  spd   100  load   20  12.1 V  32 C  err 0x00
>>> pos 30
id 30  pos  2642  spd     0  load -144  12.0 V  32 C  err 0x00
>>> pos 30
id 30  pos  2650  spd   250  load   24  12.1 V  32 C  err 0x00
>>> pos 30
id 30  pos  2650  spd    50  load  -56  12.0 V  32 C  err 0x00
>>> pos 30
id 30  pos  2656  spd   150  load   24  12.1 V  32 C  err 0x00
>>> pos 30
id 30  pos  2658  spd    50  load    0  12.0 V  32 C  err 0x00
>>> pos 30
id 30  pos  2660  spd     0  load  -64  12.1 V  32 C  err 0x00
>>> pos 30
id 30  pos  2665  spd   250  load    0  12.1 V  32 C  err 0x00
>>> pos 30
id 30  pos  2666  spd     0  load -100  12.0 V  32 C  err 0x00
>>> pos 30
id 30  pos  2673  spd   250  load   24  12.0 V  32 C  err 0x00
>>> pos 30
id 30  pos  2673  spd     0  load  -60  12.1 V  32 C  err 0x00
>>> pos 30
id 30  pos  2679  spd   250  load    0  12.0 V  32 C  err 0x00
>>> pos 30
id 30  pos  2680  spd   100  load  -56  12.0 V  32 C  err 0x00
>>> pos 30
id 30  pos  2686  spd   150  load   24  12.0 V  32 C  err 0x00
>>> pos 30
id 30  pos  2687  spd     0  load  -56  12.1 V  32 C  err 0x00
>>> pos 30
id 30  pos  2691  spd     0  load  -20  12.1 V  32 C  err 0x00
>>> pos 30
id 30  pos  2696  spd   150  load    0  12.1 V  32 C  err 0x00
>>> pos 30
id 30  pos  2696  spd     0  load  -96  12.1 V  32 C  err 0x00
>>> pos 30
id 30  pos  2702  spd   100  load   24  12.0 V  32 C  err 0x00
>>> pos 30
id 30  pos  2703  spd    50  load  -60  12.0 V  32 C  err 0x00
>>> pos 30
id 30  pos  2708  spd   200  load    0  12.0 V  32 C  err 0x00
>>> pos 30
id 30  pos  2710  spd    50  load  -56  12.0 V  32 C  err 0x00
>>> pos 30
id 30  pos  2715  spd   100  load   24  12.0 V  32 C  err 0x00
>>> pos 30
id 30  pos  2718  spd    50  load    0  12.1 V  32 C  err 0x00
>>> pos 30
id 30  pos  2719  spd     0  load -104  12.0 V  32 C  err 0x00
>>> pos 30
id 30  pos  2726  spd   250  load    0  12.1 V  32 C  err 0x00
>>> pos 30
id 30  pos  2726  spd     0  load  -56  12.1 V  32 C  err 0x00
>>> pos 30
id 30  pos  2732  spd   100  load   24  12.1 V  32 C  err 0x00
>>> pos 30
id 30  pos  2734  spd    50  load    0  12.0 V  32 C  err 0x00
>>> pos 30
id 30  pos  2736  spd   100  load  -64  12.1 V  32 C  err 0x00
>>> pos 30
id 30  pos  2742  spd   250  load    0  12.0 V  32 C  err 0x00
>>> pos 30
id 30  pos  2742  spd     0  load -104  12.0 V  32 C  err 0x00
>>> pos 30
id 30  pos  2749  spd   250  load   24  12.0 V  32 C  err 0x00
>>> pos 30
id 30  pos  2750  spd    50  load  -56  12.1 V  32 C  err 0x00
>>> pos 30
id 30  pos  2754  spd   100  load  -24  12.0 V  32 C  err 0x00
>>> pos 30
id 30  pos  2758  spd    50  load    0  12.1 V  32 C  err 0x00
>>> pos 30
id 30  pos  2758  spd     0  load -144  12.1 V  32 C  err 0x00
>>> pos 30
id 30  pos  2765  spd   250  load   24  12.1 V  32 C  err 0x00
>>> pos 30
id 30  pos  2766  spd    50  load  -56  12.0 V  32 C  err 0x00
>>> pos 30
id 30  pos  2772  spd   100  load   24  12.1 V  32 C  err 0x00
>>> pos 30
id 30  pos  2774  spd    50  load    0  12.1 V  32 C  err 0x00
>>> pos 30
id 30  pos  2775  spd     0  load -104  12.1 V  32 C  err 0x00
>>> pos 30
id 30  pos  2782  spd   250  load    0  12.1 V  32 C  err 0x00
>>> pos 30
id 30  pos  2782  spd     0  load  -96  12.0 V  32 C  err 0x00
>>> pos 30
id 30  pos  2789  spd   100  load   24  12.1 V  32 C  err 0x00
>>> pos 30
id 30  pos  2789  spd     0  load  -60  12.0 V  32 C  err 0x00
>>> pos 30
id 30  pos  2795  spd   200  load    0  12.1 V  32 C  err 0x00
>>> pos 30
id 30  pos  2797  spd   150  load    0  12.1 V  32 C  err 0x00
>>> pos 30
id 30  pos  2799  spd     0  load  -60  12.0 V  32 C  err 0x00
>>> pos 30
id 30  pos  2805  spd   150  load   24  12.1 V  32 C  err 0x00
>>> pos 30
id 30  pos  2806  spd     0  load  -60  12.0 V  32 C  err 0x00
>>> pos 30
id 30  pos  2810  spd   150  load    0  12.0 V  32 C  err 0x00
>>> pos 30
id 30  pos  2813  spd   100  load  -64  12.0 V  32 C  err 0x00
>>> pos 30
id 30  pos  2817  spd   250  load    0  12.1 V  32 C  err 0x00
>>> pos 30
id 30  pos  2820  spd    50  load    0  12.0 V  32 C  err 0x00
>>> pos 30
id 30  pos  2825  spd   100  load   20  12.1 V  32 C  err 0x00
>>> pos 30
id 30  pos  2825  spd     0  load -100  12.0 V  32 C  err 0x00
>>> pos 30
id 30  pos  2832  spd   250  load   24  12.0 V  32 C  err 0x00
>>> pos 30
id 30  pos  2833  spd     0  load  -56  12.1 V  32 C  err 0x00
>>> pos 30
id 30  pos  2837  spd    50  load   20  12.1 V  32 C  err 0x00
>>> pos 30
id 30  pos  2838  spd     0  load -104  12.1 V  32 C  err 0x00
>>> pos 30
id 30  pos  2845  spd   250  load   24  12.1 V  32 C  err 0x00
>>> pos 30
id 30  pos  2845  spd     0  load -100  12.0 V  33 C  err 0x00
>>> pos 30
id 30  pos  2851  spd   200  load   20  12.0 V  32 C  err 0x00
>>> pos 30
id 30  pos  2852  spd     0  load  -56  12.1 V  32 C  err 0x00
>>> pos 30
id 30  pos  2858  spd   100  load   24  12.1 V  32 C  err 0x00
>>> pos 30
id 30  pos  2860  spd    50  load    0  12.0 V  32 C  err 0x00
>>> pos 30
id 30  pos  2863  spd   150  load  -24  12.0 V  32 C  err 0x00
>>> pos 30
id 30  pos  2866  spd   150  load  -56  12.1 V  32 C  err 0x00
>>> pos 30
id 30  pos  2870  spd   150  load  -20  12.1 V  32 C  err 0x00
>>> pos 30
id 30  pos  2873  spd   150  load    0  12.1 V  32 C  err 0x00
>>> pos 30
id 30  pos  2875  spd     0  load -100  12.0 V  32 C  err 0x00
>>> pos 30
id 30  pos  2882  spd   150  load   24  12.0 V  32 C  err 0x00
>>> pos 30
id 30  pos  2882  spd    50  load  -56  12.1 V  32 C  err 0x00
>>> pos 30
id 30  pos  2887  spd   100  load   24  12.1 V  32 C  err 0x00
>>> pos 30
id 30  pos  2890  spd    50  load    0  12.0 V  32 C  err 0x00
>>> pos 30
id 30  pos  2892  spd    50  load  -64  12.0 V  32 C  err 0x00
>>> pos 30
id 30  pos  2898  spd   250  load    0  12.0 V  32 C  err 0x00
>>> pos 30
id 30  pos  2898  spd     0  load  -96  12.0 V  32 C  err 0x00
>>> pos 30
id 30  pos  2904  spd   100  load   24  12.1 V  32 C  err 0x00
>>> pos 30
id 30  pos  2905  spd    50  load  -60  12.1 V  32 C  err 0x00
>>> pos 30
id 30  pos  2911  spd   250  load    0  12.1 V  32 C  err 0x00
>>> pos 30
id 30  pos  2912  spd   100  load  -56  12.1 V  32 C  err 0x00
>>> pos 30
id 30  pos  2917  spd   150  load   24  12.0 V  32 C  err 0x00
>>> pos 30
id 30  pos  2920  spd    50  load    0  12.0 V  32 C  err 0x00
>>> pos 30
id 30  pos  2921  spd     0  load -104  12.0 V  32 C  err 0x00
>>> pos 30
id 30  pos  2927  spd   250  load    0  12.0 V  32 C  err 0x00
>>> pos 30
id 30  pos  2927  spd     0  load -140  12.0 V  32 C  err 0x00
>>> pos 30
id 30  pos  2935  spd   250  load   24  12.1 V  32 C  err 0x00
>>> pos 30
id 30  pos  2935  spd     0  load  -60  12.0 V  32 C  err 0x00
>>> pos 30
id 30  pos  2941  spd   250  load    0  12.0 V  32 C  err 0x00
>>> pos 30
id 30  pos  2943  spd   100  load    0  12.0 V  32 C  err 0x00
>>> pos 30
id 30  pos  2945  spd     0  load  -56  12.0 V  32 C  err 0x00
>>> pos 30
id 30  pos  2950  spd   100  load   20  12.1 V  32 C  err 0x00
>>> pos 30
id 30  pos  2951  spd     0  load -104  12.1 V  32 C  err 0x00
>>> pos 30
id 30  pos  2957  spd   200  load    0  12.1 V  32 C  err 0x00
>>> pos 30
id 30  pos  2957  spd     0  load -100  12.0 V  32 C  err 0x00
>>> pos 30
id 30  pos  2965  spd   250  load   24  12.1 V  32 C  err 0x00
>>> pos 30
id 30  pos  2966  spd     0  load    0  12.0 V  32 C  err 0x00
>>> pos 30
id 30  pos  2970  spd   200  load  -24  12.1 V  32 C  err 0x00
>>> pos 30
id 30  pos  2972  spd   100  load  -56  12.0 V  32 C  err 0x00
>>> pos 30
id 30  pos  2975  spd   100  load  -60  12.0 V  32 C  err 0x00
>>> pos 30
id 30  pos  2978  spd     0  load  -56  12.1 V  32 C  err 0x00
>>> pos 30
id 30  pos  2983  spd   100  load   24  12.1 V  32 C  err 0x00
>>> pos 30
id 30  pos  2985  spd    50  load  -56  12.1 V  32 C  err 0x00
>>> pos 30
id 30  pos  2990  spd    50  load    0  12.0 V  32 C  err 0x00
>>> pos 30
id 30  pos  2993  spd   150  load    0  12.0 V  32 C  err 0x00
>>> pos 30
id 30  pos  2995  spd    50  load  -64  12.1 V  32 C  err 0x00
>>> pos 30
id 30  pos  3000  spd   300  load   20  12.0 V  32 C  err 0x00
>>> pos 30
id 30  pos  3000  spd     0  load -144  12.1 V  32 C  err 0x00
>>> pos 30
id 30  pos  3007  spd   250  load   24  12.0 V  32 C  err 0x00
>>> pos 30
id 30  pos  3008  spd    50  load  -56  12.1 V  32 C  err 0x00
>>> pos 30
id 30  pos  3013  spd   100  load   24  12.0 V  32 C  err 0x00
>>> pos 30
id 30  pos  3015  spd     0  load  -56  12.0 V  32 C  err 0x00
>>> pos 30
id 30  pos  3019  spd     0  load  -20  12.0 V  32 C  err 0x00
>>> pos 30
id 30  pos  3023  spd   150  load    0  12.0 V  32 C  err 0x00
>>> pos 30
id 30  pos  3024  spd     0  load -100  12.0 V  32 C  err 0x00
>>> pos 30
id 30  pos  3030  spd   250  load   20  12.0 V  32 C  err 0x00
>>> pos 30
id 30  pos  3030  spd     0  load -104  12.0 V  32 C  err 0x00
>>> pos 30
id 30  pos  3038  spd   250  load   24  12.1 V  32 C  err 0x00
>>> pos 30
id 30  pos  3038  spd     0  load  -56  12.1 V  32 C  err 0x00
>>> pos 30
id 30  pos  3043  spd   100  load   24  12.0 V  32 C  err 0x00
>>> pos 30
id 30  pos  3045  spd     0  load  -56  12.1 V  32 C  err 0x00
>>> pos 30
id 30  pos  3049  spd     0  load  -20  12.1 V  32 C  err 0x00
>>> pos 30
id 30  pos  3053  spd   150  load    0  12.0 V  32 C  err 0x00
>>> pos 30
id 30  pos  3053  spd     0  load -140  12.0 V  32 C  err 0x00
>>> pos 30
id 30  pos  3060  spd   250  load   20  12.0 V  32 C  err 0x00
>>> pos 30
id 30  pos  3060  spd     0  load -104  12.1 V  34 C  err 0x00
>>> pos 30
id 30  pos  3067  spd   200  load   24  12.0 V  32 C  err 0x00
>>> pos 30
id 30  pos  3067  spd     0  load -100  12.0 V  32 C  err 0x00
>>> pos 30
id 30  pos  3074  spd   250  load   24  12.0 V  32 C  err 0x00
>>> pos 30
id 30  pos  3075  spd     0  load    0  12.1 V  32 C  err 0x00
>>> pos 30
id 30  pos  3079  spd     0  load    0  12.0 V  32 C  err 0x00
>>> pos 30
id 30  pos  3082  spd   100  load    0  12.1 V  32 C  err 0x00
>>> pos 30
id 30  pos  3085  spd   150  load  -24  12.0 V  32 C  err 0x00
>>> pos 30
id 30  pos  3089  spd   200  load    0  12.1 V  32 C  err 0x00
>>> pos 30
id 30  pos  3090  spd     0  load -100  12.0 V  32 C  err 0x00
>>> pos 30
id 30  pos  3097  spd   150  load   24  12.0 V  32 C  err 0x00
>>> pos 30
id 30  pos  3098  spd    50  load  -56  12.1 V  32 C  err 0x00
>>> pos 30
id 30  pos  3102  spd   100  load  -24  12.0 V  32 C  err 0x00
>>> pos 30
id 30  pos  3104  spd   200  load  -56  12.1 V  32 C  err 0x00
>>> pos 30
id 30  pos  3109  spd   100  load    0  12.1 V  32 C  err 0x00
>>> pos 30
id 30  pos  3112  spd   100  load   20  12.0 V  32 C  err 0x00
>>> pos 30
id 30  pos  3114  spd     0  load  -64  12.0 V  32 C  err 0x00
>>> pos 30
id 30  pos  3119  spd   250  load    0  12.1 V  32 C  err 0x00
>>> pos 30
id 30  pos  3120  spd     0  load -100  12.0 V  64 C  err 0x00
>>> pos 30
id 30  pos  3127  spd   250  load   24  12.1 V  32 C  err 0x00
>>> pos 30
id 30  pos  3128  spd     0  load    0  12.1 V  32 C  err 0x00
>>> pos 30
id 30  pos  3131  spd   100  load  -64  12.0 V  32 C  err 0x00
>>> pos 30
id 30  pos  3135  spd   200  load    0  12.0 V  32 C  err 0x00
>>> pos 30
id 30  pos  3137  spd     0  load  -60  12.0 V  32 C  err 0x00
>>> pos 30
id 30  pos  3143  spd   150  load   24  12.1 V  32 C  err 0x00
>>> pos 30
id 30  pos  3143  spd     0  load -100  12.0 V  32 C  err 0x00
>>> pos 30
id 30  pos  3149  spd   200  load   20  12.0 V  32 C  err 0x00
>>> pos 30
id 30  pos  3150  spd     0  load -100  12.0 V  32 C  err 0x00
>>> pos 30
id 30  pos  3156  spd   250  load   20  12.0 V  32 C  err 0x00
>>> pos 30
id 30  pos  3156  spd     0  load -104  12.1 V  32 C  err 0x00
>>> pos 30
id 30  pos  3163  spd   250  load   24  12.0 V  32 C  err 0x00
>>> pos 30
id 30  pos  3163  spd     0  load -100  12.0 V  32 C  err 0x00
>>> pos 30
id 30  pos  3170  spd   250  load   24  12.1 V  32 C  err 0x00
>>> pos 30
id 30  pos  3171  spd    50  load  -56  12.1 V  32 C  err 0x00
>>> pos 30
id 30  pos  3174  spd     0  load  -60  12.1 V  32 C  err 0x00
>>> pos 30
id 30  pos  3179  spd   100  load    0  12.0 V  32 C  err 0x00
>>> pos 30
id 30  pos  3179  spd     0  load -100  12.1 V  32 C  err 0x00
>>> pos 30
id 30  pos  3185  spd   250  load   20  12.1 V  32 C  err 0x00
>>> pos 30
id 30  pos  3186  spd    50  load -100  12.1 V  32 C  err 0x00
>>> pos 30
id 30  pos  3193  spd   200  load   24  12.1 V  32 C  err 0x00
>>> pos 30
id 30  pos  3192  spd     0  load -144  12.0 V  32 C  err 0x00
>>> pos 30
id 30  pos  3200  spd   300  load   20  12.0 V  32 C  err 0x00
>>> pos 30
id 30  pos  3200  spd     0  load  -56  12.0 V  32 C  err 0x00
>>> pos 30
id 30  pos  3206  spd   100  load   24  12.0 V  32 C  err 0x00
>>> pos 30
id 30  pos  3207  spd     0  load  -56  12.0 V  32 C  err 0x00
>>> pos 30
id 30  pos  3211  spd     0  load  -20  12.1 V  32 C  err 0x00
>>> pos 30
id 30  pos  3215  spd   150  load    0  12.1 V  32 C  err 0x00
>>> pos 30
id 30  pos  3217  spd     0  load  -60  12.0 V  32 C  err 0x00
>>> pos 30
id 30  pos  3221  spd   250  load   20  12.0 V  32 C  err 0x00
>>> pos 30
id 30  pos  3224  spd     0  load  -60  12.0 V  32 C  err 0x00
>>> pos 30
id 30  pos  3229  spd   150  load   24  12.0 V  32 C  err 0x00
>>> pos 30
id 30  pos  3229  spd     0  load -104  12.0 V  32 C  err 0x00
>>> pos 30
id 30  pos  3236  spd   300  load   20  12.1 V  32 C  err 0x00
>>> pos 30
id 30  pos  3235  spd   -50  load -136  12.0 V  32 C  err 0x00
>>> pos 30
id 30  pos  3243  spd   200  load   28  12.1 V  32 C  err 0x00
>>> pos 30
id 30  pos  3244  spd    50  load    0  12.0 V  32 C  err 0x00
>>> pos 30
id 30  pos  3248  spd   200  load  -28  12.0 V  32 C  err 0x00
>>> pos 30
id 30  pos  3251  spd   200  load    0  12.1 V  32 C  err 0x00
>>> pos 30
id 30  pos  3253  spd     0  load  -60  12.1 V  32 C  err 0x00
>>> pos 30
id 30  pos  3258  spd   150  load   24  12.1 V  32 C  err 0x00
>>> pos 30
id 30  pos  3259  spd     0  load -104  12.1 V  32 C  err 0x00
>>> pos 30
id 30  pos  3265  spd   200  load    0  12.1 V  32 C  err 0x00
>>> pos 30
id 30  pos  3265  spd     0  load -140  12.0 V  32 C  err 0x00
>>> pos 30
id 30  pos  3273  spd   200  load   28  12.1 V  32 C  err 0x00
>>> pos 30
id 30  pos  3273  spd     0  load  -60  12.1 V  47 C  err 0x00
>>> pos 30
id 30  pos  3278  spd   250  load    0  12.0 V  32 C  err 0x00
>>> pos 30
id 30  pos  3280  spd   100  load  -56  12.1 V  32 C  err 0x00
>>> pos 30
id 30  pos  3284  spd   100  load   24  12.1 V  32 C  err 0x00
>>> pos 30
id 30  pos  3287  spd    50  load    0  12.1 V  32 C  err 0x00
>>> pos 30
id 30  pos  3291  spd   -50  load  -24  12.1 V  32 C  err 0x00
>>> pos 30
id 30  pos  3296  spd   200  load    0  12.1 V  32 C  err 0x00
>>> pos 30
id 30  pos  3296  spd     0  load  -56  12.0 V  32 C  err 0x00
>>> pos 30
id 30  pos  3301  spd   100  load   24  12.1 V  32 C  err 0x00
>>> pos 30
id 30  pos  3302  spd     0  load -104  12.0 V  32 C  err 0x00
>>> pos 30
id 30  pos  3308  spd   200  load   20  12.0 V  32 C  err 0x00
>>> pos 30
id 30  pos  3309  spd    50  load -100  12.0 V  32 C  err 0x00
>>> pos 30
id 30  pos  3316  spd   200  load  -24  12.1 V  30 C  err 0x00
>>> pos 30
id 30  pos  3318  spd   -50  load   20  12.1 V  32 C  err 0x00
>>> pos 30
id 30  pos  3318  spd  -150  load -148  12.0 V  32 C  err 0x00
>>> pos 30
id 30  pos  3329  spd   400  load  160  12.1 V  32 C  err 0x00
>>> pos 30
id 30  pos  3321  spd  -200  load -276  11.9 V  32 C  err 0x00
>>> pos 30
id 30  pos  3337  spd   500  load  204  12.0 V  32 C  err 0x00
>>> pos 30
id 30  pos  3332  spd  -300  load  -96  12.1 V  32 C  err 0x00
>>> pos 30
id 30  pos  3336  spd  -150  load  -68  12.1 V  32 C  err 0x00
>>> pos 30
id 30  pos  3345  spd   450  load  112  12.0 V  32 C  err 0x00
>>> pos 30
id 30  pos  3339  spd  -150  load -236  12.0 V  32 C  err 0x00
>>> pos 30
id 30  pos  3352  spd   150  load  160  12.0 V  32 C  err 0x00
>>> pos 30
id 30  pos  3350  spd   -50  load  -32  12.0 V  32 C  err 0x00
>>> pos 30
id 30  pos  3352  spd     0  load -108  12.0 V  32 C  err 0x00
>>> pos 30
id 30  pos  3362  spd   500  load  156  12.0 V  32 C  err 0x00
>>> pos 30
id 30  pos  3357  spd  -150  load -148  12.0 V  32 C  err 0x00
>>> pos 30
id 30  pos  3367  spd   450  load   56  12.0 V  32 C  err 0x00
>>> pos 30
id 30  pos  3367  spd   250  load  -24  12.1 V  32 C  err 0x00
>>> pos 30
id 30  pos  3367  spd  -150  load -148  12.1 V  32 C  err 0x00
>>> pos 30
id 30  pos  3380  spd   400  load  200  12.0 V  32 C  err 0x00
>>> pos 30
id 30  pos  3373  spd  -200  load -200  11.9 V  32 C  err 0x00
>>> pos 30
id 30  pos  3383  spd   350  load   84  12.0 V  32 C  err 0x00
>>> pos 30
id 30  pos  3384  spd  -250  load   28  12.1 V  32 C  err 0x00
>>> pos 30
id 30  pos  3383  spd  -100  load -196  12.0 V  32 C  err 0x00
>>> pos 30
id 30  pos  3396  spd   450  load  192  12.0 V  32 C  err 0x00
>>> pos 30
id 30  pos  3391  spd  -150  load -152  12.0 V  32 C  err 0x00
>>> pos 30
id 30  pos  3398  spd     0  load   20  12.0 V  32 C  err 0x00
>>> pos 30
id 30  pos  3402  spd   200  load  -32  12.1 V  32 C  err 0x00
>>> pos 30
id 30  pos  3398  spd  -100  load -224  12.0 V  32 C  err 0x00
>>> pos 30
id 30  pos  3413  spd   400  load  196  11.9 V  32 C  err 0x00
>>> pos 30
id 30  pos  3408  spd  -200  load -112  12.0 V  32 C  err 0x00
>>> pos 30
id 30  pos  3414  spd   400  load  -28  12.1 V  32 C  err 0x00
>>> pos 30
id 30  pos  3419  spd   400  load   28  12.0 V  32 C  err 0x00
>>> pos 30
id 30  pos  3414  spd  -150  load -276  11.9 V  32 C  err 0x00
>>> pos 30
id 30  pos  3430  spd   500  load  240  12.0 V  32 C  err 0x00
>>> pos 30
id 30  pos  3424  spd  -150  load -160  12.0 V  32 C  err 0x00
>>> pos 30
id 30  pos  3430  spd   150  load  -32  12.1 V  32 C  err 0x00
>>> pos 30
id 30  pos  3437  spd   450  load  112  12.0 V  32 C  err 0x00
>>> pos 30
id 30  pos  3431  spd  -150  load -272  12.0 V  32 C  err 0x00
>>> pos 30
id 30  pos  3444  spd   400  load  108  12.0 V  32 C  err 0x00
>>> pos 30
id 30  pos  3443  spd   250  load  -24  12.1 V  32 C  err 0x00
>>> pos 30
id 30  pos  3444  spd  -150  load -148  12.0 V  37 C  err 0x00
>>> pos 30
id 30  pos  3456  spd   400  load  200  12.0 V  32 C  err 0x00
>>> pos 30
id 30  pos  3449  spd  -200  load -200  12.0 V  32 C  err 0x00
>>> pos 30
id 30  pos  3460  spd   350  load  124  12.1 V  32 C  err 0x00
>>> pos 30
id 30  pos  3459  spd  -200  load  -44  12.1 V  32 C  err 0x00
>>> pos 30
id 30  pos  3460  spd  -100  load -156  12.1 V  32 C  err 0x00
>>> pos 30
id 30  pos  3472  spd   450  load  192  12.0 V  32 C  err 0x00
>>> pos 30
id 30  pos  3467  spd  -150  load -152  12.0 V  32 C  err 0x00
>>> pos 30
id 30  pos  3475  spd    50  load   28  12.1 V  32 C  err 0x00
>>> pos 30
id 30  pos  3477  spd   150  load  -28  12.1 V  32 C  err 0x00
>>> pos 30
id 30  pos  3476  spd   -50  load -188  12.0 V  32 C  err 0x00
>>> pos 30
id 30  pos  3488  spd   400  load  148  12.1 V  32 C  err 0x00
>>> pos 30
id 30  pos  3484  spd  -150  load -108  12.0 V  32 C  err 0x00
>>> pos 30
id 30  pos  3490  spd   300  load  -24  12.0 V  32 C  err 0x00
>>> pos 30
id 30  pos  3496  spd   400  load   68  12.1 V  32 C  err 0x00
>>> pos 30
id 30  pos  3490  spd  -200  load -276  12.0 V  32 C  err 0x00
>>> pos 30
id 30  pos  3505  spd   400  load  160  12.0 V  32 C  err 0x00
>>> pos 30
id 30  pos  3501  spd   -50  load -108  12.0 V  32 C  err 0x00
>>> pos 30
id 30  pos  3506  spd    50  load   36  12.1 V  32 C  err 0x00
>>> pos 30
id 30  pos  3512  spd   150  load   68  12.1 V  32 C  err 0x00
>>> pos 30
id 30  pos  3508  spd  -150  load -184  12.0 V  32 C  err 0x00
>>> pos 30
id 30  pos  3518  spd   350  load   68  12.0 V  32 C  err 0x00
>>> pos 30
id 30  pos  3517  spd  -150  load   28  12.1 V  32 C  err 0x00
>>> pos 30
id 30  pos  3518  spd  -250  load  -68  12.0 V  32 C  err 0x00
>>> pos 30
id 30  pos  3527  spd   350  load  188  11.8 V  32 C  err 0x00
>>> pos 30
id 30  pos  3520  spd  -150  load -156  12.0 V  32 C  err 0x00
>>> pos 30
id 30  pos  3528  spd   200  load   80  12.1 V  32 C  err 0x00
>>> pos 30
id 30  pos  3526  spd  -100  load  -76  12.1 V  32 C  err 0x00
>>> pos 30
id 30  pos  3526  spd    50  load -112  12.1 V  38 C  err 0x00
>>> pos 30
id 30  pos  3535  spd   300  load  148  12.1 V  32 C  err 0x00
>>> pos 30
id 30  pos  3529  spd  -150  load  -68  12.0 V  32 C  err 0x00
>>> pos 30
id 30  pos  3531  spd  -150  load  -20  12.1 V  32 C  err 0x00
>>> pos 30
id 30  pos  3534  spd   250  load  108  12.0 V  32 C  err 0x00
>>> pos 30
id 30  pos  3525  spd  -350  load -236  12.0 V  32 C  err 0x00
>>> pos 30
id 30  pos  3536  spd   300  load  200  12.0 V  32 C  err 0x00
>>> pos 30
id 30  pos  3528  spd  -200  load -116  12.0 V  32 C  err 0x00
>>> pos 30
id 30  pos  3531  spd   100  load  -32  12.0 V  32 C  err 0x00
>>> pos 30
id 30  pos  3534  spd   300  load  112  12.1 V  32 C  err 0x00
>>> pos 30
id 30  pos  3526  spd  -250  load -192  12.0 V  32 C  err 0x00
>>> pos 30
id 30  pos  3534  spd   300  load  112  12.0 V  32 C  err 0x00
>>> pos 30
id 30  pos  3530  spd   150  load  -24  12.0 V  32 C  err 0x00
>>> pos 30
id 30  pos  3529  spd  -150  load  -60  12.1 V  32 C  err 0x00
>>> pos 30
id 30  pos  3536  spd   250  load  184  12.1 V  32 C  err 0x00
>>> pos 30
id 30  pos  3527  spd  -200  load -152  12.0 V  32 C  err 0x00
>>> pos 30
id 30  pos  3532  spd   150  load   32  12.1 V  32 C  err 0x00
>>> pos 30
id 30  pos  3532  spd   -50  load   36  12.1 V  32 C  err 0x00
>>> pos 30
id 30  pos  3526  spd  -250  load -192  12.0 V  32 C  err 0x00
>>> pos 30
id 30  pos  3536  spd   250  load  188  12.0 V  32 C  err 0x00
>>> pos 30
id 30  pos  3530  spd  -250  load  -24  12.0 V  32 C  err 0x00
>>> pos 30
id 30  pos  3531  spd  -150  load  -20  12.0 V  32 C  err 0x00
>>> pos 30
id 30  pos  3536  spd   200  load  192  12.0 V  32 C  err 0x00
>>> pos 30
id 30  pos  3526  spd  -300  load -192  12.0 V  32 C  err 0x00
>>> pos 30
id 30  pos  3534  spd   200  load  116  12.0 V  32 C  err 0x00
>>> pos 30
id 30  pos  3530  spd  -100  load  -36  12.0 V  32 C  err 0x00
>>> pos 30
id 30  pos  3529  spd    50  load  -72  12.0 V  32 C  err 0x00
>>> pos 30
id 30  pos  3536  spd   250  load  192  11.9 V  32 C  err 0x00
>>> pos 30
id 30  pos  3528  spd  -250  load -104  12.0 V  32 C  err 0x00
>>> pos 30
id 30  pos  3532  spd   250  load   20  12.0 V  32 C  err 0x00
>>> pos 30
id 30  pos  3533  spd   150  load   60  12.1 V  32 C  err 0x00
>>> pos 30
id 30  pos  3526  spd  -250  load -192  12.0 V  32 C  err 0x00
>>> pos 30
id 30  pos  3536  spd   250  load  192  12.0 V  32 C  err 0x00
>>> pos 30
id 30  pos  3528  spd  -200  load -116  12.1 V  32 C  err 0x00
>>> pos 30
id 30  pos  3532  spd   150  load  -32  12.1 V  32 C  err 0x00
>>> pos 30
id 30  pos  3533  spd  -100  load   72  12.1 V  32 C  err 0x00
>>> pos 30
id 30  pos  3526  spd  -200  load -188  12.1 V  32 C  err 0x00
>>> pos 30
id 30  pos  3533  spd   250  load   68  12.0 V  32 C  err 0x00
>>> pos 30
id 30  pos  3530  spd   200  load  -20  12.0 V  32 C  err 0x00
>>> pos 30
id 30  pos  3528  spd  -150  load -108  12.0 V  32 C  err 0x00
>>> pos 30
id 30  pos  3536  spd   250  load  188  12.0 V  32 C  err 0x00
>>> pos 30
id 30  pos  3528  spd  -150  load -112  12.0 V  32 C  err 0x00
>>> pos 30
id 30  pos  3532  spd   100  load   32  12.1 V  32 C  err 0x00
>>> pos 30
id 30  pos  3533  spd     0  load   72  12.0 V  32 C  err 0x00
>>> pos 30
id 30  pos  3526  spd  -250  load -184  12.0 V  32 C  err 0x00
>>> pos 30
id 30  pos  3535  spd   250  load  148  12.0 V  32 C  err 0x00
>>> pos 30
id 30  pos  3530  spd  -200  load    0  12.0 V  32 C  err 0x00
>>> pos 30
id 30  pos  3530  spd  -200  load  -28  12.1 V  32 C  err 0x00
>>> pos 30
id 30  pos  3536  spd   250  load  192  12.0 V  32 C  err 0x00
>>> pos 30
id 30  pos  3526  spd  -250  load -192  12.0 V  32 C  err 0x00
>>> pos 30
id 30  pos  3533  spd     0  load   72  12.0 V  32 C  err 0x00
>>> pos 30
id 30  pos  3531  spd   100  load  -32  12.1 V  32 C  err 0x00
>>> pos 30
id 30  pos  3527  spd  -200  load -144  12.0 V  32 C  err 0x00
>>> pos 30
id 30  pos  3535  spd   300  load  144  12.0 V  32 C  err 0x00
>>> pos 30
id 30  pos  3529  spd  -200  load  -64  12.0 V  32 C  err 0x00
>>> pos 30
id 30  pos  3531  spd   200  load  -32  12.1 V  32 C  err 0x00
>>> pos 30
id 30  pos  3534  spd   250  load  116  12.0 V  32 C  err 0x00
>>> pos 30
id 30  pos  3526  spd  -300  load -192  12.0 V  32 C  err 0x00
>>> pos 30
id 30  pos  3535  spd   250  load  152  12.0 V  33 C  err 0x00
>>> pos 30
id 30  pos  3530  spd     0  load  -32  12.1 V  32 C  err 0x00
>>> pos 30
id 30  pos  3530  spd  -150  load   20  12.0 V  32 C  err 0x00
>>> pos 30
id 30  pos  3535  spd   150  load  148  12.1 V  32 C  err 0x00
>>> pos 30
id 30  pos  3528  spd  -200  load -104  12.0 V  32 C  err 0x00
>>> pos 30
id 30  pos  3532  spd   150  load   28  12.1 V  32 C  err 0x00
>>> pos 30
id 30  pos  3533  spd  -150  load   72  12.0 V  33 C  err 0x00
>>> pos 30
id 30  pos  3526  spd  -250  load -192  12.0 V  32 C  err 0x00
>>> pos 30
id 30  pos  3536  spd   250  load  192  12.0 V  32 C  err 0x00
>>> pos 30
id 30  pos  3530  spd  -250  load  -32  12.1 V  32 C  err 0x00
>>> pos 30
id 30  pos  3531  spd  -200  load    0  12.0 V  32 C  err 0x00
>>> pos 30
id 30  pos  3535  spd   200  load  148  12.0 V  32 C  err 0x00
>>> pos 30
id 30  pos  3526  spd  -250  load -192  12.0 V  32 C  err 0x00
>>> pos 30
id 30  pos  3533  spd   200  load   72  12.1 V  32 C  err 0x00
>>> pos 30
id 30  pos  3530  spd  -150  load   36  12.0 V  32 C  err 0x00
>>> pos 30
id 30  pos  3529  spd  -300  load  -72  12.1 V  32 C  err 0x00
>>> pos 30
id 30  pos  3536  spd   250  load  192  12.0 V  32 C  err 0x00
>>> pos 30
id 30  pos  3528  spd  -250  load -112  12.1 V  32 C  err 0x00
>>> pos 30
id 30  pos  3532  spd  -150  load   20  12.0 V  32 C  err 0x00
>>> pos 30
id 30  pos  3533  spd   200  load   60  12.0 V  32 C  err 0x00
>>> pos 30
id 30  pos  3526  spd  -250  load -188  12.0 V  32 C  err 0x00
>>> pos 30
id 30  pos  3535  spd   250  load  152  12.1 V  32 C  err 0x00
>>> pos 30
id 30  pos  3529  spd  -200  load  -76  12.0 V  32 C  err 0x00
>>> pos 30
id 30  pos  3531  spd   100  load  -32  12.0 V  32 C  err 0x00
>>> pos 30
id 30  pos  3534  spd   250  load  116  12.1 V  32 C  err 0x00
>>> pos 30
id 30  pos  3526  spd  -250  load -188  12.0 V  32 C  err 0x00
>>> pos 30
id 30  pos  3533  spd   250  load   68  12.1 V  32 C  err 0x00
>>> pos 30
id 30  pos  3531  spd   100  load  -24  12.1 V  32 C  err 0x00
>>> pos 30
id 30  pos  3529  spd  -150  load  -60  12.0 V  32 C  err 0x00
>>> pos 30
id 30  pos  3536  spd   250  load  184  11.9 V  32 C  err 0x00
>>> pos 30
id 30  pos  3528  spd  -200  load -112  12.0 V  32 C  err 0x00
>>> pos 30
id 30  pos  3532  spd   150  load   32  12.1 V  32 C  err 0x00
>>> pos 30
id 30  pos  3533  spd     0  load   72  12.0 V  32 C  err 0x00
>>> pos 30
id 30  pos  3526  spd  -250  load -188  12.0 V  32 C  err 0x00
>>> pos 30
id 30  pos  3534  spd   250  load  108  12.0 V  32 C  err 0x00
>>> pos 30
id 30  pos  3530  spd  -300  load    0  12.0 V  32 C  err 0x00
>>> pos 30
id 30  pos  3530  spd  -200  load  -24  12.0 V  32 C  err 0x00
>>> pos 30
id 30  pos  3537  spd   250  load  232  12.0 V  32 C  err 0x00
>>> pos 30
id 30  pos  3526  spd  -300  load -196  11.9 V  32 C  err 0x00
>>> pos 30
id 30  pos  3533  spd   200  load   72  12.0 V  32 C  err 0x00
>>> pos 30
id 30  pos  3531  spd  -100  load  -36  12.0 V  32 C  err 0x00
>>> pos 30
id 30  pos  3528  spd     0  load -112  12.0 V  32 C  err 0x00
>>> pos 30
id 30  pos  3536  spd   250  load  188  11.9 V  32 C  err 0x00
>>> pos 30
id 30  pos  3529  spd  -250  load  -64  12.1 V  32 C  err 0x00
>>> pos 30
id 30  pos  3532  spd   250  load  -20  12.1 V  32 C  err 0x00
>>> pos 30
id 30  pos  3534  spd   200  load  108  12.0 V  32 C  err 0x00
  travel 2507->3531: spd 93 (sd 187, -350..500), backward samples 84/329, load -276..240, end overshoot 6, residual range 11, err 0
>>> pos 30
id 30  pos  3526  spd  -300  load -192  12.0 V  32 C  err 0x00
>>> pos 30
id 30  pos  3534  spd   200  load  112  12.0 V  32 C  err 0x00
>>> release 30
release 30: ok
>>> pos 30
id 30  pos  3527  spd     0  load    0  12.0 V  32 C  err 0x00
  released hanging: pos 3527
>>> release 30
release 30: ok
>>> gains 30 32 32
id 30: writing P 32 D 32 to EEPROM (torque must be OFF; no goal is written) ...
id 30: FAILED (write-failed) -- EEPROM re-lock attempted; `gains 30` to see what the servo holds
>>> gains 30
id 30  P 32  D 32  I 0   expected (no row in servo_gains.h)
>>> reg 30 55 1
id 30 reg 55 = 1 (0x01)
# gains 32/32 FAILED (attempt 1); read back P 32 D 32, lock 1
>>> gains 30
id 30  P 32  D 32  I 0   expected (no row in servo_gains.h)
  gains back to (32, 32)

The arm hangs released. Take the CLAMP OFF; press enter when done
< 'go'
P  32 down : quiet range 0, moving 0/152; steps max overshoot 0, max residual range 0
P  32 level: quiet range 0, moving 0/152; steps max overshoot 0, max residual range 0
P  96 down : quiet range 0, moving 0/152; steps max overshoot 0, max residual range 0
P  96 level: quiet range 0, moving 0/152; steps max overshoot 0, max residual range 0
P 128 down : quiet range 0, moving 0/152; steps max overshoot 2, max residual range 0
P 128 level: quiet range 0, moving 0/152; steps max overshoot 1, max residual range 1
P 160 down : quiet range 14, moving 145/152; steps max overshoot 6, max residual range 12
P 160 level: quiet range 0, moving 0/152; steps max overshoot 0, max residual range 0
# end 2026-10-02T10:23:11
# 2026-10-02T11:05:40 hold_clamp.py id 30 LEVEL 2507 DOWN 3531 A 23 ladder [(128, 0), (160, 0)]
>>> pos 30
id 30  pos  3530  spd     0  load    0  12.1 V  33 C  err 0x00
>>> reg 30 40 1
id 30 reg 40 = 0 (0x00)
  start: pos 3530 (hanging)

Arm hangs released. Put the CLAMP ON near the 100 mm notch (rigid, as before); press enter when it is on
< 'washer weights already on'

== P 128 D 0
>>> gains 30
id 30  P 32  D 32  I 0   expected (no row in servo_gains.h)
>>> release 30
release 30: ok
>>> gains 30 128 0
id 30: writing P 128 D 0 to EEPROM (torque must be OFF; no goal is written) ...
id 30: P 128 D 0, verified after commit -- safe to power down
  note: id 30 has no row in servo_gains.h
>>> gains 30
id 30  P 128  D 0  I 0   expected (no row in servo_gains.h)
  gains 128/0: ok

NEXT MOTION: P 128: torque on hanging down; quiet hold + 4 smooth 2-deg moves; raise to straight out; quiet hold + 2 slow probes + 4 smooth 2-deg moves; lower and release
  type go:
< 'go'
>>> pos 30
id 30  pos  3530  spd     0  load    0  12.1 V  33 C  err 0x00
>>> torque 30
torque 30: ok
>>> pos 30
id 30  pos  3530  spd     0  load    0  12.1 V  33 C  err 0x00
>>> pos 30
id 30  pos  3530  spd     0  load    0  12.1 V  33 C  err 0x00
>>> move 30 3531 0 100 2
move id 30 -> 3531 ticks, 0 ms, spd 100, acc 2: ok
>>> pos 30
id 30  pos  3530  spd     0  load    0  12.1 V  33 C  err 0x00
>>> pos 30
id 30  pos  3530  spd     0  load    0  12.0 V  33 C  err 0x00
>>> pos 30
id 30  pos  3530  spd     0  load    0  12.1 V  33 C  err 0x00
>>> pos 30
id 30  pos  3530  spd     0  load    0  12.1 V  33 C  err 0x00
>>> pos 30
id 30  pos  3530  spd     0  load    0  12.1 V  33 C  err 0x00
>>> pos 30
id 30  pos  3530  spd     0  load    0  12.1 V  33 C  err 0x00
>>> pos 30
id 30  pos  3530  spd     0  load    0  12.1 V  33 C  err 0x00
>>> pos 30
id 30  pos  3530  spd     0  load    0  12.1 V  33 C  err 0x00
>>> pos 30
id 30  pos  3530  spd     0  load    0  12.1 V  33 C  err 0x00
>>> pos 30
id 30  pos  3530  spd     0  load    0  12.0 V  33 C  err 0x00
>>> pos 30
id 30  pos  3530  spd     0  load    0  12.1 V  33 C  err 0x00
>>> pos 30
id 30  pos  3530  spd     0  load    0  12.1 V  33 C  err 0x00
>>> pos 30
id 30  pos  3530  spd     0  load    0  12.1 V  33 C  err 0x00
>>> pos 30
id 30  pos  3530  spd     0  load    0  12.1 V  33 C  err 0x00
>>> pos 30
id 30  pos  3530  spd     0  load    0  12.1 V  33 C  err 0x00
>>> pos 30
id 30  pos  3530  spd     0  load    0  12.1 V  33 C  err 0x00
>>> pos 30
id 30  pos  3530  spd     0  load    0  12.1 V  33 C  err 0x00
>>> pos 30
id 30  pos  3530  spd     0  load    0  12.1 V  33 C  err 0x00
>>> pos 30
id 30  pos  3530  spd     0  load    0  12.1 V  33 C  err 0x00
>>> pos 30
id 30  pos  3530  spd     0  load    0  12.1 V  33 C  err 0x00
>>> pos 30
id 30  pos  3530  spd     0  load    0  12.1 V  33 C  err 0x00
>>> pos 30
id 30  pos  3530  spd     0  load    0  12.1 V  33 C  err 0x00
>>> pos 30
id 30  pos  3530  spd     0  load    0  12.1 V  33 C  err 0x00
>>> pos 30
id 30  pos  3530  spd     0  load    0  12.1 V  33 C  err 0x00
>>> pos 30
id 30  pos  3530  spd     0  load    0  12.1 V  33 C  err 0x00
>>> pos 30
id 30  pos  3530  spd     0  load    0  12.1 V  33 C  err 0x00
>>> pos 30
id 30  pos  3530  spd     0  load    0  12.0 V  33 C  err 0x00
>>> pos 30
id 30  pos  3530  spd     0  load    0  12.1 V  33 C  err 0x00
>>> pos 30
id 30  pos  3530  spd     0  load    0  12.1 V  33 C  err 0x00
>>> pos 30
id 30  pos  3530  spd     0  load    0  12.1 V  33 C  err 0x00
>>> pos 30
id 30  pos  3530  spd     0  load    0  12.1 V  33 C  err 0x00
>>> pos 30
id 30  pos  3530  spd     0  load    0  12.1 V  33 C  err 0x00
>>> pos 30
id 30  pos  3530  spd     0  load    0  12.1 V  33 C  err 0x00
>>> pos 30
id 30  pos  3530  spd     0  load    0  12.1 V  33 C  err 0x00
>>> pos 30
id 30  pos  3530  spd     0  load    0  12.1 V  33 C  err 0x00
>>> pos 30
id 30  pos  3530  spd     0  load    0  12.1 V  33 C  err 0x00
>>> pos 30
id 30  pos  3530  spd     0  load    0  12.1 V  33 C  err 0x00
>>> pos 30
id 30  pos  3530  spd     0  load    0  12.1 V  33 C  err 0x00
>>> pos 30
id 30  pos  3530  spd     0  load    0  12.1 V  33 C  err 0x00
>>> pos 30
id 30  pos  3530  spd     0  load    0  12.1 V  33 C  err 0x00
>>> pos 30
id 30  pos  3530  spd     0  load    0  12.1 V  33 C  err 0x00
>>> pos 30
id 30  pos  3530  spd     0  load    0  12.1 V  33 C  err 0x00
>>> pos 30
id 30  pos  3530  spd     0  load    0  12.0 V  33 C  err 0x00
>>> pos 30
id 30  pos  3530  spd     0  load    0  12.1 V  33 C  err 0x00
>>> pos 30
id 30  pos  3530  spd     0  load    0  12.1 V  33 C  err 0x00
>>> pos 30
id 30  pos  3530  spd     0  load    0  12.1 V  33 C  err 0x00
>>> pos 30
id 30  pos  3530  spd     0  load    0  12.1 V  33 C  err 0x00
>>> pos 30
id 30  pos  3530  spd     0  load    0  12.1 V  33 C  err 0x00
>>> pos 30
id 30  pos  3530  spd     0  load    0  12.1 V  33 C  err 0x00
>>> pos 30
id 30  pos  3530  spd     0  load    0  12.1 V  33 C  err 0x00
>>> pos 30
id 30  pos  3530  spd     0  load    0  12.1 V  33 C  err 0x00
>>> pos 30
id 30  pos  3530  spd     0  load    0  12.1 V  33 C  err 0x00
>>> pos 30
id 30  pos  3530  spd     0  load    0  12.1 V  33 C  err 0x00
>>> pos 30
id 30  pos  3530  spd     0  load    0  12.1 V  33 C  err 0x00
>>> pos 30
id 30  pos  3530  spd     0  load    0  12.1 V  33 C  err 0x00
>>> pos 30
id 30  pos  3530  spd     0  load    0  12.1 V  33 C  err 0x00
>>> pos 30
id 30  pos  3530  spd     0  load    0  12.1 V  33 C  err 0x00
>>> pos 30
id 30  pos  3530  spd     0  load    0  12.1 V  33 C  err 0x00
>>> pos 30
id 30  pos  3530  spd     0  load    0  12.1 V  33 C  err 0x00
>>> pos 30
id 30  pos  3530  spd     0  load    0  12.1 V  33 C  err 0x00
>>> pos 30
id 30  pos  3530  spd     0  load    0  12.1 V  33 C  err 0x00
>>> pos 30
id 30  pos  3530  spd     0  load    0  12.1 V  33 C  err 0x00
>>> pos 30
id 30  pos  3530  spd     0  load    0  12.1 V  33 C  err 0x00
>>> pos 30
id 30  pos  3530  spd     0  load    0  12.1 V  33 C  err 0x00
>>> pos 30
id 30  pos  3530  spd     0  load    0  12.1 V  33 C  err 0x00
>>> pos 30
id 30  pos  3530  spd     0  load    0  12.1 V  33 C  err 0x00
>>> pos 30
id 30  pos  3530  spd     0  load    0  12.1 V  33 C  err 0x00
>>> pos 30
id 30  pos  3530  spd     0  load    0  12.1 V  33 C  err 0x00
>>> pos 30
id 30  pos  3530  spd     0  load    0  12.1 V  33 C  err 0x00
>>> pos 30
id 30  pos  3530  spd     0  load    0  12.1 V  33 C  err 0x00
>>> pos 30
id 30  pos  3530  spd     0  load    0  12.1 V  33 C  err 0x00
>>> pos 30
id 30  pos  3530  spd     0  load    0  12.1 V  33 C  err 0x00
>>> pos 30
id 30  pos  3530  spd     0  load    0  12.0 V  33 C  err 0x00
>>> pos 30
id 30  pos  3530  spd     0  load    0  12.1 V  33 C  err 0x00
>>> pos 30
id 30  pos  3530  spd     0  load    0  12.0 V  33 C  err 0x00
>>> pos 30
id 30  pos  3530  spd     0  load    0  12.1 V  33 C  err 0x00
>>> pos 30
id 30  pos  3530  spd     0  load    0  12.1 V  33 C  err 0x00
>>> pos 30
id 30  pos  3530  spd     0  load    0  12.1 V  33 C  err 0x00
>>> pos 30
id 30  pos  3530  spd     0  load    0  12.1 V  33 C  err 0x00
>>> pos 30
id 30  pos  3530  spd     0  load    0  12.0 V  33 C  err 0x00
>>> pos 30
id 30  pos  3530  spd     0  load    0  12.1 V  33 C  err 0x00
>>> pos 30
id 30  pos  3530  spd     0  load    0  12.1 V  33 C  err 0x00
>>> pos 30
id 30  pos  3530  spd     0  load    0  12.1 V  33 C  err 0x00
>>> pos 30
id 30  pos  3530  spd     0  load    0  12.1 V  33 C  err 0x00
>>> pos 30
id 30  pos  3530  spd     0  load    0  12.1 V  33 C  err 0x00
>>> pos 30
id 30  pos  3530  spd     0  load    0  12.0 V  33 C  err 0x00
>>> pos 30
id 30  pos  3530  spd     0  load    0  12.1 V  33 C  err 0x00
>>> pos 30
id 30  pos  3530  spd     0  load    0  12.1 V  33 C  err 0x00
>>> pos 30
id 30  pos  3530  spd     0  load    0  12.1 V  33 C  err 0x00
>>> pos 30
id 30  pos  3530  spd     0  load    0  12.1 V  33 C  err 0x00
>>> pos 30
id 30  pos  3530  spd     0  load    0  12.1 V  33 C  err 0x00
>>> pos 30
id 30  pos  3530  spd     0  load    0  12.1 V  33 C  err 0x00
>>> pos 30
id 30  pos  3530  spd     0  load    0  12.1 V  33 C  err 0x00
>>> pos 30
id 30  pos  3530  spd     0  load    0  12.1 V  33 C  err 0x00
>>> pos 30
id 30  pos  3530  spd     0  load    0  12.1 V  33 C  err 0x00
>>> pos 30
id 30  pos  3530  spd     0  load    0  12.1 V  33 C  err 0x00
>>> pos 30
id 30  pos  3530  spd     0  load    0  12.1 V  33 C  err 0x00
>>> pos 30
id 30  pos  3530  spd     0  load    0  12.1 V  33 C  err 0x00
>>> pos 30
id 30  pos  3530  spd     0  load    0  12.0 V  33 C  err 0x00
>>> pos 30
id 30  pos  3530  spd     0  load    0  12.1 V  33 C  err 0x00
>>> pos 30
id 30  pos  3530  spd     0  load    0  12.1 V  33 C  err 0x00
>>> pos 30
id 30  pos  3530  spd     0  load    0  12.1 V  33 C  err 0x00
>>> pos 30
id 30  pos  3530  spd     0  load    0  12.1 V  33 C  err 0x00
>>> pos 30
id 30  pos  3530  spd     0  load    0  12.1 V  33 C  err 0x00
>>> pos 30
id 30  pos  3530  spd     0  load    0  12.1 V  33 C  err 0x00
>>> pos 30
id 30  pos  3530  spd     0  load    0  12.1 V  33 C  err 0x00
>>> pos 30
id 30  pos  3530  spd     0  load    0  12.1 V  33 C  err 0x00
  travel 3530->3531: spd 0 (sd 0, 0..0), backward samples 0/0, load 0..0, end overshoot 0, residual range 0, err 0
>>> pos 30
id 30  pos  3530  spd     0  load    0  12.1 V  33 C  err 0x00
>>> pos 30
id 30  pos  3530  spd     0  load    0  12.1 V  33 C  err 0x00
>>> pos 30
id 30  pos  3530  spd     0  load    0  12.1 V  33 C  err 0x00
>>> pos 30
id 30  pos  3530  spd     0  load    0  12.1 V  33 C  err 0x00
>>> pos 30
id 30  pos  3530  spd     0  load    0  12.1 V  33 C  err 0x00
>>> pos 30
id 30  pos  3530  spd     0  load    0  12.1 V  33 C  err 0x00
>>> pos 30
id 30  pos  3530  spd     0  load    0  12.1 V  33 C  err 0x00
>>> pos 30
id 30  pos  3530  spd     0  load    0  12.1 V  33 C  err 0x00
>>> pos 30
id 30  pos  3530  spd     0  load    0  12.1 V  33 C  err 0x00
>>> pos 30
id 30  pos  3530  spd     0  load    0  12.1 V  33 C  err 0x00
>>> pos 30
id 30  pos  3530  spd     0  load    0  12.1 V  33 C  err 0x00
>>> pos 30
id 30  pos  3530  spd     0  load    0  12.0 V  33 C  err 0x00
>>> pos 30
id 30  pos  3530  spd     0  load    0  12.1 V  33 C  err 0x00
>>> pos 30
id 30  pos  3530  spd     0  load    0  12.1 V  33 C  err 0x00
>>> pos 30
id 30  pos  3530  spd     0  load    0  12.0 V  33 C  err 0x00
>>> pos 30
id 30  pos  3530  spd     0  load    0  12.1 V  33 C  err 0x00
>>> pos 30
id 30  pos  3530  spd     0  load    0  12.1 V  33 C  err 0x00
>>> pos 30
id 30  pos  3530  spd     0  load    0  12.1 V  33 C  err 0x00
>>> pos 30
id 30  pos  3530  spd     0  load    0  12.1 V  33 C  err 0x00
>>> pos 30
id 30  pos  3530  spd     0  load    0  12.0 V  33 C  err 0x00
>>> pos 30
id 30  pos  3530  spd     0  load    0  12.1 V  33 C  err 0x00
>>> pos 30
id 30  pos  3530  spd     0  load    0  12.1 V  33 C  err 0x00
>>> pos 30
id 30  pos  3530  spd     0  load    0  12.1 V  33 C  err 0x00
>>> pos 30
id 30  pos  3530  spd     0  load    0  12.1 V  33 C  err 0x00
>>> pos 30
id 30  pos  3530  spd     0  load    0  12.1 V  33 C  err 0x00
>>> pos 30
id 30  pos  3530  spd     0  load    0  12.1 V  33 C  err 0x00
>>> pos 30
id 30  pos  3530  spd     0  load    0  12.1 V  33 C  err 0x00
>>> pos 30
id 30  pos  3530  spd     0  load    0  12.1 V  33 C  err 0x00
>>> pos 30
id 30  pos  3530  spd     0  load    0  12.1 V  33 C  err 0x00
>>> pos 30
id 30  pos  3530  spd     0  load    0  12.1 V  33 C  err 0x00
>>> pos 30
id 30  pos  3530  spd     0  load    0  12.1 V  33 C  err 0x00
>>> pos 30
id 30  pos  3530  spd     0  load    0  12.1 V  33 C  err 0x00
>>> pos 30
id 30  pos  3530  spd     0  load    0  12.0 V  33 C  err 0x00
>>> pos 30
id 30  pos  3530  spd     0  load    0  12.1 V  33 C  err 0x00
>>> pos 30
id 30  pos  3530  spd     0  load    0  12.1 V  33 C  err 0x00
>>> pos 30
id 30  pos  3530  spd     0  load    0  12.1 V  33 C  err 0x00
>>> pos 30
id 30  pos  3530  spd     0  load    0  12.1 V  33 C  err 0x00
>>> pos 30
id 30  pos  3530  spd     0  load    0  12.1 V  33 C  err 0x00
>>> pos 30
id 30  pos  3530  spd     0  load    0  12.1 V  33 C  err 0x00
>>> pos 30
id 30  pos  3530  spd     0  load    0  12.1 V  33 C  err 0x00
>>> pos 30
id 30  pos  3530  spd     0  load    0  12.1 V  33 C  err 0x00
>>> pos 30
id 30  pos  3530  spd     0  load    0  12.1 V  33 C  err 0x00
>>> pos 30
id 30  pos  3530  spd     0  load    0  12.1 V  33 C  err 0x00
>>> pos 30
id 30  pos  3530  spd     0  load    0  12.1 V  33 C  err 0x00
>>> pos 30
id 30  pos  3530  spd     0  load    0  12.1 V  33 C  err 0x00
>>> pos 30
id 30  pos  3530  spd     0  load    0  12.1 V  33 C  err 0x00
>>> pos 30
id 30  pos  3530  spd     0  load    0  12.1 V  33 C  err 0x00
>>> pos 30
id 30  pos  3530  spd     0  load    0  12.0 V  33 C  err 0x00
>>> pos 30
id 30  pos  3530  spd     0  load    0  12.1 V  33 C  err 0x00
>>> pos 30
id 30  pos  3530  spd     0  load    0  12.1 V  33 C  err 0x00
>>> pos 30
id 30  pos  3530  spd     0  load    0  12.1 V  33 C  err 0x00
>>> pos 30
id 30  pos  3530  spd     0  load    0  12.1 V  33 C  err 0x00
>>> pos 30
id 30  pos  3530  spd     0  load    0  12.1 V  33 C  err 0x00
>>> pos 30
id 30  pos  3530  spd     0  load    0  12.1 V  33 C  err 0x00
>>> pos 30
id 30  pos  3530  spd     0  load    0  12.1 V  33 C  err 0x00
>>> pos 30
id 30  pos  3530  spd     0  load    0  12.1 V  33 C  err 0x00
>>> pos 30
id 30  pos  3530  spd     0  load    0  12.1 V  33 C  err 0x00
>>> pos 30
id 30  pos  3530  spd     0  load    0  12.1 V  33 C  err 0x00
>>> pos 30
id 30  pos  3530  spd     0  load    0  12.1 V  33 C  err 0x00
>>> pos 30
id 30  pos  3530  spd     0  load    0  12.1 V  33 C  err 0x00
>>> pos 30
id 30  pos  3530  spd     0  load    0  12.1 V  33 C  err 0x00
>>> pos 30
id 30  pos  3530  spd     0  load    0  12.1 V  33 C  err 0x00
>>> pos 30
id 30  pos  3530  spd     0  load    0  12.1 V  33 C  err 0x00
>>> pos 30
id 30  pos  3530  spd     0  load    0  12.1 V  33 C  err 0x00
>>> pos 30
id 30  pos  3530  spd     0  load    0  12.1 V  33 C  err 0x00
>>> pos 30
id 30  pos  3530  spd     0  load    0  12.1 V  33 C  err 0x00
>>> pos 30
id 30  pos  3530  spd     0  load    0  12.1 V  33 C  err 0x00
>>> pos 30
id 30  pos  3530  spd     0  load    0  12.1 V  33 C  err 0x00
>>> pos 30
id 30  pos  3530  spd     0  load    0  12.1 V  33 C  err 0x00
>>> pos 30
id 30  pos  3530  spd     0  load    0  12.1 V  33 C  err 0x00
>>> pos 30
id 30  pos  3530  spd     0  load    0  12.1 V  33 C  err 0x00
>>> pos 30
id 30  pos  3530  spd     0  load    0  12.1 V  33 C  err 0x00
>>> pos 30
id 30  pos  3530  spd     0  load    0  12.1 V  33 C  err 0x00
>>> pos 30
id 30  pos  3530  spd     0  load    0  12.1 V  33 C  err 0x00
>>> pos 30
id 30  pos  3530  spd     0  load    0  12.1 V  33 C  err 0x00
>>> pos 30
id 30  pos  3530  spd     0  load    0  12.1 V  33 C  err 0x00
>>> pos 30
id 30  pos  3530  spd     0  load    0  12.1 V  33 C  err 0x00
>>> pos 30
id 30  pos  3530  spd     0  load    0  12.1 V  33 C  err 0x00
>>> pos 30
id 30  pos  3530  spd     0  load    0  12.1 V  33 C  err 0x00
>>> pos 30
id 30  pos  3530  spd     0  load    0  12.1 V  33 C  err 0x00
>>> pos 30
id 30  pos  3530  spd     0  load    0  12.1 V  33 C  err 0x00
>>> pos 30
id 30  pos  3530  spd     0  load    0  12.1 V  33 C  err 0x00
>>> pos 30
id 30  pos  3530  spd     0  load    0  12.1 V  33 C  err 0x00
>>> pos 30
id 30  pos  3530  spd     0  load    0  12.1 V  33 C  err 0x00
>>> pos 30
id 30  pos  3530  spd     0  load    0  12.1 V  33 C  err 0x00
>>> pos 30
id 30  pos  3530  spd     0  load    0  12.1 V  33 C  err 0x00
>>> pos 30
id 30  pos  3530  spd     0  load    0  12.1 V  33 C  err 0x00
>>> pos 30
id 30  pos  3530  spd     0  load    0  12.1 V  33 C  err 0x00
>>> pos 30
id 30  pos  3530  spd     0  load    0  12.1 V  33 C  err 0x00
>>> pos 30
id 30  pos  3530  spd     0  load    0  12.1 V  33 C  err 0x00
>>> pos 30
id 30  pos  3530  spd     0  load    0  12.1 V  33 C  err 0x00
>>> pos 30
id 30  pos  3530  spd     0  load    0  12.1 V  33 C  err 0x00
>>> pos 30
id 30  pos  3530  spd     0  load    0  12.1 V  33 C  err 0x00
>>> pos 30
id 30  pos  3530  spd     0  load    0  12.1 V  33 C  err 0x00
>>> pos 30
id 30  pos  3530  spd     0  load    0  12.1 V  33 C  err 0x00
>>> pos 30
id 30  pos  3530  spd     0  load    0  12.1 V  33 C  err 0x00
>>> pos 30
id 30  pos  3530  spd     0  load    0  12.0 V  33 C  err 0x00
>>> pos 30
id 30  pos  3530  spd     0  load    0  12.1 V  33 C  err 0x00
>>> pos 30
id 30  pos  3530  spd     0  load    0  12.1 V  33 C  err 0x00
>>> pos 30
id 30  pos  3530  spd     0  load    0  12.1 V  33 C  err 0x00
>>> pos 30
id 30  pos  3530  spd     0  load    0  12.0 V  33 C  err 0x00
>>> pos 30
id 30  pos  3530  spd     0  load    0  12.1 V  33 C  err 0x00
>>> pos 30
id 30  pos  3530  spd     0  load    0  12.1 V  33 C  err 0x00
>>> pos 30
id 30  pos  3530  spd     0  load    0  12.1 V  33 C  err 0x00
>>> pos 30
id 30  pos  3530  spd     0  load    0  12.1 V  33 C  err 0x00
>>> pos 30
id 30  pos  3530  spd     0  load    0  12.1 V  33 C  err 0x00
>>> pos 30
id 30  pos  3530  spd     0  load    0  12.0 V  33 C  err 0x00
>>> pos 30
id 30  pos  3530  spd     0  load    0  12.0 V  33 C  err 0x00
>>> pos 30
id 30  pos  3530  spd     0  load    0  12.0 V  33 C  err 0x00
>>> pos 30
id 30  pos  3530  spd     0  load    0  12.1 V  33 C  err 0x00
>>> pos 30
id 30  pos  3530  spd     0  load    0  12.1 V  33 C  err 0x00
>>> pos 30
id 30  pos  3530  spd     0  load    0  12.1 V  33 C  err 0x00
>>> pos 30
id 30  pos  3530  spd     0  load    0  12.1 V  33 C  err 0x00
>>> pos 30
id 30  pos  3530  spd     0  load    0  12.1 V  33 C  err 0x00
>>> pos 30
id 30  pos  3530  spd     0  load    0  12.1 V  33 C  err 0x00
>>> pos 30
id 30  pos  3530  spd     0  load    0  12.1 V  34 C  err 0x00
>>> pos 30
id 30  pos  3530  spd     0  load    0  12.1 V  33 C  err 0x00
>>> pos 30
id 30  pos  3530  spd     0  load    0  12.1 V  33 C  err 0x00
>>> pos 30
id 30  pos  3530  spd     0  load    0  12.1 V  33 C  err 0x00
>>> pos 30
id 30  pos  3530  spd     0  load    0  12.1 V  33 C  err 0x00
>>> pos 30
id 30  pos  3530  spd     0  load    0  12.1 V  33 C  err 0x00
>>> pos 30
id 30  pos  3530  spd     0  load    0  12.1 V  33 C  err 0x00
>>> pos 30
id 30  pos  3530  spd     0  load    0  12.1 V  33 C  err 0x00
>>> pos 30
id 30  pos  3530  spd     0  load    0  12.1 V  33 C  err 0x00
>>> pos 30
id 30  pos  3530  spd     0  load    0  12.1 V  33 C  err 0x00
>>> pos 30
id 30  pos  3530  spd     0  load    0  12.1 V  33 C  err 0x00
>>> pos 30
id 30  pos  3530  spd     0  load    0  12.1 V  33 C  err 0x00
>>> pos 30
id 30  pos  3530  spd     0  load    0  12.1 V  33 C  err 0x00
>>> pos 30
id 30  pos  3530  spd     0  load    0  12.1 V  33 C  err 0x00
>>> pos 30
id 30  pos  3530  spd     0  load    0  12.1 V  33 C  err 0x00
>>> pos 30
id 30  pos  3530  spd     0  load    0  12.1 V  33 C  err 0x00
>>> pos 30
id 30  pos  3530  spd     0  load    0  12.1 V  33 C  err 0x00
>>> pos 30
id 30  pos  3530  spd     0  load    0  12.1 V  33 C  err 0x00
>>> pos 30
id 30  pos  3530  spd     0  load    0  12.1 V  33 C  err 0x00
>>> pos 30
id 30  pos  3530  spd     0  load    0  12.1 V  33 C  err 0x00
>>> pos 30
id 30  pos  3530  spd     0  load    0  12.1 V  33 C  err 0x00
>>> pos 30
id 30  pos  3530  spd     0  load    0  12.1 V  33 C  err 0x00
>>> pos 30
id 30  pos  3530  spd     0  load    0  12.1 V  33 C  err 0x00
>>> pos 30
id 30  pos  3530  spd     0  load    0  12.1 V  33 C  err 0x00
>>> pos 30
id 30  pos  3530  spd     0  load    0  12.0 V  33 C  err 0x00
>>> pos 30
id 30  pos  3530  spd     0  load    0  12.1 V  33 C  err 0x00
>>> pos 30
id 30  pos  3530  spd     0  load    0  12.1 V  33 C  err 0x00
>>> pos 30
id 30  pos  3530  spd     0  load    0  12.1 V  33 C  err 0x00
>>> pos 30
id 30  pos  3530  spd     0  load    0  12.1 V  33 C  err 0x00
>>> pos 30
id 30  pos  3530  spd     0  load    0  12.1 V  33 C  err 0x00
>>> pos 30
id 30  pos  3530  spd     0  load    0  12.1 V  33 C  err 0x00
>>> pos 30
id 30  pos  3530  spd     0  load    0  12.1 V  33 C  err 0x00
>>> pos 30
id 30  pos  3530  spd     0  load    0  12.1 V  33 C  err 0x00
>>> pos 30
id 30  pos  3530  spd     0  load    0  12.1 V  33 C  err 0x00
>>> pos 30
id 30  pos  3530  spd     0  load    0  12.1 V  33 C  err 0x00
>>> pos 30
id 30  pos  3530  spd     0  load    0  12.1 V  33 C  err 0x00
>>> pos 30
id 30  pos  3530  spd     0  load    0  12.1 V  33 C  err 0x00
>>> pos 30
id 30  pos  3530  spd     0  load    0  12.1 V  33 C  err 0x00
  DOWN quiet: pos -1.00, range 0, moving 0/152, load 0..0, err 0
>>> move 30 3554 0 200 2
move id 30 -> 3554 ticks, 0 ms, spd 200, acc 2: ok
>>> pos 30
id 30  pos  3530  spd     0  load  -48  12.1 V  33 C  err 0x00
>>> pos 30
id 30  pos  3531  spd    50  load  -80  12.0 V  33 C  err 0x00
>>> pos 30
id 30  pos  3536  spd    50  load    0  12.1 V  33 C  err 0x00
>>> pos 30
id 30  pos  3539  spd   150  load    0  12.1 V  33 C  err 0x00
>>> pos 30
id 30  pos  3538  spd   -50  load  -80  12.1 V  33 C  err 0x00
>>> pos 30
id 30  pos  3542  spd     0  load    0  12.1 V  33 C  err 0x00
>>> pos 30
id 30  pos  3547  spd   250  load   48  12.1 V  33 C  err 0x00
>>> pos 30
id 30  pos  3545  spd   -50  load  -48  12.1 V  33 C  err 0x00
>>> pos 30
id 30  pos  3547  spd   -50  load  -48  12.1 V  33 C  err 0x00
>>> pos 30
id 30  pos  3552  spd   200  load   48  12.0 V  33 C  err 0x00
>>> pos 30
id 30  pos  3550  spd  -100  load  -48  12.1 V  33 C  err 0x00
>>> pos 30
id 30  pos  3552  spd   -50  load  -48  12.1 V  33 C  err 0x00
>>> pos 30
id 30  pos  3557  spd   200  load   80  12.1 V  33 C  err 0x00
>>> pos 30
id 30  pos  3553  spd  -150  load    0  12.1 V  33 C  err 0x00
>>> pos 30
id 30  pos  3552  spd  -100  load  -48  12.1 V  33 C  err 0x00
>>> pos 30
id 30  pos  3556  spd   150  load   48  12.1 V  33 C  err 0x00
>>> pos 30
id 30  pos  3556  spd     0  load   48  12.1 V  33 C  err 0x00
>>> pos 30
id 30  pos  3553  spd  -100  load    0  12.1 V  33 C  err 0x00
>>> pos 30
id 30  pos  3553  spd     0  load    0  12.1 V  33 C  err 0x00
>>> pos 30
id 30  pos  3554  spd     0  load    0  12.1 V  33 C  err 0x00
>>> pos 30
id 30  pos  3554  spd     0  load    0  12.1 V  33 C  err 0x00
>>> pos 30
id 30  pos  3554  spd     0  load    0  12.1 V  33 C  err 0x00
>>> pos 30
id 30  pos  3554  spd     0  load    0  12.1 V  33 C  err 0x00
>>> pos 30
id 30  pos  3554  spd     0  load    0  12.1 V  33 C  err 0x00
>>> pos 30
id 30  pos  3554  spd     0  load    0  12.1 V  33 C  err 0x00
>>> pos 30
id 30  pos  3554  spd     0  load    0  12.1 V  33 C  err 0x00
>>> pos 30
id 30  pos  3554  spd     0  load    0  12.1 V  33 C  err 0x00
>>> pos 30
id 30  pos  3554  spd     0  load    0  12.1 V  33 C  err 0x00
>>> pos 30
id 30  pos  3554  spd     0  load    0  12.1 V  33 C  err 0x00
>>> pos 30
id 30  pos  3554  spd     0  load    0  12.1 V  33 C  err 0x00
>>> pos 30
id 30  pos  3554  spd     0  load    0  12.1 V  33 C  err 0x00
>>> pos 30
id 30  pos  3554  spd     0  load    0  12.1 V  33 C  err 0x00
>>> pos 30
id 30  pos  3554  spd     0  load    0  12.1 V  33 C  err 0x00
>>> pos 30
id 30  pos  3554  spd     0  load    0  12.1 V  33 C  err 0x00
>>> pos 30
id 30  pos  3554  spd     0  load    0  12.1 V  33 C  err 0x00
>>> pos 30
id 30  pos  3554  spd     0  load    0  12.1 V  33 C  err 0x00
>>> pos 30
id 30  pos  3554  spd     0  load    0  12.1 V  33 C  err 0x00
>>> pos 30
id 30  pos  3554  spd     0  load    0  12.1 V  33 C  err 0x00
>>> pos 30
id 30  pos  3554  spd     0  load    0  12.1 V  33 C  err 0x00
>>> pos 30
id 30  pos  3554  spd     0  load    0  12.1 V  33 C  err 0x00
>>> pos 30
id 30  pos  3554  spd     0  load    0  12.1 V  33 C  err 0x00
>>> pos 30
id 30  pos  3554  spd     0  load    0  12.1 V  33 C  err 0x00
>>> pos 30
id 30  pos  3554  spd     0  load    0  12.1 V  33 C  err 0x00
>>> pos 30
id 30  pos  3554  spd     0  load    0  12.1 V  33 C  err 0x00
>>> pos 30
id 30  pos  3554  spd     0  load    0  12.1 V  33 C  err 0x00
>>> pos 30
id 30  pos  3554  spd     0  load    0  12.1 V  33 C  err 0x00
>>> pos 30
id 30  pos  3554  spd     0  load    0  12.1 V  33 C  err 0x00
>>> pos 30
id 30  pos  3554  spd     0  load    0  12.1 V  33 C  err 0x00
>>> pos 30
id 30  pos  3554  spd     0  load    0  12.1 V  33 C  err 0x00
>>> pos 30
id 30  pos  3554  spd     0  load    0  12.1 V  33 C  err 0x00
>>> pos 30
id 30  pos  3554  spd     0  load    0  12.1 V  33 C  err 0x00
>>> pos 30
id 30  pos  3554  spd     0  load    0  12.1 V  33 C  err 0x00
>>> pos 30
id 30  pos  3554  spd     0  load    0  12.1 V  33 C  err 0x00
>>> pos 30
id 30  pos  3554  spd     0  load    0  12.1 V  33 C  err 0x00
>>> pos 30
id 30  pos  3554  spd     0  load    0  12.1 V  33 C  err 0x00
>>> pos 30
id 30  pos  3554  spd     0  load    0  12.1 V  33 C  err 0x00
>>> pos 30
id 30  pos  3554  spd     0  load    0  12.1 V  33 C  err 0x00
>>> pos 30
id 30  pos  3554  spd     0  load    0  12.1 V  33 C  err 0x00
>>> pos 30
id 30  pos  3554  spd     0  load    0  12.1 V  33 C  err 0x00
>>> pos 30
id 30  pos  3554  spd     0  load    0  12.1 V  33 C  err 0x00
>>> pos 30
id 30  pos  3554  spd     0  load    0  12.1 V  33 C  err 0x00
  DOWN step 3531->3554: overshoot 3, settle 0.5952, residual range 0, offset +0.0, moving in last 1 s 0, err 0
>>> move 30 3531 0 200 2
move id 30 -> 3531 ticks, 0 ms, spd 200, acc 2: ok
>>> pos 30
id 30  pos  3554  spd     0  load   48  12.1 V  33 C  err 0x00
>>> pos 30
id 30  pos  3553  spd   -50  load   80  12.1 V  33 C  err 0x00
>>> pos 30
id 30  pos  3547  spd  -200  load    0  12.1 V  33 C  err 0x00
>>> pos 30
id 30  pos  3547  spd     0  load   48  12.1 V  33 C  err 0x00
>>> pos 30
id 30  pos  3546  spd  -100  load   80  12.1 V  33 C  err 0x00
>>> pos 30
id 30  pos  3539  spd  -200  load  -48  12.1 V  33 C  err 0x00
>>> pos 30
id 30  pos  3539  spd     0  load    0  12.1 V  33 C  err 0x00
>>> pos 30
id 30  pos  3541  spd     0  load  112  12.1 V  33 C  err 0x00
>>> pos 30
id 30  pos  3535  spd  -150  load    0  12.1 V  33 C  err 0x00
>>> pos 30
id 30  pos  3533  spd     0  load    0  12.1 V  33 C  err 0x00
>>> pos 30
id 30  pos  3535  spd     0  load   80  12.1 V  33 C  err 0x00
>>> pos 30
id 30  pos  3532  spd   -50  load    0  12.1 V  33 C  err 0x00
>>> pos 30
id 30  pos  3528  spd  -100  load  -80  12.1 V  33 C  err 0x00
>>> pos 30
id 30  pos  3533  spd   100  load   48  12.1 V  33 C  err 0x00
>>> pos 30
id 30  pos  3532  spd   -50  load    0  12.1 V  33 C  err 0x00
>>> pos 30
id 30  pos  3529  spd  -100  load  -48  12.1 V  33 C  err 0x00
>>> pos 30
id 30  pos  3532  spd    50  load    0  12.1 V  33 C  err 0x00
>>> pos 30
id 30  pos  3533  spd     0  load   48  12.1 V  33 C  err 0x00
>>> pos 30
id 30  pos  3530  spd  -100  load    0  12.1 V  33 C  err 0x00
>>> pos 30
id 30  pos  3531  spd     0  load    0  12.1 V  33 C  err 0x00
>>> pos 30
id 30  pos  3531  spd     0  load    0  12.1 V  33 C  err 0x00
>>> pos 30
id 30  pos  3531  spd     0  load    0  12.1 V  33 C  err 0x00
>>> pos 30
id 30  pos  3531  spd     0  load    0  12.1 V  33 C  err 0x00
>>> pos 30
id 30  pos  3531  spd     0  load    0  12.1 V  33 C  err 0x00
>>> pos 30
id 30  pos  3531  spd     0  load    0  12.1 V  33 C  err 0x00
>>> pos 30
id 30  pos  3531  spd     0  load    0  12.1 V  33 C  err 0x00
>>> pos 30
id 30  pos  3531  spd     0  load    0  12.1 V  33 C  err 0x00
>>> pos 30
id 30  pos  3531  spd     0  load    0  12.1 V  33 C  err 0x00
>>> pos 30
id 30  pos  3531  spd     0  load    0  12.1 V  33 C  err 0x00
>>> pos 30
id 30  pos  3531  spd     0  load    0  12.1 V  33 C  err 0x00
>>> pos 30
id 30  pos  3531  spd     0  load    0  12.1 V  33 C  err 0x00
>>> pos 30
id 30  pos  3531  spd     0  load    0  12.1 V  33 C  err 0x00
>>> pos 30
id 30  pos  3531  spd     0  load    0  12.1 V  33 C  err 0x00
>>> pos 30
id 30  pos  3531  spd     0  load    0  12.1 V  33 C  err 0x00
>>> pos 30
id 30  pos  3531  spd     0  load    0  12.1 V  33 C  err 0x00
>>> pos 30
id 30  pos  3531  spd     0  load    0  12.1 V  33 C  err 0x00
>>> pos 30
id 30  pos  3531  spd     0  load    0  12.1 V  33 C  err 0x00
>>> pos 30
id 30  pos  3531  spd     0  load    0  12.1 V  33 C  err 0x00
>>> pos 30
id 30  pos  3531  spd     0  load    0  12.0 V  33 C  err 0x00
>>> pos 30
id 30  pos  3531  spd     0  load    0  12.1 V  33 C  err 0x00
>>> pos 30
id 30  pos  3531  spd     0  load    0  12.0 V  33 C  err 0x00
>>> pos 30
id 30  pos  3531  spd     0  load    0  12.1 V  33 C  err 0x00
>>> pos 30
id 30  pos  3531  spd     0  load    0  12.1 V  33 C  err 0x00
>>> pos 30
id 30  pos  3531  spd     0  load    0  12.1 V  33 C  err 0x00
>>> pos 30
id 30  pos  3531  spd     0  load    0  12.1 V  33 C  err 0x00
>>> pos 30
id 30  pos  3531  spd     0  load    0  12.1 V  33 C  err 0x00
>>> pos 30
id 30  pos  3531  spd     0  load    0  12.1 V  33 C  err 0x00
>>> pos 30
id 30  pos  3531  spd     0  load    0  12.1 V  33 C  err 0x00
>>> pos 30
id 30  pos  3531  spd     0  load    0  12.1 V  33 C  err 0x00
>>> pos 30
id 30  pos  3531  spd     0  load    0  12.1 V  33 C  err 0x00
>>> pos 30
id 30  pos  3531  spd     0  load    0  12.1 V  33 C  err 0x00
>>> pos 30
id 30  pos  3531  spd     0  load    0  12.1 V  33 C  err 0x00
>>> pos 30
id 30  pos  3531  spd     0  load    0  12.1 V  33 C  err 0x00
>>> pos 30
id 30  pos  3531  spd     0  load    0  12.1 V  33 C  err 0x00
>>> pos 30
id 30  pos  3531  spd     0  load    0  12.1 V  33 C  err 0x00
>>> pos 30
id 30  pos  3531  spd     0  load    0  12.1 V  33 C  err 0x00
>>> pos 30
id 30  pos  3531  spd     0  load    0  12.1 V  33 C  err 0x00
>>> pos 30
id 30  pos  3531  spd     0  load    0  12.0 V  33 C  err 0x00
>>> pos 30
id 30  pos  3531  spd     0  load    0  12.1 V  33 C  err 0x00
>>> pos 30
id 30  pos  3531  spd     0  load    0  12.1 V  33 C  err 0x00
>>> pos 30
id 30  pos  3531  spd     0  load    0  12.1 V  33 C  err 0x00
  DOWN step 3554->3531: overshoot 3, settle 0.6281, residual range 0, offset +0.0, moving in last 1 s 0, err 0
>>> move 30 3508 0 200 2
move id 30 -> 3508 ticks, 0 ms, spd 200, acc 2: ok
>>> pos 30
id 30  pos  3531  spd     0  load   48  12.1 V  33 C  err 0x00
>>> pos 30
id 30  pos  3530  spd     0  load   80  12.1 V  33 C  err 0x00
>>> pos 30
id 30  pos  3524  spd  -200  load    0  12.1 V  33 C  err 0x00
>>> pos 30
id 30  pos  3524  spd    50  load   48  12.1 V  33 C  err 0x00
>>> pos 30
id 30  pos  3523  spd    50  load   80  12.1 V  33 C  err 0x00
>>> pos 30
id 30  pos  3516  spd  -300  load  -48  12.1 V  33 C  err 0x00
>>> pos 30
id 30  pos  3516  spd     0  load    0  12.1 V  33 C  err 0x00
>>> pos 30
id 30  pos  3517  spd   100  load   80  12.0 V  33 C  err 0x00
>>> pos 30
id 30  pos  3510  spd  -200  load  -48  12.1 V  33 C  err 0x00
>>> pos 30
id 30  pos  3512  spd   100  load    0  12.1 V  33 C  err 0x00
>>> pos 30
id 30  pos  3512  spd    50  load   80  12.1 V  33 C  err 0x00
>>> pos 30
id 30  pos  3505  spd  -200  load  -80  12.1 V  33 C  err 0x00
>>> pos 30
id 30  pos  3509  spd     0  load    0  12.1 V  33 C  err 0x00
>>> pos 30
id 30  pos  3511  spd   100  load   80  12.1 V  33 C  err 0x00
>>> pos 30
id 30  pos  3505  spd  -200  load  -80  12.1 V  33 C  err 0x00
>>> pos 30
id 30  pos  3509  spd     0  load    0  12.0 V  33 C  err 0x00
>>> pos 30
id 30  pos  3511  spd   100  load   80  12.1 V  33 C  err 0x00
>>> pos 30
id 30  pos  3505  spd  -200  load  -80  12.1 V  33 C  err 0x00
>>> pos 30
id 30  pos  3509  spd     0  load    0  12.1 V  33 C  err 0x00
>>> pos 30
id 30  pos  3511  spd   100  load   80  12.0 V  33 C  err 0x00
>>> pos 30
id 30  pos  3505  spd  -250  load  -80  12.1 V  33 C  err 0x00
>>> pos 30
id 30  pos  3509  spd    50  load    0  12.1 V  33 C  err 0x00
>>> pos 30
id 30  pos  3511  spd    50  load   80  12.1 V  33 C  err 0x00
>>> pos 30
id 30  pos  3505  spd  -150  load  -80  12.1 V  33 C  err 0x00
>>> pos 30
id 30  pos  3509  spd     0  load    0  12.1 V  33 C  err 0x00
>>> pos 30
id 30  pos  3511  spd    50  load   80  12.1 V  33 C  err 0x00
>>> pos 30
id 30  pos  3505  spd  -200  load  -80  12.1 V  33 C  err 0x00
>>> pos 30
id 30  pos  3509  spd    50  load    0  12.1 V  33 C  err 0x00
>>> pos 30
id 30  pos  3511  spd    50  load   80  12.0 V  33 C  err 0x00
>>> pos 30
id 30  pos  3505  spd  -150  load  -80  12.1 V  33 C  err 0x00
>>> pos 30
id 30  pos  3509  spd     0  load    0  12.1 V  33 C  err 0x00
>>> pos 30
id 30  pos  3511  spd    50  load   80  12.1 V  33 C  err 0x00
>>> pos 30
id 30  pos  3505  spd  -200  load  -80  12.1 V  41 C  err 0x00
>>> pos 30
id 30  pos  3509  spd    50  load    0  12.1 V  33 C  err 0x00
>>> pos 30
id 30  pos  3511  spd    50  load   80  12.1 V  33 C  err 0x00
>>> pos 30
id 30  pos  3505  spd  -200  load  -80  12.1 V  33 C  err 0x00
>>> pos 30
id 30  pos  3509  spd    50  load    0  12.1 V  33 C  err 0x00
>>> pos 30
id 30  pos  3511  spd    50  load   80  12.1 V  33 C  err 0x00
>>> pos 30
id 30  pos  3505  spd  -200  load  -80  12.1 V  33 C  err 0x00
>>> pos 30
id 30  pos  3509  spd   100  load    0  12.1 V  33 C  err 0x00
>>> pos 30
id 30  pos  3511  spd     0  load   80  12.1 V  33 C  err 0x00
>>> pos 30
id 30  pos  3505  spd  -200  load  -80  12.1 V  33 C  err 0x00
>>> pos 30
id 30  pos  3509  spd   100  load    0  12.1 V  33 C  err 0x00
>>> pos 30
id 30  pos  3510  spd     0  load   48  12.1 V  33 C  err 0x00
>>> pos 30
id 30  pos  3505  spd  -200  load  -80  12.1 V  33 C  err 0x00
>>> pos 30
id 30  pos  3509  spd   100  load    0  12.1 V  33 C  err 0x00
>>> pos 30
id 30  pos  3511  spd     0  load   80  12.1 V  33 C  err 0x00
>>> pos 30
id 30  pos  3505  spd  -100  load  -80  12.1 V  33 C  err 0x00
>>> pos 30
id 30  pos  3509  spd   100  load    0  12.1 V  33 C  err 0x00
>>> pos 30
id 30  pos  3510  spd     0  load   48  12.1 V  33 C  err 0x00
>>> pos 30
id 30  pos  3505  spd  -150  load  -80  12.1 V  33 C  err 0x00
>>> pos 30
id 30  pos  3510  spd   100  load   48  12.1 V  33 C  err 0x00
>>> pos 30
id 30  pos  3510  spd     0  load   48  12.1 V  33 C  err 0x00
>>> pos 30
id 30  pos  3505  spd  -150  load  -80  12.1 V  33 C  err 0x00
>>> pos 30
id 30  pos  3510  spd   100  load   48  12.1 V  33 C  err 0x00
>>> pos 30
id 30  pos  3510  spd     0  load   48  12.1 V  33 C  err 0x00
>>> pos 30
id 30  pos  3505  spd  -200  load  -80  12.1 V  33 C  err 0x00
>>> pos 30
id 30  pos  3510  spd   150  load   48  12.1 V  33 C  err 0x00
>>> pos 30
id 30  pos  3510  spd   -50  load   48  12.0 V  31 C  err 0x00
>>> pos 30
id 30  pos  3505  spd  -150  load  -80  12.1 V  34 C  err 0x00
>>> pos 30
id 30  pos  3510  spd   150  load   48  12.1 V  33 C  err 0x00
  DOWN step 3531->3508: overshoot 3, settle None, residual range 6, offset +0.3, moving in last 1 s 24, err 0
>>> move 30 3531 0 200 2
move id 30 -> 3531 ticks, 0 ms, spd 200, acc 2: ok
>>> pos 30
id 30  pos  3505  spd  -150  load -112  12.1 V  33 C  err 0x00
>>> pos 30
id 30  pos  3512  spd   200  load    0  12.1 V  33 C  err 0x00
>>> pos 30
id 30  pos  3514  spd     0  load    0  12.1 V  33 C  err 0x00
>>> pos 30
id 30  pos  3512  spd   -50  load -112  12.1 V  33 C  err 0x00
>>> pos 30
id 30  pos  3518  spd   150  load    0  12.1 V  33 C  err 0x00
>>> pos 30
id 30  pos  3522  spd    50  load   48  12.1 V  33 C  err 0x00
>>> pos 30
id 30  pos  3517  spd  -150  load -144  12.0 V  33 C  err 0x00
>>> pos 30
id 30  pos  3525  spd   250  load    0  12.1 V  33 C  err 0x00
>>> pos 30
id 30  pos  3527  spd     0  load    0  12.1 V  33 C  err 0x00
>>> pos 30
id 30  pos  3524  spd   -50  load  -80  12.1 V  33 C  err 0x00
>>> pos 30
id 30  pos  3528  spd   100  load    0  12.1 V  33 C  err 0x00
>>> pos 30
id 30  pos  3533  spd   100  load   48  12.1 V  33 C  err 0x00
>>> pos 30
id 30  pos  3529  spd   -50  load  -48  12.1 V  33 C  err 0x00
>>> pos 30
id 30  pos  3530  spd     0  load    0  12.1 V  33 C  err 0x00
>>> pos 30
id 30  pos  3533  spd    50  load   48  12.1 V  33 C  err 0x00
>>> pos 30
id 30  pos  3532  spd     0  load    0  12.1 V  33 C  err 0x00
>>> pos 30
id 30  pos  3531  spd   -50  load    0  12.1 V  33 C  err 0x00
>>> pos 30
id 30  pos  3531  spd     0  load    0  12.1 V  33 C  err 0x00
>>> pos 30
id 30  pos  3531  spd     0  load    0  12.1 V  33 C  err 0x00
>>> pos 30
id 30  pos  3531  spd     0  load    0  12.1 V  33 C  err 0x00
>>> pos 30
id 30  pos  3531  spd     0  load    0  12.1 V  33 C  err 0x00
>>> pos 30
id 30  pos  3531  spd     0  load    0  12.1 V  33 C  err 0x00
>>> pos 30
id 30  pos  3531  spd     0  load    0  12.0 V  33 C  err 0x00
>>> pos 30
id 30  pos  3531  spd     0  load    0  12.0 V  33 C  err 0x00
>>> pos 30
id 30  pos  3531  spd     0  load    0  12.1 V  33 C  err 0x00
>>> pos 30
id 30  pos  3531  spd     0  load    0  12.1 V  33 C  err 0x00
>>> pos 30
id 30  pos  3531  spd     0  load    0  12.1 V  33 C  err 0x00
>>> pos 30
id 30  pos  3531  spd     0  load    0  12.1 V  33 C  err 0x00
>>> pos 30
id 30  pos  3531  spd     0  load    0  12.1 V  33 C  err 0x00
>>> pos 30
id 30  pos  3531  spd     0  load    0  12.1 V  33 C  err 0x00
>>> pos 30
id 30  pos  3531  spd     0  load    0  12.1 V  33 C  err 0x00
>>> pos 30
id 30  pos  3531  spd     0  load    0  12.1 V  33 C  err 0x00
>>> pos 30
id 30  pos  3531  spd     0  load    0  12.1 V  34 C  err 0x00
>>> pos 30
id 30  pos  3531  spd     0  load    0  12.0 V  33 C  err 0x00
>>> pos 30
id 30  pos  3531  spd     0  load    0  12.1 V  33 C  err 0x00
>>> pos 30
id 30  pos  3531  spd     0  load    0  12.1 V  33 C  err 0x00
>>> pos 30
id 30  pos  3531  spd     0  load    0  12.1 V  33 C  err 0x00
>>> pos 30
id 30  pos  3531  spd     0  load    0  12.1 V  33 C  err 0x00
>>> pos 30
id 30  pos  3531  spd     0  load    0  12.1 V  33 C  err 0x00
>>> pos 30
id 30  pos  3531  spd     0  load    0  12.1 V  33 C  err 0x00
>>> pos 30
id 30  pos  3531  spd     0  load    0  12.1 V  33 C  err 0x00
>>> pos 30
id 30  pos  3531  spd     0  load    0  12.1 V  33 C  err 0x00
>>> pos 30
id 30  pos  3531  spd     0  load    0  12.1 V  33 C  err 0x00
>>> pos 30
id 30  pos  3531  spd     0  load    0  12.0 V  33 C  err 0x00
>>> pos 30
id 30  pos  3531  spd     0  load    0  12.1 V  33 C  err 0x00
>>> pos 30
id 30  pos  3531  spd     0  load    0  12.1 V  33 C  err 0x00
>>> pos 30
id 30  pos  3531  spd     0  load    0  12.0 V  33 C  err 0x00
>>> pos 30
id 30  pos  3531  spd     0  load    0  12.1 V  33 C  err 0x00
>>> pos 30
id 30  pos  3531  spd     0  load    0  12.1 V  33 C  err 0x00
>>> pos 30
id 30  pos  3531  spd     0  load    0  12.1 V  33 C  err 0x00
>>> pos 30
id 30  pos  3531  spd     0  load    0  12.0 V  33 C  err 0x00
>>> pos 30
id 30  pos  3531  spd     0  load    0  12.1 V  33 C  err 0x00
>>> pos 30
id 30  pos  3531  spd     0  load    0  12.0 V  33 C  err 0x00
>>> pos 30
id 30  pos  3531  spd     0  load    0  12.1 V  33 C  err 0x00
>>> pos 30
id 30  pos  3531  spd     0  load    0  12.1 V  33 C  err 0x00
>>> pos 30
id 30  pos  3531  spd     0  load    0  12.1 V  33 C  err 0x00
>>> pos 30
id 30  pos  3531  spd     0  load    0  12.1 V  33 C  err 0x00
>>> pos 30
id 30  pos  3531  spd     0  load    0  12.1 V  33 C  err 0x00
>>> pos 30
id 30  pos  3531  spd     0  load    0  12.1 V  33 C  err 0x00
>>> pos 30
id 30  pos  3531  spd     0  load    0  12.1 V  33 C  err 0x00
>>> pos 30
id 30  pos  3531  spd     0  load    0  12.0 V  33 C  err 0x00
  DOWN step 3508->3531: overshoot 2, settle 0.5292, residual range 0, offset +0.0, moving in last 1 s 0, err 0
>>> pos 30
id 30  pos  3531  spd     0  load    0  12.1 V  33 C  err 0x00
>>> move 30 2507 0 100 2
move id 30 -> 2507 ticks, 0 ms, spd 100, acc 2: ok
>>> pos 30
id 30  pos  3531  spd     0  load   48  12.1 V  33 C  err 0x00
>>> pos 30
id 30  pos  3530  spd     0  load   80  12.1 V  33 C  err 0x00
>>> pos 30
id 30  pos  3524  spd  -200  load    0  12.1 V  33 C  err 0x00
>>> pos 30
id 30  pos  3524  spd     0  load   48  12.0 V  33 C  err 0x00
>>> pos 30
id 30  pos  3523  spd    50  load   80  12.0 V  33 C  err 0x00
>>> pos 30
id 30  pos  3515  spd  -300  load  -48  12.1 V  33 C  err 0x00
>>> pos 30
id 30  pos  3515  spd     0  load    0  12.1 V  33 C  err 0x00
>>> pos 30
id 30  pos  3514  spd   100  load   80  12.1 V  33 C  err 0x00
>>> pos 30
id 30  pos  3505  spd  -300  load  -48  12.1 V  33 C  err 0x00
>>> pos 30
id 30  pos  3506  spd     0  load   48  12.1 V  33 C  err 0x00
>>> pos 30
id 30  pos  3504  spd   100  load   80  12.1 V  33 C  err 0x00
>>> pos 30
id 30  pos  3496  spd  -300  load    0  12.1 V  33 C  err 0x00
>>> pos 30
id 30  pos  3496  spd     0  load   48  12.1 V  33 C  err 0x00
>>> pos 30
id 30  pos  3494  spd   100  load   80  12.1 V  33 C  err 0x00
>>> pos 30
id 30  pos  3486  spd  -300  load    0  12.1 V  33 C  err 0x00
>>> pos 30
id 30  pos  3486  spd    50  load   48  12.1 V  33 C  err 0x00
>>> pos 30
id 30  pos  3484  spd    50  load   80  12.0 V  33 C  err 0x00
>>> pos 30
id 30  pos  3476  spd  -350  load    0  12.1 V  33 C  err 0x00
>>> pos 30
id 30  pos  3477  spd    50  load   80  12.1 V  33 C  err 0x00
>>> pos 30
id 30  pos  3474  spd     0  load   80  12.1 V  33 C  err 0x00
>>> pos 30
id 30  pos  3466  spd  -300  load    0  12.1 V  33 C  err 0x00
>>> pos 30
id 30  pos  3467  spd    50  load   80  12.1 V  33 C  err 0x00
>>> pos 30
id 30  pos  3463  spd     0  load   48  12.1 V  33 C  err 0x00
>>> pos 30
id 30  pos  3456  spd  -250  load  -48  12.1 V  33 C  err 0x00
>>> pos 30
id 30  pos  3458  spd     0  load  112  12.1 V  33 C  err 0x00
>>> pos 30
id 30  pos  3453  spd  -100  load   48  12.1 V  33 C  err 0x00
>>> pos 30
id 30  pos  3447  spd  -200  load    0  12.1 V  33 C  err 0x00
>>> pos 30
id 30  pos  3449  spd    50  load  144  12.0 V  33 C  err 0x00
>>> pos 30
id 30  pos  3442  spd  -200  load    0  12.1 V  33 C  err 0x00
>>> pos 30
id 30  pos  3437  spd  -100  load    0  12.1 V  33 C  err 0x00
>>> pos 30
id 30  pos  3440  spd   150  load  176  12.0 V  33 C  err 0x00
>>> pos 30
id 30  pos  3430  spd  -300  load    0  12.1 V  33 C  err 0x00
>>> pos 30
id 30  pos  3429  spd     0  load    0  12.1 V  33 C  err 0x00
>>> pos 30
id 30  pos  3428  spd   150  load  112  12.1 V  33 C  err 0x00
>>> pos 30
id 30  pos  3419  spd  -250  load  -48  12.1 V  33 C  err 0x00
>>> pos 30
id 30  pos  3421  spd   100  load   80  12.1 V  33 C  err 0x00
>>> pos 30
id 30  pos  3417  spd     0  load   80  12.1 V  33 C  err 0x00
>>> pos 30
id 30  pos  3411  spd  -250  load    0  12.1 V  33 C  err 0x00
>>> pos 30
id 30  pos  3413  spd   100  load  144  12.1 V  33 C  err 0x00
>>> pos 30
id 30  pos  3405  spd  -150  load    0  12.1 V  33 C  err 0x00
>>> pos 30
id 30  pos  3402  spd  -100  load    0  12.1 V  33 C  err 0x00
>>> pos 30
id 30  pos  3402  spd   -50  load  112  12.1 V  33 C  err 0x00
>>> pos 30
id 30  pos  3393  spd  -300  load  -48  12.1 V  33 C  err 0x00
>>> pos 30
id 30  pos  3395  spd     0  load  112  12.0 V  33 C  err 0x00
>>> pos 30
id 30  pos  3391  spd  -200  load   80  12.1 V  33 C  err 0x00
>>> pos 30
id 30  pos  3384  spd  -300  load    0  12.1 V  33 C  err 0x00
>>> pos 30
id 30  pos  3386  spd   100  load  144  12.1 V  33 C  err 0x00
>>> pos 30
id 30  pos  3379  spd  -250  load    0  12.1 V  33 C  err 0x00
>>> pos 30
id 30  pos  3377  spd  -150  load   48  12.1 V  33 C  err 0x00
>>> pos 30
id 30  pos  3375  spd     0  load  112  12.1 V  33 C  err 0x00
>>> pos 30
id 30  pos  3367  spd  -200  load    0  12.1 V  33 C  err 0x00
>>> pos 30
id 30  pos  3369  spd     0  load  112  12.1 V  33 C  err 0x00
>>> pos 30
id 30  pos  3363  spd  -250  load   48  12.0 V  33 C  err 0x00
>>> pos 30
id 30  pos  3361  spd    50  load   80  12.1 V  33 C  err 0x00
>>> pos 30
id 30  pos  3358  spd     0  load   80  12.1 V  33 C  err 0x00
>>> pos 30
id 30  pos  3351  spd  -200  load    0  12.1 V  33 C  err 0x00
>>> pos 30
id 30  pos  3353  spd    50  load  144  12.1 V  33 C  err 0x00
>>> pos 30
id 30  pos  3346  spd  -200  load    0  12.1 V  33 C  err 0x00
>>> pos 30
id 30  pos  3344  spd   -50  load   48  12.1 V  33 C  err 0x00
>>> pos 30
id 30  pos  3341  spd    50  load   80  12.1 V  33 C  err 0x00
>>> pos 30
id 30  pos  3337  spd  -200  load   48  12.1 V  33 C  err 0x00
>>> pos 30
id 30  pos  3335  spd   -50  load   80  12.1 V  33 C  err 0x00
>>> pos 30
id 30  pos  3330  spd  -200  load   48  12.1 V  33 C  err 0x00
>>> pos 30
id 30  pos  3328  spd   -50  load   80  12.1 V  33 C  err 0x00
>>> pos 30
id 30  pos  3323  spd  -150  load    0  12.1 V  33 C  err 0x00
>>> pos 30
id 30  pos  3321  spd   -50  load   80  12.1 V  33 C  err 0x00
>>> pos 30
id 30  pos  3317  spd  -100  load   48  12.0 V  33 C  err 0x00
>>> pos 30
id 30  pos  3315  spd   -50  load   80  12.1 V  33 C  err 0x00
>>> pos 30
id 30  pos  3311  spd  -100  load   80  12.1 V  33 C  err 0x00
>>> pos 30
id 30  pos  3307  spd  -150  load   48  12.1 V  33 C  err 0x00
>>> pos 30
id 30  pos  3305  spd  -100  load   80  12.1 V  34 C  err 0x00
>>> pos 30
id 30  pos  3301  spd  -100  load   80  12.1 V  33 C  err 0x00
>>> pos 30
id 30  pos  3298  spd   -50  load   80  12.1 V  33 C  err 0x00
>>> pos 30
id 30  pos  3294  spd  -150  load   48  12.1 V  33 C  err 0x00
>>> pos 30
id 30  pos  3292  spd   -50  load   80  12.1 V  33 C  err 0x00
>>> pos 30
id 30  pos  3287  spd  -100  load   48  12.1 V  33 C  err 0x00
>>> pos 30
id 30  pos  3285  spd   -50  load   80  12.1 V  33 C  err 0x00
>>> pos 30
id 30  pos  3281  spd  -100  load   48  12.1 V  33 C  err 0x00
>>> pos 30
id 30  pos  3278  spd   -50  load   80  12.1 V  33 C  err 0x00
>>> pos 30
id 30  pos  3274  spd  -100  load   48  12.1 V  33 C  err 0x00
>>> pos 30
id 30  pos  3271  spd  -150  load   48  12.1 V  33 C  err 0x00
>>> pos 30
id 30  pos  3268  spd  -100  load   80  12.1 V  33 C  err 0x00
>>> pos 30
id 30  pos  3265  spd   -50  load   80  12.1 V  33 C  err 0x00
>>> pos 30
id 30  pos  3262  spd  -100  load   80  12.1 V  33 C  err 0x00
>>> pos 30
id 30  pos  3258  spd  -150  load   80  12.1 V  33 C  err 0x00
>>> pos 30
id 30  pos  3255  spd  -100  load   80  12.1 V  33 C  err 0x00
>>> pos 30
id 30  pos  3251  spd  -100  load   48  12.0 V  33 C  err 0x00
>>> pos 30
id 30  pos  3248  spd   -50  load   80  12.1 V  33 C  err 0x00
>>> pos 30
id 30  pos  3244  spd  -150  load   48  12.0 V  33 C  err 0x00
>>> pos 30
id 30  pos  3242  spd   -50  load   80  12.1 V  33 C  err 0x00
>>> pos 30
id 30  pos  3238  spd  -150  load   48  12.1 V  33 C  err 0x00
>>> pos 30
id 30  pos  3235  spd   -50  load   80  12.1 V  33 C  err 0x00
>>> pos 30
id 30  pos  3231  spd  -100  load   48  12.1 V  33 C  err 0x00
>>> pos 30
id 30  pos  3229  spd   -50  load   80  12.1 V  33 C  err 0x00
>>> pos 30
id 30  pos  3225  spd  -100  load   80  12.1 V  33 C  err 0x00
>>> pos 30
id 30  pos  3222  spd  -100  load   80  12.1 V  33 C  err 0x00
>>> pos 30
id 30  pos  3218  spd  -100  load   48  12.1 V  33 C  err 0x00
>>> pos 30
id 30  pos  3215  spd  -100  load   80  12.1 V  33 C  err 0x00
>>> pos 30
id 30  pos  3212  spd  -100  load   80  12.1 V  33 C  err 0x00
>>> pos 30
id 30  pos  3208  spd   -50  load   48  12.1 V  33 C  err 0x00
>>> pos 30
id 30  pos  3205  spd  -100  load   80  12.1 V  33 C  err 0x00
>>> pos 30
id 30  pos  3202  spd  -150  load   80  12.1 V  33 C  err 0x00
>>> pos 30
id 30  pos  3199  spd  -100  load   80  12.1 V  33 C  err 0x00
>>> pos 30
id 30  pos  3195  spd  -150  load   80  12.1 V  33 C  err 0x00
>>> pos 30
id 30  pos  3192  spd   -50  load   80  12.1 V  33 C  err 0x00
>>> pos 30
id 30  pos  3188  spd  -150  load   48  12.1 V  33 C  err 0x00
>>> pos 30
id 30  pos  3185  spd   -50  load   80  12.1 V  33 C  err 0x00
>>> pos 30
id 30  pos  3182  spd  -100  load   80  12.0 V  33 C  err 0x00
>>> pos 30
id 30  pos  3179  spd  -100  load   80  12.1 V  33 C  err 0x00
>>> pos 30
id 30  pos  3175  spd  -100  load   48  12.1 V  33 C  err 0x00
>>> pos 30
id 30  pos  3172  spd  -100  load   80  12.1 V  33 C  err 0x00
>>> pos 30
id 30  pos  3169  spd  -100  load   80  12.1 V  33 C  err 0x00
>>> pos 30
id 30  pos  3165  spd  -100  load   48  12.1 V  33 C  err 0x00
>>> pos 30
id 30  pos  3163  spd  -100  load  112  12.1 V  33 C  err 0x00
>>> pos 30
id 30  pos  3158  spd  -150  load   48  12.1 V  33 C  err 0x00
>>> pos 30
id 30  pos  3156  spd   -50  load   80  12.0 V  33 C  err 0x00
>>> pos 30
id 30  pos  3152  spd  -100  load   80  12.0 V  33 C  err 0x00
>>> pos 30
id 30  pos  3149  spd   -50  load   80  12.1 V  33 C  err 0x00
>>> pos 30
id 30  pos  3145  spd  -150  load   48  12.1 V  33 C  err 0x00
>>> pos 30
id 30  pos  3143  spd  -100  load  112  12.1 V  33 C  err 0x00
>>> pos 30
id 30  pos  3139  spd  -100  load   80  12.1 V  33 C  err 0x00
>>> pos 30
id 30  pos  3136  spd  -100  load   80  12.0 V  33 C  err 0x00
>>> pos 30
id 30  pos  3132  spd  -100  load   80  12.1 V  33 C  err 0x00
>>> pos 30
id 30  pos  3129  spd  -100  load   80  12.1 V  33 C  err 0x00
>>> pos 30
id 30  pos  3125  spd  -100  load   48  12.1 V  33 C  err 0x00
>>> pos 30
id 30  pos  3123  spd  -100  load   80  12.1 V  33 C  err 0x00
>>> pos 30
id 30  pos  3119  spd   -50  load   80  12.1 V  33 C  err 0x00
>>> pos 30
id 30  pos  3116  spd  -100  load   80  12.1 V  33 C  err 0x00
>>> pos 30
id 30  pos  3112  spd  -150  load   48  12.1 V  33 C  err 0x00
>>> pos 30
id 30  pos  3109  spd  -100  load   80  12.1 V  33 C  err 0x00
>>> pos 30
id 30  pos  3106  spd  -100  load   80  12.1 V  33 C  err 0x00
>>> pos 30
id 30  pos  3102  spd  -100  load   48  12.1 V  33 C  err 0x00
>>> pos 30
id 30  pos  3099  spd  -100  load   80  12.1 V  33 C  err 0x00
>>> pos 30
id 30  pos  3096  spd  -100  load   80  12.1 V  33 C  err 0x00
>>> pos 30
id 30  pos  3093  spd  -100  load   80  12.0 V  33 C  err 0x00
>>> pos 30
id 30  pos  3089  spd  -100  load   80  12.1 V  33 C  err 0x00
>>> pos 30
id 30  pos  3086  spd  -100  load   80  12.1 V  33 C  err 0x00
>>> pos 30
id 30  pos  3082  spd  -100  load   48  12.1 V  33 C  err 0x00
>>> pos 30
id 30  pos  3080  spd  -100  load  112  12.1 V  33 C  err 0x00
>>> pos 30
id 30  pos  3075  spd  -150  load   48  12.1 V  33 C  err 0x00
>>> pos 30
id 30  pos  3073  spd   -50  load   80  12.1 V  33 C  err 0x00
>>> pos 30
id 30  pos  3070  spd   -50  load   80  12.1 V  33 C  err 0x00
>>> pos 30
id 30  pos  3066  spd  -100  load   80  12.1 V  33 C  err 0x00
>>> pos 30
id 30  pos  3063  spd  -150  load   80  12.1 V  33 C  err 0x00
>>> pos 30
id 30  pos  3059  spd  -100  load   48  12.1 V  33 C  err 0x00
>>> pos 30
id 30  pos  3056  spd   -50  load   80  12.1 V  33 C  err 0x00
>>> pos 30
id 30  pos  3053  spd  -100  load   80  12.0 V  33 C  err 0x00
>>> pos 30
id 30  pos  3050  spd   -50  load   80  12.1 V  33 C  err 0x00
>>> pos 30
id 30  pos  3046  spd  -150  load   80  12.1 V  33 C  err 0x00
>>> pos 30
id 30  pos  3043  spd   -50  load   80  12.0 V  33 C  err 0x00
>>> pos 30
id 30  pos  3039  spd  -150  load   48  12.1 V  33 C  err 0x00
>>> pos 30
id 30  pos  3037  spd   -50  load  112  12.1 V  33 C  err 0x00
>>> pos 30
id 30  pos  3033  spd  -100  load   80  12.1 V  33 C  err 0x00
>>> pos 30
id 30  pos  3030  spd  -100  load   80  12.1 V  33 C  err 0x00
>>> pos 30
id 30  pos  3026  spd  -100  load   80  12.1 V  33 C  err 0x00
>>> pos 30
id 30  pos  3023  spd  -100  load   80  12.1 V  33 C  err 0x00
>>> pos 30
id 30  pos  3020  spd   -50  load   80  12.1 V  33 C  err 0x00
>>> pos 30
id 30  pos  3016  spd  -100  load   48  12.1 V  33 C  err 0x00
>>> pos 30
id 30  pos  3013  spd  -100  load   80  12.0 V  33 C  err 0x00
>>> pos 30
id 30  pos  3010  spd  -100  load   80  12.1 V  33 C  err 0x00
>>> pos 30
id 30  pos  3007  spd   -50  load   80  12.1 V  33 C  err 0x00
>>> pos 30
id 30  pos  3003  spd  -150  load   80  12.1 V  33 C  err 0x00
>>> pos 30
id 30  pos  3000  spd  -100  load   80  12.1 V  33 C  err 0x00
>>> pos 30
id 30  pos  2997  spd  -100  load   80  12.1 V  33 C  err 0x00
>>> pos 30
id 30  pos  2994  spd   -50  load  112  12.1 V  33 C  err 0x00
>>> pos 30
id 30  pos  2990  spd  -100  load   80  12.1 V  33 C  err 0x00
>>> pos 30
id 30  pos  2987  spd   -50  load   80  12.1 V  33 C  err 0x00
>>> pos 30
id 30  pos  2983  spd  -150  load   80  12.1 V  33 C  err 0x00
>>> pos 30
id 30  pos  2981  spd   -50  load  112  12.1 V  33 C  err 0x00
>>> pos 30
id 30  pos  2976  spd  -150  load   48  12.1 V  33 C  err 0x00
>>> pos 30
id 30  pos  2974  spd  -100  load  112  12.1 V  33 C  err 0x00
>>> pos 30
id 30  pos  2970  spd  -150  load   80  12.1 V  33 C  err 0x00
>>> pos 30
id 30  pos  2967  spd  -100  load   80  12.1 V  33 C  err 0x00
>>> pos 30
id 30  pos  2963  spd   -50  load   80  12.1 V  33 C  err 0x00
>>> pos 30
id 30  pos  2960  spd  -100  load   80  12.1 V  33 C  err 0x00
>>> pos 30
id 30  pos  2957  spd  -100  load   80  12.1 V  33 C  err 0x00
>>> pos 30
id 30  pos  2954  spd  -150  load   80  12.1 V  33 C  err 0x00
>>> pos 30
id 30  pos  2950  spd   -50  load   80  12.1 V  33 C  err 0x00
>>> pos 30
id 30  pos  2947  spd  -100  load   80  12.1 V  33 C  err 0x00
>>> pos 30
id 30  pos  2944  spd   -50  load   80  12.1 V  33 C  err 0x00
>>> pos 30
id 30  pos  2940  spd  -150  load   80  12.1 V  33 C  err 0x00
>>> pos 30
id 30  pos  2938  spd   -50  load  112  12.0 V  33 C  err 0x00
>>> pos 30
id 30  pos  2934  spd  -100  load   80  12.1 V  33 C  err 0x00
>>> pos 30
id 30  pos  2931  spd  -100  load  112  12.1 V  33 C  err 0x00
>>> pos 30
id 30  pos  2927  spd  -150  load   80  12.1 V  33 C  err 0x00
>>> pos 30
id 30  pos  2924  spd  -100  load   80  12.1 V  33 C  err 0x00
>>> pos 30
id 30  pos  2920  spd  -150  load   80  12.1 V  33 C  err 0x00
>>> pos 30
id 30  pos  2918  spd   -50  load  112  12.1 V  33 C  err 0x00
>>> pos 30
id 30  pos  2913  spd  -150  load   48  12.1 V  33 C  err 0x00
>>> pos 30
id 30  pos  2911  spd   -50  load  112  12.1 V  33 C  err 0x00
>>> pos 30
id 30  pos  2907  spd  -150  load   80  12.1 V  33 C  err 0x00
>>> pos 30
id 30  pos  2905  spd  -100  load  112  12.1 V  33 C  err 0x00
>>> pos 30
id 30  pos  2900  spd  -150  load   48  12.1 V  33 C  err 0x00
>>> pos 30
id 30  pos  2898  spd  -100  load  112  12.1 V  33 C  err 0x00
>>> pos 30
id 30  pos  2894  spd  -100  load   80  12.1 V  33 C  err 0x00
>>> pos 30
id 30  pos  2891  spd  -100  load   80  12.1 V  33 C  err 0x00
>>> pos 30
id 30  pos  2888  spd  -100  load  112  12.1 V  33 C  err 0x00
>>> pos 30
id 30  pos  2884  spd  -100  load   80  12.1 V  33 C  err 0x00
>>> pos 30
id 30  pos  2881  spd   -50  load   80  12.1 V  33 C  err 0x00
>>> pos 30
id 30  pos  2877  spd  -150  load   80  12.1 V  33 C  err 0x00
>>> pos 30
id 30  pos  2875  spd   -50  load  112  12.1 V  33 C  err 0x00
>>> pos 30
id 30  pos  2870  spd  -150  load   48  12.1 V  33 C  err 0x00
>>> pos 30
id 30  pos  2868  spd  -100  load  112  12.0 V  33 C  err 0x00
>>> pos 30
id 30  pos  2864  spd  -100  load   80  12.1 V  33 C  err 0x00
>>> pos 30
id 30  pos  2861  spd   -50  load   80  12.1 V  33 C  err 0x00
>>> pos 30
id 30  pos  2857  spd  -100  load   80  12.0 V  33 C  err 0x00
>>> pos 30
id 30  pos  2854  spd  -100  load   80  12.1 V  33 C  err 0x00
>>> pos 30
id 30  pos  2851  spd  -100  load   80  12.1 V  33 C  err 0x00
>>> pos 30
id 30  pos  2848  spd  -150  load   80  12.1 V  33 C  err 0x00
>>> pos 30
id 30  pos  2845  spd  -100  load  112  12.1 V  34 C  err 0x00
>>> pos 30
id 30  pos  2841  spd  -100  load   80  12.1 V  33 C  err 0x00
>>> pos 30
id 30  pos  2839  spd   -50  load  112  12.1 V  33 C  err 0x00
>>> pos 30
id 30  pos  2834  spd  -150  load   80  12.1 V  33 C  err 0x00
>>> pos 30
id 30  pos  2833  spd     0  load  144  12.1 V  33 C  err 0x00
>>> pos 30
id 30  pos  2827  spd  -150  load   48  12.1 V  33 C  err 0x00
>>> pos 30
id 30  pos  2825  spd   -50  load  112  12.1 V  33 C  err 0x00
>>> pos 30
id 30  pos  2821  spd  -200  load   80  12.1 V  33 C  err 0x00
>>> pos 30
id 30  pos  2818  spd  -150  load   80  12.1 V  33 C  err 0x00
>>> pos 30
id 30  pos  2815  spd   -50  load  112  12.1 V  33 C  err 0x00
>>> pos 30
id 30  pos  2811  spd  -100  load   80  12.1 V  33 C  err 0x00
>>> pos 30
id 30  pos  2809  spd   -50  load  112  12.1 V  33 C  err 0x00
>>> pos 30
id 30  pos  2804  spd  -150  load   80  12.1 V  33 C  err 0x00
>>> pos 30
id 30  pos  2802  spd  -100  load  112  12.1 V  33 C  err 0x00
>>> pos 30
id 30  pos  2798  spd  -150  load   80  12.1 V  34 C  err 0x00
>>> pos 30
id 30  pos  2795  spd  -100  load  112  12.1 V  33 C  err 0x00
>>> pos 30
id 30  pos  2792  spd   -50  load  112  12.1 V  33 C  err 0x00
>>> pos 30
id 30  pos  2788  spd  -100  load   80  12.1 V  33 C  err 0x00
>>> pos 30
id 30  pos  2785  spd  -100  load   80  12.1 V  33 C  err 0x00
>>> pos 30
id 30  pos  2782  spd   -50  load  112  12.1 V  33 C  err 0x00
>>> pos 30
id 30  pos  2778  spd  -150  load   80  12.1 V  33 C  err 0x00
>>> pos 30
id 30  pos  2776  spd   -50  load  112  12.0 V  33 C  err 0x00
>>> pos 30
id 30  pos  2771  spd  -100  load   80  12.0 V  33 C  err 0x00
>>> pos 30
id 30  pos  2769  spd   -50  load  112  12.1 V  33 C  err 0x00
>>> pos 30
id 30  pos  2765  spd  -150  load   80  12.1 V  33 C  err 0x00
>>> pos 30
id 30  pos  2762  spd  -100  load  112  12.1 V  33 C  err 0x00
>>> pos 30
id 30  pos  2758  spd  -100  load   80  12.1 V  33 C  err 0x00
>>> pos 30
id 30  pos  2755  spd   -50  load   80  12.1 V  33 C  err 0x00
>>> pos 30
id 30  pos  2752  spd  -100  load  112  12.1 V  33 C  err 0x00
>>> pos 30
id 30  pos  2749  spd  -100  load  112  12.1 V  33 C  err 0x00
>>> pos 30
id 30  pos  2745  spd  -100  load   80  12.1 V  33 C  err 0x00
>>> pos 30
id 30  pos  2742  spd  -150  load  112  12.1 V  33 C  err 0x00
>>> pos 30
id 30  pos  2739  spd  -100  load  112  12.1 V  33 C  err 0x00
>>> pos 30
id 30  pos  2735  spd  -100  load   80  12.1 V  33 C  err 0x00
>>> pos 30
id 30  pos  2732  spd   -50  load   80  12.1 V  33 C  err 0x00
>>> pos 30
id 30  pos  2728  spd  -150  load   80  12.1 V  33 C  err 0x00
>>> pos 30
id 30  pos  2726  spd  -100  load  112  12.1 V  33 C  err 0x00
>>> pos 30
id 30  pos  2722  spd  -150  load   80  12.1 V  33 C  err 0x00
>>> pos 30
id 30  pos  2719  spd   -50  load  112  12.1 V  33 C  err 0x00
>>> pos 30
id 30  pos  2715  spd  -100  load   80  12.1 V  33 C  err 0x00
>>> pos 30
id 30  pos  2712  spd   -50  load   80  12.1 V  33 C  err 0x00
>>> pos 30
id 30  pos  2708  spd  -150  load   80  12.1 V  33 C  err 0x00
>>> pos 30
id 30  pos  2706  spd  -100  load  112  12.1 V  33 C  err 0x00
>>> pos 30
id 30  pos  2702  spd  -100  load   80  12.1 V  33 C  err 0x00
>>> pos 30
id 30  pos  2699  spd   -50  load  112  12.1 V  33 C  err 0x00
>>> pos 30
id 30  pos  2695  spd  -150  load   80  12.1 V  33 C  err 0x00
>>> pos 30
id 30  pos  2692  spd  -100  load   80  12.1 V  33 C  err 0x00
>>> pos 30
id 30  pos  2689  spd   -50  load  112  12.1 V  33 C  err 0x00
>>> pos 30
id 30  pos  2685  spd  -100  load   80  12.1 V  33 C  err 0x00
>>> pos 30
id 30  pos  2683  spd   -50  load  112  12.1 V  33 C  err 0x00
>>> pos 30
id 30  pos  2679  spd  -150  load   80  12.1 V  33 C  err 0x00
>>> pos 30
id 30  pos  2676  spd  -100  load  112  12.1 V  33 C  err 0x00
>>> pos 30
id 30  pos  2672  spd  -150  load   80  12.1 V  33 C  err 0x00
>>> pos 30
id 30  pos  2669  spd   -50  load   80  12.1 V  33 C  err 0x00
>>> pos 30
id 30  pos  2665  spd  -100  load   80  12.1 V  33 C  err 0x00
>>> pos 30
id 30  pos  2662  spd   -50  load   80  12.0 V  33 C  err 0x00
>>> pos 30
id 30  pos  2659  spd  -100  load   80  12.0 V  33 C  err 0x00
>>> pos 30
id 30  pos  2656  spd  -150  load  112  12.1 V  33 C  err 0x00
>>> pos 30
id 30  pos  2653  spd  -100  load  112  12.1 V  33 C  err 0x00
>>> pos 30
id 30  pos  2649  spd  -100  load   80  12.1 V  33 C  err 0x00
>>> pos 30
id 30  pos  2646  spd   -50  load  112  12.1 V  33 C  err 0x00
>>> pos 30
id 30  pos  2642  spd  -100  load   80  12.0 V  33 C  err 0x00
>>> pos 30
id 30  pos  2639  spd  -100  load   80  12.1 V  33 C  err 0x00
>>> pos 30
id 30  pos  2636  spd  -150  load  112  12.1 V  33 C  err 0x00
>>> pos 30
id 30  pos  2633  spd     0  load  112  12.1 V  33 C  err 0x00
>>> pos 30
id 30  pos  2629  spd  -150  load   80  12.1 V  33 C  err 0x00
>>> pos 30
id 30  pos  2626  spd   -50  load   80  12.1 V  33 C  err 0x00
>>> pos 30
id 30  pos  2622  spd  -100  load   80  12.1 V  33 C  err 0x00
>>> pos 30
id 30  pos  2620  spd  -100  load  112  12.0 V  33 C  err 0x00
>>> pos 30
id 30  pos  2615  spd  -150  load   48  12.1 V  33 C  err 0x00
>>> pos 30
id 30  pos  2613  spd   -50  load  112  12.1 V  33 C  err 0x00
>>> pos 30
id 30  pos  2609  spd  -150  load   80  12.0 V  33 C  err 0x00
>>> pos 30
id 30  pos  2607  spd  -100  load  112  12.1 V  34 C  err 0x00
>>> pos 30
id 30  pos  2602  spd  -100  load   80  12.1 V  33 C  err 0x00
>>> pos 30
id 30  pos  2600  spd   -50  load  112  12.1 V  33 C  err 0x00
>>> pos 30
id 30  pos  2596  spd  -100  load   80  12.1 V  33 C  err 0x00
>>> pos 30
id 30  pos  2593  spd  -100  load  112  12.1 V  33 C  err 0x00
>>> pos 30
id 30  pos  2589  spd  -150  load   80  12.1 V  33 C  err 0x00
>>> pos 30
id 30  pos  2586  spd  -100  load   80  12.1 V  33 C  err 0x00
>>> pos 30
id 30  pos  2583  spd  -100  load  112  12.1 V  33 C  err 0x00
>>> pos 30
id 30  pos  2579  spd  -100  load   80  12.0 V  34 C  err 0x00
>>> pos 30
id 30  pos  2577  spd   -50  load  112  12.1 V  33 C  err 0x00
>>> pos 30
id 30  pos  2572  spd  -150  load   80  12.1 V  33 C  err 0x00
>>> pos 30
id 30  pos  2570  spd   -50  load  112  12.1 V  33 C  err 0x00
>>> pos 30
id 30  pos  2566  spd  -150  load   80  12.1 V  33 C  err 0x00
>>> pos 30
id 30  pos  2563  spd   -50  load   80  12.0 V  33 C  err 0x00
>>> pos 30
id 30  pos  2559  spd  -150  load   80  12.1 V  33 C  err 0x00
>>> pos 30
id 30  pos  2557  spd   -50  load  112  12.1 V  33 C  err 0x00
>>> pos 30
id 30  pos  2553  spd  -150  load   80  12.1 V  33 C  err 0x00
>>> pos 30
id 30  pos  2550  spd   -50  load  112  12.1 V  33 C  err 0x00
>>> pos 30
id 30  pos  2546  spd  -150  load   80  12.1 V  33 C  err 0x00
>>> pos 30
id 30  pos  2543  spd   -50  load   80  12.1 V  33 C  err 0x00
>>> pos 30
id 30  pos  2540  spd  -100  load  112  12.1 V  33 C  err 0x00
>>> pos 30
id 30  pos  2537  spd  -100  load  112  12.1 V  33 C  err 0x00
>>> pos 30
id 30  pos  2534  spd   -50  load  112  12.1 V  33 C  err 0x00
>>> pos 30
id 30  pos  2530  spd  -100  load   80  12.1 V  33 C  err 0x00
>>> pos 30
id 30  pos  2528  spd   -50  load  112  12.0 V  33 C  err 0x00
>>> pos 30
id 30  pos  2524  spd  -150  load   80  12.1 V  33 C  err 0x00
>>> pos 30
id 30  pos  2522  spd   -50  load   80  12.1 V  34 C  err 0x00
>>> pos 30
id 30  pos  2519  spd   -50  load   48  12.0 V  33 C  err 0x00
>>> pos 30
id 30  pos  2518  spd   -50  load   80  12.1 V  33 C  err 0x00
>>> pos 30
id 30  pos  2516  spd   -50  load   80  12.1 V  33 C  err 0x00
>>> pos 30
id 30  pos  2515  spd     0  load  112  12.1 V  33 C  err 0x00
>>> pos 30
id 30  pos  2514  spd     0  load  144  12.0 V  33 C  err 0x00
>>> pos 30
id 30  pos  2509  spd  -200  load    0  12.1 V  33 C  err 0x00
>>> pos 30
id 30  pos  2509  spd     0  load   48  12.1 V  33 C  err 0x00
>>> pos 30
id 30  pos  2509  spd     0  load   48  12.1 V  33 C  err 0x00
>>> pos 30
id 30  pos  2509  spd     0  load   48  12.1 V  33 C  err 0x00
>>> pos 30
id 30  pos  2509  spd     0  load   48  12.1 V  33 C  err 0x00
>>> pos 30
id 30  pos  2509  spd     0  load   48  12.1 V  33 C  err 0x00
>>> pos 30
id 30  pos  2509  spd     0  load   48  12.1 V  33 C  err 0x00
>>> pos 30
id 30  pos  2509  spd     0  load   48  12.1 V  33 C  err 0x00
>>> pos 30
id 30  pos  2509  spd     0  load   48  12.1 V  33 C  err 0x00
>>> pos 30
id 30  pos  2509  spd     0  load   48  12.1 V  33 C  err 0x00
>>> pos 30
id 30  pos  2509  spd     0  load   48  12.1 V  33 C  err 0x00
>>> pos 30
id 30  pos  2509  spd     0  load   48  12.0 V  33 C  err 0x00
>>> pos 30
id 30  pos  2509  spd     0  load   48  12.1 V  33 C  err 0x00
>>> pos 30
id 30  pos  2509  spd     0  load   48  12.0 V  33 C  err 0x00
>>> pos 30
id 30  pos  2509  spd     0  load   48  12.1 V  33 C  err 0x00
>>> pos 30
id 30  pos  2509  spd     0  load   48  12.1 V  33 C  err 0x00
>>> pos 30
id 30  pos  2509  spd     0  load   48  12.1 V  33 C  err 0x00
>>> pos 30
id 30  pos  2509  spd     0  load   48  12.1 V  33 C  err 0x00
>>> pos 30
id 30  pos  2509  spd     0  load   48  12.1 V  33 C  err 0x00
>>> pos 30
id 30  pos  2509  spd     0  load   48  12.1 V  33 C  err 0x00
>>> pos 30
id 30  pos  2509  spd     0  load   48  12.1 V  33 C  err 0x00
>>> pos 30
id 30  pos  2509  spd     0  load   48  12.1 V  33 C  err 0x00
>>> pos 30
id 30  pos  2509  spd     0  load   48  12.1 V  33 C  err 0x00
>>> pos 30
id 30  pos  2509  spd     0  load   48  12.1 V  33 C  err 0x00
>>> pos 30
id 30  pos  2509  spd     0  load   48  12.1 V  33 C  err 0x00
>>> pos 30
id 30  pos  2509  spd     0  load   48  12.1 V  33 C  err 0x00
>>> pos 30
id 30  pos  2509  spd     0  load   48  12.1 V  33 C  err 0x00
>>> pos 30
id 30  pos  2509  spd     0  load   48  12.1 V  33 C  err 0x00
>>> pos 30
id 30  pos  2509  spd     0  load   48  12.1 V  33 C  err 0x00
>>> pos 30
id 30  pos  2509  spd     0  load   48  12.1 V  33 C  err 0x00
>>> pos 30
id 30  pos  2509  spd     0  load   48  12.1 V  33 C  err 0x00
>>> pos 30
id 30  pos  2509  spd     0  load   48  12.1 V  33 C  err 0x00
>>> pos 30
id 30  pos  2509  spd     0  load   48  12.1 V  33 C  err 0x00
>>> pos 30
id 30  pos  2509  spd     0  load   48  12.1 V  33 C  err 0x00
>>> pos 30
id 30  pos  2509  spd     0  load   48  12.0 V  33 C  err 0x00
>>> pos 30
id 30  pos  2509  spd     0  load   48  12.1 V  33 C  err 0x00
>>> pos 30
id 30  pos  2509  spd     0  load   48  12.1 V  33 C  err 0x00
>>> pos 30
id 30  pos  2509  spd     0  load   48  12.1 V  33 C  err 0x00
>>> pos 30
id 30  pos  2509  spd     0  load   48  12.1 V  33 C  err 0x00
>>> pos 30
id 30  pos  2509  spd     0  load   48  12.1 V  33 C  err 0x00
>>> pos 30
id 30  pos  2509  spd     0  load   48  12.1 V  33 C  err 0x00
>>> pos 30
id 30  pos  2509  spd     0  load   48  12.1 V  33 C  err 0x00
>>> pos 30
id 30  pos  2509  spd     0  load   48  12.1 V  33 C  err 0x00
>>> pos 30
id 30  pos  2509  spd     0  load   48  12.1 V  33 C  err 0x00
>>> pos 30
id 30  pos  2509  spd     0  load   48  12.1 V  33 C  err 0x00
>>> pos 30
id 30  pos  2509  spd     0  load   48  12.1 V  33 C  err 0x00
>>> pos 30
id 30  pos  2509  spd     0  load   48  12.1 V  33 C  err 0x00
>>> pos 30
id 30  pos  2509  spd     0  load   48  12.1 V  33 C  err 0x00
>>> pos 30
id 30  pos  2509  spd     0  load   48  12.0 V  33 C  err 0x00
>>> pos 30
id 30  pos  2509  spd     0  load   48  12.1 V  33 C  err 0x00
>>> pos 30
id 30  pos  2509  spd     0  load   48  12.1 V  33 C  err 0x00
>>> pos 30
id 30  pos  2509  spd     0  load   48  12.1 V  33 C  err 0x00
>>> pos 30
id 30  pos  2509  spd     0  load   48  12.1 V  33 C  err 0x00
>>> pos 30
id 30  pos  2509  spd     0  load   48  12.1 V  33 C  err 0x00
>>> pos 30
id 30  pos  2509  spd     0  load   48  12.1 V  33 C  err 0x00
>>> pos 30
id 30  pos  2509  spd     0  load   48  12.1 V  33 C  err 0x00
>>> pos 30
id 30  pos  2509  spd     0  load   48  12.1 V  33 C  err 0x00
>>> pos 30
id 30  pos  2509  spd     0  load   48  12.1 V  33 C  err 0x00
>>> pos 30
id 30  pos  2509  spd     0  load   48  12.1 V  33 C  err 0x00
>>> pos 30
id 30  pos  2509  spd     0  load   48  12.1 V  33 C  err 0x00
>>> pos 30
id 30  pos  2509  spd     0  load   48  12.0 V  33 C  err 0x00
>>> pos 30
id 30  pos  2509  spd     0  load   48  12.1 V  33 C  err 0x00
>>> pos 30
id 30  pos  2509  spd     0  load   48  12.1 V  33 C  err 0x00
>>> pos 30
id 30  pos  2509  spd     0  load   48  12.0 V  33 C  err 0x00
>>> pos 30
id 30  pos  2509  spd     0  load   48  12.1 V  33 C  err 0x00
>>> pos 30
id 30  pos  2509  spd     0  load   48  12.1 V  33 C  err 0x00
>>> pos 30
id 30  pos  2509  spd     0  load   48  12.1 V  33 C  err 0x00
>>> pos 30
id 30  pos  2509  spd     0  load   48  12.1 V  35 C  err 0x00
>>> pos 30
id 30  pos  2509  spd     0  load   48  12.1 V  33 C  err 0x00
>>> pos 30
id 30  pos  2509  spd     0  load   48  12.1 V  33 C  err 0x00
>>> pos 30
id 30  pos  2509  spd     0  load   48  12.1 V  33 C  err 0x00
>>> pos 30
id 30  pos  2509  spd     0  load   48  12.1 V  33 C  err 0x00
>>> pos 30
id 30  pos  2509  spd     0  load   48  12.1 V  33 C  err 0x00
>>> pos 30
id 30  pos  2509  spd     0  load   48  12.1 V  33 C  err 0x00
>>> pos 30
id 30  pos  2509  spd     0  load   48  12.1 V  33 C  err 0x00
>>> pos 30
id 30  pos  2509  spd     0  load   48  12.1 V  33 C  err 0x00
>>> pos 30
id 30  pos  2509  spd     0  load   48  12.1 V  33 C  err 0x00
>>> pos 30
id 30  pos  2509  spd     0  load   48  12.1 V  33 C  err 0x00
>>> pos 30
id 30  pos  2509  spd     0  load   48  12.1 V  33 C  err 0x00
>>> pos 30
id 30  pos  2509  spd     0  load   48  12.1 V  33 C  err 0x00
>>> pos 30
id 30  pos  2509  spd     0  load   48  12.0 V  33 C  err 0x00
>>> pos 30
id 30  pos  2509  spd     0  load   48  12.1 V  33 C  err 0x00
>>> pos 30
id 30  pos  2509  spd     0  load   48  12.1 V  33 C  err 0x00
>>> pos 30
id 30  pos  2509  spd     0  load   48  12.0 V  33 C  err 0x00
>>> pos 30
id 30  pos  2509  spd     0  load   48  12.1 V  33 C  err 0x00
>>> pos 30
id 30  pos  2509  spd     0  load   48  12.1 V  33 C  err 0x00
>>> pos 30
id 30  pos  2509  spd     0  load   48  12.1 V  33 C  err 0x00
>>> pos 30
id 30  pos  2509  spd     0  load   48  12.1 V  33 C  err 0x00
>>> pos 30
id 30  pos  2509  spd     0  load   48  12.1 V  33 C  err 0x00
>>> pos 30
id 30  pos  2509  spd     0  load   48  12.1 V  33 C  err 0x00
>>> pos 30
id 30  pos  2509  spd     0  load   48  12.1 V  33 C  err 0x00
>>> pos 30
id 30  pos  2509  spd     0  load   48  12.1 V  33 C  err 0x00
>>> pos 30
id 30  pos  2509  spd     0  load   48  12.1 V  33 C  err 0x00
>>> pos 30
id 30  pos  2509  spd     0  load   48  12.1 V  33 C  err 0x00
>>> pos 30
id 30  pos  2509  spd     0  load   48  12.1 V  33 C  err 0x00
>>> pos 30
id 30  pos  2509  spd     0  load   48  12.1 V  33 C  err 0x00
>>> pos 30
id 30  pos  2509  spd     0  load   48  12.0 V  33 C  err 0x00
>>> pos 30
id 30  pos  2509  spd     0  load   48  12.1 V  33 C  err 0x00
>>> pos 30
id 30  pos  2509  spd     0  load   48  12.1 V  33 C  err 0x00
>>> pos 30
id 30  pos  2509  spd     0  load   48  12.1 V  33 C  err 0x00
>>> pos 30
id 30  pos  2509  spd     0  load   48  12.1 V  33 C  err 0x00
>>> pos 30
id 30  pos  2509  spd     0  load   48  12.1 V  33 C  err 0x00
>>> pos 30
id 30  pos  2509  spd     0  load   48  12.1 V  33 C  err 0x00
>>> pos 30
id 30  pos  2509  spd     0  load   48  12.1 V  33 C  err 0x00
  travel 3531->2507: spd 100 (sd 71, -150..350), backward samples 17/295, load -48..176, end overshoot 0, residual range 0, err 0
>>> pos 30
id 30  pos  2509  spd     0  load   48  12.1 V  33 C  err 0x00
>>> pos 30
id 30  pos  2509  spd     0  load   48  12.1 V  33 C  err 0x00
>>> pos 30
id 30  pos  2509  spd     0  load   48  12.1 V  33 C  err 0x00
>>> pos 30
id 30  pos  2509  spd     0  load   48  12.1 V  33 C  err 0x00
>>> pos 30
id 30  pos  2509  spd     0  load   48  12.1 V  33 C  err 0x00
>>> pos 30
id 30  pos  2509  spd     0  load   48  12.1 V  33 C  err 0x00
>>> pos 30
id 30  pos  2509  spd     0  load   48  12.1 V  33 C  err 0x00
>>> pos 30
id 30  pos  2509  spd     0  load   48  12.1 V  33 C  err 0x00
>>> pos 30
id 30  pos  2509  spd     0  load   48  12.1 V  33 C  err 0x00
>>> pos 30
id 30  pos  2509  spd     0  load   48  12.1 V  33 C  err 0x00
>>> pos 30
id 30  pos  2509  spd     0  load   48  12.1 V  33 C  err 0x00
>>> pos 30
id 30  pos  2509  spd     0  load   48  12.1 V  33 C  err 0x00
>>> pos 30
id 30  pos  2509  spd     0  load   48  12.1 V  33 C  err 0x00
>>> pos 30
id 30  pos  2509  spd     0  load   48  12.1 V  33 C  err 0x00
>>> pos 30
id 30  pos  2509  spd     0  load   48  12.1 V  33 C  err 0x00
>>> pos 30
id 30  pos  2509  spd     0  load   48  12.1 V  33 C  err 0x00
>>> pos 30
id 30  pos  2509  spd     0  load   48  12.1 V  33 C  err 0x00
>>> pos 30
id 30  pos  2509  spd     0  load   48  12.0 V  33 C  err 0x00
>>> pos 30
id 30  pos  2509  spd     0  load   48  12.1 V  33 C  err 0x00
>>> pos 30
id 30  pos  2509  spd     0  load   48  12.1 V  33 C  err 0x00
>>> pos 30
id 30  pos  2509  spd     0  load   48  12.1 V  33 C  err 0x00
>>> pos 30
id 30  pos  2509  spd     0  load   48  12.0 V  33 C  err 0x00
>>> pos 30
id 30  pos  2509  spd     0  load   48  12.1 V  33 C  err 0x00
>>> pos 30
id 30  pos  2509  spd     0  load   48  12.1 V  33 C  err 0x00
>>> pos 30
id 30  pos  2509  spd     0  load   48  12.1 V  33 C  err 0x00
>>> pos 30
id 30  pos  2509  spd     0  load   48  12.1 V  33 C  err 0x00
>>> pos 30
id 30  pos  2509  spd     0  load   48  12.1 V  33 C  err 0x00
>>> pos 30
id 30  pos  2509  spd     0  load   48  12.1 V  33 C  err 0x00
>>> pos 30
id 30  pos  2509  spd     0  load   48  12.1 V  33 C  err 0x00
>>> pos 30
id 30  pos  2509  spd     0  load   48  12.1 V  33 C  err 0x00
>>> pos 30
id 30  pos  2509  spd     0  load   48  12.1 V  33 C  err 0x00
>>> pos 30
id 30  pos  2509  spd     0  load   48  12.1 V  33 C  err 0x00
>>> pos 30
id 30  pos  2509  spd     0  load   48  12.0 V  33 C  err 0x00
>>> pos 30
id 30  pos  2509  spd     0  load   48  12.1 V  33 C  err 0x00
>>> pos 30
id 30  pos  2509  spd     0  load   48  12.1 V  33 C  err 0x00
>>> pos 30
id 30  pos  2509  spd     0  load   48  12.1 V  33 C  err 0x00
>>> pos 30
id 30  pos  2509  spd     0  load   48  12.1 V  33 C  err 0x00
>>> pos 30
id 30  pos  2509  spd     0  load   48  12.1 V  33 C  err 0x00
>>> pos 30
id 30  pos  2509  spd     0  load   48  12.1 V  33 C  err 0x00
>>> pos 30
id 30  pos  2509  spd     0  load   48  12.1 V  33 C  err 0x00
>>> pos 30
id 30  pos  2509  spd     0  load   48  12.1 V  33 C  err 0x00
>>> pos 30
id 30  pos  2509  spd     0  load   48  12.1 V  33 C  err 0x00
>>> pos 30
id 30  pos  2509  spd     0  load   48  12.1 V  33 C  err 0x00
>>> pos 30
id 30  pos  2509  spd     0  load   48  12.1 V  33 C  err 0x00
>>> pos 30
id 30  pos  2509  spd     0  load   48  12.0 V  33 C  err 0x00
>>> pos 30
id 30  pos  2509  spd     0  load   48  12.0 V  33 C  err 0x00
>>> pos 30
id 30  pos  2509  spd     0  load   48  12.1 V  33 C  err 0x00
>>> pos 30
id 30  pos  2509  spd     0  load   48  12.1 V  33 C  err 0x00
>>> pos 30
id 30  pos  2509  spd     0  load   48  12.1 V  33 C  err 0x00
>>> pos 30
id 30  pos  2509  spd     0  load   48  12.1 V  33 C  err 0x00
>>> pos 30
id 30  pos  2509  spd     0  load   48  12.0 V  33 C  err 0x00
>>> pos 30
id 30  pos  2509  spd     0  load   48  12.1 V  33 C  err 0x00
>>> pos 30
id 30  pos  2509  spd     0  load   48  12.1 V  33 C  err 0x00
>>> pos 30
id 30  pos  2509  spd     0  load   48  12.1 V  33 C  err 0x00
>>> pos 30
id 30  pos  2509  spd     0  load   48  12.1 V  33 C  err 0x00
>>> pos 30
id 30  pos  2509  spd     0  load   48  12.0 V  33 C  err 0x00
>>> pos 30
id 30  pos  2509  spd     0  load   48  12.1 V  33 C  err 0x00
>>> pos 30
id 30  pos  2509  spd     0  load   48  12.1 V  33 C  err 0x00
>>> pos 30
id 30  pos  2509  spd     0  load   48  12.0 V  33 C  err 0x00
>>> pos 30
id 30  pos  2509  spd     0  load   48  12.1 V  33 C  err 0x00
>>> pos 30
id 30  pos  2509  spd     0  load   48  12.1 V  33 C  err 0x00
>>> pos 30
id 30  pos  2509  spd     0  load   48  12.1 V  33 C  err 0x00
>>> pos 30
id 30  pos  2509  spd     0  load   48  12.1 V  33 C  err 0x00
>>> pos 30
id 30  pos  2509  spd     0  load   48  12.1 V  33 C  err 0x00
>>> pos 30
id 30  pos  2509  spd     0  load   48  12.1 V  33 C  err 0x00
>>> pos 30
id 30  pos  2509  spd     0  load   48  12.1 V  33 C  err 0x00
>>> pos 30
id 30  pos  2509  spd     0  load   48  12.1 V  33 C  err 0x00
>>> pos 30
id 30  pos  2509  spd     0  load   48  12.1 V  33 C  err 0x00
>>> pos 30
id 30  pos  2509  spd     0  load   48  12.1 V  33 C  err 0x00
>>> pos 30
id 30  pos  2509  spd     0  load   48  12.1 V  33 C  err 0x00
>>> pos 30
id 30  pos  2509  spd     0  load   48  12.1 V  33 C  err 0x00
>>> pos 30
id 30  pos  2509  spd     0  load   48  12.1 V  33 C  err 0x00
>>> pos 30
id 30  pos  2509  spd     0  load   48  12.1 V  33 C  err 0x00
>>> pos 30
id 30  pos  2509  spd     0  load   48  12.1 V  33 C  err 0x00
>>> pos 30
id 30  pos  2509  spd     0  load   48  12.0 V  33 C  err 0x00
>>> pos 30
id 30  pos  2509  spd     0  load   48  12.1 V  33 C  err 0x00
>>> pos 30
id 30  pos  2509  spd     0  load   48  12.1 V  33 C  err 0x00
>>> pos 30
id 30  pos  2509  spd     0  load   48  12.0 V  33 C  err 0x00
>>> pos 30
id 30  pos  2509  spd     0  load   48  12.1 V  33 C  err 0x00
>>> pos 30
id 30  pos  2509  spd     0  load   48  12.1 V  33 C  err 0x00
>>> pos 30
id 30  pos  2509  spd     0  load   48  12.1 V  33 C  err 0x00
>>> pos 30
id 30  pos  2509  spd     0  load   48  12.1 V  33 C  err 0x00
>>> pos 30
id 30  pos  2509  spd     0  load   48  12.1 V  33 C  err 0x00
>>> pos 30
id 30  pos  2509  spd     0  load   48  12.1 V  33 C  err 0x00
>>> pos 30
id 30  pos  2509  spd     0  load   48  12.1 V  33 C  err 0x00
>>> pos 30
id 30  pos  2509  spd     0  load   48  12.1 V  33 C  err 0x00
>>> pos 30
id 30  pos  2509  spd     0  load   48  12.1 V  33 C  err 0x00
>>> pos 30
id 30  pos  2509  spd     0  load   48  12.1 V  33 C  err 0x00
>>> pos 30
id 30  pos  2509  spd     0  load   48  12.1 V  33 C  err 0x00
>>> pos 30
id 30  pos  2509  spd     0  load   48  12.1 V  33 C  err 0x00
>>> pos 30
id 30  pos  2509  spd     0  load   48  12.1 V  33 C  err 0x00
>>> pos 30
id 30  pos  2509  spd     0  load   48  12.1 V  33 C  err 0x00
>>> pos 30
id 30  pos  2509  spd     0  load   48  12.1 V  33 C  err 0x00
>>> pos 30
id 30  pos  2509  spd     0  load   48  12.0 V  33 C  err 0x00
>>> pos 30
id 30  pos  2509  spd     0  load   48  12.1 V  33 C  err 0x00
>>> pos 30
id 30  pos  2509  spd     0  load   48  12.1 V  33 C  err 0x00
>>> pos 30
id 30  pos  2509  spd     0  load   48  12.1 V  33 C  err 0x00
>>> pos 30
id 30  pos  2509  spd     0  load   48  12.1 V  33 C  err 0x00
>>> pos 30
id 30  pos  2509  spd     0  load   48  12.1 V  33 C  err 0x00
>>> pos 30
id 30  pos  2509  spd     0  load   48  12.1 V  33 C  err 0x00
>>> pos 30
id 30  pos  2509  spd     0  load   48  12.1 V  33 C  err 0x00
>>> pos 30
id 30  pos  2509  spd     0  load   48  12.1 V  33 C  err 0x00
>>> pos 30
id 30  pos  2509  spd     0  load   48  12.1 V  33 C  err 0x00
>>> pos 30
id 30  pos  2509  spd     0  load   48  12.1 V  33 C  err 0x00
>>> pos 30
id 30  pos  2509  spd     0  load   48  12.1 V  33 C  err 0x00
>>> pos 30
id 30  pos  2509  spd     0  load   48  12.1 V  33 C  err 0x00
>>> pos 30
id 30  pos  2509  spd     0  load   48  12.1 V  33 C  err 0x00
>>> pos 30
id 30  pos  2509  spd     0  load   48  12.1 V  33 C  err 0x00
>>> pos 30
id 30  pos  2509  spd     0  load   48  12.1 V  33 C  err 0x00
>>> pos 30
id 30  pos  2509  spd     0  load   48  12.1 V  33 C  err 0x00
>>> pos 30
id 30  pos  2509  spd     0  load   48  12.1 V  33 C  err 0x00
>>> pos 30
id 30  pos  2509  spd     0  load   48  12.0 V  33 C  err 0x00
>>> pos 30
id 30  pos  2509  spd     0  load   48  12.1 V  33 C  err 0x00
>>> pos 30
id 30  pos  2509  spd     0  load   48  12.1 V  33 C  err 0x00
>>> pos 30
id 30  pos  2509  spd     0  load   48  12.1 V  33 C  err 0x00
>>> pos 30
id 30  pos  2509  spd     0  load   48  12.1 V  33 C  err 0x00
>>> pos 30
id 30  pos  2509  spd     0  load   48  12.1 V  33 C  err 0x00
>>> pos 30
id 30  pos  2509  spd     0  load   48  12.1 V  33 C  err 0x00
>>> pos 30
id 30  pos  2509  spd     0  load   48  12.1 V  33 C  err 0x00
>>> pos 30
id 30  pos  2509  spd     0  load   48  12.1 V  33 C  err 0x00
>>> pos 30
id 30  pos  2509  spd     0  load   48  12.1 V  33 C  err 0x00
>>> pos 30
id 30  pos  2509  spd     0  load   48  12.1 V  33 C  err 0x00
>>> pos 30
id 30  pos  2509  spd     0  load   48  12.0 V  33 C  err 0x00
>>> pos 30
id 30  pos  2509  spd     0  load   48  12.1 V  33 C  err 0x00
>>> pos 30
id 30  pos  2509  spd     0  load   48  12.1 V  33 C  err 0x00
>>> pos 30
id 30  pos  2509  spd     0  load   48  12.1 V  33 C  err 0x00
>>> pos 30
id 30  pos  2509  spd     0  load   48  12.1 V  33 C  err 0x00
>>> pos 30
id 30  pos  2509  spd     0  load   48  12.1 V  33 C  err 0x00
>>> pos 30
id 30  pos  2509  spd     0  load   48  12.1 V  33 C  err 0x00
>>> pos 30
id 30  pos  2509  spd     0  load   48  12.1 V  33 C  err 0x00
>>> pos 30
id 30  pos  2509  spd     0  load   48  12.0 V  33 C  err 0x00
>>> pos 30
id 30  pos  2509  spd     0  load   48  12.1 V  33 C  err 0x00
>>> pos 30
id 30  pos  2509  spd     0  load   48  12.0 V  33 C  err 0x00
>>> pos 30
id 30  pos  2509  spd     0  load   48  12.1 V  33 C  err 0x00
>>> pos 30
id 30  pos  2509  spd     0  load   48  12.1 V  33 C  err 0x00
>>> pos 30
id 30  pos  2509  spd     0  load   48  12.1 V  33 C  err 0x00
>>> pos 30
id 30  pos  2509  spd     0  load   48  12.1 V  33 C  err 0x00
>>> pos 30
id 30  pos  2509  spd     0  load   48  12.1 V  33 C  err 0x00
>>> pos 30
id 30  pos  2509  spd     0  load   48  12.1 V  33 C  err 0x00
>>> pos 30
id 30  pos  2509  spd     0  load   48  12.1 V  33 C  err 0x00
>>> pos 30
id 30  pos  2509  spd     0  load   48  12.1 V  33 C  err 0x00
>>> pos 30
id 30  pos  2509  spd     0  load   48  12.0 V  33 C  err 0x00
>>> pos 30
id 30  pos  2509  spd     0  load   48  12.1 V  33 C  err 0x00
>>> pos 30
id 30  pos  2509  spd     0  load   48  12.1 V  33 C  err 0x00
>>> pos 30
id 30  pos  2509  spd     0  load   48  12.1 V  33 C  err 0x00
>>> pos 30
id 30  pos  2509  spd     0  load   48  12.1 V  33 C  err 0x00
>>> pos 30
id 30  pos  2509  spd     0  load   48  12.1 V  33 C  err 0x00
>>> pos 30
id 30  pos  2509  spd     0  load   48  12.1 V  33 C  err 0x00
>>> pos 30
id 30  pos  2509  spd     0  load   48  12.1 V  33 C  err 0x00
>>> pos 30
id 30  pos  2509  spd     0  load   48  12.1 V  33 C  err 0x00
>>> pos 30
id 30  pos  2509  spd     0  load   48  12.1 V  33 C  err 0x00
>>> pos 30
id 30  pos  2509  spd     0  load   48  12.1 V  33 C  err 0x00
>>> pos 30
id 30  pos  2509  spd     0  load   48  12.1 V  33 C  err 0x00
  LEVEL quiet: pos +2.00, range 0, moving 0/152, load 48..48, err 0
>>> move 30 2530 0 100 2
move id 30 -> 2530 ticks, 0 ms, spd 100, acc 2: ok
>>> move 30 2507 0 100 2
move id 30 -> 2507 ticks, 0 ms, spd 100, acc 2: ok
>>> pos 30
id 30  pos  2531  spd     0  load   80  12.1 V  33 C  err 0x00
>>> pos 30
id 30  pos  2530  spd     0  load  112  12.1 V  33 C  err 0x00
>>> pos 30
id 30  pos  2527  spd  -100  load   80  12.1 V  33 C  err 0x00
>>> pos 30
id 30  pos  2525  spd   -50  load  112  12.1 V  33 C  err 0x00
>>> pos 30
id 30  pos  2522  spd  -100  load   80  11.9 V  33 C  err 0x00
>>> pos 30
id 30  pos  2521  spd   -50  load  112  12.1 V  33 C  err 0x00
>>> pos 30
id 30  pos  2517  spd  -100  load   48  12.1 V  33 C  err 0x00
>>> pos 30
id 30  pos  2516  spd  -100  load   80  12.1 V  33 C  err 0x00
>>> pos 30
id 30  pos  2515  spd   -50  load  112  12.1 V  33 C  err 0x00
>>> pos 30
id 30  pos  2513  spd  -100  load   80  12.1 V  33 C  err 0x00
>>> pos 30
id 30  pos  2511  spd  -100  load   80  12.0 V  33 C  err 0x00
>>> pos 30
id 30  pos  2510  spd     0  load   80  12.1 V  33 C  err 0x00
>>> pos 30
id 30  pos  2510  spd     0  load   80  12.1 V  33 C  err 0x00
>>> pos 30
id 30  pos  2510  spd     0  load   80  12.1 V  33 C  err 0x00
>>> pos 30
id 30  pos  2510  spd     0  load   80  12.1 V  33 C  err 0x00
>>> pos 30
id 30  pos  2510  spd     0  load   80  12.1 V  33 C  err 0x00
>>> pos 30
id 30  pos  2510  spd     0  load   80  12.1 V  33 C  err 0x00
>>> pos 30
id 30  pos  2510  spd     0  load   80  12.1 V  33 C  err 0x00
>>> pos 30
id 30  pos  2510  spd     0  load   80  12.1 V  33 C  err 0x00
>>> pos 30
id 30  pos  2510  spd     0  load   80  12.1 V  33 C  err 0x00
>>> pos 30
id 30  pos  2510  spd     0  load   80  12.1 V  33 C  err 0x00
>>> pos 30
id 30  pos  2510  spd     0  load   80  12.1 V  34 C  err 0x00
>>> pos 30
id 30  pos  2510  spd     0  load   80  12.1 V  33 C  err 0x00
>>> pos 30
id 30  pos  2510  spd     0  load   80  12.1 V  33 C  err 0x00
>>> pos 30
id 30  pos  2510  spd     0  load   80  12.1 V  33 C  err 0x00
>>> pos 30
id 30  pos  2510  spd     0  load   80  12.1 V  33 C  err 0x00
>>> pos 30
id 30  pos  2510  spd     0  load   80  12.0 V  33 C  err 0x00
>>> pos 30
id 30  pos  2510  spd     0  load   80  12.1 V  33 C  err 0x00
>>> pos 30
id 30  pos  2510  spd     0  load   80  12.1 V  33 C  err 0x00
>>> pos 30
id 30  pos  2510  spd     0  load   80  12.1 V  33 C  err 0x00
>>> pos 30
id 30  pos  2510  spd     0  load   80  12.1 V  33 C  err 0x00
>>> pos 30
id 30  pos  2510  spd     0  load   80  12.1 V  33 C  err 0x00
>>> pos 30
id 30  pos  2510  spd     0  load   80  12.1 V  33 C  err 0x00
>>> pos 30
id 30  pos  2510  spd     0  load   80  12.1 V  33 C  err 0x00
>>> pos 30
id 30  pos  2510  spd     0  load   80  12.1 V  33 C  err 0x00
>>> pos 30
id 30  pos  2510  spd     0  load   80  12.1 V  33 C  err 0x00
>>> pos 30
id 30  pos  2510  spd     0  load   80  12.0 V  33 C  err 0x00
>>> pos 30
id 30  pos  2510  spd     0  load   80  12.1 V  33 C  err 0x00
>>> pos 30
id 30  pos  2510  spd     0  load   80  12.1 V  33 C  err 0x00
>>> pos 30
id 30  pos  2510  spd     0  load   80  12.1 V  33 C  err 0x00
>>> pos 30
id 30  pos  2510  spd     0  load   80  12.1 V  34 C  err 0x00
>>> pos 30
id 30  pos  2510  spd     0  load   80  12.1 V  33 C  err 0x00
>>> pos 30
id 30  pos  2510  spd     0  load   80  12.1 V  33 C  err 0x00
>>> pos 30
id 30  pos  2510  spd     0  load   80  12.1 V  33 C  err 0x00
>>> pos 30
id 30  pos  2510  spd     0  load   80  12.1 V  33 C  err 0x00
>>> pos 30
id 30  pos  2510  spd     0  load   80  12.1 V  33 C  err 0x00
>>> pos 30
id 30  pos  2510  spd     0  load   80  12.1 V  33 C  err 0x00
>>> pos 30
id 30  pos  2510  spd     0  load   80  12.1 V  33 C  err 0x00
>>> pos 30
id 30  pos  2510  spd     0  load   80  12.1 V  33 C  err 0x00
>>> pos 30
id 30  pos  2510  spd     0  load   80  12.1 V  33 C  err 0x00
>>> pos 30
id 30  pos  2510  spd     0  load   80  12.1 V  33 C  err 0x00
>>> pos 30
id 30  pos  2510  spd     0  load   80  12.1 V  33 C  err 0x00
>>> pos 30
id 30  pos  2510  spd     0  load   80  12.1 V  33 C  err 0x00
>>> pos 30
id 30  pos  2510  spd     0  load   80  12.1 V  33 C  err 0x00
>>> pos 30
id 30  pos  2510  spd     0  load   80  12.0 V  33 C  err 0x00
>>> pos 30
id 30  pos  2510  spd     0  load   80  12.1 V  33 C  err 0x00
>>> pos 30
id 30  pos  2510  spd     0  load   80  12.1 V  33 C  err 0x00
>>> pos 30
id 30  pos  2510  spd     0  load   80  12.1 V  33 C  err 0x00
>>> pos 30
id 30  pos  2510  spd     0  load   80  12.1 V  33 C  err 0x00
>>> pos 30
id 30  pos  2510  spd     0  load   80  12.1 V  33 C  err 0x00
>>> pos 30
id 30  pos  2510  spd     0  load   80  12.1 V  33 C  err 0x00
>>> pos 30
id 30  pos  2510  spd     0  load   80  12.0 V  33 C  err 0x00
>>> pos 30
id 30  pos  2510  spd     0  load   80  12.1 V  33 C  err 0x00
>>> pos 30
id 30  pos  2510  spd     0  load   80  12.1 V  33 C  err 0x00
>>> pos 30
id 30  pos  2510  spd     0  load   80  12.1 V  33 C  err 0x00
>>> pos 30
id 30  pos  2510  spd     0  load   80  12.1 V  33 C  err 0x00
>>> pos 30
id 30  pos  2510  spd     0  load   80  12.1 V  33 C  err 0x00
>>> pos 30
id 30  pos  2510  spd     0  load   80  12.1 V  33 C  err 0x00
>>> pos 30
id 30  pos  2510  spd     0  load   80  12.1 V  33 C  err 0x00
>>> pos 30
id 30  pos  2510  spd     0  load   80  12.1 V  33 C  err 0x00
>>> pos 30
id 30  pos  2510  spd     0  load   80  12.1 V  33 C  err 0x00
>>> pos 30
id 30  pos  2510  spd     0  load   80  12.1 V  33 C  err 0x00
>>> pos 30
id 30  pos  2510  spd     0  load   80  12.1 V  33 C  err 0x00
>>> pos 30
id 30  pos  2510  spd     0  load   80  12.0 V  33 C  err 0x00
>>> pos 30
id 30  pos  2510  spd     0  load   80  12.1 V  33 C  err 0x00
>>> pos 30
id 30  pos  2510  spd     0  load   80  12.1 V  33 C  err 0x00
>>> pos 30
id 30  pos  2510  spd     0  load   80  12.1 V  33 C  err 0x00
>>> pos 30
id 30  pos  2510  spd     0  load   80  12.1 V  33 C  err 0x00
>>> pos 30
id 30  pos  2510  spd     0  load   80  12.1 V  33 C  err 0x00
>>> pos 30
id 30  pos  2510  spd     0  load   80  12.1 V  33 C  err 0x00
>>> pos 30
id 30  pos  2510  spd     0  load   80  12.1 V  33 C  err 0x00
>>> pos 30
id 30  pos  2510  spd     0  load   80  12.1 V  33 C  err 0x00
>>> pos 30
id 30  pos  2510  spd     0  load   80  12.1 V  33 C  err 0x00
>>> pos 30
id 30  pos  2510  spd     0  load   80  12.1 V  33 C  err 0x00
>>> pos 30
id 30  pos  2510  spd     0  load   80  12.1 V  33 C  err 0x00
>>> pos 30
id 30  pos  2510  spd     0  load   80  12.1 V  33 C  err 0x00
>>> pos 30
id 30  pos  2510  spd     0  load   80  12.1 V  33 C  err 0x00
>>> pos 30
id 30  pos  2510  spd     0  load   80  12.1 V  33 C  err 0x00
>>> pos 30
id 30  pos  2510  spd     0  load   80  12.1 V  33 C  err 0x00
>>> pos 30
id 30  pos  2510  spd     0  load   80  12.1 V  33 C  err 0x00
>>> pos 30
id 30  pos  2510  spd     0  load   80  12.1 V  33 C  err 0x00
>>> move 30 2484 0 100 2
move id 30 -> 2484 ticks, 0 ms, spd 100, acc 2: ok
>>> move 30 2507 0 100 2
move id 30 -> 2507 ticks, 0 ms, spd 100, acc 2: ok
>>> pos 30
id 30  pos  2487  spd     0  load   48  12.1 V  33 C  err 0x00
>>> pos 30
id 30  pos  2487  spd     0  load    0  12.1 V  33 C  err 0x00
>>> pos 30
id 30  pos  2487  spd     0  load  -48  12.1 V  33 C  err 0x00
>>> pos 30
id 30  pos  2491  spd   100  load    0  12.0 V  33 C  err 0x00
>>> pos 30
id 30  pos  2493  spd    50  load    0  12.1 V  33 C  err 0x00
>>> pos 30
id 30  pos  2494  spd     0  load  -48  12.1 V  33 C  err 0x00
>>> pos 30
id 30  pos  2499  spd   200  load    0  12.1 V  33 C  err 0x00
>>> pos 30
id 30  pos  2499  spd     0  load    0  12.1 V  33 C  err 0x00
>>> pos 30
id 30  pos  2499  spd     0  load  -80  12.1 V  34 C  err 0x00
>>> pos 30
id 30  pos  2503  spd   150  load    0  12.1 V  33 C  err 0x00
>>> pos 30
id 30  pos  2504  spd     0  load    0  12.1 V  33 C  err 0x00
>>> pos 30
id 30  pos  2505  spd     0  load  -48  12.1 V  33 C  err 0x00
>>> pos 30
id 30  pos  2508  spd   100  load    0  12.1 V  33 C  err 0x00
>>> pos 30
id 30  pos  2508  spd     0  load    0  12.1 V  33 C  err 0x00
>>> pos 30
id 30  pos  2508  spd     0  load    0  12.1 V  33 C  err 0x00
>>> pos 30
id 30  pos  2508  spd     0  load    0  12.1 V  33 C  err 0x00
>>> pos 30
id 30  pos  2508  spd     0  load    0  12.1 V  33 C  err 0x00
>>> pos 30
id 30  pos  2508  spd     0  load    0  12.1 V  33 C  err 0x00
>>> pos 30
id 30  pos  2508  spd     0  load    0  12.1 V  33 C  err 0x00
>>> pos 30
id 30  pos  2508  spd     0  load    0  12.1 V  33 C  err 0x00
>>> pos 30
id 30  pos  2508  spd     0  load    0  12.1 V  33 C  err 0x00
>>> pos 30
id 30  pos  2508  spd     0  load    0  12.1 V  33 C  err 0x00
>>> pos 30
id 30  pos  2508  spd     0  load    0  12.1 V  33 C  err 0x00
>>> pos 30
id 30  pos  2508  spd     0  load    0  12.1 V  33 C  err 0x00
>>> pos 30
id 30  pos  2508  spd     0  load    0  12.0 V  33 C  err 0x00
>>> pos 30
id 30  pos  2508  spd     0  load    0  12.1 V  33 C  err 0x00
>>> pos 30
id 30  pos  2508  spd     0  load    0  12.1 V  33 C  err 0x00
>>> pos 30
id 30  pos  2508  spd     0  load    0  12.0 V  33 C  err 0x00
>>> pos 30
id 30  pos  2508  spd     0  load    0  12.1 V  33 C  err 0x00
>>> pos 30
id 30  pos  2508  spd     0  load    0  12.0 V  33 C  err 0x00
>>> pos 30
id 30  pos  2508  spd     0  load    0  12.1 V  33 C  err 0x00
>>> pos 30
id 30  pos  2508  spd     0  load    0  12.1 V  33 C  err 0x00
>>> pos 30
id 30  pos  2508  spd     0  load    0  12.1 V  33 C  err 0x00
>>> pos 30
id 30  pos  2508  spd     0  load    0  12.1 V  33 C  err 0x00
>>> pos 30
id 30  pos  2508  spd     0  load    0  12.1 V  33 C  err 0x00
>>> pos 30
id 30  pos  2508  spd     0  load    0  12.1 V  33 C  err 0x00
>>> pos 30
id 30  pos  2508  spd     0  load    0  12.1 V  33 C  err 0x00
>>> pos 30
id 30  pos  2508  spd     0  load    0  12.1 V  33 C  err 0x00
>>> pos 30
id 30  pos  2508  spd     0  load    0  12.1 V  33 C  err 0x00
>>> pos 30
id 30  pos  2508  spd     0  load    0  12.0 V  33 C  err 0x00
>>> pos 30
id 30  pos  2508  spd     0  load    0  12.1 V  33 C  err 0x00
>>> pos 30
id 30  pos  2508  spd     0  load    0  12.1 V  33 C  err 0x00
>>> pos 30
id 30  pos  2508  spd     0  load    0  12.1 V  33 C  err 0x00
>>> pos 30
id 30  pos  2508  spd     0  load    0  12.1 V  33 C  err 0x00
>>> pos 30
id 30  pos  2508  spd     0  load    0  12.1 V  33 C  err 0x00
>>> pos 30
id 30  pos  2508  spd     0  load    0  12.1 V  33 C  err 0x00
>>> pos 30
id 30  pos  2508  spd     0  load    0  12.1 V  33 C  err 0x00
>>> pos 30
id 30  pos  2508  spd     0  load    0  12.1 V  33 C  err 0x00
>>> pos 30
id 30  pos  2508  spd     0  load    0  12.1 V  33 C  err 0x00
>>> pos 30
id 30  pos  2508  spd     0  load    0  12.1 V  33 C  err 0x00
>>> pos 30
id 30  pos  2508  spd     0  load    0  12.1 V  33 C  err 0x00
>>> pos 30
id 30  pos  2508  spd     0  load    0  12.1 V  33 C  err 0x00
>>> pos 30
id 30  pos  2508  spd     0  load    0  12.1 V  33 C  err 0x00
>>> pos 30
id 30  pos  2508  spd     0  load    0  12.1 V  33 C  err 0x00
>>> pos 30
id 30  pos  2508  spd     0  load    0  12.1 V  33 C  err 0x00
>>> pos 30
id 30  pos  2508  spd     0  load    0  12.1 V  33 C  err 0x00
>>> pos 30
id 30  pos  2508  spd     0  load    0  12.0 V  33 C  err 0x00
>>> pos 30
id 30  pos  2508  spd     0  load    0  12.1 V  33 C  err 0x00
>>> pos 30
id 30  pos  2508  spd     0  load    0  12.1 V  33 C  err 0x00
>>> pos 30
id 30  pos  2508  spd     0  load    0  12.1 V  33 C  err 0x00
>>> pos 30
id 30  pos  2508  spd     0  load    0  12.1 V  33 C  err 0x00
>>> pos 30
id 30  pos  2508  spd     0  load    0  12.1 V  33 C  err 0x00
>>> pos 30
id 30  pos  2508  spd     0  load    0  12.1 V  33 C  err 0x00
>>> pos 30
id 30  pos  2508  spd     0  load    0  12.1 V  33 C  err 0x00
>>> pos 30
id 30  pos  2508  spd     0  load    0  12.1 V  33 C  err 0x00
>>> pos 30
id 30  pos  2508  spd     0  load    0  12.1 V  33 C  err 0x00
>>> pos 30
id 30  pos  2508  spd     0  load    0  12.1 V  33 C  err 0x00
>>> pos 30
id 30  pos  2508  spd     0  load    0  12.1 V  33 C  err 0x00
>>> pos 30
id 30  pos  2508  spd     0  load    0  12.1 V  33 C  err 0x00
>>> pos 30
id 30  pos  2508  spd     0  load    0  12.1 V  33 C  err 0x00
>>> pos 30
id 30  pos  2508  spd     0  load    0  12.1 V  33 C  err 0x00
>>> pos 30
id 30  pos  2508  spd     0  load    0  12.1 V  33 C  err 0x00
>>> pos 30
id 30  pos  2508  spd     0  load    0  12.1 V  33 C  err 0x00
>>> pos 30
id 30  pos  2508  spd     0  load    0  12.1 V  33 C  err 0x00
>>> pos 30
id 30  pos  2508  spd     0  load    0  12.1 V  33 C  err 0x00
>>> pos 30
id 30  pos  2508  spd     0  load    0  12.1 V  33 C  err 0x00
>>> pos 30
id 30  pos  2508  spd     0  load    0  12.1 V  33 C  err 0x00
>>> pos 30
id 30  pos  2508  spd     0  load    0  12.1 V  33 C  err 0x00
>>> pos 30
id 30  pos  2508  spd     0  load    0  12.1 V  33 C  err 0x00
>>> pos 30
id 30  pos  2508  spd     0  load    0  12.1 V  33 C  err 0x00
>>> pos 30
id 30  pos  2508  spd     0  load    0  12.1 V  33 C  err 0x00
>>> pos 30
id 30  pos  2508  spd     0  load    0  12.1 V  33 C  err 0x00
>>> pos 30
id 30  pos  2508  spd     0  load    0  12.0 V  33 C  err 0x00
>>> pos 30
id 30  pos  2508  spd     0  load    0  12.1 V  33 C  err 0x00
>>> pos 30
id 30  pos  2508  spd     0  load    0  12.1 V  33 C  err 0x00
>>> pos 30
id 30  pos  2508  spd     0  load    0  12.1 V  33 C  err 0x00
>>> pos 30
id 30  pos  2508  spd     0  load    0  12.1 V  33 C  err 0x00
>>> pos 30
id 30  pos  2508  spd     0  load    0  12.1 V  33 C  err 0x00
>>> pos 30
id 30  pos  2508  spd     0  load    0  12.1 V  33 C  err 0x00
>>> pos 30
id 30  pos  2508  spd     0  load    0  12.1 V  33 C  err 0x00
>>> pos 30
id 30  pos  2508  spd     0  load    0  12.0 V  33 C  err 0x00
  LEVEL probes: above +3.0 (load 80), below +1.0 (load 0), midpoint +2.0
>>> move 30 2530 0 200 2
move id 30 -> 2530 ticks, 0 ms, spd 200, acc 2: ok
>>> pos 30
id 30  pos  2508  spd     0  load    0  12.1 V  33 C  err 0x00
>>> pos 30
id 30  pos  2508  spd     0  load  -48  12.1 V  33 C  err 0x00
>>> pos 30
id 30  pos  2511  spd   100  load    0  12.1 V  33 C  err 0x00
>>> pos 30
id 30  pos  2514  spd    50  load    0  12.1 V  33 C  err 0x00
>>> pos 30
id 30  pos  2514  spd     0  load  -80  12.1 V  33 C  err 0x00
>>> pos 30
id 30  pos  2519  spd   200  load    0  12.1 V  33 C  err 0x00
>>> pos 30
id 30  pos  2520  spd     0  load    0  12.1 V  33 C  err 0x00
>>> pos 30
id 30  pos  2521  spd     0  load  -48  12.1 V  33 C  err 0x00
>>> pos 30
id 30  pos  2524  spd   100  load    0  12.1 V  33 C  err 0x00
>>> pos 30
id 30  pos  2525  spd    50  load    0  12.1 V  33 C  err 0x00
>>> pos 30
id 30  pos  2527  spd    50  load    0  12.1 V  33 C  err 0x00
>>> pos 30
id 30  pos  2529  spd   100  load    0  12.1 V  33 C  err 0x00
>>> pos 30
id 30  pos  2529  spd     0  load    0  12.1 V  33 C  err 0x00
>>> pos 30
id 30  pos  2529  spd     0  load    0  12.1 V  33 C  err 0x00
>>> pos 30
id 30  pos  2529  spd     0  load    0  12.1 V  33 C  err 0x00
>>> pos 30
id 30  pos  2529  spd     0  load    0  12.1 V  33 C  err 0x00
>>> pos 30
id 30  pos  2529  spd     0  load    0  12.1 V  33 C  err 0x00
>>> pos 30
id 30  pos  2529  spd     0  load    0  12.0 V  33 C  err 0x00
>>> pos 30
id 30  pos  2529  spd     0  load    0  12.1 V  33 C  err 0x00
>>> pos 30
id 30  pos  2529  spd     0  load    0  12.1 V  33 C  err 0x00
>>> pos 30
id 30  pos  2529  spd     0  load    0  12.1 V  33 C  err 0x00
>>> pos 30
id 30  pos  2529  spd     0  load    0  12.1 V  33 C  err 0x00
>>> pos 30
id 30  pos  2529  spd     0  load    0  12.1 V  33 C  err 0x00
>>> pos 30
id 30  pos  2529  spd     0  load    0  12.1 V  33 C  err 0x00
>>> pos 30
id 30  pos  2529  spd     0  load    0  12.1 V  33 C  err 0x00
>>> pos 30
id 30  pos  2529  spd     0  load    0  12.1 V  33 C  err 0x00
>>> pos 30
id 30  pos  2529  spd     0  load    0  12.1 V  33 C  err 0x00
>>> pos 30
id 30  pos  2529  spd     0  load    0  12.1 V  33 C  err 0x00
>>> pos 30
id 30  pos  2529  spd     0  load    0  12.1 V  33 C  err 0x00
>>> pos 30
id 30  pos  2529  spd     0  load    0  12.1 V  33 C  err 0x00
>>> pos 30
id 30  pos  2529  spd     0  load    0  12.0 V  33 C  err 0x00
>>> pos 30
id 30  pos  2529  spd     0  load    0  12.1 V  33 C  err 0x00
>>> pos 30
id 30  pos  2529  spd     0  load    0  12.1 V  33 C  err 0x00
>>> pos 30
id 30  pos  2529  spd     0  load    0  12.1 V  33 C  err 0x00
>>> pos 30
id 30  pos  2529  spd     0  load    0  12.1 V  33 C  err 0x00
>>> pos 30
id 30  pos  2529  spd     0  load    0  12.1 V  33 C  err 0x00
>>> pos 30
id 30  pos  2529  spd     0  load    0  12.1 V  33 C  err 0x00
>>> pos 30
id 30  pos  2529  spd     0  load    0  12.1 V  33 C  err 0x00
>>> pos 30
id 30  pos  2529  spd     0  load    0  12.0 V  33 C  err 0x00
>>> pos 30
id 30  pos  2529  spd     0  load    0  12.1 V  33 C  err 0x00
>>> pos 30
id 30  pos  2529  spd     0  load    0  12.1 V  33 C  err 0x00
>>> pos 30
id 30  pos  2529  spd     0  load    0  12.1 V  33 C  err 0x00
>>> pos 30
id 30  pos  2529  spd     0  load    0  12.1 V  33 C  err 0x00
>>> pos 30
id 30  pos  2529  spd     0  load    0  12.1 V  33 C  err 0x00
>>> pos 30
id 30  pos  2529  spd     0  load    0  12.1 V  33 C  err 0x00
>>> pos 30
id 30  pos  2529  spd     0  load    0  12.1 V  33 C  err 0x00
>>> pos 30
id 30  pos  2529  spd     0  load    0  12.1 V  33 C  err 0x00
>>> pos 30
id 30  pos  2529  spd     0  load    0  12.1 V  33 C  err 0x00
>>> pos 30
id 30  pos  2529  spd     0  load    0  12.1 V  33 C  err 0x00
>>> pos 30
id 30  pos  2529  spd     0  load    0  12.1 V  33 C  err 0x00
>>> pos 30
id 30  pos  2529  spd     0  load    0  12.1 V  33 C  err 0x00
>>> pos 30
id 30  pos  2529  spd     0  load    0  12.1 V  33 C  err 0x00
>>> pos 30
id 30  pos  2529  spd     0  load    0  12.1 V  33 C  err 0x00
>>> pos 30
id 30  pos  2529  spd     0  load    0  12.1 V  33 C  err 0x00
>>> pos 30
id 30  pos  2529  spd     0  load    0  12.1 V  33 C  err 0x00
>>> pos 30
id 30  pos  2529  spd     0  load    0  12.1 V  33 C  err 0x00
>>> pos 30
id 30  pos  2529  spd     0  load    0  12.1 V  33 C  err 0x00
>>> pos 30
id 30  pos  2529  spd     0  load    0  12.1 V  33 C  err 0x00
>>> pos 30
id 30  pos  2529  spd     0  load    0  12.1 V  33 C  err 0x00
>>> pos 30
id 30  pos  2529  spd     0  load    0  12.1 V  33 C  err 0x00
>>> pos 30
id 30  pos  2529  spd     0  load    0  12.1 V  33 C  err 0x00
  LEVEL step 2507->2530: overshoot 0, settle 0.3971, residual range 0, offset -1.0, moving in last 1 s 0, err 0
>>> move 30 2507 0 200 2
move id 30 -> 2507 ticks, 0 ms, spd 200, acc 2: ok
>>> pos 30
id 30  pos  2529  spd     0  load    0  12.1 V  33 C  err 0x00
>>> pos 30
id 30  pos  2529  spd     0  load   80  12.1 V  33 C  err 0x00
>>> pos 30
id 30  pos  2528  spd   -50  load  112  12.1 V  33 C  err 0x00
>>> pos 30
id 30  pos  2524  spd  -150  load   80  12.1 V  33 C  err 0x00
>>> pos 30
id 30  pos  2523  spd   -50  load  112  12.1 V  33 C  err 0x00
>>> pos 30
id 30  pos  2520  spd  -150  load   80  12.1 V  33 C  err 0x00
>>> pos 30
id 30  pos  2518  spd  -100  load   80  12.1 V  33 C  err 0x00
>>> pos 30
id 30  pos  2516  spd   -50  load   80  12.1 V  33 C  err 0x00
>>> pos 30
id 30  pos  2515  spd     0  load  112  12.1 V  33 C  err 0x00
>>> pos 30
id 30  pos  2515  spd     0  load  144  12.1 V  33 C  err 0x00
>>> pos 30
id 30  pos  2511  spd  -100  load   80  12.1 V  33 C  err 0x00
>>> pos 30
id 30  pos  2508  spd   -50  load    0  12.1 V  33 C  err 0x00
>>> pos 30
id 30  pos  2508  spd     0  load    0  12.1 V  33 C  err 0x00
>>> pos 30
id 30  pos  2508  spd     0  load    0  12.1 V  33 C  err 0x00
>>> pos 30
id 30  pos  2508  spd     0  load    0  12.0 V  33 C  err 0x00
>>> pos 30
id 30  pos  2508  spd     0  load    0  12.0 V  33 C  err 0x00
>>> pos 30
id 30  pos  2508  spd     0  load    0  12.1 V  33 C  err 0x00
>>> pos 30
id 30  pos  2508  spd     0  load    0  12.0 V  33 C  err 0x00
>>> pos 30
id 30  pos  2508  spd     0  load    0  12.1 V  33 C  err 0x00
>>> pos 30
id 30  pos  2508  spd     0  load    0  12.1 V  33 C  err 0x00
>>> pos 30
id 30  pos  2508  spd     0  load    0  12.1 V  33 C  err 0x00
>>> pos 30
id 30  pos  2508  spd     0  load    0  12.1 V  33 C  err 0x00
>>> pos 30
id 30  pos  2508  spd     0  load    0  12.1 V  33 C  err 0x00
>>> pos 30
id 30  pos  2508  spd     0  load    0  12.1 V  33 C  err 0x00
>>> pos 30
id 30  pos  2508  spd     0  load    0  12.1 V  33 C  err 0x00
>>> pos 30
id 30  pos  2508  spd     0  load    0  12.1 V  33 C  err 0x00
>>> pos 30
id 30  pos  2508  spd     0  load    0  12.1 V  33 C  err 0x00
>>> pos 30
id 30  pos  2508  spd     0  load    0  12.1 V  33 C  err 0x00
>>> pos 30
id 30  pos  2508  spd     0  load    0  12.1 V  33 C  err 0x00
>>> pos 30
id 30  pos  2508  spd     0  load    0  12.0 V  33 C  err 0x00
>>> pos 30
id 30  pos  2508  spd     0  load    0  12.1 V  33 C  err 0x00
>>> pos 30
id 30  pos  2508  spd     0  load    0  12.1 V  33 C  err 0x00
>>> pos 30
id 30  pos  2508  spd     0  load    0  12.1 V  33 C  err 0x00
>>> pos 30
id 30  pos  2508  spd     0  load    0  12.1 V  33 C  err 0x00
>>> pos 30
id 30  pos  2508  spd     0  load    0  12.1 V  33 C  err 0x00
>>> pos 30
id 30  pos  2508  spd     0  load    0  12.1 V  33 C  err 0x00
>>> pos 30
id 30  pos  2508  spd     0  load    0  12.1 V  33 C  err 0x00
>>> pos 30
id 30  pos  2508  spd     0  load    0  12.1 V  33 C  err 0x00
>>> pos 30
id 30  pos  2508  spd     0  load    0  12.1 V  33 C  err 0x00
>>> pos 30
id 30  pos  2508  spd     0  load    0  12.1 V  33 C  err 0x00
>>> pos 30
id 30  pos  2508  spd     0  load    0  12.1 V  33 C  err 0x00
>>> pos 30
id 30  pos  2508  spd     0  load    0  12.1 V  33 C  err 0x00
>>> pos 30
id 30  pos  2508  spd     0  load    0  12.1 V  33 C  err 0x00
>>> pos 30
id 30  pos  2508  spd     0  load    0  12.1 V  33 C  err 0x00
>>> pos 30
id 30  pos  2508  spd     0  load    0  12.1 V  33 C  err 0x00
>>> pos 30
id 30  pos  2508  spd     0  load    0  12.1 V  33 C  err 0x00
>>> pos 30
id 30  pos  2508  spd     0  load    0  12.1 V  33 C  err 0x00
>>> pos 30
id 30  pos  2508  spd     0  load    0  12.1 V  33 C  err 0x00
>>> pos 30
id 30  pos  2508  spd     0  load    0  12.1 V  33 C  err 0x00
>>> pos 30
id 30  pos  2508  spd     0  load    0  12.1 V  33 C  err 0x00
>>> pos 30
id 30  pos  2508  spd     0  load    0  12.1 V  33 C  err 0x00
>>> pos 30
id 30  pos  2508  spd     0  load    0  12.1 V  33 C  err 0x00
>>> pos 30
id 30  pos  2508  spd     0  load    0  12.1 V  33 C  err 0x00
>>> pos 30
id 30  pos  2508  spd     0  load    0  12.0 V  33 C  err 0x00
>>> pos 30
id 30  pos  2508  spd     0  load    0  12.1 V  33 C  err 0x00
>>> pos 30
id 30  pos  2508  spd     0  load    0  12.1 V  33 C  err 0x00
>>> pos 30
id 30  pos  2508  spd     0  load    0  12.0 V  33 C  err 0x00
>>> pos 30
id 30  pos  2508  spd     0  load    0  12.1 V  33 C  err 0x00
>>> pos 30
id 30  pos  2508  spd     0  load    0  12.1 V  33 C  err 0x00
>>> pos 30
id 30  pos  2508  spd     0  load    0  12.0 V  33 C  err 0x00
>>> pos 30
id 30  pos  2508  spd     0  load    0  12.1 V  33 C  err 0x00
  LEVEL step 2530->2507: overshoot 0, settle 0.3971, residual range 0, offset +1.0, moving in last 1 s 0, err 0
>>> move 30 2484 0 200 2
move id 30 -> 2484 ticks, 0 ms, spd 200, acc 2: ok
>>> pos 30
id 30  pos  2508  spd     0  load   80  12.1 V  33 C  err 0x00
>>> pos 30
id 30  pos  2506  spd   -50  load   80  12.1 V  33 C  err 0x00
>>> pos 30
id 30  pos  2504  spd  -100  load   80  12.1 V  33 C  err 0x00
>>> pos 30
id 30  pos  2503  spd   -50  load  144  12.1 V  33 C  err 0x00
>>> pos 30
id 30  pos  2500  spd  -150  load  112  12.1 V  33 C  err 0x00
>>> pos 30
id 30  pos  2496  spd  -150  load   48  12.1 V  33 C  err 0x00
>>> pos 30
id 30  pos  2496  spd     0  load  112  12.1 V  33 C  err 0x00
>>> pos 30
id 30  pos  2492  spd  -150  load   48  12.1 V  33 C  err 0x00
>>> pos 30
id 30  pos  2491  spd     0  load   80  12.1 V  33 C  err 0x00
>>> pos 30
id 30  pos  2490  spd   -50  load   80  12.1 V  33 C  err 0x00
>>> pos 30
id 30  pos  2488  spd   -50  load   80  12.1 V  33 C  err 0x00
>>> pos 30
id 30  pos  2487  spd   -50  load   80  12.1 V  33 C  err 0x00
>>> pos 30
id 30  pos  2486  spd     0  load   48  12.1 V  33 C  err 0x00
>>> pos 30
id 30  pos  2486  spd     0  load   48  12.0 V  33 C  err 0x00
>>> pos 30
id 30  pos  2486  spd     0  load   48  12.1 V  33 C  err 0x00
>>> pos 30
id 30  pos  2486  spd     0  load   48  12.1 V  33 C  err 0x00
>>> pos 30
id 30  pos  2486  spd     0  load   48  12.0 V  33 C  err 0x00
>>> pos 30
id 30  pos  2486  spd     0  load   48  12.1 V  33 C  err 0x00
>>> pos 30
id 30  pos  2486  spd     0  load   48  12.1 V  33 C  err 0x00
>>> pos 30
id 30  pos  2486  spd     0  load   48  12.1 V  33 C  err 0x00
>>> pos 30
id 30  pos  2486  spd     0  load   48  12.1 V  33 C  err 0x00
>>> pos 30
id 30  pos  2486  spd     0  load   48  12.1 V  33 C  err 0x00
>>> pos 30
id 30  pos  2486  spd     0  load   48  12.0 V  33 C  err 0x00
>>> pos 30
id 30  pos  2486  spd     0  load   48  12.1 V  33 C  err 0x00
>>> pos 30
id 30  pos  2486  spd     0  load   48  12.1 V  33 C  err 0x00
>>> pos 30
id 30  pos  2486  spd     0  load   48  12.0 V  33 C  err 0x00
>>> pos 30
id 30  pos  2486  spd     0  load   48  12.1 V  33 C  err 0x00
>>> pos 30
id 30  pos  2486  spd     0  load   48  12.1 V  33 C  err 0x00
>>> pos 30
id 30  pos  2486  spd     0  load   48  12.1 V  33 C  err 0x00
>>> pos 30
id 30  pos  2486  spd     0  load   48  12.1 V  33 C  err 0x00
>>> pos 30
id 30  pos  2486  spd     0  load   48  12.1 V  33 C  err 0x00
>>> pos 30
id 30  pos  2486  spd     0  load   48  12.1 V  33 C  err 0x00
>>> pos 30
id 30  pos  2486  spd     0  load   48  12.1 V  33 C  err 0x00
>>> pos 30
id 30  pos  2486  spd     0  load   48  12.1 V  33 C  err 0x00
>>> pos 30
id 30  pos  2486  spd     0  load   48  12.1 V  33 C  err 0x00
>>> pos 30
id 30  pos  2486  spd     0  load   48  12.1 V  33 C  err 0x00
>>> pos 30
id 30  pos  2486  spd     0  load   48  12.1 V  33 C  err 0x00
>>> pos 30
id 30  pos  2486  spd     0  load   48  12.1 V  33 C  err 0x00
>>> pos 30
id 30  pos  2486  spd     0  load   48  12.1 V  33 C  err 0x00
>>> pos 30
id 30  pos  2486  spd     0  load   48  12.0 V  33 C  err 0x00
>>> pos 30
id 30  pos  2486  spd     0  load   48  12.1 V  33 C  err 0x00
>>> pos 30
id 30  pos  2486  spd     0  load   48  12.1 V  33 C  err 0x00
>>> pos 30
id 30  pos  2486  spd     0  load   48  12.1 V  33 C  err 0x00
>>> pos 30
id 30  pos  2486  spd     0  load   48  12.1 V  33 C  err 0x00
>>> pos 30
id 30  pos  2486  spd     0  load   48  12.1 V  33 C  err 0x00
>>> pos 30
id 30  pos  2486  spd     0  load   48  12.1 V  33 C  err 0x00
>>> pos 30
id 30  pos  2486  spd     0  load   48  12.1 V  33 C  err 0x00
>>> pos 30
id 30  pos  2486  spd     0  load   48  12.1 V  33 C  err 0x00
>>> pos 30
id 30  pos  2486  spd     0  load   48  12.1 V  33 C  err 0x00
>>> pos 30
id 30  pos  2486  spd     0  load   48  12.0 V  33 C  err 0x00
>>> pos 30
id 30  pos  2486  spd     0  load   48  12.0 V  33 C  err 0x00
>>> pos 30
id 30  pos  2486  spd     0  load   48  12.1 V  33 C  err 0x00
>>> pos 30
id 30  pos  2486  spd     0  load   48  12.1 V  33 C  err 0x00
>>> pos 30
id 30  pos  2486  spd     0  load   48  12.0 V  33 C  err 0x00
>>> pos 30
id 30  pos  2486  spd     0  load   48  12.1 V  33 C  err 0x00
>>> pos 30
id 30  pos  2486  spd     0  load   48  12.1 V  33 C  err 0x00
>>> pos 30
id 30  pos  2486  spd     0  load   48  12.1 V  33 C  err 0x00
>>> pos 30
id 30  pos  2486  spd     0  load   48  12.1 V  33 C  err 0x00
>>> pos 30
id 30  pos  2486  spd     0  load   48  12.1 V  33 C  err 0x00
>>> pos 30
id 30  pos  2486  spd     0  load   48  12.0 V  33 C  err 0x00
>>> pos 30
id 30  pos  2486  spd     0  load   48  12.1 V  33 C  err 0x00
  LEVEL step 2507->2484: overshoot 0, settle 0.3973, residual range 0, offset +2.0, moving in last 1 s 0, err 0
>>> move 30 2507 0 200 2
move id 30 -> 2507 ticks, 0 ms, spd 200, acc 2: ok
>>> pos 30
id 30  pos  2486  spd     0  load    0  12.1 V  33 C  err 0x00
>>> pos 30
id 30  pos  2486  spd     0  load    0  12.0 V  33 C  err 0x00
>>> pos 30
id 30  pos  2487  spd    50  load  -48  12.1 V  33 C  err 0x00
>>> pos 30
id 30  pos  2491  spd   100  load    0  12.1 V  33 C  err 0x00
>>> pos 30
id 30  pos  2491  spd    50  load  -80  12.1 V  33 C  err 0x00
>>> pos 30
id 30  pos  2497  spd   200  load    0  12.1 V  33 C  err 0x00
>>> pos 30
id 30  pos  2497  spd     0  load    0  12.1 V  33 C  err 0x00
>>> pos 30
id 30  pos  2499  spd     0  load    0  12.1 V  33 C  err 0x00
>>> pos 30
id 30  pos  2500  spd    50  load  -48  12.1 V  33 C  err 0x00
>>> pos 30
id 30  pos  2502  spd    50  load    0  12.1 V  33 C  err 0x00
>>> pos 30
id 30  pos  2504  spd    50  load    0  12.1 V  33 C  err 0x00
>>> pos 30
id 30  pos  2506  spd   100  load    0  12.1 V  33 C  err 0x00
>>> pos 30
id 30  pos  2507  spd     0  load    0  12.1 V  33 C  err 0x00
>>> pos 30
id 30  pos  2507  spd     0  load    0  12.1 V  33 C  err 0x00
>>> pos 30
id 30  pos  2507  spd     0  load    0  12.1 V  33 C  err 0x00
>>> pos 30
id 30  pos  2507  spd     0  load    0  12.1 V  33 C  err 0x00
>>> pos 30
id 30  pos  2507  spd     0  load    0  12.1 V  33 C  err 0x00
>>> pos 30
id 30  pos  2507  spd     0  load    0  12.1 V  33 C  err 0x00
>>> pos 30
id 30  pos  2507  spd     0  load    0  12.1 V  33 C  err 0x00
>>> pos 30
id 30  pos  2507  spd     0  load    0  12.0 V  33 C  err 0x00
>>> pos 30
id 30  pos  2507  spd     0  load    0  12.1 V  33 C  err 0x00
>>> pos 30
id 30  pos  2507  spd     0  load    0  12.1 V  33 C  err 0x00
>>> pos 30
id 30  pos  2507  spd     0  load    0  12.1 V  33 C  err 0x00
>>> pos 30
id 30  pos  2507  spd     0  load    0  12.1 V  33 C  err 0x00
>>> pos 30
id 30  pos  2507  spd     0  load    0  12.1 V  33 C  err 0x00
>>> pos 30
id 30  pos  2507  spd     0  load    0  12.1 V  33 C  err 0x00
>>> pos 30
id 30  pos  2507  spd     0  load    0  12.1 V  33 C  err 0x00
>>> pos 30
id 30  pos  2507  spd     0  load    0  12.0 V  33 C  err 0x00
>>> pos 30
id 30  pos  2507  spd     0  load    0  12.1 V  33 C  err 0x00
>>> pos 30
id 30  pos  2507  spd     0  load    0  12.1 V  33 C  err 0x00
>>> pos 30
id 30  pos  2507  spd     0  load    0  12.1 V  33 C  err 0x00
>>> pos 30
id 30  pos  2507  spd     0  load    0  12.1 V  33 C  err 0x00
>>> pos 30
id 30  pos  2507  spd     0  load    0  12.0 V  33 C  err 0x00
>>> pos 30
id 30  pos  2507  spd     0  load    0  12.1 V  33 C  err 0x00
>>> pos 30
id 30  pos  2507  spd     0  load    0  12.1 V  33 C  err 0x00
>>> pos 30
id 30  pos  2507  spd     0  load    0  12.1 V  33 C  err 0x00
>>> pos 30
id 30  pos  2507  spd     0  load    0  12.1 V  33 C  err 0x00
>>> pos 30
id 30  pos  2507  spd     0  load    0  12.1 V  33 C  err 0x00
>>> pos 30
id 30  pos  2507  spd     0  load    0  12.1 V  33 C  err 0x00
>>> pos 30
id 30  pos  2507  spd     0  load    0  12.1 V  33 C  err 0x00
>>> pos 30
id 30  pos  2507  spd     0  load    0  12.1 V  31 C  err 0x00
>>> pos 30
id 30  pos  2507  spd     0  load    0  12.1 V  33 C  err 0x00
>>> pos 30
id 30  pos  2507  spd     0  load    0  12.1 V  33 C  err 0x00
>>> pos 30
id 30  pos  2507  spd     0  load    0  12.1 V  33 C  err 0x00
>>> pos 30
id 30  pos  2507  spd     0  load    0  12.1 V  33 C  err 0x00
>>> pos 30
id 30  pos  2507  spd     0  load    0  12.1 V  33 C  err 0x00
>>> pos 30
id 30  pos  2507  spd     0  load    0  12.1 V  33 C  err 0x00
>>> pos 30
id 30  pos  2507  spd     0  load    0  12.1 V  33 C  err 0x00
>>> pos 30
id 30  pos  2507  spd     0  load    0  12.1 V  33 C  err 0x00
>>> pos 30
id 30  pos  2507  spd     0  load    0  12.1 V  33 C  err 0x00
>>> pos 30
id 30  pos  2507  spd     0  load    0  12.1 V  33 C  err 0x00
>>> pos 30
id 30  pos  2507  spd     0  load    0  12.1 V  33 C  err 0x00
>>> pos 30
id 30  pos  2507  spd     0  load    0  12.1 V  33 C  err 0x00
>>> pos 30
id 30  pos  2507  spd     0  load    0  12.0 V  33 C  err 0x00
>>> pos 30
id 30  pos  2507  spd     0  load    0  12.1 V  33 C  err 0x00
>>> pos 30
id 30  pos  2507  spd     0  load    0  12.0 V  33 C  err 0x00
>>> pos 30
id 30  pos  2507  spd     0  load    0  12.1 V  33 C  err 0x00
>>> pos 30
id 30  pos  2507  spd     0  load    0  12.1 V  33 C  err 0x00
>>> pos 30
id 30  pos  2507  spd     0  load    0  12.1 V  33 C  err 0x00
>>> pos 30
id 30  pos  2507  spd     0  load    0  12.1 V  33 C  err 0x00
>>> pos 30
id 30  pos  2507  spd     0  load    0  12.1 V  33 C  err 0x00
  LEVEL step 2484->2507: overshoot 0, settle 0.3972, residual range 0, offset +0.0, moving in last 1 s 0, err 0
>>> pos 30
id 30  pos  2507  spd     0  load    0  12.1 V  33 C  err 0x00
>>> move 30 3531 0 100 2
move id 30 -> 3531 ticks, 0 ms, spd 100, acc 2: ok
>>> pos 30
id 30  pos  2507  spd     0  load    0  12.1 V  33 C  err 0x00
>>> pos 30
id 30  pos  2508  spd    50  load  -48  12.1 V  33 C  err 0x00
>>> pos 30
id 30  pos  2512  spd   100  load    0  12.1 V  33 C  err 0x00
>>> pos 30
id 30  pos  2512  spd     0  load  -80  12.1 V  33 C  err 0x00
>>> pos 30
id 30  pos  2517  spd   150  load    0  12.0 V  33 C  err 0x00
>>> pos 30
id 30  pos  2518  spd   100  load  -48  12.1 V  33 C  err 0x00
>>> pos 30
id 30  pos  2522  spd   100  load    0  12.1 V  33 C  err 0x00
>>> pos 30
id 30  pos  2525  spd    50  load    0  12.1 V  33 C  err 0x00
>>> pos 30
id 30  pos  2529  spd   100  load    0  12.1 V  33 C  err 0x00
>>> pos 30
id 30  pos  2531  spd   100  load  -48  12.0 V  33 C  err 0x00
>>> pos 30
id 30  pos  2535  spd   150  load    0  12.1 V  33 C  err 0x00
>>> pos 30
id 30  pos  2539  spd   200  load    0  12.1 V  33 C  err 0x00
>>> pos 30
id 30  pos  2540  spd     0  load  -80  12.1 V  33 C  err 0x00
>>> pos 30
id 30  pos  2546  spd   200  load    0  12.1 V  33 C  err 0x00
>>> pos 30
id 30  pos  2547  spd    50  load  -80  12.1 V  33 C  err 0x00
>>> pos 30
id 30  pos  2552  spd   150  load    0  12.1 V  33 C  err 0x00
>>> pos 30
id 30  pos  2554  spd    50  load  -48  12.1 V  33 C  err 0x00
>>> pos 30
id 30  pos  2559  spd   150  load    0  12.1 V  33 C  err 0x00
>>> pos 30
id 30  pos  2561  spd    50  load  -48  12.1 V  33 C  err 0x00
>>> pos 30
id 30  pos  2565  spd   100  load    0  12.1 V  33 C  err 0x00
>>> pos 30
id 30  pos  2567  spd    50  load  -48  12.1 V  33 C  err 0x00
>>> pos 30
id 30  pos  2572  spd   150  load    0  12.0 V  33 C  err 0x00
>>> pos 30
id 30  pos  2574  spd   100  load  -48  12.1 V  33 C  err 0x00
>>> pos 30
id 30  pos  2578  spd   150  load    0  12.0 V  33 C  err 0x00
>>> pos 30
id 30  pos  2580  spd     0  load  -80  12.1 V  33 C  err 0x00
>>> pos 30
id 30  pos  2586  spd   150  load    0  12.1 V  33 C  err 0x00
>>> pos 30
id 30  pos  2587  spd    50  load  -48  12.1 V  33 C  err 0x00
>>> pos 30
id 30  pos  2592  spd   200  load    0  12.0 V  33 C  err 0x00
>>> pos 30
id 30  pos  2594  spd   100  load  -48  12.1 V  33 C  err 0x00
>>> pos 30
id 30  pos  2598  spd   100  load    0  12.1 V  33 C  err 0x00
>>> pos 30
id 30  pos  2601  spd   100  load  -48  12.1 V  33 C  err 0x00
>>> pos 30
id 30  pos  2605  spd    50  load    0  12.1 V  33 C  err 0x00
>>> pos 30
id 30  pos  2607  spd   100  load  -48  12.1 V  33 C  err 0x00
>>> pos 30
id 30  pos  2611  spd   100  load  -48  12.1 V  33 C  err 0x00
>>> pos 30
id 30  pos  2614  spd   150  load  -48  12.1 V  33 C  err 0x00
>>> pos 30
id 30  pos  2618  spd    50  load    0  12.0 V  33 C  err 0x00
>>> pos 30
id 30  pos  2621  spd   100  load    0  12.1 V  33 C  err 0x00
>>> pos 30
id 30  pos  2625  spd     0  load    0  12.1 V  33 C  err 0x00
>>> pos 30
id 30  pos  2628  spd   150  load    0  12.1 V  33 C  err 0x00
>>> pos 30
id 30  pos  2630  spd    50  load  -48  12.1 V  33 C  err 0x00
>>> pos 30
id 30  pos  2636  spd   250  load    0  12.1 V  33 C  err 0x00
>>> pos 30
id 30  pos  2636  spd     0  load  -80  12.0 V  35 C  err 0x00
>>> pos 30
id 30  pos  2641  spd   150  load    0  12.1 V  33 C  err 0x00
>>> pos 30
id 30  pos  2643  spd    50  load  -80  12.1 V  33 C  err 0x00
>>> pos 30
id 30  pos  2648  spd   150  load    0  12.1 V  33 C  err 0x00
>>> pos 30
id 30  pos  2650  spd   100  load  -48  12.1 V  33 C  err 0x00
>>> pos 30
id 30  pos  2654  spd   150  load  -48  12.1 V  33 C  err 0x00
>>> pos 30
id 30  pos  2657  spd     0  load  -48  12.0 V  33 C  err 0x00
>>> pos 30
id 30  pos  2661  spd   100  load    0  12.1 V  33 C  err 0x00
>>> pos 30
id 30  pos  2663  spd     0  load  -80  12.1 V  33 C  err 0x00
>>> pos 30
id 30  pos  2668  spd   200  load    0  12.1 V  33 C  err 0x00
>>> pos 30
id 30  pos  2670  spd    50  load  -48  12.1 V  33 C  err 0x00
>>> pos 30
id 30  pos  2676  spd   250  load    0  12.1 V  33 C  err 0x00
>>> pos 30
id 30  pos  2676  spd     0  load  -80  12.1 V  33 C  err 0x00
>>> pos 30
id 30  pos  2682  spd   200  load    0  12.0 V  33 C  err 0x00
>>> pos 30
id 30  pos  2683  spd    50  load  -48  12.1 V  33 C  err 0x00
>>> pos 30
id 30  pos  2688  spd   200  load    0  12.1 V  33 C  err 0x00
>>> pos 30
id 30  pos  2690  spd    50  load  -48  12.1 V  33 C  err 0x00
>>> pos 30
id 30  pos  2694  spd   100  load    0  12.1 V  33 C  err 0x00
>>> pos 30
id 30  pos  2697  spd   100  load  -48  12.1 V  33 C  err 0x00
>>> pos 30
id 30  pos  2701  spd   200  load    0  12.1 V  33 C  err 0x00
>>> pos 30
id 30  pos  2704  spd   100  load    0  12.1 V  33 C  err 0x00
>>> pos 30
id 30  pos  2707  spd   100  load  -48  12.0 V  33 C  err 0x00
>>> pos 30
id 30  pos  2711  spd   200  load    0  12.1 V  33 C  err 0x00
>>> pos 30
id 30  pos  2712  spd     0  load  -80  12.1 V  33 C  err 0x00
>>> pos 30
id 30  pos  2718  spd   200  load    0  12.1 V  33 C  err 0x00
>>> pos 30
id 30  pos  2719  spd    50  load  -80  12.1 V  33 C  err 0x00
>>> pos 30
id 30  pos  2725  spd   150  load    0  12.1 V  33 C  err 0x00
>>> pos 30
id 30  pos  2726  spd     0  load  -80  12.1 V  33 C  err 0x00
>>> pos 30
id 30  pos  2731  spd    50  load    0  12.1 V  33 C  err 0x00
>>> pos 30
id 30  pos  2734  spd   100  load    0  12.1 V  33 C  err 0x00
>>> pos 30
id 30  pos  2736  spd    50  load  -48  12.1 V  33 C  err 0x00
>>> pos 30
id 30  pos  2741  spd   250  load    0  12.1 V  33 C  err 0x00
>>> pos 30
id 30  pos  2742  spd    50  load  -80  12.1 V  33 C  err 0x00
>>> pos 30
id 30  pos  2748  spd   200  load    0  12.1 V  33 C  err 0x00
>>> pos 30
id 30  pos  2749  spd    50  load  -80  12.0 V  33 C  err 0x00
>>> pos 30
id 30  pos  2755  spd   150  load    0  12.1 V  33 C  err 0x00
>>> pos 30
id 30  pos  2756  spd    50  load  -48  12.1 V  33 C  err 0x00
>>> pos 30
id 30  pos  2761  spd    50  load    0  12.1 V  33 C  err 0x00
>>> pos 30
id 30  pos  2764  spd   100  load    0  12.1 V  33 C  err 0x00
>>> pos 30
id 30  pos  2765  spd    50  load  -80  12.1 V  33 C  err 0x00
>>> pos 30
id 30  pos  2771  spd   250  load    0  12.1 V  33 C  err 0x00
>>> pos 30
id 30  pos  2773  spd    50  load  -48  12.1 V  33 C  err 0x00
>>> pos 30
id 30  pos  2777  spd   100  load    0  12.1 V  33 C  err 0x00
>>> pos 30
id 30  pos  2779  spd    50  load  -80  12.1 V  33 C  err 0x00
>>> pos 30
id 30  pos  2784  spd   150  load    0  12.1 V  33 C  err 0x00
>>> pos 30
id 30  pos  2785  spd     0  load  -80  12.1 V  33 C  err 0x00
>>> pos 30
id 30  pos  2791  spd   200  load    0  12.1 V  33 C  err 0x00
>>> pos 30
id 30  pos  2792  spd     0  load  -80  12.1 V  33 C  err 0x00
>>> pos 30
id 30  pos  2797  spd   100  load    0  12.1 V  33 C  err 0x00
>>> pos 30
id 30  pos  2800  spd     0  load    0  12.1 V  33 C  err 0x00
>>> pos 30
id 30  pos  2804  spd   150  load    0  12.1 V  33 C  err 0x00
>>> pos 30
id 30  pos  2806  spd   100  load  -48  12.1 V  33 C  err 0x00
>>> pos 30
id 30  pos  2811  spd   200  load    0  12.1 V  33 C  err 0x00
>>> pos 30
id 30  pos  2811  spd     0  load -112  12.0 V  33 C  err 0x00
>>> pos 30
id 30  pos  2818  spd   150  load    0  12.1 V  33 C  err 0x00
>>> pos 30
id 30  pos  2819  spd    50  load  -48  12.1 V  33 C  err 0x00
>>> pos 30
id 30  pos  2824  spd   150  load    0  12.1 V  33 C  err 0x00
>>> pos 30
id 30  pos  2826  spd   100  load  -48  12.1 V  33 C  err 0x00
>>> pos 30
id 30  pos  2831  spd   150  load    0  12.1 V  33 C  err 0x00
>>> pos 30
id 30  pos  2832  spd    50  load  -80  12.0 V  33 C  err 0x00
>>> pos 30
id 30  pos  2838  spd   150  load    0  12.1 V  33 C  err 0x00
>>> pos 30
id 30  pos  2839  spd    50  load  -48  12.1 V  33 C  err 0x00
>>> pos 30
id 30  pos  2844  spd   150  load    0  12.1 V  33 C  err 0x00
>>> pos 30
id 30  pos  2847  spd   200  load    0  12.0 V  33 C  err 0x00
>>> pos 30
id 30  pos  2849  spd     0  load  -48  12.1 V  33 C  err 0x00
>>> pos 30
id 30  pos  2853  spd   100  load    0  12.1 V  33 C  err 0x00
>>> pos 30
id 30  pos  2856  spd     0  load  -48  12.1 V  33 C  err 0x00
>>> pos 30
id 30  pos  2861  spd   150  load    0  12.1 V  33 C  err 0x00
>>> pos 30
id 30  pos  2861  spd     0  load  -80  12.1 V  36 C  err 0x00
>>> pos 30
id 30  pos  2867  spd   200  load    0  12.1 V  33 C  err 0x00
>>> pos 30
id 30  pos  2868  spd     0  load  -80  12.1 V  33 C  err 0x00
>>> pos 30
id 30  pos  2874  spd   250  load    0  12.1 V  33 C  err 0x00
>>> pos 30
id 30  pos  2875  spd    50  load  -80  12.1 V  33 C  err 0x00
>>> pos 30
id 30  pos  2881  spd   150  load    0  12.1 V  33 C  err 0x00
>>> pos 30
id 30  pos  2882  spd     0  load  -48  12.1 V  33 C  err 0x00
>>> pos 30
id 30  pos  2887  spd   100  load    0  12.1 V  33 C  err 0x00
>>> pos 30
id 30  pos  2889  spd    50  load  -48  12.0 V  33 C  err 0x00
>>> pos 30
id 30  pos  2893  spd   150  load    0  12.0 V  33 C  err 0x00
>>> pos 30
id 30  pos  2896  spd   150  load    0  12.1 V  33 C  err 0x00
>>> pos 30
id 30  pos  2899  spd    50  load  -48  12.1 V  33 C  err 0x00
>>> pos 30
id 30  pos  2903  spd    50  load    0  12.1 V  33 C  err 0x00
>>> pos 30
id 30  pos  2905  spd     0  load  -48  12.1 V  33 C  err 0x00
>>> pos 30
id 30  pos  2910  spd   100  load    0  12.1 V  33 C  err 0x00
>>> pos 30
id 30  pos  2911  spd    50  load  -80  12.1 V  33 C  err 0x00
>>> pos 30
id 30  pos  2917  spd   250  load    0  12.1 V  33 C  err 0x00
>>> pos 30
id 30  pos  2918  spd     0  load  -80  12.1 V  33 C  err 0x00
>>> pos 30
id 30  pos  2924  spd   250  load    0  12.1 V  33 C  err 0x00
>>> pos 30
id 30  pos  2925  spd    50  load  -48  12.1 V  33 C  err 0x00
>>> pos 30
id 30  pos  2930  spd   200  load    0  12.1 V  33 C  err 0x00
>>> pos 30
id 30  pos  2932  spd   100  load  -48  12.0 V  33 C  err 0x00
>>> pos 30
id 30  pos  2936  spd    50  load    0  12.0 V  33 C  err 0x00
>>> pos 30
id 30  pos  2940  spd   100  load    0  12.0 V  33 C  err 0x00
>>> pos 30
id 30  pos  2940  spd     0  load -112  12.1 V  33 C  err 0x00
>>> pos 30
id 30  pos  2947  spd   250  load    0  12.1 V  33 C  err 0x00
>>> pos 30
id 30  pos  2948  spd     0  load  -80  12.1 V  33 C  err 0x00
>>> pos 30
id 30  pos  2953  spd    50  load    0  12.1 V  33 C  err 0x00
>>> pos 30
id 30  pos  2955  spd   100  load  -48  12.1 V  33 C  err 0x00
>>> pos 30
id 30  pos  2959  spd   200  load    0  12.1 V  33 C  err 0x00
>>> pos 30
id 30  pos  2962  spd   100  load  -48  12.1 V  33 C  err 0x00
>>> pos 30
id 30  pos  2966  spd   100  load    0  12.1 V  33 C  err 0x00
>>> pos 30
id 30  pos  2968  spd    50  load  -48  12.1 V  33 C  err 0x00
>>> pos 30
id 30  pos  2973  spd   100  load    0  12.1 V  33 C  err 0x00
>>> pos 30
id 30  pos  2975  spd    50  load  -48  12.1 V  33 C  err 0x00
>>> pos 30
id 30  pos  2979  spd   200  load    0  12.1 V  33 C  err 0x00
>>> pos 30
id 30  pos  2981  spd   100  load  -80  12.1 V  33 C  err 0x00
>>> pos 30
id 30  pos  2987  spd   200  load    0  12.1 V  33 C  err 0x00
>>> pos 30
id 30  pos  2988  spd     0  load  -48  12.1 V  33 C  err 0x00
>>> pos 30
id 30  pos  2993  spd    50  load    0  12.1 V  33 C  err 0x00
>>> pos 30
id 30  pos  2995  spd    50  load  -48  12.1 V  33 C  err 0x00
>>> pos 30
id 30  pos  2999  spd   150  load    0  12.1 V  33 C  err 0x00
>>> pos 30
id 30  pos  3002  spd   200  load  -48  12.1 V  33 C  err 0x00
>>> pos 30
id 30  pos  3005  spd   100  load  -48  12.1 V  33 C  err 0x00
>>> pos 30
id 30  pos  3008  spd     0  load  -48  12.1 V  33 C  err 0x00
>>> pos 30
id 30  pos  3012  spd   100  load    0  12.1 V  33 C  err 0x00
>>> pos 30
id 30  pos  3015  spd    50  load  -48  12.1 V  33 C  err 0x00
>>> pos 30
id 30  pos  3019  spd   200  load    0  12.1 V  33 C  err 0x00
>>> pos 30
id 30  pos  3022  spd   150  load    0  12.1 V  33 C  err 0x00
>>> pos 30
id 30  pos  3024  spd    50  load  -80  12.0 V  33 C  err 0x00
>>> pos 30
id 30  pos  3029  spd    50  load    0  12.1 V  33 C  err 0x00
>>> pos 30
id 30  pos  3031  spd     0  load  -48  12.1 V  33 C  err 0x00
>>> pos 30
id 30  pos  3036  spd   150  load    0  12.1 V  33 C  err 0x00
>>> pos 30
id 30  pos  3037  spd     0  load  -80  12.1 V  33 C  err 0x00
>>> pos 30
id 30  pos  3043  spd   250  load    0  12.1 V  33 C  err 0x00
>>> pos 30
id 30  pos  3044  spd     0  load  -80  12.1 V  53 C  err 0x00
>>> pos 30
id 30  pos  3049  spd    50  load    0  12.1 V  33 C  err 0x00
>>> pos 30
id 30  pos  3051  spd   100  load  -48  12.1 V  33 C  err 0x00
>>> pos 30
id 30  pos  3055  spd   150  load  -48  12.1 V  33 C  err 0x00
>>> pos 30
id 30  pos  3058  spd   200  load  -48  12.1 V  33 C  err 0x00
>>> pos 30
id 30  pos  3062  spd   100  load    0  12.1 V  33 C  err 0x00
>>> pos 30
id 30  pos  3064  spd    50  load  -48  12.0 V  33 C  err 0x00
>>> pos 30
id 30  pos  3069  spd    50  load    0  12.0 V  33 C  err 0x00
>>> pos 30
id 30  pos  3071  spd   100  load  -48  12.1 V  33 C  err 0x00
>>> pos 30
id 30  pos  3075  spd   150  load    0  12.1 V  33 C  err 0x00
>>> pos 30
id 30  pos  3079  spd   200  load    0  12.1 V  33 C  err 0x00
>>> pos 30
id 30  pos  3080  spd     0  load  -80  12.1 V  33 C  err 0x00
>>> pos 30
id 30  pos  3086  spd   150  load    0  12.1 V  33 C  err 0x00
>>> pos 30
id 30  pos  3087  spd     0  load  -80  12.1 V  33 C  err 0x00
>>> pos 30
id 30  pos  3092  spd   200  load    0  12.1 V  33 C  err 0x00
>>> pos 30
id 30  pos  3093  spd     0  load  -80  12.1 V  33 C  err 0x00
>>> pos 30
id 30  pos  3100  spd   150  load    0  12.1 V  33 C  err 0x00
>>> pos 30
id 30  pos  3101  spd    50  load  -48  12.1 V  33 C  err 0x00
>>> pos 30
id 30  pos  3105  spd   200  load    0  12.1 V  33 C  err 0x00
>>> pos 30
id 30  pos  3108  spd   150  load  -48  12.1 V  33 C  err 0x00
>>> pos 30
id 30  pos  3111  spd    50  load  -48  12.1 V  33 C  err 0x00
>>> pos 30
id 30  pos  3115  spd    50  load    0  12.1 V  33 C  err 0x00
>>> pos 30
id 30  pos  3116  spd     0  load  -80  12.0 V  33 C  err 0x00
>>> pos 30
id 30  pos  3123  spd   200  load    0  12.1 V  33 C  err 0x00
>>> pos 30
id 30  pos  3123  spd     0  load  -80  12.1 V  33 C  err 0x00
>>> pos 30
id 30  pos  3129  spd   200  load    0  12.1 V  33 C  err 0x00
>>> pos 30
id 30  pos  3130  spd    50  load  -80  12.1 V  33 C  err 0x00
>>> pos 30
id 30  pos  3135  spd   100  load    0  12.1 V  33 C  err 0x00
>>> pos 30
id 30  pos  3136  spd    50  load  -80  12.0 V  33 C  err 0x00
>>> pos 30
id 30  pos  3142  spd   200  load    0  12.1 V  33 C  err 0x00
>>> pos 30
id 30  pos  3143  spd     0  load  -80  12.1 V  33 C  err 0x00
>>> pos 30
id 30  pos  3149  spd   250  load    0  12.1 V  33 C  err 0x00
>>> pos 30
id 30  pos  3150  spd    50  load  -80  12.1 V  33 C  err 0x00
>>> pos 30
id 30  pos  3155  spd   150  load    0  12.1 V  33 C  err 0x00
>>> pos 30
id 30  pos  3157  spd    50  load  -48  12.1 V  33 C  err 0x00
>>> pos 30
id 30  pos  3161  spd   150  load  -48  12.1 V  33 C  err 0x00
>>> pos 30
id 30  pos  3163  spd    50  load  -80  12.1 V  33 C  err 0x00
>>> pos 30
id 30  pos  3168  spd   150  load    0  12.1 V  33 C  err 0x00
>>> pos 30
id 30  pos  3170  spd    50  load  -80  12.0 V  33 C  err 0x00
>>> pos 30
id 30  pos  3175  spd   200  load    0  12.1 V  33 C  err 0x00
>>> pos 30
id 30  pos  3176  spd     0  load  -80  12.1 V  33 C  err 0x00
>>> pos 30
id 30  pos  3182  spd   150  load    0  12.1 V  33 C  err 0x00
>>> pos 30
id 30  pos  3182  spd    50  load -112  12.1 V  33 C  err 0x00
>>> pos 30
id 30  pos  3189  spd   200  load    0  12.1 V  33 C  err 0x00
>>> pos 30
id 30  pos  3189  spd     0  load  -80  12.1 V  33 C  err 0x00
>>> pos 30
id 30  pos  3195  spd   150  load    0  12.1 V  33 C  err 0x00
>>> pos 30
id 30  pos  3197  spd     0  load  -48  12.1 V  33 C  err 0x00
>>> pos 30
id 30  pos  3201  spd   150  load    0  12.1 V  33 C  err 0x00
>>> pos 30
id 30  pos  3203  spd    50  load  -80  12.1 V  33 C  err 0x00
>>> pos 30
id 30  pos  3208  spd   150  load    0  12.0 V  33 C  err 0x00
>>> pos 30
id 30  pos  3210  spd   100  load  -48  12.1 V  33 C  err 0x00
>>> pos 30
id 30  pos  3214  spd   150  load  -48  12.1 V  33 C  err 0x00
>>> pos 30
id 30  pos  3217  spd    50  load  -48  12.0 V  33 C  err 0x00
>>> pos 30
id 30  pos  3221  spd   100  load    0  12.1 V  33 C  err 0x00
>>> pos 30
id 30  pos  3223  spd     0  load  -80  12.0 V  33 C  err 0x00
>>> pos 30
id 30  pos  3228  spd   200  load    0  12.1 V  33 C  err 0x00
>>> pos 30
id 30  pos  3229  spd    50  load  -80  12.0 V  33 C  err 0x00
>>> pos 30
id 30  pos  3235  spd   200  load    0  12.1 V  33 C  err 0x00
>>> pos 30
id 30  pos  3236  spd    50  load  -80  12.1 V  34 C  err 0x00
>>> pos 30
id 30  pos  3241  spd   150  load    0  12.1 V  33 C  err 0x00
>>> pos 30
id 30  pos  3242  spd    50  load  -80  12.1 V  33 C  err 0x00
>>> pos 30
id 30  pos  3249  spd   250  load    0  12.0 V  33 C  err 0x00
>>> pos 30
id 30  pos  3250  spd    50  load  -48  12.1 V  33 C  err 0x00
>>> pos 30
id 30  pos  3254  spd    50  load    0  12.1 V  33 C  err 0x00
>>> pos 30
id 30  pos  3257  spd   100  load  -48  12.0 V  33 C  err 0x00
>>> pos 30
id 30  pos  3260  spd     0  load  -48  12.1 V  33 C  err 0x00
>>> pos 30
id 30  pos  3263  spd   150  load  -48  12.1 V  33 C  err 0x00
>>> pos 30
id 30  pos  3267  spd   100  load  -48  12.0 V  33 C  err 0x00
>>> pos 30
id 30  pos  3270  spd   150  load  -48  12.1 V  33 C  err 0x00
>>> pos 30
id 30  pos  3274  spd    50  load    0  12.1 V  33 C  err 0x00
>>> pos 30
id 30  pos  3277  spd   100  load  -48  12.1 V  33 C  err 0x00
>>> pos 30
id 30  pos  3279  spd     0  load  -80  12.0 V  53 C  err 0x00
>>> pos 30
id 30  pos  3284  spd   250  load    0  12.1 V  33 C  err 0x00
>>> pos 30
id 30  pos  3286  spd    50  load  -48  12.1 V  33 C  err 0x00
>>> pos 30
id 30  pos  3291  spd   200  load    0  12.1 V  33 C  err 0x00
>>> pos 30
id 30  pos  3291  spd     0  load -112  12.1 V  33 C  err 0x00
>>> pos 30
id 30  pos  3298  spd   200  load    0  12.1 V  33 C  err 0x00
>>> pos 30
id 30  pos  3298  spd     0  load -112  12.0 V  33 C  err 0x00
>>> pos 30
id 30  pos  3305  spd   200  load    0  12.1 V  33 C  err 0x00
>>> pos 30
id 30  pos  3305  spd     0  load  -80  12.1 V  33 C  err 0x00
>>> pos 30
id 30  pos  3311  spd   150  load    0  12.1 V  33 C  err 0x00
>>> pos 30
id 30  pos  3312  spd     0  load  -80  12.1 V  33 C  err 0x00
>>> pos 30
id 30  pos  3318  spd   300  load    0  12.1 V  33 C  err 0x00
>>> pos 30
id 30  pos  3321  spd   100  load    0  12.1 V  33 C  err 0x00
>>> pos 30
id 30  pos  3322  spd   -50  load  -80  12.1 V  33 C  err 0x00
>>> pos 30
id 30  pos  3328  spd   150  load    0  12.0 V  33 C  err 0x00
>>> pos 30
id 30  pos  3328  spd     0  load -112  12.1 V  33 C  err 0x00
>>> pos 30
id 30  pos  3334  spd   250  load    0  12.1 V  33 C  err 0x00
>>> pos 30
id 30  pos  3336  spd     0  load  -48  12.1 V  33 C  err 0x00
>>> pos 30
id 30  pos  3340  spd     0  load    0  12.1 V  33 C  err 0x00
>>> pos 30
id 30  pos  3344  spd   150  load    0  12.1 V  33 C  err 0x00
>>> pos 30
id 30  pos  3345  spd     0  load  -80  12.1 V  33 C  err 0x00
>>> pos 30
id 30  pos  3351  spd   250  load    0  12.1 V  33 C  err 0x00
>>> pos 30
id 30  pos  3352  spd     0  load  -80  12.1 V  33 C  err 0x00
>>> pos 30
id 30  pos  3356  spd   200  load  -48  12.1 V  33 C  err 0x00
>>> pos 30
id 30  pos  3360  spd   150  load    0  12.1 V  33 C  err 0x00
>>> pos 30
id 30  pos  3362  spd     0  load  -80  12.1 V  33 C  err 0x00
>>> pos 30
id 30  pos  3367  spd   100  load    0  12.1 V  33 C  err 0x00
>>> pos 30
id 30  pos  3368  spd     0  load  -80  12.0 V  33 C  err 0x00
>>> pos 30
id 30  pos  3375  spd   300  load    0  12.0 V  33 C  err 0x00
>>> pos 30
id 30  pos  3375  spd     0  load  -80  12.1 V  33 C  err 0x00
>>> pos 30
id 30  pos  3381  spd    50  load    0  12.1 V  33 C  err 0x00
>>> pos 30
id 30  pos  3384  spd    50  load    0  12.1 V  33 C  err 0x00
>>> pos 30
id 30  pos  3384  spd     0  load -112  12.1 V  33 C  err 0x00
>>> pos 30
id 30  pos  3390  spd   250  load    0  12.0 V  33 C  err 0x00
>>> pos 30
id 30  pos  3391  spd    50  load -112  12.1 V  33 C  err 0x00
>>> pos 30
id 30  pos  3398  spd   150  load    0  12.1 V  33 C  err 0x00
>>> pos 30
id 30  pos  3399  spd    50  load  -48  12.0 V  33 C  err 0x00
>>> pos 30
id 30  pos  3401  spd   100  load  -80  12.1 V  33 C  err 0x00
>>> pos 30
id 30  pos  3409  spd   400  load    0  12.1 V  33 C  err 0x00
>>> pos 30
id 30  pos  3408  spd   -50  load  -80  12.1 V  33 C  err 0x00
>>> pos 30
id 30  pos  3414  spd   200  load    0  12.1 V  33 C  err 0x00
>>> pos 30
id 30  pos  3418  spd   250  load    0  12.0 V  33 C  err 0x00
>>> pos 30
id 30  pos  3417  spd   -50  load -112  12.1 V  91 C  err 0x00
>>> pos 30
id 30  pos  3425  spd   400  load    0  12.1 V  33 C  err 0x00
>>> pos 30
id 30  pos  3427  spd   100  load    0  12.0 V  33 C  err 0x00
>>> pos 30
id 30  pos  3426  spd   -50  load -144  12.0 V  33 C  err 0x00
>>> pos 30
id 30  pos  3437  spd   350  load   80  12.1 V  33 C  err 0x00
>>> pos 30
id 30  pos  3436  spd    50  load  -48  12.1 V  33 C  err 0x00
>>> pos 30
id 30  pos  3437  spd     0  load -112  12.1 V  37 C  err 0x00
>>> pos 30
id 30  pos  3447  spd   250  load   80  12.1 V  33 C  err 0x00
>>> pos 30
id 30  pos  3446  spd     0  load  -48  12.1 V  33 C  err 0x00
>>> pos 30
id 30  pos  3447  spd    50  load -112  12.1 V  33 C  err 0x00
>>> pos 30
id 30  pos  3457  spd   250  load   80  12.1 V  33 C  err 0x00
>>> pos 30
id 30  pos  3454  spd   -50  load  -80  12.1 V  33 C  err 0x00
>>> pos 30
id 30  pos  3459  spd   200  load  -48  12.1 V  33 C  err 0x00
>>> pos 30
id 30  pos  3466  spd   100  load   48  12.0 V  33 C  err 0x00
>>> pos 30
id 30  pos  3464  spd     0  load  -80  12.0 V  33 C  err 0x00
>>> pos 30
id 30  pos  3469  spd   200  load  -48  12.1 V  33 C  err 0x00
>>> pos 30
id 30  pos  3476  spd   100  load   48  12.0 V  33 C  err 0x00
>>> pos 30
id 30  pos  3475  spd     0  load  -48  12.1 V  33 C  err 0x00
>>> pos 30
id 30  pos  3479  spd   150  load  -48  12.1 V  33 C  err 0x00
>>> pos 30
id 30  pos  3485  spd   350  load    0  12.1 V  33 C  err 0x00
>>> pos 30
id 30  pos  3483  spd   -50  load -112  12.0 V  33 C  err 0x00
>>> pos 30
id 30  pos  3490  spd   250  load    0  12.1 V  33 C  err 0x00
>>> pos 30
id 30  pos  3495  spd   350  load    0  12.1 V  33 C  err 0x00
>>> pos 30
id 30  pos  3492  spd  -100  load -144  12.0 V  33 C  err 0x00
>>> pos 30
id 30  pos  3502  spd   300  load    0  12.1 V  33 C  err 0x00
>>> pos 30
id 30  pos  3504  spd   200  load    0  12.1 V  33 C  err 0x00
>>> pos 30
id 30  pos  3502  spd   -50  load -144  12.1 V  33 C  err 0x00
>>> pos 30
id 30  pos  3511  spd   300  load    0  12.1 V  33 C  err 0x00
>>> pos 30
id 30  pos  3514  spd   200  load    0  12.1 V  33 C  err 0x00
>>> pos 30
id 30  pos  3511  spd  -150  load -144  12.1 V  33 C  err 0x00
>>> pos 30
id 30  pos  3520  spd   300  load   48  12.1 V  33 C  err 0x00
>>> pos 30
id 30  pos  3521  spd   100  load    0  12.1 V  33 C  err 0x00
>>> pos 30
id 30  pos  3519  spd  -100  load  -80  12.1 V  33 C  err 0x00
>>> pos 30
id 30  pos  3526  spd   250  load   48  12.1 V  33 C  err 0x00
>>> pos 30
id 30  pos  3527  spd   100  load    0  12.1 V  33 C  err 0x00
>>> pos 30
id 30  pos  3525  spd  -100  load  -80  12.1 V  33 C  err 0x00
>>> pos 30
id 30  pos  3528  spd   150  load    0  12.1 V  33 C  err 0x00
>>> pos 30
id 30  pos  3532  spd   200  load    0  12.1 V  33 C  err 0x00
>>> pos 30
id 30  pos  3530  spd   -50  load    0  12.1 V  33 C  err 0x00
>>> pos 30
id 30  pos  3530  spd    50  load    0  12.1 V  33 C  err 0x00
>>> pos 30
id 30  pos  3533  spd   100  load   48  12.1 V  33 C  err 0x00
>>> pos 30
id 30  pos  3533  spd     0  load   48  12.1 V  33 C  err 0x00
>>> pos 30
id 30  pos  3531  spd     0  load    0  12.1 V  33 C  err 0x00
>>> pos 30
id 30  pos  3532  spd     0  load    0  12.1 V  33 C  err 0x00
>>> pos 30
id 30  pos  3532  spd     0  load    0  12.1 V  33 C  err 0x00
>>> pos 30
id 30  pos  3532  spd     0  load    0  12.1 V  33 C  err 0x00
>>> pos 30
id 30  pos  3532  spd     0  load    0  12.0 V  33 C  err 0x00
>>> pos 30
id 30  pos  3532  spd     0  load    0  12.1 V  33 C  err 0x00
>>> pos 30
id 30  pos  3532  spd     0  load    0  12.1 V  33 C  err 0x00
>>> pos 30
id 30  pos  3532  spd     0  load    0  12.1 V  33 C  err 0x00
>>> pos 30
id 30  pos  3532  spd     0  load    0  12.0 V  33 C  err 0x00
>>> pos 30
id 30  pos  3532  spd     0  load    0  12.1 V  33 C  err 0x00
>>> pos 30
id 30  pos  3532  spd     0  load    0  12.1 V  33 C  err 0x00
>>> pos 30
id 30  pos  3532  spd     0  load    0  12.1 V  33 C  err 0x00
>>> pos 30
id 30  pos  3532  spd     0  load    0  12.1 V  33 C  err 0x00
>>> pos 30
id 30  pos  3532  spd     0  load    0  12.1 V  33 C  err 0x00
>>> pos 30
id 30  pos  3532  spd     0  load    0  12.1 V  33 C  err 0x00
>>> pos 30
id 30  pos  3532  spd     0  load    0  12.1 V  33 C  err 0x00
>>> pos 30
id 30  pos  3532  spd     0  load    0  12.1 V  33 C  err 0x00
>>> pos 30
id 30  pos  3532  spd     0  load    0  12.1 V  33 C  err 0x00
>>> pos 30
id 30  pos  3532  spd     0  load    0  12.1 V  33 C  err 0x00
>>> pos 30
id 30  pos  3532  spd     0  load    0  12.1 V  33 C  err 0x00
>>> pos 30
id 30  pos  3532  spd     0  load    0  12.1 V  33 C  err 0x00
>>> pos 30
id 30  pos  3532  spd     0  load    0  12.1 V  33 C  err 0x00
>>> pos 30
id 30  pos  3532  spd     0  load    0  12.1 V  33 C  err 0x00
>>> pos 30
id 30  pos  3532  spd     0  load    0  12.1 V  33 C  err 0x00
>>> pos 30
id 30  pos  3532  spd     0  load    0  12.1 V  33 C  err 0x00
>>> pos 30
id 30  pos  3532  spd     0  load    0  12.1 V  33 C  err 0x00
>>> pos 30
id 30  pos  3532  spd     0  load    0  12.1 V  33 C  err 0x00
>>> pos 30
id 30  pos  3532  spd     0  load    0  12.1 V  33 C  err 0x00
>>> pos 30
id 30  pos  3532  spd     0  load    0  12.1 V  33 C  err 0x00
>>> pos 30
id 30  pos  3532  spd     0  load    0  12.1 V  33 C  err 0x00
>>> pos 30
id 30  pos  3532  spd     0  load    0  12.1 V  33 C  err 0x00
>>> pos 30
id 30  pos  3532  spd     0  load    0  12.1 V  33 C  err 0x00
>>> pos 30
id 30  pos  3532  spd     0  load    0  12.1 V  33 C  err 0x00
>>> pos 30
id 30  pos  3532  spd     0  load    0  12.1 V  33 C  err 0x00
>>> pos 30
id 30  pos  3532  spd     0  load    0  12.1 V  33 C  err 0x00
>>> pos 30
id 30  pos  3532  spd     0  load    0  12.1 V  33 C  err 0x00
>>> pos 30
id 30  pos  3532  spd     0  load    0  12.1 V  33 C  err 0x00
>>> pos 30
id 30  pos  3532  spd     0  load    0  12.1 V  33 C  err 0x00
>>> pos 30
id 30  pos  3532  spd     0  load    0  12.1 V  33 C  err 0x00
>>> pos 30
id 30  pos  3532  spd     0  load    0  12.1 V  33 C  err 0x00
>>> pos 30
id 30  pos  3532  spd     0  load    0  12.1 V  33 C  err 0x00
>>> pos 30
id 30  pos  3532  spd     0  load    0  12.1 V  33 C  err 0x00
>>> pos 30
id 30  pos  3532  spd     0  load    0  12.0 V  33 C  err 0x00
>>> pos 30
id 30  pos  3532  spd     0  load    0  12.1 V  33 C  err 0x00
>>> pos 30
id 30  pos  3532  spd     0  load    0  12.0 V  33 C  err 0x00
>>> pos 30
id 30  pos  3532  spd     0  load    0  12.0 V  33 C  err 0x00
>>> pos 30
id 30  pos  3532  spd     0  load    0  12.1 V  33 C  err 0x00
>>> pos 30
id 30  pos  3532  spd     0  load    0  12.1 V  33 C  err 0x00
>>> pos 30
id 30  pos  3532  spd     0  load    0  12.1 V  33 C  err 0x00
>>> pos 30
id 30  pos  3532  spd     0  load    0  12.1 V  33 C  err 0x00
>>> pos 30
id 30  pos  3532  spd     0  load    0  12.1 V  33 C  err 0x00
>>> pos 30
id 30  pos  3532  spd     0  load    0  12.1 V  33 C  err 0x00
>>> pos 30
id 30  pos  3532  spd     0  load    0  12.1 V  33 C  err 0x00
>>> pos 30
id 30  pos  3532  spd     0  load    0  12.1 V  33 C  err 0x00
>>> pos 30
id 30  pos  3532  spd     0  load    0  12.1 V  33 C  err 0x00
>>> pos 30
id 30  pos  3532  spd     0  load    0  12.1 V  33 C  err 0x00
>>> pos 30
id 30  pos  3532  spd     0  load    0  12.1 V  33 C  err 0x00
>>> pos 30
id 30  pos  3532  spd     0  load    0  12.1 V  33 C  err 0x00
>>> pos 30
id 30  pos  3532  spd     0  load    0  12.1 V  33 C  err 0x00
>>> pos 30
id 30  pos  3532  spd     0  load    0  12.1 V  33 C  err 0x00
>>> pos 30
id 30  pos  3532  spd     0  load    0  12.1 V  33 C  err 0x00
>>> pos 30
id 30  pos  3532  spd     0  load    0  12.1 V  33 C  err 0x00
>>> pos 30
id 30  pos  3532  spd     0  load    0  12.0 V  33 C  err 0x00
>>> pos 30
id 30  pos  3532  spd     0  load    0  12.1 V  33 C  err 0x00
>>> pos 30
id 30  pos  3532  spd     0  load    0  12.1 V  33 C  err 0x00
>>> pos 30
id 30  pos  3532  spd     0  load    0  12.1 V  33 C  err 0x00
>>> pos 30
id 30  pos  3532  spd     0  load    0  12.1 V  33 C  err 0x00
>>> pos 30
id 30  pos  3532  spd     0  load    0  12.0 V  33 C  err 0x00
>>> pos 30
id 30  pos  3532  spd     0  load    0  12.1 V  33 C  err 0x00
>>> pos 30
id 30  pos  3532  spd     0  load    0  12.1 V  33 C  err 0x00
>>> pos 30
id 30  pos  3532  spd     0  load    0  12.1 V  33 C  err 0x00
>>> pos 30
id 30  pos  3532  spd     0  load    0  12.1 V  33 C  err 0x00
>>> pos 30
id 30  pos  3532  spd     0  load    0  12.1 V  33 C  err 0x00
>>> pos 30
id 30  pos  3532  spd     0  load    0  12.1 V  33 C  err 0x00
>>> pos 30
id 30  pos  3532  spd     0  load    0  12.1 V  33 C  err 0x00
>>> pos 30
id 30  pos  3532  spd     0  load    0  12.1 V  33 C  err 0x00
>>> pos 30
id 30  pos  3532  spd     0  load    0  12.1 V  33 C  err 0x00
>>> pos 30
id 30  pos  3532  spd     0  load    0  12.1 V  33 C  err 0x00
>>> pos 30
id 30  pos  3532  spd     0  load    0  12.1 V  33 C  err 0x00
>>> pos 30
id 30  pos  3532  spd     0  load    0  12.1 V  33 C  err 0x00
>>> pos 30
id 30  pos  3532  spd     0  load    0  12.1 V  33 C  err 0x00
>>> pos 30
id 30  pos  3532  spd     0  load    0  12.1 V  33 C  err 0x00
>>> pos 30
id 30  pos  3532  spd     0  load    0  12.1 V  33 C  err 0x00
>>> pos 30
id 30  pos  3532  spd     0  load    0  12.1 V  33 C  err 0x00
>>> pos 30
id 30  pos  3532  spd     0  load    0  12.1 V  33 C  err 0x00
>>> pos 30
id 30  pos  3532  spd     0  load    0  12.1 V  33 C  err 0x00
>>> pos 30
id 30  pos  3532  spd     0  load    0  12.1 V  33 C  err 0x00
>>> pos 30
id 30  pos  3532  spd     0  load    0  12.1 V  33 C  err 0x00
>>> pos 30
id 30  pos  3532  spd     0  load    0  12.1 V  33 C  err 0x00
>>> pos 30
id 30  pos  3532  spd     0  load    0  12.1 V  33 C  err 0x00
>>> pos 30
id 30  pos  3532  spd     0  load    0  12.1 V  33 C  err 0x00
>>> pos 30
id 30  pos  3532  spd     0  load    0  12.1 V  33 C  err 0x00
>>> pos 30
id 30  pos  3532  spd     0  load    0  12.1 V  33 C  err 0x00
>>> pos 30
id 30  pos  3532  spd     0  load    0  12.1 V  33 C  err 0x00
>>> pos 30
id 30  pos  3532  spd     0  load    0  12.1 V  33 C  err 0x00
>>> pos 30
id 30  pos  3532  spd     0  load    0  12.1 V  33 C  err 0x00
>>> pos 30
id 30  pos  3532  spd     0  load    0  12.1 V  33 C  err 0x00
>>> pos 30
id 30  pos  3532  spd     0  load    0  12.1 V  33 C  err 0x00
  travel 2507->3531: spd 125 (sd 86, -150..400), backward samples 12/260, load -144..80, end overshoot 1, residual range 0, err 0
>>> pos 30
id 30  pos  3532  spd     0  load    0  12.1 V  33 C  err 0x00
>>> pos 30
id 30  pos  3532  spd     0  load    0  12.1 V  33 C  err 0x00
>>> release 30
release 30: ok
>>> pos 30
id 30  pos  3532  spd     0  load    0  12.0 V  33 C  err 0x00
  released hanging: pos 3532

== P 160 D 0
>>> gains 30
id 30  P 128  D 0  I 0   expected (no row in servo_gains.h)
>>> release 30
release 30: ok
>>> gains 30 160 0
id 30: writing P 160 D 0 to EEPROM (torque must be OFF; no goal is written) ...
id 30: FAILED (write-failed) -- EEPROM re-lock attempted; `gains 30` to see what the servo holds
>>> gains 30
id 30  P 160  D 0  I 0   expected (no row in servo_gains.h)
>>> reg 30 55 1
id 30 reg 55 = 1 (0x01)
# gains 160/0 FAILED (attempt 1); read back P 160 D 0, lock 1
  gains 160/0: landed, ack lost

NEXT MOTION: P 160: torque on hanging down; quiet hold + 4 smooth 2-deg moves; raise to straight out; quiet hold + 2 slow probes + 4 smooth 2-deg moves; lower and release
  type go:
< 'go'
>>> pos 30
id 30  pos  3532  spd     0  load    0  12.1 V  33 C  err 0x00
>>> torque 30
torque 30: ok
>>> pos 30
id 30  pos  3532  spd     0  load    0  12.1 V  33 C  err 0x00
>>> pos 30
id 30  pos  3532  spd     0  load    0  12.1 V  33 C  err 0x00
>>> move 30 3531 0 100 2
move id 30 -> 3531 ticks, 0 ms, spd 100, acc 2: ok
>>> pos 30
id 30  pos  3532  spd     0  load    0  12.1 V  33 C  err 0x00
>>> pos 30
id 30  pos  3532  spd     0  load    0  12.1 V  33 C  err 0x00
>>> pos 30
id 30  pos  3532  spd     0  load    0  12.1 V  33 C  err 0x00
>>> pos 30
id 30  pos  3532  spd     0  load    0  12.1 V  33 C  err 0x00
>>> pos 30
id 30  pos  3532  spd     0  load    0  12.1 V  33 C  err 0x00
>>> pos 30
id 30  pos  3532  spd     0  load    0  12.1 V  33 C  err 0x00
>>> pos 30
id 30  pos  3532  spd     0  load    0  12.1 V  33 C  err 0x00
>>> pos 30
id 30  pos  3532  spd     0  load    0  12.1 V  33 C  err 0x00
>>> pos 30
id 30  pos  3532  spd     0  load    0  12.1 V  33 C  err 0x00
>>> pos 30
id 30  pos  3532  spd     0  load    0  12.1 V  33 C  err 0x00
>>> pos 30
id 30  pos  3532  spd     0  load    0  12.1 V  33 C  err 0x00
>>> pos 30
id 30  pos  3532  spd     0  load    0  12.1 V  33 C  err 0x00
>>> pos 30
id 30  pos  3532  spd     0  load    0  12.1 V  33 C  err 0x00
>>> pos 30
id 30  pos  3532  spd     0  load    0  12.1 V  33 C  err 0x00
>>> pos 30
id 30  pos  3532  spd     0  load    0  12.1 V  33 C  err 0x00
>>> pos 30
id 30  pos  3532  spd     0  load    0  12.1 V  33 C  err 0x00
>>> pos 30
id 30  pos  3532  spd     0  load    0  12.1 V  33 C  err 0x00
>>> pos 30
id 30  pos  3532  spd     0  load    0  12.1 V  33 C  err 0x00
>>> pos 30
id 30  pos  3532  spd     0  load    0  12.1 V  33 C  err 0x00
>>> pos 30
id 30  pos  3532  spd     0  load    0  12.1 V  33 C  err 0x00
>>> pos 30
id 30  pos  3532  spd     0  load    0  12.1 V  33 C  err 0x00
>>> pos 30
id 30  pos  3532  spd     0  load    0  12.1 V  33 C  err 0x00
>>> pos 30
id 30  pos  3532  spd     0  load    0  12.1 V  33 C  err 0x00
>>> pos 30
id 30  pos  3532  spd     0  load    0  12.1 V  33 C  err 0x00
>>> pos 30
id 30  pos  3532  spd     0  load    0  12.1 V  33 C  err 0x00
>>> pos 30
id 30  pos  3532  spd     0  load    0  12.1 V  33 C  err 0x00
>>> pos 30
id 30  pos  3532  spd     0  load    0  12.1 V  33 C  err 0x00
>>> pos 30
id 30  pos  3532  spd     0  load    0  12.1 V  33 C  err 0x00
>>> pos 30
id 30  pos  3532  spd     0  load    0  12.1 V  33 C  err 0x00
>>> pos 30
id 30  pos  3532  spd     0  load    0  12.1 V  33 C  err 0x00
>>> pos 30
id 30  pos  3532  spd     0  load    0  12.1 V  33 C  err 0x00
>>> pos 30
id 30  pos  3532  spd     0  load    0  12.1 V  33 C  err 0x00
>>> pos 30
id 30  pos  3532  spd     0  load    0  12.1 V  33 C  err 0x00
>>> pos 30
id 30  pos  3532  spd     0  load    0  12.1 V  33 C  err 0x00
>>> pos 30
id 30  pos  3532  spd     0  load    0  12.1 V  33 C  err 0x00
>>> pos 30
id 30  pos  3532  spd     0  load    0  12.1 V  33 C  err 0x00
>>> pos 30
id 30  pos  3532  spd     0  load    0  12.1 V  33 C  err 0x00
>>> pos 30
id 30  pos  3532  spd     0  load    0  12.1 V  33 C  err 0x00
>>> pos 30
id 30  pos  3532  spd     0  load    0  12.0 V  33 C  err 0x00
>>> pos 30
id 30  pos  3532  spd     0  load    0  12.1 V  33 C  err 0x00
>>> pos 30
id 30  pos  3532  spd     0  load    0  12.1 V  33 C  err 0x00
>>> pos 30
id 30  pos  3532  spd     0  load    0  12.1 V  33 C  err 0x00
>>> pos 30
id 30  pos  3532  spd     0  load    0  12.0 V  33 C  err 0x00
>>> pos 30
id 30  pos  3532  spd     0  load    0  12.0 V  33 C  err 0x00
>>> pos 30
id 30  pos  3532  spd     0  load    0  12.1 V  33 C  err 0x00
>>> pos 30
id 30  pos  3532  spd     0  load    0  12.1 V  33 C  err 0x00
>>> pos 30
id 30  pos  3532  spd     0  load    0  12.1 V  33 C  err 0x00
>>> pos 30
id 30  pos  3532  spd     0  load    0  12.0 V  33 C  err 0x00
>>> pos 30
id 30  pos  3532  spd     0  load    0  12.1 V  33 C  err 0x00
>>> pos 30
id 30  pos  3532  spd     0  load    0  12.1 V  33 C  err 0x00
>>> pos 30
id 30  pos  3532  spd     0  load    0  12.1 V  33 C  err 0x00
>>> pos 30
id 30  pos  3532  spd     0  load    0  12.1 V  33 C  err 0x00
>>> pos 30
id 30  pos  3532  spd     0  load    0  12.1 V  33 C  err 0x00
>>> pos 30
id 30  pos  3532  spd     0  load    0  12.1 V  33 C  err 0x00
>>> pos 30
id 30  pos  3532  spd     0  load    0  12.1 V  33 C  err 0x00
>>> pos 30
id 30  pos  3532  spd     0  load    0  12.1 V  33 C  err 0x00
>>> pos 30
id 30  pos  3532  spd     0  load    0  12.1 V  33 C  err 0x00
>>> pos 30
id 30  pos  3532  spd     0  load    0  12.1 V  33 C  err 0x00
>>> pos 30
id 30  pos  3532  spd     0  load    0  12.1 V  33 C  err 0x00
>>> pos 30
id 30  pos  3532  spd     0  load    0  12.1 V  33 C  err 0x00
>>> pos 30
id 30  pos  3532  spd     0  load    0  12.1 V  33 C  err 0x00
>>> pos 30
id 30  pos  3532  spd     0  load    0  12.1 V  33 C  err 0x00
>>> pos 30
id 30  pos  3532  spd     0  load    0  12.1 V  33 C  err 0x00
>>> pos 30
id 30  pos  3532  spd     0  load    0  12.1 V  33 C  err 0x00
>>> pos 30
id 30  pos  3532  spd     0  load    0  12.1 V  33 C  err 0x00
>>> pos 30
id 30  pos  3532  spd     0  load    0  12.1 V  33 C  err 0x00
>>> pos 30
id 30  pos  3532  spd     0  load    0  12.1 V  33 C  err 0x00
>>> pos 30
id 30  pos  3532  spd     0  load    0  12.1 V  33 C  err 0x00
>>> pos 30
id 30  pos  3532  spd     0  load    0  12.1 V  33 C  err 0x00
>>> pos 30
id 30  pos  3532  spd     0  load    0  12.1 V  33 C  err 0x00
>>> pos 30
id 30  pos  3532  spd     0  load    0  12.1 V  33 C  err 0x00
>>> pos 30
id 30  pos  3532  spd     0  load    0  12.1 V  33 C  err 0x00
>>> pos 30
id 30  pos  3532  spd     0  load    0  12.1 V  33 C  err 0x00
>>> pos 30
id 30  pos  3532  spd     0  load    0  12.1 V  33 C  err 0x00
>>> pos 30
id 30  pos  3532  spd     0  load    0  12.1 V  33 C  err 0x00
>>> pos 30
id 30  pos  3532  spd     0  load    0  12.1 V  33 C  err 0x00
>>> pos 30
id 30  pos  3532  spd     0  load    0  12.1 V  33 C  err 0x00
>>> pos 30
id 30  pos  3532  spd     0  load    0  12.1 V  33 C  err 0x00
>>> pos 30
id 30  pos  3532  spd     0  load    0  12.0 V  33 C  err 0x00
>>> pos 30
id 30  pos  3532  spd     0  load    0  12.1 V  33 C  err 0x00
>>> pos 30
id 30  pos  3532  spd     0  load    0  12.1 V  33 C  err 0x00
>>> pos 30
id 30  pos  3532  spd     0  load    0  12.1 V  33 C  err 0x00
>>> pos 30
id 30  pos  3532  spd     0  load    0  12.1 V  33 C  err 0x00
>>> pos 30
id 30  pos  3532  spd     0  load    0  12.1 V  33 C  err 0x00
>>> pos 30
id 30  pos  3532  spd     0  load    0  12.1 V  33 C  err 0x00
>>> pos 30
id 30  pos  3532  spd     0  load    0  12.1 V  33 C  err 0x00
>>> pos 30
id 30  pos  3532  spd     0  load    0  12.1 V  33 C  err 0x00
>>> pos 30
id 30  pos  3532  spd     0  load    0  12.0 V  33 C  err 0x00
>>> pos 30
id 30  pos  3532  spd     0  load    0  12.1 V  33 C  err 0x00
>>> pos 30
id 30  pos  3532  spd     0  load    0  12.1 V  33 C  err 0x00
>>> pos 30
id 30  pos  3532  spd     0  load    0  12.1 V  33 C  err 0x00
>>> pos 30
id 30  pos  3532  spd     0  load    0  12.1 V  33 C  err 0x00
>>> pos 30
id 30  pos  3532  spd     0  load    0  12.1 V  33 C  err 0x00
>>> pos 30
id 30  pos  3532  spd     0  load    0  12.0 V  33 C  err 0x00
>>> pos 30
id 30  pos  3532  spd     0  load    0  12.1 V  33 C  err 0x00
>>> pos 30
id 30  pos  3532  spd     0  load    0  12.1 V  33 C  err 0x00
>>> pos 30
id 30  pos  3532  spd     0  load    0  12.0 V  33 C  err 0x00
>>> pos 30
id 30  pos  3532  spd     0  load    0  12.1 V  33 C  err 0x00
>>> pos 30
id 30  pos  3532  spd     0  load    0  12.1 V  33 C  err 0x00
>>> pos 30
id 30  pos  3532  spd     0  load    0  12.1 V  33 C  err 0x00
>>> pos 30
id 30  pos  3532  spd     0  load    0  12.1 V  33 C  err 0x00
>>> pos 30
id 30  pos  3532  spd     0  load    0  12.1 V  33 C  err 0x00
>>> pos 30
id 30  pos  3532  spd     0  load    0  12.1 V  33 C  err 0x00
>>> pos 30
id 30  pos  3532  spd     0  load    0  12.0 V  33 C  err 0x00
>>> pos 30
id 30  pos  3532  spd     0  load    0  12.1 V  33 C  err 0x00
>>> pos 30
id 30  pos  3532  spd     0  load    0  12.0 V  33 C  err 0x00
>>> pos 30
id 30  pos  3532  spd     0  load    0  12.1 V  33 C  err 0x00
  travel 3532->3531: spd 0 (sd 0, 0..0), backward samples 0/0, load 0..0, end overshoot 0, residual range 0, err 0
>>> pos 30
id 30  pos  3532  spd     0  load    0  12.1 V  33 C  err 0x00
>>> pos 30
id 30  pos  3532  spd     0  load    0  12.1 V  33 C  err 0x00
>>> pos 30
id 30  pos  3532  spd     0  load    0  12.0 V  33 C  err 0x00
>>> pos 30
id 30  pos  3532  spd     0  load    0  12.1 V  33 C  err 0x00
>>> pos 30
id 30  pos  3532  spd     0  load    0  12.1 V  33 C  err 0x00
>>> pos 30
id 30  pos  3532  spd     0  load    0  12.1 V  33 C  err 0x00
>>> pos 30
id 30  pos  3532  spd     0  load    0  12.1 V  33 C  err 0x00
>>> pos 30
id 30  pos  3532  spd     0  load    0  12.1 V  33 C  err 0x00
>>> pos 30
id 30  pos  3532  spd     0  load    0  12.1 V  33 C  err 0x00
>>> pos 30
id 30  pos  3532  spd     0  load    0  12.1 V  33 C  err 0x00
>>> pos 30
id 30  pos  3532  spd     0  load    0  12.1 V  33 C  err 0x00
>>> pos 30
id 30  pos  3532  spd     0  load    0  12.1 V  33 C  err 0x00
>>> pos 30
id 30  pos  3532  spd     0  load    0  12.1 V  33 C  err 0x00
>>> pos 30
id 30  pos  3532  spd     0  load    0  12.1 V  33 C  err 0x00
>>> pos 30
id 30  pos  3532  spd     0  load    0  12.1 V  33 C  err 0x00
>>> pos 30
id 30  pos  3532  spd     0  load    0  12.1 V  33 C  err 0x00
>>> pos 30
id 30  pos  3532  spd     0  load    0  12.0 V  33 C  err 0x00
>>> pos 30
id 30  pos  3532  spd     0  load    0  12.1 V  33 C  err 0x00
>>> pos 30
id 30  pos  3532  spd     0  load    0  12.1 V  33 C  err 0x00
>>> pos 30
id 30  pos  3532  spd     0  load    0  12.1 V  33 C  err 0x00
>>> pos 30
id 30  pos  3532  spd     0  load    0  12.1 V  33 C  err 0x00
>>> pos 30
id 30  pos  3532  spd     0  load    0  12.1 V  33 C  err 0x00
>>> pos 30
id 30  pos  3532  spd     0  load    0  12.1 V  33 C  err 0x00
>>> pos 30
id 30  pos  3532  spd     0  load    0  12.1 V  33 C  err 0x00
>>> pos 30
id 30  pos  3532  spd     0  load    0  12.1 V  33 C  err 0x00
>>> pos 30
id 30  pos  3532  spd     0  load    0  12.1 V  33 C  err 0x00
>>> pos 30
id 30  pos  3532  spd     0  load    0  12.1 V  33 C  err 0x00
>>> pos 30
id 30  pos  3532  spd     0  load    0  12.1 V  33 C  err 0x00
>>> pos 30
id 30  pos  3532  spd     0  load    0  12.1 V  33 C  err 0x00
>>> pos 30
id 30  pos  3532  spd     0  load    0  12.1 V  33 C  err 0x00
>>> pos 30
id 30  pos  3532  spd     0  load    0  12.1 V  33 C  err 0x00
>>> pos 30
id 30  pos  3532  spd     0  load    0  12.1 V  33 C  err 0x00
>>> pos 30
id 30  pos  3532  spd     0  load    0  12.1 V  33 C  err 0x00
>>> pos 30
id 30  pos  3532  spd     0  load    0  12.1 V  33 C  err 0x00
>>> pos 30
id 30  pos  3532  spd     0  load    0  12.1 V  33 C  err 0x00
>>> pos 30
id 30  pos  3532  spd     0  load    0  12.1 V  33 C  err 0x00
>>> pos 30
id 30  pos  3532  spd     0  load    0  12.1 V  33 C  err 0x00
>>> pos 30
id 30  pos  3532  spd     0  load    0  12.0 V  33 C  err 0x00
>>> pos 30
id 30  pos  3532  spd     0  load    0  12.1 V  33 C  err 0x00
>>> pos 30
id 30  pos  3532  spd     0  load    0  12.1 V  33 C  err 0x00
>>> pos 30
id 30  pos  3532  spd     0  load    0  12.1 V  33 C  err 0x00
>>> pos 30
id 30  pos  3532  spd     0  load    0  12.1 V  33 C  err 0x00
>>> pos 30
id 30  pos  3532  spd     0  load    0  12.1 V  33 C  err 0x00
>>> pos 30
id 30  pos  3532  spd     0  load    0  12.1 V  33 C  err 0x00
>>> pos 30
id 30  pos  3532  spd     0  load    0  12.1 V  33 C  err 0x00
>>> pos 30
id 30  pos  3532  spd     0  load    0  12.1 V  33 C  err 0x00
>>> pos 30
id 30  pos  3532  spd     0  load    0  12.1 V  33 C  err 0x00
>>> pos 30
id 30  pos  3532  spd     0  load    0  12.1 V  33 C  err 0x00
>>> pos 30
id 30  pos  3532  spd     0  load    0  12.1 V  33 C  err 0x00
>>> pos 30
id 30  pos  3532  spd     0  load    0  12.1 V  33 C  err 0x00
>>> pos 30
id 30  pos  3532  spd     0  load    0  12.1 V  33 C  err 0x00
>>> pos 30
id 30  pos  3532  spd     0  load    0  12.0 V  33 C  err 0x00
>>> pos 30
id 30  pos  3532  spd     0  load    0  12.1 V  33 C  err 0x00
>>> pos 30
id 30  pos  3532  spd     0  load    0  12.1 V  33 C  err 0x00
>>> pos 30
id 30  pos  3532  spd     0  load    0  12.1 V  33 C  err 0x00
>>> pos 30
id 30  pos  3532  spd     0  load    0  12.1 V  33 C  err 0x00
>>> pos 30
id 30  pos  3532  spd     0  load    0  12.1 V  33 C  err 0x00
>>> pos 30
id 30  pos  3532  spd     0  load    0  12.0 V  33 C  err 0x00
>>> pos 30
id 30  pos  3532  spd     0  load    0  12.1 V  33 C  err 0x00
>>> pos 30
id 30  pos  3532  spd     0  load    0  12.1 V  33 C  err 0x00
>>> pos 30
id 30  pos  3532  spd     0  load    0  12.0 V  33 C  err 0x00
>>> pos 30
id 30  pos  3532  spd     0  load    0  12.1 V  33 C  err 0x00
>>> pos 30
id 30  pos  3532  spd     0  load    0  12.1 V  33 C  err 0x00
>>> pos 30
id 30  pos  3532  spd     0  load    0  12.1 V  33 C  err 0x00
>>> pos 30
id 30  pos  3532  spd     0  load    0  12.0 V  33 C  err 0x00
>>> pos 30
id 30  pos  3532  spd     0  load    0  12.1 V  33 C  err 0x00
>>> pos 30
id 30  pos  3532  spd     0  load    0  12.1 V  33 C  err 0x00
>>> pos 30
id 30  pos  3532  spd     0  load    0  12.1 V  33 C  err 0x00
>>> pos 30
id 30  pos  3532  spd     0  load    0  12.0 V  33 C  err 0x00
>>> pos 30
id 30  pos  3532  spd     0  load    0  12.1 V  33 C  err 0x00
>>> pos 30
id 30  pos  3532  spd     0  load    0  12.1 V  33 C  err 0x00
>>> pos 30
id 30  pos  3532  spd     0  load    0  12.1 V  33 C  err 0x00
>>> pos 30
id 30  pos  3532  spd     0  load    0  12.1 V  33 C  err 0x00
>>> pos 30
id 30  pos  3532  spd     0  load    0  12.1 V  33 C  err 0x00
>>> pos 30
id 30  pos  3532  spd     0  load    0  12.1 V  33 C  err 0x00
>>> pos 30
id 30  pos  3532  spd     0  load    0  12.1 V  33 C  err 0x00
>>> pos 30
id 30  pos  3532  spd     0  load    0  12.1 V  33 C  err 0x00
>>> pos 30
id 30  pos  3532  spd     0  load    0  12.1 V  33 C  err 0x00
>>> pos 30
id 30  pos  3532  spd     0  load    0  12.1 V  33 C  err 0x00
>>> pos 30
id 30  pos  3532  spd     0  load    0  12.1 V  33 C  err 0x00
>>> pos 30
id 30  pos  3532  spd     0  load    0  12.0 V  33 C  err 0x00
>>> pos 30
id 30  pos  3532  spd     0  load    0  12.1 V  33 C  err 0x00
>>> pos 30
id 30  pos  3532  spd     0  load    0  12.1 V  33 C  err 0x00
>>> pos 30
id 30  pos  3532  spd     0  load    0  12.1 V  33 C  err 0x00
>>> pos 30
id 30  pos  3532  spd     0  load    0  12.1 V  33 C  err 0x00
>>> pos 30
id 30  pos  3532  spd     0  load    0  12.1 V  33 C  err 0x00
>>> pos 30
id 30  pos  3532  spd     0  load    0  12.1 V  33 C  err 0x00
>>> pos 30
id 30  pos  3532  spd     0  load    0  12.1 V  33 C  err 0x00
>>> pos 30
id 30  pos  3532  spd     0  load    0  12.1 V  33 C  err 0x00
>>> pos 30
id 30  pos  3532  spd     0  load    0  12.1 V  33 C  err 0x00
>>> pos 30
id 30  pos  3532  spd     0  load    0  12.1 V  33 C  err 0x00
>>> pos 30
id 30  pos  3532  spd     0  load    0  12.1 V  33 C  err 0x00
>>> pos 30
id 30  pos  3532  spd     0  load    0  12.1 V  33 C  err 0x00
>>> pos 30
id 30  pos  3532  spd     0  load    0  12.1 V  33 C  err 0x00
>>> pos 30
id 30  pos  3532  spd     0  load    0  12.1 V  33 C  err 0x00
>>> pos 30
id 30  pos  3532  spd     0  load    0  12.1 V  33 C  err 0x00
>>> pos 30
id 30  pos  3532  spd     0  load    0  12.1 V  33 C  err 0x00
>>> pos 30
id 30  pos  3532  spd     0  load    0  12.1 V  33 C  err 0x00
>>> pos 30
id 30  pos  3532  spd     0  load    0  12.1 V  33 C  err 0x00
>>> pos 30
id 30  pos  3532  spd     0  load    0  12.1 V  33 C  err 0x00
>>> pos 30
id 30  pos  3532  spd     0  load    0  12.1 V  33 C  err 0x00
>>> pos 30
id 30  pos  3532  spd     0  load    0  12.1 V  33 C  err 0x00
>>> pos 30
id 30  pos  3532  spd     0  load    0  12.0 V  33 C  err 0x00
>>> pos 30
id 30  pos  3532  spd     0  load    0  12.1 V  33 C  err 0x00
>>> pos 30
id 30  pos  3532  spd     0  load    0  12.1 V  33 C  err 0x00
>>> pos 30
id 30  pos  3532  spd     0  load    0  12.1 V  33 C  err 0x00
>>> pos 30
id 30  pos  3532  spd     0  load    0  12.1 V  33 C  err 0x00
>>> pos 30
id 30  pos  3532  spd     0  load    0  12.1 V  33 C  err 0x00
>>> pos 30
id 30  pos  3532  spd     0  load    0  12.1 V  33 C  err 0x00
>>> pos 30
id 30  pos  3532  spd     0  load    0  12.0 V  33 C  err 0x00
>>> pos 30
id 30  pos  3532  spd     0  load    0  12.1 V  33 C  err 0x00
>>> pos 30
id 30  pos  3532  spd     0  load    0  12.1 V  33 C  err 0x00
>>> pos 30
id 30  pos  3532  spd     0  load    0  12.1 V  33 C  err 0x00
>>> pos 30
id 30  pos  3532  spd     0  load    0  12.1 V  33 C  err 0x00
>>> pos 30
id 30  pos  3532  spd     0  load    0  12.1 V  33 C  err 0x00
>>> pos 30
id 30  pos  3532  spd     0  load    0  12.1 V  33 C  err 0x00
>>> pos 30
id 30  pos  3532  spd     0  load    0  12.1 V  33 C  err 0x00
>>> pos 30
id 30  pos  3532  spd     0  load    0  12.1 V  33 C  err 0x00
>>> pos 30
id 30  pos  3532  spd     0  load    0  12.1 V  33 C  err 0x00
>>> pos 30
id 30  pos  3532  spd     0  load    0  12.1 V  33 C  err 0x00
>>> pos 30
id 30  pos  3532  spd     0  load    0  12.0 V  33 C  err 0x00
>>> pos 30
id 30  pos  3532  spd     0  load    0  12.0 V  33 C  err 0x00
>>> pos 30
id 30  pos  3532  spd     0  load    0  12.1 V  33 C  err 0x00
>>> pos 30
id 30  pos  3532  spd     0  load    0  12.1 V  33 C  err 0x00
>>> pos 30
id 30  pos  3532  spd     0  load    0  12.1 V  33 C  err 0x00
>>> pos 30
id 30  pos  3532  spd     0  load    0  12.1 V  33 C  err 0x00
>>> pos 30
id 30  pos  3532  spd     0  load    0  12.0 V  33 C  err 0x00
>>> pos 30
id 30  pos  3532  spd     0  load    0  12.1 V  33 C  err 0x00
>>> pos 30
id 30  pos  3532  spd     0  load    0  12.1 V  33 C  err 0x00
>>> pos 30
id 30  pos  3532  spd     0  load    0  12.1 V  33 C  err 0x00
>>> pos 30
id 30  pos  3532  spd     0  load    0  12.1 V  33 C  err 0x00
>>> pos 30
id 30  pos  3532  spd     0  load    0  12.1 V  33 C  err 0x00
>>> pos 30
id 30  pos  3532  spd     0  load    0  12.1 V  33 C  err 0x00
>>> pos 30
id 30  pos  3532  spd     0  load    0  12.1 V  33 C  err 0x00
>>> pos 30
id 30  pos  3532  spd     0  load    0  12.0 V  33 C  err 0x00
>>> pos 30
id 30  pos  3532  spd     0  load    0  12.1 V  33 C  err 0x00
>>> pos 30
id 30  pos  3532  spd     0  load    0  12.1 V  33 C  err 0x00
>>> pos 30
id 30  pos  3532  spd     0  load    0  12.1 V  33 C  err 0x00
>>> pos 30
id 30  pos  3532  spd     0  load    0  12.1 V  33 C  err 0x00
>>> pos 30
id 30  pos  3532  spd     0  load    0  12.1 V  33 C  err 0x00
>>> pos 30
id 30  pos  3532  spd     0  load    0  12.1 V  33 C  err 0x00
>>> pos 30
id 30  pos  3532  spd     0  load    0  12.0 V  33 C  err 0x00
>>> pos 30
id 30  pos  3532  spd     0  load    0  12.1 V  33 C  err 0x00
>>> pos 30
id 30  pos  3532  spd     0  load    0  12.0 V  33 C  err 0x00
>>> pos 30
id 30  pos  3532  spd     0  load    0  12.1 V  33 C  err 0x00
>>> pos 30
id 30  pos  3532  spd     0  load    0  12.1 V  33 C  err 0x00
>>> pos 30
id 30  pos  3532  spd     0  load    0  12.1 V  33 C  err 0x00
>>> pos 30
id 30  pos  3532  spd     0  load    0  12.0 V  33 C  err 0x00
>>> pos 30
id 30  pos  3532  spd     0  load    0  12.1 V  33 C  err 0x00
>>> pos 30
id 30  pos  3532  spd     0  load    0  12.1 V  33 C  err 0x00
>>> pos 30
id 30  pos  3532  spd     0  load    0  12.1 V  33 C  err 0x00
>>> pos 30
id 30  pos  3532  spd     0  load    0  12.1 V  33 C  err 0x00
>>> pos 30
id 30  pos  3532  spd     0  load    0  12.1 V  33 C  err 0x00
  DOWN quiet: pos +1.00, range 0, moving 0/152, load 0..0, err 0
>>> move 30 3554 0 200 2
move id 30 -> 3554 ticks, 0 ms, spd 200, acc 2: ok
>>> pos 30
id 30  pos  3532  spd     0  load    0  12.1 V  33 C  err 0x00
>>> pos 30
id 30  pos  3532  spd     0  load  -56  12.1 V  33 C  err 0x00
>>> pos 30
id 30  pos  3533  spd     0  load  -96  12.1 V  33 C  err 0x00
>>> pos 30
id 30  pos  3541  spd   250  load   56  12.0 V  33 C  err 0x00
>>> pos 30
id 30  pos  3540  spd     0  load    0  12.1 V  33 C  err 0x00
>>> pos 30
id 30  pos  3541  spd     0  load  -56  12.1 V  33 C  err 0x00
>>> pos 30
id 30  pos  3547  spd   150  load   56  12.1 V  33 C  err 0x00
>>> pos 30
id 30  pos  3547  spd     0  load    0  12.1 V  33 C  err 0x00
>>> pos 30
id 30  pos  3546  spd   -50  load  -96  12.1 V  33 C  err 0x00
>>> pos 30
id 30  pos  3551  spd   150  load    0  12.1 V  33 C  err 0x00
>>> pos 30
id 30  pos  3553  spd   100  load    0  12.1 V  33 C  err 0x00
>>> pos 30
id 30  pos  3551  spd  -100  load  -96  12.1 V  33 C  err 0x00
>>> pos 30
id 30  pos  3555  spd    50  load    0  12.0 V  33 C  err 0x00
>>> pos 30
id 30  pos  3556  spd     0  load   56  12.1 V  33 C  err 0x00
>>> pos 30
id 30  pos  3553  spd  -100  load    0  12.1 V  33 C  err 0x00
>>> pos 30
id 30  pos  3553  spd     0  load    0  12.1 V  33 C  err 0x00
>>> pos 30
id 30  pos  3554  spd    50  load    0  12.1 V  33 C  err 0x00
>>> pos 30
id 30  pos  3554  spd     0  load    0  12.1 V  33 C  err 0x00
>>> pos 30
id 30  pos  3554  spd     0  load    0  12.0 V  33 C  err 0x00
>>> pos 30
id 30  pos  3554  spd     0  load    0  12.1 V  33 C  err 0x00
>>> pos 30
id 30  pos  3554  spd     0  load    0  12.1 V  33 C  err 0x00
>>> pos 30
id 30  pos  3554  spd     0  load    0  12.1 V  33 C  err 0x00
>>> pos 30
id 30  pos  3554  spd     0  load    0  12.1 V  33 C  err 0x00
>>> pos 30
id 30  pos  3554  spd     0  load    0  12.1 V  33 C  err 0x00
>>> pos 30
id 30  pos  3554  spd     0  load    0  12.1 V  33 C  err 0x00
>>> pos 30
id 30  pos  3554  spd     0  load    0  12.1 V  33 C  err 0x00
>>> pos 30
id 30  pos  3554  spd     0  load    0  12.1 V  33 C  err 0x00
>>> pos 30
id 30  pos  3554  spd     0  load    0  12.1 V  33 C  err 0x00
>>> pos 30
id 30  pos  3554  spd     0  load    0  12.1 V  33 C  err 0x00
>>> pos 30
id 30  pos  3554  spd     0  load    0  12.1 V  33 C  err 0x00
>>> pos 30
id 30  pos  3554  spd     0  load    0  12.1 V  33 C  err 0x00
>>> pos 30
id 30  pos  3554  spd     0  load    0  12.1 V  33 C  err 0x00
>>> pos 30
id 30  pos  3554  spd     0  load    0  12.1 V  33 C  err 0x00
>>> pos 30
id 30  pos  3554  spd     0  load    0  12.1 V  33 C  err 0x00
>>> pos 30
id 30  pos  3554  spd     0  load    0  12.1 V  33 C  err 0x00
>>> pos 30
id 30  pos  3554  spd     0  load    0  12.1 V  33 C  err 0x00
>>> pos 30
id 30  pos  3554  spd     0  load    0  12.0 V  33 C  err 0x00
>>> pos 30
id 30  pos  3554  spd     0  load    0  12.1 V  33 C  err 0x00
>>> pos 30
id 30  pos  3554  spd     0  load    0  12.1 V  33 C  err 0x00
>>> pos 30
id 30  pos  3554  spd     0  load    0  12.1 V  33 C  err 0x00
>>> pos 30
id 30  pos  3554  spd     0  load    0  12.1 V  33 C  err 0x00
>>> pos 30
id 30  pos  3554  spd     0  load    0  12.1 V  33 C  err 0x00
>>> pos 30
id 30  pos  3554  spd     0  load    0  12.1 V  33 C  err 0x00
>>> pos 30
id 30  pos  3554  spd     0  load    0  12.1 V  33 C  err 0x00
>>> pos 30
id 30  pos  3554  spd     0  load    0  12.1 V  33 C  err 0x00
>>> pos 30
id 30  pos  3554  spd     0  load    0  12.1 V  33 C  err 0x00
>>> pos 30
id 30  pos  3554  spd     0  load    0  12.1 V  33 C  err 0x00
>>> pos 30
id 30  pos  3554  spd     0  load    0  12.1 V  33 C  err 0x00
>>> pos 30
id 30  pos  3554  spd     0  load    0  12.1 V  33 C  err 0x00
>>> pos 30
id 30  pos  3554  spd     0  load    0  12.0 V  33 C  err 0x00
>>> pos 30
id 30  pos  3554  spd     0  load    0  12.1 V  33 C  err 0x00
>>> pos 30
id 30  pos  3554  spd     0  load    0  12.1 V  33 C  err 0x00
>>> pos 30
id 30  pos  3554  spd     0  load    0  12.1 V  33 C  err 0x00
>>> pos 30
id 30  pos  3554  spd     0  load    0  12.1 V  33 C  err 0x00
>>> pos 30
id 30  pos  3554  spd     0  load    0  12.1 V  33 C  err 0x00
>>> pos 30
id 30  pos  3554  spd     0  load    0  12.1 V  33 C  err 0x00
>>> pos 30
id 30  pos  3554  spd     0  load    0  12.1 V  33 C  err 0x00
>>> pos 30
id 30  pos  3554  spd     0  load    0  12.1 V  33 C  err 0x00
>>> pos 30
id 30  pos  3554  spd     0  load    0  12.1 V  33 C  err 0x00
>>> pos 30
id 30  pos  3554  spd     0  load    0  12.1 V  33 C  err 0x00
>>> pos 30
id 30  pos  3554  spd     0  load    0  12.1 V  33 C  err 0x00
  DOWN step 3531->3554: overshoot 2, settle 0.4962, residual range 0, offset +0.0, moving in last 1 s 0, err 0
>>> move 30 3531 0 200 2
move id 30 -> 3531 ticks, 0 ms, spd 200, acc 2: ok
>>> pos 30
id 30  pos  3554  spd     0  load   56  12.1 V  33 C  err 0x00
>>> pos 30
id 30  pos  3552  spd   -50  load   56  12.1 V  33 C  err 0x00
>>> pos 30
id 30  pos  3547  spd  -150  load    0  12.1 V  33 C  err 0x00
>>> pos 30
id 30  pos  3547  spd     0  load   56  12.1 V  33 C  err 0x00
>>> pos 30
id 30  pos  3545  spd   -50  load   56  12.1 V  33 C  err 0x00
>>> pos 30
id 30  pos  3539  spd  -200  load  -56  12.1 V  33 C  err 0x00
>>> pos 30
id 30  pos  3540  spd     0  load    0  12.1 V  33 C  err 0x00
>>> pos 30
id 30  pos  3539  spd    50  load   56  12.0 V  33 C  err 0x00
>>> pos 30
id 30  pos  3533  spd  -200  load  -56  12.1 V  47 C  err 0x00
>>> pos 30
id 30  pos  3534  spd     0  load    0  12.1 V  34 C  err 0x00
>>> pos 30
id 30  pos  3535  spd    50  load   96  12.1 V  33 C  err 0x00
>>> pos 30
id 30  pos  3527  spd  -250  load -136  12.0 V  33 C  err 0x00
>>> pos 30
id 30  pos  3532  spd    50  load    0  12.1 V  33 C  err 0x00
>>> pos 30
id 30  pos  3534  spd   150  load   96  12.1 V  33 C  err 0x00
>>> pos 30
id 30  pos  3528  spd  -150  load  -96  12.1 V  33 C  err 0x00
>>> pos 30
id 30  pos  3531  spd     0  load    0  12.1 V  33 C  err 0x00
>>> pos 30
id 30  pos  3534  spd   150  load   96  12.1 V  33 C  err 0x00
>>> pos 30
id 30  pos  3528  spd  -200  load  -96  12.1 V  33 C  err 0x00
>>> pos 30
id 30  pos  3532  spd     0  load    0  12.1 V  33 C  err 0x00
>>> pos 30
id 30  pos  3534  spd   150  load   96  12.1 V  33 C  err 0x00
>>> pos 30
id 30  pos  3528  spd  -200  load  -96  12.0 V  33 C  err 0x00
>>> pos 30
id 30  pos  3531  spd     0  load    0  12.1 V  33 C  err 0x00
>>> pos 30
id 30  pos  3535  spd   150  load  136  12.0 V  33 C  err 0x00
>>> pos 30
id 30  pos  3529  spd  -150  load  -56  12.1 V  33 C  err 0x00
>>> pos 30
id 30  pos  3532  spd    50  load    0  12.0 V  33 C  err 0x00
>>> pos 30
id 30  pos  3534  spd   150  load   96  12.1 V  33 C  err 0x00
>>> pos 30
id 30  pos  3529  spd  -200  load  -56  12.1 V  33 C  err 0x00
>>> pos 30
id 30  pos  3530  spd     0  load    0  12.1 V  33 C  err 0x00
>>> pos 30
id 30  pos  3534  spd   100  load   96  12.1 V  33 C  err 0x00
>>> pos 30
id 30  pos  3530  spd   -50  load    0  12.1 V  33 C  err 0x00
>>> pos 30
id 30  pos  3530  spd   -50  load    0  12.1 V  33 C  err 0x00
>>> pos 30
id 30  pos  3535  spd   200  load  136  12.0 V  33 C  err 0x00
>>> pos 30
id 30  pos  3530  spd  -100  load    0  12.1 V  33 C  err 0x00
>>> pos 30
id 30  pos  3531  spd   -50  load    0  12.1 V  33 C  err 0x00
>>> pos 30
id 30  pos  3535  spd   150  load  136  12.1 V  33 C  err 0x00
>>> pos 30
id 30  pos  3529  spd  -150  load  -56  12.1 V  33 C  err 0x00
>>> pos 30
id 30  pos  3530  spd   -50  load    0  12.1 V  33 C  err 0x00
>>> pos 30
id 30  pos  3535  spd   200  load  136  12.1 V  33 C  err 0x00
>>> pos 30
id 30  pos  3530  spd  -150  load    0  12.1 V  32 C  err 0x00
>>> pos 30
id 30  pos  3531  spd   -50  load    0  12.1 V  33 C  err 0x00
>>> pos 30
id 30  pos  3535  spd   150  load  136  12.1 V  33 C  err 0x00
>>> pos 30
id 30  pos  3530  spd  -200  load    0  12.1 V  33 C  err 0x00
>>> pos 30
id 30  pos  3529  spd   -50  load  -56  12.1 V  33 C  err 0x00
>>> pos 30
id 30  pos  3535  spd   200  load  136  12.1 V  33 C  err 0x00
>>> pos 30
id 30  pos  3530  spd  -150  load    0  12.1 V  33 C  err 0x00
>>> pos 30
id 30  pos  3531  spd    50  load    0  12.1 V  33 C  err 0x00
>>> pos 30
id 30  pos  3535  spd   150  load  136  12.1 V  33 C  err 0x00
>>> pos 30
id 30  pos  3530  spd  -200  load    0  12.1 V  33 C  err 0x00
>>> pos 30
id 30  pos  3529  spd     0  load  -56  12.1 V  33 C  err 0x00
>>> pos 30
id 30  pos  3535  spd   150  load  136  12.1 V  33 C  err 0x00
>>> pos 30
id 30  pos  3530  spd  -150  load    0  12.1 V  33 C  err 0x00
>>> pos 30
id 30  pos  3531  spd    50  load    0  12.1 V  33 C  err 0x00
>>> pos 30
id 30  pos  3535  spd   150  load  136  12.0 V  33 C  err 0x00
>>> pos 30
id 30  pos  3530  spd  -200  load    0  12.1 V  33 C  err 0x00
>>> pos 30
id 30  pos  3530  spd     0  load    0  12.1 V  33 C  err 0x00
>>> pos 30
id 30  pos  3535  spd   200  load  136  12.1 V  33 C  err 0x00
>>> pos 30
id 30  pos  3530  spd  -150  load    0  12.1 V  33 C  err 0x00
>>> pos 30
id 30  pos  3531  spd    50  load    0  12.1 V  33 C  err 0x00
>>> pos 30
id 30  pos  3535  spd   200  load  136  12.1 V  33 C  err 0x00
>>> pos 30
id 30  pos  3529  spd  -200  load  -56  12.1 V  33 C  err 0x00
>>> pos 30
id 30  pos  3530  spd    50  load    0  12.1 V  33 C  err 0x00
  DOWN step 3554->3531: overshoot 5, settle None, residual range 6, offset +0.6, moving in last 1 s 29, err 0
>>> move 30 3508 0 200 2
move id 30 -> 3508 ticks, 0 ms, spd 200, acc 2: ok
>>> pos 30
id 30  pos  3528  spd  -250  load    0  12.1 V  33 C  err 0x00
>>> pos 30
id 30  pos  3527  spd     0  load    0  12.0 V  33 C  err 0x00
>>> pos 30
id 30  pos  3529  spd   100  load  136  12.1 V  33 C  err 0x00
>>> pos 30
id 30  pos  3522  spd  -250  load    0  12.1 V  33 C  err 0x00
>>> pos 30
id 30  pos  3519  spd     0  load    0  12.1 V  33 C  err 0x00
>>> pos 30
id 30  pos  3522  spd   100  load  136  12.1 V  33 C  err 0x00
>>> pos 30
id 30  pos  3515  spd  -250  load    0  12.1 V  33 C  err 0x00
>>> pos 30
id 30  pos  3513  spd    50  load    0  12.1 V  33 C  err 0x00
>>> pos 30
id 30  pos  3516  spd   100  load  136  12.1 V  33 C  err 0x00
>>> pos 30
id 30  pos  3510  spd  -200  load    0  12.1 V  33 C  err 0x00
>>> pos 30
id 30  pos  3508  spd    50  load    0  12.1 V  33 C  err 0x00
>>> pos 30
id 30  pos  3511  spd   100  load   96  12.1 V  33 C  err 0x00
>>> pos 30
id 30  pos  3506  spd  -150  load  -56  12.1 V  33 C  err 0x00
>>> pos 30
id 30  pos  3507  spd   100  load    0  12.1 V  33 C  err 0x00
>>> pos 30
id 30  pos  3511  spd   200  load   96  12.1 V  33 C  err 0x00
>>> pos 30
id 30  pos  3505  spd  -150  load  -96  12.1 V  33 C  err 0x00
>>> pos 30
id 30  pos  3509  spd   200  load    0  12.1 V  33 C  err 0x00
>>> pos 30
id 30  pos  3510  spd   100  load   56  12.1 V  33 C  err 0x00
>>> pos 30
id 30  pos  3505  spd  -150  load  -96  12.1 V  33 C  err 0x00
>>> pos 30
id 30  pos  3509  spd   150  load    0  12.1 V  33 C  err 0x00
>>> pos 30
id 30  pos  3509  spd   100  load    0  12.1 V  33 C  err 0x00
>>> pos 30
id 30  pos  3505  spd  -150  load  -96  12.1 V  33 C  err 0x00
>>> pos 30
id 30  pos  3511  spd   200  load   96  12.1 V  33 C  err 0x00
>>> pos 30
id 30  pos  3508  spd   -50  load    0  12.1 V  33 C  err 0x00
>>> pos 30
id 30  pos  3506  spd  -150  load  -56  12.1 V  34 C  err 0x00
>>> pos 30
id 30  pos  3511  spd   150  load   96  12.1 V  33 C  err 0x00
>>> pos 30
id 30  pos  3508  spd   -50  load    0  12.1 V  33 C  err 0x00
>>> pos 30
id 30  pos  3507  spd     0  load    0  12.1 V  33 C  err 0x00
>>> pos 30
id 30  pos  3511  spd   150  load   96  12.1 V  33 C  err 0x00
>>> pos 30
id 30  pos  3507  spd  -100  load    0  12.1 V  33 C  err 0x00
>>> pos 30
id 30  pos  3508  spd   100  load    0  12.1 V  33 C  err 0x00
>>> pos 30
id 30  pos  3511  spd   200  load   96  12.1 V  33 C  err 0x00
>>> pos 30
id 30  pos  3505  spd  -100  load  -96  12.1 V  33 C  err 0x00
>>> pos 30
id 30  pos  3509  spd   150  load    0  12.1 V  33 C  err 0x00
>>> pos 30
id 30  pos  3510  spd   150  load   56  12.1 V  33 C  err 0x00
>>> pos 30
id 30  pos  3505  spd  -200  load  -96  12.1 V  33 C  err 0x00
>>> pos 30
id 30  pos  3510  spd   150  load   56  12.1 V  33 C  err 0x00
>>> pos 30
id 30  pos  3509  spd   100  load    0  12.1 V  33 C  err 0x00
>>> pos 30
id 30  pos  3505  spd  -150  load  -96  12.1 V  33 C  err 0x00
>>> pos 30
id 30  pos  3511  spd   150  load   96  12.1 V  33 C  err 0x00
>>> pos 30
id 30  pos  3508  spd    50  load    0  12.1 V  33 C  err 0x00
>>> pos 30
id 30  pos  3506  spd  -150  load  -56  12.1 V  33 C  err 0x00
>>> pos 30
id 30  pos  3511  spd   150  load   96  12.1 V  33 C  err 0x00
>>> pos 30
id 30  pos  3508  spd   -50  load    0  12.1 V  33 C  err 0x00
>>> pos 30
id 30  pos  3507  spd     0  load    0  12.1 V  33 C  err 0x00
>>> pos 30
id 30  pos  3511  spd   100  load   96  12.0 V  33 C  err 0x00
>>> pos 30
id 30  pos  3506  spd  -100  load  -56  12.1 V  33 C  err 0x00
>>> pos 30
id 30  pos  3508  spd   100  load    0  12.0 V  33 C  err 0x00
>>> pos 30
id 30  pos  3511  spd    50  load   96  12.1 V  33 C  err 0x00
>>> pos 30
id 30  pos  3505  spd  -150  load  -96  12.1 V  33 C  err 0x00
>>> pos 30
id 30  pos  3509  spd   150  load    0  12.0 V  33 C  err 0x00
>>> pos 30
id 30  pos  3510  spd   -50  load   56  12.1 V  33 C  err 0x00
>>> pos 30
id 30  pos  3505  spd  -200  load  -96  12.1 V  33 C  err 0x00
>>> pos 30
id 30  pos  3510  spd   200  load   56  12.1 V  33 C  err 0x00
>>> pos 30
id 30  pos  3509  spd  -100  load    0  12.1 V  33 C  err 0x00
>>> pos 30
id 30  pos  3505  spd  -200  load  -96  12.1 V  33 C  err 0x00
>>> pos 30
id 30  pos  3511  spd   150  load   96  12.0 V  33 C  err 0x00
>>> pos 30
id 30  pos  3508  spd  -150  load    0  12.1 V  33 C  err 0x00
>>> pos 30
id 30  pos  3507  spd  -150  load    0  12.1 V  33 C  err 0x00
>>> pos 30
id 30  pos  3511  spd   200  load   96  12.1 V  33 C  err 0x00
>>> pos 30
id 30  pos  3507  spd   -50  load    0  12.1 V  33 C  err 0x00
  DOWN step 3531->3508: overshoot 3, settle None, residual range 6, offset +0.3, moving in last 1 s 30, err 0
>>> move 30 3531 0 200 2
move id 30 -> 3531 ticks, 0 ms, spd 200, acc 2: ok
>>> pos 30
id 30  pos  3511  spd   100  load   56  12.1 V  33 C  err 0x00
>>> pos 30
id 30  pos  3508  spd   -50  load  -96  12.1 V  33 C  err 0x00
>>> pos 30
id 30  pos  3513  spd    50  load    0  12.1 V  33 C  err 0x00
>>> pos 30
id 30  pos  3517  spd   150  load    0  12.0 V  33 C  err 0x00
>>> pos 30
id 30  pos  3513  spd  -100  load -176  12.0 V  33 C  err 0x00
>>> pos 30
id 30  pos  3521  spd   300  load    0  12.1 V  33 C  err 0x00
>>> pos 30
id 30  pos  3523  spd     0  load    0  12.1 V  33 C  err 0x00
>>> pos 30
id 30  pos  3519  spd  -150  load -176  12.1 V  33 C  err 0x00
>>> pos 30
id 30  pos  3528  spd   250  load   56  12.1 V  33 C  err 0x00
>>> pos 30
id 30  pos  3528  spd   -50  load    0  12.1 V  33 C  err 0x00
>>> pos 30
id 30  pos  3525  spd   -50  load -136  12.1 V  33 C  err 0x00
>>> pos 30
id 30  pos  3532  spd   250  load    0  12.0 V  33 C  err 0x00
>>> pos 30
id 30  pos  3533  spd   -50  load   56  12.1 V  33 C  err 0x00
>>> pos 30
id 30  pos  3527  spd  -200  load -136  12.0 V  33 C  err 0x00
>>> pos 30
id 30  pos  3533  spd   250  load   56  12.1 V  33 C  err 0x00
>>> pos 30
id 30  pos  3532  spd  -150  load    0  12.1 V  33 C  err 0x00
>>> pos 30
id 30  pos  3528  spd  -150  load  -96  12.1 V  33 C  err 0x00
>>> pos 30
id 30  pos  3532  spd   150  load    0  12.1 V  33 C  err 0x00
>>> pos 30
id 30  pos  3533  spd  -100  load   56  12.1 V  34 C  err 0x00
>>> pos 30
id 30  pos  3527  spd  -200  load -136  12.1 V  33 C  err 0x00
>>> pos 30
id 30  pos  3533  spd   250  load   56  12.1 V  33 C  err 0x00
>>> pos 30
id 30  pos  3532  spd  -150  load    0  12.1 V  33 C  err 0x00
>>> pos 30
id 30  pos  3528  spd  -150  load  -96  12.1 V  33 C  err 0x00
>>> pos 30
id 30  pos  3532  spd   150  load    0  12.1 V  33 C  err 0x00
>>> pos 30
id 30  pos  3533  spd  -100  load   56  12.1 V  33 C  err 0x00
>>> pos 30
id 30  pos  3527  spd  -200  load -136  12.1 V  33 C  err 0x00
>>> pos 30
id 30  pos  3533  spd   200  load   56  12.0 V  33 C  err 0x00
>>> pos 30
id 30  pos  3532  spd  -150  load    0  12.1 V  33 C  err 0x00
>>> pos 30
id 30  pos  3528  spd  -150  load  -96  12.1 V  33 C  err 0x00
>>> pos 30
id 30  pos  3532  spd   150  load    0  12.1 V  33 C  err 0x00
>>> pos 30
id 30  pos  3533  spd  -100  load   56  12.1 V  33 C  err 0x00
>>> pos 30
id 30  pos  3527  spd  -200  load -136  12.1 V  33 C  err 0x00
>>> pos 30
id 30  pos  3533  spd   200  load   56  12.1 V  33 C  err 0x00
>>> pos 30
id 30  pos  3532  spd   150  load    0  12.1 V  33 C  err 0x00
>>> pos 30
id 30  pos  3528  spd  -150  load  -96  12.1 V  33 C  err 0x00
>>> pos 30
id 30  pos  3532  spd   150  load    0  12.1 V  33 C  err 0x00
>>> pos 30
id 30  pos  3533  spd   200  load   56  12.1 V  33 C  err 0x00
>>> pos 30
id 30  pos  3527  spd  -200  load -136  12.1 V  33 C  err 0x00
>>> pos 30
id 30  pos  3532  spd   200  load    0  12.1 V  33 C  err 0x00
>>> pos 30
id 30  pos  3533  spd   150  load   56  12.1 V  33 C  err 0x00
>>> pos 30
id 30  pos  3527  spd  -150  load -136  12.0 V  33 C  err 0x00
>>> pos 30
id 30  pos  3532  spd   200  load    0  12.1 V  33 C  err 0x00
>>> pos 30
id 30  pos  3532  spd   150  load    0  12.1 V  33 C  err 0x00
>>> pos 30
id 30  pos  3527  spd  -150  load -136  12.1 V  33 C  err 0x00
>>> pos 30
id 30  pos  3533  spd   200  load   56  12.1 V  33 C  err 0x00
>>> pos 30
id 30  pos  3532  spd   150  load    0  12.1 V  33 C  err 0x00
>>> pos 30
id 30  pos  3527  spd  -150  load -136  12.1 V  33 C  err 0x00
>>> pos 30
id 30  pos  3533  spd   150  load   56  12.1 V  33 C  err 0x00
>>> pos 30
id 30  pos  3532  spd   150  load    0  12.1 V  33 C  err 0x00
>>> pos 30
id 30  pos  3527  spd  -150  load -136  12.1 V  33 C  err 0x00
>>> pos 30
id 30  pos  3533  spd   200  load   56  12.1 V  33 C  err 0x00
>>> pos 30
id 30  pos  3531  spd   100  load    0  12.1 V  33 C  err 0x00
>>> pos 30
id 30  pos  3527  spd  -150  load -136  12.1 V  33 C  err 0x00
>>> pos 30
id 30  pos  3534  spd   150  load   96  12.1 V  33 C  err 0x00
>>> pos 30
id 30  pos  3531  spd    50  load    0  12.1 V  33 C  err 0x00
>>> pos 30
id 30  pos  3528  spd  -150  load  -96  12.1 V  33 C  err 0x00
>>> pos 30
id 30  pos  3534  spd   150  load   96  12.1 V  33 C  err 0x00
>>> pos 30
id 30  pos  3531  spd   -50  load    0  12.1 V  33 C  err 0x00
>>> pos 30
id 30  pos  3528  spd  -100  load  -96  12.1 V  33 C  err 0x00
>>> pos 30
id 30  pos  3534  spd   200  load   96  12.0 V  33 C  err 0x00
>>> pos 30
id 30  pos  3531  spd     0  load    0  12.1 V  33 C  err 0x00
  DOWN step 3508->3531: overshoot 3, settle 2.0141, residual range 7, offset -0.2, moving in last 1 s 30, err 0
>>> pos 30
id 30  pos  3528  spd  -150  load  -96  12.1 V  33 C  err 0x00
>>> move 30 2507 0 100 2
move id 30 -> 2507 ticks, 0 ms, spd 100, acc 2: ok
>>> pos 30
id 30  pos  3529  spd   -50  load    0  12.0 V  33 C  err 0x00
>>> pos 30
id 30  pos  3525  spd  -150  load  -56  12.1 V  33 C  err 0x00
>>> pos 30
id 30  pos  3529  spd   150  load  136  12.1 V  33 C  err 0x00
>>> pos 30
id 30  pos  3523  spd  -150  load    0  12.1 V  33 C  err 0x00
>>> pos 30
id 30  pos  3519  spd  -100  load    0  12.1 V  33 C  err 0x00
>>> pos 30
id 30  pos  3521  spd     0  load  136  12.0 V  33 C  err 0x00
>>> pos 30
id 30  pos  3515  spd  -150  load    0  12.1 V  33 C  err 0x00
>>> pos 30
id 30  pos  3510  spd  -150  load    0  12.1 V  33 C  err 0x00
>>> pos 30
id 30  pos  3512  spd     0  load  176  12.1 V  33 C  err 0x00
>>> pos 30
id 30  pos  3503  spd  -250  load    0  12.1 V  33 C  err 0x00
>>> pos 30
id 30  pos  3501  spd   -50  load    0  12.1 V  33 C  err 0x00
>>> pos 30
id 30  pos  3502  spd   100  load  176  12.0 V  33 C  err 0x00
>>> pos 30
id 30  pos  3494  spd  -300  load    0  12.1 V  33 C  err 0x00
>>> pos 30
id 30  pos  3491  spd     0  load    0  12.1 V  33 C  err 0x00
>>> pos 30
id 30  pos  3492  spd   100  load  176  12.1 V  33 C  err 0x00
>>> pos 30
id 30  pos  3482  spd  -300  load  -56  12.1 V  33 C  err 0x00
>>> pos 30
id 30  pos  3482  spd    50  load    0  12.1 V  33 C  err 0x00
>>> pos 30
id 30  pos  3480  spd   100  load   96  12.1 V  33 C  err 0x00
>>> pos 30
id 30  pos  3472  spd  -250  load  -56  12.1 V  33 C  err 0x00
>>> pos 30
id 30  pos  3474  spd   100  load   96  12.0 V  33 C  err 0x00
>>> pos 30
id 30  pos  3469  spd   100  load    0  12.1 V  33 C  err 0x00
>>> pos 30
id 30  pos  3462  spd  -300  load  -56  12.1 V  33 C  err 0x00
>>> pos 30
id 30  pos  3466  spd   150  load  176  12.1 V  33 C  err 0x00
>>> pos 30
id 30  pos  3458  spd  -100  load    0  12.1 V  33 C  err 0x00
>>> pos 30
id 30  pos  3453  spd  -200  load    0  12.1 V  33 C  err 0x00
>>> pos 30
id 30  pos  3457  spd   150  load  216  12.0 V  33 C  err 0x00
>>> pos 30
id 30  pos  3447  spd  -300  load    0  12.1 V  33 C  err 0x00
>>> pos 30
id 30  pos  3445  spd   -50  load    0  12.1 V  33 C  err 0x00
>>> pos 30
id 30  pos  3445  spd   -50  load  136  12.1 V  33 C  err 0x00
>>> pos 30
id 30  pos  3435  spd  -350  load  -96  12.1 V  33 C  err 0x00
>>> pos 30
id 30  pos  3437  spd   100  load   96  12.1 V  33 C  err 0x00
>>> pos 30
id 30  pos  3432  spd  -300  load    0  12.1 V  33 C  err 0x00
>>> pos 30
id 30  pos  3426  spd  -250  load  -56  12.1 V  33 C  err 0x00
>>> pos 30
id 30  pos  3429  spd   100  load  176  12.1 V  33 C  err 0x00
>>> pos 30
id 30  pos  3422  spd  -300  load    0  12.1 V  33 C  err 0x00
>>> pos 30
id 30  pos  3417  spd  -250  load    0  12.1 V  33 C  err 0x00
>>> pos 30
id 30  pos  3419  spd   100  load  136  12.1 V  33 C  err 0x00
>>> pos 30
id 30  pos  3411  spd  -150  load    0  12.1 V  33 C  err 0x00
>>> pos 30
id 30  pos  3409  spd  -150  load    0  12.1 V  33 C  err 0x00
>>> pos 30
id 30  pos  3407  spd   -50  load   56  12.1 V  33 C  err 0x00
>>> pos 30
id 30  pos  3399  spd  -250  load  -56  12.1 V  33 C  err 0x00
>>> pos 30
id 30  pos  3403  spd    50  load  176  12.0 V  33 C  err 0x00
>>> pos 30
id 30  pos  3395  spd  -350  load    0  12.1 V  33 C  err 0x00
>>> pos 30
id 30  pos  3391  spd  -250  load    0  12.1 V  33 C  err 0x00
>>> pos 30
id 30  pos  3393  spd   100  load  176  12.0 V  33 C  err 0x00
>>> pos 30
id 30  pos  3384  spd  -300  load    0  12.1 V  33 C  err 0x00
>>> pos 30
id 30  pos  3383  spd  -200  load   56  12.0 V  33 C  err 0x00
>>> pos 30
id 30  pos  3381  spd    50  load   96  12.1 V  33 C  err 0x00
>>> pos 30
id 30  pos  3373  spd  -250  load  -56  12.1 V  33 C  err 0x00
>>> pos 30
id 30  pos  3376  spd     0  load  176  12.0 V  33 C  err 0x00
>>> pos 30
id 30  pos  3368  spd  -250  load    0  12.1 V  33 C  err 0x00
>>> pos 30
id 30  pos  3365  spd   -50  load    0  12.0 V  33 C  err 0x00
>>> pos 30
id 30  pos  3365  spd   150  load  136  12.1 V  33 C  err 0x00
>>> pos 30
id 30  pos  3356  spd  -250  load  -56  12.1 V  33 C  err 0x00
>>> pos 30
id 30  pos  3358  spd   100  load   96  12.1 V  33 C  err 0x00
>>> pos 30
id 30  pos  3353  spd     0  load    0  12.1 V  33 C  err 0x00
>>> pos 30
id 30  pos  3348  spd  -200  load    0  12.1 V  33 C  err 0x00
>>> pos 30
id 30  pos  3350  spd    50  load  176  12.1 V  33 C  err 0x00
>>> pos 30
id 30  pos  3341  spd  -300  load    0  12.1 V  33 C  err 0x00
>>> pos 30
id 30  pos  3342  spd     0  load  136  12.1 V  33 C  err 0x00
>>> pos 30
id 30  pos  3336  spd  -250  load    0  12.1 V  33 C  err 0x00
>>> pos 30
id 30  pos  3330  spd  -250  load  -56  12.1 V  33 C  err 0x00
>>> pos 30
id 30  pos  3333  spd   150  load  176  12.1 V  33 C  err 0x00
>>> pos 30
id 30  pos  3325  spd  -200  load    0  12.1 V  33 C  err 0x00
>>> pos 30
id 30  pos  3325  spd  -150  load   96  12.1 V  33 C  err 0x00
>>> pos 30
id 30  pos  3320  spd  -100  load   56  12.1 V  33 C  err 0x00
>>> pos 30
id 30  pos  3315  spd  -100  load    0  12.1 V  33 C  err 0x00
>>> pos 30
id 30  pos  3317  spd   100  load  176  12.0 V  33 C  err 0x00
>>> pos 30
id 30  pos  3308  spd  -300  load    0  12.1 V  33 C  err 0x00
>>> pos 30
id 30  pos  3309  spd   100  load  136  12.1 V  33 C  err 0x00
>>> pos 30
id 30  pos  3303  spd  -100  load    0  12.1 V  33 C  err 0x00
>>> pos 30
id 30  pos  3299  spd  -100  load    0  12.1 V  33 C  err 0x00
>>> pos 30
id 30  pos  3300  spd    50  load  176  12.1 V  34 C  err 0x00
>>> pos 30
id 30  pos  3292  spd  -300  load    0  12.1 V  33 C  err 0x00
>>> pos 30
id 30  pos  3292  spd     0  load   96  12.1 V  33 C  err 0x00
>>> pos 30
id 30  pos  3286  spd   -50  load    0  12.1 V  33 C  err 0x00
>>> pos 30
id 30  pos  3285  spd   -50  load   96  12.1 V  33 C  err 0x00
>>> pos 30
id 30  pos  3280  spd  -200  load    0  12.1 V  33 C  err 0x00
>>> pos 30
id 30  pos  3278  spd  -150  load   96  12.1 V  33 C  err 0x00
>>> pos 30
id 30  pos  3274  spd   -50  load   56  12.1 V  33 C  err 0x00
>>> pos 30
id 30  pos  3271  spd   -50  load   56  12.0 V  33 C  err 0x00
>>> pos 30
id 30  pos  3268  spd     0  load   96  12.1 V  33 C  err 0x00
>>> pos 30
id 30  pos  3264  spd  -150  load   56  12.1 V  33 C  err 0x00
>>> pos 30
id 30  pos  3263  spd   -50  load  136  12.0 V  33 C  err 0x00
>>> pos 30
id 30  pos  3256  spd  -250  load    0  12.1 V  33 C  err 0x00
>>> pos 30
id 30  pos  3256  spd     0  load  136  12.1 V  33 C  err 0x00
>>> pos 30
id 30  pos  3250  spd  -300  load    0  12.1 V  33 C  err 0x00
>>> pos 30
id 30  pos  3249  spd  -100  load  136  12.1 V  33 C  err 0x00
>>> pos 30
id 30  pos  3243  spd  -150  load    0  12.1 V  33 C  err 0x00
>>> pos 30
id 30  pos  3241  spd   -50  load   56  12.1 V  33 C  err 0x00
>>> pos 30
id 30  pos  3239  spd     0  load   96  12.1 V  33 C  err 0x00
>>> pos 30
id 30  pos  3234  spd  -200  load   56  12.1 V  33 C  err 0x00
>>> pos 30
id 30  pos  3232  spd  -100  load   96  12.1 V  33 C  err 0x00
>>> pos 30
id 30  pos  3228  spd  -150  load   56  12.1 V  33 C  err 0x00
>>> pos 30
id 30  pos  3225  spd     0  load   96  12.1 V  33 C  err 0x00
>>> pos 30
id 30  pos  3221  spd  -100  load   56  12.1 V  33 C  err 0x00
>>> pos 30
id 30  pos  3218  spd   -50  load   56  12.1 V  33 C  err 0x00
>>> pos 30
id 30  pos  3214  spd  -150  load   56  12.1 V  33 C  err 0x00
>>> pos 30
id 30  pos  3212  spd  -100  load   96  12.1 V  33 C  err 0x00
>>> pos 30
id 30  pos  3208  spd  -150  load   56  12.1 V  33 C  err 0x00
>>> pos 30
id 30  pos  3205  spd   -50  load   96  12.1 V  33 C  err 0x00
>>> pos 30
id 30  pos  3201  spd   -50  load   56  12.1 V  33 C  err 0x00
>>> pos 30
id 30  pos  3200  spd     0  load  136  12.1 V  33 C  err 0x00
>>> pos 30
id 30  pos  3193  spd  -200  load    0  12.1 V  33 C  err 0x00
>>> pos 30
id 30  pos  3194  spd    50  load  176  12.1 V  33 C  err 0x00
>>> pos 30
id 30  pos  3186  spd  -250  load    0  12.1 V  33 C  err 0x00
>>> pos 30
id 30  pos  3186  spd     0  load   96  12.1 V  33 C  err 0x00
>>> pos 30
id 30  pos  3181  spd   -50  load   56  12.1 V  33 C  err 0x00
>>> pos 30
id 30  pos  3179  spd   -50  load   96  12.1 V  33 C  err 0x00
>>> pos 30
id 30  pos  3174  spd  -150  load    0  12.1 V  33 C  err 0x00
>>> pos 30
id 30  pos  3172  spd  -200  load   96  12.1 V  33 C  err 0x00
>>> pos 30
id 30  pos  3169  spd   -50  load   96  12.1 V  33 C  err 0x00
>>> pos 30
id 30  pos  3164  spd  -150  load    0  12.1 V  33 C  err 0x00
>>> pos 30
id 30  pos  3164  spd     0  load  176  12.1 V  33 C  err 0x00
>>> pos 30
id 30  pos  3157  spd  -300  load    0  12.1 V  33 C  err 0x00
>>> pos 30
id 30  pos  3157  spd    50  load  136  12.1 V  33 C  err 0x00
>>> pos 30
id 30  pos  3150  spd  -150  load    0  12.1 V  33 C  err 0x00
>>> pos 30
id 30  pos  3150  spd     0  load  136  12.1 V  33 C  err 0x00
>>> pos 30
id 30  pos  3144  spd  -200  load    0  12.1 V  33 C  err 0x00
>>> pos 30
id 30  pos  3143  spd  -100  load  136  12.1 V  33 C  err 0x00
>>> pos 30
id 30  pos  3137  spd  -150  load    0  12.1 V  33 C  err 0x00
>>> pos 30
id 30  pos  3136  spd     0  load   96  12.1 V  33 C  err 0x00
>>> pos 30
id 30  pos  3132  spd   -50  load   56  12.1 V  33 C  err 0x00
>>> pos 30
id 30  pos  3129  spd  -100  load   96  12.1 V  33 C  err 0x00
>>> pos 30
id 30  pos  3126  spd  -100  load   96  12.1 V  33 C  err 0x00
>>> pos 30
id 30  pos  3121  spd  -250  load    0  12.1 V  33 C  err 0x00
>>> pos 30
id 30  pos  3121  spd     0  load  176  12.0 V  33 C  err 0x00
>>> pos 30
id 30  pos  3114  spd  -200  load    0  12.1 V  33 C  err 0x00
>>> pos 30
id 30  pos  3114  spd     0  load  136  12.1 V  33 C  err 0x00
>>> pos 30
id 30  pos  3108  spd  -200  load   56  12.1 V  33 C  err 0x00
>>> pos 30
id 30  pos  3107  spd     0  load  136  12.1 V  33 C  err 0x00
>>> pos 30
id 30  pos  3101  spd  -150  load    0  12.1 V  33 C  err 0x00
>>> pos 30
id 30  pos  3100  spd     0  load  136  12.0 V  33 C  err 0x00
>>> pos 30
id 30  pos  3095  spd  -250  load   56  12.1 V  33 C  err 0x00
>>> pos 30
id 30  pos  3093  spd  -100  load   96  12.0 V  33 C  err 0x00
>>> pos 30
id 30  pos  3088  spd  -150  load   56  12.0 V  33 C  err 0x00
>>> pos 30
id 30  pos  3086  spd   -50  load   96  12.1 V  33 C  err 0x00
>>> pos 30
id 30  pos  3081  spd  -100  load    0  12.1 V  33 C  err 0x00
>>> pos 30
id 30  pos  3080  spd   -50  load  136  12.0 V  33 C  err 0x00
>>> pos 30
id 30  pos  3074  spd  -250  load    0  12.1 V  33 C  err 0x00
>>> pos 30
id 30  pos  3073  spd   -50  load   96  12.1 V  33 C  err 0x00
>>> pos 30
id 30  pos  3069  spd  -150  load   56  12.1 V  33 C  err 0x00
>>> pos 30
id 30  pos  3066  spd  -200  load   96  12.0 V  33 C  err 0x00
>>> pos 30
id 30  pos  3063  spd     0  load   96  12.1 V  33 C  err 0x00
>>> pos 30
id 30  pos  3059  spd   -50  load   56  12.1 V  33 C  err 0x00
>>> pos 30
id 30  pos  3056  spd     0  load   96  12.1 V  33 C  err 0x00
>>> pos 30
id 30  pos  3052  spd  -200  load   56  12.1 V  33 C  err 0x00
>>> pos 30
id 30  pos  3051  spd     0  load  136  12.0 V  33 C  err 0x00
>>> pos 30
id 30  pos  3045  spd  -250  load   56  12.1 V  33 C  err 0x00
>>> pos 30
id 30  pos  3044  spd     0  load  136  12.1 V  33 C  err 0x00
>>> pos 30
id 30  pos  3038  spd  -150  load    0  12.1 V  33 C  err 0x00
>>> pos 30
id 30  pos  3037  spd   -50  load  136  12.0 V  33 C  err 0x00
>>> pos 30
id 30  pos  3031  spd  -200  load    0  12.1 V  33 C  err 0x00
>>> pos 30
id 30  pos  3031  spd     0  load  136  12.1 V  33 C  err 0x00
>>> pos 30
id 30  pos  3025  spd  -150  load   56  12.1 V  33 C  err 0x00
>>> pos 30
id 30  pos  3024  spd     0  load  136  12.1 V  33 C  err 0x00
>>> pos 30
id 30  pos  3018  spd  -200  load    0  12.1 V  33 C  err 0x00
>>> pos 30
id 30  pos  3017  spd  -100  load   96  12.1 V  33 C  err 0x00
>>> pos 30
id 30  pos  3012  spd  -100  load   56  12.0 V  33 C  err 0x00
>>> pos 30
id 30  pos  3009  spd     0  load   56  12.1 V  33 C  err 0x00
>>> pos 30
id 30  pos  3007  spd   -50  load   96  12.1 V  33 C  err 0x00
>>> pos 30
id 30  pos  3003  spd  -150  load   96  12.1 V  33 C  err 0x00
>>> pos 30
id 30  pos  3000  spd  -150  load   96  12.1 V  33 C  err 0x00
>>> pos 30
id 30  pos  2996  spd  -150  load   56  12.1 V  33 C  err 0x00
>>> pos 30
id 30  pos  2993  spd   -50  load   96  12.1 V  33 C  err 0x00
>>> pos 30
id 30  pos  2990  spd   -50  load   96  12.1 V  33 C  err 0x00
>>> pos 30
id 30  pos  2986  spd   -50  load   56  12.1 V  33 C  err 0x00
>>> pos 30
id 30  pos  2983  spd  -100  load   96  12.1 V  33 C  err 0x00
>>> pos 30
id 30  pos  2980  spd  -150  load   96  12.1 V  33 C  err 0x00
>>> pos 30
id 30  pos  2976  spd  -200  load   56  12.1 V  33 C  err 0x00
>>> pos 30
id 30  pos  2974  spd     0  load  136  12.0 V  33 C  err 0x00
>>> pos 30
id 30  pos  2969  spd  -100  load   56  12.1 V  33 C  err 0x00
>>> pos 30
id 30  pos  2967  spd     0  load   96  12.1 V  33 C  err 0x00
>>> pos 30
id 30  pos  2962  spd  -150  load   56  12.1 V  33 C  err 0x00
>>> pos 30
id 30  pos  2961  spd   -50  load  136  12.1 V  33 C  err 0x00
>>> pos 30
id 30  pos  2955  spd  -200  load    0  12.1 V  33 C  err 0x00
>>> pos 30
id 30  pos  2955  spd     0  load  136  12.0 V  33 C  err 0x00
>>> pos 30
id 30  pos  2949  spd  -150  load   56  12.1 V  33 C  err 0x00
>>> pos 30
id 30  pos  2948  spd   -50  load  136  12.1 V  33 C  err 0x00
>>> pos 30
id 30  pos  2942  spd  -250  load    0  12.1 V  33 C  err 0x00
>>> pos 30
id 30  pos  2941  spd  -100  load  136  12.1 V  33 C  err 0x00
>>> pos 30
id 30  pos  2936  spd  -150  load   56  12.1 V  33 C  err 0x00
>>> pos 30
id 30  pos  2934  spd   -50  load   96  12.1 V  33 C  err 0x00
>>> pos 30
id 30  pos  2930  spd     0  load   96  12.1 V  33 C  err 0x00
>>> pos 30
id 30  pos  2926  spd  -100  load   56  12.1 V  33 C  err 0x00
>>> pos 30
id 30  pos  2925  spd     0  load  136  12.1 V  33 C  err 0x00
>>> pos 30
id 30  pos  2918  spd  -250  load    0  12.1 V  33 C  err 0x00
>>> pos 30
id 30  pos  2919  spd    50  load  176  12.0 V  33 C  err 0x00
>>> pos 30
id 30  pos  2912  spd  -300  load    0  12.1 V  33 C  err 0x00
>>> pos 30
id 30  pos  2911  spd   -50  load  136  12.1 V  33 C  err 0x00
>>> pos 30
id 30  pos  2906  spd  -100  load   56  12.1 V  33 C  err 0x00
>>> pos 30
id 30  pos  2904  spd   -50  load   96  12.1 V  33 C  err 0x00
>>> pos 30
id 30  pos  2900  spd   -50  load   56  12.0 V  33 C  err 0x00
>>> pos 30
id 30  pos  2897  spd  -100  load   96  12.1 V  33 C  err 0x00
>>> pos 30
id 30  pos  2894  spd  -100  load   96  12.1 V  33 C  err 0x00
>>> pos 30
id 30  pos  2889  spd  -200  load    0  12.1 V  33 C  err 0x00
>>> pos 30
id 30  pos  2889  spd     0  load  176  12.0 V  33 C  err 0x00
>>> pos 30
id 30  pos  2882  spd  -200  load    0  12.1 V  33 C  err 0x00
>>> pos 30
id 30  pos  2882  spd   -50  load  136  12.1 V  33 C  err 0x00
>>> pos 30
id 30  pos  2876  spd  -250  load   56  12.1 V  33 C  err 0x00
>>> pos 30
id 30  pos  2875  spd     0  load  136  12.1 V  33 C  err 0x00
>>> pos 30
id 30  pos  2869  spd  -150  load    0  12.1 V  33 C  err 0x00
>>> pos 30
id 30  pos  2868  spd   -50  load  136  12.1 V  33 C  err 0x00
>>> pos 30
id 30  pos  2863  spd  -250  load   56  12.1 V  33 C  err 0x00
>>> pos 30
id 30  pos  2861  spd  -100  load   96  12.1 V  33 C  err 0x00
>>> pos 30
id 30  pos  2856  spd  -150  load   56  12.1 V  33 C  err 0x00
>>> pos 30
id 30  pos  2854  spd     0  load   96  12.1 V  33 C  err 0x00
>>> pos 30
id 30  pos  2851  spd     0  load   96  12.0 V  33 C  err 0x00
>>> pos 30
id 30  pos  2847  spd  -100  load   96  12.1 V  33 C  err 0x00
>>> pos 30
id 30  pos  2845  spd  -100  load  136  12.1 V  33 C  err 0x00
>>> pos 30
id 30  pos  2840  spd  -200  load   56  12.1 V  33 C  err 0x00
>>> pos 30
id 30  pos  2839  spd     0  load  136  12.1 V  33 C  err 0x00
>>> pos 30
id 30  pos  2833  spd  -250  load   56  12.1 V  33 C  err 0x00
>>> pos 30
id 30  pos  2833  spd     0  load  176  12.1 V  33 C  err 0x00
>>> pos 30
id 30  pos  2825  spd  -300  load    0  12.1 V  33 C  err 0x00
>>> pos 30
id 30  pos  2824  spd  -150  load   96  12.0 V  33 C  err 0x00
>>> pos 30
id 30  pos  2822  spd     0  load  136  12.1 V  33 C  err 0x00
>>> pos 30
id 30  pos  2817  spd  -100  load   56  12.1 V  33 C  err 0x00
>>> pos 30
id 30  pos  2815  spd     0  load  136  12.1 V  33 C  err 0x00
>>> pos 30
id 30  pos  2810  spd  -100  load   56  12.1 V  33 C  err 0x00
>>> pos 30
id 30  pos  2809  spd     0  load  136  12.1 V  33 C  err 0x00
>>> pos 30
id 30  pos  2803  spd  -200  load   56  12.1 V  33 C  err 0x00
>>> pos 30
id 30  pos  2802  spd   -50  load  136  12.1 V  33 C  err 0x00
>>> pos 30
id 30  pos  2797  spd  -200  load   56  12.0 V  33 C  err 0x00
>>> pos 30
id 30  pos  2794  spd  -150  load   96  12.1 V  33 C  err 0x00
>>> pos 30
id 30  pos  2792  spd     0  load  136  12.1 V  33 C  err 0x00
>>> pos 30
id 30  pos  2786  spd  -200  load    0  12.1 V  33 C  err 0x00
>>> pos 30
id 30  pos  2786  spd     0  load  136  12.1 V  33 C  err 0x00
>>> pos 30
id 30  pos  2780  spd  -200  load   56  12.1 V  33 C  err 0x00
>>> pos 30
id 30  pos  2778  spd     0  load   96  12.0 V  33 C  err 0x00
>>> pos 30
id 30  pos  2774  spd     0  load   56  12.1 V  33 C  err 0x00
>>> pos 30
id 30  pos  2771  spd  -100  load   96  12.1 V  33 C  err 0x00
>>> pos 30
id 30  pos  2768  spd  -100  load   96  12.0 V  33 C  err 0x00
>>> pos 30
id 30  pos  2764  spd  -200  load   56  12.1 V  33 C  err 0x00
>>> pos 30
id 30  pos  2762  spd   -50  load  136  12.0 V  33 C  err 0x00
>>> pos 30
id 30  pos  2757  spd  -150  load   56  12.1 V  33 C  err 0x00
>>> pos 30
id 30  pos  2756  spd     0  load  136  12.1 V  33 C  err 0x00
>>> pos 30
id 30  pos  2750  spd  -200  load   56  12.1 V  33 C  err 0x00
>>> pos 30
id 30  pos  2749  spd     0  load  136  12.0 V  33 C  err 0x00
>>> pos 30
id 30  pos  2744  spd  -100  load   56  12.1 V  33 C  err 0x00
>>> pos 30
id 30  pos  2741  spd   -50  load   96  12.1 V  33 C  err 0x00
>>> pos 30
id 30  pos  2740  spd   -50  load  176  12.1 V  34 C  err 0x00
>>> pos 30
id 30  pos  2734  spd  -250  load   56  12.1 V  33 C  err 0x00
>>> pos 30
id 30  pos  2733  spd   -50  load  136  12.1 V  33 C  err 0x00
>>> pos 30
id 30  pos  2727  spd  -150  load   56  12.1 V  33 C  err 0x00
>>> pos 30
id 30  pos  2727  spd     0  load  176  12.1 V  33 C  err 0x00
>>> pos 30
id 30  pos  2720  spd  -200  load    0  12.1 V  33 C  err 0x00
>>> pos 30
id 30  pos  2719  spd  -100  load  136  12.1 V  33 C  err 0x00
>>> pos 30
id 30  pos  2714  spd  -100  load   56  12.1 V  33 C  err 0x00
>>> pos 30
id 30  pos  2712  spd   -50  load   96  12.1 V  33 C  err 0x00
>>> pos 30
id 30  pos  2708  spd     0  load   96  12.0 V  33 C  err 0x00
>>> pos 30
id 30  pos  2705  spd  -150  load   96  12.1 V  34 C  err 0x00
>>> pos 30
id 30  pos  2702  spd  -100  load   96  12.0 V  33 C  err 0x00
>>> pos 30
id 30  pos  2698  spd  -200  load   96  12.1 V  33 C  err 0x00
>>> pos 30
id 30  pos  2696  spd     0  load  136  12.1 V  33 C  err 0x00
>>> pos 30
id 30  pos  2691  spd  -100  load   56  12.0 V  33 C  err 0x00
>>> pos 30
id 30  pos  2691  spd     0  load  216  12.0 V  33 C  err 0x00
>>> pos 30
id 30  pos  2683  spd  -300  load    0  12.1 V  33 C  err 0x00
>>> pos 30
id 30  pos  2683  spd     0  load  136  12.1 V  33 C  err 0x00
>>> pos 30
id 30  pos  2677  spd  -100  load   56  12.1 V  33 C  err 0x00
>>> pos 30
id 30  pos  2676  spd   -50  load  136  12.1 V  33 C  err 0x00
>>> pos 30
id 30  pos  2670  spd  -250  load    0  12.1 V  33 C  err 0x00
>>> pos 30
id 30  pos  2669  spd  -100  load   96  12.1 V  33 C  err 0x00
>>> pos 30
id 30  pos  2665  spd  -150  load   96  12.1 V  33 C  err 0x00
>>> pos 30
id 30  pos  2662  spd   -50  load   96  12.0 V  33 C  err 0x00
>>> pos 30
id 30  pos  2659  spd     0  load   96  12.0 V  33 C  err 0x00
>>> pos 30
id 30  pos  2655  spd  -100  load   96  12.1 V  33 C  err 0x00
>>> pos 30
id 30  pos  2653  spd  -100  load  136  12.1 V  33 C  err 0x00
>>> pos 30
id 30  pos  2648  spd  -200  load   56  12.1 V  33 C  err 0x00
>>> pos 30
id 30  pos  2646  spd   -50  load  136  12.1 V  33 C  err 0x00
>>> pos 30
id 30  pos  2642  spd  -100  load   96  12.1 V  33 C  err 0x00
>>> pos 30
id 30  pos  2639  spd   -50  load   96  12.0 V  33 C  err 0x00
>>> pos 30
id 30  pos  2635  spd  -150  load   96  12.1 V  33 C  err 0x00
>>> pos 30
id 30  pos  2633  spd  -100  load  136  12.1 V  33 C  err 0x00
>>> pos 30
id 30  pos  2629  spd  -200  load   96  12.1 V  33 C  err 0x00
>>> pos 30
id 30  pos  2626  spd   -50  load  136  12.1 V  33 C  err 0x00
>>> pos 30
id 30  pos  2622  spd  -100  load   96  12.1 V  33 C  err 0x00
>>> pos 30
id 30  pos  2620  spd   -50  load  136  12.1 V  33 C  err 0x00
>>> pos 30
id 30  pos  2615  spd  -150  load   56  12.1 V  33 C  err 0x00
>>> pos 30
id 30  pos  2613  spd   -50  load  136  12.1 V  33 C  err 0x00
>>> pos 30
id 30  pos  2608  spd  -150  load   56  12.1 V  33 C  err 0x00
>>> pos 30
id 30  pos  2606  spd   -50  load   96  12.1 V  33 C  err 0x00
>>> pos 30
id 30  pos  2602  spd  -150  load   96  12.1 V  33 C  err 0x00
>>> pos 30
id 30  pos  2599  spd   -50  load   96  12.1 V  33 C  err 0x00
>>> pos 30
id 30  pos  2595  spd  -150  load   56  12.1 V  33 C  err 0x00
>>> pos 30
id 30  pos  2593  spd  -100  load  136  12.1 V  33 C  err 0x00
>>> pos 30
id 30  pos  2588  spd  -150  load   56  12.1 V  33 C  err 0x00
>>> pos 30
id 30  pos  2586  spd   -50  load   96  12.1 V  33 C  err 0x00
>>> pos 30
id 30  pos  2582  spd  -100  load   96  12.1 V  33 C  err 0x00
>>> pos 30
id 30  pos  2580  spd  -100  load  136  12.1 V  33 C  err 0x00
>>> pos 30
id 30  pos  2575  spd  -150  load   56  12.1 V  33 C  err 0x00
>>> pos 30
id 30  pos  2573  spd  -150  load  136  12.0 V  33 C  err 0x00
>>> pos 30
id 30  pos  2569  spd   -50  load   96  12.1 V  33 C  err 0x00
>>> pos 30
id 30  pos  2566  spd   -50  load   96  12.1 V  33 C  err 0x00
>>> pos 30
id 30  pos  2562  spd   -50  load   96  12.1 V  33 C  err 0x00
>>> pos 30
id 30  pos  2559  spd  -100  load   96  12.1 V  33 C  err 0x00
>>> pos 30
id 30  pos  2556  spd  -100  load   96  12.1 V  33 C  err 0x00
>>> pos 30
id 30  pos  2552  spd  -200  load   56  12.1 V  33 C  err 0x00
>>> pos 30
id 30  pos  2550  spd     0  load  136  12.1 V  33 C  err 0x00
>>> pos 30
id 30  pos  2545  spd  -150  load   56  12.1 V  33 C  err 0x00
>>> pos 30
id 30  pos  2544  spd     0  load  136  12.1 V  33 C  err 0x00
>>> pos 30
id 30  pos  2538  spd  -200  load   56  12.1 V  33 C  err 0x00
>>> pos 30
id 30  pos  2538  spd     0  load  176  12.1 V  33 C  err 0x00
>>> pos 30
id 30  pos  2531  spd  -150  load    0  12.0 V  33 C  err 0x00
>>> pos 30
id 30  pos  2530  spd     0  load   96  12.1 V  33 C  err 0x00
>>> pos 30
id 30  pos  2527  spd  -150  load   96  12.1 V  33 C  err 0x00
>>> pos 30
id 30  pos  2523  spd  -150  load   56  12.1 V  33 C  err 0x00
>>> pos 30
id 30  pos  2523  spd     0  load  136  12.1 V  33 C  err 0x00
>>> pos 30
id 30  pos  2518  spd  -150  load    0  12.0 V  33 C  err 0x00
>>> pos 30
id 30  pos  2518  spd     0  load  136  12.1 V  33 C  err 0x00
>>> pos 30
id 30  pos  2515  spd  -150  load   56  12.1 V  33 C  err 0x00
>>> pos 30
id 30  pos  2514  spd     0  load   96  12.1 V  33 C  err 0x00
>>> pos 30
id 30  pos  2512  spd   -50  load   96  12.1 V  33 C  err 0x00
>>> pos 30
id 30  pos  2510  spd   -50  load   56  12.0 V  33 C  err 0x00
>>> pos 30
id 30  pos  2510  spd     0  load   96  12.1 V  33 C  err 0x00
>>> pos 30
id 30  pos  2509  spd   -50  load   56  12.1 V  33 C  err 0x00
>>> pos 30
id 30  pos  2509  spd     0  load   56  12.0 V  33 C  err 0x00
>>> pos 30
id 30  pos  2509  spd     0  load   56  12.1 V  33 C  err 0x00
>>> pos 30
id 30  pos  2509  spd     0  load   56  12.1 V  33 C  err 0x00
>>> pos 30
id 30  pos  2509  spd     0  load   56  12.1 V  33 C  err 0x00
>>> pos 30
id 30  pos  2509  spd     0  load   56  12.1 V  33 C  err 0x00
>>> pos 30
id 30  pos  2509  spd     0  load   56  12.1 V  33 C  err 0x00
>>> pos 30
id 30  pos  2509  spd     0  load   56  12.1 V  33 C  err 0x00
>>> pos 30
id 30  pos  2509  spd     0  load   56  12.1 V  33 C  err 0x00
>>> pos 30
id 30  pos  2509  spd     0  load   56  12.1 V  33 C  err 0x00
>>> pos 30
id 30  pos  2509  spd     0  load   56  12.1 V  33 C  err 0x00
>>> pos 30
id 30  pos  2509  spd     0  load   56  12.0 V  33 C  err 0x00
>>> pos 30
id 30  pos  2509  spd     0  load   56  12.1 V  33 C  err 0x00
>>> pos 30
id 30  pos  2509  spd     0  load   56  12.1 V  33 C  err 0x00
>>> pos 30
id 30  pos  2509  spd     0  load   56  12.1 V  33 C  err 0x00
>>> pos 30
id 30  pos  2509  spd     0  load   56  12.1 V  33 C  err 0x00
>>> pos 30
id 30  pos  2509  spd     0  load   56  12.1 V  33 C  err 0x00
>>> pos 30
id 30  pos  2509  spd     0  load   56  12.1 V  33 C  err 0x00
>>> pos 30
id 30  pos  2509  spd     0  load   56  12.1 V  33 C  err 0x00
>>> pos 30
id 30  pos  2509  spd     0  load   56  12.1 V  33 C  err 0x00
>>> pos 30
id 30  pos  2509  spd     0  load   56  12.1 V  33 C  err 0x00
>>> pos 30
id 30  pos  2509  spd     0  load   56  12.1 V  33 C  err 0x00
>>> pos 30
id 30  pos  2509  spd     0  load   56  12.1 V  33 C  err 0x00
>>> pos 30
id 30  pos  2509  spd     0  load   56  12.1 V  33 C  err 0x00
>>> pos 30
id 30  pos  2509  spd     0  load   56  12.1 V  33 C  err 0x00
>>> pos 30
id 30  pos  2509  spd     0  load   56  12.1 V  33 C  err 0x00
>>> pos 30
id 30  pos  2509  spd     0  load   56  12.1 V  33 C  err 0x00
>>> pos 30
id 30  pos  2509  spd     0  load   56  12.1 V  33 C  err 0x00
>>> pos 30
id 30  pos  2509  spd     0  load   56  12.1 V  33 C  err 0x00
>>> pos 30
id 30  pos  2509  spd     0  load   56  12.1 V  33 C  err 0x00
>>> pos 30
id 30  pos  2509  spd     0  load   56  12.0 V  33 C  err 0x00
>>> pos 30
id 30  pos  2509  spd     0  load   56  12.1 V  33 C  err 0x00
>>> pos 30
id 30  pos  2509  spd     0  load   56  12.1 V  33 C  err 0x00
>>> pos 30
id 30  pos  2509  spd     0  load   56  12.1 V  33 C  err 0x00
>>> pos 30
id 30  pos  2509  spd     0  load   56  12.1 V  33 C  err 0x00
>>> pos 30
id 30  pos  2509  spd     0  load   56  12.1 V  33 C  err 0x00
>>> pos 30
id 30  pos  2509  spd     0  load   56  12.1 V  33 C  err 0x00
>>> pos 30
id 30  pos  2509  spd     0  load   56  12.0 V  33 C  err 0x00
>>> pos 30
id 30  pos  2509  spd     0  load   56  12.1 V  33 C  err 0x00
>>> pos 30
id 30  pos  2509  spd     0  load   56  12.1 V  33 C  err 0x00
>>> pos 30
id 30  pos  2509  spd     0  load   56  12.0 V  33 C  err 0x00
>>> pos 30
id 30  pos  2509  spd     0  load   56  12.1 V  33 C  err 0x00
>>> pos 30
id 30  pos  2509  spd     0  load   56  12.1 V  33 C  err 0x00
>>> pos 30
id 30  pos  2509  spd     0  load   56  12.1 V  33 C  err 0x00
>>> pos 30
id 30  pos  2509  spd     0  load   56  12.1 V  33 C  err 0x00
>>> pos 30
id 30  pos  2509  spd     0  load   56  12.1 V  33 C  err 0x00
>>> pos 30
id 30  pos  2509  spd     0  load   56  12.1 V  33 C  err 0x00
>>> pos 30
id 30  pos  2509  spd     0  load   56  12.1 V  33 C  err 0x00
>>> pos 30
id 30  pos  2509  spd     0  load   56  12.1 V  33 C  err 0x00
>>> pos 30
id 30  pos  2509  spd     0  load   56  12.1 V  33 C  err 0x00
>>> pos 30
id 30  pos  2509  spd     0  load   56  12.1 V  33 C  err 0x00
>>> pos 30
id 30  pos  2509  spd     0  load   56  12.1 V  33 C  err 0x00
>>> pos 30
id 30  pos  2509  spd     0  load   56  12.1 V  33 C  err 0x00
>>> pos 30
id 30  pos  2509  spd     0  load   56  12.1 V  33 C  err 0x00
>>> pos 30
id 30  pos  2509  spd     0  load   56  12.1 V  33 C  err 0x00
>>> pos 30
id 30  pos  2509  spd     0  load   56  12.1 V  33 C  err 0x00
>>> pos 30
id 30  pos  2509  spd     0  load   56  12.1 V  33 C  err 0x00
>>> pos 30
id 30  pos  2509  spd     0  load   56  12.1 V  33 C  err 0x00
>>> pos 30
id 30  pos  2509  spd     0  load   56  12.0 V  32 C  err 0x00
>>> pos 30
id 30  pos  2509  spd     0  load   56  12.1 V  33 C  err 0x00
>>> pos 30
id 30  pos  2509  spd     0  load   56  12.1 V  33 C  err 0x00
>>> pos 30
id 30  pos  2509  spd     0  load   56  12.1 V  33 C  err 0x00
>>> pos 30
id 30  pos  2509  spd     0  load   56  12.1 V  33 C  err 0x00
>>> pos 30
id 30  pos  2509  spd     0  load   56  12.1 V  33 C  err 0x00
>>> pos 30
id 30  pos  2509  spd     0  load   56  12.1 V  33 C  err 0x00
>>> pos 30
id 30  pos  2509  spd     0  load   56  12.1 V  33 C  err 0x00
>>> pos 30
id 30  pos  2509  spd     0  load   56  12.1 V  33 C  err 0x00
>>> pos 30
id 30  pos  2509  spd     0  load   56  12.1 V  33 C  err 0x00
>>> pos 30
id 30  pos  2509  spd     0  load   56  12.1 V  33 C  err 0x00
>>> pos 30
id 30  pos  2509  spd     0  load   56  12.1 V  33 C  err 0x00
>>> pos 30
id 30  pos  2509  spd     0  load   56  12.1 V  33 C  err 0x00
>>> pos 30
id 30  pos  2509  spd     0  load   56  12.1 V  33 C  err 0x00
>>> pos 30
id 30  pos  2509  spd     0  load   56  12.1 V  33 C  err 0x00
>>> pos 30
id 30  pos  2509  spd     0  load   56  12.1 V  33 C  err 0x00
>>> pos 30
id 30  pos  2509  spd     0  load   56  12.1 V  33 C  err 0x00
>>> pos 30
id 30  pos  2509  spd     0  load   56  12.1 V  33 C  err 0x00
>>> pos 30
id 30  pos  2509  spd     0  load   56  12.1 V  33 C  err 0x00
>>> pos 30
id 30  pos  2509  spd     0  load   56  12.0 V  33 C  err 0x00
>>> pos 30
id 30  pos  2509  spd     0  load   56  12.1 V  33 C  err 0x00
>>> pos 30
id 30  pos  2509  spd     0  load   56  12.1 V  33 C  err 0x00
>>> pos 30
id 30  pos  2509  spd     0  load   56  12.1 V  33 C  err 0x00
>>> pos 30
id 30  pos  2509  spd     0  load   56  12.1 V  33 C  err 0x00
>>> pos 30
id 30  pos  2509  spd     0  load   56  12.1 V  33 C  err 0x00
>>> pos 30
id 30  pos  2509  spd     0  load   56  12.1 V  33 C  err 0x00
>>> pos 30
id 30  pos  2509  spd     0  load   56  12.1 V  33 C  err 0x00
>>> pos 30
id 30  pos  2509  spd     0  load   56  12.1 V  33 C  err 0x00
>>> pos 30
id 30  pos  2509  spd     0  load   56  12.1 V  33 C  err 0x00
>>> pos 30
id 30  pos  2509  spd     0  load   56  12.1 V  33 C  err 0x00
>>> pos 30
id 30  pos  2509  spd     0  load   56  12.0 V  33 C  err 0x00
>>> pos 30
id 30  pos  2509  spd     0  load   56  12.1 V  33 C  err 0x00
>>> pos 30
id 30  pos  2509  spd     0  load   56  12.1 V  33 C  err 0x00
>>> pos 30
id 30  pos  2509  spd     0  load   56  12.1 V  33 C  err 0x00
>>> pos 30
id 30  pos  2509  spd     0  load   56  12.1 V  33 C  err 0x00
>>> pos 30
id 30  pos  2509  spd     0  load   56  12.1 V  33 C  err 0x00
>>> pos 30
id 30  pos  2509  spd     0  load   56  12.1 V  33 C  err 0x00
>>> pos 30
id 30  pos  2509  spd     0  load   56  12.1 V  33 C  err 0x00
>>> pos 30
id 30  pos  2509  spd     0  load   56  12.1 V  33 C  err 0x00
>>> pos 30
id 30  pos  2509  spd     0  load   56  12.1 V  33 C  err 0x00
>>> pos 30
id 30  pos  2509  spd     0  load   56  12.1 V  33 C  err 0x00
>>> pos 30
id 30  pos  2509  spd     0  load   56  12.1 V  33 C  err 0x00
>>> pos 30
id 30  pos  2509  spd     0  load   56  12.1 V  33 C  err 0x00
  travel 3528->2507: spd 120 (sd 103, -150..350), backward samples 25/255, load -96..216, end overshoot 0, residual range 0, err 0
>>> pos 30
id 30  pos  2509  spd     0  load   56  12.1 V  33 C  err 0x00
>>> pos 30
id 30  pos  2509  spd     0  load   56  12.1 V  33 C  err 0x00
>>> pos 30
id 30  pos  2509  spd     0  load   56  12.1 V  33 C  err 0x00
>>> pos 30
id 30  pos  2509  spd     0  load   56  12.1 V  33 C  err 0x00
>>> pos 30
id 30  pos  2509  spd     0  load   56  12.1 V  33 C  err 0x00
>>> pos 30
id 30  pos  2509  spd     0  load   56  12.0 V  33 C  err 0x00
>>> pos 30
id 30  pos  2509  spd     0  load   56  12.1 V  33 C  err 0x00
>>> pos 30
id 30  pos  2509  spd     0  load   56  12.1 V  33 C  err 0x00
>>> pos 30
id 30  pos  2509  spd     0  load   56  12.1 V  33 C  err 0x00
>>> pos 30
id 30  pos  2509  spd     0  load   56  12.1 V  33 C  err 0x00
>>> pos 30
id 30  pos  2509  spd     0  load   56  12.1 V  33 C  err 0x00
>>> pos 30
id 30  pos  2509  spd     0  load   56  12.1 V  33 C  err 0x00
>>> pos 30
id 30  pos  2509  spd     0  load   56  12.1 V  33 C  err 0x00
>>> pos 30
id 30  pos  2509  spd     0  load   56  12.1 V  33 C  err 0x00
>>> pos 30
id 30  pos  2509  spd     0  load   56  12.1 V  33 C  err 0x00
>>> pos 30
id 30  pos  2509  spd     0  load   56  12.1 V  33 C  err 0x00
>>> pos 30
id 30  pos  2509  spd     0  load   56  12.1 V  33 C  err 0x00
>>> pos 30
id 30  pos  2509  spd     0  load   56  12.1 V  33 C  err 0x00
>>> pos 30
id 30  pos  2509  spd     0  load   56  12.0 V  33 C  err 0x00
>>> pos 30
id 30  pos  2509  spd     0  load   56  12.1 V  33 C  err 0x00
>>> pos 30
id 30  pos  2509  spd     0  load   56  12.1 V  33 C  err 0x00
>>> pos 30
id 30  pos  2509  spd     0  load   56  12.1 V  33 C  err 0x00
>>> pos 30
id 30  pos  2509  spd     0  load   56  12.1 V  33 C  err 0x00
>>> pos 30
id 30  pos  2509  spd     0  load   56  12.1 V  33 C  err 0x00
>>> pos 30
id 30  pos  2509  spd     0  load   56  12.1 V  33 C  err 0x00
>>> pos 30
id 30  pos  2509  spd     0  load   56  12.1 V  33 C  err 0x00
>>> pos 30
id 30  pos  2509  spd     0  load   56  12.1 V  33 C  err 0x00
>>> pos 30
id 30  pos  2509  spd     0  load   56  12.1 V  33 C  err 0x00
>>> pos 30
id 30  pos  2509  spd     0  load   56  12.1 V  33 C  err 0x00
>>> pos 30
id 30  pos  2509  spd     0  load   56  12.1 V  33 C  err 0x00
>>> pos 30
id 30  pos  2509  spd     0  load   56  12.1 V  33 C  err 0x00
>>> pos 30
id 30  pos  2509  spd     0  load   56  12.1 V  33 C  err 0x00
>>> pos 30
id 30  pos  2509  spd     0  load   56  12.1 V  33 C  err 0x00
>>> pos 30
id 30  pos  2509  spd     0  load   56  12.1 V  33 C  err 0x00
>>> pos 30
id 30  pos  2509  spd     0  load   56  12.1 V  33 C  err 0x00
>>> pos 30
id 30  pos  2509  spd     0  load   56  12.1 V  33 C  err 0x00
>>> pos 30
id 30  pos  2509  spd     0  load   56  12.0 V  33 C  err 0x00
>>> pos 30
id 30  pos  2509  spd     0  load   56  12.1 V  33 C  err 0x00
>>> pos 30
id 30  pos  2509  spd     0  load   56  12.1 V  33 C  err 0x00
>>> pos 30
id 30  pos  2509  spd     0  load   56  12.1 V  33 C  err 0x00
>>> pos 30
id 30  pos  2509  spd     0  load   56  12.1 V  33 C  err 0x00
>>> pos 30
id 30  pos  2509  spd     0  load   56  12.1 V  33 C  err 0x00
>>> pos 30
id 30  pos  2509  spd     0  load   56  12.1 V  33 C  err 0x00
>>> pos 30
id 30  pos  2509  spd     0  load   56  12.1 V  33 C  err 0x00
>>> pos 30
id 30  pos  2509  spd     0  load   56  12.1 V  33 C  err 0x00
>>> pos 30
id 30  pos  2509  spd     0  load   56  12.1 V  33 C  err 0x00
>>> pos 30
id 30  pos  2509  spd     0  load   56  12.1 V  33 C  err 0x00
>>> pos 30
id 30  pos  2509  spd     0  load   56  12.1 V  33 C  err 0x00
>>> pos 30
id 30  pos  2509  spd     0  load   56  12.1 V  33 C  err 0x00
>>> pos 30
id 30  pos  2509  spd     0  load   56  12.1 V  33 C  err 0x00
>>> pos 30
id 30  pos  2509  spd     0  load   56  12.1 V  33 C  err 0x00
>>> pos 30
id 30  pos  2509  spd     0  load   56  12.1 V  33 C  err 0x00
>>> pos 30
id 30  pos  2509  spd     0  load   56  12.1 V  33 C  err 0x00
>>> pos 30
id 30  pos  2509  spd     0  load   56  12.0 V  33 C  err 0x00
>>> pos 30
id 30  pos  2509  spd     0  load   56  12.1 V  33 C  err 0x00
>>> pos 30
id 30  pos  2509  spd     0  load   56  12.1 V  33 C  err 0x00
>>> pos 30
id 30  pos  2509  spd     0  load   56  12.1 V  33 C  err 0x00
>>> pos 30
id 30  pos  2509  spd     0  load   56  12.1 V  33 C  err 0x00
>>> pos 30
id 30  pos  2509  spd     0  load   56  12.1 V  33 C  err 0x00
>>> pos 30
id 30  pos  2509  spd     0  load   56  12.1 V  33 C  err 0x00
>>> pos 30
id 30  pos  2509  spd     0  load   56  12.1 V  33 C  err 0x00
>>> pos 30
id 30  pos  2509  spd     0  load   56  12.1 V  33 C  err 0x00
>>> pos 30
id 30  pos  2509  spd     0  load   56  12.1 V  33 C  err 0x00
>>> pos 30
id 30  pos  2509  spd     0  load   56  12.1 V  33 C  err 0x00
>>> pos 30
id 30  pos  2509  spd     0  load   56  12.1 V  33 C  err 0x00
>>> pos 30
id 30  pos  2509  spd     0  load   56  12.1 V  33 C  err 0x00
>>> pos 30
id 30  pos  2509  spd     0  load   56  12.1 V  33 C  err 0x00
>>> pos 30
id 30  pos  2509  spd     0  load   56  12.1 V  33 C  err 0x00
>>> pos 30
id 30  pos  2509  spd     0  load   56  12.0 V  33 C  err 0x00
>>> pos 30
id 30  pos  2509  spd     0  load   56  12.1 V  33 C  err 0x00
>>> pos 30
id 30  pos  2509  spd     0  load   56  12.1 V  33 C  err 0x00
>>> pos 30
id 30  pos  2509  spd     0  load   56  12.1 V  33 C  err 0x00
>>> pos 30
id 30  pos  2509  spd     0  load   56  12.1 V  33 C  err 0x00
>>> pos 30
id 30  pos  2509  spd     0  load   56  12.1 V  33 C  err 0x00
>>> pos 30
id 30  pos  2509  spd     0  load   56  12.1 V  33 C  err 0x00
>>> pos 30
id 30  pos  2509  spd     0  load   56  12.1 V  33 C  err 0x00
>>> pos 30
id 30  pos  2509  spd     0  load   56  12.1 V  33 C  err 0x00
>>> pos 30
id 30  pos  2509  spd     0  load   56  12.1 V  33 C  err 0x00
>>> pos 30
id 30  pos  2509  spd     0  load   56  12.1 V  33 C  err 0x00
>>> pos 30
id 30  pos  2509  spd     0  load   56  12.1 V  33 C  err 0x00
>>> pos 30
id 30  pos  2509  spd     0  load   56  12.1 V  33 C  err 0x00
>>> pos 30
id 30  pos  2509  spd     0  load   56  12.1 V  33 C  err 0x00
>>> pos 30
id 30  pos  2509  spd     0  load   56  12.1 V  33 C  err 0x00
>>> pos 30
id 30  pos  2509  spd     0  load   56  12.1 V  33 C  err 0x00
>>> pos 30
id 30  pos  2509  spd     0  load   56  12.1 V  33 C  err 0x00
>>> pos 30
id 30  pos  2509  spd     0  load   56  12.1 V  33 C  err 0x00
>>> pos 30
id 30  pos  2509  spd     0  load   56  12.1 V  33 C  err 0x00
>>> pos 30
id 30  pos  2509  spd     0  load   56  12.1 V  33 C  err 0x00
>>> pos 30
id 30  pos  2509  spd     0  load   56  12.1 V  33 C  err 0x00
>>> pos 30
id 30  pos  2509  spd     0  load   56  12.1 V  33 C  err 0x00
>>> pos 30
id 30  pos  2509  spd     0  load   56  12.1 V  33 C  err 0x00
>>> pos 30
id 30  pos  2509  spd     0  load   56  12.1 V  33 C  err 0x00
>>> pos 30
id 30  pos  2509  spd     0  load   56  12.1 V  33 C  err 0x00
>>> pos 30
id 30  pos  2509  spd     0  load   56  12.1 V  33 C  err 0x00
>>> pos 30
id 30  pos  2509  spd     0  load   56  12.0 V  33 C  err 0x00
>>> pos 30
id 30  pos  2509  spd     0  load   56  12.1 V  33 C  err 0x00
>>> pos 30
id 30  pos  2509  spd     0  load   56  12.1 V  33 C  err 0x00
>>> pos 30
id 30  pos  2509  spd     0  load   56  12.1 V  33 C  err 0x00
>>> pos 30
id 30  pos  2509  spd     0  load   56  12.0 V  33 C  err 0x00
>>> pos 30
id 30  pos  2509  spd     0  load   56  12.1 V  33 C  err 0x00
>>> pos 30
id 30  pos  2509  spd     0  load   56  12.1 V  33 C  err 0x00
>>> pos 30
id 30  pos  2509  spd     0  load   56  12.1 V  33 C  err 0x00
>>> pos 30
id 30  pos  2509  spd     0  load   56  12.1 V  33 C  err 0x00
>>> pos 30
id 30  pos  2509  spd     0  load   56  12.1 V  33 C  err 0x00
>>> pos 30
id 30  pos  2509  spd     0  load   56  12.1 V  33 C  err 0x00
>>> pos 30
id 30  pos  2509  spd     0  load   56  12.1 V  33 C  err 0x00
>>> pos 30
id 30  pos  2509  spd     0  load   56  12.1 V  33 C  err 0x00
>>> pos 30
id 30  pos  2509  spd     0  load   56  12.1 V  33 C  err 0x00
>>> pos 30
id 30  pos  2509  spd     0  load   56  12.1 V  33 C  err 0x00
>>> pos 30
id 30  pos  2509  spd     0  load   56  12.1 V  33 C  err 0x00
>>> pos 30
id 30  pos  2509  spd     0  load   56  12.1 V  33 C  err 0x00
>>> pos 30
id 30  pos  2509  spd     0  load   56  12.1 V  33 C  err 0x00
>>> pos 30
id 30  pos  2509  spd     0  load   56  12.1 V  33 C  err 0x00
>>> pos 30
id 30  pos  2509  spd     0  load   56  12.1 V  33 C  err 0x00
>>> pos 30
id 30  pos  2509  spd     0  load   56  12.1 V  33 C  err 0x00
>>> pos 30
id 30  pos  2509  spd     0  load   56  12.1 V  33 C  err 0x00
>>> pos 30
id 30  pos  2509  spd     0  load   56  12.1 V  33 C  err 0x00
>>> pos 30
id 30  pos  2509  spd     0  load   56  12.1 V  33 C  err 0x00
>>> pos 30
id 30  pos  2509  spd     0  load   56  12.1 V  33 C  err 0x00
>>> pos 30
id 30  pos  2509  spd     0  load   56  12.0 V  33 C  err 0x00
>>> pos 30
id 30  pos  2509  spd     0  load   56  12.1 V  33 C  err 0x00
>>> pos 30
id 30  pos  2509  spd     0  load   56  12.1 V  33 C  err 0x00
>>> pos 30
id 30  pos  2509  spd     0  load   56  12.1 V  33 C  err 0x00
>>> pos 30
id 30  pos  2509  spd     0  load   56  12.1 V  33 C  err 0x00
>>> pos 30
id 30  pos  2509  spd     0  load   56  12.1 V  33 C  err 0x00
>>> pos 30
id 30  pos  2509  spd     0  load   56  12.1 V  33 C  err 0x00
>>> pos 30
id 30  pos  2509  spd     0  load   56  12.1 V  33 C  err 0x00
>>> pos 30
id 30  pos  2509  spd     0  load   56  12.1 V  33 C  err 0x00
>>> pos 30
id 30  pos  2509  spd     0  load   56  12.1 V  33 C  err 0x00
>>> pos 30
id 30  pos  2509  spd     0  load   56  12.1 V  33 C  err 0x00
>>> pos 30
id 30  pos  2509  spd     0  load   56  12.1 V  33 C  err 0x00
>>> pos 30
id 30  pos  2509  spd     0  load   56  12.1 V  33 C  err 0x00
>>> pos 30
id 30  pos  2509  spd     0  load   56  12.1 V  33 C  err 0x00
>>> pos 30
id 30  pos  2509  spd     0  load   56  12.1 V  33 C  err 0x00
>>> pos 30
id 30  pos  2509  spd     0  load   56  12.1 V  33 C  err 0x00
>>> pos 30
id 30  pos  2509  spd     0  load   56  12.1 V  33 C  err 0x00
>>> pos 30
id 30  pos  2509  spd     0  load   56  12.1 V  33 C  err 0x00
>>> pos 30
id 30  pos  2509  spd     0  load   56  12.1 V  33 C  err 0x00
>>> pos 30
id 30  pos  2509  spd     0  load   56  12.1 V  33 C  err 0x00
>>> pos 30
id 30  pos  2509  spd     0  load   56  12.1 V  33 C  err 0x00
>>> pos 30
id 30  pos  2509  spd     0  load   56  12.1 V  33 C  err 0x00
>>> pos 30
id 30  pos  2509  spd     0  load   56  12.1 V  33 C  err 0x00
>>> pos 30
id 30  pos  2509  spd     0  load   56  12.1 V  33 C  err 0x00
>>> pos 30
id 30  pos  2509  spd     0  load   56  12.1 V  33 C  err 0x00
>>> pos 30
id 30  pos  2509  spd     0  load   56  12.1 V  33 C  err 0x00
>>> pos 30
id 30  pos  2509  spd     0  load   56  12.1 V  33 C  err 0x00
>>> pos 30
id 30  pos  2509  spd     0  load   56  12.1 V  33 C  err 0x00
>>> pos 30
id 30  pos  2509  spd     0  load   56  12.1 V  33 C  err 0x00
>>> pos 30
id 30  pos  2509  spd     0  load   56  12.1 V  33 C  err 0x00
>>> pos 30
id 30  pos  2509  spd     0  load   56  12.1 V  33 C  err 0x00
>>> pos 30
id 30  pos  2509  spd     0  load   56  12.1 V  33 C  err 0x00
>>> pos 30
id 30  pos  2509  spd     0  load   56  12.1 V  33 C  err 0x00
>>> pos 30
id 30  pos  2509  spd     0  load   56  12.1 V  33 C  err 0x00
  LEVEL quiet: pos +2.00, range 0, moving 0/152, load 56..56, err 0
>>> move 30 2530 0 100 2
move id 30 -> 2530 ticks, 0 ms, spd 100, acc 2: ok
>>> move 30 2507 0 100 2
move id 30 -> 2507 ticks, 0 ms, spd 100, acc 2: ok
>>> pos 30
id 30  pos  2529  spd     0  load    0  12.1 V  33 C  err 0x00
>>> pos 30
id 30  pos  2529  spd     0  load   96  12.1 V  33 C  err 0x00
>>> pos 30
id 30  pos  2527  spd   -50  load   96  12.1 V  33 C  err 0x00
>>> pos 30
id 30  pos  2524  spd   -50  load   96  12.0 V  33 C  err 0x00
>>> pos 30
id 30  pos  2522  spd   -50  load   96  12.1 V  33 C  err 0x00
>>> pos 30
id 30  pos  2519  spd   -50  load   56  12.1 V  33 C  err 0x00
>>> pos 30
id 30  pos  2518  spd   -50  load   96  12.1 V  33 C  err 0x00
>>> pos 30
id 30  pos  2515  spd  -100  load   56  12.1 V  33 C  err 0x00
>>> pos 30
id 30  pos  2515  spd     0  load  136  12.0 V  33 C  err 0x00
>>> pos 30
id 30  pos  2513  spd  -100  load   96  12.1 V  33 C  err 0x00
>>> pos 30
id 30  pos  2509  spd  -150  load    0  12.1 V  33 C  err 0x00
>>> pos 30
id 30  pos  2509  spd     0  load   56  12.1 V  33 C  err 0x00
>>> pos 30
id 30  pos  2509  spd     0  load   56  12.1 V  33 C  err 0x00
>>> pos 30
id 30  pos  2509  spd     0  load   56  12.1 V  33 C  err 0x00
>>> pos 30
id 30  pos  2509  spd     0  load   56  12.1 V  33 C  err 0x00
>>> pos 30
id 30  pos  2509  spd     0  load   56  12.1 V  33 C  err 0x00
>>> pos 30
id 30  pos  2509  spd     0  load   56  12.1 V  33 C  err 0x00
>>> pos 30
id 30  pos  2509  spd     0  load   56  12.0 V  33 C  err 0x00
>>> pos 30
id 30  pos  2509  spd     0  load   56  12.1 V  33 C  err 0x00
>>> pos 30
id 30  pos  2509  spd     0  load   56  12.1 V  33 C  err 0x00
>>> pos 30
id 30  pos  2509  spd     0  load   56  12.1 V  33 C  err 0x00
>>> pos 30
id 30  pos  2509  spd     0  load   56  12.1 V  33 C  err 0x00
>>> pos 30
id 30  pos  2509  spd     0  load   56  12.0 V  33 C  err 0x00
>>> pos 30
id 30  pos  2509  spd     0  load   56  12.1 V  33 C  err 0x00
>>> pos 30
id 30  pos  2509  spd     0  load   56  12.1 V  33 C  err 0x00
>>> pos 30
id 30  pos  2509  spd     0  load   56  12.1 V  33 C  err 0x00
>>> pos 30
id 30  pos  2509  spd     0  load   56  12.1 V  33 C  err 0x00
>>> pos 30
id 30  pos  2509  spd     0  load   56  12.1 V  33 C  err 0x00
>>> pos 30
id 30  pos  2509  spd     0  load   56  12.1 V  33 C  err 0x00
>>> pos 30
id 30  pos  2509  spd     0  load   56  12.1 V  33 C  err 0x00
>>> pos 30
id 30  pos  2509  spd     0  load   56  12.1 V  33 C  err 0x00
>>> pos 30
id 30  pos  2509  spd     0  load   56  12.1 V  33 C  err 0x00
>>> pos 30
id 30  pos  2509  spd     0  load   56  12.1 V  33 C  err 0x00
>>> pos 30
id 30  pos  2509  spd     0  load   56  12.1 V  33 C  err 0x00
>>> pos 30
id 30  pos  2509  spd     0  load   56  12.1 V  33 C  err 0x00
>>> pos 30
id 30  pos  2509  spd     0  load   56  12.1 V  33 C  err 0x00
>>> pos 30
id 30  pos  2509  spd     0  load   56  12.0 V  33 C  err 0x00
>>> pos 30
id 30  pos  2509  spd     0  load   56  12.1 V  33 C  err 0x00
>>> pos 30
id 30  pos  2509  spd     0  load   56  12.1 V  33 C  err 0x00
>>> pos 30
id 30  pos  2509  spd     0  load   56  12.1 V  33 C  err 0x00
>>> pos 30
id 30  pos  2509  spd     0  load   56  12.0 V  33 C  err 0x00
>>> pos 30
id 30  pos  2509  spd     0  load   56  12.1 V  33 C  err 0x00
>>> pos 30
id 30  pos  2509  spd     0  load   56  12.0 V  33 C  err 0x00
>>> pos 30
id 30  pos  2509  spd     0  load   56  12.1 V  33 C  err 0x00
>>> pos 30
id 30  pos  2509  spd     0  load   56  12.1 V  33 C  err 0x00
>>> pos 30
id 30  pos  2509  spd     0  load   56  12.0 V  33 C  err 0x00
>>> pos 30
id 30  pos  2509  spd     0  load   56  12.1 V  33 C  err 0x00
>>> pos 30
id 30  pos  2509  spd     0  load   56  12.1 V  33 C  err 0x00
>>> pos 30
id 30  pos  2509  spd     0  load   56  12.1 V  33 C  err 0x00
>>> pos 30
id 30  pos  2509  spd     0  load   56  12.1 V  33 C  err 0x00
>>> pos 30
id 30  pos  2509  spd     0  load   56  12.1 V  33 C  err 0x00
>>> pos 30
id 30  pos  2509  spd     0  load   56  12.1 V  33 C  err 0x00
>>> pos 30
id 30  pos  2509  spd     0  load   56  12.1 V  33 C  err 0x00
>>> pos 30
id 30  pos  2509  spd     0  load   56  12.1 V  33 C  err 0x00
>>> pos 30
id 30  pos  2509  spd     0  load   56  12.0 V  33 C  err 0x00
>>> pos 30
id 30  pos  2509  spd     0  load   56  12.1 V  33 C  err 0x00
>>> pos 30
id 30  pos  2509  spd     0  load   56  12.1 V  33 C  err 0x00
>>> pos 30
id 30  pos  2509  spd     0  load   56  12.1 V  33 C  err 0x00
>>> pos 30
id 30  pos  2509  spd     0  load   56  12.1 V  33 C  err 0x00
>>> pos 30
id 30  pos  2509  spd     0  load   56  12.1 V  33 C  err 0x00
>>> pos 30
id 30  pos  2509  spd     0  load   56  12.1 V  33 C  err 0x00
>>> pos 30
id 30  pos  2509  spd     0  load   56  12.1 V  33 C  err 0x00
>>> pos 30
id 30  pos  2509  spd     0  load   56  12.1 V  33 C  err 0x00
>>> pos 30
id 30  pos  2509  spd     0  load   56  12.1 V  33 C  err 0x00
>>> pos 30
id 30  pos  2509  spd     0  load   56  12.1 V  33 C  err 0x00
>>> pos 30
id 30  pos  2509  spd     0  load   56  12.1 V  33 C  err 0x00
>>> pos 30
id 30  pos  2509  spd     0  load   56  12.1 V  33 C  err 0x00
>>> pos 30
id 30  pos  2509  spd     0  load   56  12.1 V  33 C  err 0x00
>>> pos 30
id 30  pos  2509  spd     0  load   56  12.1 V  33 C  err 0x00
>>> pos 30
id 30  pos  2509  spd     0  load   56  12.1 V  33 C  err 0x00
>>> pos 30
id 30  pos  2509  spd     0  load   56  12.1 V  33 C  err 0x00
>>> pos 30
id 30  pos  2509  spd     0  load   56  12.1 V  33 C  err 0x00
>>> pos 30
id 30  pos  2509  spd     0  load   56  12.1 V  33 C  err 0x00
>>> pos 30
id 30  pos  2509  spd     0  load   56  12.1 V  33 C  err 0x00
>>> pos 30
id 30  pos  2509  spd     0  load   56  12.1 V  33 C  err 0x00
>>> pos 30
id 30  pos  2509  spd     0  load   56  12.1 V  33 C  err 0x00
>>> pos 30
id 30  pos  2509  spd     0  load   56  12.0 V  33 C  err 0x00
>>> pos 30
id 30  pos  2509  spd     0  load   56  12.1 V  33 C  err 0x00
>>> pos 30
id 30  pos  2509  spd     0  load   56  12.1 V  33 C  err 0x00
>>> pos 30
id 30  pos  2509  spd     0  load   56  12.1 V  33 C  err 0x00
>>> pos 30
id 30  pos  2509  spd     0  load   56  12.1 V  33 C  err 0x00
>>> pos 30
id 30  pos  2509  spd     0  load   56  12.1 V  33 C  err 0x00
>>> pos 30
id 30  pos  2509  spd     0  load   56  12.1 V  33 C  err 0x00
>>> pos 30
id 30  pos  2509  spd     0  load   56  12.1 V  33 C  err 0x00
>>> pos 30
id 30  pos  2509  spd     0  load   56  12.1 V  33 C  err 0x00
>>> pos 30
id 30  pos  2509  spd     0  load   56  12.1 V  33 C  err 0x00
>>> pos 30
id 30  pos  2509  spd     0  load   56  12.1 V  33 C  err 0x00
>>> pos 30
id 30  pos  2509  spd     0  load   56  12.1 V  33 C  err 0x00
>>> pos 30
id 30  pos  2509  spd     0  load   56  12.1 V  33 C  err 0x00
>>> pos 30
id 30  pos  2509  spd     0  load   56  12.1 V  33 C  err 0x00
>>> pos 30
id 30  pos  2509  spd     0  load   56  12.0 V  33 C  err 0x00
>>> move 30 2484 0 100 2
move id 30 -> 2484 ticks, 0 ms, spd 100, acc 2: ok
>>> move 30 2507 0 100 2
move id 30 -> 2507 ticks, 0 ms, spd 100, acc 2: ok
>>> pos 30
id 30  pos  2485  spd     0  load    0  12.1 V  33 C  err 0x00
>>> pos 30
id 30  pos  2485  spd     0  load  -56  12.1 V  33 C  err 0x00
>>> pos 30
id 30  pos  2489  spd    50  load    0  12.0 V  33 C  err 0x00
>>> pos 30
id 30  pos  2491  spd   100  load    0  12.1 V  33 C  err 0x00
>>> pos 30
id 30  pos  2491  spd     0  load  -96  12.1 V  35 C  err 0x00
>>> pos 30
id 30  pos  2497  spd   200  load    0  12.1 V  33 C  err 0x00
>>> pos 30
id 30  pos  2497  spd     0  load    0  12.1 V  33 C  err 0x00
>>> pos 30
id 30  pos  2499  spd   100  load    0  12.1 V  33 C  err 0x00
>>> pos 30
id 30  pos  2501  spd    50  load    0  12.1 V  33 C  err 0x00
>>> pos 30
id 30  pos  2502  spd    50  load    0  12.1 V  33 C  err 0x00
>>> pos 30
id 30  pos  2504  spd   100  load    0  12.1 V  33 C  err 0x00
>>> pos 30
id 30  pos  2506  spd    50  load    0  12.1 V  33 C  err 0x00
>>> pos 30
id 30  pos  2506  spd     0  load    0  12.1 V  33 C  err 0x00
>>> pos 30
id 30  pos  2506  spd     0  load    0  12.1 V  33 C  err 0x00
>>> pos 30
id 30  pos  2506  spd     0  load    0  12.1 V  33 C  err 0x00
>>> pos 30
id 30  pos  2506  spd     0  load    0  12.0 V  33 C  err 0x00
>>> pos 30
id 30  pos  2506  spd     0  load    0  12.1 V  33 C  err 0x00
>>> pos 30
id 30  pos  2506  spd     0  load    0  12.1 V  33 C  err 0x00
>>> pos 30
id 30  pos  2506  spd     0  load    0  12.1 V  33 C  err 0x00
>>> pos 30
id 30  pos  2506  spd     0  load    0  12.1 V  33 C  err 0x00
>>> pos 30
id 30  pos  2506  spd     0  load    0  12.1 V  33 C  err 0x00
>>> pos 30
id 30  pos  2506  spd     0  load    0  12.1 V  33 C  err 0x00
>>> pos 30
id 30  pos  2506  spd     0  load    0  12.1 V  33 C  err 0x00
>>> pos 30
id 30  pos  2506  spd     0  load    0  12.1 V  33 C  err 0x00
>>> pos 30
id 30  pos  2506  spd     0  load    0  12.1 V  33 C  err 0x00
>>> pos 30
id 30  pos  2506  spd     0  load    0  12.1 V  33 C  err 0x00
>>> pos 30
id 30  pos  2506  spd     0  load    0  12.1 V  33 C  err 0x00
>>> pos 30
id 30  pos  2506  spd     0  load    0  12.1 V  33 C  err 0x00
>>> pos 30
id 30  pos  2506  spd     0  load    0  12.1 V  33 C  err 0x00
>>> pos 30
id 30  pos  2506  spd     0  load    0  12.1 V  33 C  err 0x00
>>> pos 30
id 30  pos  2506  spd     0  load    0  12.1 V  33 C  err 0x00
>>> pos 30
id 30  pos  2506  spd     0  load    0  12.1 V  33 C  err 0x00
>>> pos 30
id 30  pos  2506  spd     0  load    0  12.0 V  33 C  err 0x00
>>> pos 30
id 30  pos  2506  spd     0  load    0  12.1 V  33 C  err 0x00
>>> pos 30
id 30  pos  2506  spd     0  load    0  12.1 V  33 C  err 0x00
>>> pos 30
id 30  pos  2506  spd     0  load    0  12.1 V  33 C  err 0x00
>>> pos 30
id 30  pos  2506  spd     0  load    0  12.1 V  33 C  err 0x00
>>> pos 30
id 30  pos  2506  spd     0  load    0  12.1 V  33 C  err 0x00
>>> pos 30
id 30  pos  2506  spd     0  load    0  12.1 V  33 C  err 0x00
>>> pos 30
id 30  pos  2506  spd     0  load    0  12.1 V  33 C  err 0x00
>>> pos 30
id 30  pos  2506  spd     0  load    0  12.1 V  33 C  err 0x00
>>> pos 30
id 30  pos  2506  spd     0  load    0  12.1 V  33 C  err 0x00
>>> pos 30
id 30  pos  2506  spd     0  load    0  12.1 V  33 C  err 0x00
>>> pos 30
id 30  pos  2506  spd     0  load    0  12.1 V  33 C  err 0x00
>>> pos 30
id 30  pos  2506  spd     0  load    0  12.1 V  33 C  err 0x00
>>> pos 30
id 30  pos  2506  spd     0  load    0  12.1 V  33 C  err 0x00
>>> pos 30
id 30  pos  2506  spd     0  load    0  12.1 V  33 C  err 0x00
>>> pos 30
id 30  pos  2506  spd     0  load    0  12.0 V  33 C  err 0x00
>>> pos 30
id 30  pos  2506  spd     0  load    0  12.1 V  33 C  err 0x00
>>> pos 30
id 30  pos  2506  spd     0  load    0  12.1 V  33 C  err 0x00
>>> pos 30
id 30  pos  2506  spd     0  load    0  12.1 V  33 C  err 0x00
>>> pos 30
id 30  pos  2506  spd     0  load    0  12.0 V  33 C  err 0x00
>>> pos 30
id 30  pos  2506  spd     0  load    0  12.1 V  33 C  err 0x00
>>> pos 30
id 30  pos  2506  spd     0  load    0  12.1 V  33 C  err 0x00
>>> pos 30
id 30  pos  2506  spd     0  load    0  12.1 V  33 C  err 0x00
>>> pos 30
id 30  pos  2506  spd     0  load    0  12.1 V  33 C  err 0x00
>>> pos 30
id 30  pos  2506  spd     0  load    0  12.0 V  33 C  err 0x00
>>> pos 30
id 30  pos  2506  spd     0  load    0  12.1 V  33 C  err 0x00
>>> pos 30
id 30  pos  2506  spd     0  load    0  12.1 V  33 C  err 0x00
>>> pos 30
id 30  pos  2506  spd     0  load    0  12.1 V  33 C  err 0x00
>>> pos 30
id 30  pos  2506  spd     0  load    0  12.1 V  33 C  err 0x00
>>> pos 30
id 30  pos  2506  spd     0  load    0  12.1 V  33 C  err 0x00
>>> pos 30
id 30  pos  2506  spd     0  load    0  12.1 V  33 C  err 0x00
>>> pos 30
id 30  pos  2506  spd     0  load    0  12.1 V  33 C  err 0x00
>>> pos 30
id 30  pos  2506  spd     0  load    0  12.1 V  33 C  err 0x00
>>> pos 30
id 30  pos  2506  spd     0  load    0  12.1 V  33 C  err 0x00
>>> pos 30
id 30  pos  2506  spd     0  load    0  12.1 V  33 C  err 0x00
>>> pos 30
id 30  pos  2506  spd     0  load    0  12.1 V  33 C  err 0x00
>>> pos 30
id 30  pos  2506  spd     0  load    0  12.1 V  33 C  err 0x00
>>> pos 30
id 30  pos  2506  spd     0  load    0  12.1 V  33 C  err 0x00
>>> pos 30
id 30  pos  2506  spd     0  load    0  12.1 V  33 C  err 0x00
>>> pos 30
id 30  pos  2506  spd     0  load    0  12.1 V  33 C  err 0x00
>>> pos 30
id 30  pos  2506  spd     0  load    0  12.0 V  33 C  err 0x00
>>> pos 30
id 30  pos  2506  spd     0  load    0  12.1 V  33 C  err 0x00
>>> pos 30
id 30  pos  2506  spd     0  load    0  12.1 V  33 C  err 0x00
>>> pos 30
id 30  pos  2506  spd     0  load    0  12.1 V  33 C  err 0x00
>>> pos 30
id 30  pos  2506  spd     0  load    0  12.1 V  33 C  err 0x00
>>> pos 30
id 30  pos  2506  spd     0  load    0  12.1 V  33 C  err 0x00
>>> pos 30
id 30  pos  2506  spd     0  load    0  12.1 V  33 C  err 0x00
>>> pos 30
id 30  pos  2506  spd     0  load    0  12.1 V  33 C  err 0x00
>>> pos 30
id 30  pos  2506  spd     0  load    0  12.1 V  33 C  err 0x00
>>> pos 30
id 30  pos  2506  spd     0  load    0  12.1 V  33 C  err 0x00
>>> pos 30
id 30  pos  2506  spd     0  load    0  12.1 V  33 C  err 0x00
>>> pos 30
id 30  pos  2506  spd     0  load    0  12.1 V  33 C  err 0x00
>>> pos 30
id 30  pos  2506  spd     0  load    0  12.1 V  33 C  err 0x00
>>> pos 30
id 30  pos  2506  spd     0  load    0  12.1 V  33 C  err 0x00
>>> pos 30
id 30  pos  2506  spd     0  load    0  12.1 V  33 C  err 0x00
>>> pos 30
id 30  pos  2506  spd     0  load    0  12.1 V  33 C  err 0x00
>>> pos 30
id 30  pos  2506  spd     0  load    0  12.1 V  33 C  err 0x00
>>> pos 30
id 30  pos  2506  spd     0  load    0  12.1 V  33 C  err 0x00
>>> pos 30
id 30  pos  2506  spd     0  load    0  12.1 V  33 C  err 0x00
  LEVEL probes: above +2.0 (load 56), below -1.0 (load 0), midpoint +0.5
>>> move 30 2530 0 200 2
move id 30 -> 2530 ticks, 0 ms, spd 200, acc 2: ok
>>> pos 30
id 30  pos  2506  spd     0  load  -56  12.1 V  33 C  err 0x00
>>> pos 30
id 30  pos  2510  spd   100  load    0  12.1 V  33 C  err 0x00
>>> pos 30
id 30  pos  2510  spd     0  load  -56  12.1 V  33 C  err 0x00
>>> pos 30
id 30  pos  2514  spd   100  load    0  12.1 V  33 C  err 0x00
>>> pos 30
id 30  pos  2514  spd     0  load  -96  12.1 V  33 C  err 0x00
>>> pos 30
id 30  pos  2520  spd   200  load    0  12.0 V  33 C  err 0x00
>>> pos 30
id 30  pos  2520  spd     0  load    0  12.1 V  33 C  err 0x00
>>> pos 30
id 30  pos  2523  spd    50  load    0  12.1 V  33 C  err 0x00
>>> pos 30
id 30  pos  2523  spd     0  load  -56  12.1 V  33 C  err 0x00
>>> pos 30
id 30  pos  2526  spd    50  load    0  12.1 V  33 C  err 0x00
>>> pos 30
id 30  pos  2526  spd     0  load  -56  12.1 V  33 C  err 0x00
>>> pos 30
id 30  pos  2530  spd   100  load    0  12.1 V  33 C  err 0x00
>>> pos 30
id 30  pos  2531  spd   100  load    0  12.1 V  33 C  err 0x00
>>> pos 30
id 30  pos  2531  spd     0  load    0  12.1 V  33 C  err 0x00
>>> pos 30
id 30  pos  2531  spd     0  load    0  12.1 V  33 C  err 0x00
>>> pos 30
id 30  pos  2531  spd     0  load    0  12.1 V  33 C  err 0x00
>>> pos 30
id 30  pos  2531  spd     0  load    0  12.1 V  33 C  err 0x00
>>> pos 30
id 30  pos  2531  spd     0  load    0  12.1 V  33 C  err 0x00
>>> pos 30
id 30  pos  2531  spd     0  load    0  12.1 V  33 C  err 0x00
>>> pos 30
id 30  pos  2531  spd     0  load    0  12.1 V  33 C  err 0x00
>>> pos 30
id 30  pos  2531  spd     0  load    0  12.1 V  33 C  err 0x00
>>> pos 30
id 30  pos  2531  spd     0  load    0  12.1 V  33 C  err 0x00
>>> pos 30
id 30  pos  2531  spd     0  load    0  12.1 V  33 C  err 0x00
>>> pos 30
id 30  pos  2531  spd     0  load    0  12.1 V  33 C  err 0x00
>>> pos 30
id 30  pos  2531  spd     0  load    0  12.1 V  33 C  err 0x00
>>> pos 30
id 30  pos  2531  spd     0  load    0  12.1 V  33 C  err 0x00
>>> pos 30
id 30  pos  2531  spd     0  load    0  12.1 V  33 C  err 0x00
>>> pos 30
id 30  pos  2531  spd     0  load    0  12.1 V  33 C  err 0x00
>>> pos 30
id 30  pos  2531  spd     0  load    0  12.1 V  33 C  err 0x00
>>> pos 30
id 30  pos  2531  spd     0  load    0  12.0 V  33 C  err 0x00
>>> pos 30
id 30  pos  2531  spd     0  load    0  12.1 V  33 C  err 0x00
>>> pos 30
id 30  pos  2531  spd     0  load    0  12.1 V  33 C  err 0x00
>>> pos 30
id 30  pos  2531  spd     0  load    0  12.1 V  33 C  err 0x00
>>> pos 30
id 30  pos  2531  spd     0  load    0  12.0 V  33 C  err 0x00
>>> pos 30
id 30  pos  2531  spd     0  load    0  12.1 V  33 C  err 0x00
>>> pos 30
id 30  pos  2531  spd     0  load    0  12.0 V  33 C  err 0x00
>>> pos 30
id 30  pos  2531  spd     0  load    0  12.1 V  33 C  err 0x00
>>> pos 30
id 30  pos  2531  spd     0  load    0  12.1 V  33 C  err 0x00
>>> pos 30
id 30  pos  2531  spd     0  load    0  12.1 V  33 C  err 0x00
>>> pos 30
id 30  pos  2531  spd     0  load    0  12.0 V  33 C  err 0x00
>>> pos 30
id 30  pos  2531  spd     0  load    0  12.1 V  33 C  err 0x00
>>> pos 30
id 30  pos  2531  spd     0  load    0  12.1 V  33 C  err 0x00
>>> pos 30
id 30  pos  2531  spd     0  load    0  12.1 V  33 C  err 0x00
>>> pos 30
id 30  pos  2531  spd     0  load    0  12.1 V  33 C  err 0x00
>>> pos 30
id 30  pos  2531  spd     0  load    0  12.0 V  33 C  err 0x00
>>> pos 30
id 30  pos  2531  spd     0  load    0  12.1 V  33 C  err 0x00
>>> pos 30
id 30  pos  2531  spd     0  load    0  12.1 V  33 C  err 0x00
>>> pos 30
id 30  pos  2531  spd     0  load    0  12.1 V  33 C  err 0x00
>>> pos 30
id 30  pos  2531  spd     0  load    0  12.1 V  33 C  err 0x00
>>> pos 30
id 30  pos  2531  spd     0  load    0  12.0 V  33 C  err 0x00
>>> pos 30
id 30  pos  2531  spd     0  load    0  12.1 V  33 C  err 0x00
>>> pos 30
id 30  pos  2531  spd     0  load    0  12.1 V  33 C  err 0x00
>>> pos 30
id 30  pos  2531  spd     0  load    0  12.1 V  33 C  err 0x00
>>> pos 30
id 30  pos  2531  spd     0  load    0  12.1 V  33 C  err 0x00
>>> pos 30
id 30  pos  2531  spd     0  load    0  12.1 V  33 C  err 0x00
>>> pos 30
id 30  pos  2531  spd     0  load    0  12.1 V  33 C  err 0x00
>>> pos 30
id 30  pos  2531  spd     0  load    0  12.1 V  33 C  err 0x00
>>> pos 30
id 30  pos  2531  spd     0  load    0  12.1 V  33 C  err 0x00
>>> pos 30
id 30  pos  2531  spd     0  load    0  12.1 V  33 C  err 0x00
>>> pos 30
id 30  pos  2531  spd     0  load    0  12.1 V  33 C  err 0x00
>>> pos 30
id 30  pos  2531  spd     0  load    0  12.1 V  33 C  err 0x00
  LEVEL step 2507->2530: overshoot 0, settle 0.3971, residual range 0, offset +1.0, moving in last 1 s 0, err 0
>>> move 30 2507 0 200 2
move id 30 -> 2507 ticks, 0 ms, spd 200, acc 2: ok
>>> pos 30
id 30  pos  2531  spd     0  load   96  12.1 V  33 C  err 0x00
>>> pos 30
id 30  pos  2529  spd  -100  load   96  12.1 V  34 C  err 0x00
>>> pos 30
id 30  pos  2527  spd   -50  load   96  12.1 V  33 C  err 0x00
>>> pos 30
id 30  pos  2525  spd     0  load  136  12.1 V  33 C  err 0x00
>>> pos 30
id 30  pos  2521  spd  -150  load   56  12.1 V  33 C  err 0x00
>>> pos 30
id 30  pos  2521  spd     0  load  136  12.1 V  33 C  err 0x00
>>> pos 30
id 30  pos  2517  spd  -150  load   56  12.0 V  33 C  err 0x00
>>> pos 30
id 30  pos  2516  spd     0  load   96  12.1 V  33 C  err 0x00
>>> pos 30
id 30  pos  2514  spd     0  load   96  12.0 V  33 C  err 0x00
>>> pos 30
id 30  pos  2512  spd  -100  load   56  12.1 V  33 C  err 0x00
>>> pos 30
id 30  pos  2511  spd   -50  load   96  12.1 V  33 C  err 0x00
>>> pos 30
id 30  pos  2509  spd   -50  load   56  12.1 V  33 C  err 0x00
>>> pos 30
id 30  pos  2509  spd     0  load   56  12.1 V  33 C  err 0x00
>>> pos 30
id 30  pos  2509  spd     0  load   56  12.1 V  33 C  err 0x00
>>> pos 30
id 30  pos  2509  spd     0  load   56  12.1 V  33 C  err 0x00
>>> pos 30
id 30  pos  2509  spd     0  load   56  12.1 V  33 C  err 0x00
>>> pos 30
id 30  pos  2509  spd     0  load   56  12.0 V  33 C  err 0x00
>>> pos 30
id 30  pos  2509  spd     0  load   56  12.1 V  33 C  err 0x00
>>> pos 30
id 30  pos  2509  spd     0  load   56  12.1 V  33 C  err 0x00
>>> pos 30
id 30  pos  2509  spd     0  load   56  12.1 V  33 C  err 0x00
>>> pos 30
id 30  pos  2509  spd     0  load   56  12.1 V  33 C  err 0x00
>>> pos 30
id 30  pos  2509  spd     0  load   56  12.1 V  33 C  err 0x00
>>> pos 30
id 30  pos  2509  spd     0  load   56  12.1 V  33 C  err 0x00
>>> pos 30
id 30  pos  2509  spd     0  load   56  12.1 V  33 C  err 0x00
>>> pos 30
id 30  pos  2509  spd     0  load   56  12.1 V  33 C  err 0x00
>>> pos 30
id 30  pos  2509  spd     0  load   56  12.1 V  33 C  err 0x00
>>> pos 30
id 30  pos  2509  spd     0  load   56  12.1 V  33 C  err 0x00
>>> pos 30
id 30  pos  2509  spd     0  load   56  12.1 V  33 C  err 0x00
>>> pos 30
id 30  pos  2509  spd     0  load   56  12.1 V  33 C  err 0x00
>>> pos 30
id 30  pos  2509  spd     0  load   56  12.1 V  33 C  err 0x00
>>> pos 30
id 30  pos  2509  spd     0  load   56  12.1 V  33 C  err 0x00
>>> pos 30
id 30  pos  2509  spd     0  load   56  12.1 V  33 C  err 0x00
>>> pos 30
id 30  pos  2509  spd     0  load   56  12.0 V  33 C  err 0x00
>>> pos 30
id 30  pos  2509  spd     0  load   56  12.1 V  33 C  err 0x00
>>> pos 30
id 30  pos  2509  spd     0  load   56  12.1 V  33 C  err 0x00
>>> pos 30
id 30  pos  2509  spd     0  load   56  12.1 V  33 C  err 0x00
>>> pos 30
id 30  pos  2509  spd     0  load   56  12.1 V  33 C  err 0x00
>>> pos 30
id 30  pos  2509  spd     0  load   56  12.1 V  33 C  err 0x00
>>> pos 30
id 30  pos  2509  spd     0  load   56  12.1 V  33 C  err 0x00
>>> pos 30
id 30  pos  2509  spd     0  load   56  12.1 V  33 C  err 0x00
>>> pos 30
id 30  pos  2509  spd     0  load   56  12.1 V  33 C  err 0x00
>>> pos 30
id 30  pos  2509  spd     0  load   56  12.1 V  33 C  err 0x00
>>> pos 30
id 30  pos  2509  spd     0  load   56  12.1 V  33 C  err 0x00
>>> pos 30
id 30  pos  2509  spd     0  load   56  12.1 V  33 C  err 0x00
>>> pos 30
id 30  pos  2509  spd     0  load   56  12.1 V  33 C  err 0x00
>>> pos 30
id 30  pos  2509  spd     0  load   56  12.1 V  33 C  err 0x00
>>> pos 30
id 30  pos  2509  spd     0  load   56  12.1 V  33 C  err 0x00
>>> pos 30
id 30  pos  2509  spd     0  load   56  12.1 V  33 C  err 0x00
>>> pos 30
id 30  pos  2509  spd     0  load   56  12.1 V  33 C  err 0x00
>>> pos 30
id 30  pos  2509  spd     0  load   56  12.1 V  33 C  err 0x00
>>> pos 30
id 30  pos  2509  spd     0  load   56  12.1 V  33 C  err 0x00
>>> pos 30
id 30  pos  2509  spd     0  load   56  12.1 V  33 C  err 0x00
>>> pos 30
id 30  pos  2509  spd     0  load   56  12.1 V  33 C  err 0x00
>>> pos 30
id 30  pos  2509  spd     0  load   56  12.1 V  33 C  err 0x00
>>> pos 30
id 30  pos  2509  spd     0  load   56  12.0 V  33 C  err 0x00
>>> pos 30
id 30  pos  2509  spd     0  load   56  12.1 V  33 C  err 0x00
>>> pos 30
id 30  pos  2509  spd     0  load   56  12.1 V  33 C  err 0x00
>>> pos 30
id 30  pos  2509  spd     0  load   56  12.1 V  33 C  err 0x00
>>> pos 30
id 30  pos  2509  spd     0  load   56  12.1 V  33 C  err 0x00
>>> pos 30
id 30  pos  2509  spd     0  load   56  12.1 V  33 C  err 0x00
>>> pos 30
id 30  pos  2509  spd     0  load   56  12.1 V  33 C  err 0x00
  LEVEL step 2530->2507: overshoot 0, settle 0.397, residual range 0, offset +2.0, moving in last 1 s 0, err 0
>>> move 30 2484 0 200 2
move id 30 -> 2484 ticks, 0 ms, spd 200, acc 2: ok
>>> pos 30
id 30  pos  2509  spd     0  load  136  12.1 V  33 C  err 0x00
>>> pos 30
id 30  pos  2505  spd  -100  load   56  12.1 V  33 C  err 0x00
>>> pos 30
id 30  pos  2504  spd   -50  load   96  12.1 V  33 C  err 0x00
>>> pos 30
id 30  pos  2501  spd     0  load   96  12.1 V  33 C  err 0x00
>>> pos 30
id 30  pos  2498  spd  -100  load   56  12.1 V  33 C  err 0x00
>>> pos 30
id 30  pos  2497  spd     0  load   96  12.1 V  33 C  err 0x00
>>> pos 30
id 30  pos  2494  spd  -150  load   56  12.1 V  33 C  err 0x00
>>> pos 30
id 30  pos  2493  spd     0  load   96  12.1 V  33 C  err 0x00
>>> pos 30
id 30  pos  2490  spd  -100  load   56  12.1 V  33 C  err 0x00
>>> pos 30
id 30  pos  2490  spd     0  load   96  12.1 V  33 C  err 0x00
>>> pos 30
id 30  pos  2487  spd  -100  load   56  12.1 V  33 C  err 0x00
>>> pos 30
id 30  pos  2486  spd   -50  load   56  12.1 V  33 C  err 0x00
>>> pos 30
id 30  pos  2486  spd     0  load   56  12.1 V  33 C  err 0x00
>>> pos 30
id 30  pos  2486  spd     0  load   56  12.1 V  33 C  err 0x00
>>> pos 30
id 30  pos  2486  spd     0  load   56  12.1 V  33 C  err 0x00
>>> pos 30
id 30  pos  2486  spd     0  load   56  12.1 V  33 C  err 0x00
>>> pos 30
id 30  pos  2486  spd     0  load   56  12.1 V  33 C  err 0x00
>>> pos 30
id 30  pos  2486  spd     0  load   56  12.1 V  33 C  err 0x00
>>> pos 30
id 30  pos  2486  spd     0  load   56  12.1 V  33 C  err 0x00
>>> pos 30
id 30  pos  2486  spd     0  load   56  12.1 V  33 C  err 0x00
>>> pos 30
id 30  pos  2486  spd     0  load   56  12.0 V  33 C  err 0x00
>>> pos 30
id 30  pos  2486  spd     0  load   56  12.1 V  33 C  err 0x00
>>> pos 30
id 30  pos  2486  spd     0  load   56  12.1 V  33 C  err 0x00
>>> pos 30
id 30  pos  2486  spd     0  load   56  12.1 V  33 C  err 0x00
>>> pos 30
id 30  pos  2486  spd     0  load   56  12.1 V  33 C  err 0x00
>>> pos 30
id 30  pos  2486  spd     0  load   56  12.1 V  33 C  err 0x00
>>> pos 30
id 30  pos  2486  spd     0  load   56  12.1 V  33 C  err 0x00
>>> pos 30
id 30  pos  2486  spd     0  load   56  12.1 V  33 C  err 0x00
>>> pos 30
id 30  pos  2486  spd     0  load   56  12.1 V  33 C  err 0x00
>>> pos 30
id 30  pos  2486  spd     0  load   56  12.1 V  33 C  err 0x00
>>> pos 30
id 30  pos  2486  spd     0  load   56  12.1 V  33 C  err 0x00
>>> pos 30
id 30  pos  2486  spd     0  load   56  12.1 V  33 C  err 0x00
>>> pos 30
id 30  pos  2486  spd     0  load   56  12.1 V  33 C  err 0x00
>>> pos 30
id 30  pos  2486  spd     0  load   56  12.1 V  33 C  err 0x00
>>> pos 30
id 30  pos  2486  spd     0  load   56  12.1 V  33 C  err 0x00
>>> pos 30
id 30  pos  2486  spd     0  load   56  12.1 V  33 C  err 0x00
>>> pos 30
id 30  pos  2486  spd     0  load   56  12.1 V  33 C  err 0x00
>>> pos 30
id 30  pos  2486  spd     0  load   56  12.1 V  33 C  err 0x00
>>> pos 30
id 30  pos  2486  spd     0  load   56  12.1 V  33 C  err 0x00
>>> pos 30
id 30  pos  2486  spd     0  load   56  12.0 V  33 C  err 0x00
>>> pos 30
id 30  pos  2486  spd     0  load   56  12.1 V  33 C  err 0x00
>>> pos 30
id 30  pos  2486  spd     0  load   56  12.1 V  33 C  err 0x00
>>> pos 30
id 30  pos  2486  spd     0  load   56  12.1 V  33 C  err 0x00
>>> pos 30
id 30  pos  2486  spd     0  load   56  12.1 V  33 C  err 0x00
>>> pos 30
id 30  pos  2486  spd     0  load   56  12.1 V  33 C  err 0x00
>>> pos 30
id 30  pos  2486  spd     0  load   56  12.1 V  33 C  err 0x00
>>> pos 30
id 30  pos  2486  spd     0  load   56  12.1 V  33 C  err 0x00
>>> pos 30
id 30  pos  2486  spd     0  load   56  12.1 V  33 C  err 0x00
>>> pos 30
id 30  pos  2486  spd     0  load   56  12.1 V  33 C  err 0x00
>>> pos 30
id 30  pos  2486  spd     0  load   56  12.1 V  33 C  err 0x00
>>> pos 30
id 30  pos  2486  spd     0  load   56  12.1 V  33 C  err 0x00
>>> pos 30
id 30  pos  2486  spd     0  load   56  12.1 V  33 C  err 0x00
>>> pos 30
id 30  pos  2486  spd     0  load   56  12.1 V  33 C  err 0x00
>>> pos 30
id 30  pos  2486  spd     0  load   56  12.1 V  33 C  err 0x00
>>> pos 30
id 30  pos  2486  spd     0  load   56  12.1 V  33 C  err 0x00
>>> pos 30
id 30  pos  2486  spd     0  load   56  12.1 V  33 C  err 0x00
>>> pos 30
id 30  pos  2486  spd     0  load   56  12.1 V  33 C  err 0x00
>>> pos 30
id 30  pos  2486  spd     0  load   56  12.1 V  33 C  err 0x00
>>> pos 30
id 30  pos  2486  spd     0  load   56  12.1 V  33 C  err 0x00
>>> pos 30
id 30  pos  2486  spd     0  load   56  12.1 V  33 C  err 0x00
>>> pos 30
id 30  pos  2486  spd     0  load   56  12.1 V  33 C  err 0x00
  LEVEL step 2507->2484: overshoot 0, settle 0.3641, residual range 0, offset +2.0, moving in last 1 s 0, err 0
>>> move 30 2507 0 200 2
move id 30 -> 2507 ticks, 0 ms, spd 200, acc 2: ok
>>> pos 30
id 30  pos  2486  spd     0  load    0  12.1 V  33 C  err 0x00
>>> pos 30
id 30  pos  2486  spd     0  load    0  12.1 V  33 C  err 0x00
>>> pos 30
id 30  pos  2487  spd    50  load  -56  12.1 V  33 C  err 0x00
>>> pos 30
id 30  pos  2491  spd   150  load    0  12.1 V  33 C  err 0x00
>>> pos 30
id 30  pos  2492  spd     0  load  -56  12.1 V  33 C  err 0x00
>>> pos 30
id 30  pos  2497  spd   150  load    0  12.1 V  33 C  err 0x00
>>> pos 30
id 30  pos  2497  spd     0  load    0  12.0 V  33 C  err 0x00
>>> pos 30
id 30  pos  2499  spd   100  load    0  12.1 V  33 C  err 0x00
>>> pos 30
id 30  pos  2500  spd    50  load  -56  12.1 V  33 C  err 0x00
>>> pos 30
id 30  pos  2502  spd   100  load    0  12.1 V  33 C  err 0x00
>>> pos 30
id 30  pos  2504  spd    50  load    0  12.1 V  33 C  err 0x00
>>> pos 30
id 30  pos  2506  spd   100  load    0  12.1 V  33 C  err 0x00
>>> pos 30
id 30  pos  2506  spd     0  load    0  12.1 V  33 C  err 0x00
>>> pos 30
id 30  pos  2506  spd     0  load    0  12.1 V  33 C  err 0x00
>>> pos 30
id 30  pos  2506  spd     0  load    0  12.1 V  33 C  err 0x00
>>> pos 30
id 30  pos  2506  spd     0  load    0  12.1 V  33 C  err 0x00
>>> pos 30
id 30  pos  2506  spd     0  load    0  12.1 V  33 C  err 0x00
>>> pos 30
id 30  pos  2506  spd     0  load    0  12.1 V  33 C  err 0x00
>>> pos 30
id 30  pos  2506  spd     0  load    0  12.1 V  33 C  err 0x00
>>> pos 30
id 30  pos  2506  spd     0  load    0  12.1 V  33 C  err 0x00
>>> pos 30
id 30  pos  2506  spd     0  load    0  12.1 V  33 C  err 0x00
>>> pos 30
id 30  pos  2506  spd     0  load    0  12.1 V  33 C  err 0x00
>>> pos 30
id 30  pos  2506  spd     0  load    0  12.0 V  33 C  err 0x00
>>> pos 30
id 30  pos  2506  spd     0  load    0  12.0 V  33 C  err 0x00
>>> pos 30
id 30  pos  2506  spd     0  load    0  12.1 V  33 C  err 0x00
>>> pos 30
id 30  pos  2506  spd     0  load    0  12.1 V  33 C  err 0x00
>>> pos 30
id 30  pos  2506  spd     0  load    0  12.1 V  33 C  err 0x00
>>> pos 30
id 30  pos  2506  spd     0  load    0  12.0 V  33 C  err 0x00
>>> pos 30
id 30  pos  2506  spd     0  load    0  12.1 V  33 C  err 0x00
>>> pos 30
id 30  pos  2506  spd     0  load    0  12.1 V  33 C  err 0x00
>>> pos 30
id 30  pos  2506  spd     0  load    0  12.1 V  33 C  err 0x00
>>> pos 30
id 30  pos  2506  spd     0  load    0  12.1 V  33 C  err 0x00
>>> pos 30
id 30  pos  2506  spd     0  load    0  12.1 V  33 C  err 0x00
>>> pos 30
id 30  pos  2506  spd     0  load    0  12.1 V  33 C  err 0x00
>>> pos 30
id 30  pos  2506  spd     0  load    0  12.1 V  33 C  err 0x00
>>> pos 30
id 30  pos  2506  spd     0  load    0  12.1 V  33 C  err 0x00
>>> pos 30
id 30  pos  2506  spd     0  load    0  12.1 V  33 C  err 0x00
>>> pos 30
id 30  pos  2506  spd     0  load    0  12.1 V  33 C  err 0x00
>>> pos 30
id 30  pos  2506  spd     0  load    0  12.1 V  33 C  err 0x00
>>> pos 30
id 30  pos  2506  spd     0  load    0  12.1 V  33 C  err 0x00
>>> pos 30
id 30  pos  2506  spd     0  load    0  12.1 V  33 C  err 0x00
>>> pos 30
id 30  pos  2506  spd     0  load    0  12.1 V  33 C  err 0x00
>>> pos 30
id 30  pos  2506  spd     0  load    0  12.1 V  33 C  err 0x00
>>> pos 30
id 30  pos  2506  spd     0  load    0  12.1 V  33 C  err 0x00
>>> pos 30
id 30  pos  2506  spd     0  load    0  12.1 V  33 C  err 0x00
>>> pos 30
id 30  pos  2506  spd     0  load    0  12.1 V  33 C  err 0x00
>>> pos 30
id 30  pos  2506  spd     0  load    0  12.0 V  33 C  err 0x00
>>> pos 30
id 30  pos  2506  spd     0  load    0  12.1 V  33 C  err 0x00
>>> pos 30
id 30  pos  2506  spd     0  load    0  12.1 V  33 C  err 0x00
>>> pos 30
id 30  pos  2506  spd     0  load    0  12.1 V  33 C  err 0x00
>>> pos 30
id 30  pos  2506  spd     0  load    0  12.1 V  33 C  err 0x00
>>> pos 30
id 30  pos  2506  spd     0  load    0  12.1 V  33 C  err 0x00
>>> pos 30
id 30  pos  2506  spd     0  load    0  12.1 V  33 C  err 0x00
>>> pos 30
id 30  pos  2506  spd     0  load    0  12.0 V  33 C  err 0x00
>>> pos 30
id 30  pos  2506  spd     0  load    0  12.1 V  33 C  err 0x00
>>> pos 30
id 30  pos  2506  spd     0  load    0  12.1 V  33 C  err 0x00
>>> pos 30
id 30  pos  2506  spd     0  load    0  12.1 V  33 C  err 0x00
>>> pos 30
id 30  pos  2506  spd     0  load    0  12.1 V  33 C  err 0x00
>>> pos 30
id 30  pos  2506  spd     0  load    0  12.1 V  33 C  err 0x00
>>> pos 30
id 30  pos  2506  spd     0  load    0  12.0 V  33 C  err 0x00
>>> pos 30
id 30  pos  2506  spd     0  load    0  12.1 V  33 C  err 0x00
  LEVEL step 2484->2507: overshoot 0, settle 0.397, residual range 0, offset -1.0, moving in last 1 s 0, err 0
>>> pos 30
id 30  pos  2506  spd     0  load    0  12.1 V  33 C  err 0x00
>>> move 30 3531 0 100 2
move id 30 -> 3531 ticks, 0 ms, spd 100, acc 2: ok
>>> pos 30
id 30  pos  2506  spd     0  load  -56  12.1 V  33 C  err 0x00
>>> pos 30
id 30  pos  2510  spd   100  load    0  12.0 V  33 C  err 0x00
>>> pos 30
id 30  pos  2510  spd     0  load  -56  12.1 V  33 C  err 0x00
>>> pos 30
id 30  pos  2514  spd   150  load    0  12.1 V  33 C  err 0x00
>>> pos 30
id 30  pos  2516  spd    50  load    0  12.1 V  33 C  err 0x00
>>> pos 30
id 30  pos  2519  spd    50  load    0  12.1 V  33 C  err 0x00
>>> pos 30
id 30  pos  2522  spd    50  load    0  12.1 V  33 C  err 0x00
>>> pos 30
id 30  pos  2525  spd     0  load    0  12.1 V  33 C  err 0x00
>>> pos 30
id 30  pos  2529  spd   100  load    0  12.1 V  33 C  err 0x00
>>> pos 30
id 30  pos  2531  spd     0  load  -56  12.0 V  33 C  err 0x00
>>> pos 30
id 30  pos  2536  spd   200  load    0  12.1 V  33 C  err 0x00
>>> pos 30
id 30  pos  2537  spd    50  load  -96  12.0 V  33 C  err 0x00
>>> pos 30
id 30  pos  2543  spd   200  load    0  12.1 V  33 C  err 0x00
>>> pos 30
id 30  pos  2543  spd     0  load  -96  12.1 V  33 C  err 0x00
>>> pos 30
id 30  pos  2550  spd   250  load    0  12.1 V  33 C  err 0x00
>>> pos 30
id 30  pos  2551  spd   100  load  -56  12.1 V  33 C  err 0x00
>>> pos 30
id 30  pos  2556  spd   100  load    0  12.1 V  33 C  err 0x00
>>> pos 30
id 30  pos  2558  spd    50  load  -56  12.1 V  34 C  err 0x00
>>> pos 30
id 30  pos  2562  spd    50  load    0  12.1 V  33 C  err 0x00
>>> pos 30
id 30  pos  2564  spd    50  load  -56  12.1 V  33 C  err 0x00
>>> pos 30
id 30  pos  2571  spd    50  load  -96  12.1 V  33 C  err 0x00
>>> pos 30
id 30  pos  2577  spd   200  load    0  12.1 V  33 C  err 0x00
>>> pos 30
id 30  pos  2578  spd     0  load  -56  12.1 V  33 C  err 0x00
>>> pos 30
id 30  pos  2583  spd   150  load    0  12.1 V  33 C  err 0x00
>>> pos 30
id 30  pos  2585  spd     0  load  -56  12.1 V  33 C  err 0x00
>>> pos 30
id 30  pos  2589  spd   150  load    0  12.1 V  33 C  err 0x00
>>> pos 30
id 30  pos  2592  spd   100  load    0  12.1 V  33 C  err 0x00
>>> pos 30
id 30  pos  2596  spd   200  load    0  12.1 V  33 C  err 0x00
>>> pos 30
id 30  pos  2598  spd     0  load  -56  12.1 V  33 C  err 0x00
>>> pos 30
id 30  pos  2603  spd   150  load    0  12.1 V  33 C  err 0x00
>>> pos 30
id 30  pos  2604  spd    50  load  -96  12.1 V  33 C  err 0x00
>>> pos 30
id 30  pos  2610  spd   150  load    0  12.1 V  33 C  err 0x00
>>> pos 30
id 30  pos  2611  spd     0  load  -56  12.1 V  33 C  err 0x00
>>> pos 30
id 30  pos  2616  spd   150  load    0  12.1 V  33 C  err 0x00
>>> pos 30
id 30  pos  2617  spd     0  load  -96  12.1 V  33 C  err 0x00
>>> pos 30
id 30  pos  2623  spd   200  load    0  12.1 V  33 C  err 0x00
>>> pos 30
id 30  pos  2625  spd    50  load  -56  12.1 V  33 C  err 0x00
>>> pos 30
id 30  pos  2629  spd   150  load    0  12.1 V  33 C  err 0x00
>>> pos 30
id 30  pos  2630  spd     0  load  -96  12.0 V  33 C  err 0x00
>>> pos 30
id 30  pos  2637  spd   200  load    0  12.1 V  33 C  err 0x00
>>> pos 30
id 30  pos  2638  spd    50  load  -56  12.1 V  33 C  err 0x00
>>> pos 30
id 30  pos  2642  spd   200  load    0  12.1 V  33 C  err 0x00
>>> pos 30
id 30  pos  2645  spd   150  load    0  12.1 V  33 C  err 0x00
>>> pos 30
id 30  pos  2648  spd   150  load  -56  12.1 V  33 C  err 0x00
>>> pos 30
id 30  pos  2652  spd   150  load    0  12.1 V  33 C  err 0x00
>>> pos 30
id 30  pos  2654  spd     0  load  -56  12.1 V  33 C  err 0x00
>>> pos 30
id 30  pos  2660  spd   200  load    0  12.1 V  33 C  err 0x00
>>> pos 30
id 30  pos  2661  spd     0  load  -56  12.1 V  33 C  err 0x00
>>> pos 30
id 30  pos  2666  spd   150  load    0  12.1 V  33 C  err 0x00
>>> pos 30
id 30  pos  2668  spd    50  load  -56  12.1 V  33 C  err 0x00
>>> pos 30
id 30  pos  2672  spd   150  load    0  12.1 V  33 C  err 0x00
>>> pos 30
id 30  pos  2673  spd    50  load  -96  12.1 V  33 C  err 0x00
>>> pos 30
id 30  pos  2680  spd   200  load    0  12.1 V  33 C  err 0x00
>>> pos 30
id 30  pos  2681  spd   100  load  -56  12.1 V  33 C  err 0x00
>>> pos 30
id 30  pos  2685  spd   100  load    0  12.1 V  33 C  err 0x00
>>> pos 30
id 30  pos  2688  spd    50  load  -56  12.1 V  33 C  err 0x00
>>> pos 30
id 30  pos  2692  spd    50  load    0  12.1 V  33 C  err 0x00
>>> pos 30
id 30  pos  2695  spd   150  load    0  12.1 V  33 C  err 0x00
>>> pos 30
id 30  pos  2697  spd   100  load  -56  12.1 V  33 C  err 0x00
>>> pos 30
id 30  pos  2703  spd   250  load    0  12.1 V  33 C  err 0x00
>>> pos 30
id 30  pos  2704  spd     0  load  -56  12.1 V  33 C  err 0x00
>>> pos 30
id 30  pos  2709  spd   150  load    0  12.1 V  33 C  err 0x00
>>> pos 30
id 30  pos  2710  spd     0  load  -96  12.1 V  44 C  err 0x00
>>> pos 30
id 30  pos  2716  spd   200  load    0  12.1 V  33 C  err 0x00
>>> pos 30
id 30  pos  2716  spd     0  load  -96  12.1 V  33 C  err 0x00
>>> pos 30
id 30  pos  2723  spd   200  load    0  12.1 V  33 C  err 0x00
>>> pos 30
id 30  pos  2724  spd    50  load  -56  12.1 V  33 C  err 0x00
>>> pos 30
id 30  pos  2729  spd   200  load    0  12.1 V  33 C  err 0x00
>>> pos 30
id 30  pos  2731  spd   150  load  -56  12.1 V  33 C  err 0x00
>>> pos 30
id 30  pos  2735  spd   100  load    0  12.1 V  33 C  err 0x00
>>> pos 30
id 30  pos  2738  spd    50  load    0  12.1 V  33 C  err 0x00
>>> pos 30
id 30  pos  2740  spd     0  load  -96  12.1 V  33 C  err 0x00
>>> pos 30
id 30  pos  2746  spd   200  load    0  12.1 V  33 C  err 0x00
>>> pos 30
id 30  pos  2746  spd     0  load  -96  12.1 V  55 C  err 0x00
>>> pos 30
id 30  pos  2752  spd   250  load    0  12.1 V  33 C  err 0x00
>>> pos 30
id 30  pos  2753  spd     0  load  -96  12.1 V  34 C  err 0x00
>>> pos 30
id 30  pos  2759  spd   150  load    0  12.1 V  33 C  err 0x00
>>> pos 30
id 30  pos  2760  spd     0  load  -56  12.1 V  33 C  err 0x00
>>> pos 30
id 30  pos  2766  spd   200  load    0  12.1 V  33 C  err 0x00
>>> pos 30
id 30  pos  2767  spd   100  load  -56  12.1 V  33 C  err 0x00
>>> pos 30
id 30  pos  2772  spd   100  load    0  12.1 V  33 C  err 0x00
>>> pos 30
id 30  pos  2774  spd    50  load  -56  12.0 V  33 C  err 0x00
>>> pos 30
id 30  pos  2778  spd     0  load    0  12.1 V  33 C  err 0x00
>>> pos 30
id 30  pos  2782  spd   200  load    0  12.1 V  33 C  err 0x00
>>> pos 30
id 30  pos  2783  spd     0  load  -96  12.0 V  33 C  err 0x00
>>> pos 30
id 30  pos  2789  spd   250  load    0  12.1 V  33 C  err 0x00
>>> pos 30
id 30  pos  2790  spd    50  load  -56  12.0 V  33 C  err 0x00
>>> pos 30
id 30  pos  2795  spd   200  load    0  12.1 V  33 C  err 0x00
>>> pos 30
id 30  pos  2797  spd   100  load  -56  12.1 V  33 C  err 0x00
>>> pos 30
id 30  pos  2801  spd   100  load    0  12.1 V  33 C  err 0x00
>>> pos 30
id 30  pos  2805  spd    50  load    0  12.1 V  33 C  err 0x00
>>> pos 30
id 30  pos  2806  spd     0  load  -96  12.1 V  33 C  err 0x00
>>> pos 30
id 30  pos  2812  spd   200  load    0  12.1 V  33 C  err 0x00
>>> pos 30
id 30  pos  2813  spd     0  load  -56  12.1 V  33 C  err 0x00
>>> pos 30
id 30  pos  2818  spd   200  load    0  12.1 V  33 C  err 0x00
>>> pos 30
id 30  pos  2819  spd    50  load  -96  12.1 V  33 C  err 0x00
>>> pos 30
id 30  pos  2826  spd   200  load    0  12.1 V  33 C  err 0x00
>>> pos 30
id 30  pos  2827  spd   100  load  -56  12.1 V  33 C  err 0x00
>>> pos 30
id 30  pos  2831  spd   100  load    0  12.1 V  33 C  err 0x00
>>> pos 30
id 30  pos  2834  spd    50  load    0  12.1 V  33 C  err 0x00
>>> pos 30
id 30  pos  2837  spd     0  load  -56  12.1 V  150 C  err 0x00
>>> pos 30
id 30  pos  2841  spd   100  load    0  12.1 V  33 C  err 0x00
>>> pos 30
id 30  pos  2844  spd   150  load    0  12.1 V  33 C  err 0x00
>>> pos 30
id 30  pos  2848  spd   150  load    0  12.1 V  33 C  err 0x00
>>> pos 30
id 30  pos  2850  spd     0  load  -56  12.1 V  33 C  err 0x00
>>> pos 30
id 30  pos  2854  spd    50  load    0  12.1 V  33 C  err 0x00
>>> pos 30
id 30  pos  2857  spd    50  load  -56  12.0 V  33 C  err 0x00
>>> pos 30
id 30  pos  2861  spd   150  load    0  12.0 V  33 C  err 0x00
>>> pos 30
id 30  pos  2863  spd   100  load  -56  12.0 V  33 C  err 0x00
>>> pos 30
id 30  pos  2868  spd   200  load    0  12.1 V  33 C  err 0x00
>>> pos 30
id 30  pos  2869  spd     0  load  -96  12.1 V  33 C  err 0x00
>>> pos 30
id 30  pos  2875  spd   100  load    0  12.1 V  33 C  err 0x00
>>> pos 30
id 30  pos  2877  spd   100  load    0  12.1 V  33 C  err 0x00
>>> pos 30
id 30  pos  2880  spd    50  load  -56  12.1 V  33 C  err 0x00
>>> pos 30
id 30  pos  2885  spd   250  load    0  12.0 V  33 C  err 0x00
>>> pos 30
id 30  pos  2886  spd     0  load  -56  12.1 V  34 C  err 0x00
>>> pos 30
id 30  pos  2891  spd   200  load    0  12.1 V  33 C  err 0x00
>>> pos 30
id 30  pos  2892  spd    50  load  -96  12.1 V  33 C  err 0x00
>>> pos 30
id 30  pos  2898  spd   200  load    0  12.1 V  33 C  err 0x00
>>> pos 30
id 30  pos  2900  spd     0  load  -56  12.0 V  33 C  err 0x00
>>> pos 30
id 30  pos  2904  spd   100  load    0  12.1 V  33 C  err 0x00
>>> pos 30
id 30  pos  2906  spd    50  load  -56  12.0 V  33 C  err 0x00
>>> pos 30
id 30  pos  2911  spd   200  load    0  12.1 V  33 C  err 0x00
>>> pos 30
id 30  pos  2912  spd    50  load  -96  12.1 V  33 C  err 0x00
>>> pos 30
id 30  pos  2919  spd   200  load    0  12.1 V  33 C  err 0x00
>>> pos 30
id 30  pos  2920  spd     0  load    0  12.0 V  33 C  err 0x00
>>> pos 30
id 30  pos  2924  spd    50  load    0  12.1 V  33 C  err 0x00
>>> pos 30
id 30  pos  2926  spd    50  load  -56  12.1 V  33 C  err 0x00
>>> pos 30
id 30  pos  2931  spd   200  load    0  12.1 V  33 C  err 0x00
>>> pos 30
id 30  pos  2932  spd    50  load  -96  12.1 V  33 C  err 0x00
>>> pos 30
id 30  pos  2939  spd   250  load    0  12.1 V  33 C  err 0x00
>>> pos 30
id 30  pos  2940  spd     0  load    0  12.1 V  33 C  err 0x00
>>> pos 30
id 30  pos  2944  spd    50  load    0  12.1 V  33 C  err 0x00
>>> pos 30
id 30  pos  2945  spd    50  load  -96  12.1 V  33 C  err 0x00
>>> pos 30
id 30  pos  2951  spd   200  load    0  12.1 V  33 C  err 0x00
>>> pos 30
id 30  pos  2952  spd    50  load  -96  12.1 V  33 C  err 0x00
>>> pos 30
id 30  pos  2959  spd   200  load    0  12.1 V  33 C  err 0x00
>>> pos 30
id 30  pos  2961  spd    50  load    0  12.1 V  33 C  err 0x00
>>> pos 30
id 30  pos  2962  spd     0  load  -96  12.1 V  33 C  err 0x00
>>> pos 30
id 30  pos  2967  spd   150  load    0  12.1 V  33 C  err 0x00
>>> pos 30
id 30  pos  2969  spd   100  load  -56  12.1 V  33 C  err 0x00
>>> pos 30
id 30  pos  2974  spd   200  load    0  12.1 V  33 C  err 0x00
>>> pos 30
id 30  pos  2975  spd     0  load  -96  12.1 V  33 C  err 0x00
>>> pos 30
id 30  pos  2982  spd   200  load    0  12.0 V  33 C  err 0x00
>>> pos 30
id 30  pos  2982  spd     0  load  -56  12.1 V  33 C  err 0x00
>>> pos 30
id 30  pos  2987  spd   250  load    0  12.1 V  33 C  err 0x00
>>> pos 30
id 30  pos  2988  spd    50  load  -96  12.1 V  33 C  err 0x00
>>> pos 30
id 30  pos  2994  spd   200  load    0  12.1 V  33 C  err 0x00
>>> pos 30
id 30  pos  2995  spd     0  load  -96  12.1 V  33 C  err 0x00
>>> pos 30
id 30  pos  3001  spd    50  load    0  12.1 V  33 C  err 0x00
>>> pos 30
id 30  pos  3003  spd    50  load    0  12.1 V  33 C  err 0x00
>>> pos 30
id 30  pos  3006  spd   100  load  -56  12.1 V  33 C  err 0x00
>>> pos 30
id 30  pos  3009  spd   150  load  -56  12.1 V  33 C  err 0x00
>>> pos 30
id 30  pos  3013  spd   100  load    0  12.1 V  33 C  err 0x00
>>> pos 30
id 30  pos  3016  spd    50  load  -56  12.1 V  33 C  err 0x00
>>> pos 30
id 30  pos  3019  spd     0  load  -56  12.1 V  33 C  err 0x00
>>> pos 30
id 30  pos  3024  spd   200  load    0  12.1 V  33 C  err 0x00
>>> pos 30
id 30  pos  3024  spd     0  load -136  12.1 V  33 C  err 0x00
>>> pos 30
id 30  pos  3031  spd   200  load    0  12.1 V  33 C  err 0x00
>>> pos 30
id 30  pos  3032  spd    50  load  -56  12.1 V  33 C  err 0x00
>>> pos 30
id 30  pos  3037  spd   250  load    0  12.1 V  33 C  err 0x00
>>> pos 30
id 30  pos  3039  spd   100  load  -56  12.1 V  33 C  err 0x00
>>> pos 30
id 30  pos  3043  spd   100  load    0  12.1 V  33 C  err 0x00
>>> pos 30
id 30  pos  3046  spd    50  load    0  12.1 V  33 C  err 0x00
>>> pos 30
id 30  pos  3049  spd     0  load  -56  12.1 V  33 C  err 0x00
>>> pos 30
id 30  pos  3054  spd   200  load    0  12.1 V  33 C  err 0x00
>>> pos 30
id 30  pos  3055  spd    50  load  -56  12.0 V  33 C  err 0x00
>>> pos 30
id 30  pos  3060  spd   200  load    0  12.1 V  33 C  err 0x00
>>> pos 30
id 30  pos  3061  spd     0  load  -96  12.1 V  33 C  err 0x00
>>> pos 30
id 30  pos  3068  spd   200  load    0  12.1 V  33 C  err 0x00
>>> pos 30
id 30  pos  3068  spd     0  load  -96  12.1 V  33 C  err 0x00
>>> pos 30
id 30  pos  3074  spd   200  load    0  12.1 V  33 C  err 0x00
>>> pos 30
id 30  pos  3075  spd     0  load  -56  12.1 V  33 C  err 0x00
>>> pos 30
id 30  pos  3080  spd   150  load    0  12.0 V  33 C  err 0x00
>>> pos 30
id 30  pos  3081  spd     0  load  -96  12.1 V  33 C  err 0x00
>>> pos 30
id 30  pos  3087  spd   250  load    0  12.1 V  33 C  err 0x00
>>> pos 30
id 30  pos  3089  spd   100  load    0  12.1 V  33 C  err 0x00
>>> pos 30
id 30  pos  3092  spd    50  load  -56  12.1 V  33 C  err 0x00
>>> pos 30
id 30  pos  3097  spd   100  load    0  12.1 V  33 C  err 0x00
>>> pos 30
id 30  pos  3097  spd     0  load  -96  12.1 V  33 C  err 0x00
>>> pos 30
id 30  pos  3104  spd   200  load    0  12.1 V  33 C  err 0x00
>>> pos 30
id 30  pos  3104  spd    50  load  -96  12.1 V  33 C  err 0x00
>>> pos 30
id 30  pos  3110  spd   200  load    0  12.1 V  33 C  err 0x00
>>> pos 30
id 30  pos  3111  spd     0  load  -96  12.1 V  34 C  err 0x00
>>> pos 30
id 30  pos  3117  spd    50  load    0  12.1 V  33 C  err 0x00
>>> pos 30
id 30  pos  3119  spd   100  load    0  12.1 V  33 C  err 0x00
>>> pos 30
id 30  pos  3122  spd    50  load  -56  12.1 V  33 C  err 0x00
>>> pos 30
id 30  pos  3127  spd   300  load    0  12.1 V  33 C  err 0x00
>>> pos 30
id 30  pos  3127  spd     0  load  -96  12.0 V  33 C  err 0x00
>>> pos 30
id 30  pos  3133  spd   200  load    0  12.1 V  33 C  err 0x00
>>> pos 30
id 30  pos  3134  spd    50  load  -96  12.1 V  34 C  err 0x00
>>> pos 30
id 30  pos  3140  spd   200  load    0  12.1 V  33 C  err 0x00
>>> pos 30
id 30  pos  3141  spd     0  load  -96  12.1 V  33 C  err 0x00
>>> pos 30
id 30  pos  3147  spd   100  load    0  12.1 V  33 C  err 0x00
>>> pos 30
id 30  pos  3148  spd    50  load  -56  12.1 V  33 C  err 0x00
>>> pos 30
id 30  pos  3153  spd   200  load    0  12.1 V  33 C  err 0x00
>>> pos 30
id 30  pos  3156  spd   150  load    0  12.1 V  33 C  err 0x00
>>> pos 30
id 30  pos  3157  spd     0  load  -96  12.1 V  33 C  err 0x00
>>> pos 30
id 30  pos  3163  spd   150  load    0  12.1 V  33 C  err 0x00
>>> pos 30
id 30  pos  3164  spd     0  load  -96  12.1 V  33 C  err 0x00
>>> pos 30
id 30  pos  3170  spd   200  load    0  12.1 V  33 C  err 0x00
>>> pos 30
id 30  pos  3170  spd     0  load  -96  12.1 V  33 C  err 0x00
>>> pos 30
id 30  pos  3177  spd   200  load    0  12.1 V  33 C  err 0x00
>>> pos 30
id 30  pos  3178  spd     0  load  -56  12.0 V  33 C  err 0x00
>>> pos 30
id 30  pos  3183  spd   200  load    0  12.1 V  33 C  err 0x00
>>> pos 30
id 30  pos  3185  spd   150  load  -56  12.1 V  33 C  err 0x00
>>> pos 30
id 30  pos  3188  spd   100  load  -56  12.1 V  33 C  err 0x00
>>> pos 30
id 30  pos  3192  spd    50  load    0  12.0 V  33 C  err 0x00
>>> pos 30
id 30  pos  3195  spd     0  load  -56  12.1 V  33 C  err 0x00
>>> pos 30
id 30  pos  3199  spd   150  load    0  12.1 V  33 C  err 0x00
>>> pos 30
id 30  pos  3200  spd    50  load  -96  12.1 V  33 C  err 0x00
>>> pos 30
id 30  pos  3207  spd   300  load    0  12.1 V  33 C  err 0x00
>>> pos 30
id 30  pos  3207  spd     0  load  -96  12.1 V  33 C  err 0x00
>>> pos 30
id 30  pos  3213  spd    50  load    0  12.1 V  33 C  err 0x00
>>> pos 30
id 30  pos  3214  spd    50  load  -56  12.1 V  33 C  err 0x00
>>> pos 30
id 30  pos  3219  spd   200  load    0  12.0 V  33 C  err 0x00
>>> pos 30
id 30  pos  3222  spd   150  load    0  12.1 V  33 C  err 0x00
>>> pos 30
id 30  pos  3224  spd     0  load  -56  12.1 V  33 C  err 0x00
>>> pos 30
id 30  pos  3229  spd   150  load    0  12.1 V  33 C  err 0x00
>>> pos 30
id 30  pos  3231  spd     0  load  -56  12.1 V  33 C  err 0x00
>>> pos 30
id 30  pos  3235  spd   200  load    0  12.1 V  33 C  err 0x00
>>> pos 30
id 30  pos  3236  spd     0  load -136  12.1 V  33 C  err 0x00
>>> pos 30
id 30  pos  3243  spd   200  load    0  12.1 V  33 C  err 0x00
>>> pos 30
id 30  pos  3243  spd     0  load  -96  12.1 V  33 C  err 0x00
>>> pos 30
id 30  pos  3249  spd   200  load    0  12.1 V  33 C  err 0x00
>>> pos 30
id 30  pos  3250  spd    50  load  -96  12.1 V  33 C  err 0x00
>>> pos 30
id 30  pos  3256  spd   200  load    0  12.1 V  33 C  err 0x00
>>> pos 30
id 30  pos  3257  spd     0  load  -56  12.1 V  33 C  err 0x00
>>> pos 30
id 30  pos  3262  spd    50  load    0  12.1 V  33 C  err 0x00
>>> pos 30
id 30  pos  3263  spd    50  load  -96  12.1 V  33 C  err 0x00
>>> pos 30
id 30  pos  3269  spd   250  load    0  12.1 V  33 C  err 0x00
>>> pos 30
id 30  pos  3271  spd    50  load  -56  12.1 V  33 C  err 0x00
>>> pos 30
id 30  pos  3274  spd    50  load  -56  12.1 V  33 C  err 0x00
>>> pos 30
id 30  pos  3279  spd   100  load    0  12.1 V  33 C  err 0x00
>>> pos 30
id 30  pos  3279  spd     0  load -136  12.0 V  33 C  err 0x00
>>> pos 30
id 30  pos  3285  spd   200  load    0  12.1 V  33 C  err 0x00
>>> pos 30
id 30  pos  3286  spd     0  load  -96  12.1 V  33 C  err 0x00
>>> pos 30
id 30  pos  3292  spd   200  load    0  12.1 V  33 C  err 0x00
>>> pos 30
id 30  pos  3293  spd     0  load  -96  12.1 V  33 C  err 0x00
>>> pos 30
id 30  pos  3299  spd   250  load    0  12.1 V  33 C  err 0x00
>>> pos 30
id 30  pos  3301  spd   100  load  -56  12.1 V  33 C  err 0x00
>>> pos 30
id 30  pos  3304  spd    50  load  -56  12.1 V  33 C  err 0x00
>>> pos 30
id 30  pos  3308  spd    50  load    0  12.0 V  33 C  err 0x00
>>> pos 30
id 30  pos  3310  spd     0  load  -96  12.0 V  33 C  err 0x00
>>> pos 30
id 30  pos  3316  spd   250  load    0  12.1 V  33 C  err 0x00
>>> pos 30
id 30  pos  3316  spd     0  load  -96  12.1 V  33 C  err 0x00
>>> pos 30
id 30  pos  3323  spd   150  load    0  12.1 V  33 C  err 0x00
>>> pos 30
id 30  pos  3324  spd    50  load  -56  12.1 V  33 C  err 0x00
>>> pos 30
id 30  pos  3327  spd     0  load  -56  12.0 V  33 C  err 0x00
>>> pos 30
id 30  pos  3331  spd   150  load    0  12.1 V  33 C  err 0x00
>>> pos 30
id 30  pos  3334  spd   100  load  -56  12.1 V  33 C  err 0x00
>>> pos 30
id 30  pos  3338  spd   200  load    0  12.1 V  33 C  err 0x00
>>> pos 30
id 30  pos  3339  spd     0  load  -96  12.1 V  33 C  err 0x00
>>> pos 30
id 30  pos  3346  spd   250  load    0  12.1 V  33 C  err 0x00
>>> pos 30
id 30  pos  3346  spd     0  load  -96  12.1 V  33 C  err 0x00
>>> pos 30
id 30  pos  3353  spd   150  load    0  12.1 V  33 C  err 0x00
>>> pos 30
id 30  pos  3355  spd    50  load    0  12.1 V  33 C  err 0x00
>>> pos 30
id 30  pos  3356  spd     0  load  -96  12.1 V  33 C  err 0x00
>>> pos 30
id 30  pos  3361  spd   250  load    0  12.1 V  33 C  err 0x00
>>> pos 30
id 30  pos  3362  spd     0  load -136  12.1 V  33 C  err 0x00
>>> pos 30
id 30  pos  3369  spd   150  load    0  12.1 V  33 C  err 0x00
>>> pos 30
id 30  pos  3370  spd     0  load  -56  12.1 V  33 C  err 0x00
>>> pos 30
id 30  pos  3375  spd   200  load    0  12.1 V  33 C  err 0x00
>>> pos 30
id 30  pos  3376  spd   100  load  -96  12.1 V  33 C  err 0x00
>>> pos 30
id 30  pos  3382  spd   150  load    0  12.1 V  33 C  err 0x00
>>> pos 30
id 30  pos  3385  spd    50  load    0  12.1 V  33 C  err 0x00
>>> pos 30
id 30  pos  3385  spd   -50  load -136  12.1 V  33 C  err 0x00
>>> pos 30
id 30  pos  3393  spd   300  load    0  12.1 V  33 C  err 0x00
>>> pos 30
id 30  pos  3393  spd     0  load  -56  12.1 V  34 C  err 0x00
>>> pos 30
id 30  pos  3398  spd     0  load    0  12.1 V  33 C  err 0x00
>>> pos 30
id 30  pos  3403  spd   200  load    0  12.1 V  33 C  err 0x00
>>> pos 30
id 30  pos  3400  spd  -100  load -176  12.1 V  33 C  err 0x00
>>> pos 30
id 30  pos  3412  spd   350  load   96  12.1 V  33 C  err 0x00
>>> pos 30
id 30  pos  3411  spd     0  load    0  12.1 V  33 C  err 0x00
>>> pos 30
id 30  pos  3411  spd     0  load -136  12.1 V  54 C  err 0x00
>>> pos 30
id 30  pos  3423  spd   400  load  136  11.8 V  33 C  err 0x00
>>> pos 30
id 30  pos  3419  spd  -150  load  -96  12.1 V  39 C  err 0x00
>>> pos 30
id 30  pos  3424  spd   350  load    0  12.1 V  33 C  err 0x00
>>> pos 30
id 30  pos  3431  spd   350  load   96  12.1 V  33 C  err 0x00
>>> pos 30
id 30  pos  3428  spd   -50  load -136  12.1 V  33 C  err 0x00
>>> pos 30
id 30  pos  3435  spd   400  load    0  12.1 V  33 C  err 0x00
>>> pos 30
id 30  pos  3439  spd   350  load    0  12.0 V  33 C  err 0x00
>>> pos 30
id 30  pos  3436  spd  -150  load -216  12.0 V  33 C  err 0x00
>>> pos 30
id 30  pos  3447  spd   200  load   56  12.1 V  33 C  err 0x00
>>> pos 30
id 30  pos  3448  spd   150  load    0  12.0 V  33 C  err 0x00
>>> pos 30
id 30  pos  3446  spd  -100  load -216  12.0 V  33 C  err 0x00
>>> pos 30
id 30  pos  3458  spd   200  load   96  12.1 V  33 C  err 0x00
>>> pos 30
id 30  pos  3457  spd     0  load    0  12.1 V  33 C  err 0x00
>>> pos 30
id 30  pos  3458  spd   -50  load -136  12.1 V  33 C  err 0x00
>>> pos 30
id 30  pos  3468  spd   350  load   96  12.1 V  33 C  err 0x00
>>> pos 30
id 30  pos  3467  spd   -50  load    0  12.1 V  33 C  err 0x00
>>> pos 30
id 30  pos  3467  spd   -50  load -176  12.1 V  33 C  err 0x00
>>> pos 30
id 30  pos  3478  spd   350  load   96  12.1 V  33 C  err 0x00
>>> pos 30
id 30  pos  3476  spd   -50  load  -56  12.1 V  33 C  err 0x00
>>> pos 30
id 30  pos  3480  spd   200  load  -56  12.1 V  33 C  err 0x00
>>> pos 30
id 30  pos  3486  spd   300  load    0  12.1 V  33 C  err 0x00
>>> pos 30
id 30  pos  3486  spd     0  load  -56  12.0 V  33 C  err 0x00
>>> pos 30
id 30  pos  3488  spd    50  load  -96  12.1 V  33 C  err 0x00
>>> pos 30
id 30  pos  3498  spd   350  load   96  12.1 V  33 C  err 0x00
>>> pos 30
id 30  pos  3494  spd  -100  load -136  12.0 V  33 C  err 0x00
>>> pos 30
id 30  pos  3501  spd   300  load    0  12.1 V  33 C  err 0x00
>>> pos 30
id 30  pos  3506  spd   300  load    0  12.1 V  33 C  err 0x00
>>> pos 30
id 30  pos  3505  spd   -50  load  -96  12.1 V  33 C  err 0x00
>>> pos 30
id 30  pos  3510  spd   300  load    0  12.0 V  33 C  err 0x00
>>> pos 30
id 30  pos  3516  spd   250  load   56  12.1 V  33 C  err 0x00
>>> pos 30
id 30  pos  3511  spd  -100  load -176  12.1 V  39 C  err 0x00
>>> pos 30
id 30  pos  3520  spd   300  load    0  12.1 V  33 C  err 0x00
>>> pos 30
id 30  pos  3521  spd   150  load    0  12.1 V  33 C  err 0x00
>>> pos 30
id 30  pos  3518  spd  -150  load -176  12.0 V  33 C  err 0x00
>>> pos 30
id 30  pos  3527  spd   250  load   56  12.1 V  33 C  err 0x00
>>> pos 30
id 30  pos  3527  spd    50  load    0  12.1 V  33 C  err 0x00
>>> pos 30
id 30  pos  3524  spd  -100  load -136  12.1 V  33 C  err 0x00
>>> pos 30
id 30  pos  3531  spd   250  load    0  12.1 V  33 C  err 0x00
>>> pos 30
id 30  pos  3532  spd   100  load    0  12.1 V  33 C  err 0x00
>>> pos 30
id 30  pos  3528  spd  -100  load  -96  12.1 V  33 C  err 0x00
>>> pos 30
id 30  pos  3532  spd   150  load    0  12.1 V  33 C  err 0x00
>>> pos 30
id 30  pos  3532  spd   150  load    0  12.1 V  33 C  err 0x00
>>> pos 30
id 30  pos  3527  spd  -200  load -136  12.1 V  33 C  err 0x00
>>> pos 30
id 30  pos  3533  spd   150  load   56  12.1 V  33 C  err 0x00
>>> pos 30
id 30  pos  3532  spd    50  load    0  12.1 V  33 C  err 0x00
>>> pos 30
id 30  pos  3528  spd  -150  load  -96  12.0 V  34 C  err 0x00
>>> pos 30
id 30  pos  3532  spd    50  load    0  12.1 V  33 C  err 0x00
>>> pos 30
id 30  pos  3532  spd   100  load    0  12.1 V  33 C  err 0x00
>>> pos 30
id 30  pos  3527  spd  -200  load -136  12.0 V  33 C  err 0x00
>>> pos 30
id 30  pos  3533  spd   200  load   56  12.1 V  33 C  err 0x00
>>> pos 30
id 30  pos  3532  spd    50  load    0  12.1 V  33 C  err 0x00
>>> pos 30
id 30  pos  3528  spd  -100  load  -96  12.1 V  33 C  err 0x00
>>> pos 30
id 30  pos  3532  spd   100  load    0  12.1 V  33 C  err 0x00
>>> pos 30
id 30  pos  3532  spd   100  load    0  12.0 V  33 C  err 0x00
>>> pos 30
id 30  pos  3527  spd  -200  load -136  12.1 V  33 C  err 0x00
>>> pos 30
id 30  pos  3533  spd   200  load   56  12.1 V  33 C  err 0x00
>>> pos 30
id 30  pos  3532  spd   -50  load    0  12.1 V  33 C  err 0x00
>>> pos 30
id 30  pos  3527  spd  -150  load -136  12.0 V  33 C  err 0x00
>>> pos 30
id 30  pos  3533  spd   200  load   56  12.1 V  33 C  err 0x00
>>> pos 30
id 30  pos  3532  spd   -50  load    0  12.1 V  33 C  err 0x00
>>> pos 30
id 30  pos  3527  spd  -150  load -136  12.1 V  33 C  err 0x00
>>> pos 30
id 30  pos  3534  spd   250  load   96  12.1 V  33 C  err 0x00
>>> pos 30
id 30  pos  3531  spd   -50  load    0  12.1 V  33 C  err 0x00
>>> pos 30
id 30  pos  3527  spd  -150  load -136  12.1 V  33 C  err 0x00
>>> pos 30
id 30  pos  3534  spd   200  load   96  12.1 V  33 C  err 0x00
>>> pos 30
id 30  pos  3531  spd  -100  load    0  12.1 V  33 C  err 0x00
>>> pos 30
id 30  pos  3528  spd   -50  load  -96  12.1 V  33 C  err 0x00
>>> pos 30
id 30  pos  3534  spd   200  load   96  12.1 V  33 C  err 0x00
>>> pos 30
id 30  pos  3531  spd  -150  load    0  12.1 V  33 C  err 0x00
>>> pos 30
id 30  pos  3528  spd   -50  load  -96  12.0 V  33 C  err 0x00
>>> pos 30
id 30  pos  3535  spd   200  load  136  12.0 V  33 C  err 0x00
>>> pos 30
id 30  pos  3530  spd  -150  load    0  12.1 V  33 C  err 0x00
>>> pos 30
id 30  pos  3529  spd    50  load  -56  12.0 V  33 C  err 0x00
>>> pos 30
id 30  pos  3535  spd   150  load  136  12.0 V  33 C  err 0x00
>>> pos 30
id 30  pos  3530  spd  -200  load    0  12.1 V  33 C  err 0x00
>>> pos 30
id 30  pos  3529  spd  -150  load  -56  12.1 V  33 C  err 0x00
>>> pos 30
id 30  pos  3535  spd   150  load  136  12.1 V  33 C  err 0x00
>>> pos 30
id 30  pos  3530  spd  -200  load    0  12.1 V  33 C  err 0x00
>>> pos 30
id 30  pos  3529  spd  -150  load  -56  12.0 V  33 C  err 0x00
>>> pos 30
id 30  pos  3535  spd   150  load  136  12.1 V  33 C  err 0x00
>>> pos 30
id 30  pos  3531  spd  -200  load    0  12.0 V  33 C  err 0x00
>>> pos 30
id 30  pos  3529  spd  -200  load  -56  12.1 V  33 C  err 0x00
>>> pos 30
id 30  pos  3535  spd   150  load  136  12.1 V  33 C  err 0x00
>>> pos 30
id 30  pos  3530  spd  -200  load    0  12.1 V  33 C  err 0x00
>>> pos 30
id 30  pos  3529  spd  -150  load  -56  12.1 V  33 C  err 0x00
>>> pos 30
id 30  pos  3535  spd   200  load  136  12.1 V  33 C  err 0x00
>>> pos 30
id 30  pos  3530  spd  -200  load    0  12.1 V  33 C  err 0x00
>>> pos 30
id 30  pos  3530  spd  -200  load    0  12.1 V  33 C  err 0x00
>>> pos 30
id 30  pos  3535  spd   150  load  136  12.1 V  33 C  err 0x00
>>> pos 30
id 30  pos  3530  spd  -150  load    0  12.1 V  33 C  err 0x00
>>> pos 30
id 30  pos  3528  spd  -150  load  -96  12.1 V  33 C  err 0x00
>>> pos 30
id 30  pos  3535  spd   200  load  136  12.1 V  33 C  err 0x00
>>> pos 30
id 30  pos  3530  spd  -200  load    0  12.1 V  33 C  err 0x00
>>> pos 30
id 30  pos  3530  spd  -200  load    0  12.1 V  33 C  err 0x00
>>> pos 30
id 30  pos  3535  spd   150  load  136  12.1 V  33 C  err 0x00
>>> pos 30
id 30  pos  3530  spd  -100  load    0  12.1 V  33 C  err 0x00
>>> pos 30
id 30  pos  3528  spd  -150  load  -96  12.1 V  33 C  err 0x00
>>> pos 30
id 30  pos  3535  spd   200  load  136  12.1 V  33 C  err 0x00
>>> pos 30
id 30  pos  3530  spd  -200  load    0  12.1 V  33 C  err 0x00
>>> pos 30
id 30  pos  3530  spd  -150  load    0  12.1 V  33 C  err 0x00
>>> pos 30
id 30  pos  3535  spd   150  load  136  12.0 V  33 C  err 0x00
>>> pos 30
id 30  pos  3530  spd  -200  load    0  12.1 V  33 C  err 0x00
>>> pos 30
id 30  pos  3529  spd  -100  load  -56  12.1 V  33 C  err 0x00
>>> pos 30
id 30  pos  3535  spd   200  load  136  12.1 V  33 C  err 0x00
>>> pos 30
id 30  pos  3530  spd  -200  load    0  12.0 V  33 C  err 0x00
>>> pos 30
id 30  pos  3530  spd  -150  load    0  12.1 V  33 C  err 0x00
>>> pos 30
id 30  pos  3535  spd   150  load  136  12.1 V  33 C  err 0x00
>>> pos 30
id 30  pos  3530  spd  -150  load    0  12.1 V  33 C  err 0x00
>>> pos 30
id 30  pos  3529  spd  -150  load  -56  12.1 V  50 C  err 0x00
>>> pos 30
id 30  pos  3535  spd   200  load  136  12.1 V  33 C  err 0x00
>>> pos 30
id 30  pos  3530  spd  -100  load    0  12.1 V  33 C  err 0x00
>>> pos 30
id 30  pos  3531  spd  -100  load    0  12.1 V  33 C  err 0x00
>>> pos 30
id 30  pos  3535  spd   150  load  136  12.1 V  33 C  err 0x00
>>> pos 30
id 30  pos  3529  spd  -150  load  -56  12.1 V  33 C  err 0x00
>>> pos 30
id 30  pos  3531  spd  -100  load    0  12.1 V  33 C  err 0x00
>>> pos 30
id 30  pos  3535  spd   150  load  136  12.0 V  33 C  err 0x00
>>> pos 30
id 30  pos  3529  spd  -150  load  -56  12.1 V  33 C  err 0x00
>>> pos 30
id 30  pos  3531  spd    50  load    0  12.1 V  33 C  err 0x00
>>> pos 30
id 30  pos  3534  spd   150  load   96  12.1 V  33 C  err 0x00
>>> pos 30
id 30  pos  3529  spd  -200  load  -56  12.1 V  33 C  err 0x00
>>> pos 30
id 30  pos  3531  spd     0  load    0  12.1 V  33 C  err 0x00
>>> pos 30
id 30  pos  3535  spd   150  load  136  12.1 V  33 C  err 0x00
>>> pos 30
id 30  pos  3528  spd  -200  load  -96  12.1 V  33 C  err 0x00
>>> pos 30
id 30  pos  3531  spd    50  load    0  12.1 V  33 C  err 0x00
>>> pos 30
id 30  pos  3534  spd   100  load   96  12.1 V  33 C  err 0x00
>>> pos 30
id 30  pos  3529  spd  -200  load  -56  12.1 V  33 C  err 0x00
>>> pos 30
id 30  pos  3530  spd     0  load    0  12.1 V  33 C  err 0x00
>>> pos 30
id 30  pos  3535  spd   150  load  136  12.0 V  33 C  err 0x00
>>> pos 30
id 30  pos  3528  spd  -200  load  -96  12.1 V  33 C  err 0x00
>>> pos 30
id 30  pos  3531  spd   150  load    0  12.1 V  33 C  err 0x00
>>> pos 30
id 30  pos  3534  spd   100  load   96  12.1 V  33 C  err 0x00
>>> pos 30
id 30  pos  3528  spd  -200  load  -96  12.1 V  33 C  err 0x00
>>> pos 30
id 30  pos  3531  spd    50  load    0  12.1 V  33 C  err 0x00
>>> pos 30
id 30  pos  3535  spd   100  load  136  12.1 V  33 C  err 0x00
>>> pos 30
id 30  pos  3528  spd  -200  load  -96  12.1 V  32 C  err 0x00
>>> pos 30
id 30  pos  3531  spd   100  load    0  12.1 V  33 C  err 0x00
>>> pos 30
id 30  pos  3534  spd    50  load   96  12.1 V  33 C  err 0x00
>>> pos 30
id 30  pos  3529  spd  -150  load  -56  12.1 V  33 C  err 0x00
>>> pos 30
id 30  pos  3531  spd    50  load    0  12.1 V  33 C  err 0x00
>>> pos 30
id 30  pos  3535  spd   100  load  136  12.1 V  33 C  err 0x00
>>> pos 30
id 30  pos  3528  spd  -200  load  -96  12.1 V  33 C  err 0x00
  travel 2506->3531: spd 88 (sd 138, -200..400), backward samples 69/340, load -216..136, end overshoot 4, residual range 7, err 0
>>> pos 30
id 30  pos  3532  spd   150  load    0  12.1 V  33 C  err 0x00
>>> pos 30
id 30  pos  3534  spd    50  load   96  12.0 V  33 C  err 0x00
>>> release 30
release 30: ok
>>> pos 30
id 30  pos  3530  spd     0  load    0  12.1 V  33 C  err 0x00
  released hanging: pos 3530
>>> release 30
release 30: ok
>>> gains 30 32 32
id 30: writing P 32 D 32 to EEPROM (torque must be OFF; no goal is written) ...
id 30: P 32 D 32, verified after commit -- safe to power down
  note: id 30 has no row in servo_gains.h
>>> gains 30
id 30  P 32  D 32  I 0   expected (no row in servo_gains.h)
>>> gains 30
id 30  P 32  D 32  I 0   expected (no row in servo_gains.h)
  gains back to (32, 32)

The arm hangs released. Take the CLAMP OFF; press enter when done
< 'weights stay on'
P 128 down : quiet range 0, moving 0/152; steps max overshoot 3, max residual range 6
P 128 level: quiet range 0, moving 0/152; steps max overshoot 0, max residual range 0
P 160 down : quiet range 0, moving 0/152; steps max overshoot 5, max residual range 7
P 160 level: quiet range 0, moving 0/152; steps max overshoot 0, max residual range 0
# end 2026-10-02T11:09:35
