# 2026-10-01T13:02:24 four_bottle.py id 30 GOAL 2057 A 23 ladder [(32, 32), (128, 128), (160, 160)]
>>> pos 30
id 30  pos  2056  spd     0  load    0  12.1 V  33 C  err 0x00
>>> reg 30 40 1
id 30 reg 40 = 0 (0x00)

== P 32 D 32
>>> release 30
release 30: ok
>>> gains 30 32 32
id 30: writing P 32 D 32 to EEPROM (torque must be OFF; no goal is written) ...
id 30: P 32 D 32, verified after commit -- safe to power down
  note: id 30 has no row in servo_gains.h
>>> gains 30
id 30  P 32  D 32  I 0   expected (no row in servo_gains.h)
  gains 32/32: ok

NEXT MOTION: P 32: torque on, hold straight out (2057), and run the +-2 deg probes (4 short moves) at EVERY load state of this P
  type go:
< 'go'
>>> pos 30
id 30  pos  2056  spd     0  load    0  12.1 V  34 C  err 0x00
>>> torque 30
torque 30: ok
>>> pos 30
id 30  pos  2056  spd     0  load    0  12.1 V  33 C  err 0x00
>>> move 30 2057 0 100
move id 30 -> 2057 ticks, 0 ms, spd 100, acc 0: ok
>>> pos 30
id 30  pos  2056  spd     0  load    0  12.1 V  34 C  err 0x00
>>> pos 30
id 30  pos  2056  spd     0  load    0  12.1 V  33 C  err 0x00
>>> pos 30
id 30  pos  2056  spd     0  load    0  12.1 V  33 C  err 0x00
>>> pos 30
id 30  pos  2056  spd     0  load    0  12.1 V  33 C  err 0x00
>>> pos 30
id 30  pos  2056  spd     0  load    0  12.1 V  34 C  err 0x00
>>> pos 30
id 30  pos  2056  spd     0  load    0  12.1 V  34 C  err 0x00
>>> pos 30
id 30  pos  2056  spd     0  load    0  12.1 V  34 C  err 0x00
>>> pos 30
id 30  pos  2056  spd     0  load    0  12.1 V  33 C  err 0x00
>>> pos 30
id 30  pos  2056  spd     0  load    0  12.1 V  34 C  err 0x00
>>> pos 30
id 30  pos  2056  spd     0  load    0  12.1 V  34 C  err 0x00
>>> pos 30
id 30  pos  2056  spd     0  load    0  12.1 V  34 C  err 0x00
>>> pos 30
id 30  pos  2056  spd     0  load    0  12.1 V  34 C  err 0x00
>>> pos 30
id 30  pos  2056  spd     0  load    0  12.1 V  34 C  err 0x00
>>> pos 30
id 30  pos  2056  spd     0  load    0  12.1 V  33 C  err 0x00
>>> pos 30
id 30  pos  2056  spd     0  load    0  12.1 V  33 C  err 0x00
>>> pos 30
id 30  pos  2056  spd     0  load    0  12.1 V  34 C  err 0x00
>>> pos 30
id 30  pos  2056  spd     0  load    0  12.1 V  34 C  err 0x00
>>> pos 30
id 30  pos  2056  spd     0  load    0  12.1 V  34 C  err 0x00
>>> pos 30
id 30  pos  2056  spd     0  load    0  12.1 V  33 C  err 0x00
>>> pos 30
id 30  pos  2056  spd     0  load    0  12.1 V  33 C  err 0x00
>>> move 30 2080 0 100
move id 30 -> 2080 ticks, 0 ms, spd 100, acc 0: ok
>>> move 30 2057 0 100
move id 30 -> 2057 ticks, 0 ms, spd 100, acc 0: ok
>>> pos 30
id 30  pos  2079  spd     0  load   24  12.1 V  33 C  err 0x00
>>> pos 30
id 30  pos  2079  spd     0  load   64  12.1 V  34 C  err 0x00
>>> pos 30
id 30  pos  2075  spd  -100  load   48  12.1 V  34 C  err 0x00
>>> pos 30
id 30  pos  2072  spd  -100  load   48  12.1 V  33 C  err 0x00
>>> pos 30
id 30  pos  2068  spd  -100  load   40  12.1 V  33 C  err 0x00
>>> pos 30
id 30  pos  2065  spd  -100  load   44  12.1 V  33 C  err 0x00
>>> pos 30
id 30  pos  2062  spd  -100  load   52  12.1 V  34 C  err 0x00
>>> pos 30
id 30  pos  2059  spd  -100  load    0  12.1 V  34 C  err 0x00
>>> pos 30
id 30  pos  2058  spd   -50  load    0  12.1 V  33 C  err 0x00
>>> pos 30
id 30  pos  2058  spd     0  load    0  12.1 V  34 C  err 0x00
>>> pos 30
id 30  pos  2058  spd     0  load    0  12.1 V  33 C  err 0x00
>>> pos 30
id 30  pos  2058  spd     0  load    0  12.1 V  33 C  err 0x00
>>> pos 30
id 30  pos  2058  spd     0  load    0  12.1 V  33 C  err 0x00
>>> pos 30
id 30  pos  2058  spd     0  load    0  12.1 V  33 C  err 0x00
>>> pos 30
id 30  pos  2058  spd     0  load    0  12.1 V  34 C  err 0x00
>>> pos 30
id 30  pos  2058  spd     0  load    0  12.1 V  34 C  err 0x00
>>> pos 30
id 30  pos  2058  spd     0  load    0  12.1 V  33 C  err 0x00
>>> pos 30
id 30  pos  2058  spd     0  load    0  12.1 V  33 C  err 0x00
>>> pos 30
id 30  pos  2058  spd     0  load    0  12.1 V  34 C  err 0x00
>>> pos 30
id 30  pos  2058  spd     0  load    0  12.1 V  34 C  err 0x00
>>> pos 30
id 30  pos  2058  spd     0  load    0  12.1 V  33 C  err 0x00
>>> pos 30
id 30  pos  2058  spd     0  load    0  12.1 V  34 C  err 0x00
>>> pos 30
id 30  pos  2058  spd     0  load    0  12.1 V  34 C  err 0x00
>>> pos 30
id 30  pos  2058  spd     0  load    0  12.1 V  34 C  err 0x00
>>> pos 30
id 30  pos  2058  spd     0  load    0  12.1 V  34 C  err 0x00
>>> pos 30
id 30  pos  2058  spd     0  load    0  12.1 V  33 C  err 0x00
>>> pos 30
id 30  pos  2058  spd     0  load    0  12.1 V  34 C  err 0x00
>>> pos 30
id 30  pos  2058  spd     0  load    0  12.1 V  34 C  err 0x00
>>> pos 30
id 30  pos  2058  spd     0  load    0  12.1 V  34 C  err 0x00
>>> pos 30
id 30  pos  2058  spd     0  load    0  12.1 V  33 C  err 0x00
>>> pos 30
id 30  pos  2058  spd     0  load    0  12.1 V  34 C  err 0x00
>>> pos 30
id 30  pos  2058  spd     0  load    0  12.1 V  34 C  err 0x00
>>> pos 30
id 30  pos  2058  spd     0  load    0  12.1 V  33 C  err 0x00
>>> pos 30
id 30  pos  2058  spd     0  load    0  12.1 V  34 C  err 0x00
>>> pos 30
id 30  pos  2058  spd     0  load    0  12.1 V  33 C  err 0x00
>>> pos 30
id 30  pos  2058  spd     0  load    0  12.1 V  34 C  err 0x00
>>> pos 30
id 30  pos  2058  spd     0  load    0  12.1 V  33 C  err 0x00
>>> pos 30
id 30  pos  2058  spd     0  load    0  12.1 V  34 C  err 0x00
>>> pos 30
id 30  pos  2058  spd     0  load    0  12.1 V  33 C  err 0x00
>>> pos 30
id 30  pos  2058  spd     0  load    0  12.1 V  34 C  err 0x00
>>> pos 30
id 30  pos  2058  spd     0  load    0  12.1 V  34 C  err 0x00
>>> pos 30
id 30  pos  2058  spd     0  load    0  12.1 V  34 C  err 0x00
>>> pos 30
id 30  pos  2058  spd     0  load    0  12.1 V  33 C  err 0x00
>>> pos 30
id 30  pos  2058  spd     0  load    0  12.1 V  33 C  err 0x00
>>> pos 30
id 30  pos  2058  spd     0  load    0  12.1 V  33 C  err 0x00
>>> pos 30
id 30  pos  2058  spd     0  load    0  12.1 V  34 C  err 0x00
>>> pos 30
id 30  pos  2058  spd     0  load    0  12.1 V  34 C  err 0x00
>>> pos 30
id 30  pos  2058  spd     0  load    0  12.1 V  33 C  err 0x00
>>> pos 30
id 30  pos  2058  spd     0  load    0  12.1 V  34 C  err 0x00
>>> pos 30
id 30  pos  2058  spd     0  load    0  12.1 V  33 C  err 0x00
>>> pos 30
id 30  pos  2058  spd     0  load    0  12.1 V  33 C  err 0x00
>>> pos 30
id 30  pos  2058  spd     0  load    0  12.1 V  33 C  err 0x00
>>> pos 30
id 30  pos  2058  spd     0  load    0  12.1 V  34 C  err 0x00
>>> pos 30
id 30  pos  2058  spd     0  load    0  12.1 V  33 C  err 0x00
>>> pos 30
id 30  pos  2058  spd     0  load    0  12.1 V  34 C  err 0x00
>>> pos 30
id 30  pos  2058  spd     0  load    0  12.1 V  33 C  err 0x00
>>> pos 30
id 30  pos  2058  spd     0  load    0  12.1 V  34 C  err 0x00
>>> pos 30
id 30  pos  2058  spd     0  load    0  12.1 V  33 C  err 0x00
>>> pos 30
id 30  pos  2058  spd     0  load    0  12.1 V  34 C  err 0x00
>>> pos 30
id 30  pos  2058  spd     0  load    0  12.1 V  34 C  err 0x00
>>> pos 30
id 30  pos  2058  spd     0  load    0  12.1 V  33 C  err 0x00
>>> pos 30
id 30  pos  2058  spd     0  load    0  12.1 V  34 C  err 0x00
>>> pos 30
id 30  pos  2058  spd     0  load    0  12.1 V  34 C  err 0x00
>>> pos 30
id 30  pos  2058  spd     0  load    0  12.1 V  33 C  err 0x00
>>> pos 30
id 30  pos  2058  spd     0  load    0  12.1 V  33 C  err 0x00
>>> pos 30
id 30  pos  2058  spd     0  load    0  12.1 V  34 C  err 0x00
>>> pos 30
id 30  pos  2058  spd     0  load    0  12.1 V  33 C  err 0x00
>>> pos 30
id 30  pos  2058  spd     0  load    0  12.1 V  33 C  err 0x00
>>> pos 30
id 30  pos  2058  spd     0  load    0  12.1 V  33 C  err 0x00
>>> pos 30
id 30  pos  2058  spd     0  load    0  12.1 V  33 C  err 0x00
>>> pos 30
id 30  pos  2058  spd     0  load    0  12.1 V  34 C  err 0x00
>>> pos 30
id 30  pos  2058  spd     0  load    0  12.1 V  34 C  err 0x00
>>> pos 30
id 30  pos  2058  spd     0  load    0  12.1 V  33 C  err 0x00
>>> pos 30
id 30  pos  2058  spd     0  load    0  12.1 V  34 C  err 0x00
>>> pos 30
id 30  pos  2058  spd     0  load    0  12.1 V  33 C  err 0x00
>>> pos 30
id 30  pos  2058  spd     0  load    0  12.1 V  33 C  err 0x00
>>> pos 30
id 30  pos  2058  spd     0  load    0  12.1 V  34 C  err 0x00
>>> pos 30
id 30  pos  2058  spd     0  load    0  12.1 V  34 C  err 0x00
>>> pos 30
id 30  pos  2058  spd     0  load    0  12.1 V  34 C  err 0x00
>>> pos 30
id 30  pos  2058  spd     0  load    0  12.1 V  33 C  err 0x00
>>> pos 30
id 30  pos  2058  spd     0  load    0  12.1 V  33 C  err 0x00
>>> pos 30
id 30  pos  2058  spd     0  load    0  12.1 V  33 C  err 0x00
>>> pos 30
id 30  pos  2058  spd     0  load    0  12.1 V  33 C  err 0x00
>>> pos 30
id 30  pos  2058  spd     0  load    0  12.1 V  34 C  err 0x00
>>> pos 30
id 30  pos  2058  spd     0  load    0  12.1 V  34 C  err 0x00
>>> pos 30
id 30  pos  2058  spd     0  load    0  12.1 V  34 C  err 0x00
>>> pos 30
id 30  pos  2058  spd     0  load    0  12.1 V  34 C  err 0x00
>>> pos 30
id 30  pos  2058  spd     0  load    0  12.1 V  34 C  err 0x00
>>> pos 30
id 30  pos  2058  spd     0  load    0  12.1 V  33 C  err 0x00
>>> pos 30
id 30  pos  2058  spd     0  load    0  12.1 V  34 C  err 0x00
>>> pos 30
id 30  pos  2058  spd     0  load    0  12.1 V  34 C  err 0x00
>>> move 30 2034 0 100
move id 30 -> 2034 ticks, 0 ms, spd 100, acc 0: ok
>>> move 30 2057 0 100
move id 30 -> 2057 ticks, 0 ms, spd 100, acc 0: ok
>>> pos 30
id 30  pos  2036  spd     0  load    0  12.1 V  33 C  err 0x00
>>> pos 30
id 30  pos  2036  spd     0  load  -44  12.1 V  33 C  err 0x00
>>> pos 30
id 30  pos  2037  spd     0  load  -64  12.1 V  33 C  err 0x00
>>> pos 30
id 30  pos  2041  spd   150  load  -44  12.1 V  34 C  err 0x00
>>> pos 30
id 30  pos  2045  spd   100  load  -36  12.1 V  34 C  err 0x00
>>> pos 30
id 30  pos  2048  spd   100  load  -48  12.1 V  34 C  err 0x00
>>> pos 30
id 30  pos  2051  spd   100  load  -48  12.1 V  33 C  err 0x00
>>> pos 30
id 30  pos  2055  spd   100  load  -20  12.1 V  33 C  err 0x00
>>> pos 30
id 30  pos  2056  spd   100  load   20  12.1 V  33 C  err 0x00
>>> pos 30
id 30  pos  2056  spd     0  load    0  12.1 V  33 C  err 0x00
>>> pos 30
id 30  pos  2056  spd     0  load    0  12.1 V  34 C  err 0x00
>>> pos 30
id 30  pos  2056  spd     0  load    0  12.1 V  33 C  err 0x00
>>> pos 30
id 30  pos  2056  spd     0  load    0  12.1 V  33 C  err 0x00
>>> pos 30
id 30  pos  2056  spd     0  load    0  12.1 V  34 C  err 0x00
>>> pos 30
id 30  pos  2056  spd     0  load    0  12.1 V  33 C  err 0x00
>>> pos 30
id 30  pos  2056  spd     0  load    0  12.1 V  33 C  err 0x00
>>> pos 30
id 30  pos  2056  spd     0  load    0  12.1 V  34 C  err 0x00
>>> pos 30
id 30  pos  2056  spd     0  load    0  12.1 V  33 C  err 0x00
>>> pos 30
id 30  pos  2056  spd     0  load    0  12.1 V  33 C  err 0x00
>>> pos 30
id 30  pos  2056  spd     0  load    0  12.1 V  34 C  err 0x00
>>> pos 30
id 30  pos  2056  spd     0  load    0  12.1 V  33 C  err 0x00
>>> pos 30
id 30  pos  2056  spd     0  load    0  12.1 V  34 C  err 0x00
>>> pos 30
id 30  pos  2056  spd     0  load    0  12.1 V  34 C  err 0x00
>>> pos 30
id 30  pos  2056  spd     0  load    0  12.1 V  34 C  err 0x00
>>> pos 30
id 30  pos  2056  spd     0  load    0  12.1 V  34 C  err 0x00
>>> pos 30
id 30  pos  2056  spd     0  load    0  12.1 V  33 C  err 0x00
>>> pos 30
id 30  pos  2056  spd     0  load    0  12.1 V  34 C  err 0x00
>>> pos 30
id 30  pos  2056  spd     0  load    0  12.1 V  33 C  err 0x00
>>> pos 30
id 30  pos  2056  spd     0  load    0  12.1 V  33 C  err 0x00
>>> pos 30
id 30  pos  2056  spd     0  load    0  12.1 V  34 C  err 0x00
>>> pos 30
id 30  pos  2056  spd     0  load    0  12.1 V  33 C  err 0x00
>>> pos 30
id 30  pos  2056  spd     0  load    0  12.1 V  33 C  err 0x00
>>> pos 30
id 30  pos  2056  spd     0  load    0  12.1 V  33 C  err 0x00
>>> pos 30
id 30  pos  2056  spd     0  load    0  12.1 V  33 C  err 0x00
>>> pos 30
id 30  pos  2056  spd     0  load    0  12.1 V  34 C  err 0x00
>>> pos 30
id 30  pos  2056  spd     0  load    0  12.1 V  33 C  err 0x00
>>> pos 30
id 30  pos  2056  spd     0  load    0  12.1 V  33 C  err 0x00
>>> pos 30
id 30  pos  2056  spd     0  load    0  12.1 V  34 C  err 0x00
>>> pos 30
id 30  pos  2056  spd     0  load    0  12.1 V  33 C  err 0x00
>>> pos 30
id 30  pos  2056  spd     0  load    0  12.1 V  33 C  err 0x00
>>> pos 30
id 30  pos  2056  spd     0  load    0  12.1 V  33 C  err 0x00
>>> pos 30
id 30  pos  2056  spd     0  load    0  12.1 V  34 C  err 0x00
>>> pos 30
id 30  pos  2056  spd     0  load    0  12.1 V  34 C  err 0x00
>>> pos 30
id 30  pos  2056  spd     0  load    0  12.1 V  33 C  err 0x00
>>> pos 30
id 30  pos  2056  spd     0  load    0  12.1 V  33 C  err 0x00
>>> pos 30
id 30  pos  2056  spd     0  load    0  12.1 V  33 C  err 0x00
>>> pos 30
id 30  pos  2056  spd     0  load    0  12.1 V  33 C  err 0x00
>>> pos 30
id 30  pos  2056  spd     0  load    0  12.1 V  33 C  err 0x00
>>> pos 30
id 30  pos  2056  spd     0  load    0  12.1 V  33 C  err 0x00
>>> pos 30
id 30  pos  2056  spd     0  load    0  12.1 V  33 C  err 0x00
>>> pos 30
id 30  pos  2056  spd     0  load    0  12.1 V  34 C  err 0x00
>>> pos 30
id 30  pos  2056  spd     0  load    0  12.1 V  34 C  err 0x00
>>> pos 30
id 30  pos  2056  spd     0  load    0  12.1 V  33 C  err 0x00
>>> pos 30
id 30  pos  2056  spd     0  load    0  12.1 V  33 C  err 0x00
>>> pos 30
id 30  pos  2056  spd     0  load    0  12.1 V  34 C  err 0x00
>>> pos 30
id 30  pos  2056  spd     0  load    0  12.1 V  34 C  err 0x00
>>> pos 30
id 30  pos  2056  spd     0  load    0  12.1 V  34 C  err 0x00
>>> pos 30
id 30  pos  2056  spd     0  load    0  12.1 V  34 C  err 0x00
>>> pos 30
id 30  pos  2056  spd     0  load    0  12.1 V  33 C  err 0x00
>>> pos 30
id 30  pos  2056  spd     0  load    0  12.1 V  33 C  err 0x00
>>> pos 30
id 30  pos  2056  spd     0  load    0  12.1 V  34 C  err 0x00
>>> pos 30
id 30  pos  2056  spd     0  load    0  12.1 V  34 C  err 0x00
>>> pos 30
id 30  pos  2056  spd     0  load    0  12.1 V  34 C  err 0x00
>>> pos 30
id 30  pos  2056  spd     0  load    0  12.1 V  33 C  err 0x00
>>> pos 30
id 30  pos  2056  spd     0  load    0  12.1 V  33 C  err 0x00
>>> pos 30
id 30  pos  2056  spd     0  load    0  12.1 V  33 C  err 0x00
>>> pos 30
id 30  pos  2056  spd     0  load    0  12.1 V  33 C  err 0x00
>>> pos 30
id 30  pos  2056  spd     0  load    0  12.1 V  34 C  err 0x00
>>> pos 30
id 30  pos  2056  spd     0  load    0  12.1 V  33 C  err 0x00
>>> pos 30
id 30  pos  2056  spd     0  load    0  12.1 V  33 C  err 0x00
>>> pos 30
id 30  pos  2056  spd     0  load    0  12.1 V  34 C  err 0x00
>>> pos 30
id 30  pos  2056  spd     0  load    0  12.1 V  33 C  err 0x00
>>> pos 30
id 30  pos  2056  spd     0  load    0  12.1 V  34 C  err 0x00
>>> pos 30
id 30  pos  2056  spd     0  load    0  12.1 V  34 C  err 0x00
>>> pos 30
id 30  pos  2056  spd     0  load    0  12.1 V  33 C  err 0x00
>>> pos 30
id 30  pos  2056  spd     0  load    0  12.1 V  34 C  err 0x00
>>> pos 30
id 30  pos  2056  spd     0  load    0  12.1 V  34 C  err 0x00
>>> pos 30
id 30  pos  2056  spd     0  load    0  12.1 V  33 C  err 0x00
>>> pos 30
id 30  pos  2056  spd     0  load    0  12.3 V  33 C  err 0x00
>>> pos 30
id 30  pos  2056  spd     0  load    0  12.1 V  34 C  err 0x00
>>> pos 30
id 30  pos  2056  spd     0  load    0  12.1 V  34 C  err 0x00
>>> pos 30
id 30  pos  2056  spd     0  load    0  12.1 V  33 C  err 0x00
>>> pos 30
id 30  pos  2056  spd     0  load    0  12.1 V  33 C  err 0x00
>>> pos 30
id 30  pos  2056  spd     0  load    0  12.1 V  33 C  err 0x00
>>> pos 30
id 30  pos  2056  spd     0  load    0  12.1 V  33 C  err 0x00
>>> pos 30
id 30  pos  2056  spd     0  load    0  12.1 V  34 C  err 0x00
>>> pos 30
id 30  pos  2056  spd     0  load    0  12.1 V  33 C  err 0x00
>>> pos 30
id 30  pos  2056  spd     0  load    0  12.1 V  34 C  err 0x00
>>> pos 30
id 30  pos  2056  spd     0  load    0  12.1 V  33 C  err 0x00
>>> pos 30
id 30  pos  2056  spd     0  load    0  12.1 V  34 C  err 0x00
>>> pos 30
id 30  pos  2056  spd     0  load    0  12.1 V  33 C  err 0x00
  0 bottle(s): static -1.00 (load 0, range 0) | from above +1.00 (load 0, over 0, settle 0.2651) | from below -1.00 (load 0, over 0, settle 0.2651) | err 0

HANG bottle #1 (total 1); press enter when done
< ''
>>> pos 30
id 30  pos  2059  spd     0  load   24  12.1 V  34 C  err 0x00
>>> pos 30
id 30  pos  2059  spd     0  load   24  12.1 V  34 C  err 0x00
>>> pos 30
id 30  pos  2059  spd     0  load   24  12.1 V  33 C  err 0x00
>>> pos 30
id 30  pos  2059  spd     0  load   24  12.1 V  33 C  err 0x00
>>> pos 30
id 30  pos  2059  spd     0  load   24  12.1 V  33 C  err 0x00
>>> pos 30
id 30  pos  2059  spd     0  load   24  12.1 V  33 C  err 0x00
>>> pos 30
id 30  pos  2059  spd     0  load   24  12.1 V  33 C  err 0x00
>>> pos 30
id 30  pos  2059  spd     0  load   24  12.1 V  33 C  err 0x00
>>> pos 30
id 30  pos  2059  spd     0  load   24  12.1 V  33 C  err 0x00
>>> pos 30
id 30  pos  2059  spd     0  load   24  12.1 V  34 C  err 0x00
>>> pos 30
id 30  pos  2059  spd     0  load   24  12.1 V  33 C  err 0x00
>>> pos 30
id 30  pos  2059  spd     0  load   24  12.1 V  34 C  err 0x00
>>> pos 30
id 30  pos  2059  spd     0  load   24  12.1 V  33 C  err 0x00
>>> pos 30
id 30  pos  2059  spd     0  load   24  12.1 V  33 C  err 0x00
>>> pos 30
id 30  pos  2059  spd     0  load   24  12.1 V  33 C  err 0x00
>>> pos 30
id 30  pos  2059  spd     0  load   24  12.1 V  33 C  err 0x00
>>> pos 30
id 30  pos  2059  spd     0  load   24  12.1 V  33 C  err 0x00
>>> pos 30
id 30  pos  2059  spd     0  load   24  12.1 V  34 C  err 0x00
>>> pos 30
id 30  pos  2059  spd     0  load   24  12.1 V  33 C  err 0x00
>>> pos 30
id 30  pos  2059  spd     0  load   24  12.1 V  33 C  err 0x00
>>> move 30 2080 0 100
move id 30 -> 2080 ticks, 0 ms, spd 100, acc 0: ok
>>> move 30 2057 0 100
move id 30 -> 2057 ticks, 0 ms, spd 100, acc 0: ok
>>> pos 30
id 30  pos  2082  spd     0  load   56  12.1 V  34 C  err 0x00
>>> pos 30
id 30  pos  2082  spd     0  load   88  12.1 V  33 C  err 0x00
>>> pos 30
id 30  pos  2081  spd   -50  load  104  12.1 V  33 C  err 0x00
>>> pos 30
id 30  pos  2081  spd     0  load  128  12.1 V  33 C  err 0x00
>>> pos 30
id 30  pos  2078  spd  -100  load  120  12.1 V  34 C  err 0x00
>>> pos 30
id 30  pos  2074  spd  -150  load  116  12.1 V  33 C  err 0x00
>>> pos 30
id 30  pos  2071  spd  -100  load  124  12.1 V  33 C  err 0x00
>>> pos 30
id 30  pos  2069  spd   -50  load  100  12.1 V  34 C  err 0x00
>>> pos 30
id 30  pos  2069  spd     0  load  104  12.1 V  33 C  err 0x00
>>> pos 30
id 30  pos  2068  spd     0  load   92  12.1 V  34 C  err 0x00
>>> pos 30
id 30  pos  2068  spd     0  load   96  12.1 V  33 C  err 0x00
>>> pos 30
id 30  pos  2068  spd     0  load   96  12.1 V  33 C  err 0x00
>>> pos 30
id 30  pos  2068  spd     0  load   96  12.1 V  34 C  err 0x00
>>> pos 30
id 30  pos  2068  spd     0  load   96  12.1 V  33 C  err 0x00
>>> pos 30
id 30  pos  2068  spd     0  load   96  12.1 V  33 C  err 0x00
>>> pos 30
id 30  pos  2068  spd     0  load   96  12.1 V  34 C  err 0x00
>>> pos 30
id 30  pos  2068  spd     0  load   96  12.1 V  34 C  err 0x00
>>> pos 30
id 30  pos  2068  spd     0  load   96  12.1 V  34 C  err 0x00
>>> pos 30
id 30  pos  2068  spd     0  load   96  12.1 V  34 C  err 0x00
>>> pos 30
id 30  pos  2068  spd     0  load   96  12.1 V  33 C  err 0x00
>>> pos 30
id 30  pos  2068  spd     0  load   96  12.1 V  34 C  err 0x00
>>> pos 30
id 30  pos  2068  spd     0  load   96  12.1 V  34 C  err 0x00
>>> pos 30
id 30  pos  2068  spd     0  load   96  12.1 V  34 C  err 0x00
>>> pos 30
id 30  pos  2068  spd     0  load   96  12.1 V  34 C  err 0x00
>>> pos 30
id 30  pos  2068  spd     0  load   96  12.1 V  33 C  err 0x00
>>> pos 30
id 30  pos  2068  spd     0  load   96  12.1 V  34 C  err 0x00
>>> pos 30
id 30  pos  2068  spd     0  load   96  12.1 V  33 C  err 0x00
>>> pos 30
id 30  pos  2068  spd     0  load   96  12.1 V  34 C  err 0x00
>>> pos 30
id 30  pos  2068  spd     0  load   96  12.1 V  34 C  err 0x00
>>> pos 30
id 30  pos  2068  spd     0  load   96  12.1 V  34 C  err 0x00
>>> pos 30
id 30  pos  2068  spd     0  load   96  12.1 V  34 C  err 0x00
>>> pos 30
id 30  pos  2068  spd     0  load   96  12.1 V  33 C  err 0x00
>>> pos 30
id 30  pos  2068  spd     0  load   96  12.1 V  34 C  err 0x00
>>> pos 30
id 30  pos  2068  spd     0  load   96  12.1 V  33 C  err 0x00
>>> pos 30
id 30  pos  2068  spd     0  load   96  12.1 V  33 C  err 0x00
>>> pos 30
id 30  pos  2068  spd     0  load   96  12.1 V  33 C  err 0x00
>>> pos 30
id 30  pos  2068  spd     0  load   96  12.1 V  33 C  err 0x00
>>> pos 30
id 30  pos  2068  spd     0  load   96  12.1 V  34 C  err 0x00
>>> pos 30
id 30  pos  2068  spd     0  load   96  12.1 V  33 C  err 0x00
>>> pos 30
id 30  pos  2068  spd     0  load   96  12.1 V  33 C  err 0x00
>>> pos 30
id 30  pos  2068  spd     0  load   96  12.1 V  33 C  err 0x00
>>> pos 30
id 30  pos  2068  spd     0  load   96  12.1 V  34 C  err 0x00
>>> pos 30
id 30  pos  2068  spd     0  load   96  12.1 V  34 C  err 0x00
>>> pos 30
id 30  pos  2068  spd     0  load   96  12.1 V  34 C  err 0x00
>>> pos 30
id 30  pos  2068  spd     0  load   96  12.1 V  34 C  err 0x00
>>> pos 30
id 30  pos  2068  spd     0  load   96  12.1 V  33 C  err 0x00
>>> pos 30
id 30  pos  2068  spd     0  load   96  12.1 V  34 C  err 0x00
>>> pos 30
id 30  pos  2068  spd     0  load   96  12.1 V  34 C  err 0x00
>>> pos 30
id 30  pos  2068  spd     0  load   96  12.1 V  34 C  err 0x00
>>> pos 30
id 30  pos  2068  spd     0  load   96  12.1 V  33 C  err 0x00
>>> pos 30
id 30  pos  2068  spd     0  load   96  12.1 V  33 C  err 0x00
>>> pos 30
id 30  pos  2068  spd     0  load   96  12.1 V  34 C  err 0x00
>>> pos 30
id 30  pos  2068  spd     0  load   96  12.1 V  34 C  err 0x00
>>> pos 30
id 30  pos  2068  spd     0  load   96  12.1 V  33 C  err 0x00
>>> pos 30
id 30  pos  2068  spd     0  load   96  12.1 V  34 C  err 0x00
>>> pos 30
id 30  pos  2068  spd     0  load   96  12.1 V  34 C  err 0x00
>>> pos 30
id 30  pos  2068  spd     0  load   96  12.1 V  33 C  err 0x00
>>> pos 30
id 30  pos  2068  spd     0  load   96  12.1 V  34 C  err 0x00
>>> pos 30
id 30  pos  2068  spd     0  load   96  12.1 V  33 C  err 0x00
>>> pos 30
id 30  pos  2068  spd     0  load   96  12.1 V  33 C  err 0x00
>>> pos 30
id 30  pos  2068  spd     0  load   96  12.1 V  33 C  err 0x00
>>> pos 30
id 30  pos  2068  spd     0  load   96  12.1 V  33 C  err 0x00
>>> pos 30
id 30  pos  2068  spd     0  load   96  12.1 V  33 C  err 0x00
>>> pos 30
id 30  pos  2068  spd     0  load   96  12.1 V  34 C  err 0x00
>>> pos 30
id 30  pos  2068  spd     0  load   96  12.1 V  33 C  err 0x00
>>> pos 30
id 30  pos  2068  spd     0  load   96  12.1 V  34 C  err 0x00
>>> pos 30
id 30  pos  2068  spd     0  load   96  12.1 V  33 C  err 0x00
>>> pos 30
id 30  pos  2068  spd     0  load   96  12.1 V  34 C  err 0x00
>>> pos 30
id 30  pos  2068  spd     0  load   96  12.1 V  33 C  err 0x00
>>> pos 30
id 30  pos  2068  spd     0  load   96  12.1 V  34 C  err 0x00
>>> pos 30
id 30  pos  2068  spd     0  load   96  12.1 V  34 C  err 0x00
>>> pos 30
id 30  pos  2068  spd     0  load   96  12.1 V  34 C  err 0x00
>>> pos 30
id 30  pos  2068  spd     0  load   96  12.1 V  34 C  err 0x00
>>> pos 30
id 30  pos  2068  spd     0  load   96  12.1 V  33 C  err 0x00
>>> pos 30
id 30  pos  2068  spd     0  load   96  12.1 V  33 C  err 0x00
>>> pos 30
id 30  pos  2068  spd     0  load   96  12.1 V  34 C  err 0x00
>>> pos 30
id 30  pos  2068  spd     0  load   96  12.1 V  34 C  err 0x00
>>> pos 30
id 30  pos  2068  spd     0  load   96  12.1 V  33 C  err 0x00
>>> pos 30
id 30  pos  2068  spd     0  load   96  12.1 V  34 C  err 0x00
>>> pos 30
id 30  pos  2068  spd     0  load   96  12.1 V  34 C  err 0x00
>>> pos 30
id 30  pos  2068  spd     0  load   96  12.1 V  33 C  err 0x00
>>> pos 30
id 30  pos  2068  spd     0  load   96  12.1 V  34 C  err 0x00
>>> pos 30
id 30  pos  2068  spd     0  load   96  12.1 V  33 C  err 0x00
>>> pos 30
id 30  pos  2068  spd     0  load   96  12.1 V  34 C  err 0x00
>>> pos 30
id 30  pos  2068  spd     0  load   96  12.1 V  33 C  err 0x00
>>> pos 30
id 30  pos  2068  spd     0  load   96  12.1 V  34 C  err 0x00
>>> pos 30
id 30  pos  2068  spd     0  load   96  12.1 V  34 C  err 0x00
>>> pos 30
id 30  pos  2068  spd     0  load   96  12.1 V  34 C  err 0x00
>>> pos 30
id 30  pos  2068  spd     0  load   96  12.1 V  33 C  err 0x00
>>> pos 30
id 30  pos  2068  spd     0  load   96  12.1 V  34 C  err 0x00
>>> pos 30
id 30  pos  2068  spd     0  load   96  12.1 V  33 C  err 0x00
>>> move 30 2034 0 100
move id 30 -> 2034 ticks, 0 ms, spd 100, acc 0: ok
>>> move 30 2057 0 100
move id 30 -> 2057 ticks, 0 ms, spd 100, acc 0: ok
>>> pos 30
id 30  pos  2045  spd     0  load   76  12.1 V  34 C  err 0x00
>>> pos 30
id 30  pos  2045  spd     0  load   40  12.1 V  33 C  err 0x00
>>> pos 30
id 30  pos  2045  spd     0  load    0  12.1 V  34 C  err 0x00
>>> pos 30
id 30  pos  2046  spd     0  load  -20  12.1 V  33 C  err 0x00
>>> pos 30
id 30  pos  2048  spd    50  load    0  12.1 V  33 C  err 0x00
>>> pos 30
id 30  pos  2051  spd   100  load  -24  12.1 V  34 C  err 0x00
>>> pos 30
id 30  pos  2055  spd   100  load    0  12.1 V  33 C  err 0x00
>>> pos 30
id 30  pos  2056  spd     0  load    0  12.1 V  34 C  err 0x00
>>> pos 30
id 30  pos  2057  spd    50  load    0  12.1 V  34 C  err 0x00
>>> pos 30
id 30  pos  2057  spd     0  load    0  12.1 V  34 C  err 0x00
>>> pos 30
id 30  pos  2057  spd     0  load    0  12.1 V  33 C  err 0x00
>>> pos 30
id 30  pos  2057  spd     0  load    0  12.1 V  34 C  err 0x00
>>> pos 30
id 30  pos  2057  spd     0  load    0  12.1 V  33 C  err 0x00
>>> pos 30
id 30  pos  2057  spd     0  load    0  12.1 V  34 C  err 0x00
>>> pos 30
id 30  pos  2057  spd     0  load    0  12.1 V  33 C  err 0x00
>>> pos 30
id 30  pos  2057  spd     0  load    0  12.1 V  33 C  err 0x00
>>> pos 30
id 30  pos  2057  spd     0  load    0  12.1 V  34 C  err 0x00
>>> pos 30
id 30  pos  2057  spd     0  load    0  12.1 V  33 C  err 0x00
>>> pos 30
id 30  pos  2057  spd     0  load    0  12.1 V  34 C  err 0x00
>>> pos 30
id 30  pos  2057  spd     0  load    0  12.1 V  34 C  err 0x00
>>> pos 30
id 30  pos  2057  spd     0  load    0  12.1 V  33 C  err 0x00
>>> pos 30
id 30  pos  2057  spd     0  load    0  12.1 V  33 C  err 0x00
>>> pos 30
id 30  pos  2057  spd     0  load    0  12.1 V  34 C  err 0x00
>>> pos 30
id 30  pos  2057  spd     0  load    0  12.1 V  34 C  err 0x00
>>> pos 30
id 30  pos  2057  spd     0  load    0  12.1 V  33 C  err 0x00
>>> pos 30
id 30  pos  2057  spd     0  load    0  12.1 V  33 C  err 0x00
>>> pos 30
id 30  pos  2057  spd     0  load    0  12.1 V  34 C  err 0x00
>>> pos 30
id 30  pos  2057  spd     0  load    0  12.1 V  34 C  err 0x00
>>> pos 30
id 30  pos  2057  spd     0  load    0  12.1 V  34 C  err 0x00
>>> pos 30
id 30  pos  2057  spd     0  load    0  12.1 V  34 C  err 0x00
>>> pos 30
id 30  pos  2057  spd     0  load    0  12.1 V  34 C  err 0x00
>>> pos 30
id 30  pos  2057  spd     0  load    0  12.1 V  34 C  err 0x00
>>> pos 30
id 30  pos  2057  spd     0  load    0  12.1 V  33 C  err 0x00
>>> pos 30
id 30  pos  2057  spd     0  load    0  12.1 V  33 C  err 0x00
>>> pos 30
id 30  pos  2057  spd     0  load    0  12.1 V  33 C  err 0x00
>>> pos 30
id 30  pos  2057  spd     0  load    0  12.1 V  33 C  err 0x00
>>> pos 30
id 30  pos  2057  spd     0  load    0  12.1 V  33 C  err 0x00
>>> pos 30
id 30  pos  2057  spd     0  load    0  12.1 V  34 C  err 0x00
>>> pos 30
id 30  pos  2057  spd     0  load    0  12.1 V  33 C  err 0x00
>>> pos 30
id 30  pos  2057  spd     0  load    0  12.1 V  33 C  err 0x00
>>> pos 30
id 30  pos  2057  spd     0  load    0  12.1 V  33 C  err 0x00
>>> pos 30
id 30  pos  2057  spd     0  load    0  12.1 V  34 C  err 0x00
>>> pos 30
id 30  pos  2057  spd     0  load    0  12.1 V  33 C  err 0x00
>>> pos 30
id 30  pos  2057  spd     0  load    0  12.1 V  34 C  err 0x00
>>> pos 30
id 30  pos  2057  spd     0  load    0  12.1 V  33 C  err 0x00
>>> pos 30
id 30  pos  2057  spd     0  load    0  12.1 V  33 C  err 0x00
>>> pos 30
id 30  pos  2057  spd     0  load    0  12.1 V  34 C  err 0x00
>>> pos 30
id 30  pos  2057  spd     0  load    0  12.1 V  33 C  err 0x00
>>> pos 30
id 30  pos  2057  spd     0  load    0  12.1 V  33 C  err 0x00
>>> pos 30
id 30  pos  2057  spd     0  load    0  12.1 V  34 C  err 0x00
>>> pos 30
id 30  pos  2057  spd     0  load    0  12.1 V  34 C  err 0x00
>>> pos 30
id 30  pos  2057  spd     0  load    0  12.1 V  33 C  err 0x00
>>> pos 30
id 30  pos  2057  spd     0  load    0  12.1 V  34 C  err 0x00
>>> pos 30
id 30  pos  2057  spd     0  load    0  12.1 V  34 C  err 0x00
>>> pos 30
id 30  pos  2057  spd     0  load    0  12.1 V  34 C  err 0x00
>>> pos 30
id 30  pos  2057  spd     0  load    0  12.1 V  34 C  err 0x00
>>> pos 30
id 30  pos  2057  spd     0  load    0  12.1 V  34 C  err 0x00
>>> pos 30
id 30  pos  2057  spd     0  load    0  12.1 V  34 C  err 0x00
>>> pos 30
id 30  pos  2057  spd     0  load    0  12.1 V  34 C  err 0x00
>>> pos 30
id 30  pos  2057  spd     0  load    0  12.1 V  33 C  err 0x00
>>> pos 30
id 30  pos  2057  spd     0  load    0  12.1 V  33 C  err 0x00
>>> pos 30
id 30  pos  2057  spd     0  load    0  12.1 V  33 C  err 0x00
>>> pos 30
id 30  pos  2057  spd     0  load    0  12.1 V  34 C  err 0x00
>>> pos 30
id 30  pos  2057  spd     0  load    0  12.1 V  34 C  err 0x00
>>> pos 30
id 30  pos  2057  spd     0  load    0  12.1 V  34 C  err 0x00
>>> pos 30
id 30  pos  2057  spd     0  load    0  12.1 V  33 C  err 0x00
>>> pos 30
id 30  pos  2057  spd     0  load    0  12.1 V  33 C  err 0x00
>>> pos 30
id 30  pos  2057  spd     0  load    0  12.1 V  34 C  err 0x00
>>> pos 30
id 30  pos  2057  spd     0  load    0  12.1 V  34 C  err 0x00
>>> pos 30
id 30  pos  2057  spd     0  load    0  12.1 V  33 C  err 0x00
>>> pos 30
id 30  pos  2057  spd     0  load    0  12.1 V  33 C  err 0x00
>>> pos 30
id 30  pos  2057  spd     0  load    0  12.1 V  34 C  err 0x00
>>> pos 30
id 30  pos  2057  spd     0  load    0  12.1 V  34 C  err 0x00
>>> pos 30
id 30  pos  2057  spd     0  load    0  12.1 V  34 C  err 0x00
>>> pos 30
id 30  pos  2057  spd     0  load    0  12.1 V  34 C  err 0x00
>>> pos 30
id 30  pos  2057  spd     0  load    0  12.1 V  33 C  err 0x00
>>> pos 30
id 30  pos  2057  spd     0  load    0  12.1 V  34 C  err 0x00
>>> pos 30
id 30  pos  2057  spd     0  load    0  12.1 V  33 C  err 0x00
>>> pos 30
id 30  pos  2057  spd     0  load    0  12.1 V  33 C  err 0x00
>>> pos 30
id 30  pos  2057  spd     0  load    0  12.1 V  33 C  err 0x00
>>> pos 30
id 30  pos  2057  spd     0  load    0  12.1 V  33 C  err 0x00
>>> pos 30
id 30  pos  2057  spd     0  load    0  12.1 V  32 C  err 0x00
>>> pos 30
id 30  pos  2057  spd     0  load    0  12.1 V  34 C  err 0x00
>>> pos 30
id 30  pos  2057  spd     0  load    0  12.1 V  33 C  err 0x00
>>> pos 30
id 30  pos  2057  spd     0  load    0  12.1 V  33 C  err 0x00
>>> pos 30
id 30  pos  2057  spd     0  load    0  12.1 V  34 C  err 0x00
>>> pos 30
id 30  pos  2057  spd     0  load    0  12.1 V  34 C  err 0x00
>>> pos 30
id 30  pos  2057  spd     0  load    0  12.1 V  34 C  err 0x00
>>> pos 30
id 30  pos  2057  spd     0  load    0  12.1 V  34 C  err 0x00
>>> pos 30
id 30  pos  2057  spd     0  load    0  12.1 V  33 C  err 0x00
>>> pos 30
id 30  pos  2057  spd     0  load    0  12.1 V  33 C  err 0x00
  1 bottle(s): static +2.00 (load 24, range 0) | from above +11.00 (load 96, over 0, settle 0.2651) | from below +0.00 (load 0, over 0, settle 0.2651) | err 0

HANG bottle #2 (total 2); press enter when done
< ''
>>> pos 30
id 30  pos  2062  spd     0  load   48  12.1 V  33 C  err 0x00
>>> pos 30
id 30  pos  2062  spd     0  load   48  12.1 V  34 C  err 0x00
>>> pos 30
id 30  pos  2062  spd     0  load   48  12.1 V  34 C  err 0x00
>>> pos 30
id 30  pos  2062  spd     0  load   48  12.1 V  34 C  err 0x00
>>> pos 30
id 30  pos  2062  spd     0  load   48  12.1 V  34 C  err 0x00
>>> pos 30
id 30  pos  2062  spd     0  load   48  12.1 V  33 C  err 0x00
>>> pos 30
id 30  pos  2062  spd     0  load   48  12.1 V  33 C  err 0x00
>>> pos 30
id 30  pos  2062  spd     0  load   48  12.1 V  33 C  err 0x00
>>> pos 30
id 30  pos  2062  spd     0  load   48  12.1 V  33 C  err 0x00
>>> pos 30
id 30  pos  2062  spd     0  load   48  12.1 V  34 C  err 0x00
>>> pos 30
id 30  pos  2062  spd     0  load   48  12.1 V  33 C  err 0x00
>>> pos 30
id 30  pos  2062  spd     0  load   48  12.1 V  33 C  err 0x00
>>> pos 30
id 30  pos  2062  spd     0  load   48  12.1 V  34 C  err 0x00
>>> pos 30
id 30  pos  2062  spd     0  load   48  12.1 V  34 C  err 0x00
>>> pos 30
id 30  pos  2062  spd     0  load   48  12.1 V  34 C  err 0x00
>>> pos 30
id 30  pos  2062  spd     0  load   48  12.1 V  33 C  err 0x00
>>> pos 30
id 30  pos  2062  spd     0  load   48  12.1 V  34 C  err 0x00
>>> pos 30
id 30  pos  2062  spd     0  load   48  12.1 V  34 C  err 0x00
>>> pos 30
id 30  pos  2062  spd     0  load   48  12.1 V  34 C  err 0x00
>>> pos 30
id 30  pos  2062  spd     0  load   48  12.1 V  33 C  err 0x00
>>> move 30 2080 0 100
move id 30 -> 2080 ticks, 0 ms, spd 100, acc 0: ok
>>> move 30 2057 0 100
move id 30 -> 2057 ticks, 0 ms, spd 100, acc 0: ok
>>> pos 30
id 30  pos  2085  spd     0  load   76  12.1 V  34 C  err 0x00
>>> pos 30
id 30  pos  2085  spd     0  load  112  12.1 V  34 C  err 0x00
>>> pos 30
id 30  pos  2085  spd     0  load  136  12.0 V  34 C  err 0x00
>>> pos 30
id 30  pos  2085  spd     0  load  160  12.0 V  34 C  err 0x00
>>> pos 30
id 30  pos  2084  spd   -50  load  176  12.1 V  33 C  err 0x00
>>> pos 30
id 30  pos  2083  spd     0  load  200  12.0 V  34 C  err 0x00
>>> pos 30
id 30  pos  2081  spd   -50  load  204  12.0 V  33 C  err 0x00
>>> pos 30
id 30  pos  2078  spd  -150  load  172  12.1 V  34 C  err 0x00
>>> pos 30
id 30  pos  2076  spd   -50  load  152  12.1 V  34 C  err 0x00
>>> pos 30
id 30  pos  2076  spd     0  load  160  12.1 V  34 C  err 0x00
>>> pos 30
id 30  pos  2076  spd     0  load  160  12.1 V  34 C  err 0x00
>>> pos 30
id 30  pos  2076  spd     0  load  160  12.0 V  34 C  err 0x00
>>> pos 30
id 30  pos  2076  spd     0  load  160  12.1 V  34 C  err 0x00
>>> pos 30
id 30  pos  2076  spd     0  load  160  12.1 V  34 C  err 0x00
>>> pos 30
id 30  pos  2076  spd     0  load  160  12.1 V  33 C  err 0x00
>>> pos 30
id 30  pos  2076  spd     0  load  160  12.1 V  34 C  err 0x00
>>> pos 30
id 30  pos  2076  spd     0  load  160  12.1 V  34 C  err 0x00
>>> pos 30
id 30  pos  2076  spd     0  load  160  12.0 V  34 C  err 0x00
>>> pos 30
id 30  pos  2076  spd     0  load  160  12.1 V  33 C  err 0x00
>>> pos 30
id 30  pos  2076  spd     0  load  160  12.0 V  34 C  err 0x00
>>> pos 30
id 30  pos  2076  spd     0  load  160  12.1 V  34 C  err 0x00
>>> pos 30
id 30  pos  2076  spd     0  load  160  12.1 V  33 C  err 0x00
>>> pos 30
id 30  pos  2076  spd     0  load  160  12.1 V  34 C  err 0x00
>>> pos 30
id 30  pos  2076  spd     0  load  160  12.0 V  34 C  err 0x00
>>> pos 30
id 30  pos  2076  spd     0  load  160  12.0 V  34 C  err 0x00
>>> pos 30
id 30  pos  2076  spd     0  load  160  12.0 V  33 C  err 0x00
>>> pos 30
id 30  pos  2076  spd     0  load  160  12.0 V  34 C  err 0x00
>>> pos 30
id 30  pos  2076  spd     0  load  160  12.1 V  33 C  err 0x00
>>> pos 30
id 30  pos  2076  spd     0  load  160  12.0 V  33 C  err 0x00
>>> pos 30
id 30  pos  2076  spd     0  load  160  12.1 V  34 C  err 0x00
>>> pos 30
id 30  pos  2076  spd     0  load  160  12.0 V  34 C  err 0x00
>>> pos 30
id 30  pos  2076  spd     0  load  160  12.0 V  33 C  err 0x00
>>> pos 30
id 30  pos  2076  spd     0  load  160  12.1 V  34 C  err 0x00
>>> pos 30
id 30  pos  2076  spd     0  load  160  11.8 V  33 C  err 0x00
>>> pos 30
id 30  pos  2076  spd     0  load  160  12.0 V  33 C  err 0x00
>>> pos 30
id 30  pos  2076  spd     0  load  160  12.1 V  34 C  err 0x00
>>> pos 30
id 30  pos  2076  spd     0  load  160  12.0 V  34 C  err 0x00
>>> pos 30
id 30  pos  2076  spd     0  load  160  12.1 V  34 C  err 0x00
>>> pos 30
id 30  pos  2076  spd     0  load  160  12.1 V  33 C  err 0x00
>>> pos 30
id 30  pos  2076  spd     0  load  160  12.1 V  34 C  err 0x00
>>> pos 30
id 30  pos  2076  spd     0  load  160  12.1 V  34 C  err 0x00
>>> pos 30
id 30  pos  2076  spd     0  load  160  12.1 V  34 C  err 0x00
>>> pos 30
id 30  pos  2076  spd     0  load  160  12.1 V  34 C  err 0x00
>>> pos 30
id 30  pos  2076  spd     0  load  160  12.1 V  34 C  err 0x00
>>> pos 30
id 30  pos  2076  spd     0  load  160  12.1 V  34 C  err 0x00
>>> pos 30
id 30  pos  2076  spd     0  load  160  12.0 V  34 C  err 0x00
>>> pos 30
id 30  pos  2076  spd     0  load  160  12.1 V  34 C  err 0x00
>>> pos 30
id 30  pos  2076  spd     0  load  160  12.1 V  34 C  err 0x00
>>> pos 30
id 30  pos  2076  spd     0  load  160  12.0 V  34 C  err 0x00
>>> pos 30
id 30  pos  2076  spd     0  load  160  12.1 V  34 C  err 0x00
>>> pos 30
id 30  pos  2076  spd     0  load  160  12.1 V  34 C  err 0x00
>>> pos 30
id 30  pos  2076  spd     0  load  160  12.1 V  34 C  err 0x00
>>> pos 30
id 30  pos  2076  spd     0  load  160  12.1 V  33 C  err 0x00
>>> pos 30
id 30  pos  2076  spd     0  load  160  12.1 V  33 C  err 0x00
>>> pos 30
id 30  pos  2076  spd     0  load  160  12.1 V  34 C  err 0x00
>>> pos 30
id 30  pos  2076  spd     0  load  160  12.1 V  34 C  err 0x00
>>> pos 30
id 30  pos  2076  spd     0  load  160  12.0 V  34 C  err 0x00
>>> pos 30
id 30  pos  2076  spd     0  load  160  12.1 V  34 C  err 0x00
>>> pos 30
id 30  pos  2076  spd     0  load  160  11.9 V  34 C  err 0x00
>>> pos 30
id 30  pos  2076  spd     0  load  160  12.1 V  34 C  err 0x00
>>> pos 30
id 30  pos  2076  spd     0  load  160  12.1 V  34 C  err 0x00
>>> pos 30
id 30  pos  2076  spd     0  load  160  12.1 V  34 C  err 0x00
>>> pos 30
id 30  pos  2076  spd     0  load  160  12.1 V  33 C  err 0x00
>>> pos 30
id 30  pos  2076  spd     0  load  160  12.1 V  33 C  err 0x00
>>> pos 30
id 30  pos  2076  spd     0  load  160  12.0 V  34 C  err 0x00
>>> pos 30
id 30  pos  2076  spd     0  load  160  12.1 V  34 C  err 0x00
>>> pos 30
id 30  pos  2076  spd     0  load  160  12.0 V  33 C  err 0x00
>>> pos 30
id 30  pos  2076  spd     0  load  160  12.0 V  34 C  err 0x00
>>> pos 30
id 30  pos  2076  spd     0  load  160  12.1 V  34 C  err 0x00
>>> pos 30
id 30  pos  2076  spd     0  load  160  12.1 V  34 C  err 0x00
>>> pos 30
id 30  pos  2076  spd     0  load  160  12.0 V  33 C  err 0x00
>>> pos 30
id 30  pos  2076  spd     0  load  160  12.0 V  34 C  err 0x00
>>> pos 30
id 30  pos  2076  spd     0  load  160  12.1 V  34 C  err 0x00
>>> pos 30
id 30  pos  2076  spd     0  load  160  12.1 V  33 C  err 0x00
>>> pos 30
id 30  pos  2076  spd     0  load  160  12.1 V  34 C  err 0x00
>>> pos 30
id 30  pos  2076  spd     0  load  160  12.1 V  34 C  err 0x00
>>> pos 30
id 30  pos  2076  spd     0  load  160  12.0 V  34 C  err 0x00
>>> pos 30
id 30  pos  2076  spd     0  load  160  12.1 V  34 C  err 0x00
>>> pos 30
id 30  pos  2076  spd     0  load  160  12.1 V  34 C  err 0x00
>>> pos 30
id 30  pos  2076  spd     0  load  160  11.9 V  34 C  err 0x00
>>> pos 30
id 30  pos  2076  spd     0  load  160  12.1 V  34 C  err 0x00
>>> pos 30
id 30  pos  2076  spd     0  load  160  12.1 V  34 C  err 0x00
>>> pos 30
id 30  pos  2076  spd     0  load  160  12.1 V  34 C  err 0x00
>>> pos 30
id 30  pos  2076  spd     0  load  160  12.1 V  34 C  err 0x00
>>> pos 30
id 30  pos  2076  spd     0  load  160  12.1 V  34 C  err 0x00
>>> pos 30
id 30  pos  2076  spd     0  load  160  12.1 V  34 C  err 0x00
>>> pos 30
id 30  pos  2076  spd     0  load  160  12.0 V  34 C  err 0x00
>>> pos 30
id 30  pos  2076  spd     0  load  160  12.1 V  33 C  err 0x00
>>> pos 30
id 30  pos  2076  spd     0  load  160  12.1 V  34 C  err 0x00
>>> pos 30
id 30  pos  2076  spd     0  load  160  12.0 V  34 C  err 0x00
>>> pos 30
id 30  pos  2076  spd     0  load  160  12.1 V  34 C  err 0x00
>>> move 30 2034 0 100
move id 30 -> 2034 ticks, 0 ms, spd 100, acc 0: ok
>>> move 30 2057 0 100
move id 30 -> 2057 ticks, 0 ms, spd 100, acc 0: ok
>>> pos 30
id 30  pos  2053  spd     0  load  144  12.0 V  34 C  err 0x00
>>> pos 30
id 30  pos  2053  spd     0  load  104  12.1 V  34 C  err 0x00
>>> pos 30
id 30  pos  2053  spd     0  load   80  12.1 V  34 C  err 0x00
>>> pos 30
id 30  pos  2053  spd     0  load   56  12.1 V  33 C  err 0x00
>>> pos 30
id 30  pos  2053  spd     0  load   32  12.1 V  34 C  err 0x00
>>> pos 30
id 30  pos  2055  spd     0  load   20  12.1 V  34 C  err 0x00
>>> pos 30
id 30  pos  2058  spd   100  load   24  12.1 V  34 C  err 0x00
>>> pos 30
id 30  pos  2060  spd    50  load   36  12.1 V  34 C  err 0x00
>>> pos 30
id 30  pos  2061  spd    50  load   40  12.1 V  34 C  err 0x00
>>> pos 30
id 30  pos  2061  spd     0  load   40  12.1 V  34 C  err 0x00
>>> pos 30
id 30  pos  2061  spd     0  load   40  12.1 V  34 C  err 0x00
>>> pos 30
id 30  pos  2062  spd     0  load   52  12.1 V  34 C  err 0x00
>>> pos 30
id 30  pos  2062  spd     0  load   48  12.1 V  34 C  err 0x00
>>> pos 30
id 30  pos  2062  spd     0  load   48  12.1 V  34 C  err 0x00
>>> pos 30
id 30  pos  2062  spd     0  load   48  12.1 V  34 C  err 0x00
>>> pos 30
id 30  pos  2062  spd     0  load   48  12.1 V  34 C  err 0x00
>>> pos 30
id 30  pos  2062  spd     0  load   48  12.1 V  34 C  err 0x00
>>> pos 30
id 30  pos  2062  spd     0  load   48  12.1 V  34 C  err 0x00
>>> pos 30
id 30  pos  2062  spd     0  load   48  12.1 V  34 C  err 0x00
>>> pos 30
id 30  pos  2062  spd     0  load   48  12.1 V  34 C  err 0x00
>>> pos 30
id 30  pos  2062  spd     0  load   48  12.1 V  34 C  err 0x00
>>> pos 30
id 30  pos  2062  spd     0  load   48  12.1 V  34 C  err 0x00
>>> pos 30
id 30  pos  2062  spd     0  load   48  12.1 V  34 C  err 0x00
>>> pos 30
id 30  pos  2062  spd     0  load   48  12.1 V  34 C  err 0x00
>>> pos 30
id 30  pos  2062  spd     0  load   48  12.1 V  34 C  err 0x00
>>> pos 30
id 30  pos  2062  spd     0  load   48  12.1 V  34 C  err 0x00
>>> pos 30
id 30  pos  2062  spd     0  load   48  12.1 V  34 C  err 0x00
>>> pos 30
id 30  pos  2062  spd     0  load   48  12.1 V  34 C  err 0x00
>>> pos 30
id 30  pos  2062  spd     0  load   48  12.1 V  34 C  err 0x00
>>> pos 30
id 30  pos  2062  spd     0  load   48  12.1 V  34 C  err 0x00
>>> pos 30
id 30  pos  2062  spd     0  load   48  12.1 V  34 C  err 0x00
>>> pos 30
id 30  pos  2062  spd     0  load   48  12.1 V  34 C  err 0x00
>>> pos 30
id 30  pos  2062  spd     0  load   48  12.1 V  34 C  err 0x00
>>> pos 30
id 30  pos  2062  spd     0  load   48  12.1 V  34 C  err 0x00
>>> pos 30
id 30  pos  2062  spd     0  load   48  12.1 V  34 C  err 0x00
>>> pos 30
id 30  pos  2062  spd     0  load   48  12.1 V  34 C  err 0x00
>>> pos 30
id 30  pos  2062  spd     0  load   48  12.1 V  34 C  err 0x00
>>> pos 30
id 30  pos  2062  spd     0  load   48  12.1 V  34 C  err 0x00
>>> pos 30
id 30  pos  2062  spd     0  load   48  12.1 V  34 C  err 0x00
>>> pos 30
id 30  pos  2062  spd     0  load   48  12.1 V  34 C  err 0x00
>>> pos 30
id 30  pos  2062  spd     0  load   48  12.1 V  34 C  err 0x00
>>> pos 30
id 30  pos  2062  spd     0  load   48  12.1 V  34 C  err 0x00
>>> pos 30
id 30  pos  2062  spd     0  load   48  12.1 V  34 C  err 0x00
>>> pos 30
id 30  pos  2062  spd     0  load   48  12.1 V  34 C  err 0x00
>>> pos 30
id 30  pos  2062  spd     0  load   48  12.1 V  34 C  err 0x00
>>> pos 30
id 30  pos  2062  spd     0  load   48  12.1 V  34 C  err 0x00
>>> pos 30
id 30  pos  2062  spd     0  load   48  12.1 V  34 C  err 0x00
>>> pos 30
id 30  pos  2062  spd     0  load   48  12.1 V  34 C  err 0x00
>>> pos 30
id 30  pos  2062  spd     0  load   48  12.1 V  34 C  err 0x00
>>> pos 30
id 30  pos  2062  spd     0  load   48  12.1 V  34 C  err 0x00
>>> pos 30
id 30  pos  2062  spd     0  load   48  12.1 V  34 C  err 0x00
>>> pos 30
id 30  pos  2062  spd     0  load   48  12.1 V  34 C  err 0x00
>>> pos 30
id 30  pos  2062  spd     0  load   48  12.1 V  34 C  err 0x00
>>> pos 30
id 30  pos  2062  spd     0  load   48  12.1 V  34 C  err 0x00
>>> pos 30
id 30  pos  2062  spd     0  load   48  12.1 V  34 C  err 0x00
>>> pos 30
id 30  pos  2062  spd     0  load   48  12.1 V  34 C  err 0x00
>>> pos 30
id 30  pos  2062  spd     0  load   48  12.1 V  34 C  err 0x00
>>> pos 30
id 30  pos  2062  spd     0  load   48  12.1 V  34 C  err 0x00
>>> pos 30
id 30  pos  2062  spd     0  load   48  12.1 V  34 C  err 0x00
>>> pos 30
id 30  pos  2062  spd     0  load   48  12.1 V  34 C  err 0x00
>>> pos 30
id 30  pos  2062  spd     0  load   48  12.1 V  34 C  err 0x00
>>> pos 30
id 30  pos  2062  spd     0  load   48  12.1 V  34 C  err 0x00
>>> pos 30
id 30  pos  2062  spd     0  load   48  12.1 V  34 C  err 0x00
>>> pos 30
id 30  pos  2062  spd     0  load   48  12.1 V  34 C  err 0x00
>>> pos 30
id 30  pos  2062  spd     0  load   48  12.1 V  34 C  err 0x00
>>> pos 30
id 30  pos  2062  spd     0  load   48  12.1 V  34 C  err 0x00
>>> pos 30
id 30  pos  2062  spd     0  load   48  12.1 V  34 C  err 0x00
>>> pos 30
id 30  pos  2062  spd     0  load   48  12.1 V  34 C  err 0x00
>>> pos 30
id 30  pos  2062  spd     0  load   48  12.1 V  34 C  err 0x00
>>> pos 30
id 30  pos  2062  spd     0  load   48  12.1 V  34 C  err 0x00
>>> pos 30
id 30  pos  2062  spd     0  load   48  12.1 V  34 C  err 0x00
>>> pos 30
id 30  pos  2062  spd     0  load   48  12.1 V  34 C  err 0x00
>>> pos 30
id 30  pos  2062  spd     0  load   48  12.1 V  34 C  err 0x00
>>> pos 30
id 30  pos  2062  spd     0  load   48  12.1 V  34 C  err 0x00
>>> pos 30
id 30  pos  2062  spd     0  load   48  12.1 V  34 C  err 0x00
>>> pos 30
id 30  pos  2062  spd     0  load   48  12.1 V  34 C  err 0x00
>>> pos 30
id 30  pos  2062  spd     0  load   48  12.1 V  34 C  err 0x00
>>> pos 30
id 30  pos  2062  spd     0  load   48  12.1 V  34 C  err 0x00
>>> pos 30
id 30  pos  2062  spd     0  load   48  12.1 V  34 C  err 0x00
>>> pos 30
id 30  pos  2062  spd     0  load   48  12.1 V  34 C  err 0x00
>>> pos 30
id 30  pos  2062  spd     0  load   48  12.1 V  34 C  err 0x00
>>> pos 30
id 30  pos  2062  spd     0  load   48  12.1 V  34 C  err 0x00
>>> pos 30
id 30  pos  2062  spd     0  load   48  12.1 V  34 C  err 0x00
>>> pos 30
id 30  pos  2062  spd     0  load   48  12.1 V  34 C  err 0x00
>>> pos 30
id 30  pos  2062  spd     0  load   48  12.1 V  34 C  err 0x00
>>> pos 30
id 30  pos  2062  spd     0  load   48  12.1 V  34 C  err 0x00
>>> pos 30
id 30  pos  2062  spd     0  load   48  12.1 V  34 C  err 0x00
>>> pos 30
id 30  pos  2062  spd     0  load   48  12.1 V  34 C  err 0x00
>>> pos 30
id 30  pos  2062  spd     0  load   48  12.1 V  34 C  err 0x00
>>> pos 30
id 30  pos  2062  spd     0  load   48  12.1 V  34 C  err 0x00
>>> pos 30
id 30  pos  2062  spd     0  load   48  12.1 V  33 C  err 0x00
  2 bottle(s): static +5.00 (load 48, range 0) | from above +19.00 (load 160, over 0, settle 0.298) | from below +5.00 (load 48, over 0, settle 0.2982) | err 0

HANG bottle #3 (total 3); press enter when done
< ''
>>> pos 30
id 30  pos  2064  spd     0  load   64  12.1 V  34 C  err 0x00
>>> pos 30
id 30  pos  2064  spd     0  load   64  12.1 V  34 C  err 0x00
>>> pos 30
id 30  pos  2064  spd     0  load   64  12.1 V  34 C  err 0x00
>>> pos 30
id 30  pos  2064  spd     0  load   64  12.1 V  34 C  err 0x00
>>> pos 30
id 30  pos  2064  spd     0  load   64  12.1 V  34 C  err 0x00
>>> pos 30
id 30  pos  2064  spd     0  load   64  12.1 V  34 C  err 0x00
>>> pos 30
id 30  pos  2064  spd     0  load   64  12.1 V  34 C  err 0x00
>>> pos 30
id 30  pos  2064  spd     0  load   64  12.1 V  34 C  err 0x00
>>> pos 30
id 30  pos  2064  spd     0  load   64  12.1 V  34 C  err 0x00
>>> pos 30
id 30  pos  2064  spd     0  load   64  12.1 V  34 C  err 0x00
>>> pos 30
id 30  pos  2064  spd     0  load   64  12.1 V  34 C  err 0x00
>>> pos 30
id 30  pos  2064  spd     0  load   64  12.1 V  34 C  err 0x00
>>> pos 30
id 30  pos  2064  spd     0  load   64  12.1 V  34 C  err 0x00
>>> pos 30
id 30  pos  2064  spd     0  load   64  12.1 V  34 C  err 0x00
>>> pos 30
id 30  pos  2064  spd     0  load   64  12.1 V  34 C  err 0x00
>>> pos 30
id 30  pos  2064  spd     0  load   64  12.1 V  34 C  err 0x00
>>> pos 30
id 30  pos  2064  spd     0  load   64  12.1 V  34 C  err 0x00
>>> pos 30
id 30  pos  2064  spd     0  load   64  12.1 V  34 C  err 0x00
>>> pos 30
id 30  pos  2064  spd     0  load   64  12.1 V  34 C  err 0x00
>>> pos 30
id 30  pos  2064  spd     0  load   64  12.1 V  34 C  err 0x00
>>> move 30 2080 0 100
move id 30 -> 2080 ticks, 0 ms, spd 100, acc 0: ok
>>> move 30 2057 0 100
move id 30 -> 2057 ticks, 0 ms, spd 100, acc 0: ok
>>> pos 30
id 30  pos  2089  spd     0  load  112  12.1 V  34 C  err 0x00
>>> pos 30
id 30  pos  2089  spd     0  load  144  12.1 V  34 C  err 0x00
>>> pos 30
id 30  pos  2089  spd     0  load  168  12.1 V  34 C  err 0x00
>>> pos 30
id 30  pos  2089  spd     0  load  192  12.0 V  34 C  err 0x00
>>> pos 30
id 30  pos  2089  spd     0  load  216  12.0 V  34 C  err 0x00
>>> pos 30
id 30  pos  2089  spd     0  load  248  12.0 V  34 C  err 0x00
>>> pos 30
id 30  pos  2089  spd     0  load  272  11.9 V  34 C  err 0x00
>>> pos 30
id 30  pos  2086  spd  -100  load  232  12.0 V  34 C  err 0x00
>>> pos 30
id 30  pos  2085  spd   -50  load  228  12.1 V  34 C  err 0x00
>>> pos 30
id 30  pos  2085  spd     0  load  232  12.0 V  34 C  err 0x00
>>> pos 30
id 30  pos  2085  spd     0  load  232  11.9 V  34 C  err 0x00
>>> pos 30
id 30  pos  2085  spd     0  load  232  12.0 V  34 C  err 0x00
>>> pos 30
id 30  pos  2085  spd     0  load  232  12.0 V  34 C  err 0x00
>>> pos 30
id 30  pos  2085  spd     0  load  232  12.0 V  34 C  err 0x00
>>> pos 30
id 30  pos  2085  spd     0  load  232  12.0 V  34 C  err 0x00
>>> pos 30
id 30  pos  2085  spd     0  load  232  12.0 V  34 C  err 0x00
>>> pos 30
id 30  pos  2085  spd     0  load  232  12.0 V  34 C  err 0x00
>>> pos 30
id 30  pos  2085  spd     0  load  232  12.0 V  34 C  err 0x00
>>> pos 30
id 30  pos  2085  spd     0  load  232  12.0 V  34 C  err 0x00
>>> pos 30
id 30  pos  2085  spd     0  load  232  12.0 V  34 C  err 0x00
>>> pos 30
id 30  pos  2085  spd     0  load  232  12.0 V  34 C  err 0x00
>>> pos 30
id 30  pos  2085  spd     0  load  232  12.0 V  34 C  err 0x00
>>> pos 30
id 30  pos  2085  spd     0  load  232  12.1 V  34 C  err 0x00
>>> pos 30
id 30  pos  2085  spd     0  load  232  12.0 V  34 C  err 0x00
>>> pos 30
id 30  pos  2085  spd     0  load  232  12.0 V  34 C  err 0x00
>>> pos 30
id 30  pos  2085  spd     0  load  232  12.0 V  34 C  err 0x00
>>> pos 30
id 30  pos  2085  spd     0  load  232  12.0 V  34 C  err 0x00
>>> pos 30
id 30  pos  2085  spd     0  load  232  11.9 V  34 C  err 0x00
>>> pos 30
id 30  pos  2085  spd     0  load  232  12.0 V  34 C  err 0x00
>>> pos 30
id 30  pos  2085  spd     0  load  232  12.1 V  34 C  err 0x00
>>> pos 30
id 30  pos  2085  spd     0  load  232  12.0 V  34 C  err 0x00
>>> pos 30
id 30  pos  2085  spd     0  load  232  12.0 V  34 C  err 0x00
>>> pos 30
id 30  pos  2085  spd     0  load  232  12.0 V  34 C  err 0x00
>>> pos 30
id 30  pos  2085  spd     0  load  232  12.1 V  34 C  err 0x00
>>> pos 30
id 30  pos  2085  spd     0  load  232  12.0 V  34 C  err 0x00
>>> pos 30
id 30  pos  2085  spd     0  load  232  12.0 V  34 C  err 0x00
>>> pos 30
id 30  pos  2085  spd     0  load  232  11.9 V  34 C  err 0x00
>>> pos 30
id 30  pos  2085  spd     0  load  232  12.0 V  34 C  err 0x00
>>> pos 30
id 30  pos  2085  spd     0  load  232  12.0 V  34 C  err 0x00
>>> pos 30
id 30  pos  2085  spd     0  load  232  12.0 V  34 C  err 0x00
>>> pos 30
id 30  pos  2085  spd     0  load  232  12.0 V  34 C  err 0x00
>>> pos 30
id 30  pos  2085  spd     0  load  232  12.0 V  34 C  err 0x00
>>> pos 30
id 30  pos  2085  spd     0  load  232  12.0 V  34 C  err 0x00
>>> pos 30
id 30  pos  2085  spd     0  load  232  12.1 V  34 C  err 0x00
>>> pos 30
id 30  pos  2085  spd     0  load  232  12.1 V  34 C  err 0x00
>>> pos 30
id 30  pos  2085  spd     0  load  232  11.9 V  34 C  err 0x00
>>> pos 30
id 30  pos  2085  spd     0  load  232  12.0 V  34 C  err 0x00
>>> pos 30
id 30  pos  2085  spd     0  load  232  12.0 V  34 C  err 0x00
>>> pos 30
id 30  pos  2085  spd     0  load  232  12.1 V  34 C  err 0x00
>>> pos 30
id 30  pos  2085  spd     0  load  232  11.9 V  34 C  err 0x00
>>> pos 30
id 30  pos  2085  spd     0  load  232  12.0 V  34 C  err 0x00
>>> pos 30
id 30  pos  2085  spd     0  load  232  12.0 V  34 C  err 0x00
>>> pos 30
id 30  pos  2085  spd     0  load  232  12.0 V  34 C  err 0x00
>>> pos 30
id 30  pos  2085  spd     0  load  232  12.0 V  34 C  err 0x00
>>> pos 30
id 30  pos  2085  spd     0  load  232  12.0 V  34 C  err 0x00
>>> pos 30
id 30  pos  2085  spd     0  load  232  12.0 V  34 C  err 0x00
>>> pos 30
id 30  pos  2085  spd     0  load  232  12.0 V  34 C  err 0x00
>>> pos 30
id 30  pos  2085  spd     0  load  232  12.1 V  34 C  err 0x00
>>> pos 30
id 30  pos  2085  spd     0  load  232  12.0 V  34 C  err 0x00
>>> pos 30
id 30  pos  2085  spd     0  load  232  12.0 V  34 C  err 0x00
>>> pos 30
id 30  pos  2085  spd     0  load  232  11.9 V  34 C  err 0x00
>>> pos 30
id 30  pos  2085  spd     0  load  232  12.1 V  34 C  err 0x00
>>> pos 30
id 30  pos  2085  spd     0  load  232  12.0 V  34 C  err 0x00
>>> pos 30
id 30  pos  2085  spd     0  load  232  12.0 V  34 C  err 0x00
>>> pos 30
id 30  pos  2085  spd     0  load  232  12.0 V  34 C  err 0x00
>>> pos 30
id 30  pos  2085  spd     0  load  232  11.9 V  34 C  err 0x00
>>> pos 30
id 30  pos  2085  spd     0  load  232  12.0 V  34 C  err 0x00
>>> pos 30
id 30  pos  2085  spd     0  load  232  12.0 V  34 C  err 0x00
>>> pos 30
id 30  pos  2085  spd     0  load  232  12.1 V  34 C  err 0x00
>>> pos 30
id 30  pos  2085  spd     0  load  232  12.0 V  34 C  err 0x00
>>> pos 30
id 30  pos  2085  spd     0  load  232  12.0 V  34 C  err 0x00
>>> pos 30
id 30  pos  2085  spd     0  load  232  12.1 V  34 C  err 0x00
>>> pos 30
id 30  pos  2085  spd     0  load  232  11.9 V  34 C  err 0x00
>>> pos 30
id 30  pos  2085  spd     0  load  232  12.0 V  34 C  err 0x00
>>> pos 30
id 30  pos  2085  spd     0  load  232  12.0 V  34 C  err 0x00
>>> pos 30
id 30  pos  2085  spd     0  load  232  12.1 V  34 C  err 0x00
>>> pos 30
id 30  pos  2085  spd     0  load  232  11.9 V  34 C  err 0x00
>>> pos 30
id 30  pos  2085  spd     0  load  232  12.0 V  34 C  err 0x00
>>> pos 30
id 30  pos  2085  spd     0  load  232  12.0 V  34 C  err 0x00
>>> pos 30
id 30  pos  2085  spd     0  load  232  12.0 V  34 C  err 0x00
>>> pos 30
id 30  pos  2085  spd     0  load  232  12.0 V  34 C  err 0x00
>>> pos 30
id 30  pos  2085  spd     0  load  232  12.0 V  34 C  err 0x00
>>> pos 30
id 30  pos  2085  spd     0  load  232  12.0 V  34 C  err 0x00
>>> pos 30
id 30  pos  2085  spd     0  load  232  12.0 V  34 C  err 0x00
>>> pos 30
id 30  pos  2085  spd     0  load  232  12.0 V  34 C  err 0x00
>>> pos 30
id 30  pos  2085  spd     0  load  232  11.9 V  34 C  err 0x00
>>> pos 30
id 30  pos  2085  spd     0  load  232  12.0 V  34 C  err 0x00
>>> pos 30
id 30  pos  2085  spd     0  load  232  11.9 V  34 C  err 0x00
>>> pos 30
id 30  pos  2085  spd     0  load  232  12.0 V  34 C  err 0x00
>>> pos 30
id 30  pos  2085  spd     0  load  232  12.0 V  34 C  err 0x00
>>> pos 30
id 30  pos  2085  spd     0  load  232  12.0 V  34 C  err 0x00
>>> move 30 2034 0 100
move id 30 -> 2034 ticks, 0 ms, spd 100, acc 0: ok
>>> move 30 2057 0 100
move id 30 -> 2057 ticks, 0 ms, spd 100, acc 0: ok
>>> pos 30
id 30  pos  2067  spd     0  load  252  12.0 V  34 C  err 0x00
>>> pos 30
id 30  pos  2067  spd     0  load  216  12.0 V  34 C  err 0x00
>>> pos 30
id 30  pos  2067  spd     0  load  192  12.1 V  34 C  err 0x00
>>> pos 30
id 30  pos  2067  spd     0  load  168  12.1 V  34 C  err 0x00
>>> pos 30
id 30  pos  2067  spd     0  load  144  12.1 V  34 C  err 0x00
>>> pos 30
id 30  pos  2067  spd     0  load  112  12.1 V  34 C  err 0x00
>>> pos 30
id 30  pos  2067  spd     0  load   88  12.1 V  34 C  err 0x00
>>> pos 30
id 30  pos  2067  spd     0  load   88  12.1 V  34 C  err 0x00
>>> pos 30
id 30  pos  2067  spd     0  load   88  12.1 V  34 C  err 0x00
>>> pos 30
id 30  pos  2067  spd     0  load   88  12.1 V  34 C  err 0x00
>>> pos 30
id 30  pos  2067  spd     0  load   88  12.1 V  34 C  err 0x00
>>> pos 30
id 30  pos  2067  spd     0  load   88  12.1 V  34 C  err 0x00
>>> pos 30
id 30  pos  2067  spd     0  load   88  12.1 V  34 C  err 0x00
>>> pos 30
id 30  pos  2067  spd     0  load   88  12.1 V  34 C  err 0x00
>>> pos 30
id 30  pos  2067  spd     0  load   88  12.1 V  34 C  err 0x00
>>> pos 30
id 30  pos  2067  spd     0  load   88  12.1 V  34 C  err 0x00
>>> pos 30
id 30  pos  2067  spd     0  load   88  12.1 V  34 C  err 0x00
>>> pos 30
id 30  pos  2067  spd     0  load   88  12.1 V  34 C  err 0x00
>>> pos 30
id 30  pos  2067  spd     0  load   88  12.1 V  34 C  err 0x00
>>> pos 30
id 30  pos  2067  spd     0  load   88  12.1 V  34 C  err 0x00
>>> pos 30
id 30  pos  2067  spd     0  load   88  12.1 V  34 C  err 0x00
>>> pos 30
id 30  pos  2067  spd     0  load   88  12.1 V  34 C  err 0x00
>>> pos 30
id 30  pos  2067  spd     0  load   88  12.1 V  34 C  err 0x00
>>> pos 30
id 30  pos  2067  spd     0  load   88  12.1 V  34 C  err 0x00
>>> pos 30
id 30  pos  2067  spd     0  load   88  12.1 V  34 C  err 0x00
>>> pos 30
id 30  pos  2067  spd     0  load   88  12.1 V  34 C  err 0x00
>>> pos 30
id 30  pos  2067  spd     0  load   88  12.1 V  34 C  err 0x00
>>> pos 30
id 30  pos  2067  spd     0  load   88  12.1 V  34 C  err 0x00
>>> pos 30
id 30  pos  2067  spd     0  load   88  12.1 V  34 C  err 0x00
>>> pos 30
id 30  pos  2067  spd     0  load   88  12.1 V  34 C  err 0x00
>>> pos 30
id 30  pos  2067  spd     0  load   88  12.1 V  34 C  err 0x00
>>> pos 30
id 30  pos  2067  spd     0  load   88  12.1 V  34 C  err 0x00
>>> pos 30
id 30  pos  2067  spd     0  load   88  12.1 V  34 C  err 0x00
>>> pos 30
id 30  pos  2067  spd     0  load   88  12.1 V  34 C  err 0x00
>>> pos 30
id 30  pos  2067  spd     0  load   88  12.1 V  34 C  err 0x00
>>> pos 30
id 30  pos  2067  spd     0  load   88  12.1 V  34 C  err 0x00
>>> pos 30
id 30  pos  2067  spd     0  load   88  12.1 V  34 C  err 0x00
>>> pos 30
id 30  pos  2067  spd     0  load   88  12.1 V  34 C  err 0x00
>>> pos 30
id 30  pos  2067  spd     0  load   88  12.1 V  34 C  err 0x00
>>> pos 30
id 30  pos  2067  spd     0  load   88  12.1 V  34 C  err 0x00
>>> pos 30
id 30  pos  2067  spd     0  load   88  12.1 V  34 C  err 0x00
>>> pos 30
id 30  pos  2067  spd     0  load   88  12.1 V  34 C  err 0x00
>>> pos 30
id 30  pos  2067  spd     0  load   88  12.1 V  34 C  err 0x00
>>> pos 30
id 30  pos  2067  spd     0  load   88  12.1 V  34 C  err 0x00
>>> pos 30
id 30  pos  2067  spd     0  load   88  12.1 V  34 C  err 0x00
>>> pos 30
id 30  pos  2067  spd     0  load   88  12.1 V  34 C  err 0x00
>>> pos 30
id 30  pos  2067  spd     0  load   88  12.1 V  34 C  err 0x00
>>> pos 30
id 30  pos  2067  spd     0  load   88  12.1 V  34 C  err 0x00
>>> pos 30
id 30  pos  2067  spd     0  load   88  12.1 V  34 C  err 0x00
>>> pos 30
id 30  pos  2067  spd     0  load   88  12.1 V  34 C  err 0x00
>>> pos 30
id 30  pos  2067  spd     0  load   88  12.1 V  34 C  err 0x00
>>> pos 30
id 30  pos  2067  spd     0  load   88  12.1 V  34 C  err 0x00
>>> pos 30
id 30  pos  2067  spd     0  load   88  12.1 V  34 C  err 0x00
>>> pos 30
id 30  pos  2067  spd     0  load   88  12.1 V  34 C  err 0x00
>>> pos 30
id 30  pos  2067  spd     0  load   88  12.1 V  35 C  err 0x00
>>> pos 30
id 30  pos  2067  spd     0  load   88  12.1 V  34 C  err 0x00
>>> pos 30
id 30  pos  2067  spd     0  load   88  12.0 V  34 C  err 0x00
>>> pos 30
id 30  pos  2067  spd     0  load   88  12.1 V  34 C  err 0x00
>>> pos 30
id 30  pos  2067  spd     0  load   88  12.1 V  34 C  err 0x00
>>> pos 30
id 30  pos  2067  spd     0  load   88  12.1 V  34 C  err 0x00
>>> pos 30
id 30  pos  2067  spd     0  load   88  12.1 V  34 C  err 0x00
>>> pos 30
id 30  pos  2067  spd     0  load   88  12.1 V  34 C  err 0x00
>>> pos 30
id 30  pos  2067  spd     0  load   88  12.1 V  34 C  err 0x00
>>> pos 30
id 30  pos  2067  spd     0  load   88  12.1 V  34 C  err 0x00
>>> pos 30
id 30  pos  2067  spd     0  load   88  12.1 V  34 C  err 0x00
>>> pos 30
id 30  pos  2067  spd     0  load   88  12.1 V  34 C  err 0x00
>>> pos 30
id 30  pos  2067  spd     0  load   88  12.1 V  34 C  err 0x00
>>> pos 30
id 30  pos  2067  spd     0  load   88  12.1 V  34 C  err 0x00
>>> pos 30
id 30  pos  2067  spd     0  load   88  12.1 V  34 C  err 0x00
>>> pos 30
id 30  pos  2067  spd     0  load   88  12.1 V  34 C  err 0x00
>>> pos 30
id 30  pos  2067  spd     0  load   88  12.1 V  34 C  err 0x00
>>> pos 30
id 30  pos  2067  spd     0  load   88  12.1 V  34 C  err 0x00
>>> pos 30
id 30  pos  2067  spd     0  load   88  12.1 V  34 C  err 0x00
>>> pos 30
id 30  pos  2067  spd     0  load   88  12.1 V  34 C  err 0x00
>>> pos 30
id 30  pos  2067  spd     0  load   88  12.1 V  34 C  err 0x00
>>> pos 30
id 30  pos  2067  spd     0  load   88  12.1 V  34 C  err 0x00
>>> pos 30
id 30  pos  2067  spd     0  load   88  12.1 V  34 C  err 0x00
>>> pos 30
id 30  pos  2067  spd     0  load   88  12.1 V  34 C  err 0x00
>>> pos 30
id 30  pos  2067  spd     0  load   88  12.1 V  34 C  err 0x00
>>> pos 30
id 30  pos  2067  spd     0  load   88  12.1 V  34 C  err 0x00
>>> pos 30
id 30  pos  2067  spd     0  load   88  12.1 V  34 C  err 0x00
>>> pos 30
id 30  pos  2067  spd     0  load   88  12.1 V  34 C  err 0x00
>>> pos 30
id 30  pos  2067  spd     0  load   88  12.1 V  34 C  err 0x00
>>> pos 30
id 30  pos  2067  spd     0  load   88  12.1 V  34 C  err 0x00
>>> pos 30
id 30  pos  2067  spd     0  load   88  12.1 V  34 C  err 0x00
>>> pos 30
id 30  pos  2067  spd     0  load   88  12.1 V  34 C  err 0x00
>>> pos 30
id 30  pos  2067  spd     0  load   88  12.1 V  34 C  err 0x00
>>> pos 30
id 30  pos  2067  spd     0  load   88  12.1 V  34 C  err 0x00
>>> pos 30
id 30  pos  2067  spd     0  load   88  12.1 V  34 C  err 0x00
>>> pos 30
id 30  pos  2067  spd     0  load   88  12.1 V  34 C  err 0x00
>>> pos 30
id 30  pos  2067  spd     0  load   88  12.1 V  34 C  err 0x00
  3 bottle(s): static +7.00 (load 64, range 0) | from above +28.00 (load 232, over 0, settle 0.2652) | from below +10.00 (load 88, over 0, settle 0.0342) | err 0

HANG bottle #4 (total 4); press enter when done
< ''
>>> pos 30
id 30  pos  2070  spd     0  load  112  12.1 V  34 C  err 0x00
>>> pos 30
id 30  pos  2070  spd     0  load  112  12.1 V  34 C  err 0x00
>>> pos 30
id 30  pos  2070  spd     0  load  112  12.1 V  34 C  err 0x00
>>> pos 30
id 30  pos  2070  spd     0  load  112  12.1 V  34 C  err 0x00
>>> pos 30
id 30  pos  2070  spd     0  load  112  12.1 V  34 C  err 0x00
>>> pos 30
id 30  pos  2070  spd     0  load  112  12.1 V  34 C  err 0x00
>>> pos 30
id 30  pos  2070  spd     0  load  112  12.1 V  34 C  err 0x00
>>> pos 30
id 30  pos  2070  spd     0  load  112  12.1 V  34 C  err 0x00
>>> pos 30
id 30  pos  2070  spd     0  load  112  12.1 V  34 C  err 0x00
>>> pos 30
id 30  pos  2070  spd     0  load  112  12.1 V  34 C  err 0x00
>>> pos 30
id 30  pos  2070  spd     0  load  112  12.1 V  34 C  err 0x00
>>> pos 30
id 30  pos  2070  spd     0  load  112  12.1 V  34 C  err 0x00
>>> pos 30
id 30  pos  2070  spd     0  load  112  12.1 V  34 C  err 0x00
>>> pos 30
id 30  pos  2070  spd     0  load  112  12.1 V  34 C  err 0x00
>>> pos 30
id 30  pos  2070  spd     0  load  112  12.1 V  34 C  err 0x00
>>> pos 30
id 30  pos  2070  spd     0  load  112  12.1 V  34 C  err 0x00
>>> pos 30
id 30  pos  2070  spd     0  load  112  12.1 V  34 C  err 0x00
>>> pos 30
id 30  pos  2070  spd     0  load  112  12.1 V  34 C  err 0x00
>>> pos 30
id 30  pos  2070  spd     0  load  112  12.1 V  34 C  err 0x00
>>> pos 30
id 30  pos  2070  spd     0  load  112  12.1 V  34 C  err 0x00
>>> move 30 2080 0 100
move id 30 -> 2080 ticks, 0 ms, spd 100, acc 0: ok
>>> move 30 2057 0 100
move id 30 -> 2057 ticks, 0 ms, spd 100, acc 0: ok
>>> pos 30
id 30  pos  2092  spd     0  load  136  12.1 V  34 C  err 0x00
>>> pos 30
id 30  pos  2092  spd     0  load  168  11.8 V  34 C  err 0x00
>>> pos 30
id 30  pos  2092  spd     0  load  192  12.0 V  34 C  err 0x00
>>> pos 30
id 30  pos  2092  spd     0  load  216  12.0 V  34 C  err 0x00
>>> pos 30
id 30  pos  2092  spd     0  load  240  12.0 V  34 C  err 0x00
>>> pos 30
id 30  pos  2092  spd     0  load  272  11.9 V  34 C  err 0x00
>>> pos 30
id 30  pos  2092  spd     0  load  296  11.9 V  34 C  err 0x00
>>> pos 30
id 30  pos  2092  spd     0  load  288  11.9 V  34 C  err 0x00
>>> pos 30
id 30  pos  2092  spd     0  load  288  11.9 V  34 C  err 0x00
>>> pos 30
id 30  pos  2092  spd     0  load  288  11.9 V  34 C  err 0x00
>>> pos 30
id 30  pos  2092  spd     0  load  288  12.0 V  34 C  err 0x00
>>> pos 30
id 30  pos  2092  spd     0  load  288  11.9 V  34 C  err 0x00
>>> pos 30
id 30  pos  2092  spd     0  load  288  11.9 V  34 C  err 0x00
>>> pos 30
id 30  pos  2092  spd     0  load  288  11.9 V  34 C  err 0x00
>>> pos 30
id 30  pos  2092  spd     0  load  288  11.9 V  34 C  err 0x00
>>> pos 30
id 30  pos  2092  spd     0  load  288  12.0 V  34 C  err 0x00
>>> pos 30
id 30  pos  2092  spd     0  load  288  11.9 V  34 C  err 0x00
>>> pos 30
id 30  pos  2092  spd     0  load  288  11.9 V  34 C  err 0x00
>>> pos 30
id 30  pos  2092  spd     0  load  288  11.9 V  34 C  err 0x00
>>> pos 30
id 30  pos  2092  spd     0  load  288  11.9 V  34 C  err 0x00
>>> pos 30
id 30  pos  2092  spd     0  load  288  11.9 V  34 C  err 0x00
>>> pos 30
id 30  pos  2092  spd     0  load  288  11.9 V  34 C  err 0x00
>>> pos 30
id 30  pos  2092  spd     0  load  288  11.9 V  34 C  err 0x00
>>> pos 30
id 30  pos  2092  spd     0  load  288  11.9 V  34 C  err 0x00
>>> pos 30
id 30  pos  2092  spd     0  load  288  11.9 V  34 C  err 0x00
>>> pos 30
id 30  pos  2092  spd     0  load  288  11.9 V  34 C  err 0x00
>>> pos 30
id 30  pos  2092  spd     0  load  288  11.9 V  34 C  err 0x00
>>> pos 30
id 30  pos  2092  spd     0  load  288  11.9 V  34 C  err 0x00
>>> pos 30
id 30  pos  2092  spd     0  load  288  11.9 V  34 C  err 0x00
>>> pos 30
id 30  pos  2092  spd     0  load  288  11.9 V  34 C  err 0x00
>>> pos 30
id 30  pos  2092  spd     0  load  288  11.9 V  34 C  err 0x00
>>> pos 30
id 30  pos  2092  spd     0  load  288  11.9 V  34 C  err 0x00
>>> pos 30
id 30  pos  2092  spd     0  load  288  11.9 V  34 C  err 0x00
>>> pos 30
id 30  pos  2092  spd     0  load  288  11.9 V  35 C  err 0x00
>>> pos 30
id 30  pos  2092  spd     0  load  288  12.0 V  34 C  err 0x00
>>> pos 30
id 30  pos  2092  spd     0  load  288  11.9 V  34 C  err 0x00
>>> pos 30
id 30  pos  2092  spd     0  load  288  11.9 V  34 C  err 0x00
>>> pos 30
id 30  pos  2092  spd     0  load  288  11.9 V  34 C  err 0x00
>>> pos 30
id 30  pos  2092  spd     0  load  288  11.9 V  34 C  err 0x00
>>> pos 30
id 30  pos  2092  spd     0  load  288  11.9 V  34 C  err 0x00
>>> pos 30
id 30  pos  2092  spd     0  load  288  11.9 V  34 C  err 0x00
>>> pos 30
id 30  pos  2092  spd     0  load  288  11.9 V  34 C  err 0x00
>>> pos 30
id 30  pos  2092  spd     0  load  288  11.9 V  34 C  err 0x00
>>> pos 30
id 30  pos  2092  spd     0  load  288  12.0 V  34 C  err 0x00
>>> pos 30
id 30  pos  2092  spd     0  load  288  11.9 V  34 C  err 0x00
>>> pos 30
id 30  pos  2092  spd     0  load  288  11.9 V  34 C  err 0x00
>>> pos 30
id 30  pos  2092  spd     0  load  288  11.9 V  34 C  err 0x00
>>> pos 30
id 30  pos  2092  spd     0  load  288  11.9 V  34 C  err 0x00
>>> pos 30
id 30  pos  2092  spd     0  load  288  11.9 V  34 C  err 0x00
>>> pos 30
id 30  pos  2092  spd     0  load  288  11.9 V  34 C  err 0x00
>>> pos 30
id 30  pos  2092  spd     0  load  288  11.9 V  34 C  err 0x00
>>> pos 30
id 30  pos  2092  spd     0  load  288  11.9 V  34 C  err 0x00
>>> pos 30
id 30  pos  2092  spd     0  load  288  11.9 V  34 C  err 0x00
>>> pos 30
id 30  pos  2092  spd     0  load  288  11.9 V  34 C  err 0x00
>>> pos 30
id 30  pos  2092  spd     0  load  288  11.9 V  34 C  err 0x00
>>> pos 30
id 30  pos  2092  spd     0  load  288  12.0 V  34 C  err 0x00
>>> pos 30
id 30  pos  2092  spd     0  load  288  11.9 V  34 C  err 0x00
>>> pos 30
id 30  pos  2092  spd     0  load  288  11.9 V  34 C  err 0x00
>>> pos 30
id 30  pos  2092  spd     0  load  288  11.9 V  34 C  err 0x00
>>> pos 30
id 30  pos  2092  spd     0  load  288  11.9 V  34 C  err 0x00
>>> pos 30
id 30  pos  2092  spd     0  load  288  11.9 V  34 C  err 0x00
>>> pos 30
id 30  pos  2092  spd     0  load  288  11.9 V  34 C  err 0x00
>>> pos 30
id 30  pos  2092  spd     0  load  288  11.9 V  34 C  err 0x00
>>> pos 30
id 30  pos  2092  spd     0  load  288  11.9 V  34 C  err 0x00
>>> pos 30
id 30  pos  2092  spd     0  load  288  11.9 V  34 C  err 0x00
>>> pos 30
id 30  pos  2092  spd     0  load  288  11.9 V  34 C  err 0x00
>>> pos 30
id 30  pos  2092  spd     0  load  288  11.9 V  34 C  err 0x00
>>> pos 30
id 30  pos  2092  spd     0  load  288  11.9 V  34 C  err 0x00
>>> pos 30
id 30  pos  2092  spd     0  load  288  11.9 V  34 C  err 0x00
>>> pos 30
id 30  pos  2092  spd     0  load  288  11.9 V  34 C  err 0x00
>>> pos 30
id 30  pos  2092  spd     0  load  288  11.9 V  34 C  err 0x00
>>> pos 30
id 30  pos  2092  spd     0  load  288  11.9 V  34 C  err 0x00
>>> pos 30
id 30  pos  2092  spd     0  load  288  11.9 V  34 C  err 0x00
>>> pos 30
id 30  pos  2092  spd     0  load  288  11.9 V  34 C  err 0x00
>>> pos 30
id 30  pos  2092  spd     0  load  288  11.9 V  34 C  err 0x00
>>> pos 30
id 30  pos  2092  spd     0  load  288  12.0 V  34 C  err 0x00
>>> pos 30
id 30  pos  2092  spd     0  load  288  12.0 V  34 C  err 0x00
>>> pos 30
id 30  pos  2092  spd     0  load  288  11.9 V  34 C  err 0x00
>>> pos 30
id 30  pos  2092  spd     0  load  288  11.9 V  34 C  err 0x00
>>> pos 30
id 30  pos  2092  spd     0  load  288  11.9 V  34 C  err 0x00
>>> pos 30
id 30  pos  2092  spd     0  load  288  12.0 V  34 C  err 0x00
>>> pos 30
id 30  pos  2092  spd     0  load  288  11.9 V  34 C  err 0x00
>>> pos 30
id 30  pos  2092  spd     0  load  288  12.0 V  34 C  err 0x00
>>> pos 30
id 30  pos  2092  spd     0  load  288  11.9 V  34 C  err 0x00
>>> pos 30
id 30  pos  2092  spd     0  load  288  11.9 V  34 C  err 0x00
>>> pos 30
id 30  pos  2092  spd     0  load  288  11.9 V  34 C  err 0x00
>>> pos 30
id 30  pos  2092  spd     0  load  288  11.9 V  34 C  err 0x00
>>> pos 30
id 30  pos  2092  spd     0  load  288  12.0 V  34 C  err 0x00
>>> pos 30
id 30  pos  2092  spd     0  load  288  11.9 V  34 C  err 0x00
>>> pos 30
id 30  pos  2092  spd     0  load  288  11.9 V  34 C  err 0x00
>>> pos 30
id 30  pos  2092  spd     0  load  288  11.9 V  34 C  err 0x00
>>> move 30 2034 0 100
move id 30 -> 2034 ticks, 0 ms, spd 100, acc 0: ok
>>> move 30 2057 0 100
move id 30 -> 2057 ticks, 0 ms, spd 100, acc 0: ok
>>> pos 30
id 30  pos  2081  spd     0  load  360  11.9 V  34 C  err 0x00
>>> pos 30
id 30  pos  2081  spd     0  load  336  11.9 V  34 C  err 0x00
>>> pos 30
id 30  pos  2081  spd     0  load  304  11.9 V  34 C  err 0x00
>>> pos 30
id 30  pos  2081  spd     0  load  280  12.0 V  34 C  err 0x00
>>> pos 30
id 30  pos  2081  spd     0  load  256  11.9 V  34 C  err 0x00
>>> pos 30
id 30  pos  2081  spd     0  load  224  12.0 V  34 C  err 0x00
>>> pos 30
id 30  pos  2081  spd     0  load  200  12.0 V  34 C  err 0x00
>>> pos 30
id 30  pos  2081  spd     0  load  196  12.1 V  34 C  err 0x00
>>> pos 30
id 30  pos  2081  spd     0  load  200  12.1 V  34 C  err 0x00
>>> pos 30
id 30  pos  2081  spd     0  load  200  12.0 V  34 C  err 0x00
>>> pos 30
id 30  pos  2081  spd     0  load  200  12.0 V  34 C  err 0x00
>>> pos 30
id 30  pos  2081  spd     0  load  200  12.0 V  34 C  err 0x00
>>> pos 30
id 30  pos  2081  spd     0  load  200  12.0 V  34 C  err 0x00
>>> pos 30
id 30  pos  2081  spd     0  load  200  12.1 V  34 C  err 0x00
>>> pos 30
id 30  pos  2081  spd     0  load  200  12.1 V  34 C  err 0x00
>>> pos 30
id 30  pos  2081  spd     0  load  200  12.1 V  34 C  err 0x00
>>> pos 30
id 30  pos  2081  spd     0  load  200  12.0 V  34 C  err 0x00
>>> pos 30
id 30  pos  2081  spd     0  load  200  12.1 V  34 C  err 0x00
>>> pos 30
id 30  pos  2081  spd     0  load  200  12.1 V  34 C  err 0x00
>>> pos 30
id 30  pos  2081  spd     0  load  200  12.1 V  34 C  err 0x00
>>> pos 30
id 30  pos  2081  spd     0  load  200  12.0 V  34 C  err 0x00
>>> pos 30
id 30  pos  2081  spd     0  load  200  12.1 V  34 C  err 0x00
>>> pos 30
id 30  pos  2081  spd     0  load  200  12.0 V  34 C  err 0x00
>>> pos 30
id 30  pos  2081  spd     0  load  200  12.1 V  34 C  err 0x00
>>> pos 30
id 30  pos  2081  spd     0  load  200  12.0 V  34 C  err 0x00
>>> pos 30
id 30  pos  2081  spd     0  load  200  12.0 V  34 C  err 0x00
>>> pos 30
id 30  pos  2081  spd     0  load  200  12.0 V  34 C  err 0x00
>>> pos 30
id 30  pos  2081  spd     0  load  200  12.1 V  34 C  err 0x00
>>> pos 30
id 30  pos  2081  spd     0  load  200  12.1 V  34 C  err 0x00
>>> pos 30
id 30  pos  2081  spd     0  load  200  12.1 V  34 C  err 0x00
>>> pos 30
id 30  pos  2081  spd     0  load  200  12.0 V  34 C  err 0x00
>>> pos 30
id 30  pos  2081  spd     0  load  200  12.0 V  34 C  err 0x00
>>> pos 30
id 30  pos  2081  spd     0  load  200  12.0 V  34 C  err 0x00
>>> pos 30
id 30  pos  2081  spd     0  load  200  12.0 V  34 C  err 0x00
>>> pos 30
id 30  pos  2081  spd     0  load  200  12.1 V  34 C  err 0x00
>>> pos 30
id 30  pos  2081  spd     0  load  200  12.1 V  34 C  err 0x00
>>> pos 30
id 30  pos  2081  spd     0  load  200  12.0 V  34 C  err 0x00
>>> pos 30
id 30  pos  2081  spd     0  load  200  12.1 V  34 C  err 0x00
>>> pos 30
id 30  pos  2081  spd     0  load  200  12.0 V  34 C  err 0x00
>>> pos 30
id 30  pos  2081  spd     0  load  200  12.0 V  34 C  err 0x00
>>> pos 30
id 30  pos  2081  spd     0  load  200  12.0 V  34 C  err 0x00
>>> pos 30
id 30  pos  2081  spd     0  load  200  12.1 V  34 C  err 0x00
>>> pos 30
id 30  pos  2081  spd     0  load  200  12.0 V  34 C  err 0x00
>>> pos 30
id 30  pos  2081  spd     0  load  200  12.0 V  34 C  err 0x00
>>> pos 30
id 30  pos  2081  spd     0  load  200  12.0 V  34 C  err 0x00
>>> pos 30
id 30  pos  2081  spd     0  load  200  12.0 V  34 C  err 0x00
>>> pos 30
id 30  pos  2081  spd     0  load  200  12.1 V  34 C  err 0x00
>>> pos 30
id 30  pos  2081  spd     0  load  200  12.0 V  34 C  err 0x00
>>> pos 30
id 30  pos  2081  spd     0  load  200  12.0 V  34 C  err 0x00
>>> pos 30
id 30  pos  2081  spd     0  load  200  12.0 V  34 C  err 0x00
>>> pos 30
id 30  pos  2081  spd     0  load  200  12.0 V  34 C  err 0x00
>>> pos 30
id 30  pos  2081  spd     0  load  200  12.1 V  34 C  err 0x00
>>> pos 30
id 30  pos  2081  spd     0  load  200  12.1 V  34 C  err 0x00
>>> pos 30
id 30  pos  2081  spd     0  load  200  12.0 V  34 C  err 0x00
>>> pos 30
id 30  pos  2081  spd     0  load  200  12.0 V  34 C  err 0x00
>>> pos 30
id 30  pos  2081  spd     0  load  200  12.1 V  34 C  err 0x00
>>> pos 30
id 30  pos  2081  spd     0  load  200  12.1 V  34 C  err 0x00
>>> pos 30
id 30  pos  2081  spd     0  load  200  12.0 V  34 C  err 0x00
>>> pos 30
id 30  pos  2081  spd     0  load  200  12.1 V  34 C  err 0x00
>>> pos 30
id 30  pos  2081  spd     0  load  200  12.0 V  34 C  err 0x00
>>> pos 30
id 30  pos  2081  spd     0  load  200  12.0 V  34 C  err 0x00
>>> pos 30
id 30  pos  2081  spd     0  load  200  12.0 V  34 C  err 0x00
>>> pos 30
id 30  pos  2081  spd     0  load  200  12.1 V  34 C  err 0x00
>>> pos 30
id 30  pos  2081  spd     0  load  200  12.0 V  34 C  err 0x00
>>> pos 30
id 30  pos  2081  spd     0  load  200  12.0 V  34 C  err 0x00
>>> pos 30
id 30  pos  2081  spd     0  load  200  12.1 V  34 C  err 0x00
>>> pos 30
id 30  pos  2081  spd     0  load  200  12.1 V  34 C  err 0x00
>>> pos 30
id 30  pos  2081  spd     0  load  200  12.1 V  34 C  err 0x00
>>> pos 30
id 30  pos  2081  spd     0  load  200  12.1 V  34 C  err 0x00
>>> pos 30
id 30  pos  2081  spd     0  load  200  12.1 V  34 C  err 0x00
>>> pos 30
id 30  pos  2081  spd     0  load  200  12.0 V  34 C  err 0x00
>>> pos 30
id 30  pos  2081  spd     0  load  200  12.1 V  34 C  err 0x00
>>> pos 30
id 30  pos  2081  spd     0  load  200  12.0 V  34 C  err 0x00
>>> pos 30
id 30  pos  2081  spd     0  load  200  12.0 V  34 C  err 0x00
>>> pos 30
id 30  pos  2081  spd     0  load  200  12.1 V  34 C  err 0x00
>>> pos 30
id 30  pos  2081  spd     0  load  200  12.0 V  34 C  err 0x00
>>> pos 30
id 30  pos  2081  spd     0  load  200  12.1 V  34 C  err 0x00
>>> pos 30
id 30  pos  2081  spd     0  load  200  12.1 V  34 C  err 0x00
>>> pos 30
id 30  pos  2081  spd     0  load  200  12.0 V  34 C  err 0x00
>>> pos 30
id 30  pos  2081  spd     0  load  200  12.0 V  34 C  err 0x00
>>> pos 30
id 30  pos  2081  spd     0  load  200  12.1 V  34 C  err 0x00
>>> pos 30
id 30  pos  2081  spd     0  load  200  12.1 V  34 C  err 0x00
>>> pos 30
id 30  pos  2081  spd     0  load  200  12.0 V  34 C  err 0x00
>>> pos 30
id 30  pos  2081  spd     0  load  200  12.1 V  34 C  err 0x00
>>> pos 30
id 30  pos  2081  spd     0  load  200  12.1 V  34 C  err 0x00
>>> pos 30
id 30  pos  2081  spd     0  load  200  12.1 V  34 C  err 0x00
>>> pos 30
id 30  pos  2081  spd     0  load  200  12.1 V  34 C  err 0x00
>>> pos 30
id 30  pos  2081  spd     0  load  200  12.0 V  34 C  err 0x00
>>> pos 30
id 30  pos  2081  spd     0  load  200  12.1 V  34 C  err 0x00
>>> pos 30
id 30  pos  2081  spd     0  load  200  11.9 V  34 C  err 0x00
>>> pos 30
id 30  pos  2081  spd     0  load  200  12.1 V  34 C  err 0x00
  4 bottle(s): static +13.00 (load 112, range 0) | from above +35.00 (load 288, over 0, settle 0.0343) | from below +24.00 (load 200, over 0, settle 0.0342) | err 0

LIFT ALL bottles OFF; press enter when done
< ''
>>> pos 30
id 30  pos  2058  spd     0  load    0  12.1 V  35 C  err 0x00
>>> pos 30
id 30  pos  2058  spd     0  load    0  12.1 V  35 C  err 0x00
>>> pos 30
id 30  pos  2058  spd     0  load    0  12.1 V  35 C  err 0x00
>>> pos 30
id 30  pos  2058  spd     0  load    0  12.1 V  35 C  err 0x00
>>> pos 30
id 30  pos  2058  spd     0  load    0  12.1 V  35 C  err 0x00
>>> pos 30
id 30  pos  2058  spd     0  load    0  12.1 V  35 C  err 0x00
>>> pos 30
id 30  pos  2058  spd     0  load    0  12.1 V  35 C  err 0x00
>>> pos 30
id 30  pos  2058  spd     0  load    0  12.1 V  35 C  err 0x00
>>> pos 30
id 30  pos  2058  spd     0  load    0  12.1 V  35 C  err 0x00
>>> pos 30
id 30  pos  2058  spd     0  load    0  12.1 V  35 C  err 0x00
>>> pos 30
id 30  pos  2058  spd     0  load    0  12.1 V  35 C  err 0x00
>>> pos 30
id 30  pos  2058  spd     0  load    0  12.1 V  35 C  err 0x00
>>> pos 30
id 30  pos  2058  spd     0  load    0  12.1 V  35 C  err 0x00
>>> pos 30
id 30  pos  2058  spd     0  load    0  12.1 V  35 C  err 0x00
>>> pos 30
id 30  pos  2058  spd     0  load    0  12.1 V  35 C  err 0x00
>>> pos 30
id 30  pos  2058  spd     0  load    0  12.1 V  35 C  err 0x00
>>> pos 30
id 30  pos  2058  spd     0  load    0  12.1 V  35 C  err 0x00
>>> pos 30
id 30  pos  2058  spd     0  load    0  12.1 V  35 C  err 0x00
>>> pos 30
id 30  pos  2058  spd     0  load    0  12.1 V  35 C  err 0x00
>>> pos 30
id 30  pos  2058  spd     0  load    0  12.1 V  35 C  err 0x00
>>> move 30 2080 0 100
move id 30 -> 2080 ticks, 0 ms, spd 100, acc 0: ok
>>> move 30 2057 0 100
move id 30 -> 2057 ticks, 0 ms, spd 100, acc 0: ok
>>> pos 30
id 30  pos  2079  spd     0  load   24  12.1 V  35 C  err 0x00
>>> pos 30
id 30  pos  2078  spd   -50  load   56  12.1 V  35 C  err 0x00
>>> pos 30
id 30  pos  2075  spd   -50  load   44  12.1 V  35 C  err 0x00
>>> pos 30
id 30  pos  2071  spd  -100  load   40  12.1 V  35 C  err 0x00
>>> pos 30
id 30  pos  2068  spd  -150  load   40  12.1 V  35 C  err 0x00
>>> pos 30
id 30  pos  2065  spd  -100  load   48  12.1 V  35 C  err 0x00
>>> pos 30
id 30  pos  2062  spd  -100  load   52  12.1 V  35 C  err 0x00
>>> pos 30
id 30  pos  2059  spd  -100  load    0  12.1 V  35 C  err 0x00
>>> pos 30
id 30  pos  2059  spd     0  load   24  12.1 V  35 C  err 0x00
>>> pos 30
id 30  pos  2059  spd     0  load   24  12.1 V  35 C  err 0x00
>>> pos 30
id 30  pos  2059  spd     0  load   24  12.1 V  35 C  err 0x00
>>> pos 30
id 30  pos  2059  spd     0  load   24  12.1 V  35 C  err 0x00
>>> pos 30
id 30  pos  2059  spd     0  load   24  12.1 V  35 C  err 0x00
>>> pos 30
id 30  pos  2059  spd     0  load   24  12.1 V  35 C  err 0x00
>>> pos 30
id 30  pos  2059  spd     0  load   24  12.1 V  35 C  err 0x00
>>> pos 30
id 30  pos  2059  spd     0  load   24  12.1 V  35 C  err 0x00
>>> pos 30
id 30  pos  2059  spd     0  load   24  12.1 V  35 C  err 0x00
>>> pos 30
id 30  pos  2059  spd     0  load   24  12.1 V  35 C  err 0x00
>>> pos 30
id 30  pos  2059  spd     0  load   24  12.1 V  35 C  err 0x00
>>> pos 30
id 30  pos  2059  spd     0  load   24  12.1 V  35 C  err 0x00
>>> pos 30
id 30  pos  2059  spd     0  load   24  12.1 V  35 C  err 0x00
>>> pos 30
id 30  pos  2059  spd     0  load   24  12.1 V  35 C  err 0x00
>>> pos 30
id 30  pos  2059  spd     0  load   24  12.1 V  35 C  err 0x00
>>> pos 30
id 30  pos  2059  spd     0  load   24  12.1 V  35 C  err 0x00
>>> pos 30
id 30  pos  2059  spd     0  load   24  12.1 V  35 C  err 0x00
>>> pos 30
id 30  pos  2059  spd     0  load   24  12.1 V  35 C  err 0x00
>>> pos 30
id 30  pos  2059  spd     0  load   24  12.1 V  35 C  err 0x00
>>> pos 30
id 30  pos  2059  spd     0  load   24  12.1 V  35 C  err 0x00
>>> pos 30
id 30  pos  2059  spd     0  load   24  12.1 V  35 C  err 0x00
>>> pos 30
id 30  pos  2059  spd     0  load   24  12.1 V  35 C  err 0x00
>>> pos 30
id 30  pos  2059  spd     0  load   24  12.1 V  35 C  err 0x00
>>> pos 30
id 30  pos  2059  spd     0  load   24  12.1 V  35 C  err 0x00
>>> pos 30
id 30  pos  2059  spd     0  load   24  12.1 V  35 C  err 0x00
>>> pos 30
id 30  pos  2059  spd     0  load   24  12.1 V  35 C  err 0x00
>>> pos 30
id 30  pos  2059  spd     0  load   24  12.1 V  35 C  err 0x00
>>> pos 30
id 30  pos  2059  spd     0  load   24  12.1 V  35 C  err 0x00
>>> pos 30
id 30  pos  2059  spd     0  load   24  12.1 V  35 C  err 0x00
>>> pos 30
id 30  pos  2059  spd     0  load   24  12.1 V  35 C  err 0x00
>>> pos 30
id 30  pos  2059  spd     0  load   24  12.1 V  35 C  err 0x00
>>> pos 30
id 30  pos  2059  spd     0  load   24  12.1 V  35 C  err 0x00
>>> pos 30
id 30  pos  2059  spd     0  load   24  12.1 V  35 C  err 0x00
>>> pos 30
id 30  pos  2059  spd     0  load   24  12.1 V  35 C  err 0x00
>>> pos 30
id 30  pos  2059  spd     0  load   24  12.1 V  35 C  err 0x00
>>> pos 30
id 30  pos  2059  spd     0  load   24  12.1 V  35 C  err 0x00
>>> pos 30
id 30  pos  2059  spd     0  load   24  12.1 V  35 C  err 0x00
>>> pos 30
id 30  pos  2059  spd     0  load   24  12.1 V  35 C  err 0x00
>>> pos 30
id 30  pos  2059  spd     0  load   24  12.1 V  35 C  err 0x00
>>> pos 30
id 30  pos  2059  spd     0  load   24  12.1 V  35 C  err 0x00
>>> pos 30
id 30  pos  2059  spd     0  load   24  12.1 V  35 C  err 0x00
>>> pos 30
id 30  pos  2059  spd     0  load   24  12.1 V  35 C  err 0x00
>>> pos 30
id 30  pos  2059  spd     0  load   24  12.1 V  35 C  err 0x00
>>> pos 30
id 30  pos  2059  spd     0  load   24  12.1 V  35 C  err 0x00
>>> pos 30
id 30  pos  2059  spd     0  load   24  12.1 V  35 C  err 0x00
>>> pos 30
id 30  pos  2059  spd     0  load   24  12.1 V  35 C  err 0x00
>>> pos 30
id 30  pos  2059  spd     0  load   24  12.1 V  35 C  err 0x00
>>> pos 30
id 30  pos  2059  spd     0  load   24  12.1 V  35 C  err 0x00
>>> pos 30
id 30  pos  2059  spd     0  load   24  12.1 V  35 C  err 0x00
>>> pos 30
id 30  pos  2059  spd     0  load   24  12.1 V  35 C  err 0x00
>>> pos 30
id 30  pos  2059  spd     0  load   24  12.1 V  35 C  err 0x00
>>> pos 30
id 30  pos  2059  spd     0  load   24  12.1 V  35 C  err 0x00
>>> pos 30
id 30  pos  2059  spd     0  load   24  12.1 V  35 C  err 0x00
>>> pos 30
id 30  pos  2059  spd     0  load   24  12.1 V  35 C  err 0x00
>>> pos 30
id 30  pos  2059  spd     0  load   24  12.1 V  35 C  err 0x00
>>> pos 30
id 30  pos  2059  spd     0  load   24  12.1 V  35 C  err 0x00
>>> pos 30
id 30  pos  2059  spd     0  load   24  12.1 V  35 C  err 0x00
>>> pos 30
id 30  pos  2059  spd     0  load   24  12.1 V  35 C  err 0x00
>>> pos 30
id 30  pos  2059  spd     0  load   24  12.1 V  35 C  err 0x00
>>> pos 30
id 30  pos  2059  spd     0  load   24  12.1 V  35 C  err 0x00
>>> pos 30
id 30  pos  2059  spd     0  load   24  12.1 V  35 C  err 0x00
>>> pos 30
id 30  pos  2059  spd     0  load   24  12.1 V  35 C  err 0x00
>>> pos 30
id 30  pos  2059  spd     0  load   24  12.1 V  35 C  err 0x00
>>> pos 30
id 30  pos  2059  spd     0  load   24  12.1 V  35 C  err 0x00
>>> pos 30
id 30  pos  2059  spd     0  load   24  12.1 V  35 C  err 0x00
>>> pos 30
id 30  pos  2059  spd     0  load   24  12.1 V  35 C  err 0x00
>>> pos 30
id 30  pos  2059  spd     0  load   24  12.1 V  35 C  err 0x00
>>> pos 30
id 30  pos  2059  spd     0  load   24  12.1 V  35 C  err 0x00
>>> pos 30
id 30  pos  2059  spd     0  load   24  12.1 V  35 C  err 0x00
>>> pos 30
id 30  pos  2059  spd     0  load   24  12.1 V  35 C  err 0x00
>>> pos 30
id 30  pos  2059  spd     0  load   24  12.1 V  35 C  err 0x00
>>> pos 30
id 30  pos  2059  spd     0  load   24  12.1 V  35 C  err 0x00
>>> pos 30
id 30  pos  2059  spd     0  load   24  12.1 V  35 C  err 0x00
>>> pos 30
id 30  pos  2059  spd     0  load   24  12.1 V  35 C  err 0x00
>>> pos 30
id 30  pos  2059  spd     0  load   24  12.1 V  35 C  err 0x00
>>> pos 30
id 30  pos  2059  spd     0  load   24  12.1 V  35 C  err 0x00
>>> pos 30
id 30  pos  2059  spd     0  load   24  12.1 V  35 C  err 0x00
>>> pos 30
id 30  pos  2059  spd     0  load   24  12.1 V  35 C  err 0x00
>>> pos 30
id 30  pos  2059  spd     0  load   24  12.1 V  35 C  err 0x00
>>> pos 30
id 30  pos  2059  spd     0  load   24  12.1 V  35 C  err 0x00
>>> pos 30
id 30  pos  2059  spd     0  load   24  12.1 V  35 C  err 0x00
>>> pos 30
id 30  pos  2059  spd     0  load   24  12.1 V  35 C  err 0x00
>>> pos 30
id 30  pos  2059  spd     0  load   24  12.1 V  35 C  err 0x00
>>> move 30 2034 0 100
move id 30 -> 2034 ticks, 0 ms, spd 100, acc 0: ok
>>> move 30 2057 0 100
move id 30 -> 2057 ticks, 0 ms, spd 100, acc 0: ok
>>> pos 30
id 30  pos  2036  spd     0  load  -20  12.1 V  35 C  err 0x00
>>> pos 30
id 30  pos  2036  spd     0  load  -36  12.1 V  35 C  err 0x00
>>> pos 30
id 30  pos  2037  spd    50  load  -64  12.1 V  35 C  err 0x00
>>> pos 30
id 30  pos  2041  spd   100  load  -48  12.1 V  35 C  err 0x00
>>> pos 30
id 30  pos  2045  spd   100  load  -40  12.1 V  35 C  err 0x00
>>> pos 30
id 30  pos  2048  spd   100  load  -48  12.1 V  35 C  err 0x00
>>> pos 30
id 30  pos  2051  spd   100  load  -48  12.1 V  35 C  err 0x00
>>> pos 30
id 30  pos  2055  spd   100  load  -20  12.1 V  35 C  err 0x00
>>> pos 30
id 30  pos  2055  spd     0  load  -24  12.1 V  35 C  err 0x00
>>> pos 30
id 30  pos  2056  spd    50  load    0  12.1 V  35 C  err 0x00
>>> pos 30
id 30  pos  2056  spd     0  load    0  12.1 V  35 C  err 0x00
>>> pos 30
id 30  pos  2056  spd     0  load    0  12.1 V  35 C  err 0x00
>>> pos 30
id 30  pos  2056  spd     0  load    0  12.1 V  35 C  err 0x00
>>> pos 30
id 30  pos  2056  spd     0  load    0  12.1 V  35 C  err 0x00
>>> pos 30
id 30  pos  2056  spd     0  load    0  12.1 V  35 C  err 0x00
>>> pos 30
id 30  pos  2056  spd     0  load    0  12.1 V  35 C  err 0x00
>>> pos 30
id 30  pos  2056  spd     0  load    0  12.1 V  35 C  err 0x00
>>> pos 30
id 30  pos  2056  spd     0  load    0  12.1 V  35 C  err 0x00
>>> pos 30
id 30  pos  2056  spd     0  load    0  12.1 V  35 C  err 0x00
>>> pos 30
id 30  pos  2056  spd     0  load    0  12.1 V  35 C  err 0x00
>>> pos 30
id 30  pos  2056  spd     0  load    0  12.1 V  35 C  err 0x00
>>> pos 30
id 30  pos  2056  spd     0  load    0  12.1 V  35 C  err 0x00
>>> pos 30
id 30  pos  2056  spd     0  load    0  12.1 V  35 C  err 0x00
>>> pos 30
id 30  pos  2056  spd     0  load    0  12.1 V  34 C  err 0x00
>>> pos 30
id 30  pos  2056  spd     0  load    0  12.1 V  35 C  err 0x00
>>> pos 30
id 30  pos  2056  spd     0  load    0  12.1 V  35 C  err 0x00
>>> pos 30
id 30  pos  2056  spd     0  load    0  12.1 V  35 C  err 0x00
>>> pos 30
id 30  pos  2056  spd     0  load    0  12.1 V  35 C  err 0x00
>>> pos 30
id 30  pos  2056  spd     0  load    0  12.1 V  35 C  err 0x00
>>> pos 30
id 30  pos  2056  spd     0  load    0  12.1 V  35 C  err 0x00
>>> pos 30
id 30  pos  2056  spd     0  load    0  12.1 V  35 C  err 0x00
>>> pos 30
id 30  pos  2056  spd     0  load    0  12.1 V  35 C  err 0x00
>>> pos 30
id 30  pos  2056  spd     0  load    0  12.1 V  35 C  err 0x00
>>> pos 30
id 30  pos  2056  spd     0  load    0  12.1 V  35 C  err 0x00
>>> pos 30
id 30  pos  2056  spd     0  load    0  12.1 V  35 C  err 0x00
>>> pos 30
id 30  pos  2056  spd     0  load    0  12.1 V  35 C  err 0x00
>>> pos 30
id 30  pos  2056  spd     0  load    0  12.1 V  35 C  err 0x00
>>> pos 30
id 30  pos  2056  spd     0  load    0  12.1 V  35 C  err 0x00
>>> pos 30
id 30  pos  2056  spd     0  load    0  12.1 V  35 C  err 0x00
>>> pos 30
id 30  pos  2056  spd     0  load    0  12.1 V  35 C  err 0x00
>>> pos 30
id 30  pos  2056  spd     0  load    0  12.1 V  35 C  err 0x00
>>> pos 30
id 30  pos  2056  spd     0  load    0  12.1 V  35 C  err 0x00
>>> pos 30
id 30  pos  2056  spd     0  load    0  12.1 V  35 C  err 0x00
>>> pos 30
id 30  pos  2056  spd     0  load    0  12.1 V  35 C  err 0x00
>>> pos 30
id 30  pos  2056  spd     0  load    0  12.1 V  35 C  err 0x00
>>> pos 30
id 30  pos  2056  spd     0  load    0  12.1 V  35 C  err 0x00
>>> pos 30
id 30  pos  2056  spd     0  load    0  12.1 V  35 C  err 0x00
>>> pos 30
id 30  pos  2056  spd     0  load    0  12.1 V  35 C  err 0x00
>>> pos 30
id 30  pos  2056  spd     0  load    0  12.1 V  35 C  err 0x00
>>> pos 30
id 30  pos  2056  spd     0  load    0  12.1 V  35 C  err 0x00
>>> pos 30
id 30  pos  2056  spd     0  load    0  12.1 V  35 C  err 0x00
>>> pos 30
id 30  pos  2056  spd     0  load    0  12.1 V  35 C  err 0x00
>>> pos 30
id 30  pos  2056  spd     0  load    0  12.1 V  35 C  err 0x00
>>> pos 30
id 30  pos  2056  spd     0  load    0  12.1 V  35 C  err 0x00
>>> pos 30
id 30  pos  2056  spd     0  load    0  12.1 V  35 C  err 0x00
>>> pos 30
id 30  pos  2056  spd     0  load    0  12.1 V  35 C  err 0x00
>>> pos 30
id 30  pos  2056  spd     0  load    0  12.1 V  35 C  err 0x00
>>> pos 30
id 30  pos  2056  spd     0  load    0  12.1 V  35 C  err 0x00
>>> pos 30
id 30  pos  2056  spd     0  load    0  12.1 V  35 C  err 0x00
>>> pos 30
id 30  pos  2056  spd     0  load    0  12.1 V  35 C  err 0x00
>>> pos 30
id 30  pos  2056  spd     0  load    0  12.1 V  35 C  err 0x00
>>> pos 30
id 30  pos  2056  spd     0  load    0  12.1 V  35 C  err 0x00
>>> pos 30
id 30  pos  2056  spd     0  load    0  12.1 V  35 C  err 0x00
>>> pos 30
id 30  pos  2056  spd     0  load    0  12.1 V  35 C  err 0x00
>>> pos 30
id 30  pos  2056  spd     0  load    0  12.1 V  35 C  err 0x00
>>> pos 30
id 30  pos  2056  spd     0  load    0  12.1 V  35 C  err 0x00
>>> pos 30
id 30  pos  2056  spd     0  load    0  12.1 V  35 C  err 0x00
>>> pos 30
id 30  pos  2056  spd     0  load    0  12.1 V  35 C  err 0x00
>>> pos 30
id 30  pos  2056  spd     0  load    0  12.1 V  35 C  err 0x00
>>> pos 30
id 30  pos  2056  spd     0  load    0  12.1 V  35 C  err 0x00
>>> pos 30
id 30  pos  2056  spd     0  load    0  12.1 V  35 C  err 0x00
>>> pos 30
id 30  pos  2056  spd     0  load    0  12.1 V  35 C  err 0x00
>>> pos 30
id 30  pos  2056  spd     0  load    0  12.1 V  35 C  err 0x00
>>> pos 30
id 30  pos  2056  spd     0  load    0  12.1 V  35 C  err 0x00
>>> pos 30
id 30  pos  2056  spd     0  load    0  12.1 V  35 C  err 0x00
>>> pos 30
id 30  pos  2056  spd     0  load    0  12.1 V  35 C  err 0x00
>>> pos 30
id 30  pos  2056  spd     0  load    0  12.1 V  35 C  err 0x00
>>> pos 30
id 30  pos  2056  spd     0  load    0  12.1 V  35 C  err 0x00
>>> pos 30
id 30  pos  2056  spd     0  load    0  12.1 V  35 C  err 0x00
>>> pos 30
id 30  pos  2056  spd     0  load    0  12.1 V  35 C  err 0x00
>>> pos 30
id 30  pos  2056  spd     0  load    0  12.1 V  35 C  err 0x00
>>> pos 30
id 30  pos  2056  spd     0  load    0  12.1 V  35 C  err 0x00
>>> pos 30
id 30  pos  2056  spd     0  load    0  12.1 V  35 C  err 0x00
>>> pos 30
id 30  pos  2056  spd     0  load    0  12.1 V  35 C  err 0x00
>>> pos 30
id 30  pos  2056  spd     0  load    0  12.1 V  35 C  err 0x00
>>> pos 30
id 30  pos  2056  spd     0  load    0  12.1 V  35 C  err 0x00
>>> pos 30
id 30  pos  2056  spd     0  load    0  12.1 V  35 C  err 0x00
>>> pos 30
id 30  pos  2056  spd     0  load    0  12.1 V  35 C  err 0x00
>>> pos 30
id 30  pos  2056  spd     0  load    0  12.1 V  35 C  err 0x00
>>> pos 30
id 30  pos  2056  spd     0  load    0  12.1 V  35 C  err 0x00
>>> pos 30
id 30  pos  2056  spd     0  load    0  12.1 V  35 C  err 0x00
  0 bottle(s): static +1.00 (load 0, range 0) | from above +2.00 (load 24, over 0, settle 0.2651) | from below -1.00 (load 0, over 0, settle 0.265) | err 0
>>> release 30
release 30: ok
>>> pos 30
id 30  pos  2056  spd     0  load    0  12.1 V  35 C  err 0x00
  released level, bare: pos 2056

== P 128 D 128
>>> release 30
release 30: ok
>>> gains 30 128 128
id 30: writing P 128 D 128 to EEPROM (torque must be OFF; no goal is written) ...
id 30: FAILED (write-failed) -- EEPROM re-lock attempted; `gains 30` to see what the servo holds
>>> gains 30
id 30  P 128  D 128  I 0   expected (no row in servo_gains.h)
>>> reg 30 55 1
id 30 reg 55 = 1 (0x01)
# gains 128/128 FAILED (attempt 1); read back P 128 D 128, lock 1
  gains 128/128: landed, ack lost

NEXT MOTION: P 128: torque on, hold straight out (2057), and run the +-2 deg probes (4 short moves) at EVERY load state of this P
  type go:
< 'go'
>>> pos 30
id 30  pos  2056  spd     0  load    0  12.1 V  35 C  err 0x00
>>> torque 30
torque 30: ok
>>> pos 30
id 30  pos  2056  spd     0  load    0  12.1 V  35 C  err 0x00
>>> move 30 2057 0 100
move id 30 -> 2057 ticks, 0 ms, spd 100, acc 0: ok
>>> pos 30
id 30  pos  2056  spd     0  load    0  12.1 V  35 C  err 0x00
>>> pos 30
id 30  pos  2056  spd     0  load    0  12.1 V  35 C  err 0x00
>>> pos 30
id 30  pos  2056  spd     0  load    0  12.1 V  35 C  err 0x00
>>> pos 30
id 30  pos  2056  spd     0  load    0  12.1 V  35 C  err 0x00
>>> pos 30
id 30  pos  2056  spd     0  load    0  12.1 V  35 C  err 0x00
>>> pos 30
id 30  pos  2056  spd     0  load    0  12.1 V  35 C  err 0x00
>>> pos 30
id 30  pos  2056  spd     0  load    0  12.1 V  35 C  err 0x00
>>> pos 30
id 30  pos  2056  spd     0  load    0  12.1 V  35 C  err 0x00
>>> pos 30
id 30  pos  2056  spd     0  load    0  12.1 V  35 C  err 0x00
>>> pos 30
id 30  pos  2056  spd     0  load    0  12.1 V  35 C  err 0x00
>>> pos 30
id 30  pos  2056  spd     0  load    0  12.1 V  35 C  err 0x00
>>> pos 30
id 30  pos  2056  spd     0  load    0  12.1 V  35 C  err 0x00
>>> pos 30
id 30  pos  2056  spd     0  load    0  12.1 V  35 C  err 0x00
>>> pos 30
id 30  pos  2056  spd     0  load    0  12.1 V  35 C  err 0x00
>>> pos 30
id 30  pos  2056  spd     0  load    0  12.1 V  35 C  err 0x00
>>> pos 30
id 30  pos  2056  spd     0  load    0  12.1 V  35 C  err 0x00
>>> pos 30
id 30  pos  2056  spd     0  load    0  12.1 V  35 C  err 0x00
>>> pos 30
id 30  pos  2056  spd     0  load    0  12.1 V  35 C  err 0x00
>>> pos 30
id 30  pos  2056  spd     0  load    0  12.1 V  35 C  err 0x00
>>> pos 30
id 30  pos  2056  spd     0  load    0  12.1 V  35 C  err 0x00
>>> move 30 2080 0 100
move id 30 -> 2080 ticks, 0 ms, spd 100, acc 0: ok
>>> move 30 2057 0 100
move id 30 -> 2057 ticks, 0 ms, spd 100, acc 0: ok
>>> pos 30
id 30  pos  2080  spd     0  load   80  12.1 V  35 C  err 0x00
>>> pos 30
id 30  pos  2074  spd  -200  load  -48  12.1 V  35 C  err 0x00
>>> pos 30
id 30  pos  2074  spd   -50  load  144  12.1 V  36 C  err 0x00
>>> pos 30
id 30  pos  2068  spd  -250  load  -48  12.1 V  35 C  err 0x00
>>> pos 30
id 30  pos  2066  spd     0  load   80  12.1 V  36 C  err 0x00
>>> pos 30
id 30  pos  2062  spd  -250  load   48  12.1 V  35 C  err 0x00
>>> pos 30
id 30  pos  2059  spd   -50  load   80  12.1 V  35 C  err 0x00
>>> pos 30
id 30  pos  2056  spd   -50  load    0  12.1 V  36 C  err 0x00
>>> pos 30
id 30  pos  2056  spd     0  load    0  12.1 V  35 C  err 0x00
>>> pos 30
id 30  pos  2056  spd     0  load    0  12.1 V  35 C  err 0x00
>>> pos 30
id 30  pos  2056  spd     0  load    0  12.1 V  35 C  err 0x00
>>> pos 30
id 30  pos  2056  spd     0  load    0  12.1 V  36 C  err 0x00
>>> pos 30
id 30  pos  2056  spd     0  load    0  12.1 V  35 C  err 0x00
>>> pos 30
id 30  pos  2056  spd     0  load    0  12.1 V  35 C  err 0x00
>>> pos 30
id 30  pos  2056  spd     0  load    0  12.1 V  35 C  err 0x00
>>> pos 30
id 30  pos  2056  spd     0  load    0  12.1 V  36 C  err 0x00
>>> pos 30
id 30  pos  2056  spd     0  load    0  12.1 V  35 C  err 0x00
>>> pos 30
id 30  pos  2056  spd     0  load    0  12.1 V  35 C  err 0x00
>>> pos 30
id 30  pos  2056  spd     0  load    0  12.1 V  35 C  err 0x00
>>> pos 30
id 30  pos  2056  spd     0  load    0  12.1 V  35 C  err 0x00
>>> pos 30
id 30  pos  2056  spd     0  load    0  12.1 V  35 C  err 0x00
>>> pos 30
id 30  pos  2056  spd     0  load    0  12.1 V  35 C  err 0x00
>>> pos 30
id 30  pos  2056  spd     0  load    0  12.1 V  35 C  err 0x00
>>> pos 30
id 30  pos  2056  spd     0  load    0  12.1 V  35 C  err 0x00
>>> pos 30
id 30  pos  2056  spd     0  load    0  12.1 V  35 C  err 0x00
>>> pos 30
id 30  pos  2056  spd     0  load    0  12.1 V  35 C  err 0x00
>>> pos 30
id 30  pos  2056  spd     0  load    0  12.1 V  35 C  err 0x00
>>> pos 30
id 30  pos  2056  spd     0  load    0  12.1 V  35 C  err 0x00
>>> pos 30
id 30  pos  2056  spd     0  load    0  12.1 V  35 C  err 0x00
>>> pos 30
id 30  pos  2056  spd     0  load    0  12.1 V  35 C  err 0x00
>>> pos 30
id 30  pos  2056  spd     0  load    0  12.1 V  36 C  err 0x00
>>> pos 30
id 30  pos  2056  spd     0  load    0  12.1 V  35 C  err 0x00
>>> pos 30
id 30  pos  2056  spd     0  load    0  12.1 V  36 C  err 0x00
>>> pos 30
id 30  pos  2056  spd     0  load    0  12.1 V  35 C  err 0x00
>>> pos 30
id 30  pos  2056  spd     0  load    0  12.1 V  35 C  err 0x00
>>> pos 30
id 30  pos  2056  spd     0  load    0  12.1 V  35 C  err 0x00
>>> pos 30
id 30  pos  2056  spd     0  load    0  12.1 V  36 C  err 0x00
>>> pos 30
id 30  pos  2056  spd     0  load    0  12.1 V  35 C  err 0x00
>>> pos 30
id 30  pos  2056  spd     0  load    0  12.1 V  35 C  err 0x00
>>> pos 30
id 30  pos  2056  spd     0  load    0  12.1 V  35 C  err 0x00
>>> pos 30
id 30  pos  2056  spd     0  load    0  12.1 V  35 C  err 0x00
>>> pos 30
id 30  pos  2056  spd     0  load    0  12.1 V  35 C  err 0x00
>>> pos 30
id 30  pos  2056  spd     0  load    0  12.1 V  35 C  err 0x00
>>> pos 30
id 30  pos  2056  spd     0  load    0  12.1 V  35 C  err 0x00
>>> pos 30
id 30  pos  2056  spd     0  load    0  12.1 V  35 C  err 0x00
>>> pos 30
id 30  pos  2056  spd     0  load    0  12.1 V  36 C  err 0x00
>>> pos 30
id 30  pos  2056  spd     0  load    0  12.1 V  35 C  err 0x00
>>> pos 30
id 30  pos  2056  spd     0  load    0  12.1 V  35 C  err 0x00
>>> pos 30
id 30  pos  2056  spd     0  load    0  12.1 V  35 C  err 0x00
>>> pos 30
id 30  pos  2056  spd     0  load    0  12.1 V  36 C  err 0x00
>>> pos 30
id 30  pos  2056  spd     0  load    0  12.1 V  35 C  err 0x00
>>> pos 30
id 30  pos  2056  spd     0  load    0  12.1 V  35 C  err 0x00
>>> pos 30
id 30  pos  2056  spd     0  load    0  12.1 V  35 C  err 0x00
>>> pos 30
id 30  pos  2056  spd     0  load    0  12.1 V  35 C  err 0x00
>>> pos 30
id 30  pos  2056  spd     0  load    0  12.1 V  35 C  err 0x00
>>> pos 30
id 30  pos  2056  spd     0  load    0  12.1 V  35 C  err 0x00
>>> pos 30
id 30  pos  2056  spd     0  load    0  12.1 V  35 C  err 0x00
>>> pos 30
id 30  pos  2056  spd     0  load    0  12.1 V  35 C  err 0x00
>>> pos 30
id 30  pos  2056  spd     0  load    0  12.1 V  35 C  err 0x00
>>> pos 30
id 30  pos  2056  spd     0  load    0  12.1 V  35 C  err 0x00
>>> pos 30
id 30  pos  2056  spd     0  load    0  12.1 V  35 C  err 0x00
>>> pos 30
id 30  pos  2056  spd     0  load    0  12.1 V  35 C  err 0x00
>>> pos 30
id 30  pos  2056  spd     0  load    0  12.1 V  35 C  err 0x00
>>> pos 30
id 30  pos  2056  spd     0  load    0  12.1 V  35 C  err 0x00
>>> pos 30
id 30  pos  2056  spd     0  load    0  12.1 V  35 C  err 0x00
>>> pos 30
id 30  pos  2056  spd     0  load    0  12.1 V  35 C  err 0x00
>>> pos 30
id 30  pos  2056  spd     0  load    0  12.1 V  35 C  err 0x00
>>> pos 30
id 30  pos  2056  spd     0  load    0  12.1 V  35 C  err 0x00
>>> pos 30
id 30  pos  2056  spd     0  load    0  12.1 V  36 C  err 0x00
>>> pos 30
id 30  pos  2056  spd     0  load    0  12.1 V  35 C  err 0x00
>>> pos 30
id 30  pos  2056  spd     0  load    0  12.1 V  35 C  err 0x00
>>> pos 30
id 30  pos  2056  spd     0  load    0  12.1 V  36 C  err 0x00
>>> pos 30
id 30  pos  2056  spd     0  load    0  12.1 V  35 C  err 0x00
>>> pos 30
id 30  pos  2056  spd     0  load    0  12.1 V  35 C  err 0x00
>>> pos 30
id 30  pos  2056  spd     0  load    0  12.1 V  35 C  err 0x00
>>> pos 30
id 30  pos  2056  spd     0  load    0  12.1 V  35 C  err 0x00
>>> pos 30
id 30  pos  2056  spd     0  load    0  12.1 V  35 C  err 0x00
>>> pos 30
id 30  pos  2056  spd     0  load    0  12.1 V  35 C  err 0x00
>>> pos 30
id 30  pos  2056  spd     0  load    0  12.1 V  35 C  err 0x00
>>> pos 30
id 30  pos  2056  spd     0  load    0  12.1 V  35 C  err 0x00
>>> pos 30
id 30  pos  2056  spd     0  load    0  12.1 V  36 C  err 0x00
>>> pos 30
id 30  pos  2056  spd     0  load    0  12.1 V  35 C  err 0x00
>>> pos 30
id 30  pos  2056  spd     0  load    0  12.1 V  35 C  err 0x00
>>> pos 30
id 30  pos  2056  spd     0  load    0  12.1 V  35 C  err 0x00
>>> pos 30
id 30  pos  2056  spd     0  load    0  12.1 V  35 C  err 0x00
>>> pos 30
id 30  pos  2056  spd     0  load    0  12.1 V  35 C  err 0x00
>>> pos 30
id 30  pos  2056  spd     0  load    0  12.1 V  35 C  err 0x00
>>> pos 30
id 30  pos  2056  spd     0  load    0  12.1 V  35 C  err 0x00
>>> pos 30
id 30  pos  2056  spd     0  load    0  12.1 V  35 C  err 0x00
>>> pos 30
id 30  pos  2056  spd     0  load    0  12.1 V  35 C  err 0x00
>>> pos 30
id 30  pos  2056  spd     0  load    0  12.1 V  35 C  err 0x00
>>> move 30 2034 0 100
move id 30 -> 2034 ticks, 0 ms, spd 100, acc 0: ok
>>> move 30 2057 0 100
move id 30 -> 2057 ticks, 0 ms, spd 100, acc 0: ok
>>> pos 30
id 30  pos  2034  spd     0  load  -48  12.1 V  35 C  err 0x00
>>> pos 30
id 30  pos  2038  spd    50  load   48  12.1 V  35 C  err 0x00
>>> pos 30
id 30  pos  2040  spd    50  load  -80  12.1 V  35 C  err 0x00
>>> pos 30
id 30  pos  2046  spd   250  load   48  12.1 V  35 C  err 0x00
>>> pos 30
id 30  pos  2047  spd     0  load  -80  12.1 V  36 C  err 0x00
>>> pos 30
id 30  pos  2052  spd   200  load   48  12.1 V  35 C  err 0x00
>>> pos 30
id 30  pos  2053  spd    50  load -112  12.1 V  35 C  err 0x00
>>> pos 30
id 30  pos  2058  spd   200  load    0  12.1 V  36 C  err 0x00
>>> pos 30
id 30  pos  2058  spd     0  load    0  12.1 V  35 C  err 0x00
>>> pos 30
id 30  pos  2058  spd     0  load    0  12.1 V  35 C  err 0x00
>>> pos 30
id 30  pos  2058  spd     0  load    0  12.1 V  35 C  err 0x00
>>> pos 30
id 30  pos  2058  spd     0  load    0  12.1 V  35 C  err 0x00
>>> pos 30
id 30  pos  2058  spd     0  load    0  12.1 V  35 C  err 0x00
>>> pos 30
id 30  pos  2058  spd     0  load    0  12.1 V  35 C  err 0x00
>>> pos 30
id 30  pos  2058  spd     0  load    0  12.1 V  35 C  err 0x00
>>> pos 30
id 30  pos  2058  spd     0  load    0  12.1 V  35 C  err 0x00
>>> pos 30
id 30  pos  2058  spd     0  load    0  12.1 V  36 C  err 0x00
>>> pos 30
id 30  pos  2058  spd     0  load    0  12.1 V  36 C  err 0x00
>>> pos 30
id 30  pos  2058  spd     0  load    0  12.1 V  35 C  err 0x00
>>> pos 30
id 30  pos  2058  spd     0  load    0  12.1 V  35 C  err 0x00
>>> pos 30
id 30  pos  2058  spd     0  load    0  12.1 V  35 C  err 0x00
>>> pos 30
id 30  pos  2058  spd     0  load    0  12.1 V  35 C  err 0x00
>>> pos 30
id 30  pos  2058  spd     0  load    0  12.1 V  35 C  err 0x00
>>> pos 30
id 30  pos  2058  spd     0  load    0  12.1 V  35 C  err 0x00
>>> pos 30
id 30  pos  2058  spd     0  load    0  12.1 V  36 C  err 0x00
>>> pos 30
id 30  pos  2058  spd     0  load    0  12.1 V  35 C  err 0x00
>>> pos 30
id 30  pos  2058  spd     0  load    0  12.1 V  35 C  err 0x00
>>> pos 30
id 30  pos  2058  spd     0  load    0  12.1 V  35 C  err 0x00
>>> pos 30
id 30  pos  2058  spd     0  load    0  12.1 V  36 C  err 0x00
>>> pos 30
id 30  pos  2058  spd     0  load    0  12.1 V  35 C  err 0x00
>>> pos 30
id 30  pos  2058  spd     0  load    0  12.1 V  35 C  err 0x00
>>> pos 30
id 30  pos  2058  spd     0  load    0  12.1 V  35 C  err 0x00
>>> pos 30
id 30  pos  2058  spd     0  load    0  12.1 V  35 C  err 0x00
>>> pos 30
id 30  pos  2058  spd     0  load    0  12.1 V  36 C  err 0x00
>>> pos 30
id 30  pos  2058  spd     0  load    0  12.1 V  35 C  err 0x00
>>> pos 30
id 30  pos  2058  spd     0  load    0  12.1 V  35 C  err 0x00
>>> pos 30
id 30  pos  2058  spd     0  load    0  12.1 V  35 C  err 0x00
>>> pos 30
id 30  pos  2058  spd     0  load    0  12.1 V  35 C  err 0x00
>>> pos 30
id 30  pos  2058  spd     0  load    0  12.1 V  35 C  err 0x00
>>> pos 30
id 30  pos  2058  spd     0  load    0  12.1 V  35 C  err 0x00
>>> pos 30
id 30  pos  2058  spd     0  load    0  12.1 V  35 C  err 0x00
>>> pos 30
id 30  pos  2058  spd     0  load    0  12.1 V  36 C  err 0x00
>>> pos 30
id 30  pos  2058  spd     0  load    0  12.1 V  35 C  err 0x00
>>> pos 30
id 30  pos  2058  spd     0  load    0  12.1 V  35 C  err 0x00
>>> pos 30
id 30  pos  2058  spd     0  load    0  12.1 V  35 C  err 0x00
>>> pos 30
id 30  pos  2058  spd     0  load    0  12.1 V  35 C  err 0x00
>>> pos 30
id 30  pos  2058  spd     0  load    0  12.1 V  35 C  err 0x00
>>> pos 30
id 30  pos  2058  spd     0  load    0  12.1 V  35 C  err 0x00
>>> pos 30
id 30  pos  2058  spd     0  load    0  12.1 V  35 C  err 0x00
>>> pos 30
id 30  pos  2058  spd     0  load    0  12.1 V  35 C  err 0x00
>>> pos 30
id 30  pos  2058  spd     0  load    0  12.1 V  36 C  err 0x00
>>> pos 30
id 30  pos  2058  spd     0  load    0  12.1 V  36 C  err 0x00
>>> pos 30
id 30  pos  2058  spd     0  load    0  12.1 V  35 C  err 0x00
>>> pos 30
id 30  pos  2058  spd     0  load    0  12.1 V  35 C  err 0x00
>>> pos 30
id 30  pos  2058  spd     0  load    0  12.1 V  35 C  err 0x00
>>> pos 30
id 30  pos  2058  spd     0  load    0  12.1 V  35 C  err 0x00
>>> pos 30
id 30  pos  2058  spd     0  load    0  12.1 V  35 C  err 0x00
>>> pos 30
id 30  pos  2058  spd     0  load    0  12.1 V  36 C  err 0x00
>>> pos 30
id 30  pos  2058  spd     0  load    0  12.1 V  35 C  err 0x00
>>> pos 30
id 30  pos  2058  spd     0  load    0  12.1 V  36 C  err 0x00
>>> pos 30
id 30  pos  2058  spd     0  load    0  12.1 V  35 C  err 0x00
>>> pos 30
id 30  pos  2058  spd     0  load    0  12.1 V  35 C  err 0x00
>>> pos 30
id 30  pos  2058  spd     0  load    0  12.1 V  35 C  err 0x00
>>> pos 30
id 30  pos  2058  spd     0  load    0  12.1 V  35 C  err 0x00
>>> pos 30
id 30  pos  2058  spd     0  load    0  12.1 V  35 C  err 0x00
>>> pos 30
id 30  pos  2058  spd     0  load    0  12.1 V  36 C  err 0x00
>>> pos 30
id 30  pos  2058  spd     0  load    0  12.1 V  35 C  err 0x00
>>> pos 30
id 30  pos  2058  spd     0  load    0  12.1 V  35 C  err 0x00
>>> pos 30
id 30  pos  2058  spd     0  load    0  12.1 V  35 C  err 0x00
>>> pos 30
id 30  pos  2058  spd     0  load    0  12.1 V  36 C  err 0x00
>>> pos 30
id 30  pos  2058  spd     0  load    0  12.1 V  35 C  err 0x00
>>> pos 30
id 30  pos  2058  spd     0  load    0  12.1 V  35 C  err 0x00
>>> pos 30
id 30  pos  2058  spd     0  load    0  12.1 V  35 C  err 0x00
>>> pos 30
id 30  pos  2058  spd     0  load    0  12.1 V  35 C  err 0x00
>>> pos 30
id 30  pos  2058  spd     0  load    0  12.1 V  35 C  err 0x00
>>> pos 30
id 30  pos  2058  spd     0  load    0  12.1 V  36 C  err 0x00
>>> pos 30
id 30  pos  2058  spd     0  load    0  12.1 V  35 C  err 0x00
>>> pos 30
id 30  pos  2058  spd     0  load    0  12.1 V  36 C  err 0x00
>>> pos 30
id 30  pos  2058  spd     0  load    0  12.1 V  35 C  err 0x00
>>> pos 30
id 30  pos  2058  spd     0  load    0  12.1 V  36 C  err 0x00
>>> pos 30
id 30  pos  2058  spd     0  load    0  12.1 V  35 C  err 0x00
>>> pos 30
id 30  pos  2058  spd     0  load    0  12.1 V  35 C  err 0x00
>>> pos 30
id 30  pos  2058  spd     0  load    0  12.1 V  35 C  err 0x00
>>> pos 30
id 30  pos  2058  spd     0  load    0  12.1 V  35 C  err 0x00
>>> pos 30
id 30  pos  2058  spd     0  load    0  12.1 V  35 C  err 0x00
>>> pos 30
id 30  pos  2058  spd     0  load    0  12.1 V  35 C  err 0x00
>>> pos 30
id 30  pos  2058  spd     0  load    0  12.1 V  35 C  err 0x00
>>> pos 30
id 30  pos  2058  spd     0  load    0  12.1 V  35 C  err 0x00
>>> pos 30
id 30  pos  2058  spd     0  load    0  12.1 V  35 C  err 0x00
>>> pos 30
id 30  pos  2058  spd     0  load    0  12.1 V  35 C  err 0x00
>>> pos 30
id 30  pos  2058  spd     0  load    0  12.1 V  35 C  err 0x00
  0 bottle(s): static -1.00 (load 0, range 0) | from above -1.00 (load 0, over 0, settle 0.2652) | from below +1.00 (load 0, over 0, settle 0.2652) | err 0

HANG bottle #1 (total 1); press enter when done
< ''
>>> pos 30
id 30  pos  2059  spd     0  load   48  12.1 V  36 C  err 0x00
>>> pos 30
id 30  pos  2059  spd     0  load   48  12.1 V  36 C  err 0x00
>>> pos 30
id 30  pos  2059  spd     0  load   48  12.1 V  36 C  err 0x00
>>> pos 30
id 30  pos  2059  spd     0  load   48  12.1 V  36 C  err 0x00
>>> pos 30
id 30  pos  2059  spd     0  load   48  12.1 V  36 C  err 0x00
>>> pos 30
id 30  pos  2059  spd     0  load   48  12.1 V  36 C  err 0x00
>>> pos 30
id 30  pos  2059  spd     0  load   48  12.1 V  36 C  err 0x00
>>> pos 30
id 30  pos  2059  spd     0  load   48  12.1 V  36 C  err 0x00
>>> pos 30
id 30  pos  2059  spd     0  load   48  12.1 V  35 C  err 0x00
>>> pos 30
id 30  pos  2059  spd     0  load   48  12.1 V  36 C  err 0x00
>>> pos 30
id 30  pos  2059  spd     0  load   48  12.1 V  36 C  err 0x00
>>> pos 30
id 30  pos  2059  spd     0  load   48  12.1 V  36 C  err 0x00
>>> pos 30
id 30  pos  2059  spd     0  load   48  12.1 V  35 C  err 0x00
>>> pos 30
id 30  pos  2059  spd     0  load   48  12.1 V  35 C  err 0x00
>>> pos 30
id 30  pos  2059  spd     0  load   48  12.1 V  35 C  err 0x00
>>> pos 30
id 30  pos  2059  spd     0  load   48  12.1 V  36 C  err 0x00
>>> pos 30
id 30  pos  2059  spd     0  load   48  12.1 V  35 C  err 0x00
>>> pos 30
id 30  pos  2059  spd     0  load   48  12.1 V  36 C  err 0x00
>>> pos 30
id 30  pos  2059  spd     0  load   48  12.1 V  35 C  err 0x00
>>> pos 30
id 30  pos  2059  spd     0  load   48  12.1 V  36 C  err 0x00
>>> move 30 2080 0 100
move id 30 -> 2080 ticks, 0 ms, spd 100, acc 0: ok
>>> move 30 2057 0 100
move id 30 -> 2057 ticks, 0 ms, spd 100, acc 0: ok
>>> pos 30
id 30  pos  2082  spd     0  load  176  12.1 V  36 C  err 0x00
>>> pos 30
id 30  pos  2077  spd  -200  load   96  12.1 V  36 C  err 0x00
>>> pos 30
id 30  pos  2074  spd   -50  load  112  12.1 V  36 C  err 0x00
>>> pos 30
id 30  pos  2072  spd   -50  load  144  12.1 V  36 C  err 0x00
>>> pos 30
id 30  pos  2068  spd  -100  load  112  12.1 V  36 C  err 0x00
>>> pos 30
id 30  pos  2065  spd  -100  load  160  12.1 V  36 C  err 0x00
>>> pos 30
id 30  pos  2062  spd  -100  load  144  12.1 V  36 C  err 0x00
>>> pos 30
id 30  pos  2059  spd  -100  load  -32  12.1 V  36 C  err 0x00
>>> pos 30
id 30  pos  2061  spd    50  load  128  12.1 V  36 C  err 0x00
>>> pos 30
id 30  pos  2060  spd     0  load   64  12.1 V  35 C  err 0x00
>>> pos 30
id 30  pos  2059  spd   -50  load   32  12.1 V  36 C  err 0x00
>>> pos 30
id 30  pos  2059  spd     0  load   48  12.1 V  36 C  err 0x00
>>> pos 30
id 30  pos  2059  spd     0  load   48  12.1 V  36 C  err 0x00
>>> pos 30
id 30  pos  2059  spd     0  load   48  12.1 V  36 C  err 0x00
>>> pos 30
id 30  pos  2059  spd     0  load   48  12.1 V  36 C  err 0x00
>>> pos 30
id 30  pos  2059  spd     0  load   48  12.1 V  36 C  err 0x00
>>> pos 30
id 30  pos  2059  spd     0  load   48  12.1 V  36 C  err 0x00
>>> pos 30
id 30  pos  2059  spd     0  load   48  12.1 V  35 C  err 0x00
>>> pos 30
id 30  pos  2059  spd     0  load   48  12.1 V  36 C  err 0x00
>>> pos 30
id 30  pos  2059  spd     0  load   48  12.1 V  36 C  err 0x00
>>> pos 30
id 30  pos  2059  spd     0  load   48  12.1 V  36 C  err 0x00
>>> pos 30
id 30  pos  2059  spd     0  load   48  12.1 V  36 C  err 0x00
>>> pos 30
id 30  pos  2059  spd     0  load   48  12.1 V  36 C  err 0x00
>>> pos 30
id 30  pos  2059  spd     0  load   48  12.1 V  36 C  err 0x00
>>> pos 30
id 30  pos  2059  spd     0  load   48  12.1 V  36 C  err 0x00
>>> pos 30
id 30  pos  2059  spd     0  load   48  12.1 V  36 C  err 0x00
>>> pos 30
id 30  pos  2059  spd     0  load   48  12.1 V  36 C  err 0x00
>>> pos 30
id 30  pos  2059  spd     0  load   48  12.1 V  36 C  err 0x00
>>> pos 30
id 30  pos  2059  spd     0  load   48  12.1 V  36 C  err 0x00
>>> pos 30
id 30  pos  2059  spd     0  load   48  12.1 V  36 C  err 0x00
>>> pos 30
id 30  pos  2059  spd     0  load   48  12.1 V  36 C  err 0x00
>>> pos 30
id 30  pos  2059  spd     0  load   48  12.1 V  36 C  err 0x00
>>> pos 30
id 30  pos  2059  spd     0  load   48  12.1 V  35 C  err 0x00
>>> pos 30
id 30  pos  2059  spd     0  load   48  12.1 V  36 C  err 0x00
>>> pos 30
id 30  pos  2059  spd     0  load   48  12.1 V  36 C  err 0x00
>>> pos 30
id 30  pos  2059  spd     0  load   48  12.1 V  36 C  err 0x00
>>> pos 30
id 30  pos  2059  spd     0  load   48  12.1 V  36 C  err 0x00
>>> pos 30
id 30  pos  2059  spd     0  load   48  12.1 V  35 C  err 0x00
>>> pos 30
id 30  pos  2059  spd     0  load   48  12.1 V  36 C  err 0x00
>>> pos 30
id 30  pos  2059  spd     0  load   48  12.1 V  36 C  err 0x00
>>> pos 30
id 30  pos  2059  spd     0  load   48  12.1 V  36 C  err 0x00
>>> pos 30
id 30  pos  2059  spd     0  load   48  12.1 V  36 C  err 0x00
>>> pos 30
id 30  pos  2059  spd     0  load   48  12.1 V  36 C  err 0x00
>>> pos 30
id 30  pos  2059  spd     0  load   48  12.1 V  36 C  err 0x00
>>> pos 30
id 30  pos  2059  spd     0  load   48  12.1 V  36 C  err 0x00
>>> pos 30
id 30  pos  2059  spd     0  load   48  12.1 V  36 C  err 0x00
>>> pos 30
id 30  pos  2059  spd     0  load   48  12.1 V  36 C  err 0x00
>>> pos 30
id 30  pos  2059  spd     0  load   48  12.1 V  36 C  err 0x00
>>> pos 30
id 30  pos  2059  spd     0  load   48  12.1 V  36 C  err 0x00
>>> pos 30
id 30  pos  2059  spd     0  load   48  12.1 V  36 C  err 0x00
>>> pos 30
id 30  pos  2059  spd     0  load   48  12.1 V  36 C  err 0x00
>>> pos 30
id 30  pos  2059  spd     0  load   48  12.1 V  36 C  err 0x00
>>> pos 30
id 30  pos  2059  spd     0  load   48  12.1 V  36 C  err 0x00
>>> pos 30
id 30  pos  2059  spd     0  load   48  12.1 V  36 C  err 0x00
>>> pos 30
id 30  pos  2059  spd     0  load   48  12.1 V  35 C  err 0x00
>>> pos 30
id 30  pos  2059  spd     0  load   48  12.1 V  35 C  err 0x00
>>> pos 30
id 30  pos  2059  spd     0  load   48  12.1 V  36 C  err 0x00
>>> pos 30
id 30  pos  2059  spd     0  load   48  12.1 V  36 C  err 0x00
>>> pos 30
id 30  pos  2059  spd     0  load   48  12.1 V  36 C  err 0x00
>>> pos 30
id 30  pos  2059  spd     0  load   48  12.1 V  36 C  err 0x00
>>> pos 30
id 30  pos  2059  spd     0  load   48  12.1 V  36 C  err 0x00
>>> pos 30
id 30  pos  2059  spd     0  load   48  12.1 V  36 C  err 0x00
>>> pos 30
id 30  pos  2059  spd     0  load   48  12.1 V  36 C  err 0x00
>>> pos 30
id 30  pos  2059  spd     0  load   48  12.1 V  36 C  err 0x00
>>> pos 30
id 30  pos  2059  spd     0  load   48  12.1 V  36 C  err 0x00
>>> pos 30
id 30  pos  2059  spd     0  load   48  12.1 V  36 C  err 0x00
>>> pos 30
id 30  pos  2059  spd     0  load   48  12.1 V  36 C  err 0x00
>>> pos 30
id 30  pos  2059  spd     0  load   48  12.1 V  36 C  err 0x00
>>> pos 30
id 30  pos  2059  spd     0  load   48  12.1 V  36 C  err 0x00
>>> pos 30
id 30  pos  2059  spd     0  load   48  12.1 V  36 C  err 0x00
>>> pos 30
id 30  pos  2059  spd     0  load   48  12.1 V  36 C  err 0x00
>>> pos 30
id 30  pos  2059  spd     0  load   48  12.1 V  36 C  err 0x00
>>> pos 30
id 30  pos  2059  spd     0  load   48  12.1 V  36 C  err 0x00
>>> pos 30
id 30  pos  2059  spd     0  load   48  12.1 V  36 C  err 0x00
>>> pos 30
id 30  pos  2059  spd     0  load   48  12.1 V  36 C  err 0x00
>>> pos 30
id 30  pos  2059  spd     0  load   48  12.1 V  36 C  err 0x00
>>> pos 30
id 30  pos  2059  spd     0  load   48  12.1 V  36 C  err 0x00
>>> pos 30
id 30  pos  2059  spd     0  load   48  12.1 V  36 C  err 0x00
>>> pos 30
id 30  pos  2059  spd     0  load   48  12.1 V  36 C  err 0x00
>>> pos 30
id 30  pos  2059  spd     0  load   48  12.1 V  36 C  err 0x00
>>> pos 30
id 30  pos  2059  spd     0  load   48  12.1 V  36 C  err 0x00
>>> pos 30
id 30  pos  2059  spd     0  load   48  12.1 V  36 C  err 0x00
>>> pos 30
id 30  pos  2059  spd     0  load   48  12.1 V  36 C  err 0x00
>>> pos 30
id 30  pos  2059  spd     0  load   48  12.1 V  35 C  err 0x00
>>> pos 30
id 30  pos  2059  spd     0  load   48  12.1 V  36 C  err 0x00
>>> pos 30
id 30  pos  2059  spd     0  load   48  12.1 V  36 C  err 0x00
>>> pos 30
id 30  pos  2059  spd     0  load   48  12.1 V  36 C  err 0x00
>>> pos 30
id 30  pos  2059  spd     0  load   48  12.1 V  36 C  err 0x00
>>> pos 30
id 30  pos  2059  spd     0  load   48  12.1 V  36 C  err 0x00
>>> pos 30
id 30  pos  2059  spd     0  load   48  12.1 V  36 C  err 0x00
>>> pos 30
id 30  pos  2059  spd     0  load   48  12.1 V  35 C  err 0x00
>>> move 30 2034 0 100
move id 30 -> 2034 ticks, 0 ms, spd 100, acc 0: ok
>>> move 30 2057 0 100
move id 30 -> 2057 ticks, 0 ms, spd 100, acc 0: ok
>>> pos 30
id 30  pos  2036  spd     0  load  -32  12.1 V  36 C  err 0x00
>>> pos 30
id 30  pos  2039  spd   100  load    0  12.1 V  36 C  err 0x00
>>> pos 30
id 30  pos  2041  spd    50  load  -64  12.1 V  36 C  err 0x00
>>> pos 30
id 30  pos  2046  spd   200  load   32  12.1 V  36 C  err 0x00
>>> pos 30
id 30  pos  2048  spd    50  load  -32  12.1 V  36 C  err 0x00
>>> pos 30
id 30  pos  2052  spd   150  load    0  12.1 V  36 C  err 0x00
>>> pos 30
id 30  pos  2055  spd    50  load  -48  12.1 V  36 C  err 0x00
>>> pos 30
id 30  pos  2058  spd    50  load    0  12.1 V  36 C  err 0x00
>>> pos 30
id 30  pos  2059  spd    50  load   48  12.1 V  36 C  err 0x00
>>> pos 30
id 30  pos  2059  spd     0  load   48  12.1 V  36 C  err 0x00
>>> pos 30
id 30  pos  2059  spd     0  load   48  12.1 V  36 C  err 0x00
>>> pos 30
id 30  pos  2059  spd     0  load   48  12.1 V  36 C  err 0x00
>>> pos 30
id 30  pos  2059  spd     0  load   48  12.1 V  36 C  err 0x00
>>> pos 30
id 30  pos  2059  spd     0  load   48  12.1 V  36 C  err 0x00
>>> pos 30
id 30  pos  2059  spd     0  load   48  12.1 V  36 C  err 0x00
>>> pos 30
id 30  pos  2059  spd     0  load   48  12.1 V  36 C  err 0x00
>>> pos 30
id 30  pos  2059  spd     0  load   48  12.1 V  36 C  err 0x00
>>> pos 30
id 30  pos  2059  spd     0  load   48  12.1 V  36 C  err 0x00
>>> pos 30
id 30  pos  2059  spd     0  load   48  12.1 V  36 C  err 0x00
>>> pos 30
id 30  pos  2059  spd     0  load   48  12.1 V  36 C  err 0x00
>>> pos 30
id 30  pos  2059  spd     0  load   48  12.1 V  36 C  err 0x00
>>> pos 30
id 30  pos  2059  spd     0  load   48  12.1 V  36 C  err 0x00
>>> pos 30
id 30  pos  2059  spd     0  load   48  12.1 V  36 C  err 0x00
>>> pos 30
id 30  pos  2059  spd     0  load   48  12.1 V  36 C  err 0x00
>>> pos 30
id 30  pos  2059  spd     0  load   48  12.1 V  36 C  err 0x00
>>> pos 30
id 30  pos  2059  spd     0  load   48  12.1 V  36 C  err 0x00
>>> pos 30
id 30  pos  2059  spd     0  load   48  12.1 V  36 C  err 0x00
>>> pos 30
id 30  pos  2059  spd     0  load   48  12.1 V  36 C  err 0x00
>>> pos 30
id 30  pos  2059  spd     0  load   48  12.1 V  36 C  err 0x00
>>> pos 30
id 30  pos  2059  spd     0  load   48  12.1 V  36 C  err 0x00
>>> pos 30
id 30  pos  2059  spd     0  load   48  12.1 V  36 C  err 0x00
>>> pos 30
id 30  pos  2059  spd     0  load   48  12.1 V  36 C  err 0x00
>>> pos 30
id 30  pos  2059  spd     0  load   48  12.1 V  36 C  err 0x00
>>> pos 30
id 30  pos  2059  spd     0  load   48  12.1 V  36 C  err 0x00
>>> pos 30
id 30  pos  2059  spd     0  load   48  12.1 V  35 C  err 0x00
>>> pos 30
id 30  pos  2059  spd     0  load   48  12.1 V  36 C  err 0x00
>>> pos 30
id 30  pos  2059  spd     0  load   48  12.1 V  36 C  err 0x00
>>> pos 30
id 30  pos  2059  spd     0  load   48  12.1 V  36 C  err 0x00
>>> pos 30
id 30  pos  2059  spd     0  load   48  12.1 V  36 C  err 0x00
>>> pos 30
id 30  pos  2059  spd     0  load   48  12.1 V  36 C  err 0x00
>>> pos 30
id 30  pos  2059  spd     0  load   48  12.1 V  36 C  err 0x00
>>> pos 30
id 30  pos  2059  spd     0  load   48  12.1 V  36 C  err 0x00
>>> pos 30
id 30  pos  2059  spd     0  load   48  12.1 V  35 C  err 0x00
>>> pos 30
id 30  pos  2059  spd     0  load   48  12.1 V  36 C  err 0x00
>>> pos 30
id 30  pos  2059  spd     0  load   48  12.1 V  36 C  err 0x00
>>> pos 30
id 30  pos  2059  spd     0  load   48  12.1 V  36 C  err 0x00
>>> pos 30
id 30  pos  2059  spd     0  load   48  12.1 V  36 C  err 0x00
>>> pos 30
id 30  pos  2059  spd     0  load   48  12.1 V  36 C  err 0x00
>>> pos 30
id 30  pos  2059  spd     0  load   48  12.1 V  36 C  err 0x00
>>> pos 30
id 30  pos  2059  spd     0  load   48  12.1 V  36 C  err 0x00
>>> pos 30
id 30  pos  2059  spd     0  load   48  12.1 V  35 C  err 0x00
>>> pos 30
id 30  pos  2059  spd     0  load   48  12.1 V  36 C  err 0x00
>>> pos 30
id 30  pos  2059  spd     0  load   48  12.1 V  36 C  err 0x00
>>> pos 30
id 30  pos  2059  spd     0  load   48  12.1 V  35 C  err 0x00
>>> pos 30
id 30  pos  2059  spd     0  load   48  12.1 V  36 C  err 0x00
>>> pos 30
id 30  pos  2059  spd     0  load   48  12.1 V  36 C  err 0x00
>>> pos 30
id 30  pos  2059  spd     0  load   48  12.1 V  36 C  err 0x00
>>> pos 30
id 30  pos  2059  spd     0  load   48  12.1 V  36 C  err 0x00
>>> pos 30
id 30  pos  2059  spd     0  load   48  12.1 V  36 C  err 0x00
>>> pos 30
id 30  pos  2059  spd     0  load   48  12.1 V  36 C  err 0x00
>>> pos 30
id 30  pos  2059  spd     0  load   48  12.1 V  36 C  err 0x00
>>> pos 30
id 30  pos  2059  spd     0  load   48  12.1 V  36 C  err 0x00
>>> pos 30
id 30  pos  2059  spd     0  load   48  12.1 V  36 C  err 0x00
>>> pos 30
id 30  pos  2059  spd     0  load   48  12.1 V  36 C  err 0x00
>>> pos 30
id 30  pos  2059  spd     0  load   48  12.1 V  36 C  err 0x00
>>> pos 30
id 30  pos  2059  spd     0  load   48  12.1 V  36 C  err 0x00
>>> pos 30
id 30  pos  2059  spd     0  load   48  12.1 V  36 C  err 0x00
>>> pos 30
id 30  pos  2059  spd     0  load   48  12.1 V  36 C  err 0x00
>>> pos 30
id 30  pos  2059  spd     0  load   48  12.1 V  36 C  err 0x00
>>> pos 30
id 30  pos  2059  spd     0  load   48  12.1 V  36 C  err 0x00
>>> pos 30
id 30  pos  2059  spd     0  load   48  12.1 V  36 C  err 0x00
>>> pos 30
id 30  pos  2059  spd     0  load   48  12.1 V  36 C  err 0x00
>>> pos 30
id 30  pos  2059  spd     0  load   48  12.1 V  36 C  err 0x00
>>> pos 30
id 30  pos  2059  spd     0  load   48  12.1 V  36 C  err 0x00
>>> pos 30
id 30  pos  2059  spd     0  load   48  12.1 V  36 C  err 0x00
>>> pos 30
id 30  pos  2059  spd     0  load   48  12.1 V  36 C  err 0x00
>>> pos 30
id 30  pos  2059  spd     0  load   48  12.1 V  36 C  err 0x00
>>> pos 30
id 30  pos  2059  spd     0  load   48  12.1 V  35 C  err 0x00
>>> pos 30
id 30  pos  2059  spd     0  load   48  12.1 V  36 C  err 0x00
>>> pos 30
id 30  pos  2059  spd     0  load   48  12.1 V  36 C  err 0x00
>>> pos 30
id 30  pos  2059  spd     0  load   48  12.1 V  36 C  err 0x00
>>> pos 30
id 30  pos  2059  spd     0  load   48  12.1 V  36 C  err 0x00
>>> pos 30
id 30  pos  2059  spd     0  load   48  12.1 V  36 C  err 0x00
>>> pos 30
id 30  pos  2059  spd     0  load   48  12.1 V  36 C  err 0x00
>>> pos 30
id 30  pos  2059  spd     0  load   48  12.1 V  36 C  err 0x00
>>> pos 30
id 30  pos  2059  spd     0  load   48  12.1 V  36 C  err 0x00
>>> pos 30
id 30  pos  2059  spd     0  load   48  12.1 V  36 C  err 0x00
>>> pos 30
id 30  pos  2059  spd     0  load   48  12.1 V  36 C  err 0x00
>>> pos 30
id 30  pos  2059  spd     0  load   48  12.1 V  36 C  err 0x00
>>> pos 30
id 30  pos  2059  spd     0  load   48  12.1 V  36 C  err 0x00
>>> pos 30
id 30  pos  2059  spd     0  load   48  12.1 V  36 C  err 0x00
  1 bottle(s): static +2.00 (load 48, range 0) | from above +2.00 (load 48, over 0, settle 0.3311) | from below +2.00 (load 48, over 0, settle 0.2652) | err 0

HANG bottle #2 (total 2); press enter when done
< ''
>>> pos 30
id 30  pos  2060  spd     0  load   80  12.1 V  36 C  err 0x00
>>> pos 30
id 30  pos  2060  spd     0  load   80  12.1 V  36 C  err 0x00
>>> pos 30
id 30  pos  2060  spd     0  load   80  12.1 V  36 C  err 0x00
>>> pos 30
id 30  pos  2060  spd     0  load   80  12.1 V  36 C  err 0x00
>>> pos 30
id 30  pos  2060  spd     0  load   80  12.1 V  36 C  err 0x00
>>> pos 30
id 30  pos  2060  spd     0  load   80  12.1 V  36 C  err 0x00
>>> pos 30
id 30  pos  2060  spd     0  load   80  12.1 V  36 C  err 0x00
>>> pos 30
id 30  pos  2060  spd     0  load   80  12.1 V  36 C  err 0x00
>>> pos 30
id 30  pos  2060  spd     0  load   80  12.1 V  36 C  err 0x00
>>> pos 30
id 30  pos  2060  spd     0  load   80  12.1 V  36 C  err 0x00
>>> pos 30
id 30  pos  2060  spd     0  load   80  12.1 V  36 C  err 0x00
>>> pos 30
id 30  pos  2060  spd     0  load   80  12.1 V  36 C  err 0x00
>>> pos 30
id 30  pos  2060  spd     0  load   80  12.1 V  36 C  err 0x00
>>> pos 30
id 30  pos  2060  spd     0  load   80  12.1 V  36 C  err 0x00
>>> pos 30
id 30  pos  2060  spd     0  load   80  12.1 V  36 C  err 0x00
>>> pos 30
id 30  pos  2060  spd     0  load   80  12.1 V  36 C  err 0x00
>>> pos 30
id 30  pos  2060  spd     0  load   80  12.1 V  36 C  err 0x00
>>> pos 30
id 30  pos  2060  spd     0  load   80  12.1 V  36 C  err 0x00
>>> pos 30
id 30  pos  2060  spd     0  load   80  12.1 V  36 C  err 0x00
>>> pos 30
id 30  pos  2060  spd     0  load   80  12.1 V  36 C  err 0x00
>>> move 30 2080 0 100
move id 30 -> 2080 ticks, 0 ms, spd 100, acc 0: ok
>>> move 30 2057 0 100
move id 30 -> 2057 ticks, 0 ms, spd 100, acc 0: ok
>>> pos 30
id 30  pos  2084  spd     0  load  240  12.2 V  36 C  err 0x00
>>> pos 30
id 30  pos  2079  spd  -150  load  160  12.1 V  36 C  err 0x00
>>> pos 30
id 30  pos  2077  spd   -50  load  224  12.0 V  36 C  err 0x00
>>> pos 30
id 30  pos  2074  spd  -100  load  192  12.1 V  36 C  err 0x00
>>> pos 30
id 30  pos  2071  spd  -100  load  208  12.0 V  36 C  err 0x00
>>> pos 30
id 30  pos  2067  spd   -50  load  208  12.1 V  36 C  err 0x00
>>> pos 30
id 30  pos  2064  spd  -100  load  192  12.0 V  36 C  err 0x00
>>> pos 30
id 30  pos  2063  spd   -50  load  176  12.1 V  36 C  err 0x00
>>> pos 30
id 30  pos  2062  spd   -50  load  144  12.1 V  36 C  err 0x00
>>> pos 30
id 30  pos  2061  spd   -50  load  112  12.1 V  36 C  err 0x00
>>> pos 30
id 30  pos  2061  spd     0  load  112  12.1 V  36 C  err 0x00
>>> pos 30
id 30  pos  2061  spd     0  load  112  12.1 V  36 C  err 0x00
>>> pos 30
id 30  pos  2061  spd     0  load  112  12.1 V  36 C  err 0x00
>>> pos 30
id 30  pos  2061  spd     0  load  112  12.1 V  36 C  err 0x00
>>> pos 30
id 30  pos  2061  spd     0  load  112  12.1 V  36 C  err 0x00
>>> pos 30
id 30  pos  2061  spd     0  load  112  12.1 V  36 C  err 0x00
>>> pos 30
id 30  pos  2061  spd     0  load  112  12.1 V  36 C  err 0x00
>>> pos 30
id 30  pos  2061  spd     0  load  112  12.1 V  36 C  err 0x00
>>> pos 30
id 30  pos  2061  spd     0  load  112  12.1 V  36 C  err 0x00
>>> pos 30
id 30  pos  2061  spd     0  load  112  12.1 V  36 C  err 0x00
>>> pos 30
id 30  pos  2061  spd     0  load  112  12.1 V  36 C  err 0x00
>>> pos 30
id 30  pos  2061  spd     0  load  112  12.1 V  36 C  err 0x00
>>> pos 30
id 30  pos  2061  spd     0  load  112  12.1 V  36 C  err 0x00
>>> pos 30
id 30  pos  2061  spd     0  load  112  12.1 V  36 C  err 0x00
>>> pos 30
id 30  pos  2061  spd     0  load  112  12.1 V  36 C  err 0x00
>>> pos 30
id 30  pos  2061  spd     0  load  112  12.1 V  36 C  err 0x00
>>> pos 30
id 30  pos  2061  spd     0  load  112  12.1 V  36 C  err 0x00
>>> pos 30
id 30  pos  2061  spd     0  load  112  12.1 V  36 C  err 0x00
>>> pos 30
id 30  pos  2061  spd     0  load  112  12.1 V  36 C  err 0x00
>>> pos 30
id 30  pos  2061  spd     0  load  112  12.1 V  36 C  err 0x00
>>> pos 30
id 30  pos  2061  spd     0  load  112  12.1 V  36 C  err 0x00
>>> pos 30
id 30  pos  2061  spd     0  load  112  12.1 V  36 C  err 0x00
>>> pos 30
id 30  pos  2061  spd     0  load  112  12.1 V  36 C  err 0x00
>>> pos 30
id 30  pos  2061  spd     0  load  112  12.1 V  36 C  err 0x00
>>> pos 30
id 30  pos  2061  spd     0  load  112  12.1 V  36 C  err 0x00
>>> pos 30
id 30  pos  2061  spd     0  load  112  12.1 V  36 C  err 0x00
>>> pos 30
id 30  pos  2061  spd     0  load  112  12.1 V  36 C  err 0x00
>>> pos 30
id 30  pos  2061  spd     0  load  112  12.0 V  36 C  err 0x00
>>> pos 30
id 30  pos  2061  spd     0  load  112  12.1 V  36 C  err 0x00
>>> pos 30
id 30  pos  2061  spd     0  load  112  12.1 V  36 C  err 0x00
>>> pos 30
id 30  pos  2061  spd     0  load  112  12.1 V  36 C  err 0x00
>>> pos 30
id 30  pos  2061  spd     0  load  112  12.1 V  36 C  err 0x00
>>> pos 30
id 30  pos  2061  spd     0  load  112  12.1 V  36 C  err 0x00
>>> pos 30
id 30  pos  2061  spd     0  load  112  12.1 V  36 C  err 0x00
>>> pos 30
id 30  pos  2061  spd     0  load  112  12.1 V  37 C  err 0x00
>>> pos 30
id 30  pos  2061  spd     0  load  112  12.1 V  36 C  err 0x00
>>> pos 30
id 30  pos  2061  spd     0  load  112  12.1 V  36 C  err 0x00
>>> pos 30
id 30  pos  2061  spd     0  load  112  12.1 V  36 C  err 0x00
>>> pos 30
id 30  pos  2061  spd     0  load  112  12.1 V  36 C  err 0x00
>>> pos 30
id 30  pos  2061  spd     0  load  112  12.1 V  36 C  err 0x00
>>> pos 30
id 30  pos  2061  spd     0  load  112  12.1 V  36 C  err 0x00
>>> pos 30
id 30  pos  2061  spd     0  load  112  12.1 V  36 C  err 0x00
>>> pos 30
id 30  pos  2061  spd     0  load  112  12.1 V  36 C  err 0x00
>>> pos 30
id 30  pos  2061  spd     0  load  112  12.1 V  36 C  err 0x00
>>> pos 30
id 30  pos  2061  spd     0  load  112  12.1 V  36 C  err 0x00
>>> pos 30
id 30  pos  2061  spd     0  load  112  12.1 V  36 C  err 0x00
>>> pos 30
id 30  pos  2061  spd     0  load  112  12.1 V  36 C  err 0x00
>>> pos 30
id 30  pos  2061  spd     0  load  112  12.1 V  36 C  err 0x00
>>> pos 30
id 30  pos  2061  spd     0  load  112  12.1 V  36 C  err 0x00
>>> pos 30
id 30  pos  2061  spd     0  load  112  12.1 V  36 C  err 0x00
>>> pos 30
id 30  pos  2061  spd     0  load  112  12.1 V  36 C  err 0x00
>>> pos 30
id 30  pos  2061  spd     0  load  112  12.1 V  36 C  err 0x00
>>> pos 30
id 30  pos  2061  spd     0  load  112  12.1 V  36 C  err 0x00
>>> pos 30
id 30  pos  2061  spd     0  load  112  12.1 V  36 C  err 0x00
>>> pos 30
id 30  pos  2061  spd     0  load  112  12.1 V  36 C  err 0x00
>>> pos 30
id 30  pos  2061  spd     0  load  112  12.1 V  36 C  err 0x00
>>> pos 30
id 30  pos  2061  spd     0  load  112  12.1 V  36 C  err 0x00
>>> pos 30
id 30  pos  2061  spd     0  load  112  12.1 V  36 C  err 0x00
>>> pos 30
id 30  pos  2061  spd     0  load  112  12.1 V  36 C  err 0x00
>>> pos 30
id 30  pos  2061  spd     0  load  112  12.1 V  36 C  err 0x00
>>> pos 30
id 30  pos  2061  spd     0  load  112  12.1 V  36 C  err 0x00
>>> pos 30
id 30  pos  2061  spd     0  load  112  12.1 V  36 C  err 0x00
>>> pos 30
id 30  pos  2061  spd     0  load  112  12.1 V  36 C  err 0x00
>>> pos 30
id 30  pos  2061  spd     0  load  112  12.1 V  36 C  err 0x00
>>> pos 30
id 30  pos  2061  spd     0  load  112  12.1 V  36 C  err 0x00
>>> pos 30
id 30  pos  2061  spd     0  load  112  12.1 V  36 C  err 0x00
>>> pos 30
id 30  pos  2061  spd     0  load  112  12.1 V  36 C  err 0x00
>>> pos 30
id 30  pos  2061  spd     0  load  112  12.1 V  36 C  err 0x00
>>> pos 30
id 30  pos  2061  spd     0  load  112  12.1 V  36 C  err 0x00
>>> pos 30
id 30  pos  2061  spd     0  load  112  12.1 V  36 C  err 0x00
>>> pos 30
id 30  pos  2061  spd     0  load  112  12.1 V  36 C  err 0x00
>>> pos 30
id 30  pos  2061  spd     0  load  112  12.1 V  36 C  err 0x00
>>> pos 30
id 30  pos  2061  spd     0  load  112  12.1 V  36 C  err 0x00
>>> pos 30
id 30  pos  2061  spd     0  load  112  12.1 V  36 C  err 0x00
>>> pos 30
id 30  pos  2061  spd     0  load  112  12.1 V  36 C  err 0x00
>>> pos 30
id 30  pos  2061  spd     0  load  112  12.1 V  36 C  err 0x00
>>> pos 30
id 30  pos  2061  spd     0  load  112  12.1 V  36 C  err 0x00
>>> pos 30
id 30  pos  2061  spd     0  load  112  12.1 V  36 C  err 0x00
>>> pos 30
id 30  pos  2061  spd     0  load  112  12.1 V  37 C  err 0x00
>>> pos 30
id 30  pos  2061  spd     0  load  112  12.1 V  36 C  err 0x00
>>> pos 30
id 30  pos  2061  spd     0  load  112  12.1 V  36 C  err 0x00
>>> move 30 2034 0 100
move id 30 -> 2034 ticks, 0 ms, spd 100, acc 0: ok
>>> move 30 2057 0 100
move id 30 -> 2057 ticks, 0 ms, spd 100, acc 0: ok
>>> pos 30
id 30  pos  2039  spd     0  load   64  12.1 V  36 C  err 0x00
>>> pos 30
id 30  pos  2041  spd     0  load  -32  12.1 V  36 C  err 0x00
>>> pos 30
id 30  pos  2045  spd   150  load   80  12.1 V  36 C  err 0x00
>>> pos 30
id 30  pos  2048  spd   100  load   48  12.1 V  36 C  err 0x00
>>> pos 30
id 30  pos  2050  spd    50  load  -32  12.1 V  36 C  err 0x00
>>> pos 30
id 30  pos  2055  spd   150  load   64  12.1 V  36 C  err 0x00
>>> pos 30
id 30  pos  2057  spd   100  load  -32  12.1 V  36 C  err 0x00
>>> pos 30
id 30  pos  2060  spd   150  load   96  12.1 V  36 C  err 0x00
>>> pos 30
id 30  pos  2060  spd     0  load   80  12.1 V  36 C  err 0x00
>>> pos 30
id 30  pos  2060  spd     0  load   80  12.1 V  36 C  err 0x00
>>> pos 30
id 30  pos  2060  spd     0  load   80  12.1 V  36 C  err 0x00
>>> pos 30
id 30  pos  2060  spd     0  load   80  12.1 V  36 C  err 0x00
>>> pos 30
id 30  pos  2060  spd     0  load   80  12.1 V  36 C  err 0x00
>>> pos 30
id 30  pos  2060  spd     0  load   80  12.1 V  36 C  err 0x00
>>> pos 30
id 30  pos  2060  spd     0  load   80  12.1 V  36 C  err 0x00
>>> pos 30
id 30  pos  2060  spd     0  load   80  12.1 V  36 C  err 0x00
>>> pos 30
id 30  pos  2060  spd     0  load   80  12.1 V  36 C  err 0x00
>>> pos 30
id 30  pos  2060  spd     0  load   80  12.1 V  36 C  err 0x00
>>> pos 30
id 30  pos  2060  spd     0  load   80  12.1 V  36 C  err 0x00
>>> pos 30
id 30  pos  2060  spd     0  load   80  12.1 V  36 C  err 0x00
>>> pos 30
id 30  pos  2060  spd     0  load   80  12.1 V  36 C  err 0x00
>>> pos 30
id 30  pos  2060  spd     0  load   80  12.1 V  36 C  err 0x00
>>> pos 30
id 30  pos  2060  spd     0  load   80  12.1 V  36 C  err 0x00
>>> pos 30
id 30  pos  2060  spd     0  load   80  12.1 V  36 C  err 0x00
>>> pos 30
id 30  pos  2060  spd     0  load   80  12.1 V  36 C  err 0x00
>>> pos 30
id 30  pos  2060  spd     0  load   80  12.1 V  36 C  err 0x00
>>> pos 30
id 30  pos  2060  spd     0  load   80  12.1 V  36 C  err 0x00
>>> pos 30
id 30  pos  2060  spd     0  load   80  12.1 V  36 C  err 0x00
>>> pos 30
id 30  pos  2060  spd     0  load   80  12.1 V  36 C  err 0x00
>>> pos 30
id 30  pos  2060  spd     0  load   80  12.1 V  36 C  err 0x00
>>> pos 30
id 30  pos  2060  spd     0  load   80  12.1 V  36 C  err 0x00
>>> pos 30
id 30  pos  2060  spd     0  load   80  12.1 V  36 C  err 0x00
>>> pos 30
id 30  pos  2060  spd     0  load   80  12.1 V  36 C  err 0x00
>>> pos 30
id 30  pos  2060  spd     0  load   80  12.1 V  36 C  err 0x00
>>> pos 30
id 30  pos  2060  spd     0  load   80  12.1 V  36 C  err 0x00
>>> pos 30
id 30  pos  2060  spd     0  load   80  12.1 V  36 C  err 0x00
>>> pos 30
id 30  pos  2060  spd     0  load   80  12.1 V  36 C  err 0x00
>>> pos 30
id 30  pos  2060  spd     0  load   80  12.1 V  36 C  err 0x00
>>> pos 30
id 30  pos  2060  spd     0  load   80  12.1 V  36 C  err 0x00
>>> pos 30
id 30  pos  2060  spd     0  load   80  12.1 V  36 C  err 0x00
>>> pos 30
id 30  pos  2060  spd     0  load   80  12.1 V  36 C  err 0x00
>>> pos 30
id 30  pos  2060  spd     0  load   80  12.1 V  36 C  err 0x00
>>> pos 30
id 30  pos  2060  spd     0  load   80  12.1 V  36 C  err 0x00
>>> pos 30
id 30  pos  2060  spd     0  load   80  12.1 V  37 C  err 0x00
>>> pos 30
id 30  pos  2060  spd     0  load   80  12.1 V  36 C  err 0x00
>>> pos 30
id 30  pos  2060  spd     0  load   80  12.1 V  36 C  err 0x00
>>> pos 30
id 30  pos  2060  spd     0  load   80  12.1 V  36 C  err 0x00
>>> pos 30
id 30  pos  2060  spd     0  load   80  12.1 V  36 C  err 0x00
>>> pos 30
id 30  pos  2060  spd     0  load   80  12.1 V  36 C  err 0x00
>>> pos 30
id 30  pos  2060  spd     0  load   80  12.1 V  36 C  err 0x00
>>> pos 30
id 30  pos  2060  spd     0  load   80  12.1 V  36 C  err 0x00
>>> pos 30
id 30  pos  2060  spd     0  load   80  12.1 V  36 C  err 0x00
>>> pos 30
id 30  pos  2060  spd     0  load   80  12.1 V  36 C  err 0x00
>>> pos 30
id 30  pos  2060  spd     0  load   80  12.1 V  36 C  err 0x00
>>> pos 30
id 30  pos  2060  spd     0  load   80  12.1 V  36 C  err 0x00
>>> pos 30
id 30  pos  2060  spd     0  load   80  12.1 V  36 C  err 0x00
>>> pos 30
id 30  pos  2060  spd     0  load   80  12.1 V  36 C  err 0x00
>>> pos 30
id 30  pos  2060  spd     0  load   80  12.1 V  36 C  err 0x00
>>> pos 30
id 30  pos  2060  spd     0  load   80  12.1 V  36 C  err 0x00
>>> pos 30
id 30  pos  2060  spd     0  load   80  12.1 V  36 C  err 0x00
>>> pos 30
id 30  pos  2060  spd     0  load   80  12.1 V  36 C  err 0x00
>>> pos 30
id 30  pos  2060  spd     0  load   80  12.1 V  36 C  err 0x00
>>> pos 30
id 30  pos  2060  spd     0  load   80  12.1 V  36 C  err 0x00
>>> pos 30
id 30  pos  2060  spd     0  load   80  12.1 V  36 C  err 0x00
>>> pos 30
id 30  pos  2060  spd     0  load   80  12.1 V  36 C  err 0x00
>>> pos 30
id 30  pos  2060  spd     0  load   80  12.1 V  36 C  err 0x00
>>> pos 30
id 30  pos  2060  spd     0  load   80  12.1 V  36 C  err 0x00
>>> pos 30
id 30  pos  2060  spd     0  load   80  12.1 V  36 C  err 0x00
>>> pos 30
id 30  pos  2060  spd     0  load   80  12.1 V  36 C  err 0x00
>>> pos 30
id 30  pos  2060  spd     0  load   80  12.1 V  36 C  err 0x00
>>> pos 30
id 30  pos  2060  spd     0  load   80  12.1 V  36 C  err 0x00
>>> pos 30
id 30  pos  2060  spd     0  load   80  12.1 V  36 C  err 0x00
>>> pos 30
id 30  pos  2060  spd     0  load   80  12.1 V  36 C  err 0x00
>>> pos 30
id 30  pos  2060  spd     0  load   80  12.1 V  36 C  err 0x00
>>> pos 30
id 30  pos  2060  spd     0  load   80  12.1 V  36 C  err 0x00
>>> pos 30
id 30  pos  2060  spd     0  load   80  12.1 V  36 C  err 0x00
>>> pos 30
id 30  pos  2060  spd     0  load   80  12.1 V  36 C  err 0x00
>>> pos 30
id 30  pos  2060  spd     0  load   80  12.1 V  36 C  err 0x00
>>> pos 30
id 30  pos  2060  spd     0  load   80  12.1 V  37 C  err 0x00
>>> pos 30
id 30  pos  2060  spd     0  load   80  12.1 V  36 C  err 0x00
>>> pos 30
id 30  pos  2060  spd     0  load   80  12.1 V  36 C  err 0x00
>>> pos 30
id 30  pos  2060  spd     0  load   80  12.1 V  36 C  err 0x00
>>> pos 30
id 30  pos  2060  spd     0  load   80  12.1 V  36 C  err 0x00
>>> pos 30
id 30  pos  2060  spd     0  load   80  12.1 V  36 C  err 0x00
>>> pos 30
id 30  pos  2060  spd     0  load   80  12.1 V  36 C  err 0x00
>>> pos 30
id 30  pos  2060  spd     0  load   80  12.1 V  36 C  err 0x00
>>> pos 30
id 30  pos  2060  spd     0  load   80  12.1 V  36 C  err 0x00
>>> pos 30
id 30  pos  2060  spd     0  load   80  12.1 V  36 C  err 0x00
>>> pos 30
id 30  pos  2060  spd     0  load   80  12.1 V  36 C  err 0x00
>>> pos 30
id 30  pos  2060  spd     0  load   80  12.1 V  36 C  err 0x00
>>> pos 30
id 30  pos  2060  spd     0  load   80  12.1 V  36 C  err 0x00
  2 bottle(s): static +3.00 (load 80, range 0) | from above +4.00 (load 112, over 0, settle 0.2981) | from below +3.00 (load 80, over 0, settle 0.2649) | err 0

HANG bottle #3 (total 3); press enter when done
< ''
>>> pos 30
id 30  pos  2063  spd     0  load  176  12.1 V  36 C  err 0x00
>>> pos 30
id 30  pos  2063  spd     0  load  176  12.1 V  36 C  err 0x00
>>> pos 30
id 30  pos  2063  spd     0  load  176  12.0 V  36 C  err 0x00
>>> pos 30
id 30  pos  2063  spd     0  load  176  12.0 V  36 C  err 0x00
>>> pos 30
id 30  pos  2063  spd     0  load  176  12.0 V  36 C  err 0x00
>>> pos 30
id 30  pos  2063  spd     0  load  176  12.1 V  36 C  err 0x00
>>> pos 30
id 30  pos  2063  spd     0  load  176  12.1 V  36 C  err 0x00
>>> pos 30
id 30  pos  2063  spd     0  load  176  12.1 V  36 C  err 0x00
>>> pos 30
id 30  pos  2063  spd     0  load  176  12.1 V  36 C  err 0x00
>>> pos 30
id 30  pos  2063  spd     0  load  176  12.1 V  36 C  err 0x00
>>> pos 30
id 30  pos  2063  spd     0  load  176  12.1 V  36 C  err 0x00
>>> pos 30
id 30  pos  2063  spd     0  load  176  12.1 V  36 C  err 0x00
>>> pos 30
id 30  pos  2063  spd     0  load  176  12.0 V  36 C  err 0x00
>>> pos 30
id 30  pos  2063  spd     0  load  176  12.1 V  36 C  err 0x00
>>> pos 30
id 30  pos  2063  spd     0  load  176  12.0 V  36 C  err 0x00
>>> pos 30
id 30  pos  2063  spd     0  load  176  12.0 V  36 C  err 0x00
>>> pos 30
id 30  pos  2063  spd     0  load  176  12.0 V  36 C  err 0x00
>>> pos 30
id 30  pos  2063  spd     0  load  176  12.0 V  36 C  err 0x00
>>> pos 30
id 30  pos  2063  spd     0  load  176  12.0 V  36 C  err 0x00
>>> pos 30
id 30  pos  2063  spd     0  load  176  12.1 V  36 C  err 0x00
>>> move 30 2080 0 100
move id 30 -> 2080 ticks, 0 ms, spd 100, acc 0: ok
>>> move 30 2057 0 100
move id 30 -> 2057 ticks, 0 ms, spd 100, acc 0: ok
>>> pos 30
id 30  pos  2084  spd     0  load  240  12.0 V  36 C  err 0x00
>>> pos 30
id 30  pos  2082  spd     0  load  272  12.0 V  36 C  err 0x00
>>> pos 30
id 30  pos  2080  spd   -50  load  304  11.9 V  36 C  err 0x00
>>> pos 30
id 30  pos  2076  spd   -50  load  256  12.0 V  36 C  err 0x00
>>> pos 30
id 30  pos  2074  spd   -50  load  304  11.9 V  36 C  err 0x00
>>> pos 30
id 30  pos  2070  spd  -150  load  304  11.9 V  36 C  err 0x00
>>> pos 30
id 30  pos  2067  spd  -150  load  320  11.9 V  36 C  err 0x00
>>> pos 30
id 30  pos  2065  spd  -100  load  208  12.0 V  36 C  err 0x00
>>> pos 30
id 30  pos  2064  spd     0  load  192  11.8 V  36 C  err 0x00
>>> pos 30
id 30  pos  2064  spd     0  load  208  12.0 V  36 C  err 0x00
>>> pos 30
id 30  pos  2064  spd     0  load  208  12.1 V  36 C  err 0x00
>>> pos 30
id 30  pos  2064  spd     0  load  208  12.0 V  36 C  err 0x00
>>> pos 30
id 30  pos  2064  spd     0  load  208  12.0 V  36 C  err 0x00
>>> pos 30
id 30  pos  2064  spd     0  load  208  12.0 V  36 C  err 0x00
>>> pos 30
id 30  pos  2064  spd     0  load  208  12.0 V  36 C  err 0x00
>>> pos 30
id 30  pos  2064  spd     0  load  208  12.0 V  36 C  err 0x00
>>> pos 30
id 30  pos  2064  spd     0  load  208  12.0 V  36 C  err 0x00
>>> pos 30
id 30  pos  2064  spd     0  load  208  12.0 V  36 C  err 0x00
>>> pos 30
id 30  pos  2064  spd     0  load  208  12.1 V  36 C  err 0x00
>>> pos 30
id 30  pos  2064  spd     0  load  208  12.1 V  36 C  err 0x00
>>> pos 30
id 30  pos  2064  spd     0  load  208  12.0 V  36 C  err 0x00
>>> pos 30
id 30  pos  2064  spd     0  load  208  12.1 V  36 C  err 0x00
>>> pos 30
id 30  pos  2064  spd     0  load  208  12.1 V  36 C  err 0x00
>>> pos 30
id 30  pos  2064  spd     0  load  208  12.0 V  36 C  err 0x00
>>> pos 30
id 30  pos  2064  spd     0  load  208  12.0 V  36 C  err 0x00
>>> pos 30
id 30  pos  2064  spd     0  load  208  12.0 V  36 C  err 0x00
>>> pos 30
id 30  pos  2064  spd     0  load  208  12.0 V  36 C  err 0x00
>>> pos 30
id 30  pos  2064  spd     0  load  208  12.0 V  36 C  err 0x00
>>> pos 30
id 30  pos  2064  spd     0  load  208  12.0 V  36 C  err 0x00
>>> pos 30
id 30  pos  2064  spd     0  load  208  12.1 V  36 C  err 0x00
>>> pos 30
id 30  pos  2064  spd     0  load  208  12.0 V  36 C  err 0x00
>>> pos 30
id 30  pos  2064  spd     0  load  208  12.0 V  36 C  err 0x00
>>> pos 30
id 30  pos  2064  spd     0  load  208  12.0 V  36 C  err 0x00
>>> pos 30
id 30  pos  2064  spd     0  load  208  12.0 V  36 C  err 0x00
>>> pos 30
id 30  pos  2064  spd     0  load  208  12.0 V  36 C  err 0x00
>>> pos 30
id 30  pos  2064  spd     0  load  208  12.0 V  36 C  err 0x00
>>> pos 30
id 30  pos  2064  spd     0  load  208  12.0 V  36 C  err 0x00
>>> pos 30
id 30  pos  2064  spd     0  load  208  12.1 V  36 C  err 0x00
>>> pos 30
id 30  pos  2064  spd     0  load  208  12.0 V  36 C  err 0x00
>>> pos 30
id 30  pos  2064  spd     0  load  208  12.0 V  36 C  err 0x00
>>> pos 30
id 30  pos  2064  spd     0  load  208  12.0 V  36 C  err 0x00
>>> pos 30
id 30  pos  2064  spd     0  load  208  12.0 V  36 C  err 0x00
>>> pos 30
id 30  pos  2064  spd     0  load  208  12.0 V  36 C  err 0x00
>>> pos 30
id 30  pos  2064  spd     0  load  208  12.0 V  36 C  err 0x00
>>> pos 30
id 30  pos  2064  spd     0  load  208  12.0 V  36 C  err 0x00
>>> pos 30
id 30  pos  2064  spd     0  load  208  12.0 V  36 C  err 0x00
>>> pos 30
id 30  pos  2064  spd     0  load  208  12.0 V  36 C  err 0x00
>>> pos 30
id 30  pos  2064  spd     0  load  208  12.0 V  36 C  err 0x00
>>> pos 30
id 30  pos  2064  spd     0  load  208  12.1 V  36 C  err 0x00
>>> pos 30
id 30  pos  2064  spd     0  load  208  12.0 V  36 C  err 0x00
>>> pos 30
id 30  pos  2064  spd     0  load  208  12.1 V  36 C  err 0x00
>>> pos 30
id 30  pos  2064  spd     0  load  208  12.1 V  36 C  err 0x00
>>> pos 30
id 30  pos  2064  spd     0  load  208  12.0 V  36 C  err 0x00
>>> pos 30
id 30  pos  2064  spd     0  load  208  12.0 V  36 C  err 0x00
>>> pos 30
id 30  pos  2064  spd     0  load  208  12.0 V  36 C  err 0x00
>>> pos 30
id 30  pos  2064  spd     0  load  208  12.0 V  36 C  err 0x00
>>> pos 30
id 30  pos  2064  spd     0  load  208  12.1 V  36 C  err 0x00
>>> pos 30
id 30  pos  2064  spd     0  load  208  12.0 V  36 C  err 0x00
>>> pos 30
id 30  pos  2064  spd     0  load  208  12.0 V  36 C  err 0x00
>>> pos 30
id 30  pos  2064  spd     0  load  208  12.1 V  36 C  err 0x00
>>> pos 30
id 30  pos  2064  spd     0  load  208  12.0 V  36 C  err 0x00
>>> pos 30
id 30  pos  2064  spd     0  load  208  12.1 V  36 C  err 0x00
>>> pos 30
id 30  pos  2064  spd     0  load  208  12.1 V  36 C  err 0x00
>>> pos 30
id 30  pos  2064  spd     0  load  208  12.0 V  36 C  err 0x00
>>> pos 30
id 30  pos  2064  spd     0  load  208  12.0 V  36 C  err 0x00
>>> pos 30
id 30  pos  2064  spd     0  load  208  12.0 V  36 C  err 0x00
>>> pos 30
id 30  pos  2064  spd     0  load  208  12.0 V  36 C  err 0x00
>>> pos 30
id 30  pos  2064  spd     0  load  208  12.1 V  36 C  err 0x00
>>> pos 30
id 30  pos  2064  spd     0  load  208  12.1 V  36 C  err 0x00
>>> pos 30
id 30  pos  2064  spd     0  load  208  12.0 V  36 C  err 0x00
>>> pos 30
id 30  pos  2064  spd     0  load  208  12.0 V  36 C  err 0x00
>>> pos 30
id 30  pos  2064  spd     0  load  208  12.1 V  36 C  err 0x00
>>> pos 30
id 30  pos  2064  spd     0  load  208  12.1 V  36 C  err 0x00
>>> pos 30
id 30  pos  2064  spd     0  load  208  12.1 V  36 C  err 0x00
>>> pos 30
id 30  pos  2064  spd     0  load  208  12.0 V  36 C  err 0x00
>>> pos 30
id 30  pos  2064  spd     0  load  208  12.0 V  36 C  err 0x00
>>> pos 30
id 30  pos  2064  spd     0  load  208  12.0 V  36 C  err 0x00
>>> pos 30
id 30  pos  2064  spd     0  load  208  12.0 V  36 C  err 0x00
>>> pos 30
id 30  pos  2064  spd     0  load  208  12.0 V  36 C  err 0x00
>>> pos 30
id 30  pos  2064  spd     0  load  208  12.0 V  36 C  err 0x00
>>> pos 30
id 30  pos  2064  spd     0  load  208  12.1 V  36 C  err 0x00
>>> pos 30
id 30  pos  2064  spd     0  load  208  12.0 V  36 C  err 0x00
>>> pos 30
id 30  pos  2064  spd     0  load  208  12.1 V  37 C  err 0x00
>>> pos 30
id 30  pos  2064  spd     0  load  208  12.1 V  36 C  err 0x00
>>> pos 30
id 30  pos  2064  spd     0  load  208  12.0 V  36 C  err 0x00
>>> pos 30
id 30  pos  2064  spd     0  load  208  12.0 V  36 C  err 0x00
>>> pos 30
id 30  pos  2064  spd     0  load  208  12.0 V  36 C  err 0x00
>>> pos 30
id 30  pos  2064  spd     0  load  208  12.1 V  36 C  err 0x00
>>> pos 30
id 30  pos  2064  spd     0  load  208  12.0 V  36 C  err 0x00
>>> pos 30
id 30  pos  2064  spd     0  load  208  11.9 V  36 C  err 0x00
>>> pos 30
id 30  pos  2064  spd     0  load  208  12.1 V  36 C  err 0x00
>>> move 30 2034 0 100
move id 30 -> 2034 ticks, 0 ms, spd 100, acc 0: ok
>>> move 30 2057 0 100
move id 30 -> 2057 ticks, 0 ms, spd 100, acc 0: ok
>>> pos 30
id 30  pos  2042  spd     0  load  176  12.0 V  36 C  err 0x00
>>> pos 30
id 30  pos  2042  spd     0  load   48  12.1 V  36 C  err 0x00
>>> pos 30
id 30  pos  2046  spd    50  load  112  12.1 V  36 C  err 0x00
>>> pos 30
id 30  pos  2048  spd     0  load   32  12.1 V  36 C  err 0x00
>>> pos 30
id 30  pos  2052  spd   150  load   96  12.1 V  36 C  err 0x00
>>> pos 30
id 30  pos  2055  spd    50  load   48  12.1 V  36 C  err 0x00
>>> pos 30
id 30  pos  2058  spd    50  load   64  12.1 V  36 C  err 0x00
>>> pos 30
id 30  pos  2061  spd   150  load  128  12.1 V  36 C  err 0x00
>>> pos 30
id 30  pos  2061  spd     0  load  112  12.1 V  36 C  err 0x00
>>> pos 30
id 30  pos  2061  spd     0  load  112  12.1 V  36 C  err 0x00
>>> pos 30
id 30  pos  2061  spd     0  load  112  12.1 V  36 C  err 0x00
>>> pos 30
id 30  pos  2061  spd     0  load  112  12.1 V  36 C  err 0x00
>>> pos 30
id 30  pos  2061  spd     0  load  112  12.1 V  36 C  err 0x00
>>> pos 30
id 30  pos  2061  spd     0  load  112  12.1 V  36 C  err 0x00
>>> pos 30
id 30  pos  2061  spd     0  load  112  12.1 V  36 C  err 0x00
>>> pos 30
id 30  pos  2061  spd     0  load  112  12.1 V  37 C  err 0x00
>>> pos 30
id 30  pos  2061  spd     0  load  112  12.1 V  36 C  err 0x00
>>> pos 30
id 30  pos  2061  spd     0  load  112  12.1 V  36 C  err 0x00
>>> pos 30
id 30  pos  2061  spd     0  load  112  12.1 V  36 C  err 0x00
>>> pos 30
id 30  pos  2061  spd     0  load  112  12.1 V  36 C  err 0x00
>>> pos 30
id 30  pos  2061  spd     0  load  112  12.1 V  36 C  err 0x00
>>> pos 30
id 30  pos  2061  spd     0  load  112  12.1 V  36 C  err 0x00
>>> pos 30
id 30  pos  2061  spd     0  load  112  12.1 V  36 C  err 0x00
>>> pos 30
id 30  pos  2061  spd     0  load  112  12.1 V  36 C  err 0x00
>>> pos 30
id 30  pos  2061  spd     0  load  112  12.1 V  36 C  err 0x00
>>> pos 30
id 30  pos  2061  spd     0  load  112  12.1 V  36 C  err 0x00
>>> pos 30
id 30  pos  2061  spd     0  load  112  12.1 V  36 C  err 0x00
>>> pos 30
id 30  pos  2061  spd     0  load  112  12.1 V  36 C  err 0x00
>>> pos 30
id 30  pos  2061  spd     0  load  112  12.1 V  36 C  err 0x00
>>> pos 30
id 30  pos  2061  spd     0  load  112  12.1 V  36 C  err 0x00
>>> pos 30
id 30  pos  2061  spd     0  load  112  12.1 V  36 C  err 0x00
>>> pos 30
id 30  pos  2061  spd     0  load  112  12.1 V  36 C  err 0x00
>>> pos 30
id 30  pos  2061  spd     0  load  112  12.1 V  36 C  err 0x00
>>> pos 30
id 30  pos  2061  spd     0  load  112  12.1 V  36 C  err 0x00
>>> pos 30
id 30  pos  2061  spd     0  load  112  12.1 V  37 C  err 0x00
>>> pos 30
id 30  pos  2061  spd     0  load  112  12.1 V  36 C  err 0x00
>>> pos 30
id 30  pos  2061  spd     0  load  112  12.1 V  36 C  err 0x00
>>> pos 30
id 30  pos  2061  spd     0  load  112  12.1 V  36 C  err 0x00
>>> pos 30
id 30  pos  2061  spd     0  load  112  12.1 V  36 C  err 0x00
>>> pos 30
id 30  pos  2061  spd     0  load  112  12.1 V  36 C  err 0x00
>>> pos 30
id 30  pos  2061  spd     0  load  112  12.1 V  36 C  err 0x00
>>> pos 30
id 30  pos  2061  spd     0  load  112  12.1 V  36 C  err 0x00
>>> pos 30
id 30  pos  2061  spd     0  load  112  12.1 V  36 C  err 0x00
>>> pos 30
id 30  pos  2061  spd     0  load  112  12.1 V  36 C  err 0x00
>>> pos 30
id 30  pos  2061  spd     0  load  112  12.1 V  36 C  err 0x00
>>> pos 30
id 30  pos  2061  spd     0  load  112  12.1 V  36 C  err 0x00
>>> pos 30
id 30  pos  2061  spd     0  load  112  12.1 V  36 C  err 0x00
>>> pos 30
id 30  pos  2061  spd     0  load  112  12.1 V  36 C  err 0x00
>>> pos 30
id 30  pos  2061  spd     0  load  112  12.1 V  36 C  err 0x00
>>> pos 30
id 30  pos  2061  spd     0  load  112  12.1 V  36 C  err 0x00
>>> pos 30
id 30  pos  2061  spd     0  load  112  12.1 V  36 C  err 0x00
>>> pos 30
id 30  pos  2061  spd     0  load  112  12.1 V  36 C  err 0x00
>>> pos 30
id 30  pos  2061  spd     0  load  112  12.1 V  36 C  err 0x00
>>> pos 30
id 30  pos  2061  spd     0  load  112  12.1 V  36 C  err 0x00
>>> pos 30
id 30  pos  2061  spd     0  load  112  12.1 V  36 C  err 0x00
>>> pos 30
id 30  pos  2061  spd     0  load  112  12.1 V  36 C  err 0x00
>>> pos 30
id 30  pos  2061  spd     0  load  112  12.1 V  36 C  err 0x00
>>> pos 30
id 30  pos  2061  spd     0  load  112  12.1 V  36 C  err 0x00
>>> pos 30
id 30  pos  2061  spd     0  load  112  12.1 V  36 C  err 0x00
>>> pos 30
id 30  pos  2061  spd     0  load  112  12.1 V  36 C  err 0x00
>>> pos 30
id 30  pos  2061  spd     0  load  112  12.1 V  37 C  err 0x00
>>> pos 30
id 30  pos  2061  spd     0  load  112  12.1 V  36 C  err 0x00
>>> pos 30
id 30  pos  2061  spd     0  load  112  12.1 V  36 C  err 0x00
>>> pos 30
id 30  pos  2061  spd     0  load  112  12.1 V  36 C  err 0x00
>>> pos 30
id 30  pos  2061  spd     0  load  112  12.1 V  36 C  err 0x00
>>> pos 30
id 30  pos  2061  spd     0  load  112  12.1 V  36 C  err 0x00
>>> pos 30
id 30  pos  2061  spd     0  load  112  12.1 V  36 C  err 0x00
>>> pos 30
id 30  pos  2061  spd     0  load  112  12.1 V  36 C  err 0x00
>>> pos 30
id 30  pos  2061  spd     0  load  112  12.1 V  36 C  err 0x00
>>> pos 30
id 30  pos  2061  spd     0  load  112  12.1 V  36 C  err 0x00
>>> pos 30
id 30  pos  2061  spd     0  load  112  12.1 V  36 C  err 0x00
>>> pos 30
id 30  pos  2061  spd     0  load  112  12.1 V  36 C  err 0x00
>>> pos 30
id 30  pos  2061  spd     0  load  112  12.1 V  36 C  err 0x00
>>> pos 30
id 30  pos  2061  spd     0  load  112  12.1 V  36 C  err 0x00
>>> pos 30
id 30  pos  2061  spd     0  load  112  12.1 V  36 C  err 0x00
>>> pos 30
id 30  pos  2061  spd     0  load  112  12.1 V  36 C  err 0x00
>>> pos 30
id 30  pos  2061  spd     0  load  112  12.1 V  36 C  err 0x00
>>> pos 30
id 30  pos  2061  spd     0  load  112  12.1 V  36 C  err 0x00
>>> pos 30
id 30  pos  2061  spd     0  load  112  12.1 V  36 C  err 0x00
>>> pos 30
id 30  pos  2061  spd     0  load  112  12.1 V  36 C  err 0x00
>>> pos 30
id 30  pos  2061  spd     0  load  112  12.1 V  35 C  err 0x00
>>> pos 30
id 30  pos  2061  spd     0  load  112  12.1 V  36 C  err 0x00
>>> pos 30
id 30  pos  2061  spd     0  load  112  12.1 V  36 C  err 0x00
>>> pos 30
id 30  pos  2061  spd     0  load  112  12.1 V  36 C  err 0x00
>>> pos 30
id 30  pos  2061  spd     0  load  112  12.1 V  36 C  err 0x00
>>> pos 30
id 30  pos  2061  spd     0  load  112  12.1 V  36 C  err 0x00
>>> pos 30
id 30  pos  2061  spd     0  load  112  12.1 V  36 C  err 0x00
>>> pos 30
id 30  pos  2061  spd     0  load  112  12.1 V  36 C  err 0x00
>>> pos 30
id 30  pos  2061  spd     0  load  112  12.1 V  36 C  err 0x00
>>> pos 30
id 30  pos  2061  spd     0  load  112  12.1 V  36 C  err 0x00
>>> pos 30
id 30  pos  2061  spd     0  load  112  12.1 V  36 C  err 0x00
  3 bottle(s): static +6.00 (load 176, range 0) | from above +7.00 (load 208, over 0, settle 0.265) | from below +4.00 (load 112, over 0, settle 0.2651) | err 0

HANG bottle #4 (total 4); press enter when done
< ''
>>> pos 30
id 30  pos  2063  spd     0  load  176  12.1 V  37 C  err 0x00
>>> pos 30
id 30  pos  2063  spd     0  load  176  12.1 V  36 C  err 0x00
>>> pos 30
id 30  pos  2063  spd     0  load  176  12.0 V  37 C  err 0x00
>>> pos 30
id 30  pos  2063  spd     0  load  176  12.0 V  37 C  err 0x00
>>> pos 30
id 30  pos  2063  spd     0  load  176  12.1 V  36 C  err 0x00
>>> pos 30
id 30  pos  2063  spd     0  load  176  12.1 V  37 C  err 0x00
>>> pos 30
id 30  pos  2063  spd     0  load  176  12.1 V  37 C  err 0x00
>>> pos 30
id 30  pos  2063  spd     0  load  176  12.0 V  36 C  err 0x00
>>> pos 30
id 30  pos  2063  spd     0  load  176  12.1 V  36 C  err 0x00
>>> pos 30
id 30  pos  2063  spd     0  load  176  12.1 V  37 C  err 0x00
>>> pos 30
id 30  pos  2063  spd     0  load  176  12.0 V  37 C  err 0x00
>>> pos 30
id 30  pos  2063  spd     0  load  176  12.1 V  36 C  err 0x00
>>> pos 30
id 30  pos  2063  spd     0  load  176  12.0 V  36 C  err 0x00
>>> pos 30
id 30  pos  2063  spd     0  load  176  12.0 V  37 C  err 0x00
>>> pos 30
id 30  pos  2063  spd     0  load  176  12.1 V  36 C  err 0x00
>>> pos 30
id 30  pos  2063  spd     0  load  176  12.1 V  37 C  err 0x00
>>> pos 30
id 30  pos  2063  spd     0  load  176  12.1 V  37 C  err 0x00
>>> pos 30
id 30  pos  2063  spd     0  load  176  12.0 V  36 C  err 0x00
>>> pos 30
id 30  pos  2063  spd     0  load  176  12.0 V  36 C  err 0x00
>>> pos 30
id 30  pos  2063  spd     0  load  176  12.1 V  37 C  err 0x00
>>> move 30 2080 0 100
move id 30 -> 2080 ticks, 0 ms, spd 100, acc 0: ok
>>> move 30 2057 0 100
move id 30 -> 2057 ticks, 0 ms, spd 100, acc 0: ok
>>> pos 30
id 30  pos  2085  spd     0  load  272  12.0 V  37 C  err 0x00
>>> pos 30
id 30  pos  2084  spd     0  load  368  11.9 V  36 C  err 0x00
>>> pos 30
id 30  pos  2083  spd   -50  load  432  11.8 V  37 C  err 0x00
>>> pos 30
id 30  pos  2082  spd   -50  load  496  11.7 V  37 C  err 0x00
>>> pos 30
id 30  pos  2077  spd  -200  load  400  11.9 V  36 C  err 0x00
>>> pos 30
id 30  pos  2074  spd   -50  load  464  11.8 V  36 C  err 0x00
>>> pos 30
id 30  pos  2070  spd  -200  load  384  11.9 V  36 C  err 0x00
>>> pos 30
id 30  pos  2069  spd   -50  load  352  11.9 V  37 C  err 0x00
>>> pos 30
id 30  pos  2068  spd     0  load  320  11.9 V  36 C  err 0x00
>>> pos 30
id 30  pos  2068  spd     0  load  336  11.9 V  36 C  err 0x00
>>> pos 30
id 30  pos  2068  spd     0  load  336  11.9 V  37 C  err 0x00
>>> pos 30
id 30  pos  2068  spd     0  load  336  11.9 V  36 C  err 0x00
>>> pos 30
id 30  pos  2068  spd     0  load  336  11.9 V  36 C  err 0x00
>>> pos 30
id 30  pos  2068  spd     0  load  336  11.9 V  36 C  err 0x00
>>> pos 30
id 30  pos  2068  spd     0  load  336  11.9 V  37 C  err 0x00
>>> pos 30
id 30  pos  2068  spd     0  load  336  11.9 V  37 C  err 0x00
>>> pos 30
id 30  pos  2068  spd     0  load  336  11.9 V  37 C  err 0x00
>>> pos 30
id 30  pos  2068  spd     0  load  336  11.9 V  36 C  err 0x00
>>> pos 30
id 30  pos  2068  spd     0  load  336  11.9 V  36 C  err 0x00
>>> pos 30
id 30  pos  2068  spd     0  load  336  11.9 V  36 C  err 0x00
>>> pos 30
id 30  pos  2068  spd     0  load  336  11.9 V  36 C  err 0x00
>>> pos 30
id 30  pos  2068  spd     0  load  336  11.9 V  37 C  err 0x00
>>> pos 30
id 30  pos  2068  spd     0  load  336  11.9 V  37 C  err 0x00
>>> pos 30
id 30  pos  2068  spd     0  load  336  11.9 V  36 C  err 0x00
>>> pos 30
id 30  pos  2068  spd     0  load  336  11.9 V  37 C  err 0x00
>>> pos 30
id 30  pos  2068  spd     0  load  336  11.9 V  37 C  err 0x00
>>> pos 30
id 30  pos  2068  spd     0  load  336  11.9 V  36 C  err 0x00
>>> pos 30
id 30  pos  2068  spd     0  load  336  11.9 V  36 C  err 0x00
>>> pos 30
id 30  pos  2068  spd     0  load  336  11.9 V  36 C  err 0x00
>>> pos 30
id 30  pos  2068  spd     0  load  336  11.9 V  37 C  err 0x00
>>> pos 30
id 30  pos  2068  spd     0  load  336  11.9 V  36 C  err 0x00
>>> pos 30
id 30  pos  2068  spd     0  load  336  11.9 V  37 C  err 0x00
>>> pos 30
id 30  pos  2068  spd     0  load  336  11.9 V  36 C  err 0x00
>>> pos 30
id 30  pos  2068  spd     0  load  336  11.9 V  36 C  err 0x00
>>> pos 30
id 30  pos  2068  spd     0  load  336  11.9 V  37 C  err 0x00
>>> pos 30
id 30  pos  2068  spd     0  load  336  11.9 V  36 C  err 0x00
>>> pos 30
id 30  pos  2068  spd     0  load  336  11.9 V  36 C  err 0x00
>>> pos 30
id 30  pos  2068  spd     0  load  336  11.9 V  37 C  err 0x00
>>> pos 30
id 30  pos  2068  spd     0  load  336  11.9 V  37 C  err 0x00
>>> pos 30
id 30  pos  2068  spd     0  load  336  11.9 V  37 C  err 0x00
>>> pos 30
id 30  pos  2068  spd     0  load  336  11.9 V  36 C  err 0x00
>>> pos 30
id 30  pos  2068  spd     0  load  336  11.9 V  37 C  err 0x00
>>> pos 30
id 30  pos  2068  spd     0  load  336  11.9 V  37 C  err 0x00
>>> pos 30
id 30  pos  2068  spd     0  load  336  11.9 V  36 C  err 0x00
>>> pos 30
id 30  pos  2068  spd     0  load  336  11.9 V  36 C  err 0x00
>>> pos 30
id 30  pos  2068  spd     0  load  336  11.9 V  36 C  err 0x00
>>> pos 30
id 30  pos  2068  spd     0  load  336  11.9 V  36 C  err 0x00
>>> pos 30
id 30  pos  2068  spd     0  load  336  11.9 V  37 C  err 0x00
>>> pos 30
id 30  pos  2068  spd     0  load  336  11.9 V  36 C  err 0x00
>>> pos 30
id 30  pos  2068  spd     0  load  336  11.9 V  37 C  err 0x00
>>> pos 30
id 30  pos  2068  spd     0  load  336  11.9 V  37 C  err 0x00
>>> pos 30
id 30  pos  2068  spd     0  load  336  11.9 V  37 C  err 0x00
>>> pos 30
id 30  pos  2068  spd     0  load  336  11.9 V  37 C  err 0x00
>>> pos 30
id 30  pos  2068  spd     0  load  336  11.9 V  37 C  err 0x00
>>> pos 30
id 30  pos  2068  spd     0  load  336  11.9 V  37 C  err 0x00
>>> pos 30
id 30  pos  2068  spd     0  load  336  11.9 V  36 C  err 0x00
>>> pos 30
id 30  pos  2068  spd     0  load  336  11.9 V  37 C  err 0x00
>>> pos 30
id 30  pos  2068  spd     0  load  336  11.9 V  37 C  err 0x00
>>> pos 30
id 30  pos  2068  spd     0  load  336  11.9 V  37 C  err 0x00
>>> pos 30
id 30  pos  2068  spd     0  load  336  11.9 V  37 C  err 0x00
>>> pos 30
id 30  pos  2068  spd     0  load  336  11.9 V  36 C  err 0x00
>>> pos 30
id 30  pos  2068  spd     0  load  336  11.9 V  36 C  err 0x00
>>> pos 30
id 30  pos  2068  spd     0  load  336  11.9 V  37 C  err 0x00
>>> pos 30
id 30  pos  2068  spd     0  load  336  11.9 V  37 C  err 0x00
>>> pos 30
id 30  pos  2068  spd     0  load  336  11.9 V  37 C  err 0x00
>>> pos 30
id 30  pos  2068  spd     0  load  336  11.9 V  36 C  err 0x00
>>> pos 30
id 30  pos  2068  spd     0  load  336  11.9 V  36 C  err 0x00
>>> pos 30
id 30  pos  2068  spd     0  load  336  11.9 V  36 C  err 0x00
>>> pos 30
id 30  pos  2068  spd     0  load  336  11.9 V  37 C  err 0x00
>>> pos 30
id 30  pos  2068  spd     0  load  336  11.9 V  37 C  err 0x00
>>> pos 30
id 30  pos  2068  spd     0  load  336  11.9 V  37 C  err 0x00
>>> pos 30
id 30  pos  2068  spd     0  load  336  11.9 V  37 C  err 0x00
>>> pos 30
id 30  pos  2068  spd     0  load  336  11.9 V  37 C  err 0x00
>>> pos 30
id 30  pos  2068  spd     0  load  336  11.9 V  37 C  err 0x00
>>> pos 30
id 30  pos  2068  spd     0  load  336  11.9 V  36 C  err 0x00
>>> pos 30
id 30  pos  2068  spd     0  load  336  11.9 V  37 C  err 0x00
>>> pos 30
id 30  pos  2068  spd     0  load  336  11.9 V  37 C  err 0x00
>>> pos 30
id 30  pos  2068  spd     0  load  336  11.9 V  37 C  err 0x00
>>> pos 30
id 30  pos  2068  spd     0  load  336  11.9 V  37 C  err 0x00
>>> pos 30
id 30  pos  2068  spd     0  load  336  11.9 V  37 C  err 0x00
>>> pos 30
id 30  pos  2068  spd     0  load  336  11.9 V  37 C  err 0x00
>>> pos 30
id 30  pos  2068  spd     0  load  336  11.9 V  37 C  err 0x00
>>> pos 30
id 30  pos  2068  spd     0  load  336  11.9 V  37 C  err 0x00
>>> pos 30
id 30  pos  2068  spd     0  load  336  11.9 V  37 C  err 0x00
>>> pos 30
id 30  pos  2068  spd     0  load  336  11.9 V  37 C  err 0x00
>>> pos 30
id 30  pos  2068  spd     0  load  336  11.9 V  37 C  err 0x00
>>> pos 30
id 30  pos  2068  spd     0  load  336  11.9 V  37 C  err 0x00
>>> pos 30
id 30  pos  2068  spd     0  load  336  11.9 V  37 C  err 0x00
>>> pos 30
id 30  pos  2068  spd     0  load  336  11.9 V  37 C  err 0x00
>>> pos 30
id 30  pos  2068  spd     0  load  336  11.9 V  37 C  err 0x00
>>> pos 30
id 30  pos  2068  spd     0  load  336  11.9 V  37 C  err 0x00
>>> move 30 2034 0 100
move id 30 -> 2034 ticks, 0 ms, spd 100, acc 0: ok
>>> move 30 2057 0 100
move id 30 -> 2057 ticks, 0 ms, spd 100, acc 0: ok
>>> pos 30
id 30  pos  2044  spd     0  load  224  12.0 V  37 C  err 0x00
>>> pos 30
id 30  pos  2044  spd     0  load   80  12.1 V  37 C  err 0x00
>>> pos 30
id 30  pos  2047  spd    50  load  128  12.1 V  37 C  err 0x00
>>> pos 30
id 30  pos  2049  spd    50  load   48  12.1 V  37 C  err 0x00
>>> pos 30
id 30  pos  2053  spd   100  load  112  12.1 V  37 C  err 0x00
>>> pos 30
id 30  pos  2056  spd    50  load   96  12.1 V  37 C  err 0x00
>>> pos 30
id 30  pos  2058  spd   100  load   48  12.1 V  37 C  err 0x00
>>> pos 30
id 30  pos  2062  spd   150  load  176  12.1 V  37 C  err 0x00
>>> pos 30
id 30  pos  2062  spd     0  load  144  12.1 V  38 C  err 0x00
>>> pos 30
id 30  pos  2063  spd     0  load  192  12.1 V  37 C  err 0x00
>>> pos 30
id 30  pos  2063  spd     0  load  176  12.0 V  37 C  err 0x00
>>> pos 30
id 30  pos  2063  spd     0  load  176  12.0 V  37 C  err 0x00
>>> pos 30
id 30  pos  2063  spd     0  load  176  11.8 V  37 C  err 0x00
>>> pos 30
id 30  pos  2063  spd     0  load  176  12.1 V  37 C  err 0x00
>>> pos 30
id 30  pos  2063  spd     0  load  176  12.1 V  37 C  err 0x00
>>> pos 30
id 30  pos  2063  spd     0  load  176  12.1 V  37 C  err 0x00
>>> pos 30
id 30  pos  2063  spd     0  load  176  12.1 V  37 C  err 0x00
>>> pos 30
id 30  pos  2063  spd     0  load  176  12.1 V  37 C  err 0x00
>>> pos 30
id 30  pos  2063  spd     0  load  176  12.0 V  37 C  err 0x00
>>> pos 30
id 30  pos  2063  spd     0  load  176  12.1 V  37 C  err 0x00
>>> pos 30
id 30  pos  2063  spd     0  load  176  12.0 V  37 C  err 0x00
>>> pos 30
id 30  pos  2063  spd     0  load  176  12.1 V  37 C  err 0x00
>>> pos 30
id 30  pos  2063  spd     0  load  176  12.1 V  37 C  err 0x00
>>> pos 30
id 30  pos  2063  spd     0  load  176  12.1 V  37 C  err 0x00
>>> pos 30
id 30  pos  2063  spd     0  load  176  12.1 V  37 C  err 0x00
>>> pos 30
id 30  pos  2063  spd     0  load  176  12.0 V  37 C  err 0x00
>>> pos 30
id 30  pos  2063  spd     0  load  176  12.0 V  37 C  err 0x00
>>> pos 30
id 30  pos  2063  spd     0  load  176  12.0 V  37 C  err 0x00
>>> pos 30
id 30  pos  2063  spd     0  load  176  12.0 V  37 C  err 0x00
>>> pos 30
id 30  pos  2063  spd     0  load  176  12.1 V  37 C  err 0x00
>>> pos 30
id 30  pos  2063  spd     0  load  176  12.1 V  37 C  err 0x00
>>> pos 30
id 30  pos  2063  spd     0  load  176  12.0 V  37 C  err 0x00
>>> pos 30
id 30  pos  2063  spd     0  load  176  12.1 V  37 C  err 0x00
>>> pos 30
id 30  pos  2063  spd     0  load  176  12.1 V  37 C  err 0x00
>>> pos 30
id 30  pos  2063  spd     0  load  176  12.0 V  37 C  err 0x00
>>> pos 30
id 30  pos  2063  spd     0  load  176  12.1 V  37 C  err 0x00
>>> pos 30
id 30  pos  2063  spd     0  load  176  12.1 V  37 C  err 0x00
>>> pos 30
id 30  pos  2063  spd     0  load  176  12.1 V  37 C  err 0x00
>>> pos 30
id 30  pos  2063  spd     0  load  176  12.1 V  37 C  err 0x00
>>> pos 30
id 30  pos  2063  spd     0  load  176  12.0 V  37 C  err 0x00
>>> pos 30
id 30  pos  2063  spd     0  load  176  12.0 V  37 C  err 0x00
>>> pos 30
id 30  pos  2063  spd     0  load  176  12.0 V  37 C  err 0x00
>>> pos 30
id 30  pos  2063  spd     0  load  176  12.1 V  37 C  err 0x00
>>> pos 30
id 30  pos  2063  spd     0  load  176  12.1 V  37 C  err 0x00
>>> pos 30
id 30  pos  2063  spd     0  load  176  12.1 V  37 C  err 0x00
>>> pos 30
id 30  pos  2063  spd     0  load  176  12.0 V  37 C  err 0x00
>>> pos 30
id 30  pos  2063  spd     0  load  176  12.0 V  37 C  err 0x00
>>> pos 30
id 30  pos  2063  spd     0  load  176  12.0 V  37 C  err 0x00
>>> pos 30
id 30  pos  2063  spd     0  load  176  12.1 V  37 C  err 0x00
>>> pos 30
id 30  pos  2063  spd     0  load  176  12.1 V  37 C  err 0x00
>>> pos 30
id 30  pos  2063  spd     0  load  176  12.0 V  37 C  err 0x00
>>> pos 30
id 30  pos  2063  spd     0  load  176  12.0 V  37 C  err 0x00
>>> pos 30
id 30  pos  2063  spd     0  load  176  12.1 V  38 C  err 0x00
>>> pos 30
id 30  pos  2063  spd     0  load  176  12.1 V  37 C  err 0x00
>>> pos 30
id 30  pos  2063  spd     0  load  176  12.0 V  37 C  err 0x00
>>> pos 30
id 30  pos  2063  spd     0  load  176  12.1 V  37 C  err 0x00
>>> pos 30
id 30  pos  2063  spd     0  load  176  12.0 V  37 C  err 0x00
>>> pos 30
id 30  pos  2063  spd     0  load  176  12.0 V  37 C  err 0x00
>>> pos 30
id 30  pos  2063  spd     0  load  176  12.0 V  37 C  err 0x00
>>> pos 30
id 30  pos  2063  spd     0  load  176  12.1 V  37 C  err 0x00
>>> pos 30
id 30  pos  2063  spd     0  load  176  12.1 V  37 C  err 0x00
>>> pos 30
id 30  pos  2063  spd     0  load  176  12.0 V  37 C  err 0x00
>>> pos 30
id 30  pos  2063  spd     0  load  176  12.1 V  37 C  err 0x00
>>> pos 30
id 30  pos  2063  spd     0  load  176  12.1 V  37 C  err 0x00
>>> pos 30
id 30  pos  2063  spd     0  load  176  12.0 V  37 C  err 0x00
>>> pos 30
id 30  pos  2063  spd     0  load  176  12.1 V  37 C  err 0x00
>>> pos 30
id 30  pos  2063  spd     0  load  176  12.0 V  37 C  err 0x00
>>> pos 30
id 30  pos  2063  spd     0  load  176  12.0 V  37 C  err 0x00
>>> pos 30
id 30  pos  2063  spd     0  load  176  12.1 V  37 C  err 0x00
>>> pos 30
id 30  pos  2063  spd     0  load  176  12.0 V  37 C  err 0x00
>>> pos 30
id 30  pos  2063  spd     0  load  176  12.0 V  37 C  err 0x00
>>> pos 30
id 30  pos  2063  spd     0  load  176  12.1 V  38 C  err 0x00
>>> pos 30
id 30  pos  2063  spd     0  load  176  12.1 V  37 C  err 0x00
>>> pos 30
id 30  pos  2063  spd     0  load  176  12.0 V  37 C  err 0x00
>>> pos 30
id 30  pos  2063  spd     0  load  176  12.1 V  37 C  err 0x00
>>> pos 30
id 30  pos  2063  spd     0  load  176  12.0 V  37 C  err 0x00
>>> pos 30
id 30  pos  2063  spd     0  load  176  12.1 V  37 C  err 0x00
>>> pos 30
id 30  pos  2063  spd     0  load  176  12.0 V  37 C  err 0x00
>>> pos 30
id 30  pos  2063  spd     0  load  176  12.1 V  37 C  err 0x00
>>> pos 30
id 30  pos  2063  spd     0  load  176  12.0 V  37 C  err 0x00
>>> pos 30
id 30  pos  2063  spd     0  load  176  12.0 V  37 C  err 0x00
>>> pos 30
id 30  pos  2063  spd     0  load  176  12.1 V  37 C  err 0x00
>>> pos 30
id 30  pos  2063  spd     0  load  176  12.0 V  37 C  err 0x00
>>> pos 30
id 30  pos  2063  spd     0  load  176  12.1 V  37 C  err 0x00
>>> pos 30
id 30  pos  2063  spd     0  load  176  12.0 V  37 C  err 0x00
>>> pos 30
id 30  pos  2063  spd     0  load  176  12.0 V  37 C  err 0x00
>>> pos 30
id 30  pos  2063  spd     0  load  176  12.1 V  37 C  err 0x00
>>> pos 30
id 30  pos  2063  spd     0  load  176  12.1 V  37 C  err 0x00
>>> pos 30
id 30  pos  2063  spd     0  load  176  12.1 V  37 C  err 0x00
>>> pos 30
id 30  pos  2063  spd     0  load  176  12.1 V  37 C  err 0x00
>>> pos 30
id 30  pos  2063  spd     0  load  176  12.0 V  37 C  err 0x00
  4 bottle(s): static +6.00 (load 176, range 0) | from above +11.00 (load 336, over 0, settle 0.2651) | from below +6.00 (load 176, over 0, settle 0.2651) | err 0

LIFT ALL bottles OFF; press enter when done
< ''
>>> pos 30
id 30  pos  2057  spd     0  load    0  12.1 V  37 C  err 0x00
>>> pos 30
id 30  pos  2057  spd     0  load    0  12.1 V  37 C  err 0x00
>>> pos 30
id 30  pos  2057  spd     0  load    0  12.1 V  37 C  err 0x00
>>> pos 30
id 30  pos  2057  spd     0  load    0  12.1 V  37 C  err 0x00
>>> pos 30
id 30  pos  2057  spd     0  load    0  12.1 V  37 C  err 0x00
>>> pos 30
id 30  pos  2057  spd     0  load    0  12.1 V  37 C  err 0x00
>>> pos 30
id 30  pos  2057  spd     0  load    0  12.1 V  37 C  err 0x00
>>> pos 30
id 30  pos  2057  spd     0  load    0  12.1 V  37 C  err 0x00
>>> pos 30
id 30  pos  2057  spd     0  load    0  12.1 V  37 C  err 0x00
>>> pos 30
id 30  pos  2057  spd     0  load    0  12.1 V  37 C  err 0x00
>>> pos 30
id 30  pos  2057  spd     0  load    0  12.1 V  37 C  err 0x00
>>> pos 30
id 30  pos  2057  spd     0  load    0  12.1 V  37 C  err 0x00
>>> pos 30
id 30  pos  2057  spd     0  load    0  12.1 V  37 C  err 0x00
>>> pos 30
id 30  pos  2057  spd     0  load    0  12.1 V  37 C  err 0x00
>>> pos 30
id 30  pos  2057  spd     0  load    0  12.1 V  37 C  err 0x00
>>> pos 30
id 30  pos  2057  spd     0  load    0  12.1 V  37 C  err 0x00
>>> pos 30
id 30  pos  2057  spd     0  load    0  12.1 V  37 C  err 0x00
>>> pos 30
id 30  pos  2057  spd     0  load    0  12.1 V  37 C  err 0x00
>>> pos 30
id 30  pos  2057  spd     0  load    0  12.1 V  37 C  err 0x00
>>> pos 30
id 30  pos  2057  spd     0  load    0  12.1 V  37 C  err 0x00
>>> move 30 2080 0 100
move id 30 -> 2080 ticks, 0 ms, spd 100, acc 0: ok
>>> move 30 2057 0 100
move id 30 -> 2057 ticks, 0 ms, spd 100, acc 0: ok
>>> pos 30
id 30  pos  2079  spd     0  load   48  12.1 V  37 C  err 0x00
>>> pos 30
id 30  pos  2075  spd  -200  load    0  12.1 V  37 C  err 0x00
>>> pos 30
id 30  pos  2073  spd  -100  load  112  12.1 V  37 C  err 0x00
>>> pos 30
id 30  pos  2068  spd  -200  load    0  12.1 V  37 C  err 0x00
>>> pos 30
id 30  pos  2067  spd     0  load  112  12.1 V  37 C  err 0x00
>>> pos 30
id 30  pos  2061  spd  -200  load  -48  12.1 V  37 C  err 0x00
>>> pos 30
id 30  pos  2060  spd     0  load  112  12.1 V  37 C  err 0x00
>>> pos 30
id 30  pos  2057  spd  -200  load  -32  12.1 V  37 C  err 0x00
>>> pos 30
id 30  pos  2057  spd     0  load    0  12.1 V  37 C  err 0x00
>>> pos 30
id 30  pos  2057  spd     0  load    0  12.1 V  37 C  err 0x00
>>> pos 30
id 30  pos  2057  spd     0  load    0  12.1 V  37 C  err 0x00
>>> pos 30
id 30  pos  2057  spd     0  load    0  12.1 V  37 C  err 0x00
>>> pos 30
id 30  pos  2057  spd     0  load    0  12.1 V  37 C  err 0x00
>>> pos 30
id 30  pos  2057  spd     0  load    0  12.1 V  37 C  err 0x00
>>> pos 30
id 30  pos  2057  spd     0  load    0  12.1 V  37 C  err 0x00
>>> pos 30
id 30  pos  2057  spd     0  load    0  12.1 V  37 C  err 0x00
>>> pos 30
id 30  pos  2057  spd     0  load    0  12.1 V  37 C  err 0x00
>>> pos 30
id 30  pos  2057  spd     0  load    0  12.1 V  37 C  err 0x00
>>> pos 30
id 30  pos  2057  spd     0  load    0  12.1 V  37 C  err 0x00
>>> pos 30
id 30  pos  2057  spd     0  load    0  12.1 V  37 C  err 0x00
>>> pos 30
id 30  pos  2057  spd     0  load    0  12.1 V  37 C  err 0x00
>>> pos 30
id 30  pos  2057  spd     0  load    0  12.1 V  37 C  err 0x00
>>> pos 30
id 30  pos  2057  spd     0  load    0  12.1 V  37 C  err 0x00
>>> pos 30
id 30  pos  2057  spd     0  load    0  12.1 V  37 C  err 0x00
>>> pos 30
id 30  pos  2057  spd     0  load    0  12.1 V  37 C  err 0x00
>>> pos 30
id 30  pos  2057  spd     0  load    0  12.1 V  37 C  err 0x00
>>> pos 30
id 30  pos  2057  spd     0  load    0  12.1 V  37 C  err 0x00
>>> pos 30
id 30  pos  2057  spd     0  load    0  12.1 V  37 C  err 0x00
>>> pos 30
id 30  pos  2057  spd     0  load    0  12.1 V  37 C  err 0x00
>>> pos 30
id 30  pos  2057  spd     0  load    0  12.1 V  37 C  err 0x00
>>> pos 30
id 30  pos  2057  spd     0  load    0  12.1 V  37 C  err 0x00
>>> pos 30
id 30  pos  2057  spd     0  load    0  12.1 V  37 C  err 0x00
>>> pos 30
id 30  pos  2057  spd     0  load    0  12.1 V  37 C  err 0x00
>>> pos 30
id 30  pos  2057  spd     0  load    0  12.1 V  37 C  err 0x00
>>> pos 30
id 30  pos  2057  spd     0  load    0  12.1 V  37 C  err 0x00
>>> pos 30
id 30  pos  2057  spd     0  load    0  12.1 V  37 C  err 0x00
>>> pos 30
id 30  pos  2057  spd     0  load    0  12.1 V  37 C  err 0x00
>>> pos 30
id 30  pos  2057  spd     0  load    0  12.1 V  37 C  err 0x00
>>> pos 30
id 30  pos  2057  spd     0  load    0  12.1 V  37 C  err 0x00
>>> pos 30
id 30  pos  2057  spd     0  load    0  12.1 V  37 C  err 0x00
>>> pos 30
id 30  pos  2057  spd     0  load    0  12.1 V  37 C  err 0x00
>>> pos 30
id 30  pos  2057  spd     0  load    0  12.1 V  37 C  err 0x00
>>> pos 30
id 30  pos  2057  spd     0  load    0  12.1 V  37 C  err 0x00
>>> pos 30
id 30  pos  2057  spd     0  load    0  12.1 V  37 C  err 0x00
>>> pos 30
id 30  pos  2057  spd     0  load    0  12.1 V  37 C  err 0x00
>>> pos 30
id 30  pos  2057  spd     0  load    0  12.1 V  37 C  err 0x00
>>> pos 30
id 30  pos  2057  spd     0  load    0  12.1 V  37 C  err 0x00
>>> pos 30
id 30  pos  2057  spd     0  load    0  12.1 V  37 C  err 0x00
>>> pos 30
id 30  pos  2057  spd     0  load    0  12.1 V  37 C  err 0x00
>>> pos 30
id 30  pos  2057  spd     0  load    0  12.1 V  37 C  err 0x00
>>> pos 30
id 30  pos  2057  spd     0  load    0  12.1 V  37 C  err 0x00
>>> pos 30
id 30  pos  2057  spd     0  load    0  12.1 V  37 C  err 0x00
>>> pos 30
id 30  pos  2057  spd     0  load    0  12.1 V  37 C  err 0x00
>>> pos 30
id 30  pos  2057  spd     0  load    0  12.1 V  37 C  err 0x00
>>> pos 30
id 30  pos  2057  spd     0  load    0  12.1 V  37 C  err 0x00
>>> pos 30
id 30  pos  2057  spd     0  load    0  12.1 V  37 C  err 0x00
>>> pos 30
id 30  pos  2057  spd     0  load    0  12.1 V  37 C  err 0x00
>>> pos 30
id 30  pos  2057  spd     0  load    0  12.1 V  37 C  err 0x00
>>> pos 30
id 30  pos  2057  spd     0  load    0  12.1 V  37 C  err 0x00
>>> pos 30
id 30  pos  2057  spd     0  load    0  12.1 V  37 C  err 0x00
>>> pos 30
id 30  pos  2057  spd     0  load    0  12.1 V  37 C  err 0x00
>>> pos 30
id 30  pos  2057  spd     0  load    0  12.1 V  37 C  err 0x00
>>> pos 30
id 30  pos  2057  spd     0  load    0  12.1 V  37 C  err 0x00
>>> pos 30
id 30  pos  2057  spd     0  load    0  12.1 V  37 C  err 0x00
>>> pos 30
id 30  pos  2057  spd     0  load    0  12.1 V  37 C  err 0x00
>>> pos 30
id 30  pos  2057  spd     0  load    0  12.1 V  37 C  err 0x00
>>> pos 30
id 30  pos  2057  spd     0  load    0  12.1 V  37 C  err 0x00
>>> pos 30
id 30  pos  2057  spd     0  load    0  12.1 V  37 C  err 0x00
>>> pos 30
id 30  pos  2057  spd     0  load    0  12.1 V  37 C  err 0x00
>>> pos 30
id 30  pos  2057  spd     0  load    0  12.1 V  37 C  err 0x00
>>> pos 30
id 30  pos  2057  spd     0  load    0  12.1 V  37 C  err 0x00
>>> pos 30
id 30  pos  2057  spd     0  load    0  12.1 V  37 C  err 0x00
>>> pos 30
id 30  pos  2057  spd     0  load    0  12.1 V  37 C  err 0x00
>>> pos 30
id 30  pos  2057  spd     0  load    0  12.1 V  37 C  err 0x00
>>> pos 30
id 30  pos  2057  spd     0  load    0  12.1 V  37 C  err 0x00
>>> pos 30
id 30  pos  2057  spd     0  load    0  12.1 V  37 C  err 0x00
>>> pos 30
id 30  pos  2057  spd     0  load    0  12.1 V  37 C  err 0x00
>>> pos 30
id 30  pos  2057  spd     0  load    0  12.1 V  37 C  err 0x00
>>> pos 30
id 30  pos  2057  spd     0  load    0  12.1 V  37 C  err 0x00
>>> pos 30
id 30  pos  2057  spd     0  load    0  12.1 V  37 C  err 0x00
>>> pos 30
id 30  pos  2057  spd     0  load    0  12.1 V  37 C  err 0x00
>>> pos 30
id 30  pos  2057  spd     0  load    0  12.1 V  37 C  err 0x00
>>> pos 30
id 30  pos  2057  spd     0  load    0  12.1 V  37 C  err 0x00
>>> pos 30
id 30  pos  2057  spd     0  load    0  12.1 V  37 C  err 0x00
>>> pos 30
id 30  pos  2057  spd     0  load    0  12.1 V  37 C  err 0x00
>>> pos 30
id 30  pos  2057  spd     0  load    0  12.1 V  37 C  err 0x00
>>> pos 30
id 30  pos  2057  spd     0  load    0  12.1 V  37 C  err 0x00
>>> pos 30
id 30  pos  2057  spd     0  load    0  12.1 V  37 C  err 0x00
>>> pos 30
id 30  pos  2057  spd     0  load    0  12.1 V  37 C  err 0x00
>>> pos 30
id 30  pos  2057  spd     0  load    0  12.1 V  37 C  err 0x00
>>> pos 30
id 30  pos  2057  spd     0  load    0  12.1 V  37 C  err 0x00
>>> move 30 2034 0 100
move id 30 -> 2034 ticks, 0 ms, spd 100, acc 0: ok
>>> move 30 2057 0 100
move id 30 -> 2057 ticks, 0 ms, spd 100, acc 0: ok
>>> pos 30
id 30  pos  2035  spd     0  load    0  12.1 V  37 C  err 0x00
>>> pos 30
id 30  pos  2037  spd     0  load -112  12.1 V  37 C  err 0x00
>>> pos 30
id 30  pos  2040  spd    50  load  -80  12.1 V  37 C  err 0x00
>>> pos 30
id 30  pos  2045  spd   100  load   32  12.1 V  37 C  err 0x00
>>> pos 30
id 30  pos  2047  spd    50  load  -48  12.1 V  37 C  err 0x00
>>> pos 30
id 30  pos  2051  spd   150  load  -32  12.1 V  37 C  err 0x00
>>> pos 30
id 30  pos  2053  spd    50  load  -96  12.1 V  37 C  err 0x00
>>> pos 30
id 30  pos  2057  spd   200  load   48  12.1 V  37 C  err 0x00
>>> pos 30
id 30  pos  2057  spd     0  load    0  12.1 V  37 C  err 0x00
>>> pos 30
id 30  pos  2057  spd     0  load    0  12.1 V  37 C  err 0x00
>>> pos 30
id 30  pos  2057  spd     0  load    0  12.1 V  37 C  err 0x00
>>> pos 30
id 30  pos  2057  spd     0  load    0  12.1 V  37 C  err 0x00
>>> pos 30
id 30  pos  2057  spd     0  load    0  12.1 V  37 C  err 0x00
>>> pos 30
id 30  pos  2057  spd     0  load    0  12.1 V  37 C  err 0x00
>>> pos 30
id 30  pos  2057  spd     0  load    0  12.1 V  37 C  err 0x00
>>> pos 30
id 30  pos  2057  spd     0  load    0  12.1 V  37 C  err 0x00
>>> pos 30
id 30  pos  2057  spd     0  load    0  12.1 V  37 C  err 0x00
>>> pos 30
id 30  pos  2057  spd     0  load    0  12.1 V  37 C  err 0x00
>>> pos 30
id 30  pos  2057  spd     0  load    0  12.1 V  37 C  err 0x00
>>> pos 30
id 30  pos  2057  spd     0  load    0  12.1 V  37 C  err 0x00
>>> pos 30
id 30  pos  2057  spd     0  load    0  12.1 V  37 C  err 0x00
>>> pos 30
id 30  pos  2057  spd     0  load    0  12.1 V  37 C  err 0x00
>>> pos 30
id 30  pos  2057  spd     0  load    0  12.1 V  37 C  err 0x00
>>> pos 30
id 30  pos  2057  spd     0  load    0  12.1 V  37 C  err 0x00
>>> pos 30
id 30  pos  2057  spd     0  load    0  12.1 V  37 C  err 0x00
>>> pos 30
id 30  pos  2057  spd     0  load    0  12.1 V  37 C  err 0x00
>>> pos 30
id 30  pos  2057  spd     0  load    0  12.1 V  37 C  err 0x00
>>> pos 30
id 30  pos  2057  spd     0  load    0  12.1 V  37 C  err 0x00
>>> pos 30
id 30  pos  2057  spd     0  load    0  12.1 V  37 C  err 0x00
>>> pos 30
id 30  pos  2057  spd     0  load    0  12.1 V  37 C  err 0x00
>>> pos 30
id 30  pos  2057  spd     0  load    0  12.1 V  37 C  err 0x00
>>> pos 30
id 30  pos  2057  spd     0  load    0  12.1 V  37 C  err 0x00
>>> pos 30
id 30  pos  2057  spd     0  load    0  12.1 V  37 C  err 0x00
>>> pos 30
id 30  pos  2057  spd     0  load    0  12.1 V  37 C  err 0x00
>>> pos 30
id 30  pos  2057  spd     0  load    0  12.1 V  37 C  err 0x00
>>> pos 30
id 30  pos  2057  spd     0  load    0  12.1 V  37 C  err 0x00
>>> pos 30
id 30  pos  2057  spd     0  load    0  12.1 V  37 C  err 0x00
>>> pos 30
id 30  pos  2057  spd     0  load    0  12.1 V  37 C  err 0x00
>>> pos 30
id 30  pos  2057  spd     0  load    0  12.1 V  37 C  err 0x00
>>> pos 30
id 30  pos  2057  spd     0  load    0  12.1 V  37 C  err 0x00
>>> pos 30
id 30  pos  2057  spd     0  load    0  12.1 V  37 C  err 0x00
>>> pos 30
id 30  pos  2057  spd     0  load    0  12.1 V  37 C  err 0x00
>>> pos 30
id 30  pos  2057  spd     0  load    0  12.1 V  37 C  err 0x00
>>> pos 30
id 30  pos  2057  spd     0  load    0  12.1 V  37 C  err 0x00
>>> pos 30
id 30  pos  2057  spd     0  load    0  12.1 V  37 C  err 0x00
>>> pos 30
id 30  pos  2057  spd     0  load    0  12.1 V  37 C  err 0x00
>>> pos 30
id 30  pos  2057  spd     0  load    0  12.1 V  37 C  err 0x00
>>> pos 30
id 30  pos  2057  spd     0  load    0  12.1 V  37 C  err 0x00
>>> pos 30
id 30  pos  2057  spd     0  load    0  12.1 V  37 C  err 0x00
>>> pos 30
id 30  pos  2057  spd     0  load    0  12.1 V  37 C  err 0x00
>>> pos 30
id 30  pos  2057  spd     0  load    0  12.1 V  37 C  err 0x00
>>> pos 30
id 30  pos  2057  spd     0  load    0  12.1 V  37 C  err 0x00
>>> pos 30
id 30  pos  2057  spd     0  load    0  12.1 V  37 C  err 0x00
>>> pos 30
id 30  pos  2057  spd     0  load    0  12.1 V  37 C  err 0x00
>>> pos 30
id 30  pos  2057  spd     0  load    0  12.1 V  37 C  err 0x00
>>> pos 30
id 30  pos  2057  spd     0  load    0  12.1 V  37 C  err 0x00
>>> pos 30
id 30  pos  2057  spd     0  load    0  12.1 V  37 C  err 0x00
>>> pos 30
id 30  pos  2057  spd     0  load    0  12.1 V  37 C  err 0x00
>>> pos 30
id 30  pos  2057  spd     0  load    0  12.1 V  37 C  err 0x00
>>> pos 30
id 30  pos  2057  spd     0  load    0  12.1 V  37 C  err 0x00
>>> pos 30
id 30  pos  2057  spd     0  load    0  12.1 V  37 C  err 0x00
>>> pos 30
id 30  pos  2057  spd     0  load    0  12.1 V  37 C  err 0x00
>>> pos 30
id 30  pos  2057  spd     0  load    0  12.1 V  37 C  err 0x00
>>> pos 30
id 30  pos  2057  spd     0  load    0  12.1 V  37 C  err 0x00
>>> pos 30
id 30  pos  2057  spd     0  load    0  12.1 V  37 C  err 0x00
>>> pos 30
id 30  pos  2057  spd     0  load    0  12.1 V  37 C  err 0x00
>>> pos 30
id 30  pos  2057  spd     0  load    0  12.1 V  37 C  err 0x00
>>> pos 30
id 30  pos  2057  spd     0  load    0  12.1 V  37 C  err 0x00
>>> pos 30
id 30  pos  2057  spd     0  load    0  12.1 V  37 C  err 0x00
>>> pos 30
id 30  pos  2057  spd     0  load    0  12.1 V  37 C  err 0x00
>>> pos 30
id 30  pos  2057  spd     0  load    0  12.1 V  37 C  err 0x00
>>> pos 30
id 30  pos  2057  spd     0  load    0  12.1 V  37 C  err 0x00
>>> pos 30
id 30  pos  2057  spd     0  load    0  12.1 V  37 C  err 0x00
>>> pos 30
id 30  pos  2057  spd     0  load    0  12.1 V  37 C  err 0x00
>>> pos 30
id 30  pos  2057  spd     0  load    0  12.1 V  37 C  err 0x00
>>> pos 30
id 30  pos  2057  spd     0  load    0  12.1 V  37 C  err 0x00
>>> pos 30
id 30  pos  2057  spd     0  load    0  12.1 V  37 C  err 0x00
>>> pos 30
id 30  pos  2057  spd     0  load    0  12.1 V  37 C  err 0x00
>>> pos 30
id 30  pos  2057  spd     0  load    0  12.1 V  37 C  err 0x00
>>> pos 30
id 30  pos  2057  spd     0  load    0  12.1 V  37 C  err 0x00
>>> pos 30
id 30  pos  2057  spd     0  load    0  12.1 V  37 C  err 0x00
>>> pos 30
id 30  pos  2057  spd     0  load    0  12.1 V  37 C  err 0x00
>>> pos 30
id 30  pos  2057  spd     0  load    0  12.1 V  37 C  err 0x00
>>> pos 30
id 30  pos  2057  spd     0  load    0  12.1 V  37 C  err 0x00
>>> pos 30
id 30  pos  2057  spd     0  load    0  12.1 V  37 C  err 0x00
>>> pos 30
id 30  pos  2057  spd     0  load    0  12.1 V  37 C  err 0x00
>>> pos 30
id 30  pos  2057  spd     0  load    0  12.1 V  37 C  err 0x00
>>> pos 30
id 30  pos  2057  spd     0  load    0  12.1 V  37 C  err 0x00
>>> pos 30
id 30  pos  2057  spd     0  load    0  12.1 V  37 C  err 0x00
>>> pos 30
id 30  pos  2057  spd     0  load    0  12.1 V  37 C  err 0x00
>>> pos 30
id 30  pos  2057  spd     0  load    0  12.1 V  37 C  err 0x00
  0 bottle(s): static +0.00 (load 0, range 0) | from above +0.00 (load 0, over 0, settle 0.2653) | from below +0.00 (load 0, over 0, settle 0.2651) | err 0
>>> release 30
release 30: ok
>>> pos 30
id 30  pos  2057  spd     0  load    0  12.1 V  37 C  err 0x00
  released level, bare: pos 2057

== P 160 D 160
>>> release 30
release 30: ok
>>> gains 30 160 160
id 30: writing P 160 D 160 to EEPROM (torque must be OFF; no goal is written) ...
id 30: P 160 D 160, verified after commit -- safe to power down
  note: id 30 has no row in servo_gains.h
>>> gains 30
id 30  P 160  D 160  I 0   expected (no row in servo_gains.h)
  gains 160/160: ok

NEXT MOTION: P 160: torque on, hold straight out (2057), and run the +-2 deg probes (4 short moves) at EVERY load state of this P
  type go:
< 'go'
>>> pos 30
id 30  pos  2057  spd     0  load    0  12.1 V  38 C  err 0x00
>>> torque 30
torque 30: ok
>>> pos 30
id 30  pos  2057  spd     0  load    0  12.1 V  38 C  err 0x00
>>> move 30 2057 0 100
move id 30 -> 2057 ticks, 0 ms, spd 100, acc 0: ok
>>> pos 30
id 30  pos  2057  spd     0  load    0  12.1 V  38 C  err 0x00
>>> pos 30
id 30  pos  2057  spd     0  load    0  12.1 V  38 C  err 0x00
>>> pos 30
id 30  pos  2057  spd     0  load    0  12.1 V  37 C  err 0x00
>>> pos 30
id 30  pos  2057  spd     0  load    0  12.1 V  38 C  err 0x00
>>> pos 30
id 30  pos  2057  spd     0  load    0  12.1 V  38 C  err 0x00
>>> pos 30
id 30  pos  2057  spd     0  load    0  12.1 V  38 C  err 0x00
>>> pos 30
id 30  pos  2057  spd     0  load    0  12.1 V  38 C  err 0x00
>>> pos 30
id 30  pos  2057  spd     0  load    0  12.1 V  38 C  err 0x00
>>> pos 30
id 30  pos  2057  spd     0  load    0  12.1 V  38 C  err 0x00
>>> pos 30
id 30  pos  2057  spd     0  load    0  12.1 V  38 C  err 0x00
>>> pos 30
id 30  pos  2057  spd     0  load    0  12.1 V  38 C  err 0x00
>>> pos 30
id 30  pos  2057  spd     0  load    0  12.1 V  38 C  err 0x00
>>> pos 30
id 30  pos  2057  spd     0  load    0  12.1 V  38 C  err 0x00
>>> pos 30
id 30  pos  2057  spd     0  load    0  12.1 V  38 C  err 0x00
>>> pos 30
id 30  pos  2057  spd     0  load    0  12.1 V  38 C  err 0x00
>>> pos 30
id 30  pos  2057  spd     0  load    0  12.1 V  37 C  err 0x00
>>> pos 30
id 30  pos  2057  spd     0  load    0  12.1 V  38 C  err 0x00
>>> pos 30
id 30  pos  2057  spd     0  load    0  12.1 V  38 C  err 0x00
>>> pos 30
id 30  pos  2057  spd     0  load    0  12.1 V  38 C  err 0x00
>>> pos 30
id 30  pos  2057  spd     0  load    0  12.1 V  38 C  err 0x00
>>> move 30 2080 0 100
move id 30 -> 2080 ticks, 0 ms, spd 100, acc 0: ok
>>> move 30 2057 0 100
move id 30 -> 2057 ticks, 0 ms, spd 100, acc 0: ok
>>> pos 30
id 30  pos  2080  spd     0  load  136  12.1 V  38 C  err 0x00
>>> pos 30
id 30  pos  2074  spd  -250  load  -56  12.1 V  38 C  err 0x00
>>> pos 30
id 30  pos  2072  spd     0  load   76  12.1 V  38 C  err 0x00
>>> pos 30
id 30  pos  2069  spd  -150  load   76  12.1 V  38 C  err 0x00
>>> pos 30
id 30  pos  2064  spd  -200  load    0  12.1 V  38 C  err 0x00
>>> pos 30
id 30  pos  2063  spd   -50  load  116  12.1 V  38 C  err 0x00
>>> pos 30
id 30  pos  2058  spd  -200  load  -36  12.1 V  38 C  err 0x00
>>> pos 30
id 30  pos  2059  spd    50  load   76  12.1 V  38 C  err 0x00
>>> pos 30
id 30  pos  2057  spd  -100  load    0  12.1 V  37 C  err 0x00
>>> pos 30
id 30  pos  2057  spd     0  load    0  12.1 V  38 C  err 0x00
>>> pos 30
id 30  pos  2057  spd     0  load    0  12.1 V  38 C  err 0x00
>>> pos 30
id 30  pos  2057  spd     0  load    0  12.1 V  38 C  err 0x00
>>> pos 30
id 30  pos  2057  spd     0  load    0  12.1 V  38 C  err 0x00
>>> pos 30
id 30  pos  2057  spd     0  load    0  12.1 V  38 C  err 0x00
>>> pos 30
id 30  pos  2057  spd     0  load    0  12.1 V  38 C  err 0x00
>>> pos 30
id 30  pos  2057  spd     0  load    0  12.1 V  38 C  err 0x00
>>> pos 30
id 30  pos  2057  spd     0  load    0  12.1 V  38 C  err 0x00
>>> pos 30
id 30  pos  2057  spd     0  load    0  12.1 V  38 C  err 0x00
>>> pos 30
id 30  pos  2057  spd     0  load    0  12.1 V  38 C  err 0x00
>>> pos 30
id 30  pos  2057  spd     0  load    0  12.1 V  38 C  err 0x00
>>> pos 30
id 30  pos  2057  spd     0  load    0  12.1 V  38 C  err 0x00
>>> pos 30
id 30  pos  2057  spd     0  load    0  12.1 V  38 C  err 0x00
>>> pos 30
id 30  pos  2057  spd     0  load    0  12.1 V  37 C  err 0x00
>>> pos 30
id 30  pos  2057  spd     0  load    0  12.1 V  38 C  err 0x00
>>> pos 30
id 30  pos  2057  spd     0  load    0  12.1 V  38 C  err 0x00
>>> pos 30
id 30  pos  2057  spd     0  load    0  12.1 V  38 C  err 0x00
>>> pos 30
id 30  pos  2057  spd     0  load    0  12.1 V  38 C  err 0x00
>>> pos 30
id 30  pos  2057  spd     0  load    0  12.1 V  38 C  err 0x00
>>> pos 30
id 30  pos  2057  spd     0  load    0  12.1 V  38 C  err 0x00
>>> pos 30
id 30  pos  2057  spd     0  load    0  12.1 V  38 C  err 0x00
>>> pos 30
id 30  pos  2057  spd     0  load    0  12.1 V  38 C  err 0x00
>>> pos 30
id 30  pos  2057  spd     0  load    0  12.1 V  38 C  err 0x00
>>> pos 30
id 30  pos  2057  spd     0  load    0  12.1 V  38 C  err 0x00
>>> pos 30
id 30  pos  2057  spd     0  load    0  12.1 V  38 C  err 0x00
>>> pos 30
id 30  pos  2057  spd     0  load    0  12.1 V  38 C  err 0x00
>>> pos 30
id 30  pos  2057  spd     0  load    0  12.1 V  38 C  err 0x00
>>> pos 30
id 30  pos  2057  spd     0  load    0  12.1 V  38 C  err 0x00
>>> pos 30
id 30  pos  2057  spd     0  load    0  12.1 V  38 C  err 0x00
>>> pos 30
id 30  pos  2057  spd     0  load    0  12.1 V  38 C  err 0x00
>>> pos 30
id 30  pos  2057  spd     0  load    0  12.1 V  38 C  err 0x00
>>> pos 30
id 30  pos  2057  spd     0  load    0  12.1 V  38 C  err 0x00
>>> pos 30
id 30  pos  2057  spd     0  load    0  12.1 V  38 C  err 0x00
>>> pos 30
id 30  pos  2057  spd     0  load    0  12.1 V  38 C  err 0x00
>>> pos 30
id 30  pos  2057  spd     0  load    0  12.1 V  38 C  err 0x00
>>> pos 30
id 30  pos  2057  spd     0  load    0  12.1 V  38 C  err 0x00
>>> pos 30
id 30  pos  2057  spd     0  load    0  12.1 V  38 C  err 0x00
>>> pos 30
id 30  pos  2057  spd     0  load    0  12.1 V  38 C  err 0x00
>>> pos 30
id 30  pos  2057  spd     0  load    0  12.1 V  37 C  err 0x00
>>> pos 30
id 30  pos  2057  spd     0  load    0  12.1 V  38 C  err 0x00
>>> pos 30
id 30  pos  2057  spd     0  load    0  12.1 V  38 C  err 0x00
>>> pos 30
id 30  pos  2057  spd     0  load    0  12.1 V  38 C  err 0x00
>>> pos 30
id 30  pos  2057  spd     0  load    0  12.1 V  38 C  err 0x00
>>> pos 30
id 30  pos  2057  spd     0  load    0  12.1 V  38 C  err 0x00
>>> pos 30
id 30  pos  2057  spd     0  load    0  12.1 V  38 C  err 0x00
>>> pos 30
id 30  pos  2057  spd     0  load    0  12.1 V  38 C  err 0x00
>>> pos 30
id 30  pos  2057  spd     0  load    0  12.1 V  38 C  err 0x00
>>> pos 30
id 30  pos  2057  spd     0  load    0  12.1 V  38 C  err 0x00
>>> pos 30
id 30  pos  2057  spd     0  load    0  12.1 V  38 C  err 0x00
>>> pos 30
id 30  pos  2057  spd     0  load    0  12.1 V  38 C  err 0x00
>>> pos 30
id 30  pos  2057  spd     0  load    0  12.1 V  38 C  err 0x00
>>> pos 30
id 30  pos  2057  spd     0  load    0  12.1 V  38 C  err 0x00
>>> pos 30
id 30  pos  2057  spd     0  load    0  12.1 V  38 C  err 0x00
>>> pos 30
id 30  pos  2057  spd     0  load    0  12.1 V  38 C  err 0x00
>>> pos 30
id 30  pos  2057  spd     0  load    0  12.1 V  38 C  err 0x00
>>> pos 30
id 30  pos  2057  spd     0  load    0  12.1 V  38 C  err 0x00
>>> pos 30
id 30  pos  2057  spd     0  load    0  12.1 V  38 C  err 0x00
>>> pos 30
id 30  pos  2057  spd     0  load    0  12.1 V  38 C  err 0x00
>>> pos 30
id 30  pos  2057  spd     0  load    0  12.1 V  38 C  err 0x00
>>> pos 30
id 30  pos  2057  spd     0  load    0  12.1 V  38 C  err 0x00
>>> pos 30
id 30  pos  2057  spd     0  load    0  12.1 V  38 C  err 0x00
>>> pos 30
id 30  pos  2057  spd     0  load    0  12.1 V  38 C  err 0x00
>>> pos 30
id 30  pos  2057  spd     0  load    0  12.1 V  38 C  err 0x00
>>> pos 30
id 30  pos  2057  spd     0  load    0  12.1 V  38 C  err 0x00
>>> pos 30
id 30  pos  2057  spd     0  load    0  12.1 V  38 C  err 0x00
>>> pos 30
id 30  pos  2057  spd     0  load    0  12.1 V  38 C  err 0x00
>>> pos 30
id 30  pos  2057  spd     0  load    0  12.1 V  38 C  err 0x00
>>> pos 30
id 30  pos  2057  spd     0  load    0  12.1 V  38 C  err 0x00
>>> pos 30
id 30  pos  2057  spd     0  load    0  12.1 V  38 C  err 0x00
>>> pos 30
id 30  pos  2057  spd     0  load    0  12.1 V  38 C  err 0x00
>>> pos 30
id 30  pos  2057  spd     0  load    0  12.1 V  38 C  err 0x00
>>> pos 30
id 30  pos  2057  spd     0  load    0  12.1 V  38 C  err 0x00
>>> pos 30
id 30  pos  2057  spd     0  load    0  12.1 V  38 C  err 0x00
>>> pos 30
id 30  pos  2057  spd     0  load    0  12.1 V  38 C  err 0x00
>>> pos 30
id 30  pos  2057  spd     0  load    0  12.1 V  38 C  err 0x00
>>> pos 30
id 30  pos  2057  spd     0  load    0  12.1 V  38 C  err 0x00
>>> pos 30
id 30  pos  2057  spd     0  load    0  12.1 V  38 C  err 0x00
>>> pos 30
id 30  pos  2057  spd     0  load    0  12.1 V  38 C  err 0x00
>>> pos 30
id 30  pos  2057  spd     0  load    0  12.1 V  38 C  err 0x00
>>> pos 30
id 30  pos  2057  spd     0  load    0  12.1 V  38 C  err 0x00
>>> pos 30
id 30  pos  2057  spd     0  load    0  12.1 V  38 C  err 0x00
>>> pos 30
id 30  pos  2057  spd     0  load    0  12.1 V  38 C  err 0x00
>>> move 30 2034 0 100
move id 30 -> 2034 ticks, 0 ms, spd 100, acc 0: ok
>>> move 30 2057 0 100
move id 30 -> 2057 ticks, 0 ms, spd 100, acc 0: ok
>>> pos 30
id 30  pos  2034  spd     0  load  -56  12.1 V  37 C  err 0x00
>>> pos 30
id 30  pos  2039  spd    50  load   56  12.1 V  37 C  err 0x00
>>> pos 30
id 30  pos  2040  spd     0  load  -96  12.1 V  38 C  err 0x00
>>> pos 30
id 30  pos  2047  spd   250  load   56  12.1 V  38 C  err 0x00
>>> pos 30
id 30  pos  2047  spd    50  load  -96  12.1 V  38 C  err 0x00
>>> pos 30
id 30  pos  2052  spd   250  load   56  12.1 V  38 C  err 0x00
>>> pos 30
id 30  pos  2054  spd    50  load  -96  12.1 V  38 C  err 0x00
>>> pos 30
id 30  pos  2058  spd   250  load    0  12.1 V  38 C  err 0x00
>>> pos 30
id 30  pos  2058  spd     0  load    0  12.1 V  38 C  err 0x00
>>> pos 30
id 30  pos  2058  spd     0  load    0  12.1 V  38 C  err 0x00
>>> pos 30
id 30  pos  2058  spd     0  load    0  12.1 V  38 C  err 0x00
>>> pos 30
id 30  pos  2058  spd     0  load    0  12.1 V  38 C  err 0x00
>>> pos 30
id 30  pos  2058  spd     0  load    0  12.1 V  38 C  err 0x00
>>> pos 30
id 30  pos  2058  spd     0  load    0  12.1 V  38 C  err 0x00
>>> pos 30
id 30  pos  2058  spd     0  load    0  12.1 V  38 C  err 0x00
>>> pos 30
id 30  pos  2058  spd     0  load    0  12.1 V  38 C  err 0x00
>>> pos 30
id 30  pos  2058  spd     0  load    0  12.1 V  38 C  err 0x00
>>> pos 30
id 30  pos  2058  spd     0  load    0  12.1 V  38 C  err 0x00
>>> pos 30
id 30  pos  2058  spd     0  load    0  12.1 V  38 C  err 0x00
>>> pos 30
id 30  pos  2058  spd     0  load    0  12.1 V  38 C  err 0x00
>>> pos 30
id 30  pos  2058  spd     0  load    0  12.1 V  38 C  err 0x00
>>> pos 30
id 30  pos  2058  spd     0  load    0  12.1 V  38 C  err 0x00
>>> pos 30
id 30  pos  2058  spd     0  load    0  12.1 V  38 C  err 0x00
>>> pos 30
id 30  pos  2058  spd     0  load    0  12.1 V  38 C  err 0x00
>>> pos 30
id 30  pos  2058  spd     0  load    0  12.1 V  38 C  err 0x00
>>> pos 30
id 30  pos  2058  spd     0  load    0  12.1 V  38 C  err 0x00
>>> pos 30
id 30  pos  2058  spd     0  load    0  12.1 V  38 C  err 0x00
>>> pos 30
id 30  pos  2058  spd     0  load    0  12.1 V  38 C  err 0x00
>>> pos 30
id 30  pos  2058  spd     0  load    0  12.1 V  38 C  err 0x00
>>> pos 30
id 30  pos  2058  spd     0  load    0  12.1 V  38 C  err 0x00
>>> pos 30
id 30  pos  2058  spd     0  load    0  12.1 V  38 C  err 0x00
>>> pos 30
id 30  pos  2058  spd     0  load    0  12.1 V  38 C  err 0x00
>>> pos 30
id 30  pos  2058  spd     0  load    0  12.1 V  38 C  err 0x00
>>> pos 30
id 30  pos  2058  spd     0  load    0  12.1 V  38 C  err 0x00
>>> pos 30
id 30  pos  2058  spd     0  load    0  12.1 V  38 C  err 0x00
>>> pos 30
id 30  pos  2058  spd     0  load    0  12.1 V  38 C  err 0x00
>>> pos 30
id 30  pos  2058  spd     0  load    0  12.1 V  38 C  err 0x00
>>> pos 30
id 30  pos  2058  spd     0  load    0  12.1 V  38 C  err 0x00
>>> pos 30
id 30  pos  2058  spd     0  load    0  12.1 V  38 C  err 0x00
>>> pos 30
id 30  pos  2058  spd     0  load    0  12.1 V  38 C  err 0x00
>>> pos 30
id 30  pos  2058  spd     0  load    0  12.1 V  38 C  err 0x00
>>> pos 30
id 30  pos  2058  spd     0  load    0  12.1 V  38 C  err 0x00
>>> pos 30
id 30  pos  2058  spd     0  load    0  12.1 V  38 C  err 0x00
>>> pos 30
id 30  pos  2058  spd     0  load    0  12.1 V  38 C  err 0x00
>>> pos 30
id 30  pos  2058  spd     0  load    0  12.1 V  38 C  err 0x00
>>> pos 30
id 30  pos  2058  spd     0  load    0  12.1 V  38 C  err 0x00
>>> pos 30
id 30  pos  2058  spd     0  load    0  12.1 V  38 C  err 0x00
>>> pos 30
id 30  pos  2058  spd     0  load    0  12.1 V  38 C  err 0x00
>>> pos 30
id 30  pos  2058  spd     0  load    0  12.1 V  38 C  err 0x00
>>> pos 30
id 30  pos  2058  spd     0  load    0  12.1 V  38 C  err 0x00
>>> pos 30
id 30  pos  2058  spd     0  load    0  12.1 V  38 C  err 0x00
>>> pos 30
id 30  pos  2058  spd     0  load    0  12.1 V  38 C  err 0x00
>>> pos 30
id 30  pos  2058  spd     0  load    0  12.1 V  38 C  err 0x00
>>> pos 30
id 30  pos  2058  spd     0  load    0  12.1 V  38 C  err 0x00
>>> pos 30
id 30  pos  2058  spd     0  load    0  12.1 V  38 C  err 0x00
>>> pos 30
id 30  pos  2058  spd     0  load    0  12.1 V  38 C  err 0x00
>>> pos 30
id 30  pos  2058  spd     0  load    0  12.1 V  38 C  err 0x00
>>> pos 30
id 30  pos  2058  spd     0  load    0  12.1 V  38 C  err 0x00
>>> pos 30
id 30  pos  2058  spd     0  load    0  12.1 V  38 C  err 0x00
>>> pos 30
id 30  pos  2058  spd     0  load    0  12.1 V  38 C  err 0x00
>>> pos 30
id 30  pos  2058  spd     0  load    0  12.1 V  38 C  err 0x00
>>> pos 30
id 30  pos  2058  spd     0  load    0  12.1 V  38 C  err 0x00
>>> pos 30
id 30  pos  2058  spd     0  load    0  12.1 V  38 C  err 0x00
>>> pos 30
id 30  pos  2058  spd     0  load    0  12.1 V  38 C  err 0x00
>>> pos 30
id 30  pos  2058  spd     0  load    0  12.1 V  38 C  err 0x00
>>> pos 30
id 30  pos  2058  spd     0  load    0  12.1 V  38 C  err 0x00
>>> pos 30
id 30  pos  2058  spd     0  load    0  12.1 V  38 C  err 0x00
>>> pos 30
id 30  pos  2058  spd     0  load    0  12.1 V  38 C  err 0x00
>>> pos 30
id 30  pos  2058  spd     0  load    0  12.1 V  38 C  err 0x00
>>> pos 30
id 30  pos  2058  spd     0  load    0  12.1 V  38 C  err 0x00
>>> pos 30
id 30  pos  2058  spd     0  load    0  12.1 V  38 C  err 0x00
>>> pos 30
id 30  pos  2058  spd     0  load    0  12.1 V  38 C  err 0x00
>>> pos 30
id 30  pos  2058  spd     0  load    0  12.1 V  38 C  err 0x00
>>> pos 30
id 30  pos  2058  spd     0  load    0  12.1 V  38 C  err 0x00
>>> pos 30
id 30  pos  2058  spd     0  load    0  12.1 V  38 C  err 0x00
>>> pos 30
id 30  pos  2058  spd     0  load    0  12.1 V  38 C  err 0x00
>>> pos 30
id 30  pos  2058  spd     0  load    0  12.1 V  38 C  err 0x00
>>> pos 30
id 30  pos  2058  spd     0  load    0  12.1 V  38 C  err 0x00
>>> pos 30
id 30  pos  2058  spd     0  load    0  12.1 V  38 C  err 0x00
>>> pos 30
id 30  pos  2058  spd     0  load    0  12.1 V  38 C  err 0x00
>>> pos 30
id 30  pos  2058  spd     0  load    0  12.1 V  38 C  err 0x00
>>> pos 30
id 30  pos  2058  spd     0  load    0  12.1 V  38 C  err 0x00
>>> pos 30
id 30  pos  2058  spd     0  load    0  12.1 V  38 C  err 0x00
>>> pos 30
id 30  pos  2058  spd     0  load    0  12.1 V  38 C  err 0x00
>>> pos 30
id 30  pos  2058  spd     0  load    0  12.1 V  38 C  err 0x00
>>> pos 30
id 30  pos  2058  spd     0  load    0  12.1 V  38 C  err 0x00
>>> pos 30
id 30  pos  2058  spd     0  load    0  12.1 V  38 C  err 0x00
>>> pos 30
id 30  pos  2058  spd     0  load    0  12.1 V  38 C  err 0x00
>>> pos 30
id 30  pos  2058  spd     0  load    0  12.1 V  38 C  err 0x00
>>> pos 30
id 30  pos  2058  spd     0  load    0  12.1 V  38 C  err 0x00
>>> pos 30
id 30  pos  2058  spd     0  load    0  12.1 V  38 C  err 0x00
  0 bottle(s): static +0.00 (load 0, range 0) | from above +0.00 (load 0, over 0, settle 0.2981) | from below +1.00 (load 0, over 0, settle 0.2651) | err 0

HANG bottle #1 (total 1); press enter when done
< ''
>>> pos 30
id 30  pos  2059  spd     0  load   56  12.1 V  38 C  err 0x00
>>> pos 30
id 30  pos  2059  spd     0  load   56  12.1 V  38 C  err 0x00
>>> pos 30
id 30  pos  2059  spd     0  load   56  12.1 V  38 C  err 0x00
>>> pos 30
id 30  pos  2059  spd     0  load   56  12.1 V  38 C  err 0x00
>>> pos 30
id 30  pos  2059  spd     0  load   56  12.1 V  38 C  err 0x00
>>> pos 30
id 30  pos  2059  spd     0  load   56  12.1 V  38 C  err 0x00
>>> pos 30
id 30  pos  2059  spd     0  load   56  12.1 V  38 C  err 0x00
>>> pos 30
id 30  pos  2059  spd     0  load   56  12.1 V  38 C  err 0x00
>>> pos 30
id 30  pos  2059  spd     0  load   56  12.1 V  38 C  err 0x00
>>> pos 30
id 30  pos  2059  spd     0  load   56  12.1 V  38 C  err 0x00
>>> pos 30
id 30  pos  2059  spd     0  load   56  12.1 V  38 C  err 0x00
>>> pos 30
id 30  pos  2059  spd     0  load   56  12.1 V  38 C  err 0x00
>>> pos 30
id 30  pos  2059  spd     0  load   56  12.1 V  38 C  err 0x00
>>> pos 30
id 30  pos  2059  spd     0  load   56  12.1 V  38 C  err 0x00
>>> pos 30
id 30  pos  2059  spd     0  load   56  12.1 V  37 C  err 0x00
>>> pos 30
id 30  pos  2059  spd     0  load   56  12.1 V  38 C  err 0x00
>>> pos 30
id 30  pos  2059  spd     0  load   56  12.1 V  38 C  err 0x00
>>> pos 30
id 30  pos  2059  spd     0  load   56  12.1 V  38 C  err 0x00
>>> pos 30
id 30  pos  2059  spd     0  load   56  12.1 V  38 C  err 0x00
>>> pos 30
id 30  pos  2059  spd     0  load   56  12.1 V  38 C  err 0x00
>>> move 30 2080 0 100
move id 30 -> 2080 ticks, 0 ms, spd 100, acc 0: ok
>>> move 30 2057 0 100
move id 30 -> 2057 ticks, 0 ms, spd 100, acc 0: ok
>>> pos 30
id 30  pos  2081  spd     0  load  176  12.0 V  38 C  err 0x00
>>> pos 30
id 30  pos  2077  spd  -150  load   56  12.1 V  38 C  err 0x00
>>> pos 30
id 30  pos  2074  spd  -100  load  136  12.1 V  38 C  err 0x00
>>> pos 30
id 30  pos  2071  spd   -50  load  156  12.0 V  38 C  err 0x00
>>> pos 30
id 30  pos  2066  spd  -200  load   36  12.1 V  38 C  err 0x00
>>> pos 30
id 30  pos  2065  spd     0  load  216  12.1 V  38 C  err 0x00
>>> pos 30
id 30  pos  2060  spd  -200  load   56  12.1 V  38 C  err 0x00
>>> pos 30
id 30  pos  2059  spd   -50  load   36  12.1 V  38 C  err 0x00
>>> pos 30
id 30  pos  2059  spd     0  load   56  12.1 V  38 C  err 0x00
>>> pos 30
id 30  pos  2059  spd     0  load   56  12.1 V  38 C  err 0x00
>>> pos 30
id 30  pos  2059  spd     0  load   56  12.1 V  38 C  err 0x00
>>> pos 30
id 30  pos  2059  spd     0  load   56  12.1 V  38 C  err 0x00
>>> pos 30
id 30  pos  2059  spd     0  load   56  12.1 V  38 C  err 0x00
>>> pos 30
id 30  pos  2059  spd     0  load   56  12.1 V  38 C  err 0x00
>>> pos 30
id 30  pos  2059  spd     0  load   56  12.1 V  38 C  err 0x00
>>> pos 30
id 30  pos  2059  spd     0  load   56  12.1 V  38 C  err 0x00
>>> pos 30
id 30  pos  2059  spd     0  load   56  12.1 V  38 C  err 0x00
>>> pos 30
id 30  pos  2059  spd     0  load   56  12.1 V  38 C  err 0x00
>>> pos 30
id 30  pos  2059  spd     0  load   56  12.1 V  38 C  err 0x00
>>> pos 30
id 30  pos  2059  spd     0  load   56  12.1 V  38 C  err 0x00
>>> pos 30
id 30  pos  2059  spd     0  load   56  12.1 V  38 C  err 0x00
>>> pos 30
id 30  pos  2059  spd     0  load   56  12.1 V  38 C  err 0x00
>>> pos 30
id 30  pos  2059  spd     0  load   56  12.1 V  37 C  err 0x00
>>> pos 30
id 30  pos  2059  spd     0  load   56  12.1 V  38 C  err 0x00
>>> pos 30
id 30  pos  2059  spd     0  load   56  12.1 V  38 C  err 0x00
>>> pos 30
id 30  pos  2059  spd     0  load   56  12.1 V  38 C  err 0x00
>>> pos 30
id 30  pos  2059  spd     0  load   56  12.1 V  38 C  err 0x00
>>> pos 30
id 30  pos  2059  spd     0  load   56  12.1 V  38 C  err 0x00
>>> pos 30
id 30  pos  2059  spd     0  load   56  12.1 V  38 C  err 0x00
>>> pos 30
id 30  pos  2059  spd     0  load   56  12.1 V  38 C  err 0x00
>>> pos 30
id 30  pos  2059  spd     0  load   56  12.1 V  38 C  err 0x00
>>> pos 30
id 30  pos  2059  spd     0  load   56  12.1 V  38 C  err 0x00
>>> pos 30
id 30  pos  2059  spd     0  load   56  12.1 V  38 C  err 0x00
>>> pos 30
id 30  pos  2059  spd     0  load   56  12.1 V  38 C  err 0x00
>>> pos 30
id 30  pos  2059  spd     0  load   56  12.1 V  38 C  err 0x00
>>> pos 30
id 30  pos  2059  spd     0  load   56  12.1 V  38 C  err 0x00
>>> pos 30
id 30  pos  2059  spd     0  load   56  12.1 V  38 C  err 0x00
>>> pos 30
id 30  pos  2059  spd     0  load   56  12.1 V  38 C  err 0x00
>>> pos 30
id 30  pos  2059  spd     0  load   56  12.1 V  38 C  err 0x00
>>> pos 30
id 30  pos  2059  spd     0  load   56  12.1 V  38 C  err 0x00
>>> pos 30
id 30  pos  2059  spd     0  load   56  12.1 V  38 C  err 0x00
>>> pos 30
id 30  pos  2059  spd     0  load   56  12.1 V  38 C  err 0x00
>>> pos 30
id 30  pos  2059  spd     0  load   56  12.1 V  38 C  err 0x00
>>> pos 30
id 30  pos  2059  spd     0  load   56  12.1 V  38 C  err 0x00
>>> pos 30
id 30  pos  2059  spd     0  load   56  12.1 V  38 C  err 0x00
>>> pos 30
id 30  pos  2059  spd     0  load   56  12.1 V  38 C  err 0x00
>>> pos 30
id 30  pos  2059  spd     0  load   56  12.1 V  38 C  err 0x00
>>> pos 30
id 30  pos  2059  spd     0  load   56  12.1 V  38 C  err 0x00
>>> pos 30
id 30  pos  2059  spd     0  load   56  12.1 V  38 C  err 0x00
>>> pos 30
id 30  pos  2059  spd     0  load   56  12.1 V  38 C  err 0x00
>>> pos 30
id 30  pos  2059  spd     0  load   56  12.1 V  38 C  err 0x00
>>> pos 30
id 30  pos  2059  spd     0  load   56  12.1 V  38 C  err 0x00
>>> pos 30
id 30  pos  2059  spd     0  load   56  12.1 V  38 C  err 0x00
>>> pos 30
id 30  pos  2059  spd     0  load   56  12.1 V  38 C  err 0x00
>>> pos 30
id 30  pos  2059  spd     0  load   56  12.1 V  38 C  err 0x00
>>> pos 30
id 30  pos  2059  spd     0  load   56  12.1 V  38 C  err 0x00
>>> pos 30
id 30  pos  2059  spd     0  load   56  12.1 V  38 C  err 0x00
>>> pos 30
id 30  pos  2059  spd     0  load   56  12.1 V  38 C  err 0x00
>>> pos 30
id 30  pos  2059  spd     0  load   56  12.1 V  38 C  err 0x00
>>> pos 30
id 30  pos  2059  spd     0  load   56  12.1 V  38 C  err 0x00
>>> pos 30
id 30  pos  2059  spd     0  load   56  12.1 V  38 C  err 0x00
>>> pos 30
id 30  pos  2059  spd     0  load   56  12.1 V  38 C  err 0x00
>>> pos 30
id 30  pos  2059  spd     0  load   56  12.1 V  38 C  err 0x00
>>> pos 30
id 30  pos  2059  spd     0  load   56  12.1 V  38 C  err 0x00
>>> pos 30
id 30  pos  2059  spd     0  load   56  12.1 V  38 C  err 0x00
>>> pos 30
id 30  pos  2059  spd     0  load   56  12.1 V  38 C  err 0x00
>>> pos 30
id 30  pos  2059  spd     0  load   56  12.1 V  38 C  err 0x00
>>> pos 30
id 30  pos  2059  spd     0  load   56  12.1 V  37 C  err 0x00
>>> pos 30
id 30  pos  2059  spd     0  load   56  12.1 V  38 C  err 0x00
>>> pos 30
id 30  pos  2059  spd     0  load   56  12.1 V  38 C  err 0x00
>>> pos 30
id 30  pos  2059  spd     0  load   56  12.1 V  38 C  err 0x00
>>> pos 30
id 30  pos  2059  spd     0  load   56  12.1 V  38 C  err 0x00
>>> pos 30
id 30  pos  2059  spd     0  load   56  12.1 V  38 C  err 0x00
>>> pos 30
id 30  pos  2059  spd     0  load   56  12.1 V  38 C  err 0x00
>>> pos 30
id 30  pos  2059  spd     0  load   56  12.1 V  38 C  err 0x00
>>> pos 30
id 30  pos  2059  spd     0  load   56  12.1 V  38 C  err 0x00
>>> pos 30
id 30  pos  2059  spd     0  load   56  12.1 V  38 C  err 0x00
>>> pos 30
id 30  pos  2059  spd     0  load   56  12.1 V  38 C  err 0x00
>>> pos 30
id 30  pos  2059  spd     0  load   56  12.1 V  38 C  err 0x00
>>> pos 30
id 30  pos  2059  spd     0  load   56  12.1 V  38 C  err 0x00
>>> pos 30
id 30  pos  2059  spd     0  load   56  12.1 V  38 C  err 0x00
>>> pos 30
id 30  pos  2059  spd     0  load   56  12.1 V  38 C  err 0x00
>>> pos 30
id 30  pos  2059  spd     0  load   56  12.1 V  38 C  err 0x00
>>> pos 30
id 30  pos  2059  spd     0  load   56  12.1 V  38 C  err 0x00
>>> pos 30
id 30  pos  2059  spd     0  load   56  12.1 V  38 C  err 0x00
>>> pos 30
id 30  pos  2059  spd     0  load   56  12.1 V  38 C  err 0x00
>>> pos 30
id 30  pos  2059  spd     0  load   56  12.1 V  38 C  err 0x00
>>> pos 30
id 30  pos  2059  spd     0  load   56  12.1 V  38 C  err 0x00
>>> pos 30
id 30  pos  2059  spd     0  load   56  12.1 V  38 C  err 0x00
>>> pos 30
id 30  pos  2059  spd     0  load   56  12.1 V  38 C  err 0x00
>>> pos 30
id 30  pos  2059  spd     0  load   56  12.1 V  38 C  err 0x00
>>> move 30 2034 0 100
move id 30 -> 2034 ticks, 0 ms, spd 100, acc 0: ok
>>> move 30 2057 0 100
move id 30 -> 2057 ticks, 0 ms, spd 100, acc 0: ok
>>> pos 30
id 30  pos  2036  spd     0  load  -36  12.1 V  38 C  err 0x00
>>> pos 30
id 30  pos  2039  spd    50  load    0  12.1 V  38 C  err 0x00
>>> pos 30
id 30  pos  2041  spd   100  load  -76  12.1 V  38 C  err 0x00
>>> pos 30
id 30  pos  2046  spd   200  load   36  12.1 V  38 C  err 0x00
>>> pos 30
id 30  pos  2047  spd    50  load  -76  12.1 V  38 C  err 0x00
>>> pos 30
id 30  pos  2052  spd   200  load    0  12.1 V  38 C  err 0x00
>>> pos 30
id 30  pos  2055  spd   100  load  -36  12.1 V  38 C  err 0x00
>>> pos 30
id 30  pos  2058  spd   200  load    0  12.1 V  38 C  err 0x00
>>> pos 30
id 30  pos  2058  spd     0  load    0  12.1 V  38 C  err 0x00
>>> pos 30
id 30  pos  2058  spd     0  load    0  12.1 V  38 C  err 0x00
>>> pos 30
id 30  pos  2058  spd     0  load    0  12.1 V  38 C  err 0x00
>>> pos 30
id 30  pos  2058  spd     0  load    0  12.1 V  38 C  err 0x00
>>> pos 30
id 30  pos  2058  spd     0  load    0  12.1 V  38 C  err 0x00
>>> pos 30
id 30  pos  2058  spd     0  load    0  12.1 V  38 C  err 0x00
>>> pos 30
id 30  pos  2058  spd     0  load    0  12.1 V  38 C  err 0x00
>>> pos 30
id 30  pos  2058  spd     0  load    0  12.1 V  38 C  err 0x00
>>> pos 30
id 30  pos  2058  spd     0  load    0  12.1 V  38 C  err 0x00
>>> pos 30
id 30  pos  2058  spd     0  load    0  12.1 V  38 C  err 0x00
>>> pos 30
id 30  pos  2058  spd     0  load    0  12.1 V  38 C  err 0x00
>>> pos 30
id 30  pos  2058  spd     0  load    0  12.1 V  38 C  err 0x00
>>> pos 30
id 30  pos  2058  spd     0  load    0  12.1 V  38 C  err 0x00
>>> pos 30
id 30  pos  2058  spd     0  load    0  12.1 V  38 C  err 0x00
>>> pos 30
id 30  pos  2058  spd     0  load    0  12.1 V  38 C  err 0x00
>>> pos 30
id 30  pos  2058  spd     0  load    0  12.1 V  38 C  err 0x00
>>> pos 30
id 30  pos  2058  spd     0  load    0  12.1 V  38 C  err 0x00
>>> pos 30
id 30  pos  2058  spd     0  load    0  12.1 V  38 C  err 0x00
>>> pos 30
id 30  pos  2058  spd     0  load    0  12.1 V  38 C  err 0x00
>>> pos 30
id 30  pos  2058  spd     0  load    0  12.1 V  37 C  err 0x00
>>> pos 30
id 30  pos  2058  spd     0  load    0  12.1 V  38 C  err 0x00
>>> pos 30
id 30  pos  2058  spd     0  load    0  12.1 V  38 C  err 0x00
>>> pos 30
id 30  pos  2058  spd     0  load    0  12.1 V  38 C  err 0x00
>>> pos 30
id 30  pos  2058  spd     0  load    0  12.1 V  38 C  err 0x00
>>> pos 30
id 30  pos  2058  spd     0  load    0  12.1 V  38 C  err 0x00
>>> pos 30
id 30  pos  2058  spd     0  load    0  12.1 V  38 C  err 0x00
>>> pos 30
id 30  pos  2058  spd     0  load    0  12.1 V  38 C  err 0x00
>>> pos 30
id 30  pos  2058  spd     0  load    0  12.1 V  37 C  err 0x00
>>> pos 30
id 30  pos  2058  spd     0  load    0  12.1 V  38 C  err 0x00
>>> pos 30
id 30  pos  2058  spd     0  load    0  12.1 V  38 C  err 0x00
>>> pos 30
id 30  pos  2058  spd     0  load    0  12.1 V  38 C  err 0x00
>>> pos 30
id 30  pos  2058  spd     0  load    0  12.1 V  38 C  err 0x00
>>> pos 30
id 30  pos  2058  spd     0  load    0  12.1 V  38 C  err 0x00
>>> pos 30
id 30  pos  2058  spd     0  load    0  12.1 V  38 C  err 0x00
>>> pos 30
id 30  pos  2058  spd     0  load    0  12.1 V  38 C  err 0x00
>>> pos 30
id 30  pos  2058  spd     0  load    0  12.1 V  38 C  err 0x00
>>> pos 30
id 30  pos  2058  spd     0  load    0  12.1 V  38 C  err 0x00
>>> pos 30
id 30  pos  2058  spd     0  load    0  12.1 V  38 C  err 0x00
>>> pos 30
id 30  pos  2058  spd     0  load    0  12.1 V  38 C  err 0x00
>>> pos 30
id 30  pos  2058  spd     0  load    0  12.1 V  38 C  err 0x00
>>> pos 30
id 30  pos  2058  spd     0  load    0  12.1 V  38 C  err 0x00
>>> pos 30
id 30  pos  2058  spd     0  load    0  12.1 V  38 C  err 0x00
>>> pos 30
id 30  pos  2058  spd     0  load    0  12.1 V  38 C  err 0x00
>>> pos 30
id 30  pos  2058  spd     0  load    0  12.1 V  38 C  err 0x00
>>> pos 30
id 30  pos  2058  spd     0  load    0  12.1 V  38 C  err 0x00
>>> pos 30
id 30  pos  2058  spd     0  load    0  12.1 V  38 C  err 0x00
>>> pos 30
id 30  pos  2058  spd     0  load    0  12.1 V  38 C  err 0x00
>>> pos 30
id 30  pos  2058  spd     0  load    0  12.1 V  38 C  err 0x00
>>> pos 30
id 30  pos  2058  spd     0  load    0  12.1 V  38 C  err 0x00
>>> pos 30
id 30  pos  2058  spd     0  load    0  12.1 V  38 C  err 0x00
>>> pos 30
id 30  pos  2058  spd     0  load    0  12.1 V  38 C  err 0x00
>>> pos 30
id 30  pos  2058  spd     0  load    0  12.1 V  38 C  err 0x00
>>> pos 30
id 30  pos  2058  spd     0  load    0  12.1 V  38 C  err 0x00
>>> pos 30
id 30  pos  2058  spd     0  load    0  12.1 V  38 C  err 0x00
>>> pos 30
id 30  pos  2058  spd     0  load    0  12.1 V  38 C  err 0x00
>>> pos 30
id 30  pos  2058  spd     0  load    0  12.1 V  38 C  err 0x00
>>> pos 30
id 30  pos  2058  spd     0  load    0  12.1 V  38 C  err 0x00
>>> pos 30
id 30  pos  2058  spd     0  load    0  12.1 V  38 C  err 0x00
>>> pos 30
id 30  pos  2058  spd     0  load    0  12.1 V  37 C  err 0x00
>>> pos 30
id 30  pos  2058  spd     0  load    0  12.1 V  38 C  err 0x00
>>> pos 30
id 30  pos  2058  spd     0  load    0  12.1 V  38 C  err 0x00
>>> pos 30
id 30  pos  2058  spd     0  load    0  12.1 V  38 C  err 0x00
>>> pos 30
id 30  pos  2058  spd     0  load    0  12.1 V  38 C  err 0x00
>>> pos 30
id 30  pos  2058  spd     0  load    0  12.1 V  38 C  err 0x00
>>> pos 30
id 30  pos  2058  spd     0  load    0  12.1 V  38 C  err 0x00
>>> pos 30
id 30  pos  2058  spd     0  load    0  12.1 V  38 C  err 0x00
>>> pos 30
id 30  pos  2058  spd     0  load    0  12.1 V  38 C  err 0x00
>>> pos 30
id 30  pos  2058  spd     0  load    0  12.1 V  38 C  err 0x00
>>> pos 30
id 30  pos  2058  spd     0  load    0  12.1 V  38 C  err 0x00
>>> pos 30
id 30  pos  2058  spd     0  load    0  12.1 V  38 C  err 0x00
>>> pos 30
id 30  pos  2058  spd     0  load    0  12.1 V  38 C  err 0x00
>>> pos 30
id 30  pos  2058  spd     0  load    0  12.1 V  38 C  err 0x00
>>> pos 30
id 30  pos  2058  spd     0  load    0  12.1 V  38 C  err 0x00
>>> pos 30
id 30  pos  2058  spd     0  load    0  12.1 V  38 C  err 0x00
>>> pos 30
id 30  pos  2058  spd     0  load    0  12.1 V  38 C  err 0x00
>>> pos 30
id 30  pos  2058  spd     0  load    0  12.1 V  38 C  err 0x00
>>> pos 30
id 30  pos  2058  spd     0  load    0  12.1 V  38 C  err 0x00
>>> pos 30
id 30  pos  2058  spd     0  load    0  12.1 V  38 C  err 0x00
>>> pos 30
id 30  pos  2058  spd     0  load    0  12.1 V  38 C  err 0x00
>>> pos 30
id 30  pos  2058  spd     0  load    0  12.1 V  38 C  err 0x00
>>> pos 30
id 30  pos  2058  spd     0  load    0  12.1 V  38 C  err 0x00
>>> pos 30
id 30  pos  2058  spd     0  load    0  12.1 V  38 C  err 0x00
>>> pos 30
id 30  pos  2058  spd     0  load    0  12.1 V  38 C  err 0x00
  1 bottle(s): static +2.00 (load 56, range 0) | from above +2.00 (load 56, over 0, settle 0.2321) | from below +1.00 (load 0, over 0, settle 0.2652) | err 0

HANG bottle #2 (total 2); press enter when done
< ''
>>> pos 30
id 30  pos  2061  spd     0  load  136  12.1 V  38 C  err 0x00
>>> pos 30
id 30  pos  2061  spd     0  load  136  12.1 V  38 C  err 0x00
>>> pos 30
id 30  pos  2061  spd     0  load  136  12.1 V  38 C  err 0x00
>>> pos 30
id 30  pos  2061  spd     0  load  136  12.1 V  37 C  err 0x00
>>> pos 30
id 30  pos  2061  spd     0  load  136  12.1 V  38 C  err 0x00
>>> pos 30
id 30  pos  2061  spd     0  load  136  12.1 V  38 C  err 0x00
>>> pos 30
id 30  pos  2061  spd     0  load  136  12.1 V  38 C  err 0x00
>>> pos 30
id 30  pos  2061  spd     0  load  136  12.1 V  38 C  err 0x00
>>> pos 30
id 30  pos  2061  spd     0  load  136  12.1 V  38 C  err 0x00
>>> pos 30
id 30  pos  2061  spd     0  load  136  12.1 V  38 C  err 0x00
>>> pos 30
id 30  pos  2061  spd     0  load  136  12.1 V  38 C  err 0x00
>>> pos 30
id 30  pos  2061  spd     0  load  136  12.1 V  38 C  err 0x00
>>> pos 30
id 30  pos  2061  spd     0  load  136  12.0 V  37 C  err 0x00
>>> pos 30
id 30  pos  2061  spd     0  load  136  12.1 V  38 C  err 0x00
>>> pos 30
id 30  pos  2061  spd     0  load  136  12.1 V  38 C  err 0x00
>>> pos 30
id 30  pos  2061  spd     0  load  136  12.1 V  38 C  err 0x00
>>> pos 30
id 30  pos  2061  spd     0  load  136  12.1 V  38 C  err 0x00
>>> pos 30
id 30  pos  2061  spd     0  load  136  12.1 V  38 C  err 0x00
>>> pos 30
id 30  pos  2061  spd     0  load  136  12.1 V  38 C  err 0x00
>>> pos 30
id 30  pos  2061  spd     0  load  136  12.1 V  37 C  err 0x00
>>> move 30 2080 0 100
move id 30 -> 2080 ticks, 0 ms, spd 100, acc 0: ok
>>> move 30 2057 0 100
move id 30 -> 2057 ticks, 0 ms, spd 100, acc 0: ok
>>> pos 30
id 30  pos  2083  spd     0  load  236  12.0 V  38 C  err 0x00
>>> pos 30
id 30  pos  2078  spd  -200  load  116  12.1 V  38 C  err 0x00
>>> pos 30
id 30  pos  2076  spd     0  load  236  11.9 V  38 C  err 0x00
>>> pos 30
id 30  pos  2072  spd  -150  load  156  12.1 V  38 C  err 0x00
>>> pos 30
id 30  pos  2071  spd   -50  load  296  11.9 V  38 C  err 0x00
>>> pos 30
id 30  pos  2066  spd  -200  load  196  12.1 V  38 C  err 0x00
>>> pos 30
id 30  pos  2064  spd   -50  load  276  12.0 V  38 C  err 0x00
>>> pos 30
id 30  pos  2060  spd   -50  load   36  12.1 V  38 C  err 0x00
>>> pos 30
id 30  pos  2060  spd     0  load   96  12.1 V  38 C  err 0x00
>>> pos 30
id 30  pos  2060  spd     0  load   96  12.1 V  38 C  err 0x00
>>> pos 30
id 30  pos  2061  spd    50  load  156  12.1 V  38 C  err 0x00
>>> pos 30
id 30  pos  2061  spd     0  load  136  12.1 V  38 C  err 0x00
>>> pos 30
id 30  pos  2061  spd     0  load  136  12.1 V  37 C  err 0x00
>>> pos 30
id 30  pos  2061  spd     0  load  136  12.0 V  38 C  err 0x00
>>> pos 30
id 30  pos  2061  spd     0  load  136  12.1 V  38 C  err 0x00
>>> pos 30
id 30  pos  2061  spd     0  load  136  12.1 V  38 C  err 0x00
>>> pos 30
id 30  pos  2061  spd     0  load  136  12.1 V  38 C  err 0x00
>>> pos 30
id 30  pos  2061  spd     0  load  136  12.1 V  38 C  err 0x00
>>> pos 30
id 30  pos  2061  spd     0  load  136  12.1 V  38 C  err 0x00
>>> pos 30
id 30  pos  2061  spd     0  load  136  12.1 V  38 C  err 0x00
>>> pos 30
id 30  pos  2061  spd     0  load  136  12.1 V  38 C  err 0x00
>>> pos 30
id 30  pos  2061  spd     0  load  136  12.1 V  38 C  err 0x00
>>> pos 30
id 30  pos  2061  spd     0  load  136  12.1 V  37 C  err 0x00
>>> pos 30
id 30  pos  2061  spd     0  load  136  12.1 V  38 C  err 0x00
>>> pos 30
id 30  pos  2061  spd     0  load  136  12.1 V  38 C  err 0x00
>>> pos 30
id 30  pos  2061  spd     0  load  136  12.1 V  38 C  err 0x00
>>> pos 30
id 30  pos  2061  spd     0  load  136  12.1 V  38 C  err 0x00
>>> pos 30
id 30  pos  2061  spd     0  load  136  12.0 V  38 C  err 0x00
>>> pos 30
id 30  pos  2061  spd     0  load  136  12.1 V  38 C  err 0x00
>>> pos 30
id 30  pos  2061  spd     0  load  136  12.1 V  38 C  err 0x00
>>> pos 30
id 30  pos  2061  spd     0  load  136  12.1 V  38 C  err 0x00
>>> pos 30
id 30  pos  2061  spd     0  load  136  12.1 V  38 C  err 0x00
>>> pos 30
id 30  pos  2061  spd     0  load  136  12.1 V  38 C  err 0x00
>>> pos 30
id 30  pos  2061  spd     0  load  136  12.1 V  38 C  err 0x00
>>> pos 30
id 30  pos  2061  spd     0  load  136  12.1 V  38 C  err 0x00
>>> pos 30
id 30  pos  2061  spd     0  load  136  12.1 V  38 C  err 0x00
>>> pos 30
id 30  pos  2061  spd     0  load  136  12.1 V  38 C  err 0x00
>>> pos 30
id 30  pos  2061  spd     0  load  136  12.1 V  38 C  err 0x00
>>> pos 30
id 30  pos  2061  spd     0  load  136  12.1 V  38 C  err 0x00
>>> pos 30
id 30  pos  2061  spd     0  load  136  12.1 V  38 C  err 0x00
>>> pos 30
id 30  pos  2061  spd     0  load  136  12.1 V  38 C  err 0x00
>>> pos 30
id 30  pos  2061  spd     0  load  136  12.1 V  38 C  err 0x00
>>> pos 30
id 30  pos  2061  spd     0  load  136  12.1 V  38 C  err 0x00
>>> pos 30
id 30  pos  2061  spd     0  load  136  12.1 V  38 C  err 0x00
>>> pos 30
id 30  pos  2061  spd     0  load  136  12.1 V  38 C  err 0x00
>>> pos 30
id 30  pos  2061  spd     0  load  136  12.1 V  37 C  err 0x00
>>> pos 30
id 30  pos  2061  spd     0  load  136  12.1 V  38 C  err 0x00
>>> pos 30
id 30  pos  2061  spd     0  load  136  12.0 V  38 C  err 0x00
>>> pos 30
id 30  pos  2061  spd     0  load  136  12.1 V  38 C  err 0x00
>>> pos 30
id 30  pos  2061  spd     0  load  136  12.1 V  38 C  err 0x00
>>> pos 30
id 30  pos  2061  spd     0  load  136  12.1 V  38 C  err 0x00
>>> pos 30
id 30  pos  2061  spd     0  load  136  12.1 V  38 C  err 0x00
>>> pos 30
id 30  pos  2061  spd     0  load  136  12.0 V  38 C  err 0x00
>>> pos 30
id 30  pos  2061  spd     0  load  136  12.1 V  38 C  err 0x00
>>> pos 30
id 30  pos  2061  spd     0  load  136  12.1 V  38 C  err 0x00
>>> pos 30
id 30  pos  2061  spd     0  load  136  12.1 V  37 C  err 0x00
>>> pos 30
id 30  pos  2061  spd     0  load  136  12.1 V  38 C  err 0x00
>>> pos 30
id 30  pos  2061  spd     0  load  136  12.1 V  38 C  err 0x00
>>> pos 30
id 30  pos  2061  spd     0  load  136  12.1 V  38 C  err 0x00
>>> pos 30
id 30  pos  2061  spd     0  load  136  12.1 V  38 C  err 0x00
>>> pos 30
id 30  pos  2061  spd     0  load  136  12.1 V  38 C  err 0x00
>>> pos 30
id 30  pos  2061  spd     0  load  136  12.1 V  38 C  err 0x00
>>> pos 30
id 30  pos  2061  spd     0  load  136  12.1 V  38 C  err 0x00
>>> pos 30
id 30  pos  2061  spd     0  load  136  12.1 V  38 C  err 0x00
>>> pos 30
id 30  pos  2061  spd     0  load  136  12.1 V  38 C  err 0x00
>>> pos 30
id 30  pos  2061  spd     0  load  136  12.1 V  38 C  err 0x00
>>> pos 30
id 30  pos  2061  spd     0  load  136  12.1 V  38 C  err 0x00
>>> pos 30
id 30  pos  2061  spd     0  load  136  12.1 V  38 C  err 0x00
>>> pos 30
id 30  pos  2061  spd     0  load  136  12.1 V  38 C  err 0x00
>>> pos 30
id 30  pos  2061  spd     0  load  136  12.1 V  38 C  err 0x00
>>> pos 30
id 30  pos  2061  spd     0  load  136  12.1 V  38 C  err 0x00
>>> pos 30
id 30  pos  2061  spd     0  load  136  12.1 V  38 C  err 0x00
>>> pos 30
id 30  pos  2061  spd     0  load  136  12.1 V  38 C  err 0x00
>>> pos 30
id 30  pos  2061  spd     0  load  136  12.1 V  38 C  err 0x00
>>> pos 30
id 30  pos  2061  spd     0  load  136  12.1 V  38 C  err 0x00
>>> pos 30
id 30  pos  2061  spd     0  load  136  12.1 V  38 C  err 0x00
>>> pos 30
id 30  pos  2061  spd     0  load  136  12.1 V  38 C  err 0x00
>>> pos 30
id 30  pos  2061  spd     0  load  136  12.1 V  38 C  err 0x00
>>> pos 30
id 30  pos  2061  spd     0  load  136  12.1 V  37 C  err 0x00
>>> pos 30
id 30  pos  2061  spd     0  load  136  12.1 V  38 C  err 0x00
>>> pos 30
id 30  pos  2061  spd     0  load  136  12.1 V  38 C  err 0x00
>>> pos 30
id 30  pos  2061  spd     0  load  136  12.1 V  38 C  err 0x00
>>> pos 30
id 30  pos  2061  spd     0  load  136  12.1 V  38 C  err 0x00
>>> pos 30
id 30  pos  2061  spd     0  load  136  12.1 V  38 C  err 0x00
>>> pos 30
id 30  pos  2061  spd     0  load  136  12.1 V  38 C  err 0x00
>>> pos 30
id 30  pos  2061  spd     0  load  136  12.1 V  38 C  err 0x00
>>> pos 30
id 30  pos  2061  spd     0  load  136  12.1 V  38 C  err 0x00
>>> pos 30
id 30  pos  2061  spd     0  load  136  12.1 V  38 C  err 0x00
>>> pos 30
id 30  pos  2061  spd     0  load  136  12.1 V  38 C  err 0x00
>>> pos 30
id 30  pos  2061  spd     0  load  136  12.1 V  38 C  err 0x00
>>> pos 30
id 30  pos  2061  spd     0  load  136  12.1 V  38 C  err 0x00
>>> move 30 2034 0 100
move id 30 -> 2034 ticks, 0 ms, spd 100, acc 0: ok
>>> move 30 2057 0 100
move id 30 -> 2057 ticks, 0 ms, spd 100, acc 0: ok
>>> pos 30
id 30  pos  2037  spd     0  load  -36  12.1 V  38 C  err 0x00
>>> pos 30
id 30  pos  2042  spd   150  load   96  12.1 V  38 C  err 0x00
>>> pos 30
id 30  pos  2045  spd    50  load   36  12.1 V  38 C  err 0x00
>>> pos 30
id 30  pos  2047  spd   100  load    0  12.1 V  38 C  err 0x00
>>> pos 30
id 30  pos  2051  spd   100  load   36  12.1 V  38 C  err 0x00
>>> pos 30
id 30  pos  2054  spd     0  load    0  12.1 V  38 C  err 0x00
>>> pos 30
id 30  pos  2057  spd   150  load  -36  12.1 V  38 C  err 0x00
>>> pos 30
id 30  pos  2060  spd   100  load  116  12.1 V  38 C  err 0x00
>>> pos 30
id 30  pos  2060  spd     0  load   96  12.1 V  38 C  err 0x00
>>> pos 30
id 30  pos  2061  spd    50  load  136  12.0 V  38 C  err 0x00
>>> pos 30
id 30  pos  2061  spd     0  load  136  12.0 V  38 C  err 0x00
>>> pos 30
id 30  pos  2061  spd     0  load  136  12.1 V  38 C  err 0x00
>>> pos 30
id 30  pos  2061  spd     0  load  136  12.1 V  38 C  err 0x00
>>> pos 30
id 30  pos  2061  spd     0  load  136  12.1 V  38 C  err 0x00
>>> pos 30
id 30  pos  2061  spd     0  load  136  12.1 V  38 C  err 0x00
>>> pos 30
id 30  pos  2061  spd     0  load  136  12.1 V  38 C  err 0x00
>>> pos 30
id 30  pos  2061  spd     0  load  136  12.1 V  38 C  err 0x00
>>> pos 30
id 30  pos  2061  spd     0  load  136  12.1 V  38 C  err 0x00
>>> pos 30
id 30  pos  2061  spd     0  load  136  12.1 V  38 C  err 0x00
>>> pos 30
id 30  pos  2061  spd     0  load  136  12.1 V  38 C  err 0x00
>>> pos 30
id 30  pos  2061  spd     0  load  136  12.1 V  38 C  err 0x00
>>> pos 30
id 30  pos  2061  spd     0  load  136  12.1 V  38 C  err 0x00
>>> pos 30
id 30  pos  2061  spd     0  load  136  12.1 V  37 C  err 0x00
>>> pos 30
id 30  pos  2061  spd     0  load  136  12.1 V  38 C  err 0x00
>>> pos 30
id 30  pos  2061  spd     0  load  136  12.1 V  38 C  err 0x00
>>> pos 30
id 30  pos  2061  spd     0  load  136  12.1 V  38 C  err 0x00
>>> pos 30
id 30  pos  2061  spd     0  load  136  12.1 V  38 C  err 0x00
>>> pos 30
id 30  pos  2061  spd     0  load  136  12.1 V  38 C  err 0x00
>>> pos 30
id 30  pos  2061  spd     0  load  136  12.1 V  38 C  err 0x00
>>> pos 30
id 30  pos  2061  spd     0  load  136  12.1 V  38 C  err 0x00
>>> pos 30
id 30  pos  2061  spd     0  load  136  12.1 V  38 C  err 0x00
>>> pos 30
id 30  pos  2061  spd     0  load  136  12.1 V  38 C  err 0x00
>>> pos 30
id 30  pos  2061  spd     0  load  136  12.1 V  38 C  err 0x00
>>> pos 30
id 30  pos  2061  spd     0  load  136  12.0 V  38 C  err 0x00
>>> pos 30
id 30  pos  2061  spd     0  load  136  12.1 V  38 C  err 0x00
>>> pos 30
id 30  pos  2061  spd     0  load  136  12.1 V  38 C  err 0x00
>>> pos 30
id 30  pos  2061  spd     0  load  136  12.1 V  38 C  err 0x00
>>> pos 30
id 30  pos  2061  spd     0  load  136  12.1 V  38 C  err 0x00
>>> pos 30
id 30  pos  2061  spd     0  load  136  12.1 V  38 C  err 0x00
>>> pos 30
id 30  pos  2061  spd     0  load  136  12.1 V  38 C  err 0x00
>>> pos 30
id 30  pos  2061  spd     0  load  136  12.1 V  38 C  err 0x00
>>> pos 30
id 30  pos  2061  spd     0  load  136  12.1 V  38 C  err 0x00
>>> pos 30
id 30  pos  2061  spd     0  load  136  12.1 V  38 C  err 0x00
>>> pos 30
id 30  pos  2061  spd     0  load  136  12.1 V  38 C  err 0x00
>>> pos 30
id 30  pos  2061  spd     0  load  136  12.1 V  38 C  err 0x00
>>> pos 30
id 30  pos  2061  spd     0  load  136  12.1 V  38 C  err 0x00
>>> pos 30
id 30  pos  2061  spd     0  load  136  12.1 V  38 C  err 0x00
>>> pos 30
id 30  pos  2061  spd     0  load  136  12.1 V  38 C  err 0x00
>>> pos 30
id 30  pos  2061  spd     0  load  136  12.1 V  38 C  err 0x00
>>> pos 30
id 30  pos  2061  spd     0  load  136  12.0 V  38 C  err 0x00
>>> pos 30
id 30  pos  2061  spd     0  load  136  12.1 V  38 C  err 0x00
>>> pos 30
id 30  pos  2061  spd     0  load  136  12.1 V  38 C  err 0x00
>>> pos 30
id 30  pos  2061  spd     0  load  136  12.1 V  38 C  err 0x00
>>> pos 30
id 30  pos  2061  spd     0  load  136  12.1 V  38 C  err 0x00
>>> pos 30
id 30  pos  2061  spd     0  load  136  12.1 V  38 C  err 0x00
>>> pos 30
id 30  pos  2061  spd     0  load  136  12.0 V  38 C  err 0x00
>>> pos 30
id 30  pos  2061  spd     0  load  136  12.1 V  38 C  err 0x00
>>> pos 30
id 30  pos  2061  spd     0  load  136  12.0 V  38 C  err 0x00
>>> pos 30
id 30  pos  2061  spd     0  load  136  12.1 V  38 C  err 0x00
>>> pos 30
id 30  pos  2061  spd     0  load  136  12.1 V  38 C  err 0x00
>>> pos 30
id 30  pos  2061  spd     0  load  136  12.1 V  38 C  err 0x00
>>> pos 30
id 30  pos  2061  spd     0  load  136  12.1 V  38 C  err 0x00
>>> pos 30
id 30  pos  2061  spd     0  load  136  12.1 V  38 C  err 0x00
>>> pos 30
id 30  pos  2061  spd     0  load  136  12.1 V  38 C  err 0x00
>>> pos 30
id 30  pos  2061  spd     0  load  136  12.1 V  38 C  err 0x00
>>> pos 30
id 30  pos  2061  spd     0  load  136  12.0 V  38 C  err 0x00
>>> pos 30
id 30  pos  2061  spd     0  load  136  12.1 V  38 C  err 0x00
>>> pos 30
id 30  pos  2061  spd     0  load  136  12.1 V  38 C  err 0x00
>>> pos 30
id 30  pos  2061  spd     0  load  136  12.1 V  38 C  err 0x00
>>> pos 30
id 30  pos  2061  spd     0  load  136  12.1 V  38 C  err 0x00
>>> pos 30
id 30  pos  2061  spd     0  load  136  12.1 V  38 C  err 0x00
>>> pos 30
id 30  pos  2061  spd     0  load  136  12.1 V  38 C  err 0x00
>>> pos 30
id 30  pos  2061  spd     0  load  136  12.1 V  38 C  err 0x00
>>> pos 30
id 30  pos  2061  spd     0  load  136  12.1 V  38 C  err 0x00
>>> pos 30
id 30  pos  2061  spd     0  load  136  12.1 V  38 C  err 0x00
>>> pos 30
id 30  pos  2061  spd     0  load  136  12.1 V  38 C  err 0x00
>>> pos 30
id 30  pos  2061  spd     0  load  136  12.1 V  38 C  err 0x00
>>> pos 30
id 30  pos  2061  spd     0  load  136  12.0 V  38 C  err 0x00
>>> pos 30
id 30  pos  2061  spd     0  load  136  12.1 V  38 C  err 0x00
>>> pos 30
id 30  pos  2061  spd     0  load  136  12.1 V  38 C  err 0x00
>>> pos 30
id 30  pos  2061  spd     0  load  136  12.1 V  38 C  err 0x00
>>> pos 30
id 30  pos  2061  spd     0  load  136  12.1 V  38 C  err 0x00
>>> pos 30
id 30  pos  2061  spd     0  load  136  12.1 V  38 C  err 0x00
>>> pos 30
id 30  pos  2061  spd     0  load  136  12.1 V  38 C  err 0x00
>>> pos 30
id 30  pos  2061  spd     0  load  136  12.1 V  38 C  err 0x00
>>> pos 30
id 30  pos  2061  spd     0  load  136  12.1 V  37 C  err 0x00
>>> pos 30
id 30  pos  2061  spd     0  load  136  12.0 V  38 C  err 0x00
>>> pos 30
id 30  pos  2061  spd     0  load  136  12.0 V  38 C  err 0x00
>>> pos 30
id 30  pos  2061  spd     0  load  136  12.1 V  38 C  err 0x00
>>> pos 30
id 30  pos  2061  spd     0  load  136  12.1 V  38 C  err 0x00
>>> pos 30
id 30  pos  2061  spd     0  load  136  12.1 V  38 C  err 0x00
  2 bottle(s): static +4.00 (load 136, range 0) | from above +4.00 (load 136, over 1, settle 0.2652) | from below +4.00 (load 136, over 0, settle 0.2651) | err 0

HANG bottle #3 (total 3); press enter when done
< ''
>>> pos 30
id 30  pos  2063  spd     0  load  216  12.0 V  38 C  err 0x00
>>> pos 30
id 30  pos  2063  spd     0  load  216  12.0 V  38 C  err 0x00
>>> pos 30
id 30  pos  2063  spd     0  load  216  12.0 V  38 C  err 0x00
>>> pos 30
id 30  pos  2063  spd     0  load  216  12.0 V  38 C  err 0x00
>>> pos 30
id 30  pos  2063  spd     0  load  216  11.9 V  38 C  err 0x00
>>> pos 30
id 30  pos  2063  spd     0  load  216  12.1 V  38 C  err 0x00
>>> pos 30
id 30  pos  2063  spd     0  load  216  12.0 V  38 C  err 0x00
>>> pos 30
id 30  pos  2063  spd     0  load  216  12.1 V  38 C  err 0x00
>>> pos 30
id 30  pos  2063  spd     0  load  216  12.0 V  38 C  err 0x00
>>> pos 30
id 30  pos  2063  spd     0  load  216  12.0 V  38 C  err 0x00
>>> pos 30
id 30  pos  2063  spd     0  load  216  12.0 V  38 C  err 0x00
>>> pos 30
id 30  pos  2063  spd     0  load  216  12.1 V  38 C  err 0x00
>>> pos 30
id 30  pos  2063  spd     0  load  216  12.1 V  38 C  err 0x00
>>> pos 30
id 30  pos  2063  spd     0  load  216  12.0 V  38 C  err 0x00
>>> pos 30
id 30  pos  2063  spd     0  load  216  12.0 V  38 C  err 0x00
>>> pos 30
id 30  pos  2063  spd     0  load  216  12.0 V  38 C  err 0x00
>>> pos 30
id 30  pos  2063  spd     0  load  216  11.9 V  38 C  err 0x00
>>> pos 30
id 30  pos  2063  spd     0  load  216  12.1 V  38 C  err 0x00
>>> pos 30
id 30  pos  2063  spd     0  load  216  12.0 V  38 C  err 0x00
>>> pos 30
id 30  pos  2063  spd     0  load  216  12.1 V  38 C  err 0x00
>>> move 30 2080 0 100
move id 30 -> 2080 ticks, 0 ms, spd 100, acc 0: ok
>>> move 30 2057 0 100
move id 30 -> 2057 ticks, 0 ms, spd 100, acc 0: ok
>>> pos 30
id 30  pos  2084  spd     0  load  296  12.0 V  38 C  err 0x00
>>> pos 30
id 30  pos  2081  spd  -100  load  276  12.0 V  38 C  err 0x00
>>> pos 30
id 30  pos  2079  spd   -50  load  376  11.7 V  38 C  err 0x00
>>> pos 30
id 30  pos  2075  spd  -150  load  296  11.9 V  38 C  err 0x00
>>> pos 30
id 30  pos  2073  spd   -50  load  356  11.9 V  38 C  err 0x00
>>> pos 30
id 30  pos  2069  spd  -100  load  336  11.9 V  38 C  err 0x00
>>> pos 30
id 30  pos  2066  spd   -50  load  336  11.9 V  38 C  err 0x00
>>> pos 30
id 30  pos  2063  spd  -100  load  156  12.1 V  38 C  err 0x00
>>> pos 30
id 30  pos  2063  spd     0  load  216  12.0 V  38 C  err 0x00
>>> pos 30
id 30  pos  2063  spd     0  load  216  12.1 V  38 C  err 0x00
>>> pos 30
id 30  pos  2063  spd     0  load  216  12.0 V  38 C  err 0x00
>>> pos 30
id 30  pos  2063  spd     0  load  216  12.0 V  38 C  err 0x00
>>> pos 30
id 30  pos  2063  spd     0  load  216  12.0 V  38 C  err 0x00
>>> pos 30
id 30  pos  2063  spd     0  load  216  12.1 V  38 C  err 0x00
>>> pos 30
id 30  pos  2063  spd     0  load  216  12.0 V  38 C  err 0x00
>>> pos 30
id 30  pos  2063  spd     0  load  216  12.0 V  38 C  err 0x00
>>> pos 30
id 30  pos  2063  spd     0  load  216  12.0 V  38 C  err 0x00
>>> pos 30
id 30  pos  2063  spd     0  load  216  12.0 V  38 C  err 0x00
>>> pos 30
id 30  pos  2063  spd     0  load  216  12.0 V  38 C  err 0x00
>>> pos 30
id 30  pos  2063  spd     0  load  216  12.0 V  38 C  err 0x00
>>> pos 30
id 30  pos  2063  spd     0  load  216  12.0 V  38 C  err 0x00
>>> pos 30
id 30  pos  2063  spd     0  load  216  12.0 V  38 C  err 0x00
>>> pos 30
id 30  pos  2063  spd     0  load  216  12.0 V  38 C  err 0x00
>>> pos 30
id 30  pos  2063  spd     0  load  216  12.1 V  38 C  err 0x00
>>> pos 30
id 30  pos  2063  spd     0  load  216  12.0 V  38 C  err 0x00
>>> pos 30
id 30  pos  2063  spd     0  load  216  12.1 V  38 C  err 0x00
>>> pos 30
id 30  pos  2063  spd     0  load  216  12.1 V  38 C  err 0x00
>>> pos 30
id 30  pos  2063  spd     0  load  216  12.0 V  38 C  err 0x00
>>> pos 30
id 30  pos  2063  spd     0  load  216  12.0 V  38 C  err 0x00
>>> pos 30
id 30  pos  2063  spd     0  load  216  12.0 V  38 C  err 0x00
>>> pos 30
id 30  pos  2063  spd     0  load  216  12.0 V  38 C  err 0x00
>>> pos 30
id 30  pos  2063  spd     0  load  216  12.1 V  38 C  err 0x00
>>> pos 30
id 30  pos  2063  spd     0  load  216  12.0 V  38 C  err 0x00
>>> pos 30
id 30  pos  2063  spd     0  load  216  12.1 V  38 C  err 0x00
>>> pos 30
id 30  pos  2063  spd     0  load  216  12.1 V  38 C  err 0x00
>>> pos 30
id 30  pos  2063  spd     0  load  216  12.0 V  38 C  err 0x00
>>> pos 30
id 30  pos  2063  spd     0  load  216  12.0 V  38 C  err 0x00
>>> pos 30
id 30  pos  2063  spd     0  load  216  12.1 V  38 C  err 0x00
>>> pos 30
id 30  pos  2063  spd     0  load  216  12.1 V  38 C  err 0x00
>>> pos 30
id 30  pos  2063  spd     0  load  216  12.0 V  38 C  err 0x00
>>> pos 30
id 30  pos  2063  spd     0  load  216  12.0 V  38 C  err 0x00
>>> pos 30
id 30  pos  2063  spd     0  load  216  12.0 V  38 C  err 0x00
>>> pos 30
id 30  pos  2063  spd     0  load  216  12.1 V  38 C  err 0x00
>>> pos 30
id 30  pos  2063  spd     0  load  216  12.1 V  38 C  err 0x00
>>> pos 30
id 30  pos  2063  spd     0  load  216  12.1 V  38 C  err 0x00
>>> pos 30
id 30  pos  2063  spd     0  load  216  12.0 V  38 C  err 0x00
>>> pos 30
id 30  pos  2063  spd     0  load  216  12.0 V  38 C  err 0x00
>>> pos 30
id 30  pos  2063  spd     0  load  216  11.9 V  38 C  err 0x00
>>> pos 30
id 30  pos  2063  spd     0  load  216  12.0 V  38 C  err 0x00
>>> pos 30
id 30  pos  2063  spd     0  load  216  12.0 V  38 C  err 0x00
>>> pos 30
id 30  pos  2063  spd     0  load  216  12.0 V  38 C  err 0x00
>>> pos 30
id 30  pos  2063  spd     0  load  216  12.0 V  38 C  err 0x00
>>> pos 30
id 30  pos  2063  spd     0  load  216  12.0 V  38 C  err 0x00
>>> pos 30
id 30  pos  2063  spd     0  load  216  12.0 V  38 C  err 0x00
>>> pos 30
id 30  pos  2063  spd     0  load  216  12.0 V  38 C  err 0x00
>>> pos 30
id 30  pos  2063  spd     0  load  216  12.0 V  38 C  err 0x00
>>> pos 30
id 30  pos  2063  spd     0  load  216  12.0 V  38 C  err 0x00
>>> pos 30
id 30  pos  2063  spd     0  load  216  12.0 V  38 C  err 0x00
>>> pos 30
id 30  pos  2063  spd     0  load  216  12.0 V  38 C  err 0x00
>>> pos 30
id 30  pos  2063  spd     0  load  216  12.1 V  38 C  err 0x00
>>> pos 30
id 30  pos  2063  spd     0  load  216  12.0 V  38 C  err 0x00
>>> pos 30
id 30  pos  2063  spd     0  load  216  12.0 V  38 C  err 0x00
>>> pos 30
id 30  pos  2063  spd     0  load  216  12.0 V  38 C  err 0x00
>>> pos 30
id 30  pos  2063  spd     0  load  216  12.1 V  38 C  err 0x00
>>> pos 30
id 30  pos  2063  spd     0  load  216  12.1 V  38 C  err 0x00
>>> pos 30
id 30  pos  2063  spd     0  load  216  12.1 V  38 C  err 0x00
>>> pos 30
id 30  pos  2063  spd     0  load  216  12.1 V  38 C  err 0x00
>>> pos 30
id 30  pos  2063  spd     0  load  216  12.0 V  38 C  err 0x00
>>> pos 30
id 30  pos  2063  spd     0  load  216  12.0 V  38 C  err 0x00
>>> pos 30
id 30  pos  2063  spd     0  load  216  12.0 V  38 C  err 0x00
>>> pos 30
id 30  pos  2063  spd     0  load  216  12.1 V  38 C  err 0x00
>>> pos 30
id 30  pos  2063  spd     0  load  216  12.1 V  38 C  err 0x00
>>> pos 30
id 30  pos  2063  spd     0  load  216  12.1 V  38 C  err 0x00
>>> pos 30
id 30  pos  2063  spd     0  load  216  12.0 V  38 C  err 0x00
>>> pos 30
id 30  pos  2063  spd     0  load  216  12.0 V  38 C  err 0x00
>>> pos 30
id 30  pos  2063  spd     0  load  216  12.0 V  38 C  err 0x00
>>> pos 30
id 30  pos  2063  spd     0  load  216  12.0 V  38 C  err 0x00
>>> pos 30
id 30  pos  2063  spd     0  load  216  12.0 V  38 C  err 0x00
>>> pos 30
id 30  pos  2063  spd     0  load  216  12.0 V  38 C  err 0x00
>>> pos 30
id 30  pos  2063  spd     0  load  216  12.1 V  38 C  err 0x00
>>> pos 30
id 30  pos  2063  spd     0  load  216  12.1 V  38 C  err 0x00
>>> pos 30
id 30  pos  2063  spd     0  load  216  12.1 V  38 C  err 0x00
>>> pos 30
id 30  pos  2063  spd     0  load  216  12.1 V  38 C  err 0x00
>>> pos 30
id 30  pos  2063  spd     0  load  216  12.1 V  38 C  err 0x00
>>> pos 30
id 30  pos  2063  spd     0  load  216  12.1 V  38 C  err 0x00
>>> pos 30
id 30  pos  2063  spd     0  load  216  12.1 V  38 C  err 0x00
>>> pos 30
id 30  pos  2063  spd     0  load  216  11.9 V  38 C  err 0x00
>>> pos 30
id 30  pos  2063  spd     0  load  216  12.1 V  38 C  err 0x00
>>> pos 30
id 30  pos  2063  spd     0  load  216  12.0 V  38 C  err 0x00
>>> pos 30
id 30  pos  2063  spd     0  load  216  12.0 V  38 C  err 0x00
>>> pos 30
id 30  pos  2063  spd     0  load  216  12.0 V  38 C  err 0x00
>>> move 30 2034 0 100
move id 30 -> 2034 ticks, 0 ms, spd 100, acc 0: ok
>>> move 30 2057 0 100
move id 30 -> 2057 ticks, 0 ms, spd 100, acc 0: ok
>>> pos 30
id 30  pos  2040  spd     0  load  116  12.1 V  38 C  err 0x00
>>> pos 30
id 30  pos  2042  spd     0  load   36  12.1 V  38 C  err 0x00
>>> pos 30
id 30  pos  2045  spd   150  load   76  12.1 V  38 C  err 0x00
>>> pos 30
id 30  pos  2048  spd    50  load   56  12.1 V  38 C  err 0x00
>>> pos 30
id 30  pos  2051  spd   150  load    0  12.1 V  38 C  err 0x00
>>> pos 30
id 30  pos  2055  spd    50  load   36  12.1 V  38 C  err 0x00
>>> pos 30
id 30  pos  2058  spd   100  load   56  12.1 V  38 C  err 0x00
>>> pos 30
id 30  pos  2060  spd    50  load  116  12.1 V  38 C  err 0x00
>>> pos 30
id 30  pos  2060  spd     0  load   96  12.1 V  38 C  err 0x00
>>> pos 30
id 30  pos  2060  spd     0  load   96  12.1 V  39 C  err 0x00
>>> pos 30
id 30  pos  2060  spd     0  load   96  12.1 V  38 C  err 0x00
>>> pos 30
id 30  pos  2060  spd     0  load   96  12.1 V  38 C  err 0x00
>>> pos 30
id 30  pos  2060  spd     0  load   96  12.1 V  38 C  err 0x00
>>> pos 30
id 30  pos  2060  spd     0  load   96  12.1 V  38 C  err 0x00
>>> pos 30
id 30  pos  2060  spd     0  load   96  12.1 V  39 C  err 0x00
>>> pos 30
id 30  pos  2060  spd     0  load   96  12.1 V  38 C  err 0x00
>>> pos 30
id 30  pos  2060  spd     0  load   96  12.1 V  38 C  err 0x00
>>> pos 30
id 30  pos  2060  spd     0  load   96  12.1 V  38 C  err 0x00
>>> pos 30
id 30  pos  2060  spd     0  load   96  12.1 V  38 C  err 0x00
>>> pos 30
id 30  pos  2060  spd     0  load   96  12.1 V  38 C  err 0x00
>>> pos 30
id 30  pos  2060  spd     0  load   96  12.1 V  39 C  err 0x00
>>> pos 30
id 30  pos  2060  spd     0  load   96  12.1 V  38 C  err 0x00
>>> pos 30
id 30  pos  2060  spd     0  load   96  12.1 V  38 C  err 0x00
>>> pos 30
id 30  pos  2060  spd     0  load   96  12.1 V  38 C  err 0x00
>>> pos 30
id 30  pos  2060  spd     0  load   96  12.1 V  38 C  err 0x00
>>> pos 30
id 30  pos  2060  spd     0  load   96  12.1 V  38 C  err 0x00
>>> pos 30
id 30  pos  2060  spd     0  load   96  12.1 V  38 C  err 0x00
>>> pos 30
id 30  pos  2060  spd     0  load   96  12.1 V  38 C  err 0x00
>>> pos 30
id 30  pos  2060  spd     0  load   96  12.1 V  38 C  err 0x00
>>> pos 30
id 30  pos  2060  spd     0  load   96  12.1 V  38 C  err 0x00
>>> pos 30
id 30  pos  2060  spd     0  load   96  12.1 V  38 C  err 0x00
>>> pos 30
id 30  pos  2060  spd     0  load   96  12.1 V  38 C  err 0x00
>>> pos 30
id 30  pos  2060  spd     0  load   96  12.1 V  38 C  err 0x00
>>> pos 30
id 30  pos  2060  spd     0  load   96  12.1 V  38 C  err 0x00
>>> pos 30
id 30  pos  2060  spd     0  load   96  12.1 V  38 C  err 0x00
>>> pos 30
id 30  pos  2060  spd     0  load   96  12.1 V  38 C  err 0x00
>>> pos 30
id 30  pos  2060  spd     0  load   96  12.1 V  38 C  err 0x00
>>> pos 30
id 30  pos  2060  spd     0  load   96  12.1 V  38 C  err 0x00
>>> pos 30
id 30  pos  2060  spd     0  load   96  12.1 V  38 C  err 0x00
>>> pos 30
id 30  pos  2060  spd     0  load   96  12.1 V  38 C  err 0x00
>>> pos 30
id 30  pos  2060  spd     0  load   96  12.1 V  38 C  err 0x00
>>> pos 30
id 30  pos  2060  spd     0  load   96  12.1 V  38 C  err 0x00
>>> pos 30
id 30  pos  2060  spd     0  load   96  12.1 V  38 C  err 0x00
>>> pos 30
id 30  pos  2060  spd     0  load   96  12.1 V  38 C  err 0x00
>>> pos 30
id 30  pos  2060  spd     0  load   96  12.1 V  38 C  err 0x00
>>> pos 30
id 30  pos  2060  spd     0  load   96  12.1 V  38 C  err 0x00
>>> pos 30
id 30  pos  2060  spd     0  load   96  12.1 V  38 C  err 0x00
>>> pos 30
id 30  pos  2060  spd     0  load   96  12.1 V  38 C  err 0x00
>>> pos 30
id 30  pos  2060  spd     0  load   96  12.1 V  38 C  err 0x00
>>> pos 30
id 30  pos  2060  spd     0  load   96  12.1 V  39 C  err 0x00
>>> pos 30
id 30  pos  2060  spd     0  load   96  12.1 V  38 C  err 0x00
>>> pos 30
id 30  pos  2060  spd     0  load   96  12.1 V  38 C  err 0x00
>>> pos 30
id 30  pos  2060  spd     0  load   96  12.1 V  38 C  err 0x00
>>> pos 30
id 30  pos  2060  spd     0  load   96  12.1 V  38 C  err 0x00
>>> pos 30
id 30  pos  2060  spd     0  load   96  12.1 V  38 C  err 0x00
>>> pos 30
id 30  pos  2060  spd     0  load   96  12.1 V  38 C  err 0x00
>>> pos 30
id 30  pos  2060  spd     0  load   96  12.1 V  38 C  err 0x00
>>> pos 30
id 30  pos  2060  spd     0  load   96  12.1 V  38 C  err 0x00
>>> pos 30
id 30  pos  2060  spd     0  load   96  12.1 V  38 C  err 0x00
>>> pos 30
id 30  pos  2060  spd     0  load   96  12.1 V  38 C  err 0x00
>>> pos 30
id 30  pos  2060  spd     0  load   96  12.1 V  38 C  err 0x00
>>> pos 30
id 30  pos  2060  spd     0  load   96  12.1 V  38 C  err 0x00
>>> pos 30
id 30  pos  2060  spd     0  load   96  12.1 V  38 C  err 0x00
>>> pos 30
id 30  pos  2060  spd     0  load   96  12.1 V  38 C  err 0x00
>>> pos 30
id 30  pos  2060  spd     0  load   96  12.1 V  38 C  err 0x00
>>> pos 30
id 30  pos  2060  spd     0  load   96  12.1 V  38 C  err 0x00
>>> pos 30
id 30  pos  2060  spd     0  load   96  12.1 V  39 C  err 0x00
>>> pos 30
id 30  pos  2060  spd     0  load   96  12.1 V  38 C  err 0x00
>>> pos 30
id 30  pos  2060  spd     0  load   96  12.1 V  38 C  err 0x00
>>> pos 30
id 30  pos  2060  spd     0  load   96  12.1 V  38 C  err 0x00
>>> pos 30
id 30  pos  2060  spd     0  load   96  12.1 V  38 C  err 0x00
>>> pos 30
id 30  pos  2060  spd     0  load   96  12.1 V  38 C  err 0x00
>>> pos 30
id 30  pos  2060  spd     0  load   96  12.1 V  38 C  err 0x00
>>> pos 30
id 30  pos  2060  spd     0  load   96  12.1 V  38 C  err 0x00
>>> pos 30
id 30  pos  2060  spd     0  load   96  12.1 V  38 C  err 0x00
>>> pos 30
id 30  pos  2060  spd     0  load   96  12.1 V  38 C  err 0x00
>>> pos 30
id 30  pos  2060  spd     0  load   96  12.1 V  38 C  err 0x00
>>> pos 30
id 30  pos  2060  spd     0  load   96  12.1 V  38 C  err 0x00
>>> pos 30
id 30  pos  2060  spd     0  load   96  12.1 V  38 C  err 0x00
>>> pos 30
id 30  pos  2060  spd     0  load   96  12.1 V  38 C  err 0x00
>>> pos 30
id 30  pos  2060  spd     0  load   96  12.1 V  38 C  err 0x00
>>> pos 30
id 30  pos  2060  spd     0  load   96  12.1 V  38 C  err 0x00
>>> pos 30
id 30  pos  2060  spd     0  load   96  12.1 V  38 C  err 0x00
>>> pos 30
id 30  pos  2060  spd     0  load   96  12.1 V  38 C  err 0x00
>>> pos 30
id 30  pos  2060  spd     0  load   96  12.1 V  38 C  err 0x00
>>> pos 30
id 30  pos  2060  spd     0  load   96  12.1 V  38 C  err 0x00
>>> pos 30
id 30  pos  2060  spd     0  load   96  12.1 V  38 C  err 0x00
>>> pos 30
id 30  pos  2060  spd     0  load   96  12.1 V  38 C  err 0x00
>>> pos 30
id 30  pos  2060  spd     0  load   96  12.1 V  38 C  err 0x00
>>> pos 30
id 30  pos  2060  spd     0  load   96  12.1 V  38 C  err 0x00
>>> pos 30
id 30  pos  2060  spd     0  load   96  12.1 V  38 C  err 0x00
  3 bottle(s): static +6.00 (load 216, range 0) | from above +6.00 (load 216, over 0, settle 0.2652) | from below +3.00 (load 96, over 0, settle 0.265) | err 0

HANG bottle #4 (total 4); press enter when done
< ''
>>> pos 30
id 30  pos  2062  spd     0  load  176  12.0 V  39 C  err 0x00
>>> pos 30
id 30  pos  2062  spd     0  load  176  12.0 V  39 C  err 0x00
>>> pos 30
id 30  pos  2062  spd     0  load  176  12.0 V  39 C  err 0x00
>>> pos 30
id 30  pos  2062  spd     0  load  176  12.1 V  39 C  err 0x00
>>> pos 30
id 30  pos  2062  spd     0  load  176  12.2 V  39 C  err 0x00
>>> pos 30
id 30  pos  2062  spd     0  load  176  12.1 V  39 C  err 0x00
>>> pos 30
id 30  pos  2062  spd     0  load  176  12.1 V  39 C  err 0x00
>>> pos 30
id 30  pos  2062  spd     0  load  176  12.0 V  39 C  err 0x00
>>> pos 30
id 30  pos  2062  spd     0  load  176  12.1 V  39 C  err 0x00
>>> pos 30
id 30  pos  2062  spd     0  load  176  12.0 V  39 C  err 0x00
>>> pos 30
id 30  pos  2062  spd     0  load  176  12.0 V  39 C  err 0x00
>>> pos 30
id 30  pos  2062  spd     0  load  176  12.1 V  39 C  err 0x00
>>> pos 30
id 30  pos  2062  spd     0  load  176  12.0 V  39 C  err 0x00
>>> pos 30
id 30  pos  2062  spd     0  load  176  12.1 V  39 C  err 0x00
>>> pos 30
id 30  pos  2062  spd     0  load  176  12.1 V  39 C  err 0x00
>>> pos 30
id 30  pos  2062  spd     0  load  176  12.0 V  39 C  err 0x00
>>> pos 30
id 30  pos  2062  spd     0  load  176  12.1 V  39 C  err 0x00
>>> pos 30
id 30  pos  2062  spd     0  load  176  12.0 V  39 C  err 0x00
>>> pos 30
id 30  pos  2062  spd     0  load  176  12.1 V  39 C  err 0x00
>>> pos 30
id 30  pos  2062  spd     0  load  176  12.1 V  39 C  err 0x00
>>> move 30 2080 0 100
move id 30 -> 2080 ticks, 0 ms, spd 100, acc 0: ok
>>> move 30 2057 0 100
move id 30 -> 2057 ticks, 0 ms, spd 100, acc 0: ok
>>> pos 30
id 30  pos  2085  spd     0  load  336  11.9 V  39 C  err 0x00
>>> pos 30
id 30  pos  2083  spd   -50  load  396  11.9 V  39 C  err 0x00
>>> pos 30
id 30  pos  2082  spd     0  load  476  11.8 V  39 C  err 0x00
>>> pos 30
id 30  pos  2078  spd  -200  load  396  11.9 V  39 C  err 0x00
>>> pos 30
id 30  pos  2076  spd   -50  load  516  11.8 V  39 C  err 0x00
>>> pos 30
id 30  pos  2071  spd  -200  load  396  11.8 V  39 C  err 0x00
>>> pos 30
id 30  pos  2070  spd   -50  load  516  11.8 V  39 C  err 0x00
>>> pos 30
id 30  pos  2065  spd  -200  load  236  12.0 V  39 C  err 0x00
>>> pos 30
id 30  pos  2065  spd     0  load  296  11.9 V  39 C  err 0x00
>>> pos 30
id 30  pos  2065  spd     0  load  296  11.9 V  39 C  err 0x00
>>> pos 30
id 30  pos  2065  spd     0  load  296  11.9 V  39 C  err 0x00
>>> pos 30
id 30  pos  2065  spd     0  load  296  11.9 V  39 C  err 0x00
>>> pos 30
id 30  pos  2065  spd     0  load  296  11.9 V  39 C  err 0x00
>>> pos 30
id 30  pos  2065  spd     0  load  296  11.9 V  39 C  err 0x00
>>> pos 30
id 30  pos  2065  spd     0  load  296  12.0 V  39 C  err 0x00
>>> pos 30
id 30  pos  2065  spd     0  load  296  11.9 V  39 C  err 0x00
>>> pos 30
id 30  pos  2065  spd     0  load  296  11.9 V  39 C  err 0x00
>>> pos 30
id 30  pos  2065  spd     0  load  296  11.9 V  39 C  err 0x00
>>> pos 30
id 30  pos  2065  spd     0  load  296  11.9 V  39 C  err 0x00
>>> pos 30
id 30  pos  2065  spd     0  load  296  11.9 V  39 C  err 0x00
>>> pos 30
id 30  pos  2065  spd     0  load  296  11.9 V  39 C  err 0x00
>>> pos 30
id 30  pos  2065  spd     0  load  296  11.9 V  39 C  err 0x00
>>> pos 30
id 30  pos  2065  spd     0  load  296  11.9 V  39 C  err 0x00
>>> pos 30
id 30  pos  2065  spd     0  load  296  12.0 V  39 C  err 0x00
>>> pos 30
id 30  pos  2065  spd     0  load  296  12.0 V  39 C  err 0x00
>>> pos 30
id 30  pos  2065  spd     0  load  296  11.9 V  39 C  err 0x00
>>> pos 30
id 30  pos  2065  spd     0  load  296  12.0 V  39 C  err 0x00
>>> pos 30
id 30  pos  2065  spd     0  load  296  11.9 V  39 C  err 0x00
>>> pos 30
id 30  pos  2065  spd     0  load  296  11.9 V  39 C  err 0x00
>>> pos 30
id 30  pos  2065  spd     0  load  296  11.9 V  39 C  err 0x00
>>> pos 30
id 30  pos  2065  spd     0  load  296  11.9 V  39 C  err 0x00
>>> pos 30
id 30  pos  2065  spd     0  load  296  11.9 V  39 C  err 0x00
>>> pos 30
id 30  pos  2065  spd     0  load  296  11.9 V  39 C  err 0x00
>>> pos 30
id 30  pos  2065  spd     0  load  296  11.9 V  39 C  err 0x00
>>> pos 30
id 30  pos  2065  spd     0  load  296  12.1 V  39 C  err 0x00
>>> pos 30
id 30  pos  2065  spd     0  load  296  11.9 V  39 C  err 0x00
>>> pos 30
id 30  pos  2065  spd     0  load  296  11.9 V  39 C  err 0x00
>>> pos 30
id 30  pos  2065  spd     0  load  296  11.9 V  39 C  err 0x00
>>> pos 30
id 30  pos  2065  spd     0  load  296  11.9 V  39 C  err 0x00
>>> pos 30
id 30  pos  2065  spd     0  load  296  11.9 V  39 C  err 0x00
>>> pos 30
id 30  pos  2065  spd     0  load  296  11.9 V  39 C  err 0x00
>>> pos 30
id 30  pos  2065  spd     0  load  296  12.0 V  39 C  err 0x00
>>> pos 30
id 30  pos  2065  spd     0  load  296  11.9 V  39 C  err 0x00
>>> pos 30
id 30  pos  2065  spd     0  load  296  11.9 V  39 C  err 0x00
>>> pos 30
id 30  pos  2065  spd     0  load  296  11.9 V  39 C  err 0x00
>>> pos 30
id 30  pos  2065  spd     0  load  296  12.0 V  39 C  err 0x00
>>> pos 30
id 30  pos  2065  spd     0  load  296  12.0 V  39 C  err 0x00
>>> pos 30
id 30  pos  2065  spd     0  load  296  12.0 V  39 C  err 0x00
>>> pos 30
id 30  pos  2065  spd     0  load  296  11.9 V  39 C  err 0x00
>>> pos 30
id 30  pos  2065  spd     0  load  296  11.9 V  39 C  err 0x00
>>> pos 30
id 30  pos  2065  spd     0  load  296  11.9 V  39 C  err 0x00
>>> pos 30
id 30  pos  2065  spd     0  load  296  12.0 V  39 C  err 0x00
>>> pos 30
id 30  pos  2065  spd     0  load  296  12.0 V  39 C  err 0x00
>>> pos 30
id 30  pos  2065  spd     0  load  296  12.0 V  39 C  err 0x00
>>> pos 30
id 30  pos  2065  spd     0  load  296  12.0 V  39 C  err 0x00
>>> pos 30
id 30  pos  2065  spd     0  load  296  11.9 V  39 C  err 0x00
>>> pos 30
id 30  pos  2065  spd     0  load  296  12.0 V  39 C  err 0x00
>>> pos 30
id 30  pos  2065  spd     0  load  296  12.0 V  39 C  err 0x00
>>> pos 30
id 30  pos  2065  spd     0  load  296  11.9 V  39 C  err 0x00
>>> pos 30
id 30  pos  2065  spd     0  load  296  11.9 V  39 C  err 0x00
>>> pos 30
id 30  pos  2065  spd     0  load  296  11.9 V  39 C  err 0x00
>>> pos 30
id 30  pos  2065  spd     0  load  296  12.0 V  39 C  err 0x00
>>> pos 30
id 30  pos  2065  spd     0  load  296  12.0 V  39 C  err 0x00
>>> pos 30
id 30  pos  2065  spd     0  load  296  12.0 V  39 C  err 0x00
>>> pos 30
id 30  pos  2065  spd     0  load  296  12.0 V  39 C  err 0x00
>>> pos 30
id 30  pos  2065  spd     0  load  296  11.9 V  39 C  err 0x00
>>> pos 30
id 30  pos  2065  spd     0  load  296  11.9 V  39 C  err 0x00
>>> pos 30
id 30  pos  2065  spd     0  load  296  11.9 V  39 C  err 0x00
>>> pos 30
id 30  pos  2065  spd     0  load  296  11.9 V  39 C  err 0x00
>>> pos 30
id 30  pos  2065  spd     0  load  296  12.0 V  39 C  err 0x00
>>> pos 30
id 30  pos  2065  spd     0  load  296  11.9 V  39 C  err 0x00
>>> pos 30
id 30  pos  2065  spd     0  load  296  12.0 V  39 C  err 0x00
>>> pos 30
id 30  pos  2065  spd     0  load  296  11.9 V  39 C  err 0x00
>>> pos 30
id 30  pos  2065  spd     0  load  296  12.0 V  39 C  err 0x00
>>> pos 30
id 30  pos  2065  spd     0  load  296  11.9 V  39 C  err 0x00
>>> pos 30
id 30  pos  2065  spd     0  load  296  11.9 V  39 C  err 0x00
>>> pos 30
id 30  pos  2065  spd     0  load  296  11.9 V  39 C  err 0x00
>>> pos 30
id 30  pos  2065  spd     0  load  296  12.0 V  39 C  err 0x00
>>> pos 30
id 30  pos  2065  spd     0  load  296  11.9 V  39 C  err 0x00
>>> pos 30
id 30  pos  2065  spd     0  load  296  12.0 V  39 C  err 0x00
>>> pos 30
id 30  pos  2065  spd     0  load  296  11.9 V  39 C  err 0x00
>>> pos 30
id 30  pos  2065  spd     0  load  296  11.9 V  39 C  err 0x00
>>> pos 30
id 30  pos  2065  spd     0  load  296  11.9 V  39 C  err 0x00
>>> pos 30
id 30  pos  2065  spd     0  load  296  12.0 V  39 C  err 0x00
>>> pos 30
id 30  pos  2065  spd     0  load  296  11.9 V  39 C  err 0x00
>>> pos 30
id 30  pos  2065  spd     0  load  296  12.0 V  39 C  err 0x00
>>> pos 30
id 30  pos  2065  spd     0  load  296  11.9 V  39 C  err 0x00
>>> pos 30
id 30  pos  2065  spd     0  load  296  11.9 V  39 C  err 0x00
>>> pos 30
id 30  pos  2065  spd     0  load  296  11.9 V  39 C  err 0x00
>>> pos 30
id 30  pos  2065  spd     0  load  296  11.9 V  39 C  err 0x00
>>> pos 30
id 30  pos  2065  spd     0  load  296  11.9 V  39 C  err 0x00
>>> move 30 2034 0 100
move id 30 -> 2034 ticks, 0 ms, spd 100, acc 0: ok
>>> move 30 2057 0 100
move id 30 -> 2057 ticks, 0 ms, spd 100, acc 0: ok
>>> pos 30
id 30  pos  2042  spd     0  load  176  12.0 V  39 C  err 0x00
>>> pos 30
id 30  pos  2042  spd     0  load    0  12.1 V  39 C  err 0x00
>>> pos 30
id 30  pos  2047  spd   150  load  156  12.1 V  39 C  err 0x00
>>> pos 30
id 30  pos  2048  spd    50  load    0  12.1 V  39 C  err 0x00
>>> pos 30
id 30  pos  2053  spd   200  load  196  12.1 V  39 C  err 0x00
>>> pos 30
id 30  pos  2056  spd   150  load   96  12.1 V  39 C  err 0x00
>>> pos 30
id 30  pos  2059  spd     0  load   96  12.1 V  39 C  err 0x00
>>> pos 30
id 30  pos  2061  spd   100  load  176  12.1 V  39 C  err 0x00
>>> pos 30
id 30  pos  2061  spd     0  load  136  12.1 V  39 C  err 0x00
>>> pos 30
id 30  pos  2062  spd    50  load  176  12.0 V  39 C  err 0x00
>>> pos 30
id 30  pos  2062  spd     0  load  176  12.0 V  39 C  err 0x00
>>> pos 30
id 30  pos  2062  spd     0  load  176  12.1 V  39 C  err 0x00
>>> pos 30
id 30  pos  2062  spd     0  load  176  12.0 V  39 C  err 0x00
>>> pos 30
id 30  pos  2062  spd     0  load  176  12.1 V  39 C  err 0x00
>>> pos 30
id 30  pos  2062  spd     0  load  176  12.1 V  39 C  err 0x00
>>> pos 30
id 30  pos  2062  spd     0  load  176  12.0 V  39 C  err 0x00
>>> pos 30
id 30  pos  2062  spd     0  load  176  12.1 V  39 C  err 0x00
>>> pos 30
id 30  pos  2062  spd     0  load  176  12.1 V  39 C  err 0x00
>>> pos 30
id 30  pos  2062  spd     0  load  176  12.0 V  39 C  err 0x00
>>> pos 30
id 30  pos  2062  spd     0  load  176  12.0 V  39 C  err 0x00
>>> pos 30
id 30  pos  2062  spd     0  load  176  12.1 V  39 C  err 0x00
>>> pos 30
id 30  pos  2062  spd     0  load  176  12.1 V  39 C  err 0x00
>>> pos 30
id 30  pos  2062  spd     0  load  176  12.1 V  39 C  err 0x00
>>> pos 30
id 30  pos  2062  spd     0  load  176  12.1 V  39 C  err 0x00
>>> pos 30
id 30  pos  2062  spd     0  load  176  12.1 V  39 C  err 0x00
>>> pos 30
id 30  pos  2062  spd     0  load  176  11.8 V  39 C  err 0x00
>>> pos 30
id 30  pos  2062  spd     0  load  176  12.1 V  39 C  err 0x00
>>> pos 30
id 30  pos  2062  spd     0  load  176  12.1 V  39 C  err 0x00
>>> pos 30
id 30  pos  2062  spd     0  load  176  12.1 V  39 C  err 0x00
>>> pos 30
id 30  pos  2062  spd     0  load  176  12.1 V  39 C  err 0x00
>>> pos 30
id 30  pos  2062  spd     0  load  176  12.1 V  39 C  err 0x00
>>> pos 30
id 30  pos  2062  spd     0  load  176  12.1 V  39 C  err 0x00
>>> pos 30
id 30  pos  2062  spd     0  load  176  12.0 V  39 C  err 0x00
>>> pos 30
id 30  pos  2062  spd     0  load  176  12.0 V  39 C  err 0x00
>>> pos 30
id 30  pos  2062  spd     0  load  176  12.1 V  39 C  err 0x00
>>> pos 30
id 30  pos  2062  spd     0  load  176  12.1 V  39 C  err 0x00
>>> pos 30
id 30  pos  2062  spd     0  load  176  12.0 V  39 C  err 0x00
>>> pos 30
id 30  pos  2062  spd     0  load  176  12.1 V  39 C  err 0x00
>>> pos 30
id 30  pos  2062  spd     0  load  176  12.0 V  39 C  err 0x00
>>> pos 30
id 30  pos  2062  spd     0  load  176  12.0 V  39 C  err 0x00
>>> pos 30
id 30  pos  2062  spd     0  load  176  12.1 V  39 C  err 0x00
>>> pos 30
id 30  pos  2062  spd     0  load  176  12.1 V  39 C  err 0x00
>>> pos 30
id 30  pos  2062  spd     0  load  176  12.1 V  39 C  err 0x00
>>> pos 30
id 30  pos  2062  spd     0  load  176  12.1 V  39 C  err 0x00
>>> pos 30
id 30  pos  2062  spd     0  load  176  12.1 V  39 C  err 0x00
>>> pos 30
id 30  pos  2062  spd     0  load  176  12.1 V  39 C  err 0x00
>>> pos 30
id 30  pos  2062  spd     0  load  176  12.1 V  39 C  err 0x00
>>> pos 30
id 30  pos  2062  spd     0  load  176  12.1 V  39 C  err 0x00
>>> pos 30
id 30  pos  2062  spd     0  load  176  12.0 V  39 C  err 0x00
>>> pos 30
id 30  pos  2062  spd     0  load  176  12.0 V  39 C  err 0x00
>>> pos 30
id 30  pos  2062  spd     0  load  176  12.1 V  39 C  err 0x00
>>> pos 30
id 30  pos  2062  spd     0  load  176  12.1 V  39 C  err 0x00
>>> pos 30
id 30  pos  2062  spd     0  load  176  12.1 V  39 C  err 0x00
>>> pos 30
id 30  pos  2062  spd     0  load  176  12.0 V  39 C  err 0x00
>>> pos 30
id 30  pos  2062  spd     0  load  176  12.0 V  39 C  err 0x00
>>> pos 30
id 30  pos  2062  spd     0  load  176  12.1 V  39 C  err 0x00
>>> pos 30
id 30  pos  2062  spd     0  load  176  12.1 V  39 C  err 0x00
>>> pos 30
id 30  pos  2062  spd     0  load  176  12.1 V  39 C  err 0x00
>>> pos 30
id 30  pos  2062  spd     0  load  176  12.1 V  39 C  err 0x00
>>> pos 30
id 30  pos  2062  spd     0  load  176  12.0 V  39 C  err 0x00
>>> pos 30
id 30  pos  2062  spd     0  load  176  12.1 V  39 C  err 0x00
>>> pos 30
id 30  pos  2062  spd     0  load  176  12.0 V  39 C  err 0x00
>>> pos 30
id 30  pos  2062  spd     0  load  176  12.1 V  38 C  err 0x00
>>> pos 30
id 30  pos  2062  spd     0  load  176  12.0 V  39 C  err 0x00
>>> pos 30
id 30  pos  2062  spd     0  load  176  12.1 V  39 C  err 0x00
>>> pos 30
id 30  pos  2062  spd     0  load  176  12.0 V  39 C  err 0x00
>>> pos 30
id 30  pos  2062  spd     0  load  176  12.0 V  39 C  err 0x00
>>> pos 30
id 30  pos  2062  spd     0  load  176  12.0 V  39 C  err 0x00
>>> pos 30
id 30  pos  2062  spd     0  load  176  12.0 V  39 C  err 0x00
>>> pos 30
id 30  pos  2062  spd     0  load  176  12.0 V  39 C  err 0x00
>>> pos 30
id 30  pos  2062  spd     0  load  176  12.0 V  39 C  err 0x00
>>> pos 30
id 30  pos  2062  spd     0  load  176  12.1 V  39 C  err 0x00
>>> pos 30
id 30  pos  2062  spd     0  load  176  12.1 V  39 C  err 0x00
>>> pos 30
id 30  pos  2062  spd     0  load  176  12.1 V  39 C  err 0x00
>>> pos 30
id 30  pos  2062  spd     0  load  176  12.1 V  39 C  err 0x00
>>> pos 30
id 30  pos  2062  spd     0  load  176  12.0 V  39 C  err 0x00
>>> pos 30
id 30  pos  2062  spd     0  load  176  12.0 V  39 C  err 0x00
>>> pos 30
id 30  pos  2062  spd     0  load  176  11.8 V  39 C  err 0x00
>>> pos 30
id 30  pos  2062  spd     0  load  176  12.1 V  39 C  err 0x00
>>> pos 30
id 30  pos  2062  spd     0  load  176  12.1 V  39 C  err 0x00
>>> pos 30
id 30  pos  2062  spd     0  load  176  12.1 V  39 C  err 0x00
>>> pos 30
id 30  pos  2062  spd     0  load  176  12.1 V  39 C  err 0x00
>>> pos 30
id 30  pos  2062  spd     0  load  176  12.1 V  39 C  err 0x00
>>> pos 30
id 30  pos  2062  spd     0  load  176  12.1 V  39 C  err 0x00
>>> pos 30
id 30  pos  2062  spd     0  load  176  12.1 V  37 C  err 0x00
>>> pos 30
id 30  pos  2062  spd     0  load  176  12.0 V  39 C  err 0x00
>>> pos 30
id 30  pos  2062  spd     0  load  176  12.1 V  39 C  err 0x00
>>> pos 30
id 30  pos  2062  spd     0  load  176  12.1 V  39 C  err 0x00
>>> pos 30
id 30  pos  2062  spd     0  load  176  12.1 V  39 C  err 0x00
>>> pos 30
id 30  pos  2062  spd     0  load  176  12.1 V  39 C  err 0x00
>>> pos 30
id 30  pos  2062  spd     0  load  176  12.1 V  39 C  err 0x00
  4 bottle(s): static +5.00 (load 176, range 0) | from above +8.00 (load 296, over 0, settle 0.2651) | from below +5.00 (load 176, over 0, settle 0.2651) | err 0

LIFT ALL bottles OFF; press enter when done
< ''
>>> pos 30
id 30  pos  2056  spd     0  load    0  12.1 V  39 C  err 0x00
>>> pos 30
id 30  pos  2056  spd     0  load    0  12.1 V  39 C  err 0x00
>>> pos 30
id 30  pos  2056  spd     0  load    0  12.1 V  39 C  err 0x00
>>> pos 30
id 30  pos  2056  spd     0  load    0  12.1 V  39 C  err 0x00
>>> pos 30
id 30  pos  2056  spd     0  load    0  12.1 V  39 C  err 0x00
>>> pos 30
id 30  pos  2056  spd     0  load    0  12.1 V  39 C  err 0x00
>>> pos 30
id 30  pos  2056  spd     0  load    0  12.1 V  39 C  err 0x00
>>> pos 30
id 30  pos  2056  spd     0  load    0  12.1 V  40 C  err 0x00
>>> pos 30
id 30  pos  2056  spd     0  load    0  12.1 V  39 C  err 0x00
>>> pos 30
id 30  pos  2056  spd     0  load    0  12.1 V  39 C  err 0x00
>>> pos 30
id 30  pos  2056  spd     0  load    0  12.1 V  39 C  err 0x00
>>> pos 30
id 30  pos  2056  spd     0  load    0  12.1 V  39 C  err 0x00
>>> pos 30
id 30  pos  2056  spd     0  load    0  12.1 V  39 C  err 0x00
>>> pos 30
id 30  pos  2056  spd     0  load    0  12.1 V  40 C  err 0x00
>>> pos 30
id 30  pos  2056  spd     0  load    0  12.1 V  40 C  err 0x00
>>> pos 30
id 30  pos  2056  spd     0  load    0  12.1 V  40 C  err 0x00
>>> pos 30
id 30  pos  2056  spd     0  load    0  12.1 V  39 C  err 0x00
>>> pos 30
id 30  pos  2056  spd     0  load    0  12.1 V  40 C  err 0x00
>>> pos 30
id 30  pos  2056  spd     0  load    0  12.1 V  39 C  err 0x00
>>> pos 30
id 30  pos  2056  spd     0  load    0  12.1 V  39 C  err 0x00
>>> move 30 2080 0 100
move id 30 -> 2080 ticks, 0 ms, spd 100, acc 0: ok
>>> move 30 2057 0 100
move id 30 -> 2057 ticks, 0 ms, spd 100, acc 0: ok
>>> pos 30
id 30  pos  2079  spd   -50  load   96  12.1 V  39 C  err 0x00
>>> pos 30
id 30  pos  2075  spd   -50  load   36  12.1 V  40 C  err 0x00
>>> pos 30
id 30  pos  2072  spd     0  load   36  12.1 V  39 C  err 0x00
>>> pos 30
id 30  pos  2069  spd   -50  load   36  12.1 V  40 C  err 0x00
>>> pos 30
id 30  pos  2064  spd     0  load  -36  12.1 V  39 C  err 0x00
>>> pos 30
id 30  pos  2063  spd   -50  load  136  12.1 V  40 C  err 0x00
>>> pos 30
id 30  pos  2057  spd  -300  load  -36  12.1 V  39 C  err 0x00
>>> pos 30
id 30  pos  2057  spd     0  load    0  12.1 V  39 C  err 0x00
>>> pos 30
id 30  pos  2057  spd     0  load    0  12.1 V  39 C  err 0x00
>>> pos 30
id 30  pos  2057  spd     0  load    0  12.1 V  39 C  err 0x00
>>> pos 30
id 30  pos  2057  spd     0  load    0  12.1 V  40 C  err 0x00
>>> pos 30
id 30  pos  2057  spd     0  load    0  12.1 V  39 C  err 0x00
>>> pos 30
id 30  pos  2057  spd     0  load    0  12.1 V  40 C  err 0x00
>>> pos 30
id 30  pos  2057  spd     0  load    0  12.1 V  39 C  err 0x00
>>> pos 30
id 30  pos  2057  spd     0  load    0  12.1 V  39 C  err 0x00
>>> pos 30
id 30  pos  2057  spd     0  load    0  12.1 V  39 C  err 0x00
>>> pos 30
id 30  pos  2057  spd     0  load    0  12.1 V  39 C  err 0x00
>>> pos 30
id 30  pos  2057  spd     0  load    0  12.1 V  39 C  err 0x00
>>> pos 30
id 30  pos  2057  spd     0  load    0  12.1 V  39 C  err 0x00
>>> pos 30
id 30  pos  2057  spd     0  load    0  12.1 V  39 C  err 0x00
>>> pos 30
id 30  pos  2057  spd     0  load    0  12.1 V  39 C  err 0x00
>>> pos 30
id 30  pos  2057  spd     0  load    0  12.1 V  40 C  err 0x00
>>> pos 30
id 30  pos  2057  spd     0  load    0  12.1 V  39 C  err 0x00
>>> pos 30
id 30  pos  2057  spd     0  load    0  12.1 V  39 C  err 0x00
>>> pos 30
id 30  pos  2057  spd     0  load    0  12.1 V  39 C  err 0x00
>>> pos 30
id 30  pos  2057  spd     0  load    0  12.1 V  40 C  err 0x00
>>> pos 30
id 30  pos  2057  spd     0  load    0  12.1 V  40 C  err 0x00
>>> pos 30
id 30  pos  2057  spd     0  load    0  12.1 V  39 C  err 0x00
>>> pos 30
id 30  pos  2057  spd     0  load    0  12.1 V  39 C  err 0x00
>>> pos 30
id 30  pos  2057  spd     0  load    0  12.1 V  39 C  err 0x00
>>> pos 30
id 30  pos  2057  spd     0  load    0  12.1 V  39 C  err 0x00
>>> pos 30
id 30  pos  2057  spd     0  load    0  12.1 V  39 C  err 0x00
>>> pos 30
id 30  pos  2057  spd     0  load    0  12.1 V  40 C  err 0x00
>>> pos 30
id 30  pos  2057  spd     0  load    0  12.1 V  39 C  err 0x00
>>> pos 30
id 30  pos  2057  spd     0  load    0  12.1 V  39 C  err 0x00
>>> pos 30
id 30  pos  2057  spd     0  load    0  12.1 V  39 C  err 0x00
>>> pos 30
id 30  pos  2057  spd     0  load    0  12.1 V  40 C  err 0x00
>>> pos 30
id 30  pos  2057  spd     0  load    0  12.1 V  39 C  err 0x00
>>> pos 30
id 30  pos  2057  spd     0  load    0  12.1 V  39 C  err 0x00
>>> pos 30
id 30  pos  2057  spd     0  load    0  12.1 V  39 C  err 0x00
>>> pos 30
id 30  pos  2057  spd     0  load    0  12.1 V  39 C  err 0x00
>>> pos 30
id 30  pos  2057  spd     0  load    0  12.1 V  39 C  err 0x00
>>> pos 30
id 30  pos  2057  spd     0  load    0  12.1 V  40 C  err 0x00
>>> pos 30
id 30  pos  2057  spd     0  load    0  12.1 V  40 C  err 0x00
>>> pos 30
id 30  pos  2057  spd     0  load    0  12.1 V  39 C  err 0x00
>>> pos 30
id 30  pos  2057  spd     0  load    0  12.1 V  39 C  err 0x00
>>> pos 30
id 30  pos  2057  spd     0  load    0  12.1 V  40 C  err 0x00
>>> pos 30
id 30  pos  2057  spd     0  load    0  12.1 V  40 C  err 0x00
>>> pos 30
id 30  pos  2057  spd     0  load    0  12.1 V  40 C  err 0x00
>>> pos 30
id 30  pos  2057  spd     0  load    0  12.1 V  39 C  err 0x00
>>> pos 30
id 30  pos  2057  spd     0  load    0  12.1 V  39 C  err 0x00
>>> pos 30
id 30  pos  2057  spd     0  load    0  12.1 V  39 C  err 0x00
>>> pos 30
id 30  pos  2057  spd     0  load    0  12.1 V  39 C  err 0x00
>>> pos 30
id 30  pos  2057  spd     0  load    0  12.1 V  40 C  err 0x00
>>> pos 30
id 30  pos  2057  spd     0  load    0  12.1 V  39 C  err 0x00
>>> pos 30
id 30  pos  2057  spd     0  load    0  12.1 V  39 C  err 0x00
>>> pos 30
id 30  pos  2057  spd     0  load    0  12.1 V  39 C  err 0x00
>>> pos 30
id 30  pos  2057  spd     0  load    0  12.1 V  39 C  err 0x00
>>> pos 30
id 30  pos  2057  spd     0  load    0  12.1 V  39 C  err 0x00
>>> pos 30
id 30  pos  2057  spd     0  load    0  12.1 V  39 C  err 0x00
>>> pos 30
id 30  pos  2057  spd     0  load    0  12.1 V  40 C  err 0x00
>>> pos 30
id 30  pos  2057  spd     0  load    0  12.1 V  39 C  err 0x00
>>> pos 30
id 30  pos  2057  spd     0  load    0  12.1 V  39 C  err 0x00
>>> pos 30
id 30  pos  2057  spd     0  load    0  12.1 V  39 C  err 0x00
>>> pos 30
id 30  pos  2057  spd     0  load    0  12.1 V  39 C  err 0x00
>>> pos 30
id 30  pos  2057  spd     0  load    0  12.1 V  39 C  err 0x00
>>> pos 30
id 30  pos  2057  spd     0  load    0  12.1 V  40 C  err 0x00
>>> pos 30
id 30  pos  2057  spd     0  load    0  12.1 V  39 C  err 0x00
>>> pos 30
id 30  pos  2057  spd     0  load    0  12.1 V  39 C  err 0x00
>>> pos 30
id 30  pos  2057  spd     0  load    0  12.1 V  39 C  err 0x00
>>> pos 30
id 30  pos  2057  spd     0  load    0  12.1 V  39 C  err 0x00
>>> pos 30
id 30  pos  2057  spd     0  load    0  12.1 V  39 C  err 0x00
>>> pos 30
id 30  pos  2057  spd     0  load    0  12.1 V  40 C  err 0x00
>>> pos 30
id 30  pos  2057  spd     0  load    0  12.1 V  39 C  err 0x00
>>> pos 30
id 30  pos  2057  spd     0  load    0  12.1 V  40 C  err 0x00
>>> pos 30
id 30  pos  2057  spd     0  load    0  12.1 V  39 C  err 0x00
>>> pos 30
id 30  pos  2057  spd     0  load    0  12.1 V  39 C  err 0x00
>>> pos 30
id 30  pos  2057  spd     0  load    0  12.1 V  39 C  err 0x00
>>> pos 30
id 30  pos  2057  spd     0  load    0  12.1 V  39 C  err 0x00
>>> pos 30
id 30  pos  2057  spd     0  load    0  12.1 V  40 C  err 0x00
>>> pos 30
id 30  pos  2057  spd     0  load    0  12.1 V  39 C  err 0x00
>>> pos 30
id 30  pos  2057  spd     0  load    0  12.1 V  40 C  err 0x00
>>> pos 30
id 30  pos  2057  spd     0  load    0  12.1 V  39 C  err 0x00
>>> pos 30
id 30  pos  2057  spd     0  load    0  12.1 V  39 C  err 0x00
>>> pos 30
id 30  pos  2057  spd     0  load    0  12.1 V  39 C  err 0x00
>>> pos 30
id 30  pos  2057  spd     0  load    0  12.1 V  39 C  err 0x00
>>> pos 30
id 30  pos  2057  spd     0  load    0  12.1 V  39 C  err 0x00
>>> pos 30
id 30  pos  2057  spd     0  load    0  12.1 V  40 C  err 0x00
>>> pos 30
id 30  pos  2057  spd     0  load    0  12.1 V  39 C  err 0x00
>>> pos 30
id 30  pos  2057  spd     0  load    0  12.1 V  40 C  err 0x00
>>> pos 30
id 30  pos  2057  spd     0  load    0  12.1 V  40 C  err 0x00
>>> move 30 2034 0 100
move id 30 -> 2034 ticks, 0 ms, spd 100, acc 0: ok
>>> move 30 2057 0 100
move id 30 -> 2057 ticks, 0 ms, spd 100, acc 0: ok
>>> pos 30
id 30  pos  2034  spd     0  load  -76  12.1 V  40 C  err 0x00
>>> pos 30
id 30  pos  2038  spd   150  load  -56  12.1 V  39 C  err 0x00
>>> pos 30
id 30  pos  2040  spd    50  load -116  12.1 V  40 C  err 0x00
>>> pos 30
id 30  pos  2044  spd   200  load  -56  12.1 V  40 C  err 0x00
>>> pos 30
id 30  pos  2048  spd   100  load  -36  12.1 V  40 C  err 0x00
>>> pos 30
id 30  pos  2050  spd    50  load  -96  12.1 V  40 C  err 0x00
>>> pos 30
id 30  pos  2056  spd   100  load   56  12.1 V  40 C  err 0x00
>>> pos 30
id 30  pos  2056  spd     0  load    0  12.1 V  40 C  err 0x00
>>> pos 30
id 30  pos  2056  spd     0  load    0  12.1 V  40 C  err 0x00
>>> pos 30
id 30  pos  2056  spd   -50  load   36  12.1 V  40 C  err 0x00
>>> pos 30
id 30  pos  2056  spd     0  load    0  12.1 V  39 C  err 0x00
>>> pos 30
id 30  pos  2056  spd     0  load    0  12.1 V  39 C  err 0x00
>>> pos 30
id 30  pos  2056  spd     0  load    0  12.1 V  39 C  err 0x00
>>> pos 30
id 30  pos  2056  spd     0  load    0  12.1 V  40 C  err 0x00
>>> pos 30
id 30  pos  2056  spd     0  load    0  12.1 V  39 C  err 0x00
>>> pos 30
id 30  pos  2056  spd     0  load    0  12.1 V  40 C  err 0x00
>>> pos 30
id 30  pos  2056  spd     0  load    0  12.1 V  39 C  err 0x00
>>> pos 30
id 30  pos  2056  spd     0  load    0  12.1 V  40 C  err 0x00
>>> pos 30
id 30  pos  2056  spd     0  load    0  12.1 V  40 C  err 0x00
>>> pos 30
id 30  pos  2056  spd     0  load    0  12.1 V  40 C  err 0x00
>>> pos 30
id 30  pos  2056  spd     0  load    0  12.1 V  40 C  err 0x00
>>> pos 30
id 30  pos  2056  spd     0  load    0  12.1 V  39 C  err 0x00
>>> pos 30
id 30  pos  2056  spd     0  load    0  12.1 V  40 C  err 0x00
>>> pos 30
id 30  pos  2056  spd     0  load    0  12.1 V  39 C  err 0x00
>>> pos 30
id 30  pos  2056  spd     0  load    0  12.1 V  40 C  err 0x00
>>> pos 30
id 30  pos  2056  spd     0  load    0  12.1 V  40 C  err 0x00
>>> pos 30
id 30  pos  2056  spd     0  load    0  12.1 V  40 C  err 0x00
>>> pos 30
id 30  pos  2056  spd     0  load    0  12.1 V  40 C  err 0x00
>>> pos 30
id 30  pos  2056  spd     0  load    0  12.1 V  40 C  err 0x00
>>> pos 30
id 30  pos  2056  spd     0  load    0  12.1 V  40 C  err 0x00
>>> pos 30
id 30  pos  2056  spd     0  load    0  12.1 V  40 C  err 0x00
>>> pos 30
id 30  pos  2056  spd     0  load    0  12.1 V  40 C  err 0x00
>>> pos 30
id 30  pos  2056  spd     0  load    0  12.1 V  39 C  err 0x00
>>> pos 30
id 30  pos  2056  spd     0  load    0  12.1 V  39 C  err 0x00
>>> pos 30
id 30  pos  2056  spd     0  load    0  12.1 V  39 C  err 0x00
>>> pos 30
id 30  pos  2056  spd     0  load    0  12.1 V  39 C  err 0x00
>>> pos 30
id 30  pos  2056  spd     0  load    0  12.1 V  39 C  err 0x00
>>> pos 30
id 30  pos  2056  spd     0  load    0  12.1 V  39 C  err 0x00
>>> pos 30
id 30  pos  2056  spd     0  load    0  12.1 V  40 C  err 0x00
>>> pos 30
id 30  pos  2056  spd     0  load    0  12.1 V  40 C  err 0x00
>>> pos 30
id 30  pos  2056  spd     0  load    0  12.1 V  39 C  err 0x00
>>> pos 30
id 30  pos  2056  spd     0  load    0  12.1 V  40 C  err 0x00
>>> pos 30
id 30  pos  2056  spd     0  load    0  12.1 V  40 C  err 0x00
>>> pos 30
id 30  pos  2056  spd     0  load    0  12.1 V  39 C  err 0x00
>>> pos 30
id 30  pos  2056  spd     0  load    0  12.1 V  39 C  err 0x00
>>> pos 30
id 30  pos  2056  spd     0  load    0  12.1 V  39 C  err 0x00
>>> pos 30
id 30  pos  2056  spd     0  load    0  12.1 V  39 C  err 0x00
>>> pos 30
id 30  pos  2056  spd     0  load    0  12.1 V  39 C  err 0x00
>>> pos 30
id 30  pos  2056  spd     0  load    0  12.1 V  39 C  err 0x00
>>> pos 30
id 30  pos  2056  spd     0  load    0  12.1 V  39 C  err 0x00
>>> pos 30
id 30  pos  2056  spd     0  load    0  12.1 V  39 C  err 0x00
>>> pos 30
id 30  pos  2056  spd     0  load    0  12.1 V  39 C  err 0x00
>>> pos 30
id 30  pos  2056  spd     0  load    0  12.1 V  40 C  err 0x00
>>> pos 30
id 30  pos  2056  spd     0  load    0  12.1 V  39 C  err 0x00
>>> pos 30
id 30  pos  2056  spd     0  load    0  12.1 V  40 C  err 0x00
>>> pos 30
id 30  pos  2056  spd     0  load    0  12.1 V  39 C  err 0x00
>>> pos 30
id 30  pos  2056  spd     0  load    0  12.1 V  40 C  err 0x00
>>> pos 30
id 30  pos  2056  spd     0  load    0  12.1 V  39 C  err 0x00
>>> pos 30
id 30  pos  2056  spd     0  load    0  12.1 V  39 C  err 0x00
>>> pos 30
id 30  pos  2056  spd     0  load    0  12.1 V  40 C  err 0x00
>>> pos 30
id 30  pos  2056  spd     0  load    0  12.1 V  39 C  err 0x00
>>> pos 30
id 30  pos  2056  spd     0  load    0  12.1 V  39 C  err 0x00
>>> pos 30
id 30  pos  2056  spd     0  load    0  12.1 V  39 C  err 0x00
>>> pos 30
id 30  pos  2056  spd     0  load    0  12.1 V  39 C  err 0x00
>>> pos 30
id 30  pos  2056  spd     0  load    0  12.1 V  39 C  err 0x00
>>> pos 30
id 30  pos  2056  spd     0  load    0  12.1 V  39 C  err 0x00
>>> pos 30
id 30  pos  2056  spd     0  load    0  12.1 V  39 C  err 0x00
>>> pos 30
id 30  pos  2056  spd     0  load    0  12.1 V  39 C  err 0x00
>>> pos 30
id 30  pos  2056  spd     0  load    0  12.1 V  39 C  err 0x00
>>> pos 30
id 30  pos  2056  spd     0  load    0  12.1 V  39 C  err 0x00
>>> pos 30
id 30  pos  2056  spd     0  load    0  12.1 V  39 C  err 0x00
>>> pos 30
id 30  pos  2056  spd     0  load    0  12.1 V  39 C  err 0x00
>>> pos 30
id 30  pos  2056  spd     0  load    0  12.1 V  40 C  err 0x00
>>> pos 30
id 30  pos  2056  spd     0  load    0  12.1 V  40 C  err 0x00
>>> pos 30
id 30  pos  2056  spd     0  load    0  12.1 V  39 C  err 0x00
>>> pos 30
id 30  pos  2056  spd     0  load    0  12.1 V  39 C  err 0x00
>>> pos 30
id 30  pos  2056  spd     0  load    0  12.1 V  40 C  err 0x00
>>> pos 30
id 30  pos  2056  spd     0  load    0  12.1 V  39 C  err 0x00
>>> pos 30
id 30  pos  2056  spd     0  load    0  12.1 V  40 C  err 0x00
>>> pos 30
id 30  pos  2056  spd     0  load    0  12.1 V  40 C  err 0x00
>>> pos 30
id 30  pos  2056  spd     0  load    0  12.1 V  40 C  err 0x00
>>> pos 30
id 30  pos  2056  spd     0  load    0  12.1 V  40 C  err 0x00
>>> pos 30
id 30  pos  2056  spd     0  load    0  12.1 V  39 C  err 0x00
>>> pos 30
id 30  pos  2056  spd     0  load    0  12.1 V  40 C  err 0x00
>>> pos 30
id 30  pos  2056  spd     0  load    0  12.1 V  39 C  err 0x00
>>> pos 30
id 30  pos  2056  spd     0  load    0  12.1 V  40 C  err 0x00
>>> pos 30
id 30  pos  2056  spd     0  load    0  12.1 V  39 C  err 0x00
>>> pos 30
id 30  pos  2056  spd     0  load    0  12.1 V  40 C  err 0x00
>>> pos 30
id 30  pos  2056  spd     0  load    0  12.1 V  39 C  err 0x00
>>> pos 30
id 30  pos  2056  spd     0  load    0  12.1 V  40 C  err 0x00
>>> pos 30
id 30  pos  2056  spd     0  load    0  12.1 V  40 C  err 0x00
  0 bottle(s): static -1.00 (load 0, range 0) | from above +0.00 (load 0, over 0, settle 0.2321) | from below -1.00 (load 0, over 0, settle 0.2321) | err 0
>>> release 30
release 30: ok
>>> pos 30
id 30  pos  2056  spd     0  load    0  12.1 V  39 C  err 0x00
  released level, bare: pos 2056
>>> release 30
release 30: ok
>>> gains 30 32 32
id 30: writing P 32 D 32 to EEPROM (torque must be OFF; no goal is written) ...
id 30: FAILED (write-failed) -- EEPROM re-lock attempted; `gains 30` to see what the servo holds
>>> gains 30
id 30  P 32  D 32  I 0   expected (no row in servo_gains.h)
>>> reg 30 55 1
id 30 reg 55 = 1 (0x01)
# gains 32/32 FAILED (attempt 1); read back P 32 D 32, lock 1
>>> gains 30
id 30  P 32  D 32  I 0   expected (no row in servo_gains.h)
  gains back to (32, 32)
P  32: load/tick   8.16 (x P32 1.00) over 18 points
P 128: load/tick  29.12 (x P32 3.57) over 18 points
P 160: load/tick  34.92 (x P32 4.28) over 18 points
# end 2026-10-01T13:18:31
