# 2026-09-30T11:24:58 tools/gain_bench.py --session hw_sessions/2026-09-30/gain_bench_bare hold 30 --ladder 32,64,96,128,160,128:32 --orient down --inertia none (bare horn)
>>> pos 30
id 30  pos  2050  spd     0  load    0  12.1 V  32 C  err 0x00
>>> gains 30
id 30  P 32  D 32  I 0   expected (no row in servo_gains.h)
>>> gains 30
id 30  P 32  D 32  I 0   expected (no row in servo_gains.h)
>>> reg 30 40 1
id 30 reg 40 = 0 (0x00)
>>> pos 30
id 30  pos  2050  spd     0  load    0  12.1 V  32 C  err 0x00
>>> pos 30
id 30  pos  2050  spd     0  load    0  12.1 V  32 C  err 0x00
>>> pos 30
id 30  pos  2050  spd     0  load    0  12.1 V  32 C  err 0x00
>>> release 30
release 30: ok
>>> gains 30 32 32
id 30: writing P 32 D 32 to EEPROM (torque must be OFF; no goal is written) ...
>>> release 30
id 30: P 32 D 32, verified after commit -- safe to power down
  note: id 30 has no row in servo_gains.h
release 30: ok
>>> release 30
release 30: ok
>>> gains 30 32 32
id 30: writing P 32 D 32 to EEPROM (torque must be OFF; no goal is written) ...
!! ABORT: id 30: gains 32/32 not verified: 'id 30: writing P 32 D 32 to EEPROM (torque must be OFF; no goal is written) ...'
# 2026-09-30T11:28:19 tools/gain_bench.py --session hw_sessions/2026-09-30/gain_bench_bare hold 11 --allow-bus-id --orient down --inertia none (bare horn) --ladder 32,64,96,128,160,128:32,160:32
>>> pos 11
id 11  pos  2050  spd     0  load    0  12.1 V  32 C  err 0x00
>>> gains 11
id 11  P 32  D 32  I 0   expected P 32 D 32 -- ok
>>> gains 11
id 11  P 32  D 32  I 0   expected P 32 D 32 -- ok
>>> cal show
  R_hip_roll   id  1  zero 3533  dir -1  fitted
  R_hip_pitch  id  2  zero 2501  dir +1  fitted
  R_knee       id  3  zero 2050  dir -1  fitted
  R_ankle      id  4  zero 3450  dir +1  fitted
  L_hip_roll   id  5  zero 2420  dir -1  fitted
  L_hip_pitch  id  6  zero 2044  dir +1  fitted
  L_knee       id  7  zero 1634  dir -1  fitted
  L_ankle      id  8  zero 3516  dir +1  fitted
  R_hip_yaw    id  9  zero 1803  dir +1  fitted
  L_hip_yaw    id 10  zero 1693  dir +1  fitted
  R_ankle_roll id 11  zero 2048  dir +1  NOT FITTED
  L_ankle_roll id 12  zero 2048  dir +1  NOT FITTED
  neck_yaw     id 13  zero 2048  dir +1  NOT FITTED
  R_shoulder   id 14  zero 2048  dir +1  NOT FITTED
  R_elbow      id 15  zero 2048  dir +1  NOT FITTED
  L_shoulder   id 16  zero 2048  dir +1  NOT FITTED
  L_elbow      id 17  zero 2048  dir +1  NOT FITTED
loaded from NVS at boot
>>> reg 11 40 1
id 11 reg 40 = 0 (0x00)
>>> pos 11
id 11  pos  2050  spd     0  load    0  12.1 V  32 C  err 0x00
>>> pos 11
id 11  pos  2050  spd     0  load    0  12.1 V  32 C  err 0x00
>>> pos 11
id 11  pos  2050  spd     0  load    0  12.1 V  32 C  err 0x00
>>> release 11
release 11: ok
>>> gains 11 32 32
id 11: writing P 32 D 32 to EEPROM (torque must be OFF; no goal is written) ...
id 11: P 32 D 32, verified after commit -- safe to power down
>>> gains 11
id 11  P 32  D 32  I 0   expected P 32 D 32 -- ok
>>> pos 11
id 11  pos  2050  spd     0  load    0  12.1 V  32 C  err 0x00
>>> torque 11
torque 11: ok
>>> pos 11
id 11  pos  2050  spd     0  load    0  12.1 V  32 C  err 0x00
>>> move 11 2050 0 100
move id 11 -> 2050 ticks, 0 ms, spd 100, acc 0: ok
>>> pos 11
id 11  pos  2050  spd     0  load    0  12.1 V  32 C  err 0x00
>>> pos 11
id 11  pos  2050  spd     0  load    0  12.1 V  32 C  err 0x00
>>> pos 11
id 11  pos  2050  spd     0  load    0  12.1 V  32 C  err 0x00
>>> pos 11
id 11  pos  2050  spd     0  load    0  12.1 V  32 C  err 0x00
>>> pos 11
id 11  pos  2050  spd     0  load    0  12.1 V  32 C  err 0x00
>>> pos 11
id 11  pos  2050  spd     0  load    0  12.1 V  32 C  err 0x00
>>> pos 11
id 11  pos  2050  spd     0  load    0  12.1 V  32 C  err 0x00
>>> pos 11
id 11  pos  2050  spd     0  load    0  12.1 V  32 C  err 0x00
>>> pos 11
id 11  pos  2050  spd     0  load    0  12.1 V  32 C  err 0x00
>>> pos 11
id 11  pos  2050  spd     0  load    0  12.1 V  32 C  err 0x00
>>> pos 11
id 11  pos  2050  spd     0  load    0  12.1 V  32 C  err 0x00
>>> pos 11
id 11  pos  2050  spd     0  load    0  12.1 V  32 C  err 0x00
>>> pos 11
id 11  pos  2050  spd     0  load    0  12.1 V  32 C  err 0x00
>>> pos 11
id 11  pos  2050  spd     0  load    0  12.1 V  32 C  err 0x00
>>> pos 11
id 11  pos  2050  spd     0  load    0  12.1 V  32 C  err 0x00
>>> pos 11
id 11  pos  2050  spd     0  load    0  12.1 V  32 C  err 0x00
>>> pos 11
id 11  pos  2050  spd     0  load    0  12.1 V  32 C  err 0x00
>>> pos 11
id 11  pos  2050  spd     0  load    0  12.1 V  32 C  err 0x00
>>> pos 11
id 11  pos  2050  spd     0  load    0  12.1 V  32 C  err 0x00
>>> pos 11
id 11  pos  2050  spd     0  load    0  12.1 V  32 C  err 0x00
>>> pos 11
id 11  pos  2050  spd     0  load    0  12.1 V  32 C  err 0x00
>>> pos 11
id 11  pos  2050  spd     0  load    0  12.1 V  32 C  err 0x00
>>> pos 11
id 11  pos  2050  spd     0  load    0  12.1 V  32 C  err 0x00
>>> pos 11
id 11  pos  2050  spd     0  load    0  12.1 V  32 C  err 0x00
>>> pos 11
id 11  pos  2050  spd     0  load    0  12.1 V  32 C  err 0x00
>>> pos 11
id 11  pos  2050  spd     0  load    0  12.1 V  32 C  err 0x00
>>> pos 11
id 11  pos  2050  spd     0  load    0  12.1 V  32 C  err 0x00
>>> pos 11
id 11  pos  2050  spd     0  load    0  12.1 V  32 C  err 0x00
>>> pos 11
id 11  pos  2050  spd     0  load    0  12.1 V  32 C  err 0x00
>>> pos 11
id 11  pos  2050  spd     0  load    0  12.1 V  32 C  err 0x00
>>> pos 11
id 11  pos  2050  spd     0  load    0  12.1 V  32 C  err 0x00
>>> pos 11
id 11  pos  2050  spd     0  load    0  12.1 V  32 C  err 0x00
>>> pos 11
id 11  pos  2050  spd     0  load    0  12.1 V  32 C  err 0x00
>>> pos 11
id 11  pos  2050  spd     0  load    0  12.1 V  32 C  err 0x00
>>> pos 11
id 11  pos  2050  spd     0  load    0  12.1 V  32 C  err 0x00
>>> pos 11
id 11  pos  2050  spd     0  load    0  12.1 V  32 C  err 0x00
>>> pos 11
id 11  pos  2050  spd     0  load    0  12.1 V  32 C  err 0x00
>>> pos 11
id 11  pos  2050  spd     0  load    0  12.1 V  32 C  err 0x00
>>> pos 11
id 11  pos  2050  spd     0  load    0  12.1 V  32 C  err 0x00
>>> pos 11
id 11  pos  2050  spd     0  load    0  12.1 V  32 C  err 0x00
>>> pos 11
id 11  pos  2050  spd     0  load    0  12.1 V  32 C  err 0x00
>>> pos 11
id 11  pos  2050  spd     0  load    0  12.1 V  32 C  err 0x00
>>> pos 11
id 11  pos  2050  spd     0  load    0  12.1 V  32 C  err 0x00
>>> pos 11
id 11  pos  2050  spd     0  load    0  12.1 V  32 C  err 0x00
>>> pos 11
id 11  pos  2050  spd     0  load    0  12.1 V  32 C  err 0x00
>>> pos 11
id 11  pos  2050  spd     0  load    0  12.1 V  32 C  err 0x00
>>> pos 11
id 11  pos  2050  spd     0  load    0  12.1 V  32 C  err 0x00
>>> pos 11
id 11  pos  2050  spd     0  load    0  12.1 V  32 C  err 0x00
>>> pos 11
id 11  pos  2050  spd     0  load    0  12.1 V  32 C  err 0x00
>>> pos 11
id 11  pos  2050  spd     0  load    0  12.1 V  32 C  err 0x00
>>> pos 11
id 11  pos  2050  spd     0  load    0  12.1 V  32 C  err 0x00
>>> pos 11
id 11  pos  2050  spd     0  load    0  12.1 V  32 C  err 0x00
>>> pos 11
id 11  pos  2050  spd     0  load    0  12.1 V  32 C  err 0x00
>>> pos 11
id 11  pos  2050  spd     0  load    0  12.1 V  32 C  err 0x00
>>> pos 11
id 11  pos  2050  spd     0  load    0  12.1 V  32 C  err 0x00
>>> pos 11
id 11  pos  2050  spd     0  load    0  12.1 V  32 C  err 0x00
>>> pos 11
id 11  pos  2050  spd     0  load    0  12.1 V  32 C  err 0x00
>>> pos 11
id 11  pos  2050  spd     0  load    0  12.1 V  32 C  err 0x00
>>> pos 11
id 11  pos  2050  spd     0  load    0  12.1 V  32 C  err 0x00
>>> pos 11
id 11  pos  2050  spd     0  load    0  12.1 V  32 C  err 0x00
>>> pos 11
id 11  pos  2050  spd     0  load    0  12.1 V  32 C  err 0x00
>>> pos 11
id 11  pos  2050  spd     0  load    0  12.1 V  32 C  err 0x00
>>> pos 11
id 11  pos  2050  spd     0  load    0  12.3 V  32 C  err 0x00
>>> pos 11
id 11  pos  2050  spd     0  load    0  12.1 V  32 C  err 0x00
>>> pos 11
id 11  pos  2050  spd     0  load    0  12.1 V  32 C  err 0x00
>>> pos 11
id 11  pos  2050  spd     0  load    0  12.1 V  32 C  err 0x00
>>> pos 11
id 11  pos  2050  spd     0  load    0  12.1 V  32 C  err 0x00
>>> pos 11
id 11  pos  2050  spd     0  load    0  12.1 V  32 C  err 0x00
>>> pos 11
id 11  pos  2050  spd     0  load    0  12.1 V  32 C  err 0x00
>>> pos 11
id 11  pos  2050  spd     0  load    0  12.1 V  32 C  err 0x00
>>> pos 11
id 11  pos  2050  spd     0  load    0  12.1 V  32 C  err 0x00
>>> pos 11
id 11  pos  2050  spd     0  load    0  12.1 V  32 C  err 0x00
>>> pos 11
id 11  pos  2050  spd     0  load    0  12.1 V  32 C  err 0x00
>>> pos 11
id 11  pos  2050  spd     0  load    0  12.1 V  32 C  err 0x00
>>> pos 11
id 11  pos  2050  spd     0  load    0  12.1 V  32 C  err 0x00
>>> pos 11
id 11  pos  2050  spd     0  load    0  12.1 V  32 C  err 0x00
>>> pos 11
id 11  pos  2050  spd     0  load    0  12.1 V  32 C  err 0x00
>>> pos 11
id 11  pos  2050  spd     0  load    0  12.1 V  32 C  err 0x00
>>> pos 11
id 11  pos  2050  spd     0  load    0  12.1 V  32 C  err 0x00
>>> pos 11
id 11  pos  2050  spd     0  load    0  12.1 V  32 C  err 0x00
>>> pos 11
id 11  pos  2050  spd     0  load    0  12.1 V  32 C  err 0x00
>>> pos 11
id 11  pos  2050  spd     0  load    0  12.1 V  32 C  err 0x00
>>> pos 11
id 11  pos  2050  spd     0  load    0  12.1 V  32 C  err 0x00
>>> pos 11
id 11  pos  2050  spd     0  load    0  12.1 V  32 C  err 0x00
>>> pos 11
id 11  pos  2050  spd     0  load    0  12.1 V  32 C  err 0x00
>>> pos 11
id 11  pos  2050  spd     0  load    0  12.1 V  32 C  err 0x00
>>> pos 11
id 11  pos  2050  spd     0  load    0  12.1 V  32 C  err 0x00
>>> pos 11
id 11  pos  2050  spd     0  load    0  12.1 V  32 C  err 0x00
>>> pos 11
id 11  pos  2050  spd     0  load    0  12.1 V  32 C  err 0x00
>>> pos 11
id 11  pos  2050  spd     0  load    0  12.1 V  32 C  err 0x00
>>> pos 11
id 11  pos  2050  spd     0  load    0  12.1 V  32 C  err 0x00
>>> pos 11
id 11  pos  2050  spd     0  load    0  12.1 V  32 C  err 0x00
>>> pos 11
id 11  pos  2050  spd     0  load    0  12.1 V  32 C  err 0x00
>>> pos 11
id 11  pos  2050  spd     0  load    0  12.1 V  32 C  err 0x00
>>> pos 11
id 11  pos  2050  spd     0  load    0  12.1 V  32 C  err 0x00
>>> pos 11
id 11  pos  2050  spd     0  load    0  12.1 V  32 C  err 0x00
>>> pos 11
id 11  pos  2050  spd     0  load    0  12.1 V  32 C  err 0x00
>>> pos 11
id 11  pos  2050  spd     0  load    0  12.1 V  32 C  err 0x00
>>> pos 11
id 11  pos  2050  spd     0  load    0  12.1 V  32 C  err 0x00
>>> pos 11
id 11  pos  2050  spd     0  load    0  12.1 V  32 C  err 0x00
>>> pos 11
id 11  pos  2050  spd     0  load    0  12.1 V  32 C  err 0x00
>>> pos 11
id 11  pos  2050  spd     0  load    0  12.1 V  32 C  err 0x00
>>> pos 11
id 11  pos  2050  spd     0  load    0  12.1 V  32 C  err 0x00
>>> pos 11
id 11  pos  2050  spd     0  load    0  12.1 V  32 C  err 0x00
>>> pos 11
id 11  pos  2050  spd     0  load    0  12.1 V  32 C  err 0x00
>>> pos 11
id 11  pos  2050  spd     0  load    0  12.1 V  32 C  err 0x00
>>> pos 11
id 11  pos  2050  spd     0  load    0  12.1 V  32 C  err 0x00
>>> pos 11
id 11  pos  2050  spd     0  load    0  12.1 V  32 C  err 0x00
>>> pos 11
id 11  pos  2050  spd     0  load    0  12.1 V  32 C  err 0x00
>>> pos 11
id 11  pos  2050  spd     0  load    0  12.1 V  32 C  err 0x00
>>> pos 11
id 11  pos  2050  spd     0  load    0  12.1 V  32 C  err 0x00
>>> pos 11
id 11  pos  2050  spd     0  load    0  12.1 V  32 C  err 0x00
>>> pos 11
id 11  pos  2050  spd     0  load    0  12.1 V  32 C  err 0x00
>>> pos 11
id 11  pos  2050  spd     0  load    0  12.1 V  32 C  err 0x00
>>> pos 11
id 11  pos  2050  spd     0  load    0  12.1 V  32 C  err 0x00
>>> pos 11
id 11  pos  2050  spd     0  load    0  12.1 V  32 C  err 0x00
>>> pos 11
id 11  pos  2050  spd     0  load    0  12.1 V  32 C  err 0x00
>>> pos 11
id 11  pos  2050  spd     0  load    0  12.1 V  32 C  err 0x00
>>> pos 11
id 11  pos  2050  spd     0  load    0  12.1 V  32 C  err 0x00
>>> pos 11
id 11  pos  2050  spd     0  load    0  12.1 V  32 C  err 0x00
>>> pos 11
id 11  pos  2050  spd     0  load    0  12.1 V  32 C  err 0x00
>>> pos 11
id 11  pos  2050  spd     0  load    0  12.1 V  32 C  err 0x00
>>> pos 11
id 11  pos  2050  spd     0  load    0  12.1 V  32 C  err 0x00
>>> pos 11
id 11  pos  2050  spd     0  load    0  12.1 V  32 C  err 0x00
>>> pos 11
id 11  pos  2050  spd     0  load    0  12.1 V  32 C  err 0x00
>>> pos 11
id 11  pos  2050  spd     0  load    0  12.1 V  32 C  err 0x00
>>> pos 11
id 11  pos  2050  spd     0  load    0  12.1 V  32 C  err 0x00
>>> pos 11
id 11  pos  2050  spd     0  load    0  12.1 V  32 C  err 0x00
>>> pos 11
id 11  pos  2050  spd     0  load    0  12.1 V  32 C  err 0x00
>>> pos 11
id 11  pos  2050  spd     0  load    0  12.1 V  32 C  err 0x00
>>> pos 11
id 11  pos  2050  spd     0  load    0  12.1 V  32 C  err 0x00
>>> pos 11
id 11  pos  2050  spd     0  load    0  12.1 V  32 C  err 0x00
>>> pos 11
id 11  pos  2050  spd     0  load    0  12.1 V  32 C  err 0x00
>>> pos 11
id 11  pos  2050  spd     0  load    0  12.1 V  32 C  err 0x00
>>> pos 11
id 11  pos  2050  spd     0  load    0  12.1 V  32 C  err 0x00
>>> pos 11
id 11  pos  2050  spd     0  load    0  12.1 V  32 C  err 0x00
>>> pos 11
id 11  pos  2050  spd     0  load    0  12.1 V  32 C  err 0x00
>>> pos 11
id 11  pos  2050  spd     0  load    0  12.1 V  32 C  err 0x00
>>> pos 11
id 11  pos  2050  spd     0  load    0  12.1 V  32 C  err 0x00
>>> pos 11
id 11  pos  2050  spd     0  load    0  12.1 V  32 C  err 0x00
>>> pos 11
id 11  pos  2050  spd     0  load    0  12.1 V  32 C  err 0x00
>>> pos 11
id 11  pos  2050  spd     0  load    0  12.1 V  32 C  err 0x00
>>> pos 11
id 11  pos  2050  spd     0  load    0  12.1 V  32 C  err 0x00
>>> pos 11
id 11  pos  2050  spd     0  load    0  12.1 V  32 C  err 0x00
>>> pos 11
id 11  pos  2050  spd     0  load    0  12.1 V  32 C  err 0x00
>>> pos 11
id 11  pos  2050  spd     0  load    0  12.1 V  32 C  err 0x00
>>> pos 11
id 11  pos  2050  spd     0  load    0  12.1 V  32 C  err 0x00
>>> pos 11
id 11  pos  2050  spd     0  load    0  12.1 V  32 C  err 0x00
>>> pos 11
id 11  pos  2050  spd     0  load    0  12.1 V  32 C  err 0x00
>>> pos 11
id 11  pos  2050  spd     0  load    0  12.1 V  32 C  err 0x00
>>> pos 11
id 11  pos  2050  spd     0  load    0  12.1 V  32 C  err 0x00
>>> pos 11
id 11  pos  2050  spd     0  load    0  12.1 V  32 C  err 0x00
>>> move 11 2073 0 0
move id 11 -> 2073 ticks, 0 ms, spd 0, acc 0: ok
>>> pos 11
id 11  pos  2050  spd     0  load  -36  12.1 V  32 C  err 0x00
>>> pos 11
id 11  pos  2051  spd     0  load -116  12.1 V  32 C  err 0x00
>>> pos 11
id 11  pos  2060  spd   250  load  -92  12.1 V  32 C  err 0x00
>>> pos 11
id 11  pos  2067  spd   300  load  -48  12.1 V  32 C  err 0x00
>>> pos 11
id 11  pos  2070  spd   100  load  -28  12.1 V  32 C  err 0x00
>>> pos 11
id 11  pos  2070  spd     0  load  -32  12.1 V  32 C  err 0x00
>>> pos 11
id 11  pos  2070  spd     0  load  -32  12.1 V  32 C  err 0x00
>>> pos 11
id 11  pos  2070  spd     0  load  -32  12.1 V  32 C  err 0x00
>>> pos 11
id 11  pos  2070  spd     0  load  -32  12.1 V  32 C  err 0x00
>>> pos 11
id 11  pos  2070  spd     0  load  -32  12.1 V  32 C  err 0x00
>>> pos 11
id 11  pos  2070  spd     0  load  -32  12.1 V  32 C  err 0x00
>>> pos 11
id 11  pos  2070  spd     0  load  -32  12.1 V  32 C  err 0x00
>>> pos 11
id 11  pos  2070  spd     0  load  -32  12.1 V  32 C  err 0x00
>>> pos 11
id 11  pos  2070  spd     0  load  -32  12.1 V  32 C  err 0x00
>>> pos 11
id 11  pos  2070  spd     0  load  -32  12.1 V  32 C  err 0x00
>>> pos 11
id 11  pos  2070  spd     0  load  -32  12.1 V  32 C  err 0x00
>>> pos 11
id 11  pos  2070  spd     0  load  -32  12.1 V  32 C  err 0x00
>>> pos 11
id 11  pos  2070  spd     0  load  -32  12.1 V  32 C  err 0x00
>>> pos 11
id 11  pos  2070  spd     0  load  -32  12.1 V  32 C  err 0x00
>>> pos 11
id 11  pos  2070  spd     0  load  -32  12.1 V  32 C  err 0x00
>>> pos 11
id 11  pos  2070  spd     0  load  -32  12.1 V  32 C  err 0x00
>>> pos 11
id 11  pos  2070  spd     0  load  -32  12.1 V  32 C  err 0x00
>>> pos 11
id 11  pos  2070  spd     0  load  -32  12.1 V  32 C  err 0x00
>>> pos 11
id 11  pos  2070  spd     0  load  -32  12.1 V  32 C  err 0x00
>>> pos 11
id 11  pos  2070  spd     0  load  -32  12.1 V  32 C  err 0x00
>>> pos 11
id 11  pos  2070  spd     0  load  -32  12.1 V  32 C  err 0x00
>>> pos 11
id 11  pos  2070  spd     0  load  -32  12.1 V  32 C  err 0x00
>>> pos 11
id 11  pos  2070  spd     0  load  -32  12.1 V  32 C  err 0x00
>>> pos 11
id 11  pos  2070  spd     0  load  -32  12.1 V  32 C  err 0x00
>>> pos 11
id 11  pos  2070  spd     0  load  -32  12.1 V  32 C  err 0x00
>>> pos 11
id 11  pos  2070  spd     0  load  -32  12.1 V  32 C  err 0x00
>>> pos 11
id 11  pos  2070  spd     0  load  -32  12.1 V  32 C  err 0x00
>>> pos 11
id 11  pos  2070  spd     0  load  -32  12.1 V  32 C  err 0x00
>>> pos 11
id 11  pos  2070  spd     0  load  -32  12.1 V  32 C  err 0x00
>>> pos 11
id 11  pos  2070  spd     0  load  -32  12.1 V  32 C  err 0x00
>>> pos 11
id 11  pos  2070  spd     0  load  -32  12.1 V  32 C  err 0x00
>>> pos 11
id 11  pos  2070  spd     0  load  -32  12.1 V  32 C  err 0x00
>>> pos 11
id 11  pos  2070  spd     0  load  -32  12.1 V  32 C  err 0x00
>>> pos 11
id 11  pos  2070  spd     0  load  -32  12.1 V  32 C  err 0x00
>>> pos 11
id 11  pos  2070  spd     0  load  -32  12.1 V  32 C  err 0x00
>>> pos 11
id 11  pos  2070  spd     0  load  -32  12.1 V  32 C  err 0x00
>>> pos 11
id 11  pos  2070  spd     0  load  -32  12.1 V  32 C  err 0x00
>>> pos 11
id 11  pos  2070  spd     0  load  -32  12.1 V  32 C  err 0x00
>>> pos 11
id 11  pos  2070  spd     0  load  -32  12.1 V  32 C  err 0x00
>>> pos 11
id 11  pos  2070  spd     0  load  -32  12.1 V  32 C  err 0x00
>>> pos 11
id 11  pos  2070  spd     0  load  -32  12.1 V  32 C  err 0x00
>>> pos 11
id 11  pos  2070  spd     0  load  -32  12.1 V  32 C  err 0x00
>>> pos 11
id 11  pos  2070  spd     0  load  -32  12.1 V  32 C  err 0x00
>>> pos 11
id 11  pos  2070  spd     0  load  -32  12.1 V  32 C  err 0x00
>>> pos 11
id 11  pos  2070  spd     0  load  -32  12.1 V  32 C  err 0x00
>>> pos 11
id 11  pos  2070  spd     0  load  -32  12.1 V  32 C  err 0x00
>>> pos 11
id 11  pos  2070  spd     0  load  -32  12.1 V  32 C  err 0x00
>>> pos 11
id 11  pos  2070  spd     0  load  -32  12.1 V  32 C  err 0x00
>>> pos 11
id 11  pos  2070  spd     0  load  -32  12.1 V  32 C  err 0x00
>>> pos 11
id 11  pos  2070  spd     0  load  -32  12.1 V  32 C  err 0x00
>>> pos 11
id 11  pos  2070  spd     0  load  -32  12.1 V  32 C  err 0x00
>>> pos 11
id 11  pos  2070  spd     0  load  -32  12.1 V  32 C  err 0x00
>>> pos 11
id 11  pos  2070  spd     0  load  -32  12.1 V  32 C  err 0x00
>>> pos 11
id 11  pos  2070  spd     0  load  -32  12.1 V  32 C  err 0x00
>>> pos 11
id 11  pos  2070  spd     0  load  -32  12.1 V  32 C  err 0x00
>>> pos 11
id 11  pos  2070  spd     0  load  -32  12.1 V  32 C  err 0x00
>>> pos 11
id 11  pos  2070  spd     0  load  -32  12.1 V  32 C  err 0x00
>>> pos 11
id 11  pos  2070  spd     0  load  -32  12.1 V  32 C  err 0x00
>>> pos 11
id 11  pos  2070  spd     0  load  -32  12.1 V  32 C  err 0x00
>>> pos 11
id 11  pos  2070  spd     0  load  -32  12.1 V  32 C  err 0x00
>>> pos 11
id 11  pos  2070  spd     0  load  -32  12.1 V  32 C  err 0x00
>>> pos 11
id 11  pos  2070  spd     0  load  -32  12.1 V  32 C  err 0x00
>>> pos 11
id 11  pos  2070  spd     0  load  -32  12.1 V  32 C  err 0x00
>>> pos 11
id 11  pos  2070  spd     0  load  -32  12.1 V  32 C  err 0x00
>>> pos 11
id 11  pos  2070  spd     0  load  -32  12.1 V  32 C  err 0x00
>>> pos 11
id 11  pos  2070  spd     0  load  -32  12.1 V  32 C  err 0x00
>>> pos 11
id 11  pos  2070  spd     0  load  -32  12.1 V  32 C  err 0x00
>>> pos 11
id 11  pos  2070  spd     0  load  -32  12.1 V  32 C  err 0x00
>>> pos 11
id 11  pos  2070  spd     0  load  -32  12.1 V  32 C  err 0x00
>>> pos 11
id 11  pos  2070  spd     0  load  -32  12.1 V  31 C  err 0x00
>>> pos 11
id 11  pos  2070  spd     0  load  -32  12.1 V  32 C  err 0x00
>>> pos 11
id 11  pos  2070  spd     0  load  -32  12.1 V  32 C  err 0x00
>>> pos 11
id 11  pos  2070  spd     0  load  -32  12.1 V  32 C  err 0x00
>>> pos 11
id 11  pos  2070  spd     0  load  -32  12.1 V  32 C  err 0x00
>>> pos 11
id 11  pos  2070  spd     0  load  -32  12.1 V  32 C  err 0x00
>>> pos 11
id 11  pos  2070  spd     0  load  -32  12.1 V  32 C  err 0x00
>>> pos 11
id 11  pos  2070  spd     0  load  -32  12.1 V  32 C  err 0x00
>>> pos 11
id 11  pos  2070  spd     0  load  -32  12.1 V  32 C  err 0x00
>>> pos 11
id 11  pos  2070  spd     0  load  -32  12.1 V  32 C  err 0x00
>>> pos 11
id 11  pos  2070  spd     0  load  -32  12.1 V  32 C  err 0x00
>>> pos 11
id 11  pos  2070  spd     0  load  -32  12.1 V  32 C  err 0x00
>>> pos 11
id 11  pos  2070  spd     0  load  -32  12.1 V  32 C  err 0x00
>>> pos 11
id 11  pos  2070  spd     0  load  -32  12.1 V  32 C  err 0x00
>>> pos 11
id 11  pos  2070  spd     0  load  -32  12.1 V  32 C  err 0x00
>>> pos 11
id 11  pos  2070  spd     0  load  -32  12.1 V  32 C  err 0x00
>>> pos 11
id 11  pos  2070  spd     0  load  -32  12.1 V  32 C  err 0x00
>>> move 11 2050 0 0
move id 11 -> 2050 ticks, 0 ms, spd 0, acc 0: ok
>>> pos 11
id 11  pos  2070  spd     0  load   24  12.1 V  32 C  err 0x00
>>> pos 11
id 11  pos  2070  spd     0  load  108  12.1 V  32 C  err 0x00
>>> pos 11
id 11  pos  2062  spd  -150  load   80  12.1 V  32 C  err 0x00
>>> pos 11
id 11  pos  2054  spd  -200  load   24  12.1 V  32 C  err 0x00
>>> pos 11
id 11  pos  2052  spd   -50  load   20  12.1 V  32 C  err 0x00
>>> pos 11
id 11  pos  2052  spd     0  load   24  12.1 V  32 C  err 0x00
>>> pos 11
id 11  pos  2052  spd     0  load   24  12.1 V  32 C  err 0x00
>>> pos 11
id 11  pos  2052  spd     0  load   24  12.1 V  32 C  err 0x00
>>> pos 11
id 11  pos  2052  spd     0  load   24  12.1 V  32 C  err 0x00
>>> pos 11
id 11  pos  2052  spd     0  load   24  12.1 V  32 C  err 0x00
>>> pos 11
id 11  pos  2052  spd     0  load   24  12.1 V  32 C  err 0x00
>>> pos 11
id 11  pos  2052  spd     0  load   24  12.1 V  34 C  err 0x00
>>> pos 11
id 11  pos  2052  spd     0  load   24  12.1 V  32 C  err 0x00
>>> pos 11
id 11  pos  2052  spd     0  load   24  12.1 V  32 C  err 0x00
>>> pos 11
id 11  pos  2052  spd     0  load   24  12.1 V  32 C  err 0x00
>>> pos 11
id 11  pos  2052  spd     0  load   24  12.1 V  32 C  err 0x00
>>> pos 11
id 11  pos  2052  spd     0  load   24  12.1 V  32 C  err 0x00
>>> pos 11
id 11  pos  2052  spd     0  load   24  12.1 V  32 C  err 0x00
>>> pos 11
id 11  pos  2052  spd     0  load   24  12.1 V  32 C  err 0x00
>>> pos 11
id 11  pos  2052  spd     0  load   24  12.1 V  32 C  err 0x00
>>> pos 11
id 11  pos  2052  spd     0  load   24  12.1 V  32 C  err 0x00
>>> pos 11
id 11  pos  2052  spd     0  load   24  12.1 V  32 C  err 0x00
>>> pos 11
id 11  pos  2052  spd     0  load   24  12.1 V  32 C  err 0x00
>>> pos 11
id 11  pos  2052  spd     0  load   24  12.1 V  32 C  err 0x00
>>> pos 11
id 11  pos  2052  spd     0  load   24  12.1 V  32 C  err 0x00
>>> pos 11
id 11  pos  2052  spd     0  load   24  12.1 V  32 C  err 0x00
>>> pos 11
id 11  pos  2052  spd     0  load   24  12.1 V  32 C  err 0x00
>>> pos 11
id 11  pos  2052  spd     0  load   24  12.1 V  32 C  err 0x00
>>> pos 11
id 11  pos  2052  spd     0  load   24  12.1 V  32 C  err 0x00
>>> pos 11
id 11  pos  2052  spd     0  load   24  12.1 V  32 C  err 0x00
>>> pos 11
id 11  pos  2052  spd     0  load   24  12.1 V  32 C  err 0x00
>>> pos 11
id 11  pos  2052  spd     0  load   24  12.1 V  32 C  err 0x00
>>> pos 11
id 11  pos  2052  spd     0  load   24  12.1 V  32 C  err 0x00
>>> pos 11
id 11  pos  2052  spd     0  load   24  12.1 V  32 C  err 0x00
>>> pos 11
id 11  pos  2052  spd     0  load   24  12.1 V  32 C  err 0x00
>>> pos 11
id 11  pos  2052  spd     0  load   24  12.1 V  32 C  err 0x00
>>> pos 11
id 11  pos  2052  spd     0  load   24  12.1 V  32 C  err 0x00
>>> pos 11
id 11  pos  2052  spd     0  load   24  12.1 V  32 C  err 0x00
>>> pos 11
id 11  pos  2052  spd     0  load   24  12.1 V  32 C  err 0x00
>>> pos 11
id 11  pos  2052  spd     0  load   24  12.1 V  32 C  err 0x00
>>> pos 11
id 11  pos  2052  spd     0  load   24  12.1 V  32 C  err 0x00
>>> pos 11
id 11  pos  2052  spd     0  load   24  12.1 V  32 C  err 0x00
>>> pos 11
id 11  pos  2052  spd     0  load   24  12.1 V  32 C  err 0x00
>>> pos 11
id 11  pos  2052  spd     0  load   24  12.1 V  32 C  err 0x00
>>> pos 11
id 11  pos  2052  spd     0  load   24  12.1 V  32 C  err 0x00
>>> pos 11
id 11  pos  2052  spd     0  load   24  12.1 V  32 C  err 0x00
>>> pos 11
id 11  pos  2052  spd     0  load   24  12.1 V  32 C  err 0x00
>>> pos 11
id 11  pos  2052  spd     0  load   24  12.1 V  32 C  err 0x00
>>> pos 11
id 11  pos  2052  spd     0  load   24  12.1 V  32 C  err 0x00
>>> pos 11
id 11  pos  2052  spd     0  load   24  12.1 V  32 C  err 0x00
>>> pos 11
id 11  pos  2052  spd     0  load   24  12.1 V  32 C  err 0x00
>>> pos 11
id 11  pos  2052  spd     0  load   24  12.1 V  32 C  err 0x00
>>> pos 11
id 11  pos  2052  spd     0  load   24  12.1 V  32 C  err 0x00
>>> pos 11
id 11  pos  2052  spd     0  load   24  12.1 V  32 C  err 0x00
>>> pos 11
id 11  pos  2052  spd     0  load   24  12.1 V  32 C  err 0x00
>>> pos 11
id 11  pos  2052  spd     0  load   24  12.1 V  32 C  err 0x00
>>> pos 11
id 11  pos  2052  spd     0  load   24  12.1 V  32 C  err 0x00
>>> pos 11
id 11  pos  2052  spd     0  load   24  12.1 V  32 C  err 0x00
>>> pos 11
id 11  pos  2052  spd     0  load   24  12.1 V  32 C  err 0x00
>>> pos 11
id 11  pos  2052  spd     0  load   24  12.1 V  32 C  err 0x00
>>> pos 11
id 11  pos  2052  spd     0  load   24  12.1 V  32 C  err 0x00
>>> pos 11
id 11  pos  2052  spd     0  load   24  12.1 V  32 C  err 0x00
>>> pos 11
id 11  pos  2052  spd     0  load   24  12.1 V  32 C  err 0x00
>>> pos 11
id 11  pos  2052  spd     0  load   24  12.1 V  32 C  err 0x00
>>> pos 11
id 11  pos  2052  spd     0  load   24  12.1 V  32 C  err 0x00
>>> pos 11
id 11  pos  2052  spd     0  load   24  12.1 V  32 C  err 0x00
>>> pos 11
id 11  pos  2052  spd     0  load   24  12.1 V  32 C  err 0x00
>>> pos 11
id 11  pos  2052  spd     0  load   24  12.1 V  32 C  err 0x00
>>> pos 11
id 11  pos  2052  spd     0  load   24  12.1 V  32 C  err 0x00
>>> pos 11
id 11  pos  2052  spd     0  load   24  12.1 V  32 C  err 0x00
>>> pos 11
id 11  pos  2052  spd     0  load   24  12.1 V  32 C  err 0x00
>>> pos 11
id 11  pos  2052  spd     0  load   24  12.1 V  32 C  err 0x00
>>> pos 11
id 11  pos  2052  spd     0  load   24  12.1 V  32 C  err 0x00
>>> pos 11
id 11  pos  2052  spd     0  load   24  12.1 V  32 C  err 0x00
>>> pos 11
id 11  pos  2052  spd     0  load   24  12.1 V  32 C  err 0x00
>>> pos 11
id 11  pos  2052  spd     0  load   24  12.1 V  32 C  err 0x00
>>> pos 11
id 11  pos  2052  spd     0  load   24  12.1 V  32 C  err 0x00
>>> pos 11
id 11  pos  2052  spd     0  load   24  12.1 V  32 C  err 0x00
>>> pos 11
id 11  pos  2052  spd     0  load   24  12.1 V  32 C  err 0x00
>>> pos 11
id 11  pos  2052  spd     0  load   24  12.1 V  32 C  err 0x00
>>> pos 11
id 11  pos  2052  spd     0  load   24  12.1 V  32 C  err 0x00
>>> pos 11
id 11  pos  2052  spd     0  load   24  12.1 V  32 C  err 0x00
>>> pos 11
id 11  pos  2052  spd     0  load   24  12.1 V  32 C  err 0x00
>>> pos 11
id 11  pos  2052  spd     0  load   24  12.1 V  32 C  err 0x00
>>> pos 11
id 11  pos  2052  spd     0  load   24  12.1 V  32 C  err 0x00
>>> pos 11
id 11  pos  2052  spd     0  load   24  12.1 V  32 C  err 0x00
>>> pos 11
id 11  pos  2052  spd     0  load   24  12.1 V  32 C  err 0x00
>>> pos 11
id 11  pos  2052  spd     0  load   24  12.1 V  32 C  err 0x00
>>> pos 11
id 11  pos  2052  spd     0  load   24  12.1 V  32 C  err 0x00
>>> pos 11
id 11  pos  2052  spd     0  load   24  12.1 V  32 C  err 0x00
>>> pos 11
id 11  pos  2052  spd     0  load   24  12.1 V  32 C  err 0x00
>>> release 11
release 11: ok
>>> release 11
release 11: ok
>>> gains 11 64 64
id 11: writing P 64 D 64 to EEPROM (torque must be OFF; no goal is written) ...
id 11: FAILED (write-failed) -- EEPROM re-lock attempted; `gains 11` to see what the servo holds
>>> release 11
release 11: ok
>>> release 11
release 11: ok
>>> gains 11 32 32
id 11: writing P 32 D 32 to EEPROM (torque must be OFF; no goal is written) ...
id 11: P 32 D 32, verified after commit -- safe to power down
>>> gains 11
id 11  P 32  D 32  I 0   expected P 32 D 32 -- ok
!! ABORT: id 11: gains 64/64 not verified: 'o goal is written) ...\r\nid 11: FAILED (write-failed) -- EEPROM re-lock attempted; `gains 11` to see what the servo holds'
# 2026-09-30T11:32:06 tools/gain_bench.py --session hw_sessions/2026-09-30/gain_bench_bare hold 11 --allow-bus-id --orient down --inertia none (bare horn) --ladder 32,64,96,128,160,128:32,160:32
>>> pos 11
id 11  pos  2052  spd     0  load    0  12.1 V  32 C  err 0x00
>>> gains 11
id 11  P 32  D 32  I 0   expected P 32 D 32 -- ok
>>> gains 11
id 11  P 32  D 32  I 0   expected P 32 D 32 -- ok
>>> cal show
  R_hip_roll   id  1  zero 3533  dir -1  fitted
  R_hip_pitch  id  2  zero 2501  dir +1  fitted
  R_knee       id  3  zero 2050  dir -1  fitted
  R_ankle      id  4  zero 3450  dir +1  fitted
  L_hip_roll   id  5  zero 2420  dir -1  fitted
  L_hip_pitch  id  6  zero 2044  dir +1  fitted
  L_knee       id  7  zero 1634  dir -1  fitted
  L_ankle      id  8  zero 3516  dir +1  fitted
  R_hip_yaw    id  9  zero 1803  dir +1  fitted
  L_hip_yaw    id 10  zero 1693  dir +1  fitted
  R_ankle_roll id 11  zero 2048  dir +1  NOT FITTED
  L_ankle_roll id 12  zero 2048  dir +1  NOT FITTED
  neck_yaw     id 13  zero 2048  dir +1  NOT FITTED
  R_shoulder   id 14  zero 2048  dir +1  NOT FITTED
  R_elbow      id 15  zero 2048  dir +1  NOT FITTED
  L_shoulder   id 16  zero 2048  dir +1  NOT FITTED
  L_elbow      id 17  zero 2048  dir +1  NOT FITTED
loaded from NVS at boot
>>> reg 11 40 1
id 11 reg 40 = 0 (0x00)
>>> pos 11
id 11  pos  2052  spd     0  load    0  12.1 V  32 C  err 0x00
>>> pos 11
id 11  pos  2052  spd     0  load    0  12.1 V  32 C  err 0x00
>>> pos 11
id 11  pos  2052  spd     0  load    0  12.1 V  32 C  err 0x00
>>> release 11
release 11: ok
>>> gains 11 32 32
id 11: writing P 32 D 32 to EEPROM (torque must be OFF; no goal is written) ...
id 11: P 32 D 32, verified after commit -- safe to power down
>>> gains 11
id 11  P 32  D 32  I 0   expected P 32 D 32 -- ok
>>> pos 11
id 11  pos  2052  spd     0  load    0  12.1 V  32 C  err 0x00
>>> torque 11
torque 11: ok
>>> pos 11
id 11  pos  2052  spd     0  load    0  12.1 V  32 C  err 0x00
>>> move 11 2052 0 100
move id 11 -> 2052 ticks, 0 ms, spd 100, acc 0: ok
>>> pos 11
id 11  pos  2052  spd     0  load    0  12.1 V  32 C  err 0x00
>>> pos 11
id 11  pos  2052  spd     0  load    0  12.1 V  32 C  err 0x00
>>> pos 11
id 11  pos  2052  spd     0  load    0  12.1 V  32 C  err 0x00
>>> pos 11
id 11  pos  2052  spd     0  load    0  12.1 V  32 C  err 0x00
>>> pos 11
id 11  pos  2052  spd     0  load    0  12.1 V  32 C  err 0x00
>>> pos 11
id 11  pos  2052  spd     0  load    0  12.1 V  32 C  err 0x00
>>> pos 11
id 11  pos  2052  spd     0  load    0  12.1 V  32 C  err 0x00
>>> pos 11
id 11  pos  2052  spd     0  load    0  12.1 V  32 C  err 0x00
>>> pos 11
id 11  pos  2052  spd     0  load    0  12.1 V  32 C  err 0x00
>>> pos 11
id 11  pos  2052  spd     0  load    0  12.1 V  32 C  err 0x00
>>> pos 11
id 11  pos  2052  spd     0  load    0  12.1 V  32 C  err 0x00
>>> pos 11
id 11  pos  2052  spd     0  load    0  12.1 V  32 C  err 0x00
>>> pos 11
id 11  pos  2052  spd     0  load    0  12.1 V  32 C  err 0x00
>>> pos 11
id 11  pos  2052  spd     0  load    0  12.1 V  32 C  err 0x00
>>> pos 11
id 11  pos  2052  spd     0  load    0  12.1 V  32 C  err 0x00
>>> pos 11
id 11  pos  2052  spd     0  load    0  12.1 V  32 C  err 0x00
>>> pos 11
id 11  pos  2052  spd     0  load    0  12.1 V  32 C  err 0x00
>>> pos 11
id 11  pos  2052  spd     0  load    0  12.1 V  32 C  err 0x00
>>> pos 11
id 11  pos  2052  spd     0  load    0  12.1 V  32 C  err 0x00
>>> pos 11
id 11  pos  2052  spd     0  load    0  12.1 V  32 C  err 0x00
>>> pos 11
id 11  pos  2052  spd     0  load    0  12.1 V  32 C  err 0x00
>>> pos 11
id 11  pos  2052  spd     0  load    0  12.1 V  32 C  err 0x00
>>> pos 11
id 11  pos  2052  spd     0  load    0  12.1 V  32 C  err 0x00
>>> pos 11
id 11  pos  2052  spd     0  load    0  12.1 V  32 C  err 0x00
>>> pos 11
id 11  pos  2052  spd     0  load    0  12.1 V  32 C  err 0x00
>>> pos 11
id 11  pos  2052  spd     0  load    0  12.1 V  32 C  err 0x00
>>> pos 11
id 11  pos  2052  spd     0  load    0  12.1 V  32 C  err 0x00
>>> pos 11
id 11  pos  2052  spd     0  load    0  12.1 V  32 C  err 0x00
>>> pos 11
id 11  pos  2052  spd     0  load    0  12.1 V  32 C  err 0x00
>>> pos 11
id 11  pos  2052  spd     0  load    0  12.1 V  32 C  err 0x00
>>> pos 11
id 11  pos  2052  spd     0  load    0  12.1 V  32 C  err 0x00
>>> pos 11
id 11  pos  2052  spd     0  load    0  12.1 V  32 C  err 0x00
>>> pos 11
id 11  pos  2052  spd     0  load    0  12.1 V  32 C  err 0x00
>>> pos 11
id 11  pos  2052  spd     0  load    0  12.1 V  32 C  err 0x00
>>> pos 11
id 11  pos  2052  spd     0  load    0  12.1 V  32 C  err 0x00
>>> pos 11
id 11  pos  2052  spd     0  load    0  12.1 V  32 C  err 0x00
>>> pos 11
id 11  pos  2052  spd     0  load    0  12.1 V  32 C  err 0x00
>>> pos 11
id 11  pos  2052  spd     0  load    0  12.1 V  32 C  err 0x00
>>> pos 11
id 11  pos  2052  spd     0  load    0  12.1 V  32 C  err 0x00
>>> pos 11
id 11  pos  2052  spd     0  load    0  12.1 V  32 C  err 0x00
>>> pos 11
id 11  pos  2052  spd     0  load    0  12.1 V  32 C  err 0x00
>>> pos 11
id 11  pos  2052  spd     0  load    0  12.1 V  32 C  err 0x00
>>> pos 11
id 11  pos  2052  spd     0  load    0  12.1 V  32 C  err 0x00
>>> pos 11
id 11  pos  2052  spd     0  load    0  12.1 V  32 C  err 0x00
>>> pos 11
id 11  pos  2052  spd     0  load    0  12.1 V  32 C  err 0x00
>>> pos 11
id 11  pos  2052  spd     0  load    0  12.1 V  32 C  err 0x00
>>> pos 11
id 11  pos  2052  spd     0  load    0  12.1 V  32 C  err 0x00
>>> pos 11
id 11  pos  2052  spd     0  load    0  12.1 V  32 C  err 0x00
>>> pos 11
id 11  pos  2052  spd     0  load    0  12.1 V  32 C  err 0x00
>>> pos 11
id 11  pos  2052  spd     0  load    0  12.1 V  32 C  err 0x00
>>> pos 11
id 11  pos  2052  spd     0  load    0  12.1 V  32 C  err 0x00
>>> pos 11
id 11  pos  2052  spd     0  load    0  12.1 V  32 C  err 0x00
>>> pos 11
id 11  pos  2052  spd     0  load    0  12.1 V  32 C  err 0x00
>>> pos 11
id 11  pos  2052  spd     0  load    0  12.1 V  32 C  err 0x00
>>> pos 11
id 11  pos  2052  spd     0  load    0  12.1 V  32 C  err 0x00
>>> pos 11
id 11  pos  2052  spd     0  load    0  12.1 V  32 C  err 0x00
>>> pos 11
id 11  pos  2052  spd     0  load    0  12.1 V  32 C  err 0x00
>>> pos 11
id 11  pos  2052  spd     0  load    0  12.1 V  32 C  err 0x00
>>> pos 11
id 11  pos  2052  spd     0  load    0  12.1 V  32 C  err 0x00
>>> pos 11
id 11  pos  2052  spd     0  load    0  12.1 V  32 C  err 0x00
>>> pos 11
id 11  pos  2052  spd     0  load    0  12.1 V  32 C  err 0x00
>>> pos 11
id 11  pos  2052  spd     0  load    0  12.1 V  32 C  err 0x00
>>> pos 11
id 11  pos  2052  spd     0  load    0  12.1 V  32 C  err 0x00
>>> pos 11
id 11  pos  2052  spd     0  load    0  12.1 V  32 C  err 0x00
>>> pos 11
id 11  pos  2052  spd     0  load    0  12.1 V  32 C  err 0x00
>>> pos 11
id 11  pos  2052  spd     0  load    0  12.1 V  32 C  err 0x00
>>> pos 11
id 11  pos  2052  spd     0  load    0  12.1 V  32 C  err 0x00
>>> pos 11
id 11  pos  2052  spd     0  load    0  12.1 V  32 C  err 0x00
>>> pos 11
id 11  pos  2052  spd     0  load    0  12.1 V  32 C  err 0x00
>>> pos 11
id 11  pos  2052  spd     0  load    0  12.1 V  32 C  err 0x00
>>> pos 11
id 11  pos  2052  spd     0  load    0  12.1 V  32 C  err 0x00
>>> pos 11
id 11  pos  2052  spd     0  load    0  12.1 V  32 C  err 0x00
>>> pos 11
id 11  pos  2052  spd     0  load    0  12.1 V  32 C  err 0x00
>>> pos 11
id 11  pos  2052  spd     0  load    0  12.1 V  32 C  err 0x00
>>> pos 11
id 11  pos  2052  spd     0  load    0  12.1 V  32 C  err 0x00
>>> pos 11
id 11  pos  2052  spd     0  load    0  12.1 V  32 C  err 0x00
>>> pos 11
id 11  pos  2052  spd     0  load    0  12.1 V  32 C  err 0x00
>>> pos 11
id 11  pos  2052  spd     0  load    0  12.1 V  32 C  err 0x00
>>> pos 11
id 11  pos  2052  spd     0  load    0  12.1 V  32 C  err 0x00
>>> pos 11
id 11  pos  2052  spd     0  load    0  12.1 V  32 C  err 0x00
>>> pos 11
id 11  pos  2052  spd     0  load    0  12.1 V  32 C  err 0x00
>>> pos 11
id 11  pos  2052  spd     0  load    0  12.1 V  32 C  err 0x00
>>> pos 11
id 11  pos  2052  spd     0  load    0  12.1 V  32 C  err 0x00
>>> pos 11
id 11  pos  2052  spd     0  load    0  12.1 V  32 C  err 0x00
>>> pos 11
id 11  pos  2052  spd     0  load    0  12.1 V  32 C  err 0x00
>>> pos 11
id 11  pos  2052  spd     0  load    0  12.1 V  32 C  err 0x00
>>> pos 11
id 11  pos  2052  spd     0  load    0  12.1 V  32 C  err 0x00
>>> pos 11
id 11  pos  2052  spd     0  load    0  12.1 V  32 C  err 0x00
>>> pos 11
id 11  pos  2052  spd     0  load    0  12.1 V  32 C  err 0x00
>>> pos 11
id 11  pos  2052  spd     0  load    0  12.1 V  32 C  err 0x00
>>> pos 11
id 11  pos  2052  spd     0  load    0  12.1 V  32 C  err 0x00
>>> pos 11
id 11  pos  2052  spd     0  load    0  12.1 V  32 C  err 0x00
>>> pos 11
id 11  pos  2052  spd     0  load    0  12.1 V  32 C  err 0x00
>>> pos 11
id 11  pos  2052  spd     0  load    0  12.1 V  32 C  err 0x00
>>> pos 11
id 11  pos  2052  spd     0  load    0  12.1 V  32 C  err 0x00
>>> pos 11
id 11  pos  2052  spd     0  load    0  12.1 V  32 C  err 0x00
>>> pos 11
id 11  pos  2052  spd     0  load    0  12.1 V  32 C  err 0x00
>>> pos 11
id 11  pos  2052  spd     0  load    0  12.1 V  32 C  err 0x00
>>> pos 11
id 11  pos  2052  spd     0  load    0  12.1 V  32 C  err 0x00
>>> pos 11
id 11  pos  2052  spd     0  load    0  12.1 V  32 C  err 0x00
>>> pos 11
id 11  pos  2052  spd     0  load    0  12.1 V  32 C  err 0x00
>>> pos 11
id 11  pos  2052  spd     0  load    0  12.1 V  32 C  err 0x00
>>> pos 11
id 11  pos  2052  spd     0  load    0  12.1 V  32 C  err 0x00
>>> pos 11
id 11  pos  2052  spd     0  load    0  12.1 V  32 C  err 0x00
>>> pos 11
id 11  pos  2052  spd     0  load    0  12.1 V  32 C  err 0x00
>>> pos 11
id 11  pos  2052  spd     0  load    0  12.1 V  32 C  err 0x00
>>> pos 11
id 11  pos  2052  spd     0  load    0  12.1 V  32 C  err 0x00
>>> pos 11
id 11  pos  2052  spd     0  load    0  12.1 V  32 C  err 0x00
>>> pos 11
id 11  pos  2052  spd     0  load    0  12.1 V  32 C  err 0x00
>>> pos 11
id 11  pos  2052  spd     0  load    0  12.1 V  32 C  err 0x00
>>> pos 11
id 11  pos  2052  spd     0  load    0  12.1 V  32 C  err 0x00
>>> pos 11
id 11  pos  2052  spd     0  load    0  12.1 V  32 C  err 0x00
>>> pos 11
id 11  pos  2052  spd     0  load    0  12.1 V  32 C  err 0x00
>>> pos 11
id 11  pos  2052  spd     0  load    0  12.1 V  32 C  err 0x00
>>> pos 11
id 11  pos  2052  spd     0  load    0  12.1 V  32 C  err 0x00
>>> pos 11
id 11  pos  2052  spd     0  load    0  12.1 V  32 C  err 0x00
>>> pos 11
id 11  pos  2052  spd     0  load    0  12.1 V  32 C  err 0x00
>>> pos 11
id 11  pos  2052  spd     0  load    0  12.1 V  32 C  err 0x00
>>> pos 11
id 11  pos  2052  spd     0  load    0  12.1 V  32 C  err 0x00
>>> pos 11
id 11  pos  2052  spd     0  load    0  12.1 V  32 C  err 0x00
>>> pos 11
id 11  pos  2052  spd     0  load    0  12.1 V  32 C  err 0x00
>>> pos 11
id 11  pos  2052  spd     0  load    0  12.1 V  32 C  err 0x00
>>> pos 11
id 11  pos  2052  spd     0  load    0  12.1 V  32 C  err 0x00
>>> pos 11
id 11  pos  2052  spd     0  load    0  12.1 V  32 C  err 0x00
>>> pos 11
id 11  pos  2052  spd     0  load    0  12.1 V  32 C  err 0x00
>>> pos 11
id 11  pos  2052  spd     0  load    0  12.1 V  32 C  err 0x00
>>> pos 11
id 11  pos  2052  spd     0  load    0  12.1 V  32 C  err 0x00
>>> pos 11
id 11  pos  2052  spd     0  load    0  12.1 V  32 C  err 0x00
>>> pos 11
id 11  pos  2052  spd     0  load    0  12.1 V  32 C  err 0x00
>>> pos 11
id 11  pos  2052  spd     0  load    0  12.1 V  32 C  err 0x00
>>> pos 11
id 11  pos  2052  spd     0  load    0  12.1 V  32 C  err 0x00
>>> pos 11
id 11  pos  2052  spd     0  load    0  12.1 V  32 C  err 0x00
>>> pos 11
id 11  pos  2052  spd     0  load    0  12.1 V  32 C  err 0x00
>>> pos 11
id 11  pos  2052  spd     0  load    0  12.1 V  32 C  err 0x00
>>> pos 11
id 11  pos  2052  spd     0  load    0  12.1 V  32 C  err 0x00
>>> pos 11
id 11  pos  2052  spd     0  load    0  12.1 V  32 C  err 0x00
>>> pos 11
id 11  pos  2052  spd     0  load    0  12.1 V  32 C  err 0x00
>>> pos 11
id 11  pos  2052  spd     0  load    0  12.1 V  32 C  err 0x00
>>> pos 11
id 11  pos  2052  spd     0  load    0  12.1 V  32 C  err 0x00
>>> pos 11
id 11  pos  2052  spd     0  load    0  12.1 V  32 C  err 0x00
>>> pos 11
id 11  pos  2052  spd     0  load    0  12.1 V  32 C  err 0x00
>>> pos 11
id 11  pos  2052  spd     0  load    0  12.1 V  32 C  err 0x00
>>> pos 11
id 11  pos  2052  spd     0  load    0  12.1 V  32 C  err 0x00
>>> pos 11
id 11  pos  2052  spd     0  load    0  12.1 V  32 C  err 0x00
>>> pos 11
id 11  pos  2052  spd     0  load    0  12.1 V  32 C  err 0x00
>>> pos 11
id 11  pos  2052  spd     0  load    0  12.1 V  32 C  err 0x00
>>> pos 11
id 11  pos  2052  spd     0  load    0  12.1 V  32 C  err 0x00
>>> pos 11
id 11  pos  2052  spd     0  load    0  12.1 V  32 C  err 0x00
>>> pos 11
id 11  pos  2052  spd     0  load    0  12.1 V  32 C  err 0x00
>>> pos 11
id 11  pos  2052  spd     0  load    0  12.1 V  32 C  err 0x00
>>> pos 11
id 11  pos  2052  spd     0  load    0  12.1 V  32 C  err 0x00
>>> pos 11
id 11  pos  2052  spd     0  load    0  12.1 V  32 C  err 0x00
>>> move 11 2075 0 0
move id 11 -> 2075 ticks, 0 ms, spd 0, acc 0: ok
>>> pos 11
id 11  pos  2052  spd     0  load  -32  12.1 V  32 C  err 0x00
>>> pos 11
id 11  pos  2053  spd     0  load -116  12.1 V  32 C  err 0x00
>>> pos 11
id 11  pos  2062  spd   250  load  -96  12.1 V  32 C  err 0x00
>>> pos 11
id 11  pos  2069  spd   300  load  -44  12.1 V  32 C  err 0x00
>>> pos 11
id 11  pos  2072  spd   100  load  -28  12.1 V  32 C  err 0x00
>>> pos 11
id 11  pos  2073  spd    50  load  -24  12.1 V  32 C  err 0x00
>>> pos 11
id 11  pos  2073  spd     0  load  -24  12.1 V  32 C  err 0x00
>>> pos 11
id 11  pos  2073  spd     0  load  -24  12.1 V  32 C  err 0x00
>>> pos 11
id 11  pos  2073  spd     0  load  -24  12.1 V  32 C  err 0x00
>>> pos 11
id 11  pos  2073  spd     0  load  -24  12.1 V  32 C  err 0x00
>>> pos 11
id 11  pos  2073  spd     0  load  -24  12.1 V  32 C  err 0x00
>>> pos 11
id 11  pos  2073  spd     0  load  -24  12.1 V  32 C  err 0x00
>>> pos 11
id 11  pos  2073  spd     0  load  -24  12.1 V  32 C  err 0x00
>>> pos 11
id 11  pos  2073  spd     0  load  -24  12.1 V  32 C  err 0x00
>>> pos 11
id 11  pos  2073  spd     0  load  -24  12.1 V  32 C  err 0x00
>>> pos 11
id 11  pos  2073  spd     0  load  -24  12.1 V  32 C  err 0x00
>>> pos 11
id 11  pos  2073  spd     0  load  -24  12.1 V  32 C  err 0x00
>>> pos 11
id 11  pos  2073  spd     0  load  -24  12.1 V  32 C  err 0x00
>>> pos 11
id 11  pos  2073  spd     0  load  -24  12.1 V  32 C  err 0x00
>>> pos 11
id 11  pos  2073  spd     0  load  -24  12.1 V  32 C  err 0x00
>>> pos 11
id 11  pos  2073  spd     0  load  -24  12.1 V  32 C  err 0x00
>>> pos 11
id 11  pos  2073  spd     0  load  -24  12.1 V  32 C  err 0x00
>>> pos 11
id 11  pos  2073  spd     0  load  -24  12.1 V  32 C  err 0x00
>>> pos 11
id 11  pos  2073  spd     0  load  -24  12.1 V  32 C  err 0x00
>>> pos 11
id 11  pos  2073  spd     0  load  -24  12.1 V  32 C  err 0x00
>>> pos 11
id 11  pos  2073  spd     0  load  -24  12.1 V  32 C  err 0x00
>>> pos 11
id 11  pos  2073  spd     0  load  -24  12.1 V  32 C  err 0x00
>>> pos 11
id 11  pos  2073  spd     0  load  -24  12.1 V  32 C  err 0x00
>>> pos 11
id 11  pos  2073  spd     0  load  -24  12.1 V  32 C  err 0x00
>>> pos 11
id 11  pos  2073  spd     0  load  -24  12.1 V  32 C  err 0x00
>>> pos 11
id 11  pos  2073  spd     0  load  -24  12.1 V  32 C  err 0x00
>>> pos 11
id 11  pos  2073  spd     0  load  -24  12.1 V  32 C  err 0x00
>>> pos 11
id 11  pos  2073  spd     0  load  -24  12.1 V  32 C  err 0x00
>>> pos 11
id 11  pos  2073  spd     0  load  -24  12.1 V  32 C  err 0x00
>>> pos 11
id 11  pos  2073  spd     0  load  -24  12.1 V  32 C  err 0x00
>>> pos 11
id 11  pos  2073  spd     0  load  -24  12.1 V  32 C  err 0x00
>>> pos 11
id 11  pos  2073  spd     0  load  -24  12.1 V  32 C  err 0x00
>>> pos 11
id 11  pos  2073  spd     0  load  -24  12.1 V  32 C  err 0x00
>>> pos 11
id 11  pos  2073  spd     0  load  -24  12.1 V  32 C  err 0x00
>>> pos 11
id 11  pos  2073  spd     0  load  -24  12.1 V  32 C  err 0x00
>>> pos 11
id 11  pos  2073  spd     0  load  -24  12.1 V  32 C  err 0x00
>>> pos 11
id 11  pos  2073  spd     0  load  -24  12.1 V  32 C  err 0x00
>>> pos 11
id 11  pos  2073  spd     0  load  -24  12.1 V  32 C  err 0x00
>>> pos 11
id 11  pos  2073  spd     0  load  -24  12.1 V  32 C  err 0x00
>>> pos 11
id 11  pos  2073  spd     0  load  -24  12.1 V  32 C  err 0x00
>>> pos 11
id 11  pos  2073  spd     0  load  -24  12.1 V  32 C  err 0x00
>>> pos 11
id 11  pos  2073  spd     0  load  -24  12.1 V  32 C  err 0x00
>>> pos 11
id 11  pos  2073  spd     0  load  -24  12.1 V  32 C  err 0x00
>>> pos 11
id 11  pos  2073  spd     0  load  -24  12.1 V  32 C  err 0x00
>>> pos 11
id 11  pos  2073  spd     0  load  -24  12.1 V  32 C  err 0x00
>>> pos 11
id 11  pos  2073  spd     0  load  -24  12.1 V  32 C  err 0x00
>>> pos 11
id 11  pos  2073  spd     0  load  -24  12.1 V  32 C  err 0x00
>>> pos 11
id 11  pos  2073  spd     0  load  -24  12.1 V  32 C  err 0x00
>>> pos 11
id 11  pos  2073  spd     0  load  -24  12.1 V  32 C  err 0x00
>>> pos 11
id 11  pos  2073  spd     0  load  -24  12.1 V  32 C  err 0x00
>>> pos 11
id 11  pos  2073  spd     0  load  -24  12.1 V  32 C  err 0x00
>>> pos 11
id 11  pos  2073  spd     0  load  -24  12.1 V  32 C  err 0x00
>>> pos 11
id 11  pos  2073  spd     0  load  -24  12.1 V  32 C  err 0x00
>>> pos 11
id 11  pos  2073  spd     0  load  -24  12.1 V  32 C  err 0x00
>>> pos 11
id 11  pos  2073  spd     0  load  -24  12.1 V  32 C  err 0x00
>>> pos 11
id 11  pos  2073  spd     0  load  -24  12.1 V  32 C  err 0x00
>>> pos 11
id 11  pos  2073  spd     0  load  -24  12.1 V  32 C  err 0x00
>>> pos 11
id 11  pos  2073  spd     0  load  -24  12.1 V  32 C  err 0x00
>>> pos 11
id 11  pos  2073  spd     0  load  -24  12.1 V  32 C  err 0x00
>>> pos 11
id 11  pos  2073  spd     0  load  -24  12.1 V  32 C  err 0x00
>>> pos 11
id 11  pos  2073  spd     0  load  -24  12.1 V  32 C  err 0x00
>>> pos 11
id 11  pos  2073  spd     0  load  -24  12.1 V  32 C  err 0x00
>>> pos 11
id 11  pos  2073  spd     0  load  -24  12.1 V  32 C  err 0x00
>>> pos 11
id 11  pos  2073  spd     0  load  -24  12.1 V  32 C  err 0x00
>>> pos 11
id 11  pos  2073  spd     0  load  -24  12.1 V  32 C  err 0x00
>>> pos 11
id 11  pos  2073  spd     0  load  -24  12.1 V  32 C  err 0x00
>>> pos 11
id 11  pos  2073  spd     0  load  -24  12.1 V  32 C  err 0x00
>>> pos 11
id 11  pos  2073  spd     0  load  -24  12.1 V  32 C  err 0x00
>>> pos 11
id 11  pos  2073  spd     0  load  -24  12.1 V  32 C  err 0x00
>>> pos 11
id 11  pos  2073  spd     0  load  -24  12.1 V  32 C  err 0x00
>>> pos 11
id 11  pos  2073  spd     0  load  -24  12.1 V  32 C  err 0x00
>>> pos 11
id 11  pos  2073  spd     0  load  -24  12.1 V  32 C  err 0x00
>>> pos 11
id 11  pos  2073  spd     0  load  -24  12.1 V  32 C  err 0x00
>>> pos 11
id 11  pos  2073  spd     0  load  -24  12.1 V  32 C  err 0x00
>>> pos 11
id 11  pos  2073  spd     0  load  -24  12.1 V  32 C  err 0x00
>>> pos 11
id 11  pos  2073  spd     0  load  -24  12.1 V  32 C  err 0x00
>>> pos 11
id 11  pos  2073  spd     0  load  -24  12.1 V  32 C  err 0x00
>>> pos 11
id 11  pos  2073  spd     0  load  -24  12.1 V  32 C  err 0x00
>>> pos 11
id 11  pos  2073  spd     0  load  -24  12.1 V  32 C  err 0x00
>>> pos 11
id 11  pos  2073  spd     0  load  -24  12.1 V  32 C  err 0x00
>>> pos 11
id 11  pos  2073  spd     0  load  -24  12.1 V  32 C  err 0x00
>>> pos 11
id 11  pos  2073  spd     0  load  -24  12.1 V  32 C  err 0x00
>>> pos 11
id 11  pos  2073  spd     0  load  -24  12.1 V  32 C  err 0x00
>>> pos 11
id 11  pos  2073  spd     0  load  -24  12.1 V  32 C  err 0x00
>>> pos 11
id 11  pos  2073  spd     0  load  -24  12.1 V  32 C  err 0x00
>>> pos 11
id 11  pos  2073  spd     0  load  -24  12.1 V  32 C  err 0x00
>>> move 11 2052 0 0
move id 11 -> 2052 ticks, 0 ms, spd 0, acc 0: ok
>>> pos 11
id 11  pos  2073  spd     0  load   28  12.1 V  32 C  err 0x00
>>> pos 11
id 11  pos  2072  spd   -50  load  104  12.1 V  32 C  err 0x00
>>> pos 11
id 11  pos  2064  spd  -150  load   88  12.1 V  32 C  err 0x00
>>> pos 11
id 11  pos  2056  spd  -250  load   24  12.1 V  32 C  err 0x00
>>> pos 11
id 11  pos  2054  spd   -50  load   20  12.1 V  32 C  err 0x00
>>> pos 11
id 11  pos  2054  spd     0  load   24  12.1 V  32 C  err 0x00
>>> pos 11
id 11  pos  2054  spd     0  load   24  12.1 V  32 C  err 0x00
>>> pos 11
id 11  pos  2054  spd     0  load   24  12.1 V  32 C  err 0x00
>>> pos 11
id 11  pos  2054  spd     0  load   24  12.1 V  32 C  err 0x00
>>> pos 11
id 11  pos  2054  spd     0  load   24  12.1 V  32 C  err 0x00
>>> pos 11
id 11  pos  2054  spd     0  load   24  12.1 V  32 C  err 0x00
>>> pos 11
id 11  pos  2054  spd     0  load   24  12.1 V  32 C  err 0x00
>>> pos 11
id 11  pos  2054  spd     0  load   24  12.1 V  32 C  err 0x00
>>> pos 11
id 11  pos  2054  spd     0  load   24  12.1 V  32 C  err 0x00
>>> pos 11
id 11  pos  2054  spd     0  load   24  12.1 V  32 C  err 0x00
>>> pos 11
id 11  pos  2054  spd     0  load   24  12.1 V  32 C  err 0x00
>>> pos 11
id 11  pos  2054  spd     0  load   24  12.1 V  32 C  err 0x00
>>> pos 11
id 11  pos  2054  spd     0  load   24  12.1 V  32 C  err 0x00
>>> pos 11
id 11  pos  2054  spd     0  load   24  12.1 V  32 C  err 0x00
>>> pos 11
id 11  pos  2054  spd     0  load   24  12.1 V  32 C  err 0x00
>>> pos 11
id 11  pos  2054  spd     0  load   24  12.1 V  32 C  err 0x00
>>> pos 11
id 11  pos  2054  spd     0  load   24  12.1 V  32 C  err 0x00
>>> pos 11
id 11  pos  2054  spd     0  load   24  12.1 V  32 C  err 0x00
>>> pos 11
id 11  pos  2054  spd     0  load   24  12.1 V  32 C  err 0x00
>>> pos 11
id 11  pos  2054  spd     0  load   24  12.1 V  32 C  err 0x00
>>> pos 11
id 11  pos  2054  spd     0  load   24  12.1 V  32 C  err 0x00
>>> pos 11
id 11  pos  2054  spd     0  load   24  12.1 V  32 C  err 0x00
>>> pos 11
id 11  pos  2054  spd     0  load   24  12.1 V  32 C  err 0x00
>>> pos 11
id 11  pos  2054  spd     0  load   24  12.1 V  32 C  err 0x00
>>> pos 11
id 11  pos  2054  spd     0  load   24  12.1 V  32 C  err 0x00
>>> pos 11
id 11  pos  2054  spd     0  load   24  12.1 V  32 C  err 0x00
>>> pos 11
id 11  pos  2054  spd     0  load   24  12.1 V  32 C  err 0x00
>>> pos 11
id 11  pos  2054  spd     0  load   24  12.1 V  32 C  err 0x00
>>> pos 11
id 11  pos  2054  spd     0  load   24  12.1 V  32 C  err 0x00
>>> pos 11
id 11  pos  2054  spd     0  load   24  12.1 V  32 C  err 0x00
>>> pos 11
id 11  pos  2054  spd     0  load   24  12.1 V  32 C  err 0x00
>>> pos 11
id 11  pos  2054  spd     0  load   24  12.1 V  32 C  err 0x00
>>> pos 11
id 11  pos  2054  spd     0  load   24  12.1 V  32 C  err 0x00
>>> pos 11
id 11  pos  2054  spd     0  load   24  12.1 V  32 C  err 0x00
>>> pos 11
id 11  pos  2054  spd     0  load   24  12.1 V  32 C  err 0x00
>>> pos 11
id 11  pos  2054  spd     0  load   24  12.1 V  32 C  err 0x00
>>> pos 11
id 11  pos  2054  spd     0  load   24  12.1 V  32 C  err 0x00
>>> pos 11
id 11  pos  2054  spd     0  load   24  12.1 V  32 C  err 0x00
>>> pos 11
id 11  pos  2054  spd     0  load   24  12.1 V  32 C  err 0x00
>>> pos 11
id 11  pos  2054  spd     0  load   24  12.1 V  32 C  err 0x00
>>> pos 11
id 11  pos  2054  spd     0  load   24  12.1 V  32 C  err 0x00
>>> pos 11
id 11  pos  2054  spd     0  load   24  12.1 V  32 C  err 0x00
>>> pos 11
id 11  pos  2054  spd     0  load   24  12.1 V  32 C  err 0x00
>>> pos 11
id 11  pos  2054  spd     0  load   24  12.1 V  32 C  err 0x00
>>> pos 11
id 11  pos  2054  spd     0  load   24  12.1 V  32 C  err 0x00
>>> pos 11
id 11  pos  2054  spd     0  load   24  12.1 V  32 C  err 0x00
>>> pos 11
id 11  pos  2054  spd     0  load   24  12.1 V  32 C  err 0x00
>>> pos 11
id 11  pos  2054  spd     0  load   24  12.1 V  32 C  err 0x00
>>> pos 11
id 11  pos  2054  spd     0  load   24  12.1 V  32 C  err 0x00
>>> pos 11
id 11  pos  2054  spd     0  load   24  12.1 V  32 C  err 0x00
>>> pos 11
id 11  pos  2054  spd     0  load   24  12.1 V  32 C  err 0x00
>>> pos 11
id 11  pos  2054  spd     0  load   24  12.1 V  32 C  err 0x00
>>> pos 11
id 11  pos  2054  spd     0  load   24  12.1 V  32 C  err 0x00
>>> pos 11
id 11  pos  2054  spd     0  load   24  12.1 V  32 C  err 0x00
>>> pos 11
id 11  pos  2054  spd     0  load   24  12.1 V  32 C  err 0x00
>>> pos 11
id 11  pos  2054  spd     0  load   24  12.1 V  32 C  err 0x00
>>> pos 11
id 11  pos  2054  spd     0  load   24  12.1 V  32 C  err 0x00
>>> pos 11
id 11  pos  2054  spd     0  load   24  12.1 V  32 C  err 0x00
>>> pos 11
id 11  pos  2054  spd     0  load   24  12.1 V  32 C  err 0x00
>>> pos 11
id 11  pos  2054  spd     0  load   24  12.1 V  32 C  err 0x00
>>> pos 11
id 11  pos  2054  spd     0  load   24  12.1 V  32 C  err 0x00
>>> pos 11
id 11  pos  2054  spd     0  load   24  12.1 V  32 C  err 0x00
>>> pos 11
id 11  pos  2054  spd     0  load   24  12.1 V  32 C  err 0x00
>>> pos 11
id 11  pos  2054  spd     0  load   24  12.1 V  32 C  err 0x00
>>> pos 11
id 11  pos  2054  spd     0  load   24  12.1 V  32 C  err 0x00
>>> pos 11
id 11  pos  2054  spd     0  load   24  12.1 V  32 C  err 0x00
>>> pos 11
id 11  pos  2054  spd     0  load   24  12.1 V  32 C  err 0x00
>>> pos 11
id 11  pos  2054  spd     0  load   24  12.1 V  32 C  err 0x00
>>> pos 11
id 11  pos  2054  spd     0  load   24  12.1 V  32 C  err 0x00
>>> pos 11
id 11  pos  2054  spd     0  load   24  12.1 V  32 C  err 0x00
>>> pos 11
id 11  pos  2054  spd     0  load   24  12.1 V  32 C  err 0x00
>>> pos 11
id 11  pos  2054  spd     0  load   24  12.1 V  32 C  err 0x00
>>> pos 11
id 11  pos  2054  spd     0  load   24  12.1 V  32 C  err 0x00
>>> pos 11
id 11  pos  2054  spd     0  load   24  12.1 V  32 C  err 0x00
>>> pos 11
id 11  pos  2054  spd     0  load   24  12.1 V  32 C  err 0x00
>>> pos 11
id 11  pos  2054  spd     0  load   24  12.1 V  32 C  err 0x00
>>> pos 11
id 11  pos  2054  spd     0  load   24  12.1 V  32 C  err 0x00
>>> pos 11
id 11  pos  2054  spd     0  load   24  12.1 V  32 C  err 0x00
>>> pos 11
id 11  pos  2054  spd     0  load   24  12.1 V  32 C  err 0x00
>>> pos 11
id 11  pos  2054  spd     0  load   24  12.1 V  32 C  err 0x00
>>> pos 11
id 11  pos  2054  spd     0  load   24  12.1 V  32 C  err 0x00
>>> pos 11
id 11  pos  2054  spd     0  load   24  12.1 V  32 C  err 0x00
>>> pos 11
id 11  pos  2054  spd     0  load   24  12.1 V  32 C  err 0x00
>>> pos 11
id 11  pos  2054  spd     0  load   24  12.1 V  32 C  err 0x00
>>> pos 11
id 11  pos  2054  spd     0  load   24  12.1 V  32 C  err 0x00
>>> pos 11
id 11  pos  2054  spd     0  load   24  12.1 V  32 C  err 0x00
>>> release 11
release 11: ok
>>> release 11
release 11: ok
>>> gains 11 64 64
id 11: writing P 64 D 64 to EEPROM (torque must be OFF; no goal is written) ...
id 11: FAILED (write-failed) -- EEPROM re-lock attempted; `gains 11` to see what the servo holds
>>> gains 11
id 11  P 64  D 64  I 0   expected P 32 D 32 -- MISMATCH
>>> reg 11 55 1
id 11 reg 55 = 1 (0x01)
# gains 64/64 FAILED (attempt 1); read back P 64 D 64, lock 1
>>> pos 11
id 11  pos  2054  spd     0  load    0  12.1 V  32 C  err 0x00
>>> torque 11
torque 11: ok
>>> pos 11
id 11  pos  2054  spd     0  load    0  12.1 V  32 C  err 0x00
>>> move 11 2052 0 100
move id 11 -> 2052 ticks, 0 ms, spd 100, acc 0: ok
>>> pos 11
id 11  pos  2053  spd     0  load    0  12.1 V  32 C  err 0x00
>>> pos 11
id 11  pos  2053  spd     0  load    0  12.1 V  32 C  err 0x00
>>> pos 11
id 11  pos  2053  spd     0  load    0  12.1 V  32 C  err 0x00
>>> pos 11
id 11  pos  2053  spd     0  load    0  12.1 V  32 C  err 0x00
>>> pos 11
id 11  pos  2053  spd     0  load    0  12.1 V  32 C  err 0x00
>>> pos 11
id 11  pos  2053  spd     0  load    0  12.1 V  32 C  err 0x00
>>> pos 11
id 11  pos  2053  spd     0  load    0  12.1 V  32 C  err 0x00
>>> pos 11
id 11  pos  2053  spd     0  load    0  12.1 V  32 C  err 0x00
>>> pos 11
id 11  pos  2053  spd     0  load    0  12.1 V  32 C  err 0x00
>>> pos 11
id 11  pos  2053  spd     0  load    0  12.1 V  32 C  err 0x00
>>> pos 11
id 11  pos  2053  spd     0  load    0  12.1 V  32 C  err 0x00
>>> pos 11
id 11  pos  2053  spd     0  load    0  12.1 V  32 C  err 0x00
>>> pos 11
id 11  pos  2053  spd     0  load    0  12.1 V  32 C  err 0x00
>>> pos 11
id 11  pos  2053  spd     0  load    0  12.1 V  32 C  err 0x00
>>> pos 11
id 11  pos  2053  spd     0  load    0  12.1 V  32 C  err 0x00
>>> pos 11
id 11  pos  2053  spd     0  load    0  12.1 V  32 C  err 0x00
>>> pos 11
id 11  pos  2053  spd     0  load    0  12.1 V  32 C  err 0x00
>>> pos 11
id 11  pos  2053  spd     0  load    0  12.1 V  32 C  err 0x00
>>> pos 11
id 11  pos  2053  spd     0  load    0  12.1 V  32 C  err 0x00
>>> pos 11
id 11  pos  2053  spd     0  load    0  12.1 V  32 C  err 0x00
>>> pos 11
id 11  pos  2053  spd     0  load    0  12.1 V  32 C  err 0x00
>>> pos 11
id 11  pos  2053  spd     0  load    0  12.1 V  32 C  err 0x00
>>> pos 11
id 11  pos  2053  spd     0  load    0  12.1 V  32 C  err 0x00
>>> pos 11
id 11  pos  2053  spd     0  load    0  12.1 V  32 C  err 0x00
>>> pos 11
id 11  pos  2053  spd     0  load    0  12.1 V  32 C  err 0x00
>>> pos 11
id 11  pos  2053  spd     0  load    0  12.1 V  32 C  err 0x00
>>> pos 11
id 11  pos  2053  spd     0  load    0  12.1 V  32 C  err 0x00
>>> pos 11
id 11  pos  2053  spd     0  load    0  12.1 V  32 C  err 0x00
>>> pos 11
id 11  pos  2053  spd     0  load    0  12.1 V  32 C  err 0x00
>>> pos 11
id 11  pos  2053  spd     0  load    0  12.1 V  32 C  err 0x00
>>> pos 11
id 11  pos  2053  spd     0  load    0  12.1 V  32 C  err 0x00
>>> pos 11
id 11  pos  2053  spd     0  load    0  12.1 V  32 C  err 0x00
>>> pos 11
id 11  pos  2053  spd     0  load    0  12.1 V  32 C  err 0x00
>>> pos 11
id 11  pos  2053  spd     0  load    0  12.1 V  32 C  err 0x00
>>> pos 11
id 11  pos  2053  spd     0  load    0  12.1 V  32 C  err 0x00
>>> pos 11
id 11  pos  2053  spd     0  load    0  12.1 V  32 C  err 0x00
>>> pos 11
id 11  pos  2053  spd     0  load    0  12.1 V  32 C  err 0x00
>>> pos 11
id 11  pos  2053  spd     0  load    0  12.1 V  32 C  err 0x00
>>> pos 11
id 11  pos  2053  spd     0  load    0  12.1 V  32 C  err 0x00
>>> pos 11
id 11  pos  2053  spd     0  load    0  12.1 V  32 C  err 0x00
>>> pos 11
id 11  pos  2053  spd     0  load    0  12.1 V  32 C  err 0x00
>>> pos 11
id 11  pos  2053  spd     0  load    0  12.1 V  32 C  err 0x00
>>> pos 11
id 11  pos  2053  spd     0  load    0  12.1 V  32 C  err 0x00
>>> pos 11
id 11  pos  2053  spd     0  load    0  12.1 V  32 C  err 0x00
>>> pos 11
id 11  pos  2053  spd     0  load    0  12.1 V  32 C  err 0x00
>>> pos 11
id 11  pos  2053  spd     0  load    0  12.1 V  32 C  err 0x00
>>> pos 11
id 11  pos  2053  spd     0  load    0  12.1 V  32 C  err 0x00
>>> pos 11
id 11  pos  2053  spd     0  load    0  12.1 V  32 C  err 0x00
>>> pos 11
id 11  pos  2053  spd     0  load    0  12.1 V  32 C  err 0x00
>>> pos 11
id 11  pos  2053  spd     0  load    0  12.1 V  32 C  err 0x00
>>> pos 11
id 11  pos  2053  spd     0  load    0  12.1 V  32 C  err 0x00
>>> pos 11
id 11  pos  2053  spd     0  load    0  12.1 V  32 C  err 0x00
>>> pos 11
id 11  pos  2053  spd     0  load    0  12.1 V  32 C  err 0x00
>>> pos 11
id 11  pos  2053  spd     0  load    0  12.1 V  32 C  err 0x00
>>> pos 11
id 11  pos  2053  spd     0  load    0  12.1 V  32 C  err 0x00
>>> pos 11
id 11  pos  2053  spd     0  load    0  12.1 V  32 C  err 0x00
>>> pos 11
id 11  pos  2053  spd     0  load    0  12.1 V  32 C  err 0x00
>>> pos 11
id 11  pos  2053  spd     0  load    0  12.1 V  32 C  err 0x00
>>> pos 11
id 11  pos  2053  spd     0  load    0  12.1 V  32 C  err 0x00
>>> pos 11
id 11  pos  2053  spd     0  load    0  12.1 V  32 C  err 0x00
>>> pos 11
id 11  pos  2053  spd     0  load    0  12.1 V  32 C  err 0x00
>>> pos 11
id 11  pos  2053  spd     0  load    0  12.1 V  32 C  err 0x00
>>> pos 11
id 11  pos  2053  spd     0  load    0  12.1 V  32 C  err 0x00
>>> pos 11
id 11  pos  2053  spd     0  load    0  12.1 V  32 C  err 0x00
>>> pos 11
id 11  pos  2053  spd     0  load    0  12.1 V  32 C  err 0x00
>>> pos 11
id 11  pos  2053  spd     0  load    0  12.1 V  32 C  err 0x00
>>> pos 11
id 11  pos  2053  spd     0  load    0  12.1 V  32 C  err 0x00
>>> pos 11
id 11  pos  2053  spd     0  load    0  12.1 V  32 C  err 0x00
>>> pos 11
id 11  pos  2053  spd     0  load    0  12.1 V  32 C  err 0x00
>>> pos 11
id 11  pos  2053  spd     0  load    0  12.1 V  32 C  err 0x00
>>> pos 11
id 11  pos  2053  spd     0  load    0  12.1 V  32 C  err 0x00
>>> pos 11
id 11  pos  2053  spd     0  load    0  12.1 V  32 C  err 0x00
>>> pos 11
id 11  pos  2053  spd     0  load    0  12.1 V  32 C  err 0x00
>>> pos 11
id 11  pos  2053  spd     0  load    0  12.1 V  32 C  err 0x00
>>> pos 11
id 11  pos  2053  spd     0  load    0  12.1 V  32 C  err 0x00
>>> pos 11
id 11  pos  2053  spd     0  load    0  12.1 V  32 C  err 0x00
>>> pos 11
id 11  pos  2053  spd     0  load    0  12.1 V  32 C  err 0x00
>>> pos 11
id 11  pos  2053  spd     0  load    0  12.1 V  32 C  err 0x00
>>> pos 11
id 11  pos  2053  spd     0  load    0  12.1 V  32 C  err 0x00
>>> pos 11
id 11  pos  2053  spd     0  load    0  12.1 V  32 C  err 0x00
>>> pos 11
id 11  pos  2053  spd     0  load    0  12.1 V  32 C  err 0x00
>>> pos 11
id 11  pos  2053  spd     0  load    0  12.1 V  32 C  err 0x00
>>> pos 11
id 11  pos  2053  spd     0  load    0  12.1 V  32 C  err 0x00
>>> pos 11
id 11  pos  2053  spd     0  load    0  12.1 V  32 C  err 0x00
>>> pos 11
id 11  pos  2053  spd     0  load    0  12.1 V  32 C  err 0x00
>>> pos 11
id 11  pos  2053  spd     0  load    0  12.1 V  32 C  err 0x00
>>> pos 11
id 11  pos  2053  spd     0  load    0  12.1 V  32 C  err 0x00
>>> pos 11
id 11  pos  2053  spd     0  load    0  12.1 V  32 C  err 0x00
>>> pos 11
id 11  pos  2053  spd     0  load    0  12.1 V  32 C  err 0x00
>>> pos 11
id 11  pos  2053  spd     0  load    0  12.1 V  32 C  err 0x00
>>> pos 11
id 11  pos  2053  spd     0  load    0  12.1 V  32 C  err 0x00
>>> pos 11
id 11  pos  2053  spd     0  load    0  12.1 V  32 C  err 0x00
>>> pos 11
id 11  pos  2053  spd     0  load    0  12.1 V  32 C  err 0x00
>>> pos 11
id 11  pos  2053  spd     0  load    0  12.1 V  32 C  err 0x00
>>> pos 11
id 11  pos  2053  spd     0  load    0  12.1 V  32 C  err 0x00
>>> pos 11
id 11  pos  2053  spd     0  load    0  12.1 V  32 C  err 0x00
>>> pos 11
id 11  pos  2053  spd     0  load    0  12.1 V  32 C  err 0x00
>>> pos 11
id 11  pos  2053  spd     0  load    0  12.1 V  32 C  err 0x00
>>> pos 11
id 11  pos  2053  spd     0  load    0  12.1 V  32 C  err 0x00
>>> pos 11
id 11  pos  2053  spd     0  load    0  12.1 V  32 C  err 0x00
>>> pos 11
id 11  pos  2053  spd     0  load    0  12.1 V  32 C  err 0x00
>>> pos 11
id 11  pos  2053  spd     0  load    0  12.1 V  32 C  err 0x00
>>> pos 11
id 11  pos  2053  spd     0  load    0  12.1 V  32 C  err 0x00
>>> pos 11
id 11  pos  2053  spd     0  load    0  12.1 V  32 C  err 0x00
>>> pos 11
id 11  pos  2053  spd     0  load    0  12.1 V  32 C  err 0x00
>>> pos 11
id 11  pos  2053  spd     0  load    0  12.1 V  32 C  err 0x00
>>> pos 11
id 11  pos  2053  spd     0  load    0  12.1 V  32 C  err 0x00
>>> pos 11
id 11  pos  2053  spd     0  load    0  12.1 V  32 C  err 0x00
>>> pos 11
id 11  pos  2053  spd     0  load    0  12.1 V  32 C  err 0x00
>>> pos 11
id 11  pos  2053  spd     0  load    0  12.1 V  32 C  err 0x00
>>> pos 11
id 11  pos  2053  spd     0  load    0  12.1 V  32 C  err 0x00
>>> pos 11
id 11  pos  2053  spd     0  load    0  12.1 V  32 C  err 0x00
>>> pos 11
id 11  pos  2053  spd     0  load    0  12.1 V  32 C  err 0x00
>>> pos 11
id 11  pos  2053  spd     0  load    0  12.1 V  32 C  err 0x00
>>> pos 11
id 11  pos  2053  spd     0  load    0  12.1 V  32 C  err 0x00
>>> pos 11
id 11  pos  2053  spd     0  load    0  12.1 V  32 C  err 0x00
>>> pos 11
id 11  pos  2053  spd     0  load    0  12.1 V  32 C  err 0x00
>>> pos 11
id 11  pos  2053  spd     0  load    0  12.1 V  32 C  err 0x00
>>> pos 11
id 11  pos  2053  spd     0  load    0  12.1 V  32 C  err 0x00
>>> pos 11
id 11  pos  2053  spd     0  load    0  12.1 V  32 C  err 0x00
>>> pos 11
id 11  pos  2053  spd     0  load    0  12.1 V  32 C  err 0x00
>>> pos 11
id 11  pos  2053  spd     0  load    0  12.1 V  32 C  err 0x00
>>> pos 11
id 11  pos  2053  spd     0  load    0  12.1 V  32 C  err 0x00
>>> pos 11
id 11  pos  2053  spd     0  load    0  12.1 V  32 C  err 0x00
>>> pos 11
id 11  pos  2053  spd     0  load    0  12.1 V  32 C  err 0x00
>>> pos 11
id 11  pos  2053  spd     0  load    0  12.1 V  32 C  err 0x00
>>> pos 11
id 11  pos  2053  spd     0  load    0  12.1 V  32 C  err 0x00
>>> pos 11
id 11  pos  2053  spd     0  load    0  12.1 V  32 C  err 0x00
>>> pos 11
id 11  pos  2053  spd     0  load    0  12.1 V  32 C  err 0x00
>>> pos 11
id 11  pos  2053  spd     0  load    0  12.1 V  32 C  err 0x00
>>> pos 11
id 11  pos  2053  spd     0  load    0  12.1 V  32 C  err 0x00
>>> pos 11
id 11  pos  2053  spd     0  load    0  12.1 V  32 C  err 0x00
>>> pos 11
id 11  pos  2053  spd     0  load    0  12.1 V  32 C  err 0x00
>>> pos 11
id 11  pos  2053  spd     0  load    0  12.1 V  32 C  err 0x00
>>> pos 11
id 11  pos  2053  spd     0  load    0  12.1 V  32 C  err 0x00
>>> pos 11
id 11  pos  2053  spd     0  load    0  12.1 V  32 C  err 0x00
>>> pos 11
id 11  pos  2053  spd     0  load    0  12.1 V  32 C  err 0x00
>>> pos 11
id 11  pos  2053  spd     0  load    0  12.1 V  32 C  err 0x00
>>> pos 11
id 11  pos  2053  spd     0  load    0  12.1 V  32 C  err 0x00
>>> pos 11
id 11  pos  2053  spd     0  load    0  12.1 V  32 C  err 0x00
>>> pos 11
id 11  pos  2053  spd     0  load    0  12.1 V  32 C  err 0x00
>>> pos 11
id 11  pos  2053  spd     0  load    0  12.1 V  32 C  err 0x00
>>> pos 11
id 11  pos  2053  spd     0  load    0  12.1 V  32 C  err 0x00
>>> pos 11
id 11  pos  2053  spd     0  load    0  12.1 V  32 C  err 0x00
>>> pos 11
id 11  pos  2053  spd     0  load    0  12.1 V  32 C  err 0x00
>>> pos 11
id 11  pos  2053  spd     0  load    0  12.1 V  32 C  err 0x00
>>> pos 11
id 11  pos  2053  spd     0  load    0  12.1 V  32 C  err 0x00
>>> pos 11
id 11  pos  2053  spd     0  load    0  12.1 V  32 C  err 0x00
>>> pos 11
id 11  pos  2053  spd     0  load    0  12.1 V  32 C  err 0x00
>>> pos 11
id 11  pos  2053  spd     0  load    0  12.1 V  32 C  err 0x00
>>> pos 11
id 11  pos  2053  spd     0  load    0  12.1 V  32 C  err 0x00
>>> pos 11
id 11  pos  2053  spd     0  load    0  12.1 V  32 C  err 0x00
>>> move 11 2075 0 0
move id 11 -> 2075 ticks, 0 ms, spd 0, acc 0: ok
>>> pos 11
id 11  pos  2053  spd     0  load  -32  12.1 V  32 C  err 0x00
>>> pos 11
id 11  pos  2056  spd    50  load -152  12.1 V  32 C  err 0x00
>>> pos 11
id 11  pos  2068  spd   350  load  -64  12.1 V  32 C  err 0x00
>>> pos 11
id 11  pos  2073  spd   200  load    0  12.1 V  32 C  err 0x00
>>> pos 11
id 11  pos  2074  spd    50  load    0  12.1 V  32 C  err 0x00
>>> pos 11
id 11  pos  2074  spd     0  load    0  12.1 V  32 C  err 0x00
>>> pos 11
id 11  pos  2074  spd     0  load    0  12.1 V  32 C  err 0x00
>>> pos 11
id 11  pos  2074  spd     0  load    0  12.1 V  32 C  err 0x00
>>> pos 11
id 11  pos  2074  spd     0  load    0  12.1 V  32 C  err 0x00
>>> pos 11
id 11  pos  2074  spd     0  load    0  12.1 V  32 C  err 0x00
>>> pos 11
id 11  pos  2074  spd     0  load    0  12.1 V  32 C  err 0x00
>>> pos 11
id 11  pos  2074  spd     0  load    0  12.1 V  32 C  err 0x00
>>> pos 11
id 11  pos  2074  spd     0  load    0  12.1 V  32 C  err 0x00
>>> pos 11
id 11  pos  2074  spd     0  load    0  12.1 V  32 C  err 0x00
>>> pos 11
id 11  pos  2074  spd     0  load    0  12.1 V  32 C  err 0x00
>>> pos 11
id 11  pos  2074  spd     0  load    0  12.1 V  32 C  err 0x00
>>> pos 11
id 11  pos  2074  spd     0  load    0  12.1 V  32 C  err 0x00
>>> pos 11
id 11  pos  2074  spd     0  load    0  12.1 V  32 C  err 0x00
>>> pos 11
id 11  pos  2074  spd     0  load    0  12.1 V  32 C  err 0x00
>>> pos 11
id 11  pos  2074  spd     0  load    0  12.1 V  32 C  err 0x00
>>> pos 11
id 11  pos  2074  spd     0  load    0  12.1 V  32 C  err 0x00
>>> pos 11
id 11  pos  2074  spd     0  load    0  12.1 V  32 C  err 0x00
>>> pos 11
id 11  pos  2074  spd     0  load    0  12.1 V  32 C  err 0x00
>>> pos 11
id 11  pos  2074  spd     0  load    0  12.1 V  32 C  err 0x00
>>> pos 11
id 11  pos  2074  spd     0  load    0  12.1 V  32 C  err 0x00
>>> pos 11
id 11  pos  2074  spd     0  load    0  12.1 V  32 C  err 0x00
>>> pos 11
id 11  pos  2074  spd     0  load    0  12.1 V  32 C  err 0x00
>>> pos 11
id 11  pos  2074  spd     0  load    0  12.1 V  32 C  err 0x00
>>> pos 11
id 11  pos  2074  spd     0  load    0  12.1 V  32 C  err 0x00
>>> pos 11
id 11  pos  2074  spd     0  load    0  12.1 V  32 C  err 0x00
>>> pos 11
id 11  pos  2074  spd     0  load    0  12.1 V  32 C  err 0x00
>>> pos 11
id 11  pos  2074  spd     0  load    0  12.1 V  32 C  err 0x00
>>> pos 11
id 11  pos  2074  spd     0  load    0  12.1 V  32 C  err 0x00
>>> pos 11
id 11  pos  2074  spd     0  load    0  12.1 V  32 C  err 0x00
>>> pos 11
id 11  pos  2074  spd     0  load    0  12.1 V  32 C  err 0x00
>>> pos 11
id 11  pos  2074  spd     0  load    0  12.1 V  32 C  err 0x00
>>> pos 11
id 11  pos  2074  spd     0  load    0  12.1 V  32 C  err 0x00
>>> pos 11
id 11  pos  2074  spd     0  load    0  12.1 V  32 C  err 0x00
>>> pos 11
id 11  pos  2074  spd     0  load    0  12.1 V  32 C  err 0x00
>>> pos 11
id 11  pos  2074  spd     0  load    0  12.1 V  32 C  err 0x00
>>> pos 11
id 11  pos  2074  spd     0  load    0  12.1 V  32 C  err 0x00
>>> pos 11
id 11  pos  2074  spd     0  load    0  12.1 V  32 C  err 0x00
>>> pos 11
id 11  pos  2074  spd     0  load    0  12.1 V  32 C  err 0x00
>>> pos 11
id 11  pos  2074  spd     0  load    0  12.1 V  32 C  err 0x00
>>> pos 11
id 11  pos  2074  spd     0  load    0  12.1 V  32 C  err 0x00
>>> pos 11
id 11  pos  2074  spd     0  load    0  12.1 V  32 C  err 0x00
>>> pos 11
id 11  pos  2074  spd     0  load    0  12.1 V  32 C  err 0x00
>>> pos 11
id 11  pos  2074  spd     0  load    0  12.1 V  32 C  err 0x00
>>> pos 11
id 11  pos  2074  spd     0  load    0  12.1 V  32 C  err 0x00
>>> pos 11
id 11  pos  2074  spd     0  load    0  12.1 V  32 C  err 0x00
>>> pos 11
id 11  pos  2074  spd     0  load    0  12.1 V  32 C  err 0x00
>>> pos 11
id 11  pos  2074  spd     0  load    0  12.1 V  32 C  err 0x00
>>> pos 11
id 11  pos  2074  spd     0  load    0  12.1 V  32 C  err 0x00
>>> pos 11
id 11  pos  2074  spd     0  load    0  12.1 V  32 C  err 0x00
>>> pos 11
id 11  pos  2074  spd     0  load    0  12.1 V  32 C  err 0x00
>>> pos 11
id 11  pos  2074  spd     0  load    0  12.1 V  32 C  err 0x00
>>> pos 11
id 11  pos  2074  spd     0  load    0  12.1 V  32 C  err 0x00
>>> pos 11
id 11  pos  2074  spd     0  load    0  12.1 V  32 C  err 0x00
>>> pos 11
id 11  pos  2074  spd     0  load    0  12.1 V  32 C  err 0x00
>>> pos 11
id 11  pos  2074  spd     0  load    0  12.1 V  32 C  err 0x00
>>> pos 11
id 11  pos  2074  spd     0  load    0  12.1 V  32 C  err 0x00
>>> pos 11
id 11  pos  2074  spd     0  load    0  12.1 V  32 C  err 0x00
>>> pos 11
id 11  pos  2074  spd     0  load    0  12.1 V  32 C  err 0x00
>>> pos 11
id 11  pos  2074  spd     0  load    0  12.1 V  32 C  err 0x00
>>> pos 11
id 11  pos  2074  spd     0  load    0  12.1 V  32 C  err 0x00
>>> pos 11
id 11  pos  2074  spd     0  load    0  12.1 V  32 C  err 0x00
>>> pos 11
id 11  pos  2074  spd     0  load    0  12.1 V  32 C  err 0x00
>>> pos 11
id 11  pos  2074  spd     0  load    0  12.1 V  32 C  err 0x00
>>> pos 11
id 11  pos  2074  spd     0  load    0  12.1 V  32 C  err 0x00
>>> pos 11
id 11  pos  2074  spd     0  load    0  12.1 V  32 C  err 0x00
>>> pos 11
id 11  pos  2074  spd     0  load    0  12.1 V  32 C  err 0x00
>>> pos 11
id 11  pos  2074  spd     0  load    0  12.1 V  32 C  err 0x00
>>> pos 11
id 11  pos  2074  spd     0  load    0  12.1 V  32 C  err 0x00
>>> pos 11
id 11  pos  2074  spd     0  load    0  12.1 V  32 C  err 0x00
>>> pos 11
id 11  pos  2074  spd     0  load    0  12.1 V  32 C  err 0x00
>>> pos 11
id 11  pos  2074  spd     0  load    0  12.1 V  32 C  err 0x00
>>> pos 11
id 11  pos  2074  spd     0  load    0  12.1 V  32 C  err 0x00
>>> pos 11
id 11  pos  2074  spd     0  load    0  12.1 V  32 C  err 0x00
>>> pos 11
id 11  pos  2074  spd     0  load    0  12.1 V  32 C  err 0x00
>>> pos 11
id 11  pos  2074  spd     0  load    0  12.1 V  32 C  err 0x00
>>> pos 11
id 11  pos  2074  spd     0  load    0  12.1 V  32 C  err 0x00
>>> pos 11
id 11  pos  2074  spd     0  load    0  12.1 V  32 C  err 0x00
>>> pos 11
id 11  pos  2074  spd     0  load    0  12.1 V  32 C  err 0x00
>>> pos 11
id 11  pos  2074  spd     0  load    0  12.1 V  32 C  err 0x00
>>> pos 11
id 11  pos  2074  spd     0  load    0  12.1 V  32 C  err 0x00
>>> pos 11
id 11  pos  2074  spd     0  load    0  12.1 V  32 C  err 0x00
>>> pos 11
id 11  pos  2074  spd     0  load    0  12.1 V  32 C  err 0x00
>>> pos 11
id 11  pos  2074  spd     0  load    0  12.1 V  32 C  err 0x00
>>> pos 11
id 11  pos  2074  spd     0  load    0  12.1 V  32 C  err 0x00
>>> pos 11
id 11  pos  2074  spd     0  load    0  12.1 V  32 C  err 0x00
>>> pos 11
id 11  pos  2074  spd     0  load    0  12.1 V  32 C  err 0x00
>>> move 11 2052 0 0
move id 11 -> 2052 ticks, 0 ms, spd 0, acc 0: ok
>>> pos 11
id 11  pos  2074  spd     0  load   64  12.1 V  32 C  err 0x00
>>> pos 11
id 11  pos  2070  spd     0  load  160  12.0 V  32 C  err 0x00
>>> pos 11
id 11  pos  2058  spd  -400  load   48  12.1 V  32 C  err 0x00
>>> pos 11
id 11  pos  2053  spd  -100  load  -32  12.1 V  32 C  err 0x00
>>> pos 11
id 11  pos  2054  spd    50  load   40  12.1 V  32 C  err 0x00
>>> pos 11
id 11  pos  2053  spd   -50  load  -24  12.1 V  32 C  err 0x00
>>> pos 11
id 11  pos  2053  spd     0  load    0  12.1 V  32 C  err 0x00
>>> pos 11
id 11  pos  2053  spd     0  load    0  12.1 V  32 C  err 0x00
>>> pos 11
id 11  pos  2053  spd     0  load    0  12.1 V  32 C  err 0x00
>>> pos 11
id 11  pos  2053  spd     0  load    0  12.1 V  32 C  err 0x00
>>> pos 11
id 11  pos  2053  spd     0  load    0  12.1 V  32 C  err 0x00
>>> pos 11
id 11  pos  2053  spd     0  load    0  12.1 V  32 C  err 0x00
>>> pos 11
id 11  pos  2053  spd     0  load    0  12.1 V  32 C  err 0x00
>>> pos 11
id 11  pos  2053  spd     0  load    0  12.1 V  32 C  err 0x00
>>> pos 11
id 11  pos  2053  spd     0  load    0  12.1 V  32 C  err 0x00
>>> pos 11
id 11  pos  2053  spd     0  load    0  12.1 V  32 C  err 0x00
>>> pos 11
id 11  pos  2053  spd     0  load    0  12.1 V  32 C  err 0x00
>>> pos 11
id 11  pos  2053  spd     0  load    0  12.1 V  32 C  err 0x00
>>> pos 11
id 11  pos  2053  spd     0  load    0  12.1 V  32 C  err 0x00
>>> pos 11
id 11  pos  2053  spd     0  load    0  12.1 V  32 C  err 0x00
>>> pos 11
id 11  pos  2053  spd     0  load    0  12.1 V  32 C  err 0x00
>>> pos 11
id 11  pos  2053  spd     0  load    0  12.1 V  32 C  err 0x00
>>> pos 11
id 11  pos  2053  spd     0  load    0  12.1 V  32 C  err 0x00
>>> pos 11
id 11  pos  2053  spd     0  load    0  12.1 V  32 C  err 0x00
>>> pos 11
id 11  pos  2053  spd     0  load    0  12.1 V  32 C  err 0x00
>>> pos 11
id 11  pos  2053  spd     0  load    0  12.1 V  32 C  err 0x00
>>> pos 11
id 11  pos  2053  spd     0  load    0  12.1 V  32 C  err 0x00
>>> pos 11
id 11  pos  2053  spd     0  load    0  12.1 V  32 C  err 0x00
>>> pos 11
id 11  pos  2053  spd     0  load    0  12.1 V  32 C  err 0x00
>>> pos 11
id 11  pos  2053  spd     0  load    0  12.1 V  32 C  err 0x00
>>> pos 11
id 11  pos  2053  spd     0  load    0  12.1 V  32 C  err 0x00
>>> pos 11
id 11  pos  2053  spd     0  load    0  12.1 V  32 C  err 0x00
>>> pos 11
id 11  pos  2053  spd     0  load    0  12.1 V  32 C  err 0x00
>>> pos 11
id 11  pos  2053  spd     0  load    0  12.1 V  32 C  err 0x00
>>> pos 11
id 11  pos  2053  spd     0  load    0  12.1 V  32 C  err 0x00
>>> pos 11
id 11  pos  2053  spd     0  load    0  12.1 V  32 C  err 0x00
>>> pos 11
id 11  pos  2053  spd     0  load    0  12.1 V  32 C  err 0x00
>>> pos 11
id 11  pos  2053  spd     0  load    0  12.1 V  32 C  err 0x00
>>> pos 11
id 11  pos  2053  spd     0  load    0  12.1 V  32 C  err 0x00
>>> pos 11
id 11  pos  2053  spd     0  load    0  12.1 V  32 C  err 0x00
>>> pos 11
id 11  pos  2053  spd     0  load    0  12.1 V  32 C  err 0x00
>>> pos 11
id 11  pos  2053  spd     0  load    0  12.1 V  32 C  err 0x00
>>> pos 11
id 11  pos  2053  spd     0  load    0  12.1 V  32 C  err 0x00
>>> pos 11
id 11  pos  2053  spd     0  load    0  12.6 V  32 C  err 0x00
>>> pos 11
id 11  pos  2053  spd     0  load    0  12.1 V  32 C  err 0x00
>>> pos 11
id 11  pos  2053  spd     0  load    0  12.1 V  32 C  err 0x00
>>> pos 11
id 11  pos  2053  spd     0  load    0  12.1 V  32 C  err 0x00
>>> pos 11
id 11  pos  2053  spd     0  load    0  12.1 V  32 C  err 0x00
>>> pos 11
id 11  pos  2053  spd     0  load    0  12.1 V  32 C  err 0x00
>>> pos 11
id 11  pos  2053  spd     0  load    0  12.1 V  32 C  err 0x00
>>> pos 11
id 11  pos  2053  spd     0  load    0  12.1 V  32 C  err 0x00
>>> pos 11
id 11  pos  2053  spd     0  load    0  12.1 V  32 C  err 0x00
>>> pos 11
id 11  pos  2053  spd     0  load    0  12.1 V  32 C  err 0x00
>>> pos 11
id 11  pos  2053  spd     0  load    0  12.1 V  32 C  err 0x00
>>> pos 11
id 11  pos  2053  spd     0  load    0  12.1 V  32 C  err 0x00
>>> pos 11
id 11  pos  2053  spd     0  load    0  12.1 V  32 C  err 0x00
>>> pos 11
id 11  pos  2053  spd     0  load    0  12.1 V  32 C  err 0x00
>>> pos 11
id 11  pos  2053  spd     0  load    0  12.1 V  32 C  err 0x00
>>> pos 11
id 11  pos  2053  spd     0  load    0  12.1 V  32 C  err 0x00
>>> pos 11
id 11  pos  2053  spd     0  load    0  12.1 V  32 C  err 0x00
>>> pos 11
id 11  pos  2053  spd     0  load    0  12.1 V  32 C  err 0x00
>>> pos 11
id 11  pos  2053  spd     0  load    0  12.1 V  32 C  err 0x00
>>> pos 11
id 11  pos  2053  spd     0  load    0  12.1 V  32 C  err 0x00
>>> pos 11
id 11  pos  2053  spd     0  load    0  12.1 V  32 C  err 0x00
>>> pos 11
id 11  pos  2053  spd     0  load    0  12.1 V  32 C  err 0x00
>>> pos 11
id 11  pos  2053  spd     0  load    0  12.1 V  32 C  err 0x00
>>> pos 11
id 11  pos  2053  spd     0  load    0  12.1 V  32 C  err 0x00
>>> pos 11
id 11  pos  2053  spd     0  load    0  12.1 V  32 C  err 0x00
>>> pos 11
id 11  pos  2053  spd     0  load    0  12.1 V  32 C  err 0x00
>>> pos 11
id 11  pos  2053  spd     0  load    0  12.1 V  32 C  err 0x00
>>> pos 11
id 11  pos  2053  spd     0  load    0  12.1 V  32 C  err 0x00
>>> pos 11
id 11  pos  2053  spd     0  load    0  12.1 V  32 C  err 0x00
>>> pos 11
id 11  pos  2053  spd     0  load    0  12.1 V  32 C  err 0x00
>>> pos 11
id 11  pos  2053  spd     0  load    0  12.1 V  32 C  err 0x00
>>> pos 11
id 11  pos  2053  spd     0  load    0  12.1 V  32 C  err 0x00
>>> pos 11
id 11  pos  2053  spd     0  load    0  12.1 V  32 C  err 0x00
>>> pos 11
id 11  pos  2053  spd     0  load    0  12.1 V  32 C  err 0x00
>>> pos 11
id 11  pos  2053  spd     0  load    0  12.1 V  32 C  err 0x00
>>> pos 11
id 11  pos  2053  spd     0  load    0  12.1 V  32 C  err 0x00
>>> pos 11
id 11  pos  2053  spd     0  load    0  12.1 V  32 C  err 0x00
>>> pos 11
id 11  pos  2053  spd     0  load    0  12.1 V  32 C  err 0x00
>>> pos 11
id 11  pos  2053  spd     0  load    0  12.1 V  32 C  err 0x00
>>> pos 11
id 11  pos  2053  spd     0  load    0  12.1 V  32 C  err 0x00
>>> pos 11
id 11  pos  2053  spd     0  load    0  12.1 V  32 C  err 0x00
>>> pos 11
id 11  pos  2053  spd     0  load    0  12.1 V  32 C  err 0x00
>>> pos 11
id 11  pos  2053  spd     0  load    0  12.1 V  32 C  err 0x00
>>> pos 11
id 11  pos  2053  spd     0  load    0  12.1 V  32 C  err 0x00
>>> pos 11
id 11  pos  2053  spd     0  load    0  12.1 V  32 C  err 0x00
>>> pos 11
id 11  pos  2053  spd     0  load    0  12.1 V  32 C  err 0x00
>>> pos 11
id 11  pos  2053  spd     0  load    0  12.1 V  32 C  err 0x00
>>> pos 11
id 11  pos  2053  spd     0  load    0  12.1 V  32 C  err 0x00
>>> release 11
release 11: ok
>>> release 11
release 11: ok
>>> gains 11 96 96
id 11: writing P 96 D 96 to EEPROM (torque must be OFF; no goal is written) ...
id 11: P 96 D 96, verified after commit -- safe to power down
  note: the robot EXPECTS P 32 D 32 on id 11 (servo_gains.h): arming refuses until they agree
>>> gains 11
id 11  P 96  D 96  I 0   expected P 32 D 32 -- MISMATCH
>>> pos 11
id 11  pos  2053  spd     0  load    0  12.1 V  32 C  err 0x00
>>> torque 11
torque 11: ok
>>> pos 11
id 11  pos  2053  spd     0  load    0  12.1 V  32 C  err 0x00
>>> move 11 2052 0 100
move id 11 -> 2052 ticks, 0 ms, spd 100, acc 0: ok
>>> pos 11
id 11  pos  2053  spd     0  load    0  12.1 V  32 C  err 0x00
>>> pos 11
id 11  pos  2053  spd     0  load    0  12.1 V  32 C  err 0x00
>>> pos 11
id 11  pos  2053  spd     0  load    0  12.1 V  32 C  err 0x00
>>> pos 11
id 11  pos  2053  spd     0  load    0  12.1 V  32 C  err 0x00
>>> pos 11
id 11  pos  2053  spd     0  load    0  12.1 V  32 C  err 0x00
>>> pos 11
id 11  pos  2053  spd     0  load    0  12.1 V  32 C  err 0x00
>>> pos 11
id 11  pos  2053  spd     0  load    0  12.1 V  32 C  err 0x00
>>> pos 11
id 11  pos  2053  spd     0  load    0  12.1 V  32 C  err 0x00
>>> pos 11
id 11  pos  2053  spd     0  load    0  12.1 V  32 C  err 0x00
>>> pos 11
id 11  pos  2053  spd     0  load    0  12.1 V  32 C  err 0x00
>>> pos 11
id 11  pos  2053  spd     0  load    0  12.1 V  32 C  err 0x00
>>> pos 11
id 11  pos  2053  spd     0  load    0  12.1 V  32 C  err 0x00
>>> pos 11
id 11  pos  2053  spd     0  load    0  12.1 V  32 C  err 0x00
>>> pos 11
id 11  pos  2053  spd     0  load    0  12.1 V  32 C  err 0x00
>>> pos 11
id 11  pos  2053  spd     0  load    0  12.1 V  32 C  err 0x00
>>> pos 11
id 11  pos  2053  spd     0  load    0  12.1 V  32 C  err 0x00
>>> pos 11
id 11  pos  2053  spd     0  load    0  12.1 V  32 C  err 0x00
>>> pos 11
id 11  pos  2053  spd     0  load    0  12.1 V  32 C  err 0x00
>>> pos 11
id 11  pos  2053  spd     0  load    0  12.1 V  32 C  err 0x00
>>> pos 11
id 11  pos  2053  spd     0  load    0  12.1 V  32 C  err 0x00
>>> pos 11
id 11  pos  2053  spd     0  load    0  12.1 V  32 C  err 0x00
>>> pos 11
id 11  pos  2053  spd     0  load    0  12.1 V  32 C  err 0x00
>>> pos 11
id 11  pos  2053  spd     0  load    0  12.1 V  32 C  err 0x00
>>> pos 11
id 11  pos  2053  spd     0  load    0  12.1 V  32 C  err 0x00
>>> pos 11
id 11  pos  2053  spd     0  load    0  12.1 V  32 C  err 0x00
>>> pos 11
id 11  pos  2053  spd     0  load    0  12.1 V  32 C  err 0x00
>>> pos 11
id 11  pos  2053  spd     0  load    0  12.1 V  32 C  err 0x00
>>> pos 11
id 11  pos  2053  spd     0  load    0  12.1 V  32 C  err 0x00
>>> pos 11
id 11  pos  2053  spd     0  load    0  12.1 V  32 C  err 0x00
>>> pos 11
id 11  pos  2053  spd     0  load    0  12.1 V  32 C  err 0x00
>>> pos 11
id 11  pos  2053  spd     0  load    0  12.1 V  32 C  err 0x00
>>> pos 11
id 11  pos  2053  spd     0  load    0  12.1 V  32 C  err 0x00
>>> pos 11
id 11  pos  2053  spd     0  load    0  12.1 V  32 C  err 0x00
>>> pos 11
id 11  pos  2053  spd     0  load    0  12.1 V  32 C  err 0x00
>>> pos 11
id 11  pos  2053  spd     0  load    0  12.1 V  32 C  err 0x00
>>> pos 11
id 11  pos  2053  spd     0  load    0  12.1 V  32 C  err 0x00
>>> pos 11
id 11  pos  2053  spd     0  load    0  12.1 V  32 C  err 0x00
>>> pos 11
id 11  pos  2053  spd     0  load    0  12.1 V  32 C  err 0x00
>>> pos 11
id 11  pos  2053  spd     0  load    0  12.1 V  32 C  err 0x00
>>> pos 11
id 11  pos  2053  spd     0  load    0  12.1 V  32 C  err 0x00
>>> pos 11
id 11  pos  2053  spd     0  load    0  12.1 V  32 C  err 0x00
>>> pos 11
id 11  pos  2053  spd     0  load    0  12.1 V  32 C  err 0x00
>>> pos 11
id 11  pos  2053  spd     0  load    0  12.1 V  32 C  err 0x00
>>> pos 11
id 11  pos  2053  spd     0  load    0  12.1 V  32 C  err 0x00
>>> pos 11
id 11  pos  2053  spd     0  load    0  12.1 V  32 C  err 0x00
>>> pos 11
id 11  pos  2053  spd     0  load    0  12.1 V  32 C  err 0x00
>>> pos 11
id 11  pos  2053  spd     0  load    0  12.1 V  32 C  err 0x00
>>> pos 11
id 11  pos  2053  spd     0  load    0  12.1 V  32 C  err 0x00
>>> pos 11
id 11  pos  2053  spd     0  load    0  12.1 V  32 C  err 0x00
>>> pos 11
id 11  pos  2053  spd     0  load    0  12.1 V  32 C  err 0x00
>>> pos 11
id 11  pos  2053  spd     0  load    0  12.1 V  32 C  err 0x00
>>> pos 11
id 11  pos  2053  spd     0  load    0  12.1 V  32 C  err 0x00
>>> pos 11
id 11  pos  2053  spd     0  load    0  12.1 V  32 C  err 0x00
>>> pos 11
id 11  pos  2053  spd     0  load    0  12.1 V  32 C  err 0x00
>>> pos 11
id 11  pos  2053  spd     0  load    0  12.1 V  32 C  err 0x00
>>> pos 11
id 11  pos  2053  spd     0  load    0  12.1 V  32 C  err 0x00
>>> pos 11
id 11  pos  2053  spd     0  load    0  12.1 V  32 C  err 0x00
>>> pos 11
id 11  pos  2053  spd     0  load    0  12.1 V  32 C  err 0x00
>>> pos 11
id 11  pos  2053  spd     0  load    0  12.1 V  32 C  err 0x00
>>> pos 11
id 11  pos  2053  spd     0  load    0  12.1 V  32 C  err 0x00
>>> pos 11
id 11  pos  2053  spd     0  load    0  12.1 V  32 C  err 0x00
>>> pos 11
id 11  pos  2053  spd     0  load    0  12.1 V  32 C  err 0x00
>>> pos 11
id 11  pos  2053  spd     0  load    0  12.1 V  32 C  err 0x00
>>> pos 11
id 11  pos  2053  spd     0  load    0  12.1 V  32 C  err 0x00
>>> pos 11
id 11  pos  2053  spd     0  load    0  12.1 V  32 C  err 0x00
>>> pos 11
id 11  pos  2053  spd     0  load    0  12.1 V  32 C  err 0x00
>>> pos 11
id 11  pos  2053  spd     0  load    0  12.1 V  32 C  err 0x00
>>> pos 11
id 11  pos  2053  spd     0  load    0  12.1 V  32 C  err 0x00
>>> pos 11
id 11  pos  2053  spd     0  load    0  12.1 V  32 C  err 0x00
>>> pos 11
id 11  pos  2053  spd     0  load    0  12.1 V  32 C  err 0x00
>>> pos 11
id 11  pos  2053  spd     0  load    0  12.1 V  32 C  err 0x00
>>> pos 11
id 11  pos  2053  spd     0  load    0  12.1 V  32 C  err 0x00
>>> pos 11
id 11  pos  2053  spd     0  load    0  12.1 V  32 C  err 0x00
>>> pos 11
id 11  pos  2053  spd     0  load    0  12.1 V  32 C  err 0x00
>>> pos 11
id 11  pos  2053  spd     0  load    0  12.1 V  32 C  err 0x00
>>> pos 11
id 11  pos  2053  spd     0  load    0  12.1 V  32 C  err 0x00
>>> pos 11
id 11  pos  2053  spd     0  load    0  12.1 V  32 C  err 0x00
>>> pos 11
id 11  pos  2053  spd     0  load    0  12.1 V  32 C  err 0x00
>>> pos 11
id 11  pos  2053  spd     0  load    0  12.1 V  32 C  err 0x00
>>> pos 11
id 11  pos  2053  spd     0  load    0  12.1 V  32 C  err 0x00
>>> pos 11
id 11  pos  2053  spd     0  load    0  12.1 V  32 C  err 0x00
>>> pos 11
id 11  pos  2053  spd     0  load    0  12.1 V  32 C  err 0x00
>>> pos 11
id 11  pos  2053  spd     0  load    0  12.1 V  32 C  err 0x00
>>> pos 11
id 11  pos  2053  spd     0  load    0  12.1 V  32 C  err 0x00
>>> pos 11
id 11  pos  2053  spd     0  load    0  12.1 V  32 C  err 0x00
>>> pos 11
id 11  pos  2053  spd     0  load    0  12.1 V  32 C  err 0x00
>>> pos 11
id 11  pos  2053  spd     0  load    0  12.1 V  32 C  err 0x00
>>> pos 11
id 11  pos  2053  spd     0  load    0  12.1 V  32 C  err 0x00
>>> pos 11
id 11  pos  2053  spd     0  load    0  12.1 V  32 C  err 0x00
>>> pos 11
id 11  pos  2053  spd     0  load    0  12.1 V  32 C  err 0x00
>>> pos 11
id 11  pos  2053  spd     0  load    0  12.1 V  32 C  err 0x00
>>> pos 11
id 11  pos  2053  spd     0  load    0  12.1 V  32 C  err 0x00
>>> pos 11
id 11  pos  2053  spd     0  load    0  12.1 V  32 C  err 0x00
>>> pos 11
id 11  pos  2053  spd     0  load    0  12.1 V  32 C  err 0x00
>>> pos 11
id 11  pos  2053  spd     0  load    0  12.1 V  32 C  err 0x00
>>> pos 11
id 11  pos  2053  spd     0  load    0  12.1 V  32 C  err 0x00
>>> pos 11
id 11  pos  2053  spd     0  load    0  12.1 V  32 C  err 0x00
>>> pos 11
id 11  pos  2053  spd     0  load    0  12.1 V  32 C  err 0x00
>>> pos 11
id 11  pos  2053  spd     0  load    0  12.1 V  32 C  err 0x00
>>> pos 11
id 11  pos  2053  spd     0  load    0  12.1 V  32 C  err 0x00
>>> pos 11
id 11  pos  2053  spd     0  load    0  12.1 V  32 C  err 0x00
>>> pos 11
id 11  pos  2053  spd     0  load    0  12.1 V  32 C  err 0x00
>>> pos 11
id 11  pos  2053  spd     0  load    0  12.1 V  32 C  err 0x00
>>> pos 11
id 11  pos  2053  spd     0  load    0  12.1 V  32 C  err 0x00
>>> pos 11
id 11  pos  2053  spd     0  load    0  12.1 V  32 C  err 0x00
>>> pos 11
id 11  pos  2053  spd     0  load    0  12.1 V  32 C  err 0x00
>>> pos 11
id 11  pos  2053  spd     0  load    0  12.1 V  32 C  err 0x00
>>> pos 11
id 11  pos  2053  spd     0  load    0  12.1 V  32 C  err 0x00
>>> pos 11
id 11  pos  2053  spd     0  load    0  12.1 V  32 C  err 0x00
>>> pos 11
id 11  pos  2053  spd     0  load    0  12.1 V  32 C  err 0x00
>>> pos 11
id 11  pos  2053  spd     0  load    0  12.1 V  32 C  err 0x00
>>> pos 11
id 11  pos  2053  spd     0  load    0  12.1 V  32 C  err 0x00
>>> pos 11
id 11  pos  2053  spd     0  load    0  12.1 V  32 C  err 0x00
>>> pos 11
id 11  pos  2053  spd     0  load    0  12.1 V  32 C  err 0x00
>>> pos 11
id 11  pos  2053  spd     0  load    0  12.1 V  32 C  err 0x00
>>> pos 11
id 11  pos  2053  spd     0  load    0  12.1 V  32 C  err 0x00
>>> pos 11
id 11  pos  2053  spd     0  load    0  12.1 V  32 C  err 0x00
>>> pos 11
id 11  pos  2053  spd     0  load    0  12.1 V  32 C  err 0x00
>>> pos 11
id 11  pos  2053  spd     0  load    0  12.1 V  32 C  err 0x00
>>> pos 11
id 11  pos  2053  spd     0  load    0  12.1 V  32 C  err 0x00
>>> pos 11
id 11  pos  2053  spd     0  load    0  12.1 V  32 C  err 0x00
>>> pos 11
id 11  pos  2053  spd     0  load    0  12.1 V  32 C  err 0x00
>>> pos 11
id 11  pos  2053  spd     0  load    0  12.1 V  32 C  err 0x00
>>> pos 11
id 11  pos  2053  spd     0  load    0  12.1 V  32 C  err 0x00
>>> pos 11
id 11  pos  2053  spd     0  load    0  12.1 V  32 C  err 0x00
>>> pos 11
id 11  pos  2053  spd     0  load    0  12.1 V  32 C  err 0x00
>>> pos 11
id 11  pos  2053  spd     0  load    0  12.1 V  32 C  err 0x00
>>> pos 11
id 11  pos  2053  spd     0  load    0  12.1 V  32 C  err 0x00
>>> pos 11
id 11  pos  2053  spd     0  load    0  12.1 V  32 C  err 0x00
>>> pos 11
id 11  pos  2053  spd     0  load    0  12.1 V  32 C  err 0x00
>>> pos 11
id 11  pos  2053  spd     0  load    0  12.1 V  32 C  err 0x00
>>> pos 11
id 11  pos  2053  spd     0  load    0  12.1 V  32 C  err 0x00
>>> pos 11
id 11  pos  2053  spd     0  load    0  12.1 V  32 C  err 0x00
>>> pos 11
id 11  pos  2053  spd     0  load    0  12.1 V  32 C  err 0x00
>>> pos 11
id 11  pos  2053  spd     0  load    0  12.1 V  32 C  err 0x00
>>> pos 11
id 11  pos  2053  spd     0  load    0  12.1 V  31 C  err 0x00
>>> pos 11
id 11  pos  2053  spd     0  load    0  12.1 V  32 C  err 0x00
>>> pos 11
id 11  pos  2053  spd     0  load    0  12.1 V  32 C  err 0x00
>>> pos 11
id 11  pos  2053  spd     0  load    0  12.1 V  32 C  err 0x00
>>> pos 11
id 11  pos  2053  spd     0  load    0  12.1 V  32 C  err 0x00
>>> pos 11
id 11  pos  2053  spd     0  load    0  12.1 V  32 C  err 0x00
>>> pos 11
id 11  pos  2053  spd     0  load    0  12.1 V  32 C  err 0x00
>>> pos 11
id 11  pos  2053  spd     0  load    0  12.1 V  32 C  err 0x00
>>> pos 11
id 11  pos  2053  spd     0  load    0  12.1 V  32 C  err 0x00
>>> pos 11
id 11  pos  2053  spd     0  load    0  12.1 V  32 C  err 0x00
>>> pos 11
id 11  pos  2053  spd     0  load    0  12.1 V  32 C  err 0x00
>>> pos 11
id 11  pos  2053  spd     0  load    0  12.1 V  32 C  err 0x00
>>> pos 11
id 11  pos  2053  spd     0  load    0  12.1 V  32 C  err 0x00
>>> pos 11
id 11  pos  2053  spd     0  load    0  12.1 V  32 C  err 0x00
>>> pos 11
id 11  pos  2053  spd     0  load    0  12.1 V  32 C  err 0x00
>>> pos 11
id 11  pos  2053  spd     0  load    0  12.1 V  32 C  err 0x00
>>> pos 11
id 11  pos  2053  spd     0  load    0  12.1 V  32 C  err 0x00
>>> move 11 2075 0 0
move id 11 -> 2075 ticks, 0 ms, spd 0, acc 0: ok
>>> pos 11
id 11  pos  2053  spd     0  load  -40  12.1 V  32 C  err 0x00
>>> pos 11
id 11  pos  2058  spd   250  load -184  12.1 V  32 C  err 0x00
>>> pos 11
id 11  pos  2070  spd   450  load   28  12.1 V  32 C  err 0x00
>>> pos 11
id 11  pos  2073  spd    50  load  -40  12.1 V  32 C  err 0x00
>>> pos 11
id 11  pos  2075  spd     0  load   40  12.1 V  32 C  err 0x00
>>> pos 11
id 11  pos  2074  spd   -50  load    0  12.1 V  32 C  err 0x00
>>> pos 11
id 11  pos  2074  spd     0  load    0  12.1 V  32 C  err 0x00
>>> pos 11
id 11  pos  2074  spd     0  load    0  12.1 V  32 C  err 0x00
>>> pos 11
id 11  pos  2074  spd     0  load    0  12.1 V  32 C  err 0x00
>>> pos 11
id 11  pos  2074  spd     0  load    0  12.1 V  32 C  err 0x00
>>> pos 11
id 11  pos  2074  spd     0  load    0  12.1 V  32 C  err 0x00
>>> pos 11
id 11  pos  2074  spd     0  load    0  12.1 V  32 C  err 0x00
>>> pos 11
id 11  pos  2074  spd     0  load    0  12.1 V  32 C  err 0x00
>>> pos 11
id 11  pos  2074  spd     0  load    0  12.1 V  32 C  err 0x00
>>> pos 11
id 11  pos  2074  spd     0  load    0  12.1 V  32 C  err 0x00
>>> pos 11
id 11  pos  2074  spd     0  load    0  12.1 V  32 C  err 0x00
>>> pos 11
id 11  pos  2074  spd     0  load    0  12.1 V  32 C  err 0x00
>>> pos 11
id 11  pos  2074  spd     0  load    0  12.1 V  32 C  err 0x00
>>> pos 11
id 11  pos  2074  spd     0  load    0  12.1 V  32 C  err 0x00
>>> pos 11
id 11  pos  2074  spd     0  load    0  12.1 V  32 C  err 0x00
>>> pos 11
id 11  pos  2074  spd     0  load    0  12.1 V  32 C  err 0x00
>>> pos 11
id 11  pos  2074  spd     0  load    0  12.1 V  32 C  err 0x00
>>> pos 11
id 11  pos  2074  spd     0  load    0  12.1 V  32 C  err 0x00
>>> pos 11
id 11  pos  2074  spd     0  load    0  12.1 V  32 C  err 0x00
>>> pos 11
id 11  pos  2074  spd     0  load    0  12.1 V  32 C  err 0x00
>>> pos 11
id 11  pos  2074  spd     0  load    0  12.1 V  32 C  err 0x00
>>> pos 11
id 11  pos  2074  spd     0  load    0  12.1 V  32 C  err 0x00
>>> pos 11
id 11  pos  2074  spd     0  load    0  12.1 V  32 C  err 0x00
>>> pos 11
id 11  pos  2074  spd     0  load    0  12.1 V  32 C  err 0x00
>>> pos 11
id 11  pos  2074  spd     0  load    0  12.1 V  32 C  err 0x00
>>> pos 11
id 11  pos  2074  spd     0  load    0  12.1 V  32 C  err 0x00
>>> pos 11
id 11  pos  2074  spd     0  load    0  12.1 V  32 C  err 0x00
>>> pos 11
id 11  pos  2074  spd     0  load    0  12.1 V  32 C  err 0x00
>>> pos 11
id 11  pos  2074  spd     0  load    0  12.1 V  32 C  err 0x00
>>> pos 11
id 11  pos  2074  spd     0  load    0  12.1 V  32 C  err 0x00
>>> pos 11
id 11  pos  2074  spd     0  load    0  12.1 V  32 C  err 0x00
>>> pos 11
id 11  pos  2074  spd     0  load    0  12.1 V  32 C  err 0x00
>>> pos 11
id 11  pos  2074  spd     0  load    0  12.1 V  32 C  err 0x00
>>> pos 11
id 11  pos  2074  spd     0  load    0  12.1 V  32 C  err 0x00
>>> pos 11
id 11  pos  2074  spd     0  load    0  12.1 V  32 C  err 0x00
>>> pos 11
id 11  pos  2074  spd     0  load    0  12.1 V  32 C  err 0x00
>>> pos 11
id 11  pos  2074  spd     0  load    0  12.1 V  32 C  err 0x00
>>> pos 11
id 11  pos  2074  spd     0  load    0  12.1 V  32 C  err 0x00
>>> pos 11
id 11  pos  2074  spd     0  load    0  12.1 V  32 C  err 0x00
>>> pos 11
id 11  pos  2074  spd     0  load    0  12.1 V  32 C  err 0x00
>>> pos 11
id 11  pos  2074  spd     0  load    0  12.1 V  32 C  err 0x00
>>> pos 11
id 11  pos  2074  spd     0  load    0  12.1 V  32 C  err 0x00
>>> pos 11
id 11  pos  2074  spd     0  load    0  12.1 V  32 C  err 0x00
>>> pos 11
id 11  pos  2074  spd     0  load    0  12.1 V  32 C  err 0x00
>>> pos 11
id 11  pos  2074  spd     0  load    0  12.1 V  32 C  err 0x00
>>> pos 11
id 11  pos  2074  spd     0  load    0  12.1 V  32 C  err 0x00
>>> pos 11
id 11  pos  2074  spd     0  load    0  12.1 V  32 C  err 0x00
>>> pos 11
id 11  pos  2074  spd     0  load    0  12.1 V  32 C  err 0x00
>>> pos 11
id 11  pos  2074  spd     0  load    0  12.1 V  32 C  err 0x00
>>> pos 11
id 11  pos  2074  spd     0  load    0  12.1 V  32 C  err 0x00
>>> pos 11
id 11  pos  2074  spd     0  load    0  12.1 V  32 C  err 0x00
>>> pos 11
id 11  pos  2074  spd     0  load    0  12.1 V  32 C  err 0x00
>>> pos 11
id 11  pos  2074  spd     0  load    0  12.1 V  32 C  err 0x00
>>> pos 11
id 11  pos  2074  spd     0  load    0  12.1 V  32 C  err 0x00
>>> pos 11
id 11  pos  2074  spd     0  load    0  12.1 V  32 C  err 0x00
>>> pos 11
id 11  pos  2074  spd     0  load    0  12.1 V  32 C  err 0x00
>>> pos 11
id 11  pos  2074  spd     0  load    0  12.1 V  32 C  err 0x00
>>> pos 11
id 11  pos  2074  spd     0  load    0  12.1 V  32 C  err 0x00
>>> pos 11
id 11  pos  2074  spd     0  load    0  12.1 V  32 C  err 0x00
>>> pos 11
id 11  pos  2074  spd     0  load    0  12.1 V  32 C  err 0x00
>>> pos 11
id 11  pos  2074  spd     0  load    0  12.1 V  32 C  err 0x00
>>> pos 11
id 11  pos  2074  spd     0  load    0  12.1 V  32 C  err 0x00
>>> pos 11
id 11  pos  2074  spd     0  load    0  12.1 V  32 C  err 0x00
>>> pos 11
id 11  pos  2074  spd     0  load    0  12.1 V  32 C  err 0x00
>>> pos 11
id 11  pos  2074  spd     0  load    0  12.1 V  32 C  err 0x00
>>> pos 11
id 11  pos  2074  spd     0  load    0  12.1 V  32 C  err 0x00
>>> pos 11
id 11  pos  2074  spd     0  load    0  12.1 V  32 C  err 0x00
>>> pos 11
id 11  pos  2074  spd     0  load    0  12.1 V  32 C  err 0x00
>>> pos 11
id 11  pos  2074  spd     0  load    0  12.1 V  32 C  err 0x00
>>> pos 11
id 11  pos  2074  spd     0  load    0  12.1 V  32 C  err 0x00
>>> pos 11
id 11  pos  2074  spd     0  load    0  12.1 V  32 C  err 0x00
>>> pos 11
id 11  pos  2074  spd     0  load    0  12.1 V  32 C  err 0x00
>>> pos 11
id 11  pos  2074  spd     0  load    0  12.1 V  32 C  err 0x00
>>> pos 11
id 11  pos  2074  spd     0  load    0  12.1 V  32 C  err 0x00
>>> pos 11
id 11  pos  2074  spd     0  load    0  12.1 V  32 C  err 0x00
>>> pos 11
id 11  pos  2074  spd     0  load    0  12.1 V  32 C  err 0x00
>>> pos 11
id 11  pos  2074  spd     0  load    0  12.1 V  32 C  err 0x00
>>> pos 11
id 11  pos  2074  spd     0  load    0  12.1 V  32 C  err 0x00
>>> pos 11
id 11  pos  2074  spd     0  load    0  12.1 V  32 C  err 0x00
>>> pos 11
id 11  pos  2074  spd     0  load    0  12.1 V  32 C  err 0x00
>>> pos 11
id 11  pos  2074  spd     0  load    0  12.1 V  32 C  err 0x00
>>> pos 11
id 11  pos  2074  spd     0  load    0  12.1 V  32 C  err 0x00
>>> pos 11
id 11  pos  2074  spd     0  load    0  12.1 V  32 C  err 0x00
>>> pos 11
id 11  pos  2074  spd     0  load    0  12.1 V  32 C  err 0x00
>>> pos 11
id 11  pos  2074  spd     0  load    0  12.1 V  32 C  err 0x00
>>> pos 11
id 11  pos  2074  spd     0  load    0  12.1 V  32 C  err 0x00
>>> move 11 2052 0 0
move id 11 -> 2052 ticks, 0 ms, spd 0, acc 0: ok
>>> pos 11
id 11  pos  2074  spd     0  load   64  12.1 V  32 C  err 0x00
>>> pos 11
id 11  pos  2068  spd  -150  load  172  12.1 V  32 C  err 0x00
>>> pos 11
id 11  pos  2056  spd  -350  load    0  12.1 V  32 C  err 0x00
>>> pos 11
id 11  pos  2054  spd     0  load   64  12.1 V  32 C  err 0x00
>>> pos 11
id 11  pos  2052  spd   -50  load    0  12.1 V  32 C  err 0x00
>>> pos 11
id 11  pos  2052  spd     0  load    0  12.1 V  32 C  err 0x00
>>> pos 11
id 11  pos  2052  spd     0  load    0  12.1 V  32 C  err 0x00
>>> pos 11
id 11  pos  2052  spd     0  load    0  12.1 V  32 C  err 0x00
>>> pos 11
id 11  pos  2052  spd     0  load    0  12.1 V  32 C  err 0x00
>>> pos 11
id 11  pos  2052  spd     0  load    0  12.1 V  32 C  err 0x00
>>> pos 11
id 11  pos  2052  spd     0  load    0  12.1 V  32 C  err 0x00
>>> pos 11
id 11  pos  2052  spd     0  load    0  12.1 V  32 C  err 0x00
>>> pos 11
id 11  pos  2052  spd     0  load    0  12.1 V  32 C  err 0x00
>>> pos 11
id 11  pos  2052  spd     0  load    0  12.6 V  32 C  err 0x00
>>> pos 11
id 11  pos  2052  spd     0  load    0  12.1 V  32 C  err 0x00
>>> pos 11
id 11  pos  2052  spd     0  load    0  12.1 V  32 C  err 0x00
>>> pos 11
id 11  pos  2052  spd     0  load    0  12.1 V  32 C  err 0x00
>>> pos 11
id 11  pos  2052  spd     0  load    0  12.1 V  32 C  err 0x00
>>> pos 11
id 11  pos  2052  spd     0  load    0  12.1 V  32 C  err 0x00
>>> pos 11
id 11  pos  2052  spd     0  load    0  12.1 V  32 C  err 0x00
>>> pos 11
id 11  pos  2052  spd     0  load    0  12.1 V  32 C  err 0x00
>>> pos 11
id 11  pos  2052  spd     0  load    0  12.1 V  32 C  err 0x00
>>> pos 11
id 11  pos  2052  spd     0  load    0  12.1 V  32 C  err 0x00
>>> pos 11
id 11  pos  2052  spd     0  load    0  12.1 V  32 C  err 0x00
>>> pos 11
id 11  pos  2052  spd     0  load    0  12.1 V  32 C  err 0x00
>>> pos 11
id 11  pos  2052  spd     0  load    0  12.1 V  32 C  err 0x00
>>> pos 11
id 11  pos  2052  spd     0  load    0  12.1 V  32 C  err 0x00
>>> pos 11
id 11  pos  2052  spd     0  load    0  12.1 V  32 C  err 0x00
>>> pos 11
id 11  pos  2052  spd     0  load    0  12.1 V  32 C  err 0x00
>>> pos 11
id 11  pos  2052  spd     0  load    0  12.1 V  32 C  err 0x00
>>> pos 11
id 11  pos  2052  spd     0  load    0  12.1 V  32 C  err 0x00
>>> pos 11
id 11  pos  2052  spd     0  load    0  12.1 V  32 C  err 0x00
>>> pos 11
id 11  pos  2052  spd     0  load    0  12.1 V  32 C  err 0x00
>>> pos 11
id 11  pos  2052  spd     0  load    0  12.1 V  32 C  err 0x00
>>> pos 11
id 11  pos  2052  spd     0  load    0  12.1 V  32 C  err 0x00
>>> pos 11
id 11  pos  2052  spd     0  load    0  12.1 V  32 C  err 0x00
>>> pos 11
id 11  pos  2052  spd     0  load    0  12.1 V  32 C  err 0x00
>>> pos 11
id 11  pos  2052  spd     0  load    0  12.1 V  32 C  err 0x00
>>> pos 11
id 11  pos  2052  spd     0  load    0  12.1 V  32 C  err 0x00
>>> pos 11
id 11  pos  2052  spd     0  load    0  12.1 V  32 C  err 0x00
>>> pos 11
id 11  pos  2052  spd     0  load    0  12.1 V  32 C  err 0x00
>>> pos 11
id 11  pos  2052  spd     0  load    0  12.1 V  32 C  err 0x00
>>> pos 11
id 11  pos  2052  spd     0  load    0  12.1 V  32 C  err 0x00
>>> pos 11
id 11  pos  2052  spd     0  load    0  12.1 V  32 C  err 0x00
>>> pos 11
id 11  pos  2052  spd     0  load    0  12.1 V  32 C  err 0x00
>>> pos 11
id 11  pos  2052  spd     0  load    0  12.1 V  32 C  err 0x00
>>> pos 11
id 11  pos  2052  spd     0  load    0  12.1 V  32 C  err 0x00
>>> pos 11
id 11  pos  2052  spd     0  load    0  12.1 V  32 C  err 0x00
>>> pos 11
id 11  pos  2052  spd     0  load    0  12.1 V  32 C  err 0x00
>>> pos 11
id 11  pos  2052  spd     0  load    0  12.1 V  32 C  err 0x00
>>> pos 11
id 11  pos  2052  spd     0  load    0  12.1 V  32 C  err 0x00
>>> pos 11
id 11  pos  2052  spd     0  load    0  12.1 V  32 C  err 0x00
>>> pos 11
id 11  pos  2052  spd     0  load    0  12.1 V  32 C  err 0x00
>>> pos 11
id 11  pos  2052  spd     0  load    0  12.1 V  32 C  err 0x00
>>> pos 11
id 11  pos  2052  spd     0  load    0  12.1 V  32 C  err 0x00
>>> pos 11
id 11  pos  2052  spd     0  load    0  12.1 V  32 C  err 0x00
>>> pos 11
id 11  pos  2052  spd     0  load    0  12.1 V  32 C  err 0x00
>>> pos 11
id 11  pos  2052  spd     0  load    0  12.1 V  32 C  err 0x00
>>> pos 11
id 11  pos  2052  spd     0  load    0  12.1 V  32 C  err 0x00
>>> pos 11
id 11  pos  2052  spd     0  load    0  12.1 V  32 C  err 0x00
>>> pos 11
id 11  pos  2052  spd     0  load    0  12.1 V  32 C  err 0x00
>>> pos 11
id 11  pos  2052  spd     0  load    0  12.1 V  32 C  err 0x00
>>> pos 11
id 11  pos  2052  spd     0  load    0  12.1 V  32 C  err 0x00
>>> pos 11
id 11  pos  2052  spd     0  load    0  12.1 V  32 C  err 0x00
>>> pos 11
id 11  pos  2052  spd     0  load    0  12.1 V  32 C  err 0x00
>>> pos 11
id 11  pos  2052  spd     0  load    0  12.1 V  32 C  err 0x00
>>> pos 11
id 11  pos  2052  spd     0  load    0  12.1 V  32 C  err 0x00
>>> pos 11
id 11  pos  2052  spd     0  load    0  12.1 V  32 C  err 0x00
>>> pos 11
id 11  pos  2052  spd     0  load    0  12.1 V  32 C  err 0x00
>>> pos 11
id 11  pos  2052  spd     0  load    0  12.1 V  32 C  err 0x00
>>> pos 11
id 11  pos  2052  spd     0  load    0  12.1 V  32 C  err 0x00
>>> pos 11
id 11  pos  2052  spd     0  load    0  12.1 V  32 C  err 0x00
>>> pos 11
id 11  pos  2052  spd     0  load    0  12.1 V  32 C  err 0x00
>>> pos 11
id 11  pos  2052  spd     0  load    0  12.1 V  32 C  err 0x00
>>> pos 11
id 11  pos  2052  spd     0  load    0  12.1 V  32 C  err 0x00
>>> pos 11
id 11  pos  2052  spd     0  load    0  12.1 V  32 C  err 0x00
>>> pos 11
id 11  pos  2052  spd     0  load    0  12.1 V  32 C  err 0x00
>>> pos 11
id 11  pos  2052  spd     0  load    0  12.1 V  32 C  err 0x00
>>> pos 11
id 11  pos  2052  spd     0  load    0  12.1 V  32 C  err 0x00
>>> pos 11
id 11  pos  2052  spd     0  load    0  12.1 V  32 C  err 0x00
>>> pos 11
id 11  pos  2052  spd     0  load    0  12.1 V  32 C  err 0x00
>>> pos 11
id 11  pos  2052  spd     0  load    0  12.1 V  32 C  err 0x00
>>> pos 11
id 11  pos  2052  spd     0  load    0  12.1 V  32 C  err 0x00
>>> pos 11
id 11  pos  2052  spd     0  load    0  12.1 V  32 C  err 0x00
>>> pos 11
id 11  pos  2052  spd     0  load    0  12.1 V  32 C  err 0x00
>>> pos 11
id 11  pos  2052  spd     0  load    0  12.1 V  32 C  err 0x00
>>> pos 11
id 11  pos  2052  spd     0  load    0  12.1 V  32 C  err 0x00
>>> pos 11
id 11  pos  2052  spd     0  load    0  12.1 V  32 C  err 0x00
>>> pos 11
id 11  pos  2052  spd     0  load    0  12.1 V  32 C  err 0x00
>>> pos 11
id 11  pos  2052  spd     0  load    0  12.1 V  32 C  err 0x00
>>> pos 11
id 11  pos  2052  spd     0  load    0  12.1 V  32 C  err 0x00
>>> release 11
release 11: ok
>>> release 11
release 11: ok
>>> gains 11 128 128
id 11: writing P 128 D 128 to EEPROM (torque must be OFF; no goal is written) ...
id 11: FAILED (write-failed) -- EEPROM re-lock attempted; `gains 11` to see what the servo holds
>>> gains 11
id 11  P 128  D 128  I 0   expected P 32 D 32 -- MISMATCH
>>> reg 11 55 1
id 11 reg 55 = 1 (0x01)
# gains 128/128 FAILED (attempt 1); read back P 128 D 128, lock 1
>>> pos 11
id 11  pos  2052  spd     0  load    0  12.1 V  32 C  err 0x00
>>> torque 11
torque 11: ok
>>> pos 11
id 11  pos  2052  spd     0  load    0  12.1 V  32 C  err 0x00
>>> move 11 2052 0 100
move id 11 -> 2052 ticks, 0 ms, spd 100, acc 0: ok
>>> pos 11
id 11  pos  2052  spd     0  load    0  12.1 V  32 C  err 0x00
>>> pos 11
id 11  pos  2052  spd     0  load    0  12.1 V  32 C  err 0x00
>>> pos 11
id 11  pos  2052  spd     0  load    0  12.1 V  32 C  err 0x00
>>> pos 11
id 11  pos  2052  spd     0  load    0  12.1 V  32 C  err 0x00
>>> pos 11
id 11  pos  2052  spd     0  load    0  12.1 V  32 C  err 0x00
>>> pos 11
id 11  pos  2052  spd     0  load    0  12.1 V  32 C  err 0x00
>>> pos 11
id 11  pos  2052  spd     0  load    0  12.1 V  32 C  err 0x00
>>> pos 11
id 11  pos  2052  spd     0  load    0  12.1 V  32 C  err 0x00
>>> pos 11
id 11  pos  2052  spd     0  load    0  12.1 V  32 C  err 0x00
>>> pos 11
id 11  pos  2052  spd     0  load    0  12.1 V  32 C  err 0x00
>>> pos 11
id 11  pos  2052  spd     0  load    0  12.1 V  32 C  err 0x00
>>> pos 11
id 11  pos  2052  spd     0  load    0  12.1 V  32 C  err 0x00
>>> pos 11
id 11  pos  2052  spd     0  load    0  12.1 V  32 C  err 0x00
>>> pos 11
id 11  pos  2052  spd     0  load    0  12.1 V  32 C  err 0x00
>>> pos 11
id 11  pos  2052  spd     0  load    0  12.1 V  32 C  err 0x00
>>> pos 11
id 11  pos  2052  spd     0  load    0  12.1 V  32 C  err 0x00
>>> pos 11
id 11  pos  2052  spd     0  load    0  12.1 V  32 C  err 0x00
>>> pos 11
id 11  pos  2052  spd     0  load    0  12.1 V  32 C  err 0x00
>>> pos 11
id 11  pos  2052  spd     0  load    0  12.1 V  32 C  err 0x00
>>> pos 11
id 11  pos  2052  spd     0  load    0  12.1 V  32 C  err 0x00
>>> pos 11
id 11  pos  2052  spd     0  load    0  12.1 V  32 C  err 0x00
>>> pos 11
id 11  pos  2052  spd     0  load    0  12.1 V  32 C  err 0x00
>>> pos 11
id 11  pos  2052  spd     0  load    0  12.1 V  32 C  err 0x00
>>> pos 11
id 11  pos  2052  spd     0  load    0  12.1 V  32 C  err 0x00
>>> pos 11
id 11  pos  2052  spd     0  load    0  12.1 V  32 C  err 0x00
>>> pos 11
id 11  pos  2052  spd     0  load    0  12.1 V  32 C  err 0x00
>>> pos 11
id 11  pos  2052  spd     0  load    0  12.1 V  32 C  err 0x00
>>> pos 11
id 11  pos  2052  spd     0  load    0  12.1 V  32 C  err 0x00
>>> pos 11
id 11  pos  2052  spd     0  load    0  12.1 V  32 C  err 0x00
>>> pos 11
id 11  pos  2052  spd     0  load    0  12.1 V  32 C  err 0x00
>>> pos 11
id 11  pos  2052  spd     0  load    0  12.1 V  32 C  err 0x00
>>> pos 11
id 11  pos  2052  spd     0  load    0  12.1 V  32 C  err 0x00
>>> pos 11
id 11  pos  2052  spd     0  load    0  12.1 V  32 C  err 0x00
>>> pos 11
id 11  pos  2052  spd     0  load    0  12.1 V  32 C  err 0x00
>>> pos 11
id 11  pos  2052  spd     0  load    0  12.1 V  32 C  err 0x00
>>> pos 11
id 11  pos  2052  spd     0  load    0  12.1 V  32 C  err 0x00
>>> pos 11
id 11  pos  2052  spd     0  load    0  12.1 V  32 C  err 0x00
>>> pos 11
id 11  pos  2052  spd     0  load    0  12.1 V  32 C  err 0x00
>>> pos 11
id 11  pos  2052  spd     0  load    0  12.1 V  32 C  err 0x00
>>> pos 11
id 11  pos  2052  spd     0  load    0  12.1 V  32 C  err 0x00
>>> pos 11
id 11  pos  2052  spd     0  load    0  12.1 V  32 C  err 0x00
>>> pos 11
id 11  pos  2052  spd     0  load    0  12.1 V  32 C  err 0x00
>>> pos 11
id 11  pos  2052  spd     0  load    0  12.1 V  32 C  err 0x00
>>> pos 11
id 11  pos  2052  spd     0  load    0  12.1 V  32 C  err 0x00
>>> pos 11
id 11  pos  2052  spd     0  load    0  12.1 V  32 C  err 0x00
>>> pos 11
id 11  pos  2052  spd     0  load    0  12.1 V  32 C  err 0x00
>>> pos 11
id 11  pos  2052  spd     0  load    0  12.1 V  32 C  err 0x00
>>> pos 11
id 11  pos  2052  spd     0  load    0  12.1 V  32 C  err 0x00
>>> pos 11
id 11  pos  2052  spd     0  load    0  12.1 V  32 C  err 0x00
>>> pos 11
id 11  pos  2052  spd     0  load    0  12.1 V  32 C  err 0x00
>>> pos 11
id 11  pos  2052  spd     0  load    0  12.1 V  32 C  err 0x00
>>> pos 11
id 11  pos  2052  spd     0  load    0  12.1 V  32 C  err 0x00
>>> pos 11
id 11  pos  2052  spd     0  load    0  12.1 V  32 C  err 0x00
>>> pos 11
id 11  pos  2052  spd     0  load    0  12.1 V  32 C  err 0x00
>>> pos 11
id 11  pos  2052  spd     0  load    0  12.1 V  32 C  err 0x00
>>> pos 11
id 11  pos  2052  spd     0  load    0  12.1 V  32 C  err 0x00
>>> pos 11
id 11  pos  2052  spd     0  load    0  12.1 V  32 C  err 0x00
>>> pos 11
id 11  pos  2052  spd     0  load    0  12.1 V  32 C  err 0x00
>>> pos 11
id 11  pos  2052  spd     0  load    0  12.1 V  32 C  err 0x00
>>> pos 11
id 11  pos  2052  spd     0  load    0  12.1 V  32 C  err 0x00
>>> pos 11
id 11  pos  2052  spd     0  load    0  12.1 V  32 C  err 0x00
>>> pos 11
id 11  pos  2052  spd     0  load    0  12.1 V  32 C  err 0x00
>>> pos 11
id 11  pos  2052  spd     0  load    0  12.1 V  32 C  err 0x00
>>> pos 11
id 11  pos  2052  spd     0  load    0  12.1 V  32 C  err 0x00
>>> pos 11
id 11  pos  2052  spd     0  load    0  12.1 V  32 C  err 0x00
>>> pos 11
id 11  pos  2052  spd     0  load    0  12.1 V  32 C  err 0x00
>>> pos 11
id 11  pos  2052  spd     0  load    0  12.1 V  32 C  err 0x00
>>> pos 11
id 11  pos  2052  spd     0  load    0  12.1 V  32 C  err 0x00
>>> pos 11
id 11  pos  2052  spd     0  load    0  12.1 V  32 C  err 0x00
>>> pos 11
id 11  pos  2052  spd     0  load    0  12.1 V  32 C  err 0x00
>>> pos 11
id 11  pos  2052  spd     0  load    0  12.1 V  32 C  err 0x00
>>> pos 11
id 11  pos  2052  spd     0  load    0  12.1 V  32 C  err 0x00
>>> pos 11
id 11  pos  2052  spd     0  load    0  12.1 V  32 C  err 0x00
>>> pos 11
id 11  pos  2052  spd     0  load    0  12.1 V  32 C  err 0x00
>>> pos 11
id 11  pos  2052  spd     0  load    0  12.1 V  32 C  err 0x00
>>> pos 11
id 11  pos  2052  spd     0  load    0  12.1 V  32 C  err 0x00
>>> pos 11
id 11  pos  2052  spd     0  load    0  12.1 V  32 C  err 0x00
>>> pos 11
id 11  pos  2052  spd     0  load    0  12.1 V  32 C  err 0x00
>>> pos 11
id 11  pos  2052  spd     0  load    0  12.1 V  32 C  err 0x00
>>> pos 11
id 11  pos  2052  spd     0  load    0  12.1 V  32 C  err 0x00
>>> pos 11
id 11  pos  2052  spd     0  load    0  12.1 V  32 C  err 0x00
>>> pos 11
id 11  pos  2052  spd     0  load    0  12.1 V  32 C  err 0x00
>>> pos 11
id 11  pos  2052  spd     0  load    0  12.1 V  32 C  err 0x00
>>> pos 11
id 11  pos  2052  spd     0  load    0  12.1 V  32 C  err 0x00
>>> pos 11
id 11  pos  2052  spd     0  load    0  12.1 V  32 C  err 0x00
>>> pos 11
id 11  pos  2052  spd     0  load    0  12.1 V  32 C  err 0x00
>>> pos 11
id 11  pos  2052  spd     0  load    0  12.1 V  32 C  err 0x00
>>> pos 11
id 11  pos  2052  spd     0  load    0  12.1 V  32 C  err 0x00
>>> pos 11
id 11  pos  2052  spd     0  load    0  12.1 V  32 C  err 0x00
>>> pos 11
id 11  pos  2052  spd     0  load    0  12.1 V  32 C  err 0x00
>>> pos 11
id 11  pos  2052  spd     0  load    0  12.1 V  32 C  err 0x00
>>> pos 11
id 11  pos  2052  spd     0  load    0  12.1 V  32 C  err 0x00
>>> pos 11
id 11  pos  2052  spd     0  load    0  12.1 V  32 C  err 0x00
>>> pos 11
id 11  pos  2052  spd     0  load    0  12.1 V  32 C  err 0x00
>>> pos 11
id 11  pos  2052  spd     0  load    0  12.1 V  32 C  err 0x00
>>> pos 11
id 11  pos  2052  spd     0  load    0  12.1 V  32 C  err 0x00
>>> pos 11
id 11  pos  2052  spd     0  load    0  12.1 V  32 C  err 0x00
>>> pos 11
id 11  pos  2052  spd     0  load    0  12.1 V  32 C  err 0x00
>>> pos 11
id 11  pos  2052  spd     0  load    0  12.1 V  32 C  err 0x00
>>> pos 11
id 11  pos  2052  spd     0  load    0  12.1 V  32 C  err 0x00
>>> pos 11
id 11  pos  2052  spd     0  load    0  12.1 V  32 C  err 0x00
>>> pos 11
id 11  pos  2052  spd     0  load    0  12.1 V  32 C  err 0x00
>>> pos 11
id 11  pos  2052  spd     0  load    0  12.1 V  32 C  err 0x00
>>> pos 11
id 11  pos  2052  spd     0  load    0  12.1 V  32 C  err 0x00
>>> pos 11
id 11  pos  2052  spd     0  load    0  12.1 V  32 C  err 0x00
>>> pos 11
id 11  pos  2052  spd     0  load    0  12.1 V  32 C  err 0x00
>>> pos 11
id 11  pos  2052  spd     0  load    0  12.1 V  32 C  err 0x00
>>> pos 11
id 11  pos  2052  spd     0  load    0  12.1 V  32 C  err 0x00
>>> pos 11
id 11  pos  2052  spd     0  load    0  12.1 V  32 C  err 0x00
>>> pos 11
id 11  pos  2052  spd     0  load    0  12.1 V  32 C  err 0x00
>>> pos 11
id 11  pos  2052  spd     0  load    0  12.1 V  32 C  err 0x00
>>> pos 11
id 11  pos  2052  spd     0  load    0  12.1 V  32 C  err 0x00
>>> pos 11
id 11  pos  2052  spd     0  load    0  12.1 V  32 C  err 0x00
>>> pos 11
id 11  pos  2052  spd     0  load    0  12.1 V  32 C  err 0x00
>>> pos 11
id 11  pos  2052  spd     0  load    0  12.1 V  32 C  err 0x00
>>> pos 11
id 11  pos  2052  spd     0  load    0  12.1 V  32 C  err 0x00
>>> pos 11
id 11  pos  2052  spd     0  load    0  12.1 V  32 C  err 0x00
>>> pos 11
id 11  pos  2052  spd     0  load    0  12.1 V  32 C  err 0x00
>>> pos 11
id 11  pos  2052  spd     0  load    0  12.1 V  32 C  err 0x00
>>> pos 11
id 11  pos  2052  spd     0  load    0  12.1 V  32 C  err 0x00
>>> pos 11
id 11  pos  2052  spd     0  load    0  12.1 V  32 C  err 0x00
>>> pos 11
id 11  pos  2052  spd     0  load    0  12.1 V  32 C  err 0x00
>>> pos 11
id 11  pos  2052  spd     0  load    0  12.1 V  32 C  err 0x00
>>> pos 11
id 11  pos  2052  spd     0  load    0  12.1 V  32 C  err 0x00
>>> pos 11
id 11  pos  2052  spd     0  load    0  12.1 V  32 C  err 0x00
>>> pos 11
id 11  pos  2052  spd     0  load    0  12.1 V  32 C  err 0x00
>>> pos 11
id 11  pos  2052  spd     0  load    0  12.1 V  32 C  err 0x00
>>> pos 11
id 11  pos  2052  spd     0  load    0  12.1 V  32 C  err 0x00
>>> pos 11
id 11  pos  2052  spd     0  load    0  12.1 V  32 C  err 0x00
>>> pos 11
id 11  pos  2052  spd     0  load    0  12.1 V  32 C  err 0x00
>>> pos 11
id 11  pos  2052  spd     0  load    0  12.1 V  32 C  err 0x00
>>> pos 11
id 11  pos  2052  spd     0  load    0  12.1 V  32 C  err 0x00
>>> pos 11
id 11  pos  2052  spd     0  load    0  12.1 V  32 C  err 0x00
>>> pos 11
id 11  pos  2052  spd     0  load    0  12.1 V  32 C  err 0x00
>>> pos 11
id 11  pos  2052  spd     0  load    0  12.1 V  32 C  err 0x00
>>> pos 11
id 11  pos  2052  spd     0  load    0  12.1 V  32 C  err 0x00
>>> pos 11
id 11  pos  2052  spd     0  load    0  12.1 V  32 C  err 0x00
>>> pos 11
id 11  pos  2052  spd     0  load    0  12.1 V  32 C  err 0x00
>>> pos 11
id 11  pos  2052  spd     0  load    0  12.1 V  32 C  err 0x00
>>> pos 11
id 11  pos  2052  spd     0  load    0  12.1 V  32 C  err 0x00
>>> pos 11
id 11  pos  2052  spd     0  load    0  12.1 V  32 C  err 0x00
>>> pos 11
id 11  pos  2052  spd     0  load    0  12.1 V  32 C  err 0x00
>>> pos 11
id 11  pos  2052  spd     0  load    0  12.1 V  32 C  err 0x00
>>> pos 11
id 11  pos  2052  spd     0  load    0  12.1 V  32 C  err 0x00
>>> pos 11
id 11  pos  2052  spd     0  load    0  12.1 V  32 C  err 0x00
>>> pos 11
id 11  pos  2052  spd     0  load    0  12.1 V  32 C  err 0x00
>>> pos 11
id 11  pos  2052  spd     0  load    0  12.1 V  32 C  err 0x00
>>> pos 11
id 11  pos  2052  spd     0  load    0  12.1 V  32 C  err 0x00
>>> pos 11
id 11  pos  2052  spd     0  load    0  12.1 V  32 C  err 0x00
>>> pos 11
id 11  pos  2052  spd     0  load    0  12.1 V  32 C  err 0x00
>>> pos 11
id 11  pos  2052  spd     0  load    0  12.1 V  32 C  err 0x00
>>> pos 11
id 11  pos  2052  spd     0  load    0  12.1 V  32 C  err 0x00
>>> move 11 2075 0 0
move id 11 -> 2075 ticks, 0 ms, spd 0, acc 0: ok
>>> pos 11
id 11  pos  2052  spd     0  load  -96  12.1 V  32 C  err 0x00
>>> pos 11
id 11  pos  2060  spd   300  load  -96  12.1 V  32 C  err 0x00
>>> pos 11
id 11  pos  2069  spd   400  load  -48  12.1 V  32 C  err 0x00
>>> pos 11
id 11  pos  2075  spd   100  load   32  12.1 V  32 C  err 0x00
>>> pos 11
id 11  pos  2074  spd     0  load    0  12.1 V  32 C  err 0x00
>>> pos 11
id 11  pos  2074  spd   -50  load    0  12.1 V  32 C  err 0x00
>>> pos 11
id 11  pos  2074  spd     0  load    0  12.1 V  32 C  err 0x00
>>> pos 11
id 11  pos  2074  spd     0  load    0  12.1 V  32 C  err 0x00
>>> pos 11
id 11  pos  2074  spd     0  load    0  12.1 V  32 C  err 0x00
>>> pos 11
id 11  pos  2074  spd     0  load    0  12.1 V  32 C  err 0x00
>>> pos 11
id 11  pos  2074  spd     0  load    0  12.1 V  31 C  err 0x00
>>> pos 11
id 11  pos  2074  spd     0  load    0  12.1 V  32 C  err 0x00
>>> pos 11
id 11  pos  2074  spd     0  load    0  12.1 V  32 C  err 0x00
>>> pos 11
id 11  pos  2074  spd     0  load    0  12.1 V  32 C  err 0x00
>>> pos 11
id 11  pos  2074  spd     0  load    0  12.1 V  32 C  err 0x00
>>> pos 11
id 11  pos  2074  spd     0  load    0  12.1 V  32 C  err 0x00
>>> pos 11
id 11  pos  2074  spd     0  load    0  12.1 V  32 C  err 0x00
>>> pos 11
id 11  pos  2074  spd     0  load    0  12.1 V  32 C  err 0x00
>>> pos 11
id 11  pos  2074  spd     0  load    0  12.1 V  32 C  err 0x00
>>> pos 11
id 11  pos  2074  spd     0  load    0  12.1 V  32 C  err 0x00
>>> pos 11
id 11  pos  2074  spd     0  load    0  12.1 V  32 C  err 0x00
>>> pos 11
id 11  pos  2074  spd     0  load    0  12.1 V  32 C  err 0x00
>>> pos 11
id 11  pos  2074  spd     0  load    0  12.1 V  32 C  err 0x00
>>> pos 11
id 11  pos  2074  spd     0  load    0  12.1 V  32 C  err 0x00
>>> pos 11
id 11  pos  2074  spd     0  load    0  12.1 V  32 C  err 0x00
>>> pos 11
id 11  pos  2074  spd     0  load    0  12.1 V  32 C  err 0x00
>>> pos 11
id 11  pos  2074  spd     0  load    0  12.1 V  32 C  err 0x00
>>> pos 11
id 11  pos  2074  spd     0  load    0  12.1 V  32 C  err 0x00
>>> pos 11
id 11  pos  2074  spd     0  load    0  12.1 V  32 C  err 0x00
>>> pos 11
id 11  pos  2074  spd     0  load    0  12.1 V  32 C  err 0x00
>>> pos 11
id 11  pos  2074  spd     0  load    0  12.1 V  32 C  err 0x00
>>> pos 11
id 11  pos  2074  spd     0  load    0  12.1 V  32 C  err 0x00
>>> pos 11
id 11  pos  2074  spd     0  load    0  12.1 V  32 C  err 0x00
>>> pos 11
id 11  pos  2074  spd     0  load    0  12.1 V  32 C  err 0x00
>>> pos 11
id 11  pos  2074  spd     0  load    0  12.1 V  32 C  err 0x00
>>> pos 11
id 11  pos  2074  spd     0  load    0  12.1 V  32 C  err 0x00
>>> pos 11
id 11  pos  2074  spd     0  load    0  12.1 V  32 C  err 0x00
>>> pos 11
id 11  pos  2074  spd     0  load    0  12.1 V  32 C  err 0x00
>>> pos 11
id 11  pos  2074  spd     0  load    0  12.1 V  32 C  err 0x00
>>> pos 11
id 11  pos  2074  spd     0  load    0  12.1 V  32 C  err 0x00
>>> pos 11
id 11  pos  2074  spd     0  load    0  12.1 V  32 C  err 0x00
>>> pos 11
id 11  pos  2074  spd     0  load    0  12.1 V  32 C  err 0x00
>>> pos 11
id 11  pos  2074  spd     0  load    0  12.1 V  32 C  err 0x00
>>> pos 11
id 11  pos  2074  spd     0  load    0  12.1 V  32 C  err 0x00
>>> pos 11
id 11  pos  2074  spd     0  load    0  12.1 V  32 C  err 0x00
>>> pos 11
id 11  pos  2074  spd     0  load    0  12.1 V  32 C  err 0x00
>>> pos 11
id 11  pos  2074  spd     0  load    0  12.1 V  32 C  err 0x00
>>> pos 11
id 11  pos  2074  spd     0  load    0  12.1 V  32 C  err 0x00
>>> pos 11
id 11  pos  2074  spd     0  load    0  12.1 V  32 C  err 0x00
>>> pos 11
id 11  pos  2074  spd     0  load    0  12.1 V  32 C  err 0x00
>>> pos 11
id 11  pos  2074  spd     0  load    0  12.1 V  32 C  err 0x00
>>> pos 11
id 11  pos  2074  spd     0  load    0  12.1 V  32 C  err 0x00
>>> pos 11
id 11  pos  2074  spd     0  load    0  12.1 V  32 C  err 0x00
>>> pos 11
id 11  pos  2074  spd     0  load    0  12.1 V  32 C  err 0x00
>>> pos 11
id 11  pos  2074  spd     0  load    0  12.1 V  32 C  err 0x00
>>> pos 11
id 11  pos  2074  spd     0  load    0  12.1 V  32 C  err 0x00
>>> pos 11
id 11  pos  2074  spd     0  load    0  12.1 V  32 C  err 0x00
>>> pos 11
id 11  pos  2074  spd     0  load    0  12.1 V  32 C  err 0x00
>>> pos 11
id 11  pos  2074  spd     0  load    0  12.1 V  32 C  err 0x00
>>> pos 11
id 11  pos  2074  spd     0  load    0  12.1 V  32 C  err 0x00
>>> pos 11
id 11  pos  2074  spd     0  load    0  12.1 V  32 C  err 0x00
>>> pos 11
id 11  pos  2074  spd     0  load    0  12.1 V  32 C  err 0x00
>>> pos 11
id 11  pos  2074  spd     0  load    0  12.1 V  32 C  err 0x00
>>> pos 11
id 11  pos  2074  spd     0  load    0  12.1 V  32 C  err 0x00
>>> pos 11
id 11  pos  2074  spd     0  load    0  12.1 V  32 C  err 0x00
>>> pos 11
id 11  pos  2074  spd     0  load    0  12.1 V  32 C  err 0x00
>>> pos 11
id 11  pos  2074  spd     0  load    0  12.1 V  32 C  err 0x00
>>> pos 11
id 11  pos  2074  spd     0  load    0  12.1 V  32 C  err 0x00
>>> pos 11
id 11  pos  2074  spd     0  load    0  12.1 V  32 C  err 0x00
>>> pos 11
id 11  pos  2074  spd     0  load    0  12.1 V  32 C  err 0x00
>>> pos 11
id 11  pos  2074  spd     0  load    0  12.1 V  32 C  err 0x00
>>> pos 11
id 11  pos  2074  spd     0  load    0  12.1 V  32 C  err 0x00
>>> pos 11
id 11  pos  2074  spd     0  load    0  12.1 V  32 C  err 0x00
>>> pos 11
id 11  pos  2074  spd     0  load    0  12.1 V  32 C  err 0x00
>>> pos 11
id 11  pos  2074  spd     0  load    0  12.1 V  32 C  err 0x00
>>> pos 11
id 11  pos  2074  spd     0  load    0  12.1 V  32 C  err 0x00
>>> pos 11
id 11  pos  2074  spd     0  load    0  12.1 V  32 C  err 0x00
>>> pos 11
id 11  pos  2074  spd     0  load    0  12.1 V  32 C  err 0x00
>>> pos 11
id 11  pos  2074  spd     0  load    0  12.1 V  32 C  err 0x00
>>> pos 11
id 11  pos  2074  spd     0  load    0  12.1 V  32 C  err 0x00
>>> pos 11
id 11  pos  2074  spd     0  load    0  12.1 V  32 C  err 0x00
>>> pos 11
id 11  pos  2074  spd     0  load    0  12.1 V  32 C  err 0x00
>>> pos 11
id 11  pos  2074  spd     0  load    0  12.1 V  32 C  err 0x00
>>> pos 11
id 11  pos  2074  spd     0  load    0  12.1 V  32 C  err 0x00
>>> pos 11
id 11  pos  2074  spd     0  load    0  12.1 V  32 C  err 0x00
>>> pos 11
id 11  pos  2074  spd     0  load    0  12.1 V  32 C  err 0x00
>>> pos 11
id 11  pos  2074  spd     0  load    0  12.1 V  32 C  err 0x00
>>> pos 11
id 11  pos  2074  spd     0  load    0  12.1 V  32 C  err 0x00
>>> pos 11
id 11  pos  2074  spd     0  load    0  12.1 V  32 C  err 0x00
>>> pos 11
id 11  pos  2074  spd     0  load    0  12.1 V  32 C  err 0x00
>>> pos 11
id 11  pos  2074  spd     0  load    0  12.1 V  32 C  err 0x00
>>> move 11 2052 0 0
move id 11 -> 2052 ticks, 0 ms, spd 0, acc 0: ok
>>> pos 11
id 11  pos  2074  spd     0  load   80  12.1 V  32 C  err 0x00
>>> pos 11
id 11  pos  2066  spd  -150  load  128  12.1 V  32 C  err 0x00
>>> pos 11
id 11  pos  2056  spd  -300  load   48  12.1 V  32 C  err 0x00
>>> pos 11
id 11  pos  2053  spd  -100  load  -32  12.1 V  32 C  err 0x00
>>> pos 11
id 11  pos  2053  spd     0  load    0  12.1 V  32 C  err 0x00
>>> pos 11
id 11  pos  2052  spd   -50  load    0  12.1 V  32 C  err 0x00
>>> pos 11
id 11  pos  2052  spd     0  load    0  12.1 V  32 C  err 0x00
>>> pos 11
id 11  pos  2052  spd     0  load    0  12.1 V  32 C  err 0x00
>>> pos 11
id 11  pos  2052  spd     0  load    0  12.1 V  32 C  err 0x00
>>> pos 11
id 11  pos  2052  spd     0  load    0  12.1 V  32 C  err 0x00
>>> pos 11
id 11  pos  2052  spd     0  load    0  12.1 V  32 C  err 0x00
>>> pos 11
id 11  pos  2052  spd     0  load    0  12.1 V  32 C  err 0x00
>>> pos 11
id 11  pos  2052  spd     0  load    0  12.1 V  32 C  err 0x00
>>> pos 11
id 11  pos  2052  spd     0  load    0  12.1 V  32 C  err 0x00
>>> pos 11
id 11  pos  2052  spd     0  load    0  12.1 V  32 C  err 0x00
>>> pos 11
id 11  pos  2052  spd     0  load    0  12.1 V  32 C  err 0x00
>>> pos 11
id 11  pos  2052  spd     0  load    0  12.1 V  32 C  err 0x00
>>> pos 11
id 11  pos  2052  spd     0  load    0  12.1 V  32 C  err 0x00
>>> pos 11
id 11  pos  2052  spd     0  load    0  12.1 V  32 C  err 0x00
>>> pos 11
id 11  pos  2052  spd     0  load    0  12.1 V  32 C  err 0x00
>>> pos 11
id 11  pos  2052  spd     0  load    0  12.1 V  32 C  err 0x00
>>> pos 11
id 11  pos  2052  spd     0  load    0  12.1 V  32 C  err 0x00
>>> pos 11
id 11  pos  2052  spd     0  load    0  12.1 V  32 C  err 0x00
>>> pos 11
id 11  pos  2052  spd     0  load    0  12.1 V  32 C  err 0x00
>>> pos 11
id 11  pos  2052  spd     0  load    0  12.1 V  32 C  err 0x00
>>> pos 11
id 11  pos  2052  spd     0  load    0  12.1 V  32 C  err 0x00
>>> pos 11
id 11  pos  2052  spd     0  load    0  12.1 V  32 C  err 0x00
>>> pos 11
id 11  pos  2052  spd     0  load    0  12.1 V  32 C  err 0x00
>>> pos 11
id 11  pos  2052  spd     0  load    0  12.1 V  32 C  err 0x00
>>> pos 11
id 11  pos  2052  spd     0  load    0  12.1 V  32 C  err 0x00
>>> pos 11
id 11  pos  2052  spd     0  load    0  12.1 V  32 C  err 0x00
>>> pos 11
id 11  pos  2052  spd     0  load    0  12.1 V  32 C  err 0x00
>>> pos 11
id 11  pos  2052  spd     0  load    0  12.1 V  32 C  err 0x00
>>> pos 11
id 11  pos  2052  spd     0  load    0  12.1 V  32 C  err 0x00
>>> pos 11
id 11  pos  2052  spd     0  load    0  12.1 V  32 C  err 0x00
>>> pos 11
id 11  pos  2052  spd     0  load    0  12.1 V  32 C  err 0x00
>>> pos 11
id 11  pos  2052  spd     0  load    0  12.1 V  32 C  err 0x00
>>> pos 11
id 11  pos  2052  spd     0  load    0  12.1 V  32 C  err 0x00
>>> pos 11
id 11  pos  2052  spd     0  load    0  12.1 V  32 C  err 0x00
>>> pos 11
id 11  pos  2052  spd     0  load    0  12.1 V  32 C  err 0x00
>>> pos 11
id 11  pos  2052  spd     0  load    0  12.1 V  32 C  err 0x00
>>> pos 11
id 11  pos  2052  spd     0  load    0  12.1 V  32 C  err 0x00
>>> pos 11
id 11  pos  2052  spd     0  load    0  12.1 V  32 C  err 0x00
>>> pos 11
id 11  pos  2052  spd     0  load    0  12.1 V  32 C  err 0x00
>>> pos 11
id 11  pos  2052  spd     0  load    0  12.1 V  32 C  err 0x00
>>> pos 11
id 11  pos  2052  spd     0  load    0  12.1 V  32 C  err 0x00
>>> pos 11
id 11  pos  2052  spd     0  load    0  12.1 V  32 C  err 0x00
>>> pos 11
id 11  pos  2052  spd     0  load    0  12.1 V  32 C  err 0x00
>>> pos 11
id 11  pos  2052  spd     0  load    0  12.1 V  32 C  err 0x00
>>> pos 11
id 11  pos  2052  spd     0  load    0  12.1 V  32 C  err 0x00
>>> pos 11
id 11  pos  2052  spd     0  load    0  12.1 V  32 C  err 0x00
>>> pos 11
id 11  pos  2052  spd     0  load    0  12.1 V  32 C  err 0x00
>>> pos 11
id 11  pos  2052  spd     0  load    0  12.1 V  32 C  err 0x00
>>> pos 11
id 11  pos  2052  spd     0  load    0  12.1 V  32 C  err 0x00
>>> pos 11
id 11  pos  2052  spd     0  load    0  12.1 V  32 C  err 0x00
>>> pos 11
id 11  pos  2052  spd     0  load    0  12.1 V  32 C  err 0x00
>>> pos 11
id 11  pos  2052  spd     0  load    0  12.1 V  32 C  err 0x00
>>> pos 11
id 11  pos  2052  spd     0  load    0  12.1 V  32 C  err 0x00
>>> pos 11
id 11  pos  2052  spd     0  load    0  12.1 V  32 C  err 0x00
>>> pos 11
id 11  pos  2052  spd     0  load    0  12.1 V  32 C  err 0x00
>>> pos 11
id 11  pos  2052  spd     0  load    0  12.1 V  32 C  err 0x00
>>> pos 11
id 11  pos  2052  spd     0  load    0  12.1 V  32 C  err 0x00
>>> pos 11
id 11  pos  2052  spd     0  load    0  12.1 V  32 C  err 0x00
>>> pos 11
id 11  pos  2052  spd     0  load    0  12.1 V  32 C  err 0x00
>>> pos 11
id 11  pos  2052  spd     0  load    0  12.1 V  32 C  err 0x00
>>> pos 11
id 11  pos  2052  spd     0  load    0  12.1 V  32 C  err 0x00
>>> pos 11
id 11  pos  2052  spd     0  load    0  12.1 V  32 C  err 0x00
>>> pos 11
id 11  pos  2052  spd     0  load    0  12.1 V  32 C  err 0x00
>>> pos 11
id 11  pos  2052  spd     0  load    0  12.1 V  32 C  err 0x00
>>> pos 11
id 11  pos  2052  spd     0  load    0  12.1 V  32 C  err 0x00
>>> pos 11
id 11  pos  2052  spd     0  load    0  12.1 V  32 C  err 0x00
>>> pos 11
id 11  pos  2052  spd     0  load    0  12.1 V  32 C  err 0x00
>>> pos 11
id 11  pos  2052  spd     0  load    0  12.1 V  32 C  err 0x00
>>> pos 11
id 11  pos  2052  spd     0  load    0  12.1 V  32 C  err 0x00
>>> pos 11
id 11  pos  2052  spd     0  load    0  12.1 V  32 C  err 0x00
>>> pos 11
id 11  pos  2052  spd     0  load    0  12.1 V  32 C  err 0x00
>>> pos 11
id 11  pos  2052  spd     0  load    0  12.1 V  32 C  err 0x00
>>> pos 11
id 11  pos  2052  spd     0  load    0  12.1 V  32 C  err 0x00
>>> pos 11
id 11  pos  2052  spd     0  load    0  12.1 V  32 C  err 0x00
>>> pos 11
id 11  pos  2052  spd     0  load    0  12.1 V  32 C  err 0x00
>>> pos 11
id 11  pos  2052  spd     0  load    0  12.1 V  32 C  err 0x00
>>> pos 11
id 11  pos  2052  spd     0  load    0  12.1 V  32 C  err 0x00
>>> pos 11
id 11  pos  2052  spd     0  load    0  12.1 V  32 C  err 0x00
>>> pos 11
id 11  pos  2052  spd     0  load    0  12.1 V  32 C  err 0x00
>>> pos 11
id 11  pos  2052  spd     0  load    0  12.1 V  32 C  err 0x00
>>> pos 11
id 11  pos  2052  spd     0  load    0  12.1 V  32 C  err 0x00
>>> pos 11
id 11  pos  2052  spd     0  load    0  12.1 V  32 C  err 0x00
>>> pos 11
id 11  pos  2052  spd     0  load    0  12.1 V  32 C  err 0x00
>>> pos 11
id 11  pos  2052  spd     0  load    0  12.1 V  32 C  err 0x00
>>> pos 11
id 11  pos  2052  spd     0  load    0  12.1 V  32 C  err 0x00
>>> pos 11
id 11  pos  2052  spd     0  load    0  12.1 V  32 C  err 0x00
>>> release 11
release 11: ok
>>> release 11
release 11: ok
>>> gains 11 160 160
id 11: writing P 160 D 160 to EEPROM (torque must be OFF; no goal is written) ...
id 11: P 160 D 160, verified after commit -- safe to power down
  note: the robot EXPECTS P 32 D 32 on id 11 (servo_gains.h): arming refuses until they agree
>>> gains 11
id 11  P 160  D 160  I 0   expected P 32 D 32 -- MISMATCH
>>> pos 11
id 11  pos  2052  spd     0  load    0  12.1 V  32 C  err 0x00
>>> torque 11
torque 11: ok
>>> pos 11
id 11  pos  2052  spd     0  load    0  12.1 V  32 C  err 0x00
>>> move 11 2052 0 100
move id 11 -> 2052 ticks, 0 ms, spd 100, acc 0: ok
>>> pos 11
id 11  pos  2052  spd     0  load    0  12.1 V  32 C  err 0x00
>>> pos 11
id 11  pos  2052  spd     0  load    0  12.1 V  32 C  err 0x00
>>> pos 11
id 11  pos  2052  spd     0  load    0  12.1 V  32 C  err 0x00
>>> pos 11
id 11  pos  2052  spd     0  load    0  12.1 V  32 C  err 0x00
>>> pos 11
id 11  pos  2052  spd     0  load    0  12.1 V  32 C  err 0x00
>>> pos 11
id 11  pos  2052  spd     0  load    0  12.1 V  32 C  err 0x00
>>> pos 11
id 11  pos  2052  spd     0  load    0  12.1 V  32 C  err 0x00
>>> pos 11
id 11  pos  2052  spd     0  load    0  12.1 V  32 C  err 0x00
>>> pos 11
id 11  pos  2052  spd     0  load    0  12.1 V  32 C  err 0x00
>>> pos 11
id 11  pos  2052  spd     0  load    0  12.1 V  32 C  err 0x00
>>> pos 11
id 11  pos  2052  spd     0  load    0  12.1 V  32 C  err 0x00
>>> pos 11
id 11  pos  2052  spd     0  load    0  12.1 V  32 C  err 0x00
>>> pos 11
id 11  pos  2052  spd     0  load    0  12.1 V  32 C  err 0x00
>>> pos 11
id 11  pos  2052  spd     0  load    0  12.1 V  32 C  err 0x00
>>> pos 11
id 11  pos  2052  spd     0  load    0  12.1 V  32 C  err 0x00
>>> pos 11
id 11  pos  2052  spd     0  load    0  12.1 V  32 C  err 0x00
>>> pos 11
id 11  pos  2052  spd     0  load    0  12.4 V  32 C  err 0x00
>>> pos 11
id 11  pos  2052  spd     0  load    0  12.1 V  32 C  err 0x00
>>> pos 11
id 11  pos  2052  spd     0  load    0  12.1 V  32 C  err 0x00
>>> pos 11
id 11  pos  2052  spd     0  load    0  12.1 V  32 C  err 0x00
>>> pos 11
id 11  pos  2052  spd     0  load    0  12.1 V  32 C  err 0x00
>>> pos 11
id 11  pos  2052  spd     0  load    0  12.1 V  32 C  err 0x00
>>> pos 11
id 11  pos  2052  spd     0  load    0  12.1 V  32 C  err 0x00
>>> pos 11
id 11  pos  2052  spd     0  load    0  12.1 V  32 C  err 0x00
>>> pos 11
id 11  pos  2052  spd     0  load    0  12.1 V  32 C  err 0x00
>>> pos 11
id 11  pos  2052  spd     0  load    0  12.1 V  32 C  err 0x00
>>> pos 11
id 11  pos  2052  spd     0  load    0  12.1 V  32 C  err 0x00
>>> pos 11
id 11  pos  2052  spd     0  load    0  12.1 V  32 C  err 0x00
>>> pos 11
id 11  pos  2052  spd     0  load    0  12.1 V  32 C  err 0x00
>>> pos 11
id 11  pos  2052  spd     0  load    0  12.1 V  32 C  err 0x00
>>> pos 11
id 11  pos  2052  spd     0  load    0  12.1 V  32 C  err 0x00
>>> pos 11
id 11  pos  2052  spd     0  load    0  12.1 V  32 C  err 0x00
>>> pos 11
id 11  pos  2052  spd     0  load    0  12.1 V  32 C  err 0x00
>>> pos 11
id 11  pos  2052  spd     0  load    0  12.1 V  32 C  err 0x00
>>> pos 11
id 11  pos  2052  spd     0  load    0  12.1 V  32 C  err 0x00
>>> pos 11
id 11  pos  2052  spd     0  load    0  12.1 V  32 C  err 0x00
>>> pos 11
id 11  pos  2052  spd     0  load    0  12.1 V  32 C  err 0x00
>>> pos 11
id 11  pos  2052  spd     0  load    0  12.1 V  32 C  err 0x00
>>> pos 11
id 11  pos  2052  spd     0  load    0  12.1 V  32 C  err 0x00
>>> pos 11
id 11  pos  2052  spd     0  load    0  12.1 V  32 C  err 0x00
>>> pos 11
id 11  pos  2052  spd     0  load    0  12.1 V  32 C  err 0x00
>>> pos 11
id 11  pos  2052  spd     0  load    0  12.1 V  32 C  err 0x00
>>> pos 11
id 11  pos  2052  spd     0  load    0  12.1 V  32 C  err 0x00
>>> pos 11
id 11  pos  2052  spd     0  load    0  12.1 V  32 C  err 0x00
>>> pos 11
id 11  pos  2052  spd     0  load    0  12.1 V  32 C  err 0x00
>>> pos 11
id 11  pos  2052  spd     0  load    0  12.1 V  32 C  err 0x00
>>> pos 11
id 11  pos  2052  spd     0  load    0  12.1 V  32 C  err 0x00
>>> pos 11
id 11  pos  2052  spd     0  load    0  12.1 V  32 C  err 0x00
>>> pos 11
id 11  pos  2052  spd     0  load    0  12.1 V  32 C  err 0x00
>>> pos 11
id 11  pos  2052  spd     0  load    0  12.1 V  32 C  err 0x00
>>> pos 11
id 11  pos  2052  spd     0  load    0  12.1 V  32 C  err 0x00
>>> pos 11
id 11  pos  2052  spd     0  load    0  12.1 V  32 C  err 0x00
>>> pos 11
id 11  pos  2052  spd     0  load    0  12.1 V  32 C  err 0x00
>>> pos 11
id 11  pos  2052  spd     0  load    0  12.1 V  32 C  err 0x00
>>> pos 11
id 11  pos  2052  spd     0  load    0  12.1 V  32 C  err 0x00
>>> pos 11
id 11  pos  2052  spd     0  load    0  12.1 V  32 C  err 0x00
>>> pos 11
id 11  pos  2052  spd     0  load    0  12.1 V  32 C  err 0x00
>>> pos 11
id 11  pos  2052  spd     0  load    0  12.1 V  32 C  err 0x00
>>> pos 11
id 11  pos  2052  spd     0  load    0  12.1 V  32 C  err 0x00
>>> pos 11
id 11  pos  2052  spd     0  load    0  12.1 V  32 C  err 0x00
>>> pos 11
id 11  pos  2052  spd     0  load    0  12.1 V  32 C  err 0x00
>>> pos 11
id 11  pos  2052  spd     0  load    0  12.1 V  32 C  err 0x00
>>> pos 11
id 11  pos  2052  spd     0  load    0  12.1 V  32 C  err 0x00
>>> pos 11
id 11  pos  2052  spd     0  load    0  12.1 V  32 C  err 0x00
>>> pos 11
id 11  pos  2052  spd     0  load    0  12.1 V  32 C  err 0x00
>>> pos 11
id 11  pos  2052  spd     0  load    0  12.1 V  32 C  err 0x00
>>> pos 11
id 11  pos  2052  spd     0  load    0  12.1 V  32 C  err 0x00
>>> pos 11
id 11  pos  2052  spd     0  load    0  12.1 V  32 C  err 0x00
>>> pos 11
id 11  pos  2052  spd     0  load    0  12.1 V  32 C  err 0x00
>>> pos 11
id 11  pos  2052  spd     0  load    0  12.1 V  32 C  err 0x00
>>> pos 11
id 11  pos  2052  spd     0  load    0  12.1 V  32 C  err 0x00
>>> pos 11
id 11  pos  2052  spd     0  load    0  12.1 V  32 C  err 0x00
>>> pos 11
id 11  pos  2052  spd     0  load    0  12.1 V  32 C  err 0x00
>>> pos 11
id 11  pos  2052  spd     0  load    0  12.1 V  32 C  err 0x00
>>> pos 11
id 11  pos  2052  spd     0  load    0  12.1 V  32 C  err 0x00
>>> pos 11
id 11  pos  2052  spd     0  load    0  12.1 V  32 C  err 0x00
>>> pos 11
id 11  pos  2052  spd     0  load    0  12.1 V  32 C  err 0x00
>>> pos 11
id 11  pos  2052  spd     0  load    0  12.1 V  32 C  err 0x00
>>> pos 11
id 11  pos  2052  spd     0  load    0  12.1 V  32 C  err 0x00
>>> pos 11
id 11  pos  2052  spd     0  load    0  12.1 V  32 C  err 0x00
>>> pos 11
id 11  pos  2052  spd     0  load    0  12.1 V  32 C  err 0x00
>>> pos 11
id 11  pos  2052  spd     0  load    0  12.1 V  32 C  err 0x00
>>> pos 11
id 11  pos  2052  spd     0  load    0  12.1 V  32 C  err 0x00
>>> pos 11
id 11  pos  2052  spd     0  load    0  12.1 V  32 C  err 0x00
>>> pos 11
id 11  pos  2052  spd     0  load    0  12.1 V  32 C  err 0x00
>>> pos 11
id 11  pos  2052  spd     0  load    0  12.1 V  32 C  err 0x00
>>> pos 11
id 11  pos  2052  spd     0  load    0  12.1 V  32 C  err 0x00
>>> pos 11
id 11  pos  2052  spd     0  load    0  12.1 V  32 C  err 0x00
>>> pos 11
id 11  pos  2052  spd     0  load    0  12.1 V  32 C  err 0x00
>>> pos 11
id 11  pos  2052  spd     0  load    0  12.1 V  32 C  err 0x00
>>> pos 11
id 11  pos  2052  spd     0  load    0  12.1 V  32 C  err 0x00
>>> pos 11
id 11  pos  2052  spd     0  load    0  12.1 V  32 C  err 0x00
>>> pos 11
id 11  pos  2052  spd     0  load    0  12.1 V  32 C  err 0x00
>>> pos 11
id 11  pos  2052  spd     0  load    0  12.1 V  32 C  err 0x00
>>> pos 11
id 11  pos  2052  spd     0  load    0  12.1 V  32 C  err 0x00
>>> pos 11
id 11  pos  2052  spd     0  load    0  12.1 V  32 C  err 0x00
>>> pos 11
id 11  pos  2052  spd     0  load    0  12.1 V  32 C  err 0x00
>>> pos 11
id 11  pos  2052  spd     0  load    0  12.1 V  32 C  err 0x00
>>> pos 11
id 11  pos  2052  spd     0  load    0  12.1 V  32 C  err 0x00
>>> pos 11
id 11  pos  2052  spd     0  load    0  12.1 V  32 C  err 0x00
>>> pos 11
id 11  pos  2052  spd     0  load    0  12.1 V  32 C  err 0x00
>>> pos 11
id 11  pos  2052  spd     0  load    0  12.1 V  32 C  err 0x00
>>> pos 11
id 11  pos  2052  spd     0  load    0  12.1 V  32 C  err 0x00
>>> pos 11
id 11  pos  2052  spd     0  load    0  12.1 V  32 C  err 0x00
>>> pos 11
id 11  pos  2052  spd     0  load    0  12.1 V  32 C  err 0x00
>>> pos 11
id 11  pos  2052  spd     0  load    0  12.1 V  32 C  err 0x00
>>> pos 11
id 11  pos  2052  spd     0  load    0  12.1 V  32 C  err 0x00
>>> pos 11
id 11  pos  2052  spd     0  load    0  12.1 V  32 C  err 0x00
>>> pos 11
id 11  pos  2052  spd     0  load    0  12.1 V  32 C  err 0x00
>>> pos 11
id 11  pos  2052  spd     0  load    0  12.1 V  32 C  err 0x00
>>> pos 11
id 11  pos  2052  spd     0  load    0  12.1 V  32 C  err 0x00
>>> pos 11
id 11  pos  2052  spd     0  load    0  12.1 V  32 C  err 0x00
>>> pos 11
id 11  pos  2052  spd     0  load    0  12.1 V  32 C  err 0x00
>>> pos 11
id 11  pos  2052  spd     0  load    0  12.1 V  32 C  err 0x00
>>> pos 11
id 11  pos  2052  spd     0  load    0  12.1 V  32 C  err 0x00
>>> pos 11
id 11  pos  2052  spd     0  load    0  12.1 V  32 C  err 0x00
>>> pos 11
id 11  pos  2052  spd     0  load    0  12.1 V  32 C  err 0x00
>>> pos 11
id 11  pos  2052  spd     0  load    0  12.1 V  32 C  err 0x00
>>> pos 11
id 11  pos  2052  spd     0  load    0  12.1 V  32 C  err 0x00
>>> pos 11
id 11  pos  2052  spd     0  load    0  12.1 V  32 C  err 0x00
>>> pos 11
id 11  pos  2052  spd     0  load    0  12.1 V  32 C  err 0x00
>>> pos 11
id 11  pos  2052  spd     0  load    0  12.1 V  32 C  err 0x00
>>> pos 11
id 11  pos  2052  spd     0  load    0  12.1 V  32 C  err 0x00
>>> pos 11
id 11  pos  2052  spd     0  load    0  12.1 V  32 C  err 0x00
>>> pos 11
id 11  pos  2052  spd     0  load    0  12.1 V  32 C  err 0x00
>>> pos 11
id 11  pos  2052  spd     0  load    0  12.1 V  32 C  err 0x00
>>> pos 11
id 11  pos  2052  spd     0  load    0  12.1 V  32 C  err 0x00
>>> pos 11
id 11  pos  2052  spd     0  load    0  12.1 V  32 C  err 0x00
>>> pos 11
id 11  pos  2052  spd     0  load    0  12.1 V  32 C  err 0x00
>>> pos 11
id 11  pos  2052  spd     0  load    0  12.1 V  32 C  err 0x00
>>> pos 11
id 11  pos  2052  spd     0  load    0  12.1 V  32 C  err 0x00
>>> pos 11
id 11  pos  2052  spd     0  load    0  12.1 V  32 C  err 0x00
>>> pos 11
id 11  pos  2052  spd     0  load    0  12.1 V  32 C  err 0x00
>>> pos 11
id 11  pos  2052  spd     0  load    0  12.1 V  32 C  err 0x00
>>> pos 11
id 11  pos  2052  spd     0  load    0  12.1 V  32 C  err 0x00
>>> pos 11
id 11  pos  2052  spd     0  load    0  12.1 V  32 C  err 0x00
>>> pos 11
id 11  pos  2052  spd     0  load    0  12.1 V  32 C  err 0x00
>>> pos 11
id 11  pos  2052  spd     0  load    0  12.1 V  32 C  err 0x00
>>> pos 11
id 11  pos  2052  spd     0  load    0  12.1 V  32 C  err 0x00
>>> pos 11
id 11  pos  2052  spd     0  load    0  12.1 V  32 C  err 0x00
>>> pos 11
id 11  pos  2052  spd     0  load    0  12.1 V  32 C  err 0x00
>>> pos 11
id 11  pos  2052  spd     0  load    0  12.1 V  32 C  err 0x00
>>> pos 11
id 11  pos  2052  spd     0  load    0  12.1 V  32 C  err 0x00
>>> pos 11
id 11  pos  2052  spd     0  load    0  12.1 V  32 C  err 0x00
>>> pos 11
id 11  pos  2052  spd     0  load    0  12.1 V  32 C  err 0x00
>>> pos 11
id 11  pos  2052  spd     0  load    0  12.1 V  32 C  err 0x00
>>> pos 11
id 11  pos  2052  spd     0  load    0  12.1 V  32 C  err 0x00
>>> pos 11
id 11  pos  2052  spd     0  load    0  12.1 V  32 C  err 0x00
>>> pos 11
id 11  pos  2052  spd     0  load    0  12.1 V  32 C  err 0x00
>>> pos 11
id 11  pos  2052  spd     0  load    0  12.1 V  32 C  err 0x00
>>> pos 11
id 11  pos  2052  spd     0  load    0  12.1 V  32 C  err 0x00
>>> pos 11
id 11  pos  2052  spd     0  load    0  12.1 V  32 C  err 0x00
>>> move 11 2075 0 0
move id 11 -> 2075 ticks, 0 ms, spd 0, acc 0: ok
>>> pos 11
id 11  pos  2052  spd     0  load  -96  12.1 V  32 C  err 0x00
>>> pos 11
id 11  pos  2063  spd   100  load   76  12.1 V  32 C  err 0x00
>>> pos 11
id 11  pos  2068  spd   100  load -156  12.1 V  32 C  err 0x00
>>> pos 11
id 11  pos  2076  spd   200  load   56  12.1 V  32 C  err 0x00
>>> pos 11
id 11  pos  2076  spd     0  load    0  12.1 V  32 C  err 0x00
>>> pos 11
id 11  pos  2076  spd     0  load    0  12.1 V  32 C  err 0x00
>>> pos 11
id 11  pos  2076  spd     0  load    0  12.1 V  32 C  err 0x00
>>> pos 11
id 11  pos  2076  spd     0  load    0  12.1 V  32 C  err 0x00
>>> pos 11
id 11  pos  2076  spd     0  load    0  12.1 V  32 C  err 0x00
>>> pos 11
id 11  pos  2076  spd     0  load    0  12.1 V  32 C  err 0x00
>>> pos 11
id 11  pos  2076  spd     0  load    0  12.1 V  32 C  err 0x00
>>> pos 11
id 11  pos  2076  spd     0  load    0  12.1 V  32 C  err 0x00
>>> pos 11
id 11  pos  2076  spd     0  load    0  12.1 V  32 C  err 0x00
>>> pos 11
id 11  pos  2076  spd     0  load    0  12.1 V  32 C  err 0x00
>>> pos 11
id 11  pos  2076  spd     0  load    0  12.1 V  32 C  err 0x00
>>> pos 11
id 11  pos  2076  spd     0  load    0  12.1 V  32 C  err 0x00
>>> pos 11
id 11  pos  2076  spd     0  load    0  12.1 V  32 C  err 0x00
>>> pos 11
id 11  pos  2076  spd     0  load    0  12.1 V  32 C  err 0x00
>>> pos 11
id 11  pos  2076  spd     0  load    0  12.1 V  32 C  err 0x00
>>> pos 11
id 11  pos  2076  spd     0  load    0  12.1 V  32 C  err 0x00
>>> pos 11
id 11  pos  2076  spd     0  load    0  12.1 V  32 C  err 0x00
>>> pos 11
id 11  pos  2076  spd     0  load    0  12.1 V  32 C  err 0x00
>>> pos 11
id 11  pos  2076  spd     0  load    0  12.1 V  32 C  err 0x00
>>> pos 11
id 11  pos  2076  spd     0  load    0  12.1 V  32 C  err 0x00
>>> pos 11
id 11  pos  2076  spd     0  load    0  12.1 V  32 C  err 0x00
>>> pos 11
id 11  pos  2076  spd     0  load    0  12.1 V  32 C  err 0x00
>>> pos 11
id 11  pos  2076  spd     0  load    0  12.1 V  32 C  err 0x00
>>> pos 11
id 11  pos  2076  spd     0  load    0  12.1 V  32 C  err 0x00
>>> pos 11
id 11  pos  2076  spd     0  load    0  12.1 V  32 C  err 0x00
>>> pos 11
id 11  pos  2076  spd     0  load    0  12.1 V  32 C  err 0x00
>>> pos 11
id 11  pos  2076  spd     0  load    0  12.1 V  32 C  err 0x00
>>> pos 11
id 11  pos  2076  spd     0  load    0  12.1 V  32 C  err 0x00
>>> pos 11
id 11  pos  2076  spd     0  load    0  12.1 V  32 C  err 0x00
>>> pos 11
id 11  pos  2076  spd     0  load    0  12.1 V  32 C  err 0x00
>>> pos 11
id 11  pos  2076  spd     0  load    0  12.1 V  32 C  err 0x00
>>> pos 11
id 11  pos  2076  spd     0  load    0  12.1 V  32 C  err 0x00
>>> pos 11
id 11  pos  2076  spd     0  load    0  12.1 V  32 C  err 0x00
>>> pos 11
id 11  pos  2076  spd     0  load    0  12.1 V  32 C  err 0x00
>>> pos 11
id 11  pos  2076  spd     0  load    0  12.1 V  32 C  err 0x00
>>> pos 11
id 11  pos  2076  spd     0  load    0  12.1 V  32 C  err 0x00
>>> pos 11
id 11  pos  2076  spd     0  load    0  12.1 V  32 C  err 0x00
>>> pos 11
id 11  pos  2076  spd     0  load    0  12.1 V  32 C  err 0x00
>>> pos 11
id 11  pos  2076  spd     0  load    0  12.1 V  32 C  err 0x00
>>> pos 11
id 11  pos  2076  spd     0  load    0  12.1 V  32 C  err 0x00
>>> pos 11
id 11  pos  2076  spd     0  load    0  12.1 V  32 C  err 0x00
>>> pos 11
id 11  pos  2076  spd     0  load    0  12.1 V  32 C  err 0x00
>>> pos 11
id 11  pos  2076  spd     0  load    0  12.1 V  32 C  err 0x00
>>> pos 11
id 11  pos  2076  spd     0  load    0  12.1 V  32 C  err 0x00
>>> pos 11
id 11  pos  2076  spd     0  load    0  12.1 V  32 C  err 0x00
>>> pos 11
id 11  pos  2076  spd     0  load    0  12.1 V  32 C  err 0x00
>>> pos 11
id 11  pos  2076  spd     0  load    0  12.1 V  32 C  err 0x00
>>> pos 11
id 11  pos  2076  spd     0  load    0  12.1 V  32 C  err 0x00
>>> pos 11
id 11  pos  2076  spd     0  load    0  12.1 V  32 C  err 0x00
>>> pos 11
id 11  pos  2076  spd     0  load    0  12.1 V  32 C  err 0x00
>>> pos 11
id 11  pos  2076  spd     0  load    0  12.1 V  32 C  err 0x00
>>> pos 11
id 11  pos  2076  spd     0  load    0  12.1 V  32 C  err 0x00
>>> pos 11
id 11  pos  2076  spd     0  load    0  12.1 V  32 C  err 0x00
>>> pos 11
id 11  pos  2076  spd     0  load    0  12.1 V  32 C  err 0x00
>>> pos 11
id 11  pos  2076  spd     0  load    0  12.1 V  32 C  err 0x00
>>> pos 11
id 11  pos  2076  spd     0  load    0  12.1 V  32 C  err 0x00
>>> pos 11
id 11  pos  2076  spd     0  load    0  12.1 V  32 C  err 0x00
>>> pos 11
id 11  pos  2076  spd     0  load    0  12.1 V  32 C  err 0x00
>>> pos 11
id 11  pos  2076  spd     0  load    0  12.1 V  32 C  err 0x00
>>> pos 11
id 11  pos  2076  spd     0  load    0  12.1 V  32 C  err 0x00
>>> pos 11
id 11  pos  2076  spd     0  load    0  12.1 V  32 C  err 0x00
>>> pos 11
id 11  pos  2076  spd     0  load    0  12.1 V  32 C  err 0x00
>>> pos 11
id 11  pos  2076  spd     0  load    0  12.1 V  32 C  err 0x00
>>> pos 11
id 11  pos  2076  spd     0  load    0  12.1 V  32 C  err 0x00
>>> pos 11
id 11  pos  2076  spd     0  load    0  12.1 V  32 C  err 0x00
>>> pos 11
id 11  pos  2076  spd     0  load    0  12.1 V  32 C  err 0x00
>>> pos 11
id 11  pos  2076  spd     0  load    0  12.1 V  32 C  err 0x00
>>> pos 11
id 11  pos  2076  spd     0  load    0  12.1 V  32 C  err 0x00
>>> pos 11
id 11  pos  2076  spd     0  load    0  12.1 V  32 C  err 0x00
>>> pos 11
id 11  pos  2076  spd     0  load    0  12.1 V  32 C  err 0x00
>>> pos 11
id 11  pos  2076  spd     0  load    0  12.1 V  32 C  err 0x00
>>> pos 11
id 11  pos  2076  spd     0  load    0  12.1 V  32 C  err 0x00
>>> pos 11
id 11  pos  2076  spd     0  load    0  12.1 V  32 C  err 0x00
>>> pos 11
id 11  pos  2076  spd     0  load    0  12.1 V  32 C  err 0x00
>>> pos 11
id 11  pos  2076  spd     0  load    0  12.1 V  32 C  err 0x00
>>> pos 11
id 11  pos  2076  spd     0  load    0  12.1 V  32 C  err 0x00
>>> pos 11
id 11  pos  2076  spd     0  load    0  12.1 V  32 C  err 0x00
>>> pos 11
id 11  pos  2076  spd     0  load    0  12.1 V  32 C  err 0x00
>>> pos 11
id 11  pos  2076  spd     0  load    0  12.1 V  32 C  err 0x00
>>> pos 11
id 11  pos  2076  spd     0  load    0  12.1 V  32 C  err 0x00
>>> pos 11
id 11  pos  2076  spd     0  load    0  12.1 V  32 C  err 0x00
>>> pos 11
id 11  pos  2076  spd     0  load    0  12.1 V  32 C  err 0x00
>>> pos 11
id 11  pos  2076  spd     0  load    0  12.1 V  32 C  err 0x00
>>> pos 11
id 11  pos  2076  spd     0  load    0  12.1 V  32 C  err 0x00
>>> pos 11
id 11  pos  2076  spd     0  load    0  12.1 V  32 C  err 0x00
>>> pos 11
id 11  pos  2076  spd     0  load    0  12.1 V  32 C  err 0x00
>>> pos 11
id 11  pos  2076  spd     0  load    0  12.1 V  32 C  err 0x00
>>> move 11 2052 0 0
move id 11 -> 2052 ticks, 0 ms, spd 0, acc 0: ok
>>> pos 11
id 11  pos  2074  spd   -50  load  116  12.1 V  32 C  err 0x00
>>> pos 11
id 11  pos  2065  spd  -250  load   96  12.1 V  32 C  err 0x00
>>> pos 11
id 11  pos  2055  spd  -350  load  -56  12.1 V  32 C  err 0x00
>>> pos 11
id 11  pos  2054  spd     0  load   56  12.1 V  32 C  err 0x00
>>> pos 11
id 11  pos  2052  spd   -50  load  -36  12.1 V  32 C  err 0x00
>>> pos 11
id 11  pos  2052  spd     0  load    0  12.1 V  32 C  err 0x00
>>> pos 11
id 11  pos  2052  spd     0  load    0  12.1 V  32 C  err 0x00
>>> pos 11
id 11  pos  2052  spd     0  load    0  12.1 V  32 C  err 0x00
>>> pos 11
id 11  pos  2052  spd     0  load    0  12.1 V  32 C  err 0x00
>>> pos 11
id 11  pos  2052  spd     0  load    0  12.1 V  32 C  err 0x00
>>> pos 11
id 11  pos  2052  spd     0  load    0  12.1 V  32 C  err 0x00
>>> pos 11
id 11  pos  2052  spd     0  load    0  12.1 V  32 C  err 0x00
>>> pos 11
id 11  pos  2052  spd     0  load    0  12.1 V  32 C  err 0x00
>>> pos 11
id 11  pos  2052  spd     0  load    0  12.1 V  32 C  err 0x00
>>> pos 11
id 11  pos  2052  spd     0  load    0  12.1 V  32 C  err 0x00
>>> pos 11
id 11  pos  2052  spd     0  load    0  12.1 V  32 C  err 0x00
>>> pos 11
id 11  pos  2052  spd     0  load    0  12.1 V  32 C  err 0x00
>>> pos 11
id 11  pos  2052  spd     0  load    0  12.1 V  32 C  err 0x00
>>> pos 11
id 11  pos  2052  spd     0  load    0  12.1 V  32 C  err 0x00
>>> pos 11
id 11  pos  2052  spd     0  load    0  12.1 V  32 C  err 0x00
>>> pos 11
id 11  pos  2052  spd     0  load    0  12.1 V  32 C  err 0x00
>>> pos 11
id 11  pos  2052  spd     0  load    0  12.1 V  32 C  err 0x00
>>> pos 11
id 11  pos  2052  spd     0  load    0  12.1 V  32 C  err 0x00
>>> pos 11
id 11  pos  2052  spd     0  load    0  12.1 V  32 C  err 0x00
>>> pos 11
id 11  pos  2052  spd     0  load    0  12.1 V  32 C  err 0x00
>>> pos 11
id 11  pos  2052  spd     0  load    0  12.1 V  32 C  err 0x00
>>> pos 11
id 11  pos  2052  spd     0  load    0  12.1 V  32 C  err 0x00
>>> pos 11
id 11  pos  2052  spd     0  load    0  12.1 V  32 C  err 0x00
>>> pos 11
id 11  pos  2052  spd     0  load    0  12.1 V  32 C  err 0x00
>>> pos 11
id 11  pos  2052  spd     0  load    0  12.1 V  32 C  err 0x00
>>> pos 11
id 11  pos  2052  spd     0  load    0  12.1 V  32 C  err 0x00
>>> pos 11
id 11  pos  2052  spd     0  load    0  12.1 V  32 C  err 0x00
>>> pos 11
id 11  pos  2052  spd     0  load    0  12.1 V  32 C  err 0x00
>>> pos 11
id 11  pos  2052  spd     0  load    0  12.1 V  32 C  err 0x00
>>> pos 11
id 11  pos  2052  spd     0  load    0  12.1 V  32 C  err 0x00
>>> pos 11
id 11  pos  2052  spd     0  load    0  12.1 V  32 C  err 0x00
>>> pos 11
id 11  pos  2052  spd     0  load    0  12.1 V  32 C  err 0x00
>>> pos 11
id 11  pos  2052  spd     0  load    0  12.1 V  32 C  err 0x00
>>> pos 11
id 11  pos  2052  spd     0  load    0  12.1 V  32 C  err 0x00
>>> pos 11
id 11  pos  2052  spd     0  load    0  12.1 V  32 C  err 0x00
>>> pos 11
id 11  pos  2052  spd     0  load    0  12.1 V  32 C  err 0x00
>>> pos 11
id 11  pos  2052  spd     0  load    0  12.1 V  32 C  err 0x00
>>> pos 11
id 11  pos  2052  spd     0  load    0  12.1 V  32 C  err 0x00
>>> pos 11
id 11  pos  2052  spd     0  load    0  12.1 V  32 C  err 0x00
>>> pos 11
id 11  pos  2052  spd     0  load    0  12.1 V  32 C  err 0x00
>>> pos 11
id 11  pos  2052  spd     0  load    0  12.1 V  32 C  err 0x00
>>> pos 11
id 11  pos  2052  spd     0  load    0  12.1 V  32 C  err 0x00
>>> pos 11
id 11  pos  2052  spd     0  load    0  12.1 V  32 C  err 0x00
>>> pos 11
id 11  pos  2052  spd     0  load    0  12.1 V  32 C  err 0x00
>>> pos 11
id 11  pos  2052  spd     0  load    0  12.1 V  32 C  err 0x00
>>> pos 11
id 11  pos  2052  spd     0  load    0  12.1 V  32 C  err 0x00
>>> pos 11
id 11  pos  2052  spd     0  load    0  12.1 V  32 C  err 0x00
>>> pos 11
id 11  pos  2052  spd     0  load    0  12.1 V  32 C  err 0x00
>>> pos 11
id 11  pos  2052  spd     0  load    0  12.1 V  32 C  err 0x00
>>> pos 11
id 11  pos  2052  spd     0  load    0  12.1 V  32 C  err 0x00
>>> pos 11
id 11  pos  2052  spd     0  load    0  12.1 V  32 C  err 0x00
>>> pos 11
id 11  pos  2052  spd     0  load    0  12.1 V  32 C  err 0x00
>>> pos 11
id 11  pos  2052  spd     0  load    0  12.1 V  32 C  err 0x00
>>> pos 11
id 11  pos  2052  spd     0  load    0  12.1 V  32 C  err 0x00
>>> pos 11
id 11  pos  2052  spd     0  load    0  12.1 V  32 C  err 0x00
>>> pos 11
id 11  pos  2052  spd     0  load    0  12.1 V  32 C  err 0x00
>>> pos 11
id 11  pos  2052  spd     0  load    0  12.1 V  32 C  err 0x00
>>> pos 11
id 11  pos  2052  spd     0  load    0  12.1 V  32 C  err 0x00
>>> pos 11
id 11  pos  2052  spd     0  load    0  12.1 V  32 C  err 0x00
>>> pos 11
id 11  pos  2052  spd     0  load    0  12.1 V  32 C  err 0x00
>>> pos 11
id 11  pos  2052  spd     0  load    0  12.1 V  32 C  err 0x00
>>> pos 11
id 11  pos  2052  spd     0  load    0  12.1 V  32 C  err 0x00
>>> pos 11
id 11  pos  2052  spd     0  load    0  12.1 V  32 C  err 0x00
>>> pos 11
id 11  pos  2052  spd     0  load    0  12.1 V  32 C  err 0x00
>>> pos 11
id 11  pos  2052  spd     0  load    0  12.1 V  32 C  err 0x00
>>> pos 11
id 11  pos  2052  spd     0  load    0  12.1 V  32 C  err 0x00
>>> pos 11
id 11  pos  2052  spd     0  load    0  12.1 V  32 C  err 0x00
>>> pos 11
id 11  pos  2052  spd     0  load    0  12.1 V  32 C  err 0x00
>>> pos 11
id 11  pos  2052  spd     0  load    0  12.1 V  32 C  err 0x00
>>> pos 11
id 11  pos  2052  spd     0  load    0  12.1 V  32 C  err 0x00
>>> pos 11
id 11  pos  2052  spd     0  load    0  12.1 V  32 C  err 0x00
>>> pos 11
id 11  pos  2052  spd     0  load    0  12.1 V  32 C  err 0x00
>>> pos 11
id 11  pos  2052  spd     0  load    0  12.1 V  32 C  err 0x00
>>> pos 11
id 11  pos  2052  spd     0  load    0  12.1 V  32 C  err 0x00
>>> pos 11
id 11  pos  2052  spd     0  load    0  12.1 V  32 C  err 0x00
>>> pos 11
id 11  pos  2052  spd     0  load    0  12.1 V  32 C  err 0x00
>>> pos 11
id 11  pos  2052  spd     0  load    0  12.1 V  32 C  err 0x00
>>> pos 11
id 11  pos  2052  spd     0  load    0  12.1 V  32 C  err 0x00
>>> pos 11
id 11  pos  2052  spd     0  load    0  12.1 V  32 C  err 0x00
>>> pos 11
id 11  pos  2052  spd     0  load    0  12.1 V  32 C  err 0x00
>>> pos 11
id 11  pos  2052  spd     0  load    0  12.1 V  32 C  err 0x00
>>> pos 11
id 11  pos  2052  spd     0  load    0  12.1 V  32 C  err 0x00
>>> pos 11
id 11  pos  2052  spd     0  load    0  12.0 V  32 C  err 0x00
>>> pos 11
id 11  pos  2052  spd     0  load    0  12.1 V  32 C  err 0x00
>>> pos 11
id 11  pos  2052  spd     0  load    0  12.1 V  32 C  err 0x00
>>> pos 11
id 11  pos  2052  spd     0  load    0  12.1 V  32 C  err 0x00
>>> release 11
release 11: ok
>>> release 11
release 11: ok
>>> gains 11 128 32
id 11: writing P 128 D 32 to EEPROM (torque must be OFF; no goal is written) ...
id 11: FAILED (write-failed) -- EEPROM re-lock attempted; `gains 11` to see what the servo holds
>>> gains 11
id 11  P 128  D 32  I 0   expected P 32 D 32 -- MISMATCH
>>> reg 11 55 1
id 11 reg 55 = 1 (0x01)
# gains 128/32 FAILED (attempt 1); read back P 128 D 32, lock 1
>>> pos 11
id 11  pos  2052  spd     0  load    0  12.1 V  32 C  err 0x00
>>> torque 11
torque 11: ok
>>> pos 11
id 11  pos  2052  spd     0  load    0  12.1 V  32 C  err 0x00
>>> move 11 2052 0 100
move id 11 -> 2052 ticks, 0 ms, spd 100, acc 0: ok
>>> pos 11
id 11  pos  2052  spd     0  load    0  12.1 V  32 C  err 0x00
>>> pos 11
id 11  pos  2052  spd     0  load    0  12.1 V  32 C  err 0x00
>>> pos 11
id 11  pos  2052  spd     0  load    0  12.1 V  32 C  err 0x00
>>> pos 11
id 11  pos  2052  spd     0  load    0  12.1 V  32 C  err 0x00
>>> pos 11
id 11  pos  2052  spd     0  load    0  12.1 V  32 C  err 0x00
>>> pos 11
id 11  pos  2052  spd     0  load    0  12.1 V  32 C  err 0x00
>>> pos 11
id 11  pos  2052  spd     0  load    0  12.1 V  32 C  err 0x00
>>> pos 11
id 11  pos  2052  spd     0  load    0  12.1 V  32 C  err 0x00
>>> pos 11
id 11  pos  2052  spd     0  load    0  12.1 V  32 C  err 0x00
>>> pos 11
id 11  pos  2052  spd     0  load    0  12.1 V  32 C  err 0x00
>>> pos 11
id 11  pos  2052  spd     0  load    0  12.1 V  32 C  err 0x00
>>> pos 11
id 11  pos  2052  spd     0  load    0  12.1 V  32 C  err 0x00
>>> pos 11
id 11  pos  2052  spd     0  load    0  12.1 V  32 C  err 0x00
>>> pos 11
id 11  pos  2052  spd     0  load    0  12.1 V  32 C  err 0x00
>>> pos 11
id 11  pos  2052  spd     0  load    0  12.1 V  32 C  err 0x00
>>> pos 11
id 11  pos  2052  spd     0  load    0  12.1 V  32 C  err 0x00
>>> pos 11
id 11  pos  2052  spd     0  load    0  12.1 V  32 C  err 0x00
>>> pos 11
id 11  pos  2052  spd     0  load    0  12.1 V  32 C  err 0x00
>>> pos 11
id 11  pos  2052  spd     0  load    0  12.1 V  32 C  err 0x00
>>> pos 11
id 11  pos  2052  spd     0  load    0  12.1 V  32 C  err 0x00
>>> pos 11
id 11  pos  2052  spd     0  load    0  12.1 V  32 C  err 0x00
>>> pos 11
id 11  pos  2052  spd     0  load    0  12.1 V  32 C  err 0x00
>>> pos 11
id 11  pos  2052  spd     0  load    0  12.1 V  32 C  err 0x00
>>> pos 11
id 11  pos  2052  spd     0  load    0  12.1 V  32 C  err 0x00
>>> pos 11
id 11  pos  2052  spd     0  load    0  12.1 V  32 C  err 0x00
>>> pos 11
id 11  pos  2052  spd     0  load    0  12.1 V  32 C  err 0x00
>>> pos 11
id 11  pos  2052  spd     0  load    0  12.1 V  32 C  err 0x00
>>> pos 11
id 11  pos  2052  spd     0  load    0  12.1 V  32 C  err 0x00
>>> pos 11
id 11  pos  2052  spd     0  load    0  12.1 V  32 C  err 0x00
>>> pos 11
id 11  pos  2052  spd     0  load    0  12.1 V  32 C  err 0x00
>>> pos 11
id 11  pos  2052  spd     0  load    0  12.1 V  32 C  err 0x00
>>> pos 11
id 11  pos  2052  spd     0  load    0  12.1 V  32 C  err 0x00
>>> pos 11
id 11  pos  2052  spd     0  load    0  12.1 V  32 C  err 0x00
>>> pos 11
id 11  pos  2052  spd     0  load    0  12.1 V  32 C  err 0x00
>>> pos 11
id 11  pos  2052  spd     0  load    0  12.1 V  32 C  err 0x00
>>> pos 11
id 11  pos  2052  spd     0  load    0  12.1 V  32 C  err 0x00
>>> pos 11
id 11  pos  2052  spd     0  load    0  12.1 V  32 C  err 0x00
>>> pos 11
id 11  pos  2052  spd     0  load    0  12.1 V  32 C  err 0x00
>>> pos 11
id 11  pos  2052  spd     0  load    0  12.1 V  32 C  err 0x00
>>> pos 11
id 11  pos  2052  spd     0  load    0  12.1 V  32 C  err 0x00
>>> pos 11
id 11  pos  2052  spd     0  load    0  12.1 V  32 C  err 0x00
>>> pos 11
id 11  pos  2052  spd     0  load    0  12.1 V  32 C  err 0x00
>>> pos 11
id 11  pos  2052  spd     0  load    0  12.1 V  32 C  err 0x00
>>> pos 11
id 11  pos  2052  spd     0  load    0  12.1 V  32 C  err 0x00
>>> pos 11
id 11  pos  2052  spd     0  load    0  12.1 V  32 C  err 0x00
>>> pos 11
id 11  pos  2052  spd     0  load    0  12.1 V  32 C  err 0x00
>>> pos 11
id 11  pos  2052  spd     0  load    0  12.1 V  32 C  err 0x00
>>> pos 11
id 11  pos  2052  spd     0  load    0  12.1 V  32 C  err 0x00
>>> pos 11
id 11  pos  2052  spd     0  load    0  12.1 V  32 C  err 0x00
>>> pos 11
id 11  pos  2052  spd     0  load    0  12.1 V  32 C  err 0x00
>>> pos 11
id 11  pos  2052  spd     0  load    0  12.1 V  32 C  err 0x00
>>> pos 11
id 11  pos  2052  spd     0  load    0  12.1 V  32 C  err 0x00
>>> pos 11
id 11  pos  2052  spd     0  load    0  12.1 V  32 C  err 0x00
>>> pos 11
id 11  pos  2052  spd     0  load    0  12.1 V  32 C  err 0x00
>>> pos 11
id 11  pos  2052  spd     0  load    0  12.1 V  32 C  err 0x00
>>> pos 11
id 11  pos  2052  spd     0  load    0  12.1 V  32 C  err 0x00
>>> pos 11
id 11  pos  2052  spd     0  load    0  12.1 V  32 C  err 0x00
>>> pos 11
id 11  pos  2052  spd     0  load    0  12.1 V  32 C  err 0x00
>>> pos 11
id 11  pos  2052  spd     0  load    0  12.1 V  32 C  err 0x00
>>> pos 11
id 11  pos  2052  spd     0  load    0  12.1 V  32 C  err 0x00
>>> pos 11
id 11  pos  2052  spd     0  load    0  12.1 V  32 C  err 0x00
>>> pos 11
id 11  pos  2052  spd     0  load    0  12.1 V  32 C  err 0x00
>>> pos 11
id 11  pos  2052  spd     0  load    0  12.1 V  32 C  err 0x00
>>> pos 11
id 11  pos  2052  spd     0  load    0  12.1 V  32 C  err 0x00
>>> pos 11
id 11  pos  2052  spd     0  load    0  12.1 V  32 C  err 0x00
>>> pos 11
id 11  pos  2052  spd     0  load    0  12.1 V  32 C  err 0x00
>>> pos 11
id 11  pos  2052  spd     0  load    0  12.1 V  32 C  err 0x00
>>> pos 11
id 11  pos  2052  spd     0  load    0  12.1 V  32 C  err 0x00
>>> pos 11
id 11  pos  2052  spd     0  load    0  12.1 V  32 C  err 0x00
>>> pos 11
id 11  pos  2052  spd     0  load    0  12.1 V  32 C  err 0x00
>>> pos 11
id 11  pos  2052  spd     0  load    0  12.1 V  32 C  err 0x00
>>> pos 11
id 11  pos  2052  spd     0  load    0  12.1 V  32 C  err 0x00
>>> pos 11
id 11  pos  2052  spd     0  load    0  12.1 V  32 C  err 0x00
>>> pos 11
id 11  pos  2052  spd     0  load    0  12.1 V  32 C  err 0x00
>>> pos 11
id 11  pos  2052  spd     0  load    0  12.1 V  32 C  err 0x00
>>> pos 11
id 11  pos  2052  spd     0  load    0  12.1 V  32 C  err 0x00
>>> pos 11
id 11  pos  2052  spd     0  load    0  12.1 V  32 C  err 0x00
>>> pos 11
id 11  pos  2052  spd     0  load    0  12.1 V  32 C  err 0x00
>>> pos 11
id 11  pos  2052  spd     0  load    0  12.1 V  32 C  err 0x00
>>> pos 11
id 11  pos  2052  spd     0  load    0  12.1 V  32 C  err 0x00
>>> pos 11
id 11  pos  2052  spd     0  load    0  12.1 V  32 C  err 0x00
>>> pos 11
id 11  pos  2052  spd     0  load    0  12.1 V  32 C  err 0x00
>>> pos 11
id 11  pos  2052  spd     0  load    0  12.1 V  32 C  err 0x00
>>> pos 11
id 11  pos  2052  spd     0  load    0  12.1 V  32 C  err 0x00
>>> pos 11
id 11  pos  2052  spd     0  load    0  12.1 V  32 C  err 0x00
>>> pos 11
id 11  pos  2052  spd     0  load    0  12.1 V  32 C  err 0x00
>>> pos 11
id 11  pos  2052  spd     0  load    0  12.1 V  32 C  err 0x00
>>> pos 11
id 11  pos  2052  spd     0  load    0  12.1 V  32 C  err 0x00
>>> pos 11
id 11  pos  2052  spd     0  load    0  12.1 V  32 C  err 0x00
>>> pos 11
id 11  pos  2052  spd     0  load    0  12.1 V  32 C  err 0x00
>>> pos 11
id 11  pos  2052  spd     0  load    0  12.1 V  32 C  err 0x00
>>> pos 11
id 11  pos  2052  spd     0  load    0  12.1 V  32 C  err 0x00
>>> pos 11
id 11  pos  2052  spd     0  load    0  12.1 V  32 C  err 0x00
>>> pos 11
id 11  pos  2052  spd     0  load    0  12.1 V  32 C  err 0x00
>>> pos 11
id 11  pos  2052  spd     0  load    0  12.1 V  32 C  err 0x00
>>> pos 11
id 11  pos  2052  spd     0  load    0  12.1 V  32 C  err 0x00
>>> pos 11
id 11  pos  2052  spd     0  load    0  12.1 V  32 C  err 0x00
>>> pos 11
id 11  pos  2052  spd     0  load    0  12.1 V  32 C  err 0x00
>>> pos 11
id 11  pos  2052  spd     0  load    0  12.1 V  32 C  err 0x00
>>> pos 11
id 11  pos  2052  spd     0  load    0  12.1 V  32 C  err 0x00
>>> pos 11
id 11  pos  2052  spd     0  load    0  12.1 V  32 C  err 0x00
>>> pos 11
id 11  pos  2052  spd     0  load    0  12.1 V  32 C  err 0x00
>>> pos 11
id 11  pos  2052  spd     0  load    0  12.1 V  32 C  err 0x00
>>> pos 11
id 11  pos  2052  spd     0  load    0  12.1 V  32 C  err 0x00
>>> pos 11
id 11  pos  2052  spd     0  load    0  12.1 V  32 C  err 0x00
>>> pos 11
id 11  pos  2052  spd     0  load    0  12.1 V  32 C  err 0x00
>>> pos 11
id 11  pos  2052  spd     0  load    0  12.1 V  32 C  err 0x00
>>> pos 11
id 11  pos  2052  spd     0  load    0  12.1 V  32 C  err 0x00
>>> pos 11
id 11  pos  2052  spd     0  load    0  12.1 V  32 C  err 0x00
>>> pos 11
id 11  pos  2052  spd     0  load    0  12.1 V  32 C  err 0x00
>>> pos 11
id 11  pos  2052  spd     0  load    0  12.1 V  32 C  err 0x00
>>> pos 11
id 11  pos  2052  spd     0  load    0  12.1 V  32 C  err 0x00
>>> pos 11
id 11  pos  2052  spd     0  load    0  12.1 V  32 C  err 0x00
>>> pos 11
id 11  pos  2052  spd     0  load    0  12.1 V  32 C  err 0x00
>>> pos 11
id 11  pos  2052  spd     0  load    0  12.1 V  32 C  err 0x00
>>> pos 11
id 11  pos  2052  spd     0  load    0  12.1 V  32 C  err 0x00
>>> pos 11
id 11  pos  2052  spd     0  load    0  12.1 V  32 C  err 0x00
>>> pos 11
id 11  pos  2052  spd     0  load    0  12.1 V  32 C  err 0x00
>>> pos 11
id 11  pos  2052  spd     0  load    0  12.1 V  32 C  err 0x00
>>> pos 11
id 11  pos  2052  spd     0  load    0  12.1 V  32 C  err 0x00
>>> pos 11
id 11  pos  2052  spd     0  load    0  12.1 V  32 C  err 0x00
>>> pos 11
id 11  pos  2052  spd     0  load    0  12.1 V  32 C  err 0x00
>>> pos 11
id 11  pos  2052  spd     0  load    0  12.1 V  32 C  err 0x00
>>> pos 11
id 11  pos  2052  spd     0  load    0  12.1 V  32 C  err 0x00
>>> pos 11
id 11  pos  2052  spd     0  load    0  12.1 V  32 C  err 0x00
>>> pos 11
id 11  pos  2052  spd     0  load    0  12.1 V  32 C  err 0x00
>>> pos 11
id 11  pos  2052  spd     0  load    0  12.1 V  32 C  err 0x00
>>> pos 11
id 11  pos  2052  spd     0  load    0  12.1 V  32 C  err 0x00
>>> pos 11
id 11  pos  2052  spd     0  load    0  12.1 V  32 C  err 0x00
>>> pos 11
id 11  pos  2052  spd     0  load    0  12.1 V  32 C  err 0x00
>>> pos 11
id 11  pos  2052  spd     0  load    0  12.1 V  32 C  err 0x00
>>> pos 11
id 11  pos  2052  spd     0  load    0  12.1 V  32 C  err 0x00
>>> pos 11
id 11  pos  2052  spd     0  load    0  12.1 V  32 C  err 0x00
>>> pos 11
id 11  pos  2052  spd     0  load    0  12.1 V  32 C  err 0x00
>>> pos 11
id 11  pos  2052  spd     0  load    0  12.1 V  32 C  err 0x00
>>> pos 11
id 11  pos  2052  spd     0  load    0  12.1 V  32 C  err 0x00
>>> pos 11
id 11  pos  2052  spd     0  load    0  12.1 V  32 C  err 0x00
>>> pos 11
id 11  pos  2052  spd     0  load    0  12.1 V  32 C  err 0x00
>>> pos 11
id 11  pos  2052  spd     0  load    0  12.1 V  32 C  err 0x00
>>> pos 11
id 11  pos  2052  spd     0  load    0  12.1 V  32 C  err 0x00
>>> pos 11
id 11  pos  2052  spd     0  load    0  12.1 V  32 C  err 0x00
>>> pos 11
id 11  pos  2052  spd     0  load    0  12.1 V  32 C  err 0x00
>>> pos 11
id 11  pos  2052  spd     0  load    0  12.1 V  32 C  err 0x00
>>> pos 11
id 11  pos  2052  spd     0  load    0  12.1 V  32 C  err 0x00
>>> pos 11
id 11  pos  2052  spd     0  load    0  12.1 V  32 C  err 0x00
>>> pos 11
id 11  pos  2052  spd     0  load    0  12.1 V  32 C  err 0x00
>>> pos 11
id 11  pos  2052  spd     0  load    0  12.1 V  32 C  err 0x00
>>> pos 11
id 11  pos  2052  spd     0  load    0  12.1 V  32 C  err 0x00
>>> pos 11
id 11  pos  2052  spd     0  load    0  12.1 V  32 C  err 0x00
>>> pos 11
id 11  pos  2052  spd     0  load    0  12.1 V  32 C  err 0x00
>>> pos 11
id 11  pos  2052  spd     0  load    0  12.1 V  32 C  err 0x00
>>> pos 11
id 11  pos  2052  spd     0  load    0  12.1 V  32 C  err 0x00
>>> move 11 2075 0 0
move id 11 -> 2075 ticks, 0 ms, spd 0, acc 0: ok
>>> pos 11
id 11  pos  2052  spd     0  load  -80  12.1 V  32 C  err 0x00
>>> pos 11
id 11  pos  2060  spd   200  load -116  12.1 V  32 C  err 0x00
>>> pos 11
id 11  pos  2070  spd   300  load  -36  12.1 V  32 C  err 0x00
>>> pos 11
id 11  pos  2074  spd   150  load    0  12.1 V  32 C  err 0x00
>>> pos 11
id 11  pos  2074  spd     0  load    0  12.1 V  32 C  err 0x00
>>> pos 11
id 11  pos  2074  spd     0  load    0  12.1 V  32 C  err 0x00
>>> pos 11
id 11  pos  2074  spd     0  load    0  12.1 V  32 C  err 0x00
>>> pos 11
id 11  pos  2074  spd     0  load    0  12.1 V  32 C  err 0x00
>>> pos 11
id 11  pos  2074  spd     0  load    0  12.1 V  32 C  err 0x00
>>> pos 11
id 11  pos  2074  spd     0  load    0  12.1 V  32 C  err 0x00
>>> pos 11
id 11  pos  2074  spd     0  load    0  12.1 V  32 C  err 0x00
>>> pos 11
id 11  pos  2074  spd     0  load    0  12.1 V  32 C  err 0x00
>>> pos 11
id 11  pos  2074  spd     0  load    0  12.1 V  32 C  err 0x00
>>> pos 11
id 11  pos  2074  spd     0  load    0  12.1 V  32 C  err 0x00
>>> pos 11
id 11  pos  2074  spd     0  load    0  12.1 V  32 C  err 0x00
>>> pos 11
id 11  pos  2074  spd     0  load    0  12.1 V  32 C  err 0x00
>>> pos 11
id 11  pos  2074  spd     0  load    0  12.1 V  32 C  err 0x00
>>> pos 11
id 11  pos  2074  spd     0  load    0  12.1 V  32 C  err 0x00
>>> pos 11
id 11  pos  2074  spd     0  load    0  12.1 V  32 C  err 0x00
>>> pos 11
id 11  pos  2074  spd     0  load    0  12.1 V  32 C  err 0x00
>>> pos 11
id 11  pos  2074  spd     0  load    0  12.1 V  32 C  err 0x00
>>> pos 11
id 11  pos  2074  spd     0  load    0  12.1 V  32 C  err 0x00
>>> pos 11
id 11  pos  2074  spd     0  load    0  12.1 V  32 C  err 0x00
>>> pos 11
id 11  pos  2074  spd     0  load    0  12.1 V  32 C  err 0x00
>>> pos 11
id 11  pos  2074  spd     0  load    0  12.1 V  32 C  err 0x00
>>> pos 11
id 11  pos  2074  spd     0  load    0  12.1 V  32 C  err 0x00
>>> pos 11
id 11  pos  2074  spd     0  load    0  12.1 V  32 C  err 0x00
>>> pos 11
id 11  pos  2074  spd     0  load    0  12.1 V  32 C  err 0x00
>>> pos 11
id 11  pos  2074  spd     0  load    0  12.1 V  32 C  err 0x00
>>> pos 11
id 11  pos  2074  spd     0  load    0  12.1 V  32 C  err 0x00
>>> pos 11
id 11  pos  2074  spd     0  load    0  12.1 V  32 C  err 0x00
>>> pos 11
id 11  pos  2074  spd     0  load    0  12.1 V  32 C  err 0x00
>>> pos 11
id 11  pos  2074  spd     0  load    0  12.1 V  32 C  err 0x00
>>> pos 11
id 11  pos  2074  spd     0  load    0  12.1 V  32 C  err 0x00
>>> pos 11
id 11  pos  2074  spd     0  load    0  12.1 V  32 C  err 0x00
>>> pos 11
id 11  pos  2074  spd     0  load    0  12.1 V  32 C  err 0x00
>>> pos 11
id 11  pos  2074  spd     0  load    0  12.1 V  32 C  err 0x00
>>> pos 11
id 11  pos  2074  spd     0  load    0  12.1 V  32 C  err 0x00
>>> pos 11
id 11  pos  2074  spd     0  load    0  12.1 V  32 C  err 0x00
>>> pos 11
id 11  pos  2074  spd     0  load    0  12.1 V  32 C  err 0x00
>>> pos 11
id 11  pos  2074  spd     0  load    0  12.1 V  32 C  err 0x00
>>> pos 11
id 11  pos  2074  spd     0  load    0  12.1 V  32 C  err 0x00
>>> pos 11
id 11  pos  2074  spd     0  load    0  12.1 V  32 C  err 0x00
>>> pos 11
id 11  pos  2074  spd     0  load    0  12.1 V  32 C  err 0x00
>>> pos 11
id 11  pos  2074  spd     0  load    0  12.1 V  32 C  err 0x00
>>> pos 11
id 11  pos  2074  spd     0  load    0  12.1 V  32 C  err 0x00
>>> pos 11
id 11  pos  2074  spd     0  load    0  12.1 V  32 C  err 0x00
>>> pos 11
id 11  pos  2074  spd     0  load    0  12.1 V  32 C  err 0x00
>>> pos 11
id 11  pos  2074  spd     0  load    0  12.1 V  32 C  err 0x00
>>> pos 11
id 11  pos  2074  spd     0  load    0  12.1 V  32 C  err 0x00
>>> pos 11
id 11  pos  2074  spd     0  load    0  12.1 V  32 C  err 0x00
>>> pos 11
id 11  pos  2074  spd     0  load    0  12.1 V  32 C  err 0x00
>>> pos 11
id 11  pos  2074  spd     0  load    0  12.1 V  32 C  err 0x00
>>> pos 11
id 11  pos  2074  spd     0  load    0  12.1 V  32 C  err 0x00
>>> pos 11
id 11  pos  2074  spd     0  load    0  12.1 V  32 C  err 0x00
>>> pos 11
id 11  pos  2074  spd     0  load    0  12.1 V  32 C  err 0x00
>>> pos 11
id 11  pos  2074  spd     0  load    0  12.1 V  32 C  err 0x00
>>> pos 11
id 11  pos  2074  spd     0  load    0  12.1 V  32 C  err 0x00
>>> pos 11
id 11  pos  2074  spd     0  load    0  12.1 V  32 C  err 0x00
>>> pos 11
id 11  pos  2074  spd     0  load    0  12.1 V  32 C  err 0x00
>>> pos 11
id 11  pos  2074  spd     0  load    0  12.1 V  32 C  err 0x00
>>> pos 11
id 11  pos  2074  spd     0  load    0  12.1 V  32 C  err 0x00
>>> pos 11
id 11  pos  2074  spd     0  load    0  12.1 V  32 C  err 0x00
>>> pos 11
id 11  pos  2074  spd     0  load    0  12.1 V  32 C  err 0x00
>>> pos 11
id 11  pos  2074  spd     0  load    0  12.1 V  32 C  err 0x00
>>> pos 11
id 11  pos  2074  spd     0  load    0  12.1 V  32 C  err 0x00
>>> pos 11
id 11  pos  2074  spd     0  load    0  12.1 V  32 C  err 0x00
>>> pos 11
id 11  pos  2074  spd     0  load    0  12.1 V  32 C  err 0x00
>>> pos 11
id 11  pos  2074  spd     0  load    0  12.1 V  32 C  err 0x00
>>> pos 11
id 11  pos  2074  spd     0  load    0  12.1 V  32 C  err 0x00
>>> pos 11
id 11  pos  2074  spd     0  load    0  12.1 V  32 C  err 0x00
>>> pos 11
id 11  pos  2074  spd     0  load    0  12.1 V  32 C  err 0x00
>>> pos 11
id 11  pos  2074  spd     0  load    0  12.1 V  32 C  err 0x00
>>> pos 11
id 11  pos  2074  spd     0  load    0  12.1 V  32 C  err 0x00
>>> pos 11
id 11  pos  2074  spd     0  load    0  12.1 V  32 C  err 0x00
>>> pos 11
id 11  pos  2074  spd     0  load    0  12.1 V  32 C  err 0x00
>>> pos 11
id 11  pos  2074  spd     0  load    0  12.1 V  32 C  err 0x00
>>> pos 11
id 11  pos  2074  spd     0  load    0  12.1 V  32 C  err 0x00
>>> pos 11
id 11  pos  2074  spd     0  load    0  12.1 V  32 C  err 0x00
>>> pos 11
id 11  pos  2074  spd     0  load    0  12.1 V  32 C  err 0x00
>>> pos 11
id 11  pos  2074  spd     0  load    0  12.1 V  32 C  err 0x00
>>> pos 11
id 11  pos  2074  spd     0  load    0  12.1 V  32 C  err 0x00
>>> pos 11
id 11  pos  2074  spd     0  load    0  12.1 V  32 C  err 0x00
>>> pos 11
id 11  pos  2074  spd     0  load    0  12.1 V  32 C  err 0x00
>>> pos 11
id 11  pos  2074  spd     0  load    0  12.1 V  32 C  err 0x00
>>> pos 11
id 11  pos  2074  spd     0  load    0  12.1 V  32 C  err 0x00
>>> pos 11
id 11  pos  2074  spd     0  load    0  12.1 V  32 C  err 0x00
>>> pos 11
id 11  pos  2074  spd     0  load    0  12.1 V  32 C  err 0x00
>>> pos 11
id 11  pos  2074  spd     0  load    0  12.1 V  32 C  err 0x00
>>> pos 11
id 11  pos  2074  spd     0  load    0  12.1 V  32 C  err 0x00
>>> pos 11
id 11  pos  2074  spd     0  load    0  12.1 V  32 C  err 0x00
>>> move 11 2052 0 0
move id 11 -> 2052 ticks, 0 ms, spd 0, acc 0: ok
>>> pos 11
id 11  pos  2074  spd     0  load   88  12.1 V  32 C  err 0x00
>>> pos 11
id 11  pos  2067  spd     0  load  160  12.1 V  32 C  err 0x00
>>> pos 11
id 11  pos  2055  spd  -500  load  -28  12.1 V  32 C  err 0x00
>>> pos 11
id 11  pos  2053  spd     0  load  -20  12.1 V  32 C  err 0x00
>>> pos 11
id 11  pos  2052  spd  -100  load    0  12.1 V  32 C  err 0x00
>>> pos 11
id 11  pos  2052  spd     0  load    0  12.1 V  32 C  err 0x00
>>> pos 11
id 11  pos  2052  spd     0  load    0  12.1 V  32 C  err 0x00
>>> pos 11
id 11  pos  2052  spd     0  load    0  12.1 V  32 C  err 0x00
>>> pos 11
id 11  pos  2052  spd     0  load    0  12.1 V  32 C  err 0x00
>>> pos 11
id 11  pos  2052  spd     0  load    0  12.1 V  32 C  err 0x00
>>> pos 11
id 11  pos  2052  spd     0  load    0  12.1 V  32 C  err 0x00
>>> pos 11
id 11  pos  2052  spd     0  load    0  12.1 V  32 C  err 0x00
>>> pos 11
id 11  pos  2052  spd     0  load    0  12.1 V  32 C  err 0x00
>>> pos 11
id 11  pos  2052  spd     0  load    0  12.1 V  32 C  err 0x00
>>> pos 11
id 11  pos  2052  spd     0  load    0  12.1 V  32 C  err 0x00
>>> pos 11
id 11  pos  2052  spd     0  load    0  12.1 V  32 C  err 0x00
>>> pos 11
id 11  pos  2052  spd     0  load    0  12.1 V  32 C  err 0x00
>>> pos 11
id 11  pos  2052  spd     0  load    0  12.1 V  32 C  err 0x00
>>> pos 11
id 11  pos  2052  spd     0  load    0  12.1 V  32 C  err 0x00
>>> pos 11
id 11  pos  2052  spd     0  load    0  12.1 V  32 C  err 0x00
>>> pos 11
id 11  pos  2052  spd     0  load    0  12.1 V  32 C  err 0x00
>>> pos 11
id 11  pos  2052  spd     0  load    0  12.1 V  32 C  err 0x00
>>> pos 11
id 11  pos  2052  spd     0  load    0  12.1 V  32 C  err 0x00
>>> pos 11
id 11  pos  2052  spd     0  load    0  12.1 V  32 C  err 0x00
>>> pos 11
id 11  pos  2052  spd     0  load    0  12.1 V  32 C  err 0x00
>>> pos 11
id 11  pos  2052  spd     0  load    0  12.1 V  32 C  err 0x00
>>> pos 11
id 11  pos  2052  spd     0  load    0  12.1 V  32 C  err 0x00
>>> pos 11
id 11  pos  2052  spd     0  load    0  12.1 V  32 C  err 0x00
>>> pos 11
id 11  pos  2052  spd     0  load    0  12.1 V  32 C  err 0x00
>>> pos 11
id 11  pos  2052  spd     0  load    0  12.1 V  32 C  err 0x00
>>> pos 11
id 11  pos  2052  spd     0  load    0  12.1 V  32 C  err 0x00
>>> pos 11
id 11  pos  2052  spd     0  load    0  12.1 V  32 C  err 0x00
>>> pos 11
id 11  pos  2052  spd     0  load    0  12.1 V  32 C  err 0x00
>>> pos 11
id 11  pos  2052  spd     0  load    0  12.1 V  32 C  err 0x00
>>> pos 11
id 11  pos  2052  spd     0  load    0  12.1 V  32 C  err 0x00
>>> pos 11
id 11  pos  2052  spd     0  load    0  12.1 V  32 C  err 0x00
>>> pos 11
id 11  pos  2052  spd     0  load    0  12.1 V  32 C  err 0x00
>>> pos 11
id 11  pos  2052  spd     0  load    0  12.1 V  32 C  err 0x00
>>> pos 11
id 11  pos  2052  spd     0  load    0  12.1 V  32 C  err 0x00
>>> pos 11
id 11  pos  2052  spd     0  load    0  12.1 V  32 C  err 0x00
>>> pos 11
id 11  pos  2052  spd     0  load    0  12.1 V  32 C  err 0x00
>>> pos 11
id 11  pos  2052  spd     0  load    0  12.1 V  32 C  err 0x00
>>> pos 11
id 11  pos  2052  spd     0  load    0  12.1 V  32 C  err 0x00
>>> pos 11
id 11  pos  2052  spd     0  load    0  12.1 V  32 C  err 0x00
>>> pos 11
id 11  pos  2052  spd     0  load    0  12.1 V  32 C  err 0x00
>>> pos 11
id 11  pos  2052  spd     0  load    0  12.1 V  32 C  err 0x00
>>> pos 11
id 11  pos  2052  spd     0  load    0  12.1 V  32 C  err 0x00
>>> pos 11
id 11  pos  2052  spd     0  load    0  12.1 V  32 C  err 0x00
>>> pos 11
id 11  pos  2052  spd     0  load    0  12.1 V  32 C  err 0x00
>>> pos 11
id 11  pos  2052  spd     0  load    0  12.1 V  32 C  err 0x00
>>> pos 11
id 11  pos  2052  spd     0  load    0  12.1 V  32 C  err 0x00
>>> pos 11
id 11  pos  2052  spd     0  load    0  12.1 V  32 C  err 0x00
>>> pos 11
id 11  pos  2052  spd     0  load    0  12.1 V  32 C  err 0x00
>>> pos 11
id 11  pos  2052  spd     0  load    0  12.1 V  32 C  err 0x00
>>> pos 11
id 11  pos  2052  spd     0  load    0  12.1 V  32 C  err 0x00
>>> pos 11
id 11  pos  2052  spd     0  load    0  12.1 V  32 C  err 0x00
>>> pos 11
id 11  pos  2052  spd     0  load    0  12.1 V  32 C  err 0x00
>>> pos 11
id 11  pos  2052  spd     0  load    0  12.1 V  32 C  err 0x00
>>> pos 11
id 11  pos  2052  spd     0  load    0  12.1 V  32 C  err 0x00
>>> pos 11
id 11  pos  2052  spd     0  load    0  12.1 V  32 C  err 0x00
>>> pos 11
id 11  pos  2052  spd     0  load    0  12.1 V  32 C  err 0x00
>>> pos 11
id 11  pos  2052  spd     0  load    0  12.1 V  32 C  err 0x00
>>> pos 11
id 11  pos  2052  spd     0  load    0  12.1 V  32 C  err 0x00
>>> pos 11
id 11  pos  2052  spd     0  load    0  12.1 V  32 C  err 0x00
>>> pos 11
id 11  pos  2052  spd     0  load    0  12.1 V  32 C  err 0x00
>>> pos 11
id 11  pos  2052  spd     0  load    0  12.1 V  32 C  err 0x00
>>> pos 11
id 11  pos  2052  spd     0  load    0  12.1 V  32 C  err 0x00
>>> pos 11
id 11  pos  2052  spd     0  load    0  12.1 V  32 C  err 0x00
>>> pos 11
id 11  pos  2052  spd     0  load    0  12.1 V  32 C  err 0x00
>>> pos 11
id 11  pos  2052  spd     0  load    0  12.1 V  32 C  err 0x00
>>> pos 11
id 11  pos  2052  spd     0  load    0  12.1 V  32 C  err 0x00
>>> pos 11
id 11  pos  2052  spd     0  load    0  12.1 V  32 C  err 0x00
>>> pos 11
id 11  pos  2052  spd     0  load    0  12.1 V  32 C  err 0x00
>>> pos 11
id 11  pos  2052  spd     0  load    0  12.1 V  32 C  err 0x00
>>> pos 11
id 11  pos  2052  spd     0  load    0  12.1 V  32 C  err 0x00
>>> pos 11
id 11  pos  2052  spd     0  load    0  12.1 V  32 C  err 0x00
>>> pos 11
id 11  pos  2052  spd     0  load    0  12.1 V  32 C  err 0x00
>>> pos 11
id 11  pos  2052  spd     0  load    0  12.1 V  32 C  err 0x00
>>> pos 11
id 11  pos  2052  spd     0  load    0  12.1 V  32 C  err 0x00
>>> pos 11
id 11  pos  2052  spd     0  load    0  12.1 V  32 C  err 0x00
>>> pos 11
id 11  pos  2052  spd     0  load    0  12.1 V  32 C  err 0x00
>>> pos 11
id 11  pos  2052  spd     0  load    0  12.1 V  32 C  err 0x00
>>> pos 11
id 11  pos  2052  spd     0  load    0  12.1 V  32 C  err 0x00
>>> pos 11
id 11  pos  2052  spd     0  load    0  12.1 V  32 C  err 0x00
>>> pos 11
id 11  pos  2052  spd     0  load    0  12.1 V  32 C  err 0x00
>>> pos 11
id 11  pos  2052  spd     0  load    0  12.1 V  32 C  err 0x00
>>> pos 11
id 11  pos  2052  spd     0  load    0  12.1 V  32 C  err 0x00
>>> pos 11
id 11  pos  2052  spd     0  load    0  12.1 V  31 C  err 0x00
>>> pos 11
id 11  pos  2052  spd     0  load    0  12.1 V  32 C  err 0x00
>>> pos 11
id 11  pos  2052  spd     0  load    0  12.1 V  32 C  err 0x00
>>> pos 11
id 11  pos  2052  spd     0  load    0  12.1 V  32 C  err 0x00
>>> release 11
release 11: ok
>>> release 11
release 11: ok
>>> gains 11 160 32
id 11: writing P 160 D 32 to EEPROM (torque must be OFF; no goal is written) ...
id 11: P 160 D 32, verified after commit -- safe to power down
  note: the robot EXPECTS P 32 D 32 on id 11 (servo_gains.h): arming refuses until they agree
>>> gains 11
id 11  P 160  D 32  I 0   expected P 32 D 32 -- MISMATCH
>>> pos 11
id 11  pos  2052  spd     0  load    0  12.1 V  32 C  err 0x00
>>> torque 11
torque 11: ok
>>> pos 11
id 11  pos  2052  spd     0  load    0  12.1 V  32 C  err 0x00
>>> move 11 2052 0 100
move id 11 -> 2052 ticks, 0 ms, spd 100, acc 0: ok
>>> pos 11
id 11  pos  2052  spd     0  load    0  12.1 V  32 C  err 0x00
>>> pos 11
id 11  pos  2052  spd     0  load    0  11.9 V  32 C  err 0x00
>>> pos 11
id 11  pos  2052  spd     0  load    0  12.1 V  32 C  err 0x00
>>> pos 11
id 11  pos  2052  spd     0  load    0  12.1 V  32 C  err 0x00
>>> pos 11
id 11  pos  2052  spd     0  load    0  12.1 V  32 C  err 0x00
>>> pos 11
id 11  pos  2052  spd     0  load    0  12.1 V  32 C  err 0x00
>>> pos 11
id 11  pos  2052  spd     0  load    0  12.1 V  32 C  err 0x00
>>> pos 11
id 11  pos  2052  spd     0  load    0  12.1 V  32 C  err 0x00
>>> pos 11
id 11  pos  2052  spd     0  load    0  12.1 V  32 C  err 0x00
>>> pos 11
id 11  pos  2052  spd     0  load    0  12.1 V  32 C  err 0x00
>>> pos 11
id 11  pos  2052  spd     0  load    0  12.1 V  32 C  err 0x00
>>> pos 11
id 11  pos  2052  spd     0  load    0  12.1 V  32 C  err 0x00
>>> pos 11
id 11  pos  2052  spd     0  load    0  12.1 V  32 C  err 0x00
>>> pos 11
id 11  pos  2052  spd     0  load    0  12.1 V  32 C  err 0x00
>>> pos 11
id 11  pos  2052  spd     0  load    0  12.1 V  32 C  err 0x00
>>> pos 11
id 11  pos  2052  spd     0  load    0  12.1 V  32 C  err 0x00
>>> pos 11
id 11  pos  2052  spd     0  load    0  12.1 V  32 C  err 0x00
>>> pos 11
id 11  pos  2052  spd     0  load    0  12.1 V  32 C  err 0x00
>>> pos 11
id 11  pos  2052  spd     0  load    0  12.1 V  32 C  err 0x00
>>> pos 11
id 11  pos  2052  spd     0  load    0  12.1 V  32 C  err 0x00
>>> pos 11
id 11  pos  2052  spd     0  load    0  12.1 V  32 C  err 0x00
>>> pos 11
id 11  pos  2052  spd     0  load    0  12.1 V  32 C  err 0x00
>>> pos 11
id 11  pos  2052  spd     0  load    0  12.1 V  32 C  err 0x00
>>> pos 11
id 11  pos  2052  spd     0  load    0  12.1 V  32 C  err 0x00
>>> pos 11
id 11  pos  2052  spd     0  load    0  12.1 V  32 C  err 0x00
>>> pos 11
id 11  pos  2052  spd     0  load    0  12.1 V  32 C  err 0x00
>>> pos 11
id 11  pos  2052  spd     0  load    0  12.1 V  32 C  err 0x00
>>> pos 11
id 11  pos  2052  spd     0  load    0  12.1 V  32 C  err 0x00
>>> pos 11
id 11  pos  2052  spd     0  load    0  12.1 V  32 C  err 0x00
>>> pos 11
id 11  pos  2052  spd     0  load    0  12.1 V  32 C  err 0x00
>>> pos 11
id 11  pos  2052  spd     0  load    0  12.1 V  32 C  err 0x00
>>> pos 11
id 11  pos  2052  spd     0  load    0  12.1 V  32 C  err 0x00
>>> pos 11
id 11  pos  2052  spd     0  load    0  12.1 V  32 C  err 0x00
>>> pos 11
id 11  pos  2052  spd     0  load    0  12.1 V  32 C  err 0x00
>>> pos 11
id 11  pos  2052  spd     0  load    0  12.1 V  32 C  err 0x00
>>> pos 11
id 11  pos  2052  spd     0  load    0  12.1 V  32 C  err 0x00
>>> pos 11
id 11  pos  2052  spd     0  load    0  12.1 V  32 C  err 0x00
>>> pos 11
id 11  pos  2052  spd     0  load    0  12.1 V  32 C  err 0x00
>>> pos 11
id 11  pos  2052  spd     0  load    0  12.1 V  32 C  err 0x00
>>> pos 11
id 11  pos  2052  spd     0  load    0  12.1 V  32 C  err 0x00
>>> pos 11
id 11  pos  2052  spd     0  load    0  12.1 V  32 C  err 0x00
>>> pos 11
id 11  pos  2052  spd     0  load    0  12.1 V  32 C  err 0x00
>>> pos 11
id 11  pos  2052  spd     0  load    0  12.1 V  32 C  err 0x00
>>> pos 11
id 11  pos  2052  spd     0  load    0  12.1 V  32 C  err 0x00
>>> pos 11
id 11  pos  2052  spd     0  load    0  12.1 V  32 C  err 0x00
>>> pos 11
id 11  pos  2052  spd     0  load    0  12.1 V  32 C  err 0x00
>>> pos 11
id 11  pos  2052  spd     0  load    0  12.1 V  32 C  err 0x00
>>> pos 11
id 11  pos  2052  spd     0  load    0  12.1 V  32 C  err 0x00
>>> pos 11
id 11  pos  2052  spd     0  load    0  12.1 V  32 C  err 0x00
>>> pos 11
id 11  pos  2052  spd     0  load    0  12.1 V  32 C  err 0x00
>>> pos 11
id 11  pos  2052  spd     0  load    0  12.1 V  32 C  err 0x00
>>> pos 11
id 11  pos  2052  spd     0  load    0  12.1 V  32 C  err 0x00
>>> pos 11
id 11  pos  2052  spd     0  load    0  12.1 V  32 C  err 0x00
>>> pos 11
id 11  pos  2052  spd     0  load    0  12.1 V  32 C  err 0x00
>>> pos 11
id 11  pos  2052  spd     0  load    0  12.1 V  32 C  err 0x00
>>> pos 11
id 11  pos  2052  spd     0  load    0  12.1 V  32 C  err 0x00
>>> pos 11
id 11  pos  2052  spd     0  load    0  12.1 V  32 C  err 0x00
>>> pos 11
id 11  pos  2052  spd     0  load    0  12.1 V  32 C  err 0x00
>>> pos 11
id 11  pos  2052  spd     0  load    0  12.1 V  32 C  err 0x00
>>> pos 11
id 11  pos  2052  spd     0  load    0  12.1 V  32 C  err 0x00
>>> pos 11
id 11  pos  2052  spd     0  load    0  12.1 V  32 C  err 0x00
>>> pos 11
id 11  pos  2052  spd     0  load    0  12.1 V  32 C  err 0x00
>>> pos 11
id 11  pos  2052  spd     0  load    0  12.1 V  32 C  err 0x00
>>> pos 11
id 11  pos  2052  spd     0  load    0  12.1 V  32 C  err 0x00
>>> pos 11
id 11  pos  2052  spd     0  load    0  12.1 V  32 C  err 0x00
>>> pos 11
id 11  pos  2052  spd     0  load    0  12.1 V  32 C  err 0x00
>>> pos 11
id 11  pos  2052  spd     0  load    0  12.1 V  32 C  err 0x00
>>> pos 11
id 11  pos  2052  spd     0  load    0  12.1 V  32 C  err 0x00
>>> pos 11
id 11  pos  2052  spd     0  load    0  12.1 V  32 C  err 0x00
>>> pos 11
id 11  pos  2052  spd     0  load    0  12.1 V  32 C  err 0x00
>>> pos 11
id 11  pos  2052  spd     0  load    0  12.1 V  32 C  err 0x00
>>> pos 11
id 11  pos  2052  spd     0  load    0  12.1 V  32 C  err 0x00
>>> pos 11
id 11  pos  2052  spd     0  load    0  12.1 V  32 C  err 0x00
>>> pos 11
id 11  pos  2052  spd     0  load    0  12.1 V  32 C  err 0x00
>>> pos 11
id 11  pos  2052  spd     0  load    0  12.1 V  32 C  err 0x00
>>> pos 11
id 11  pos  2052  spd     0  load    0  12.1 V  32 C  err 0x00
>>> pos 11
id 11  pos  2052  spd     0  load    0  12.1 V  32 C  err 0x00
>>> pos 11
id 11  pos  2052  spd     0  load    0  12.1 V  32 C  err 0x00
>>> pos 11
id 11  pos  2052  spd     0  load    0  12.1 V  32 C  err 0x00
>>> pos 11
id 11  pos  2052  spd     0  load    0  12.1 V  32 C  err 0x00
>>> pos 11
id 11  pos  2052  spd     0  load    0  12.1 V  32 C  err 0x00
>>> pos 11
id 11  pos  2052  spd     0  load    0  12.1 V  32 C  err 0x00
>>> pos 11
id 11  pos  2052  spd     0  load    0  12.1 V  32 C  err 0x00
>>> pos 11
id 11  pos  2052  spd     0  load    0  12.1 V  32 C  err 0x00
>>> pos 11
id 11  pos  2052  spd     0  load    0  12.1 V  32 C  err 0x00
>>> pos 11
id 11  pos  2052  spd     0  load    0  12.1 V  32 C  err 0x00
>>> pos 11
id 11  pos  2052  spd     0  load    0  12.1 V  32 C  err 0x00
>>> pos 11
id 11  pos  2052  spd     0  load    0  12.1 V  32 C  err 0x00
>>> pos 11
id 11  pos  2052  spd     0  load    0  12.1 V  32 C  err 0x00
>>> pos 11
id 11  pos  2052  spd     0  load    0  12.1 V  32 C  err 0x00
>>> pos 11
id 11  pos  2052  spd     0  load    0  12.1 V  32 C  err 0x00
>>> pos 11
id 11  pos  2052  spd     0  load    0  12.1 V  32 C  err 0x00
>>> pos 11
id 11  pos  2052  spd     0  load    0  12.1 V  32 C  err 0x00
>>> pos 11
id 11  pos  2052  spd     0  load    0  12.1 V  32 C  err 0x00
>>> pos 11
id 11  pos  2052  spd     0  load    0  12.1 V  32 C  err 0x00
>>> pos 11
id 11  pos  2052  spd     0  load    0  12.1 V  32 C  err 0x00
>>> pos 11
id 11  pos  2052  spd     0  load    0  12.1 V  32 C  err 0x00
>>> pos 11
id 11  pos  2052  spd     0  load    0  12.1 V  32 C  err 0x00
>>> pos 11
id 11  pos  2052  spd     0  load    0  12.1 V  32 C  err 0x00
>>> pos 11
id 11  pos  2052  spd     0  load    0  12.1 V  32 C  err 0x00
>>> pos 11
id 11  pos  2052  spd     0  load    0  12.1 V  32 C  err 0x00
>>> pos 11
id 11  pos  2052  spd     0  load    0  12.1 V  32 C  err 0x00
>>> pos 11
id 11  pos  2052  spd     0  load    0  12.1 V  32 C  err 0x00
>>> pos 11
id 11  pos  2052  spd     0  load    0  12.1 V  32 C  err 0x00
>>> pos 11
id 11  pos  2052  spd     0  load    0  12.1 V  32 C  err 0x00
>>> pos 11
id 11  pos  2052  spd     0  load    0  12.1 V  32 C  err 0x00
>>> pos 11
id 11  pos  2052  spd     0  load    0  12.1 V  32 C  err 0x00
>>> pos 11
id 11  pos  2052  spd     0  load    0  12.1 V  32 C  err 0x00
>>> pos 11
id 11  pos  2052  spd     0  load    0  12.1 V  32 C  err 0x00
>>> pos 11
id 11  pos  2052  spd     0  load    0  12.1 V  32 C  err 0x00
>>> pos 11
id 11  pos  2052  spd     0  load    0  12.1 V  32 C  err 0x00
>>> pos 11
id 11  pos  2052  spd     0  load    0  12.1 V  32 C  err 0x00
>>> pos 11
id 11  pos  2052  spd     0  load    0  12.1 V  32 C  err 0x00
>>> pos 11
id 11  pos  2052  spd     0  load    0  12.1 V  32 C  err 0x00
>>> pos 11
id 11  pos  2052  spd     0  load    0  12.1 V  32 C  err 0x00
>>> pos 11
id 11  pos  2052  spd     0  load    0  12.1 V  32 C  err 0x00
>>> pos 11
id 11  pos  2052  spd     0  load    0  12.1 V  32 C  err 0x00
>>> pos 11
id 11  pos  2052  spd     0  load    0  12.1 V  32 C  err 0x00
>>> pos 11
id 11  pos  2052  spd     0  load    0  12.1 V  32 C  err 0x00
>>> pos 11
id 11  pos  2052  spd     0  load    0  12.1 V  32 C  err 0x00
>>> pos 11
id 11  pos  2052  spd     0  load    0  12.1 V  32 C  err 0x00
>>> pos 11
id 11  pos  2052  spd     0  load    0  12.1 V  32 C  err 0x00
>>> pos 11
id 11  pos  2052  spd     0  load    0  12.1 V  32 C  err 0x00
>>> pos 11
id 11  pos  2052  spd     0  load    0  12.1 V  32 C  err 0x00
>>> pos 11
id 11  pos  2052  spd     0  load    0  12.1 V  32 C  err 0x00
>>> pos 11
id 11  pos  2052  spd     0  load    0  12.1 V  32 C  err 0x00
>>> pos 11
id 11  pos  2052  spd     0  load    0  12.1 V  32 C  err 0x00
>>> pos 11
id 11  pos  2052  spd     0  load    0  12.1 V  32 C  err 0x00
>>> pos 11
id 11  pos  2052  spd     0  load    0  12.1 V  32 C  err 0x00
>>> pos 11
id 11  pos  2052  spd     0  load    0  12.1 V  32 C  err 0x00
>>> pos 11
id 11  pos  2052  spd     0  load    0  12.1 V  32 C  err 0x00
>>> pos 11
id 11  pos  2052  spd     0  load    0  12.1 V  32 C  err 0x00
>>> pos 11
id 11  pos  2052  spd     0  load    0  12.1 V  32 C  err 0x00
>>> pos 11
id 11  pos  2052  spd     0  load    0  12.1 V  32 C  err 0x00
>>> pos 11
id 11  pos  2052  spd     0  load    0  12.1 V  32 C  err 0x00
>>> pos 11
id 11  pos  2052  spd     0  load    0  12.1 V  32 C  err 0x00
>>> pos 11
id 11  pos  2052  spd     0  load    0  12.1 V  32 C  err 0x00
>>> pos 11
id 11  pos  2052  spd     0  load    0  12.1 V  32 C  err 0x00
>>> pos 11
id 11  pos  2052  spd     0  load    0  12.1 V  32 C  err 0x00
>>> pos 11
id 11  pos  2052  spd     0  load    0  12.1 V  32 C  err 0x00
>>> pos 11
id 11  pos  2052  spd     0  load    0  12.1 V  32 C  err 0x00
>>> pos 11
id 11  pos  2052  spd     0  load    0  12.1 V  32 C  err 0x00
>>> pos 11
id 11  pos  2052  spd     0  load    0  12.1 V  32 C  err 0x00
>>> pos 11
id 11  pos  2052  spd     0  load    0  12.1 V  32 C  err 0x00
>>> pos 11
id 11  pos  2052  spd     0  load    0  12.1 V  32 C  err 0x00
>>> pos 11
id 11  pos  2052  spd     0  load    0  12.1 V  32 C  err 0x00
>>> pos 11
id 11  pos  2052  spd     0  load    0  12.1 V  32 C  err 0x00
>>> pos 11
id 11  pos  2052  spd     0  load    0  12.1 V  32 C  err 0x00
>>> pos 11
id 11  pos  2052  spd     0  load    0  12.1 V  32 C  err 0x00
>>> pos 11
id 11  pos  2052  spd     0  load    0  12.1 V  32 C  err 0x00
>>> pos 11
id 11  pos  2052  spd     0  load    0  12.1 V  32 C  err 0x00
>>> pos 11
id 11  pos  2052  spd     0  load    0  12.1 V  32 C  err 0x00
>>> move 11 2075 0 0
move id 11 -> 2075 ticks, 0 ms, spd 0, acc 0: ok
>>> pos 11
id 11  pos  2052  spd     0  load  -96  12.1 V  32 C  err 0x00
>>> pos 11
id 11  pos  2061  spd   400  load -100  12.1 V  32 C  err 0x00
>>> pos 11
id 11  pos  2070  spd   400  load  -56  12.1 V  32 C  err 0x00
>>> pos 11
id 11  pos  2074  spd   150  load    0  12.1 V  32 C  err 0x00
>>> pos 11
id 11  pos  2075  spd     0  load    0  12.1 V  32 C  err 0x00
>>> pos 11
id 11  pos  2075  spd     0  load    0  12.1 V  32 C  err 0x00
>>> pos 11
id 11  pos  2075  spd     0  load    0  12.1 V  32 C  err 0x00
>>> pos 11
id 11  pos  2075  spd     0  load    0  12.1 V  32 C  err 0x00
>>> pos 11
id 11  pos  2075  spd     0  load    0  12.1 V  32 C  err 0x00
>>> pos 11
id 11  pos  2075  spd     0  load    0  12.1 V  32 C  err 0x00
>>> pos 11
id 11  pos  2075  spd     0  load    0  12.1 V  32 C  err 0x00
>>> pos 11
id 11  pos  2075  spd     0  load    0  12.1 V  32 C  err 0x00
>>> pos 11
id 11  pos  2075  spd     0  load    0  12.1 V  32 C  err 0x00
>>> pos 11
id 11  pos  2075  spd     0  load    0  12.1 V  32 C  err 0x00
>>> pos 11
id 11  pos  2075  spd     0  load    0  12.1 V  32 C  err 0x00
>>> pos 11
id 11  pos  2075  spd     0  load    0  12.1 V  32 C  err 0x00
>>> pos 11
id 11  pos  2075  spd     0  load    0  12.1 V  32 C  err 0x00
>>> pos 11
id 11  pos  2075  spd     0  load    0  12.1 V  32 C  err 0x00
>>> pos 11
id 11  pos  2075  spd     0  load    0  12.1 V  32 C  err 0x00
>>> pos 11
id 11  pos  2075  spd     0  load    0  12.1 V  32 C  err 0x00
>>> pos 11
id 11  pos  2075  spd     0  load    0  12.1 V  32 C  err 0x00
>>> pos 11
id 11  pos  2075  spd     0  load    0  12.1 V  32 C  err 0x00
>>> pos 11
id 11  pos  2075  spd     0  load    0  12.1 V  32 C  err 0x00
>>> pos 11
id 11  pos  2075  spd     0  load    0  12.1 V  32 C  err 0x00
>>> pos 11
id 11  pos  2075  spd     0  load    0  12.1 V  32 C  err 0x00
>>> pos 11
id 11  pos  2075  spd     0  load    0  12.1 V  32 C  err 0x00
>>> pos 11
id 11  pos  2075  spd     0  load    0  12.1 V  32 C  err 0x00
>>> pos 11
id 11  pos  2075  spd     0  load    0  12.1 V  32 C  err 0x00
>>> pos 11
id 11  pos  2075  spd     0  load    0  12.1 V  32 C  err 0x00
>>> pos 11
id 11  pos  2075  spd     0  load    0  12.1 V  32 C  err 0x00
>>> pos 11
id 11  pos  2075  spd     0  load    0  12.1 V  32 C  err 0x00
>>> pos 11
id 11  pos  2075  spd     0  load    0  12.1 V  32 C  err 0x00
>>> pos 11
id 11  pos  2075  spd     0  load    0  12.1 V  32 C  err 0x00
>>> pos 11
id 11  pos  2075  spd     0  load    0  12.1 V  32 C  err 0x00
>>> pos 11
id 11  pos  2075  spd     0  load    0  12.1 V  32 C  err 0x00
>>> pos 11
id 11  pos  2075  spd     0  load    0  12.1 V  32 C  err 0x00
>>> pos 11
id 11  pos  2075  spd     0  load    0  12.1 V  32 C  err 0x00
>>> pos 11
id 11  pos  2075  spd     0  load    0  12.1 V  32 C  err 0x00
>>> pos 11
id 11  pos  2075  spd     0  load    0  12.1 V  32 C  err 0x00
>>> pos 11
id 11  pos  2075  spd     0  load    0  12.1 V  32 C  err 0x00
>>> pos 11
id 11  pos  2075  spd     0  load    0  12.1 V  32 C  err 0x00
>>> pos 11
id 11  pos  2075  spd     0  load    0  12.1 V  32 C  err 0x00
>>> pos 11
id 11  pos  2075  spd     0  load    0  12.1 V  32 C  err 0x00
>>> pos 11
id 11  pos  2075  spd     0  load    0  12.1 V  32 C  err 0x00
>>> pos 11
id 11  pos  2075  spd     0  load    0  12.1 V  32 C  err 0x00
>>> pos 11
id 11  pos  2075  spd     0  load    0  12.1 V  32 C  err 0x00
>>> pos 11
id 11  pos  2075  spd     0  load    0  12.1 V  32 C  err 0x00
>>> pos 11
id 11  pos  2075  spd     0  load    0  12.1 V  32 C  err 0x00
>>> pos 11
id 11  pos  2075  spd     0  load    0  12.1 V  32 C  err 0x00
>>> pos 11
id 11  pos  2075  spd     0  load    0  12.1 V  32 C  err 0x00
>>> pos 11
id 11  pos  2075  spd     0  load    0  12.1 V  32 C  err 0x00
>>> pos 11
id 11  pos  2075  spd     0  load    0  12.1 V  32 C  err 0x00
>>> pos 11
id 11  pos  2075  spd     0  load    0  12.1 V  32 C  err 0x00
>>> pos 11
id 11  pos  2075  spd     0  load    0  12.1 V  32 C  err 0x00
>>> pos 11
id 11  pos  2075  spd     0  load    0  12.1 V  32 C  err 0x00
>>> pos 11
id 11  pos  2075  spd     0  load    0  12.1 V  32 C  err 0x00
>>> pos 11
id 11  pos  2075  spd     0  load    0  12.1 V  32 C  err 0x00
>>> pos 11
id 11  pos  2075  spd     0  load    0  12.1 V  32 C  err 0x00
>>> pos 11
id 11  pos  2075  spd     0  load    0  12.1 V  32 C  err 0x00
>>> pos 11
id 11  pos  2075  spd     0  load    0  12.1 V  32 C  err 0x00
>>> pos 11
id 11  pos  2075  spd     0  load    0  12.1 V  32 C  err 0x00
>>> pos 11
id 11  pos  2075  spd     0  load    0  12.1 V  32 C  err 0x00
>>> pos 11
id 11  pos  2075  spd     0  load    0  12.1 V  32 C  err 0x00
>>> pos 11
id 11  pos  2075  spd     0  load    0  12.1 V  32 C  err 0x00
>>> pos 11
id 11  pos  2075  spd     0  load    0  12.1 V  32 C  err 0x00
>>> pos 11
id 11  pos  2075  spd     0  load    0  12.1 V  32 C  err 0x00
>>> pos 11
id 11  pos  2075  spd     0  load    0  12.1 V  32 C  err 0x00
>>> pos 11
id 11  pos  2075  spd     0  load    0  12.1 V  32 C  err 0x00
>>> pos 11
id 11  pos  2075  spd     0  load    0  12.1 V  32 C  err 0x00
>>> pos 11
id 11  pos  2075  spd     0  load    0  12.1 V  32 C  err 0x00
>>> pos 11
id 11  pos  2075  spd     0  load    0  12.1 V  32 C  err 0x00
>>> pos 11
id 11  pos  2075  spd     0  load    0  12.1 V  32 C  err 0x00
>>> pos 11
id 11  pos  2075  spd     0  load    0  12.1 V  32 C  err 0x00
>>> pos 11
id 11  pos  2075  spd     0  load    0  12.1 V  32 C  err 0x00
>>> pos 11
id 11  pos  2075  spd     0  load    0  12.1 V  32 C  err 0x00
>>> pos 11
id 11  pos  2075  spd     0  load    0  12.1 V  32 C  err 0x00
>>> pos 11
id 11  pos  2075  spd     0  load    0  12.1 V  32 C  err 0x00
>>> pos 11
id 11  pos  2075  spd     0  load    0  12.1 V  32 C  err 0x00
>>> pos 11
id 11  pos  2075  spd     0  load    0  12.1 V  32 C  err 0x00
>>> pos 11
id 11  pos  2075  spd     0  load    0  12.1 V  32 C  err 0x00
>>> pos 11
id 11  pos  2075  spd     0  load    0  12.1 V  32 C  err 0x00
>>> pos 11
id 11  pos  2075  spd     0  load    0  12.1 V  32 C  err 0x00
>>> pos 11
id 11  pos  2075  spd     0  load    0  12.1 V  32 C  err 0x00
>>> pos 11
id 11  pos  2075  spd     0  load    0  12.1 V  32 C  err 0x00
>>> pos 11
id 11  pos  2075  spd     0  load    0  12.1 V  32 C  err 0x00
>>> pos 11
id 11  pos  2075  spd     0  load    0  12.1 V  32 C  err 0x00
>>> pos 11
id 11  pos  2075  spd     0  load    0  12.1 V  32 C  err 0x00
>>> pos 11
id 11  pos  2075  spd     0  load    0  12.1 V  32 C  err 0x00
>>> pos 11
id 11  pos  2075  spd     0  load    0  12.1 V  32 C  err 0x00
>>> pos 11
id 11  pos  2075  spd     0  load    0  12.1 V  32 C  err 0x00
>>> pos 11
id 11  pos  2075  spd     0  load    0  12.1 V  32 C  err 0x00
>>> move 11 2052 0 0
move id 11 -> 2052 ticks, 0 ms, spd 0, acc 0: ok
>>> pos 11
id 11  pos  2074  spd     0  load  100  12.1 V  32 C  err 0x00
>>> pos 11
id 11  pos  2065  spd  -200  load  108  12.1 V  32 C  err 0x00
>>> pos 11
id 11  pos  2056  spd  -300  load   52  12.1 V  32 C  err 0x00
>>> pos 11
id 11  pos  2052  spd  -100  load  -20  12.1 V  32 C  err 0x00
>>> pos 11
id 11  pos  2052  spd     0  load    0  12.1 V  32 C  err 0x00
>>> pos 11
id 11  pos  2052  spd     0  load    0  12.1 V  32 C  err 0x00
>>> pos 11
id 11  pos  2052  spd     0  load    0  12.1 V  32 C  err 0x00
>>> pos 11
id 11  pos  2052  spd     0  load    0  12.1 V  32 C  err 0x00
>>> pos 11
id 11  pos  2052  spd     0  load    0  12.1 V  32 C  err 0x00
>>> pos 11
id 11  pos  2052  spd     0  load    0  12.1 V  32 C  err 0x00
>>> pos 11
id 11  pos  2052  spd     0  load    0  12.1 V  32 C  err 0x00
>>> pos 11
id 11  pos  2052  spd     0  load    0  12.1 V  32 C  err 0x00
>>> pos 11
id 11  pos  2052  spd     0  load    0  12.1 V  32 C  err 0x00
>>> pos 11
id 11  pos  2052  spd     0  load    0  12.1 V  32 C  err 0x00
>>> pos 11
id 11  pos  2052  spd     0  load    0  12.1 V  32 C  err 0x00
>>> pos 11
id 11  pos  2052  spd     0  load    0  12.1 V  32 C  err 0x00
>>> pos 11
id 11  pos  2052  spd     0  load    0  12.1 V  32 C  err 0x00
>>> pos 11
id 11  pos  2052  spd     0  load    0  12.1 V  32 C  err 0x00
>>> pos 11
id 11  pos  2052  spd     0  load    0  12.1 V  32 C  err 0x00
>>> pos 11
id 11  pos  2052  spd     0  load    0  12.1 V  32 C  err 0x00
>>> pos 11
id 11  pos  2052  spd     0  load    0  12.1 V  32 C  err 0x00
>>> pos 11
id 11  pos  2052  spd     0  load    0  12.1 V  32 C  err 0x00
>>> pos 11
id 11  pos  2052  spd     0  load    0  12.1 V  32 C  err 0x00
>>> pos 11
id 11  pos  2052  spd     0  load    0  12.1 V  32 C  err 0x00
>>> pos 11
id 11  pos  2052  spd     0  load    0  12.1 V  32 C  err 0x00
>>> pos 11
id 11  pos  2052  spd     0  load    0  12.1 V  32 C  err 0x00
>>> pos 11
id 11  pos  2052  spd     0  load    0  12.1 V  32 C  err 0x00
>>> pos 11
id 11  pos  2052  spd     0  load    0  12.1 V  32 C  err 0x00
>>> pos 11
id 11  pos  2052  spd     0  load    0  12.1 V  32 C  err 0x00
>>> pos 11
id 11  pos  2052  spd     0  load    0  12.1 V  32 C  err 0x00
>>> pos 11
id 11  pos  2052  spd     0  load    0  12.1 V  32 C  err 0x00
>>> pos 11
id 11  pos  2052  spd     0  load    0  12.1 V  32 C  err 0x00
>>> pos 11
id 11  pos  2052  spd     0  load    0  12.1 V  32 C  err 0x00
>>> pos 11
id 11  pos  2052  spd     0  load    0  12.1 V  32 C  err 0x00
>>> pos 11
id 11  pos  2052  spd     0  load    0  12.1 V  32 C  err 0x00
>>> pos 11
id 11  pos  2052  spd     0  load    0  12.1 V  32 C  err 0x00
>>> pos 11
id 11  pos  2052  spd     0  load    0  12.1 V  32 C  err 0x00
>>> pos 11
id 11  pos  2052  spd     0  load    0  12.1 V  32 C  err 0x00
>>> pos 11
id 11  pos  2052  spd     0  load    0  12.1 V  32 C  err 0x00
>>> pos 11
id 11  pos  2052  spd     0  load    0  12.1 V  32 C  err 0x00
>>> pos 11
id 11  pos  2052  spd     0  load    0  12.1 V  32 C  err 0x00
>>> pos 11
id 11  pos  2052  spd     0  load    0  12.1 V  32 C  err 0x00
>>> pos 11
id 11  pos  2052  spd     0  load    0  12.1 V  32 C  err 0x00
>>> pos 11
id 11  pos  2052  spd     0  load    0  12.1 V  32 C  err 0x00
>>> pos 11
id 11  pos  2052  spd     0  load    0  12.1 V  32 C  err 0x00
>>> pos 11
id 11  pos  2052  spd     0  load    0  12.1 V  32 C  err 0x00
>>> pos 11
id 11  pos  2052  spd     0  load    0  12.1 V  32 C  err 0x00
>>> pos 11
id 11  pos  2052  spd     0  load    0  12.1 V  32 C  err 0x00
>>> pos 11
id 11  pos  2052  spd     0  load    0  12.1 V  32 C  err 0x00
>>> pos 11
id 11  pos  2052  spd     0  load    0  12.1 V  32 C  err 0x00
>>> pos 11
id 11  pos  2052  spd     0  load    0  12.1 V  32 C  err 0x00
>>> pos 11
id 11  pos  2052  spd     0  load    0  12.1 V  32 C  err 0x00
>>> pos 11
id 11  pos  2052  spd     0  load    0  12.1 V  32 C  err 0x00
>>> pos 11
id 11  pos  2052  spd     0  load    0  12.1 V  32 C  err 0x00
>>> pos 11
id 11  pos  2052  spd     0  load    0  12.1 V  32 C  err 0x00
>>> pos 11
id 11  pos  2052  spd     0  load    0  12.1 V  32 C  err 0x00
>>> pos 11
id 11  pos  2052  spd     0  load    0  12.1 V  32 C  err 0x00
>>> pos 11
id 11  pos  2052  spd     0  load    0  12.1 V  32 C  err 0x00
>>> pos 11
id 11  pos  2052  spd     0  load    0  12.1 V  32 C  err 0x00
>>> pos 11
id 11  pos  2052  spd     0  load    0  12.1 V  32 C  err 0x00
>>> pos 11
id 11  pos  2052  spd     0  load    0  12.1 V  32 C  err 0x00
>>> pos 11
id 11  pos  2052  spd     0  load    0  12.1 V  32 C  err 0x00
>>> pos 11
id 11  pos  2052  spd     0  load    0  12.1 V  32 C  err 0x00
>>> pos 11
id 11  pos  2052  spd     0  load    0  12.1 V  32 C  err 0x00
>>> pos 11
id 11  pos  2052  spd     0  load    0  12.1 V  32 C  err 0x00
>>> pos 11
id 11  pos  2052  spd     0  load    0  12.1 V  32 C  err 0x00
>>> pos 11
id 11  pos  2052  spd     0  load    0  12.1 V  32 C  err 0x00
>>> pos 11
id 11  pos  2052  spd     0  load    0  12.1 V  32 C  err 0x00
>>> pos 11
id 11  pos  2052  spd     0  load    0  12.1 V  32 C  err 0x00
>>> pos 11
id 11  pos  2052  spd     0  load    0  12.1 V  32 C  err 0x00
>>> pos 11
id 11  pos  2052  spd     0  load    0  12.1 V  32 C  err 0x00
>>> pos 11
id 11  pos  2052  spd     0  load    0  12.1 V  32 C  err 0x00
>>> pos 11
id 11  pos  2052  spd     0  load    0  12.1 V  32 C  err 0x00
>>> pos 11
id 11  pos  2052  spd     0  load    0  12.3 V  32 C  err 0x00
>>> pos 11
id 11  pos  2052  spd     0  load    0  12.1 V  32 C  err 0x00
>>> pos 11
id 11  pos  2052  spd     0  load    0  12.1 V  32 C  err 0x00
>>> pos 11
id 11  pos  2052  spd     0  load    0  12.1 V  32 C  err 0x00
>>> pos 11
id 11  pos  2052  spd     0  load    0  12.1 V  32 C  err 0x00
>>> pos 11
id 11  pos  2052  spd     0  load    0  12.1 V  32 C  err 0x00
>>> pos 11
id 11  pos  2052  spd     0  load    0  12.1 V  32 C  err 0x00
>>> pos 11
id 11  pos  2052  spd     0  load    0  12.1 V  32 C  err 0x00
>>> pos 11
id 11  pos  2052  spd     0  load    0  12.1 V  32 C  err 0x00
>>> pos 11
id 11  pos  2052  spd     0  load    0  12.1 V  32 C  err 0x00
>>> pos 11
id 11  pos  2052  spd     0  load    0  12.1 V  32 C  err 0x00
>>> pos 11
id 11  pos  2052  spd     0  load    0  12.1 V  32 C  err 0x00
>>> pos 11
id 11  pos  2052  spd     0  load    0  12.1 V  32 C  err 0x00
>>> pos 11
id 11  pos  2052  spd     0  load    0  12.1 V  32 C  err 0x00
>>> pos 11
id 11  pos  2052  spd     0  load    0  12.1 V  32 C  err 0x00
>>> pos 11
id 11  pos  2052  spd     0  load    0  12.1 V  32 C  err 0x00
>>> pos 11
id 11  pos  2052  spd     0  load    0  12.1 V  32 C  err 0x00
>>> pos 11
id 11  pos  2052  spd     0  load    0  12.1 V  32 C  err 0x00
>>> release 11
release 11: ok
>>> release 11
release 11: ok
>>> release 11
release 11: ok
>>> gains 11 32 32
id 11: writing P 32 D 32 to EEPROM (torque must be OFF; no goal is written) ...
id 11: FAILED (write-failed) -- EEPROM re-lock attempted; `gains 11` to see what the servo holds
>>> gains 11
id 11  P 32  D 32  I 0   expected P 32 D 32 -- ok
>>> reg 11 55 1
id 11 reg 55 = 1 (0x01)
# gains 32/32 FAILED (attempt 1); read back P 32 D 32, lock 1
# 2026-09-30T11:34:15 tools/gain_bench.py --session hw_sessions/2026-09-30/gain_bench_bare read 11
>>> pos 11
id 11  pos  2052  spd     0  load    0  12.1 V  32 C  err 0x00
>>> gains 11
id 11  P 32  D 32  I 0   expected P 32 D 32 -- ok
>>> gains 11
id 11  P 32  D 32  I 0   expected P 32 D 32 -- ok
>>> gains 11
id 11  P 32  D 32  I 0   expected P 32 D 32 -- ok
>>> reg 11 3 2
id 11 reg 3 = 777 (0x0309)
>>> reg 11 0 1
id 11 reg 0 = 3 (0x03)
>>> reg 11 1 1
id 11 reg 1 = 10 (0x0A)
>>> reg 11 16 2
id 11 reg 16 = 1000 (0x03E8)
>>> reg 11 24 2
id 11 reg 24 = 16 (0x0010)
>>> reg 11 26 1
id 11 reg 26 = 1 (0x01)
>>> reg 11 27 1
id 11 reg 27 = 1 (0x01)
>>> reg 11 28 2
id 11 reg 28 = 310 (0x0136)
>>> reg 11 33 1
id 11 reg 33 = 0 (0x00)
>>> reg 11 34 1
id 11 reg 34 = 20 (0x14)
>>> reg 11 35 1
id 11 reg 35 = 200 (0xC8)
>>> reg 11 36 1
id 11 reg 36 = 80 (0x50)
>>> reg 11 37 1
id 11 reg 37 = 10 (0x0A)
>>> reg 11 38 1
id 11 reg 38 = 200 (0xC8)
>>> reg 11 39 1
id 11 reg 39 = 200 (0xC8)
>>> reg 11 40 1
id 11 reg 40 = 0 (0x00)
>>> reg 11 48 2
id 11 reg 48 = 1000 (0x03E8)
>>> reg 11 65 1
id 11 reg 65 = 0 (0x00)
>>> pos 11
id 11  pos  2052  spd     0  load    0  12.1 V  32 C  err 0x00
