ISO-10303-21;
HEADER;
FILE_DESCRIPTION(('Open CASCADE Model'),'2;1');
FILE_NAME('Open CASCADE Shape Model','2026-10-07T15:59:00',('Author'),(
    'Open CASCADE'),'Open CASCADE STEP processor 7.9','build123d',
  'Unknown');
FILE_SCHEMA(('AUTOMOTIVE_DESIGN { 1 0 10303 214 1 1 1 1 }'));
ENDSEC;
DATA;
#1 = APPLICATION_PROTOCOL_DEFINITION('international standard',
  'automotive_design',2000,#2);
#2 = APPLICATION_CONTEXT(
  'core data for automotive mechanical design processes');
#3 = SHAPE_DEFINITION_REPRESENTATION(#4,#10);
#4 = PRODUCT_DEFINITION_SHAPE('','',#5);
#5 = PRODUCT_DEFINITION('design','',#6,#9);
#6 = PRODUCT_DEFINITION_FORMATION('','',#7);
#7 = PRODUCT('COMPOUND','COMPOUND','',(#8));
#8 = PRODUCT_CONTEXT('',#2,'mechanical');
#9 = PRODUCT_DEFINITION_CONTEXT('part definition',#2,'design');
#10 = ADVANCED_BREP_SHAPE_REPRESENTATION('',(#11,#15),#10968);
#11 = AXIS2_PLACEMENT_3D('',#12,#13,#14);
#12 = CARTESIAN_POINT('',(0.,0.,0.));
#13 = DIRECTION('',(0.,0.,1.));
#14 = DIRECTION('',(1.,0.,-0.));
#15 = MANIFOLD_SOLID_BREP('',#16);
#16 = CLOSED_SHELL('',(#17,#407,#826,#875,#969,#1070,#1207,#1333,#1587,
    #1634,#2811,#2836,#2905,#2952,#2999,#3024,#3049,#3181,#3208,#3282,
    #3839,#4038,#4065,#4090,#4171,#4445,#4719,#4993,#5267,#5273,#5335,
    #5529,#5929,#5978,#6323,#6475,#6586,#6613,#6619,#6688,#6992,#7296,
    #7771,#7820,#7867,#7944,#7970,#7998,#8026,#8053,#8060,#8161,#8210,
    #8236,#8264,#8292,#8319,#8326,#8353,#8381,#8430,#8457,#8505,#8532,
    #8559,#8586,#8613,#8620,#8668,#8695,#8722,#8749,#8776,#8783,#8808,
    #8835,#8862,#8889,#8916,#8941,#8966,#8993,#9020,#9047,#9271,#9316,
    #9383,#9410,#9437,#9464,#9491,#9518,#9944,#9993,#10042,#10092,#10100
    ,#10107,#10133,#10160,#10166,#10193,#10220,#10245,#10270,#10297,
    #10324,#10331,#10358,#10385,#10412,#10439,#10466,#10492,#10519,
    #10546,#10575,#10623,#10650,#10677,#10704,#10730,#10738,#10786,
    #10813,#10840,#10867,#10893,#10901,#10908,#10934,#10961));
#17 = ADVANCED_FACE('',(#18,#301),#32,.F.);
#18 = FACE_BOUND('',#19,.F.);
#19 = EDGE_LOOP('',(#20,#55,#83,#111,#139,#167,#195,#223,#251,#277));
#20 = ORIENTED_EDGE('',*,*,#21,.F.);
#21 = EDGE_CURVE('',#22,#24,#26,.T.);
#22 = VERTEX_POINT('',#23);
#23 = CARTESIAN_POINT('',(-15.16,19.75,-3.));
#24 = VERTEX_POINT('',#25);
#25 = CARTESIAN_POINT('',(-15.16,19.75,-33.1886599773));
#26 = SURFACE_CURVE('',#27,(#31,#43),.PCURVE_S1.);
#27 = LINE('',#28,#29);
#28 = CARTESIAN_POINT('',(-15.16,19.75,-3.));
#29 = VECTOR('',#30,1.);
#30 = DIRECTION('',(-5.382899513334E-17,0.,-1.));
#31 = PCURVE('',#32,#37);
#32 = PLANE('',#33);
#33 = AXIS2_PLACEMENT_3D('',#34,#35,#36);
#34 = CARTESIAN_POINT('',(-15.16,17.35,-36.));
#35 = DIRECTION('',(1.,0.,-0.));
#36 = DIRECTION('',(0.,0.,1.));
#37 = DEFINITIONAL_REPRESENTATION('',(#38),#42);
#38 = LINE('',#39,#40);
#39 = CARTESIAN_POINT('',(33.,-2.4));
#40 = VECTOR('',#41,1.);
#41 = DIRECTION('',(-1.,0.));
#42 = ( GEOMETRIC_REPRESENTATION_CONTEXT(2) 
PARAMETRIC_REPRESENTATION_CONTEXT() REPRESENTATION_CONTEXT('2D SPACE',''
  ) );
#43 = PCURVE('',#44,#49);
#44 = PLANE('',#45);
#45 = AXIS2_PLACEMENT_3D('',#46,#47,#48);
#46 = CARTESIAN_POINT('',(-15.16,19.75,-36.));
#47 = DIRECTION('',(-0.,1.,0.));
#48 = DIRECTION('',(0.,0.,1.));
#49 = DEFINITIONAL_REPRESENTATION('',(#50),#54);
#50 = LINE('',#51,#52);
#51 = CARTESIAN_POINT('',(33.,0.));
#52 = VECTOR('',#53,1.);
#53 = DIRECTION('',(-1.,-5.382899513334E-17));
#54 = ( GEOMETRIC_REPRESENTATION_CONTEXT(2) 
PARAMETRIC_REPRESENTATION_CONTEXT() REPRESENTATION_CONTEXT('2D SPACE',''
  ) );
#55 = ORIENTED_EDGE('',*,*,#56,.F.);
#56 = EDGE_CURVE('',#57,#22,#59,.T.);
#57 = VERTEX_POINT('',#58);
#58 = CARTESIAN_POINT('',(-15.16,17.35,-3.));
#59 = SURFACE_CURVE('',#60,(#64,#71),.PCURVE_S1.);
#60 = LINE('',#61,#62);
#61 = CARTESIAN_POINT('',(-15.16,17.35,-3.));
#62 = VECTOR('',#63,1.);
#63 = DIRECTION('',(-0.,1.,0.));
#64 = PCURVE('',#32,#65);
#65 = DEFINITIONAL_REPRESENTATION('',(#66),#70);
#66 = LINE('',#67,#68);
#67 = CARTESIAN_POINT('',(33.,0.));
#68 = VECTOR('',#69,1.);
#69 = DIRECTION('',(0.,-1.));
#70 = ( GEOMETRIC_REPRESENTATION_CONTEXT(2) 
PARAMETRIC_REPRESENTATION_CONTEXT() REPRESENTATION_CONTEXT('2D SPACE',''
  ) );
#71 = PCURVE('',#72,#77);
#72 = PLANE('',#73);
#73 = AXIS2_PLACEMENT_3D('',#74,#75,#76);
#74 = CARTESIAN_POINT('',(-15.16,17.35,-3.));
#75 = DIRECTION('',(0.,0.,1.));
#76 = DIRECTION('',(1.,0.,-0.));
#77 = DEFINITIONAL_REPRESENTATION('',(#78),#82);
#78 = LINE('',#79,#80);
#79 = CARTESIAN_POINT('',(0.,0.));
#80 = VECTOR('',#81,1.);
#81 = DIRECTION('',(0.,1.));
#82 = ( GEOMETRIC_REPRESENTATION_CONTEXT(2) 
PARAMETRIC_REPRESENTATION_CONTEXT() REPRESENTATION_CONTEXT('2D SPACE',''
  ) );
#83 = ORIENTED_EDGE('',*,*,#84,.F.);
#84 = EDGE_CURVE('',#85,#57,#87,.T.);
#85 = VERTEX_POINT('',#86);
#86 = CARTESIAN_POINT('',(-15.16,17.35,-16.));
#87 = SURFACE_CURVE('',#88,(#92,#99),.PCURVE_S1.);
#88 = LINE('',#89,#90);
#89 = CARTESIAN_POINT('',(-15.16,17.35,-36.));
#90 = VECTOR('',#91,1.);
#91 = DIRECTION('',(0.,0.,1.));
#92 = PCURVE('',#32,#93);
#93 = DEFINITIONAL_REPRESENTATION('',(#94),#98);
#94 = LINE('',#95,#96);
#95 = CARTESIAN_POINT('',(0.,0.));
#96 = VECTOR('',#97,1.);
#97 = DIRECTION('',(1.,0.));
#98 = ( GEOMETRIC_REPRESENTATION_CONTEXT(2) 
PARAMETRIC_REPRESENTATION_CONTEXT() REPRESENTATION_CONTEXT('2D SPACE',''
  ) );
#99 = PCURVE('',#100,#105);
#100 = PLANE('',#101);
#101 = AXIS2_PLACEMENT_3D('',#102,#103,#104);
#102 = CARTESIAN_POINT('',(-15.16,17.35,-36.));
#103 = DIRECTION('',(-0.,1.,0.));
#104 = DIRECTION('',(0.,0.,1.));
#105 = DEFINITIONAL_REPRESENTATION('',(#106),#110);
#106 = LINE('',#107,#108);
#107 = CARTESIAN_POINT('',(0.,0.));
#108 = VECTOR('',#109,1.);
#109 = DIRECTION('',(1.,0.));
#110 = ( GEOMETRIC_REPRESENTATION_CONTEXT(2) 
PARAMETRIC_REPRESENTATION_CONTEXT() REPRESENTATION_CONTEXT('2D SPACE',''
  ) );
#111 = ORIENTED_EDGE('',*,*,#112,.F.);
#112 = EDGE_CURVE('',#113,#85,#115,.T.);
#113 = VERTEX_POINT('',#114);
#114 = CARTESIAN_POINT('',(-15.16,-17.9,-16.));
#115 = SURFACE_CURVE('',#116,(#120,#127),.PCURVE_S1.);
#116 = LINE('',#117,#118);
#117 = CARTESIAN_POINT('',(-15.16,-17.9,-16.));
#118 = VECTOR('',#119,1.);
#119 = DIRECTION('',(-0.,1.,0.));
#120 = PCURVE('',#32,#121);
#121 = DEFINITIONAL_REPRESENTATION('',(#122),#126);
#122 = LINE('',#123,#124);
#123 = CARTESIAN_POINT('',(20.,35.25));
#124 = VECTOR('',#125,1.);
#125 = DIRECTION('',(0.,-1.));
#126 = ( GEOMETRIC_REPRESENTATION_CONTEXT(2) 
PARAMETRIC_REPRESENTATION_CONTEXT() REPRESENTATION_CONTEXT('2D SPACE',''
  ) );
#127 = PCURVE('',#128,#133);
#128 = PLANE('',#129);
#129 = AXIS2_PLACEMENT_3D('',#130,#131,#132);
#130 = CARTESIAN_POINT('',(-15.16,-17.9,-16.));
#131 = DIRECTION('',(0.,0.,1.));
#132 = DIRECTION('',(1.,0.,-0.));
#133 = DEFINITIONAL_REPRESENTATION('',(#134),#138);
#134 = LINE('',#135,#136);
#135 = CARTESIAN_POINT('',(0.,0.));
#136 = VECTOR('',#137,1.);
#137 = DIRECTION('',(0.,1.));
#138 = ( GEOMETRIC_REPRESENTATION_CONTEXT(2) 
PARAMETRIC_REPRESENTATION_CONTEXT() REPRESENTATION_CONTEXT('2D SPACE',''
  ) );
#139 = ORIENTED_EDGE('',*,*,#140,.F.);
#140 = EDGE_CURVE('',#141,#113,#143,.T.);
#141 = VERTEX_POINT('',#142);
#142 = CARTESIAN_POINT('',(-15.16,-17.9,-36.));
#143 = SURFACE_CURVE('',#144,(#148,#155),.PCURVE_S1.);
#144 = LINE('',#145,#146);
#145 = CARTESIAN_POINT('',(-15.16,-17.9,-36.));
#146 = VECTOR('',#147,1.);
#147 = DIRECTION('',(0.,0.,1.));
#148 = PCURVE('',#32,#149);
#149 = DEFINITIONAL_REPRESENTATION('',(#150),#154);
#150 = LINE('',#151,#152);
#151 = CARTESIAN_POINT('',(0.,35.25));
#152 = VECTOR('',#153,1.);
#153 = DIRECTION('',(1.,0.));
#154 = ( GEOMETRIC_REPRESENTATION_CONTEXT(2) 
PARAMETRIC_REPRESENTATION_CONTEXT() REPRESENTATION_CONTEXT('2D SPACE',''
  ) );
#155 = PCURVE('',#156,#161);
#156 = PLANE('',#157);
#157 = AXIS2_PLACEMENT_3D('',#158,#159,#160);
#158 = CARTESIAN_POINT('',(-15.16,-17.9,-36.));
#159 = DIRECTION('',(-0.,1.,0.));
#160 = DIRECTION('',(0.,0.,1.));
#161 = DEFINITIONAL_REPRESENTATION('',(#162),#166);
#162 = LINE('',#163,#164);
#163 = CARTESIAN_POINT('',(0.,0.));
#164 = VECTOR('',#165,1.);
#165 = DIRECTION('',(1.,0.));
#166 = ( GEOMETRIC_REPRESENTATION_CONTEXT(2) 
PARAMETRIC_REPRESENTATION_CONTEXT() REPRESENTATION_CONTEXT('2D SPACE',''
  ) );
#167 = ORIENTED_EDGE('',*,*,#168,.F.);
#168 = EDGE_CURVE('',#169,#141,#171,.T.);
#169 = VERTEX_POINT('',#170);
#170 = CARTESIAN_POINT('',(-15.16,-15.5,-36.));
#171 = SURFACE_CURVE('',#172,(#176,#183),.PCURVE_S1.);
#172 = LINE('',#173,#174);
#173 = CARTESIAN_POINT('',(-15.16,19.75,-36.));
#174 = VECTOR('',#175,1.);
#175 = DIRECTION('',(4.718079254715E-17,-1.,0.));
#176 = PCURVE('',#32,#177);
#177 = DEFINITIONAL_REPRESENTATION('',(#178),#182);
#178 = LINE('',#179,#180);
#179 = CARTESIAN_POINT('',(0.,-2.4));
#180 = VECTOR('',#181,1.);
#181 = DIRECTION('',(0.,1.));
#182 = ( GEOMETRIC_REPRESENTATION_CONTEXT(2) 
PARAMETRIC_REPRESENTATION_CONTEXT() REPRESENTATION_CONTEXT('2D SPACE',''
  ) );
#183 = PCURVE('',#184,#189);
#184 = PLANE('',#185);
#185 = AXIS2_PLACEMENT_3D('',#186,#187,#188);
#186 = CARTESIAN_POINT('',(-15.16,17.35,-36.));
#187 = DIRECTION('',(0.,0.,1.));
#188 = DIRECTION('',(1.,0.,-0.));
#189 = DEFINITIONAL_REPRESENTATION('',(#190),#194);
#190 = LINE('',#191,#192);
#191 = CARTESIAN_POINT('',(-1.7763568394E-15,2.4));
#192 = VECTOR('',#193,1.);
#193 = DIRECTION('',(4.718079254715E-17,-1.));
#194 = ( GEOMETRIC_REPRESENTATION_CONTEXT(2) 
PARAMETRIC_REPRESENTATION_CONTEXT() REPRESENTATION_CONTEXT('2D SPACE',''
  ) );
#195 = ORIENTED_EDGE('',*,*,#196,.F.);
#196 = EDGE_CURVE('',#197,#169,#199,.T.);
#197 = VERTEX_POINT('',#198);
#198 = CARTESIAN_POINT('',(-15.16,14.,-36.));
#199 = SURFACE_CURVE('',#200,(#204,#211),.PCURVE_S1.);
#200 = LINE('',#201,#202);
#201 = CARTESIAN_POINT('',(-15.16,19.75,-36.));
#202 = VECTOR('',#203,1.);
#203 = DIRECTION('',(4.718079254715E-17,-1.,0.));
#204 = PCURVE('',#32,#205);
#205 = DEFINITIONAL_REPRESENTATION('',(#206),#210);
#206 = LINE('',#207,#208);
#207 = CARTESIAN_POINT('',(0.,-2.4));
#208 = VECTOR('',#209,1.);
#209 = DIRECTION('',(0.,1.));
#210 = ( GEOMETRIC_REPRESENTATION_CONTEXT(2) 
PARAMETRIC_REPRESENTATION_CONTEXT() REPRESENTATION_CONTEXT('2D SPACE',''
  ) );
#211 = PCURVE('',#212,#217);
#212 = PLANE('',#213);
#213 = AXIS2_PLACEMENT_3D('',#214,#215,#216);
#214 = CARTESIAN_POINT('',(-19.8,-15.5,-36.));
#215 = DIRECTION('',(0.,0.,1.));
#216 = DIRECTION('',(1.,0.,-0.));
#217 = DEFINITIONAL_REPRESENTATION('',(#218),#222);
#218 = LINE('',#219,#220);
#219 = CARTESIAN_POINT('',(4.64,35.25));
#220 = VECTOR('',#221,1.);
#221 = DIRECTION('',(4.718079254715E-17,-1.));
#222 = ( GEOMETRIC_REPRESENTATION_CONTEXT(2) 
PARAMETRIC_REPRESENTATION_CONTEXT() REPRESENTATION_CONTEXT('2D SPACE',''
  ) );
#223 = ORIENTED_EDGE('',*,*,#224,.F.);
#224 = EDGE_CURVE('',#225,#197,#227,.T.);
#225 = VERTEX_POINT('',#226);
#226 = CARTESIAN_POINT('',(-15.16,19.256590852837,-36.));
#227 = SURFACE_CURVE('',#228,(#232,#239),.PCURVE_S1.);
#228 = LINE('',#229,#230);
#229 = CARTESIAN_POINT('',(-15.16,19.75,-36.));
#230 = VECTOR('',#231,1.);
#231 = DIRECTION('',(4.718079254715E-17,-1.,0.));
#232 = PCURVE('',#32,#233);
#233 = DEFINITIONAL_REPRESENTATION('',(#234),#238);
#234 = LINE('',#235,#236);
#235 = CARTESIAN_POINT('',(0.,-2.4));
#236 = VECTOR('',#237,1.);
#237 = DIRECTION('',(0.,1.));
#238 = ( GEOMETRIC_REPRESENTATION_CONTEXT(2) 
PARAMETRIC_REPRESENTATION_CONTEXT() REPRESENTATION_CONTEXT('2D SPACE',''
  ) );
#239 = PCURVE('',#240,#245);
#240 = PLANE('',#241);
#241 = AXIS2_PLACEMENT_3D('',#242,#243,#244);
#242 = CARTESIAN_POINT('',(-15.16,17.35,-36.));
#243 = DIRECTION('',(0.,0.,1.));
#244 = DIRECTION('',(1.,0.,-0.));
#245 = DEFINITIONAL_REPRESENTATION('',(#246),#250);
#246 = LINE('',#247,#248);
#247 = CARTESIAN_POINT('',(-1.7763568394E-15,2.4));
#248 = VECTOR('',#249,1.);
#249 = DIRECTION('',(4.718079254715E-17,-1.));
#250 = ( GEOMETRIC_REPRESENTATION_CONTEXT(2) 
PARAMETRIC_REPRESENTATION_CONTEXT() REPRESENTATION_CONTEXT('2D SPACE',''
  ) );
#251 = ORIENTED_EDGE('',*,*,#252,.T.);
#252 = EDGE_CURVE('',#225,#253,#255,.T.);
#253 = VERTEX_POINT('',#254);
#254 = CARTESIAN_POINT('',(-15.16,18.267911082217,-33.87976938973));
#255 = SURFACE_CURVE('',#256,(#260,#266),.PCURVE_S1.);
#256 = LINE('',#257,#258);
#257 = CARTESIAN_POINT('',(-15.16,27.044351733368,-52.70090710357));
#258 = VECTOR('',#259,1.);
#259 = DIRECTION('',(0.,-0.422618261741,0.906307787037));
#260 = PCURVE('',#32,#261);
#261 = DEFINITIONAL_REPRESENTATION('',(#262),#265);
#262 = B_SPLINE_CURVE_WITH_KNOTS('',1,(#263,#264),.UNSPECIFIED.,.F.,.F.,
  (2,2),(18.427412124726,20.766827763197),.PIECEWISE_BEZIER_KNOTS.);
#263 = CARTESIAN_POINT('',(1.255079191097E-15,-1.906590852837));
#264 = CARTESIAN_POINT('',(2.120230610262,-0.917911082217));
#265 = ( GEOMETRIC_REPRESENTATION_CONTEXT(2) 
PARAMETRIC_REPRESENTATION_CONTEXT() REPRESENTATION_CONTEXT('2D SPACE',''
  ) );
#266 = PCURVE('',#267,#272);
#267 = PLANE('',#268);
#268 = AXIS2_PLACEMENT_3D('',#269,#270,#271);
#269 = CARTESIAN_POINT('',(-14.4,35.172641551845,-70.1320808712));
#270 = DIRECTION('',(0.,0.906307787037,0.422618261741));
#271 = DIRECTION('',(0.,-0.422618261741,0.906307787037));
#272 = DEFINITIONAL_REPRESENTATION('',(#273),#276);
#273 = B_SPLINE_CURVE_WITH_KNOTS('',1,(#274,#275),.UNSPECIFIED.,.F.,.F.,
  (2,2),(18.427412124726,20.766827763197),.PIECEWISE_BEZIER_KNOTS.);
#274 = CARTESIAN_POINT('',(37.660584361529,-0.76));
#275 = CARTESIAN_POINT('',(40.,-0.76));
#276 = ( GEOMETRIC_REPRESENTATION_CONTEXT(2) 
PARAMETRIC_REPRESENTATION_CONTEXT() REPRESENTATION_CONTEXT('2D SPACE',''
  ) );
#277 = ORIENTED_EDGE('',*,*,#278,.T.);
#278 = EDGE_CURVE('',#253,#24,#279,.T.);
#279 = SURFACE_CURVE('',#280,(#284,#290),.PCURVE_S1.);
#280 = LINE('',#281,#282);
#281 = CARTESIAN_POINT('',(-15.16,17.484880124771,-34.24490272176));
#282 = VECTOR('',#283,1.);
#283 = DIRECTION('',(0.,0.906307787037,0.422618261741));
#284 = PCURVE('',#32,#285);
#285 = DEFINITIONAL_REPRESENTATION('',(#286),#289);
#286 = B_SPLINE_CURVE_WITH_KNOTS('',1,(#287,#288),.UNSPECIFIED.,.F.,.F.,
  (2,2),(0.863979068309,2.49928325413),.PIECEWISE_BEZIER_KNOTS.);
#287 = CARTESIAN_POINT('',(2.120230610262,-0.917911082217));
#288 = CARTESIAN_POINT('',(2.811340022691,-2.4));
#289 = ( GEOMETRIC_REPRESENTATION_CONTEXT(2) 
PARAMETRIC_REPRESENTATION_CONTEXT() REPRESENTATION_CONTEXT('2D SPACE',''
  ) );
#290 = PCURVE('',#291,#296);
#291 = PLANE('',#292);
#292 = AXIS2_PLACEMENT_3D('',#293,#294,#295);
#293 = CARTESIAN_POINT('',(-14.4,18.267911082217,-33.87976938973));
#294 = DIRECTION('',(0.,0.422618261741,-0.906307787037));
#295 = DIRECTION('',(0.,0.906307787037,0.422618261741));
#296 = DEFINITIONAL_REPRESENTATION('',(#297),#300);
#297 = B_SPLINE_CURVE_WITH_KNOTS('',1,(#298,#299),.UNSPECIFIED.,.F.,.F.,
  (2,2),(0.863979068309,2.49928325413),.PIECEWISE_BEZIER_KNOTS.);
#298 = CARTESIAN_POINT('',(0.,-0.76));
#299 = CARTESIAN_POINT('',(1.635304185821,-0.76));
#300 = ( GEOMETRIC_REPRESENTATION_CONTEXT(2) 
PARAMETRIC_REPRESENTATION_CONTEXT() REPRESENTATION_CONTEXT('2D SPACE',''
  ) );
#301 = FACE_BOUND('',#302,.F.);
#302 = EDGE_LOOP('',(#303,#331,#357,#383));
#303 = ORIENTED_EDGE('',*,*,#304,.T.);
#304 = EDGE_CURVE('',#305,#307,#309,.T.);
#305 = VERTEX_POINT('',#306);
#306 = CARTESIAN_POINT('',(-15.16,4.5,-35.));
#307 = VERTEX_POINT('',#308);
#308 = CARTESIAN_POINT('',(-15.16,-4.5,-35.));
#309 = SURFACE_CURVE('',#310,(#314,#320),.PCURVE_S1.);
#310 = LINE('',#311,#312);
#311 = CARTESIAN_POINT('',(-15.16,6.425,-35.));
#312 = VECTOR('',#313,1.);
#313 = DIRECTION('',(0.,-1.,0.));
#314 = PCURVE('',#32,#315);
#315 = DEFINITIONAL_REPRESENTATION('',(#316),#319);
#316 = B_SPLINE_CURVE_WITH_KNOTS('',1,(#317,#318),.UNSPECIFIED.,.F.,.F.,
  (2,2),(1.925,10.925),.PIECEWISE_BEZIER_KNOTS.);
#317 = CARTESIAN_POINT('',(1.,12.85));
#318 = CARTESIAN_POINT('',(1.,21.85));
#319 = ( GEOMETRIC_REPRESENTATION_CONTEXT(2) 
PARAMETRIC_REPRESENTATION_CONTEXT() REPRESENTATION_CONTEXT('2D SPACE',''
  ) );
#320 = PCURVE('',#321,#326);
#321 = PLANE('',#322);
#322 = AXIS2_PLACEMENT_3D('',#323,#324,#325);
#323 = CARTESIAN_POINT('',(-16.16,-4.5,-35.));
#324 = DIRECTION('',(0.,0.,1.));
#325 = DIRECTION('',(1.,0.,-0.));
#326 = DEFINITIONAL_REPRESENTATION('',(#327),#330);
#327 = B_SPLINE_CURVE_WITH_KNOTS('',1,(#328,#329),.UNSPECIFIED.,.F.,.F.,
  (2,2),(1.925,10.925),.PIECEWISE_BEZIER_KNOTS.);
#328 = CARTESIAN_POINT('',(1.,9.));
#329 = CARTESIAN_POINT('',(1.,0.));
#330 = ( GEOMETRIC_REPRESENTATION_CONTEXT(2) 
PARAMETRIC_REPRESENTATION_CONTEXT() REPRESENTATION_CONTEXT('2D SPACE',''
  ) );
#331 = ORIENTED_EDGE('',*,*,#332,.T.);
#332 = EDGE_CURVE('',#307,#333,#335,.T.);
#333 = VERTEX_POINT('',#334);
#334 = CARTESIAN_POINT('',(-15.16,-4.5,-28.));
#335 = SURFACE_CURVE('',#336,(#340,#346),.PCURVE_S1.);
#336 = LINE('',#337,#338);
#337 = CARTESIAN_POINT('',(-15.16,-4.5,-35.5));
#338 = VECTOR('',#339,1.);
#339 = DIRECTION('',(0.,0.,1.));
#340 = PCURVE('',#32,#341);
#341 = DEFINITIONAL_REPRESENTATION('',(#342),#345);
#342 = B_SPLINE_CURVE_WITH_KNOTS('',1,(#343,#344),.UNSPECIFIED.,.F.,.F.,
  (2,2),(0.5,7.5),.PIECEWISE_BEZIER_KNOTS.);
#343 = CARTESIAN_POINT('',(1.,21.85));
#344 = CARTESIAN_POINT('',(8.,21.85));
#345 = ( GEOMETRIC_REPRESENTATION_CONTEXT(2) 
PARAMETRIC_REPRESENTATION_CONTEXT() REPRESENTATION_CONTEXT('2D SPACE',''
  ) );
#346 = PCURVE('',#347,#352);
#347 = PLANE('',#348);
#348 = AXIS2_PLACEMENT_3D('',#349,#350,#351);
#349 = CARTESIAN_POINT('',(-16.16,-4.5,-35.));
#350 = DIRECTION('',(-0.,1.,0.));
#351 = DIRECTION('',(0.,0.,1.));
#352 = DEFINITIONAL_REPRESENTATION('',(#353),#356);
#353 = B_SPLINE_CURVE_WITH_KNOTS('',1,(#354,#355),.UNSPECIFIED.,.F.,.F.,
  (2,2),(0.5,7.5),.PIECEWISE_BEZIER_KNOTS.);
#354 = CARTESIAN_POINT('',(0.,1.));
#355 = CARTESIAN_POINT('',(7.,1.));
#356 = ( GEOMETRIC_REPRESENTATION_CONTEXT(2) 
PARAMETRIC_REPRESENTATION_CONTEXT() REPRESENTATION_CONTEXT('2D SPACE',''
  ) );
#357 = ORIENTED_EDGE('',*,*,#358,.F.);
#358 = EDGE_CURVE('',#359,#333,#361,.T.);
#359 = VERTEX_POINT('',#360);
#360 = CARTESIAN_POINT('',(-15.16,4.5,-28.));
#361 = SURFACE_CURVE('',#362,(#366,#372),.PCURVE_S1.);
#362 = LINE('',#363,#364);
#363 = CARTESIAN_POINT('',(-15.16,6.425,-28.));
#364 = VECTOR('',#365,1.);
#365 = DIRECTION('',(0.,-1.,0.));
#366 = PCURVE('',#32,#367);
#367 = DEFINITIONAL_REPRESENTATION('',(#368),#371);
#368 = B_SPLINE_CURVE_WITH_KNOTS('',1,(#369,#370),.UNSPECIFIED.,.F.,.F.,
  (2,2),(1.925,10.925),.PIECEWISE_BEZIER_KNOTS.);
#369 = CARTESIAN_POINT('',(8.,12.85));
#370 = CARTESIAN_POINT('',(8.,21.85));
#371 = ( GEOMETRIC_REPRESENTATION_CONTEXT(2) 
PARAMETRIC_REPRESENTATION_CONTEXT() REPRESENTATION_CONTEXT('2D SPACE',''
  ) );
#372 = PCURVE('',#373,#378);
#373 = PLANE('',#374);
#374 = AXIS2_PLACEMENT_3D('',#375,#376,#377);
#375 = CARTESIAN_POINT('',(-16.16,-4.5,-28.));
#376 = DIRECTION('',(0.,0.,1.));
#377 = DIRECTION('',(1.,0.,-0.));
#378 = DEFINITIONAL_REPRESENTATION('',(#379),#382);
#379 = B_SPLINE_CURVE_WITH_KNOTS('',1,(#380,#381),.UNSPECIFIED.,.F.,.F.,
  (2,2),(1.925,10.925),.PIECEWISE_BEZIER_KNOTS.);
#380 = CARTESIAN_POINT('',(1.,9.));
#381 = CARTESIAN_POINT('',(1.,0.));
#382 = ( GEOMETRIC_REPRESENTATION_CONTEXT(2) 
PARAMETRIC_REPRESENTATION_CONTEXT() REPRESENTATION_CONTEXT('2D SPACE',''
  ) );
#383 = ORIENTED_EDGE('',*,*,#384,.F.);
#384 = EDGE_CURVE('',#305,#359,#385,.T.);
#385 = SURFACE_CURVE('',#386,(#390,#396),.PCURVE_S1.);
#386 = LINE('',#387,#388);
#387 = CARTESIAN_POINT('',(-15.16,4.5,-35.5));
#388 = VECTOR('',#389,1.);
#389 = DIRECTION('',(0.,0.,1.));
#390 = PCURVE('',#32,#391);
#391 = DEFINITIONAL_REPRESENTATION('',(#392),#395);
#392 = B_SPLINE_CURVE_WITH_KNOTS('',1,(#393,#394),.UNSPECIFIED.,.F.,.F.,
  (2,2),(0.5,7.5),.PIECEWISE_BEZIER_KNOTS.);
#393 = CARTESIAN_POINT('',(1.,12.85));
#394 = CARTESIAN_POINT('',(8.,12.85));
#395 = ( GEOMETRIC_REPRESENTATION_CONTEXT(2) 
PARAMETRIC_REPRESENTATION_CONTEXT() REPRESENTATION_CONTEXT('2D SPACE',''
  ) );
#396 = PCURVE('',#397,#402);
#397 = PLANE('',#398);
#398 = AXIS2_PLACEMENT_3D('',#399,#400,#401);
#399 = CARTESIAN_POINT('',(-16.16,4.5,-35.));
#400 = DIRECTION('',(-0.,1.,0.));
#401 = DIRECTION('',(0.,0.,1.));
#402 = DEFINITIONAL_REPRESENTATION('',(#403),#406);
#403 = B_SPLINE_CURVE_WITH_KNOTS('',1,(#404,#405),.UNSPECIFIED.,.F.,.F.,
  (2,2),(0.5,7.5),.PIECEWISE_BEZIER_KNOTS.);
#404 = CARTESIAN_POINT('',(0.,1.));
#405 = CARTESIAN_POINT('',(7.,1.));
#406 = ( GEOMETRIC_REPRESENTATION_CONTEXT(2) 
PARAMETRIC_REPRESENTATION_CONTEXT() REPRESENTATION_CONTEXT('2D SPACE',''
  ) );
#407 = ADVANCED_FACE('',(#408,#702,#733,#764,#795),#44,.T.);
#408 = FACE_BOUND('',#409,.T.);
#409 = EDGE_LOOP('',(#410,#411,#434,#467,#495,#523,#551,#579,#605,#631,
    #657,#683));
#410 = ORIENTED_EDGE('',*,*,#21,.F.);
#411 = ORIENTED_EDGE('',*,*,#412,.T.);
#412 = EDGE_CURVE('',#22,#413,#415,.T.);
#413 = VERTEX_POINT('',#414);
#414 = CARTESIAN_POINT('',(-9.853425800198,19.75,-3.));
#415 = SURFACE_CURVE('',#416,(#420,#427),.PCURVE_S1.);
#416 = LINE('',#417,#418);
#417 = CARTESIAN_POINT('',(-15.16,19.75,-3.));
#418 = VECTOR('',#419,1.);
#419 = DIRECTION('',(1.,0.,-0.));
#420 = PCURVE('',#44,#421);
#421 = DEFINITIONAL_REPRESENTATION('',(#422),#426);
#422 = LINE('',#423,#424);
#423 = CARTESIAN_POINT('',(33.,0.));
#424 = VECTOR('',#425,1.);
#425 = DIRECTION('',(0.,1.));
#426 = ( GEOMETRIC_REPRESENTATION_CONTEXT(2) 
PARAMETRIC_REPRESENTATION_CONTEXT() REPRESENTATION_CONTEXT('2D SPACE',''
  ) );
#427 = PCURVE('',#72,#428);
#428 = DEFINITIONAL_REPRESENTATION('',(#429),#433);
#429 = LINE('',#430,#431);
#430 = CARTESIAN_POINT('',(0.,2.4));
#431 = VECTOR('',#432,1.);
#432 = DIRECTION('',(1.,0.));
#433 = ( GEOMETRIC_REPRESENTATION_CONTEXT(2) 
PARAMETRIC_REPRESENTATION_CONTEXT() REPRESENTATION_CONTEXT('2D SPACE',''
  ) );
#434 = ORIENTED_EDGE('',*,*,#435,.T.);
#435 = EDGE_CURVE('',#413,#436,#438,.T.);
#436 = VERTEX_POINT('',#437);
#437 = CARTESIAN_POINT('',(9.853425800198,19.75,-3.));
#438 = SURFACE_CURVE('',#439,(#444,#455),.PCURVE_S1.);
#439 = CIRCLE('',#440,10.3);
#440 = AXIS2_PLACEMENT_3D('',#441,#442,#443);
#441 = CARTESIAN_POINT('',(0.,19.75,-2.6645352591E-16));
#442 = DIRECTION('',(0.,-1.,2.22044604925E-16));
#443 = DIRECTION('',(1.,0.,0.));
#444 = PCURVE('',#44,#445);
#445 = DEFINITIONAL_REPRESENTATION('',(#446),#454);
#446 = ( BOUNDED_CURVE() B_SPLINE_CURVE(2,(#447,#448,#449,#450,#451,#452
,#453),.UNSPECIFIED.,.T.,.F.) B_SPLINE_CURVE_WITH_KNOTS((1,2,2,2,2,1),(
    -2.094395102393,0.,2.094395102393,4.188790204786,6.28318530718,
8.377580409573),.UNSPECIFIED.) CURVE() GEOMETRIC_REPRESENTATION_ITEM() 
RATIONAL_B_SPLINE_CURVE((1.,0.5,1.,0.5,1.,0.5,1.)) REPRESENTATION_ITEM(
  '') );
#447 = CARTESIAN_POINT('',(36.,25.46));
#448 = CARTESIAN_POINT('',(53.840123317959,25.46));
#449 = CARTESIAN_POINT('',(44.92006165898,10.01));
#450 = CARTESIAN_POINT('',(36.,-5.44));
#451 = CARTESIAN_POINT('',(27.07993834102,10.01));
#452 = CARTESIAN_POINT('',(18.159876682041,25.46));
#453 = CARTESIAN_POINT('',(36.,25.46));
#454 = ( GEOMETRIC_REPRESENTATION_CONTEXT(2) 
PARAMETRIC_REPRESENTATION_CONTEXT() REPRESENTATION_CONTEXT('2D SPACE',''
  ) );
#455 = PCURVE('',#456,#461);
#456 = CYLINDRICAL_SURFACE('',#457,10.3);
#457 = AXIS2_PLACEMENT_3D('',#458,#459,#460);
#458 = CARTESIAN_POINT('',(0.,20.75,-4.884981308351E-16));
#459 = DIRECTION('',(0.,-1.,2.22044604925E-16));
#460 = DIRECTION('',(1.,0.,0.));
#461 = DEFINITIONAL_REPRESENTATION('',(#462),#466);
#462 = LINE('',#463,#464);
#463 = CARTESIAN_POINT('',(0.,1.));
#464 = VECTOR('',#465,1.);
#465 = DIRECTION('',(1.,0.));
#466 = ( GEOMETRIC_REPRESENTATION_CONTEXT(2) 
PARAMETRIC_REPRESENTATION_CONTEXT() REPRESENTATION_CONTEXT('2D SPACE',''
  ) );
#467 = ORIENTED_EDGE('',*,*,#468,.T.);
#468 = EDGE_CURVE('',#436,#469,#471,.T.);
#469 = VERTEX_POINT('',#470);
#470 = CARTESIAN_POINT('',(13.2,19.75,-3.));
#471 = SURFACE_CURVE('',#472,(#476,#483),.PCURVE_S1.);
#472 = LINE('',#473,#474);
#473 = CARTESIAN_POINT('',(-15.16,19.75,-3.));
#474 = VECTOR('',#475,1.);
#475 = DIRECTION('',(1.,0.,-0.));
#476 = PCURVE('',#44,#477);
#477 = DEFINITIONAL_REPRESENTATION('',(#478),#482);
#478 = LINE('',#479,#480);
#479 = CARTESIAN_POINT('',(33.,0.));
#480 = VECTOR('',#481,1.);
#481 = DIRECTION('',(0.,1.));
#482 = ( GEOMETRIC_REPRESENTATION_CONTEXT(2) 
PARAMETRIC_REPRESENTATION_CONTEXT() REPRESENTATION_CONTEXT('2D SPACE',''
  ) );
#483 = PCURVE('',#484,#489);
#484 = PLANE('',#485);
#485 = AXIS2_PLACEMENT_3D('',#486,#487,#488);
#486 = CARTESIAN_POINT('',(-15.16,17.35,-3.));
#487 = DIRECTION('',(0.,0.,1.));
#488 = DIRECTION('',(1.,0.,-0.));
#489 = DEFINITIONAL_REPRESENTATION('',(#490),#494);
#490 = LINE('',#491,#492);
#491 = CARTESIAN_POINT('',(0.,2.4));
#492 = VECTOR('',#493,1.);
#493 = DIRECTION('',(1.,0.));
#494 = ( GEOMETRIC_REPRESENTATION_CONTEXT(2) 
PARAMETRIC_REPRESENTATION_CONTEXT() REPRESENTATION_CONTEXT('2D SPACE',''
  ) );
#495 = ORIENTED_EDGE('',*,*,#496,.F.);
#496 = EDGE_CURVE('',#497,#469,#499,.T.);
#497 = VERTEX_POINT('',#498);
#498 = CARTESIAN_POINT('',(13.2,19.75,-25.05));
#499 = SURFACE_CURVE('',#500,(#504,#511),.PCURVE_S1.);
#500 = LINE('',#501,#502);
#501 = CARTESIAN_POINT('',(13.2,19.75,-36.));
#502 = VECTOR('',#503,1.);
#503 = DIRECTION('',(0.,0.,1.));
#504 = PCURVE('',#44,#505);
#505 = DEFINITIONAL_REPRESENTATION('',(#506),#510);
#506 = LINE('',#507,#508);
#507 = CARTESIAN_POINT('',(0.,28.36));
#508 = VECTOR('',#509,1.);
#509 = DIRECTION('',(1.,0.));
#510 = ( GEOMETRIC_REPRESENTATION_CONTEXT(2) 
PARAMETRIC_REPRESENTATION_CONTEXT() REPRESENTATION_CONTEXT('2D SPACE',''
  ) );
#511 = PCURVE('',#512,#517);
#512 = PLANE('',#513);
#513 = AXIS2_PLACEMENT_3D('',#514,#515,#516);
#514 = CARTESIAN_POINT('',(13.2,17.35,-36.));
#515 = DIRECTION('',(1.,0.,-0.));
#516 = DIRECTION('',(0.,0.,1.));
#517 = DEFINITIONAL_REPRESENTATION('',(#518),#522);
#518 = LINE('',#519,#520);
#519 = CARTESIAN_POINT('',(0.,-2.4));
#520 = VECTOR('',#521,1.);
#521 = DIRECTION('',(1.,0.));
#522 = ( GEOMETRIC_REPRESENTATION_CONTEXT(2) 
PARAMETRIC_REPRESENTATION_CONTEXT() REPRESENTATION_CONTEXT('2D SPACE',''
  ) );
#523 = ORIENTED_EDGE('',*,*,#524,.T.);
#524 = EDGE_CURVE('',#497,#525,#527,.T.);
#525 = VERTEX_POINT('',#526);
#526 = CARTESIAN_POINT('',(23.45,19.75,-25.05));
#527 = SURFACE_CURVE('',#528,(#532,#539),.PCURVE_S1.);
#528 = LINE('',#529,#530);
#529 = CARTESIAN_POINT('',(13.2,19.75,-25.05));
#530 = VECTOR('',#531,1.);
#531 = DIRECTION('',(1.,0.,0.));
#532 = PCURVE('',#44,#533);
#533 = DEFINITIONAL_REPRESENTATION('',(#534),#538);
#534 = LINE('',#535,#536);
#535 = CARTESIAN_POINT('',(10.95,28.36));
#536 = VECTOR('',#537,1.);
#537 = DIRECTION('',(0.,1.));
#538 = ( GEOMETRIC_REPRESENTATION_CONTEXT(2) 
PARAMETRIC_REPRESENTATION_CONTEXT() REPRESENTATION_CONTEXT('2D SPACE',''
  ) );
#539 = PCURVE('',#540,#545);
#540 = PLANE('',#541);
#541 = AXIS2_PLACEMENT_3D('',#542,#543,#544);
#542 = CARTESIAN_POINT('',(-15.16,17.35,-25.05));
#543 = DIRECTION('',(0.,0.,1.));
#544 = DIRECTION('',(1.,0.,-0.));
#545 = DEFINITIONAL_REPRESENTATION('',(#546),#550);
#546 = LINE('',#547,#548);
#547 = CARTESIAN_POINT('',(28.36,2.4));
#548 = VECTOR('',#549,1.);
#549 = DIRECTION('',(1.,0.));
#550 = ( GEOMETRIC_REPRESENTATION_CONTEXT(2) 
PARAMETRIC_REPRESENTATION_CONTEXT() REPRESENTATION_CONTEXT('2D SPACE',''
  ) );
#551 = ORIENTED_EDGE('',*,*,#552,.F.);
#552 = EDGE_CURVE('',#553,#525,#555,.T.);
#553 = VERTEX_POINT('',#554);
#554 = CARTESIAN_POINT('',(23.45,19.75,-33.1886599773));
#555 = SURFACE_CURVE('',#556,(#560,#567),.PCURVE_S1.);
#556 = LINE('',#557,#558);
#557 = CARTESIAN_POINT('',(23.45,19.75,-36.));
#558 = VECTOR('',#559,1.);
#559 = DIRECTION('',(0.,0.,1.));
#560 = PCURVE('',#44,#561);
#561 = DEFINITIONAL_REPRESENTATION('',(#562),#566);
#562 = LINE('',#563,#564);
#563 = CARTESIAN_POINT('',(0.,38.61));
#564 = VECTOR('',#565,1.);
#565 = DIRECTION('',(1.,0.));
#566 = ( GEOMETRIC_REPRESENTATION_CONTEXT(2) 
PARAMETRIC_REPRESENTATION_CONTEXT() REPRESENTATION_CONTEXT('2D SPACE',''
  ) );
#567 = PCURVE('',#568,#573);
#568 = PLANE('',#569);
#569 = AXIS2_PLACEMENT_3D('',#570,#571,#572);
#570 = CARTESIAN_POINT('',(23.45,17.35,-36.));
#571 = DIRECTION('',(1.,0.,-0.));
#572 = DIRECTION('',(0.,0.,1.));
#573 = DEFINITIONAL_REPRESENTATION('',(#574),#578);
#574 = LINE('',#575,#576);
#575 = CARTESIAN_POINT('',(0.,-2.4));
#576 = VECTOR('',#577,1.);
#577 = DIRECTION('',(1.,0.));
#578 = ( GEOMETRIC_REPRESENTATION_CONTEXT(2) 
PARAMETRIC_REPRESENTATION_CONTEXT() REPRESENTATION_CONTEXT('2D SPACE',''
  ) );
#579 = ORIENTED_EDGE('',*,*,#580,.T.);
#580 = EDGE_CURVE('',#553,#581,#583,.T.);
#581 = VERTEX_POINT('',#582);
#582 = CARTESIAN_POINT('',(17.,19.75,-33.1886599773));
#583 = SURFACE_CURVE('',#584,(#588,#594),.PCURVE_S1.);
#584 = LINE('',#585,#586);
#585 = CARTESIAN_POINT('',(9.145,19.75,-33.1886599773));
#586 = VECTOR('',#587,1.);
#587 = DIRECTION('',(-1.,0.,-0.));
#588 = PCURVE('',#44,#589);
#589 = DEFINITIONAL_REPRESENTATION('',(#590),#593);
#590 = B_SPLINE_CURVE_WITH_KNOTS('',1,(#591,#592),.UNSPECIFIED.,.F.,.F.,
  (2,2),(-14.305,-7.855),.PIECEWISE_BEZIER_KNOTS.);
#591 = CARTESIAN_POINT('',(2.811340022691,38.61));
#592 = CARTESIAN_POINT('',(2.811340022691,32.16));
#593 = ( GEOMETRIC_REPRESENTATION_CONTEXT(2) 
PARAMETRIC_REPRESENTATION_CONTEXT() REPRESENTATION_CONTEXT('2D SPACE',''
  ) );
#594 = PCURVE('',#595,#600);
#595 = PLANE('',#596);
#596 = AXIS2_PLACEMENT_3D('',#597,#598,#599);
#597 = CARTESIAN_POINT('',(33.45,14.869256880829,-35.46458787126));
#598 = DIRECTION('',(0.,0.422618261741,-0.906307787037));
#599 = DIRECTION('',(0.,0.906307787037,0.422618261741));
#600 = DEFINITIONAL_REPRESENTATION('',(#601),#604);
#601 = B_SPLINE_CURVE_WITH_KNOTS('',1,(#602,#603),.UNSPECIFIED.,.F.,.F.,
  (2,2),(-14.305,-7.855),.PIECEWISE_BEZIER_KNOTS.);
#602 = CARTESIAN_POINT('',(5.385304185821,-10.));
#603 = CARTESIAN_POINT('',(5.385304185821,-16.45));
#604 = ( GEOMETRIC_REPRESENTATION_CONTEXT(2) 
PARAMETRIC_REPRESENTATION_CONTEXT() REPRESENTATION_CONTEXT('2D SPACE',''
  ) );
#605 = ORIENTED_EDGE('',*,*,#606,.F.);
#606 = EDGE_CURVE('',#607,#581,#609,.T.);
#607 = VERTEX_POINT('',#608);
#608 = CARTESIAN_POINT('',(17.,19.75,-34.61552139155));
#609 = SURFACE_CURVE('',#610,(#614,#620),.PCURVE_S1.);
#610 = LINE('',#611,#612);
#611 = CARTESIAN_POINT('',(17.,19.75,-39.15249536889));
#612 = VECTOR('',#613,1.);
#613 = DIRECTION('',(-0.,-0.,1.));
#614 = PCURVE('',#44,#615);
#615 = DEFINITIONAL_REPRESENTATION('',(#616),#619);
#616 = B_SPLINE_CURVE_WITH_KNOTS('',1,(#617,#618),.UNSPECIFIED.,.F.,.F.,
  (2,2),(3.15249536889,20.592637967252),.PIECEWISE_BEZIER_KNOTS.);
#617 = CARTESIAN_POINT('',(0.,32.16));
#618 = CARTESIAN_POINT('',(17.440142598362,32.16));
#619 = ( GEOMETRIC_REPRESENTATION_CONTEXT(2) 
PARAMETRIC_REPRESENTATION_CONTEXT() REPRESENTATION_CONTEXT('2D SPACE',''
  ) );
#620 = PCURVE('',#621,#626);
#621 = PLANE('',#622);
#622 = AXIS2_PLACEMENT_3D('',#623,#624,#625);
#623 = CARTESIAN_POINT('',(17.,33.663109296548,-42.30499073777));
#624 = DIRECTION('',(-1.,0.,-0.));
#625 = DIRECTION('',(0.,-1.,0.));
#626 = DEFINITIONAL_REPRESENTATION('',(#627),#630);
#627 = B_SPLINE_CURVE_WITH_KNOTS('',1,(#628,#629),.UNSPECIFIED.,.F.,.F.,
  (2,2),(3.15249536889,20.592637967252),.PIECEWISE_BEZIER_KNOTS.);
#628 = CARTESIAN_POINT('',(13.913109296548,6.304990737779));
#629 = CARTESIAN_POINT('',(13.913109296548,23.745133336141));
#630 = ( GEOMETRIC_REPRESENTATION_CONTEXT(2) 
PARAMETRIC_REPRESENTATION_CONTEXT() REPRESENTATION_CONTEXT('2D SPACE',''
  ) );
#631 = ORIENTED_EDGE('',*,*,#632,.F.);
#632 = EDGE_CURVE('',#633,#607,#635,.T.);
#633 = VERTEX_POINT('',#634);
#634 = CARTESIAN_POINT('',(-14.4,19.75,-34.61552139155));
#635 = SURFACE_CURVE('',#636,(#640,#646),.PCURVE_S1.);
#636 = LINE('',#637,#638);
#637 = CARTESIAN_POINT('',(-14.955,19.75,-34.61552139155));
#638 = VECTOR('',#639,1.);
#639 = DIRECTION('',(1.,0.,2.470472583116E-16));
#640 = PCURVE('',#44,#641);
#641 = DEFINITIONAL_REPRESENTATION('',(#642),#645);
#642 = B_SPLINE_CURVE_WITH_KNOTS('',1,(#643,#644),.UNSPECIFIED.,.F.,.F.,
  (2,2),(0.205,32.305),.PIECEWISE_BEZIER_KNOTS.);
#643 = CARTESIAN_POINT('',(1.384478608449,0.41));
#644 = CARTESIAN_POINT('',(1.384478608449,32.51));
#645 = ( GEOMETRIC_REPRESENTATION_CONTEXT(2) 
PARAMETRIC_REPRESENTATION_CONTEXT() REPRESENTATION_CONTEXT('2D SPACE',''
  ) );
#646 = PCURVE('',#647,#652);
#647 = PLANE('',#648);
#648 = AXIS2_PLACEMENT_3D('',#649,#650,#651);
#649 = CARTESIAN_POINT('',(-14.75,-36.97492633987,-62.2821165515));
#650 = DIRECTION('',(-2.22044604925E-16,-0.438371146789,0.898794046299)
  );
#651 = DIRECTION('',(1.224646799147E-16,0.898794046299,0.438371146789));
#652 = DEFINITIONAL_REPRESENTATION('',(#653),#656);
#653 = B_SPLINE_CURVE_WITH_KNOTS('',1,(#654,#655),.UNSPECIFIED.,.F.,.F.,
  (2,2),(0.205,32.305),.PIECEWISE_BEZIER_KNOTS.);
#654 = CARTESIAN_POINT('',(63.112263119059,3.275157922644E-15));
#655 = CARTESIAN_POINT('',(63.112263119059,-32.1));
#656 = ( GEOMETRIC_REPRESENTATION_CONTEXT(2) 
PARAMETRIC_REPRESENTATION_CONTEXT() REPRESENTATION_CONTEXT('2D SPACE',''
  ) );
#657 = ORIENTED_EDGE('',*,*,#658,.T.);
#658 = EDGE_CURVE('',#633,#659,#661,.T.);
#659 = VERTEX_POINT('',#660);
#660 = CARTESIAN_POINT('',(-14.4,19.75,-33.1886599773));
#661 = SURFACE_CURVE('',#662,(#666,#672),.PCURVE_S1.);
#662 = LINE('',#663,#664);
#663 = CARTESIAN_POINT('',(-14.4,19.75,-38.36008612812));
#664 = VECTOR('',#665,1.);
#665 = DIRECTION('',(-0.,-0.,1.));
#666 = PCURVE('',#44,#667);
#667 = DEFINITIONAL_REPRESENTATION('',(#668),#671);
#668 = B_SPLINE_CURVE_WITH_KNOTS('',1,(#669,#670),.UNSPECIFIED.,.F.,.F.,
  (2,2),(2.360086128126,21.385047208016),.PIECEWISE_BEZIER_KNOTS.);
#669 = CARTESIAN_POINT('',(0.,0.76));
#670 = CARTESIAN_POINT('',(19.02496107989,0.76));
#671 = ( GEOMETRIC_REPRESENTATION_CONTEXT(2) 
PARAMETRIC_REPRESENTATION_CONTEXT() REPRESENTATION_CONTEXT('2D SPACE',''
  ) );
#672 = PCURVE('',#673,#678);
#673 = PLANE('',#674);
#674 = AXIS2_PLACEMENT_3D('',#675,#676,#677);
#675 = CARTESIAN_POINT('',(-14.4,37.061763497935,-40.72017225625));
#676 = DIRECTION('',(-1.,0.,-0.));
#677 = DIRECTION('',(0.,-1.,0.));
#678 = DEFINITIONAL_REPRESENTATION('',(#679),#682);
#679 = B_SPLINE_CURVE_WITH_KNOTS('',1,(#680,#681),.UNSPECIFIED.,.F.,.F.,
  (2,2),(2.360086128126,21.385047208016),.PIECEWISE_BEZIER_KNOTS.);
#680 = CARTESIAN_POINT('',(17.311763497935,4.720172256251));
#681 = CARTESIAN_POINT('',(17.311763497935,23.745133336141));
#682 = ( GEOMETRIC_REPRESENTATION_CONTEXT(2) 
PARAMETRIC_REPRESENTATION_CONTEXT() REPRESENTATION_CONTEXT('2D SPACE',''
  ) );
#683 = ORIENTED_EDGE('',*,*,#684,.T.);
#684 = EDGE_CURVE('',#659,#24,#685,.T.);
#685 = SURFACE_CURVE('',#686,(#690,#696),.PCURVE_S1.);
#686 = LINE('',#687,#688);
#687 = CARTESIAN_POINT('',(-14.78,19.75,-33.1886599773));
#688 = VECTOR('',#689,1.);
#689 = DIRECTION('',(-1.,0.,-0.));
#690 = PCURVE('',#44,#691);
#691 = DEFINITIONAL_REPRESENTATION('',(#692),#695);
#692 = B_SPLINE_CURVE_WITH_KNOTS('',1,(#693,#694),.UNSPECIFIED.,.F.,.F.,
  (2,2),(-0.38,0.38),.PIECEWISE_BEZIER_KNOTS.);
#693 = CARTESIAN_POINT('',(2.811340022691,0.76));
#694 = CARTESIAN_POINT('',(2.811340022691,-1.7763568394E-15));
#695 = ( GEOMETRIC_REPRESENTATION_CONTEXT(2) 
PARAMETRIC_REPRESENTATION_CONTEXT() REPRESENTATION_CONTEXT('2D SPACE',''
  ) );
#696 = PCURVE('',#291,#697);
#697 = DEFINITIONAL_REPRESENTATION('',(#698),#701);
#698 = B_SPLINE_CURVE_WITH_KNOTS('',1,(#699,#700),.UNSPECIFIED.,.F.,.F.,
  (2,2),(-0.38,0.38),.PIECEWISE_BEZIER_KNOTS.);
#699 = CARTESIAN_POINT('',(1.635304185821,0.));
#700 = CARTESIAN_POINT('',(1.635304185821,-0.76));
#701 = ( GEOMETRIC_REPRESENTATION_CONTEXT(2) 
PARAMETRIC_REPRESENTATION_CONTEXT() REPRESENTATION_CONTEXT('2D SPACE',''
  ) );
#702 = FACE_BOUND('',#703,.T.);
#703 = EDGE_LOOP('',(#704));
#704 = ORIENTED_EDGE('',*,*,#705,.F.);
#705 = EDGE_CURVE('',#706,#706,#708,.T.);
#706 = VERTEX_POINT('',#707);
#707 = CARTESIAN_POINT('',(-7.55,19.75,-29.));
#708 = SURFACE_CURVE('',#709,(#714,#721),.PCURVE_S1.);
#709 = CIRCLE('',#710,2.7);
#710 = AXIS2_PLACEMENT_3D('',#711,#712,#713);
#711 = CARTESIAN_POINT('',(-10.25,19.75,-29.));
#712 = DIRECTION('',(0.,1.,2.22044604925E-16));
#713 = DIRECTION('',(1.,0.,-0.));
#714 = PCURVE('',#44,#715);
#715 = DEFINITIONAL_REPRESENTATION('',(#716),#720);
#716 = CIRCLE('',#717,2.7);
#717 = AXIS2_PLACEMENT_2D('',#718,#719);
#718 = CARTESIAN_POINT('',(7.,4.91));
#719 = DIRECTION('',(0.,1.));
#720 = ( GEOMETRIC_REPRESENTATION_CONTEXT(2) 
PARAMETRIC_REPRESENTATION_CONTEXT() REPRESENTATION_CONTEXT('2D SPACE',''
  ) );
#721 = PCURVE('',#722,#727);
#722 = CONICAL_SURFACE('',#723,1.45,0.785398163397);
#723 = AXIS2_PLACEMENT_3D('',#724,#725,#726);
#724 = CARTESIAN_POINT('',(-10.25,18.5,-29.));
#725 = DIRECTION('',(0.,1.,2.22044604925E-16));
#726 = DIRECTION('',(1.,0.,-0.));
#727 = DEFINITIONAL_REPRESENTATION('',(#728),#732);
#728 = LINE('',#729,#730);
#729 = CARTESIAN_POINT('',(0.,1.25));
#730 = VECTOR('',#731,1.);
#731 = DIRECTION('',(1.,0.));
#732 = ( GEOMETRIC_REPRESENTATION_CONTEXT(2) 
PARAMETRIC_REPRESENTATION_CONTEXT() REPRESENTATION_CONTEXT('2D SPACE',''
  ) );
#733 = FACE_BOUND('',#734,.T.);
#734 = EDGE_LOOP('',(#735));
#735 = ORIENTED_EDGE('',*,*,#736,.F.);
#736 = EDGE_CURVE('',#737,#737,#739,.T.);
#737 = VERTEX_POINT('',#738);
#738 = CARTESIAN_POINT('',(-7.55,19.75,-8.3));
#739 = SURFACE_CURVE('',#740,(#745,#752),.PCURVE_S1.);
#740 = CIRCLE('',#741,2.7);
#741 = AXIS2_PLACEMENT_3D('',#742,#743,#744);
#742 = CARTESIAN_POINT('',(-10.25,19.75,-8.3));
#743 = DIRECTION('',(0.,1.,2.22044604925E-16));
#744 = DIRECTION('',(1.,0.,-0.));
#745 = PCURVE('',#44,#746);
#746 = DEFINITIONAL_REPRESENTATION('',(#747),#751);
#747 = CIRCLE('',#748,2.7);
#748 = AXIS2_PLACEMENT_2D('',#749,#750);
#749 = CARTESIAN_POINT('',(27.7,4.91));
#750 = DIRECTION('',(0.,1.));
#751 = ( GEOMETRIC_REPRESENTATION_CONTEXT(2) 
PARAMETRIC_REPRESENTATION_CONTEXT() REPRESENTATION_CONTEXT('2D SPACE',''
  ) );
#752 = PCURVE('',#753,#758);
#753 = CONICAL_SURFACE('',#754,1.45,0.785398163397);
#754 = AXIS2_PLACEMENT_3D('',#755,#756,#757);
#755 = CARTESIAN_POINT('',(-10.25,18.5,-8.3));
#756 = DIRECTION('',(0.,1.,2.22044604925E-16));
#757 = DIRECTION('',(1.,0.,-0.));
#758 = DEFINITIONAL_REPRESENTATION('',(#759),#763);
#759 = LINE('',#760,#761);
#760 = CARTESIAN_POINT('',(0.,1.25));
#761 = VECTOR('',#762,1.);
#762 = DIRECTION('',(1.,0.));
#763 = ( GEOMETRIC_REPRESENTATION_CONTEXT(2) 
PARAMETRIC_REPRESENTATION_CONTEXT() REPRESENTATION_CONTEXT('2D SPACE',''
  ) );
#764 = FACE_BOUND('',#765,.T.);
#765 = EDGE_LOOP('',(#766));
#766 = ORIENTED_EDGE('',*,*,#767,.F.);
#767 = EDGE_CURVE('',#768,#768,#770,.T.);
#768 = VERTEX_POINT('',#769);
#769 = CARTESIAN_POINT('',(12.95,19.75,-29.));
#770 = SURFACE_CURVE('',#771,(#776,#783),.PCURVE_S1.);
#771 = CIRCLE('',#772,2.7);
#772 = AXIS2_PLACEMENT_3D('',#773,#774,#775);
#773 = CARTESIAN_POINT('',(10.25,19.75,-29.));
#774 = DIRECTION('',(0.,1.,2.22044604925E-16));
#775 = DIRECTION('',(1.,0.,-0.));
#776 = PCURVE('',#44,#777);
#777 = DEFINITIONAL_REPRESENTATION('',(#778),#782);
#778 = CIRCLE('',#779,2.7);
#779 = AXIS2_PLACEMENT_2D('',#780,#781);
#780 = CARTESIAN_POINT('',(7.,25.41));
#781 = DIRECTION('',(0.,1.));
#782 = ( GEOMETRIC_REPRESENTATION_CONTEXT(2) 
PARAMETRIC_REPRESENTATION_CONTEXT() REPRESENTATION_CONTEXT('2D SPACE',''
  ) );
#783 = PCURVE('',#784,#789);
#784 = CONICAL_SURFACE('',#785,1.45,0.785398163397);
#785 = AXIS2_PLACEMENT_3D('',#786,#787,#788);
#786 = CARTESIAN_POINT('',(10.25,18.5,-29.));
#787 = DIRECTION('',(0.,1.,2.22044604925E-16));
#788 = DIRECTION('',(1.,0.,-0.));
#789 = DEFINITIONAL_REPRESENTATION('',(#790),#794);
#790 = LINE('',#791,#792);
#791 = CARTESIAN_POINT('',(0.,1.25));
#792 = VECTOR('',#793,1.);
#793 = DIRECTION('',(1.,0.));
#794 = ( GEOMETRIC_REPRESENTATION_CONTEXT(2) 
PARAMETRIC_REPRESENTATION_CONTEXT() REPRESENTATION_CONTEXT('2D SPACE',''
  ) );
#795 = FACE_BOUND('',#796,.T.);
#796 = EDGE_LOOP('',(#797));
#797 = ORIENTED_EDGE('',*,*,#798,.F.);
#798 = EDGE_CURVE('',#799,#799,#801,.T.);
#799 = VERTEX_POINT('',#800);
#800 = CARTESIAN_POINT('',(12.95,19.75,-8.3));
#801 = SURFACE_CURVE('',#802,(#807,#814),.PCURVE_S1.);
#802 = CIRCLE('',#803,2.7);
#803 = AXIS2_PLACEMENT_3D('',#804,#805,#806);
#804 = CARTESIAN_POINT('',(10.25,19.75,-8.3));
#805 = DIRECTION('',(0.,1.,2.22044604925E-16));
#806 = DIRECTION('',(1.,0.,-0.));
#807 = PCURVE('',#44,#808);
#808 = DEFINITIONAL_REPRESENTATION('',(#809),#813);
#809 = CIRCLE('',#810,2.7);
#810 = AXIS2_PLACEMENT_2D('',#811,#812);
#811 = CARTESIAN_POINT('',(27.7,25.41));
#812 = DIRECTION('',(0.,1.));
#813 = ( GEOMETRIC_REPRESENTATION_CONTEXT(2) 
PARAMETRIC_REPRESENTATION_CONTEXT() REPRESENTATION_CONTEXT('2D SPACE',''
  ) );
#814 = PCURVE('',#815,#820);
#815 = CONICAL_SURFACE('',#816,1.45,0.785398163397);
#816 = AXIS2_PLACEMENT_3D('',#817,#818,#819);
#817 = CARTESIAN_POINT('',(10.25,18.5,-8.3));
#818 = DIRECTION('',(0.,1.,2.22044604925E-16));
#819 = DIRECTION('',(1.,0.,-0.));
#820 = DEFINITIONAL_REPRESENTATION('',(#821),#825);
#821 = LINE('',#822,#823);
#822 = CARTESIAN_POINT('',(0.,1.25));
#823 = VECTOR('',#824,1.);
#824 = DIRECTION('',(1.,0.));
#825 = ( GEOMETRIC_REPRESENTATION_CONTEXT(2) 
PARAMETRIC_REPRESENTATION_CONTEXT() REPRESENTATION_CONTEXT('2D SPACE',''
  ) );
#826 = ADVANCED_FACE('',(#827),#291,.T.);
#827 = FACE_BOUND('',#828,.T.);
#828 = EDGE_LOOP('',(#829,#852,#873,#874));
#829 = ORIENTED_EDGE('',*,*,#830,.F.);
#830 = EDGE_CURVE('',#831,#659,#833,.T.);
#831 = VERTEX_POINT('',#832);
#832 = CARTESIAN_POINT('',(-14.4,18.267911082217,-33.87976938973));
#833 = SURFACE_CURVE('',#834,(#838,#845),.PCURVE_S1.);
#834 = LINE('',#835,#836);
#835 = CARTESIAN_POINT('',(-14.4,18.267911082217,-33.87976938973));
#836 = VECTOR('',#837,1.);
#837 = DIRECTION('',(0.,0.906307787037,0.422618261741));
#838 = PCURVE('',#291,#839);
#839 = DEFINITIONAL_REPRESENTATION('',(#840),#844);
#840 = LINE('',#841,#842);
#841 = CARTESIAN_POINT('',(0.,0.));
#842 = VECTOR('',#843,1.);
#843 = DIRECTION('',(1.,0.));
#844 = ( GEOMETRIC_REPRESENTATION_CONTEXT(2) 
PARAMETRIC_REPRESENTATION_CONTEXT() REPRESENTATION_CONTEXT('2D SPACE',''
  ) );
#845 = PCURVE('',#673,#846);
#846 = DEFINITIONAL_REPRESENTATION('',(#847),#851);
#847 = LINE('',#848,#849);
#848 = CARTESIAN_POINT('',(18.793852415718,6.840402866513));
#849 = VECTOR('',#850,1.);
#850 = DIRECTION('',(-0.906307787037,0.422618261741));
#851 = ( GEOMETRIC_REPRESENTATION_CONTEXT(2) 
PARAMETRIC_REPRESENTATION_CONTEXT() REPRESENTATION_CONTEXT('2D SPACE',''
  ) );
#852 = ORIENTED_EDGE('',*,*,#853,.T.);
#853 = EDGE_CURVE('',#831,#253,#854,.T.);
#854 = SURFACE_CURVE('',#855,(#859,#866),.PCURVE_S1.);
#855 = LINE('',#856,#857);
#856 = CARTESIAN_POINT('',(-14.4,18.267911082217,-33.87976938973));
#857 = VECTOR('',#858,1.);
#858 = DIRECTION('',(-1.,0.,0.));
#859 = PCURVE('',#291,#860);
#860 = DEFINITIONAL_REPRESENTATION('',(#861),#865);
#861 = LINE('',#862,#863);
#862 = CARTESIAN_POINT('',(0.,0.));
#863 = VECTOR('',#864,1.);
#864 = DIRECTION('',(0.,-1.));
#865 = ( GEOMETRIC_REPRESENTATION_CONTEXT(2) 
PARAMETRIC_REPRESENTATION_CONTEXT() REPRESENTATION_CONTEXT('2D SPACE',''
  ) );
#866 = PCURVE('',#267,#867);
#867 = DEFINITIONAL_REPRESENTATION('',(#868),#872);
#868 = LINE('',#869,#870);
#869 = CARTESIAN_POINT('',(40.,0.));
#870 = VECTOR('',#871,1.);
#871 = DIRECTION('',(0.,-1.));
#872 = ( GEOMETRIC_REPRESENTATION_CONTEXT(2) 
PARAMETRIC_REPRESENTATION_CONTEXT() REPRESENTATION_CONTEXT('2D SPACE',''
  ) );
#873 = ORIENTED_EDGE('',*,*,#278,.T.);
#874 = ORIENTED_EDGE('',*,*,#684,.F.);
#875 = ADVANCED_FACE('',(#876),#267,.T.);
#876 = FACE_BOUND('',#877,.T.);
#877 = EDGE_LOOP('',(#878,#901,#922,#948,#967,#968));
#878 = ORIENTED_EDGE('',*,*,#879,.F.);
#879 = EDGE_CURVE('',#880,#831,#882,.T.);
#880 = VERTEX_POINT('',#881);
#881 = CARTESIAN_POINT('',(-14.4,18.822045712116,-35.06811493845));
#882 = SURFACE_CURVE('',#883,(#887,#894),.PCURVE_S1.);
#883 = LINE('',#884,#885);
#884 = CARTESIAN_POINT('',(-14.4,35.172641551845,-70.1320808712));
#885 = VECTOR('',#886,1.);
#886 = DIRECTION('',(0.,-0.422618261741,0.906307787037));
#887 = PCURVE('',#267,#888);
#888 = DEFINITIONAL_REPRESENTATION('',(#889),#893);
#889 = LINE('',#890,#891);
#890 = CARTESIAN_POINT('',(0.,0.));
#891 = VECTOR('',#892,1.);
#892 = DIRECTION('',(1.,0.));
#893 = ( GEOMETRIC_REPRESENTATION_CONTEXT(2) 
PARAMETRIC_REPRESENTATION_CONTEXT() REPRESENTATION_CONTEXT('2D SPACE',''
  ) );
#894 = PCURVE('',#673,#895);
#895 = DEFINITIONAL_REPRESENTATION('',(#896),#900);
#896 = LINE('',#897,#898);
#897 = CARTESIAN_POINT('',(1.88912194609,-29.41190861495));
#898 = VECTOR('',#899,1.);
#899 = DIRECTION('',(0.422618261741,0.906307787037));
#900 = ( GEOMETRIC_REPRESENTATION_CONTEXT(2) 
PARAMETRIC_REPRESENTATION_CONTEXT() REPRESENTATION_CONTEXT('2D SPACE',''
  ) );
#901 = ORIENTED_EDGE('',*,*,#902,.T.);
#902 = EDGE_CURVE('',#880,#903,#905,.T.);
#903 = VERTEX_POINT('',#904);
#904 = CARTESIAN_POINT('',(-14.75,18.822045712116,-35.06811493845));
#905 = SURFACE_CURVE('',#906,(#910,#916),.PCURVE_S1.);
#906 = LINE('',#907,#908);
#907 = CARTESIAN_POINT('',(-14.575,18.822045712116,-35.06811493845));
#908 = VECTOR('',#909,1.);
#909 = DIRECTION('',(-1.,9.385439944195E-17,-2.012714091235E-16));
#910 = PCURVE('',#267,#911);
#911 = DEFINITIONAL_REPRESENTATION('',(#912),#915);
#912 = B_SPLINE_CURVE_WITH_KNOTS('',1,(#913,#914),.UNSPECIFIED.,.F.,.F.,
  (2,2),(-0.175,0.175),.PIECEWISE_BEZIER_KNOTS.);
#913 = CARTESIAN_POINT('',(38.688805761453,0.));
#914 = CARTESIAN_POINT('',(38.688805761453,-0.35));
#915 = ( GEOMETRIC_REPRESENTATION_CONTEXT(2) 
PARAMETRIC_REPRESENTATION_CONTEXT() REPRESENTATION_CONTEXT('2D SPACE',''
  ) );
#916 = PCURVE('',#647,#917);
#917 = DEFINITIONAL_REPRESENTATION('',(#918),#921);
#918 = B_SPLINE_CURVE_WITH_KNOTS('',1,(#919,#920),.UNSPECIFIED.,.F.,.F.,
  (2,2),(-0.175,0.175),.PIECEWISE_BEZIER_KNOTS.);
#919 = CARTESIAN_POINT('',(62.079819377687,-0.35));
#920 = CARTESIAN_POINT('',(62.079819377687,3.275157922644E-15));
#921 = ( GEOMETRIC_REPRESENTATION_CONTEXT(2) 
PARAMETRIC_REPRESENTATION_CONTEXT() REPRESENTATION_CONTEXT('2D SPACE',''
  ) );
#922 = ORIENTED_EDGE('',*,*,#923,.F.);
#923 = EDGE_CURVE('',#924,#903,#926,.T.);
#924 = VERTEX_POINT('',#925);
#925 = CARTESIAN_POINT('',(-14.75,19.256590852837,-36.));
#926 = SURFACE_CURVE('',#927,(#931,#937),.PCURVE_S1.);
#927 = LINE('',#928,#929);
#928 = CARTESIAN_POINT('',(-14.75,25.586139075387,-49.57375996695));
#929 = VECTOR('',#930,1.);
#930 = DIRECTION('',(-2.349101290188E-16,-0.422618261741,0.906307787037)
  );
#931 = PCURVE('',#267,#932);
#932 = DEFINITIONAL_REPRESENTATION('',(#933),#936);
#933 = B_SPLINE_CURVE_WITH_KNOTS('',1,(#934,#935),.UNSPECIFIED.,.F.,.F.,
  (2,2),(14.406343637555,17.2979947102),.PIECEWISE_BEZIER_KNOTS.);
#934 = CARTESIAN_POINT('',(37.089940974245,-0.35));
#935 = CARTESIAN_POINT('',(39.981592046889,-0.35));
#936 = ( GEOMETRIC_REPRESENTATION_CONTEXT(2) 
PARAMETRIC_REPRESENTATION_CONTEXT() REPRESENTATION_CONTEXT('2D SPACE',''
  ) );
#937 = PCURVE('',#938,#943);
#938 = PLANE('',#939);
#939 = AXIS2_PLACEMENT_3D('',#940,#941,#942);
#940 = CARTESIAN_POINT('',(-14.75,-36.97492633987,-53.71788344849));
#941 = DIRECTION('',(1.,-1.273257708998E-17,2.532573510948E-16));
#942 = DIRECTION('',(1.224646799147E-16,0.898794046299,-0.438371146789)
  );
#943 = DEFINITIONAL_REPRESENTATION('',(#944),#947);
#944 = B_SPLINE_CURVE_WITH_KNOTS('',1,(#945,#946),.UNSPECIFIED.,.F.,.F.,
  (2,2),(14.406343637555,17.2979947102),.PIECEWISE_BEZIER_KNOTS.);
#945 = CARTESIAN_POINT('',(43.217017185049,40.215885314352));
#946 = CARTESIAN_POINT('',(40.969782232,42.035660298169));
#947 = ( GEOMETRIC_REPRESENTATION_CONTEXT(2) 
PARAMETRIC_REPRESENTATION_CONTEXT() REPRESENTATION_CONTEXT('2D SPACE',''
  ) );
#948 = ORIENTED_EDGE('',*,*,#949,.T.);
#949 = EDGE_CURVE('',#924,#225,#950,.T.);
#950 = SURFACE_CURVE('',#951,(#955,#961),.PCURVE_S1.);
#951 = LINE('',#952,#953);
#952 = CARTESIAN_POINT('',(-14.78,19.256590852837,-36.));
#953 = VECTOR('',#954,1.);
#954 = DIRECTION('',(-1.,0.,0.));
#955 = PCURVE('',#267,#956);
#956 = DEFINITIONAL_REPRESENTATION('',(#957),#960);
#957 = B_SPLINE_CURVE_WITH_KNOTS('',1,(#958,#959),.UNSPECIFIED.,.F.,.F.,
  (2,2),(-0.38,0.38),.PIECEWISE_BEZIER_KNOTS.);
#958 = CARTESIAN_POINT('',(37.660584361529,0.));
#959 = CARTESIAN_POINT('',(37.660584361529,-0.76));
#960 = ( GEOMETRIC_REPRESENTATION_CONTEXT(2) 
PARAMETRIC_REPRESENTATION_CONTEXT() REPRESENTATION_CONTEXT('2D SPACE',''
  ) );
#961 = PCURVE('',#240,#962);
#962 = DEFINITIONAL_REPRESENTATION('',(#963),#966);
#963 = B_SPLINE_CURVE_WITH_KNOTS('',1,(#964,#965),.UNSPECIFIED.,.F.,.F.,
  (2,2),(-0.38,0.38),.PIECEWISE_BEZIER_KNOTS.);
#964 = CARTESIAN_POINT('',(0.76,1.906590852837));
#965 = CARTESIAN_POINT('',(-1.7763568394E-15,1.906590852837));
#966 = ( GEOMETRIC_REPRESENTATION_CONTEXT(2) 
PARAMETRIC_REPRESENTATION_CONTEXT() REPRESENTATION_CONTEXT('2D SPACE',''
  ) );
#967 = ORIENTED_EDGE('',*,*,#252,.T.);
#968 = ORIENTED_EDGE('',*,*,#853,.F.);
#969 = ADVANCED_FACE('',(#970),#240,.F.);
#970 = FACE_BOUND('',#971,.F.);
#971 = EDGE_LOOP('',(#972,#995,#1014,#1015,#1016,#1044));
#972 = ORIENTED_EDGE('',*,*,#973,.F.);
#973 = EDGE_CURVE('',#974,#976,#978,.T.);
#974 = VERTEX_POINT('',#975);
#975 = CARTESIAN_POINT('',(-14.75,16.911398190512,-36.));
#976 = VERTEX_POINT('',#977);
#977 = CARTESIAN_POINT('',(-12.76,16.911398190512,-36.));
#978 = SURFACE_CURVE('',#979,(#983,#989),.PCURVE_S1.);
#979 = LINE('',#980,#981);
#980 = CARTESIAN_POINT('',(-14.955,16.911398190513,-36.));
#981 = VECTOR('',#982,1.);
#982 = DIRECTION('',(1.,-5.06521942768E-16,0.));
#983 = PCURVE('',#240,#984);
#984 = DEFINITIONAL_REPRESENTATION('',(#985),#988);
#985 = B_SPLINE_CURVE_WITH_KNOTS('',1,(#986,#987),.UNSPECIFIED.,.F.,.F.,
  (2,2),(0.205,32.305),.PIECEWISE_BEZIER_KNOTS.);
#986 = CARTESIAN_POINT('',(0.41,-0.438601809488));
#987 = CARTESIAN_POINT('',(32.51,-0.438601809488));
#988 = ( GEOMETRIC_REPRESENTATION_CONTEXT(2) 
PARAMETRIC_REPRESENTATION_CONTEXT() REPRESENTATION_CONTEXT('2D SPACE',''
  ) );
#989 = PCURVE('',#647,#990);
#990 = DEFINITIONAL_REPRESENTATION('',(#991),#994);
#991 = B_SPLINE_CURVE_WITH_KNOTS('',1,(#992,#993),.UNSPECIFIED.,.F.,.F.,
  (2,2),(0.205,32.305),.PIECEWISE_BEZIER_KNOTS.);
#992 = CARTESIAN_POINT('',(59.954029237587,3.275157922644E-15));
#993 = CARTESIAN_POINT('',(59.954029237587,-32.1));
#994 = ( GEOMETRIC_REPRESENTATION_CONTEXT(2) 
PARAMETRIC_REPRESENTATION_CONTEXT() REPRESENTATION_CONTEXT('2D SPACE',''
  ) );
#995 = ORIENTED_EDGE('',*,*,#996,.T.);
#996 = EDGE_CURVE('',#974,#924,#997,.T.);
#997 = SURFACE_CURVE('',#998,(#1002,#1008),.PCURVE_S1.);
#998 = LINE('',#999,#1000);
#999 = CARTESIAN_POINT('',(-14.75,-9.812463169938,-36.));
#1000 = VECTOR('',#1001,1.);
#1001 = DIRECTION('',(1.273257708998E-17,1.,-0.));
#1002 = PCURVE('',#240,#1003);
#1003 = DEFINITIONAL_REPRESENTATION('',(#1004),#1007);
#1004 = B_SPLINE_CURVE_WITH_KNOTS('',1,(#1005,#1006),.UNSPECIFIED.,.F.,
  .F.,(2,2),(23.812463169938,29.562463169938),.PIECEWISE_BEZIER_KNOTS.);
#1005 = CARTESIAN_POINT('',(0.41,-3.35));
#1006 = CARTESIAN_POINT('',(0.41,2.4));
#1007 = ( GEOMETRIC_REPRESENTATION_CONTEXT(2) 
PARAMETRIC_REPRESENTATION_CONTEXT() REPRESENTATION_CONTEXT('2D SPACE',''
  ) );
#1008 = PCURVE('',#938,#1009);
#1009 = DEFINITIONAL_REPRESENTATION('',(#1010),#1013);
#1010 = B_SPLINE_CURVE_WITH_KNOTS('',1,(#1011,#1012),.UNSPECIFIED.,.F.,
  .F.,(2,2),(23.812463169938,29.562463169938),.PIECEWISE_BEZIER_KNOTS.);
#1011 = CARTESIAN_POINT('',(38.048951418829,38.270665073629));
#1012 = CARTESIAN_POINT('',(43.217017185049,40.791299167666));
#1013 = ( GEOMETRIC_REPRESENTATION_CONTEXT(2) 
PARAMETRIC_REPRESENTATION_CONTEXT() REPRESENTATION_CONTEXT('2D SPACE',''
  ) );
#1014 = ORIENTED_EDGE('',*,*,#949,.T.);
#1015 = ORIENTED_EDGE('',*,*,#224,.T.);
#1016 = ORIENTED_EDGE('',*,*,#1017,.T.);
#1017 = EDGE_CURVE('',#197,#1018,#1020,.T.);
#1018 = VERTEX_POINT('',#1019);
#1019 = CARTESIAN_POINT('',(-12.76,14.,-36.));
#1020 = SURFACE_CURVE('',#1021,(#1025,#1032),.PCURVE_S1.);
#1021 = LINE('',#1022,#1023);
#1022 = CARTESIAN_POINT('',(-19.8,14.,-36.));
#1023 = VECTOR('',#1024,1.);
#1024 = DIRECTION('',(1.,0.,-0.));
#1025 = PCURVE('',#240,#1026);
#1026 = DEFINITIONAL_REPRESENTATION('',(#1027),#1031);
#1027 = LINE('',#1028,#1029);
#1028 = CARTESIAN_POINT('',(-4.64,-3.35));
#1029 = VECTOR('',#1030,1.);
#1030 = DIRECTION('',(1.,0.));
#1031 = ( GEOMETRIC_REPRESENTATION_CONTEXT(2) 
PARAMETRIC_REPRESENTATION_CONTEXT() REPRESENTATION_CONTEXT('2D SPACE',''
  ) );
#1032 = PCURVE('',#1033,#1038);
#1033 = PLANE('',#1034);
#1034 = AXIS2_PLACEMENT_3D('',#1035,#1036,#1037);
#1035 = CARTESIAN_POINT('',(-19.8,14.,-39.2));
#1036 = DIRECTION('',(-0.,1.,0.));
#1037 = DIRECTION('',(0.,0.,1.));
#1038 = DEFINITIONAL_REPRESENTATION('',(#1039),#1043);
#1039 = LINE('',#1040,#1041);
#1040 = CARTESIAN_POINT('',(3.2,0.));
#1041 = VECTOR('',#1042,1.);
#1042 = DIRECTION('',(0.,1.));
#1043 = ( GEOMETRIC_REPRESENTATION_CONTEXT(2) 
PARAMETRIC_REPRESENTATION_CONTEXT() REPRESENTATION_CONTEXT('2D SPACE',''
  ) );
#1044 = ORIENTED_EDGE('',*,*,#1045,.T.);
#1045 = EDGE_CURVE('',#1018,#976,#1046,.T.);
#1046 = SURFACE_CURVE('',#1047,(#1051,#1058),.PCURVE_S1.);
#1047 = LINE('',#1048,#1049);
#1048 = CARTESIAN_POINT('',(-12.76,-17.9,-36.));
#1049 = VECTOR('',#1050,1.);
#1050 = DIRECTION('',(-0.,1.,0.));
#1051 = PCURVE('',#240,#1052);
#1052 = DEFINITIONAL_REPRESENTATION('',(#1053),#1057);
#1053 = LINE('',#1054,#1055);
#1054 = CARTESIAN_POINT('',(2.4,-35.25));
#1055 = VECTOR('',#1056,1.);
#1056 = DIRECTION('',(0.,1.));
#1057 = ( GEOMETRIC_REPRESENTATION_CONTEXT(2) 
PARAMETRIC_REPRESENTATION_CONTEXT() REPRESENTATION_CONTEXT('2D SPACE',''
  ) );
#1058 = PCURVE('',#1059,#1064);
#1059 = PLANE('',#1060);
#1060 = AXIS2_PLACEMENT_3D('',#1061,#1062,#1063);
#1061 = CARTESIAN_POINT('',(-12.76,-17.9,-36.));
#1062 = DIRECTION('',(1.,0.,-0.));
#1063 = DIRECTION('',(0.,0.,1.));
#1064 = DEFINITIONAL_REPRESENTATION('',(#1065),#1069);
#1065 = LINE('',#1066,#1067);
#1066 = CARTESIAN_POINT('',(0.,0.));
#1067 = VECTOR('',#1068,1.);
#1068 = DIRECTION('',(0.,-1.));
#1069 = ( GEOMETRIC_REPRESENTATION_CONTEXT(2) 
PARAMETRIC_REPRESENTATION_CONTEXT() REPRESENTATION_CONTEXT('2D SPACE',''
  ) );
#1070 = ADVANCED_FACE('',(#1071),#212,.T.);
#1071 = FACE_BOUND('',#1072,.T.);
#1072 = EDGE_LOOP('',(#1073,#1096,#1124,#1152,#1180,#1206));
#1073 = ORIENTED_EDGE('',*,*,#1074,.F.);
#1074 = EDGE_CURVE('',#1075,#197,#1077,.T.);
#1075 = VERTEX_POINT('',#1076);
#1076 = CARTESIAN_POINT('',(-16.8,14.,-36.));
#1077 = SURFACE_CURVE('',#1078,(#1082,#1089),.PCURVE_S1.);
#1078 = LINE('',#1079,#1080);
#1079 = CARTESIAN_POINT('',(-19.8,14.,-36.));
#1080 = VECTOR('',#1081,1.);
#1081 = DIRECTION('',(1.,0.,-0.));
#1082 = PCURVE('',#212,#1083);
#1083 = DEFINITIONAL_REPRESENTATION('',(#1084),#1088);
#1084 = LINE('',#1085,#1086);
#1085 = CARTESIAN_POINT('',(0.,29.5));
#1086 = VECTOR('',#1087,1.);
#1087 = DIRECTION('',(1.,0.));
#1088 = ( GEOMETRIC_REPRESENTATION_CONTEXT(2) 
PARAMETRIC_REPRESENTATION_CONTEXT() REPRESENTATION_CONTEXT('2D SPACE',''
  ) );
#1089 = PCURVE('',#1033,#1090);
#1090 = DEFINITIONAL_REPRESENTATION('',(#1091),#1095);
#1091 = LINE('',#1092,#1093);
#1092 = CARTESIAN_POINT('',(3.2,0.));
#1093 = VECTOR('',#1094,1.);
#1094 = DIRECTION('',(0.,1.));
#1095 = ( GEOMETRIC_REPRESENTATION_CONTEXT(2) 
PARAMETRIC_REPRESENTATION_CONTEXT() REPRESENTATION_CONTEXT('2D SPACE',''
  ) );
#1096 = ORIENTED_EDGE('',*,*,#1097,.F.);
#1097 = EDGE_CURVE('',#1098,#1075,#1100,.T.);
#1098 = VERTEX_POINT('',#1099);
#1099 = CARTESIAN_POINT('',(-16.8,14.5,-36.));
#1100 = SURFACE_CURVE('',#1101,(#1105,#1112),.PCURVE_S1.);
#1101 = LINE('',#1102,#1103);
#1102 = CARTESIAN_POINT('',(-16.8,14.5,-36.));
#1103 = VECTOR('',#1104,1.);
#1104 = DIRECTION('',(0.,-1.,0.));
#1105 = PCURVE('',#212,#1106);
#1106 = DEFINITIONAL_REPRESENTATION('',(#1107),#1111);
#1107 = LINE('',#1108,#1109);
#1108 = CARTESIAN_POINT('',(3.,30.));
#1109 = VECTOR('',#1110,1.);
#1110 = DIRECTION('',(0.,-1.));
#1111 = ( GEOMETRIC_REPRESENTATION_CONTEXT(2) 
PARAMETRIC_REPRESENTATION_CONTEXT() REPRESENTATION_CONTEXT('2D SPACE',''
  ) );
#1112 = PCURVE('',#1113,#1118);
#1113 = PLANE('',#1114);
#1114 = AXIS2_PLACEMENT_3D('',#1115,#1116,#1117);
#1115 = CARTESIAN_POINT('',(-16.8,2.868820338585E-16,-46.3079160679));
#1116 = DIRECTION('',(1.,0.,0.));
#1117 = DIRECTION('',(0.,1.,0.));
#1118 = DEFINITIONAL_REPRESENTATION('',(#1119),#1123);
#1119 = LINE('',#1120,#1121);
#1120 = CARTESIAN_POINT('',(14.5,10.307916067909));
#1121 = VECTOR('',#1122,1.);
#1122 = DIRECTION('',(-1.,0.));
#1123 = ( GEOMETRIC_REPRESENTATION_CONTEXT(2) 
PARAMETRIC_REPRESENTATION_CONTEXT() REPRESENTATION_CONTEXT('2D SPACE',''
  ) );
#1124 = ORIENTED_EDGE('',*,*,#1125,.F.);
#1125 = EDGE_CURVE('',#1126,#1098,#1128,.T.);
#1126 = VERTEX_POINT('',#1127);
#1127 = CARTESIAN_POINT('',(-19.8,14.5,-36.));
#1128 = SURFACE_CURVE('',#1129,(#1133,#1140),.PCURVE_S1.);
#1129 = LINE('',#1130,#1131);
#1130 = CARTESIAN_POINT('',(-19.8,14.5,-36.));
#1131 = VECTOR('',#1132,1.);
#1132 = DIRECTION('',(1.,0.,0.));
#1133 = PCURVE('',#212,#1134);
#1134 = DEFINITIONAL_REPRESENTATION('',(#1135),#1139);
#1135 = LINE('',#1136,#1137);
#1136 = CARTESIAN_POINT('',(0.,30.));
#1137 = VECTOR('',#1138,1.);
#1138 = DIRECTION('',(1.,0.));
#1139 = ( GEOMETRIC_REPRESENTATION_CONTEXT(2) 
PARAMETRIC_REPRESENTATION_CONTEXT() REPRESENTATION_CONTEXT('2D SPACE',''
  ) );
#1140 = PCURVE('',#1141,#1146);
#1141 = PLANE('',#1142);
#1142 = AXIS2_PLACEMENT_3D('',#1143,#1144,#1145);
#1143 = CARTESIAN_POINT('',(-19.8,14.5,-39.2));
#1144 = DIRECTION('',(0.,-1.,0.));
#1145 = DIRECTION('',(0.,0.,1.));
#1146 = DEFINITIONAL_REPRESENTATION('',(#1147),#1151);
#1147 = LINE('',#1148,#1149);
#1148 = CARTESIAN_POINT('',(3.2,0.));
#1149 = VECTOR('',#1150,1.);
#1150 = DIRECTION('',(0.,-1.));
#1151 = ( GEOMETRIC_REPRESENTATION_CONTEXT(2) 
PARAMETRIC_REPRESENTATION_CONTEXT() REPRESENTATION_CONTEXT('2D SPACE',''
  ) );
#1152 = ORIENTED_EDGE('',*,*,#1153,.T.);
#1153 = EDGE_CURVE('',#1126,#1154,#1156,.T.);
#1154 = VERTEX_POINT('',#1155);
#1155 = CARTESIAN_POINT('',(-19.8,-15.5,-36.));
#1156 = SURFACE_CURVE('',#1157,(#1161,#1168),.PCURVE_S1.);
#1157 = LINE('',#1158,#1159);
#1158 = CARTESIAN_POINT('',(-19.8,14.5,-36.));
#1159 = VECTOR('',#1160,1.);
#1160 = DIRECTION('',(0.,-1.,0.));
#1161 = PCURVE('',#212,#1162);
#1162 = DEFINITIONAL_REPRESENTATION('',(#1163),#1167);
#1163 = LINE('',#1164,#1165);
#1164 = CARTESIAN_POINT('',(0.,30.));
#1165 = VECTOR('',#1166,1.);
#1166 = DIRECTION('',(0.,-1.));
#1167 = ( GEOMETRIC_REPRESENTATION_CONTEXT(2) 
PARAMETRIC_REPRESENTATION_CONTEXT() REPRESENTATION_CONTEXT('2D SPACE',''
  ) );
#1168 = PCURVE('',#1169,#1174);
#1169 = PLANE('',#1170);
#1170 = AXIS2_PLACEMENT_3D('',#1171,#1172,#1173);
#1171 = CARTESIAN_POINT('',(-19.8,-15.5,-39.2));
#1172 = DIRECTION('',(1.,0.,-0.));
#1173 = DIRECTION('',(0.,0.,1.));
#1174 = DEFINITIONAL_REPRESENTATION('',(#1175),#1179);
#1175 = LINE('',#1176,#1177);
#1176 = CARTESIAN_POINT('',(3.2,-30.));
#1177 = VECTOR('',#1178,1.);
#1178 = DIRECTION('',(0.,1.));
#1179 = ( GEOMETRIC_REPRESENTATION_CONTEXT(2) 
PARAMETRIC_REPRESENTATION_CONTEXT() REPRESENTATION_CONTEXT('2D SPACE',''
  ) );
#1180 = ORIENTED_EDGE('',*,*,#1181,.T.);
#1181 = EDGE_CURVE('',#1154,#169,#1182,.T.);
#1182 = SURFACE_CURVE('',#1183,(#1187,#1194),.PCURVE_S1.);
#1183 = LINE('',#1184,#1185);
#1184 = CARTESIAN_POINT('',(-19.8,-15.5,-36.));
#1185 = VECTOR('',#1186,1.);
#1186 = DIRECTION('',(1.,0.,-0.));
#1187 = PCURVE('',#212,#1188);
#1188 = DEFINITIONAL_REPRESENTATION('',(#1189),#1193);
#1189 = LINE('',#1190,#1191);
#1190 = CARTESIAN_POINT('',(0.,0.));
#1191 = VECTOR('',#1192,1.);
#1192 = DIRECTION('',(1.,0.));
#1193 = ( GEOMETRIC_REPRESENTATION_CONTEXT(2) 
PARAMETRIC_REPRESENTATION_CONTEXT() REPRESENTATION_CONTEXT('2D SPACE',''
  ) );
#1194 = PCURVE('',#1195,#1200);
#1195 = PLANE('',#1196);
#1196 = AXIS2_PLACEMENT_3D('',#1197,#1198,#1199);
#1197 = CARTESIAN_POINT('',(-19.8,-15.5,-39.2));
#1198 = DIRECTION('',(-0.,1.,0.));
#1199 = DIRECTION('',(0.,0.,1.));
#1200 = DEFINITIONAL_REPRESENTATION('',(#1201),#1205);
#1201 = LINE('',#1202,#1203);
#1202 = CARTESIAN_POINT('',(3.2,0.));
#1203 = VECTOR('',#1204,1.);
#1204 = DIRECTION('',(0.,1.));
#1205 = ( GEOMETRIC_REPRESENTATION_CONTEXT(2) 
PARAMETRIC_REPRESENTATION_CONTEXT() REPRESENTATION_CONTEXT('2D SPACE',''
  ) );
#1206 = ORIENTED_EDGE('',*,*,#196,.F.);
#1207 = ADVANCED_FACE('',(#1208),#184,.F.);
#1208 = FACE_BOUND('',#1209,.F.);
#1209 = EDGE_LOOP('',(#1210,#1233,#1234,#1257,#1283,#1309));
#1210 = ORIENTED_EDGE('',*,*,#1211,.F.);
#1211 = EDGE_CURVE('',#169,#1212,#1214,.T.);
#1212 = VERTEX_POINT('',#1213);
#1213 = CARTESIAN_POINT('',(17.,-15.5,-36.));
#1214 = SURFACE_CURVE('',#1215,(#1219,#1226),.PCURVE_S1.);
#1215 = LINE('',#1216,#1217);
#1216 = CARTESIAN_POINT('',(-19.8,-15.5,-36.));
#1217 = VECTOR('',#1218,1.);
#1218 = DIRECTION('',(1.,0.,-0.));
#1219 = PCURVE('',#184,#1220);
#1220 = DEFINITIONAL_REPRESENTATION('',(#1221),#1225);
#1221 = LINE('',#1222,#1223);
#1222 = CARTESIAN_POINT('',(-4.64,-32.85));
#1223 = VECTOR('',#1224,1.);
#1224 = DIRECTION('',(1.,0.));
#1225 = ( GEOMETRIC_REPRESENTATION_CONTEXT(2) 
PARAMETRIC_REPRESENTATION_CONTEXT() REPRESENTATION_CONTEXT('2D SPACE',''
  ) );
#1226 = PCURVE('',#1195,#1227);
#1227 = DEFINITIONAL_REPRESENTATION('',(#1228),#1232);
#1228 = LINE('',#1229,#1230);
#1229 = CARTESIAN_POINT('',(3.2,0.));
#1230 = VECTOR('',#1231,1.);
#1231 = DIRECTION('',(0.,1.));
#1232 = ( GEOMETRIC_REPRESENTATION_CONTEXT(2) 
PARAMETRIC_REPRESENTATION_CONTEXT() REPRESENTATION_CONTEXT('2D SPACE',''
  ) );
#1233 = ORIENTED_EDGE('',*,*,#168,.T.);
#1234 = ORIENTED_EDGE('',*,*,#1235,.T.);
#1235 = EDGE_CURVE('',#141,#1236,#1238,.T.);
#1236 = VERTEX_POINT('',#1237);
#1237 = CARTESIAN_POINT('',(-14.75,-17.9,-36.));
#1238 = SURFACE_CURVE('',#1239,(#1243,#1250),.PCURVE_S1.);
#1239 = LINE('',#1240,#1241);
#1240 = CARTESIAN_POINT('',(-15.16,-17.9,-36.));
#1241 = VECTOR('',#1242,1.);
#1242 = DIRECTION('',(1.,0.,0.));
#1243 = PCURVE('',#184,#1244);
#1244 = DEFINITIONAL_REPRESENTATION('',(#1245),#1249);
#1245 = LINE('',#1246,#1247);
#1246 = CARTESIAN_POINT('',(0.,-35.25));
#1247 = VECTOR('',#1248,1.);
#1248 = DIRECTION('',(1.,0.));
#1249 = ( GEOMETRIC_REPRESENTATION_CONTEXT(2) 
PARAMETRIC_REPRESENTATION_CONTEXT() REPRESENTATION_CONTEXT('2D SPACE',''
  ) );
#1250 = PCURVE('',#156,#1251);
#1251 = DEFINITIONAL_REPRESENTATION('',(#1252),#1256);
#1252 = LINE('',#1253,#1254);
#1253 = CARTESIAN_POINT('',(0.,0.));
#1254 = VECTOR('',#1255,1.);
#1255 = DIRECTION('',(0.,1.));
#1256 = ( GEOMETRIC_REPRESENTATION_CONTEXT(2) 
PARAMETRIC_REPRESENTATION_CONTEXT() REPRESENTATION_CONTEXT('2D SPACE',''
  ) );
#1257 = ORIENTED_EDGE('',*,*,#1258,.T.);
#1258 = EDGE_CURVE('',#1236,#1259,#1261,.T.);
#1259 = VERTEX_POINT('',#1260);
#1260 = CARTESIAN_POINT('',(-14.75,-16.91139819051,-36.));
#1261 = SURFACE_CURVE('',#1262,(#1266,#1272),.PCURVE_S1.);
#1262 = LINE('',#1263,#1264);
#1263 = CARTESIAN_POINT('',(-14.75,-9.812463169938,-36.));
#1264 = VECTOR('',#1265,1.);
#1265 = DIRECTION('',(1.273257708998E-17,1.,-0.));
#1266 = PCURVE('',#184,#1267);
#1267 = DEFINITIONAL_REPRESENTATION('',(#1268),#1271);
#1268 = B_SPLINE_CURVE_WITH_KNOTS('',1,(#1269,#1270),.UNSPECIFIED.,.F.,
  .F.,(2,2),(-8.087536830062,-5.687536830062),.PIECEWISE_BEZIER_KNOTS.);
#1269 = CARTESIAN_POINT('',(0.41,-35.25));
#1270 = CARTESIAN_POINT('',(0.41,-32.85));
#1271 = ( GEOMETRIC_REPRESENTATION_CONTEXT(2) 
PARAMETRIC_REPRESENTATION_CONTEXT() REPRESENTATION_CONTEXT('2D SPACE',''
  ) );
#1272 = PCURVE('',#1273,#1278);
#1273 = PLANE('',#1274);
#1274 = AXIS2_PLACEMENT_3D('',#1275,#1276,#1277);
#1275 = CARTESIAN_POINT('',(-14.75,-36.97492633987,-53.71788344849));
#1276 = DIRECTION('',(1.,-1.273257708998E-17,2.532573510948E-16));
#1277 = DIRECTION('',(1.224646799147E-16,0.898794046299,-0.438371146789)
  );
#1278 = DEFINITIONAL_REPRESENTATION('',(#1279),#1282);
#1279 = B_SPLINE_CURVE_WITH_KNOTS('',1,(#1280,#1281),.UNSPECIFIED.,.F.,
  .F.,(2,2),(-8.087536830062,-5.687536830062),.PIECEWISE_BEZIER_KNOTS.);
#1280 = CARTESIAN_POINT('',(9.377421341885,24.286625491057));
#1281 = CARTESIAN_POINT('',(11.534527053003,25.338716243351));
#1282 = ( GEOMETRIC_REPRESENTATION_CONTEXT(2) 
PARAMETRIC_REPRESENTATION_CONTEXT() REPRESENTATION_CONTEXT('2D SPACE',''
  ) );
#1283 = ORIENTED_EDGE('',*,*,#1284,.F.);
#1284 = EDGE_CURVE('',#1285,#1259,#1287,.T.);
#1285 = VERTEX_POINT('',#1286);
#1286 = CARTESIAN_POINT('',(17.,-16.91139819051,-36.));
#1287 = SURFACE_CURVE('',#1288,(#1292,#1298),.PCURVE_S1.);
#1288 = LINE('',#1289,#1290);
#1289 = CARTESIAN_POINT('',(-14.955,-16.91139819051,-36.));
#1290 = VECTOR('',#1291,1.);
#1291 = DIRECTION('',(-1.,-5.06521942768E-16,0.));
#1292 = PCURVE('',#184,#1293);
#1293 = DEFINITIONAL_REPRESENTATION('',(#1294),#1297);
#1294 = B_SPLINE_CURVE_WITH_KNOTS('',1,(#1295,#1296),.UNSPECIFIED.,.F.,
  .F.,(2,2),(-32.305,-0.205),.PIECEWISE_BEZIER_KNOTS.);
#1295 = CARTESIAN_POINT('',(32.51,-34.26139819051));
#1296 = CARTESIAN_POINT('',(0.41,-34.26139819051));
#1297 = ( GEOMETRIC_REPRESENTATION_CONTEXT(2) 
PARAMETRIC_REPRESENTATION_CONTEXT() REPRESENTATION_CONTEXT('2D SPACE',''
  ) );
#1298 = PCURVE('',#1299,#1304);
#1299 = PLANE('',#1300);
#1300 = AXIS2_PLACEMENT_3D('',#1301,#1302,#1303);
#1301 = CARTESIAN_POINT('',(-14.75,-26.13839159125,-31.49969462397));
#1302 = DIRECTION('',(-2.22044604925E-16,0.438371146789,0.898794046299)
  );
#1303 = DIRECTION('',(1.224646799147E-16,0.898794046299,-0.438371146789)
  );
#1304 = DEFINITIONAL_REPRESENTATION('',(#1305),#1308);
#1305 = B_SPLINE_CURVE_WITH_KNOTS('',1,(#1306,#1307),.UNSPECIFIED.,.F.,
  .F.,(2,2),(-32.305,-0.205),.PIECEWISE_BEZIER_KNOTS.);
#1306 = CARTESIAN_POINT('',(10.265970762413,-32.1));
#1307 = CARTESIAN_POINT('',(10.265970762413,0.));
#1308 = ( GEOMETRIC_REPRESENTATION_CONTEXT(2) 
PARAMETRIC_REPRESENTATION_CONTEXT() REPRESENTATION_CONTEXT('2D SPACE',''
  ) );
#1309 = ORIENTED_EDGE('',*,*,#1310,.T.);
#1310 = EDGE_CURVE('',#1285,#1212,#1311,.T.);
#1311 = SURFACE_CURVE('',#1312,(#1316,#1322),.PCURVE_S1.);
#1312 = LINE('',#1313,#1314);
#1313 = CARTESIAN_POINT('',(17.,-8.156554648274,-36.));
#1314 = VECTOR('',#1315,1.);
#1315 = DIRECTION('',(0.,1.,0.));
#1316 = PCURVE('',#184,#1317);
#1317 = DEFINITIONAL_REPRESENTATION('',(#1318),#1321);
#1318 = B_SPLINE_CURVE_WITH_KNOTS('',1,(#1319,#1320),.UNSPECIFIED.,.F.,
  .F.,(2,2),(-9.743445351726,-7.343445351726),.PIECEWISE_BEZIER_KNOTS.);
#1319 = CARTESIAN_POINT('',(32.16,-35.25));
#1320 = CARTESIAN_POINT('',(32.16,-32.85));
#1321 = ( GEOMETRIC_REPRESENTATION_CONTEXT(2) 
PARAMETRIC_REPRESENTATION_CONTEXT() REPRESENTATION_CONTEXT('2D SPACE',''
  ) );
#1322 = PCURVE('',#1323,#1328);
#1323 = PLANE('',#1324);
#1324 = AXIS2_PLACEMENT_3D('',#1325,#1326,#1327);
#1325 = CARTESIAN_POINT('',(17.,-33.66310929654,-42.30499073777));
#1326 = DIRECTION('',(1.,0.,0.));
#1327 = DIRECTION('',(0.,1.,0.));
#1328 = DEFINITIONAL_REPRESENTATION('',(#1329),#1332);
#1329 = B_SPLINE_CURVE_WITH_KNOTS('',1,(#1330,#1331),.UNSPECIFIED.,.F.,
  .F.,(2,2),(-9.743445351726,-7.343445351726),.PIECEWISE_BEZIER_KNOTS.);
#1330 = CARTESIAN_POINT('',(15.763109296548,6.304990737779));
#1331 = CARTESIAN_POINT('',(18.163109296548,6.304990737779));
#1332 = ( GEOMETRIC_REPRESENTATION_CONTEXT(2) 
PARAMETRIC_REPRESENTATION_CONTEXT() REPRESENTATION_CONTEXT('2D SPACE',''
  ) );
#1333 = ADVANCED_FACE('',(#1334,#1517,#1552),#156,.F.);
#1334 = FACE_BOUND('',#1335,.F.);
#1335 = EDGE_LOOP('',(#1336,#1361,#1384,#1407,#1433,#1454,#1475,#1494,
    #1495,#1496));
#1336 = ORIENTED_EDGE('',*,*,#1337,.F.);
#1337 = EDGE_CURVE('',#1338,#1340,#1342,.T.);
#1338 = VERTEX_POINT('',#1339);
#1339 = CARTESIAN_POINT('',(-12.76,-17.9,-25.05));
#1340 = VERTEX_POINT('',#1341);
#1341 = CARTESIAN_POINT('',(-12.76,-17.9,-16.));
#1342 = SURFACE_CURVE('',#1343,(#1347,#1354),.PCURVE_S1.);
#1343 = LINE('',#1344,#1345);
#1344 = CARTESIAN_POINT('',(-12.76,-17.9,-36.));
#1345 = VECTOR('',#1346,1.);
#1346 = DIRECTION('',(0.,0.,1.));
#1347 = PCURVE('',#156,#1348);
#1348 = DEFINITIONAL_REPRESENTATION('',(#1349),#1353);
#1349 = LINE('',#1350,#1351);
#1350 = CARTESIAN_POINT('',(0.,2.4));
#1351 = VECTOR('',#1352,1.);
#1352 = DIRECTION('',(1.,0.));
#1353 = ( GEOMETRIC_REPRESENTATION_CONTEXT(2) 
PARAMETRIC_REPRESENTATION_CONTEXT() REPRESENTATION_CONTEXT('2D SPACE',''
  ) );
#1354 = PCURVE('',#1059,#1355);
#1355 = DEFINITIONAL_REPRESENTATION('',(#1356),#1360);
#1356 = LINE('',#1357,#1358);
#1357 = CARTESIAN_POINT('',(0.,0.));
#1358 = VECTOR('',#1359,1.);
#1359 = DIRECTION('',(1.,0.));
#1360 = ( GEOMETRIC_REPRESENTATION_CONTEXT(2) 
PARAMETRIC_REPRESENTATION_CONTEXT() REPRESENTATION_CONTEXT('2D SPACE',''
  ) );
#1361 = ORIENTED_EDGE('',*,*,#1362,.F.);
#1362 = EDGE_CURVE('',#1363,#1338,#1365,.T.);
#1363 = VERTEX_POINT('',#1364);
#1364 = CARTESIAN_POINT('',(23.45,-17.9,-25.05));
#1365 = SURFACE_CURVE('',#1366,(#1370,#1377),.PCURVE_S1.);
#1366 = LINE('',#1367,#1368);
#1367 = CARTESIAN_POINT('',(23.45,-17.9,-25.05));
#1368 = VECTOR('',#1369,1.);
#1369 = DIRECTION('',(-1.,0.,0.));
#1370 = PCURVE('',#156,#1371);
#1371 = DEFINITIONAL_REPRESENTATION('',(#1372),#1376);
#1372 = LINE('',#1373,#1374);
#1373 = CARTESIAN_POINT('',(10.95,38.61));
#1374 = VECTOR('',#1375,1.);
#1375 = DIRECTION('',(0.,-1.));
#1376 = ( GEOMETRIC_REPRESENTATION_CONTEXT(2) 
PARAMETRIC_REPRESENTATION_CONTEXT() REPRESENTATION_CONTEXT('2D SPACE',''
  ) );
#1377 = PCURVE('',#540,#1378);
#1378 = DEFINITIONAL_REPRESENTATION('',(#1379),#1383);
#1379 = LINE('',#1380,#1381);
#1380 = CARTESIAN_POINT('',(38.61,-35.25));
#1381 = VECTOR('',#1382,1.);
#1382 = DIRECTION('',(-1.,0.));
#1383 = ( GEOMETRIC_REPRESENTATION_CONTEXT(2) 
PARAMETRIC_REPRESENTATION_CONTEXT() REPRESENTATION_CONTEXT('2D SPACE',''
  ) );
#1384 = ORIENTED_EDGE('',*,*,#1385,.F.);
#1385 = EDGE_CURVE('',#1386,#1363,#1388,.T.);
#1386 = VERTEX_POINT('',#1387);
#1387 = CARTESIAN_POINT('',(23.45,-17.9,-34.05132914489));
#1388 = SURFACE_CURVE('',#1389,(#1393,#1400),.PCURVE_S1.);
#1389 = LINE('',#1390,#1391);
#1390 = CARTESIAN_POINT('',(23.45,-17.9,-36.));
#1391 = VECTOR('',#1392,1.);
#1392 = DIRECTION('',(0.,0.,1.));
#1393 = PCURVE('',#156,#1394);
#1394 = DEFINITIONAL_REPRESENTATION('',(#1395),#1399);
#1395 = LINE('',#1396,#1397);
#1396 = CARTESIAN_POINT('',(0.,38.61));
#1397 = VECTOR('',#1398,1.);
#1398 = DIRECTION('',(1.,0.));
#1399 = ( GEOMETRIC_REPRESENTATION_CONTEXT(2) 
PARAMETRIC_REPRESENTATION_CONTEXT() REPRESENTATION_CONTEXT('2D SPACE',''
  ) );
#1400 = PCURVE('',#568,#1401);
#1401 = DEFINITIONAL_REPRESENTATION('',(#1402),#1406);
#1402 = LINE('',#1403,#1404);
#1403 = CARTESIAN_POINT('',(0.,35.25));
#1404 = VECTOR('',#1405,1.);
#1405 = DIRECTION('',(1.,0.));
#1406 = ( GEOMETRIC_REPRESENTATION_CONTEXT(2) 
PARAMETRIC_REPRESENTATION_CONTEXT() REPRESENTATION_CONTEXT('2D SPACE',''
  ) );
#1407 = ORIENTED_EDGE('',*,*,#1408,.T.);
#1408 = EDGE_CURVE('',#1386,#1409,#1411,.T.);
#1409 = VERTEX_POINT('',#1410);
#1410 = CARTESIAN_POINT('',(17.,-17.9,-34.05132914489));
#1411 = SURFACE_CURVE('',#1412,(#1416,#1422),.PCURVE_S1.);
#1412 = LINE('',#1413,#1414);
#1413 = CARTESIAN_POINT('',(0.92,-17.9,-34.05132914489));
#1414 = VECTOR('',#1415,1.);
#1415 = DIRECTION('',(-1.,0.,0.));
#1416 = PCURVE('',#156,#1417);
#1417 = DEFINITIONAL_REPRESENTATION('',(#1418),#1421);
#1418 = B_SPLINE_CURVE_WITH_KNOTS('',1,(#1419,#1420),.UNSPECIFIED.,.F.,
  .F.,(2,2),(-22.53,-16.08),.PIECEWISE_BEZIER_KNOTS.);
#1419 = CARTESIAN_POINT('',(1.948670855104,38.61));
#1420 = CARTESIAN_POINT('',(1.948670855104,32.16));
#1421 = ( GEOMETRIC_REPRESENTATION_CONTEXT(2) 
PARAMETRIC_REPRESENTATION_CONTEXT() REPRESENTATION_CONTEXT('2D SPACE',''
  ) );
#1422 = PCURVE('',#1423,#1428);
#1423 = PLANE('',#1424);
#1424 = AXIS2_PLACEMENT_3D('',#1425,#1426,#1427);
#1425 = CARTESIAN_POINT('',(17.,-14.86925688082,-35.46458787126));
#1426 = DIRECTION('',(0.,-0.422618261741,-0.906307787037));
#1427 = DIRECTION('',(0.,-0.906307787037,0.422618261741));
#1428 = DEFINITIONAL_REPRESENTATION('',(#1429),#1432);
#1429 = B_SPLINE_CURVE_WITH_KNOTS('',1,(#1430,#1431),.UNSPECIFIED.,.F.,
  .F.,(2,2),(-22.53,-16.08),.PIECEWISE_BEZIER_KNOTS.);
#1430 = CARTESIAN_POINT('',(3.34405503574,-6.45));
#1431 = CARTESIAN_POINT('',(3.34405503574,0.));
#1432 = ( GEOMETRIC_REPRESENTATION_CONTEXT(2) 
PARAMETRIC_REPRESENTATION_CONTEXT() REPRESENTATION_CONTEXT('2D SPACE',''
  ) );
#1433 = ORIENTED_EDGE('',*,*,#1434,.T.);
#1434 = EDGE_CURVE('',#1409,#1435,#1437,.T.);
#1435 = VERTEX_POINT('',#1436);
#1436 = CARTESIAN_POINT('',(17.,-17.9,-35.51782668039));
#1437 = SURFACE_CURVE('',#1438,(#1442,#1448),.PCURVE_S1.);
#1438 = LINE('',#1439,#1440);
#1439 = CARTESIAN_POINT('',(17.,-17.9,-39.15249536889));
#1440 = VECTOR('',#1441,1.);
#1441 = DIRECTION('',(0.,0.,-1.));
#1442 = PCURVE('',#156,#1443);
#1443 = DEFINITIONAL_REPRESENTATION('',(#1444),#1447);
#1444 = B_SPLINE_CURVE_WITH_KNOTS('',1,(#1445,#1446),.UNSPECIFIED.,.F.,
  .F.,(2,2),(-20.59263796725,-3.15249536889),.PIECEWISE_BEZIER_KNOTS.);
#1445 = CARTESIAN_POINT('',(17.440142598362,32.16));
#1446 = CARTESIAN_POINT('',(0.,32.16));
#1447 = ( GEOMETRIC_REPRESENTATION_CONTEXT(2) 
PARAMETRIC_REPRESENTATION_CONTEXT() REPRESENTATION_CONTEXT('2D SPACE',''
  ) );
#1448 = PCURVE('',#1323,#1449);
#1449 = DEFINITIONAL_REPRESENTATION('',(#1450),#1453);
#1450 = B_SPLINE_CURVE_WITH_KNOTS('',1,(#1451,#1452),.UNSPECIFIED.,.F.,
  .F.,(2,2),(-20.59263796725,-3.15249536889),.PIECEWISE_BEZIER_KNOTS.);
#1451 = CARTESIAN_POINT('',(15.763109296548,23.745133336141));
#1452 = CARTESIAN_POINT('',(15.763109296548,6.304990737779));
#1453 = ( GEOMETRIC_REPRESENTATION_CONTEXT(2) 
PARAMETRIC_REPRESENTATION_CONTEXT() REPRESENTATION_CONTEXT('2D SPACE',''
  ) );
#1454 = ORIENTED_EDGE('',*,*,#1455,.F.);
#1455 = EDGE_CURVE('',#1456,#1435,#1458,.T.);
#1456 = VERTEX_POINT('',#1457);
#1457 = CARTESIAN_POINT('',(-14.75,-17.9,-35.51782668039));
#1458 = SURFACE_CURVE('',#1459,(#1463,#1469),.PCURVE_S1.);
#1459 = LINE('',#1460,#1461);
#1460 = CARTESIAN_POINT('',(-14.955,-17.9,-35.51782668039));
#1461 = VECTOR('',#1462,1.);
#1462 = DIRECTION('',(1.,0.,2.470472583116E-16));
#1463 = PCURVE('',#156,#1464);
#1464 = DEFINITIONAL_REPRESENTATION('',(#1465),#1468);
#1465 = B_SPLINE_CURVE_WITH_KNOTS('',1,(#1466,#1467),.UNSPECIFIED.,.F.,
  .F.,(2,2),(0.205,32.305),.PIECEWISE_BEZIER_KNOTS.);
#1466 = CARTESIAN_POINT('',(0.482173319602,0.41));
#1467 = CARTESIAN_POINT('',(0.482173319602,32.51));
#1468 = ( GEOMETRIC_REPRESENTATION_CONTEXT(2) 
PARAMETRIC_REPRESENTATION_CONTEXT() REPRESENTATION_CONTEXT('2D SPACE',''
  ) );
#1469 = PCURVE('',#1299,#1470);
#1470 = DEFINITIONAL_REPRESENTATION('',(#1471),#1474);
#1471 = B_SPLINE_CURVE_WITH_KNOTS('',1,(#1472,#1473),.UNSPECIFIED.,.F.,
  .F.,(2,2),(0.205,32.305),.PIECEWISE_BEZIER_KNOTS.);
#1472 = CARTESIAN_POINT('',(9.16605047082,0.));
#1473 = CARTESIAN_POINT('',(9.16605047082,-32.1));
#1474 = ( GEOMETRIC_REPRESENTATION_CONTEXT(2) 
PARAMETRIC_REPRESENTATION_CONTEXT() REPRESENTATION_CONTEXT('2D SPACE',''
  ) );
#1475 = ORIENTED_EDGE('',*,*,#1476,.T.);
#1476 = EDGE_CURVE('',#1456,#1236,#1477,.T.);
#1477 = SURFACE_CURVE('',#1478,(#1482,#1488),.PCURVE_S1.);
#1478 = LINE('',#1479,#1480);
#1479 = CARTESIAN_POINT('',(-14.75,-17.9,-44.85894172424));
#1480 = VECTOR('',#1481,1.);
#1481 = DIRECTION('',(2.532573510948E-16,0.,-1.));
#1482 = PCURVE('',#156,#1483);
#1483 = DEFINITIONAL_REPRESENTATION('',(#1484),#1487);
#1484 = B_SPLINE_CURVE_WITH_KNOTS('',1,(#1485,#1486),.UNSPECIFIED.,.F.,
  .F.,(2,2),(-28.85894172424,-8.858941724247),.PIECEWISE_BEZIER_KNOTS.);
#1485 = CARTESIAN_POINT('',(20.,0.41));
#1486 = CARTESIAN_POINT('',(0.,0.41));
#1487 = ( GEOMETRIC_REPRESENTATION_CONTEXT(2) 
PARAMETRIC_REPRESENTATION_CONTEXT() REPRESENTATION_CONTEXT('2D SPACE',''
  ) );
#1488 = PCURVE('',#1273,#1489);
#1489 = DEFINITIONAL_REPRESENTATION('',(#1490),#1493);
#1490 = B_SPLINE_CURVE_WITH_KNOTS('',1,(#1491,#1492),.UNSPECIFIED.,.F.,
  .F.,(2,2),(-28.85894172424,-8.858941724247),.PIECEWISE_BEZIER_KNOTS.);
#1491 = CARTESIAN_POINT('',(0.609998406104,42.262506417041));
#1492 = CARTESIAN_POINT('',(9.377421341885,24.286625491057));
#1493 = ( GEOMETRIC_REPRESENTATION_CONTEXT(2) 
PARAMETRIC_REPRESENTATION_CONTEXT() REPRESENTATION_CONTEXT('2D SPACE',''
  ) );
#1494 = ORIENTED_EDGE('',*,*,#1235,.F.);
#1495 = ORIENTED_EDGE('',*,*,#140,.T.);
#1496 = ORIENTED_EDGE('',*,*,#1497,.T.);
#1497 = EDGE_CURVE('',#113,#1340,#1498,.T.);
#1498 = SURFACE_CURVE('',#1499,(#1503,#1510),.PCURVE_S1.);
#1499 = LINE('',#1500,#1501);
#1500 = CARTESIAN_POINT('',(-15.16,-17.9,-16.));
#1501 = VECTOR('',#1502,1.);
#1502 = DIRECTION('',(1.,0.,-0.));
#1503 = PCURVE('',#156,#1504);
#1504 = DEFINITIONAL_REPRESENTATION('',(#1505),#1509);
#1505 = LINE('',#1506,#1507);
#1506 = CARTESIAN_POINT('',(20.,0.));
#1507 = VECTOR('',#1508,1.);
#1508 = DIRECTION('',(0.,1.));
#1509 = ( GEOMETRIC_REPRESENTATION_CONTEXT(2) 
PARAMETRIC_REPRESENTATION_CONTEXT() REPRESENTATION_CONTEXT('2D SPACE',''
  ) );
#1510 = PCURVE('',#128,#1511);
#1511 = DEFINITIONAL_REPRESENTATION('',(#1512),#1516);
#1512 = LINE('',#1513,#1514);
#1513 = CARTESIAN_POINT('',(0.,0.));
#1514 = VECTOR('',#1515,1.);
#1515 = DIRECTION('',(1.,0.));
#1516 = ( GEOMETRIC_REPRESENTATION_CONTEXT(2) 
PARAMETRIC_REPRESENTATION_CONTEXT() REPRESENTATION_CONTEXT('2D SPACE',''
  ) );
#1517 = FACE_BOUND('',#1518,.F.);
#1518 = EDGE_LOOP('',(#1519));
#1519 = ORIENTED_EDGE('',*,*,#1520,.T.);
#1520 = EDGE_CURVE('',#1521,#1521,#1523,.T.);
#1521 = VERTEX_POINT('',#1522);
#1522 = CARTESIAN_POINT('',(-7.55,-17.9,-32.75));
#1523 = SURFACE_CURVE('',#1524,(#1529,#1540),.PCURVE_S1.);
#1524 = CIRCLE('',#1525,2.7);
#1525 = AXIS2_PLACEMENT_3D('',#1526,#1527,#1528);
#1526 = CARTESIAN_POINT('',(-10.25,-17.9,-32.75));
#1527 = DIRECTION('',(0.,-1.,2.22044604925E-16));
#1528 = DIRECTION('',(1.,0.,0.));
#1529 = PCURVE('',#156,#1530);
#1530 = DEFINITIONAL_REPRESENTATION('',(#1531),#1539);
#1531 = ( BOUNDED_CURVE() B_SPLINE_CURVE(2,(#1532,#1533,#1534,#1535,
#1536,#1537,#1538),.UNSPECIFIED.,.T.,.F.) B_SPLINE_CURVE_WITH_KNOTS((1,2
    ,2,2,2,1),(-2.094395102393,0.,2.094395102393,4.188790204786,
6.28318530718,8.377580409573),.UNSPECIFIED.) CURVE() 
GEOMETRIC_REPRESENTATION_ITEM() RATIONAL_B_SPLINE_CURVE((1.,0.5,1.,0.5,
1.,0.5,1.)) REPRESENTATION_ITEM('') );
#1532 = CARTESIAN_POINT('',(3.25,7.61));
#1533 = CARTESIAN_POINT('',(7.926537180436,7.61));
#1534 = CARTESIAN_POINT('',(5.588268590218,3.56));
#1535 = CARTESIAN_POINT('',(3.25,-0.49));
#1536 = CARTESIAN_POINT('',(0.911731409782,3.56));
#1537 = CARTESIAN_POINT('',(-1.426537180436,7.61));
#1538 = CARTESIAN_POINT('',(3.25,7.61));
#1539 = ( GEOMETRIC_REPRESENTATION_CONTEXT(2) 
PARAMETRIC_REPRESENTATION_CONTEXT() REPRESENTATION_CONTEXT('2D SPACE',''
  ) );
#1540 = PCURVE('',#1541,#1546);
#1541 = CONICAL_SURFACE('',#1542,1.45,0.785398163397);
#1542 = AXIS2_PLACEMENT_3D('',#1543,#1544,#1545);
#1543 = CARTESIAN_POINT('',(-10.25,-16.65,-32.75));
#1544 = DIRECTION('',(0.,-1.,2.22044604925E-16));
#1545 = DIRECTION('',(1.,0.,0.));
#1546 = DEFINITIONAL_REPRESENTATION('',(#1547),#1551);
#1547 = LINE('',#1548,#1549);
#1548 = CARTESIAN_POINT('',(0.,1.25));
#1549 = VECTOR('',#1550,1.);
#1550 = DIRECTION('',(1.,0.));
#1551 = ( GEOMETRIC_REPRESENTATION_CONTEXT(2) 
PARAMETRIC_REPRESENTATION_CONTEXT() REPRESENTATION_CONTEXT('2D SPACE',''
  ) );
#1552 = FACE_BOUND('',#1553,.F.);
#1553 = EDGE_LOOP('',(#1554));
#1554 = ORIENTED_EDGE('',*,*,#1555,.T.);
#1555 = EDGE_CURVE('',#1556,#1556,#1558,.T.);
#1556 = VERTEX_POINT('',#1557);
#1557 = CARTESIAN_POINT('',(12.95,-17.9,-32.75));
#1558 = SURFACE_CURVE('',#1559,(#1564,#1575),.PCURVE_S1.);
#1559 = CIRCLE('',#1560,2.7);
#1560 = AXIS2_PLACEMENT_3D('',#1561,#1562,#1563);
#1561 = CARTESIAN_POINT('',(10.25,-17.9,-32.75));
#1562 = DIRECTION('',(0.,-1.,2.22044604925E-16));
#1563 = DIRECTION('',(1.,0.,0.));
#1564 = PCURVE('',#156,#1565);
#1565 = DEFINITIONAL_REPRESENTATION('',(#1566),#1574);
#1566 = ( BOUNDED_CURVE() B_SPLINE_CURVE(2,(#1567,#1568,#1569,#1570,
#1571,#1572,#1573),.UNSPECIFIED.,.T.,.F.) B_SPLINE_CURVE_WITH_KNOTS((1,2
    ,2,2,2,1),(-2.094395102393,0.,2.094395102393,4.188790204786,
6.28318530718,8.377580409573),.UNSPECIFIED.) CURVE() 
GEOMETRIC_REPRESENTATION_ITEM() RATIONAL_B_SPLINE_CURVE((1.,0.5,1.,0.5,
1.,0.5,1.)) REPRESENTATION_ITEM('') );
#1567 = CARTESIAN_POINT('',(3.25,28.11));
#1568 = CARTESIAN_POINT('',(7.926537180436,28.11));
#1569 = CARTESIAN_POINT('',(5.588268590218,24.06));
#1570 = CARTESIAN_POINT('',(3.25,20.01));
#1571 = CARTESIAN_POINT('',(0.911731409782,24.06));
#1572 = CARTESIAN_POINT('',(-1.426537180436,28.11));
#1573 = CARTESIAN_POINT('',(3.25,28.11));
#1574 = ( GEOMETRIC_REPRESENTATION_CONTEXT(2) 
PARAMETRIC_REPRESENTATION_CONTEXT() REPRESENTATION_CONTEXT('2D SPACE',''
  ) );
#1575 = PCURVE('',#1576,#1581);
#1576 = CONICAL_SURFACE('',#1577,1.45,0.785398163397);
#1577 = AXIS2_PLACEMENT_3D('',#1578,#1579,#1580);
#1578 = CARTESIAN_POINT('',(10.25,-16.65,-32.75));
#1579 = DIRECTION('',(0.,-1.,2.22044604925E-16));
#1580 = DIRECTION('',(1.,0.,0.));
#1581 = DEFINITIONAL_REPRESENTATION('',(#1582),#1586);
#1582 = LINE('',#1583,#1584);
#1583 = CARTESIAN_POINT('',(0.,1.25));
#1584 = VECTOR('',#1585,1.);
#1585 = DIRECTION('',(1.,0.));
#1586 = ( GEOMETRIC_REPRESENTATION_CONTEXT(2) 
PARAMETRIC_REPRESENTATION_CONTEXT() REPRESENTATION_CONTEXT('2D SPACE',''
  ) );
#1587 = ADVANCED_FACE('',(#1588),#128,.T.);
#1588 = FACE_BOUND('',#1589,.T.);
#1589 = EDGE_LOOP('',(#1590,#1591,#1592,#1615));
#1590 = ORIENTED_EDGE('',*,*,#112,.F.);
#1591 = ORIENTED_EDGE('',*,*,#1497,.T.);
#1592 = ORIENTED_EDGE('',*,*,#1593,.T.);
#1593 = EDGE_CURVE('',#1340,#1594,#1596,.T.);
#1594 = VERTEX_POINT('',#1595);
#1595 = CARTESIAN_POINT('',(-12.76,17.35,-16.));
#1596 = SURFACE_CURVE('',#1597,(#1601,#1608),.PCURVE_S1.);
#1597 = LINE('',#1598,#1599);
#1598 = CARTESIAN_POINT('',(-12.76,-17.9,-16.));
#1599 = VECTOR('',#1600,1.);
#1600 = DIRECTION('',(-0.,1.,0.));
#1601 = PCURVE('',#128,#1602);
#1602 = DEFINITIONAL_REPRESENTATION('',(#1603),#1607);
#1603 = LINE('',#1604,#1605);
#1604 = CARTESIAN_POINT('',(2.4,0.));
#1605 = VECTOR('',#1606,1.);
#1606 = DIRECTION('',(0.,1.));
#1607 = ( GEOMETRIC_REPRESENTATION_CONTEXT(2) 
PARAMETRIC_REPRESENTATION_CONTEXT() REPRESENTATION_CONTEXT('2D SPACE',''
  ) );
#1608 = PCURVE('',#1059,#1609);
#1609 = DEFINITIONAL_REPRESENTATION('',(#1610),#1614);
#1610 = LINE('',#1611,#1612);
#1611 = CARTESIAN_POINT('',(20.,0.));
#1612 = VECTOR('',#1613,1.);
#1613 = DIRECTION('',(0.,-1.));
#1614 = ( GEOMETRIC_REPRESENTATION_CONTEXT(2) 
PARAMETRIC_REPRESENTATION_CONTEXT() REPRESENTATION_CONTEXT('2D SPACE',''
  ) );
#1615 = ORIENTED_EDGE('',*,*,#1616,.F.);
#1616 = EDGE_CURVE('',#85,#1594,#1617,.T.);
#1617 = SURFACE_CURVE('',#1618,(#1622,#1628),.PCURVE_S1.);
#1618 = LINE('',#1619,#1620);
#1619 = CARTESIAN_POINT('',(-15.16,17.35,-16.));
#1620 = VECTOR('',#1621,1.);
#1621 = DIRECTION('',(1.,0.,-0.));
#1622 = PCURVE('',#128,#1623);
#1623 = DEFINITIONAL_REPRESENTATION('',(#1624),#1627);
#1624 = B_SPLINE_CURVE_WITH_KNOTS('',1,(#1625,#1626),.UNSPECIFIED.,.F.,
  .F.,(2,2),(0.,2.4),.PIECEWISE_BEZIER_KNOTS.);
#1625 = CARTESIAN_POINT('',(0.,35.25));
#1626 = CARTESIAN_POINT('',(2.4,35.25));
#1627 = ( GEOMETRIC_REPRESENTATION_CONTEXT(2) 
PARAMETRIC_REPRESENTATION_CONTEXT() REPRESENTATION_CONTEXT('2D SPACE',''
  ) );
#1628 = PCURVE('',#100,#1629);
#1629 = DEFINITIONAL_REPRESENTATION('',(#1630),#1633);
#1630 = B_SPLINE_CURVE_WITH_KNOTS('',1,(#1631,#1632),.UNSPECIFIED.,.F.,
  .F.,(2,2),(0.,2.4),.PIECEWISE_BEZIER_KNOTS.);
#1631 = CARTESIAN_POINT('',(20.,0.));
#1632 = CARTESIAN_POINT('',(20.,2.4));
#1633 = ( GEOMETRIC_REPRESENTATION_CONTEXT(2) 
PARAMETRIC_REPRESENTATION_CONTEXT() REPRESENTATION_CONTEXT('2D SPACE',''
  ) );
#1634 = ADVANCED_FACE('',(#1635,#2481,#2646),#100,.F.);
#1635 = FACE_BOUND('',#1636,.F.);
#1636 = EDGE_LOOP('',(#1637,#1666,#1687,#1708,#1729,#1748,#1749,#1750,
    #1773,#1801,#1827,#1853,#1879,#1905,#1931,#1964,#1990,#2016,#2042,
    #2068,#2094,#2122,#2143,#2176,#2202,#2228,#2254,#2280,#2306,#2334,
    #2360,#2386,#2414,#2437,#2460));
#1637 = ORIENTED_EDGE('',*,*,#1638,.T.);
#1638 = EDGE_CURVE('',#1639,#1641,#1643,.T.);
#1639 = VERTEX_POINT('',#1640);
#1640 = CARTESIAN_POINT('',(20.45,17.35,-25.05));
#1641 = VERTEX_POINT('',#1642);
#1642 = CARTESIAN_POINT('',(20.45,17.35,-34.30779835688));
#1643 = SURFACE_CURVE('',#1644,(#1648,#1654),.PCURVE_S1.);
#1644 = LINE('',#1645,#1646);
#1645 = CARTESIAN_POINT('',(20.45,17.35,-36.));
#1646 = VECTOR('',#1647,1.);
#1647 = DIRECTION('',(-0.,0.,-1.));
#1648 = PCURVE('',#100,#1649);
#1649 = DEFINITIONAL_REPRESENTATION('',(#1650),#1653);
#1650 = B_SPLINE_CURVE_WITH_KNOTS('',1,(#1651,#1652),.UNSPECIFIED.,.F.,
  .F.,(2,2),(-10.95,0.),.PIECEWISE_BEZIER_KNOTS.);
#1651 = CARTESIAN_POINT('',(10.95,35.61));
#1652 = CARTESIAN_POINT('',(0.,35.61));
#1653 = ( GEOMETRIC_REPRESENTATION_CONTEXT(2) 
PARAMETRIC_REPRESENTATION_CONTEXT() REPRESENTATION_CONTEXT('2D SPACE',''
  ) );
#1654 = PCURVE('',#1655,#1660);
#1655 = PLANE('',#1656);
#1656 = AXIS2_PLACEMENT_3D('',#1657,#1658,#1659);
#1657 = CARTESIAN_POINT('',(20.45,-17.9,-36.));
#1658 = DIRECTION('',(1.,0.,-0.));
#1659 = DIRECTION('',(0.,0.,1.));
#1660 = DEFINITIONAL_REPRESENTATION('',(#1661),#1665);
#1661 = LINE('',#1662,#1663);
#1662 = CARTESIAN_POINT('',(0.,-35.25));
#1663 = VECTOR('',#1664,1.);
#1664 = DIRECTION('',(-1.,-0.));
#1665 = ( GEOMETRIC_REPRESENTATION_CONTEXT(2) 
PARAMETRIC_REPRESENTATION_CONTEXT() REPRESENTATION_CONTEXT('2D SPACE',''
  ) );
#1666 = ORIENTED_EDGE('',*,*,#1667,.T.);
#1667 = EDGE_CURVE('',#1641,#1668,#1670,.T.);
#1668 = VERTEX_POINT('',#1669);
#1669 = CARTESIAN_POINT('',(17.,17.35,-34.30779835688));
#1670 = SURFACE_CURVE('',#1671,(#1675,#1681),.PCURVE_S1.);
#1671 = LINE('',#1672,#1673);
#1672 = CARTESIAN_POINT('',(9.145,17.35,-34.30779835688));
#1673 = VECTOR('',#1674,1.);
#1674 = DIRECTION('',(-1.,0.,-0.));
#1675 = PCURVE('',#100,#1676);
#1676 = DEFINITIONAL_REPRESENTATION('',(#1677),#1680);
#1677 = B_SPLINE_CURVE_WITH_KNOTS('',1,(#1678,#1679),.UNSPECIFIED.,.F.,
  .F.,(2,2),(-11.305,-7.855),.PIECEWISE_BEZIER_KNOTS.);
#1678 = CARTESIAN_POINT('',(1.692201643119,35.61));
#1679 = CARTESIAN_POINT('',(1.692201643119,32.16));
#1680 = ( GEOMETRIC_REPRESENTATION_CONTEXT(2) 
PARAMETRIC_REPRESENTATION_CONTEXT() REPRESENTATION_CONTEXT('2D SPACE',''
  ) );
#1681 = PCURVE('',#595,#1682);
#1682 = DEFINITIONAL_REPRESENTATION('',(#1683),#1686);
#1683 = B_SPLINE_CURVE_WITH_KNOTS('',1,(#1684,#1685),.UNSPECIFIED.,.F.,
  .F.,(2,2),(-11.305,-7.855),.PIECEWISE_BEZIER_KNOTS.);
#1684 = CARTESIAN_POINT('',(2.737197180311,-13.));
#1685 = CARTESIAN_POINT('',(2.737197180311,-16.45));
#1686 = ( GEOMETRIC_REPRESENTATION_CONTEXT(2) 
PARAMETRIC_REPRESENTATION_CONTEXT() REPRESENTATION_CONTEXT('2D SPACE',''
  ) );
#1687 = ORIENTED_EDGE('',*,*,#1688,.F.);
#1688 = EDGE_CURVE('',#1689,#1668,#1691,.T.);
#1689 = VERTEX_POINT('',#1690);
#1690 = CARTESIAN_POINT('',(17.,17.35,-35.7860796041));
#1691 = SURFACE_CURVE('',#1692,(#1696,#1702),.PCURVE_S1.);
#1692 = LINE('',#1693,#1694);
#1693 = CARTESIAN_POINT('',(17.,17.35,-39.15249536889));
#1694 = VECTOR('',#1695,1.);
#1695 = DIRECTION('',(-0.,-0.,1.));
#1696 = PCURVE('',#100,#1697);
#1697 = DEFINITIONAL_REPRESENTATION('',(#1698),#1701);
#1698 = B_SPLINE_CURVE_WITH_KNOTS('',1,(#1699,#1700),.UNSPECIFIED.,.F.,
  .F.,(2,2),(3.15249536889,20.592637967252),.PIECEWISE_BEZIER_KNOTS.);
#1699 = CARTESIAN_POINT('',(0.,32.16));
#1700 = CARTESIAN_POINT('',(17.440142598362,32.16));
#1701 = ( GEOMETRIC_REPRESENTATION_CONTEXT(2) 
PARAMETRIC_REPRESENTATION_CONTEXT() REPRESENTATION_CONTEXT('2D SPACE',''
  ) );
#1702 = PCURVE('',#621,#1703);
#1703 = DEFINITIONAL_REPRESENTATION('',(#1704),#1707);
#1704 = B_SPLINE_CURVE_WITH_KNOTS('',1,(#1705,#1706),.UNSPECIFIED.,.F.,
  .F.,(2,2),(3.15249536889,20.592637967252),.PIECEWISE_BEZIER_KNOTS.);
#1705 = CARTESIAN_POINT('',(16.313109296548,6.304990737779));
#1706 = CARTESIAN_POINT('',(16.313109296548,23.745133336141));
#1707 = ( GEOMETRIC_REPRESENTATION_CONTEXT(2) 
PARAMETRIC_REPRESENTATION_CONTEXT() REPRESENTATION_CONTEXT('2D SPACE',''
  ) );
#1708 = ORIENTED_EDGE('',*,*,#1709,.F.);
#1709 = EDGE_CURVE('',#1710,#1689,#1712,.T.);
#1710 = VERTEX_POINT('',#1711);
#1711 = CARTESIAN_POINT('',(-12.76,17.35,-35.7860796041));
#1712 = SURFACE_CURVE('',#1713,(#1717,#1723),.PCURVE_S1.);
#1713 = LINE('',#1714,#1715);
#1714 = CARTESIAN_POINT('',(-14.955,17.35,-35.7860796041));
#1715 = VECTOR('',#1716,1.);
#1716 = DIRECTION('',(1.,0.,2.470472583116E-16));
#1717 = PCURVE('',#100,#1718);
#1718 = DEFINITIONAL_REPRESENTATION('',(#1719),#1722);
#1719 = B_SPLINE_CURVE_WITH_KNOTS('',1,(#1720,#1721),.UNSPECIFIED.,.F.,
  .F.,(2,2),(0.205,32.305),.PIECEWISE_BEZIER_KNOTS.);
#1720 = CARTESIAN_POINT('',(0.213920395891,0.41));
#1721 = CARTESIAN_POINT('',(0.213920395891,32.51));
#1722 = ( GEOMETRIC_REPRESENTATION_CONTEXT(2) 
PARAMETRIC_REPRESENTATION_CONTEXT() REPRESENTATION_CONTEXT('2D SPACE',''
  ) );
#1723 = PCURVE('',#647,#1724);
#1724 = DEFINITIONAL_REPRESENTATION('',(#1725),#1728);
#1725 = B_SPLINE_CURVE_WITH_KNOTS('',1,(#1726,#1727),.UNSPECIFIED.,.F.,
  .F.,(2,2),(0.205,32.305),.PIECEWISE_BEZIER_KNOTS.);
#1726 = CARTESIAN_POINT('',(60.442018461919,3.275157922644E-15));
#1727 = CARTESIAN_POINT('',(60.442018461919,-32.1));
#1728 = ( GEOMETRIC_REPRESENTATION_CONTEXT(2) 
PARAMETRIC_REPRESENTATION_CONTEXT() REPRESENTATION_CONTEXT('2D SPACE',''
  ) );
#1729 = ORIENTED_EDGE('',*,*,#1730,.F.);
#1730 = EDGE_CURVE('',#1594,#1710,#1731,.T.);
#1731 = SURFACE_CURVE('',#1732,(#1736,#1742),.PCURVE_S1.);
#1732 = LINE('',#1733,#1734);
#1733 = CARTESIAN_POINT('',(-12.76,17.35,-36.));
#1734 = VECTOR('',#1735,1.);
#1735 = DIRECTION('',(-0.,0.,-1.));
#1736 = PCURVE('',#100,#1737);
#1737 = DEFINITIONAL_REPRESENTATION('',(#1738),#1741);
#1738 = B_SPLINE_CURVE_WITH_KNOTS('',1,(#1739,#1740),.UNSPECIFIED.,.F.,
  .F.,(2,2),(-20.,0.),.PIECEWISE_BEZIER_KNOTS.);
#1739 = CARTESIAN_POINT('',(20.,2.4));
#1740 = CARTESIAN_POINT('',(0.,2.4));
#1741 = ( GEOMETRIC_REPRESENTATION_CONTEXT(2) 
PARAMETRIC_REPRESENTATION_CONTEXT() REPRESENTATION_CONTEXT('2D SPACE',''
  ) );
#1742 = PCURVE('',#1059,#1743);
#1743 = DEFINITIONAL_REPRESENTATION('',(#1744),#1747);
#1744 = B_SPLINE_CURVE_WITH_KNOTS('',1,(#1745,#1746),.UNSPECIFIED.,.F.,
  .F.,(2,2),(-20.,0.),.PIECEWISE_BEZIER_KNOTS.);
#1745 = CARTESIAN_POINT('',(20.,-35.25));
#1746 = CARTESIAN_POINT('',(0.,-35.25));
#1747 = ( GEOMETRIC_REPRESENTATION_CONTEXT(2) 
PARAMETRIC_REPRESENTATION_CONTEXT() REPRESENTATION_CONTEXT('2D SPACE',''
  ) );
#1748 = ORIENTED_EDGE('',*,*,#1616,.F.);
#1749 = ORIENTED_EDGE('',*,*,#84,.T.);
#1750 = ORIENTED_EDGE('',*,*,#1751,.T.);
#1751 = EDGE_CURVE('',#57,#1752,#1754,.T.);
#1752 = VERTEX_POINT('',#1753);
#1753 = CARTESIAN_POINT('',(-9.853425800198,17.35,-3.));
#1754 = SURFACE_CURVE('',#1755,(#1759,#1766),.PCURVE_S1.);
#1755 = LINE('',#1756,#1757);
#1756 = CARTESIAN_POINT('',(-15.16,17.35,-3.));
#1757 = VECTOR('',#1758,1.);
#1758 = DIRECTION('',(1.,0.,-0.));
#1759 = PCURVE('',#100,#1760);
#1760 = DEFINITIONAL_REPRESENTATION('',(#1761),#1765);
#1761 = LINE('',#1762,#1763);
#1762 = CARTESIAN_POINT('',(33.,0.));
#1763 = VECTOR('',#1764,1.);
#1764 = DIRECTION('',(0.,1.));
#1765 = ( GEOMETRIC_REPRESENTATION_CONTEXT(2) 
PARAMETRIC_REPRESENTATION_CONTEXT() REPRESENTATION_CONTEXT('2D SPACE',''
  ) );
#1766 = PCURVE('',#72,#1767);
#1767 = DEFINITIONAL_REPRESENTATION('',(#1768),#1772);
#1768 = LINE('',#1769,#1770);
#1769 = CARTESIAN_POINT('',(0.,0.));
#1770 = VECTOR('',#1771,1.);
#1771 = DIRECTION('',(1.,0.));
#1772 = ( GEOMETRIC_REPRESENTATION_CONTEXT(2) 
PARAMETRIC_REPRESENTATION_CONTEXT() REPRESENTATION_CONTEXT('2D SPACE',''
  ) );
#1773 = ORIENTED_EDGE('',*,*,#1774,.T.);
#1774 = EDGE_CURVE('',#1752,#1775,#1777,.T.);
#1775 = VERTEX_POINT('',#1776);
#1776 = CARTESIAN_POINT('',(-7.82,17.35,-6.703551297633));
#1777 = SURFACE_CURVE('',#1778,(#1783,#1794),.PCURVE_S1.);
#1778 = CIRCLE('',#1779,10.3);
#1779 = AXIS2_PLACEMENT_3D('',#1780,#1781,#1782);
#1780 = CARTESIAN_POINT('',(0.,17.35,2.6645352591E-16));
#1781 = DIRECTION('',(0.,-1.,2.22044604925E-16));
#1782 = DIRECTION('',(1.,0.,0.));
#1783 = PCURVE('',#100,#1784);
#1784 = DEFINITIONAL_REPRESENTATION('',(#1785),#1793);
#1785 = ( BOUNDED_CURVE() B_SPLINE_CURVE(2,(#1786,#1787,#1788,#1789,
#1790,#1791,#1792),.UNSPECIFIED.,.T.,.F.) B_SPLINE_CURVE_WITH_KNOTS((1,2
    ,2,2,2,1),(-2.094395102393,0.,2.094395102393,4.188790204786,
6.28318530718,8.377580409573),.UNSPECIFIED.) CURVE() 
GEOMETRIC_REPRESENTATION_ITEM() RATIONAL_B_SPLINE_CURVE((1.,0.5,1.,0.5,
1.,0.5,1.)) REPRESENTATION_ITEM('') );
#1786 = CARTESIAN_POINT('',(36.,25.46));
#1787 = CARTESIAN_POINT('',(53.840123317959,25.46));
#1788 = CARTESIAN_POINT('',(44.92006165898,10.01));
#1789 = CARTESIAN_POINT('',(36.,-5.44));
#1790 = CARTESIAN_POINT('',(27.07993834102,10.01));
#1791 = CARTESIAN_POINT('',(18.159876682041,25.46));
#1792 = CARTESIAN_POINT('',(36.,25.46));
#1793 = ( GEOMETRIC_REPRESENTATION_CONTEXT(2) 
PARAMETRIC_REPRESENTATION_CONTEXT() REPRESENTATION_CONTEXT('2D SPACE',''
  ) );
#1794 = PCURVE('',#456,#1795);
#1795 = DEFINITIONAL_REPRESENTATION('',(#1796),#1800);
#1796 = LINE('',#1797,#1798);
#1797 = CARTESIAN_POINT('',(0.,3.4));
#1798 = VECTOR('',#1799,1.);
#1799 = DIRECTION('',(1.,0.));
#1800 = ( GEOMETRIC_REPRESENTATION_CONTEXT(2) 
PARAMETRIC_REPRESENTATION_CONTEXT() REPRESENTATION_CONTEXT('2D SPACE',''
  ) );
#1801 = ORIENTED_EDGE('',*,*,#1802,.T.);
#1802 = EDGE_CURVE('',#1775,#1803,#1805,.T.);
#1803 = VERTEX_POINT('',#1804);
#1804 = CARTESIAN_POINT('',(-7.82,17.35,-34.66));
#1805 = SURFACE_CURVE('',#1806,(#1810,#1816),.PCURVE_S1.);
#1806 = LINE('',#1807,#1808);
#1807 = CARTESIAN_POINT('',(-7.82,17.35,-35.33));
#1808 = VECTOR('',#1809,1.);
#1809 = DIRECTION('',(-0.,0.,-1.));
#1810 = PCURVE('',#100,#1811);
#1811 = DEFINITIONAL_REPRESENTATION('',(#1812),#1815);
#1812 = B_SPLINE_CURVE_WITH_KNOTS('',1,(#1813,#1814),.UNSPECIFIED.,.F.,
  .F.,(2,2),(-32.33,-0.67),.PIECEWISE_BEZIER_KNOTS.);
#1813 = CARTESIAN_POINT('',(33.,7.34));
#1814 = CARTESIAN_POINT('',(1.34,7.34));
#1815 = ( GEOMETRIC_REPRESENTATION_CONTEXT(2) 
PARAMETRIC_REPRESENTATION_CONTEXT() REPRESENTATION_CONTEXT('2D SPACE',''
  ) );
#1816 = PCURVE('',#1817,#1822);
#1817 = PLANE('',#1818);
#1818 = AXIS2_PLACEMENT_3D('',#1819,#1820,#1821);
#1819 = CARTESIAN_POINT('',(-7.82,17.34,-34.66));
#1820 = DIRECTION('',(1.,0.,-0.));
#1821 = DIRECTION('',(0.,0.,1.));
#1822 = DEFINITIONAL_REPRESENTATION('',(#1823),#1826);
#1823 = B_SPLINE_CURVE_WITH_KNOTS('',1,(#1824,#1825),.UNSPECIFIED.,.F.,
  .F.,(2,2),(-32.33,-0.67),.PIECEWISE_BEZIER_KNOTS.);
#1824 = CARTESIAN_POINT('',(31.66,-9.999999999998E-03));
#1825 = CARTESIAN_POINT('',(0.,-9.999999999998E-03));
#1826 = ( GEOMETRIC_REPRESENTATION_CONTEXT(2) 
PARAMETRIC_REPRESENTATION_CONTEXT() REPRESENTATION_CONTEXT('2D SPACE',''
  ) );
#1827 = ORIENTED_EDGE('',*,*,#1828,.T.);
#1828 = EDGE_CURVE('',#1803,#1829,#1831,.T.);
#1829 = VERTEX_POINT('',#1830);
#1830 = CARTESIAN_POINT('',(7.82,17.35,-34.66));
#1831 = SURFACE_CURVE('',#1832,(#1836,#1842),.PCURVE_S1.);
#1832 = LINE('',#1833,#1834);
#1833 = CARTESIAN_POINT('',(-11.49,17.35,-34.66));
#1834 = VECTOR('',#1835,1.);
#1835 = DIRECTION('',(1.,0.,-0.));
#1836 = PCURVE('',#100,#1837);
#1837 = DEFINITIONAL_REPRESENTATION('',(#1838),#1841);
#1838 = B_SPLINE_CURVE_WITH_KNOTS('',1,(#1839,#1840),.UNSPECIFIED.,.F.,
  .F.,(2,2),(3.67,19.31),.PIECEWISE_BEZIER_KNOTS.);
#1839 = CARTESIAN_POINT('',(1.34,7.34));
#1840 = CARTESIAN_POINT('',(1.34,22.98));
#1841 = ( GEOMETRIC_REPRESENTATION_CONTEXT(2) 
PARAMETRIC_REPRESENTATION_CONTEXT() REPRESENTATION_CONTEXT('2D SPACE',''
  ) );
#1842 = PCURVE('',#1843,#1848);
#1843 = PLANE('',#1844);
#1844 = AXIS2_PLACEMENT_3D('',#1845,#1846,#1847);
#1845 = CARTESIAN_POINT('',(-7.82,17.34,-34.66));
#1846 = DIRECTION('',(0.,0.,1.));
#1847 = DIRECTION('',(1.,0.,-0.));
#1848 = DEFINITIONAL_REPRESENTATION('',(#1849),#1852);
#1849 = B_SPLINE_CURVE_WITH_KNOTS('',1,(#1850,#1851),.UNSPECIFIED.,.F.,
  .F.,(2,2),(3.67,19.31),.PIECEWISE_BEZIER_KNOTS.);
#1850 = CARTESIAN_POINT('',(0.,9.999999999998E-03));
#1851 = CARTESIAN_POINT('',(15.64,9.999999999998E-03));
#1852 = ( GEOMETRIC_REPRESENTATION_CONTEXT(2) 
PARAMETRIC_REPRESENTATION_CONTEXT() REPRESENTATION_CONTEXT('2D SPACE',''
  ) );
#1853 = ORIENTED_EDGE('',*,*,#1854,.T.);
#1854 = EDGE_CURVE('',#1829,#1855,#1857,.T.);
#1855 = VERTEX_POINT('',#1856);
#1856 = CARTESIAN_POINT('',(7.82,17.35,-35.26));
#1857 = SURFACE_CURVE('',#1858,(#1862,#1868),.PCURVE_S1.);
#1858 = LINE('',#1859,#1860);
#1859 = CARTESIAN_POINT('',(7.82,17.35,-21.865));
#1860 = VECTOR('',#1861,1.);
#1861 = DIRECTION('',(0.,0.,-1.));
#1862 = PCURVE('',#100,#1863);
#1863 = DEFINITIONAL_REPRESENTATION('',(#1864),#1867);
#1864 = B_SPLINE_CURVE_WITH_KNOTS('',1,(#1865,#1866),.UNSPECIFIED.,.F.,
  .F.,(2,2),(-14.135,13.395),.PIECEWISE_BEZIER_KNOTS.);
#1865 = CARTESIAN_POINT('',(28.27,22.98));
#1866 = CARTESIAN_POINT('',(0.74,22.98));
#1867 = ( GEOMETRIC_REPRESENTATION_CONTEXT(2) 
PARAMETRIC_REPRESENTATION_CONTEXT() REPRESENTATION_CONTEXT('2D SPACE',''
  ) );
#1868 = PCURVE('',#1869,#1874);
#1869 = PLANE('',#1870);
#1870 = AXIS2_PLACEMENT_3D('',#1871,#1872,#1873);
#1871 = CARTESIAN_POINT('',(7.82,17.34,-7.73));
#1872 = DIRECTION('',(1.,-0.,0.));
#1873 = DIRECTION('',(0.,1.,0.));
#1874 = DEFINITIONAL_REPRESENTATION('',(#1875),#1878);
#1875 = B_SPLINE_CURVE_WITH_KNOTS('',1,(#1876,#1877),.UNSPECIFIED.,.F.,
  .F.,(2,2),(-14.135,13.395),.PIECEWISE_BEZIER_KNOTS.);
#1876 = CARTESIAN_POINT('',(1.E-02,0.));
#1877 = CARTESIAN_POINT('',(1.E-02,-27.53));
#1878 = ( GEOMETRIC_REPRESENTATION_CONTEXT(2) 
PARAMETRIC_REPRESENTATION_CONTEXT() REPRESENTATION_CONTEXT('2D SPACE',''
  ) );
#1879 = ORIENTED_EDGE('',*,*,#1880,.F.);
#1880 = EDGE_CURVE('',#1881,#1855,#1883,.T.);
#1881 = VERTEX_POINT('',#1882);
#1882 = CARTESIAN_POINT('',(9.536,17.35,-35.26));
#1883 = SURFACE_CURVE('',#1884,(#1888,#1894),.PCURVE_S1.);
#1884 = LINE('',#1885,#1886);
#1885 = CARTESIAN_POINT('',(-3.352831011667,17.35,-35.26));
#1886 = VECTOR('',#1887,1.);
#1887 = DIRECTION('',(-1.,0.,0.));
#1888 = PCURVE('',#100,#1889);
#1889 = DEFINITIONAL_REPRESENTATION('',(#1890),#1893);
#1890 = B_SPLINE_CURVE_WITH_KNOTS('',1,(#1891,#1892),.UNSPECIFIED.,.F.,
  .F.,(2,2),(-12.90083101166,-11.17283101166),.PIECEWISE_BEZIER_KNOTS.);
#1891 = CARTESIAN_POINT('',(0.74,24.708));
#1892 = CARTESIAN_POINT('',(0.74,22.98));
#1893 = ( GEOMETRIC_REPRESENTATION_CONTEXT(2) 
PARAMETRIC_REPRESENTATION_CONTEXT() REPRESENTATION_CONTEXT('2D SPACE',''
  ) );
#1894 = PCURVE('',#1895,#1900);
#1895 = PLANE('',#1896);
#1896 = AXIS2_PLACEMENT_3D('',#1897,#1898,#1899);
#1897 = CARTESIAN_POINT('',(8.454337976665,17.830337976665,-35.26));
#1898 = DIRECTION('',(0.,-0.,-1.));
#1899 = DIRECTION('',(-1.,0.,0.));
#1900 = DEFINITIONAL_REPRESENTATION('',(#1901),#1904);
#1901 = B_SPLINE_CURVE_WITH_KNOTS('',1,(#1902,#1903),.UNSPECIFIED.,.F.,
  .F.,(2,2),(-12.90083101166,-11.17283101166),.PIECEWISE_BEZIER_KNOTS.);
#1902 = CARTESIAN_POINT('',(-1.093662023335,-0.480337976665));
#1903 = CARTESIAN_POINT('',(0.634337976665,-0.480337976665));
#1904 = ( GEOMETRIC_REPRESENTATION_CONTEXT(2) 
PARAMETRIC_REPRESENTATION_CONTEXT() REPRESENTATION_CONTEXT('2D SPACE',''
  ) );
#1905 = ORIENTED_EDGE('',*,*,#1906,.T.);
#1906 = EDGE_CURVE('',#1881,#1907,#1909,.T.);
#1907 = VERTEX_POINT('',#1908);
#1908 = CARTESIAN_POINT('',(9.536,17.35,-30.26202377156));
#1909 = SURFACE_CURVE('',#1910,(#1914,#1920),.PCURVE_S1.);
#1910 = LINE('',#1911,#1912);
#1911 = CARTESIAN_POINT('',(9.536,17.35,-21.865));
#1912 = VECTOR('',#1913,1.);
#1913 = DIRECTION('',(0.,-0.,1.));
#1914 = PCURVE('',#100,#1915);
#1915 = DEFINITIONAL_REPRESENTATION('',(#1916),#1919);
#1916 = B_SPLINE_CURVE_WITH_KNOTS('',1,(#1917,#1918),.UNSPECIFIED.,.F.,
  .F.,(2,2),(-13.395,14.135),.PIECEWISE_BEZIER_KNOTS.);
#1917 = CARTESIAN_POINT('',(0.74,24.696));
#1918 = CARTESIAN_POINT('',(28.27,24.696));
#1919 = ( GEOMETRIC_REPRESENTATION_CONTEXT(2) 
PARAMETRIC_REPRESENTATION_CONTEXT() REPRESENTATION_CONTEXT('2D SPACE',''
  ) );
#1920 = PCURVE('',#1921,#1926);
#1921 = PLANE('',#1922);
#1922 = AXIS2_PLACEMENT_3D('',#1923,#1924,#1925);
#1923 = CARTESIAN_POINT('',(7.82,18.78,-7.73));
#1924 = DIRECTION('',(-0.640184399664,-0.768221279597,-0.));
#1925 = DIRECTION('',(0.768221279597,-0.640184399664,0.));
#1926 = DEFINITIONAL_REPRESENTATION('',(#1927),#1930);
#1927 = B_SPLINE_CURVE_WITH_KNOTS('',1,(#1928,#1929),.UNSPECIFIED.,.F.,
  .F.,(2,2),(-13.395,14.135),.PIECEWISE_BEZIER_KNOTS.);
#1928 = CARTESIAN_POINT('',(2.233731407309,-27.53));
#1929 = CARTESIAN_POINT('',(2.233731407309,0.));
#1930 = ( GEOMETRIC_REPRESENTATION_CONTEXT(2) 
PARAMETRIC_REPRESENTATION_CONTEXT() REPRESENTATION_CONTEXT('2D SPACE',''
  ) );
#1931 = ORIENTED_EDGE('',*,*,#1932,.T.);
#1932 = EDGE_CURVE('',#1907,#1933,#1935,.T.);
#1933 = VERTEX_POINT('',#1934);
#1934 = CARTESIAN_POINT('',(10.25,17.35,-30.45));
#1935 = SURFACE_CURVE('',#1936,(#1941,#1952),.PCURVE_S1.);
#1936 = CIRCLE('',#1937,1.45);
#1937 = AXIS2_PLACEMENT_3D('',#1938,#1939,#1940);
#1938 = CARTESIAN_POINT('',(10.25,17.35,-29.));
#1939 = DIRECTION('',(2.22044604925E-16,-1.,4.930380657631E-32));
#1940 = DIRECTION('',(2.22044604925E-16,0.,-1.));
#1941 = PCURVE('',#100,#1942);
#1942 = DEFINITIONAL_REPRESENTATION('',(#1943),#1951);
#1943 = ( BOUNDED_CURVE() B_SPLINE_CURVE(2,(#1944,#1945,#1946,#1947,
#1948,#1949,#1950),.UNSPECIFIED.,.T.,.F.) B_SPLINE_CURVE_WITH_KNOTS((1,2
    ,2,2,2,1),(-2.094395102393,0.,2.094395102393,4.188790204786,
6.28318530718,8.377580409573),.UNSPECIFIED.) CURVE() 
GEOMETRIC_REPRESENTATION_ITEM() RATIONAL_B_SPLINE_CURVE((1.,0.5,1.,0.5,
1.,0.5,1.)) REPRESENTATION_ITEM('') );
#1944 = CARTESIAN_POINT('',(5.55,25.41));
#1945 = CARTESIAN_POINT('',(5.55,27.921473670975));
#1946 = CARTESIAN_POINT('',(7.725,26.665736835487));
#1947 = CARTESIAN_POINT('',(9.9,25.41));
#1948 = CARTESIAN_POINT('',(7.725,24.154263164513));
#1949 = CARTESIAN_POINT('',(5.55,22.898526329025));
#1950 = CARTESIAN_POINT('',(5.55,25.41));
#1951 = ( GEOMETRIC_REPRESENTATION_CONTEXT(2) 
PARAMETRIC_REPRESENTATION_CONTEXT() REPRESENTATION_CONTEXT('2D SPACE',''
  ) );
#1952 = PCURVE('',#1953,#1958);
#1953 = CYLINDRICAL_SURFACE('',#1954,1.45);
#1954 = AXIS2_PLACEMENT_3D('',#1955,#1956,#1957);
#1955 = CARTESIAN_POINT('',(10.25,20.75,-29.));
#1956 = DIRECTION('',(2.22044604925E-16,-1.,4.930380657631E-32));
#1957 = DIRECTION('',(2.22044604925E-16,0.,-1.));
#1958 = DEFINITIONAL_REPRESENTATION('',(#1959),#1963);
#1959 = LINE('',#1960,#1961);
#1960 = CARTESIAN_POINT('',(0.,3.4));
#1961 = VECTOR('',#1962,1.);
#1962 = DIRECTION('',(1.,0.));
#1963 = ( GEOMETRIC_REPRESENTATION_CONTEXT(2) 
PARAMETRIC_REPRESENTATION_CONTEXT() REPRESENTATION_CONTEXT('2D SPACE',''
  ) );
#1964 = ORIENTED_EDGE('',*,*,#1965,.F.);
#1965 = EDGE_CURVE('',#1966,#1933,#1968,.T.);
#1966 = VERTEX_POINT('',#1967);
#1967 = CARTESIAN_POINT('',(10.850609665441,17.35,-30.45));
#1968 = SURFACE_CURVE('',#1969,(#1973,#1979),.PCURVE_S1.);
#1969 = LINE('',#1970,#1971);
#1970 = CARTESIAN_POINT('',(-2.455,17.35,-30.45));
#1971 = VECTOR('',#1972,1.);
#1972 = DIRECTION('',(-1.,0.,-2.22044604925E-16));
#1973 = PCURVE('',#100,#1974);
#1974 = DEFINITIONAL_REPRESENTATION('',(#1975),#1978);
#1975 = B_SPLINE_CURVE_WITH_KNOTS('',1,(#1976,#1977),.UNSPECIFIED.,.F.,
  .F.,(2,2),(-13.30560966544,-12.705),.PIECEWISE_BEZIER_KNOTS.);
#1976 = CARTESIAN_POINT('',(5.55,26.010609665441));
#1977 = CARTESIAN_POINT('',(5.55,25.41));
#1978 = ( GEOMETRIC_REPRESENTATION_CONTEXT(2) 
PARAMETRIC_REPRESENTATION_CONTEXT() REPRESENTATION_CONTEXT('2D SPACE',''
  ) );
#1979 = PCURVE('',#1980,#1985);
#1980 = PLANE('',#1981);
#1981 = AXIS2_PLACEMENT_3D('',#1982,#1983,#1984);
#1982 = CARTESIAN_POINT('',(10.25,16.35,-30.45));
#1983 = DIRECTION('',(2.22044604925E-16,0.,-1.));
#1984 = DIRECTION('',(1.,0.,2.22044604925E-16));
#1985 = DEFINITIONAL_REPRESENTATION('',(#1986),#1989);
#1986 = B_SPLINE_CURVE_WITH_KNOTS('',1,(#1987,#1988),.UNSPECIFIED.,.F.,
  .F.,(2,2),(-13.30560966544,-12.705),.PIECEWISE_BEZIER_KNOTS.);
#1987 = CARTESIAN_POINT('',(0.600609665441,-1.));
#1988 = CARTESIAN_POINT('',(0.,-1.));
#1989 = ( GEOMETRIC_REPRESENTATION_CONTEXT(2) 
PARAMETRIC_REPRESENTATION_CONTEXT() REPRESENTATION_CONTEXT('2D SPACE',''
  ) );
#1990 = ORIENTED_EDGE('',*,*,#1991,.F.);
#1991 = EDGE_CURVE('',#1992,#1966,#1994,.T.);
#1992 = VERTEX_POINT('',#1993);
#1993 = CARTESIAN_POINT('',(11.7,17.35,-29.60060966544));
#1994 = SURFACE_CURVE('',#1995,(#1999,#2005),.PCURVE_S1.);
#1995 = LINE('',#1996,#1997);
#1996 = CARTESIAN_POINT('',(3.685457249081,17.35,-37.61515241636));
#1997 = VECTOR('',#1998,1.);
#1998 = DIRECTION('',(-0.707106781187,0.,-0.707106781187));
#1999 = PCURVE('',#100,#2000);
#2000 = DEFINITIONAL_REPRESENTATION('',(#2001),#2004);
#2001 = B_SPLINE_CURVE_WITH_KNOTS('',1,(#2002,#2003),.UNSPECIFIED.,.F.,
  .F.,(2,2),(-11.33427505456,-10.13305572368),.PIECEWISE_BEZIER_KNOTS.);
#2002 = CARTESIAN_POINT('',(6.399390334559,26.86));
#2003 = CARTESIAN_POINT('',(5.55,26.010609665441));
#2004 = ( GEOMETRIC_REPRESENTATION_CONTEXT(2) 
PARAMETRIC_REPRESENTATION_CONTEXT() REPRESENTATION_CONTEXT('2D SPACE',''
  ) );
#2005 = PCURVE('',#2006,#2011);
#2006 = PLANE('',#2007);
#2007 = AXIS2_PLACEMENT_3D('',#2008,#2009,#2010);
#2008 = CARTESIAN_POINT('',(12.300609665441,16.35,-29.));
#2009 = DIRECTION('',(0.707106781187,0.,-0.707106781187));
#2010 = DIRECTION('',(-0.707106781187,0.,-0.707106781187));
#2011 = DEFINITIONAL_REPRESENTATION('',(#2012),#2015);
#2012 = B_SPLINE_CURVE_WITH_KNOTS('',1,(#2013,#2014),.UNSPECIFIED.,.F.,
  .F.,(2,2),(-11.33427505456,-10.13305572368),.PIECEWISE_BEZIER_KNOTS.);
#2013 = CARTESIAN_POINT('',(0.849390334559,1.));
#2014 = CARTESIAN_POINT('',(2.050609665441,1.));
#2015 = ( GEOMETRIC_REPRESENTATION_CONTEXT(2) 
PARAMETRIC_REPRESENTATION_CONTEXT() REPRESENTATION_CONTEXT('2D SPACE',''
  ) );
#2016 = ORIENTED_EDGE('',*,*,#2017,.F.);
#2017 = EDGE_CURVE('',#2018,#1992,#2020,.T.);
#2018 = VERTEX_POINT('',#2019);
#2019 = CARTESIAN_POINT('',(11.7,17.35,-28.39939033455));
#2020 = SURFACE_CURVE('',#2021,(#2025,#2031),.PCURVE_S1.);
#2021 = LINE('',#2022,#2023);
#2022 = CARTESIAN_POINT('',(11.7,17.35,-31.775));
#2023 = VECTOR('',#2024,1.);
#2024 = DIRECTION('',(2.22044604925E-16,0.,-1.));
#2025 = PCURVE('',#100,#2026);
#2026 = DEFINITIONAL_REPRESENTATION('',(#2027),#2030);
#2027 = B_SPLINE_CURVE_WITH_KNOTS('',1,(#2028,#2029),.UNSPECIFIED.,.F.,
  .F.,(2,2),(-3.375609665441,-2.174390334559),.PIECEWISE_BEZIER_KNOTS.);
#2028 = CARTESIAN_POINT('',(7.600609665441,26.86));
#2029 = CARTESIAN_POINT('',(6.399390334559,26.86));
#2030 = ( GEOMETRIC_REPRESENTATION_CONTEXT(2) 
PARAMETRIC_REPRESENTATION_CONTEXT() REPRESENTATION_CONTEXT('2D SPACE',''
  ) );
#2031 = PCURVE('',#2032,#2037);
#2032 = PLANE('',#2033);
#2033 = AXIS2_PLACEMENT_3D('',#2034,#2035,#2036);
#2034 = CARTESIAN_POINT('',(11.7,16.35,-27.55));
#2035 = DIRECTION('',(1.,0.,2.22044604925E-16));
#2036 = DIRECTION('',(2.22044604925E-16,0.,-1.));
#2037 = DEFINITIONAL_REPRESENTATION('',(#2038),#2041);
#2038 = B_SPLINE_CURVE_WITH_KNOTS('',1,(#2039,#2040),.UNSPECIFIED.,.F.,
  .F.,(2,2),(-3.375609665441,-2.174390334559),.PIECEWISE_BEZIER_KNOTS.);
#2039 = CARTESIAN_POINT('',(0.849390334559,1.));
#2040 = CARTESIAN_POINT('',(2.050609665441,1.));
#2041 = ( GEOMETRIC_REPRESENTATION_CONTEXT(2) 
PARAMETRIC_REPRESENTATION_CONTEXT() REPRESENTATION_CONTEXT('2D SPACE',''
  ) );
#2042 = ORIENTED_EDGE('',*,*,#2043,.T.);
#2043 = EDGE_CURVE('',#2018,#2044,#2046,.T.);
#2044 = VERTEX_POINT('',#2045);
#2045 = CARTESIAN_POINT('',(10.850609665441,17.35,-27.55));
#2046 = SURFACE_CURVE('',#2047,(#2051,#2057),.PCURVE_S1.);
#2047 = LINE('',#2048,#2049);
#2048 = CARTESIAN_POINT('',(6.16015241636,17.35,-22.85954275091));
#2049 = VECTOR('',#2050,1.);
#2050 = DIRECTION('',(-0.707106781187,-0.,0.707106781187));
#2051 = PCURVE('',#100,#2052);
#2052 = DEFINITIONAL_REPRESENTATION('',(#2053),#2056);
#2053 = B_SPLINE_CURVE_WITH_KNOTS('',1,(#2054,#2055),.UNSPECIFIED.,.F.,
  .F.,(2,2),(-7.834527586263,-6.633308255381),.PIECEWISE_BEZIER_KNOTS.);
#2054 = CARTESIAN_POINT('',(7.600609665441,26.86));
#2055 = CARTESIAN_POINT('',(8.45,26.010609665441));
#2056 = ( GEOMETRIC_REPRESENTATION_CONTEXT(2) 
PARAMETRIC_REPRESENTATION_CONTEXT() REPRESENTATION_CONTEXT('2D SPACE',''
  ) );
#2057 = PCURVE('',#2058,#2063);
#2058 = PLANE('',#2059);
#2059 = AXIS2_PLACEMENT_3D('',#2060,#2061,#2062);
#2060 = CARTESIAN_POINT('',(10.25,16.35,-26.94939033455));
#2061 = DIRECTION('',(-0.707106781187,0.,-0.707106781187));
#2062 = DIRECTION('',(0.707106781187,0.,-0.707106781187));
#2063 = DEFINITIONAL_REPRESENTATION('',(#2064),#2067);
#2064 = B_SPLINE_CURVE_WITH_KNOTS('',1,(#2065,#2066),.UNSPECIFIED.,.F.,
  .F.,(2,2),(-7.834527586263,-6.633308255381),.PIECEWISE_BEZIER_KNOTS.);
#2065 = CARTESIAN_POINT('',(2.050609665441,-1.));
#2066 = CARTESIAN_POINT('',(0.849390334559,-1.));
#2067 = ( GEOMETRIC_REPRESENTATION_CONTEXT(2) 
PARAMETRIC_REPRESENTATION_CONTEXT() REPRESENTATION_CONTEXT('2D SPACE',''
  ) );
#2068 = ORIENTED_EDGE('',*,*,#2069,.T.);
#2069 = EDGE_CURVE('',#2044,#2070,#2072,.T.);
#2070 = VERTEX_POINT('',#2071);
#2071 = CARTESIAN_POINT('',(10.25,17.35,-27.55));
#2072 = SURFACE_CURVE('',#2073,(#2077,#2083),.PCURVE_S1.);
#2073 = LINE('',#2074,#2075);
#2074 = CARTESIAN_POINT('',(-2.455,17.35,-27.55));
#2075 = VECTOR('',#2076,1.);
#2076 = DIRECTION('',(-1.,0.,-2.22044604925E-16));
#2077 = PCURVE('',#100,#2078);
#2078 = DEFINITIONAL_REPRESENTATION('',(#2079),#2082);
#2079 = B_SPLINE_CURVE_WITH_KNOTS('',1,(#2080,#2081),.UNSPECIFIED.,.F.,
  .F.,(2,2),(-13.30560966544,-12.705),.PIECEWISE_BEZIER_KNOTS.);
#2080 = CARTESIAN_POINT('',(8.45,26.010609665441));
#2081 = CARTESIAN_POINT('',(8.45,25.41));
#2082 = ( GEOMETRIC_REPRESENTATION_CONTEXT(2) 
PARAMETRIC_REPRESENTATION_CONTEXT() REPRESENTATION_CONTEXT('2D SPACE',''
  ) );
#2083 = PCURVE('',#2084,#2089);
#2084 = PLANE('',#2085);
#2085 = AXIS2_PLACEMENT_3D('',#2086,#2087,#2088);
#2086 = CARTESIAN_POINT('',(10.25,16.35,-27.55));
#2087 = DIRECTION('',(2.22044604925E-16,0.,-1.));
#2088 = DIRECTION('',(1.,0.,2.22044604925E-16));
#2089 = DEFINITIONAL_REPRESENTATION('',(#2090),#2093);
#2090 = B_SPLINE_CURVE_WITH_KNOTS('',1,(#2091,#2092),.UNSPECIFIED.,.F.,
  .F.,(2,2),(-13.30560966544,-12.705),.PIECEWISE_BEZIER_KNOTS.);
#2091 = CARTESIAN_POINT('',(0.600609665441,-1.));
#2092 = CARTESIAN_POINT('',(0.,-1.));
#2093 = ( GEOMETRIC_REPRESENTATION_CONTEXT(2) 
PARAMETRIC_REPRESENTATION_CONTEXT() REPRESENTATION_CONTEXT('2D SPACE',''
  ) );
#2094 = ORIENTED_EDGE('',*,*,#2095,.T.);
#2095 = EDGE_CURVE('',#2070,#2096,#2098,.T.);
#2096 = VERTEX_POINT('',#2097);
#2097 = CARTESIAN_POINT('',(9.536,17.35,-27.73797622843));
#2098 = SURFACE_CURVE('',#2099,(#2104,#2115),.PCURVE_S1.);
#2099 = CIRCLE('',#2100,1.45);
#2100 = AXIS2_PLACEMENT_3D('',#2101,#2102,#2103);
#2101 = CARTESIAN_POINT('',(10.25,17.35,-29.));
#2102 = DIRECTION('',(2.22044604925E-16,-1.,4.930380657631E-32));
#2103 = DIRECTION('',(2.22044604925E-16,0.,-1.));
#2104 = PCURVE('',#100,#2105);
#2105 = DEFINITIONAL_REPRESENTATION('',(#2106),#2114);
#2106 = ( BOUNDED_CURVE() B_SPLINE_CURVE(2,(#2107,#2108,#2109,#2110,
#2111,#2112,#2113),.UNSPECIFIED.,.T.,.F.) B_SPLINE_CURVE_WITH_KNOTS((1,2
    ,2,2,2,1),(-2.094395102393,0.,2.094395102393,4.188790204786,
6.28318530718,8.377580409573),.UNSPECIFIED.) CURVE() 
GEOMETRIC_REPRESENTATION_ITEM() RATIONAL_B_SPLINE_CURVE((1.,0.5,1.,0.5,
1.,0.5,1.)) REPRESENTATION_ITEM('') );
#2107 = CARTESIAN_POINT('',(5.55,25.41));
#2108 = CARTESIAN_POINT('',(5.55,27.921473670975));
#2109 = CARTESIAN_POINT('',(7.725,26.665736835487));
#2110 = CARTESIAN_POINT('',(9.9,25.41));
#2111 = CARTESIAN_POINT('',(7.725,24.154263164513));
#2112 = CARTESIAN_POINT('',(5.55,22.898526329025));
#2113 = CARTESIAN_POINT('',(5.55,25.41));
#2114 = ( GEOMETRIC_REPRESENTATION_CONTEXT(2) 
PARAMETRIC_REPRESENTATION_CONTEXT() REPRESENTATION_CONTEXT('2D SPACE',''
  ) );
#2115 = PCURVE('',#1953,#2116);
#2116 = DEFINITIONAL_REPRESENTATION('',(#2117),#2121);
#2117 = LINE('',#2118,#2119);
#2118 = CARTESIAN_POINT('',(0.,3.4));
#2119 = VECTOR('',#2120,1.);
#2120 = DIRECTION('',(1.,0.));
#2121 = ( GEOMETRIC_REPRESENTATION_CONTEXT(2) 
PARAMETRIC_REPRESENTATION_CONTEXT() REPRESENTATION_CONTEXT('2D SPACE',''
  ) );
#2122 = ORIENTED_EDGE('',*,*,#2123,.T.);
#2123 = EDGE_CURVE('',#2096,#2124,#2126,.T.);
#2124 = VERTEX_POINT('',#2125);
#2125 = CARTESIAN_POINT('',(9.536,17.35,-9.562023771567));
#2126 = SURFACE_CURVE('',#2127,(#2131,#2137),.PCURVE_S1.);
#2127 = LINE('',#2128,#2129);
#2128 = CARTESIAN_POINT('',(9.536,17.35,-21.865));
#2129 = VECTOR('',#2130,1.);
#2130 = DIRECTION('',(0.,-0.,1.));
#2131 = PCURVE('',#100,#2132);
#2132 = DEFINITIONAL_REPRESENTATION('',(#2133),#2136);
#2133 = B_SPLINE_CURVE_WITH_KNOTS('',1,(#2134,#2135),.UNSPECIFIED.,.F.,
  .F.,(2,2),(-13.395,14.135),.PIECEWISE_BEZIER_KNOTS.);
#2134 = CARTESIAN_POINT('',(0.74,24.696));
#2135 = CARTESIAN_POINT('',(28.27,24.696));
#2136 = ( GEOMETRIC_REPRESENTATION_CONTEXT(2) 
PARAMETRIC_REPRESENTATION_CONTEXT() REPRESENTATION_CONTEXT('2D SPACE',''
  ) );
#2137 = PCURVE('',#1921,#2138);
#2138 = DEFINITIONAL_REPRESENTATION('',(#2139),#2142);
#2139 = B_SPLINE_CURVE_WITH_KNOTS('',1,(#2140,#2141),.UNSPECIFIED.,.F.,
  .F.,(2,2),(-13.395,14.135),.PIECEWISE_BEZIER_KNOTS.);
#2140 = CARTESIAN_POINT('',(2.233731407309,-27.53));
#2141 = CARTESIAN_POINT('',(2.233731407309,0.));
#2142 = ( GEOMETRIC_REPRESENTATION_CONTEXT(2) 
PARAMETRIC_REPRESENTATION_CONTEXT() REPRESENTATION_CONTEXT('2D SPACE',''
  ) );
#2143 = ORIENTED_EDGE('',*,*,#2144,.T.);
#2144 = EDGE_CURVE('',#2124,#2145,#2147,.T.);
#2145 = VERTEX_POINT('',#2146);
#2146 = CARTESIAN_POINT('',(10.25,17.35,-9.75));
#2147 = SURFACE_CURVE('',#2148,(#2153,#2164),.PCURVE_S1.);
#2148 = CIRCLE('',#2149,1.45);
#2149 = AXIS2_PLACEMENT_3D('',#2150,#2151,#2152);
#2150 = CARTESIAN_POINT('',(10.25,17.35,-8.3));
#2151 = DIRECTION('',(2.22044604925E-16,-1.,4.930380657631E-32));
#2152 = DIRECTION('',(2.22044604925E-16,0.,-1.));
#2153 = PCURVE('',#100,#2154);
#2154 = DEFINITIONAL_REPRESENTATION('',(#2155),#2163);
#2155 = ( BOUNDED_CURVE() B_SPLINE_CURVE(2,(#2156,#2157,#2158,#2159,
#2160,#2161,#2162),.UNSPECIFIED.,.T.,.F.) B_SPLINE_CURVE_WITH_KNOTS((1,2
    ,2,2,2,1),(-2.094395102393,0.,2.094395102393,4.188790204786,
6.28318530718,8.377580409573),.UNSPECIFIED.) CURVE() 
GEOMETRIC_REPRESENTATION_ITEM() RATIONAL_B_SPLINE_CURVE((1.,0.5,1.,0.5,
1.,0.5,1.)) REPRESENTATION_ITEM('') );
#2156 = CARTESIAN_POINT('',(26.25,25.41));
#2157 = CARTESIAN_POINT('',(26.25,27.921473670975));
#2158 = CARTESIAN_POINT('',(28.425,26.665736835487));
#2159 = CARTESIAN_POINT('',(30.6,25.41));
#2160 = CARTESIAN_POINT('',(28.425,24.154263164513));
#2161 = CARTESIAN_POINT('',(26.25,22.898526329025));
#2162 = CARTESIAN_POINT('',(26.25,25.41));
#2163 = ( GEOMETRIC_REPRESENTATION_CONTEXT(2) 
PARAMETRIC_REPRESENTATION_CONTEXT() REPRESENTATION_CONTEXT('2D SPACE',''
  ) );
#2164 = PCURVE('',#2165,#2170);
#2165 = CYLINDRICAL_SURFACE('',#2166,1.45);
#2166 = AXIS2_PLACEMENT_3D('',#2167,#2168,#2169);
#2167 = CARTESIAN_POINT('',(10.25,20.75,-8.3));
#2168 = DIRECTION('',(2.22044604925E-16,-1.,4.930380657631E-32));
#2169 = DIRECTION('',(2.22044604925E-16,0.,-1.));
#2170 = DEFINITIONAL_REPRESENTATION('',(#2171),#2175);
#2171 = LINE('',#2172,#2173);
#2172 = CARTESIAN_POINT('',(0.,3.4));
#2173 = VECTOR('',#2174,1.);
#2174 = DIRECTION('',(1.,0.));
#2175 = ( GEOMETRIC_REPRESENTATION_CONTEXT(2) 
PARAMETRIC_REPRESENTATION_CONTEXT() REPRESENTATION_CONTEXT('2D SPACE',''
  ) );
#2176 = ORIENTED_EDGE('',*,*,#2177,.F.);
#2177 = EDGE_CURVE('',#2178,#2145,#2180,.T.);
#2178 = VERTEX_POINT('',#2179);
#2179 = CARTESIAN_POINT('',(10.850609665441,17.35,-9.75));
#2180 = SURFACE_CURVE('',#2181,(#2185,#2191),.PCURVE_S1.);
#2181 = LINE('',#2182,#2183);
#2182 = CARTESIAN_POINT('',(-2.455,17.35,-9.75));
#2183 = VECTOR('',#2184,1.);
#2184 = DIRECTION('',(-1.,0.,-2.22044604925E-16));
#2185 = PCURVE('',#100,#2186);
#2186 = DEFINITIONAL_REPRESENTATION('',(#2187),#2190);
#2187 = B_SPLINE_CURVE_WITH_KNOTS('',1,(#2188,#2189),.UNSPECIFIED.,.F.,
  .F.,(2,2),(-13.30560966544,-12.705),.PIECEWISE_BEZIER_KNOTS.);
#2188 = CARTESIAN_POINT('',(26.25,26.010609665441));
#2189 = CARTESIAN_POINT('',(26.25,25.41));
#2190 = ( GEOMETRIC_REPRESENTATION_CONTEXT(2) 
PARAMETRIC_REPRESENTATION_CONTEXT() REPRESENTATION_CONTEXT('2D SPACE',''
  ) );
#2191 = PCURVE('',#2192,#2197);
#2192 = PLANE('',#2193);
#2193 = AXIS2_PLACEMENT_3D('',#2194,#2195,#2196);
#2194 = CARTESIAN_POINT('',(10.25,16.35,-9.75));
#2195 = DIRECTION('',(2.22044604925E-16,0.,-1.));
#2196 = DIRECTION('',(1.,0.,2.22044604925E-16));
#2197 = DEFINITIONAL_REPRESENTATION('',(#2198),#2201);
#2198 = B_SPLINE_CURVE_WITH_KNOTS('',1,(#2199,#2200),.UNSPECIFIED.,.F.,
  .F.,(2,2),(-13.30560966544,-12.705),.PIECEWISE_BEZIER_KNOTS.);
#2199 = CARTESIAN_POINT('',(0.600609665441,-1.));
#2200 = CARTESIAN_POINT('',(0.,-1.));
#2201 = ( GEOMETRIC_REPRESENTATION_CONTEXT(2) 
PARAMETRIC_REPRESENTATION_CONTEXT() REPRESENTATION_CONTEXT('2D SPACE',''
  ) );
#2202 = ORIENTED_EDGE('',*,*,#2203,.F.);
#2203 = EDGE_CURVE('',#2204,#2178,#2206,.T.);
#2204 = VERTEX_POINT('',#2205);
#2205 = CARTESIAN_POINT('',(11.7,17.35,-8.900609665441));
#2206 = SURFACE_CURVE('',#2207,(#2211,#2217),.PCURVE_S1.);
#2207 = LINE('',#2208,#2209);
#2208 = CARTESIAN_POINT('',(-1.489542750919,17.35,-22.09015241636));
#2209 = VECTOR('',#2210,1.);
#2210 = DIRECTION('',(-0.707106781187,0.,-0.707106781187));
#2211 = PCURVE('',#100,#2212);
#2212 = DEFINITIONAL_REPRESENTATION('',(#2213),#2216);
#2213 = B_SPLINE_CURVE_WITH_KNOTS('',1,(#2214,#2215),.UNSPECIFIED.,.F.,
  .F.,(2,2),(-18.65283023985,-17.45161090896),.PIECEWISE_BEZIER_KNOTS.);
#2214 = CARTESIAN_POINT('',(27.099390334559,26.86));
#2215 = CARTESIAN_POINT('',(26.25,26.010609665441));
#2216 = ( GEOMETRIC_REPRESENTATION_CONTEXT(2) 
PARAMETRIC_REPRESENTATION_CONTEXT() REPRESENTATION_CONTEXT('2D SPACE',''
  ) );
#2217 = PCURVE('',#2218,#2223);
#2218 = PLANE('',#2219);
#2219 = AXIS2_PLACEMENT_3D('',#2220,#2221,#2222);
#2220 = CARTESIAN_POINT('',(12.300609665441,16.35,-8.3));
#2221 = DIRECTION('',(0.707106781187,0.,-0.707106781187));
#2222 = DIRECTION('',(-0.707106781187,0.,-0.707106781187));
#2223 = DEFINITIONAL_REPRESENTATION('',(#2224),#2227);
#2224 = B_SPLINE_CURVE_WITH_KNOTS('',1,(#2225,#2226),.UNSPECIFIED.,.F.,
  .F.,(2,2),(-18.65283023985,-17.45161090896),.PIECEWISE_BEZIER_KNOTS.);
#2225 = CARTESIAN_POINT('',(0.849390334559,1.));
#2226 = CARTESIAN_POINT('',(2.050609665441,1.));
#2227 = ( GEOMETRIC_REPRESENTATION_CONTEXT(2) 
PARAMETRIC_REPRESENTATION_CONTEXT() REPRESENTATION_CONTEXT('2D SPACE',''
  ) );
#2228 = ORIENTED_EDGE('',*,*,#2229,.F.);
#2229 = EDGE_CURVE('',#2230,#2204,#2232,.T.);
#2230 = VERTEX_POINT('',#2231);
#2231 = CARTESIAN_POINT('',(11.7,17.35,-7.699390334559));
#2232 = SURFACE_CURVE('',#2233,(#2237,#2243),.PCURVE_S1.);
#2233 = LINE('',#2234,#2235);
#2234 = CARTESIAN_POINT('',(11.7,17.35,-21.425));
#2235 = VECTOR('',#2236,1.);
#2236 = DIRECTION('',(2.22044604925E-16,0.,-1.));
#2237 = PCURVE('',#100,#2238);
#2238 = DEFINITIONAL_REPRESENTATION('',(#2239),#2242);
#2239 = B_SPLINE_CURVE_WITH_KNOTS('',1,(#2240,#2241),.UNSPECIFIED.,.F.,
  .F.,(2,2),(-13.72560966544,-12.52439033455),.PIECEWISE_BEZIER_KNOTS.);
#2240 = CARTESIAN_POINT('',(28.300609665441,26.86));
#2241 = CARTESIAN_POINT('',(27.099390334559,26.86));
#2242 = ( GEOMETRIC_REPRESENTATION_CONTEXT(2) 
PARAMETRIC_REPRESENTATION_CONTEXT() REPRESENTATION_CONTEXT('2D SPACE',''
  ) );
#2243 = PCURVE('',#2244,#2249);
#2244 = PLANE('',#2245);
#2245 = AXIS2_PLACEMENT_3D('',#2246,#2247,#2248);
#2246 = CARTESIAN_POINT('',(11.7,16.35,-6.85));
#2247 = DIRECTION('',(1.,0.,2.22044604925E-16));
#2248 = DIRECTION('',(2.22044604925E-16,0.,-1.));
#2249 = DEFINITIONAL_REPRESENTATION('',(#2250),#2253);
#2250 = B_SPLINE_CURVE_WITH_KNOTS('',1,(#2251,#2252),.UNSPECIFIED.,.F.,
  .F.,(2,2),(-13.72560966544,-12.52439033455),.PIECEWISE_BEZIER_KNOTS.);
#2251 = CARTESIAN_POINT('',(0.849390334559,1.));
#2252 = CARTESIAN_POINT('',(2.050609665441,1.));
#2253 = ( GEOMETRIC_REPRESENTATION_CONTEXT(2) 
PARAMETRIC_REPRESENTATION_CONTEXT() REPRESENTATION_CONTEXT('2D SPACE',''
  ) );
#2254 = ORIENTED_EDGE('',*,*,#2255,.T.);
#2255 = EDGE_CURVE('',#2230,#2256,#2258,.T.);
#2256 = VERTEX_POINT('',#2257);
#2257 = CARTESIAN_POINT('',(10.850609665441,17.35,-6.85));
#2258 = SURFACE_CURVE('',#2259,(#2263,#2269),.PCURVE_S1.);
#2259 = LINE('',#2260,#2261);
#2260 = CARTESIAN_POINT('',(11.33515241636,17.35,-7.334542750919));
#2261 = VECTOR('',#2262,1.);
#2262 = DIRECTION('',(-0.707106781187,-0.,0.707106781187));
#2263 = PCURVE('',#100,#2264);
#2264 = DEFINITIONAL_REPRESENTATION('',(#2265),#2268);
#2265 = B_SPLINE_CURVE_WITH_KNOTS('',1,(#2266,#2267),.UNSPECIFIED.,.F.,
  .F.,(2,2),(-0.515972400982,0.6852469299),.PIECEWISE_BEZIER_KNOTS.);
#2266 = CARTESIAN_POINT('',(28.300609665441,26.86));
#2267 = CARTESIAN_POINT('',(29.15,26.010609665441));
#2268 = ( GEOMETRIC_REPRESENTATION_CONTEXT(2) 
PARAMETRIC_REPRESENTATION_CONTEXT() REPRESENTATION_CONTEXT('2D SPACE',''
  ) );
#2269 = PCURVE('',#2270,#2275);
#2270 = PLANE('',#2271);
#2271 = AXIS2_PLACEMENT_3D('',#2272,#2273,#2274);
#2272 = CARTESIAN_POINT('',(10.25,16.35,-6.249390334559));
#2273 = DIRECTION('',(-0.707106781187,0.,-0.707106781187));
#2274 = DIRECTION('',(0.707106781187,0.,-0.707106781187));
#2275 = DEFINITIONAL_REPRESENTATION('',(#2276),#2279);
#2276 = B_SPLINE_CURVE_WITH_KNOTS('',1,(#2277,#2278),.UNSPECIFIED.,.F.,
  .F.,(2,2),(-0.515972400982,0.6852469299),.PIECEWISE_BEZIER_KNOTS.);
#2277 = CARTESIAN_POINT('',(2.050609665441,-1.));
#2278 = CARTESIAN_POINT('',(0.849390334559,-1.));
#2279 = ( GEOMETRIC_REPRESENTATION_CONTEXT(2) 
PARAMETRIC_REPRESENTATION_CONTEXT() REPRESENTATION_CONTEXT('2D SPACE',''
  ) );
#2280 = ORIENTED_EDGE('',*,*,#2281,.T.);
#2281 = EDGE_CURVE('',#2256,#2282,#2284,.T.);
#2282 = VERTEX_POINT('',#2283);
#2283 = CARTESIAN_POINT('',(10.25,17.35,-6.85));
#2284 = SURFACE_CURVE('',#2285,(#2289,#2295),.PCURVE_S1.);
#2285 = LINE('',#2286,#2287);
#2286 = CARTESIAN_POINT('',(-2.455,17.35,-6.85));
#2287 = VECTOR('',#2288,1.);
#2288 = DIRECTION('',(-1.,0.,-2.22044604925E-16));
#2289 = PCURVE('',#100,#2290);
#2290 = DEFINITIONAL_REPRESENTATION('',(#2291),#2294);
#2291 = B_SPLINE_CURVE_WITH_KNOTS('',1,(#2292,#2293),.UNSPECIFIED.,.F.,
  .F.,(2,2),(-13.30560966544,-12.705),.PIECEWISE_BEZIER_KNOTS.);
#2292 = CARTESIAN_POINT('',(29.15,26.010609665441));
#2293 = CARTESIAN_POINT('',(29.15,25.41));
#2294 = ( GEOMETRIC_REPRESENTATION_CONTEXT(2) 
PARAMETRIC_REPRESENTATION_CONTEXT() REPRESENTATION_CONTEXT('2D SPACE',''
  ) );
#2295 = PCURVE('',#2296,#2301);
#2296 = PLANE('',#2297);
#2297 = AXIS2_PLACEMENT_3D('',#2298,#2299,#2300);
#2298 = CARTESIAN_POINT('',(10.25,16.35,-6.85));
#2299 = DIRECTION('',(2.22044604925E-16,0.,-1.));
#2300 = DIRECTION('',(1.,0.,2.22044604925E-16));
#2301 = DEFINITIONAL_REPRESENTATION('',(#2302),#2305);
#2302 = B_SPLINE_CURVE_WITH_KNOTS('',1,(#2303,#2304),.UNSPECIFIED.,.F.,
  .F.,(2,2),(-13.30560966544,-12.705),.PIECEWISE_BEZIER_KNOTS.);
#2303 = CARTESIAN_POINT('',(0.600609665441,-1.));
#2304 = CARTESIAN_POINT('',(0.,-1.));
#2305 = ( GEOMETRIC_REPRESENTATION_CONTEXT(2) 
PARAMETRIC_REPRESENTATION_CONTEXT() REPRESENTATION_CONTEXT('2D SPACE',''
  ) );
#2306 = ORIENTED_EDGE('',*,*,#2307,.T.);
#2307 = EDGE_CURVE('',#2282,#2308,#2310,.T.);
#2308 = VERTEX_POINT('',#2309);
#2309 = CARTESIAN_POINT('',(8.916733335,17.35,-7.73));
#2310 = SURFACE_CURVE('',#2311,(#2316,#2327),.PCURVE_S1.);
#2311 = CIRCLE('',#2312,1.45);
#2312 = AXIS2_PLACEMENT_3D('',#2313,#2314,#2315);
#2313 = CARTESIAN_POINT('',(10.25,17.35,-8.3));
#2314 = DIRECTION('',(2.22044604925E-16,-1.,4.930380657631E-32));
#2315 = DIRECTION('',(2.22044604925E-16,0.,-1.));
#2316 = PCURVE('',#100,#2317);
#2317 = DEFINITIONAL_REPRESENTATION('',(#2318),#2326);
#2318 = ( BOUNDED_CURVE() B_SPLINE_CURVE(2,(#2319,#2320,#2321,#2322,
#2323,#2324,#2325),.UNSPECIFIED.,.T.,.F.) B_SPLINE_CURVE_WITH_KNOTS((1,2
    ,2,2,2,1),(-2.094395102393,0.,2.094395102393,4.188790204786,
6.28318530718,8.377580409573),.UNSPECIFIED.) CURVE() 
GEOMETRIC_REPRESENTATION_ITEM() RATIONAL_B_SPLINE_CURVE((1.,0.5,1.,0.5,
1.,0.5,1.)) REPRESENTATION_ITEM('') );
#2319 = CARTESIAN_POINT('',(26.25,25.41));
#2320 = CARTESIAN_POINT('',(26.25,27.921473670975));
#2321 = CARTESIAN_POINT('',(28.425,26.665736835487));
#2322 = CARTESIAN_POINT('',(30.6,25.41));
#2323 = CARTESIAN_POINT('',(28.425,24.154263164513));
#2324 = CARTESIAN_POINT('',(26.25,22.898526329025));
#2325 = CARTESIAN_POINT('',(26.25,25.41));
#2326 = ( GEOMETRIC_REPRESENTATION_CONTEXT(2) 
PARAMETRIC_REPRESENTATION_CONTEXT() REPRESENTATION_CONTEXT('2D SPACE',''
  ) );
#2327 = PCURVE('',#2165,#2328);
#2328 = DEFINITIONAL_REPRESENTATION('',(#2329),#2333);
#2329 = LINE('',#2330,#2331);
#2330 = CARTESIAN_POINT('',(0.,3.4));
#2331 = VECTOR('',#2332,1.);
#2332 = DIRECTION('',(1.,0.));
#2333 = ( GEOMETRIC_REPRESENTATION_CONTEXT(2) 
PARAMETRIC_REPRESENTATION_CONTEXT() REPRESENTATION_CONTEXT('2D SPACE',''
  ) );
#2334 = ORIENTED_EDGE('',*,*,#2335,.T.);
#2335 = EDGE_CURVE('',#2308,#2336,#2338,.T.);
#2336 = VERTEX_POINT('',#2337);
#2337 = CARTESIAN_POINT('',(7.82,17.35,-7.73));
#2338 = SURFACE_CURVE('',#2339,(#2343,#2349),.PCURVE_S1.);
#2339 = LINE('',#2340,#2341);
#2340 = CARTESIAN_POINT('',(-3.352831011667,17.35,-7.73));
#2341 = VECTOR('',#2342,1.);
#2342 = DIRECTION('',(-1.,0.,0.));
#2343 = PCURVE('',#100,#2344);
#2344 = DEFINITIONAL_REPRESENTATION('',(#2345),#2348);
#2345 = B_SPLINE_CURVE_WITH_KNOTS('',1,(#2346,#2347),.UNSPECIFIED.,.F.,
  .F.,(2,2),(-12.90083101166,-11.17283101166),.PIECEWISE_BEZIER_KNOTS.);
#2346 = CARTESIAN_POINT('',(28.27,24.708));
#2347 = CARTESIAN_POINT('',(28.27,22.98));
#2348 = ( GEOMETRIC_REPRESENTATION_CONTEXT(2) 
PARAMETRIC_REPRESENTATION_CONTEXT() REPRESENTATION_CONTEXT('2D SPACE',''
  ) );
#2349 = PCURVE('',#2350,#2355);
#2350 = PLANE('',#2351);
#2351 = AXIS2_PLACEMENT_3D('',#2352,#2353,#2354);
#2352 = CARTESIAN_POINT('',(8.454337976665,17.830337976665,-7.73));
#2353 = DIRECTION('',(0.,-0.,-1.));
#2354 = DIRECTION('',(-1.,0.,0.));
#2355 = DEFINITIONAL_REPRESENTATION('',(#2356),#2359);
#2356 = B_SPLINE_CURVE_WITH_KNOTS('',1,(#2357,#2358),.UNSPECIFIED.,.F.,
  .F.,(2,2),(-12.90083101166,-11.17283101166),.PIECEWISE_BEZIER_KNOTS.);
#2357 = CARTESIAN_POINT('',(-1.093662023335,-0.480337976665));
#2358 = CARTESIAN_POINT('',(0.634337976665,-0.480337976665));
#2359 = ( GEOMETRIC_REPRESENTATION_CONTEXT(2) 
PARAMETRIC_REPRESENTATION_CONTEXT() REPRESENTATION_CONTEXT('2D SPACE',''
  ) );
#2360 = ORIENTED_EDGE('',*,*,#2361,.F.);
#2361 = EDGE_CURVE('',#2362,#2336,#2364,.T.);
#2362 = VERTEX_POINT('',#2363);
#2363 = CARTESIAN_POINT('',(7.82,17.35,-6.703551297633));
#2364 = SURFACE_CURVE('',#2365,(#2369,#2375),.PCURVE_S1.);
#2365 = LINE('',#2366,#2367);
#2366 = CARTESIAN_POINT('',(7.82,17.35,-35.33));
#2367 = VECTOR('',#2368,1.);
#2368 = DIRECTION('',(-0.,0.,-1.));
#2369 = PCURVE('',#100,#2370);
#2370 = DEFINITIONAL_REPRESENTATION('',(#2371),#2374);
#2371 = B_SPLINE_CURVE_WITH_KNOTS('',1,(#2372,#2373),.UNSPECIFIED.,.F.,
  .F.,(2,2),(-32.33,-0.67),.PIECEWISE_BEZIER_KNOTS.);
#2372 = CARTESIAN_POINT('',(33.,22.98));
#2373 = CARTESIAN_POINT('',(1.34,22.98));
#2374 = ( GEOMETRIC_REPRESENTATION_CONTEXT(2) 
PARAMETRIC_REPRESENTATION_CONTEXT() REPRESENTATION_CONTEXT('2D SPACE',''
  ) );
#2375 = PCURVE('',#2376,#2381);
#2376 = PLANE('',#2377);
#2377 = AXIS2_PLACEMENT_3D('',#2378,#2379,#2380);
#2378 = CARTESIAN_POINT('',(7.82,17.34,-34.66));
#2379 = DIRECTION('',(1.,0.,-0.));
#2380 = DIRECTION('',(0.,0.,1.));
#2381 = DEFINITIONAL_REPRESENTATION('',(#2382),#2385);
#2382 = B_SPLINE_CURVE_WITH_KNOTS('',1,(#2383,#2384),.UNSPECIFIED.,.F.,
  .F.,(2,2),(-32.33,-0.67),.PIECEWISE_BEZIER_KNOTS.);
#2383 = CARTESIAN_POINT('',(31.66,-9.999999999998E-03));
#2384 = CARTESIAN_POINT('',(0.,-9.999999999998E-03));
#2385 = ( GEOMETRIC_REPRESENTATION_CONTEXT(2) 
PARAMETRIC_REPRESENTATION_CONTEXT() REPRESENTATION_CONTEXT('2D SPACE',''
  ) );
#2386 = ORIENTED_EDGE('',*,*,#2387,.T.);
#2387 = EDGE_CURVE('',#2362,#2388,#2390,.T.);
#2388 = VERTEX_POINT('',#2389);
#2389 = CARTESIAN_POINT('',(9.853425800198,17.35,-3.));
#2390 = SURFACE_CURVE('',#2391,(#2396,#2407),.PCURVE_S1.);
#2391 = CIRCLE('',#2392,10.3);
#2392 = AXIS2_PLACEMENT_3D('',#2393,#2394,#2395);
#2393 = CARTESIAN_POINT('',(0.,17.35,2.6645352591E-16));
#2394 = DIRECTION('',(0.,-1.,2.22044604925E-16));
#2395 = DIRECTION('',(1.,0.,0.));
#2396 = PCURVE('',#100,#2397);
#2397 = DEFINITIONAL_REPRESENTATION('',(#2398),#2406);
#2398 = ( BOUNDED_CURVE() B_SPLINE_CURVE(2,(#2399,#2400,#2401,#2402,
#2403,#2404,#2405),.UNSPECIFIED.,.T.,.F.) B_SPLINE_CURVE_WITH_KNOTS((1,2
    ,2,2,2,1),(-2.094395102393,0.,2.094395102393,4.188790204786,
6.28318530718,8.377580409573),.UNSPECIFIED.) CURVE() 
GEOMETRIC_REPRESENTATION_ITEM() RATIONAL_B_SPLINE_CURVE((1.,0.5,1.,0.5,
1.,0.5,1.)) REPRESENTATION_ITEM('') );
#2399 = CARTESIAN_POINT('',(36.,25.46));
#2400 = CARTESIAN_POINT('',(53.840123317959,25.46));
#2401 = CARTESIAN_POINT('',(44.92006165898,10.01));
#2402 = CARTESIAN_POINT('',(36.,-5.44));
#2403 = CARTESIAN_POINT('',(27.07993834102,10.01));
#2404 = CARTESIAN_POINT('',(18.159876682041,25.46));
#2405 = CARTESIAN_POINT('',(36.,25.46));
#2406 = ( GEOMETRIC_REPRESENTATION_CONTEXT(2) 
PARAMETRIC_REPRESENTATION_CONTEXT() REPRESENTATION_CONTEXT('2D SPACE',''
  ) );
#2407 = PCURVE('',#456,#2408);
#2408 = DEFINITIONAL_REPRESENTATION('',(#2409),#2413);
#2409 = LINE('',#2410,#2411);
#2410 = CARTESIAN_POINT('',(0.,3.4));
#2411 = VECTOR('',#2412,1.);
#2412 = DIRECTION('',(1.,0.));
#2413 = ( GEOMETRIC_REPRESENTATION_CONTEXT(2) 
PARAMETRIC_REPRESENTATION_CONTEXT() REPRESENTATION_CONTEXT('2D SPACE',''
  ) );
#2414 = ORIENTED_EDGE('',*,*,#2415,.T.);
#2415 = EDGE_CURVE('',#2388,#2416,#2418,.T.);
#2416 = VERTEX_POINT('',#2417);
#2417 = CARTESIAN_POINT('',(13.2,17.35,-3.));
#2418 = SURFACE_CURVE('',#2419,(#2423,#2430),.PCURVE_S1.);
#2419 = LINE('',#2420,#2421);
#2420 = CARTESIAN_POINT('',(-15.16,17.35,-3.));
#2421 = VECTOR('',#2422,1.);
#2422 = DIRECTION('',(1.,0.,-0.));
#2423 = PCURVE('',#100,#2424);
#2424 = DEFINITIONAL_REPRESENTATION('',(#2425),#2429);
#2425 = LINE('',#2426,#2427);
#2426 = CARTESIAN_POINT('',(33.,0.));
#2427 = VECTOR('',#2428,1.);
#2428 = DIRECTION('',(0.,1.));
#2429 = ( GEOMETRIC_REPRESENTATION_CONTEXT(2) 
PARAMETRIC_REPRESENTATION_CONTEXT() REPRESENTATION_CONTEXT('2D SPACE',''
  ) );
#2430 = PCURVE('',#484,#2431);
#2431 = DEFINITIONAL_REPRESENTATION('',(#2432),#2436);
#2432 = LINE('',#2433,#2434);
#2433 = CARTESIAN_POINT('',(0.,0.));
#2434 = VECTOR('',#2435,1.);
#2435 = DIRECTION('',(1.,0.));
#2436 = ( GEOMETRIC_REPRESENTATION_CONTEXT(2) 
PARAMETRIC_REPRESENTATION_CONTEXT() REPRESENTATION_CONTEXT('2D SPACE',''
  ) );
#2437 = ORIENTED_EDGE('',*,*,#2438,.F.);
#2438 = EDGE_CURVE('',#2439,#2416,#2441,.T.);
#2439 = VERTEX_POINT('',#2440);
#2440 = CARTESIAN_POINT('',(13.2,17.35,-25.05));
#2441 = SURFACE_CURVE('',#2442,(#2446,#2453),.PCURVE_S1.);
#2442 = LINE('',#2443,#2444);
#2443 = CARTESIAN_POINT('',(13.2,17.35,-36.));
#2444 = VECTOR('',#2445,1.);
#2445 = DIRECTION('',(0.,0.,1.));
#2446 = PCURVE('',#100,#2447);
#2447 = DEFINITIONAL_REPRESENTATION('',(#2448),#2452);
#2448 = LINE('',#2449,#2450);
#2449 = CARTESIAN_POINT('',(0.,28.36));
#2450 = VECTOR('',#2451,1.);
#2451 = DIRECTION('',(1.,0.));
#2452 = ( GEOMETRIC_REPRESENTATION_CONTEXT(2) 
PARAMETRIC_REPRESENTATION_CONTEXT() REPRESENTATION_CONTEXT('2D SPACE',''
  ) );
#2453 = PCURVE('',#512,#2454);
#2454 = DEFINITIONAL_REPRESENTATION('',(#2455),#2459);
#2455 = LINE('',#2456,#2457);
#2456 = CARTESIAN_POINT('',(0.,0.));
#2457 = VECTOR('',#2458,1.);
#2458 = DIRECTION('',(1.,0.));
#2459 = ( GEOMETRIC_REPRESENTATION_CONTEXT(2) 
PARAMETRIC_REPRESENTATION_CONTEXT() REPRESENTATION_CONTEXT('2D SPACE',''
  ) );
#2460 = ORIENTED_EDGE('',*,*,#2461,.T.);
#2461 = EDGE_CURVE('',#2439,#1639,#2462,.T.);
#2462 = SURFACE_CURVE('',#2463,(#2467,#2474),.PCURVE_S1.);
#2463 = LINE('',#2464,#2465);
#2464 = CARTESIAN_POINT('',(-15.16,17.35,-25.05));
#2465 = VECTOR('',#2466,1.);
#2466 = DIRECTION('',(1.,0.,-0.));
#2467 = PCURVE('',#100,#2468);
#2468 = DEFINITIONAL_REPRESENTATION('',(#2469),#2473);
#2469 = LINE('',#2470,#2471);
#2470 = CARTESIAN_POINT('',(10.95,0.));
#2471 = VECTOR('',#2472,1.);
#2472 = DIRECTION('',(0.,1.));
#2473 = ( GEOMETRIC_REPRESENTATION_CONTEXT(2) 
PARAMETRIC_REPRESENTATION_CONTEXT() REPRESENTATION_CONTEXT('2D SPACE',''
  ) );
#2474 = PCURVE('',#540,#2475);
#2475 = DEFINITIONAL_REPRESENTATION('',(#2476),#2480);
#2476 = LINE('',#2477,#2478);
#2477 = CARTESIAN_POINT('',(0.,0.));
#2478 = VECTOR('',#2479,1.);
#2479 = DIRECTION('',(1.,0.));
#2480 = ( GEOMETRIC_REPRESENTATION_CONTEXT(2) 
PARAMETRIC_REPRESENTATION_CONTEXT() REPRESENTATION_CONTEXT('2D SPACE',''
  ) );
#2481 = FACE_BOUND('',#2482,.F.);
#2482 = EDGE_LOOP('',(#2483,#2511,#2537,#2563,#2596,#2622));
#2483 = ORIENTED_EDGE('',*,*,#2484,.F.);
#2484 = EDGE_CURVE('',#2485,#2487,#2489,.T.);
#2485 = VERTEX_POINT('',#2486);
#2486 = CARTESIAN_POINT('',(-8.8,17.35,-28.39939033455));
#2487 = VERTEX_POINT('',#2488);
#2488 = CARTESIAN_POINT('',(-8.8,17.35,-29.60060966544));
#2489 = SURFACE_CURVE('',#2490,(#2494,#2500),.PCURVE_S1.);
#2490 = LINE('',#2491,#2492);
#2491 = CARTESIAN_POINT('',(-8.8,17.35,-31.775));
#2492 = VECTOR('',#2493,1.);
#2493 = DIRECTION('',(2.22044604925E-16,0.,-1.));
#2494 = PCURVE('',#100,#2495);
#2495 = DEFINITIONAL_REPRESENTATION('',(#2496),#2499);
#2496 = B_SPLINE_CURVE_WITH_KNOTS('',1,(#2497,#2498),.UNSPECIFIED.,.F.,
  .F.,(2,2),(-3.375609665441,-2.174390334559),.PIECEWISE_BEZIER_KNOTS.);
#2497 = CARTESIAN_POINT('',(7.600609665441,6.36));
#2498 = CARTESIAN_POINT('',(6.399390334559,6.36));
#2499 = ( GEOMETRIC_REPRESENTATION_CONTEXT(2) 
PARAMETRIC_REPRESENTATION_CONTEXT() REPRESENTATION_CONTEXT('2D SPACE',''
  ) );
#2500 = PCURVE('',#2501,#2506);
#2501 = PLANE('',#2502);
#2502 = AXIS2_PLACEMENT_3D('',#2503,#2504,#2505);
#2503 = CARTESIAN_POINT('',(-8.8,16.35,-27.55));
#2504 = DIRECTION('',(1.,0.,2.22044604925E-16));
#2505 = DIRECTION('',(2.22044604925E-16,0.,-1.));
#2506 = DEFINITIONAL_REPRESENTATION('',(#2507),#2510);
#2507 = B_SPLINE_CURVE_WITH_KNOTS('',1,(#2508,#2509),.UNSPECIFIED.,.F.,
  .F.,(2,2),(-3.375609665441,-2.174390334559),.PIECEWISE_BEZIER_KNOTS.);
#2508 = CARTESIAN_POINT('',(0.849390334559,1.));
#2509 = CARTESIAN_POINT('',(2.050609665441,1.));
#2510 = ( GEOMETRIC_REPRESENTATION_CONTEXT(2) 
PARAMETRIC_REPRESENTATION_CONTEXT() REPRESENTATION_CONTEXT('2D SPACE',''
  ) );
#2511 = ORIENTED_EDGE('',*,*,#2512,.T.);
#2512 = EDGE_CURVE('',#2485,#2513,#2515,.T.);
#2513 = VERTEX_POINT('',#2514);
#2514 = CARTESIAN_POINT('',(-9.649390334559,17.35,-27.55));
#2515 = SURFACE_CURVE('',#2516,(#2520,#2526),.PCURVE_S1.);
#2516 = LINE('',#2517,#2518);
#2517 = CARTESIAN_POINT('',(-9.21484758364,17.35,-27.98454275091));
#2518 = VECTOR('',#2519,1.);
#2519 = DIRECTION('',(-0.707106781187,-0.,0.707106781187));
#2520 = PCURVE('',#100,#2521);
#2521 = DEFINITIONAL_REPRESENTATION('',(#2522),#2525);
#2522 = B_SPLINE_CURVE_WITH_KNOTS('',1,(#2523,#2524),.UNSPECIFIED.,.F.,
  .F.,(2,2),(-0.586683079101,0.614536251781),.PIECEWISE_BEZIER_KNOTS.);
#2523 = CARTESIAN_POINT('',(7.600609665441,6.36));
#2524 = CARTESIAN_POINT('',(8.45,5.510609665441));
#2525 = ( GEOMETRIC_REPRESENTATION_CONTEXT(2) 
PARAMETRIC_REPRESENTATION_CONTEXT() REPRESENTATION_CONTEXT('2D SPACE',''
  ) );
#2526 = PCURVE('',#2527,#2532);
#2527 = PLANE('',#2528);
#2528 = AXIS2_PLACEMENT_3D('',#2529,#2530,#2531);
#2529 = CARTESIAN_POINT('',(-10.25,16.35,-26.94939033455));
#2530 = DIRECTION('',(-0.707106781187,0.,-0.707106781187));
#2531 = DIRECTION('',(0.707106781187,0.,-0.707106781187));
#2532 = DEFINITIONAL_REPRESENTATION('',(#2533),#2536);
#2533 = B_SPLINE_CURVE_WITH_KNOTS('',1,(#2534,#2535),.UNSPECIFIED.,.F.,
  .F.,(2,2),(-0.586683079101,0.614536251781),.PIECEWISE_BEZIER_KNOTS.);
#2534 = CARTESIAN_POINT('',(2.050609665441,-1.));
#2535 = CARTESIAN_POINT('',(0.849390334559,-1.));
#2536 = ( GEOMETRIC_REPRESENTATION_CONTEXT(2) 
PARAMETRIC_REPRESENTATION_CONTEXT() REPRESENTATION_CONTEXT('2D SPACE',''
  ) );
#2537 = ORIENTED_EDGE('',*,*,#2538,.T.);
#2538 = EDGE_CURVE('',#2513,#2539,#2541,.T.);
#2539 = VERTEX_POINT('',#2540);
#2540 = CARTESIAN_POINT('',(-10.25,17.35,-27.55));
#2541 = SURFACE_CURVE('',#2542,(#2546,#2552),.PCURVE_S1.);
#2542 = LINE('',#2543,#2544);
#2543 = CARTESIAN_POINT('',(-12.705,17.35,-27.55));
#2544 = VECTOR('',#2545,1.);
#2545 = DIRECTION('',(-1.,0.,-2.22044604925E-16));
#2546 = PCURVE('',#100,#2547);
#2547 = DEFINITIONAL_REPRESENTATION('',(#2548),#2551);
#2548 = B_SPLINE_CURVE_WITH_KNOTS('',1,(#2549,#2550),.UNSPECIFIED.,.F.,
  .F.,(2,2),(-3.055609665441,-2.455),.PIECEWISE_BEZIER_KNOTS.);
#2549 = CARTESIAN_POINT('',(8.45,5.510609665441));
#2550 = CARTESIAN_POINT('',(8.45,4.91));
#2551 = ( GEOMETRIC_REPRESENTATION_CONTEXT(2) 
PARAMETRIC_REPRESENTATION_CONTEXT() REPRESENTATION_CONTEXT('2D SPACE',''
  ) );
#2552 = PCURVE('',#2553,#2558);
#2553 = PLANE('',#2554);
#2554 = AXIS2_PLACEMENT_3D('',#2555,#2556,#2557);
#2555 = CARTESIAN_POINT('',(-10.25,16.35,-27.55));
#2556 = DIRECTION('',(2.22044604925E-16,0.,-1.));
#2557 = DIRECTION('',(1.,0.,2.22044604925E-16));
#2558 = DEFINITIONAL_REPRESENTATION('',(#2559),#2562);
#2559 = B_SPLINE_CURVE_WITH_KNOTS('',1,(#2560,#2561),.UNSPECIFIED.,.F.,
  .F.,(2,2),(-3.055609665441,-2.455),.PIECEWISE_BEZIER_KNOTS.);
#2560 = CARTESIAN_POINT('',(0.600609665441,-1.));
#2561 = CARTESIAN_POINT('',(0.,-1.));
#2562 = ( GEOMETRIC_REPRESENTATION_CONTEXT(2) 
PARAMETRIC_REPRESENTATION_CONTEXT() REPRESENTATION_CONTEXT('2D SPACE',''
  ) );
#2563 = ORIENTED_EDGE('',*,*,#2564,.T.);
#2564 = EDGE_CURVE('',#2539,#2565,#2567,.T.);
#2565 = VERTEX_POINT('',#2566);
#2566 = CARTESIAN_POINT('',(-10.25,17.35,-30.45));
#2567 = SURFACE_CURVE('',#2568,(#2573,#2584),.PCURVE_S1.);
#2568 = CIRCLE('',#2569,1.45);
#2569 = AXIS2_PLACEMENT_3D('',#2570,#2571,#2572);
#2570 = CARTESIAN_POINT('',(-10.25,17.35,-29.));
#2571 = DIRECTION('',(2.22044604925E-16,-1.,4.930380657631E-32));
#2572 = DIRECTION('',(2.22044604925E-16,0.,-1.));
#2573 = PCURVE('',#100,#2574);
#2574 = DEFINITIONAL_REPRESENTATION('',(#2575),#2583);
#2575 = ( BOUNDED_CURVE() B_SPLINE_CURVE(2,(#2576,#2577,#2578,#2579,
#2580,#2581,#2582),.UNSPECIFIED.,.T.,.F.) B_SPLINE_CURVE_WITH_KNOTS((1,2
    ,2,2,2,1),(-2.094395102393,0.,2.094395102393,4.188790204786,
6.28318530718,8.377580409573),.UNSPECIFIED.) CURVE() 
GEOMETRIC_REPRESENTATION_ITEM() RATIONAL_B_SPLINE_CURVE((1.,0.5,1.,0.5,
1.,0.5,1.)) REPRESENTATION_ITEM('') );
#2576 = CARTESIAN_POINT('',(5.55,4.91));
#2577 = CARTESIAN_POINT('',(5.55,7.421473670975));
#2578 = CARTESIAN_POINT('',(7.725,6.165736835487));
#2579 = CARTESIAN_POINT('',(9.9,4.91));
#2580 = CARTESIAN_POINT('',(7.725,3.654263164513));
#2581 = CARTESIAN_POINT('',(5.55,2.398526329025));
#2582 = CARTESIAN_POINT('',(5.55,4.91));
#2583 = ( GEOMETRIC_REPRESENTATION_CONTEXT(2) 
PARAMETRIC_REPRESENTATION_CONTEXT() REPRESENTATION_CONTEXT('2D SPACE',''
  ) );
#2584 = PCURVE('',#2585,#2590);
#2585 = CYLINDRICAL_SURFACE('',#2586,1.45);
#2586 = AXIS2_PLACEMENT_3D('',#2587,#2588,#2589);
#2587 = CARTESIAN_POINT('',(-10.25,20.75,-29.));
#2588 = DIRECTION('',(2.22044604925E-16,-1.,4.930380657631E-32));
#2589 = DIRECTION('',(2.22044604925E-16,0.,-1.));
#2590 = DEFINITIONAL_REPRESENTATION('',(#2591),#2595);
#2591 = LINE('',#2592,#2593);
#2592 = CARTESIAN_POINT('',(0.,3.4));
#2593 = VECTOR('',#2594,1.);
#2594 = DIRECTION('',(1.,0.));
#2595 = ( GEOMETRIC_REPRESENTATION_CONTEXT(2) 
PARAMETRIC_REPRESENTATION_CONTEXT() REPRESENTATION_CONTEXT('2D SPACE',''
  ) );
#2596 = ORIENTED_EDGE('',*,*,#2597,.F.);
#2597 = EDGE_CURVE('',#2598,#2565,#2600,.T.);
#2598 = VERTEX_POINT('',#2599);
#2599 = CARTESIAN_POINT('',(-9.649390334559,17.35,-30.45));
#2600 = SURFACE_CURVE('',#2601,(#2605,#2611),.PCURVE_S1.);
#2601 = LINE('',#2602,#2603);
#2602 = CARTESIAN_POINT('',(-12.705,17.35,-30.45));
#2603 = VECTOR('',#2604,1.);
#2604 = DIRECTION('',(-1.,0.,-2.22044604925E-16));
#2605 = PCURVE('',#100,#2606);
#2606 = DEFINITIONAL_REPRESENTATION('',(#2607),#2610);
#2607 = B_SPLINE_CURVE_WITH_KNOTS('',1,(#2608,#2609),.UNSPECIFIED.,.F.,
  .F.,(2,2),(-3.055609665441,-2.455),.PIECEWISE_BEZIER_KNOTS.);
#2608 = CARTESIAN_POINT('',(5.55,5.510609665441));
#2609 = CARTESIAN_POINT('',(5.55,4.91));
#2610 = ( GEOMETRIC_REPRESENTATION_CONTEXT(2) 
PARAMETRIC_REPRESENTATION_CONTEXT() REPRESENTATION_CONTEXT('2D SPACE',''
  ) );
#2611 = PCURVE('',#2612,#2617);
#2612 = PLANE('',#2613);
#2613 = AXIS2_PLACEMENT_3D('',#2614,#2615,#2616);
#2614 = CARTESIAN_POINT('',(-10.25,16.35,-30.45));
#2615 = DIRECTION('',(2.22044604925E-16,0.,-1.));
#2616 = DIRECTION('',(1.,0.,2.22044604925E-16));
#2617 = DEFINITIONAL_REPRESENTATION('',(#2618),#2621);
#2618 = B_SPLINE_CURVE_WITH_KNOTS('',1,(#2619,#2620),.UNSPECIFIED.,.F.,
  .F.,(2,2),(-3.055609665441,-2.455),.PIECEWISE_BEZIER_KNOTS.);
#2619 = CARTESIAN_POINT('',(0.600609665441,-1.));
#2620 = CARTESIAN_POINT('',(-8.881784197001E-16,-1.));
#2621 = ( GEOMETRIC_REPRESENTATION_CONTEXT(2) 
PARAMETRIC_REPRESENTATION_CONTEXT() REPRESENTATION_CONTEXT('2D SPACE',''
  ) );
#2622 = ORIENTED_EDGE('',*,*,#2623,.F.);
#2623 = EDGE_CURVE('',#2487,#2598,#2624,.T.);
#2624 = SURFACE_CURVE('',#2625,(#2629,#2635),.PCURVE_S1.);
#2625 = LINE('',#2626,#2627);
#2626 = CARTESIAN_POINT('',(-11.68954275091,17.35,-32.49015241636));
#2627 = VECTOR('',#2628,1.);
#2628 = DIRECTION('',(-0.707106781187,0.,-0.707106781187));
#2629 = PCURVE('',#100,#2630);
#2630 = DEFINITIONAL_REPRESENTATION('',(#2631),#2634);
#2631 = B_SPLINE_CURVE_WITH_KNOTS('',1,(#2632,#2633),.UNSPECIFIED.,.F.,
  .F.,(2,2),(-4.086430547407,-2.885211216525),.PIECEWISE_BEZIER_KNOTS.);
#2632 = CARTESIAN_POINT('',(6.399390334559,6.36));
#2633 = CARTESIAN_POINT('',(5.55,5.510609665441));
#2634 = ( GEOMETRIC_REPRESENTATION_CONTEXT(2) 
PARAMETRIC_REPRESENTATION_CONTEXT() REPRESENTATION_CONTEXT('2D SPACE',''
  ) );
#2635 = PCURVE('',#2636,#2641);
#2636 = PLANE('',#2637);
#2637 = AXIS2_PLACEMENT_3D('',#2638,#2639,#2640);
#2638 = CARTESIAN_POINT('',(-8.199390334559,16.35,-29.));
#2639 = DIRECTION('',(0.707106781187,0.,-0.707106781187));
#2640 = DIRECTION('',(-0.707106781187,0.,-0.707106781187));
#2641 = DEFINITIONAL_REPRESENTATION('',(#2642),#2645);
#2642 = B_SPLINE_CURVE_WITH_KNOTS('',1,(#2643,#2644),.UNSPECIFIED.,.F.,
  .F.,(2,2),(-4.086430547407,-2.885211216525),.PIECEWISE_BEZIER_KNOTS.);
#2643 = CARTESIAN_POINT('',(0.849390334559,1.));
#2644 = CARTESIAN_POINT('',(2.050609665441,1.));
#2645 = ( GEOMETRIC_REPRESENTATION_CONTEXT(2) 
PARAMETRIC_REPRESENTATION_CONTEXT() REPRESENTATION_CONTEXT('2D SPACE',''
  ) );
#2646 = FACE_BOUND('',#2647,.F.);
#2647 = EDGE_LOOP('',(#2648,#2676,#2702,#2728,#2761,#2787));
#2648 = ORIENTED_EDGE('',*,*,#2649,.F.);
#2649 = EDGE_CURVE('',#2650,#2652,#2654,.T.);
#2650 = VERTEX_POINT('',#2651);
#2651 = CARTESIAN_POINT('',(-8.8,17.35,-7.699390334559));
#2652 = VERTEX_POINT('',#2653);
#2653 = CARTESIAN_POINT('',(-8.8,17.35,-8.900609665441));
#2654 = SURFACE_CURVE('',#2655,(#2659,#2665),.PCURVE_S1.);
#2655 = LINE('',#2656,#2657);
#2656 = CARTESIAN_POINT('',(-8.8,17.35,-21.425));
#2657 = VECTOR('',#2658,1.);
#2658 = DIRECTION('',(2.22044604925E-16,0.,-1.));
#2659 = PCURVE('',#100,#2660);
#2660 = DEFINITIONAL_REPRESENTATION('',(#2661),#2664);
#2661 = B_SPLINE_CURVE_WITH_KNOTS('',1,(#2662,#2663),.UNSPECIFIED.,.F.,
  .F.,(2,2),(-13.72560966544,-12.52439033455),.PIECEWISE_BEZIER_KNOTS.);
#2662 = CARTESIAN_POINT('',(28.300609665441,6.36));
#2663 = CARTESIAN_POINT('',(27.099390334559,6.36));
#2664 = ( GEOMETRIC_REPRESENTATION_CONTEXT(2) 
PARAMETRIC_REPRESENTATION_CONTEXT() REPRESENTATION_CONTEXT('2D SPACE',''
  ) );
#2665 = PCURVE('',#2666,#2671);
#2666 = PLANE('',#2667);
#2667 = AXIS2_PLACEMENT_3D('',#2668,#2669,#2670);
#2668 = CARTESIAN_POINT('',(-8.8,16.35,-6.85));
#2669 = DIRECTION('',(1.,0.,2.22044604925E-16));
#2670 = DIRECTION('',(2.22044604925E-16,0.,-1.));
#2671 = DEFINITIONAL_REPRESENTATION('',(#2672),#2675);
#2672 = B_SPLINE_CURVE_WITH_KNOTS('',1,(#2673,#2674),.UNSPECIFIED.,.F.,
  .F.,(2,2),(-13.72560966544,-12.52439033455),.PIECEWISE_BEZIER_KNOTS.);
#2673 = CARTESIAN_POINT('',(0.849390334559,1.));
#2674 = CARTESIAN_POINT('',(2.050609665441,1.));
#2675 = ( GEOMETRIC_REPRESENTATION_CONTEXT(2) 
PARAMETRIC_REPRESENTATION_CONTEXT() REPRESENTATION_CONTEXT('2D SPACE',''
  ) );
#2676 = ORIENTED_EDGE('',*,*,#2677,.T.);
#2677 = EDGE_CURVE('',#2650,#2678,#2680,.T.);
#2678 = VERTEX_POINT('',#2679);
#2679 = CARTESIAN_POINT('',(-9.649390334559,17.35,-6.85));
#2680 = SURFACE_CURVE('',#2681,(#2685,#2691),.PCURVE_S1.);
#2681 = LINE('',#2682,#2683);
#2682 = CARTESIAN_POINT('',(-4.03984758364,17.35,-12.45954275091));
#2683 = VECTOR('',#2684,1.);
#2684 = DIRECTION('',(-0.707106781187,-0.,0.707106781187));
#2685 = PCURVE('',#100,#2686);
#2686 = DEFINITIONAL_REPRESENTATION('',(#2687),#2690);
#2687 = B_SPLINE_CURVE_WITH_KNOTS('',1,(#2688,#2689),.UNSPECIFIED.,.F.,
  .F.,(2,2),(6.73187210618,7.933091437062),.PIECEWISE_BEZIER_KNOTS.);
#2688 = CARTESIAN_POINT('',(28.300609665441,6.36));
#2689 = CARTESIAN_POINT('',(29.15,5.510609665441));
#2690 = ( GEOMETRIC_REPRESENTATION_CONTEXT(2) 
PARAMETRIC_REPRESENTATION_CONTEXT() REPRESENTATION_CONTEXT('2D SPACE',''
  ) );
#2691 = PCURVE('',#2692,#2697);
#2692 = PLANE('',#2693);
#2693 = AXIS2_PLACEMENT_3D('',#2694,#2695,#2696);
#2694 = CARTESIAN_POINT('',(-10.25,16.35,-6.249390334559));
#2695 = DIRECTION('',(-0.707106781187,0.,-0.707106781187));
#2696 = DIRECTION('',(0.707106781187,0.,-0.707106781187));
#2697 = DEFINITIONAL_REPRESENTATION('',(#2698),#2701);
#2698 = B_SPLINE_CURVE_WITH_KNOTS('',1,(#2699,#2700),.UNSPECIFIED.,.F.,
  .F.,(2,2),(6.73187210618,7.933091437062),.PIECEWISE_BEZIER_KNOTS.);
#2699 = CARTESIAN_POINT('',(2.050609665441,-1.));
#2700 = CARTESIAN_POINT('',(0.849390334559,-1.));
#2701 = ( GEOMETRIC_REPRESENTATION_CONTEXT(2) 
PARAMETRIC_REPRESENTATION_CONTEXT() REPRESENTATION_CONTEXT('2D SPACE',''
  ) );
#2702 = ORIENTED_EDGE('',*,*,#2703,.T.);
#2703 = EDGE_CURVE('',#2678,#2704,#2706,.T.);
#2704 = VERTEX_POINT('',#2705);
#2705 = CARTESIAN_POINT('',(-10.25,17.35,-6.85));
#2706 = SURFACE_CURVE('',#2707,(#2711,#2717),.PCURVE_S1.);
#2707 = LINE('',#2708,#2709);
#2708 = CARTESIAN_POINT('',(-12.705,17.35,-6.85));
#2709 = VECTOR('',#2710,1.);
#2710 = DIRECTION('',(-1.,0.,-2.22044604925E-16));
#2711 = PCURVE('',#100,#2712);
#2712 = DEFINITIONAL_REPRESENTATION('',(#2713),#2716);
#2713 = B_SPLINE_CURVE_WITH_KNOTS('',1,(#2714,#2715),.UNSPECIFIED.,.F.,
  .F.,(2,2),(-3.055609665441,-2.455),.PIECEWISE_BEZIER_KNOTS.);
#2714 = CARTESIAN_POINT('',(29.15,5.510609665441));
#2715 = CARTESIAN_POINT('',(29.15,4.91));
#2716 = ( GEOMETRIC_REPRESENTATION_CONTEXT(2) 
PARAMETRIC_REPRESENTATION_CONTEXT() REPRESENTATION_CONTEXT('2D SPACE',''
  ) );
#2717 = PCURVE('',#2718,#2723);
#2718 = PLANE('',#2719);
#2719 = AXIS2_PLACEMENT_3D('',#2720,#2721,#2722);
#2720 = CARTESIAN_POINT('',(-10.25,16.35,-6.85));
#2721 = DIRECTION('',(2.22044604925E-16,0.,-1.));
#2722 = DIRECTION('',(1.,0.,2.22044604925E-16));
#2723 = DEFINITIONAL_REPRESENTATION('',(#2724),#2727);
#2724 = B_SPLINE_CURVE_WITH_KNOTS('',1,(#2725,#2726),.UNSPECIFIED.,.F.,
  .F.,(2,2),(-3.055609665441,-2.455),.PIECEWISE_BEZIER_KNOTS.);
#2725 = CARTESIAN_POINT('',(0.600609665441,-1.));
#2726 = CARTESIAN_POINT('',(0.,-1.));
#2727 = ( GEOMETRIC_REPRESENTATION_CONTEXT(2) 
PARAMETRIC_REPRESENTATION_CONTEXT() REPRESENTATION_CONTEXT('2D SPACE',''
  ) );
#2728 = ORIENTED_EDGE('',*,*,#2729,.T.);
#2729 = EDGE_CURVE('',#2704,#2730,#2732,.T.);
#2730 = VERTEX_POINT('',#2731);
#2731 = CARTESIAN_POINT('',(-10.25,17.35,-9.75));
#2732 = SURFACE_CURVE('',#2733,(#2738,#2749),.PCURVE_S1.);
#2733 = CIRCLE('',#2734,1.45);
#2734 = AXIS2_PLACEMENT_3D('',#2735,#2736,#2737);
#2735 = CARTESIAN_POINT('',(-10.25,17.35,-8.3));
#2736 = DIRECTION('',(2.22044604925E-16,-1.,4.930380657631E-32));
#2737 = DIRECTION('',(2.22044604925E-16,0.,-1.));
#2738 = PCURVE('',#100,#2739);
#2739 = DEFINITIONAL_REPRESENTATION('',(#2740),#2748);
#2740 = ( BOUNDED_CURVE() B_SPLINE_CURVE(2,(#2741,#2742,#2743,#2744,
#2745,#2746,#2747),.UNSPECIFIED.,.T.,.F.) B_SPLINE_CURVE_WITH_KNOTS((1,2
    ,2,2,2,1),(-2.094395102393,0.,2.094395102393,4.188790204786,
6.28318530718,8.377580409573),.UNSPECIFIED.) CURVE() 
GEOMETRIC_REPRESENTATION_ITEM() RATIONAL_B_SPLINE_CURVE((1.,0.5,1.,0.5,
1.,0.5,1.)) REPRESENTATION_ITEM('') );
#2741 = CARTESIAN_POINT('',(26.25,4.91));
#2742 = CARTESIAN_POINT('',(26.25,7.421473670975));
#2743 = CARTESIAN_POINT('',(28.425,6.165736835487));
#2744 = CARTESIAN_POINT('',(30.6,4.91));
#2745 = CARTESIAN_POINT('',(28.425,3.654263164513));
#2746 = CARTESIAN_POINT('',(26.25,2.398526329025));
#2747 = CARTESIAN_POINT('',(26.25,4.91));
#2748 = ( GEOMETRIC_REPRESENTATION_CONTEXT(2) 
PARAMETRIC_REPRESENTATION_CONTEXT() REPRESENTATION_CONTEXT('2D SPACE',''
  ) );
#2749 = PCURVE('',#2750,#2755);
#2750 = CYLINDRICAL_SURFACE('',#2751,1.45);
#2751 = AXIS2_PLACEMENT_3D('',#2752,#2753,#2754);
#2752 = CARTESIAN_POINT('',(-10.25,20.75,-8.3));
#2753 = DIRECTION('',(2.22044604925E-16,-1.,4.930380657631E-32));
#2754 = DIRECTION('',(2.22044604925E-16,0.,-1.));
#2755 = DEFINITIONAL_REPRESENTATION('',(#2756),#2760);
#2756 = LINE('',#2757,#2758);
#2757 = CARTESIAN_POINT('',(0.,3.4));
#2758 = VECTOR('',#2759,1.);
#2759 = DIRECTION('',(1.,0.));
#2760 = ( GEOMETRIC_REPRESENTATION_CONTEXT(2) 
PARAMETRIC_REPRESENTATION_CONTEXT() REPRESENTATION_CONTEXT('2D SPACE',''
  ) );
#2761 = ORIENTED_EDGE('',*,*,#2762,.F.);
#2762 = EDGE_CURVE('',#2763,#2730,#2765,.T.);
#2763 = VERTEX_POINT('',#2764);
#2764 = CARTESIAN_POINT('',(-9.649390334559,17.35,-9.75));
#2765 = SURFACE_CURVE('',#2766,(#2770,#2776),.PCURVE_S1.);
#2766 = LINE('',#2767,#2768);
#2767 = CARTESIAN_POINT('',(-12.705,17.35,-9.75));
#2768 = VECTOR('',#2769,1.);
#2769 = DIRECTION('',(-1.,0.,-2.22044604925E-16));
#2770 = PCURVE('',#100,#2771);
#2771 = DEFINITIONAL_REPRESENTATION('',(#2772),#2775);
#2772 = B_SPLINE_CURVE_WITH_KNOTS('',1,(#2773,#2774),.UNSPECIFIED.,.F.,
  .F.,(2,2),(-3.055609665441,-2.455),.PIECEWISE_BEZIER_KNOTS.);
#2773 = CARTESIAN_POINT('',(26.25,5.510609665441));
#2774 = CARTESIAN_POINT('',(26.25,4.91));
#2775 = ( GEOMETRIC_REPRESENTATION_CONTEXT(2) 
PARAMETRIC_REPRESENTATION_CONTEXT() REPRESENTATION_CONTEXT('2D SPACE',''
  ) );
#2776 = PCURVE('',#2777,#2782);
#2777 = PLANE('',#2778);
#2778 = AXIS2_PLACEMENT_3D('',#2779,#2780,#2781);
#2779 = CARTESIAN_POINT('',(-10.25,16.35,-9.75));
#2780 = DIRECTION('',(2.22044604925E-16,0.,-1.));
#2781 = DIRECTION('',(1.,0.,2.22044604925E-16));
#2782 = DEFINITIONAL_REPRESENTATION('',(#2783),#2786);
#2783 = B_SPLINE_CURVE_WITH_KNOTS('',1,(#2784,#2785),.UNSPECIFIED.,.F.,
  .F.,(2,2),(-3.055609665441,-2.455),.PIECEWISE_BEZIER_KNOTS.);
#2784 = CARTESIAN_POINT('',(0.600609665441,-1.));
#2785 = CARTESIAN_POINT('',(-8.881784197001E-16,-1.));
#2786 = ( GEOMETRIC_REPRESENTATION_CONTEXT(2) 
PARAMETRIC_REPRESENTATION_CONTEXT() REPRESENTATION_CONTEXT('2D SPACE',''
  ) );
#2787 = ORIENTED_EDGE('',*,*,#2788,.F.);
#2788 = EDGE_CURVE('',#2652,#2763,#2789,.T.);
#2789 = SURFACE_CURVE('',#2790,(#2794,#2800),.PCURVE_S1.);
#2790 = LINE('',#2791,#2792);
#2791 = CARTESIAN_POINT('',(-16.86454275091,17.35,-16.96515241636));
#2792 = VECTOR('',#2793,1.);
#2793 = DIRECTION('',(-0.707106781187,0.,-0.707106781187));
#2794 = PCURVE('',#100,#2795);
#2795 = DEFINITIONAL_REPRESENTATION('',(#2796),#2799);
#2796 = B_SPLINE_CURVE_WITH_KNOTS('',1,(#2797,#2798),.UNSPECIFIED.,.F.,
  .F.,(2,2),(-11.40498573268,-10.2037664018),.PIECEWISE_BEZIER_KNOTS.);
#2797 = CARTESIAN_POINT('',(27.099390334559,6.36));
#2798 = CARTESIAN_POINT('',(26.25,5.510609665441));
#2799 = ( GEOMETRIC_REPRESENTATION_CONTEXT(2) 
PARAMETRIC_REPRESENTATION_CONTEXT() REPRESENTATION_CONTEXT('2D SPACE',''
  ) );
#2800 = PCURVE('',#2801,#2806);
#2801 = PLANE('',#2802);
#2802 = AXIS2_PLACEMENT_3D('',#2803,#2804,#2805);
#2803 = CARTESIAN_POINT('',(-8.199390334559,16.35,-8.3));
#2804 = DIRECTION('',(0.707106781187,0.,-0.707106781187));
#2805 = DIRECTION('',(-0.707106781187,0.,-0.707106781187));
#2806 = DEFINITIONAL_REPRESENTATION('',(#2807),#2810);
#2807 = B_SPLINE_CURVE_WITH_KNOTS('',1,(#2808,#2809),.UNSPECIFIED.,.F.,
  .F.,(2,2),(-11.40498573268,-10.2037664018),.PIECEWISE_BEZIER_KNOTS.);
#2808 = CARTESIAN_POINT('',(0.849390334559,1.));
#2809 = CARTESIAN_POINT('',(2.050609665441,1.));
#2810 = ( GEOMETRIC_REPRESENTATION_CONTEXT(2) 
PARAMETRIC_REPRESENTATION_CONTEXT() REPRESENTATION_CONTEXT('2D SPACE',''
  ) );
#2811 = ADVANCED_FACE('',(#2812),#72,.T.);
#2812 = FACE_BOUND('',#2813,.T.);
#2813 = EDGE_LOOP('',(#2814,#2815,#2816,#2817));
#2814 = ORIENTED_EDGE('',*,*,#412,.F.);
#2815 = ORIENTED_EDGE('',*,*,#56,.F.);
#2816 = ORIENTED_EDGE('',*,*,#1751,.T.);
#2817 = ORIENTED_EDGE('',*,*,#2818,.F.);
#2818 = EDGE_CURVE('',#413,#1752,#2819,.T.);
#2819 = SURFACE_CURVE('',#2820,(#2824,#2830),.PCURVE_S1.);
#2820 = LINE('',#2821,#2822);
#2821 = CARTESIAN_POINT('',(-9.853425800198,20.75,-3.));
#2822 = VECTOR('',#2823,1.);
#2823 = DIRECTION('',(0.,-1.,2.22044604925E-16));
#2824 = PCURVE('',#72,#2825);
#2825 = DEFINITIONAL_REPRESENTATION('',(#2826),#2829);
#2826 = B_SPLINE_CURVE_WITH_KNOTS('',1,(#2827,#2828),.UNSPECIFIED.,.F.,
  .F.,(2,2),(0.76,3.64),.PIECEWISE_BEZIER_KNOTS.);
#2827 = CARTESIAN_POINT('',(5.306574199802,2.64));
#2828 = CARTESIAN_POINT('',(5.306574199802,-0.24));
#2829 = ( GEOMETRIC_REPRESENTATION_CONTEXT(2) 
PARAMETRIC_REPRESENTATION_CONTEXT() REPRESENTATION_CONTEXT('2D SPACE',''
  ) );
#2830 = PCURVE('',#456,#2831);
#2831 = DEFINITIONAL_REPRESENTATION('',(#2832),#2835);
#2832 = B_SPLINE_CURVE_WITH_KNOTS('',1,(#2833,#2834),.UNSPECIFIED.,.F.,
  .F.,(2,2),(0.76,3.64),.PIECEWISE_BEZIER_KNOTS.);
#2833 = CARTESIAN_POINT('',(3.437138564938,0.76));
#2834 = CARTESIAN_POINT('',(3.437138564938,3.64));
#2835 = ( GEOMETRIC_REPRESENTATION_CONTEXT(2) 
PARAMETRIC_REPRESENTATION_CONTEXT() REPRESENTATION_CONTEXT('2D SPACE',''
  ) );
#2836 = ADVANCED_FACE('',(#2837),#321,.T.);
#2837 = FACE_BOUND('',#2838,.T.);
#2838 = EDGE_LOOP('',(#2839,#2862,#2863,#2886));
#2839 = ORIENTED_EDGE('',*,*,#2840,.F.);
#2840 = EDGE_CURVE('',#305,#2841,#2843,.T.);
#2841 = VERTEX_POINT('',#2842);
#2842 = CARTESIAN_POINT('',(-12.76,4.5,-35.));
#2843 = SURFACE_CURVE('',#2844,(#2848,#2855),.PCURVE_S1.);
#2844 = LINE('',#2845,#2846);
#2845 = CARTESIAN_POINT('',(-16.16,4.5,-35.));
#2846 = VECTOR('',#2847,1.);
#2847 = DIRECTION('',(1.,0.,-0.));
#2848 = PCURVE('',#321,#2849);
#2849 = DEFINITIONAL_REPRESENTATION('',(#2850),#2854);
#2850 = LINE('',#2851,#2852);
#2851 = CARTESIAN_POINT('',(0.,9.));
#2852 = VECTOR('',#2853,1.);
#2853 = DIRECTION('',(1.,0.));
#2854 = ( GEOMETRIC_REPRESENTATION_CONTEXT(2) 
PARAMETRIC_REPRESENTATION_CONTEXT() REPRESENTATION_CONTEXT('2D SPACE',''
  ) );
#2855 = PCURVE('',#397,#2856);
#2856 = DEFINITIONAL_REPRESENTATION('',(#2857),#2861);
#2857 = LINE('',#2858,#2859);
#2858 = CARTESIAN_POINT('',(0.,0.));
#2859 = VECTOR('',#2860,1.);
#2860 = DIRECTION('',(0.,1.));
#2861 = ( GEOMETRIC_REPRESENTATION_CONTEXT(2) 
PARAMETRIC_REPRESENTATION_CONTEXT() REPRESENTATION_CONTEXT('2D SPACE',''
  ) );
#2862 = ORIENTED_EDGE('',*,*,#304,.T.);
#2863 = ORIENTED_EDGE('',*,*,#2864,.T.);
#2864 = EDGE_CURVE('',#307,#2865,#2867,.T.);
#2865 = VERTEX_POINT('',#2866);
#2866 = CARTESIAN_POINT('',(-12.76,-4.5,-35.));
#2867 = SURFACE_CURVE('',#2868,(#2872,#2879),.PCURVE_S1.);
#2868 = LINE('',#2869,#2870);
#2869 = CARTESIAN_POINT('',(-16.16,-4.5,-35.));
#2870 = VECTOR('',#2871,1.);
#2871 = DIRECTION('',(1.,0.,-0.));
#2872 = PCURVE('',#321,#2873);
#2873 = DEFINITIONAL_REPRESENTATION('',(#2874),#2878);
#2874 = LINE('',#2875,#2876);
#2875 = CARTESIAN_POINT('',(0.,0.));
#2876 = VECTOR('',#2877,1.);
#2877 = DIRECTION('',(1.,0.));
#2878 = ( GEOMETRIC_REPRESENTATION_CONTEXT(2) 
PARAMETRIC_REPRESENTATION_CONTEXT() REPRESENTATION_CONTEXT('2D SPACE',''
  ) );
#2879 = PCURVE('',#347,#2880);
#2880 = DEFINITIONAL_REPRESENTATION('',(#2881),#2885);
#2881 = LINE('',#2882,#2883);
#2882 = CARTESIAN_POINT('',(0.,0.));
#2883 = VECTOR('',#2884,1.);
#2884 = DIRECTION('',(0.,1.));
#2885 = ( GEOMETRIC_REPRESENTATION_CONTEXT(2) 
PARAMETRIC_REPRESENTATION_CONTEXT() REPRESENTATION_CONTEXT('2D SPACE',''
  ) );
#2886 = ORIENTED_EDGE('',*,*,#2887,.F.);
#2887 = EDGE_CURVE('',#2841,#2865,#2888,.T.);
#2888 = SURFACE_CURVE('',#2889,(#2893,#2899),.PCURVE_S1.);
#2889 = LINE('',#2890,#2891);
#2890 = CARTESIAN_POINT('',(-12.76,-11.2,-35.));
#2891 = VECTOR('',#2892,1.);
#2892 = DIRECTION('',(0.,-1.,0.));
#2893 = PCURVE('',#321,#2894);
#2894 = DEFINITIONAL_REPRESENTATION('',(#2895),#2898);
#2895 = B_SPLINE_CURVE_WITH_KNOTS('',1,(#2896,#2897),.UNSPECIFIED.,.F.,
  .F.,(2,2),(-15.7,-6.7),.PIECEWISE_BEZIER_KNOTS.);
#2896 = CARTESIAN_POINT('',(3.4,9.));
#2897 = CARTESIAN_POINT('',(3.4,0.));
#2898 = ( GEOMETRIC_REPRESENTATION_CONTEXT(2) 
PARAMETRIC_REPRESENTATION_CONTEXT() REPRESENTATION_CONTEXT('2D SPACE',''
  ) );
#2899 = PCURVE('',#1059,#2900);
#2900 = DEFINITIONAL_REPRESENTATION('',(#2901),#2904);
#2901 = B_SPLINE_CURVE_WITH_KNOTS('',1,(#2902,#2903),.UNSPECIFIED.,.F.,
  .F.,(2,2),(-15.7,-6.7),.PIECEWISE_BEZIER_KNOTS.);
#2902 = CARTESIAN_POINT('',(1.,-22.4));
#2903 = CARTESIAN_POINT('',(1.,-13.4));
#2904 = ( GEOMETRIC_REPRESENTATION_CONTEXT(2) 
PARAMETRIC_REPRESENTATION_CONTEXT() REPRESENTATION_CONTEXT('2D SPACE',''
  ) );
#2905 = ADVANCED_FACE('',(#2906),#397,.F.);
#2906 = FACE_BOUND('',#2907,.F.);
#2907 = EDGE_LOOP('',(#2908,#2909,#2910,#2933));
#2908 = ORIENTED_EDGE('',*,*,#2840,.F.);
#2909 = ORIENTED_EDGE('',*,*,#384,.T.);
#2910 = ORIENTED_EDGE('',*,*,#2911,.T.);
#2911 = EDGE_CURVE('',#359,#2912,#2914,.T.);
#2912 = VERTEX_POINT('',#2913);
#2913 = CARTESIAN_POINT('',(-12.76,4.5,-28.));
#2914 = SURFACE_CURVE('',#2915,(#2919,#2926),.PCURVE_S1.);
#2915 = LINE('',#2916,#2917);
#2916 = CARTESIAN_POINT('',(-16.16,4.5,-28.));
#2917 = VECTOR('',#2918,1.);
#2918 = DIRECTION('',(1.,0.,-0.));
#2919 = PCURVE('',#397,#2920);
#2920 = DEFINITIONAL_REPRESENTATION('',(#2921),#2925);
#2921 = LINE('',#2922,#2923);
#2922 = CARTESIAN_POINT('',(7.,0.));
#2923 = VECTOR('',#2924,1.);
#2924 = DIRECTION('',(0.,1.));
#2925 = ( GEOMETRIC_REPRESENTATION_CONTEXT(2) 
PARAMETRIC_REPRESENTATION_CONTEXT() REPRESENTATION_CONTEXT('2D SPACE',''
  ) );
#2926 = PCURVE('',#373,#2927);
#2927 = DEFINITIONAL_REPRESENTATION('',(#2928),#2932);
#2928 = LINE('',#2929,#2930);
#2929 = CARTESIAN_POINT('',(0.,9.));
#2930 = VECTOR('',#2931,1.);
#2931 = DIRECTION('',(1.,0.));
#2932 = ( GEOMETRIC_REPRESENTATION_CONTEXT(2) 
PARAMETRIC_REPRESENTATION_CONTEXT() REPRESENTATION_CONTEXT('2D SPACE',''
  ) );
#2933 = ORIENTED_EDGE('',*,*,#2934,.F.);
#2934 = EDGE_CURVE('',#2841,#2912,#2935,.T.);
#2935 = SURFACE_CURVE('',#2936,(#2940,#2946),.PCURVE_S1.);
#2936 = LINE('',#2937,#2938);
#2937 = CARTESIAN_POINT('',(-12.76,4.5,-35.5));
#2938 = VECTOR('',#2939,1.);
#2939 = DIRECTION('',(0.,0.,1.));
#2940 = PCURVE('',#397,#2941);
#2941 = DEFINITIONAL_REPRESENTATION('',(#2942),#2945);
#2942 = B_SPLINE_CURVE_WITH_KNOTS('',1,(#2943,#2944),.UNSPECIFIED.,.F.,
  .F.,(2,2),(0.5,7.5),.PIECEWISE_BEZIER_KNOTS.);
#2943 = CARTESIAN_POINT('',(0.,3.4));
#2944 = CARTESIAN_POINT('',(7.,3.4));
#2945 = ( GEOMETRIC_REPRESENTATION_CONTEXT(2) 
PARAMETRIC_REPRESENTATION_CONTEXT() REPRESENTATION_CONTEXT('2D SPACE',''
  ) );
#2946 = PCURVE('',#1059,#2947);
#2947 = DEFINITIONAL_REPRESENTATION('',(#2948),#2951);
#2948 = B_SPLINE_CURVE_WITH_KNOTS('',1,(#2949,#2950),.UNSPECIFIED.,.F.,
  .F.,(2,2),(0.5,7.5),.PIECEWISE_BEZIER_KNOTS.);
#2949 = CARTESIAN_POINT('',(1.,-22.4));
#2950 = CARTESIAN_POINT('',(8.,-22.4));
#2951 = ( GEOMETRIC_REPRESENTATION_CONTEXT(2) 
PARAMETRIC_REPRESENTATION_CONTEXT() REPRESENTATION_CONTEXT('2D SPACE',''
  ) );
#2952 = ADVANCED_FACE('',(#2953),#347,.T.);
#2953 = FACE_BOUND('',#2954,.T.);
#2954 = EDGE_LOOP('',(#2955,#2956,#2957,#2980));
#2955 = ORIENTED_EDGE('',*,*,#2864,.F.);
#2956 = ORIENTED_EDGE('',*,*,#332,.T.);
#2957 = ORIENTED_EDGE('',*,*,#2958,.T.);
#2958 = EDGE_CURVE('',#333,#2959,#2961,.T.);
#2959 = VERTEX_POINT('',#2960);
#2960 = CARTESIAN_POINT('',(-12.76,-4.5,-28.));
#2961 = SURFACE_CURVE('',#2962,(#2966,#2973),.PCURVE_S1.);
#2962 = LINE('',#2963,#2964);
#2963 = CARTESIAN_POINT('',(-16.16,-4.5,-28.));
#2964 = VECTOR('',#2965,1.);
#2965 = DIRECTION('',(1.,0.,-0.));
#2966 = PCURVE('',#347,#2967);
#2967 = DEFINITIONAL_REPRESENTATION('',(#2968),#2972);
#2968 = LINE('',#2969,#2970);
#2969 = CARTESIAN_POINT('',(7.,0.));
#2970 = VECTOR('',#2971,1.);
#2971 = DIRECTION('',(0.,1.));
#2972 = ( GEOMETRIC_REPRESENTATION_CONTEXT(2) 
PARAMETRIC_REPRESENTATION_CONTEXT() REPRESENTATION_CONTEXT('2D SPACE',''
  ) );
#2973 = PCURVE('',#373,#2974);
#2974 = DEFINITIONAL_REPRESENTATION('',(#2975),#2979);
#2975 = LINE('',#2976,#2977);
#2976 = CARTESIAN_POINT('',(0.,0.));
#2977 = VECTOR('',#2978,1.);
#2978 = DIRECTION('',(1.,0.));
#2979 = ( GEOMETRIC_REPRESENTATION_CONTEXT(2) 
PARAMETRIC_REPRESENTATION_CONTEXT() REPRESENTATION_CONTEXT('2D SPACE',''
  ) );
#2980 = ORIENTED_EDGE('',*,*,#2981,.F.);
#2981 = EDGE_CURVE('',#2865,#2959,#2982,.T.);
#2982 = SURFACE_CURVE('',#2983,(#2987,#2993),.PCURVE_S1.);
#2983 = LINE('',#2984,#2985);
#2984 = CARTESIAN_POINT('',(-12.76,-4.5,-35.5));
#2985 = VECTOR('',#2986,1.);
#2986 = DIRECTION('',(0.,0.,1.));
#2987 = PCURVE('',#347,#2988);
#2988 = DEFINITIONAL_REPRESENTATION('',(#2989),#2992);
#2989 = B_SPLINE_CURVE_WITH_KNOTS('',1,(#2990,#2991),.UNSPECIFIED.,.F.,
  .F.,(2,2),(0.5,7.5),.PIECEWISE_BEZIER_KNOTS.);
#2990 = CARTESIAN_POINT('',(0.,3.4));
#2991 = CARTESIAN_POINT('',(7.,3.4));
#2992 = ( GEOMETRIC_REPRESENTATION_CONTEXT(2) 
PARAMETRIC_REPRESENTATION_CONTEXT() REPRESENTATION_CONTEXT('2D SPACE',''
  ) );
#2993 = PCURVE('',#1059,#2994);
#2994 = DEFINITIONAL_REPRESENTATION('',(#2995),#2998);
#2995 = B_SPLINE_CURVE_WITH_KNOTS('',1,(#2996,#2997),.UNSPECIFIED.,.F.,
  .F.,(2,2),(0.5,7.5),.PIECEWISE_BEZIER_KNOTS.);
#2996 = CARTESIAN_POINT('',(1.,-13.4));
#2997 = CARTESIAN_POINT('',(8.,-13.4));
#2998 = ( GEOMETRIC_REPRESENTATION_CONTEXT(2) 
PARAMETRIC_REPRESENTATION_CONTEXT() REPRESENTATION_CONTEXT('2D SPACE',''
  ) );
#2999 = ADVANCED_FACE('',(#3000),#373,.F.);
#3000 = FACE_BOUND('',#3001,.F.);
#3001 = EDGE_LOOP('',(#3002,#3003,#3004,#3005));
#3002 = ORIENTED_EDGE('',*,*,#2911,.F.);
#3003 = ORIENTED_EDGE('',*,*,#358,.T.);
#3004 = ORIENTED_EDGE('',*,*,#2958,.T.);
#3005 = ORIENTED_EDGE('',*,*,#3006,.F.);
#3006 = EDGE_CURVE('',#2912,#2959,#3007,.T.);
#3007 = SURFACE_CURVE('',#3008,(#3012,#3018),.PCURVE_S1.);
#3008 = LINE('',#3009,#3010);
#3009 = CARTESIAN_POINT('',(-12.76,-11.2,-28.));
#3010 = VECTOR('',#3011,1.);
#3011 = DIRECTION('',(0.,-1.,0.));
#3012 = PCURVE('',#373,#3013);
#3013 = DEFINITIONAL_REPRESENTATION('',(#3014),#3017);
#3014 = B_SPLINE_CURVE_WITH_KNOTS('',1,(#3015,#3016),.UNSPECIFIED.,.F.,
  .F.,(2,2),(-15.7,-6.7),.PIECEWISE_BEZIER_KNOTS.);
#3015 = CARTESIAN_POINT('',(3.4,9.));
#3016 = CARTESIAN_POINT('',(3.4,0.));
#3017 = ( GEOMETRIC_REPRESENTATION_CONTEXT(2) 
PARAMETRIC_REPRESENTATION_CONTEXT() REPRESENTATION_CONTEXT('2D SPACE',''
  ) );
#3018 = PCURVE('',#1059,#3019);
#3019 = DEFINITIONAL_REPRESENTATION('',(#3020),#3023);
#3020 = B_SPLINE_CURVE_WITH_KNOTS('',1,(#3021,#3022),.UNSPECIFIED.,.F.,
  .F.,(2,2),(-15.7,-6.7),.PIECEWISE_BEZIER_KNOTS.);
#3021 = CARTESIAN_POINT('',(8.,-22.4));
#3022 = CARTESIAN_POINT('',(8.,-13.4));
#3023 = ( GEOMETRIC_REPRESENTATION_CONTEXT(2) 
PARAMETRIC_REPRESENTATION_CONTEXT() REPRESENTATION_CONTEXT('2D SPACE',''
  ) );
#3024 = ADVANCED_FACE('',(#3025),#673,.T.);
#3025 = FACE_BOUND('',#3026,.T.);
#3026 = EDGE_LOOP('',(#3027,#3028,#3029,#3030));
#3027 = ORIENTED_EDGE('',*,*,#879,.T.);
#3028 = ORIENTED_EDGE('',*,*,#830,.T.);
#3029 = ORIENTED_EDGE('',*,*,#658,.F.);
#3030 = ORIENTED_EDGE('',*,*,#3031,.T.);
#3031 = EDGE_CURVE('',#633,#880,#3032,.T.);
#3032 = SURFACE_CURVE('',#3033,(#3037,#3043),.PCURVE_S1.);
#3033 = LINE('',#3034,#3035);
#3034 = CARTESIAN_POINT('',(-14.4,-2.822608463647,-45.6249181482));
#3035 = VECTOR('',#3036,1.);
#3036 = DIRECTION('',(0.,-0.898794046299,-0.438371146789));
#3037 = PCURVE('',#673,#3038);
#3038 = DEFINITIONAL_REPRESENTATION('',(#3039),#3042);
#3039 = B_SPLINE_CURVE_WITH_KNOTS('',1,(#3040,#3041),.UNSPECIFIED.,.F.,
  .F.,(2,2),(-25.11432797824,-23.46535297235),.PIECEWISE_BEZIER_KNOTS.);
#3040 = CARTESIAN_POINT('',(17.311763497935,6.104650864701));
#3041 = CARTESIAN_POINT('',(18.793852415718,5.381787800345));
#3042 = ( GEOMETRIC_REPRESENTATION_CONTEXT(2) 
PARAMETRIC_REPRESENTATION_CONTEXT() REPRESENTATION_CONTEXT('2D SPACE',''
  ) );
#3043 = PCURVE('',#647,#3044);
#3044 = DEFINITIONAL_REPRESENTATION('',(#3045),#3048);
#3045 = B_SPLINE_CURVE_WITH_KNOTS('',1,(#3046,#3047),.UNSPECIFIED.,.F.,
  .F.,(2,2),(-25.11432797824,-23.46535297235),.PIECEWISE_BEZIER_KNOTS.);
#3046 = CARTESIAN_POINT('',(63.112263119059,-0.35));
#3047 = CARTESIAN_POINT('',(61.463288113177,-0.35));
#3048 = ( GEOMETRIC_REPRESENTATION_CONTEXT(2) 
PARAMETRIC_REPRESENTATION_CONTEXT() REPRESENTATION_CONTEXT('2D SPACE',''
  ) );
#3049 = ADVANCED_FACE('',(#3050,#3116),#647,.F.);
#3050 = FACE_BOUND('',#3051,.F.);
#3051 = EDGE_LOOP('',(#3052,#3073,#3074,#3093,#3094,#3113,#3114,#3115));
#3052 = ORIENTED_EDGE('',*,*,#3053,.F.);
#3053 = EDGE_CURVE('',#974,#903,#3054,.T.);
#3054 = SURFACE_CURVE('',#3055,(#3059,#3066),.PCURVE_S1.);
#3055 = LINE('',#3056,#3057);
#3056 = CARTESIAN_POINT('',(-14.75,3.047022611563E-15,-44.24824001572));
#3057 = VECTOR('',#3058,1.);
#3058 = DIRECTION('',(6.10817595942E-17,0.898794046299,0.438371146789));
#3059 = PCURVE('',#647,#3060);
#3060 = DEFINITIONAL_REPRESENTATION('',(#3061),#3065);
#3061 = LINE('',#3062,#3063);
#3062 = CARTESIAN_POINT('',(41.138374794674,1.485284222642E-15));
#3063 = VECTOR('',#3064,1.);
#3064 = DIRECTION('',(1.,6.138292032054E-17));
#3065 = ( GEOMETRIC_REPRESENTATION_CONTEXT(2) 
PARAMETRIC_REPRESENTATION_CONTEXT() REPRESENTATION_CONTEXT('2D SPACE',''
  ) );
#3066 = PCURVE('',#938,#3067);
#3067 = DEFINITIONAL_REPRESENTATION('',(#3068),#3072);
#3068 = LINE('',#3069,#3070);
#3069 = CARTESIAN_POINT('',(29.081625205326,24.72));
#3070 = VECTOR('',#3071,1.);
#3071 = DIRECTION('',(0.615661475326,0.788010753607));
#3072 = ( GEOMETRIC_REPRESENTATION_CONTEXT(2) 
PARAMETRIC_REPRESENTATION_CONTEXT() REPRESENTATION_CONTEXT('2D SPACE',''
  ) );
#3073 = ORIENTED_EDGE('',*,*,#973,.T.);
#3074 = ORIENTED_EDGE('',*,*,#3075,.F.);
#3075 = EDGE_CURVE('',#1710,#976,#3076,.T.);
#3076 = SURFACE_CURVE('',#3077,(#3081,#3087),.PCURVE_S1.);
#3077 = LINE('',#3078,#3079);
#3078 = CARTESIAN_POINT('',(-12.76,-24.09262281434,-55.9989973063));
#3079 = VECTOR('',#3080,1.);
#3080 = DIRECTION('',(0.,-0.898794046299,-0.438371146789));
#3081 = PCURVE('',#647,#3082);
#3082 = DEFINITIONAL_REPRESENTATION('',(#3083),#3086);
#3083 = B_SPLINE_CURVE_WITH_KNOTS('',1,(#3084,#3085),.UNSPECIFIED.,.F.,
  .F.,(2,2),(-46.10914256161,-45.62115333728),.PIECEWISE_BEZIER_KNOTS.);
#3084 = CARTESIAN_POINT('',(60.442018461919,-1.99));
#3085 = CARTESIAN_POINT('',(59.954029237587,-1.99));
#3086 = ( GEOMETRIC_REPRESENTATION_CONTEXT(2) 
PARAMETRIC_REPRESENTATION_CONTEXT() REPRESENTATION_CONTEXT('2D SPACE',''
  ) );
#3087 = PCURVE('',#1059,#3088);
#3088 = DEFINITIONAL_REPRESENTATION('',(#3089),#3092);
#3089 = B_SPLINE_CURVE_WITH_KNOTS('',1,(#3090,#3091),.UNSPECIFIED.,.F.,
  .F.,(2,2),(-46.10914256161,-45.62115333728),.PIECEWISE_BEZIER_KNOTS.);
#3090 = CARTESIAN_POINT('',(0.213920395891,-35.25));
#3091 = CARTESIAN_POINT('',(2.165315561268E-15,-34.81139819051));
#3092 = ( GEOMETRIC_REPRESENTATION_CONTEXT(2) 
PARAMETRIC_REPRESENTATION_CONTEXT() REPRESENTATION_CONTEXT('2D SPACE',''
  ) );
#3093 = ORIENTED_EDGE('',*,*,#1709,.T.);
#3094 = ORIENTED_EDGE('',*,*,#3095,.F.);
#3095 = EDGE_CURVE('',#607,#1689,#3096,.T.);
#3096 = SURFACE_CURVE('',#3097,(#3101,#3107),.PCURVE_S1.);
#3097 = LINE('',#3098,#3099);
#3098 = CARTESIAN_POINT('',(17.,-4.507590630421,-46.44673886209));
#3099 = VECTOR('',#3100,1.);
#3100 = DIRECTION('',(0.,-0.898794046299,-0.438371146789));
#3101 = PCURVE('',#647,#3102);
#3102 = DEFINITIONAL_REPRESENTATION('',(#3103),#3106);
#3103 = B_SPLINE_CURVE_WITH_KNOTS('',1,(#3104,#3105),.UNSPECIFIED.,.F.,
  .F.,(2,2),(-26.98904240665,-23.83080852518),.PIECEWISE_BEZIER_KNOTS.);
#3104 = CARTESIAN_POINT('',(63.112263119059,-31.75));
#3105 = CARTESIAN_POINT('',(59.954029237587,-31.75));
#3106 = ( GEOMETRIC_REPRESENTATION_CONTEXT(2) 
PARAMETRIC_REPRESENTATION_CONTEXT() REPRESENTATION_CONTEXT('2D SPACE',''
  ) );
#3107 = PCURVE('',#621,#3108);
#3108 = DEFINITIONAL_REPRESENTATION('',(#3109),#3112);
#3109 = B_SPLINE_CURVE_WITH_KNOTS('',1,(#3110,#3111),.UNSPECIFIED.,.F.,
  .F.,(2,2),(-26.98904240665,-23.83080852518),.PIECEWISE_BEZIER_KNOTS.);
#3110 = CARTESIAN_POINT('',(13.913109296548,7.689469346228));
#3111 = CARTESIAN_POINT('',(16.751711106035,6.304990737779));
#3112 = ( GEOMETRIC_REPRESENTATION_CONTEXT(2) 
PARAMETRIC_REPRESENTATION_CONTEXT() REPRESENTATION_CONTEXT('2D SPACE',''
  ) );
#3113 = ORIENTED_EDGE('',*,*,#632,.F.);
#3114 = ORIENTED_EDGE('',*,*,#3031,.T.);
#3115 = ORIENTED_EDGE('',*,*,#902,.T.);
#3116 = FACE_BOUND('',#3117,.F.);
#3117 = EDGE_LOOP('',(#3118,#3141,#3162));
#3118 = ORIENTED_EDGE('',*,*,#3119,.F.);
#3119 = EDGE_CURVE('',#3120,#3122,#3124,.T.);
#3120 = VERTEX_POINT('',#3121);
#3121 = CARTESIAN_POINT('',(7.82,18.78,-35.08862200246));
#3122 = VERTEX_POINT('',#3123);
#3123 = CARTESIAN_POINT('',(7.82,18.428623033281,-35.26));
#3124 = SURFACE_CURVE('',#3125,(#3129,#3135),.PCURVE_S1.);
#3125 = LINE('',#3126,#3127);
#3126 = CARTESIAN_POINT('',(7.82,-4.289379215606,-46.34031004389));
#3127 = VECTOR('',#3128,1.);
#3128 = DIRECTION('',(0.,-0.898794046299,-0.438371146789));
#3129 = PCURVE('',#647,#3130);
#3130 = DEFINITIONAL_REPRESENTATION('',(#3131),#3134);
#3131 = B_SPLINE_CURVE_WITH_KNOTS('',1,(#3132,#3133),.UNSPECIFIED.,.F.,
  .F.,(2,2),(-25.66703608084,-25.27609338583),.PIECEWISE_BEZIER_KNOTS.);
#3132 = CARTESIAN_POINT('',(62.033039236798,-22.57));
#3133 = CARTESIAN_POINT('',(61.642096541788,-22.57));
#3134 = ( GEOMETRIC_REPRESENTATION_CONTEXT(2) 
PARAMETRIC_REPRESENTATION_CONTEXT() REPRESENTATION_CONTEXT('2D SPACE',''
  ) );
#3135 = PCURVE('',#1869,#3136);
#3136 = DEFINITIONAL_REPRESENTATION('',(#3137),#3140);
#3137 = B_SPLINE_CURVE_WITH_KNOTS('',1,(#3138,#3139),.UNSPECIFIED.,.F.,
  .F.,(2,2),(-25.66703608084,-25.27609338583),.PIECEWISE_BEZIER_KNOTS.);
#3138 = CARTESIAN_POINT('',(1.44,-27.35862200246));
#3139 = CARTESIAN_POINT('',(1.088623033281,-27.53));
#3140 = ( GEOMETRIC_REPRESENTATION_CONTEXT(2) 
PARAMETRIC_REPRESENTATION_CONTEXT() REPRESENTATION_CONTEXT('2D SPACE',''
  ) );
#3141 = ORIENTED_EDGE('',*,*,#3142,.F.);
#3142 = EDGE_CURVE('',#3143,#3120,#3145,.T.);
#3143 = VERTEX_POINT('',#3144);
#3144 = CARTESIAN_POINT('',(8.241652360063,18.428623033281,-35.26));
#3145 = SURFACE_CURVE('',#3146,(#3150,#3156),.PCURVE_S1.);
#3146 = LINE('',#3147,#3148);
#3147 = CARTESIAN_POINT('',(14.22589319265,13.441755672791,
    -37.69225772656));
#3148 = VECTOR('',#3149,1.);
#3149 = DIRECTION('',(-0.733306341331,0.611088617776,0.298047833391));
#3150 = PCURVE('',#647,#3151);
#3151 = DEFINITIONAL_REPRESENTATION('',(#3152),#3155);
#3152 = B_SPLINE_CURVE_WITH_KNOTS('',1,(#3153,#3154),.UNSPECIFIED.,.F.,
  .F.,(2,2),(8.160628778591,8.73563043383),.PIECEWISE_BEZIER_KNOTS.);
#3153 = CARTESIAN_POINT('',(61.642096541788,-22.99165236006));
#3154 = CARTESIAN_POINT('',(62.033039236798,-22.57));
#3155 = ( GEOMETRIC_REPRESENTATION_CONTEXT(2) 
PARAMETRIC_REPRESENTATION_CONTEXT() REPRESENTATION_CONTEXT('2D SPACE',''
  ) );
#3156 = PCURVE('',#1921,#3157);
#3157 = DEFINITIONAL_REPRESENTATION('',(#3158),#3161);
#3158 = B_SPLINE_CURVE_WITH_KNOTS('',1,(#3159,#3160),.UNSPECIFIED.,.F.,
  .F.,(2,2),(8.160628778591,8.73563043383),.PIECEWISE_BEZIER_KNOTS.);
#3159 = CARTESIAN_POINT('',(0.548868368087,-27.53));
#3160 = CARTESIAN_POINT('',(-6.065875557915E-16,-27.35862200246));
#3161 = ( GEOMETRIC_REPRESENTATION_CONTEXT(2) 
PARAMETRIC_REPRESENTATION_CONTEXT() REPRESENTATION_CONTEXT('2D SPACE',''
  ) );
#3162 = ORIENTED_EDGE('',*,*,#3163,.T.);
#3163 = EDGE_CURVE('',#3143,#3122,#3164,.T.);
#3164 = SURFACE_CURVE('',#3165,(#3169,#3175),.PCURVE_S1.);
#3165 = LINE('',#3166,#3167);
#3166 = CARTESIAN_POINT('',(-3.147831011667,18.428623033281,-35.26));
#3167 = VECTOR('',#3168,1.);
#3168 = DIRECTION('',(-1.,5.06521942768E-16,-0.));
#3169 = PCURVE('',#647,#3170);
#3170 = DEFINITIONAL_REPRESENTATION('',(#3171),#3174);
#3171 = B_SPLINE_CURVE_WITH_KNOTS('',1,(#3172,#3173),.UNSPECIFIED.,.F.,
  .F.,(2,2),(-12.68383101166,-10.96783101166),.PIECEWISE_BEZIER_KNOTS.);
#3172 = CARTESIAN_POINT('',(61.642096541788,-24.286));
#3173 = CARTESIAN_POINT('',(61.642096541788,-22.57));
#3174 = ( GEOMETRIC_REPRESENTATION_CONTEXT(2) 
PARAMETRIC_REPRESENTATION_CONTEXT() REPRESENTATION_CONTEXT('2D SPACE',''
  ) );
#3175 = PCURVE('',#1895,#3176);
#3176 = DEFINITIONAL_REPRESENTATION('',(#3177),#3180);
#3177 = B_SPLINE_CURVE_WITH_KNOTS('',1,(#3178,#3179),.UNSPECIFIED.,.F.,
  .F.,(2,2),(-12.68383101166,-10.96783101166),.PIECEWISE_BEZIER_KNOTS.);
#3178 = CARTESIAN_POINT('',(-1.081662023335,0.598285056616));
#3179 = CARTESIAN_POINT('',(0.634337976665,0.598285056616));
#3180 = ( GEOMETRIC_REPRESENTATION_CONTEXT(2) 
PARAMETRIC_REPRESENTATION_CONTEXT() REPRESENTATION_CONTEXT('2D SPACE',''
  ) );
#3181 = ADVANCED_FACE('',(#3182),#621,.F.);
#3182 = FACE_BOUND('',#3183,.F.);
#3183 = EDGE_LOOP('',(#3184,#3185,#3206,#3207));
#3184 = ORIENTED_EDGE('',*,*,#1688,.T.);
#3185 = ORIENTED_EDGE('',*,*,#3186,.T.);
#3186 = EDGE_CURVE('',#1668,#581,#3187,.T.);
#3187 = SURFACE_CURVE('',#3188,(#3192,#3199),.PCURVE_S1.);
#3188 = LINE('',#3189,#3190);
#3189 = CARTESIAN_POINT('',(17.,14.869256880829,-35.46458787126));
#3190 = VECTOR('',#3191,1.);
#3191 = DIRECTION('',(0.,0.906307787037,0.422618261741));
#3192 = PCURVE('',#621,#3193);
#3193 = DEFINITIONAL_REPRESENTATION('',(#3194),#3198);
#3194 = LINE('',#3195,#3196);
#3195 = CARTESIAN_POINT('',(18.793852415718,6.840402866513));
#3196 = VECTOR('',#3197,1.);
#3197 = DIRECTION('',(-0.906307787037,0.422618261741));
#3198 = ( GEOMETRIC_REPRESENTATION_CONTEXT(2) 
PARAMETRIC_REPRESENTATION_CONTEXT() REPRESENTATION_CONTEXT('2D SPACE',''
  ) );
#3199 = PCURVE('',#595,#3200);
#3200 = DEFINITIONAL_REPRESENTATION('',(#3201),#3205);
#3201 = LINE('',#3202,#3203);
#3202 = CARTESIAN_POINT('',(0.,-16.45));
#3203 = VECTOR('',#3204,1.);
#3204 = DIRECTION('',(1.,0.));
#3205 = ( GEOMETRIC_REPRESENTATION_CONTEXT(2) 
PARAMETRIC_REPRESENTATION_CONTEXT() REPRESENTATION_CONTEXT('2D SPACE',''
  ) );
#3206 = ORIENTED_EDGE('',*,*,#606,.F.);
#3207 = ORIENTED_EDGE('',*,*,#3095,.T.);
#3208 = ADVANCED_FACE('',(#3209),#595,.T.);
#3209 = FACE_BOUND('',#3210,.T.);
#3210 = EDGE_LOOP('',(#3211,#3232,#3260,#3279,#3280,#3281));
#3211 = ORIENTED_EDGE('',*,*,#3212,.F.);
#3212 = EDGE_CURVE('',#3213,#553,#3215,.T.);
#3213 = VERTEX_POINT('',#3214);
#3214 = CARTESIAN_POINT('',(23.45,14.869256880829,-35.46458787126));
#3215 = SURFACE_CURVE('',#3216,(#3220,#3226),.PCURVE_S1.);
#3216 = LINE('',#3217,#3218);
#3217 = CARTESIAN_POINT('',(23.45,15.785553024078,-35.03731196253));
#3218 = VECTOR('',#3219,1.);
#3219 = DIRECTION('',(0.,0.906307787037,0.422618261741));
#3220 = PCURVE('',#595,#3221);
#3221 = DEFINITIONAL_REPRESENTATION('',(#3222),#3225);
#3222 = B_SPLINE_CURVE_WITH_KNOTS('',1,(#3223,#3224),.UNSPECIFIED.,.F.,
  .F.,(2,2),(-1.011020931691,4.37428325413),.PIECEWISE_BEZIER_KNOTS.);
#3223 = CARTESIAN_POINT('',(0.,-10.));
#3224 = CARTESIAN_POINT('',(5.385304185821,-10.));
#3225 = ( GEOMETRIC_REPRESENTATION_CONTEXT(2) 
PARAMETRIC_REPRESENTATION_CONTEXT() REPRESENTATION_CONTEXT('2D SPACE',''
  ) );
#3226 = PCURVE('',#568,#3227);
#3227 = DEFINITIONAL_REPRESENTATION('',(#3228),#3231);
#3228 = B_SPLINE_CURVE_WITH_KNOTS('',1,(#3229,#3230),.UNSPECIFIED.,.F.,
  .F.,(2,2),(-1.011020931691,4.37428325413),.PIECEWISE_BEZIER_KNOTS.);
#3229 = CARTESIAN_POINT('',(0.535412128734,2.480743119171));
#3230 = CARTESIAN_POINT('',(2.811340022691,-2.4));
#3231 = ( GEOMETRIC_REPRESENTATION_CONTEXT(2) 
PARAMETRIC_REPRESENTATION_CONTEXT() REPRESENTATION_CONTEXT('2D SPACE',''
  ) );
#3232 = ORIENTED_EDGE('',*,*,#3233,.T.);
#3233 = EDGE_CURVE('',#3213,#3234,#3236,.T.);
#3234 = VERTEX_POINT('',#3235);
#3235 = CARTESIAN_POINT('',(20.45,14.869256880829,-35.46458787126));
#3236 = SURFACE_CURVE('',#3237,(#3241,#3248),.PCURVE_S1.);
#3237 = LINE('',#3238,#3239);
#3238 = CARTESIAN_POINT('',(33.45,14.869256880829,-35.46458787126));
#3239 = VECTOR('',#3240,1.);
#3240 = DIRECTION('',(-1.,0.,0.));
#3241 = PCURVE('',#595,#3242);
#3242 = DEFINITIONAL_REPRESENTATION('',(#3243),#3247);
#3243 = LINE('',#3244,#3245);
#3244 = CARTESIAN_POINT('',(0.,0.));
#3245 = VECTOR('',#3246,1.);
#3246 = DIRECTION('',(0.,-1.));
#3247 = ( GEOMETRIC_REPRESENTATION_CONTEXT(2) 
PARAMETRIC_REPRESENTATION_CONTEXT() REPRESENTATION_CONTEXT('2D SPACE',''
  ) );
#3248 = PCURVE('',#3249,#3254);
#3249 = PLANE('',#3250);
#3250 = AXIS2_PLACEMENT_3D('',#3251,#3252,#3253);
#3251 = CARTESIAN_POINT('',(33.45,31.773987350457,-71.71689935273));
#3252 = DIRECTION('',(0.,0.906307787037,0.422618261741));
#3253 = DIRECTION('',(0.,-0.422618261741,0.906307787037));
#3254 = DEFINITIONAL_REPRESENTATION('',(#3255),#3259);
#3255 = LINE('',#3256,#3257);
#3256 = CARTESIAN_POINT('',(40.,0.));
#3257 = VECTOR('',#3258,1.);
#3258 = DIRECTION('',(0.,-1.));
#3259 = ( GEOMETRIC_REPRESENTATION_CONTEXT(2) 
PARAMETRIC_REPRESENTATION_CONTEXT() REPRESENTATION_CONTEXT('2D SPACE',''
  ) );
#3260 = ORIENTED_EDGE('',*,*,#3261,.T.);
#3261 = EDGE_CURVE('',#3234,#1641,#3262,.T.);
#3262 = SURFACE_CURVE('',#3263,(#3267,#3273),.PCURVE_S1.);
#3263 = LINE('',#3264,#3265);
#3264 = CARTESIAN_POINT('',(20.45,1.308487213715,-41.78807861751));
#3265 = VECTOR('',#3266,1.);
#3266 = DIRECTION('',(0.,0.906307787037,0.422618261741));
#3267 = PCURVE('',#595,#3268);
#3268 = DEFINITIONAL_REPRESENTATION('',(#3269),#3272);
#3269 = B_SPLINE_CURVE_WITH_KNOTS('',1,(#3270,#3271),.UNSPECIFIED.,.F.,
  .F.,(2,2),(14.96265381483,17.699850995141),.PIECEWISE_BEZIER_KNOTS.);
#3270 = CARTESIAN_POINT('',(0.,-13.));
#3271 = CARTESIAN_POINT('',(2.737197180311,-13.));
#3272 = ( GEOMETRIC_REPRESENTATION_CONTEXT(2) 
PARAMETRIC_REPRESENTATION_CONTEXT() REPRESENTATION_CONTEXT('2D SPACE',''
  ) );
#3273 = PCURVE('',#1655,#3274);
#3274 = DEFINITIONAL_REPRESENTATION('',(#3275),#3278);
#3275 = B_SPLINE_CURVE_WITH_KNOTS('',1,(#3276,#3277),.UNSPECIFIED.,.F.,
  .F.,(2,2),(14.96265381483,17.699850995141),.PIECEWISE_BEZIER_KNOTS.);
#3276 = CARTESIAN_POINT('',(0.535412128734,-32.76925688082));
#3277 = CARTESIAN_POINT('',(1.692201643119,-35.25));
#3278 = ( GEOMETRIC_REPRESENTATION_CONTEXT(2) 
PARAMETRIC_REPRESENTATION_CONTEXT() REPRESENTATION_CONTEXT('2D SPACE',''
  ) );
#3279 = ORIENTED_EDGE('',*,*,#1667,.T.);
#3280 = ORIENTED_EDGE('',*,*,#3186,.T.);
#3281 = ORIENTED_EDGE('',*,*,#580,.F.);
#3282 = ADVANCED_FACE('',(#3283,#3684,#3715,#3746,#3777,#3808),#568,.T.
  );
#3283 = FACE_BOUND('',#3284,.T.);
#3284 = EDGE_LOOP('',(#3285,#3306,#3307,#3328,#3354,#3382,#3410,#3438,
    #3466,#3494,#3523,#3551,#3579,#3607,#3635,#3663,#3682,#3683));
#3285 = ORIENTED_EDGE('',*,*,#3286,.F.);
#3286 = EDGE_CURVE('',#1363,#525,#3287,.T.);
#3287 = SURFACE_CURVE('',#3288,(#3292,#3299),.PCURVE_S1.);
#3288 = LINE('',#3289,#3290);
#3289 = CARTESIAN_POINT('',(23.45,-17.9,-25.05));
#3290 = VECTOR('',#3291,1.);
#3291 = DIRECTION('',(0.,1.,0.));
#3292 = PCURVE('',#568,#3293);
#3293 = DEFINITIONAL_REPRESENTATION('',(#3294),#3298);
#3294 = LINE('',#3295,#3296);
#3295 = CARTESIAN_POINT('',(10.95,35.25));
#3296 = VECTOR('',#3297,1.);
#3297 = DIRECTION('',(0.,-1.));
#3298 = ( GEOMETRIC_REPRESENTATION_CONTEXT(2) 
PARAMETRIC_REPRESENTATION_CONTEXT() REPRESENTATION_CONTEXT('2D SPACE',''
  ) );
#3299 = PCURVE('',#540,#3300);
#3300 = DEFINITIONAL_REPRESENTATION('',(#3301),#3305);
#3301 = LINE('',#3302,#3303);
#3302 = CARTESIAN_POINT('',(38.61,-35.25));
#3303 = VECTOR('',#3304,1.);
#3304 = DIRECTION('',(0.,1.));
#3305 = ( GEOMETRIC_REPRESENTATION_CONTEXT(2) 
PARAMETRIC_REPRESENTATION_CONTEXT() REPRESENTATION_CONTEXT('2D SPACE',''
  ) );
#3306 = ORIENTED_EDGE('',*,*,#1385,.F.);
#3307 = ORIENTED_EDGE('',*,*,#3308,.T.);
#3308 = EDGE_CURVE('',#1386,#3309,#3311,.T.);
#3309 = VERTEX_POINT('',#3310);
#3310 = CARTESIAN_POINT('',(23.45,-14.86925688082,-35.46458787126));
#3311 = SURFACE_CURVE('',#3312,(#3316,#3322),.PCURVE_S1.);
#3312 = LINE('',#3313,#3314);
#3313 = CARTESIAN_POINT('',(23.45,-1.534370510047,-41.68274750658));
#3314 = VECTOR('',#3315,1.);
#3315 = DIRECTION('',(-0.,0.906307787037,-0.422618261741));
#3316 = PCURVE('',#568,#3317);
#3317 = DEFINITIONAL_REPRESENTATION('',(#3318),#3321);
#3318 = B_SPLINE_CURVE_WITH_KNOTS('',1,(#3319,#3320),.UNSPECIFIED.,.F.,
  .F.,(2,2),(-18.05747420913,-14.71341917339),.PIECEWISE_BEZIER_KNOTS.);
#3319 = CARTESIAN_POINT('',(1.948670855104,35.25));
#3320 = CARTESIAN_POINT('',(0.535412128734,32.219256880829));
#3321 = ( GEOMETRIC_REPRESENTATION_CONTEXT(2) 
PARAMETRIC_REPRESENTATION_CONTEXT() REPRESENTATION_CONTEXT('2D SPACE',''
  ) );
#3322 = PCURVE('',#1423,#3323);
#3323 = DEFINITIONAL_REPRESENTATION('',(#3324),#3327);
#3324 = B_SPLINE_CURVE_WITH_KNOTS('',1,(#3325,#3326),.UNSPECIFIED.,.F.,
  .F.,(2,2),(-18.05747420913,-14.71341917339),.PIECEWISE_BEZIER_KNOTS.);
#3325 = CARTESIAN_POINT('',(3.34405503574,-6.45));
#3326 = CARTESIAN_POINT('',(0.,-6.45));
#3327 = ( GEOMETRIC_REPRESENTATION_CONTEXT(2) 
PARAMETRIC_REPRESENTATION_CONTEXT() REPRESENTATION_CONTEXT('2D SPACE',''
  ) );
#3328 = ORIENTED_EDGE('',*,*,#3329,.T.);
#3329 = EDGE_CURVE('',#3309,#3330,#3332,.T.);
#3330 = VERTEX_POINT('',#3331);
#3331 = CARTESIAN_POINT('',(23.45,-15.5,-36.81722085539));
#3332 = SURFACE_CURVE('',#3333,(#3337,#3343),.PCURVE_S1.);
#3333 = LINE('',#3334,#3335);
#3334 = CARTESIAN_POINT('',(23.45,-20.54688004601,-47.64029004104));
#3335 = VECTOR('',#3336,1.);
#3336 = DIRECTION('',(0.,-0.422618261741,-0.906307787037));
#3337 = PCURVE('',#568,#3338);
#3338 = DEFINITIONAL_REPRESENTATION('',(#3339),#3342);
#3339 = B_SPLINE_CURVE_WITH_KNOTS('',1,(#3340,#3341),.UNSPECIFIED.,.F.,
  .F.,(2,2),(-13.43440092199,-6.263051755286),.PIECEWISE_BEZIER_KNOTS.);
#3340 = CARTESIAN_POINT('',(0.535412128734,32.219256880829));
#3341 = CARTESIAN_POINT('',(-5.964037464614,35.25));
#3342 = ( GEOMETRIC_REPRESENTATION_CONTEXT(2) 
PARAMETRIC_REPRESENTATION_CONTEXT() REPRESENTATION_CONTEXT('2D SPACE',''
  ) );
#3343 = PCURVE('',#3344,#3349);
#3344 = PLANE('',#3345);
#3345 = AXIS2_PLACEMENT_3D('',#3346,#3347,#3348);
#3346 = CARTESIAN_POINT('',(17.,-31.77398735045,-71.71689935273));
#3347 = DIRECTION('',(0.,-0.906307787037,0.422618261741));
#3348 = DIRECTION('',(0.,0.422618261741,0.906307787037));
#3349 = DEFINITIONAL_REPRESENTATION('',(#3350),#3353);
#3350 = B_SPLINE_CURVE_WITH_KNOTS('',1,(#3351,#3352),.UNSPECIFIED.,.F.,
  .F.,(2,2),(-13.43440092199,-6.263051755286),.PIECEWISE_BEZIER_KNOTS.);
#3351 = CARTESIAN_POINT('',(40.,-6.45));
#3352 = CARTESIAN_POINT('',(32.82865083329,-6.45));
#3353 = ( GEOMETRIC_REPRESENTATION_CONTEXT(2) 
PARAMETRIC_REPRESENTATION_CONTEXT() REPRESENTATION_CONTEXT('2D SPACE',''
  ) );
#3354 = ORIENTED_EDGE('',*,*,#3355,.F.);
#3355 = EDGE_CURVE('',#3356,#3330,#3358,.T.);
#3356 = VERTEX_POINT('',#3357);
#3357 = CARTESIAN_POINT('',(23.45,-15.5,-39.2));
#3358 = SURFACE_CURVE('',#3359,(#3363,#3370),.PCURVE_S1.);
#3359 = LINE('',#3360,#3361);
#3360 = CARTESIAN_POINT('',(23.45,-15.5,-39.2));
#3361 = VECTOR('',#3362,1.);
#3362 = DIRECTION('',(0.,0.,1.));
#3363 = PCURVE('',#568,#3364);
#3364 = DEFINITIONAL_REPRESENTATION('',(#3365),#3369);
#3365 = LINE('',#3366,#3367);
#3366 = CARTESIAN_POINT('',(-3.2,32.85));
#3367 = VECTOR('',#3368,1.);
#3368 = DIRECTION('',(1.,0.));
#3369 = ( GEOMETRIC_REPRESENTATION_CONTEXT(2) 
PARAMETRIC_REPRESENTATION_CONTEXT() REPRESENTATION_CONTEXT('2D SPACE',''
  ) );
#3370 = PCURVE('',#3371,#3376);
#3371 = PLANE('',#3372);
#3372 = AXIS2_PLACEMENT_3D('',#3373,#3374,#3375);
#3373 = CARTESIAN_POINT('',(-19.8,-15.5,-39.2));
#3374 = DIRECTION('',(-0.,1.,0.));
#3375 = DIRECTION('',(0.,0.,1.));
#3376 = DEFINITIONAL_REPRESENTATION('',(#3377),#3381);
#3377 = LINE('',#3378,#3379);
#3378 = CARTESIAN_POINT('',(0.,43.25));
#3379 = VECTOR('',#3380,1.);
#3380 = DIRECTION('',(1.,0.));
#3381 = ( GEOMETRIC_REPRESENTATION_CONTEXT(2) 
PARAMETRIC_REPRESENTATION_CONTEXT() REPRESENTATION_CONTEXT('2D SPACE',''
  ) );
#3382 = ORIENTED_EDGE('',*,*,#3383,.T.);
#3383 = EDGE_CURVE('',#3356,#3384,#3386,.T.);
#3384 = VERTEX_POINT('',#3385);
#3385 = CARTESIAN_POINT('',(23.45,-14.5,-39.2));
#3386 = SURFACE_CURVE('',#3387,(#3391,#3398),.PCURVE_S1.);
#3387 = LINE('',#3388,#3389);
#3388 = CARTESIAN_POINT('',(23.45,-15.5,-39.2));
#3389 = VECTOR('',#3390,1.);
#3390 = DIRECTION('',(-0.,1.,0.));
#3391 = PCURVE('',#568,#3392);
#3392 = DEFINITIONAL_REPRESENTATION('',(#3393),#3397);
#3393 = LINE('',#3394,#3395);
#3394 = CARTESIAN_POINT('',(-3.2,32.85));
#3395 = VECTOR('',#3396,1.);
#3396 = DIRECTION('',(0.,-1.));
#3397 = ( GEOMETRIC_REPRESENTATION_CONTEXT(2) 
PARAMETRIC_REPRESENTATION_CONTEXT() REPRESENTATION_CONTEXT('2D SPACE',''
  ) );
#3398 = PCURVE('',#3399,#3404);
#3399 = PLANE('',#3400);
#3400 = AXIS2_PLACEMENT_3D('',#3401,#3402,#3403);
#3401 = CARTESIAN_POINT('',(-19.8,-15.5,-39.2));
#3402 = DIRECTION('',(0.,0.,1.));
#3403 = DIRECTION('',(1.,0.,-0.));
#3404 = DEFINITIONAL_REPRESENTATION('',(#3405),#3409);
#3405 = LINE('',#3406,#3407);
#3406 = CARTESIAN_POINT('',(43.25,0.));
#3407 = VECTOR('',#3408,1.);
#3408 = DIRECTION('',(0.,1.));
#3409 = ( GEOMETRIC_REPRESENTATION_CONTEXT(2) 
PARAMETRIC_REPRESENTATION_CONTEXT() REPRESENTATION_CONTEXT('2D SPACE',''
  ) );
#3410 = ORIENTED_EDGE('',*,*,#3411,.T.);
#3411 = EDGE_CURVE('',#3384,#3412,#3414,.T.);
#3412 = VERTEX_POINT('',#3413);
#3413 = CARTESIAN_POINT('',(23.45,-12.,-41.7));
#3414 = SURFACE_CURVE('',#3415,(#3419,#3426),.PCURVE_S1.);
#3415 = LINE('',#3416,#3417);
#3416 = CARTESIAN_POINT('',(23.45,-14.5,-39.2));
#3417 = VECTOR('',#3418,1.);
#3418 = DIRECTION('',(0.,0.707106781187,-0.707106781187));
#3419 = PCURVE('',#568,#3420);
#3420 = DEFINITIONAL_REPRESENTATION('',(#3421),#3425);
#3421 = LINE('',#3422,#3423);
#3422 = CARTESIAN_POINT('',(-3.2,31.85));
#3423 = VECTOR('',#3424,1.);
#3424 = DIRECTION('',(-0.707106781187,-0.707106781187));
#3425 = ( GEOMETRIC_REPRESENTATION_CONTEXT(2) 
PARAMETRIC_REPRESENTATION_CONTEXT() REPRESENTATION_CONTEXT('2D SPACE',''
  ) );
#3426 = PCURVE('',#3427,#3432);
#3427 = PLANE('',#3428);
#3428 = AXIS2_PLACEMENT_3D('',#3429,#3430,#3431);
#3429 = CARTESIAN_POINT('',(20.45,-14.5,-39.2));
#3430 = DIRECTION('',(-0.,0.707106781187,0.707106781187));
#3431 = DIRECTION('',(0.,0.707106781187,-0.707106781187));
#3432 = DEFINITIONAL_REPRESENTATION('',(#3433),#3437);
#3433 = LINE('',#3434,#3435);
#3434 = CARTESIAN_POINT('',(0.,-3.));
#3435 = VECTOR('',#3436,1.);
#3436 = DIRECTION('',(1.,0.));
#3437 = ( GEOMETRIC_REPRESENTATION_CONTEXT(2) 
PARAMETRIC_REPRESENTATION_CONTEXT() REPRESENTATION_CONTEXT('2D SPACE',''
  ) );
#3438 = ORIENTED_EDGE('',*,*,#3439,.T.);
#3439 = EDGE_CURVE('',#3412,#3440,#3442,.T.);
#3440 = VERTEX_POINT('',#3441);
#3441 = CARTESIAN_POINT('',(23.45,-12.,-58.));
#3442 = SURFACE_CURVE('',#3443,(#3447,#3454),.PCURVE_S1.);
#3443 = LINE('',#3444,#3445);
#3444 = CARTESIAN_POINT('',(23.45,-12.,-41.7));
#3445 = VECTOR('',#3446,1.);
#3446 = DIRECTION('',(0.,0.,-1.));
#3447 = PCURVE('',#568,#3448);
#3448 = DEFINITIONAL_REPRESENTATION('',(#3449),#3453);
#3449 = LINE('',#3450,#3451);
#3450 = CARTESIAN_POINT('',(-5.7,29.35));
#3451 = VECTOR('',#3452,1.);
#3452 = DIRECTION('',(-1.,0.));
#3453 = ( GEOMETRIC_REPRESENTATION_CONTEXT(2) 
PARAMETRIC_REPRESENTATION_CONTEXT() REPRESENTATION_CONTEXT('2D SPACE',''
  ) );
#3454 = PCURVE('',#3455,#3460);
#3455 = PLANE('',#3456);
#3456 = AXIS2_PLACEMENT_3D('',#3457,#3458,#3459);
#3457 = CARTESIAN_POINT('',(20.45,-12.,-41.7));
#3458 = DIRECTION('',(-0.,1.,0.));
#3459 = DIRECTION('',(0.,0.,-1.));
#3460 = DEFINITIONAL_REPRESENTATION('',(#3461),#3465);
#3461 = LINE('',#3462,#3463);
#3462 = CARTESIAN_POINT('',(0.,-3.));
#3463 = VECTOR('',#3464,1.);
#3464 = DIRECTION('',(1.,0.));
#3465 = ( GEOMETRIC_REPRESENTATION_CONTEXT(2) 
PARAMETRIC_REPRESENTATION_CONTEXT() REPRESENTATION_CONTEXT('2D SPACE',''
  ) );
#3466 = ORIENTED_EDGE('',*,*,#3467,.T.);
#3467 = EDGE_CURVE('',#3440,#3468,#3470,.T.);
#3468 = VERTEX_POINT('',#3469);
#3469 = CARTESIAN_POINT('',(23.45,-10.,-58.));
#3470 = SURFACE_CURVE('',#3471,(#3475,#3482),.PCURVE_S1.);
#3471 = LINE('',#3472,#3473);
#3472 = CARTESIAN_POINT('',(23.45,-12.,-58.));
#3473 = VECTOR('',#3474,1.);
#3474 = DIRECTION('',(0.,1.,0.));
#3475 = PCURVE('',#568,#3476);
#3476 = DEFINITIONAL_REPRESENTATION('',(#3477),#3481);
#3477 = LINE('',#3478,#3479);
#3478 = CARTESIAN_POINT('',(-22.,29.35));
#3479 = VECTOR('',#3480,1.);
#3480 = DIRECTION('',(0.,-1.));
#3481 = ( GEOMETRIC_REPRESENTATION_CONTEXT(2) 
PARAMETRIC_REPRESENTATION_CONTEXT() REPRESENTATION_CONTEXT('2D SPACE',''
  ) );
#3482 = PCURVE('',#3483,#3488);
#3483 = PLANE('',#3484);
#3484 = AXIS2_PLACEMENT_3D('',#3485,#3486,#3487);
#3485 = CARTESIAN_POINT('',(20.45,-12.,-58.));
#3486 = DIRECTION('',(0.,0.,1.));
#3487 = DIRECTION('',(0.,1.,0.));
#3488 = DEFINITIONAL_REPRESENTATION('',(#3489),#3493);
#3489 = LINE('',#3490,#3491);
#3490 = CARTESIAN_POINT('',(0.,-3.));
#3491 = VECTOR('',#3492,1.);
#3492 = DIRECTION('',(1.,0.));
#3493 = ( GEOMETRIC_REPRESENTATION_CONTEXT(2) 
PARAMETRIC_REPRESENTATION_CONTEXT() REPRESENTATION_CONTEXT('2D SPACE',''
  ) );
#3494 = ORIENTED_EDGE('',*,*,#3495,.T.);
#3495 = EDGE_CURVE('',#3468,#3496,#3498,.T.);
#3496 = VERTEX_POINT('',#3497);
#3497 = CARTESIAN_POINT('',(23.45,10.,-58.));
#3498 = SURFACE_CURVE('',#3499,(#3504,#3511),.PCURVE_S1.);
#3499 = CIRCLE('',#3500,10.);
#3500 = AXIS2_PLACEMENT_3D('',#3501,#3502,#3503);
#3501 = CARTESIAN_POINT('',(23.45,0.,-58.));
#3502 = DIRECTION('',(1.,4.038967834732E-30,3.552713678801E-16));
#3503 = DIRECTION('',(0.,-1.,1.136868377216E-14));
#3504 = PCURVE('',#568,#3505);
#3505 = DEFINITIONAL_REPRESENTATION('',(#3506),#3510);
#3506 = CIRCLE('',#3507,10.);
#3507 = AXIS2_PLACEMENT_2D('',#3508,#3509);
#3508 = CARTESIAN_POINT('',(-22.,17.35));
#3509 = DIRECTION('',(1.136868377216E-14,1.));
#3510 = ( GEOMETRIC_REPRESENTATION_CONTEXT(2) 
PARAMETRIC_REPRESENTATION_CONTEXT() REPRESENTATION_CONTEXT('2D SPACE',''
  ) );
#3511 = PCURVE('',#3512,#3517);
#3512 = CYLINDRICAL_SURFACE('',#3513,10.);
#3513 = AXIS2_PLACEMENT_3D('',#3514,#3515,#3516);
#3514 = CARTESIAN_POINT('',(20.45,0.,-58.));
#3515 = DIRECTION('',(1.,0.,2.22044604925E-16));
#3516 = DIRECTION('',(2.22044604925E-16,0.,-1.));
#3517 = DEFINITIONAL_REPRESENTATION('',(#3518),#3522);
#3518 = LINE('',#3519,#3520);
#3519 = CARTESIAN_POINT('',(4.712388980385,3.));
#3520 = VECTOR('',#3521,1.);
#3521 = DIRECTION('',(1.,0.));
#3522 = ( GEOMETRIC_REPRESENTATION_CONTEXT(2) 
PARAMETRIC_REPRESENTATION_CONTEXT() REPRESENTATION_CONTEXT('2D SPACE',''
  ) );
#3523 = ORIENTED_EDGE('',*,*,#3524,.T.);
#3524 = EDGE_CURVE('',#3496,#3525,#3527,.T.);
#3525 = VERTEX_POINT('',#3526);
#3526 = CARTESIAN_POINT('',(23.45,12.,-58.));
#3527 = SURFACE_CURVE('',#3528,(#3532,#3539),.PCURVE_S1.);
#3528 = LINE('',#3529,#3530);
#3529 = CARTESIAN_POINT('',(23.45,-12.,-58.));
#3530 = VECTOR('',#3531,1.);
#3531 = DIRECTION('',(0.,1.,0.));
#3532 = PCURVE('',#568,#3533);
#3533 = DEFINITIONAL_REPRESENTATION('',(#3534),#3538);
#3534 = LINE('',#3535,#3536);
#3535 = CARTESIAN_POINT('',(-22.,29.35));
#3536 = VECTOR('',#3537,1.);
#3537 = DIRECTION('',(0.,-1.));
#3538 = ( GEOMETRIC_REPRESENTATION_CONTEXT(2) 
PARAMETRIC_REPRESENTATION_CONTEXT() REPRESENTATION_CONTEXT('2D SPACE',''
  ) );
#3539 = PCURVE('',#3540,#3545);
#3540 = PLANE('',#3541);
#3541 = AXIS2_PLACEMENT_3D('',#3542,#3543,#3544);
#3542 = CARTESIAN_POINT('',(20.45,-12.,-58.));
#3543 = DIRECTION('',(0.,0.,1.));
#3544 = DIRECTION('',(0.,1.,0.));
#3545 = DEFINITIONAL_REPRESENTATION('',(#3546),#3550);
#3546 = LINE('',#3547,#3548);
#3547 = CARTESIAN_POINT('',(0.,-3.));
#3548 = VECTOR('',#3549,1.);
#3549 = DIRECTION('',(1.,0.));
#3550 = ( GEOMETRIC_REPRESENTATION_CONTEXT(2) 
PARAMETRIC_REPRESENTATION_CONTEXT() REPRESENTATION_CONTEXT('2D SPACE',''
  ) );
#3551 = ORIENTED_EDGE('',*,*,#3552,.T.);
#3552 = EDGE_CURVE('',#3525,#3553,#3555,.T.);
#3553 = VERTEX_POINT('',#3554);
#3554 = CARTESIAN_POINT('',(23.45,12.,-41.7));
#3555 = SURFACE_CURVE('',#3556,(#3560,#3567),.PCURVE_S1.);
#3556 = LINE('',#3557,#3558);
#3557 = CARTESIAN_POINT('',(23.45,12.,-58.));
#3558 = VECTOR('',#3559,1.);
#3559 = DIRECTION('',(0.,0.,1.));
#3560 = PCURVE('',#568,#3561);
#3561 = DEFINITIONAL_REPRESENTATION('',(#3562),#3566);
#3562 = LINE('',#3563,#3564);
#3563 = CARTESIAN_POINT('',(-22.,5.35));
#3564 = VECTOR('',#3565,1.);
#3565 = DIRECTION('',(1.,0.));
#3566 = ( GEOMETRIC_REPRESENTATION_CONTEXT(2) 
PARAMETRIC_REPRESENTATION_CONTEXT() REPRESENTATION_CONTEXT('2D SPACE',''
  ) );
#3567 = PCURVE('',#3568,#3573);
#3568 = PLANE('',#3569);
#3569 = AXIS2_PLACEMENT_3D('',#3570,#3571,#3572);
#3570 = CARTESIAN_POINT('',(20.45,12.,-58.));
#3571 = DIRECTION('',(0.,-1.,0.));
#3572 = DIRECTION('',(0.,0.,1.));
#3573 = DEFINITIONAL_REPRESENTATION('',(#3574),#3578);
#3574 = LINE('',#3575,#3576);
#3575 = CARTESIAN_POINT('',(0.,-3.));
#3576 = VECTOR('',#3577,1.);
#3577 = DIRECTION('',(1.,0.));
#3578 = ( GEOMETRIC_REPRESENTATION_CONTEXT(2) 
PARAMETRIC_REPRESENTATION_CONTEXT() REPRESENTATION_CONTEXT('2D SPACE',''
  ) );
#3579 = ORIENTED_EDGE('',*,*,#3580,.T.);
#3580 = EDGE_CURVE('',#3553,#3581,#3583,.T.);
#3581 = VERTEX_POINT('',#3582);
#3582 = CARTESIAN_POINT('',(23.45,14.5,-39.2));
#3583 = SURFACE_CURVE('',#3584,(#3588,#3595),.PCURVE_S1.);
#3584 = LINE('',#3585,#3586);
#3585 = CARTESIAN_POINT('',(23.45,12.,-41.7));
#3586 = VECTOR('',#3587,1.);
#3587 = DIRECTION('',(0.,0.707106781187,0.707106781187));
#3588 = PCURVE('',#568,#3589);
#3589 = DEFINITIONAL_REPRESENTATION('',(#3590),#3594);
#3590 = LINE('',#3591,#3592);
#3591 = CARTESIAN_POINT('',(-5.7,5.35));
#3592 = VECTOR('',#3593,1.);
#3593 = DIRECTION('',(0.707106781187,-0.707106781187));
#3594 = ( GEOMETRIC_REPRESENTATION_CONTEXT(2) 
PARAMETRIC_REPRESENTATION_CONTEXT() REPRESENTATION_CONTEXT('2D SPACE',''
  ) );
#3595 = PCURVE('',#3596,#3601);
#3596 = PLANE('',#3597);
#3597 = AXIS2_PLACEMENT_3D('',#3598,#3599,#3600);
#3598 = CARTESIAN_POINT('',(20.45,12.,-41.7));
#3599 = DIRECTION('',(0.,-0.707106781187,0.707106781187));
#3600 = DIRECTION('',(0.,0.707106781187,0.707106781187));
#3601 = DEFINITIONAL_REPRESENTATION('',(#3602),#3606);
#3602 = LINE('',#3603,#3604);
#3603 = CARTESIAN_POINT('',(0.,-3.));
#3604 = VECTOR('',#3605,1.);
#3605 = DIRECTION('',(1.,0.));
#3606 = ( GEOMETRIC_REPRESENTATION_CONTEXT(2) 
PARAMETRIC_REPRESENTATION_CONTEXT() REPRESENTATION_CONTEXT('2D SPACE',''
  ) );
#3607 = ORIENTED_EDGE('',*,*,#3608,.T.);
#3608 = EDGE_CURVE('',#3581,#3609,#3611,.T.);
#3609 = VERTEX_POINT('',#3610);
#3610 = CARTESIAN_POINT('',(23.45,14.5,-36.));
#3611 = SURFACE_CURVE('',#3612,(#3616,#3623),.PCURVE_S1.);
#3612 = LINE('',#3613,#3614);
#3613 = CARTESIAN_POINT('',(23.45,14.5,-39.2));
#3614 = VECTOR('',#3615,1.);
#3615 = DIRECTION('',(0.,0.,1.));
#3616 = PCURVE('',#568,#3617);
#3617 = DEFINITIONAL_REPRESENTATION('',(#3618),#3622);
#3618 = LINE('',#3619,#3620);
#3619 = CARTESIAN_POINT('',(-3.2,2.85));
#3620 = VECTOR('',#3621,1.);
#3621 = DIRECTION('',(1.,0.));
#3622 = ( GEOMETRIC_REPRESENTATION_CONTEXT(2) 
PARAMETRIC_REPRESENTATION_CONTEXT() REPRESENTATION_CONTEXT('2D SPACE',''
  ) );
#3623 = PCURVE('',#3624,#3629);
#3624 = PLANE('',#3625);
#3625 = AXIS2_PLACEMENT_3D('',#3626,#3627,#3628);
#3626 = CARTESIAN_POINT('',(20.45,14.5,-39.2));
#3627 = DIRECTION('',(0.,-1.,0.));
#3628 = DIRECTION('',(0.,0.,1.));
#3629 = DEFINITIONAL_REPRESENTATION('',(#3630),#3634);
#3630 = LINE('',#3631,#3632);
#3631 = CARTESIAN_POINT('',(0.,-3.));
#3632 = VECTOR('',#3633,1.);
#3633 = DIRECTION('',(1.,0.));
#3634 = ( GEOMETRIC_REPRESENTATION_CONTEXT(2) 
PARAMETRIC_REPRESENTATION_CONTEXT() REPRESENTATION_CONTEXT('2D SPACE',''
  ) );
#3635 = ORIENTED_EDGE('',*,*,#3636,.F.);
#3636 = EDGE_CURVE('',#3637,#3609,#3639,.T.);
#3637 = VERTEX_POINT('',#3638);
#3638 = CARTESIAN_POINT('',(23.45,15.118923656727,-36.));
#3639 = SURFACE_CURVE('',#3640,(#3644,#3651),.PCURVE_S1.);
#3640 = LINE('',#3641,#3642);
#3641 = CARTESIAN_POINT('',(23.45,19.75,-36.));
#3642 = VECTOR('',#3643,1.);
#3643 = DIRECTION('',(0.,-1.,0.));
#3644 = PCURVE('',#568,#3645);
#3645 = DEFINITIONAL_REPRESENTATION('',(#3646),#3650);
#3646 = LINE('',#3647,#3648);
#3647 = CARTESIAN_POINT('',(0.,-2.4));
#3648 = VECTOR('',#3649,1.);
#3649 = DIRECTION('',(0.,1.));
#3650 = ( GEOMETRIC_REPRESENTATION_CONTEXT(2) 
PARAMETRIC_REPRESENTATION_CONTEXT() REPRESENTATION_CONTEXT('2D SPACE',''
  ) );
#3651 = PCURVE('',#3652,#3657);
#3652 = PLANE('',#3653);
#3653 = AXIS2_PLACEMENT_3D('',#3654,#3655,#3656);
#3654 = CARTESIAN_POINT('',(-15.16,17.35,-36.));
#3655 = DIRECTION('',(0.,0.,1.));
#3656 = DIRECTION('',(1.,0.,-0.));
#3657 = DEFINITIONAL_REPRESENTATION('',(#3658),#3662);
#3658 = LINE('',#3659,#3660);
#3659 = CARTESIAN_POINT('',(38.61,2.4));
#3660 = VECTOR('',#3661,1.);
#3661 = DIRECTION('',(0.,-1.));
#3662 = ( GEOMETRIC_REPRESENTATION_CONTEXT(2) 
PARAMETRIC_REPRESENTATION_CONTEXT() REPRESENTATION_CONTEXT('2D SPACE',''
  ) );
#3663 = ORIENTED_EDGE('',*,*,#3664,.T.);
#3664 = EDGE_CURVE('',#3637,#3213,#3665,.T.);
#3665 = SURFACE_CURVE('',#3666,(#3670,#3676),.PCURVE_S1.);
#3666 = LINE('',#3667,#3668);
#3667 = CARTESIAN_POINT('',(23.45,23.64569753198,-54.2857255851));
#3668 = VECTOR('',#3669,1.);
#3669 = DIRECTION('',(0.,-0.422618261741,0.906307787037));
#3670 = PCURVE('',#568,#3671);
#3671 = DEFINITIONAL_REPRESENTATION('',(#3672),#3675);
#3672 = B_SPLINE_CURVE_WITH_KNOTS('',1,(#3673,#3674),.UNSPECIFIED.,.F.,
  .F.,(2,2),(9.218005667655,20.766827763197),.PIECEWISE_BEZIER_KNOTS.);
#3673 = CARTESIAN_POINT('',(-9.931375267556,-2.4));
#3674 = CARTESIAN_POINT('',(0.535412128734,2.480743119171));
#3675 = ( GEOMETRIC_REPRESENTATION_CONTEXT(2) 
PARAMETRIC_REPRESENTATION_CONTEXT() REPRESENTATION_CONTEXT('2D SPACE',''
  ) );
#3676 = PCURVE('',#3249,#3677);
#3677 = DEFINITIONAL_REPRESENTATION('',(#3678),#3681);
#3678 = B_SPLINE_CURVE_WITH_KNOTS('',1,(#3679,#3680),.UNSPECIFIED.,.F.,
  .F.,(2,2),(9.218005667655,20.766827763197),.PIECEWISE_BEZIER_KNOTS.);
#3679 = CARTESIAN_POINT('',(28.451177904458,-10.));
#3680 = CARTESIAN_POINT('',(40.,-10.));
#3681 = ( GEOMETRIC_REPRESENTATION_CONTEXT(2) 
PARAMETRIC_REPRESENTATION_CONTEXT() REPRESENTATION_CONTEXT('2D SPACE',''
  ) );
#3682 = ORIENTED_EDGE('',*,*,#3212,.T.);
#3683 = ORIENTED_EDGE('',*,*,#552,.T.);
#3684 = FACE_BOUND('',#3685,.T.);
#3685 = EDGE_LOOP('',(#3686));
#3686 = ORIENTED_EDGE('',*,*,#3687,.F.);
#3687 = EDGE_CURVE('',#3688,#3688,#3690,.T.);
#3688 = VERTEX_POINT('',#3689);
#3689 = CARTESIAN_POINT('',(23.45,7.,-59.7));
#3690 = SURFACE_CURVE('',#3691,(#3696,#3703),.PCURVE_S1.);
#3691 = CIRCLE('',#3692,1.7);
#3692 = AXIS2_PLACEMENT_3D('',#3693,#3694,#3695);
#3693 = CARTESIAN_POINT('',(23.45,7.,-58.));
#3694 = DIRECTION('',(1.,0.,2.22044604925E-16));
#3695 = DIRECTION('',(2.22044604925E-16,0.,-1.));
#3696 = PCURVE('',#568,#3697);
#3697 = DEFINITIONAL_REPRESENTATION('',(#3698),#3702);
#3698 = CIRCLE('',#3699,1.7);
#3699 = AXIS2_PLACEMENT_2D('',#3700,#3701);
#3700 = CARTESIAN_POINT('',(-22.,10.35));
#3701 = DIRECTION('',(-1.,0.));
#3702 = ( GEOMETRIC_REPRESENTATION_CONTEXT(2) 
PARAMETRIC_REPRESENTATION_CONTEXT() REPRESENTATION_CONTEXT('2D SPACE',''
  ) );
#3703 = PCURVE('',#3704,#3709);
#3704 = CYLINDRICAL_SURFACE('',#3705,1.7);
#3705 = AXIS2_PLACEMENT_3D('',#3706,#3707,#3708);
#3706 = CARTESIAN_POINT('',(19.45,7.,-58.));
#3707 = DIRECTION('',(1.,0.,2.22044604925E-16));
#3708 = DIRECTION('',(2.22044604925E-16,0.,-1.));
#3709 = DEFINITIONAL_REPRESENTATION('',(#3710),#3714);
#3710 = LINE('',#3711,#3712);
#3711 = CARTESIAN_POINT('',(0.,4.));
#3712 = VECTOR('',#3713,1.);
#3713 = DIRECTION('',(1.,0.));
#3714 = ( GEOMETRIC_REPRESENTATION_CONTEXT(2) 
PARAMETRIC_REPRESENTATION_CONTEXT() REPRESENTATION_CONTEXT('2D SPACE',''
  ) );
#3715 = FACE_BOUND('',#3716,.T.);
#3716 = EDGE_LOOP('',(#3717));
#3717 = ORIENTED_EDGE('',*,*,#3718,.F.);
#3718 = EDGE_CURVE('',#3719,#3719,#3721,.T.);
#3719 = VERTEX_POINT('',#3720);
#3720 = CARTESIAN_POINT('',(23.45,-4.163799117101E-16,-66.7));
#3721 = SURFACE_CURVE('',#3722,(#3727,#3734),.PCURVE_S1.);
#3722 = CIRCLE('',#3723,1.7);
#3723 = AXIS2_PLACEMENT_3D('',#3724,#3725,#3726);
#3724 = CARTESIAN_POINT('',(23.45,0.,-65.));
#3725 = DIRECTION('',(1.,0.,2.22044604925E-16));
#3726 = DIRECTION('',(2.22044604925E-16,0.,-1.));
#3727 = PCURVE('',#568,#3728);
#3728 = DEFINITIONAL_REPRESENTATION('',(#3729),#3733);
#3729 = CIRCLE('',#3730,1.7);
#3730 = AXIS2_PLACEMENT_2D('',#3731,#3732);
#3731 = CARTESIAN_POINT('',(-29.,17.35));
#3732 = DIRECTION('',(-1.,0.));
#3733 = ( GEOMETRIC_REPRESENTATION_CONTEXT(2) 
PARAMETRIC_REPRESENTATION_CONTEXT() REPRESENTATION_CONTEXT('2D SPACE',''
  ) );
#3734 = PCURVE('',#3735,#3740);
#3735 = CYLINDRICAL_SURFACE('',#3736,1.7);
#3736 = AXIS2_PLACEMENT_3D('',#3737,#3738,#3739);
#3737 = CARTESIAN_POINT('',(19.45,0.,-65.));
#3738 = DIRECTION('',(1.,0.,2.22044604925E-16));
#3739 = DIRECTION('',(2.22044604925E-16,0.,-1.));
#3740 = DEFINITIONAL_REPRESENTATION('',(#3741),#3745);
#3741 = LINE('',#3742,#3743);
#3742 = CARTESIAN_POINT('',(0.,4.));
#3743 = VECTOR('',#3744,1.);
#3744 = DIRECTION('',(1.,0.));
#3745 = ( GEOMETRIC_REPRESENTATION_CONTEXT(2) 
PARAMETRIC_REPRESENTATION_CONTEXT() REPRESENTATION_CONTEXT('2D SPACE',''
  ) );
#3746 = FACE_BOUND('',#3747,.T.);
#3747 = EDGE_LOOP('',(#3748));
#3748 = ORIENTED_EDGE('',*,*,#3749,.F.);
#3749 = EDGE_CURVE('',#3750,#3750,#3752,.T.);
#3750 = VERTEX_POINT('',#3751);
#3751 = CARTESIAN_POINT('',(23.45,-7.592810154714E-16,-61.1));
#3752 = SURFACE_CURVE('',#3753,(#3758,#3765),.PCURVE_S1.);
#3753 = CIRCLE('',#3754,3.1);
#3754 = AXIS2_PLACEMENT_3D('',#3755,#3756,#3757);
#3755 = CARTESIAN_POINT('',(23.45,0.,-58.));
#3756 = DIRECTION('',(1.,0.,2.22044604925E-16));
#3757 = DIRECTION('',(2.22044604925E-16,0.,-1.));
#3758 = PCURVE('',#568,#3759);
#3759 = DEFINITIONAL_REPRESENTATION('',(#3760),#3764);
#3760 = CIRCLE('',#3761,3.1);
#3761 = AXIS2_PLACEMENT_2D('',#3762,#3763);
#3762 = CARTESIAN_POINT('',(-22.,17.35));
#3763 = DIRECTION('',(-1.,0.));
#3764 = ( GEOMETRIC_REPRESENTATION_CONTEXT(2) 
PARAMETRIC_REPRESENTATION_CONTEXT() REPRESENTATION_CONTEXT('2D SPACE',''
  ) );
#3765 = PCURVE('',#3766,#3771);
#3766 = CYLINDRICAL_SURFACE('',#3767,3.1);
#3767 = AXIS2_PLACEMENT_3D('',#3768,#3769,#3770);
#3768 = CARTESIAN_POINT('',(19.45,0.,-58.));
#3769 = DIRECTION('',(1.,0.,2.22044604925E-16));
#3770 = DIRECTION('',(2.22044604925E-16,0.,-1.));
#3771 = DEFINITIONAL_REPRESENTATION('',(#3772),#3776);
#3772 = LINE('',#3773,#3774);
#3773 = CARTESIAN_POINT('',(0.,4.));
#3774 = VECTOR('',#3775,1.);
#3775 = DIRECTION('',(1.,0.));
#3776 = ( GEOMETRIC_REPRESENTATION_CONTEXT(2) 
PARAMETRIC_REPRESENTATION_CONTEXT() REPRESENTATION_CONTEXT('2D SPACE',''
  ) );
#3777 = FACE_BOUND('',#3778,.T.);
#3778 = EDGE_LOOP('',(#3779));
#3779 = ORIENTED_EDGE('',*,*,#3780,.F.);
#3780 = EDGE_CURVE('',#3781,#3781,#3783,.T.);
#3781 = VERTEX_POINT('',#3782);
#3782 = CARTESIAN_POINT('',(23.45,-4.163799117101E-16,-52.7));
#3783 = SURFACE_CURVE('',#3784,(#3789,#3796),.PCURVE_S1.);
#3784 = CIRCLE('',#3785,1.7);
#3785 = AXIS2_PLACEMENT_3D('',#3786,#3787,#3788);
#3786 = CARTESIAN_POINT('',(23.45,0.,-51.));
#3787 = DIRECTION('',(1.,0.,2.22044604925E-16));
#3788 = DIRECTION('',(2.22044604925E-16,0.,-1.));
#3789 = PCURVE('',#568,#3790);
#3790 = DEFINITIONAL_REPRESENTATION('',(#3791),#3795);
#3791 = CIRCLE('',#3792,1.7);
#3792 = AXIS2_PLACEMENT_2D('',#3793,#3794);
#3793 = CARTESIAN_POINT('',(-15.,17.35));
#3794 = DIRECTION('',(-1.,0.));
#3795 = ( GEOMETRIC_REPRESENTATION_CONTEXT(2) 
PARAMETRIC_REPRESENTATION_CONTEXT() REPRESENTATION_CONTEXT('2D SPACE',''
  ) );
#3796 = PCURVE('',#3797,#3802);
#3797 = CYLINDRICAL_SURFACE('',#3798,1.7);
#3798 = AXIS2_PLACEMENT_3D('',#3799,#3800,#3801);
#3799 = CARTESIAN_POINT('',(19.45,0.,-51.));
#3800 = DIRECTION('',(1.,0.,2.22044604925E-16));
#3801 = DIRECTION('',(2.22044604925E-16,0.,-1.));
#3802 = DEFINITIONAL_REPRESENTATION('',(#3803),#3807);
#3803 = LINE('',#3804,#3805);
#3804 = CARTESIAN_POINT('',(0.,4.));
#3805 = VECTOR('',#3806,1.);
#3806 = DIRECTION('',(1.,0.));
#3807 = ( GEOMETRIC_REPRESENTATION_CONTEXT(2) 
PARAMETRIC_REPRESENTATION_CONTEXT() REPRESENTATION_CONTEXT('2D SPACE',''
  ) );
#3808 = FACE_BOUND('',#3809,.T.);
#3809 = EDGE_LOOP('',(#3810));
#3810 = ORIENTED_EDGE('',*,*,#3811,.F.);
#3811 = EDGE_CURVE('',#3812,#3812,#3814,.T.);
#3812 = VERTEX_POINT('',#3813);
#3813 = CARTESIAN_POINT('',(23.45,-7.,-59.7));
#3814 = SURFACE_CURVE('',#3815,(#3820,#3827),.PCURVE_S1.);
#3815 = CIRCLE('',#3816,1.7);
#3816 = AXIS2_PLACEMENT_3D('',#3817,#3818,#3819);
#3817 = CARTESIAN_POINT('',(23.45,-7.,-58.));
#3818 = DIRECTION('',(1.,0.,2.22044604925E-16));
#3819 = DIRECTION('',(2.22044604925E-16,0.,-1.));
#3820 = PCURVE('',#568,#3821);
#3821 = DEFINITIONAL_REPRESENTATION('',(#3822),#3826);
#3822 = CIRCLE('',#3823,1.7);
#3823 = AXIS2_PLACEMENT_2D('',#3824,#3825);
#3824 = CARTESIAN_POINT('',(-22.,24.35));
#3825 = DIRECTION('',(-1.,0.));
#3826 = ( GEOMETRIC_REPRESENTATION_CONTEXT(2) 
PARAMETRIC_REPRESENTATION_CONTEXT() REPRESENTATION_CONTEXT('2D SPACE',''
  ) );
#3827 = PCURVE('',#3828,#3833);
#3828 = CYLINDRICAL_SURFACE('',#3829,1.7);
#3829 = AXIS2_PLACEMENT_3D('',#3830,#3831,#3832);
#3830 = CARTESIAN_POINT('',(19.45,-7.,-58.));
#3831 = DIRECTION('',(1.,0.,2.22044604925E-16));
#3832 = DIRECTION('',(2.22044604925E-16,0.,-1.));
#3833 = DEFINITIONAL_REPRESENTATION('',(#3834),#3838);
#3834 = LINE('',#3835,#3836);
#3835 = CARTESIAN_POINT('',(0.,4.));
#3836 = VECTOR('',#3837,1.);
#3837 = DIRECTION('',(1.,0.));
#3838 = ( GEOMETRIC_REPRESENTATION_CONTEXT(2) 
PARAMETRIC_REPRESENTATION_CONTEXT() REPRESENTATION_CONTEXT('2D SPACE',''
  ) );
#3839 = ADVANCED_FACE('',(#3840),#540,.T.);
#3840 = FACE_BOUND('',#3841,.T.);
#3841 = EDGE_LOOP('',(#3842,#3843,#3863,#3864,#3887,#3915,#3941,#3967,
    #3993,#4016,#4036,#4037));
#3842 = ORIENTED_EDGE('',*,*,#524,.F.);
#3843 = ORIENTED_EDGE('',*,*,#3844,.T.);
#3844 = EDGE_CURVE('',#497,#2439,#3845,.T.);
#3845 = SURFACE_CURVE('',#3846,(#3850,#3857),.PCURVE_S1.);
#3846 = LINE('',#3847,#3848);
#3847 = CARTESIAN_POINT('',(13.2,17.35,-25.05));
#3848 = VECTOR('',#3849,1.);
#3849 = DIRECTION('',(0.,-1.,0.));
#3850 = PCURVE('',#540,#3851);
#3851 = DEFINITIONAL_REPRESENTATION('',(#3852),#3856);
#3852 = LINE('',#3853,#3854);
#3853 = CARTESIAN_POINT('',(28.36,0.));
#3854 = VECTOR('',#3855,1.);
#3855 = DIRECTION('',(0.,-1.));
#3856 = ( GEOMETRIC_REPRESENTATION_CONTEXT(2) 
PARAMETRIC_REPRESENTATION_CONTEXT() REPRESENTATION_CONTEXT('2D SPACE',''
  ) );
#3857 = PCURVE('',#512,#3858);
#3858 = DEFINITIONAL_REPRESENTATION('',(#3859),#3862);
#3859 = B_SPLINE_CURVE_WITH_KNOTS('',1,(#3860,#3861),.UNSPECIFIED.,.F.,
  .F.,(2,2),(-2.4,0.),.PIECEWISE_BEZIER_KNOTS.);
#3860 = CARTESIAN_POINT('',(10.95,-2.4));
#3861 = CARTESIAN_POINT('',(10.95,0.));
#3862 = ( GEOMETRIC_REPRESENTATION_CONTEXT(2) 
PARAMETRIC_REPRESENTATION_CONTEXT() REPRESENTATION_CONTEXT('2D SPACE',''
  ) );
#3863 = ORIENTED_EDGE('',*,*,#2461,.T.);
#3864 = ORIENTED_EDGE('',*,*,#3865,.F.);
#3865 = EDGE_CURVE('',#3866,#1639,#3868,.T.);
#3866 = VERTEX_POINT('',#3867);
#3867 = CARTESIAN_POINT('',(20.45,-14.9,-25.05));
#3868 = SURFACE_CURVE('',#3869,(#3873,#3880),.PCURVE_S1.);
#3869 = LINE('',#3870,#3871);
#3870 = CARTESIAN_POINT('',(20.45,-17.9,-25.05));
#3871 = VECTOR('',#3872,1.);
#3872 = DIRECTION('',(-0.,1.,0.));
#3873 = PCURVE('',#540,#3874);
#3874 = DEFINITIONAL_REPRESENTATION('',(#3875),#3879);
#3875 = LINE('',#3876,#3877);
#3876 = CARTESIAN_POINT('',(35.61,-35.25));
#3877 = VECTOR('',#3878,1.);
#3878 = DIRECTION('',(0.,1.));
#3879 = ( GEOMETRIC_REPRESENTATION_CONTEXT(2) 
PARAMETRIC_REPRESENTATION_CONTEXT() REPRESENTATION_CONTEXT('2D SPACE',''
  ) );
#3880 = PCURVE('',#1655,#3881);
#3881 = DEFINITIONAL_REPRESENTATION('',(#3882),#3886);
#3882 = LINE('',#3883,#3884);
#3883 = CARTESIAN_POINT('',(10.95,0.));
#3884 = VECTOR('',#3885,1.);
#3885 = DIRECTION('',(0.,-1.));
#3886 = ( GEOMETRIC_REPRESENTATION_CONTEXT(2) 
PARAMETRIC_REPRESENTATION_CONTEXT() REPRESENTATION_CONTEXT('2D SPACE',''
  ) );
#3887 = ORIENTED_EDGE('',*,*,#3888,.F.);
#3888 = EDGE_CURVE('',#3889,#3866,#3891,.T.);
#3889 = VERTEX_POINT('',#3890);
#3890 = CARTESIAN_POINT('',(13.56,-14.9,-25.05));
#3891 = SURFACE_CURVE('',#3892,(#3896,#3903),.PCURVE_S1.);
#3892 = LINE('',#3893,#3894);
#3893 = CARTESIAN_POINT('',(-15.16,-14.9,-25.05));
#3894 = VECTOR('',#3895,1.);
#3895 = DIRECTION('',(1.,0.,-0.));
#3896 = PCURVE('',#540,#3897);
#3897 = DEFINITIONAL_REPRESENTATION('',(#3898),#3902);
#3898 = LINE('',#3899,#3900);
#3899 = CARTESIAN_POINT('',(0.,-32.25));
#3900 = VECTOR('',#3901,1.);
#3901 = DIRECTION('',(1.,0.));
#3902 = ( GEOMETRIC_REPRESENTATION_CONTEXT(2) 
PARAMETRIC_REPRESENTATION_CONTEXT() REPRESENTATION_CONTEXT('2D SPACE',''
  ) );
#3903 = PCURVE('',#3904,#3909);
#3904 = PLANE('',#3905);
#3905 = AXIS2_PLACEMENT_3D('',#3906,#3907,#3908);
#3906 = CARTESIAN_POINT('',(-15.16,-14.9,-36.));
#3907 = DIRECTION('',(-0.,1.,0.));
#3908 = DIRECTION('',(0.,0.,1.));
#3909 = DEFINITIONAL_REPRESENTATION('',(#3910),#3914);
#3910 = LINE('',#3911,#3912);
#3911 = CARTESIAN_POINT('',(10.95,0.));
#3912 = VECTOR('',#3913,1.);
#3913 = DIRECTION('',(0.,1.));
#3914 = ( GEOMETRIC_REPRESENTATION_CONTEXT(2) 
PARAMETRIC_REPRESENTATION_CONTEXT() REPRESENTATION_CONTEXT('2D SPACE',''
  ) );
#3915 = ORIENTED_EDGE('',*,*,#3916,.T.);
#3916 = EDGE_CURVE('',#3889,#3917,#3919,.T.);
#3917 = VERTEX_POINT('',#3918);
#3918 = CARTESIAN_POINT('',(11.1,-16.95,-25.05));
#3919 = SURFACE_CURVE('',#3920,(#3924,#3930),.PCURVE_S1.);
#3920 = LINE('',#3921,#3922);
#3921 = CARTESIAN_POINT('',(11.785573770492,-16.37868852459,-25.05));
#3922 = VECTOR('',#3923,1.);
#3923 = DIRECTION('',(-0.768221279597,-0.640184399664,0.));
#3924 = PCURVE('',#540,#3925);
#3925 = DEFINITIONAL_REPRESENTATION('',(#3926),#3929);
#3926 = B_SPLINE_CURVE_WITH_KNOTS('',1,(#3927,#3928),.UNSPECIFIED.,.F.,
  .F.,(2,2),(-2.309785313989,0.892417053132),.PIECEWISE_BEZIER_KNOTS.);
#3927 = CARTESIAN_POINT('',(28.72,-32.25));
#3928 = CARTESIAN_POINT('',(26.26,-34.3));
#3929 = ( GEOMETRIC_REPRESENTATION_CONTEXT(2) 
PARAMETRIC_REPRESENTATION_CONTEXT() REPRESENTATION_CONTEXT('2D SPACE',''
  ) );
#3930 = PCURVE('',#3931,#3936);
#3931 = PLANE('',#3932);
#3932 = AXIS2_PLACEMENT_3D('',#3933,#3934,#3935);
#3933 = CARTESIAN_POINT('',(11.1,-16.95,-30.51));
#3934 = DIRECTION('',(-0.640184399664,0.768221279597,0.));
#3935 = DIRECTION('',(0.768221279597,0.640184399664,0.));
#3936 = DEFINITIONAL_REPRESENTATION('',(#3937),#3940);
#3937 = B_SPLINE_CURVE_WITH_KNOTS('',1,(#3938,#3939),.UNSPECIFIED.,.F.,
  .F.,(2,2),(-2.309785313989,0.892417053132),.PIECEWISE_BEZIER_KNOTS.);
#3938 = CARTESIAN_POINT('',(3.202202367122,-5.46));
#3939 = CARTESIAN_POINT('',(0.,-5.46));
#3940 = ( GEOMETRIC_REPRESENTATION_CONTEXT(2) 
PARAMETRIC_REPRESENTATION_CONTEXT() REPRESENTATION_CONTEXT('2D SPACE',''
  ) );
#3941 = ORIENTED_EDGE('',*,*,#3942,.T.);
#3942 = EDGE_CURVE('',#3917,#3943,#3945,.T.);
#3943 = VERTEX_POINT('',#3944);
#3944 = CARTESIAN_POINT('',(-11.1,-16.95,-25.05));
#3945 = SURFACE_CURVE('',#3946,(#3950,#3956),.PCURVE_S1.);
#3946 = LINE('',#3947,#3948);
#3947 = CARTESIAN_POINT('',(-13.13,-16.95,-25.05));
#3948 = VECTOR('',#3949,1.);
#3949 = DIRECTION('',(-1.,-0.,0.));
#3950 = PCURVE('',#540,#3951);
#3951 = DEFINITIONAL_REPRESENTATION('',(#3952),#3955);
#3952 = B_SPLINE_CURVE_WITH_KNOTS('',1,(#3953,#3954),.UNSPECIFIED.,.F.,
  .F.,(2,2),(-24.23,-2.03),.PIECEWISE_BEZIER_KNOTS.);
#3953 = CARTESIAN_POINT('',(26.26,-34.3));
#3954 = CARTESIAN_POINT('',(4.06,-34.3));
#3955 = ( GEOMETRIC_REPRESENTATION_CONTEXT(2) 
PARAMETRIC_REPRESENTATION_CONTEXT() REPRESENTATION_CONTEXT('2D SPACE',''
  ) );
#3956 = PCURVE('',#3957,#3962);
#3957 = PLANE('',#3958);
#3958 = AXIS2_PLACEMENT_3D('',#3959,#3960,#3961);
#3959 = CARTESIAN_POINT('',(-11.1,-16.95,-29.91));
#3960 = DIRECTION('',(-0.,1.,0.));
#3961 = DIRECTION('',(0.,0.,1.));
#3962 = DEFINITIONAL_REPRESENTATION('',(#3963),#3966);
#3963 = B_SPLINE_CURVE_WITH_KNOTS('',1,(#3964,#3965),.UNSPECIFIED.,.F.,
  .F.,(2,2),(-24.23,-2.03),.PIECEWISE_BEZIER_KNOTS.);
#3964 = CARTESIAN_POINT('',(4.86,22.2));
#3965 = CARTESIAN_POINT('',(4.86,0.));
#3966 = ( GEOMETRIC_REPRESENTATION_CONTEXT(2) 
PARAMETRIC_REPRESENTATION_CONTEXT() REPRESENTATION_CONTEXT('2D SPACE',''
  ) );
#3967 = ORIENTED_EDGE('',*,*,#3968,.T.);
#3968 = EDGE_CURVE('',#3943,#3969,#3971,.T.);
#3969 = VERTEX_POINT('',#3970);
#3970 = CARTESIAN_POINT('',(-11.1,-14.9,-25.05));
#3971 = SURFACE_CURVE('',#3972,(#3976,#3982),.PCURVE_S1.);
#3972 = LINE('',#3973,#3974);
#3973 = CARTESIAN_POINT('',(-11.1,0.2,-25.05));
#3974 = VECTOR('',#3975,1.);
#3975 = DIRECTION('',(-0.,1.,0.));
#3976 = PCURVE('',#540,#3977);
#3977 = DEFINITIONAL_REPRESENTATION('',(#3978),#3981);
#3978 = B_SPLINE_CURVE_WITH_KNOTS('',1,(#3979,#3980),.UNSPECIFIED.,.F.,
  .F.,(2,2),(-17.15,-15.09),.PIECEWISE_BEZIER_KNOTS.);
#3979 = CARTESIAN_POINT('',(4.06,-34.3));
#3980 = CARTESIAN_POINT('',(4.06,-32.24));
#3981 = ( GEOMETRIC_REPRESENTATION_CONTEXT(2) 
PARAMETRIC_REPRESENTATION_CONTEXT() REPRESENTATION_CONTEXT('2D SPACE',''
  ) );
#3982 = PCURVE('',#3983,#3988);
#3983 = PLANE('',#3984);
#3984 = AXIS2_PLACEMENT_3D('',#3985,#3986,#3987);
#3985 = CARTESIAN_POINT('',(-11.1,-16.95,-29.91));
#3986 = DIRECTION('',(1.,0.,-0.));
#3987 = DIRECTION('',(0.,0.,1.));
#3988 = DEFINITIONAL_REPRESENTATION('',(#3989),#3992);
#3989 = B_SPLINE_CURVE_WITH_KNOTS('',1,(#3990,#3991),.UNSPECIFIED.,.F.,
  .F.,(2,2),(-17.15,-15.09),.PIECEWISE_BEZIER_KNOTS.);
#3990 = CARTESIAN_POINT('',(4.86,0.));
#3991 = CARTESIAN_POINT('',(4.86,-2.06));
#3992 = ( GEOMETRIC_REPRESENTATION_CONTEXT(2) 
PARAMETRIC_REPRESENTATION_CONTEXT() REPRESENTATION_CONTEXT('2D SPACE',''
  ) );
#3993 = ORIENTED_EDGE('',*,*,#3994,.F.);
#3994 = EDGE_CURVE('',#3995,#3969,#3997,.T.);
#3995 = VERTEX_POINT('',#3996);
#3996 = CARTESIAN_POINT('',(-12.76,-14.9,-25.05));
#3997 = SURFACE_CURVE('',#3998,(#4002,#4009),.PCURVE_S1.);
#3998 = LINE('',#3999,#4000);
#3999 = CARTESIAN_POINT('',(-15.16,-14.9,-25.05));
#4000 = VECTOR('',#4001,1.);
#4001 = DIRECTION('',(1.,0.,-0.));
#4002 = PCURVE('',#540,#4003);
#4003 = DEFINITIONAL_REPRESENTATION('',(#4004),#4008);
#4004 = LINE('',#4005,#4006);
#4005 = CARTESIAN_POINT('',(0.,-32.25));
#4006 = VECTOR('',#4007,1.);
#4007 = DIRECTION('',(1.,0.));
#4008 = ( GEOMETRIC_REPRESENTATION_CONTEXT(2) 
PARAMETRIC_REPRESENTATION_CONTEXT() REPRESENTATION_CONTEXT('2D SPACE',''
  ) );
#4009 = PCURVE('',#3904,#4010);
#4010 = DEFINITIONAL_REPRESENTATION('',(#4011),#4015);
#4011 = LINE('',#4012,#4013);
#4012 = CARTESIAN_POINT('',(10.95,0.));
#4013 = VECTOR('',#4014,1.);
#4014 = DIRECTION('',(0.,1.));
#4015 = ( GEOMETRIC_REPRESENTATION_CONTEXT(2) 
PARAMETRIC_REPRESENTATION_CONTEXT() REPRESENTATION_CONTEXT('2D SPACE',''
  ) );
#4016 = ORIENTED_EDGE('',*,*,#4017,.F.);
#4017 = EDGE_CURVE('',#1338,#3995,#4018,.T.);
#4018 = SURFACE_CURVE('',#4019,(#4023,#4030),.PCURVE_S1.);
#4019 = LINE('',#4020,#4021);
#4020 = CARTESIAN_POINT('',(-12.76,-17.9,-25.05));
#4021 = VECTOR('',#4022,1.);
#4022 = DIRECTION('',(-0.,1.,0.));
#4023 = PCURVE('',#540,#4024);
#4024 = DEFINITIONAL_REPRESENTATION('',(#4025),#4029);
#4025 = LINE('',#4026,#4027);
#4026 = CARTESIAN_POINT('',(2.4,-35.25));
#4027 = VECTOR('',#4028,1.);
#4028 = DIRECTION('',(0.,1.));
#4029 = ( GEOMETRIC_REPRESENTATION_CONTEXT(2) 
PARAMETRIC_REPRESENTATION_CONTEXT() REPRESENTATION_CONTEXT('2D SPACE',''
  ) );
#4030 = PCURVE('',#1059,#4031);
#4031 = DEFINITIONAL_REPRESENTATION('',(#4032),#4035);
#4032 = B_SPLINE_CURVE_WITH_KNOTS('',1,(#4033,#4034),.UNSPECIFIED.,.F.,
  .F.,(2,2),(0.,3.),.PIECEWISE_BEZIER_KNOTS.);
#4033 = CARTESIAN_POINT('',(10.95,0.));
#4034 = CARTESIAN_POINT('',(10.95,-3.));
#4035 = ( GEOMETRIC_REPRESENTATION_CONTEXT(2) 
PARAMETRIC_REPRESENTATION_CONTEXT() REPRESENTATION_CONTEXT('2D SPACE',''
  ) );
#4036 = ORIENTED_EDGE('',*,*,#1362,.F.);
#4037 = ORIENTED_EDGE('',*,*,#3286,.T.);
#4038 = ADVANCED_FACE('',(#4039),#512,.T.);
#4039 = FACE_BOUND('',#4040,.T.);
#4040 = EDGE_LOOP('',(#4041,#4042,#4043,#4044));
#4041 = ORIENTED_EDGE('',*,*,#2438,.F.);
#4042 = ORIENTED_EDGE('',*,*,#3844,.F.);
#4043 = ORIENTED_EDGE('',*,*,#496,.T.);
#4044 = ORIENTED_EDGE('',*,*,#4045,.F.);
#4045 = EDGE_CURVE('',#2416,#469,#4046,.T.);
#4046 = SURFACE_CURVE('',#4047,(#4051,#4058),.PCURVE_S1.);
#4047 = LINE('',#4048,#4049);
#4048 = CARTESIAN_POINT('',(13.2,17.35,-3.));
#4049 = VECTOR('',#4050,1.);
#4050 = DIRECTION('',(-0.,1.,0.));
#4051 = PCURVE('',#512,#4052);
#4052 = DEFINITIONAL_REPRESENTATION('',(#4053),#4057);
#4053 = LINE('',#4054,#4055);
#4054 = CARTESIAN_POINT('',(33.,0.));
#4055 = VECTOR('',#4056,1.);
#4056 = DIRECTION('',(0.,-1.));
#4057 = ( GEOMETRIC_REPRESENTATION_CONTEXT(2) 
PARAMETRIC_REPRESENTATION_CONTEXT() REPRESENTATION_CONTEXT('2D SPACE',''
  ) );
#4058 = PCURVE('',#484,#4059);
#4059 = DEFINITIONAL_REPRESENTATION('',(#4060),#4064);
#4060 = LINE('',#4061,#4062);
#4061 = CARTESIAN_POINT('',(28.36,0.));
#4062 = VECTOR('',#4063,1.);
#4063 = DIRECTION('',(0.,1.));
#4064 = ( GEOMETRIC_REPRESENTATION_CONTEXT(2) 
PARAMETRIC_REPRESENTATION_CONTEXT() REPRESENTATION_CONTEXT('2D SPACE',''
  ) );
#4065 = ADVANCED_FACE('',(#4066),#484,.T.);
#4066 = FACE_BOUND('',#4067,.T.);
#4067 = EDGE_LOOP('',(#4068,#4069,#4088,#4089));
#4068 = ORIENTED_EDGE('',*,*,#468,.F.);
#4069 = ORIENTED_EDGE('',*,*,#4070,.T.);
#4070 = EDGE_CURVE('',#436,#2388,#4071,.T.);
#4071 = SURFACE_CURVE('',#4072,(#4076,#4082),.PCURVE_S1.);
#4072 = LINE('',#4073,#4074);
#4073 = CARTESIAN_POINT('',(9.853425800198,20.75,-3.));
#4074 = VECTOR('',#4075,1.);
#4075 = DIRECTION('',(0.,-1.,2.22044604925E-16));
#4076 = PCURVE('',#484,#4077);
#4077 = DEFINITIONAL_REPRESENTATION('',(#4078),#4081);
#4078 = B_SPLINE_CURVE_WITH_KNOTS('',1,(#4079,#4080),.UNSPECIFIED.,.F.,
  .F.,(2,2),(0.76,3.64),.PIECEWISE_BEZIER_KNOTS.);
#4079 = CARTESIAN_POINT('',(25.013425800198,2.64));
#4080 = CARTESIAN_POINT('',(25.013425800198,-0.24));
#4081 = ( GEOMETRIC_REPRESENTATION_CONTEXT(2) 
PARAMETRIC_REPRESENTATION_CONTEXT() REPRESENTATION_CONTEXT('2D SPACE',''
  ) );
#4082 = PCURVE('',#456,#4083);
#4083 = DEFINITIONAL_REPRESENTATION('',(#4084),#4087);
#4084 = B_SPLINE_CURVE_WITH_KNOTS('',1,(#4085,#4086),.UNSPECIFIED.,.F.,
  .F.,(2,2),(0.76,3.64),.PIECEWISE_BEZIER_KNOTS.);
#4085 = CARTESIAN_POINT('',(5.987639395831,0.76));
#4086 = CARTESIAN_POINT('',(5.987639395831,3.64));
#4087 = ( GEOMETRIC_REPRESENTATION_CONTEXT(2) 
PARAMETRIC_REPRESENTATION_CONTEXT() REPRESENTATION_CONTEXT('2D SPACE',''
  ) );
#4088 = ORIENTED_EDGE('',*,*,#2415,.T.);
#4089 = ORIENTED_EDGE('',*,*,#4045,.T.);
#4090 = ADVANCED_FACE('',(#4091),#456,.F.);
#4091 = FACE_BOUND('',#4092,.F.);
#4092 = EDGE_LOOP('',(#4093,#4094,#4095,#4096,#4097,#4098,#4119,#4152));
#4093 = ORIENTED_EDGE('',*,*,#1774,.F.);
#4094 = ORIENTED_EDGE('',*,*,#2818,.F.);
#4095 = ORIENTED_EDGE('',*,*,#435,.T.);
#4096 = ORIENTED_EDGE('',*,*,#4070,.T.);
#4097 = ORIENTED_EDGE('',*,*,#2387,.F.);
#4098 = ORIENTED_EDGE('',*,*,#4099,.F.);
#4099 = EDGE_CURVE('',#4100,#2362,#4102,.T.);
#4100 = VERTEX_POINT('',#4101);
#4101 = CARTESIAN_POINT('',(7.82,18.78,-6.703551297633));
#4102 = SURFACE_CURVE('',#4103,(#4107,#4113),.PCURVE_S1.);
#4103 = LINE('',#4104,#4105);
#4104 = CARTESIAN_POINT('',(7.82,20.75,-6.703551297633));
#4105 = VECTOR('',#4106,1.);
#4106 = DIRECTION('',(0.,-1.,2.22044604925E-16));
#4107 = PCURVE('',#456,#4108);
#4108 = DEFINITIONAL_REPRESENTATION('',(#4109),#4112);
#4109 = B_SPLINE_CURVE_WITH_KNOTS('',1,(#4110,#4111),.UNSPECIFIED.,.F.,
  .F.,(2,2),(1.826,3.4000006),.PIECEWISE_BEZIER_KNOTS.);
#4110 = CARTESIAN_POINT('',(5.574507865965,1.826));
#4111 = CARTESIAN_POINT('',(5.574507865965,3.4000006));
#4112 = ( GEOMETRIC_REPRESENTATION_CONTEXT(2) 
PARAMETRIC_REPRESENTATION_CONTEXT() REPRESENTATION_CONTEXT('2D SPACE',''
  ) );
#4113 = PCURVE('',#2376,#4114);
#4114 = DEFINITIONAL_REPRESENTATION('',(#4115),#4118);
#4115 = B_SPLINE_CURVE_WITH_KNOTS('',1,(#4116,#4117),.UNSPECIFIED.,.F.,
  .F.,(2,2),(1.826,3.4000006),.PIECEWISE_BEZIER_KNOTS.);
#4116 = CARTESIAN_POINT('',(27.956448702367,-1.584));
#4117 = CARTESIAN_POINT('',(27.956448702367,-9.999399999998E-03));
#4118 = ( GEOMETRIC_REPRESENTATION_CONTEXT(2) 
PARAMETRIC_REPRESENTATION_CONTEXT() REPRESENTATION_CONTEXT('2D SPACE',''
  ) );
#4119 = ORIENTED_EDGE('',*,*,#4120,.F.);
#4120 = EDGE_CURVE('',#4121,#4100,#4123,.T.);
#4121 = VERTEX_POINT('',#4122);
#4122 = CARTESIAN_POINT('',(-7.82,18.78,-6.703551297633));
#4123 = SURFACE_CURVE('',#4124,(#4129,#4136),.PCURVE_S1.);
#4124 = CIRCLE('',#4125,10.3);
#4125 = AXIS2_PLACEMENT_3D('',#4126,#4127,#4128);
#4126 = CARTESIAN_POINT('',(0.,18.78,-5.107025913276E-17));
#4127 = DIRECTION('',(0.,-1.,2.22044604925E-16));
#4128 = DIRECTION('',(1.,0.,0.));
#4129 = PCURVE('',#456,#4130);
#4130 = DEFINITIONAL_REPRESENTATION('',(#4131),#4135);
#4131 = LINE('',#4132,#4133);
#4132 = CARTESIAN_POINT('',(0.,1.97));
#4133 = VECTOR('',#4134,1.);
#4134 = DIRECTION('',(1.,0.));
#4135 = ( GEOMETRIC_REPRESENTATION_CONTEXT(2) 
PARAMETRIC_REPRESENTATION_CONTEXT() REPRESENTATION_CONTEXT('2D SPACE',''
  ) );
#4136 = PCURVE('',#4137,#4142);
#4137 = PLANE('',#4138);
#4138 = AXIS2_PLACEMENT_3D('',#4139,#4140,#4141);
#4139 = CARTESIAN_POINT('',(-7.82,18.78,-34.66));
#4140 = DIRECTION('',(-0.,1.,0.));
#4141 = DIRECTION('',(0.,0.,1.));
#4142 = DEFINITIONAL_REPRESENTATION('',(#4143),#4151);
#4143 = ( BOUNDED_CURVE() B_SPLINE_CURVE(2,(#4144,#4145,#4146,#4147,
#4148,#4149,#4150),.UNSPECIFIED.,.T.,.F.) B_SPLINE_CURVE_WITH_KNOTS((1,2
    ,2,2,2,1),(-2.094395102393,0.,2.094395102393,4.188790204786,
6.28318530718,8.377580409573),.UNSPECIFIED.) CURVE() 
GEOMETRIC_REPRESENTATION_ITEM() RATIONAL_B_SPLINE_CURVE((1.,0.5,1.,0.5,
1.,0.5,1.)) REPRESENTATION_ITEM('') );
#4144 = CARTESIAN_POINT('',(34.66,18.12));
#4145 = CARTESIAN_POINT('',(52.500123317959,18.12));
#4146 = CARTESIAN_POINT('',(43.58006165898,2.67));
#4147 = CARTESIAN_POINT('',(34.66,-12.78));
#4148 = CARTESIAN_POINT('',(25.73993834102,2.67));
#4149 = CARTESIAN_POINT('',(16.819876682041,18.12));
#4150 = CARTESIAN_POINT('',(34.66,18.12));
#4151 = ( GEOMETRIC_REPRESENTATION_CONTEXT(2) 
PARAMETRIC_REPRESENTATION_CONTEXT() REPRESENTATION_CONTEXT('2D SPACE',''
  ) );
#4152 = ORIENTED_EDGE('',*,*,#4153,.T.);
#4153 = EDGE_CURVE('',#4121,#1775,#4154,.T.);
#4154 = SURFACE_CURVE('',#4155,(#4159,#4165),.PCURVE_S1.);
#4155 = LINE('',#4156,#4157);
#4156 = CARTESIAN_POINT('',(-7.82,20.75,-6.703551297633));
#4157 = VECTOR('',#4158,1.);
#4158 = DIRECTION('',(0.,-1.,2.22044604925E-16));
#4159 = PCURVE('',#456,#4160);
#4160 = DEFINITIONAL_REPRESENTATION('',(#4161),#4164);
#4161 = B_SPLINE_CURVE_WITH_KNOTS('',1,(#4162,#4163),.UNSPECIFIED.,.F.,
  .F.,(2,2),(1.826,3.4000006),.PIECEWISE_BEZIER_KNOTS.);
#4162 = CARTESIAN_POINT('',(3.850270094805,1.826));
#4163 = CARTESIAN_POINT('',(3.850270094805,3.4000006));
#4164 = ( GEOMETRIC_REPRESENTATION_CONTEXT(2) 
PARAMETRIC_REPRESENTATION_CONTEXT() REPRESENTATION_CONTEXT('2D SPACE',''
  ) );
#4165 = PCURVE('',#1817,#4166);
#4166 = DEFINITIONAL_REPRESENTATION('',(#4167),#4170);
#4167 = B_SPLINE_CURVE_WITH_KNOTS('',1,(#4168,#4169),.UNSPECIFIED.,.F.,
  .F.,(2,2),(1.826,3.4000006),.PIECEWISE_BEZIER_KNOTS.);
#4168 = CARTESIAN_POINT('',(27.956448702367,-1.584));
#4169 = CARTESIAN_POINT('',(27.956448702367,-9.999399999998E-03));
#4170 = ( GEOMETRIC_REPRESENTATION_CONTEXT(2) 
PARAMETRIC_REPRESENTATION_CONTEXT() REPRESENTATION_CONTEXT('2D SPACE',''
  ) );
#4171 = ADVANCED_FACE('',(#4172),#722,.F.);
#4172 = FACE_BOUND('',#4173,.F.);
#4173 = EDGE_LOOP('',(#4174,#4175,#4198,#4226,#4254,#4282,#4310,#4334,
    #4362,#4390,#4418,#4444));
#4174 = ORIENTED_EDGE('',*,*,#705,.F.);
#4175 = ORIENTED_EDGE('',*,*,#4176,.F.);
#4176 = EDGE_CURVE('',#4177,#706,#4179,.T.);
#4177 = VERTEX_POINT('',#4178);
#4178 = CARTESIAN_POINT('',(-8.8,18.5,-29.));
#4179 = SEAM_CURVE('',#4180,(#4184,#4191),.PCURVE_S1.);
#4180 = LINE('',#4181,#4182);
#4181 = CARTESIAN_POINT('',(-8.8,18.5,-29.));
#4182 = VECTOR('',#4183,1.);
#4183 = DIRECTION('',(0.707106781187,0.707106781187,3.302004571155E-16)
  );
#4184 = PCURVE('',#722,#4185);
#4185 = DEFINITIONAL_REPRESENTATION('',(#4186),#4190);
#4186 = LINE('',#4187,#4188);
#4187 = CARTESIAN_POINT('',(6.28318530718,-0.));
#4188 = VECTOR('',#4189,1.);
#4189 = DIRECTION('',(0.,1.));
#4190 = ( GEOMETRIC_REPRESENTATION_CONTEXT(2) 
PARAMETRIC_REPRESENTATION_CONTEXT() REPRESENTATION_CONTEXT('2D SPACE',''
  ) );
#4191 = PCURVE('',#722,#4192);
#4192 = DEFINITIONAL_REPRESENTATION('',(#4193),#4197);
#4193 = LINE('',#4194,#4195);
#4194 = CARTESIAN_POINT('',(0.,-0.));
#4195 = VECTOR('',#4196,1.);
#4196 = DIRECTION('',(0.,1.));
#4197 = ( GEOMETRIC_REPRESENTATION_CONTEXT(2) 
PARAMETRIC_REPRESENTATION_CONTEXT() REPRESENTATION_CONTEXT('2D SPACE',''
  ) );
#4198 = ORIENTED_EDGE('',*,*,#4199,.F.);
#4199 = EDGE_CURVE('',#4200,#4177,#4202,.T.);
#4200 = VERTEX_POINT('',#4201);
#4201 = CARTESIAN_POINT('',(-8.8,18.619468690424,-29.60060966544));
#4202 = SURFACE_CURVE('',#4203,(#4208,#4219),.PCURVE_S1.);
#4203 = HYPERBOLA('',#4204,1.45,1.45);
#4204 = AXIS2_PLACEMENT_3D('',#4205,#4206,#4207);
#4205 = CARTESIAN_POINT('',(-8.8,17.05,-29.));
#4206 = DIRECTION('',(1.,0.,2.22044604925E-16));
#4207 = DIRECTION('',(-4.930380657631E-32,1.,2.22044604925E-16));
#4208 = PCURVE('',#722,#4209);
#4209 = DEFINITIONAL_REPRESENTATION('',(#4210),#4218);
#4210 = B_SPLINE_CURVE_WITH_KNOTS('',6,(#4211,#4212,#4213,#4214,#4215,
    #4216,#4217),.UNSPECIFIED.,.F.,.F.,(7,7),(-0.478577328328,
    -2.22044604925E-16),.PIECEWISE_BEZIER_KNOTS.);
#4211 = CARTESIAN_POINT('',(0.461289857013,0.169244897203));
#4212 = CARTESIAN_POINT('',(0.389863855993,0.111757263392));
#4213 = CARTESIAN_POINT('',(0.315395019015,6.663182017622E-02));
#4214 = CARTESIAN_POINT('',(0.23837622255,3.321024912343E-02));
#4215 = CARTESIAN_POINT('',(0.159525566919,1.107008796805E-02));
#4216 = CARTESIAN_POINT('',(7.976288805464E-02,2.357149184213E-15));
#4217 = CARTESIAN_POINT('',(0.,2.331468351713E-15));
#4218 = ( GEOMETRIC_REPRESENTATION_CONTEXT(2) 
PARAMETRIC_REPRESENTATION_CONTEXT() REPRESENTATION_CONTEXT('2D SPACE',''
  ) );
#4219 = PCURVE('',#2501,#4220);
#4220 = DEFINITIONAL_REPRESENTATION('',(#4221),#4225);
#4221 = ( BOUNDED_CURVE() B_SPLINE_CURVE(2,(#4222,#4223,#4224),
.UNSPECIFIED.,.F.,.F.) B_SPLINE_CURVE_WITH_KNOTS((3,3),(-0.478577328328,
-2.22044604925E-16),.PIECEWISE_BEZIER_KNOTS.) CURVE() 
GEOMETRIC_REPRESENTATION_ITEM() RATIONAL_B_SPLINE_CURVE((1.,
1.028766401755,1.)) REPRESENTATION_ITEM('') );
#4222 = CARTESIAN_POINT('',(2.170731598529,2.319244897203));
#4223 = CARTESIAN_POINT('',(1.790494438492,2.15));
#4224 = CARTESIAN_POINT('',(1.45,2.15));
#4225 = ( GEOMETRIC_REPRESENTATION_CONTEXT(2) 
PARAMETRIC_REPRESENTATION_CONTEXT() REPRESENTATION_CONTEXT('2D SPACE',''
  ) );
#4226 = ORIENTED_EDGE('',*,*,#4227,.F.);
#4227 = EDGE_CURVE('',#4228,#4200,#4230,.T.);
#4228 = VERTEX_POINT('',#4229);
#4229 = CARTESIAN_POINT('',(-9.22469516728,18.5,-30.02530483272));
#4230 = SURFACE_CURVE('',#4231,(#4236,#4247),.PCURVE_S1.);
#4231 = HYPERBOLA('',#4232,1.45,1.45);
#4232 = AXIS2_PLACEMENT_3D('',#4233,#4234,#4235);
#4233 = CARTESIAN_POINT('',(-9.22469516728,17.05,-30.02530483272));
#4234 = DIRECTION('',(0.707106781187,5.105576340132E-33,-0.707106781187)
  );
#4235 = DIRECTION('',(1.110223024625E-16,1.,1.110223024625E-16));
#4236 = PCURVE('',#722,#4237);
#4237 = DEFINITIONAL_REPRESENTATION('',(#4238),#4246);
#4238 = B_SPLINE_CURVE_WITH_KNOTS('',6,(#4239,#4240,#4241,#4242,#4243,
    #4244,#4245),.UNSPECIFIED.,.F.,.F.,(7,7),(-1.023267154108E-15,
    0.478577328328),.PIECEWISE_BEZIER_KNOTS.);
#4239 = CARTESIAN_POINT('',(0.785398163397,2.331468351713E-15));
#4240 = CARTESIAN_POINT('',(0.705635275343,2.319895556856E-15));
#4241 = CARTESIAN_POINT('',(0.625872596478,1.107008796804E-02));
#4242 = CARTESIAN_POINT('',(0.547021940847,3.321024912344E-02));
#4243 = CARTESIAN_POINT('',(0.470003144383,6.663182017621E-02));
#4244 = CARTESIAN_POINT('',(0.395534307404,0.111757263392));
#4245 = CARTESIAN_POINT('',(0.324108306384,0.169244897203));
#4246 = ( GEOMETRIC_REPRESENTATION_CONTEXT(2) 
PARAMETRIC_REPRESENTATION_CONTEXT() REPRESENTATION_CONTEXT('2D SPACE',''
  ) );
#4247 = PCURVE('',#2636,#4248);
#4248 = DEFINITIONAL_REPRESENTATION('',(#4249),#4253);
#4249 = ( BOUNDED_CURVE() B_SPLINE_CURVE(2,(#4250,#4251,#4252),
.UNSPECIFIED.,.F.,.F.) B_SPLINE_CURVE_WITH_KNOTS((3,3),(
-1.023267154108E-15,0.478577328328),.PIECEWISE_BEZIER_KNOTS.) CURVE() 
GEOMETRIC_REPRESENTATION_ITEM() RATIONAL_B_SPLINE_CURVE((1.,
1.028766401755,1.)) REPRESENTATION_ITEM('') );
#4250 = CARTESIAN_POINT('',(1.45,2.15));
#4251 = CARTESIAN_POINT('',(1.109505561508,2.15));
#4252 = CARTESIAN_POINT('',(0.729268401471,2.319244897203));
#4253 = ( GEOMETRIC_REPRESENTATION_CONTEXT(2) 
PARAMETRIC_REPRESENTATION_CONTEXT() REPRESENTATION_CONTEXT('2D SPACE',''
  ) );
#4254 = ORIENTED_EDGE('',*,*,#4255,.F.);
#4255 = EDGE_CURVE('',#4256,#4228,#4258,.T.);
#4256 = VERTEX_POINT('',#4257);
#4257 = CARTESIAN_POINT('',(-9.649390334559,18.619468690424,-30.45));
#4258 = SURFACE_CURVE('',#4259,(#4264,#4275),.PCURVE_S1.);
#4259 = HYPERBOLA('',#4260,1.45,1.45);
#4260 = AXIS2_PLACEMENT_3D('',#4261,#4262,#4263);
#4261 = CARTESIAN_POINT('',(-9.22469516728,17.05,-30.02530483272));
#4262 = DIRECTION('',(0.707106781187,5.105576340132E-33,-0.707106781187)
  );
#4263 = DIRECTION('',(1.110223024625E-16,1.,1.110223024625E-16));
#4264 = PCURVE('',#722,#4265);
#4265 = DEFINITIONAL_REPRESENTATION('',(#4266),#4274);
#4266 = B_SPLINE_CURVE_WITH_KNOTS('',6,(#4267,#4268,#4269,#4270,#4271,
    #4272,#4273),.UNSPECIFIED.,.F.,.F.,(7,7),(-0.478577328328,
    -1.023267154108E-15),.PIECEWISE_BEZIER_KNOTS.);
#4267 = CARTESIAN_POINT('',(1.246688020411,0.169244897203));
#4268 = CARTESIAN_POINT('',(1.175262019391,0.111757263392));
#4269 = CARTESIAN_POINT('',(1.100793182412,6.663182017621E-02));
#4270 = CARTESIAN_POINT('',(1.023774385948,3.321024912344E-02));
#4271 = CARTESIAN_POINT('',(0.944923730317,1.107008796805E-02));
#4272 = CARTESIAN_POINT('',(0.865161051452,2.343041146569E-15));
#4273 = CARTESIAN_POINT('',(0.785398163397,2.331468351713E-15));
#4274 = ( GEOMETRIC_REPRESENTATION_CONTEXT(2) 
PARAMETRIC_REPRESENTATION_CONTEXT() REPRESENTATION_CONTEXT('2D SPACE',''
  ) );
#4275 = PCURVE('',#2636,#4276);
#4276 = DEFINITIONAL_REPRESENTATION('',(#4277),#4281);
#4277 = ( BOUNDED_CURVE() B_SPLINE_CURVE(2,(#4278,#4279,#4280),
.UNSPECIFIED.,.F.,.F.) B_SPLINE_CURVE_WITH_KNOTS((3,3),(-0.478577328328,
-1.023267154108E-15),.PIECEWISE_BEZIER_KNOTS.) CURVE() 
GEOMETRIC_REPRESENTATION_ITEM() RATIONAL_B_SPLINE_CURVE((1.,
1.028766401755,1.)) REPRESENTATION_ITEM('') );
#4278 = CARTESIAN_POINT('',(2.170731598529,2.319244897203));
#4279 = CARTESIAN_POINT('',(1.790494438492,2.15));
#4280 = CARTESIAN_POINT('',(1.45,2.15));
#4281 = ( GEOMETRIC_REPRESENTATION_CONTEXT(2) 
PARAMETRIC_REPRESENTATION_CONTEXT() REPRESENTATION_CONTEXT('2D SPACE',''
  ) );
#4282 = ORIENTED_EDGE('',*,*,#4283,.F.);
#4283 = EDGE_CURVE('',#4284,#4256,#4286,.T.);
#4284 = VERTEX_POINT('',#4285);
#4285 = CARTESIAN_POINT('',(-10.25,18.5,-30.45));
#4286 = SURFACE_CURVE('',#4287,(#4292,#4303),.PCURVE_S1.);
#4287 = HYPERBOLA('',#4288,1.45,1.45);
#4288 = AXIS2_PLACEMENT_3D('',#4289,#4290,#4291);
#4289 = CARTESIAN_POINT('',(-10.25,17.05,-30.45));
#4290 = DIRECTION('',(2.22044604925E-16,0.,-1.));
#4291 = DIRECTION('',(4.930380657631E-32,1.,1.094764425254E-47));
#4292 = PCURVE('',#722,#4293);
#4293 = DEFINITIONAL_REPRESENTATION('',(#4294),#4302);
#4294 = B_SPLINE_CURVE_WITH_KNOTS('',6,(#4295,#4296,#4297,#4298,#4299,
    #4300,#4301),.UNSPECIFIED.,.F.,.F.,(7,7),(3.127214104528E-08,
    0.44118284331),.PIECEWISE_BEZIER_KNOTS.);
#4295 = CARTESIAN_POINT('',(1.570796295523,0.));
#4296 = CARTESIAN_POINT('',(1.49726582685,3.334210004274E-09));
#4297 = CARTESIAN_POINT('',(1.423735490437,9.407717658331E-03));
#4298 = CARTESIAN_POINT('',(1.350919884195,2.822313530656E-02));
#4299 = CARTESIAN_POINT('',(1.279538546292,5.659887673585E-02));
#4300 = CARTESIAN_POINT('',(1.210178477084,9.484007282568E-02));
#4301 = CARTESIAN_POINT('',(1.14326629233,0.143419494034));
#4302 = ( GEOMETRIC_REPRESENTATION_CONTEXT(2) 
PARAMETRIC_REPRESENTATION_CONTEXT() REPRESENTATION_CONTEXT('2D SPACE',''
  ) );
#4303 = PCURVE('',#2612,#4304);
#4304 = DEFINITIONAL_REPRESENTATION('',(#4305),#4309);
#4305 = ( BOUNDED_CURVE() B_SPLINE_CURVE(2,(#4306,#4307,#4308),
.UNSPECIFIED.,.F.,.F.) B_SPLINE_CURVE_WITH_KNOTS((3,3),(
3.127214104528E-08,0.44118284331),.PIECEWISE_BEZIER_KNOTS.) CURVE() 
GEOMETRIC_REPRESENTATION_ITEM() RATIONAL_B_SPLINE_CURVE((1.,
1.024429104828,1.)) REPRESENTATION_ITEM('') );
#4306 = CARTESIAN_POINT('',(4.534460451566E-08,-2.15));
#4307 = CARTESIAN_POINT('',(0.314768467019,-2.150000009843));
#4308 = CARTESIAN_POINT('',(0.660670631985,-2.293419494034));
#4309 = ( GEOMETRIC_REPRESENTATION_CONTEXT(2) 
PARAMETRIC_REPRESENTATION_CONTEXT() REPRESENTATION_CONTEXT('2D SPACE',''
  ) );
#4310 = ORIENTED_EDGE('',*,*,#4311,.T.);
#4311 = EDGE_CURVE('',#4284,#4312,#4314,.T.);
#4312 = VERTEX_POINT('',#4313);
#4313 = CARTESIAN_POINT('',(-10.25,18.5,-27.55));
#4314 = SURFACE_CURVE('',#4315,(#4320,#4327),.PCURVE_S1.);
#4315 = CIRCLE('',#4316,1.45);
#4316 = AXIS2_PLACEMENT_3D('',#4317,#4318,#4319);
#4317 = CARTESIAN_POINT('',(-10.25,18.5,-29.));
#4318 = DIRECTION('',(0.,1.,2.22044604925E-16));
#4319 = DIRECTION('',(1.,0.,-0.));
#4320 = PCURVE('',#722,#4321);
#4321 = DEFINITIONAL_REPRESENTATION('',(#4322),#4326);
#4322 = LINE('',#4323,#4324);
#4323 = CARTESIAN_POINT('',(0.,0.));
#4324 = VECTOR('',#4325,1.);
#4325 = DIRECTION('',(1.,0.));
#4326 = ( GEOMETRIC_REPRESENTATION_CONTEXT(2) 
PARAMETRIC_REPRESENTATION_CONTEXT() REPRESENTATION_CONTEXT('2D SPACE',''
  ) );
#4327 = PCURVE('',#2585,#4328);
#4328 = DEFINITIONAL_REPRESENTATION('',(#4329),#4333);
#4329 = LINE('',#4330,#4331);
#4330 = CARTESIAN_POINT('',(7.853981633974,2.25));
#4331 = VECTOR('',#4332,1.);
#4332 = DIRECTION('',(-1.,0.));
#4333 = ( GEOMETRIC_REPRESENTATION_CONTEXT(2) 
PARAMETRIC_REPRESENTATION_CONTEXT() REPRESENTATION_CONTEXT('2D SPACE',''
  ) );
#4334 = ORIENTED_EDGE('',*,*,#4335,.T.);
#4335 = EDGE_CURVE('',#4312,#4336,#4338,.T.);
#4336 = VERTEX_POINT('',#4337);
#4337 = CARTESIAN_POINT('',(-9.649390334559,18.619468690424,-27.55));
#4338 = SURFACE_CURVE('',#4339,(#4344,#4355),.PCURVE_S1.);
#4339 = HYPERBOLA('',#4340,1.45,1.45);
#4340 = AXIS2_PLACEMENT_3D('',#4341,#4342,#4343);
#4341 = CARTESIAN_POINT('',(-10.25,17.05,-27.55));
#4342 = DIRECTION('',(2.22044604925E-16,0.,-1.));
#4343 = DIRECTION('',(4.930380657631E-32,1.,1.094764425254E-47));
#4344 = PCURVE('',#722,#4345);
#4345 = DEFINITIONAL_REPRESENTATION('',(#4346),#4354);
#4346 = B_SPLINE_CURVE_WITH_KNOTS('',6,(#4347,#4348,#4349,#4350,#4351,
    #4352,#4353),.UNSPECIFIED.,.F.,.F.,(7,7),(-3.127214104528E-08,
    0.44118284331),.PIECEWISE_BEZIER_KNOTS.);
#4347 = CARTESIAN_POINT('',(4.712388949113,0.));
#4348 = CARTESIAN_POINT('',(4.78591942821,-3.334210507151E-09));
#4349 = CARTESIAN_POINT('',(4.859449775452,9.407706988861E-03));
#4350 = CARTESIAN_POINT('',(4.932265392626,2.82231232385E-02));
#4351 = CARTESIAN_POINT('',(5.003646741222,5.659886589333E-02));
#4352 = CARTESIAN_POINT('',(5.073006820609,9.484006593882E-02));
#4353 = CARTESIAN_POINT('',(5.139919014849,0.143419494034));
#4354 = ( GEOMETRIC_REPRESENTATION_CONTEXT(2) 
PARAMETRIC_REPRESENTATION_CONTEXT() REPRESENTATION_CONTEXT('2D SPACE',''
  ) );
#4355 = PCURVE('',#2553,#4356);
#4356 = DEFINITIONAL_REPRESENTATION('',(#4357),#4361);
#4357 = ( BOUNDED_CURVE() B_SPLINE_CURVE(2,(#4358,#4359,#4360),
.UNSPECIFIED.,.F.,.F.) B_SPLINE_CURVE_WITH_KNOTS((3,3),(
-3.127214104528E-08,0.44118284331),.PIECEWISE_BEZIER_KNOTS.) CURVE() 
GEOMETRIC_REPRESENTATION_ITEM() RATIONAL_B_SPLINE_CURVE((1.,
1.024429111782,1.)) REPRESENTATION_ITEM('') );
#4358 = CARTESIAN_POINT('',(-4.534460451566E-08,-2.15));
#4359 = CARTESIAN_POINT('',(0.314768419537,-2.149999990157));
#4360 = CARTESIAN_POINT('',(0.660670631985,-2.293419494034));
#4361 = ( GEOMETRIC_REPRESENTATION_CONTEXT(2) 
PARAMETRIC_REPRESENTATION_CONTEXT() REPRESENTATION_CONTEXT('2D SPACE',''
  ) );
#4362 = ORIENTED_EDGE('',*,*,#4363,.T.);
#4363 = EDGE_CURVE('',#4336,#4364,#4366,.T.);
#4364 = VERTEX_POINT('',#4365);
#4365 = CARTESIAN_POINT('',(-9.22469516728,18.5,-27.97469516728));
#4366 = SURFACE_CURVE('',#4367,(#4372,#4383),.PCURVE_S1.);
#4367 = HYPERBOLA('',#4368,1.45,1.45);
#4368 = AXIS2_PLACEMENT_3D('',#4369,#4370,#4371);
#4369 = CARTESIAN_POINT('',(-9.22469516728,17.05,-27.97469516728));
#4370 = DIRECTION('',(-0.707106781187,-5.105576340132E-33,
    -0.707106781187));
#4371 = DIRECTION('',(-1.110223024625E-16,1.,1.110223024625E-16));
#4372 = PCURVE('',#722,#4373);
#4373 = DEFINITIONAL_REPRESENTATION('',(#4374),#4382);
#4374 = B_SPLINE_CURVE_WITH_KNOTS('',6,(#4375,#4376,#4377,#4378,#4379,
    #4380,#4381),.UNSPECIFIED.,.F.,.F.,(7,7),(-0.478577328328,
    1.570092458684E-16),.PIECEWISE_BEZIER_KNOTS.);
#4375 = CARTESIAN_POINT('',(5.036497286769,0.169244897203));
#4376 = CARTESIAN_POINT('',(5.107923287789,0.111757263392));
#4377 = CARTESIAN_POINT('',(5.182392124767,6.663182017621E-02));
#4378 = CARTESIAN_POINT('',(5.259410921231,3.321024912343E-02));
#4379 = CARTESIAN_POINT('',(5.338261576863,1.107008796805E-02));
#4380 = CARTESIAN_POINT('',(5.418024255727,-1.107053971141E-16));
#4381 = CARTESIAN_POINT('',(5.497787143782,-1.110223024625E-16));
#4382 = ( GEOMETRIC_REPRESENTATION_CONTEXT(2) 
PARAMETRIC_REPRESENTATION_CONTEXT() REPRESENTATION_CONTEXT('2D SPACE',''
  ) );
#4383 = PCURVE('',#2527,#4384);
#4384 = DEFINITIONAL_REPRESENTATION('',(#4385),#4389);
#4385 = ( BOUNDED_CURVE() B_SPLINE_CURVE(2,(#4386,#4387,#4388),
.UNSPECIFIED.,.F.,.F.) B_SPLINE_CURVE_WITH_KNOTS((3,3),(-0.478577328328,
1.570092458684E-16),.PIECEWISE_BEZIER_KNOTS.) CURVE() 
GEOMETRIC_REPRESENTATION_ITEM() RATIONAL_B_SPLINE_CURVE((1.,
1.028766401755,1.)) REPRESENTATION_ITEM('') );
#4386 = CARTESIAN_POINT('',(0.729268401471,-2.319244897203));
#4387 = CARTESIAN_POINT('',(1.109505561508,-2.15));
#4388 = CARTESIAN_POINT('',(1.45,-2.15));
#4389 = ( GEOMETRIC_REPRESENTATION_CONTEXT(2) 
PARAMETRIC_REPRESENTATION_CONTEXT() REPRESENTATION_CONTEXT('2D SPACE',''
  ) );
#4390 = ORIENTED_EDGE('',*,*,#4391,.T.);
#4391 = EDGE_CURVE('',#4364,#4392,#4394,.T.);
#4392 = VERTEX_POINT('',#4393);
#4393 = CARTESIAN_POINT('',(-8.8,18.619468690424,-28.39939033455));
#4394 = SURFACE_CURVE('',#4395,(#4400,#4411),.PCURVE_S1.);
#4395 = HYPERBOLA('',#4396,1.45,1.45);
#4396 = AXIS2_PLACEMENT_3D('',#4397,#4398,#4399);
#4397 = CARTESIAN_POINT('',(-9.22469516728,17.05,-27.97469516728));
#4398 = DIRECTION('',(-0.707106781187,-5.105576340132E-33,
    -0.707106781187));
#4399 = DIRECTION('',(-1.110223024625E-16,1.,1.110223024625E-16));
#4400 = PCURVE('',#722,#4401);
#4401 = DEFINITIONAL_REPRESENTATION('',(#4402),#4410);
#4402 = B_SPLINE_CURVE_WITH_KNOTS('',6,(#4403,#4404,#4405,#4406,#4407,
    #4408,#4409),.UNSPECIFIED.,.F.,.F.,(7,7),(1.570092458684E-16,
    0.478577328328),.PIECEWISE_BEZIER_KNOTS.);
#4403 = CARTESIAN_POINT('',(5.497787143782,-1.110223024625E-16));
#4404 = CARTESIAN_POINT('',(5.577550031837,-1.11339207811E-16));
#4405 = CARTESIAN_POINT('',(5.657312710701,1.107008796805E-02));
#4406 = CARTESIAN_POINT('',(5.736163366332,3.321024912342E-02));
#4407 = CARTESIAN_POINT('',(5.813182162797,6.663182017622E-02));
#4408 = CARTESIAN_POINT('',(5.887650999775,0.111757263392));
#4409 = CARTESIAN_POINT('',(5.959077000795,0.169244897203));
#4410 = ( GEOMETRIC_REPRESENTATION_CONTEXT(2) 
PARAMETRIC_REPRESENTATION_CONTEXT() REPRESENTATION_CONTEXT('2D SPACE',''
  ) );
#4411 = PCURVE('',#2527,#4412);
#4412 = DEFINITIONAL_REPRESENTATION('',(#4413),#4417);
#4413 = ( BOUNDED_CURVE() B_SPLINE_CURVE(2,(#4414,#4415,#4416),
.UNSPECIFIED.,.F.,.F.) B_SPLINE_CURVE_WITH_KNOTS((3,3),(
1.570092458684E-16,0.478577328328),.PIECEWISE_BEZIER_KNOTS.) CURVE() 
GEOMETRIC_REPRESENTATION_ITEM() RATIONAL_B_SPLINE_CURVE((1.,
1.028766401755,1.)) REPRESENTATION_ITEM('') );
#4414 = CARTESIAN_POINT('',(1.45,-2.15));
#4415 = CARTESIAN_POINT('',(1.790494438492,-2.15));
#4416 = CARTESIAN_POINT('',(2.170731598529,-2.319244897203));
#4417 = ( GEOMETRIC_REPRESENTATION_CONTEXT(2) 
PARAMETRIC_REPRESENTATION_CONTEXT() REPRESENTATION_CONTEXT('2D SPACE',''
  ) );
#4418 = ORIENTED_EDGE('',*,*,#4419,.F.);
#4419 = EDGE_CURVE('',#4177,#4392,#4420,.T.);
#4420 = SURFACE_CURVE('',#4421,(#4426,#4437),.PCURVE_S1.);
#4421 = HYPERBOLA('',#4422,1.45,1.45);
#4422 = AXIS2_PLACEMENT_3D('',#4423,#4424,#4425);
#4423 = CARTESIAN_POINT('',(-8.8,17.05,-29.));
#4424 = DIRECTION('',(1.,0.,2.22044604925E-16));
#4425 = DIRECTION('',(-4.930380657631E-32,1.,2.22044604925E-16));
#4426 = PCURVE('',#722,#4427);
#4427 = DEFINITIONAL_REPRESENTATION('',(#4428),#4436);
#4428 = B_SPLINE_CURVE_WITH_KNOTS('',6,(#4429,#4430,#4431,#4432,#4433,
    #4434,#4435),.UNSPECIFIED.,.F.,.F.,(7,7),(-2.22044604925E-16,
    0.478577328328),.PIECEWISE_BEZIER_KNOTS.);
#4429 = CARTESIAN_POINT('',(6.28318530718,2.331468351713E-15));
#4430 = CARTESIAN_POINT('',(6.203422419125,2.305787519212E-15));
#4431 = CARTESIAN_POINT('',(6.12365974026,1.107008796804E-02));
#4432 = CARTESIAN_POINT('',(6.044809084629,3.321024912344E-02));
#4433 = CARTESIAN_POINT('',(5.967790288165,6.663182017622E-02));
#4434 = CARTESIAN_POINT('',(5.893321451186,0.111757263392));
#4435 = CARTESIAN_POINT('',(5.821895450166,0.169244897203));
#4436 = ( GEOMETRIC_REPRESENTATION_CONTEXT(2) 
PARAMETRIC_REPRESENTATION_CONTEXT() REPRESENTATION_CONTEXT('2D SPACE',''
  ) );
#4437 = PCURVE('',#2501,#4438);
#4438 = DEFINITIONAL_REPRESENTATION('',(#4439),#4443);
#4439 = ( BOUNDED_CURVE() B_SPLINE_CURVE(2,(#4440,#4441,#4442),
.UNSPECIFIED.,.F.,.F.) B_SPLINE_CURVE_WITH_KNOTS((3,3),(
-2.22044604925E-16,0.478577328328),.PIECEWISE_BEZIER_KNOTS.) CURVE() 
GEOMETRIC_REPRESENTATION_ITEM() RATIONAL_B_SPLINE_CURVE((1.,
1.028766401755,1.)) REPRESENTATION_ITEM('') );
#4440 = CARTESIAN_POINT('',(1.45,2.15));
#4441 = CARTESIAN_POINT('',(1.109505561508,2.15));
#4442 = CARTESIAN_POINT('',(0.729268401471,2.319244897203));
#4443 = ( GEOMETRIC_REPRESENTATION_CONTEXT(2) 
PARAMETRIC_REPRESENTATION_CONTEXT() REPRESENTATION_CONTEXT('2D SPACE',''
  ) );
#4444 = ORIENTED_EDGE('',*,*,#4176,.T.);
#4445 = ADVANCED_FACE('',(#4446),#753,.F.);
#4446 = FACE_BOUND('',#4447,.F.);
#4447 = EDGE_LOOP('',(#4448,#4449,#4472,#4500,#4528,#4556,#4584,#4608,
    #4636,#4664,#4692,#4718));
#4448 = ORIENTED_EDGE('',*,*,#736,.F.);
#4449 = ORIENTED_EDGE('',*,*,#4450,.F.);
#4450 = EDGE_CURVE('',#4451,#737,#4453,.T.);
#4451 = VERTEX_POINT('',#4452);
#4452 = CARTESIAN_POINT('',(-8.8,18.5,-8.3));
#4453 = SEAM_CURVE('',#4454,(#4458,#4465),.PCURVE_S1.);
#4454 = LINE('',#4455,#4456);
#4455 = CARTESIAN_POINT('',(-8.8,18.5,-8.3));
#4456 = VECTOR('',#4457,1.);
#4457 = DIRECTION('',(0.707106781187,0.707106781187,3.302004571155E-16)
  );
#4458 = PCURVE('',#753,#4459);
#4459 = DEFINITIONAL_REPRESENTATION('',(#4460),#4464);
#4460 = LINE('',#4461,#4462);
#4461 = CARTESIAN_POINT('',(6.28318530718,-0.));
#4462 = VECTOR('',#4463,1.);
#4463 = DIRECTION('',(0.,1.));
#4464 = ( GEOMETRIC_REPRESENTATION_CONTEXT(2) 
PARAMETRIC_REPRESENTATION_CONTEXT() REPRESENTATION_CONTEXT('2D SPACE',''
  ) );
#4465 = PCURVE('',#753,#4466);
#4466 = DEFINITIONAL_REPRESENTATION('',(#4467),#4471);
#4467 = LINE('',#4468,#4469);
#4468 = CARTESIAN_POINT('',(0.,-0.));
#4469 = VECTOR('',#4470,1.);
#4470 = DIRECTION('',(0.,1.));
#4471 = ( GEOMETRIC_REPRESENTATION_CONTEXT(2) 
PARAMETRIC_REPRESENTATION_CONTEXT() REPRESENTATION_CONTEXT('2D SPACE',''
  ) );
#4472 = ORIENTED_EDGE('',*,*,#4473,.F.);
#4473 = EDGE_CURVE('',#4474,#4451,#4476,.T.);
#4474 = VERTEX_POINT('',#4475);
#4475 = CARTESIAN_POINT('',(-8.8,18.619468690424,-8.900609665441));
#4476 = SURFACE_CURVE('',#4477,(#4482,#4493),.PCURVE_S1.);
#4477 = HYPERBOLA('',#4478,1.45,1.45);
#4478 = AXIS2_PLACEMENT_3D('',#4479,#4480,#4481);
#4479 = CARTESIAN_POINT('',(-8.8,17.05,-8.3));
#4480 = DIRECTION('',(1.,0.,2.22044604925E-16));
#4481 = DIRECTION('',(-4.930380657631E-32,1.,2.22044604925E-16));
#4482 = PCURVE('',#753,#4483);
#4483 = DEFINITIONAL_REPRESENTATION('',(#4484),#4492);
#4484 = B_SPLINE_CURVE_WITH_KNOTS('',6,(#4485,#4486,#4487,#4488,#4489,
    #4490,#4491),.UNSPECIFIED.,.F.,.F.,(7,7),(-0.478577328328,
    -2.22044604925E-16),.PIECEWISE_BEZIER_KNOTS.);
#4485 = CARTESIAN_POINT('',(0.461289857013,0.169244897203));
#4486 = CARTESIAN_POINT('',(0.389863855993,0.111757263392));
#4487 = CARTESIAN_POINT('',(0.315395019015,6.663182017621E-02));
#4488 = CARTESIAN_POINT('',(0.23837622255,3.321024912343E-02));
#4489 = CARTESIAN_POINT('',(0.159525566919,1.107008796805E-02));
#4490 = CARTESIAN_POINT('',(7.976288805464E-02,-3.073860748872E-16));
#4491 = CARTESIAN_POINT('',(0.,-3.330669073875E-16));
#4492 = ( GEOMETRIC_REPRESENTATION_CONTEXT(2) 
PARAMETRIC_REPRESENTATION_CONTEXT() REPRESENTATION_CONTEXT('2D SPACE',''
  ) );
#4493 = PCURVE('',#2666,#4494);
#4494 = DEFINITIONAL_REPRESENTATION('',(#4495),#4499);
#4495 = ( BOUNDED_CURVE() B_SPLINE_CURVE(2,(#4496,#4497,#4498),
.UNSPECIFIED.,.F.,.F.) B_SPLINE_CURVE_WITH_KNOTS((3,3),(-0.478577328328,
-2.22044604925E-16),.PIECEWISE_BEZIER_KNOTS.) CURVE() 
GEOMETRIC_REPRESENTATION_ITEM() RATIONAL_B_SPLINE_CURVE((1.,
1.028766401755,1.)) REPRESENTATION_ITEM('') );
#4496 = CARTESIAN_POINT('',(2.170731598529,2.319244897203));
#4497 = CARTESIAN_POINT('',(1.790494438492,2.15));
#4498 = CARTESIAN_POINT('',(1.45,2.15));
#4499 = ( GEOMETRIC_REPRESENTATION_CONTEXT(2) 
PARAMETRIC_REPRESENTATION_CONTEXT() REPRESENTATION_CONTEXT('2D SPACE',''
  ) );
#4500 = ORIENTED_EDGE('',*,*,#4501,.F.);
#4501 = EDGE_CURVE('',#4502,#4474,#4504,.T.);
#4502 = VERTEX_POINT('',#4503);
#4503 = CARTESIAN_POINT('',(-9.22469516728,18.5,-9.32530483272));
#4504 = SURFACE_CURVE('',#4505,(#4510,#4521),.PCURVE_S1.);
#4505 = HYPERBOLA('',#4506,1.45,1.45);
#4506 = AXIS2_PLACEMENT_3D('',#4507,#4508,#4509);
#4507 = CARTESIAN_POINT('',(-9.22469516728,17.05,-9.32530483272));
#4508 = DIRECTION('',(0.707106781187,5.105576340132E-33,-0.707106781187)
  );
#4509 = DIRECTION('',(1.110223024625E-16,1.,1.110223024625E-16));
#4510 = PCURVE('',#753,#4511);
#4511 = DEFINITIONAL_REPRESENTATION('',(#4512),#4520);
#4512 = B_SPLINE_CURVE_WITH_KNOTS('',6,(#4513,#4514,#4515,#4516,#4517,
    #4518,#4519),.UNSPECIFIED.,.F.,.F.,(7,7),(-1.570092458684E-16,
    0.478577328328),.PIECEWISE_BEZIER_KNOTS.);
#4513 = CARTESIAN_POINT('',(0.785398163397,-1.110223024625E-16));
#4514 = CARTESIAN_POINT('',(0.705635275343,-1.200188039533E-16));
#4515 = CARTESIAN_POINT('',(0.625872596478,1.107008796805E-02));
#4516 = CARTESIAN_POINT('',(0.547021940847,3.321024912342E-02));
#4517 = CARTESIAN_POINT('',(0.470003144383,6.663182017622E-02));
#4518 = CARTESIAN_POINT('',(0.395534307404,0.111757263392));
#4519 = CARTESIAN_POINT('',(0.324108306384,0.169244897203));
#4520 = ( GEOMETRIC_REPRESENTATION_CONTEXT(2) 
PARAMETRIC_REPRESENTATION_CONTEXT() REPRESENTATION_CONTEXT('2D SPACE',''
  ) );
#4521 = PCURVE('',#2801,#4522);
#4522 = DEFINITIONAL_REPRESENTATION('',(#4523),#4527);
#4523 = ( BOUNDED_CURVE() B_SPLINE_CURVE(2,(#4524,#4525,#4526),
.UNSPECIFIED.,.F.,.F.) B_SPLINE_CURVE_WITH_KNOTS((3,3),(
-1.570092458684E-16,0.478577328328),.PIECEWISE_BEZIER_KNOTS.) CURVE() 
GEOMETRIC_REPRESENTATION_ITEM() RATIONAL_B_SPLINE_CURVE((1.,
1.028766401755,1.)) REPRESENTATION_ITEM('') );
#4524 = CARTESIAN_POINT('',(1.45,2.15));
#4525 = CARTESIAN_POINT('',(1.109505561508,2.15));
#4526 = CARTESIAN_POINT('',(0.729268401471,2.319244897203));
#4527 = ( GEOMETRIC_REPRESENTATION_CONTEXT(2) 
PARAMETRIC_REPRESENTATION_CONTEXT() REPRESENTATION_CONTEXT('2D SPACE',''
  ) );
#4528 = ORIENTED_EDGE('',*,*,#4529,.F.);
#4529 = EDGE_CURVE('',#4530,#4502,#4532,.T.);
#4530 = VERTEX_POINT('',#4531);
#4531 = CARTESIAN_POINT('',(-9.649390334559,18.619468690424,-9.75));
#4532 = SURFACE_CURVE('',#4533,(#4538,#4549),.PCURVE_S1.);
#4533 = HYPERBOLA('',#4534,1.45,1.45);
#4534 = AXIS2_PLACEMENT_3D('',#4535,#4536,#4537);
#4535 = CARTESIAN_POINT('',(-9.22469516728,17.05,-9.32530483272));
#4536 = DIRECTION('',(0.707106781187,5.105576340132E-33,-0.707106781187)
  );
#4537 = DIRECTION('',(1.110223024625E-16,1.,1.110223024625E-16));
#4538 = PCURVE('',#753,#4539);
#4539 = DEFINITIONAL_REPRESENTATION('',(#4540),#4548);
#4540 = B_SPLINE_CURVE_WITH_KNOTS('',6,(#4541,#4542,#4543,#4544,#4545,
    #4546,#4547),.UNSPECIFIED.,.F.,.F.,(7,7),(-0.478577328328,
    -1.570092458684E-16),.PIECEWISE_BEZIER_KNOTS.);
#4541 = CARTESIAN_POINT('',(1.246688020411,0.169244897203));
#4542 = CARTESIAN_POINT('',(1.175262019391,0.111757263392));
#4543 = CARTESIAN_POINT('',(1.100793182412,6.663182017622E-02));
#4544 = CARTESIAN_POINT('',(1.023774385948,3.321024912342E-02));
#4545 = CARTESIAN_POINT('',(0.944923730317,1.107008796805E-02));
#4546 = CARTESIAN_POINT('',(0.865161051452,-1.020258009718E-16));
#4547 = CARTESIAN_POINT('',(0.785398163397,-1.110223024625E-16));
#4548 = ( GEOMETRIC_REPRESENTATION_CONTEXT(2) 
PARAMETRIC_REPRESENTATION_CONTEXT() REPRESENTATION_CONTEXT('2D SPACE',''
  ) );
#4549 = PCURVE('',#2801,#4550);
#4550 = DEFINITIONAL_REPRESENTATION('',(#4551),#4555);
#4551 = ( BOUNDED_CURVE() B_SPLINE_CURVE(2,(#4552,#4553,#4554),
.UNSPECIFIED.,.F.,.F.) B_SPLINE_CURVE_WITH_KNOTS((3,3),(-0.478577328328,
-1.570092458684E-16),.PIECEWISE_BEZIER_KNOTS.) CURVE() 
GEOMETRIC_REPRESENTATION_ITEM() RATIONAL_B_SPLINE_CURVE((1.,
1.028766401755,1.)) REPRESENTATION_ITEM('') );
#4552 = CARTESIAN_POINT('',(2.170731598529,2.319244897203));
#4553 = CARTESIAN_POINT('',(1.790494438492,2.15));
#4554 = CARTESIAN_POINT('',(1.45,2.15));
#4555 = ( GEOMETRIC_REPRESENTATION_CONTEXT(2) 
PARAMETRIC_REPRESENTATION_CONTEXT() REPRESENTATION_CONTEXT('2D SPACE',''
  ) );
#4556 = ORIENTED_EDGE('',*,*,#4557,.F.);
#4557 = EDGE_CURVE('',#4558,#4530,#4560,.T.);
#4558 = VERTEX_POINT('',#4559);
#4559 = CARTESIAN_POINT('',(-10.25,18.5,-9.75));
#4560 = SURFACE_CURVE('',#4561,(#4566,#4577),.PCURVE_S1.);
#4561 = HYPERBOLA('',#4562,1.45,1.45);
#4562 = AXIS2_PLACEMENT_3D('',#4563,#4564,#4565);
#4563 = CARTESIAN_POINT('',(-10.25,17.05,-9.75));
#4564 = DIRECTION('',(2.22044604925E-16,0.,-1.));
#4565 = DIRECTION('',(4.930380657631E-32,1.,1.094764425254E-47));
#4566 = PCURVE('',#753,#4567);
#4567 = DEFINITIONAL_REPRESENTATION('',(#4568),#4576);
#4568 = B_SPLINE_CURVE_WITH_KNOTS('',6,(#4569,#4570,#4571,#4572,#4573,
    #4574,#4575),.UNSPECIFIED.,.F.,.F.,(7,7),(5.314002111908E-11,
    0.44118284331),.PIECEWISE_BEZIER_KNOTS.);
#4569 = CARTESIAN_POINT('',(1.570796326742,2.331468351713E-15));
#4570 = CARTESIAN_POINT('',(1.497265852866,5.668064260854E-12));
#4571 = CARTESIAN_POINT('',(1.423735511047,9.407712332658E-03));
#4572 = CARTESIAN_POINT('',(1.350919899348,2.822312928278E-02));
#4573 = CARTESIAN_POINT('',(1.279538556108,5.659887132381E-02));
#4574 = CARTESIAN_POINT('',(1.210178481819,9.48400693881E-02));
#4575 = CARTESIAN_POINT('',(1.14326629233,0.143419494034));
#4576 = ( GEOMETRIC_REPRESENTATION_CONTEXT(2) 
PARAMETRIC_REPRESENTATION_CONTEXT() REPRESENTATION_CONTEXT('2D SPACE',''
  ) );
#4577 = PCURVE('',#2777,#4578);
#4578 = DEFINITIONAL_REPRESENTATION('',(#4579),#4583);
#4579 = ( BOUNDED_CURVE() B_SPLINE_CURVE(2,(#4580,#4581,#4582),
.UNSPECIFIED.,.F.,.F.) B_SPLINE_CURVE_WITH_KNOTS((3,3),(
5.314002111908E-11,0.44118284331),.PIECEWISE_BEZIER_KNOTS.) CURVE() 
GEOMETRIC_REPRESENTATION_ITEM() RATIONAL_B_SPLINE_CURVE((1.,
1.024429108299,1.)) REPRESENTATION_ITEM('') );
#4580 = CARTESIAN_POINT('',(7.705303062266E-11,-2.15));
#4581 = CARTESIAN_POINT('',(0.314768443318,-2.150000000017));
#4582 = CARTESIAN_POINT('',(0.660670631985,-2.293419494034));
#4583 = ( GEOMETRIC_REPRESENTATION_CONTEXT(2) 
PARAMETRIC_REPRESENTATION_CONTEXT() REPRESENTATION_CONTEXT('2D SPACE',''
  ) );
#4584 = ORIENTED_EDGE('',*,*,#4585,.T.);
#4585 = EDGE_CURVE('',#4558,#4586,#4588,.T.);
#4586 = VERTEX_POINT('',#4587);
#4587 = CARTESIAN_POINT('',(-10.25,18.5,-6.85));
#4588 = SURFACE_CURVE('',#4589,(#4594,#4601),.PCURVE_S1.);
#4589 = CIRCLE('',#4590,1.45);
#4590 = AXIS2_PLACEMENT_3D('',#4591,#4592,#4593);
#4591 = CARTESIAN_POINT('',(-10.25,18.5,-8.3));
#4592 = DIRECTION('',(0.,1.,2.22044604925E-16));
#4593 = DIRECTION('',(1.,0.,-0.));
#4594 = PCURVE('',#753,#4595);
#4595 = DEFINITIONAL_REPRESENTATION('',(#4596),#4600);
#4596 = LINE('',#4597,#4598);
#4597 = CARTESIAN_POINT('',(0.,0.));
#4598 = VECTOR('',#4599,1.);
#4599 = DIRECTION('',(1.,0.));
#4600 = ( GEOMETRIC_REPRESENTATION_CONTEXT(2) 
PARAMETRIC_REPRESENTATION_CONTEXT() REPRESENTATION_CONTEXT('2D SPACE',''
  ) );
#4601 = PCURVE('',#2750,#4602);
#4602 = DEFINITIONAL_REPRESENTATION('',(#4603),#4607);
#4603 = LINE('',#4604,#4605);
#4604 = CARTESIAN_POINT('',(7.853981633974,2.25));
#4605 = VECTOR('',#4606,1.);
#4606 = DIRECTION('',(-1.,0.));
#4607 = ( GEOMETRIC_REPRESENTATION_CONTEXT(2) 
PARAMETRIC_REPRESENTATION_CONTEXT() REPRESENTATION_CONTEXT('2D SPACE',''
  ) );
#4608 = ORIENTED_EDGE('',*,*,#4609,.T.);
#4609 = EDGE_CURVE('',#4586,#4610,#4612,.T.);
#4610 = VERTEX_POINT('',#4611);
#4611 = CARTESIAN_POINT('',(-9.649390334559,18.619468690424,-6.85));
#4612 = SURFACE_CURVE('',#4613,(#4618,#4629),.PCURVE_S1.);
#4613 = HYPERBOLA('',#4614,1.45,1.45);
#4614 = AXIS2_PLACEMENT_3D('',#4615,#4616,#4617);
#4615 = CARTESIAN_POINT('',(-10.25,17.05,-6.85));
#4616 = DIRECTION('',(2.22044604925E-16,0.,-1.));
#4617 = DIRECTION('',(4.930380657631E-32,1.,1.094764425254E-47));
#4618 = PCURVE('',#753,#4619);
#4619 = DEFINITIONAL_REPRESENTATION('',(#4620),#4628);
#4620 = B_SPLINE_CURVE_WITH_KNOTS('',6,(#4621,#4622,#4623,#4624,#4625,
    #4626,#4627),.UNSPECIFIED.,.F.,.F.,(7,7),(-3.127214104528E-08,
    0.44118284331),.PIECEWISE_BEZIER_KNOTS.);
#4621 = CARTESIAN_POINT('',(4.712388949113,1.7763568394E-15));
#4622 = CARTESIAN_POINT('',(4.78591942821,-3.334208730794E-09));
#4623 = CARTESIAN_POINT('',(4.859449775452,9.407706988862E-03));
#4624 = CARTESIAN_POINT('',(4.932265392626,2.82231232385E-02));
#4625 = CARTESIAN_POINT('',(5.003646741222,5.659886589333E-02));
#4626 = CARTESIAN_POINT('',(5.073006820609,9.484006593882E-02));
#4627 = CARTESIAN_POINT('',(5.139919014849,0.143419494034));
#4628 = ( GEOMETRIC_REPRESENTATION_CONTEXT(2) 
PARAMETRIC_REPRESENTATION_CONTEXT() REPRESENTATION_CONTEXT('2D SPACE',''
  ) );
#4629 = PCURVE('',#2718,#4630);
#4630 = DEFINITIONAL_REPRESENTATION('',(#4631),#4635);
#4631 = ( BOUNDED_CURVE() B_SPLINE_CURVE(2,(#4632,#4633,#4634),
.UNSPECIFIED.,.F.,.F.) B_SPLINE_CURVE_WITH_KNOTS((3,3),(
-3.127214104528E-08,0.44118284331),.PIECEWISE_BEZIER_KNOTS.) CURVE() 
GEOMETRIC_REPRESENTATION_ITEM() RATIONAL_B_SPLINE_CURVE((1.,
1.024429111782,1.)) REPRESENTATION_ITEM('') );
#4632 = CARTESIAN_POINT('',(-4.534460451566E-08,-2.15));
#4633 = CARTESIAN_POINT('',(0.314768419537,-2.149999990157));
#4634 = CARTESIAN_POINT('',(0.660670631985,-2.293419494034));
#4635 = ( GEOMETRIC_REPRESENTATION_CONTEXT(2) 
PARAMETRIC_REPRESENTATION_CONTEXT() REPRESENTATION_CONTEXT('2D SPACE',''
  ) );
#4636 = ORIENTED_EDGE('',*,*,#4637,.T.);
#4637 = EDGE_CURVE('',#4610,#4638,#4640,.T.);
#4638 = VERTEX_POINT('',#4639);
#4639 = CARTESIAN_POINT('',(-9.22469516728,18.5,-7.27469516728));
#4640 = SURFACE_CURVE('',#4641,(#4646,#4657),.PCURVE_S1.);
#4641 = HYPERBOLA('',#4642,1.45,1.45);
#4642 = AXIS2_PLACEMENT_3D('',#4643,#4644,#4645);
#4643 = CARTESIAN_POINT('',(-9.22469516728,17.05,-7.27469516728));
#4644 = DIRECTION('',(-0.707106781187,-5.105576340132E-33,
    -0.707106781187));
#4645 = DIRECTION('',(-1.110223024625E-16,1.,1.110223024625E-16));
#4646 = PCURVE('',#753,#4647);
#4647 = DEFINITIONAL_REPRESENTATION('',(#4648),#4656);
#4648 = B_SPLINE_CURVE_WITH_KNOTS('',6,(#4649,#4650,#4651,#4652,#4653,
    #4654,#4655),.UNSPECIFIED.,.F.,.F.,(7,7),(-0.478577328328,
    5.90138199988E-16),.PIECEWISE_BEZIER_KNOTS.);
#4649 = CARTESIAN_POINT('',(5.036497286769,0.169244897203));
#4650 = CARTESIAN_POINT('',(5.107923287789,0.111757263392));
#4651 = CARTESIAN_POINT('',(5.182392124767,6.663182017622E-02));
#4652 = CARTESIAN_POINT('',(5.259410921232,3.321024912344E-02));
#4653 = CARTESIAN_POINT('',(5.338261576863,1.107008796805E-02));
#4654 = CARTESIAN_POINT('',(5.418024255727,3.416961259883E-15));
#4655 = CARTESIAN_POINT('',(5.497787143782,3.441691376338E-15));
#4656 = ( GEOMETRIC_REPRESENTATION_CONTEXT(2) 
PARAMETRIC_REPRESENTATION_CONTEXT() REPRESENTATION_CONTEXT('2D SPACE',''
  ) );
#4657 = PCURVE('',#2692,#4658);
#4658 = DEFINITIONAL_REPRESENTATION('',(#4659),#4663);
#4659 = ( BOUNDED_CURVE() B_SPLINE_CURVE(2,(#4660,#4661,#4662),
.UNSPECIFIED.,.F.,.F.) B_SPLINE_CURVE_WITH_KNOTS((3,3),(-0.478577328328,
5.90138199988E-16),.PIECEWISE_BEZIER_KNOTS.) CURVE() 
GEOMETRIC_REPRESENTATION_ITEM() RATIONAL_B_SPLINE_CURVE((1.,
1.028766401755,1.)) REPRESENTATION_ITEM('') );
#4660 = CARTESIAN_POINT('',(0.729268401471,-2.319244897203));
#4661 = CARTESIAN_POINT('',(1.109505561508,-2.15));
#4662 = CARTESIAN_POINT('',(1.45,-2.15));
#4663 = ( GEOMETRIC_REPRESENTATION_CONTEXT(2) 
PARAMETRIC_REPRESENTATION_CONTEXT() REPRESENTATION_CONTEXT('2D SPACE',''
  ) );
#4664 = ORIENTED_EDGE('',*,*,#4665,.T.);
#4665 = EDGE_CURVE('',#4638,#4666,#4668,.T.);
#4666 = VERTEX_POINT('',#4667);
#4667 = CARTESIAN_POINT('',(-8.8,18.619468690424,-7.699390334559));
#4668 = SURFACE_CURVE('',#4669,(#4674,#4685),.PCURVE_S1.);
#4669 = HYPERBOLA('',#4670,1.45,1.45);
#4670 = AXIS2_PLACEMENT_3D('',#4671,#4672,#4673);
#4671 = CARTESIAN_POINT('',(-9.22469516728,17.05,-7.27469516728));
#4672 = DIRECTION('',(-0.707106781187,-5.105576340132E-33,
    -0.707106781187));
#4673 = DIRECTION('',(-1.110223024625E-16,1.,1.110223024625E-16));
#4674 = PCURVE('',#753,#4675);
#4675 = DEFINITIONAL_REPRESENTATION('',(#4676),#4684);
#4676 = B_SPLINE_CURVE_WITH_KNOTS('',6,(#4677,#4678,#4679,#4680,#4681,
    #4682,#4683),.UNSPECIFIED.,.F.,.F.,(7,7),(5.90138199988E-16,
    0.478577328328),.PIECEWISE_BEZIER_KNOTS.);
#4677 = CARTESIAN_POINT('',(5.497787143782,3.441691376338E-15));
#4678 = CARTESIAN_POINT('',(5.577550031837,3.466421492793E-15));
#4679 = CARTESIAN_POINT('',(5.657312710701,1.107008796805E-02));
#4680 = CARTESIAN_POINT('',(5.736163366333,3.321024912343E-02));
#4681 = CARTESIAN_POINT('',(5.813182162797,6.663182017622E-02));
#4682 = CARTESIAN_POINT('',(5.887650999775,0.111757263392));
#4683 = CARTESIAN_POINT('',(5.959077000795,0.169244897203));
#4684 = ( GEOMETRIC_REPRESENTATION_CONTEXT(2) 
PARAMETRIC_REPRESENTATION_CONTEXT() REPRESENTATION_CONTEXT('2D SPACE',''
  ) );
#4685 = PCURVE('',#2692,#4686);
#4686 = DEFINITIONAL_REPRESENTATION('',(#4687),#4691);
#4687 = ( BOUNDED_CURVE() B_SPLINE_CURVE(2,(#4688,#4689,#4690),
.UNSPECIFIED.,.F.,.F.) B_SPLINE_CURVE_WITH_KNOTS((3,3),(
5.90138199988E-16,0.478577328328),.PIECEWISE_BEZIER_KNOTS.) CURVE() 
GEOMETRIC_REPRESENTATION_ITEM() RATIONAL_B_SPLINE_CURVE((1.,
1.028766401755,1.)) REPRESENTATION_ITEM('') );
#4688 = CARTESIAN_POINT('',(1.45,-2.15));
#4689 = CARTESIAN_POINT('',(1.790494438492,-2.15));
#4690 = CARTESIAN_POINT('',(2.170731598529,-2.319244897203));
#4691 = ( GEOMETRIC_REPRESENTATION_CONTEXT(2) 
PARAMETRIC_REPRESENTATION_CONTEXT() REPRESENTATION_CONTEXT('2D SPACE',''
  ) );
#4692 = ORIENTED_EDGE('',*,*,#4693,.F.);
#4693 = EDGE_CURVE('',#4451,#4666,#4694,.T.);
#4694 = SURFACE_CURVE('',#4695,(#4700,#4711),.PCURVE_S1.);
#4695 = HYPERBOLA('',#4696,1.45,1.45);
#4696 = AXIS2_PLACEMENT_3D('',#4697,#4698,#4699);
#4697 = CARTESIAN_POINT('',(-8.8,17.05,-8.3));
#4698 = DIRECTION('',(1.,0.,2.22044604925E-16));
#4699 = DIRECTION('',(-4.930380657631E-32,1.,2.22044604925E-16));
#4700 = PCURVE('',#753,#4701);
#4701 = DEFINITIONAL_REPRESENTATION('',(#4702),#4710);
#4702 = B_SPLINE_CURVE_WITH_KNOTS('',6,(#4703,#4704,#4705,#4706,#4707,
    #4708,#4709),.UNSPECIFIED.,.F.,.F.,(7,7),(-2.22044604925E-16,
    0.478577328328),.PIECEWISE_BEZIER_KNOTS.);
#4703 = CARTESIAN_POINT('',(6.28318530718,-3.330669073875E-16));
#4704 = CARTESIAN_POINT('',(6.203422419125,-3.587477398879E-16));
#4705 = CARTESIAN_POINT('',(6.12365974026,1.107008796805E-02));
#4706 = CARTESIAN_POINT('',(6.044809084629,3.321024912343E-02));
#4707 = CARTESIAN_POINT('',(5.967790288165,6.663182017622E-02));
#4708 = CARTESIAN_POINT('',(5.893321451186,0.111757263392));
#4709 = CARTESIAN_POINT('',(5.821895450166,0.169244897203));
#4710 = ( GEOMETRIC_REPRESENTATION_CONTEXT(2) 
PARAMETRIC_REPRESENTATION_CONTEXT() REPRESENTATION_CONTEXT('2D SPACE',''
  ) );
#4711 = PCURVE('',#2666,#4712);
#4712 = DEFINITIONAL_REPRESENTATION('',(#4713),#4717);
#4713 = ( BOUNDED_CURVE() B_SPLINE_CURVE(2,(#4714,#4715,#4716),
.UNSPECIFIED.,.F.,.F.) B_SPLINE_CURVE_WITH_KNOTS((3,3),(
-2.22044604925E-16,0.478577328328),.PIECEWISE_BEZIER_KNOTS.) CURVE() 
GEOMETRIC_REPRESENTATION_ITEM() RATIONAL_B_SPLINE_CURVE((1.,
1.028766401755,1.)) REPRESENTATION_ITEM('') );
#4714 = CARTESIAN_POINT('',(1.45,2.15));
#4715 = CARTESIAN_POINT('',(1.109505561508,2.15));
#4716 = CARTESIAN_POINT('',(0.729268401471,2.319244897203));
#4717 = ( GEOMETRIC_REPRESENTATION_CONTEXT(2) 
PARAMETRIC_REPRESENTATION_CONTEXT() REPRESENTATION_CONTEXT('2D SPACE',''
  ) );
#4718 = ORIENTED_EDGE('',*,*,#4450,.T.);
#4719 = ADVANCED_FACE('',(#4720),#784,.F.);
#4720 = FACE_BOUND('',#4721,.F.);
#4721 = EDGE_LOOP('',(#4722,#4723,#4746,#4774,#4802,#4830,#4858,#4882,
    #4910,#4938,#4966,#4992));
#4722 = ORIENTED_EDGE('',*,*,#767,.F.);
#4723 = ORIENTED_EDGE('',*,*,#4724,.F.);
#4724 = EDGE_CURVE('',#4725,#768,#4727,.T.);
#4725 = VERTEX_POINT('',#4726);
#4726 = CARTESIAN_POINT('',(11.7,18.5,-29.));
#4727 = SEAM_CURVE('',#4728,(#4732,#4739),.PCURVE_S1.);
#4728 = LINE('',#4729,#4730);
#4729 = CARTESIAN_POINT('',(11.7,18.5,-29.));
#4730 = VECTOR('',#4731,1.);
#4731 = DIRECTION('',(0.707106781187,0.707106781187,3.302004571155E-16)
  );
#4732 = PCURVE('',#784,#4733);
#4733 = DEFINITIONAL_REPRESENTATION('',(#4734),#4738);
#4734 = LINE('',#4735,#4736);
#4735 = CARTESIAN_POINT('',(6.28318530718,-0.));
#4736 = VECTOR('',#4737,1.);
#4737 = DIRECTION('',(0.,1.));
#4738 = ( GEOMETRIC_REPRESENTATION_CONTEXT(2) 
PARAMETRIC_REPRESENTATION_CONTEXT() REPRESENTATION_CONTEXT('2D SPACE',''
  ) );
#4739 = PCURVE('',#784,#4740);
#4740 = DEFINITIONAL_REPRESENTATION('',(#4741),#4745);
#4741 = LINE('',#4742,#4743);
#4742 = CARTESIAN_POINT('',(0.,-0.));
#4743 = VECTOR('',#4744,1.);
#4744 = DIRECTION('',(0.,1.));
#4745 = ( GEOMETRIC_REPRESENTATION_CONTEXT(2) 
PARAMETRIC_REPRESENTATION_CONTEXT() REPRESENTATION_CONTEXT('2D SPACE',''
  ) );
#4746 = ORIENTED_EDGE('',*,*,#4747,.F.);
#4747 = EDGE_CURVE('',#4748,#4725,#4750,.T.);
#4748 = VERTEX_POINT('',#4749);
#4749 = CARTESIAN_POINT('',(11.7,18.619468690424,-29.60060966544));
#4750 = SURFACE_CURVE('',#4751,(#4756,#4767),.PCURVE_S1.);
#4751 = HYPERBOLA('',#4752,1.45,1.45);
#4752 = AXIS2_PLACEMENT_3D('',#4753,#4754,#4755);
#4753 = CARTESIAN_POINT('',(11.7,17.05,-29.));
#4754 = DIRECTION('',(1.,0.,2.22044604925E-16));
#4755 = DIRECTION('',(-4.930380657631E-32,1.,2.22044604925E-16));
#4756 = PCURVE('',#784,#4757);
#4757 = DEFINITIONAL_REPRESENTATION('',(#4758),#4766);
#4758 = B_SPLINE_CURVE_WITH_KNOTS('',6,(#4759,#4760,#4761,#4762,#4763,
    #4764,#4765),.UNSPECIFIED.,.F.,.F.,(7,7),(-0.478577328328,
    -2.22044604925E-16),.PIECEWISE_BEZIER_KNOTS.);
#4759 = CARTESIAN_POINT('',(0.461289857013,0.169244897203));
#4760 = CARTESIAN_POINT('',(0.389863855993,0.111757263392));
#4761 = CARTESIAN_POINT('',(0.315395019015,6.663182017622E-02));
#4762 = CARTESIAN_POINT('',(0.23837622255,3.321024912343E-02));
#4763 = CARTESIAN_POINT('',(0.159525566919,1.107008796805E-02));
#4764 = CARTESIAN_POINT('',(7.976288805464E-02,2.357149184213E-15));
#4765 = CARTESIAN_POINT('',(0.,2.331468351713E-15));
#4766 = ( GEOMETRIC_REPRESENTATION_CONTEXT(2) 
PARAMETRIC_REPRESENTATION_CONTEXT() REPRESENTATION_CONTEXT('2D SPACE',''
  ) );
#4767 = PCURVE('',#2032,#4768);
#4768 = DEFINITIONAL_REPRESENTATION('',(#4769),#4773);
#4769 = ( BOUNDED_CURVE() B_SPLINE_CURVE(2,(#4770,#4771,#4772),
.UNSPECIFIED.,.F.,.F.) B_SPLINE_CURVE_WITH_KNOTS((3,3),(-0.478577328328,
-2.22044604925E-16),.PIECEWISE_BEZIER_KNOTS.) CURVE() 
GEOMETRIC_REPRESENTATION_ITEM() RATIONAL_B_SPLINE_CURVE((1.,
1.028766401755,1.)) REPRESENTATION_ITEM('') );
#4770 = CARTESIAN_POINT('',(2.170731598529,2.319244897203));
#4771 = CARTESIAN_POINT('',(1.790494438492,2.15));
#4772 = CARTESIAN_POINT('',(1.45,2.15));
#4773 = ( GEOMETRIC_REPRESENTATION_CONTEXT(2) 
PARAMETRIC_REPRESENTATION_CONTEXT() REPRESENTATION_CONTEXT('2D SPACE',''
  ) );
#4774 = ORIENTED_EDGE('',*,*,#4775,.F.);
#4775 = EDGE_CURVE('',#4776,#4748,#4778,.T.);
#4776 = VERTEX_POINT('',#4777);
#4777 = CARTESIAN_POINT('',(11.27530483272,18.5,-30.02530483272));
#4778 = SURFACE_CURVE('',#4779,(#4784,#4795),.PCURVE_S1.);
#4779 = HYPERBOLA('',#4780,1.45,1.45);
#4780 = AXIS2_PLACEMENT_3D('',#4781,#4782,#4783);
#4781 = CARTESIAN_POINT('',(11.27530483272,17.05,-30.02530483272));
#4782 = DIRECTION('',(0.707106781187,5.105576340132E-33,-0.707106781187)
  );
#4783 = DIRECTION('',(1.110223024625E-16,1.,1.110223024625E-16));
#4784 = PCURVE('',#784,#4785);
#4785 = DEFINITIONAL_REPRESENTATION('',(#4786),#4794);
#4786 = B_SPLINE_CURVE_WITH_KNOTS('',6,(#4787,#4788,#4789,#4790,#4791,
    #4792,#4793),.UNSPECIFIED.,.F.,.F.,(7,7),(-1.570092458684E-16,
    0.478577328328),.PIECEWISE_BEZIER_KNOTS.);
#4787 = CARTESIAN_POINT('',(0.785398163397,-1.110223024625E-16));
#4788 = CARTESIAN_POINT('',(0.705635275343,-1.200188039533E-16));
#4789 = CARTESIAN_POINT('',(0.625872596478,1.107008796805E-02));
#4790 = CARTESIAN_POINT('',(0.547021940847,3.321024912342E-02));
#4791 = CARTESIAN_POINT('',(0.470003144383,6.663182017622E-02));
#4792 = CARTESIAN_POINT('',(0.395534307404,0.111757263392));
#4793 = CARTESIAN_POINT('',(0.324108306384,0.169244897203));
#4794 = ( GEOMETRIC_REPRESENTATION_CONTEXT(2) 
PARAMETRIC_REPRESENTATION_CONTEXT() REPRESENTATION_CONTEXT('2D SPACE',''
  ) );
#4795 = PCURVE('',#2006,#4796);
#4796 = DEFINITIONAL_REPRESENTATION('',(#4797),#4801);
#4797 = ( BOUNDED_CURVE() B_SPLINE_CURVE(2,(#4798,#4799,#4800),
.UNSPECIFIED.,.F.,.F.) B_SPLINE_CURVE_WITH_KNOTS((3,3),(
-1.570092458684E-16,0.478577328328),.PIECEWISE_BEZIER_KNOTS.) CURVE() 
GEOMETRIC_REPRESENTATION_ITEM() RATIONAL_B_SPLINE_CURVE((1.,
1.028766401755,1.)) REPRESENTATION_ITEM('') );
#4798 = CARTESIAN_POINT('',(1.45,2.15));
#4799 = CARTESIAN_POINT('',(1.109505561508,2.15));
#4800 = CARTESIAN_POINT('',(0.729268401471,2.319244897203));
#4801 = ( GEOMETRIC_REPRESENTATION_CONTEXT(2) 
PARAMETRIC_REPRESENTATION_CONTEXT() REPRESENTATION_CONTEXT('2D SPACE',''
  ) );
#4802 = ORIENTED_EDGE('',*,*,#4803,.F.);
#4803 = EDGE_CURVE('',#4804,#4776,#4806,.T.);
#4804 = VERTEX_POINT('',#4805);
#4805 = CARTESIAN_POINT('',(10.850609665441,18.619468690424,-30.45));
#4806 = SURFACE_CURVE('',#4807,(#4812,#4823),.PCURVE_S1.);
#4807 = HYPERBOLA('',#4808,1.45,1.45);
#4808 = AXIS2_PLACEMENT_3D('',#4809,#4810,#4811);
#4809 = CARTESIAN_POINT('',(11.27530483272,17.05,-30.02530483272));
#4810 = DIRECTION('',(0.707106781187,5.105576340132E-33,-0.707106781187)
  );
#4811 = DIRECTION('',(1.110223024625E-16,1.,1.110223024625E-16));
#4812 = PCURVE('',#784,#4813);
#4813 = DEFINITIONAL_REPRESENTATION('',(#4814),#4822);
#4814 = B_SPLINE_CURVE_WITH_KNOTS('',6,(#4815,#4816,#4817,#4818,#4819,
    #4820,#4821),.UNSPECIFIED.,.F.,.F.,(7,7),(-0.478577328328,
    -1.570092458684E-16),.PIECEWISE_BEZIER_KNOTS.);
#4815 = CARTESIAN_POINT('',(1.246688020411,0.169244897203));
#4816 = CARTESIAN_POINT('',(1.175262019391,0.111757263392));
#4817 = CARTESIAN_POINT('',(1.100793182412,6.663182017621E-02));
#4818 = CARTESIAN_POINT('',(1.023774385948,3.321024912343E-02));
#4819 = CARTESIAN_POINT('',(0.944923730317,1.107008796805E-02));
#4820 = CARTESIAN_POINT('',(0.865161051452,-1.020258009718E-16));
#4821 = CARTESIAN_POINT('',(0.785398163397,-1.110223024625E-16));
#4822 = ( GEOMETRIC_REPRESENTATION_CONTEXT(2) 
PARAMETRIC_REPRESENTATION_CONTEXT() REPRESENTATION_CONTEXT('2D SPACE',''
  ) );
#4823 = PCURVE('',#2006,#4824);
#4824 = DEFINITIONAL_REPRESENTATION('',(#4825),#4829);
#4825 = ( BOUNDED_CURVE() B_SPLINE_CURVE(2,(#4826,#4827,#4828),
.UNSPECIFIED.,.F.,.F.) B_SPLINE_CURVE_WITH_KNOTS((3,3),(-0.478577328328,
-1.570092458684E-16),.PIECEWISE_BEZIER_KNOTS.) CURVE() 
GEOMETRIC_REPRESENTATION_ITEM() RATIONAL_B_SPLINE_CURVE((1.,
1.028766401755,1.)) REPRESENTATION_ITEM('') );
#4826 = CARTESIAN_POINT('',(2.170731598529,2.319244897203));
#4827 = CARTESIAN_POINT('',(1.790494438492,2.15));
#4828 = CARTESIAN_POINT('',(1.45,2.15));
#4829 = ( GEOMETRIC_REPRESENTATION_CONTEXT(2) 
PARAMETRIC_REPRESENTATION_CONTEXT() REPRESENTATION_CONTEXT('2D SPACE',''
  ) );
#4830 = ORIENTED_EDGE('',*,*,#4831,.F.);
#4831 = EDGE_CURVE('',#4832,#4804,#4834,.T.);
#4832 = VERTEX_POINT('',#4833);
#4833 = CARTESIAN_POINT('',(10.25,18.5,-30.45));
#4834 = SURFACE_CURVE('',#4835,(#4840,#4851),.PCURVE_S1.);
#4835 = HYPERBOLA('',#4836,1.45,1.45);
#4836 = AXIS2_PLACEMENT_3D('',#4837,#4838,#4839);
#4837 = CARTESIAN_POINT('',(10.25,17.05,-30.45));
#4838 = DIRECTION('',(2.22044604925E-16,0.,-1.));
#4839 = DIRECTION('',(4.930380657631E-32,1.,1.094764425254E-47));
#4840 = PCURVE('',#784,#4841);
#4841 = DEFINITIONAL_REPRESENTATION('',(#4842),#4850);
#4842 = B_SPLINE_CURVE_WITH_KNOTS('',6,(#4843,#4844,#4845,#4846,#4847,
    #4848,#4849),.UNSPECIFIED.,.F.,.F.,(7,7),(3.127214104528E-08,
    0.44118284331),.PIECEWISE_BEZIER_KNOTS.);
#4843 = CARTESIAN_POINT('',(1.570796295523,0.));
#4844 = CARTESIAN_POINT('',(1.49726582685,3.334210004274E-09));
#4845 = CARTESIAN_POINT('',(1.423735490437,9.407717658331E-03));
#4846 = CARTESIAN_POINT('',(1.350919884195,2.822313530656E-02));
#4847 = CARTESIAN_POINT('',(1.279538546292,5.659887673585E-02));
#4848 = CARTESIAN_POINT('',(1.210178477084,9.484007282568E-02));
#4849 = CARTESIAN_POINT('',(1.14326629233,0.143419494034));
#4850 = ( GEOMETRIC_REPRESENTATION_CONTEXT(2) 
PARAMETRIC_REPRESENTATION_CONTEXT() REPRESENTATION_CONTEXT('2D SPACE',''
  ) );
#4851 = PCURVE('',#1980,#4852);
#4852 = DEFINITIONAL_REPRESENTATION('',(#4853),#4857);
#4853 = ( BOUNDED_CURVE() B_SPLINE_CURVE(2,(#4854,#4855,#4856),
.UNSPECIFIED.,.F.,.F.) B_SPLINE_CURVE_WITH_KNOTS((3,3),(
3.127214104528E-08,0.44118284331),.PIECEWISE_BEZIER_KNOTS.) CURVE() 
GEOMETRIC_REPRESENTATION_ITEM() RATIONAL_B_SPLINE_CURVE((1.,
1.024429104828,1.)) REPRESENTATION_ITEM('') );
#4854 = CARTESIAN_POINT('',(4.534460451566E-08,-2.15));
#4855 = CARTESIAN_POINT('',(0.314768467019,-2.150000009843));
#4856 = CARTESIAN_POINT('',(0.660670631985,-2.293419494034));
#4857 = ( GEOMETRIC_REPRESENTATION_CONTEXT(2) 
PARAMETRIC_REPRESENTATION_CONTEXT() REPRESENTATION_CONTEXT('2D SPACE',''
  ) );
#4858 = ORIENTED_EDGE('',*,*,#4859,.T.);
#4859 = EDGE_CURVE('',#4832,#4860,#4862,.T.);
#4860 = VERTEX_POINT('',#4861);
#4861 = CARTESIAN_POINT('',(10.25,18.5,-27.55));
#4862 = SURFACE_CURVE('',#4863,(#4868,#4875),.PCURVE_S1.);
#4863 = CIRCLE('',#4864,1.45);
#4864 = AXIS2_PLACEMENT_3D('',#4865,#4866,#4867);
#4865 = CARTESIAN_POINT('',(10.25,18.5,-29.));
#4866 = DIRECTION('',(0.,1.,2.22044604925E-16));
#4867 = DIRECTION('',(1.,0.,-0.));
#4868 = PCURVE('',#784,#4869);
#4869 = DEFINITIONAL_REPRESENTATION('',(#4870),#4874);
#4870 = LINE('',#4871,#4872);
#4871 = CARTESIAN_POINT('',(0.,0.));
#4872 = VECTOR('',#4873,1.);
#4873 = DIRECTION('',(1.,0.));
#4874 = ( GEOMETRIC_REPRESENTATION_CONTEXT(2) 
PARAMETRIC_REPRESENTATION_CONTEXT() REPRESENTATION_CONTEXT('2D SPACE',''
  ) );
#4875 = PCURVE('',#1953,#4876);
#4876 = DEFINITIONAL_REPRESENTATION('',(#4877),#4881);
#4877 = LINE('',#4878,#4879);
#4878 = CARTESIAN_POINT('',(7.853981633974,2.25));
#4879 = VECTOR('',#4880,1.);
#4880 = DIRECTION('',(-1.,0.));
#4881 = ( GEOMETRIC_REPRESENTATION_CONTEXT(2) 
PARAMETRIC_REPRESENTATION_CONTEXT() REPRESENTATION_CONTEXT('2D SPACE',''
  ) );
#4882 = ORIENTED_EDGE('',*,*,#4883,.T.);
#4883 = EDGE_CURVE('',#4860,#4884,#4886,.T.);
#4884 = VERTEX_POINT('',#4885);
#4885 = CARTESIAN_POINT('',(10.850609665441,18.619468690424,-27.55));
#4886 = SURFACE_CURVE('',#4887,(#4892,#4903),.PCURVE_S1.);
#4887 = HYPERBOLA('',#4888,1.45,1.45);
#4888 = AXIS2_PLACEMENT_3D('',#4889,#4890,#4891);
#4889 = CARTESIAN_POINT('',(10.25,17.05,-27.55));
#4890 = DIRECTION('',(2.22044604925E-16,0.,-1.));
#4891 = DIRECTION('',(4.930380657631E-32,1.,1.094764425254E-47));
#4892 = PCURVE('',#784,#4893);
#4893 = DEFINITIONAL_REPRESENTATION('',(#4894),#4902);
#4894 = B_SPLINE_CURVE_WITH_KNOTS('',6,(#4895,#4896,#4897,#4898,#4899,
    #4900,#4901),.UNSPECIFIED.,.F.,.F.,(7,7),(-3.127214104528E-08,
    0.44118284331),.PIECEWISE_BEZIER_KNOTS.);
#4895 = CARTESIAN_POINT('',(4.712388949113,0.));
#4896 = CARTESIAN_POINT('',(4.78591942821,-3.334210507151E-09));
#4897 = CARTESIAN_POINT('',(4.859449775452,9.407706988861E-03));
#4898 = CARTESIAN_POINT('',(4.932265392626,2.82231232385E-02));
#4899 = CARTESIAN_POINT('',(5.003646741222,5.659886589333E-02));
#4900 = CARTESIAN_POINT('',(5.073006820609,9.484006593882E-02));
#4901 = CARTESIAN_POINT('',(5.139919014849,0.143419494034));
#4902 = ( GEOMETRIC_REPRESENTATION_CONTEXT(2) 
PARAMETRIC_REPRESENTATION_CONTEXT() REPRESENTATION_CONTEXT('2D SPACE',''
  ) );
#4903 = PCURVE('',#2084,#4904);
#4904 = DEFINITIONAL_REPRESENTATION('',(#4905),#4909);
#4905 = ( BOUNDED_CURVE() B_SPLINE_CURVE(2,(#4906,#4907,#4908),
.UNSPECIFIED.,.F.,.F.) B_SPLINE_CURVE_WITH_KNOTS((3,3),(
-3.127214104528E-08,0.44118284331),.PIECEWISE_BEZIER_KNOTS.) CURVE() 
GEOMETRIC_REPRESENTATION_ITEM() RATIONAL_B_SPLINE_CURVE((1.,
1.024429111782,1.)) REPRESENTATION_ITEM('') );
#4906 = CARTESIAN_POINT('',(-4.534460451566E-08,-2.15));
#4907 = CARTESIAN_POINT('',(0.314768419537,-2.149999990157));
#4908 = CARTESIAN_POINT('',(0.660670631985,-2.293419494034));
#4909 = ( GEOMETRIC_REPRESENTATION_CONTEXT(2) 
PARAMETRIC_REPRESENTATION_CONTEXT() REPRESENTATION_CONTEXT('2D SPACE',''
  ) );
#4910 = ORIENTED_EDGE('',*,*,#4911,.T.);
#4911 = EDGE_CURVE('',#4884,#4912,#4914,.T.);
#4912 = VERTEX_POINT('',#4913);
#4913 = CARTESIAN_POINT('',(11.27530483272,18.5,-27.97469516728));
#4914 = SURFACE_CURVE('',#4915,(#4920,#4931),.PCURVE_S1.);
#4915 = HYPERBOLA('',#4916,1.45,1.45);
#4916 = AXIS2_PLACEMENT_3D('',#4917,#4918,#4919);
#4917 = CARTESIAN_POINT('',(11.27530483272,17.05,-27.97469516728));
#4918 = DIRECTION('',(-0.707106781187,-5.105576340132E-33,
    -0.707106781187));
#4919 = DIRECTION('',(-1.110223024625E-16,1.,1.110223024625E-16));
#4920 = PCURVE('',#784,#4921);
#4921 = DEFINITIONAL_REPRESENTATION('',(#4922),#4930);
#4922 = B_SPLINE_CURVE_WITH_KNOTS('',6,(#4923,#4924,#4925,#4926,#4927,
    #4928,#4929),.UNSPECIFIED.,.F.,.F.,(7,7),(-0.478577328328,
    1.570092458684E-16),.PIECEWISE_BEZIER_KNOTS.);
#4923 = CARTESIAN_POINT('',(5.036497286769,0.169244897203));
#4924 = CARTESIAN_POINT('',(5.107923287789,0.111757263392));
#4925 = CARTESIAN_POINT('',(5.182392124767,6.663182017621E-02));
#4926 = CARTESIAN_POINT('',(5.259410921231,3.321024912343E-02));
#4927 = CARTESIAN_POINT('',(5.338261576863,1.107008796805E-02));
#4928 = CARTESIAN_POINT('',(5.418024255727,-1.107053971141E-16));
#4929 = CARTESIAN_POINT('',(5.497787143782,-1.110223024625E-16));
#4930 = ( GEOMETRIC_REPRESENTATION_CONTEXT(2) 
PARAMETRIC_REPRESENTATION_CONTEXT() REPRESENTATION_CONTEXT('2D SPACE',''
  ) );
#4931 = PCURVE('',#2058,#4932);
#4932 = DEFINITIONAL_REPRESENTATION('',(#4933),#4937);
#4933 = ( BOUNDED_CURVE() B_SPLINE_CURVE(2,(#4934,#4935,#4936),
.UNSPECIFIED.,.F.,.F.) B_SPLINE_CURVE_WITH_KNOTS((3,3),(-0.478577328328,
1.570092458684E-16),.PIECEWISE_BEZIER_KNOTS.) CURVE() 
GEOMETRIC_REPRESENTATION_ITEM() RATIONAL_B_SPLINE_CURVE((1.,
1.028766401755,1.)) REPRESENTATION_ITEM('') );
#4934 = CARTESIAN_POINT('',(0.729268401471,-2.319244897203));
#4935 = CARTESIAN_POINT('',(1.109505561508,-2.15));
#4936 = CARTESIAN_POINT('',(1.45,-2.15));
#4937 = ( GEOMETRIC_REPRESENTATION_CONTEXT(2) 
PARAMETRIC_REPRESENTATION_CONTEXT() REPRESENTATION_CONTEXT('2D SPACE',''
  ) );
#4938 = ORIENTED_EDGE('',*,*,#4939,.T.);
#4939 = EDGE_CURVE('',#4912,#4940,#4942,.T.);
#4940 = VERTEX_POINT('',#4941);
#4941 = CARTESIAN_POINT('',(11.7,18.619468690424,-28.39939033455));
#4942 = SURFACE_CURVE('',#4943,(#4948,#4959),.PCURVE_S1.);
#4943 = HYPERBOLA('',#4944,1.45,1.45);
#4944 = AXIS2_PLACEMENT_3D('',#4945,#4946,#4947);
#4945 = CARTESIAN_POINT('',(11.27530483272,17.05,-27.97469516728));
#4946 = DIRECTION('',(-0.707106781187,-5.105576340132E-33,
    -0.707106781187));
#4947 = DIRECTION('',(-1.110223024625E-16,1.,1.110223024625E-16));
#4948 = PCURVE('',#784,#4949);
#4949 = DEFINITIONAL_REPRESENTATION('',(#4950),#4958);
#4950 = B_SPLINE_CURVE_WITH_KNOTS('',6,(#4951,#4952,#4953,#4954,#4955,
    #4956,#4957),.UNSPECIFIED.,.F.,.F.,(7,7),(1.570092458684E-16,
    0.478577328328),.PIECEWISE_BEZIER_KNOTS.);
#4951 = CARTESIAN_POINT('',(5.497787143782,-1.110223024625E-16));
#4952 = CARTESIAN_POINT('',(5.577550031837,-1.11339207811E-16));
#4953 = CARTESIAN_POINT('',(5.657312710701,1.107008796805E-02));
#4954 = CARTESIAN_POINT('',(5.736163366332,3.321024912342E-02));
#4955 = CARTESIAN_POINT('',(5.813182162797,6.663182017622E-02));
#4956 = CARTESIAN_POINT('',(5.887650999775,0.111757263392));
#4957 = CARTESIAN_POINT('',(5.959077000795,0.169244897203));
#4958 = ( GEOMETRIC_REPRESENTATION_CONTEXT(2) 
PARAMETRIC_REPRESENTATION_CONTEXT() REPRESENTATION_CONTEXT('2D SPACE',''
  ) );
#4959 = PCURVE('',#2058,#4960);
#4960 = DEFINITIONAL_REPRESENTATION('',(#4961),#4965);
#4961 = ( BOUNDED_CURVE() B_SPLINE_CURVE(2,(#4962,#4963,#4964),
.UNSPECIFIED.,.F.,.F.) B_SPLINE_CURVE_WITH_KNOTS((3,3),(
1.570092458684E-16,0.478577328328),.PIECEWISE_BEZIER_KNOTS.) CURVE() 
GEOMETRIC_REPRESENTATION_ITEM() RATIONAL_B_SPLINE_CURVE((1.,
1.028766401755,1.)) REPRESENTATION_ITEM('') );
#4962 = CARTESIAN_POINT('',(1.45,-2.15));
#4963 = CARTESIAN_POINT('',(1.790494438492,-2.15));
#4964 = CARTESIAN_POINT('',(2.170731598529,-2.319244897203));
#4965 = ( GEOMETRIC_REPRESENTATION_CONTEXT(2) 
PARAMETRIC_REPRESENTATION_CONTEXT() REPRESENTATION_CONTEXT('2D SPACE',''
  ) );
#4966 = ORIENTED_EDGE('',*,*,#4967,.F.);
#4967 = EDGE_CURVE('',#4725,#4940,#4968,.T.);
#4968 = SURFACE_CURVE('',#4969,(#4974,#4985),.PCURVE_S1.);
#4969 = HYPERBOLA('',#4970,1.45,1.45);
#4970 = AXIS2_PLACEMENT_3D('',#4971,#4972,#4973);
#4971 = CARTESIAN_POINT('',(11.7,17.05,-29.));
#4972 = DIRECTION('',(1.,0.,2.22044604925E-16));
#4973 = DIRECTION('',(-4.930380657631E-32,1.,2.22044604925E-16));
#4974 = PCURVE('',#784,#4975);
#4975 = DEFINITIONAL_REPRESENTATION('',(#4976),#4984);
#4976 = B_SPLINE_CURVE_WITH_KNOTS('',6,(#4977,#4978,#4979,#4980,#4981,
    #4982,#4983),.UNSPECIFIED.,.F.,.F.,(7,7),(-2.22044604925E-16,
    0.478577328328),.PIECEWISE_BEZIER_KNOTS.);
#4977 = CARTESIAN_POINT('',(6.28318530718,2.331468351713E-15));
#4978 = CARTESIAN_POINT('',(6.203422419125,2.305787519212E-15));
#4979 = CARTESIAN_POINT('',(6.12365974026,1.107008796804E-02));
#4980 = CARTESIAN_POINT('',(6.044809084629,3.321024912344E-02));
#4981 = CARTESIAN_POINT('',(5.967790288165,6.663182017622E-02));
#4982 = CARTESIAN_POINT('',(5.893321451186,0.111757263392));
#4983 = CARTESIAN_POINT('',(5.821895450166,0.169244897203));
#4984 = ( GEOMETRIC_REPRESENTATION_CONTEXT(2) 
PARAMETRIC_REPRESENTATION_CONTEXT() REPRESENTATION_CONTEXT('2D SPACE',''
  ) );
#4985 = PCURVE('',#2032,#4986);
#4986 = DEFINITIONAL_REPRESENTATION('',(#4987),#4991);
#4987 = ( BOUNDED_CURVE() B_SPLINE_CURVE(2,(#4988,#4989,#4990),
.UNSPECIFIED.,.F.,.F.) B_SPLINE_CURVE_WITH_KNOTS((3,3),(
-2.22044604925E-16,0.478577328328),.PIECEWISE_BEZIER_KNOTS.) CURVE() 
GEOMETRIC_REPRESENTATION_ITEM() RATIONAL_B_SPLINE_CURVE((1.,
1.028766401755,1.)) REPRESENTATION_ITEM('') );
#4988 = CARTESIAN_POINT('',(1.45,2.15));
#4989 = CARTESIAN_POINT('',(1.109505561508,2.15));
#4990 = CARTESIAN_POINT('',(0.729268401471,2.319244897203));
#4991 = ( GEOMETRIC_REPRESENTATION_CONTEXT(2) 
PARAMETRIC_REPRESENTATION_CONTEXT() REPRESENTATION_CONTEXT('2D SPACE',''
  ) );
#4992 = ORIENTED_EDGE('',*,*,#4724,.T.);
#4993 = ADVANCED_FACE('',(#4994),#815,.F.);
#4994 = FACE_BOUND('',#4995,.F.);
#4995 = EDGE_LOOP('',(#4996,#4997,#5020,#5048,#5076,#5104,#5132,#5156,
    #5184,#5212,#5240,#5266));
#4996 = ORIENTED_EDGE('',*,*,#798,.F.);
#4997 = ORIENTED_EDGE('',*,*,#4998,.F.);
#4998 = EDGE_CURVE('',#4999,#799,#5001,.T.);
#4999 = VERTEX_POINT('',#5000);
#5000 = CARTESIAN_POINT('',(11.7,18.5,-8.3));
#5001 = SEAM_CURVE('',#5002,(#5006,#5013),.PCURVE_S1.);
#5002 = LINE('',#5003,#5004);
#5003 = CARTESIAN_POINT('',(11.7,18.5,-8.3));
#5004 = VECTOR('',#5005,1.);
#5005 = DIRECTION('',(0.707106781187,0.707106781187,3.302004571155E-16)
  );
#5006 = PCURVE('',#815,#5007);
#5007 = DEFINITIONAL_REPRESENTATION('',(#5008),#5012);
#5008 = LINE('',#5009,#5010);
#5009 = CARTESIAN_POINT('',(6.28318530718,-0.));
#5010 = VECTOR('',#5011,1.);
#5011 = DIRECTION('',(0.,1.));
#5012 = ( GEOMETRIC_REPRESENTATION_CONTEXT(2) 
PARAMETRIC_REPRESENTATION_CONTEXT() REPRESENTATION_CONTEXT('2D SPACE',''
  ) );
#5013 = PCURVE('',#815,#5014);
#5014 = DEFINITIONAL_REPRESENTATION('',(#5015),#5019);
#5015 = LINE('',#5016,#5017);
#5016 = CARTESIAN_POINT('',(0.,-0.));
#5017 = VECTOR('',#5018,1.);
#5018 = DIRECTION('',(0.,1.));
#5019 = ( GEOMETRIC_REPRESENTATION_CONTEXT(2) 
PARAMETRIC_REPRESENTATION_CONTEXT() REPRESENTATION_CONTEXT('2D SPACE',''
  ) );
#5020 = ORIENTED_EDGE('',*,*,#5021,.F.);
#5021 = EDGE_CURVE('',#5022,#4999,#5024,.T.);
#5022 = VERTEX_POINT('',#5023);
#5023 = CARTESIAN_POINT('',(11.7,18.619468690424,-8.900609665441));
#5024 = SURFACE_CURVE('',#5025,(#5030,#5041),.PCURVE_S1.);
#5025 = HYPERBOLA('',#5026,1.45,1.45);
#5026 = AXIS2_PLACEMENT_3D('',#5027,#5028,#5029);
#5027 = CARTESIAN_POINT('',(11.7,17.05,-8.3));
#5028 = DIRECTION('',(1.,0.,2.22044604925E-16));
#5029 = DIRECTION('',(-4.930380657631E-32,1.,2.22044604925E-16));
#5030 = PCURVE('',#815,#5031);
#5031 = DEFINITIONAL_REPRESENTATION('',(#5032),#5040);
#5032 = B_SPLINE_CURVE_WITH_KNOTS('',6,(#5033,#5034,#5035,#5036,#5037,
    #5038,#5039),.UNSPECIFIED.,.F.,.F.,(7,7),(-0.478577328328,
    -2.22044604925E-16),.PIECEWISE_BEZIER_KNOTS.);
#5033 = CARTESIAN_POINT('',(0.461289857013,0.169244897203));
#5034 = CARTESIAN_POINT('',(0.389863855993,0.111757263392));
#5035 = CARTESIAN_POINT('',(0.315395019015,6.663182017621E-02));
#5036 = CARTESIAN_POINT('',(0.23837622255,3.321024912343E-02));
#5037 = CARTESIAN_POINT('',(0.159525566919,1.107008796805E-02));
#5038 = CARTESIAN_POINT('',(7.976288805464E-02,-3.073860748872E-16));
#5039 = CARTESIAN_POINT('',(0.,-3.330669073875E-16));
#5040 = ( GEOMETRIC_REPRESENTATION_CONTEXT(2) 
PARAMETRIC_REPRESENTATION_CONTEXT() REPRESENTATION_CONTEXT('2D SPACE',''
  ) );
#5041 = PCURVE('',#2244,#5042);
#5042 = DEFINITIONAL_REPRESENTATION('',(#5043),#5047);
#5043 = ( BOUNDED_CURVE() B_SPLINE_CURVE(2,(#5044,#5045,#5046),
.UNSPECIFIED.,.F.,.F.) B_SPLINE_CURVE_WITH_KNOTS((3,3),(-0.478577328328,
-2.22044604925E-16),.PIECEWISE_BEZIER_KNOTS.) CURVE() 
GEOMETRIC_REPRESENTATION_ITEM() RATIONAL_B_SPLINE_CURVE((1.,
1.028766401755,1.)) REPRESENTATION_ITEM('') );
#5044 = CARTESIAN_POINT('',(2.170731598529,2.319244897203));
#5045 = CARTESIAN_POINT('',(1.790494438492,2.15));
#5046 = CARTESIAN_POINT('',(1.45,2.15));
#5047 = ( GEOMETRIC_REPRESENTATION_CONTEXT(2) 
PARAMETRIC_REPRESENTATION_CONTEXT() REPRESENTATION_CONTEXT('2D SPACE',''
  ) );
#5048 = ORIENTED_EDGE('',*,*,#5049,.F.);
#5049 = EDGE_CURVE('',#5050,#5022,#5052,.T.);
#5050 = VERTEX_POINT('',#5051);
#5051 = CARTESIAN_POINT('',(11.27530483272,18.5,-9.32530483272));
#5052 = SURFACE_CURVE('',#5053,(#5058,#5069),.PCURVE_S1.);
#5053 = HYPERBOLA('',#5054,1.45,1.45);
#5054 = AXIS2_PLACEMENT_3D('',#5055,#5056,#5057);
#5055 = CARTESIAN_POINT('',(11.27530483272,17.05,-9.32530483272));
#5056 = DIRECTION('',(0.707106781187,5.105576340132E-33,-0.707106781187)
  );
#5057 = DIRECTION('',(1.110223024625E-16,1.,1.110223024625E-16));
#5058 = PCURVE('',#815,#5059);
#5059 = DEFINITIONAL_REPRESENTATION('',(#5060),#5068);
#5060 = B_SPLINE_CURVE_WITH_KNOTS('',6,(#5061,#5062,#5063,#5064,#5065,
    #5066,#5067),.UNSPECIFIED.,.F.,.F.,(7,7),(-1.023267154108E-15,
    0.478577328328),.PIECEWISE_BEZIER_KNOTS.);
#5061 = CARTESIAN_POINT('',(0.785398163397,2.331468351713E-15));
#5062 = CARTESIAN_POINT('',(0.705635275343,2.319895556856E-15));
#5063 = CARTESIAN_POINT('',(0.625872596478,1.107008796804E-02));
#5064 = CARTESIAN_POINT('',(0.547021940847,3.321024912345E-02));
#5065 = CARTESIAN_POINT('',(0.470003144383,6.663182017621E-02));
#5066 = CARTESIAN_POINT('',(0.395534307404,0.111757263392));
#5067 = CARTESIAN_POINT('',(0.324108306384,0.169244897203));
#5068 = ( GEOMETRIC_REPRESENTATION_CONTEXT(2) 
PARAMETRIC_REPRESENTATION_CONTEXT() REPRESENTATION_CONTEXT('2D SPACE',''
  ) );
#5069 = PCURVE('',#2218,#5070);
#5070 = DEFINITIONAL_REPRESENTATION('',(#5071),#5075);
#5071 = ( BOUNDED_CURVE() B_SPLINE_CURVE(2,(#5072,#5073,#5074),
.UNSPECIFIED.,.F.,.F.) B_SPLINE_CURVE_WITH_KNOTS((3,3),(
-1.023267154108E-15,0.478577328328),.PIECEWISE_BEZIER_KNOTS.) CURVE() 
GEOMETRIC_REPRESENTATION_ITEM() RATIONAL_B_SPLINE_CURVE((1.,
1.028766401755,1.)) REPRESENTATION_ITEM('') );
#5072 = CARTESIAN_POINT('',(1.45,2.15));
#5073 = CARTESIAN_POINT('',(1.109505561508,2.15));
#5074 = CARTESIAN_POINT('',(0.729268401471,2.319244897203));
#5075 = ( GEOMETRIC_REPRESENTATION_CONTEXT(2) 
PARAMETRIC_REPRESENTATION_CONTEXT() REPRESENTATION_CONTEXT('2D SPACE',''
  ) );
#5076 = ORIENTED_EDGE('',*,*,#5077,.F.);
#5077 = EDGE_CURVE('',#5078,#5050,#5080,.T.);
#5078 = VERTEX_POINT('',#5079);
#5079 = CARTESIAN_POINT('',(10.850609665441,18.619468690424,-9.75));
#5080 = SURFACE_CURVE('',#5081,(#5086,#5097),.PCURVE_S1.);
#5081 = HYPERBOLA('',#5082,1.45,1.45);
#5082 = AXIS2_PLACEMENT_3D('',#5083,#5084,#5085);
#5083 = CARTESIAN_POINT('',(11.27530483272,17.05,-9.32530483272));
#5084 = DIRECTION('',(0.707106781187,5.105576340132E-33,-0.707106781187)
  );
#5085 = DIRECTION('',(1.110223024625E-16,1.,1.110223024625E-16));
#5086 = PCURVE('',#815,#5087);
#5087 = DEFINITIONAL_REPRESENTATION('',(#5088),#5096);
#5088 = B_SPLINE_CURVE_WITH_KNOTS('',6,(#5089,#5090,#5091,#5092,#5093,
    #5094,#5095),.UNSPECIFIED.,.F.,.F.,(7,7),(-0.478577328328,
    -1.023267154108E-15),.PIECEWISE_BEZIER_KNOTS.);
#5089 = CARTESIAN_POINT('',(1.246688020411,0.169244897203));
#5090 = CARTESIAN_POINT('',(1.175262019391,0.111757263392));
#5091 = CARTESIAN_POINT('',(1.100793182412,6.663182017622E-02));
#5092 = CARTESIAN_POINT('',(1.023774385948,3.321024912344E-02));
#5093 = CARTESIAN_POINT('',(0.944923730317,1.107008796804E-02));
#5094 = CARTESIAN_POINT('',(0.865161051452,2.343041146569E-15));
#5095 = CARTESIAN_POINT('',(0.785398163397,2.331468351713E-15));
#5096 = ( GEOMETRIC_REPRESENTATION_CONTEXT(2) 
PARAMETRIC_REPRESENTATION_CONTEXT() REPRESENTATION_CONTEXT('2D SPACE',''
  ) );
#5097 = PCURVE('',#2218,#5098);
#5098 = DEFINITIONAL_REPRESENTATION('',(#5099),#5103);
#5099 = ( BOUNDED_CURVE() B_SPLINE_CURVE(2,(#5100,#5101,#5102),
.UNSPECIFIED.,.F.,.F.) B_SPLINE_CURVE_WITH_KNOTS((3,3),(-0.478577328328,
-1.023267154108E-15),.PIECEWISE_BEZIER_KNOTS.) CURVE() 
GEOMETRIC_REPRESENTATION_ITEM() RATIONAL_B_SPLINE_CURVE((1.,
1.028766401755,1.)) REPRESENTATION_ITEM('') );
#5100 = CARTESIAN_POINT('',(2.170731598529,2.319244897203));
#5101 = CARTESIAN_POINT('',(1.790494438492,2.15));
#5102 = CARTESIAN_POINT('',(1.45,2.15));
#5103 = ( GEOMETRIC_REPRESENTATION_CONTEXT(2) 
PARAMETRIC_REPRESENTATION_CONTEXT() REPRESENTATION_CONTEXT('2D SPACE',''
  ) );
#5104 = ORIENTED_EDGE('',*,*,#5105,.F.);
#5105 = EDGE_CURVE('',#5106,#5078,#5108,.T.);
#5106 = VERTEX_POINT('',#5107);
#5107 = CARTESIAN_POINT('',(10.25,18.5,-9.75));
#5108 = SURFACE_CURVE('',#5109,(#5114,#5125),.PCURVE_S1.);
#5109 = HYPERBOLA('',#5110,1.45,1.45);
#5110 = AXIS2_PLACEMENT_3D('',#5111,#5112,#5113);
#5111 = CARTESIAN_POINT('',(10.25,17.05,-9.75));
#5112 = DIRECTION('',(2.22044604925E-16,0.,-1.));
#5113 = DIRECTION('',(4.930380657631E-32,1.,1.094764425254E-47));
#5114 = PCURVE('',#815,#5115);
#5115 = DEFINITIONAL_REPRESENTATION('',(#5116),#5124);
#5116 = B_SPLINE_CURVE_WITH_KNOTS('',6,(#5117,#5118,#5119,#5120,#5121,
    #5122,#5123),.UNSPECIFIED.,.F.,.F.,(7,7),(5.314002111908E-11,
    0.44118284331),.PIECEWISE_BEZIER_KNOTS.);
#5117 = CARTESIAN_POINT('',(1.570796326742,2.331468351713E-15));
#5118 = CARTESIAN_POINT('',(1.497265852866,5.668064260854E-12));
#5119 = CARTESIAN_POINT('',(1.423735511047,9.407712332658E-03));
#5120 = CARTESIAN_POINT('',(1.350919899348,2.822312928278E-02));
#5121 = CARTESIAN_POINT('',(1.279538556108,5.659887132381E-02));
#5122 = CARTESIAN_POINT('',(1.210178481819,9.48400693881E-02));
#5123 = CARTESIAN_POINT('',(1.14326629233,0.143419494034));
#5124 = ( GEOMETRIC_REPRESENTATION_CONTEXT(2) 
PARAMETRIC_REPRESENTATION_CONTEXT() REPRESENTATION_CONTEXT('2D SPACE',''
  ) );
#5125 = PCURVE('',#2192,#5126);
#5126 = DEFINITIONAL_REPRESENTATION('',(#5127),#5131);
#5127 = ( BOUNDED_CURVE() B_SPLINE_CURVE(2,(#5128,#5129,#5130),
.UNSPECIFIED.,.F.,.F.) B_SPLINE_CURVE_WITH_KNOTS((3,3),(
5.314002111908E-11,0.44118284331),.PIECEWISE_BEZIER_KNOTS.) CURVE() 
GEOMETRIC_REPRESENTATION_ITEM() RATIONAL_B_SPLINE_CURVE((1.,
1.024429108299,1.)) REPRESENTATION_ITEM('') );
#5128 = CARTESIAN_POINT('',(7.705303062266E-11,-2.15));
#5129 = CARTESIAN_POINT('',(0.314768443318,-2.150000000017));
#5130 = CARTESIAN_POINT('',(0.660670631985,-2.293419494034));
#5131 = ( GEOMETRIC_REPRESENTATION_CONTEXT(2) 
PARAMETRIC_REPRESENTATION_CONTEXT() REPRESENTATION_CONTEXT('2D SPACE',''
  ) );
#5132 = ORIENTED_EDGE('',*,*,#5133,.T.);
#5133 = EDGE_CURVE('',#5106,#5134,#5136,.T.);
#5134 = VERTEX_POINT('',#5135);
#5135 = CARTESIAN_POINT('',(10.25,18.5,-6.85));
#5136 = SURFACE_CURVE('',#5137,(#5142,#5149),.PCURVE_S1.);
#5137 = CIRCLE('',#5138,1.45);
#5138 = AXIS2_PLACEMENT_3D('',#5139,#5140,#5141);
#5139 = CARTESIAN_POINT('',(10.25,18.5,-8.3));
#5140 = DIRECTION('',(0.,1.,2.22044604925E-16));
#5141 = DIRECTION('',(1.,0.,-0.));
#5142 = PCURVE('',#815,#5143);
#5143 = DEFINITIONAL_REPRESENTATION('',(#5144),#5148);
#5144 = LINE('',#5145,#5146);
#5145 = CARTESIAN_POINT('',(0.,0.));
#5146 = VECTOR('',#5147,1.);
#5147 = DIRECTION('',(1.,0.));
#5148 = ( GEOMETRIC_REPRESENTATION_CONTEXT(2) 
PARAMETRIC_REPRESENTATION_CONTEXT() REPRESENTATION_CONTEXT('2D SPACE',''
  ) );
#5149 = PCURVE('',#2165,#5150);
#5150 = DEFINITIONAL_REPRESENTATION('',(#5151),#5155);
#5151 = LINE('',#5152,#5153);
#5152 = CARTESIAN_POINT('',(7.853981633974,2.25));
#5153 = VECTOR('',#5154,1.);
#5154 = DIRECTION('',(-1.,0.));
#5155 = ( GEOMETRIC_REPRESENTATION_CONTEXT(2) 
PARAMETRIC_REPRESENTATION_CONTEXT() REPRESENTATION_CONTEXT('2D SPACE',''
  ) );
#5156 = ORIENTED_EDGE('',*,*,#5157,.T.);
#5157 = EDGE_CURVE('',#5134,#5158,#5160,.T.);
#5158 = VERTEX_POINT('',#5159);
#5159 = CARTESIAN_POINT('',(10.850609665441,18.619468690424,-6.85));
#5160 = SURFACE_CURVE('',#5161,(#5166,#5177),.PCURVE_S1.);
#5161 = HYPERBOLA('',#5162,1.45,1.45);
#5162 = AXIS2_PLACEMENT_3D('',#5163,#5164,#5165);
#5163 = CARTESIAN_POINT('',(10.25,17.05,-6.85));
#5164 = DIRECTION('',(2.22044604925E-16,0.,-1.));
#5165 = DIRECTION('',(4.930380657631E-32,1.,1.094764425254E-47));
#5166 = PCURVE('',#815,#5167);
#5167 = DEFINITIONAL_REPRESENTATION('',(#5168),#5176);
#5168 = B_SPLINE_CURVE_WITH_KNOTS('',6,(#5169,#5170,#5171,#5172,#5173,
    #5174,#5175),.UNSPECIFIED.,.F.,.F.,(7,7),(-3.127214104528E-08,
    0.44118284331),.PIECEWISE_BEZIER_KNOTS.);
#5169 = CARTESIAN_POINT('',(4.712388949113,8.881784197001E-16));
#5170 = CARTESIAN_POINT('',(4.78591942821,-3.334209618973E-09));
#5171 = CARTESIAN_POINT('',(4.859449775452,9.407706988864E-03));
#5172 = CARTESIAN_POINT('',(4.932265392626,2.822312323849E-02));
#5173 = CARTESIAN_POINT('',(5.003646741222,5.659886589334E-02));
#5174 = CARTESIAN_POINT('',(5.073006820609,9.484006593882E-02));
#5175 = CARTESIAN_POINT('',(5.139919014849,0.143419494034));
#5176 = ( GEOMETRIC_REPRESENTATION_CONTEXT(2) 
PARAMETRIC_REPRESENTATION_CONTEXT() REPRESENTATION_CONTEXT('2D SPACE',''
  ) );
#5177 = PCURVE('',#2296,#5178);
#5178 = DEFINITIONAL_REPRESENTATION('',(#5179),#5183);
#5179 = ( BOUNDED_CURVE() B_SPLINE_CURVE(2,(#5180,#5181,#5182),
.UNSPECIFIED.,.F.,.F.) B_SPLINE_CURVE_WITH_KNOTS((3,3),(
-3.127214104528E-08,0.44118284331),.PIECEWISE_BEZIER_KNOTS.) CURVE() 
GEOMETRIC_REPRESENTATION_ITEM() RATIONAL_B_SPLINE_CURVE((1.,
1.024429111782,1.)) REPRESENTATION_ITEM('') );
#5180 = CARTESIAN_POINT('',(-4.534460451566E-08,-2.15));
#5181 = CARTESIAN_POINT('',(0.314768419537,-2.149999990157));
#5182 = CARTESIAN_POINT('',(0.660670631985,-2.293419494034));
#5183 = ( GEOMETRIC_REPRESENTATION_CONTEXT(2) 
PARAMETRIC_REPRESENTATION_CONTEXT() REPRESENTATION_CONTEXT('2D SPACE',''
  ) );
#5184 = ORIENTED_EDGE('',*,*,#5185,.T.);
#5185 = EDGE_CURVE('',#5158,#5186,#5188,.T.);
#5186 = VERTEX_POINT('',#5187);
#5187 = CARTESIAN_POINT('',(11.27530483272,18.5,-7.27469516728));
#5188 = SURFACE_CURVE('',#5189,(#5194,#5205),.PCURVE_S1.);
#5189 = HYPERBOLA('',#5190,1.45,1.45);
#5190 = AXIS2_PLACEMENT_3D('',#5191,#5192,#5193);
#5191 = CARTESIAN_POINT('',(11.27530483272,17.05,-7.27469516728));
#5192 = DIRECTION('',(-0.707106781187,-5.105576340132E-33,
    -0.707106781187));
#5193 = DIRECTION('',(-1.110223024625E-16,1.,1.110223024625E-16));
#5194 = PCURVE('',#815,#5195);
#5195 = DEFINITIONAL_REPRESENTATION('',(#5196),#5204);
#5196 = B_SPLINE_CURVE_WITH_KNOTS('',6,(#5197,#5198,#5199,#5200,#5201,
    #5202,#5203),.UNSPECIFIED.,.F.,.F.,(7,7),(-0.478577328328,
    1.570092458684E-16),.PIECEWISE_BEZIER_KNOTS.);
#5197 = CARTESIAN_POINT('',(5.036497286769,0.169244897203));
#5198 = CARTESIAN_POINT('',(5.107923287789,0.111757263392));
#5199 = CARTESIAN_POINT('',(5.182392124767,6.663182017622E-02));
#5200 = CARTESIAN_POINT('',(5.259410921232,3.321024912343E-02));
#5201 = CARTESIAN_POINT('',(5.338261576863,1.107008796805E-02));
#5202 = CARTESIAN_POINT('',(5.418024255727,1.275594925144E-15));
#5203 = CARTESIAN_POINT('',(5.497787143782,1.33226762955E-15));
#5204 = ( GEOMETRIC_REPRESENTATION_CONTEXT(2) 
PARAMETRIC_REPRESENTATION_CONTEXT() REPRESENTATION_CONTEXT('2D SPACE',''
  ) );
#5205 = PCURVE('',#2270,#5206);
#5206 = DEFINITIONAL_REPRESENTATION('',(#5207),#5211);
#5207 = ( BOUNDED_CURVE() B_SPLINE_CURVE(2,(#5208,#5209,#5210),
.UNSPECIFIED.,.F.,.F.) B_SPLINE_CURVE_WITH_KNOTS((3,3),(-0.478577328328,
1.570092458684E-16),.PIECEWISE_BEZIER_KNOTS.) CURVE() 
GEOMETRIC_REPRESENTATION_ITEM() RATIONAL_B_SPLINE_CURVE((1.,
1.028766401755,1.)) REPRESENTATION_ITEM('') );
#5208 = CARTESIAN_POINT('',(0.729268401471,-2.319244897203));
#5209 = CARTESIAN_POINT('',(1.109505561508,-2.15));
#5210 = CARTESIAN_POINT('',(1.45,-2.15));
#5211 = ( GEOMETRIC_REPRESENTATION_CONTEXT(2) 
PARAMETRIC_REPRESENTATION_CONTEXT() REPRESENTATION_CONTEXT('2D SPACE',''
  ) );
#5212 = ORIENTED_EDGE('',*,*,#5213,.T.);
#5213 = EDGE_CURVE('',#5186,#5214,#5216,.T.);
#5214 = VERTEX_POINT('',#5215);
#5215 = CARTESIAN_POINT('',(11.7,18.619468690424,-7.699390334559));
#5216 = SURFACE_CURVE('',#5217,(#5222,#5233),.PCURVE_S1.);
#5217 = HYPERBOLA('',#5218,1.45,1.45);
#5218 = AXIS2_PLACEMENT_3D('',#5219,#5220,#5221);
#5219 = CARTESIAN_POINT('',(11.27530483272,17.05,-7.27469516728));
#5220 = DIRECTION('',(-0.707106781187,-5.105576340132E-33,
    -0.707106781187));
#5221 = DIRECTION('',(-1.110223024625E-16,1.,1.110223024625E-16));
#5222 = PCURVE('',#815,#5223);
#5223 = DEFINITIONAL_REPRESENTATION('',(#5224),#5232);
#5224 = B_SPLINE_CURVE_WITH_KNOTS('',6,(#5225,#5226,#5227,#5228,#5229,
    #5230,#5231),.UNSPECIFIED.,.F.,.F.,(7,7),(1.570092458684E-16,
    0.478577328328),.PIECEWISE_BEZIER_KNOTS.);
#5225 = CARTESIAN_POINT('',(5.497787143782,1.33226762955E-15));
#5226 = CARTESIAN_POINT('',(5.577550031837,1.388940333956E-15));
#5227 = CARTESIAN_POINT('',(5.657312710701,1.107008796806E-02));
#5228 = CARTESIAN_POINT('',(5.736163366332,3.321024912342E-02));
#5229 = CARTESIAN_POINT('',(5.813182162797,6.663182017622E-02));
#5230 = CARTESIAN_POINT('',(5.887650999775,0.111757263392));
#5231 = CARTESIAN_POINT('',(5.959077000795,0.169244897203));
#5232 = ( GEOMETRIC_REPRESENTATION_CONTEXT(2) 
PARAMETRIC_REPRESENTATION_CONTEXT() REPRESENTATION_CONTEXT('2D SPACE',''
  ) );
#5233 = PCURVE('',#2270,#5234);
#5234 = DEFINITIONAL_REPRESENTATION('',(#5235),#5239);
#5235 = ( BOUNDED_CURVE() B_SPLINE_CURVE(2,(#5236,#5237,#5238),
.UNSPECIFIED.,.F.,.F.) B_SPLINE_CURVE_WITH_KNOTS((3,3),(
1.570092458684E-16,0.478577328328),.PIECEWISE_BEZIER_KNOTS.) CURVE() 
GEOMETRIC_REPRESENTATION_ITEM() RATIONAL_B_SPLINE_CURVE((1.,
1.028766401755,1.)) REPRESENTATION_ITEM('') );
#5236 = CARTESIAN_POINT('',(1.45,-2.15));
#5237 = CARTESIAN_POINT('',(1.790494438492,-2.15));
#5238 = CARTESIAN_POINT('',(2.170731598529,-2.319244897203));
#5239 = ( GEOMETRIC_REPRESENTATION_CONTEXT(2) 
PARAMETRIC_REPRESENTATION_CONTEXT() REPRESENTATION_CONTEXT('2D SPACE',''
  ) );
#5240 = ORIENTED_EDGE('',*,*,#5241,.F.);
#5241 = EDGE_CURVE('',#4999,#5214,#5242,.T.);
#5242 = SURFACE_CURVE('',#5243,(#5248,#5259),.PCURVE_S1.);
#5243 = HYPERBOLA('',#5244,1.45,1.45);
#5244 = AXIS2_PLACEMENT_3D('',#5245,#5246,#5247);
#5245 = CARTESIAN_POINT('',(11.7,17.05,-8.3));
#5246 = DIRECTION('',(1.,0.,2.22044604925E-16));
#5247 = DIRECTION('',(-4.930380657631E-32,1.,2.22044604925E-16));
#5248 = PCURVE('',#815,#5249);
#5249 = DEFINITIONAL_REPRESENTATION('',(#5250),#5258);
#5250 = B_SPLINE_CURVE_WITH_KNOTS('',6,(#5251,#5252,#5253,#5254,#5255,
    #5256,#5257),.UNSPECIFIED.,.F.,.F.,(7,7),(-2.22044604925E-16,
    0.478577328328),.PIECEWISE_BEZIER_KNOTS.);
#5251 = CARTESIAN_POINT('',(6.28318530718,-3.330669073875E-16));
#5252 = CARTESIAN_POINT('',(6.203422419125,-3.587477398879E-16));
#5253 = CARTESIAN_POINT('',(6.12365974026,1.107008796805E-02));
#5254 = CARTESIAN_POINT('',(6.044809084629,3.321024912343E-02));
#5255 = CARTESIAN_POINT('',(5.967790288165,6.663182017622E-02));
#5256 = CARTESIAN_POINT('',(5.893321451186,0.111757263392));
#5257 = CARTESIAN_POINT('',(5.821895450166,0.169244897203));
#5258 = ( GEOMETRIC_REPRESENTATION_CONTEXT(2) 
PARAMETRIC_REPRESENTATION_CONTEXT() REPRESENTATION_CONTEXT('2D SPACE',''
  ) );
#5259 = PCURVE('',#2244,#5260);
#5260 = DEFINITIONAL_REPRESENTATION('',(#5261),#5265);
#5261 = ( BOUNDED_CURVE() B_SPLINE_CURVE(2,(#5262,#5263,#5264),
.UNSPECIFIED.,.F.,.F.) B_SPLINE_CURVE_WITH_KNOTS((3,3),(
-2.22044604925E-16,0.478577328328),.PIECEWISE_BEZIER_KNOTS.) CURVE() 
GEOMETRIC_REPRESENTATION_ITEM() RATIONAL_B_SPLINE_CURVE((1.,
1.028766401755,1.)) REPRESENTATION_ITEM('') );
#5262 = CARTESIAN_POINT('',(1.45,2.15));
#5263 = CARTESIAN_POINT('',(1.109505561508,2.15));
#5264 = CARTESIAN_POINT('',(0.729268401471,2.319244897203));
#5265 = ( GEOMETRIC_REPRESENTATION_CONTEXT(2) 
PARAMETRIC_REPRESENTATION_CONTEXT() REPRESENTATION_CONTEXT('2D SPACE',''
  ) );
#5266 = ORIENTED_EDGE('',*,*,#4998,.T.);
#5267 = ADVANCED_FACE('',(#5268),#938,.T.);
#5268 = FACE_BOUND('',#5269,.T.);
#5269 = EDGE_LOOP('',(#5270,#5271,#5272));
#5270 = ORIENTED_EDGE('',*,*,#3053,.F.);
#5271 = ORIENTED_EDGE('',*,*,#996,.T.);
#5272 = ORIENTED_EDGE('',*,*,#923,.T.);
#5273 = ADVANCED_FACE('',(#5274,#5329),#1059,.T.);
#5274 = FACE_BOUND('',#5275,.T.);
#5275 = EDGE_LOOP('',(#5276,#5277,#5278,#5299,#5325,#5326,#5327,#5328));
#5276 = ORIENTED_EDGE('',*,*,#1337,.F.);
#5277 = ORIENTED_EDGE('',*,*,#4017,.T.);
#5278 = ORIENTED_EDGE('',*,*,#5279,.T.);
#5279 = EDGE_CURVE('',#3995,#5280,#5282,.T.);
#5280 = VERTEX_POINT('',#5281);
#5281 = CARTESIAN_POINT('',(-12.76,-14.9,-36.));
#5282 = SURFACE_CURVE('',#5283,(#5287,#5293),.PCURVE_S1.);
#5283 = LINE('',#5284,#5285);
#5284 = CARTESIAN_POINT('',(-12.76,-14.9,-36.));
#5285 = VECTOR('',#5286,1.);
#5286 = DIRECTION('',(-0.,0.,-1.));
#5287 = PCURVE('',#1059,#5288);
#5288 = DEFINITIONAL_REPRESENTATION('',(#5289),#5292);
#5289 = B_SPLINE_CURVE_WITH_KNOTS('',1,(#5290,#5291),.UNSPECIFIED.,.F.,
  .F.,(2,2),(-10.95,0.),.PIECEWISE_BEZIER_KNOTS.);
#5290 = CARTESIAN_POINT('',(10.95,-3.));
#5291 = CARTESIAN_POINT('',(0.,-3.));
#5292 = ( GEOMETRIC_REPRESENTATION_CONTEXT(2) 
PARAMETRIC_REPRESENTATION_CONTEXT() REPRESENTATION_CONTEXT('2D SPACE',''
  ) );
#5293 = PCURVE('',#3904,#5294);
#5294 = DEFINITIONAL_REPRESENTATION('',(#5295),#5298);
#5295 = B_SPLINE_CURVE_WITH_KNOTS('',1,(#5296,#5297),.UNSPECIFIED.,.F.,
  .F.,(2,2),(-10.95,0.),.PIECEWISE_BEZIER_KNOTS.);
#5296 = CARTESIAN_POINT('',(10.95,2.4));
#5297 = CARTESIAN_POINT('',(0.,2.4));
#5298 = ( GEOMETRIC_REPRESENTATION_CONTEXT(2) 
PARAMETRIC_REPRESENTATION_CONTEXT() REPRESENTATION_CONTEXT('2D SPACE',''
  ) );
#5299 = ORIENTED_EDGE('',*,*,#5300,.T.);
#5300 = EDGE_CURVE('',#5280,#1018,#5301,.T.);
#5301 = SURFACE_CURVE('',#5302,(#5306,#5313),.PCURVE_S1.);
#5302 = LINE('',#5303,#5304);
#5303 = CARTESIAN_POINT('',(-12.76,-17.9,-36.));
#5304 = VECTOR('',#5305,1.);
#5305 = DIRECTION('',(-0.,1.,0.));
#5306 = PCURVE('',#1059,#5307);
#5307 = DEFINITIONAL_REPRESENTATION('',(#5308),#5312);
#5308 = LINE('',#5309,#5310);
#5309 = CARTESIAN_POINT('',(0.,0.));
#5310 = VECTOR('',#5311,1.);
#5311 = DIRECTION('',(0.,-1.));
#5312 = ( GEOMETRIC_REPRESENTATION_CONTEXT(2) 
PARAMETRIC_REPRESENTATION_CONTEXT() REPRESENTATION_CONTEXT('2D SPACE',''
  ) );
#5313 = PCURVE('',#5314,#5319);
#5314 = PLANE('',#5315);
#5315 = AXIS2_PLACEMENT_3D('',#5316,#5317,#5318);
#5316 = CARTESIAN_POINT('',(-19.8,-15.5,-36.));
#5317 = DIRECTION('',(0.,0.,1.));
#5318 = DIRECTION('',(1.,0.,-0.));
#5319 = DEFINITIONAL_REPRESENTATION('',(#5320),#5324);
#5320 = LINE('',#5321,#5322);
#5321 = CARTESIAN_POINT('',(7.04,-2.4));
#5322 = VECTOR('',#5323,1.);
#5323 = DIRECTION('',(0.,1.));
#5324 = ( GEOMETRIC_REPRESENTATION_CONTEXT(2) 
PARAMETRIC_REPRESENTATION_CONTEXT() REPRESENTATION_CONTEXT('2D SPACE',''
  ) );
#5325 = ORIENTED_EDGE('',*,*,#1045,.T.);
#5326 = ORIENTED_EDGE('',*,*,#3075,.F.);
#5327 = ORIENTED_EDGE('',*,*,#1730,.F.);
#5328 = ORIENTED_EDGE('',*,*,#1593,.F.);
#5329 = FACE_BOUND('',#5330,.T.);
#5330 = EDGE_LOOP('',(#5331,#5332,#5333,#5334));
#5331 = ORIENTED_EDGE('',*,*,#2887,.T.);
#5332 = ORIENTED_EDGE('',*,*,#2981,.T.);
#5333 = ORIENTED_EDGE('',*,*,#3006,.F.);
#5334 = ORIENTED_EDGE('',*,*,#2934,.F.);
#5335 = ADVANCED_FACE('',(#5336),#1033,.T.);
#5336 = FACE_BOUND('',#5337,.T.);
#5337 = EDGE_LOOP('',(#5338,#5363,#5383,#5384,#5385,#5408,#5430,#5453,
    #5479,#5505));
#5338 = ORIENTED_EDGE('',*,*,#5339,.F.);
#5339 = EDGE_CURVE('',#5340,#5342,#5344,.T.);
#5340 = VERTEX_POINT('',#5341);
#5341 = CARTESIAN_POINT('',(-16.8,14.,-39.2));
#5342 = VERTEX_POINT('',#5343);
#5343 = CARTESIAN_POINT('',(-14.75,14.,-39.2));
#5344 = SURFACE_CURVE('',#5345,(#5349,#5356),.PCURVE_S1.);
#5345 = LINE('',#5346,#5347);
#5346 = CARTESIAN_POINT('',(-19.8,14.,-39.2));
#5347 = VECTOR('',#5348,1.);
#5348 = DIRECTION('',(1.,0.,-0.));
#5349 = PCURVE('',#1033,#5350);
#5350 = DEFINITIONAL_REPRESENTATION('',(#5351),#5355);
#5351 = LINE('',#5352,#5353);
#5352 = CARTESIAN_POINT('',(0.,0.));
#5353 = VECTOR('',#5354,1.);
#5354 = DIRECTION('',(0.,1.));
#5355 = ( GEOMETRIC_REPRESENTATION_CONTEXT(2) 
PARAMETRIC_REPRESENTATION_CONTEXT() REPRESENTATION_CONTEXT('2D SPACE',''
  ) );
#5356 = PCURVE('',#3399,#5357);
#5357 = DEFINITIONAL_REPRESENTATION('',(#5358),#5362);
#5358 = LINE('',#5359,#5360);
#5359 = CARTESIAN_POINT('',(0.,29.5));
#5360 = VECTOR('',#5361,1.);
#5361 = DIRECTION('',(1.,0.));
#5362 = ( GEOMETRIC_REPRESENTATION_CONTEXT(2) 
PARAMETRIC_REPRESENTATION_CONTEXT() REPRESENTATION_CONTEXT('2D SPACE',''
  ) );
#5363 = ORIENTED_EDGE('',*,*,#5364,.F.);
#5364 = EDGE_CURVE('',#1075,#5340,#5365,.T.);
#5365 = SURFACE_CURVE('',#5366,(#5370,#5376),.PCURVE_S1.);
#5366 = LINE('',#5367,#5368);
#5367 = CARTESIAN_POINT('',(-16.8,14.,-42.75395803395));
#5368 = VECTOR('',#5369,1.);
#5369 = DIRECTION('',(0.,0.,-1.));
#5370 = PCURVE('',#1033,#5371);
#5371 = DEFINITIONAL_REPRESENTATION('',(#5372),#5375);
#5372 = B_SPLINE_CURVE_WITH_KNOTS('',1,(#5373,#5374),.UNSPECIFIED.,.F.,
  .F.,(2,2),(-6.753958033954,-3.553958033954),.PIECEWISE_BEZIER_KNOTS.);
#5373 = CARTESIAN_POINT('',(3.2,3.));
#5374 = CARTESIAN_POINT('',(0.,3.));
#5375 = ( GEOMETRIC_REPRESENTATION_CONTEXT(2) 
PARAMETRIC_REPRESENTATION_CONTEXT() REPRESENTATION_CONTEXT('2D SPACE',''
  ) );
#5376 = PCURVE('',#1113,#5377);
#5377 = DEFINITIONAL_REPRESENTATION('',(#5378),#5382);
#5378 = LINE('',#5379,#5380);
#5379 = CARTESIAN_POINT('',(14.,3.553958033954));
#5380 = VECTOR('',#5381,1.);
#5381 = DIRECTION('',(0.,-1.));
#5382 = ( GEOMETRIC_REPRESENTATION_CONTEXT(2) 
PARAMETRIC_REPRESENTATION_CONTEXT() REPRESENTATION_CONTEXT('2D SPACE',''
  ) );
#5383 = ORIENTED_EDGE('',*,*,#1074,.T.);
#5384 = ORIENTED_EDGE('',*,*,#1017,.T.);
#5385 = ORIENTED_EDGE('',*,*,#5386,.T.);
#5386 = EDGE_CURVE('',#1018,#5387,#5389,.T.);
#5387 = VERTEX_POINT('',#5388);
#5388 = CARTESIAN_POINT('',(20.45,14.,-36.));
#5389 = SURFACE_CURVE('',#5390,(#5394,#5401),.PCURVE_S1.);
#5390 = LINE('',#5391,#5392);
#5391 = CARTESIAN_POINT('',(-19.8,14.,-36.));
#5392 = VECTOR('',#5393,1.);
#5393 = DIRECTION('',(1.,0.,-0.));
#5394 = PCURVE('',#1033,#5395);
#5395 = DEFINITIONAL_REPRESENTATION('',(#5396),#5400);
#5396 = LINE('',#5397,#5398);
#5397 = CARTESIAN_POINT('',(3.2,0.));
#5398 = VECTOR('',#5399,1.);
#5399 = DIRECTION('',(0.,1.));
#5400 = ( GEOMETRIC_REPRESENTATION_CONTEXT(2) 
PARAMETRIC_REPRESENTATION_CONTEXT() REPRESENTATION_CONTEXT('2D SPACE',''
  ) );
#5401 = PCURVE('',#5314,#5402);
#5402 = DEFINITIONAL_REPRESENTATION('',(#5403),#5407);
#5403 = LINE('',#5404,#5405);
#5404 = CARTESIAN_POINT('',(0.,29.5));
#5405 = VECTOR('',#5406,1.);
#5406 = DIRECTION('',(1.,0.));
#5407 = ( GEOMETRIC_REPRESENTATION_CONTEXT(2) 
PARAMETRIC_REPRESENTATION_CONTEXT() REPRESENTATION_CONTEXT('2D SPACE',''
  ) );
#5408 = ORIENTED_EDGE('',*,*,#5409,.T.);
#5409 = EDGE_CURVE('',#5387,#5410,#5412,.T.);
#5410 = VERTEX_POINT('',#5411);
#5411 = CARTESIAN_POINT('',(20.45,14.,-39.2));
#5412 = SURFACE_CURVE('',#5413,(#5417,#5423),.PCURVE_S1.);
#5413 = LINE('',#5414,#5415);
#5414 = CARTESIAN_POINT('',(20.45,14.,-42.75395803395));
#5415 = VECTOR('',#5416,1.);
#5416 = DIRECTION('',(0.,0.,-1.));
#5417 = PCURVE('',#1033,#5418);
#5418 = DEFINITIONAL_REPRESENTATION('',(#5419),#5422);
#5419 = B_SPLINE_CURVE_WITH_KNOTS('',1,(#5420,#5421),.UNSPECIFIED.,.F.,
  .F.,(2,2),(-6.753958033954,-3.553958033954),.PIECEWISE_BEZIER_KNOTS.);
#5420 = CARTESIAN_POINT('',(3.2,40.25));
#5421 = CARTESIAN_POINT('',(0.,40.25));
#5422 = ( GEOMETRIC_REPRESENTATION_CONTEXT(2) 
PARAMETRIC_REPRESENTATION_CONTEXT() REPRESENTATION_CONTEXT('2D SPACE',''
  ) );
#5423 = PCURVE('',#1655,#5424);
#5424 = DEFINITIONAL_REPRESENTATION('',(#5425),#5429);
#5425 = LINE('',#5426,#5427);
#5426 = CARTESIAN_POINT('',(-6.753958033954,-31.9));
#5427 = VECTOR('',#5428,1.);
#5428 = DIRECTION('',(-1.,0.));
#5429 = ( GEOMETRIC_REPRESENTATION_CONTEXT(2) 
PARAMETRIC_REPRESENTATION_CONTEXT() REPRESENTATION_CONTEXT('2D SPACE',''
  ) );
#5430 = ORIENTED_EDGE('',*,*,#5431,.F.);
#5431 = EDGE_CURVE('',#5432,#5410,#5434,.T.);
#5432 = VERTEX_POINT('',#5433);
#5433 = CARTESIAN_POINT('',(17.35,14.,-39.2));
#5434 = SURFACE_CURVE('',#5435,(#5439,#5446),.PCURVE_S1.);
#5435 = LINE('',#5436,#5437);
#5436 = CARTESIAN_POINT('',(-19.8,14.,-39.2));
#5437 = VECTOR('',#5438,1.);
#5438 = DIRECTION('',(1.,0.,-0.));
#5439 = PCURVE('',#1033,#5440);
#5440 = DEFINITIONAL_REPRESENTATION('',(#5441),#5445);
#5441 = LINE('',#5442,#5443);
#5442 = CARTESIAN_POINT('',(0.,0.));
#5443 = VECTOR('',#5444,1.);
#5444 = DIRECTION('',(0.,1.));
#5445 = ( GEOMETRIC_REPRESENTATION_CONTEXT(2) 
PARAMETRIC_REPRESENTATION_CONTEXT() REPRESENTATION_CONTEXT('2D SPACE',''
  ) );
#5446 = PCURVE('',#3399,#5447);
#5447 = DEFINITIONAL_REPRESENTATION('',(#5448),#5452);
#5448 = LINE('',#5449,#5450);
#5449 = CARTESIAN_POINT('',(0.,29.5));
#5450 = VECTOR('',#5451,1.);
#5451 = DIRECTION('',(1.,0.));
#5452 = ( GEOMETRIC_REPRESENTATION_CONTEXT(2) 
PARAMETRIC_REPRESENTATION_CONTEXT() REPRESENTATION_CONTEXT('2D SPACE',''
  ) );
#5453 = ORIENTED_EDGE('',*,*,#5454,.F.);
#5454 = EDGE_CURVE('',#5455,#5432,#5457,.T.);
#5455 = VERTEX_POINT('',#5456);
#5456 = CARTESIAN_POINT('',(17.35,14.,-37.4199837758));
#5457 = SURFACE_CURVE('',#5458,(#5462,#5468),.PCURVE_S1.);
#5458 = LINE('',#5459,#5460);
#5459 = CARTESIAN_POINT('',(17.35,14.,-46.45894172424));
#5460 = VECTOR('',#5461,1.);
#5461 = DIRECTION('',(2.532573510948E-16,0.,-1.));
#5462 = PCURVE('',#1033,#5463);
#5463 = DEFINITIONAL_REPRESENTATION('',(#5464),#5467);
#5464 = B_SPLINE_CURVE_WITH_KNOTS('',1,(#5465,#5466),.UNSPECIFIED.,.F.,
  .F.,(2,2),(-10.45894172424,-7.258941724247),.PIECEWISE_BEZIER_KNOTS.);
#5465 = CARTESIAN_POINT('',(3.2,37.15));
#5466 = CARTESIAN_POINT('',(0.,37.15));
#5467 = ( GEOMETRIC_REPRESENTATION_CONTEXT(2) 
PARAMETRIC_REPRESENTATION_CONTEXT() REPRESENTATION_CONTEXT('2D SPACE',''
  ) );
#5468 = PCURVE('',#5469,#5474);
#5469 = PLANE('',#5470);
#5470 = AXIS2_PLACEMENT_3D('',#5471,#5472,#5473);
#5471 = CARTESIAN_POINT('',(17.35,-36.97492633987,-53.71788344849));
#5472 = DIRECTION('',(1.,-1.273257708998E-17,2.532573510948E-16));
#5473 = DIRECTION('',(1.224646799147E-16,0.898794046299,-0.438371146789)
  );
#5474 = DEFINITIONAL_REPRESENTATION('',(#5475),#5478);
#5475 = B_SPLINE_CURVE_WITH_KNOTS('',1,(#5476,#5477),.UNSPECIFIED.,.F.,
  .F.,(2,2),(-10.45894172424,-7.258941724247),.PIECEWISE_BEZIER_KNOTS.);
#5476 = CARTESIAN_POINT('',(38.048951418829,38.270665073629));
#5477 = CARTESIAN_POINT('',(39.451739088554,35.394524125471));
#5478 = ( GEOMETRIC_REPRESENTATION_CONTEXT(2) 
PARAMETRIC_REPRESENTATION_CONTEXT() REPRESENTATION_CONTEXT('2D SPACE',''
  ) );
#5479 = ORIENTED_EDGE('',*,*,#5480,.F.);
#5480 = EDGE_CURVE('',#5481,#5455,#5483,.T.);
#5481 = VERTEX_POINT('',#5482);
#5482 = CARTESIAN_POINT('',(-14.75,14.,-37.4199837758));
#5483 = SURFACE_CURVE('',#5484,(#5488,#5494),.PCURVE_S1.);
#5484 = LINE('',#5485,#5486);
#5485 = CARTESIAN_POINT('',(-17.275,14.,-37.4199837758));
#5486 = VECTOR('',#5487,1.);
#5487 = DIRECTION('',(1.,0.,2.470472583116E-16));
#5488 = PCURVE('',#1033,#5489);
#5489 = DEFINITIONAL_REPRESENTATION('',(#5490),#5493);
#5490 = B_SPLINE_CURVE_WITH_KNOTS('',1,(#5491,#5492),.UNSPECIFIED.,.F.,
  .F.,(2,2),(2.525,34.625),.PIECEWISE_BEZIER_KNOTS.);
#5491 = CARTESIAN_POINT('',(1.780016224195,5.05));
#5492 = CARTESIAN_POINT('',(1.780016224195,37.15));
#5493 = ( GEOMETRIC_REPRESENTATION_CONTEXT(2) 
PARAMETRIC_REPRESENTATION_CONTEXT() REPRESENTATION_CONTEXT('2D SPACE',''
  ) );
#5494 = PCURVE('',#5495,#5500);
#5495 = PLANE('',#5496);
#5496 = AXIS2_PLACEMENT_3D('',#5497,#5498,#5499);
#5497 = CARTESIAN_POINT('',(-14.75,-36.97492633987,-62.2821165515));
#5498 = DIRECTION('',(-2.22044604925E-16,-0.438371146789,0.898794046299)
  );
#5499 = DIRECTION('',(1.224646799147E-16,0.898794046299,0.438371146789)
  );
#5500 = DEFINITIONAL_REPRESENTATION('',(#5501),#5504);
#5501 = B_SPLINE_CURVE_WITH_KNOTS('',1,(#5502,#5503),.UNSPECIFIED.,.F.,
  .F.,(2,2),(2.525,34.625),.PIECEWISE_BEZIER_KNOTS.);
#5502 = CARTESIAN_POINT('',(56.714801961327,3.10862446895E-15));
#5503 = CARTESIAN_POINT('',(56.714801961327,-32.1));
#5504 = ( GEOMETRIC_REPRESENTATION_CONTEXT(2) 
PARAMETRIC_REPRESENTATION_CONTEXT() REPRESENTATION_CONTEXT('2D SPACE',''
  ) );
#5505 = ORIENTED_EDGE('',*,*,#5506,.T.);
#5506 = EDGE_CURVE('',#5481,#5342,#5507,.T.);
#5507 = SURFACE_CURVE('',#5508,(#5512,#5518),.PCURVE_S1.);
#5508 = LINE('',#5509,#5510);
#5509 = CARTESIAN_POINT('',(-14.75,14.,-46.45894172424));
#5510 = VECTOR('',#5511,1.);
#5511 = DIRECTION('',(2.532573510948E-16,0.,-1.));
#5512 = PCURVE('',#1033,#5513);
#5513 = DEFINITIONAL_REPRESENTATION('',(#5514),#5517);
#5514 = B_SPLINE_CURVE_WITH_KNOTS('',1,(#5515,#5516),.UNSPECIFIED.,.F.,
  .F.,(2,2),(-10.45894172424,-7.258941724247),.PIECEWISE_BEZIER_KNOTS.);
#5515 = CARTESIAN_POINT('',(3.2,5.05));
#5516 = CARTESIAN_POINT('',(0.,5.05));
#5517 = ( GEOMETRIC_REPRESENTATION_CONTEXT(2) 
PARAMETRIC_REPRESENTATION_CONTEXT() REPRESENTATION_CONTEXT('2D SPACE',''
  ) );
#5518 = PCURVE('',#5519,#5524);
#5519 = PLANE('',#5520);
#5520 = AXIS2_PLACEMENT_3D('',#5521,#5522,#5523);
#5521 = CARTESIAN_POINT('',(-14.75,-36.97492633987,-53.71788344849));
#5522 = DIRECTION('',(1.,-1.273257708998E-17,2.532573510948E-16));
#5523 = DIRECTION('',(1.224646799147E-16,0.898794046299,-0.438371146789)
  );
#5524 = DEFINITIONAL_REPRESENTATION('',(#5525),#5528);
#5525 = B_SPLINE_CURVE_WITH_KNOTS('',1,(#5526,#5527),.UNSPECIFIED.,.F.,
  .F.,(2,2),(-10.45894172424,-7.258941724247),.PIECEWISE_BEZIER_KNOTS.);
#5526 = CARTESIAN_POINT('',(38.048951418829,38.270665073629));
#5527 = CARTESIAN_POINT('',(39.451739088554,35.394524125471));
#5528 = ( GEOMETRIC_REPRESENTATION_CONTEXT(2) 
PARAMETRIC_REPRESENTATION_CONTEXT() REPRESENTATION_CONTEXT('2D SPACE',''
  ) );
#5529 = ADVANCED_FACE('',(#5530,#5774,#5805,#5836,#5867,#5898),#1113,.T.
  );
#5530 = FACE_BOUND('',#5531,.T.);
#5531 = EDGE_LOOP('',(#5532,#5562,#5590,#5618,#5647,#5675,#5703,#5731,
    #5752,#5753,#5754));
#5532 = ORIENTED_EDGE('',*,*,#5533,.T.);
#5533 = EDGE_CURVE('',#5534,#5536,#5538,.T.);
#5534 = VERTEX_POINT('',#5535);
#5535 = CARTESIAN_POINT('',(-16.8,-14.5,-39.2));
#5536 = VERTEX_POINT('',#5537);
#5537 = CARTESIAN_POINT('',(-16.8,-12.,-41.7));
#5538 = SURFACE_CURVE('',#5539,(#5543,#5550),.PCURVE_S1.);
#5539 = LINE('',#5540,#5541);
#5540 = CARTESIAN_POINT('',(-16.8,-14.5,-39.2));
#5541 = VECTOR('',#5542,1.);
#5542 = DIRECTION('',(0.,0.707106781187,-0.707106781187));
#5543 = PCURVE('',#1113,#5544);
#5544 = DEFINITIONAL_REPRESENTATION('',(#5545),#5549);
#5545 = LINE('',#5546,#5547);
#5546 = CARTESIAN_POINT('',(-14.5,7.107916067909));
#5547 = VECTOR('',#5548,1.);
#5548 = DIRECTION('',(0.707106781187,-0.707106781187));
#5549 = ( GEOMETRIC_REPRESENTATION_CONTEXT(2) 
PARAMETRIC_REPRESENTATION_CONTEXT() REPRESENTATION_CONTEXT('2D SPACE',''
  ) );
#5550 = PCURVE('',#5551,#5556);
#5551 = PLANE('',#5552);
#5552 = AXIS2_PLACEMENT_3D('',#5553,#5554,#5555);
#5553 = CARTESIAN_POINT('',(-19.8,-14.5,-39.2));
#5554 = DIRECTION('',(-0.,0.707106781187,0.707106781187));
#5555 = DIRECTION('',(0.,0.707106781187,-0.707106781187));
#5556 = DEFINITIONAL_REPRESENTATION('',(#5557),#5561);
#5557 = LINE('',#5558,#5559);
#5558 = CARTESIAN_POINT('',(0.,-3.));
#5559 = VECTOR('',#5560,1.);
#5560 = DIRECTION('',(1.,0.));
#5561 = ( GEOMETRIC_REPRESENTATION_CONTEXT(2) 
PARAMETRIC_REPRESENTATION_CONTEXT() REPRESENTATION_CONTEXT('2D SPACE',''
  ) );
#5562 = ORIENTED_EDGE('',*,*,#5563,.T.);
#5563 = EDGE_CURVE('',#5536,#5564,#5566,.T.);
#5564 = VERTEX_POINT('',#5565);
#5565 = CARTESIAN_POINT('',(-16.8,-12.,-58.));
#5566 = SURFACE_CURVE('',#5567,(#5571,#5578),.PCURVE_S1.);
#5567 = LINE('',#5568,#5569);
#5568 = CARTESIAN_POINT('',(-16.8,-12.,-41.7));
#5569 = VECTOR('',#5570,1.);
#5570 = DIRECTION('',(0.,0.,-1.));
#5571 = PCURVE('',#1113,#5572);
#5572 = DEFINITIONAL_REPRESENTATION('',(#5573),#5577);
#5573 = LINE('',#5574,#5575);
#5574 = CARTESIAN_POINT('',(-12.,4.607916067909));
#5575 = VECTOR('',#5576,1.);
#5576 = DIRECTION('',(0.,-1.));
#5577 = ( GEOMETRIC_REPRESENTATION_CONTEXT(2) 
PARAMETRIC_REPRESENTATION_CONTEXT() REPRESENTATION_CONTEXT('2D SPACE',''
  ) );
#5578 = PCURVE('',#5579,#5584);
#5579 = PLANE('',#5580);
#5580 = AXIS2_PLACEMENT_3D('',#5581,#5582,#5583);
#5581 = CARTESIAN_POINT('',(-19.8,-12.,-41.7));
#5582 = DIRECTION('',(-0.,1.,0.));
#5583 = DIRECTION('',(0.,0.,-1.));
#5584 = DEFINITIONAL_REPRESENTATION('',(#5585),#5589);
#5585 = LINE('',#5586,#5587);
#5586 = CARTESIAN_POINT('',(0.,-3.));
#5587 = VECTOR('',#5588,1.);
#5588 = DIRECTION('',(1.,0.));
#5589 = ( GEOMETRIC_REPRESENTATION_CONTEXT(2) 
PARAMETRIC_REPRESENTATION_CONTEXT() REPRESENTATION_CONTEXT('2D SPACE',''
  ) );
#5590 = ORIENTED_EDGE('',*,*,#5591,.T.);
#5591 = EDGE_CURVE('',#5564,#5592,#5594,.T.);
#5592 = VERTEX_POINT('',#5593);
#5593 = CARTESIAN_POINT('',(-16.8,-10.,-58.));
#5594 = SURFACE_CURVE('',#5595,(#5599,#5606),.PCURVE_S1.);
#5595 = LINE('',#5596,#5597);
#5596 = CARTESIAN_POINT('',(-16.8,-12.,-58.));
#5597 = VECTOR('',#5598,1.);
#5598 = DIRECTION('',(0.,1.,0.));
#5599 = PCURVE('',#1113,#5600);
#5600 = DEFINITIONAL_REPRESENTATION('',(#5601),#5605);
#5601 = LINE('',#5602,#5603);
#5602 = CARTESIAN_POINT('',(-12.,-11.69208393209));
#5603 = VECTOR('',#5604,1.);
#5604 = DIRECTION('',(1.,0.));
#5605 = ( GEOMETRIC_REPRESENTATION_CONTEXT(2) 
PARAMETRIC_REPRESENTATION_CONTEXT() REPRESENTATION_CONTEXT('2D SPACE',''
  ) );
#5606 = PCURVE('',#5607,#5612);
#5607 = PLANE('',#5608);
#5608 = AXIS2_PLACEMENT_3D('',#5609,#5610,#5611);
#5609 = CARTESIAN_POINT('',(-19.8,-12.,-58.));
#5610 = DIRECTION('',(0.,0.,1.));
#5611 = DIRECTION('',(0.,1.,0.));
#5612 = DEFINITIONAL_REPRESENTATION('',(#5613),#5617);
#5613 = LINE('',#5614,#5615);
#5614 = CARTESIAN_POINT('',(0.,-3.));
#5615 = VECTOR('',#5616,1.);
#5616 = DIRECTION('',(1.,0.));
#5617 = ( GEOMETRIC_REPRESENTATION_CONTEXT(2) 
PARAMETRIC_REPRESENTATION_CONTEXT() REPRESENTATION_CONTEXT('2D SPACE',''
  ) );
#5618 = ORIENTED_EDGE('',*,*,#5619,.T.);
#5619 = EDGE_CURVE('',#5592,#5620,#5622,.T.);
#5620 = VERTEX_POINT('',#5621);
#5621 = CARTESIAN_POINT('',(-16.8,10.,-58.));
#5622 = SURFACE_CURVE('',#5623,(#5628,#5635),.PCURVE_S1.);
#5623 = CIRCLE('',#5624,10.);
#5624 = AXIS2_PLACEMENT_3D('',#5625,#5626,#5627);
#5625 = CARTESIAN_POINT('',(-16.8,0.,-58.));
#5626 = DIRECTION('',(1.,4.038967834732E-30,3.552713678801E-16));
#5627 = DIRECTION('',(0.,-1.,1.136868377216E-14));
#5628 = PCURVE('',#1113,#5629);
#5629 = DEFINITIONAL_REPRESENTATION('',(#5630),#5634);
#5630 = CIRCLE('',#5631,10.);
#5631 = AXIS2_PLACEMENT_2D('',#5632,#5633);
#5632 = CARTESIAN_POINT('',(-2.868820338585E-16,-11.69208393209));
#5633 = DIRECTION('',(-1.,1.136868377216E-14));
#5634 = ( GEOMETRIC_REPRESENTATION_CONTEXT(2) 
PARAMETRIC_REPRESENTATION_CONTEXT() REPRESENTATION_CONTEXT('2D SPACE',''
  ) );
#5635 = PCURVE('',#5636,#5641);
#5636 = CYLINDRICAL_SURFACE('',#5637,10.);
#5637 = AXIS2_PLACEMENT_3D('',#5638,#5639,#5640);
#5638 = CARTESIAN_POINT('',(-19.8,0.,-58.));
#5639 = DIRECTION('',(1.,0.,2.22044604925E-16));
#5640 = DIRECTION('',(2.22044604925E-16,0.,-1.));
#5641 = DEFINITIONAL_REPRESENTATION('',(#5642),#5646);
#5642 = LINE('',#5643,#5644);
#5643 = CARTESIAN_POINT('',(4.712388980385,3.));
#5644 = VECTOR('',#5645,1.);
#5645 = DIRECTION('',(1.,0.));
#5646 = ( GEOMETRIC_REPRESENTATION_CONTEXT(2) 
PARAMETRIC_REPRESENTATION_CONTEXT() REPRESENTATION_CONTEXT('2D SPACE',''
  ) );
#5647 = ORIENTED_EDGE('',*,*,#5648,.T.);
#5648 = EDGE_CURVE('',#5620,#5649,#5651,.T.);
#5649 = VERTEX_POINT('',#5650);
#5650 = CARTESIAN_POINT('',(-16.8,12.,-58.));
#5651 = SURFACE_CURVE('',#5652,(#5656,#5663),.PCURVE_S1.);
#5652 = LINE('',#5653,#5654);
#5653 = CARTESIAN_POINT('',(-16.8,-12.,-58.));
#5654 = VECTOR('',#5655,1.);
#5655 = DIRECTION('',(0.,1.,0.));
#5656 = PCURVE('',#1113,#5657);
#5657 = DEFINITIONAL_REPRESENTATION('',(#5658),#5662);
#5658 = LINE('',#5659,#5660);
#5659 = CARTESIAN_POINT('',(-12.,-11.69208393209));
#5660 = VECTOR('',#5661,1.);
#5661 = DIRECTION('',(1.,0.));
#5662 = ( GEOMETRIC_REPRESENTATION_CONTEXT(2) 
PARAMETRIC_REPRESENTATION_CONTEXT() REPRESENTATION_CONTEXT('2D SPACE',''
  ) );
#5663 = PCURVE('',#5664,#5669);
#5664 = PLANE('',#5665);
#5665 = AXIS2_PLACEMENT_3D('',#5666,#5667,#5668);
#5666 = CARTESIAN_POINT('',(-19.8,-12.,-58.));
#5667 = DIRECTION('',(0.,0.,1.));
#5668 = DIRECTION('',(0.,1.,0.));
#5669 = DEFINITIONAL_REPRESENTATION('',(#5670),#5674);
#5670 = LINE('',#5671,#5672);
#5671 = CARTESIAN_POINT('',(0.,-3.));
#5672 = VECTOR('',#5673,1.);
#5673 = DIRECTION('',(1.,0.));
#5674 = ( GEOMETRIC_REPRESENTATION_CONTEXT(2) 
PARAMETRIC_REPRESENTATION_CONTEXT() REPRESENTATION_CONTEXT('2D SPACE',''
  ) );
#5675 = ORIENTED_EDGE('',*,*,#5676,.T.);
#5676 = EDGE_CURVE('',#5649,#5677,#5679,.T.);
#5677 = VERTEX_POINT('',#5678);
#5678 = CARTESIAN_POINT('',(-16.8,12.,-41.7));
#5679 = SURFACE_CURVE('',#5680,(#5684,#5691),.PCURVE_S1.);
#5680 = LINE('',#5681,#5682);
#5681 = CARTESIAN_POINT('',(-16.8,12.,-58.));
#5682 = VECTOR('',#5683,1.);
#5683 = DIRECTION('',(0.,0.,1.));
#5684 = PCURVE('',#1113,#5685);
#5685 = DEFINITIONAL_REPRESENTATION('',(#5686),#5690);
#5686 = LINE('',#5687,#5688);
#5687 = CARTESIAN_POINT('',(12.,-11.69208393209));
#5688 = VECTOR('',#5689,1.);
#5689 = DIRECTION('',(0.,1.));
#5690 = ( GEOMETRIC_REPRESENTATION_CONTEXT(2) 
PARAMETRIC_REPRESENTATION_CONTEXT() REPRESENTATION_CONTEXT('2D SPACE',''
  ) );
#5691 = PCURVE('',#5692,#5697);
#5692 = PLANE('',#5693);
#5693 = AXIS2_PLACEMENT_3D('',#5694,#5695,#5696);
#5694 = CARTESIAN_POINT('',(-19.8,12.,-58.));
#5695 = DIRECTION('',(0.,-1.,0.));
#5696 = DIRECTION('',(0.,0.,1.));
#5697 = DEFINITIONAL_REPRESENTATION('',(#5698),#5702);
#5698 = LINE('',#5699,#5700);
#5699 = CARTESIAN_POINT('',(0.,-3.));
#5700 = VECTOR('',#5701,1.);
#5701 = DIRECTION('',(1.,0.));
#5702 = ( GEOMETRIC_REPRESENTATION_CONTEXT(2) 
PARAMETRIC_REPRESENTATION_CONTEXT() REPRESENTATION_CONTEXT('2D SPACE',''
  ) );
#5703 = ORIENTED_EDGE('',*,*,#5704,.T.);
#5704 = EDGE_CURVE('',#5677,#5705,#5707,.T.);
#5705 = VERTEX_POINT('',#5706);
#5706 = CARTESIAN_POINT('',(-16.8,14.5,-39.2));
#5707 = SURFACE_CURVE('',#5708,(#5712,#5719),.PCURVE_S1.);
#5708 = LINE('',#5709,#5710);
#5709 = CARTESIAN_POINT('',(-16.8,12.,-41.7));
#5710 = VECTOR('',#5711,1.);
#5711 = DIRECTION('',(0.,0.707106781187,0.707106781187));
#5712 = PCURVE('',#1113,#5713);
#5713 = DEFINITIONAL_REPRESENTATION('',(#5714),#5718);
#5714 = LINE('',#5715,#5716);
#5715 = CARTESIAN_POINT('',(12.,4.607916067909));
#5716 = VECTOR('',#5717,1.);
#5717 = DIRECTION('',(0.707106781187,0.707106781187));
#5718 = ( GEOMETRIC_REPRESENTATION_CONTEXT(2) 
PARAMETRIC_REPRESENTATION_CONTEXT() REPRESENTATION_CONTEXT('2D SPACE',''
  ) );
#5719 = PCURVE('',#5720,#5725);
#5720 = PLANE('',#5721);
#5721 = AXIS2_PLACEMENT_3D('',#5722,#5723,#5724);
#5722 = CARTESIAN_POINT('',(-19.8,12.,-41.7));
#5723 = DIRECTION('',(0.,-0.707106781187,0.707106781187));
#5724 = DIRECTION('',(0.,0.707106781187,0.707106781187));
#5725 = DEFINITIONAL_REPRESENTATION('',(#5726),#5730);
#5726 = LINE('',#5727,#5728);
#5727 = CARTESIAN_POINT('',(0.,-3.));
#5728 = VECTOR('',#5729,1.);
#5729 = DIRECTION('',(1.,0.));
#5730 = ( GEOMETRIC_REPRESENTATION_CONTEXT(2) 
PARAMETRIC_REPRESENTATION_CONTEXT() REPRESENTATION_CONTEXT('2D SPACE',''
  ) );
#5731 = ORIENTED_EDGE('',*,*,#5732,.T.);
#5732 = EDGE_CURVE('',#5705,#1098,#5733,.T.);
#5733 = SURFACE_CURVE('',#5734,(#5738,#5745),.PCURVE_S1.);
#5734 = LINE('',#5735,#5736);
#5735 = CARTESIAN_POINT('',(-16.8,14.5,-39.2));
#5736 = VECTOR('',#5737,1.);
#5737 = DIRECTION('',(0.,0.,1.));
#5738 = PCURVE('',#1113,#5739);
#5739 = DEFINITIONAL_REPRESENTATION('',(#5740),#5744);
#5740 = LINE('',#5741,#5742);
#5741 = CARTESIAN_POINT('',(14.5,7.107916067909));
#5742 = VECTOR('',#5743,1.);
#5743 = DIRECTION('',(0.,1.));
#5744 = ( GEOMETRIC_REPRESENTATION_CONTEXT(2) 
PARAMETRIC_REPRESENTATION_CONTEXT() REPRESENTATION_CONTEXT('2D SPACE',''
  ) );
#5745 = PCURVE('',#1141,#5746);
#5746 = DEFINITIONAL_REPRESENTATION('',(#5747),#5751);
#5747 = LINE('',#5748,#5749);
#5748 = CARTESIAN_POINT('',(0.,-3.));
#5749 = VECTOR('',#5750,1.);
#5750 = DIRECTION('',(1.,0.));
#5751 = ( GEOMETRIC_REPRESENTATION_CONTEXT(2) 
PARAMETRIC_REPRESENTATION_CONTEXT() REPRESENTATION_CONTEXT('2D SPACE',''
  ) );
#5752 = ORIENTED_EDGE('',*,*,#1097,.T.);
#5753 = ORIENTED_EDGE('',*,*,#5364,.T.);
#5754 = ORIENTED_EDGE('',*,*,#5755,.F.);
#5755 = EDGE_CURVE('',#5534,#5340,#5756,.T.);
#5756 = SURFACE_CURVE('',#5757,(#5761,#5768),.PCURVE_S1.);
#5757 = LINE('',#5758,#5759);
#5758 = CARTESIAN_POINT('',(-16.8,-7.75,-39.2));
#5759 = VECTOR('',#5760,1.);
#5760 = DIRECTION('',(0.,1.,0.));
#5761 = PCURVE('',#1113,#5762);
#5762 = DEFINITIONAL_REPRESENTATION('',(#5763),#5767);
#5763 = LINE('',#5764,#5765);
#5764 = CARTESIAN_POINT('',(-7.75,7.107916067909));
#5765 = VECTOR('',#5766,1.);
#5766 = DIRECTION('',(1.,0.));
#5767 = ( GEOMETRIC_REPRESENTATION_CONTEXT(2) 
PARAMETRIC_REPRESENTATION_CONTEXT() REPRESENTATION_CONTEXT('2D SPACE',''
  ) );
#5768 = PCURVE('',#3399,#5769);
#5769 = DEFINITIONAL_REPRESENTATION('',(#5770),#5773);
#5770 = B_SPLINE_CURVE_WITH_KNOTS('',1,(#5771,#5772),.UNSPECIFIED.,.F.,
  .F.,(2,2),(-6.75,21.75),.PIECEWISE_BEZIER_KNOTS.);
#5771 = CARTESIAN_POINT('',(3.,1.));
#5772 = CARTESIAN_POINT('',(3.,29.5));
#5773 = ( GEOMETRIC_REPRESENTATION_CONTEXT(2) 
PARAMETRIC_REPRESENTATION_CONTEXT() REPRESENTATION_CONTEXT('2D SPACE',''
  ) );
#5774 = FACE_BOUND('',#5775,.T.);
#5775 = EDGE_LOOP('',(#5776));
#5776 = ORIENTED_EDGE('',*,*,#5777,.F.);
#5777 = EDGE_CURVE('',#5778,#5778,#5780,.T.);
#5778 = VERTEX_POINT('',#5779);
#5779 = CARTESIAN_POINT('',(-16.8,-4.163799117101E-16,-52.7));
#5780 = SURFACE_CURVE('',#5781,(#5786,#5793),.PCURVE_S1.);
#5781 = CIRCLE('',#5782,1.7);
#5782 = AXIS2_PLACEMENT_3D('',#5783,#5784,#5785);
#5783 = CARTESIAN_POINT('',(-16.8,0.,-51.));
#5784 = DIRECTION('',(1.,0.,2.22044604925E-16));
#5785 = DIRECTION('',(2.22044604925E-16,0.,-1.));
#5786 = PCURVE('',#1113,#5787);
#5787 = DEFINITIONAL_REPRESENTATION('',(#5788),#5792);
#5788 = CIRCLE('',#5789,1.7);
#5789 = AXIS2_PLACEMENT_2D('',#5790,#5791);
#5790 = CARTESIAN_POINT('',(-2.868820338585E-16,-4.692083932091));
#5791 = DIRECTION('',(0.,-1.));
#5792 = ( GEOMETRIC_REPRESENTATION_CONTEXT(2) 
PARAMETRIC_REPRESENTATION_CONTEXT() REPRESENTATION_CONTEXT('2D SPACE',''
  ) );
#5793 = PCURVE('',#5794,#5799);
#5794 = CYLINDRICAL_SURFACE('',#5795,1.7);
#5795 = AXIS2_PLACEMENT_3D('',#5796,#5797,#5798);
#5796 = CARTESIAN_POINT('',(-20.8,0.,-51.));
#5797 = DIRECTION('',(1.,0.,2.22044604925E-16));
#5798 = DIRECTION('',(2.22044604925E-16,0.,-1.));
#5799 = DEFINITIONAL_REPRESENTATION('',(#5800),#5804);
#5800 = LINE('',#5801,#5802);
#5801 = CARTESIAN_POINT('',(0.,4.));
#5802 = VECTOR('',#5803,1.);
#5803 = DIRECTION('',(1.,0.));
#5804 = ( GEOMETRIC_REPRESENTATION_CONTEXT(2) 
PARAMETRIC_REPRESENTATION_CONTEXT() REPRESENTATION_CONTEXT('2D SPACE',''
  ) );
#5805 = FACE_BOUND('',#5806,.T.);
#5806 = EDGE_LOOP('',(#5807));
#5807 = ORIENTED_EDGE('',*,*,#5808,.F.);
#5808 = EDGE_CURVE('',#5809,#5809,#5811,.T.);
#5809 = VERTEX_POINT('',#5810);
#5810 = CARTESIAN_POINT('',(-16.8,-4.163799117101E-16,-66.7));
#5811 = SURFACE_CURVE('',#5812,(#5817,#5824),.PCURVE_S1.);
#5812 = CIRCLE('',#5813,1.7);
#5813 = AXIS2_PLACEMENT_3D('',#5814,#5815,#5816);
#5814 = CARTESIAN_POINT('',(-16.8,0.,-65.));
#5815 = DIRECTION('',(1.,0.,2.22044604925E-16));
#5816 = DIRECTION('',(2.22044604925E-16,0.,-1.));
#5817 = PCURVE('',#1113,#5818);
#5818 = DEFINITIONAL_REPRESENTATION('',(#5819),#5823);
#5819 = CIRCLE('',#5820,1.7);
#5820 = AXIS2_PLACEMENT_2D('',#5821,#5822);
#5821 = CARTESIAN_POINT('',(-2.868820338585E-16,-18.69208393209));
#5822 = DIRECTION('',(0.,-1.));
#5823 = ( GEOMETRIC_REPRESENTATION_CONTEXT(2) 
PARAMETRIC_REPRESENTATION_CONTEXT() REPRESENTATION_CONTEXT('2D SPACE',''
  ) );
#5824 = PCURVE('',#5825,#5830);
#5825 = CYLINDRICAL_SURFACE('',#5826,1.7);
#5826 = AXIS2_PLACEMENT_3D('',#5827,#5828,#5829);
#5827 = CARTESIAN_POINT('',(-20.8,0.,-65.));
#5828 = DIRECTION('',(1.,0.,2.22044604925E-16));
#5829 = DIRECTION('',(2.22044604925E-16,0.,-1.));
#5830 = DEFINITIONAL_REPRESENTATION('',(#5831),#5835);
#5831 = LINE('',#5832,#5833);
#5832 = CARTESIAN_POINT('',(0.,4.));
#5833 = VECTOR('',#5834,1.);
#5834 = DIRECTION('',(1.,0.));
#5835 = ( GEOMETRIC_REPRESENTATION_CONTEXT(2) 
PARAMETRIC_REPRESENTATION_CONTEXT() REPRESENTATION_CONTEXT('2D SPACE',''
  ) );
#5836 = FACE_BOUND('',#5837,.T.);
#5837 = EDGE_LOOP('',(#5838));
#5838 = ORIENTED_EDGE('',*,*,#5839,.F.);
#5839 = EDGE_CURVE('',#5840,#5840,#5842,.T.);
#5840 = VERTEX_POINT('',#5841);
#5841 = CARTESIAN_POINT('',(-16.8,-7.,-59.7));
#5842 = SURFACE_CURVE('',#5843,(#5848,#5855),.PCURVE_S1.);
#5843 = CIRCLE('',#5844,1.7);
#5844 = AXIS2_PLACEMENT_3D('',#5845,#5846,#5847);
#5845 = CARTESIAN_POINT('',(-16.8,-7.,-58.));
#5846 = DIRECTION('',(1.,0.,2.22044604925E-16));
#5847 = DIRECTION('',(2.22044604925E-16,0.,-1.));
#5848 = PCURVE('',#1113,#5849);
#5849 = DEFINITIONAL_REPRESENTATION('',(#5850),#5854);
#5850 = CIRCLE('',#5851,1.7);
#5851 = AXIS2_PLACEMENT_2D('',#5852,#5853);
#5852 = CARTESIAN_POINT('',(-7.,-11.69208393209));
#5853 = DIRECTION('',(0.,-1.));
#5854 = ( GEOMETRIC_REPRESENTATION_CONTEXT(2) 
PARAMETRIC_REPRESENTATION_CONTEXT() REPRESENTATION_CONTEXT('2D SPACE',''
  ) );
#5855 = PCURVE('',#5856,#5861);
#5856 = CYLINDRICAL_SURFACE('',#5857,1.7);
#5857 = AXIS2_PLACEMENT_3D('',#5858,#5859,#5860);
#5858 = CARTESIAN_POINT('',(-20.8,-7.,-58.));
#5859 = DIRECTION('',(1.,0.,2.22044604925E-16));
#5860 = DIRECTION('',(2.22044604925E-16,0.,-1.));
#5861 = DEFINITIONAL_REPRESENTATION('',(#5862),#5866);
#5862 = LINE('',#5863,#5864);
#5863 = CARTESIAN_POINT('',(0.,4.));
#5864 = VECTOR('',#5865,1.);
#5865 = DIRECTION('',(1.,0.));
#5866 = ( GEOMETRIC_REPRESENTATION_CONTEXT(2) 
PARAMETRIC_REPRESENTATION_CONTEXT() REPRESENTATION_CONTEXT('2D SPACE',''
  ) );
#5867 = FACE_BOUND('',#5868,.T.);
#5868 = EDGE_LOOP('',(#5869));
#5869 = ORIENTED_EDGE('',*,*,#5870,.F.);
#5870 = EDGE_CURVE('',#5871,#5871,#5873,.T.);
#5871 = VERTEX_POINT('',#5872);
#5872 = CARTESIAN_POINT('',(-16.8,-9.184850993605E-16,-61.75));
#5873 = SURFACE_CURVE('',#5874,(#5879,#5886),.PCURVE_S1.);
#5874 = CIRCLE('',#5875,3.75);
#5875 = AXIS2_PLACEMENT_3D('',#5876,#5877,#5878);
#5876 = CARTESIAN_POINT('',(-16.8,0.,-58.));
#5877 = DIRECTION('',(1.,0.,2.22044604925E-16));
#5878 = DIRECTION('',(2.22044604925E-16,0.,-1.));
#5879 = PCURVE('',#1113,#5880);
#5880 = DEFINITIONAL_REPRESENTATION('',(#5881),#5885);
#5881 = CIRCLE('',#5882,3.75);
#5882 = AXIS2_PLACEMENT_2D('',#5883,#5884);
#5883 = CARTESIAN_POINT('',(-2.868820338585E-16,-11.69208393209));
#5884 = DIRECTION('',(0.,-1.));
#5885 = ( GEOMETRIC_REPRESENTATION_CONTEXT(2) 
PARAMETRIC_REPRESENTATION_CONTEXT() REPRESENTATION_CONTEXT('2D SPACE',''
  ) );
#5886 = PCURVE('',#5887,#5892);
#5887 = CYLINDRICAL_SURFACE('',#5888,3.75);
#5888 = AXIS2_PLACEMENT_3D('',#5889,#5890,#5891);
#5889 = CARTESIAN_POINT('',(-20.8,0.,-58.));
#5890 = DIRECTION('',(1.,0.,2.22044604925E-16));
#5891 = DIRECTION('',(2.22044604925E-16,0.,-1.));
#5892 = DEFINITIONAL_REPRESENTATION('',(#5893),#5897);
#5893 = LINE('',#5894,#5895);
#5894 = CARTESIAN_POINT('',(0.,4.));
#5895 = VECTOR('',#5896,1.);
#5896 = DIRECTION('',(1.,0.));
#5897 = ( GEOMETRIC_REPRESENTATION_CONTEXT(2) 
PARAMETRIC_REPRESENTATION_CONTEXT() REPRESENTATION_CONTEXT('2D SPACE',''
  ) );
#5898 = FACE_BOUND('',#5899,.T.);
#5899 = EDGE_LOOP('',(#5900));
#5900 = ORIENTED_EDGE('',*,*,#5901,.F.);
#5901 = EDGE_CURVE('',#5902,#5902,#5904,.T.);
#5902 = VERTEX_POINT('',#5903);
#5903 = CARTESIAN_POINT('',(-16.8,7.,-59.7));
#5904 = SURFACE_CURVE('',#5905,(#5910,#5917),.PCURVE_S1.);
#5905 = CIRCLE('',#5906,1.7);
#5906 = AXIS2_PLACEMENT_3D('',#5907,#5908,#5909);
#5907 = CARTESIAN_POINT('',(-16.8,7.,-58.));
#5908 = DIRECTION('',(1.,0.,2.22044604925E-16));
#5909 = DIRECTION('',(2.22044604925E-16,0.,-1.));
#5910 = PCURVE('',#1113,#5911);
#5911 = DEFINITIONAL_REPRESENTATION('',(#5912),#5916);
#5912 = CIRCLE('',#5913,1.7);
#5913 = AXIS2_PLACEMENT_2D('',#5914,#5915);
#5914 = CARTESIAN_POINT('',(7.,-11.69208393209));
#5915 = DIRECTION('',(0.,-1.));
#5916 = ( GEOMETRIC_REPRESENTATION_CONTEXT(2) 
PARAMETRIC_REPRESENTATION_CONTEXT() REPRESENTATION_CONTEXT('2D SPACE',''
  ) );
#5917 = PCURVE('',#5918,#5923);
#5918 = CYLINDRICAL_SURFACE('',#5919,1.7);
#5919 = AXIS2_PLACEMENT_3D('',#5920,#5921,#5922);
#5920 = CARTESIAN_POINT('',(-20.8,7.,-58.));
#5921 = DIRECTION('',(1.,0.,2.22044604925E-16));
#5922 = DIRECTION('',(2.22044604925E-16,0.,-1.));
#5923 = DEFINITIONAL_REPRESENTATION('',(#5924),#5928);
#5924 = LINE('',#5925,#5926);
#5925 = CARTESIAN_POINT('',(0.,4.));
#5926 = VECTOR('',#5927,1.);
#5927 = DIRECTION('',(1.,0.));
#5928 = ( GEOMETRIC_REPRESENTATION_CONTEXT(2) 
PARAMETRIC_REPRESENTATION_CONTEXT() REPRESENTATION_CONTEXT('2D SPACE',''
  ) );
#5929 = ADVANCED_FACE('',(#5930),#1141,.F.);
#5930 = FACE_BOUND('',#5931,.F.);
#5931 = EDGE_LOOP('',(#5932,#5955,#5956,#5957));
#5932 = ORIENTED_EDGE('',*,*,#5933,.T.);
#5933 = EDGE_CURVE('',#5934,#5705,#5936,.T.);
#5934 = VERTEX_POINT('',#5935);
#5935 = CARTESIAN_POINT('',(-19.8,14.5,-39.2));
#5936 = SURFACE_CURVE('',#5937,(#5941,#5948),.PCURVE_S1.);
#5937 = LINE('',#5938,#5939);
#5938 = CARTESIAN_POINT('',(-19.8,14.5,-39.2));
#5939 = VECTOR('',#5940,1.);
#5940 = DIRECTION('',(1.,0.,0.));
#5941 = PCURVE('',#1141,#5942);
#5942 = DEFINITIONAL_REPRESENTATION('',(#5943),#5947);
#5943 = LINE('',#5944,#5945);
#5944 = CARTESIAN_POINT('',(0.,0.));
#5945 = VECTOR('',#5946,1.);
#5946 = DIRECTION('',(0.,-1.));
#5947 = ( GEOMETRIC_REPRESENTATION_CONTEXT(2) 
PARAMETRIC_REPRESENTATION_CONTEXT() REPRESENTATION_CONTEXT('2D SPACE',''
  ) );
#5948 = PCURVE('',#5720,#5949);
#5949 = DEFINITIONAL_REPRESENTATION('',(#5950),#5954);
#5950 = LINE('',#5951,#5952);
#5951 = CARTESIAN_POINT('',(3.535533905933,0.));
#5952 = VECTOR('',#5953,1.);
#5953 = DIRECTION('',(0.,-1.));
#5954 = ( GEOMETRIC_REPRESENTATION_CONTEXT(2) 
PARAMETRIC_REPRESENTATION_CONTEXT() REPRESENTATION_CONTEXT('2D SPACE',''
  ) );
#5955 = ORIENTED_EDGE('',*,*,#5732,.T.);
#5956 = ORIENTED_EDGE('',*,*,#1125,.F.);
#5957 = ORIENTED_EDGE('',*,*,#5958,.F.);
#5958 = EDGE_CURVE('',#5934,#1126,#5959,.T.);
#5959 = SURFACE_CURVE('',#5960,(#5964,#5971),.PCURVE_S1.);
#5960 = LINE('',#5961,#5962);
#5961 = CARTESIAN_POINT('',(-19.8,14.5,-39.2));
#5962 = VECTOR('',#5963,1.);
#5963 = DIRECTION('',(0.,0.,1.));
#5964 = PCURVE('',#1141,#5965);
#5965 = DEFINITIONAL_REPRESENTATION('',(#5966),#5970);
#5966 = LINE('',#5967,#5968);
#5967 = CARTESIAN_POINT('',(0.,0.));
#5968 = VECTOR('',#5969,1.);
#5969 = DIRECTION('',(1.,0.));
#5970 = ( GEOMETRIC_REPRESENTATION_CONTEXT(2) 
PARAMETRIC_REPRESENTATION_CONTEXT() REPRESENTATION_CONTEXT('2D SPACE',''
  ) );
#5971 = PCURVE('',#1169,#5972);
#5972 = DEFINITIONAL_REPRESENTATION('',(#5973),#5977);
#5973 = LINE('',#5974,#5975);
#5974 = CARTESIAN_POINT('',(0.,-30.));
#5975 = VECTOR('',#5976,1.);
#5976 = DIRECTION('',(1.,0.));
#5977 = ( GEOMETRIC_REPRESENTATION_CONTEXT(2) 
PARAMETRIC_REPRESENTATION_CONTEXT() REPRESENTATION_CONTEXT('2D SPACE',''
  ) );
#5978 = ADVANCED_FACE('',(#5979,#6193,#6219,#6245,#6271,#6297),#1169,.F.
  );
#5979 = FACE_BOUND('',#5980,.F.);
#5980 = EDGE_LOOP('',(#5981,#5982,#6005,#6028,#6051,#6074,#6097,#6125,
    #6148,#6171,#6192));
#5981 = ORIENTED_EDGE('',*,*,#1153,.T.);
#5982 = ORIENTED_EDGE('',*,*,#5983,.F.);
#5983 = EDGE_CURVE('',#5984,#1154,#5986,.T.);
#5984 = VERTEX_POINT('',#5985);
#5985 = CARTESIAN_POINT('',(-19.8,-15.5,-39.2));
#5986 = SURFACE_CURVE('',#5987,(#5991,#5998),.PCURVE_S1.);
#5987 = LINE('',#5988,#5989);
#5988 = CARTESIAN_POINT('',(-19.8,-15.5,-39.2));
#5989 = VECTOR('',#5990,1.);
#5990 = DIRECTION('',(0.,0.,1.));
#5991 = PCURVE('',#1169,#5992);
#5992 = DEFINITIONAL_REPRESENTATION('',(#5993),#5997);
#5993 = LINE('',#5994,#5995);
#5994 = CARTESIAN_POINT('',(0.,0.));
#5995 = VECTOR('',#5996,1.);
#5996 = DIRECTION('',(1.,0.));
#5997 = ( GEOMETRIC_REPRESENTATION_CONTEXT(2) 
PARAMETRIC_REPRESENTATION_CONTEXT() REPRESENTATION_CONTEXT('2D SPACE',''
  ) );
#5998 = PCURVE('',#1195,#5999);
#5999 = DEFINITIONAL_REPRESENTATION('',(#6000),#6004);
#6000 = LINE('',#6001,#6002);
#6001 = CARTESIAN_POINT('',(0.,0.));
#6002 = VECTOR('',#6003,1.);
#6003 = DIRECTION('',(1.,0.));
#6004 = ( GEOMETRIC_REPRESENTATION_CONTEXT(2) 
PARAMETRIC_REPRESENTATION_CONTEXT() REPRESENTATION_CONTEXT('2D SPACE',''
  ) );
#6005 = ORIENTED_EDGE('',*,*,#6006,.T.);
#6006 = EDGE_CURVE('',#5984,#6007,#6009,.T.);
#6007 = VERTEX_POINT('',#6008);
#6008 = CARTESIAN_POINT('',(-19.8,-14.5,-39.2));
#6009 = SURFACE_CURVE('',#6010,(#6014,#6021),.PCURVE_S1.);
#6010 = LINE('',#6011,#6012);
#6011 = CARTESIAN_POINT('',(-19.8,-15.5,-39.2));
#6012 = VECTOR('',#6013,1.);
#6013 = DIRECTION('',(-0.,1.,0.));
#6014 = PCURVE('',#1169,#6015);
#6015 = DEFINITIONAL_REPRESENTATION('',(#6016),#6020);
#6016 = LINE('',#6017,#6018);
#6017 = CARTESIAN_POINT('',(0.,0.));
#6018 = VECTOR('',#6019,1.);
#6019 = DIRECTION('',(0.,-1.));
#6020 = ( GEOMETRIC_REPRESENTATION_CONTEXT(2) 
PARAMETRIC_REPRESENTATION_CONTEXT() REPRESENTATION_CONTEXT('2D SPACE',''
  ) );
#6021 = PCURVE('',#3399,#6022);
#6022 = DEFINITIONAL_REPRESENTATION('',(#6023),#6027);
#6023 = LINE('',#6024,#6025);
#6024 = CARTESIAN_POINT('',(0.,0.));
#6025 = VECTOR('',#6026,1.);
#6026 = DIRECTION('',(0.,1.));
#6027 = ( GEOMETRIC_REPRESENTATION_CONTEXT(2) 
PARAMETRIC_REPRESENTATION_CONTEXT() REPRESENTATION_CONTEXT('2D SPACE',''
  ) );
#6028 = ORIENTED_EDGE('',*,*,#6029,.T.);
#6029 = EDGE_CURVE('',#6007,#6030,#6032,.T.);
#6030 = VERTEX_POINT('',#6031);
#6031 = CARTESIAN_POINT('',(-19.8,-12.,-41.7));
#6032 = SURFACE_CURVE('',#6033,(#6037,#6044),.PCURVE_S1.);
#6033 = LINE('',#6034,#6035);
#6034 = CARTESIAN_POINT('',(-19.8,-14.5,-39.2));
#6035 = VECTOR('',#6036,1.);
#6036 = DIRECTION('',(0.,0.707106781187,-0.707106781187));
#6037 = PCURVE('',#1169,#6038);
#6038 = DEFINITIONAL_REPRESENTATION('',(#6039),#6043);
#6039 = LINE('',#6040,#6041);
#6040 = CARTESIAN_POINT('',(0.,-1.));
#6041 = VECTOR('',#6042,1.);
#6042 = DIRECTION('',(-0.707106781187,-0.707106781187));
#6043 = ( GEOMETRIC_REPRESENTATION_CONTEXT(2) 
PARAMETRIC_REPRESENTATION_CONTEXT() REPRESENTATION_CONTEXT('2D SPACE',''
  ) );
#6044 = PCURVE('',#5551,#6045);
#6045 = DEFINITIONAL_REPRESENTATION('',(#6046),#6050);
#6046 = LINE('',#6047,#6048);
#6047 = CARTESIAN_POINT('',(0.,0.));
#6048 = VECTOR('',#6049,1.);
#6049 = DIRECTION('',(1.,0.));
#6050 = ( GEOMETRIC_REPRESENTATION_CONTEXT(2) 
PARAMETRIC_REPRESENTATION_CONTEXT() REPRESENTATION_CONTEXT('2D SPACE',''
  ) );
#6051 = ORIENTED_EDGE('',*,*,#6052,.T.);
#6052 = EDGE_CURVE('',#6030,#6053,#6055,.T.);
#6053 = VERTEX_POINT('',#6054);
#6054 = CARTESIAN_POINT('',(-19.8,-12.,-58.));
#6055 = SURFACE_CURVE('',#6056,(#6060,#6067),.PCURVE_S1.);
#6056 = LINE('',#6057,#6058);
#6057 = CARTESIAN_POINT('',(-19.8,-12.,-41.7));
#6058 = VECTOR('',#6059,1.);
#6059 = DIRECTION('',(0.,0.,-1.));
#6060 = PCURVE('',#1169,#6061);
#6061 = DEFINITIONAL_REPRESENTATION('',(#6062),#6066);
#6062 = LINE('',#6063,#6064);
#6063 = CARTESIAN_POINT('',(-2.5,-3.5));
#6064 = VECTOR('',#6065,1.);
#6065 = DIRECTION('',(-1.,0.));
#6066 = ( GEOMETRIC_REPRESENTATION_CONTEXT(2) 
PARAMETRIC_REPRESENTATION_CONTEXT() REPRESENTATION_CONTEXT('2D SPACE',''
  ) );
#6067 = PCURVE('',#5579,#6068);
#6068 = DEFINITIONAL_REPRESENTATION('',(#6069),#6073);
#6069 = LINE('',#6070,#6071);
#6070 = CARTESIAN_POINT('',(0.,0.));
#6071 = VECTOR('',#6072,1.);
#6072 = DIRECTION('',(1.,0.));
#6073 = ( GEOMETRIC_REPRESENTATION_CONTEXT(2) 
PARAMETRIC_REPRESENTATION_CONTEXT() REPRESENTATION_CONTEXT('2D SPACE',''
  ) );
#6074 = ORIENTED_EDGE('',*,*,#6075,.T.);
#6075 = EDGE_CURVE('',#6053,#6076,#6078,.T.);
#6076 = VERTEX_POINT('',#6077);
#6077 = CARTESIAN_POINT('',(-19.8,-10.,-58.));
#6078 = SURFACE_CURVE('',#6079,(#6083,#6090),.PCURVE_S1.);
#6079 = LINE('',#6080,#6081);
#6080 = CARTESIAN_POINT('',(-19.8,-12.,-58.));
#6081 = VECTOR('',#6082,1.);
#6082 = DIRECTION('',(0.,1.,0.));
#6083 = PCURVE('',#1169,#6084);
#6084 = DEFINITIONAL_REPRESENTATION('',(#6085),#6089);
#6085 = LINE('',#6086,#6087);
#6086 = CARTESIAN_POINT('',(-18.8,-3.5));
#6087 = VECTOR('',#6088,1.);
#6088 = DIRECTION('',(0.,-1.));
#6089 = ( GEOMETRIC_REPRESENTATION_CONTEXT(2) 
PARAMETRIC_REPRESENTATION_CONTEXT() REPRESENTATION_CONTEXT('2D SPACE',''
  ) );
#6090 = PCURVE('',#5607,#6091);
#6091 = DEFINITIONAL_REPRESENTATION('',(#6092),#6096);
#6092 = LINE('',#6093,#6094);
#6093 = CARTESIAN_POINT('',(0.,0.));
#6094 = VECTOR('',#6095,1.);
#6095 = DIRECTION('',(1.,0.));
#6096 = ( GEOMETRIC_REPRESENTATION_CONTEXT(2) 
PARAMETRIC_REPRESENTATION_CONTEXT() REPRESENTATION_CONTEXT('2D SPACE',''
  ) );
#6097 = ORIENTED_EDGE('',*,*,#6098,.F.);
#6098 = EDGE_CURVE('',#6099,#6076,#6101,.T.);
#6099 = VERTEX_POINT('',#6100);
#6100 = CARTESIAN_POINT('',(-19.8,10.,-58.));
#6101 = SURFACE_CURVE('',#6102,(#6107,#6118),.PCURVE_S1.);
#6102 = CIRCLE('',#6103,10.);
#6103 = AXIS2_PLACEMENT_3D('',#6104,#6105,#6106);
#6104 = CARTESIAN_POINT('',(-19.8,0.,-58.));
#6105 = DIRECTION('',(-1.,3.53409685539E-30,-3.552713678801E-16));
#6106 = DIRECTION('',(0.,1.,9.947598300641E-15));
#6107 = PCURVE('',#1169,#6108);
#6108 = DEFINITIONAL_REPRESENTATION('',(#6109),#6117);
#6109 = ( BOUNDED_CURVE() B_SPLINE_CURVE(2,(#6110,#6111,#6112,#6113,
#6114,#6115,#6116),.UNSPECIFIED.,.T.,.F.) B_SPLINE_CURVE_WITH_KNOTS((1,2
    ,2,2,2,1),(-2.094395102393,0.,2.094395102393,4.188790204786,
6.28318530718,8.377580409573),.UNSPECIFIED.) CURVE() 
GEOMETRIC_REPRESENTATION_ITEM() RATIONAL_B_SPLINE_CURVE((1.,0.5,1.,0.5,
1.,0.5,1.)) REPRESENTATION_ITEM('') );
#6110 = CARTESIAN_POINT('',(-18.8,-25.5));
#6111 = CARTESIAN_POINT('',(-36.12050807568,-25.5));
#6112 = CARTESIAN_POINT('',(-27.46025403784,-10.5));
#6113 = CARTESIAN_POINT('',(-18.8,4.5));
#6114 = CARTESIAN_POINT('',(-10.13974596215,-10.5));
#6115 = CARTESIAN_POINT('',(-1.479491924311,-25.5));
#6116 = CARTESIAN_POINT('',(-18.8,-25.5));
#6117 = ( GEOMETRIC_REPRESENTATION_CONTEXT(2) 
PARAMETRIC_REPRESENTATION_CONTEXT() REPRESENTATION_CONTEXT('2D SPACE',''
  ) );
#6118 = PCURVE('',#5636,#6119);
#6119 = DEFINITIONAL_REPRESENTATION('',(#6120),#6124);
#6120 = LINE('',#6121,#6122);
#6121 = CARTESIAN_POINT('',(7.853981633974,0.));
#6122 = VECTOR('',#6123,1.);
#6123 = DIRECTION('',(-1.,-0.));
#6124 = ( GEOMETRIC_REPRESENTATION_CONTEXT(2) 
PARAMETRIC_REPRESENTATION_CONTEXT() REPRESENTATION_CONTEXT('2D SPACE',''
  ) );
#6125 = ORIENTED_EDGE('',*,*,#6126,.T.);
#6126 = EDGE_CURVE('',#6099,#6127,#6129,.T.);
#6127 = VERTEX_POINT('',#6128);
#6128 = CARTESIAN_POINT('',(-19.8,12.,-58.));
#6129 = SURFACE_CURVE('',#6130,(#6134,#6141),.PCURVE_S1.);
#6130 = LINE('',#6131,#6132);
#6131 = CARTESIAN_POINT('',(-19.8,-12.,-58.));
#6132 = VECTOR('',#6133,1.);
#6133 = DIRECTION('',(0.,1.,0.));
#6134 = PCURVE('',#1169,#6135);
#6135 = DEFINITIONAL_REPRESENTATION('',(#6136),#6140);
#6136 = LINE('',#6137,#6138);
#6137 = CARTESIAN_POINT('',(-18.8,-3.5));
#6138 = VECTOR('',#6139,1.);
#6139 = DIRECTION('',(0.,-1.));
#6140 = ( GEOMETRIC_REPRESENTATION_CONTEXT(2) 
PARAMETRIC_REPRESENTATION_CONTEXT() REPRESENTATION_CONTEXT('2D SPACE',''
  ) );
#6141 = PCURVE('',#5664,#6142);
#6142 = DEFINITIONAL_REPRESENTATION('',(#6143),#6147);
#6143 = LINE('',#6144,#6145);
#6144 = CARTESIAN_POINT('',(0.,0.));
#6145 = VECTOR('',#6146,1.);
#6146 = DIRECTION('',(1.,0.));
#6147 = ( GEOMETRIC_REPRESENTATION_CONTEXT(2) 
PARAMETRIC_REPRESENTATION_CONTEXT() REPRESENTATION_CONTEXT('2D SPACE',''
  ) );
#6148 = ORIENTED_EDGE('',*,*,#6149,.T.);
#6149 = EDGE_CURVE('',#6127,#6150,#6152,.T.);
#6150 = VERTEX_POINT('',#6151);
#6151 = CARTESIAN_POINT('',(-19.8,12.,-41.7));
#6152 = SURFACE_CURVE('',#6153,(#6157,#6164),.PCURVE_S1.);
#6153 = LINE('',#6154,#6155);
#6154 = CARTESIAN_POINT('',(-19.8,12.,-58.));
#6155 = VECTOR('',#6156,1.);
#6156 = DIRECTION('',(0.,0.,1.));
#6157 = PCURVE('',#1169,#6158);
#6158 = DEFINITIONAL_REPRESENTATION('',(#6159),#6163);
#6159 = LINE('',#6160,#6161);
#6160 = CARTESIAN_POINT('',(-18.8,-27.5));
#6161 = VECTOR('',#6162,1.);
#6162 = DIRECTION('',(1.,0.));
#6163 = ( GEOMETRIC_REPRESENTATION_CONTEXT(2) 
PARAMETRIC_REPRESENTATION_CONTEXT() REPRESENTATION_CONTEXT('2D SPACE',''
  ) );
#6164 = PCURVE('',#5692,#6165);
#6165 = DEFINITIONAL_REPRESENTATION('',(#6166),#6170);
#6166 = LINE('',#6167,#6168);
#6167 = CARTESIAN_POINT('',(0.,0.));
#6168 = VECTOR('',#6169,1.);
#6169 = DIRECTION('',(1.,0.));
#6170 = ( GEOMETRIC_REPRESENTATION_CONTEXT(2) 
PARAMETRIC_REPRESENTATION_CONTEXT() REPRESENTATION_CONTEXT('2D SPACE',''
  ) );
#6171 = ORIENTED_EDGE('',*,*,#6172,.T.);
#6172 = EDGE_CURVE('',#6150,#5934,#6173,.T.);
#6173 = SURFACE_CURVE('',#6174,(#6178,#6185),.PCURVE_S1.);
#6174 = LINE('',#6175,#6176);
#6175 = CARTESIAN_POINT('',(-19.8,12.,-41.7));
#6176 = VECTOR('',#6177,1.);
#6177 = DIRECTION('',(0.,0.707106781187,0.707106781187));
#6178 = PCURVE('',#1169,#6179);
#6179 = DEFINITIONAL_REPRESENTATION('',(#6180),#6184);
#6180 = LINE('',#6181,#6182);
#6181 = CARTESIAN_POINT('',(-2.5,-27.5));
#6182 = VECTOR('',#6183,1.);
#6183 = DIRECTION('',(0.707106781187,-0.707106781187));
#6184 = ( GEOMETRIC_REPRESENTATION_CONTEXT(2) 
PARAMETRIC_REPRESENTATION_CONTEXT() REPRESENTATION_CONTEXT('2D SPACE',''
  ) );
#6185 = PCURVE('',#5720,#6186);
#6186 = DEFINITIONAL_REPRESENTATION('',(#6187),#6191);
#6187 = LINE('',#6188,#6189);
#6188 = CARTESIAN_POINT('',(0.,0.));
#6189 = VECTOR('',#6190,1.);
#6190 = DIRECTION('',(1.,0.));
#6191 = ( GEOMETRIC_REPRESENTATION_CONTEXT(2) 
PARAMETRIC_REPRESENTATION_CONTEXT() REPRESENTATION_CONTEXT('2D SPACE',''
  ) );
#6192 = ORIENTED_EDGE('',*,*,#5958,.T.);
#6193 = FACE_BOUND('',#6194,.F.);
#6194 = EDGE_LOOP('',(#6195));
#6195 = ORIENTED_EDGE('',*,*,#6196,.F.);
#6196 = EDGE_CURVE('',#6197,#6197,#6199,.T.);
#6197 = VERTEX_POINT('',#6198);
#6198 = CARTESIAN_POINT('',(-19.8,7.,-59.7));
#6199 = SURFACE_CURVE('',#6200,(#6205,#6212),.PCURVE_S1.);
#6200 = CIRCLE('',#6201,1.7);
#6201 = AXIS2_PLACEMENT_3D('',#6202,#6203,#6204);
#6202 = CARTESIAN_POINT('',(-19.8,7.,-58.));
#6203 = DIRECTION('',(1.,0.,2.22044604925E-16));
#6204 = DIRECTION('',(2.22044604925E-16,0.,-1.));
#6205 = PCURVE('',#1169,#6206);
#6206 = DEFINITIONAL_REPRESENTATION('',(#6207),#6211);
#6207 = CIRCLE('',#6208,1.7);
#6208 = AXIS2_PLACEMENT_2D('',#6209,#6210);
#6209 = CARTESIAN_POINT('',(-18.8,-22.5));
#6210 = DIRECTION('',(-1.,0.));
#6211 = ( GEOMETRIC_REPRESENTATION_CONTEXT(2) 
PARAMETRIC_REPRESENTATION_CONTEXT() REPRESENTATION_CONTEXT('2D SPACE',''
  ) );
#6212 = PCURVE('',#5918,#6213);
#6213 = DEFINITIONAL_REPRESENTATION('',(#6214),#6218);
#6214 = LINE('',#6215,#6216);
#6215 = CARTESIAN_POINT('',(0.,1.));
#6216 = VECTOR('',#6217,1.);
#6217 = DIRECTION('',(1.,0.));
#6218 = ( GEOMETRIC_REPRESENTATION_CONTEXT(2) 
PARAMETRIC_REPRESENTATION_CONTEXT() REPRESENTATION_CONTEXT('2D SPACE',''
  ) );
#6219 = FACE_BOUND('',#6220,.F.);
#6220 = EDGE_LOOP('',(#6221));
#6221 = ORIENTED_EDGE('',*,*,#6222,.F.);
#6222 = EDGE_CURVE('',#6223,#6223,#6225,.T.);
#6223 = VERTEX_POINT('',#6224);
#6224 = CARTESIAN_POINT('',(-19.8,-4.163799117101E-16,-66.7));
#6225 = SURFACE_CURVE('',#6226,(#6231,#6238),.PCURVE_S1.);
#6226 = CIRCLE('',#6227,1.7);
#6227 = AXIS2_PLACEMENT_3D('',#6228,#6229,#6230);
#6228 = CARTESIAN_POINT('',(-19.8,0.,-65.));
#6229 = DIRECTION('',(1.,0.,2.22044604925E-16));
#6230 = DIRECTION('',(2.22044604925E-16,0.,-1.));
#6231 = PCURVE('',#1169,#6232);
#6232 = DEFINITIONAL_REPRESENTATION('',(#6233),#6237);
#6233 = CIRCLE('',#6234,1.7);
#6234 = AXIS2_PLACEMENT_2D('',#6235,#6236);
#6235 = CARTESIAN_POINT('',(-25.8,-15.5));
#6236 = DIRECTION('',(-1.,0.));
#6237 = ( GEOMETRIC_REPRESENTATION_CONTEXT(2) 
PARAMETRIC_REPRESENTATION_CONTEXT() REPRESENTATION_CONTEXT('2D SPACE',''
  ) );
#6238 = PCURVE('',#5825,#6239);
#6239 = DEFINITIONAL_REPRESENTATION('',(#6240),#6244);
#6240 = LINE('',#6241,#6242);
#6241 = CARTESIAN_POINT('',(0.,1.));
#6242 = VECTOR('',#6243,1.);
#6243 = DIRECTION('',(1.,0.));
#6244 = ( GEOMETRIC_REPRESENTATION_CONTEXT(2) 
PARAMETRIC_REPRESENTATION_CONTEXT() REPRESENTATION_CONTEXT('2D SPACE',''
  ) );
#6245 = FACE_BOUND('',#6246,.F.);
#6246 = EDGE_LOOP('',(#6247));
#6247 = ORIENTED_EDGE('',*,*,#6248,.F.);
#6248 = EDGE_CURVE('',#6249,#6249,#6251,.T.);
#6249 = VERTEX_POINT('',#6250);
#6250 = CARTESIAN_POINT('',(-19.8,-9.184850993605E-16,-61.75));
#6251 = SURFACE_CURVE('',#6252,(#6257,#6264),.PCURVE_S1.);
#6252 = CIRCLE('',#6253,3.75);
#6253 = AXIS2_PLACEMENT_3D('',#6254,#6255,#6256);
#6254 = CARTESIAN_POINT('',(-19.8,0.,-58.));
#6255 = DIRECTION('',(1.,0.,2.22044604925E-16));
#6256 = DIRECTION('',(2.22044604925E-16,0.,-1.));
#6257 = PCURVE('',#1169,#6258);
#6258 = DEFINITIONAL_REPRESENTATION('',(#6259),#6263);
#6259 = CIRCLE('',#6260,3.75);
#6260 = AXIS2_PLACEMENT_2D('',#6261,#6262);
#6261 = CARTESIAN_POINT('',(-18.8,-15.5));
#6262 = DIRECTION('',(-1.,0.));
#6263 = ( GEOMETRIC_REPRESENTATION_CONTEXT(2) 
PARAMETRIC_REPRESENTATION_CONTEXT() REPRESENTATION_CONTEXT('2D SPACE',''
  ) );
#6264 = PCURVE('',#5887,#6265);
#6265 = DEFINITIONAL_REPRESENTATION('',(#6266),#6270);
#6266 = LINE('',#6267,#6268);
#6267 = CARTESIAN_POINT('',(0.,1.));
#6268 = VECTOR('',#6269,1.);
#6269 = DIRECTION('',(1.,0.));
#6270 = ( GEOMETRIC_REPRESENTATION_CONTEXT(2) 
PARAMETRIC_REPRESENTATION_CONTEXT() REPRESENTATION_CONTEXT('2D SPACE',''
  ) );
#6271 = FACE_BOUND('',#6272,.F.);
#6272 = EDGE_LOOP('',(#6273));
#6273 = ORIENTED_EDGE('',*,*,#6274,.F.);
#6274 = EDGE_CURVE('',#6275,#6275,#6277,.T.);
#6275 = VERTEX_POINT('',#6276);
#6276 = CARTESIAN_POINT('',(-19.8,-4.163799117101E-16,-52.7));
#6277 = SURFACE_CURVE('',#6278,(#6283,#6290),.PCURVE_S1.);
#6278 = CIRCLE('',#6279,1.7);
#6279 = AXIS2_PLACEMENT_3D('',#6280,#6281,#6282);
#6280 = CARTESIAN_POINT('',(-19.8,0.,-51.));
#6281 = DIRECTION('',(1.,0.,2.22044604925E-16));
#6282 = DIRECTION('',(2.22044604925E-16,0.,-1.));
#6283 = PCURVE('',#1169,#6284);
#6284 = DEFINITIONAL_REPRESENTATION('',(#6285),#6289);
#6285 = CIRCLE('',#6286,1.7);
#6286 = AXIS2_PLACEMENT_2D('',#6287,#6288);
#6287 = CARTESIAN_POINT('',(-11.8,-15.5));
#6288 = DIRECTION('',(-1.,0.));
#6289 = ( GEOMETRIC_REPRESENTATION_CONTEXT(2) 
PARAMETRIC_REPRESENTATION_CONTEXT() REPRESENTATION_CONTEXT('2D SPACE',''
  ) );
#6290 = PCURVE('',#5794,#6291);
#6291 = DEFINITIONAL_REPRESENTATION('',(#6292),#6296);
#6292 = LINE('',#6293,#6294);
#6293 = CARTESIAN_POINT('',(0.,1.));
#6294 = VECTOR('',#6295,1.);
#6295 = DIRECTION('',(1.,0.));
#6296 = ( GEOMETRIC_REPRESENTATION_CONTEXT(2) 
PARAMETRIC_REPRESENTATION_CONTEXT() REPRESENTATION_CONTEXT('2D SPACE',''
  ) );
#6297 = FACE_BOUND('',#6298,.F.);
#6298 = EDGE_LOOP('',(#6299));
#6299 = ORIENTED_EDGE('',*,*,#6300,.F.);
#6300 = EDGE_CURVE('',#6301,#6301,#6303,.T.);
#6301 = VERTEX_POINT('',#6302);
#6302 = CARTESIAN_POINT('',(-19.8,-7.,-59.7));
#6303 = SURFACE_CURVE('',#6304,(#6309,#6316),.PCURVE_S1.);
#6304 = CIRCLE('',#6305,1.7);
#6305 = AXIS2_PLACEMENT_3D('',#6306,#6307,#6308);
#6306 = CARTESIAN_POINT('',(-19.8,-7.,-58.));
#6307 = DIRECTION('',(1.,0.,2.22044604925E-16));
#6308 = DIRECTION('',(2.22044604925E-16,0.,-1.));
#6309 = PCURVE('',#1169,#6310);
#6310 = DEFINITIONAL_REPRESENTATION('',(#6311),#6315);
#6311 = CIRCLE('',#6312,1.7);
#6312 = AXIS2_PLACEMENT_2D('',#6313,#6314);
#6313 = CARTESIAN_POINT('',(-18.8,-8.5));
#6314 = DIRECTION('',(-1.,0.));
#6315 = ( GEOMETRIC_REPRESENTATION_CONTEXT(2) 
PARAMETRIC_REPRESENTATION_CONTEXT() REPRESENTATION_CONTEXT('2D SPACE',''
  ) );
#6316 = PCURVE('',#5856,#6317);
#6317 = DEFINITIONAL_REPRESENTATION('',(#6318),#6322);
#6318 = LINE('',#6319,#6320);
#6319 = CARTESIAN_POINT('',(0.,1.));
#6320 = VECTOR('',#6321,1.);
#6321 = DIRECTION('',(1.,0.));
#6322 = ( GEOMETRIC_REPRESENTATION_CONTEXT(2) 
PARAMETRIC_REPRESENTATION_CONTEXT() REPRESENTATION_CONTEXT('2D SPACE',''
  ) );
#6323 = ADVANCED_FACE('',(#6324),#1195,.F.);
#6324 = FACE_BOUND('',#6325,.F.);
#6325 = EDGE_LOOP('',(#6326,#6349,#6350,#6351,#6352,#6373,#6399,#6425,
    #6451));
#6326 = ORIENTED_EDGE('',*,*,#6327,.F.);
#6327 = EDGE_CURVE('',#5984,#6328,#6330,.T.);
#6328 = VERTEX_POINT('',#6329);
#6329 = CARTESIAN_POINT('',(-16.65,-15.5,-39.2));
#6330 = SURFACE_CURVE('',#6331,(#6335,#6342),.PCURVE_S1.);
#6331 = LINE('',#6332,#6333);
#6332 = CARTESIAN_POINT('',(-19.8,-15.5,-39.2));
#6333 = VECTOR('',#6334,1.);
#6334 = DIRECTION('',(1.,0.,-0.));
#6335 = PCURVE('',#1195,#6336);
#6336 = DEFINITIONAL_REPRESENTATION('',(#6337),#6341);
#6337 = LINE('',#6338,#6339);
#6338 = CARTESIAN_POINT('',(0.,0.));
#6339 = VECTOR('',#6340,1.);
#6340 = DIRECTION('',(0.,1.));
#6341 = ( GEOMETRIC_REPRESENTATION_CONTEXT(2) 
PARAMETRIC_REPRESENTATION_CONTEXT() REPRESENTATION_CONTEXT('2D SPACE',''
  ) );
#6342 = PCURVE('',#3399,#6343);
#6343 = DEFINITIONAL_REPRESENTATION('',(#6344),#6348);
#6344 = LINE('',#6345,#6346);
#6345 = CARTESIAN_POINT('',(0.,0.));
#6346 = VECTOR('',#6347,1.);
#6347 = DIRECTION('',(1.,0.));
#6348 = ( GEOMETRIC_REPRESENTATION_CONTEXT(2) 
PARAMETRIC_REPRESENTATION_CONTEXT() REPRESENTATION_CONTEXT('2D SPACE',''
  ) );
#6349 = ORIENTED_EDGE('',*,*,#5983,.T.);
#6350 = ORIENTED_EDGE('',*,*,#1181,.T.);
#6351 = ORIENTED_EDGE('',*,*,#1211,.T.);
#6352 = ORIENTED_EDGE('',*,*,#6353,.T.);
#6353 = EDGE_CURVE('',#1212,#6354,#6356,.T.);
#6354 = VERTEX_POINT('',#6355);
#6355 = CARTESIAN_POINT('',(17.,-15.5,-36.68838489295));
#6356 = SURFACE_CURVE('',#6357,(#6361,#6367),.PCURVE_S1.);
#6357 = LINE('',#6358,#6359);
#6358 = CARTESIAN_POINT('',(17.,-15.5,-40.75249536889));
#6359 = VECTOR('',#6360,1.);
#6360 = DIRECTION('',(0.,0.,-1.));
#6361 = PCURVE('',#1195,#6362);
#6362 = DEFINITIONAL_REPRESENTATION('',(#6363),#6366);
#6363 = B_SPLINE_CURVE_WITH_KNOTS('',1,(#6364,#6365),.UNSPECIFIED.,.F.,
  .F.,(2,2),(-4.75249536889,-1.55249536889),.PIECEWISE_BEZIER_KNOTS.);
#6364 = CARTESIAN_POINT('',(3.2,36.8));
#6365 = CARTESIAN_POINT('',(0.,36.8));
#6366 = ( GEOMETRIC_REPRESENTATION_CONTEXT(2) 
PARAMETRIC_REPRESENTATION_CONTEXT() REPRESENTATION_CONTEXT('2D SPACE',''
  ) );
#6367 = PCURVE('',#1323,#6368);
#6368 = DEFINITIONAL_REPRESENTATION('',(#6369),#6372);
#6369 = B_SPLINE_CURVE_WITH_KNOTS('',1,(#6370,#6371),.UNSPECIFIED.,.F.,
  .F.,(2,2),(-4.75249536889,-1.55249536889),.PIECEWISE_BEZIER_KNOTS.);
#6370 = CARTESIAN_POINT('',(18.163109296548,6.304990737779));
#6371 = CARTESIAN_POINT('',(18.163109296548,3.104990737779));
#6372 = ( GEOMETRIC_REPRESENTATION_CONTEXT(2) 
PARAMETRIC_REPRESENTATION_CONTEXT() REPRESENTATION_CONTEXT('2D SPACE',''
  ) );
#6373 = ORIENTED_EDGE('',*,*,#6374,.F.);
#6374 = EDGE_CURVE('',#6375,#6354,#6377,.T.);
#6375 = VERTEX_POINT('',#6376);
#6376 = CARTESIAN_POINT('',(-14.75,-15.5,-36.68838489295));
#6377 = SURFACE_CURVE('',#6378,(#6382,#6388),.PCURVE_S1.);
#6378 = LINE('',#6379,#6380);
#6379 = CARTESIAN_POINT('',(-17.275,-15.5,-36.68838489295));
#6380 = VECTOR('',#6381,1.);
#6381 = DIRECTION('',(1.,0.,2.470472583116E-16));
#6382 = PCURVE('',#1195,#6383);
#6383 = DEFINITIONAL_REPRESENTATION('',(#6384),#6387);
#6384 = B_SPLINE_CURVE_WITH_KNOTS('',1,(#6385,#6386),.UNSPECIFIED.,.F.,
  .F.,(2,2),(2.525,34.625),.PIECEWISE_BEZIER_KNOTS.);
#6385 = CARTESIAN_POINT('',(2.511615107044,5.05));
#6386 = CARTESIAN_POINT('',(2.511615107044,37.15));
#6387 = ( GEOMETRIC_REPRESENTATION_CONTEXT(2) 
PARAMETRIC_REPRESENTATION_CONTEXT() REPRESENTATION_CONTEXT('2D SPACE',''
  ) );
#6388 = PCURVE('',#6389,#6394);
#6389 = PLANE('',#6390);
#6390 = AXIS2_PLACEMENT_3D('',#6391,#6392,#6393);
#6391 = CARTESIAN_POINT('',(-14.75,-26.13839159125,-31.49969462397));
#6392 = DIRECTION('',(-2.22044604925E-16,0.438371146789,0.898794046299)
  );
#6393 = DIRECTION('',(1.224646799147E-16,0.898794046299,-0.438371146789)
  );
#6394 = DEFINITIONAL_REPRESENTATION('',(#6395),#6398);
#6395 = B_SPLINE_CURVE_WITH_KNOTS('',1,(#6396,#6397),.UNSPECIFIED.,.F.,
  .F.,(2,2),(2.525,34.625),.PIECEWISE_BEZIER_KNOTS.);
#6396 = CARTESIAN_POINT('',(11.836295127961,0.));
#6397 = CARTESIAN_POINT('',(11.836295127961,-32.1));
#6398 = ( GEOMETRIC_REPRESENTATION_CONTEXT(2) 
PARAMETRIC_REPRESENTATION_CONTEXT() REPRESENTATION_CONTEXT('2D SPACE',''
  ) );
#6399 = ORIENTED_EDGE('',*,*,#6400,.T.);
#6400 = EDGE_CURVE('',#6375,#6401,#6403,.T.);
#6401 = VERTEX_POINT('',#6402);
#6402 = CARTESIAN_POINT('',(-14.75,-15.5,-38.53530411414));
#6403 = SURFACE_CURVE('',#6404,(#6408,#6414),.PCURVE_S1.);
#6404 = LINE('',#6405,#6406);
#6405 = CARTESIAN_POINT('',(-14.75,-15.5,-46.45894172424));
#6406 = VECTOR('',#6407,1.);
#6407 = DIRECTION('',(2.532573510948E-16,0.,-1.));
#6408 = PCURVE('',#1195,#6409);
#6409 = DEFINITIONAL_REPRESENTATION('',(#6410),#6413);
#6410 = B_SPLINE_CURVE_WITH_KNOTS('',1,(#6411,#6412),.UNSPECIFIED.,.F.,
  .F.,(2,2),(-10.45894172424,-7.258941724247),.PIECEWISE_BEZIER_KNOTS.);
#6411 = CARTESIAN_POINT('',(3.2,5.05));
#6412 = CARTESIAN_POINT('',(0.,5.05));
#6413 = ( GEOMETRIC_REPRESENTATION_CONTEXT(2) 
PARAMETRIC_REPRESENTATION_CONTEXT() REPRESENTATION_CONTEXT('2D SPACE',''
  ) );
#6414 = PCURVE('',#6415,#6420);
#6415 = PLANE('',#6416);
#6416 = AXIS2_PLACEMENT_3D('',#6417,#6418,#6419);
#6417 = CARTESIAN_POINT('',(-14.75,-36.97492633987,-53.71788344849));
#6418 = DIRECTION('',(1.,-1.273257708998E-17,2.532573510948E-16));
#6419 = DIRECTION('',(1.224646799147E-16,0.898794046299,-0.438371146789)
  );
#6420 = DEFINITIONAL_REPRESENTATION('',(#6421),#6424);
#6421 = B_SPLINE_CURVE_WITH_KNOTS('',1,(#6422,#6423),.UNSPECIFIED.,.F.,
  .F.,(2,2),(-10.45894172424,-7.258941724247),.PIECEWISE_BEZIER_KNOTS.);
#6422 = CARTESIAN_POINT('',(11.534527053003,25.338716243351));
#6423 = CARTESIAN_POINT('',(12.937314722728,22.462575295194));
#6424 = ( GEOMETRIC_REPRESENTATION_CONTEXT(2) 
PARAMETRIC_REPRESENTATION_CONTEXT() REPRESENTATION_CONTEXT('2D SPACE',''
  ) );
#6425 = ORIENTED_EDGE('',*,*,#6426,.F.);
#6426 = EDGE_CURVE('',#6427,#6401,#6429,.T.);
#6427 = VERTEX_POINT('',#6428);
#6428 = CARTESIAN_POINT('',(-16.65,-15.5,-38.53530411414));
#6429 = SURFACE_CURVE('',#6430,(#6434,#6440),.PCURVE_S1.);
#6430 = LINE('',#6431,#6432);
#6431 = CARTESIAN_POINT('',(-18.225,-15.5,-38.53530411414));
#6432 = VECTOR('',#6433,1.);
#6433 = DIRECTION('',(1.,0.,2.470472583116E-16));
#6434 = PCURVE('',#1195,#6435);
#6435 = DEFINITIONAL_REPRESENTATION('',(#6436),#6439);
#6436 = B_SPLINE_CURVE_WITH_KNOTS('',1,(#6437,#6438),.UNSPECIFIED.,.F.,
  .F.,(2,2),(1.575,3.475),.PIECEWISE_BEZIER_KNOTS.);
#6437 = CARTESIAN_POINT('',(0.664695885855,3.15));
#6438 = CARTESIAN_POINT('',(0.664695885855,5.05));
#6439 = ( GEOMETRIC_REPRESENTATION_CONTEXT(2) 
PARAMETRIC_REPRESENTATION_CONTEXT() REPRESENTATION_CONTEXT('2D SPACE',''
  ) );
#6440 = PCURVE('',#6441,#6446);
#6441 = PLANE('',#6442);
#6442 = AXIS2_PLACEMENT_3D('',#6443,#6444,#6445);
#6443 = CARTESIAN_POINT('',(-16.65,-21.83284103564,-35.44657116285));
#6444 = DIRECTION('',(-2.22044604925E-16,0.438371146789,0.898794046299)
  );
#6445 = DIRECTION('',(1.224646799147E-16,0.898794046299,-0.438371146789)
  );
#6446 = DEFINITIONAL_REPRESENTATION('',(#6447),#6450);
#6447 = B_SPLINE_CURVE_WITH_KNOTS('',1,(#6448,#6449),.UNSPECIFIED.,.F.,
  .F.,(2,2),(1.575,3.475),.PIECEWISE_BEZIER_KNOTS.);
#6448 = CARTESIAN_POINT('',(7.04593122498,0.));
#6449 = CARTESIAN_POINT('',(7.04593122498,-1.9));
#6450 = ( GEOMETRIC_REPRESENTATION_CONTEXT(2) 
PARAMETRIC_REPRESENTATION_CONTEXT() REPRESENTATION_CONTEXT('2D SPACE',''
  ) );
#6451 = ORIENTED_EDGE('',*,*,#6452,.T.);
#6452 = EDGE_CURVE('',#6427,#6328,#6453,.T.);
#6453 = SURFACE_CURVE('',#6454,(#6458,#6464),.PCURVE_S1.);
#6454 = LINE('',#6455,#6456);
#6455 = CARTESIAN_POINT('',(-16.65,-15.5,-46.94038187682));
#6456 = VECTOR('',#6457,1.);
#6457 = DIRECTION('',(2.532573510948E-16,0.,-1.));
#6458 = PCURVE('',#1195,#6459);
#6459 = DEFINITIONAL_REPRESENTATION('',(#6460),#6463);
#6460 = B_SPLINE_CURVE_WITH_KNOTS('',1,(#6461,#6462),.UNSPECIFIED.,.F.,
  .F.,(2,2),(-8.405077762683,-7.740381876828),.PIECEWISE_BEZIER_KNOTS.);
#6461 = CARTESIAN_POINT('',(0.664695885855,3.15));
#6462 = CARTESIAN_POINT('',(0.,3.15));
#6463 = ( GEOMETRIC_REPRESENTATION_CONTEXT(2) 
PARAMETRIC_REPRESENTATION_CONTEXT() REPRESENTATION_CONTEXT('2D SPACE',''
  ) );
#6464 = PCURVE('',#6465,#6470);
#6465 = PLANE('',#6466);
#6466 = AXIS2_PLACEMENT_3D('',#6467,#6468,#6469);
#6467 = CARTESIAN_POINT('',(-16.65,-31.21398357693,-54.68076375365));
#6468 = DIRECTION('',(1.,-1.273257708998E-17,2.532573510948E-16));
#6469 = DIRECTION('',(1.224646799147E-16,0.898794046299,-0.438371146789)
  );
#6470 = DEFINITIONAL_REPRESENTATION('',(#6471),#6474);
#6471 = B_SPLINE_CURVE_WITH_KNOTS('',1,(#6472,#6473),.UNSPECIFIED.,.F.,
  .F.,(2,2),(-8.405077762683,-7.740381876828),.PIECEWISE_BEZIER_KNOTS.);
#6472 = CARTESIAN_POINT('',(7.04593122498,21.4));
#6473 = CARTESIAN_POINT('',(7.337314722728,20.802575295194));
#6474 = ( GEOMETRIC_REPRESENTATION_CONTEXT(2) 
PARAMETRIC_REPRESENTATION_CONTEXT() REPRESENTATION_CONTEXT('2D SPACE',''
  ) );
#6475 = ADVANCED_FACE('',(#6476),#1323,.T.);
#6476 = FACE_BOUND('',#6477,.T.);
#6477 = EDGE_LOOP('',(#6478,#6501,#6522,#6523,#6542,#6543,#6544,#6565));
#6478 = ORIENTED_EDGE('',*,*,#6479,.F.);
#6479 = EDGE_CURVE('',#6480,#6482,#6484,.T.);
#6480 = VERTEX_POINT('',#6481);
#6481 = CARTESIAN_POINT('',(17.,-14.9,-35.45025211936));
#6482 = VERTEX_POINT('',#6483);
#6483 = CARTESIAN_POINT('',(17.,-14.9,-35.53051670308));
#6484 = SURFACE_CURVE('',#6485,(#6489,#6495),.PCURVE_S1.);
#6485 = LINE('',#6486,#6487);
#6486 = CARTESIAN_POINT('',(17.,-14.9,-39.15249536889));
#6487 = VECTOR('',#6488,1.);
#6488 = DIRECTION('',(0.,0.,-1.));
#6489 = PCURVE('',#1323,#6490);
#6490 = DEFINITIONAL_REPRESENTATION('',(#6491),#6494);
#6491 = B_SPLINE_CURVE_WITH_KNOTS('',1,(#6492,#6493),.UNSPECIFIED.,.F.,
  .F.,(2,2),(-14.10249536889,-3.15249536889),.PIECEWISE_BEZIER_KNOTS.);
#6492 = CARTESIAN_POINT('',(18.763109296548,17.254990737779));
#6493 = CARTESIAN_POINT('',(18.763109296548,6.304990737779));
#6494 = ( GEOMETRIC_REPRESENTATION_CONTEXT(2) 
PARAMETRIC_REPRESENTATION_CONTEXT() REPRESENTATION_CONTEXT('2D SPACE',''
  ) );
#6495 = PCURVE('',#3904,#6496);
#6496 = DEFINITIONAL_REPRESENTATION('',(#6497),#6500);
#6497 = B_SPLINE_CURVE_WITH_KNOTS('',1,(#6498,#6499),.UNSPECIFIED.,.F.,
  .F.,(2,2),(-14.10249536889,-3.15249536889),.PIECEWISE_BEZIER_KNOTS.);
#6498 = CARTESIAN_POINT('',(10.95,32.16));
#6499 = CARTESIAN_POINT('',(0.,32.16));
#6500 = ( GEOMETRIC_REPRESENTATION_CONTEXT(2) 
PARAMETRIC_REPRESENTATION_CONTEXT() REPRESENTATION_CONTEXT('2D SPACE',''
  ) );
#6501 = ORIENTED_EDGE('',*,*,#6502,.T.);
#6502 = EDGE_CURVE('',#6480,#1409,#6503,.T.);
#6503 = SURFACE_CURVE('',#6504,(#6508,#6515),.PCURVE_S1.);
#6504 = LINE('',#6505,#6506);
#6505 = CARTESIAN_POINT('',(17.,-14.86925688082,-35.46458787126));
#6506 = VECTOR('',#6507,1.);
#6507 = DIRECTION('',(0.,-0.906307787037,0.422618261741));
#6508 = PCURVE('',#1323,#6509);
#6509 = DEFINITIONAL_REPRESENTATION('',(#6510),#6514);
#6510 = LINE('',#6511,#6512);
#6511 = CARTESIAN_POINT('',(18.793852415718,6.840402866513));
#6512 = VECTOR('',#6513,1.);
#6513 = DIRECTION('',(-0.906307787037,0.422618261741));
#6514 = ( GEOMETRIC_REPRESENTATION_CONTEXT(2) 
PARAMETRIC_REPRESENTATION_CONTEXT() REPRESENTATION_CONTEXT('2D SPACE',''
  ) );
#6515 = PCURVE('',#1423,#6516);
#6516 = DEFINITIONAL_REPRESENTATION('',(#6517),#6521);
#6517 = LINE('',#6518,#6519);
#6518 = CARTESIAN_POINT('',(0.,0.));
#6519 = VECTOR('',#6520,1.);
#6520 = DIRECTION('',(1.,0.));
#6521 = ( GEOMETRIC_REPRESENTATION_CONTEXT(2) 
PARAMETRIC_REPRESENTATION_CONTEXT() REPRESENTATION_CONTEXT('2D SPACE',''
  ) );
#6522 = ORIENTED_EDGE('',*,*,#1434,.T.);
#6523 = ORIENTED_EDGE('',*,*,#6524,.T.);
#6524 = EDGE_CURVE('',#1435,#1285,#6525,.T.);
#6525 = SURFACE_CURVE('',#6526,(#6530,#6536),.PCURVE_S1.);
#6526 = LINE('',#6527,#6528);
#6527 = CARTESIAN_POINT('',(17.,-27.04906833514,-31.05552789833));
#6528 = VECTOR('',#6529,1.);
#6529 = DIRECTION('',(0.,0.898794046299,-0.438371146789));
#6530 = PCURVE('',#1323,#6531);
#6531 = DEFINITIONAL_REPRESENTATION('',(#6532),#6535);
#6532 = B_SPLINE_CURVE_WITH_KNOTS('',1,(#6533,#6534),.UNSPECIFIED.,.F.,
  .F.,(2,2),(10.17927118322,11.279191474813),.PIECEWISE_BEZIER_KNOTS.);
#6533 = CARTESIAN_POINT('',(15.763109296548,6.787164057381));
#6534 = CARTESIAN_POINT('',(16.751711106035,6.304990737779));
#6535 = ( GEOMETRIC_REPRESENTATION_CONTEXT(2) 
PARAMETRIC_REPRESENTATION_CONTEXT() REPRESENTATION_CONTEXT('2D SPACE',''
  ) );
#6536 = PCURVE('',#1299,#6537);
#6537 = DEFINITIONAL_REPRESENTATION('',(#6538),#6541);
#6538 = B_SPLINE_CURVE_WITH_KNOTS('',1,(#6539,#6540),.UNSPECIFIED.,.F.,
  .F.,(2,2),(10.17927118322,11.279191474813),.PIECEWISE_BEZIER_KNOTS.);
#6539 = CARTESIAN_POINT('',(9.16605047082,-31.75));
#6540 = CARTESIAN_POINT('',(10.265970762413,-31.75));
#6541 = ( GEOMETRIC_REPRESENTATION_CONTEXT(2) 
PARAMETRIC_REPRESENTATION_CONTEXT() REPRESENTATION_CONTEXT('2D SPACE',''
  ) );
#6542 = ORIENTED_EDGE('',*,*,#1310,.T.);
#6543 = ORIENTED_EDGE('',*,*,#6353,.T.);
#6544 = ORIENTED_EDGE('',*,*,#6545,.T.);
#6545 = EDGE_CURVE('',#6354,#6546,#6548,.T.);
#6546 = VERTEX_POINT('',#6547);
#6547 = CARTESIAN_POINT('',(17.,-15.45105462022,-36.71225714973));
#6548 = SURFACE_CURVE('',#6549,(#6553,#6559),.PCURVE_S1.);
#6549 = LINE('',#6550,#6551);
#6550 = CARTESIAN_POINT('',(17.,-27.04906833514,-31.05552789833));
#6551 = VECTOR('',#6552,1.);
#6552 = DIRECTION('',(0.,0.898794046299,-0.438371146789));
#6553 = PCURVE('',#1323,#6554);
#6554 = DEFINITIONAL_REPRESENTATION('',(#6555),#6558);
#6555 = B_SPLINE_CURVE_WITH_KNOTS('',1,(#6556,#6557),.UNSPECIFIED.,.F.,
  .F.,(2,2),(12.849515840361,13.551281858691),.PIECEWISE_BEZIER_KNOTS.);
#6556 = CARTESIAN_POINT('',(18.163109296548,5.616605844823));
#6557 = CARTESIAN_POINT('',(18.793852415718,5.30897187059));
#6558 = ( GEOMETRIC_REPRESENTATION_CONTEXT(2) 
PARAMETRIC_REPRESENTATION_CONTEXT() REPRESENTATION_CONTEXT('2D SPACE',''
  ) );
#6559 = PCURVE('',#6389,#6560);
#6560 = DEFINITIONAL_REPRESENTATION('',(#6561),#6564);
#6561 = B_SPLINE_CURVE_WITH_KNOTS('',1,(#6562,#6563),.UNSPECIFIED.,.F.,
  .F.,(2,2),(12.849515840361,13.551281858691),.PIECEWISE_BEZIER_KNOTS.);
#6562 = CARTESIAN_POINT('',(11.836295127961,-31.75));
#6563 = CARTESIAN_POINT('',(12.538061146291,-31.75));
#6564 = ( GEOMETRIC_REPRESENTATION_CONTEXT(2) 
PARAMETRIC_REPRESENTATION_CONTEXT() REPRESENTATION_CONTEXT('2D SPACE',''
  ) );
#6565 = ORIENTED_EDGE('',*,*,#6566,.T.);
#6566 = EDGE_CURVE('',#6546,#6482,#6567,.T.);
#6567 = SURFACE_CURVE('',#6568,(#6572,#6579),.PCURVE_S1.);
#6568 = LINE('',#6569,#6570);
#6569 = CARTESIAN_POINT('',(17.,-31.77398735045,-71.71689935273));
#6570 = VECTOR('',#6571,1.);
#6571 = DIRECTION('',(0.,0.422618261741,0.906307787037));
#6572 = PCURVE('',#1323,#6573);
#6573 = DEFINITIONAL_REPRESENTATION('',(#6574),#6578);
#6574 = LINE('',#6575,#6576);
#6575 = CARTESIAN_POINT('',(1.88912194609,-29.41190861495));
#6576 = VECTOR('',#6577,1.);
#6577 = DIRECTION('',(0.422618261741,0.906307787037));
#6578 = ( GEOMETRIC_REPRESENTATION_CONTEXT(2) 
PARAMETRIC_REPRESENTATION_CONTEXT() REPRESENTATION_CONTEXT('2D SPACE',''
  ) );
#6579 = PCURVE('',#3344,#6580);
#6580 = DEFINITIONAL_REPRESENTATION('',(#6581),#6585);
#6581 = LINE('',#6582,#6583);
#6582 = CARTESIAN_POINT('',(0.,0.));
#6583 = VECTOR('',#6584,1.);
#6584 = DIRECTION('',(1.,0.));
#6585 = ( GEOMETRIC_REPRESENTATION_CONTEXT(2) 
PARAMETRIC_REPRESENTATION_CONTEXT() REPRESENTATION_CONTEXT('2D SPACE',''
  ) );
#6586 = ADVANCED_FACE('',(#6587),#1299,.F.);
#6587 = FACE_BOUND('',#6588,.F.);
#6588 = EDGE_LOOP('',(#6589,#6610,#6611,#6612));
#6589 = ORIENTED_EDGE('',*,*,#6590,.F.);
#6590 = EDGE_CURVE('',#1456,#1259,#6591,.T.);
#6591 = SURFACE_CURVE('',#6592,(#6596,#6603),.PCURVE_S1.);
#6592 = LINE('',#6593,#6594);
#6593 = CARTESIAN_POINT('',(-14.75,-26.13839159125,-31.49969462397));
#6594 = VECTOR('',#6595,1.);
#6595 = DIRECTION('',(1.221635191884E-16,0.898794046299,-0.438371146789)
  );
#6596 = PCURVE('',#1299,#6597);
#6597 = DEFINITIONAL_REPRESENTATION('',(#6598),#6602);
#6598 = LINE('',#6599,#6600);
#6599 = CARTESIAN_POINT('',(0.,0.));
#6600 = VECTOR('',#6601,1.);
#6601 = DIRECTION('',(1.,3.011607263421E-19));
#6602 = ( GEOMETRIC_REPRESENTATION_CONTEXT(2) 
PARAMETRIC_REPRESENTATION_CONTEXT() REPRESENTATION_CONTEXT('2D SPACE',''
  ) );
#6603 = PCURVE('',#1273,#6604);
#6604 = DEFINITIONAL_REPRESENTATION('',(#6605),#6609);
#6605 = LINE('',#6606,#6607);
#6606 = CARTESIAN_POINT('',(7.403364378293E-16,24.72));
#6607 = VECTOR('',#6608,1.);
#6608 = DIRECTION('',(1.,-3.179054058914E-16));
#6609 = ( GEOMETRIC_REPRESENTATION_CONTEXT(2) 
PARAMETRIC_REPRESENTATION_CONTEXT() REPRESENTATION_CONTEXT('2D SPACE',''
  ) );
#6610 = ORIENTED_EDGE('',*,*,#1455,.T.);
#6611 = ORIENTED_EDGE('',*,*,#6524,.T.);
#6612 = ORIENTED_EDGE('',*,*,#1284,.T.);
#6613 = ADVANCED_FACE('',(#6614),#1273,.T.);
#6614 = FACE_BOUND('',#6615,.T.);
#6615 = EDGE_LOOP('',(#6616,#6617,#6618));
#6616 = ORIENTED_EDGE('',*,*,#6590,.F.);
#6617 = ORIENTED_EDGE('',*,*,#1476,.T.);
#6618 = ORIENTED_EDGE('',*,*,#1258,.T.);
#6619 = ADVANCED_FACE('',(#6620),#1423,.T.);
#6620 = FACE_BOUND('',#6621,.T.);
#6621 = EDGE_LOOP('',(#6622,#6645,#6666,#6667,#6668,#6669));
#6622 = ORIENTED_EDGE('',*,*,#6623,.T.);
#6623 = EDGE_CURVE('',#6624,#6626,#6628,.T.);
#6624 = VERTEX_POINT('',#6625);
#6625 = CARTESIAN_POINT('',(20.45,-14.9,-35.45025211936));
#6626 = VERTEX_POINT('',#6627);
#6627 = CARTESIAN_POINT('',(20.45,-14.86925688082,-35.46458787126));
#6628 = SURFACE_CURVE('',#6629,(#6633,#6639),.PCURVE_S1.);
#6629 = LINE('',#6630,#6631);
#6630 = CARTESIAN_POINT('',(20.45,-16.01143632041,-34.9319808516));
#6631 = VECTOR('',#6632,1.);
#6632 = DIRECTION('',(-0.,0.906307787037,-0.422618261741));
#6633 = PCURVE('',#1423,#6634);
#6634 = DEFINITIONAL_REPRESENTATION('',(#6635),#6638);
#6635 = B_SPLINE_CURVE_WITH_KNOTS('',1,(#6636,#6637),.UNSPECIFIED.,.F.,
  .F.,(2,2),(1.226334294273,1.260255573126),.PIECEWISE_BEZIER_KNOTS.);
#6636 = CARTESIAN_POINT('',(3.392127885281E-02,-3.45));
#6637 = CARTESIAN_POINT('',(0.,-3.45));
#6638 = ( GEOMETRIC_REPRESENTATION_CONTEXT(2) 
PARAMETRIC_REPRESENTATION_CONTEXT() REPRESENTATION_CONTEXT('2D SPACE',''
  ) );
#6639 = PCURVE('',#1655,#6640);
#6640 = DEFINITIONAL_REPRESENTATION('',(#6641),#6644);
#6641 = B_SPLINE_CURVE_WITH_KNOTS('',1,(#6642,#6643),.UNSPECIFIED.,.F.,
  .F.,(2,2),(1.226334294273,1.260255573126),.PIECEWISE_BEZIER_KNOTS.);
#6642 = CARTESIAN_POINT('',(0.549747880639,-3.));
#6643 = CARTESIAN_POINT('',(0.535412128734,-3.030743119171));
#6644 = ( GEOMETRIC_REPRESENTATION_CONTEXT(2) 
PARAMETRIC_REPRESENTATION_CONTEXT() REPRESENTATION_CONTEXT('2D SPACE',''
  ) );
#6645 = ORIENTED_EDGE('',*,*,#6646,.T.);
#6646 = EDGE_CURVE('',#6626,#3309,#6647,.T.);
#6647 = SURFACE_CURVE('',#6648,(#6652,#6659),.PCURVE_S1.);
#6648 = LINE('',#6649,#6650);
#6649 = CARTESIAN_POINT('',(17.,-14.86925688082,-35.46458787126));
#6650 = VECTOR('',#6651,1.);
#6651 = DIRECTION('',(1.,0.,0.));
#6652 = PCURVE('',#1423,#6653);
#6653 = DEFINITIONAL_REPRESENTATION('',(#6654),#6658);
#6654 = LINE('',#6655,#6656);
#6655 = CARTESIAN_POINT('',(0.,0.));
#6656 = VECTOR('',#6657,1.);
#6657 = DIRECTION('',(0.,-1.));
#6658 = ( GEOMETRIC_REPRESENTATION_CONTEXT(2) 
PARAMETRIC_REPRESENTATION_CONTEXT() REPRESENTATION_CONTEXT('2D SPACE',''
  ) );
#6659 = PCURVE('',#3344,#6660);
#6660 = DEFINITIONAL_REPRESENTATION('',(#6661),#6665);
#6661 = LINE('',#6662,#6663);
#6662 = CARTESIAN_POINT('',(40.,0.));
#6663 = VECTOR('',#6664,1.);
#6664 = DIRECTION('',(0.,-1.));
#6665 = ( GEOMETRIC_REPRESENTATION_CONTEXT(2) 
PARAMETRIC_REPRESENTATION_CONTEXT() REPRESENTATION_CONTEXT('2D SPACE',''
  ) );
#6666 = ORIENTED_EDGE('',*,*,#3308,.F.);
#6667 = ORIENTED_EDGE('',*,*,#1408,.T.);
#6668 = ORIENTED_EDGE('',*,*,#6502,.F.);
#6669 = ORIENTED_EDGE('',*,*,#6670,.F.);
#6670 = EDGE_CURVE('',#6624,#6480,#6671,.T.);
#6671 = SURFACE_CURVE('',#6672,(#6676,#6682),.PCURVE_S1.);
#6672 = LINE('',#6673,#6674);
#6673 = CARTESIAN_POINT('',(0.92,-14.9,-35.45025211936));
#6674 = VECTOR('',#6675,1.);
#6675 = DIRECTION('',(-1.,0.,0.));
#6676 = PCURVE('',#1423,#6677);
#6677 = DEFINITIONAL_REPRESENTATION('',(#6678),#6681);
#6678 = B_SPLINE_CURVE_WITH_KNOTS('',1,(#6679,#6680),.UNSPECIFIED.,.F.,
  .F.,(2,2),(-19.53,-16.08),.PIECEWISE_BEZIER_KNOTS.);
#6679 = CARTESIAN_POINT('',(3.392127885281E-02,-3.45));
#6680 = CARTESIAN_POINT('',(3.392127885281E-02,0.));
#6681 = ( GEOMETRIC_REPRESENTATION_CONTEXT(2) 
PARAMETRIC_REPRESENTATION_CONTEXT() REPRESENTATION_CONTEXT('2D SPACE',''
  ) );
#6682 = PCURVE('',#3904,#6683);
#6683 = DEFINITIONAL_REPRESENTATION('',(#6684),#6687);
#6684 = B_SPLINE_CURVE_WITH_KNOTS('',1,(#6685,#6686),.UNSPECIFIED.,.F.,
  .F.,(2,2),(-19.53,-16.08),.PIECEWISE_BEZIER_KNOTS.);
#6685 = CARTESIAN_POINT('',(0.549747880639,35.61));
#6686 = CARTESIAN_POINT('',(0.549747880639,32.16));
#6687 = ( GEOMETRIC_REPRESENTATION_CONTEXT(2) 
PARAMETRIC_REPRESENTATION_CONTEXT() REPRESENTATION_CONTEXT('2D SPACE',''
  ) );
#6688 = ADVANCED_FACE('',(#6689),#1541,.F.);
#6689 = FACE_BOUND('',#6690,.F.);
#6690 = EDGE_LOOP('',(#6691,#6692,#6715,#6748,#6781,#6809,#6842,#6871,
    #6904,#6937,#6965,#6991));
#6691 = ORIENTED_EDGE('',*,*,#1520,.F.);
#6692 = ORIENTED_EDGE('',*,*,#6693,.F.);
#6693 = EDGE_CURVE('',#6694,#1521,#6696,.T.);
#6694 = VERTEX_POINT('',#6695);
#6695 = CARTESIAN_POINT('',(-8.8,-16.65,-32.75));
#6696 = SEAM_CURVE('',#6697,(#6701,#6708),.PCURVE_S1.);
#6697 = LINE('',#6698,#6699);
#6698 = CARTESIAN_POINT('',(-8.8,-16.65,-32.75));
#6699 = VECTOR('',#6700,1.);
#6700 = DIRECTION('',(0.707106781187,-0.707106781187,-1.618196537872E-17
    ));
#6701 = PCURVE('',#1541,#6702);
#6702 = DEFINITIONAL_REPRESENTATION('',(#6703),#6707);
#6703 = LINE('',#6704,#6705);
#6704 = CARTESIAN_POINT('',(6.28318530718,-0.));
#6705 = VECTOR('',#6706,1.);
#6706 = DIRECTION('',(0.,1.));
#6707 = ( GEOMETRIC_REPRESENTATION_CONTEXT(2) 
PARAMETRIC_REPRESENTATION_CONTEXT() REPRESENTATION_CONTEXT('2D SPACE',''
  ) );
#6708 = PCURVE('',#1541,#6709);
#6709 = DEFINITIONAL_REPRESENTATION('',(#6710),#6714);
#6710 = LINE('',#6711,#6712);
#6711 = CARTESIAN_POINT('',(0.,-0.));
#6712 = VECTOR('',#6713,1.);
#6713 = DIRECTION('',(0.,1.));
#6714 = ( GEOMETRIC_REPRESENTATION_CONTEXT(2) 
PARAMETRIC_REPRESENTATION_CONTEXT() REPRESENTATION_CONTEXT('2D SPACE',''
  ) );
#6715 = ORIENTED_EDGE('',*,*,#6716,.F.);
#6716 = EDGE_CURVE('',#6717,#6694,#6719,.T.);
#6717 = VERTEX_POINT('',#6718);
#6718 = CARTESIAN_POINT('',(-8.8,-16.76946869042,-32.14939033455));
#6719 = SURFACE_CURVE('',#6720,(#6725,#6736),.PCURVE_S1.);
#6720 = HYPERBOLA('',#6721,1.45,1.45);
#6721 = AXIS2_PLACEMENT_3D('',#6722,#6723,#6724);
#6722 = CARTESIAN_POINT('',(-8.8,-15.2,-32.75));
#6723 = DIRECTION('',(1.,0.,2.22044604925E-16));
#6724 = DIRECTION('',(-4.930380657631E-32,-1.,2.22044604925E-16));
#6725 = PCURVE('',#1541,#6726);
#6726 = DEFINITIONAL_REPRESENTATION('',(#6727),#6735);
#6727 = B_SPLINE_CURVE_WITH_KNOTS('',6,(#6728,#6729,#6730,#6731,#6732,
    #6733,#6734),.UNSPECIFIED.,.F.,.F.,(7,7),(-0.478577328328,
    2.22044604925E-16),.PIECEWISE_BEZIER_KNOTS.);
#6728 = CARTESIAN_POINT('',(0.461289857013,0.169244897203));
#6729 = CARTESIAN_POINT('',(0.389863855993,0.111757263392));
#6730 = CARTESIAN_POINT('',(0.315395019015,6.663182017622E-02));
#6731 = CARTESIAN_POINT('',(0.23837622255,3.321024912342E-02));
#6732 = CARTESIAN_POINT('',(0.159525566919,1.107008796806E-02));
#6733 = CARTESIAN_POINT('',(7.976288805464E-02,-3.587477398879E-16));
#6734 = CARTESIAN_POINT('',(0.,-3.330669073875E-16));
#6735 = ( GEOMETRIC_REPRESENTATION_CONTEXT(2) 
PARAMETRIC_REPRESENTATION_CONTEXT() REPRESENTATION_CONTEXT('2D SPACE',''
  ) );
#6736 = PCURVE('',#6737,#6742);
#6737 = PLANE('',#6738);
#6738 = AXIS2_PLACEMENT_3D('',#6739,#6740,#6741);
#6739 = CARTESIAN_POINT('',(-8.8,-18.9,-31.3));
#6740 = DIRECTION('',(1.,0.,2.22044604925E-16));
#6741 = DIRECTION('',(2.22044604925E-16,0.,-1.));
#6742 = DEFINITIONAL_REPRESENTATION('',(#6743),#6747);
#6743 = ( BOUNDED_CURVE() B_SPLINE_CURVE(2,(#6744,#6745,#6746),
.UNSPECIFIED.,.F.,.F.) B_SPLINE_CURVE_WITH_KNOTS((3,3),(-0.478577328328,
2.22044604925E-16),.PIECEWISE_BEZIER_KNOTS.) CURVE() 
GEOMETRIC_REPRESENTATION_ITEM() RATIONAL_B_SPLINE_CURVE((1.,
1.028766401755,1.)) REPRESENTATION_ITEM('') );
#6744 = CARTESIAN_POINT('',(0.729268401471,2.080755102797));
#6745 = CARTESIAN_POINT('',(1.109505561508,2.25));
#6746 = CARTESIAN_POINT('',(1.45,2.25));
#6747 = ( GEOMETRIC_REPRESENTATION_CONTEXT(2) 
PARAMETRIC_REPRESENTATION_CONTEXT() REPRESENTATION_CONTEXT('2D SPACE',''
  ) );
#6748 = ORIENTED_EDGE('',*,*,#6749,.T.);
#6749 = EDGE_CURVE('',#6717,#6750,#6752,.T.);
#6750 = VERTEX_POINT('',#6751);
#6751 = CARTESIAN_POINT('',(-9.22469516728,-16.65,-31.72469516728));
#6752 = SURFACE_CURVE('',#6753,(#6758,#6769),.PCURVE_S1.);
#6753 = HYPERBOLA('',#6754,1.45,1.45);
#6754 = AXIS2_PLACEMENT_3D('',#6755,#6756,#6757);
#6755 = CARTESIAN_POINT('',(-9.22469516728,-15.2,-31.72469516728));
#6756 = DIRECTION('',(-0.707106781187,5.105576340132E-33,-0.707106781187
    ));
#6757 = DIRECTION('',(-1.110223024625E-16,-1.,1.110223024625E-16));
#6758 = PCURVE('',#1541,#6759);
#6759 = DEFINITIONAL_REPRESENTATION('',(#6760),#6768);
#6760 = B_SPLINE_CURVE_WITH_KNOTS('',6,(#6761,#6762,#6763,#6764,#6765,
    #6766,#6767),.UNSPECIFIED.,.F.,.F.,(7,7),(-0.478577328328,
    -1.570092458684E-16),.PIECEWISE_BEZIER_KNOTS.);
#6761 = CARTESIAN_POINT('',(0.324108306384,0.169244897203));
#6762 = CARTESIAN_POINT('',(0.395534307404,0.111757263392));
#6763 = CARTESIAN_POINT('',(0.470003144383,6.663182017621E-02));
#6764 = CARTESIAN_POINT('',(0.547021940847,3.321024912343E-02));
#6765 = CARTESIAN_POINT('',(0.625872596478,1.107008796806E-02));
#6766 = CARTESIAN_POINT('',(0.705635275343,1.021132374245E-15));
#6767 = CARTESIAN_POINT('',(0.785398163397,1.110223024625E-15));
#6768 = ( GEOMETRIC_REPRESENTATION_CONTEXT(2) 
PARAMETRIC_REPRESENTATION_CONTEXT() REPRESENTATION_CONTEXT('2D SPACE',''
  ) );
#6769 = PCURVE('',#6770,#6775);
#6770 = PLANE('',#6771);
#6771 = AXIS2_PLACEMENT_3D('',#6772,#6773,#6774);
#6772 = CARTESIAN_POINT('',(-10.25,-18.9,-30.69939033455));
#6773 = DIRECTION('',(-0.707106781187,0.,-0.707106781187));
#6774 = DIRECTION('',(0.707106781187,0.,-0.707106781187));
#6775 = DEFINITIONAL_REPRESENTATION('',(#6776),#6780);
#6776 = ( BOUNDED_CURVE() B_SPLINE_CURVE(2,(#6777,#6778,#6779),
.UNSPECIFIED.,.F.,.F.) B_SPLINE_CURVE_WITH_KNOTS((3,3),(-0.478577328328,
-1.570092458684E-16),.PIECEWISE_BEZIER_KNOTS.) CURVE() 
GEOMETRIC_REPRESENTATION_ITEM() RATIONAL_B_SPLINE_CURVE((1.,
1.028766401755,1.)) REPRESENTATION_ITEM('') );
#6777 = CARTESIAN_POINT('',(2.170731598529,-2.080755102797));
#6778 = CARTESIAN_POINT('',(1.790494438492,-2.25));
#6779 = CARTESIAN_POINT('',(1.45,-2.25));
#6780 = ( GEOMETRIC_REPRESENTATION_CONTEXT(2) 
PARAMETRIC_REPRESENTATION_CONTEXT() REPRESENTATION_CONTEXT('2D SPACE',''
  ) );
#6781 = ORIENTED_EDGE('',*,*,#6782,.T.);
#6782 = EDGE_CURVE('',#6750,#6783,#6785,.T.);
#6783 = VERTEX_POINT('',#6784);
#6784 = CARTESIAN_POINT('',(-9.649390334559,-16.76946869042,-31.3));
#6785 = SURFACE_CURVE('',#6786,(#6791,#6802),.PCURVE_S1.);
#6786 = HYPERBOLA('',#6787,1.45,1.45);
#6787 = AXIS2_PLACEMENT_3D('',#6788,#6789,#6790);
#6788 = CARTESIAN_POINT('',(-9.22469516728,-15.2,-31.72469516728));
#6789 = DIRECTION('',(-0.707106781187,5.105576340132E-33,-0.707106781187
    ));
#6790 = DIRECTION('',(-1.110223024625E-16,-1.,1.110223024625E-16));
#6791 = PCURVE('',#1541,#6792);
#6792 = DEFINITIONAL_REPRESENTATION('',(#6793),#6801);
#6793 = B_SPLINE_CURVE_WITH_KNOTS('',6,(#6794,#6795,#6796,#6797,#6798,
    #6799,#6800),.UNSPECIFIED.,.F.,.F.,(7,7),(-1.570092458684E-16,
    0.478577328328),.PIECEWISE_BEZIER_KNOTS.);
#6794 = CARTESIAN_POINT('',(0.785398163397,1.110223024625E-15));
#6795 = CARTESIAN_POINT('',(0.865161051452,1.199313675005E-15));
#6796 = CARTESIAN_POINT('',(0.944923730317,1.107008796805E-02));
#6797 = CARTESIAN_POINT('',(1.023774385948,3.321024912344E-02));
#6798 = CARTESIAN_POINT('',(1.100793182412,6.663182017622E-02));
#6799 = CARTESIAN_POINT('',(1.175262019391,0.111757263392));
#6800 = CARTESIAN_POINT('',(1.246688020411,0.169244897203));
#6801 = ( GEOMETRIC_REPRESENTATION_CONTEXT(2) 
PARAMETRIC_REPRESENTATION_CONTEXT() REPRESENTATION_CONTEXT('2D SPACE',''
  ) );
#6802 = PCURVE('',#6770,#6803);
#6803 = DEFINITIONAL_REPRESENTATION('',(#6804),#6808);
#6804 = ( BOUNDED_CURVE() B_SPLINE_CURVE(2,(#6805,#6806,#6807),
.UNSPECIFIED.,.F.,.F.) B_SPLINE_CURVE_WITH_KNOTS((3,3),(
-1.570092458684E-16,0.478577328328),.PIECEWISE_BEZIER_KNOTS.) CURVE() 
GEOMETRIC_REPRESENTATION_ITEM() RATIONAL_B_SPLINE_CURVE((1.,
1.028766401755,1.)) REPRESENTATION_ITEM('') );
#6805 = CARTESIAN_POINT('',(1.45,-2.25));
#6806 = CARTESIAN_POINT('',(1.109505561508,-2.25));
#6807 = CARTESIAN_POINT('',(0.729268401471,-2.080755102797));
#6808 = ( GEOMETRIC_REPRESENTATION_CONTEXT(2) 
PARAMETRIC_REPRESENTATION_CONTEXT() REPRESENTATION_CONTEXT('2D SPACE',''
  ) );
#6809 = ORIENTED_EDGE('',*,*,#6810,.T.);
#6810 = EDGE_CURVE('',#6783,#6811,#6813,.T.);
#6811 = VERTEX_POINT('',#6812);
#6812 = CARTESIAN_POINT('',(-10.25,-16.65,-31.3));
#6813 = SURFACE_CURVE('',#6814,(#6819,#6830),.PCURVE_S1.);
#6814 = HYPERBOLA('',#6815,1.45,1.45);
#6815 = AXIS2_PLACEMENT_3D('',#6816,#6817,#6818);
#6816 = CARTESIAN_POINT('',(-10.25,-15.2,-31.3));
#6817 = DIRECTION('',(2.22044604925E-16,0.,-1.));
#6818 = DIRECTION('',(4.930380657631E-32,-1.,1.094764425254E-47));
#6819 = PCURVE('',#1541,#6820);
#6820 = DEFINITIONAL_REPRESENTATION('',(#6821),#6829);
#6821 = B_SPLINE_CURVE_WITH_KNOTS('',6,(#6822,#6823,#6824,#6825,#6826,
    #6827,#6828),.UNSPECIFIED.,.F.,.F.,(7,7),(-0.44118284331,
    5.93345810177E-31),.PIECEWISE_BEZIER_KNOTS.);
#6822 = CARTESIAN_POINT('',(1.14326629233,0.143419494034));
#6823 = CARTESIAN_POINT('',(1.210178481827,9.484006938225E-02));
#6824 = CARTESIAN_POINT('',(1.279538556125,5.659887131459E-02));
#6825 = CARTESIAN_POINT('',(1.350919899374,2.822312927254E-02));
#6826 = CARTESIAN_POINT('',(1.423735511082,9.407712323596E-03));
#6827 = CARTESIAN_POINT('',(1.49726585291,5.011104989612E-15));
#6828 = CARTESIAN_POINT('',(1.570796326795,4.996003610813E-15));
#6829 = ( GEOMETRIC_REPRESENTATION_CONTEXT(2) 
PARAMETRIC_REPRESENTATION_CONTEXT() REPRESENTATION_CONTEXT('2D SPACE',''
  ) );
#6830 = PCURVE('',#6831,#6836);
#6831 = PLANE('',#6832);
#6832 = AXIS2_PLACEMENT_3D('',#6833,#6834,#6835);
#6833 = CARTESIAN_POINT('',(-10.25,-18.9,-31.3));
#6834 = DIRECTION('',(2.22044604925E-16,0.,-1.));
#6835 = DIRECTION('',(1.,0.,2.22044604925E-16));
#6836 = DEFINITIONAL_REPRESENTATION('',(#6837),#6841);
#6837 = ( BOUNDED_CURVE() B_SPLINE_CURVE(2,(#6838,#6839,#6840),
.UNSPECIFIED.,.F.,.F.) B_SPLINE_CURVE_WITH_KNOTS((3,3),(-0.44118284331,
5.93345810177E-31),.PIECEWISE_BEZIER_KNOTS.) CURVE() 
GEOMETRIC_REPRESENTATION_ITEM() RATIONAL_B_SPLINE_CURVE((1.,
1.024429108305,1.)) REPRESENTATION_ITEM('') );
#6838 = CARTESIAN_POINT('',(0.660670631985,-2.106580505966));
#6839 = CARTESIAN_POINT('',(0.314768443278,-2.25));
#6840 = CARTESIAN_POINT('',(1.751623080406E-46,-2.25));
#6841 = ( GEOMETRIC_REPRESENTATION_CONTEXT(2) 
PARAMETRIC_REPRESENTATION_CONTEXT() REPRESENTATION_CONTEXT('2D SPACE',''
  ) );
#6842 = ORIENTED_EDGE('',*,*,#6843,.T.);
#6843 = EDGE_CURVE('',#6811,#6844,#6846,.T.);
#6844 = VERTEX_POINT('',#6845);
#6845 = CARTESIAN_POINT('',(-10.25,-16.65,-34.2));
#6846 = SURFACE_CURVE('',#6847,(#6852,#6859),.PCURVE_S1.);
#6847 = CIRCLE('',#6848,1.45);
#6848 = AXIS2_PLACEMENT_3D('',#6849,#6850,#6851);
#6849 = CARTESIAN_POINT('',(-10.25,-16.65,-32.75));
#6850 = DIRECTION('',(0.,-1.,2.22044604925E-16));
#6851 = DIRECTION('',(1.,0.,0.));
#6852 = PCURVE('',#1541,#6853);
#6853 = DEFINITIONAL_REPRESENTATION('',(#6854),#6858);
#6854 = LINE('',#6855,#6856);
#6855 = CARTESIAN_POINT('',(0.,0.));
#6856 = VECTOR('',#6857,1.);
#6857 = DIRECTION('',(1.,0.));
#6858 = ( GEOMETRIC_REPRESENTATION_CONTEXT(2) 
PARAMETRIC_REPRESENTATION_CONTEXT() REPRESENTATION_CONTEXT('2D SPACE',''
  ) );
#6859 = PCURVE('',#6860,#6865);
#6860 = CYLINDRICAL_SURFACE('',#6861,1.45);
#6861 = AXIS2_PLACEMENT_3D('',#6862,#6863,#6864);
#6862 = CARTESIAN_POINT('',(-10.25,-13.9,-32.75));
#6863 = DIRECTION('',(2.22044604925E-16,-1.,4.930380657631E-32));
#6864 = DIRECTION('',(2.22044604925E-16,0.,-1.));
#6865 = DEFINITIONAL_REPRESENTATION('',(#6866),#6870);
#6866 = LINE('',#6867,#6868);
#6867 = CARTESIAN_POINT('',(1.570796326795,2.75));
#6868 = VECTOR('',#6869,1.);
#6869 = DIRECTION('',(1.,0.));
#6870 = ( GEOMETRIC_REPRESENTATION_CONTEXT(2) 
PARAMETRIC_REPRESENTATION_CONTEXT() REPRESENTATION_CONTEXT('2D SPACE',''
  ) );
#6871 = ORIENTED_EDGE('',*,*,#6872,.F.);
#6872 = EDGE_CURVE('',#6873,#6844,#6875,.T.);
#6873 = VERTEX_POINT('',#6874);
#6874 = CARTESIAN_POINT('',(-9.649390334559,-16.76946869042,-34.2));
#6875 = SURFACE_CURVE('',#6876,(#6881,#6892),.PCURVE_S1.);
#6876 = HYPERBOLA('',#6877,1.45,1.45);
#6877 = AXIS2_PLACEMENT_3D('',#6878,#6879,#6880);
#6878 = CARTESIAN_POINT('',(-10.25,-15.2,-34.2));
#6879 = DIRECTION('',(2.22044604925E-16,0.,-1.));
#6880 = DIRECTION('',(4.930380657631E-32,-1.,1.094764425254E-47));
#6881 = PCURVE('',#1541,#6882);
#6882 = DEFINITIONAL_REPRESENTATION('',(#6883),#6891);
#6883 = B_SPLINE_CURVE_WITH_KNOTS('',6,(#6884,#6885,#6886,#6887,#6888,
    #6889,#6890),.UNSPECIFIED.,.F.,.F.,(7,7),(-0.44118284331,
    1.347581050579E-14),.PIECEWISE_BEZIER_KNOTS.);
#6884 = CARTESIAN_POINT('',(5.139919014849,0.143419494034));
#6885 = CARTESIAN_POINT('',(5.073006825352,9.484006938225E-02));
#6886 = CARTESIAN_POINT('',(5.003646751055,5.659887131459E-02));
#6887 = CARTESIAN_POINT('',(4.932265407805,2.822312927253E-02));
#6888 = CARTESIAN_POINT('',(4.859449796097,9.407712323592E-03));
#6889 = CARTESIAN_POINT('',(4.78591945427,1.769400410725E-15));
#6890 = CARTESIAN_POINT('',(4.712388980385,3.219646771413E-15));
#6891 = ( GEOMETRIC_REPRESENTATION_CONTEXT(2) 
PARAMETRIC_REPRESENTATION_CONTEXT() REPRESENTATION_CONTEXT('2D SPACE',''
  ) );
#6892 = PCURVE('',#6893,#6898);
#6893 = PLANE('',#6894);
#6894 = AXIS2_PLACEMENT_3D('',#6895,#6896,#6897);
#6895 = CARTESIAN_POINT('',(-10.25,-18.9,-34.2));
#6896 = DIRECTION('',(2.22044604925E-16,0.,-1.));
#6897 = DIRECTION('',(1.,0.,2.22044604925E-16));
#6898 = DEFINITIONAL_REPRESENTATION('',(#6899),#6903);
#6899 = ( BOUNDED_CURVE() B_SPLINE_CURVE(2,(#6900,#6901,#6902),
.UNSPECIFIED.,.F.,.F.) B_SPLINE_CURVE_WITH_KNOTS((3,3),(-0.44118284331,
1.347581050579E-14),.PIECEWISE_BEZIER_KNOTS.) CURVE() 
GEOMETRIC_REPRESENTATION_ITEM() RATIONAL_B_SPLINE_CURVE((1.,
1.024429108305,1.)) REPRESENTATION_ITEM('') );
#6900 = CARTESIAN_POINT('',(0.660670631985,-2.106580505966));
#6901 = CARTESIAN_POINT('',(0.314768443278,-2.25));
#6902 = CARTESIAN_POINT('',(-1.95399252334E-14,-2.25));
#6903 = ( GEOMETRIC_REPRESENTATION_CONTEXT(2) 
PARAMETRIC_REPRESENTATION_CONTEXT() REPRESENTATION_CONTEXT('2D SPACE',''
  ) );
#6904 = ORIENTED_EDGE('',*,*,#6905,.F.);
#6905 = EDGE_CURVE('',#6906,#6873,#6908,.T.);
#6906 = VERTEX_POINT('',#6907);
#6907 = CARTESIAN_POINT('',(-9.22469516728,-16.65,-33.77530483272));
#6908 = SURFACE_CURVE('',#6909,(#6914,#6925),.PCURVE_S1.);
#6909 = HYPERBOLA('',#6910,1.45,1.45);
#6910 = AXIS2_PLACEMENT_3D('',#6911,#6912,#6913);
#6911 = CARTESIAN_POINT('',(-9.22469516728,-15.2,-33.77530483272));
#6912 = DIRECTION('',(0.707106781187,-5.105576340132E-33,-0.707106781187
    ));
#6913 = DIRECTION('',(1.110223024625E-16,-1.,1.110223024625E-16));
#6914 = PCURVE('',#1541,#6915);
#6915 = DEFINITIONAL_REPRESENTATION('',(#6916),#6924);
#6916 = B_SPLINE_CURVE_WITH_KNOTS('',6,(#6917,#6918,#6919,#6920,#6921,
    #6922,#6923),.UNSPECIFIED.,.F.,.F.,(7,7),(1.570092458684E-16,
    0.478577328328),.PIECEWISE_BEZIER_KNOTS.);
#6917 = CARTESIAN_POINT('',(5.497787143782,-1.110223024625E-16));
#6918 = CARTESIAN_POINT('',(5.418024255727,-8.29236292707E-17));
#6919 = CARTESIAN_POINT('',(5.338261576863,1.107008796804E-02));
#6920 = CARTESIAN_POINT('',(5.259410921232,3.321024912344E-02));
#6921 = CARTESIAN_POINT('',(5.182392124767,6.66318201762E-02));
#6922 = CARTESIAN_POINT('',(5.107923287789,0.111757263392));
#6923 = CARTESIAN_POINT('',(5.036497286769,0.169244897203));
#6924 = ( GEOMETRIC_REPRESENTATION_CONTEXT(2) 
PARAMETRIC_REPRESENTATION_CONTEXT() REPRESENTATION_CONTEXT('2D SPACE',''
  ) );
#6925 = PCURVE('',#6926,#6931);
#6926 = PLANE('',#6927);
#6927 = AXIS2_PLACEMENT_3D('',#6928,#6929,#6930);
#6928 = CARTESIAN_POINT('',(-8.199390334559,-18.9,-32.75));
#6929 = DIRECTION('',(0.707106781187,0.,-0.707106781187));
#6930 = DIRECTION('',(-0.707106781187,0.,-0.707106781187));
#6931 = DEFINITIONAL_REPRESENTATION('',(#6932),#6936);
#6932 = ( BOUNDED_CURVE() B_SPLINE_CURVE(2,(#6933,#6934,#6935),
.UNSPECIFIED.,.F.,.F.) B_SPLINE_CURVE_WITH_KNOTS((3,3),(
1.570092458684E-16,0.478577328328),.PIECEWISE_BEZIER_KNOTS.) CURVE() 
GEOMETRIC_REPRESENTATION_ITEM() RATIONAL_B_SPLINE_CURVE((1.,
1.028766401755,1.)) REPRESENTATION_ITEM('') );
#6933 = CARTESIAN_POINT('',(1.45,2.25));
#6934 = CARTESIAN_POINT('',(1.790494438492,2.25));
#6935 = CARTESIAN_POINT('',(2.170731598529,2.080755102797));
#6936 = ( GEOMETRIC_REPRESENTATION_CONTEXT(2) 
PARAMETRIC_REPRESENTATION_CONTEXT() REPRESENTATION_CONTEXT('2D SPACE',''
  ) );
#6937 = ORIENTED_EDGE('',*,*,#6938,.F.);
#6938 = EDGE_CURVE('',#6939,#6906,#6941,.T.);
#6939 = VERTEX_POINT('',#6940);
#6940 = CARTESIAN_POINT('',(-8.8,-16.76946869042,-33.35060966544));
#6941 = SURFACE_CURVE('',#6942,(#6947,#6958),.PCURVE_S1.);
#6942 = HYPERBOLA('',#6943,1.45,1.45);
#6943 = AXIS2_PLACEMENT_3D('',#6944,#6945,#6946);
#6944 = CARTESIAN_POINT('',(-9.22469516728,-15.2,-33.77530483272));
#6945 = DIRECTION('',(0.707106781187,-5.105576340132E-33,-0.707106781187
    ));
#6946 = DIRECTION('',(1.110223024625E-16,-1.,1.110223024625E-16));
#6947 = PCURVE('',#1541,#6948);
#6948 = DEFINITIONAL_REPRESENTATION('',(#6949),#6957);
#6949 = B_SPLINE_CURVE_WITH_KNOTS('',6,(#6950,#6951,#6952,#6953,#6954,
    #6955,#6956),.UNSPECIFIED.,.F.,.F.,(7,7),(-0.478577328328,
    1.570092458684E-16),.PIECEWISE_BEZIER_KNOTS.);
#6950 = CARTESIAN_POINT('',(5.959077000795,0.169244897203));
#6951 = CARTESIAN_POINT('',(5.887650999775,0.111757263392));
#6952 = CARTESIAN_POINT('',(5.813182162797,6.663182017623E-02));
#6953 = CARTESIAN_POINT('',(5.736163366332,3.321024912341E-02));
#6954 = CARTESIAN_POINT('',(5.657312710701,1.107008796806E-02));
#6955 = CARTESIAN_POINT('',(5.577550031837,-1.391209756543E-16));
#6956 = CARTESIAN_POINT('',(5.497787143782,-1.110223024625E-16));
#6957 = ( GEOMETRIC_REPRESENTATION_CONTEXT(2) 
PARAMETRIC_REPRESENTATION_CONTEXT() REPRESENTATION_CONTEXT('2D SPACE',''
  ) );
#6958 = PCURVE('',#6926,#6959);
#6959 = DEFINITIONAL_REPRESENTATION('',(#6960),#6964);
#6960 = ( BOUNDED_CURVE() B_SPLINE_CURVE(2,(#6961,#6962,#6963),
.UNSPECIFIED.,.F.,.F.) B_SPLINE_CURVE_WITH_KNOTS((3,3),(-0.478577328328,
1.570092458684E-16),.PIECEWISE_BEZIER_KNOTS.) CURVE() 
GEOMETRIC_REPRESENTATION_ITEM() RATIONAL_B_SPLINE_CURVE((1.,
1.028766401755,1.)) REPRESENTATION_ITEM('') );
#6961 = CARTESIAN_POINT('',(0.729268401471,2.080755102797));
#6962 = CARTESIAN_POINT('',(1.109505561508,2.25));
#6963 = CARTESIAN_POINT('',(1.45,2.25));
#6964 = ( GEOMETRIC_REPRESENTATION_CONTEXT(2) 
PARAMETRIC_REPRESENTATION_CONTEXT() REPRESENTATION_CONTEXT('2D SPACE',''
  ) );
#6965 = ORIENTED_EDGE('',*,*,#6966,.F.);
#6966 = EDGE_CURVE('',#6694,#6939,#6967,.T.);
#6967 = SURFACE_CURVE('',#6968,(#6973,#6984),.PCURVE_S1.);
#6968 = HYPERBOLA('',#6969,1.45,1.45);
#6969 = AXIS2_PLACEMENT_3D('',#6970,#6971,#6972);
#6970 = CARTESIAN_POINT('',(-8.8,-15.2,-32.75));
#6971 = DIRECTION('',(1.,0.,2.22044604925E-16));
#6972 = DIRECTION('',(-4.930380657631E-32,-1.,2.22044604925E-16));
#6973 = PCURVE('',#1541,#6974);
#6974 = DEFINITIONAL_REPRESENTATION('',(#6975),#6983);
#6975 = B_SPLINE_CURVE_WITH_KNOTS('',6,(#6976,#6977,#6978,#6979,#6980,
    #6981,#6982),.UNSPECIFIED.,.F.,.F.,(7,7),(2.22044604925E-16,
    0.478577328328),.PIECEWISE_BEZIER_KNOTS.);
#6976 = CARTESIAN_POINT('',(6.28318530718,-3.330669073875E-16));
#6977 = CARTESIAN_POINT('',(6.203422419125,-3.073860748872E-16));
#6978 = CARTESIAN_POINT('',(6.123659740261,1.107008796805E-02));
#6979 = CARTESIAN_POINT('',(6.044809084629,3.321024912343E-02));
#6980 = CARTESIAN_POINT('',(5.967790288165,6.663182017622E-02));
#6981 = CARTESIAN_POINT('',(5.893321451186,0.111757263392));
#6982 = CARTESIAN_POINT('',(5.821895450166,0.169244897203));
#6983 = ( GEOMETRIC_REPRESENTATION_CONTEXT(2) 
PARAMETRIC_REPRESENTATION_CONTEXT() REPRESENTATION_CONTEXT('2D SPACE',''
  ) );
#6984 = PCURVE('',#6737,#6985);
#6985 = DEFINITIONAL_REPRESENTATION('',(#6986),#6990);
#6986 = ( BOUNDED_CURVE() B_SPLINE_CURVE(2,(#6987,#6988,#6989),
.UNSPECIFIED.,.F.,.F.) B_SPLINE_CURVE_WITH_KNOTS((3,3),(
2.22044604925E-16,0.478577328328),.PIECEWISE_BEZIER_KNOTS.) CURVE() 
GEOMETRIC_REPRESENTATION_ITEM() RATIONAL_B_SPLINE_CURVE((1.,
1.028766401755,1.)) REPRESENTATION_ITEM('') );
#6987 = CARTESIAN_POINT('',(1.45,2.25));
#6988 = CARTESIAN_POINT('',(1.790494438492,2.25));
#6989 = CARTESIAN_POINT('',(2.170731598529,2.080755102797));
#6990 = ( GEOMETRIC_REPRESENTATION_CONTEXT(2) 
PARAMETRIC_REPRESENTATION_CONTEXT() REPRESENTATION_CONTEXT('2D SPACE',''
  ) );
#6991 = ORIENTED_EDGE('',*,*,#6693,.T.);
#6992 = ADVANCED_FACE('',(#6993),#1576,.F.);
#6993 = FACE_BOUND('',#6994,.F.);
#6994 = EDGE_LOOP('',(#6995,#6996,#7019,#7052,#7085,#7113,#7146,#7175,
    #7208,#7241,#7269,#7295));
#6995 = ORIENTED_EDGE('',*,*,#1555,.F.);
#6996 = ORIENTED_EDGE('',*,*,#6997,.F.);
#6997 = EDGE_CURVE('',#6998,#1556,#7000,.T.);
#6998 = VERTEX_POINT('',#6999);
#6999 = CARTESIAN_POINT('',(11.7,-16.65,-32.75));
#7000 = SEAM_CURVE('',#7001,(#7005,#7012),.PCURVE_S1.);
#7001 = LINE('',#7002,#7003);
#7002 = CARTESIAN_POINT('',(11.7,-16.65,-32.75));
#7003 = VECTOR('',#7004,1.);
#7004 = DIRECTION('',(0.707106781187,-0.707106781187,-1.618196537872E-17
    ));
#7005 = PCURVE('',#1576,#7006);
#7006 = DEFINITIONAL_REPRESENTATION('',(#7007),#7011);
#7007 = LINE('',#7008,#7009);
#7008 = CARTESIAN_POINT('',(6.28318530718,-0.));
#7009 = VECTOR('',#7010,1.);
#7010 = DIRECTION('',(0.,1.));
#7011 = ( GEOMETRIC_REPRESENTATION_CONTEXT(2) 
PARAMETRIC_REPRESENTATION_CONTEXT() REPRESENTATION_CONTEXT('2D SPACE',''
  ) );
#7012 = PCURVE('',#1576,#7013);
#7013 = DEFINITIONAL_REPRESENTATION('',(#7014),#7018);
#7014 = LINE('',#7015,#7016);
#7015 = CARTESIAN_POINT('',(0.,-0.));
#7016 = VECTOR('',#7017,1.);
#7017 = DIRECTION('',(0.,1.));
#7018 = ( GEOMETRIC_REPRESENTATION_CONTEXT(2) 
PARAMETRIC_REPRESENTATION_CONTEXT() REPRESENTATION_CONTEXT('2D SPACE',''
  ) );
#7019 = ORIENTED_EDGE('',*,*,#7020,.F.);
#7020 = EDGE_CURVE('',#7021,#6998,#7023,.T.);
#7021 = VERTEX_POINT('',#7022);
#7022 = CARTESIAN_POINT('',(11.7,-16.76946869042,-32.14939033455));
#7023 = SURFACE_CURVE('',#7024,(#7029,#7040),.PCURVE_S1.);
#7024 = HYPERBOLA('',#7025,1.45,1.45);
#7025 = AXIS2_PLACEMENT_3D('',#7026,#7027,#7028);
#7026 = CARTESIAN_POINT('',(11.7,-15.2,-32.75));
#7027 = DIRECTION('',(1.,0.,2.22044604925E-16));
#7028 = DIRECTION('',(-4.930380657631E-32,-1.,2.22044604925E-16));
#7029 = PCURVE('',#1576,#7030);
#7030 = DEFINITIONAL_REPRESENTATION('',(#7031),#7039);
#7031 = B_SPLINE_CURVE_WITH_KNOTS('',6,(#7032,#7033,#7034,#7035,#7036,
    #7037,#7038),.UNSPECIFIED.,.F.,.F.,(7,7),(-0.478577328328,
    2.22044604925E-16),.PIECEWISE_BEZIER_KNOTS.);
#7032 = CARTESIAN_POINT('',(0.461289857013,0.169244897203));
#7033 = CARTESIAN_POINT('',(0.389863855993,0.111757263392));
#7034 = CARTESIAN_POINT('',(0.315395019015,6.663182017622E-02));
#7035 = CARTESIAN_POINT('',(0.23837622255,3.321024912342E-02));
#7036 = CARTESIAN_POINT('',(0.159525566919,1.107008796806E-02));
#7037 = CARTESIAN_POINT('',(7.976288805464E-02,-3.587477398879E-16));
#7038 = CARTESIAN_POINT('',(0.,-3.330669073875E-16));
#7039 = ( GEOMETRIC_REPRESENTATION_CONTEXT(2) 
PARAMETRIC_REPRESENTATION_CONTEXT() REPRESENTATION_CONTEXT('2D SPACE',''
  ) );
#7040 = PCURVE('',#7041,#7046);
#7041 = PLANE('',#7042);
#7042 = AXIS2_PLACEMENT_3D('',#7043,#7044,#7045);
#7043 = CARTESIAN_POINT('',(11.7,-18.9,-31.3));
#7044 = DIRECTION('',(1.,0.,2.22044604925E-16));
#7045 = DIRECTION('',(2.22044604925E-16,0.,-1.));
#7046 = DEFINITIONAL_REPRESENTATION('',(#7047),#7051);
#7047 = ( BOUNDED_CURVE() B_SPLINE_CURVE(2,(#7048,#7049,#7050),
.UNSPECIFIED.,.F.,.F.) B_SPLINE_CURVE_WITH_KNOTS((3,3),(-0.478577328328,
2.22044604925E-16),.PIECEWISE_BEZIER_KNOTS.) CURVE() 
GEOMETRIC_REPRESENTATION_ITEM() RATIONAL_B_SPLINE_CURVE((1.,
1.028766401755,1.)) REPRESENTATION_ITEM('') );
#7048 = CARTESIAN_POINT('',(0.729268401471,2.080755102797));
#7049 = CARTESIAN_POINT('',(1.109505561508,2.25));
#7050 = CARTESIAN_POINT('',(1.45,2.25));
#7051 = ( GEOMETRIC_REPRESENTATION_CONTEXT(2) 
PARAMETRIC_REPRESENTATION_CONTEXT() REPRESENTATION_CONTEXT('2D SPACE',''
  ) );
#7052 = ORIENTED_EDGE('',*,*,#7053,.T.);
#7053 = EDGE_CURVE('',#7021,#7054,#7056,.T.);
#7054 = VERTEX_POINT('',#7055);
#7055 = CARTESIAN_POINT('',(11.27530483272,-16.65,-31.72469516728));
#7056 = SURFACE_CURVE('',#7057,(#7062,#7073),.PCURVE_S1.);
#7057 = HYPERBOLA('',#7058,1.45,1.45);
#7058 = AXIS2_PLACEMENT_3D('',#7059,#7060,#7061);
#7059 = CARTESIAN_POINT('',(11.27530483272,-15.2,-31.72469516728));
#7060 = DIRECTION('',(-0.707106781187,5.105576340132E-33,-0.707106781187
    ));
#7061 = DIRECTION('',(-1.110223024625E-16,-1.,1.110223024625E-16));
#7062 = PCURVE('',#1576,#7063);
#7063 = DEFINITIONAL_REPRESENTATION('',(#7064),#7072);
#7064 = B_SPLINE_CURVE_WITH_KNOTS('',6,(#7065,#7066,#7067,#7068,#7069,
    #7070,#7071),.UNSPECIFIED.,.F.,.F.,(7,7),(-0.478577328328,
    -1.570092458684E-16),.PIECEWISE_BEZIER_KNOTS.);
#7065 = CARTESIAN_POINT('',(0.324108306384,0.169244897203));
#7066 = CARTESIAN_POINT('',(0.395534307404,0.111757263392));
#7067 = CARTESIAN_POINT('',(0.470003144383,6.663182017622E-02));
#7068 = CARTESIAN_POINT('',(0.547021940847,3.321024912342E-02));
#7069 = CARTESIAN_POINT('',(0.625872596478,1.107008796806E-02));
#7070 = CARTESIAN_POINT('',(0.705635275343,1.021132374245E-15));
#7071 = CARTESIAN_POINT('',(0.785398163397,1.110223024625E-15));
#7072 = ( GEOMETRIC_REPRESENTATION_CONTEXT(2) 
PARAMETRIC_REPRESENTATION_CONTEXT() REPRESENTATION_CONTEXT('2D SPACE',''
  ) );
#7073 = PCURVE('',#7074,#7079);
#7074 = PLANE('',#7075);
#7075 = AXIS2_PLACEMENT_3D('',#7076,#7077,#7078);
#7076 = CARTESIAN_POINT('',(10.25,-18.9,-30.69939033455));
#7077 = DIRECTION('',(-0.707106781187,0.,-0.707106781187));
#7078 = DIRECTION('',(0.707106781187,0.,-0.707106781187));
#7079 = DEFINITIONAL_REPRESENTATION('',(#7080),#7084);
#7080 = ( BOUNDED_CURVE() B_SPLINE_CURVE(2,(#7081,#7082,#7083),
.UNSPECIFIED.,.F.,.F.) B_SPLINE_CURVE_WITH_KNOTS((3,3),(-0.478577328328,
-1.570092458684E-16),.PIECEWISE_BEZIER_KNOTS.) CURVE() 
GEOMETRIC_REPRESENTATION_ITEM() RATIONAL_B_SPLINE_CURVE((1.,
1.028766401755,1.)) REPRESENTATION_ITEM('') );
#7081 = CARTESIAN_POINT('',(2.170731598529,-2.080755102797));
#7082 = CARTESIAN_POINT('',(1.790494438492,-2.25));
#7083 = CARTESIAN_POINT('',(1.45,-2.25));
#7084 = ( GEOMETRIC_REPRESENTATION_CONTEXT(2) 
PARAMETRIC_REPRESENTATION_CONTEXT() REPRESENTATION_CONTEXT('2D SPACE',''
  ) );
#7085 = ORIENTED_EDGE('',*,*,#7086,.T.);
#7086 = EDGE_CURVE('',#7054,#7087,#7089,.T.);
#7087 = VERTEX_POINT('',#7088);
#7088 = CARTESIAN_POINT('',(10.850609665441,-16.76946869042,-31.3));
#7089 = SURFACE_CURVE('',#7090,(#7095,#7106),.PCURVE_S1.);
#7090 = HYPERBOLA('',#7091,1.45,1.45);
#7091 = AXIS2_PLACEMENT_3D('',#7092,#7093,#7094);
#7092 = CARTESIAN_POINT('',(11.27530483272,-15.2,-31.72469516728));
#7093 = DIRECTION('',(-0.707106781187,5.105576340132E-33,-0.707106781187
    ));
#7094 = DIRECTION('',(-1.110223024625E-16,-1.,1.110223024625E-16));
#7095 = PCURVE('',#1576,#7096);
#7096 = DEFINITIONAL_REPRESENTATION('',(#7097),#7105);
#7097 = B_SPLINE_CURVE_WITH_KNOTS('',6,(#7098,#7099,#7100,#7101,#7102,
    #7103,#7104),.UNSPECIFIED.,.F.,.F.,(7,7),(-1.570092458684E-16,
    0.478577328328),.PIECEWISE_BEZIER_KNOTS.);
#7098 = CARTESIAN_POINT('',(0.785398163397,1.110223024625E-15));
#7099 = CARTESIAN_POINT('',(0.865161051452,1.199313675005E-15));
#7100 = CARTESIAN_POINT('',(0.944923730317,1.107008796805E-02));
#7101 = CARTESIAN_POINT('',(1.023774385948,3.321024912344E-02));
#7102 = CARTESIAN_POINT('',(1.100793182412,6.663182017622E-02));
#7103 = CARTESIAN_POINT('',(1.175262019391,0.111757263392));
#7104 = CARTESIAN_POINT('',(1.246688020411,0.169244897203));
#7105 = ( GEOMETRIC_REPRESENTATION_CONTEXT(2) 
PARAMETRIC_REPRESENTATION_CONTEXT() REPRESENTATION_CONTEXT('2D SPACE',''
  ) );
#7106 = PCURVE('',#7074,#7107);
#7107 = DEFINITIONAL_REPRESENTATION('',(#7108),#7112);
#7108 = ( BOUNDED_CURVE() B_SPLINE_CURVE(2,(#7109,#7110,#7111),
.UNSPECIFIED.,.F.,.F.) B_SPLINE_CURVE_WITH_KNOTS((3,3),(
-1.570092458684E-16,0.478577328328),.PIECEWISE_BEZIER_KNOTS.) CURVE() 
GEOMETRIC_REPRESENTATION_ITEM() RATIONAL_B_SPLINE_CURVE((1.,
1.028766401755,1.)) REPRESENTATION_ITEM('') );
#7109 = CARTESIAN_POINT('',(1.45,-2.25));
#7110 = CARTESIAN_POINT('',(1.109505561508,-2.25));
#7111 = CARTESIAN_POINT('',(0.729268401471,-2.080755102797));
#7112 = ( GEOMETRIC_REPRESENTATION_CONTEXT(2) 
PARAMETRIC_REPRESENTATION_CONTEXT() REPRESENTATION_CONTEXT('2D SPACE',''
  ) );
#7113 = ORIENTED_EDGE('',*,*,#7114,.T.);
#7114 = EDGE_CURVE('',#7087,#7115,#7117,.T.);
#7115 = VERTEX_POINT('',#7116);
#7116 = CARTESIAN_POINT('',(10.25,-16.65,-31.3));
#7117 = SURFACE_CURVE('',#7118,(#7123,#7134),.PCURVE_S1.);
#7118 = HYPERBOLA('',#7119,1.45,1.45);
#7119 = AXIS2_PLACEMENT_3D('',#7120,#7121,#7122);
#7120 = CARTESIAN_POINT('',(10.25,-15.2,-31.3));
#7121 = DIRECTION('',(2.22044604925E-16,0.,-1.));
#7122 = DIRECTION('',(4.930380657631E-32,-1.,1.094764425254E-47));
#7123 = PCURVE('',#1576,#7124);
#7124 = DEFINITIONAL_REPRESENTATION('',(#7125),#7133);
#7125 = B_SPLINE_CURVE_WITH_KNOTS('',6,(#7126,#7127,#7128,#7129,#7130,
    #7131,#7132),.UNSPECIFIED.,.F.,.F.,(7,7),(-0.44118284331,
    -4.947381970244E-31),.PIECEWISE_BEZIER_KNOTS.);
#7126 = CARTESIAN_POINT('',(1.14326629233,0.143419494034));
#7127 = CARTESIAN_POINT('',(1.210178481827,9.484006938225E-02));
#7128 = CARTESIAN_POINT('',(1.279538556125,5.659887131459E-02));
#7129 = CARTESIAN_POINT('',(1.350919899374,2.822312927253E-02));
#7130 = CARTESIAN_POINT('',(1.423735511082,9.407712323589E-03));
#7131 = CARTESIAN_POINT('',(1.49726585291,-2.094322367989E-15));
#7132 = CARTESIAN_POINT('',(1.570796326795,-2.109423746788E-15));
#7133 = ( GEOMETRIC_REPRESENTATION_CONTEXT(2) 
PARAMETRIC_REPRESENTATION_CONTEXT() REPRESENTATION_CONTEXT('2D SPACE',''
  ) );
#7134 = PCURVE('',#7135,#7140);
#7135 = PLANE('',#7136);
#7136 = AXIS2_PLACEMENT_3D('',#7137,#7138,#7139);
#7137 = CARTESIAN_POINT('',(10.25,-18.9,-31.3));
#7138 = DIRECTION('',(2.22044604925E-16,0.,-1.));
#7139 = DIRECTION('',(1.,0.,2.22044604925E-16));
#7140 = DEFINITIONAL_REPRESENTATION('',(#7141),#7145);
#7141 = ( BOUNDED_CURVE() B_SPLINE_CURVE(2,(#7142,#7143,#7144),
.UNSPECIFIED.,.F.,.F.) B_SPLINE_CURVE_WITH_KNOTS((3,3),(-0.44118284331,
-4.947381970244E-31),.PIECEWISE_BEZIER_KNOTS.) CURVE() 
GEOMETRIC_REPRESENTATION_ITEM() RATIONAL_B_SPLINE_CURVE((1.,
1.024429108305,1.)) REPRESENTATION_ITEM('') );
#7142 = CARTESIAN_POINT('',(0.660670631985,-2.106580505966));
#7143 = CARTESIAN_POINT('',(0.314768443278,-2.25));
#7144 = CARTESIAN_POINT('',(-2.627434620609E-46,-2.25));
#7145 = ( GEOMETRIC_REPRESENTATION_CONTEXT(2) 
PARAMETRIC_REPRESENTATION_CONTEXT() REPRESENTATION_CONTEXT('2D SPACE',''
  ) );
#7146 = ORIENTED_EDGE('',*,*,#7147,.T.);
#7147 = EDGE_CURVE('',#7115,#7148,#7150,.T.);
#7148 = VERTEX_POINT('',#7149);
#7149 = CARTESIAN_POINT('',(10.25,-16.65,-34.2));
#7150 = SURFACE_CURVE('',#7151,(#7156,#7163),.PCURVE_S1.);
#7151 = CIRCLE('',#7152,1.45);
#7152 = AXIS2_PLACEMENT_3D('',#7153,#7154,#7155);
#7153 = CARTESIAN_POINT('',(10.25,-16.65,-32.75));
#7154 = DIRECTION('',(0.,-1.,2.22044604925E-16));
#7155 = DIRECTION('',(1.,0.,0.));
#7156 = PCURVE('',#1576,#7157);
#7157 = DEFINITIONAL_REPRESENTATION('',(#7158),#7162);
#7158 = LINE('',#7159,#7160);
#7159 = CARTESIAN_POINT('',(0.,0.));
#7160 = VECTOR('',#7161,1.);
#7161 = DIRECTION('',(1.,0.));
#7162 = ( GEOMETRIC_REPRESENTATION_CONTEXT(2) 
PARAMETRIC_REPRESENTATION_CONTEXT() REPRESENTATION_CONTEXT('2D SPACE',''
  ) );
#7163 = PCURVE('',#7164,#7169);
#7164 = CYLINDRICAL_SURFACE('',#7165,1.45);
#7165 = AXIS2_PLACEMENT_3D('',#7166,#7167,#7168);
#7166 = CARTESIAN_POINT('',(10.25,-13.9,-32.75));
#7167 = DIRECTION('',(2.22044604925E-16,-1.,4.930380657631E-32));
#7168 = DIRECTION('',(2.22044604925E-16,0.,-1.));
#7169 = DEFINITIONAL_REPRESENTATION('',(#7170),#7174);
#7170 = LINE('',#7171,#7172);
#7171 = CARTESIAN_POINT('',(1.570796326795,2.75));
#7172 = VECTOR('',#7173,1.);
#7173 = DIRECTION('',(1.,0.));
#7174 = ( GEOMETRIC_REPRESENTATION_CONTEXT(2) 
PARAMETRIC_REPRESENTATION_CONTEXT() REPRESENTATION_CONTEXT('2D SPACE',''
  ) );
#7175 = ORIENTED_EDGE('',*,*,#7176,.F.);
#7176 = EDGE_CURVE('',#7177,#7148,#7179,.T.);
#7177 = VERTEX_POINT('',#7178);
#7178 = CARTESIAN_POINT('',(10.850609665441,-16.76946869042,-34.2));
#7179 = SURFACE_CURVE('',#7180,(#7185,#7196),.PCURVE_S1.);
#7180 = HYPERBOLA('',#7181,1.45,1.45);
#7181 = AXIS2_PLACEMENT_3D('',#7182,#7183,#7184);
#7182 = CARTESIAN_POINT('',(10.25,-15.2,-34.2));
#7183 = DIRECTION('',(2.22044604925E-16,0.,-1.));
#7184 = DIRECTION('',(4.930380657631E-32,-1.,1.094764425254E-47));
#7185 = PCURVE('',#1576,#7186);
#7186 = DEFINITIONAL_REPRESENTATION('',(#7187),#7195);
#7187 = B_SPLINE_CURVE_WITH_KNOTS('',6,(#7188,#7189,#7190,#7191,#7192,
    #7193,#7194),.UNSPECIFIED.,.F.,.F.,(7,7),(-0.44118284331,
    1.347581050579E-14),.PIECEWISE_BEZIER_KNOTS.);
#7188 = CARTESIAN_POINT('',(5.139919014849,0.143419494034));
#7189 = CARTESIAN_POINT('',(5.073006825352,9.484006938225E-02));
#7190 = CARTESIAN_POINT('',(5.003646751055,5.659887131459E-02));
#7191 = CARTESIAN_POINT('',(4.932265407805,2.822312927253E-02));
#7192 = CARTESIAN_POINT('',(4.859449796097,9.407712323594E-03));
#7193 = CARTESIAN_POINT('',(4.78591945427,1.769400410725E-15));
#7194 = CARTESIAN_POINT('',(4.712388980385,3.219646771413E-15));
#7195 = ( GEOMETRIC_REPRESENTATION_CONTEXT(2) 
PARAMETRIC_REPRESENTATION_CONTEXT() REPRESENTATION_CONTEXT('2D SPACE',''
  ) );
#7196 = PCURVE('',#7197,#7202);
#7197 = PLANE('',#7198);
#7198 = AXIS2_PLACEMENT_3D('',#7199,#7200,#7201);
#7199 = CARTESIAN_POINT('',(10.25,-18.9,-34.2));
#7200 = DIRECTION('',(2.22044604925E-16,0.,-1.));
#7201 = DIRECTION('',(1.,0.,2.22044604925E-16));
#7202 = DEFINITIONAL_REPRESENTATION('',(#7203),#7207);
#7203 = ( BOUNDED_CURVE() B_SPLINE_CURVE(2,(#7204,#7205,#7206),
.UNSPECIFIED.,.F.,.F.) B_SPLINE_CURVE_WITH_KNOTS((3,3),(-0.44118284331,
1.347581050579E-14),.PIECEWISE_BEZIER_KNOTS.) CURVE() 
GEOMETRIC_REPRESENTATION_ITEM() RATIONAL_B_SPLINE_CURVE((1.,
1.024429108305,1.)) REPRESENTATION_ITEM('') );
#7204 = CARTESIAN_POINT('',(0.660670631985,-2.106580505966));
#7205 = CARTESIAN_POINT('',(0.314768443278,-2.25));
#7206 = CARTESIAN_POINT('',(-1.95399252334E-14,-2.25));
#7207 = ( GEOMETRIC_REPRESENTATION_CONTEXT(2) 
PARAMETRIC_REPRESENTATION_CONTEXT() REPRESENTATION_CONTEXT('2D SPACE',''
  ) );
#7208 = ORIENTED_EDGE('',*,*,#7209,.F.);
#7209 = EDGE_CURVE('',#7210,#7177,#7212,.T.);
#7210 = VERTEX_POINT('',#7211);
#7211 = CARTESIAN_POINT('',(11.27530483272,-16.65,-33.77530483272));
#7212 = SURFACE_CURVE('',#7213,(#7218,#7229),.PCURVE_S1.);
#7213 = HYPERBOLA('',#7214,1.45,1.45);
#7214 = AXIS2_PLACEMENT_3D('',#7215,#7216,#7217);
#7215 = CARTESIAN_POINT('',(11.27530483272,-15.2,-33.77530483272));
#7216 = DIRECTION('',(0.707106781187,-5.105576340132E-33,-0.707106781187
    ));
#7217 = DIRECTION('',(1.110223024625E-16,-1.,1.110223024625E-16));
#7218 = PCURVE('',#1576,#7219);
#7219 = DEFINITIONAL_REPRESENTATION('',(#7220),#7228);
#7220 = B_SPLINE_CURVE_WITH_KNOTS('',6,(#7221,#7222,#7223,#7224,#7225,
    #7226,#7227),.UNSPECIFIED.,.F.,.F.,(7,7),(1.570092458684E-16,
    0.478577328328),.PIECEWISE_BEZIER_KNOTS.);
#7221 = CARTESIAN_POINT('',(5.497787143782,-1.110223024625E-16));
#7222 = CARTESIAN_POINT('',(5.418024255727,-8.29236292707E-17));
#7223 = CARTESIAN_POINT('',(5.338261576863,1.107008796804E-02));
#7224 = CARTESIAN_POINT('',(5.259410921232,3.321024912344E-02));
#7225 = CARTESIAN_POINT('',(5.182392124767,6.66318201762E-02));
#7226 = CARTESIAN_POINT('',(5.107923287789,0.111757263392));
#7227 = CARTESIAN_POINT('',(5.036497286769,0.169244897203));
#7228 = ( GEOMETRIC_REPRESENTATION_CONTEXT(2) 
PARAMETRIC_REPRESENTATION_CONTEXT() REPRESENTATION_CONTEXT('2D SPACE',''
  ) );
#7229 = PCURVE('',#7230,#7235);
#7230 = PLANE('',#7231);
#7231 = AXIS2_PLACEMENT_3D('',#7232,#7233,#7234);
#7232 = CARTESIAN_POINT('',(12.300609665441,-18.9,-32.75));
#7233 = DIRECTION('',(0.707106781187,0.,-0.707106781187));
#7234 = DIRECTION('',(-0.707106781187,0.,-0.707106781187));
#7235 = DEFINITIONAL_REPRESENTATION('',(#7236),#7240);
#7236 = ( BOUNDED_CURVE() B_SPLINE_CURVE(2,(#7237,#7238,#7239),
.UNSPECIFIED.,.F.,.F.) B_SPLINE_CURVE_WITH_KNOTS((3,3),(
1.570092458684E-16,0.478577328328),.PIECEWISE_BEZIER_KNOTS.) CURVE() 
GEOMETRIC_REPRESENTATION_ITEM() RATIONAL_B_SPLINE_CURVE((1.,
1.028766401755,1.)) REPRESENTATION_ITEM('') );
#7237 = CARTESIAN_POINT('',(1.45,2.25));
#7238 = CARTESIAN_POINT('',(1.790494438492,2.25));
#7239 = CARTESIAN_POINT('',(2.170731598529,2.080755102797));
#7240 = ( GEOMETRIC_REPRESENTATION_CONTEXT(2) 
PARAMETRIC_REPRESENTATION_CONTEXT() REPRESENTATION_CONTEXT('2D SPACE',''
  ) );
#7241 = ORIENTED_EDGE('',*,*,#7242,.F.);
#7242 = EDGE_CURVE('',#7243,#7210,#7245,.T.);
#7243 = VERTEX_POINT('',#7244);
#7244 = CARTESIAN_POINT('',(11.7,-16.76946869042,-33.35060966544));
#7245 = SURFACE_CURVE('',#7246,(#7251,#7262),.PCURVE_S1.);
#7246 = HYPERBOLA('',#7247,1.45,1.45);
#7247 = AXIS2_PLACEMENT_3D('',#7248,#7249,#7250);
#7248 = CARTESIAN_POINT('',(11.27530483272,-15.2,-33.77530483272));
#7249 = DIRECTION('',(0.707106781187,-5.105576340132E-33,-0.707106781187
    ));
#7250 = DIRECTION('',(1.110223024625E-16,-1.,1.110223024625E-16));
#7251 = PCURVE('',#1576,#7252);
#7252 = DEFINITIONAL_REPRESENTATION('',(#7253),#7261);
#7253 = B_SPLINE_CURVE_WITH_KNOTS('',6,(#7254,#7255,#7256,#7257,#7258,
    #7259,#7260),.UNSPECIFIED.,.F.,.F.,(7,7),(-0.478577328328,
    1.570092458684E-16),.PIECEWISE_BEZIER_KNOTS.);
#7254 = CARTESIAN_POINT('',(5.959077000795,0.169244897203));
#7255 = CARTESIAN_POINT('',(5.887650999775,0.111757263392));
#7256 = CARTESIAN_POINT('',(5.813182162797,6.663182017623E-02));
#7257 = CARTESIAN_POINT('',(5.736163366332,3.321024912341E-02));
#7258 = CARTESIAN_POINT('',(5.657312710701,1.107008796806E-02));
#7259 = CARTESIAN_POINT('',(5.577550031837,-1.391209756543E-16));
#7260 = CARTESIAN_POINT('',(5.497787143782,-1.110223024625E-16));
#7261 = ( GEOMETRIC_REPRESENTATION_CONTEXT(2) 
PARAMETRIC_REPRESENTATION_CONTEXT() REPRESENTATION_CONTEXT('2D SPACE',''
  ) );
#7262 = PCURVE('',#7230,#7263);
#7263 = DEFINITIONAL_REPRESENTATION('',(#7264),#7268);
#7264 = ( BOUNDED_CURVE() B_SPLINE_CURVE(2,(#7265,#7266,#7267),
.UNSPECIFIED.,.F.,.F.) B_SPLINE_CURVE_WITH_KNOTS((3,3),(-0.478577328328,
1.570092458684E-16),.PIECEWISE_BEZIER_KNOTS.) CURVE() 
GEOMETRIC_REPRESENTATION_ITEM() RATIONAL_B_SPLINE_CURVE((1.,
1.028766401755,1.)) REPRESENTATION_ITEM('') );
#7265 = CARTESIAN_POINT('',(0.729268401471,2.080755102797));
#7266 = CARTESIAN_POINT('',(1.109505561508,2.25));
#7267 = CARTESIAN_POINT('',(1.45,2.25));
#7268 = ( GEOMETRIC_REPRESENTATION_CONTEXT(2) 
PARAMETRIC_REPRESENTATION_CONTEXT() REPRESENTATION_CONTEXT('2D SPACE',''
  ) );
#7269 = ORIENTED_EDGE('',*,*,#7270,.F.);
#7270 = EDGE_CURVE('',#6998,#7243,#7271,.T.);
#7271 = SURFACE_CURVE('',#7272,(#7277,#7288),.PCURVE_S1.);
#7272 = HYPERBOLA('',#7273,1.45,1.45);
#7273 = AXIS2_PLACEMENT_3D('',#7274,#7275,#7276);
#7274 = CARTESIAN_POINT('',(11.7,-15.2,-32.75));
#7275 = DIRECTION('',(1.,0.,2.22044604925E-16));
#7276 = DIRECTION('',(-4.930380657631E-32,-1.,2.22044604925E-16));
#7277 = PCURVE('',#1576,#7278);
#7278 = DEFINITIONAL_REPRESENTATION('',(#7279),#7287);
#7279 = B_SPLINE_CURVE_WITH_KNOTS('',6,(#7280,#7281,#7282,#7283,#7284,
    #7285,#7286),.UNSPECIFIED.,.F.,.F.,(7,7),(2.22044604925E-16,
    0.478577328328),.PIECEWISE_BEZIER_KNOTS.);
#7280 = CARTESIAN_POINT('',(6.28318530718,-3.330669073875E-16));
#7281 = CARTESIAN_POINT('',(6.203422419125,-3.073860748872E-16));
#7282 = CARTESIAN_POINT('',(6.123659740261,1.107008796805E-02));
#7283 = CARTESIAN_POINT('',(6.044809084629,3.321024912343E-02));
#7284 = CARTESIAN_POINT('',(5.967790288165,6.663182017622E-02));
#7285 = CARTESIAN_POINT('',(5.893321451186,0.111757263392));
#7286 = CARTESIAN_POINT('',(5.821895450166,0.169244897203));
#7287 = ( GEOMETRIC_REPRESENTATION_CONTEXT(2) 
PARAMETRIC_REPRESENTATION_CONTEXT() REPRESENTATION_CONTEXT('2D SPACE',''
  ) );
#7288 = PCURVE('',#7041,#7289);
#7289 = DEFINITIONAL_REPRESENTATION('',(#7290),#7294);
#7290 = ( BOUNDED_CURVE() B_SPLINE_CURVE(2,(#7291,#7292,#7293),
.UNSPECIFIED.,.F.,.F.) B_SPLINE_CURVE_WITH_KNOTS((3,3),(
2.22044604925E-16,0.478577328328),.PIECEWISE_BEZIER_KNOTS.) CURVE() 
GEOMETRIC_REPRESENTATION_ITEM() RATIONAL_B_SPLINE_CURVE((1.,
1.028766401755,1.)) REPRESENTATION_ITEM('') );
#7291 = CARTESIAN_POINT('',(1.45,2.25));
#7292 = CARTESIAN_POINT('',(1.790494438492,2.25));
#7293 = CARTESIAN_POINT('',(2.170731598529,2.080755102797));
#7294 = ( GEOMETRIC_REPRESENTATION_CONTEXT(2) 
PARAMETRIC_REPRESENTATION_CONTEXT() REPRESENTATION_CONTEXT('2D SPACE',''
  ) );
#7295 = ORIENTED_EDGE('',*,*,#6997,.T.);
#7296 = ADVANCED_FACE('',(#7297,#7641,#7667,#7693,#7719,#7745),#1655,.F.
  );
#7297 = FACE_BOUND('',#7298,.F.);
#7298 = EDGE_LOOP('',(#7299,#7300,#7320,#7321,#7342,#7364,#7385,#7386,
    #7408,#7431,#7454,#7477,#7505,#7528,#7551,#7574,#7597,#7620,#7639,
    #7640));
#7299 = ORIENTED_EDGE('',*,*,#3865,.F.);
#7300 = ORIENTED_EDGE('',*,*,#7301,.T.);
#7301 = EDGE_CURVE('',#3866,#6624,#7302,.T.);
#7302 = SURFACE_CURVE('',#7303,(#7307,#7314),.PCURVE_S1.);
#7303 = LINE('',#7304,#7305);
#7304 = CARTESIAN_POINT('',(20.45,-14.9,-36.));
#7305 = VECTOR('',#7306,1.);
#7306 = DIRECTION('',(-0.,0.,-1.));
#7307 = PCURVE('',#1655,#7308);
#7308 = DEFINITIONAL_REPRESENTATION('',(#7309),#7313);
#7309 = LINE('',#7310,#7311);
#7310 = CARTESIAN_POINT('',(0.,-3.));
#7311 = VECTOR('',#7312,1.);
#7312 = DIRECTION('',(-1.,-0.));
#7313 = ( GEOMETRIC_REPRESENTATION_CONTEXT(2) 
PARAMETRIC_REPRESENTATION_CONTEXT() REPRESENTATION_CONTEXT('2D SPACE',''
  ) );
#7314 = PCURVE('',#3904,#7315);
#7315 = DEFINITIONAL_REPRESENTATION('',(#7316),#7319);
#7316 = B_SPLINE_CURVE_WITH_KNOTS('',1,(#7317,#7318),.UNSPECIFIED.,.F.,
  .F.,(2,2),(-10.95,0.),.PIECEWISE_BEZIER_KNOTS.);
#7317 = CARTESIAN_POINT('',(10.95,35.61));
#7318 = CARTESIAN_POINT('',(0.,35.61));
#7319 = ( GEOMETRIC_REPRESENTATION_CONTEXT(2) 
PARAMETRIC_REPRESENTATION_CONTEXT() REPRESENTATION_CONTEXT('2D SPACE',''
  ) );
#7320 = ORIENTED_EDGE('',*,*,#6623,.T.);
#7321 = ORIENTED_EDGE('',*,*,#7322,.T.);
#7322 = EDGE_CURVE('',#6626,#7323,#7325,.T.);
#7323 = VERTEX_POINT('',#7324);
#7324 = CARTESIAN_POINT('',(20.45,-14.9,-35.53051670308));
#7325 = SURFACE_CURVE('',#7326,(#7330,#7336),.PCURVE_S1.);
#7326 = LINE('',#7327,#7328);
#7327 = CARTESIAN_POINT('',(20.45,-23.69481423564,-54.39105669602));
#7328 = VECTOR('',#7329,1.);
#7329 = DIRECTION('',(0.,-0.422618261741,-0.906307787037));
#7330 = PCURVE('',#1655,#7331);
#7331 = DEFINITIONAL_REPRESENTATION('',(#7332),#7335);
#7332 = B_SPLINE_CURVE_WITH_KNOTS('',1,(#7333,#7334),.UNSPECIFIED.,.F.,
  .F.,(2,2),(-20.88304778517,-20.81030336792),.PIECEWISE_BEZIER_KNOTS.);
#7333 = CARTESIAN_POINT('',(0.535412128734,-3.030743119171));
#7334 = CARTESIAN_POINT('',(0.469483296915,-3.));
#7335 = ( GEOMETRIC_REPRESENTATION_CONTEXT(2) 
PARAMETRIC_REPRESENTATION_CONTEXT() REPRESENTATION_CONTEXT('2D SPACE',''
  ) );
#7336 = PCURVE('',#3344,#7337);
#7337 = DEFINITIONAL_REPRESENTATION('',(#7338),#7341);
#7338 = B_SPLINE_CURVE_WITH_KNOTS('',1,(#7339,#7340),.UNSPECIFIED.,.F.,
  .F.,(2,2),(-20.88304778517,-20.81030336792),.PIECEWISE_BEZIER_KNOTS.);
#7339 = CARTESIAN_POINT('',(40.,-3.45));
#7340 = CARTESIAN_POINT('',(39.927255582748,-3.45));
#7341 = ( GEOMETRIC_REPRESENTATION_CONTEXT(2) 
PARAMETRIC_REPRESENTATION_CONTEXT() REPRESENTATION_CONTEXT('2D SPACE',''
  ) );
#7342 = ORIENTED_EDGE('',*,*,#7343,.T.);
#7343 = EDGE_CURVE('',#7323,#7344,#7346,.T.);
#7344 = VERTEX_POINT('',#7345);
#7345 = CARTESIAN_POINT('',(20.45,-14.9,-36.));
#7346 = SURFACE_CURVE('',#7347,(#7351,#7358),.PCURVE_S1.);
#7347 = LINE('',#7348,#7349);
#7348 = CARTESIAN_POINT('',(20.45,-14.9,-36.));
#7349 = VECTOR('',#7350,1.);
#7350 = DIRECTION('',(-0.,0.,-1.));
#7351 = PCURVE('',#1655,#7352);
#7352 = DEFINITIONAL_REPRESENTATION('',(#7353),#7357);
#7353 = LINE('',#7354,#7355);
#7354 = CARTESIAN_POINT('',(0.,-3.));
#7355 = VECTOR('',#7356,1.);
#7356 = DIRECTION('',(-1.,-0.));
#7357 = ( GEOMETRIC_REPRESENTATION_CONTEXT(2) 
PARAMETRIC_REPRESENTATION_CONTEXT() REPRESENTATION_CONTEXT('2D SPACE',''
  ) );
#7358 = PCURVE('',#3904,#7359);
#7359 = DEFINITIONAL_REPRESENTATION('',(#7360),#7363);
#7360 = B_SPLINE_CURVE_WITH_KNOTS('',1,(#7361,#7362),.UNSPECIFIED.,.F.,
  .F.,(2,2),(-10.95,0.),.PIECEWISE_BEZIER_KNOTS.);
#7361 = CARTESIAN_POINT('',(10.95,35.61));
#7362 = CARTESIAN_POINT('',(0.,35.61));
#7363 = ( GEOMETRIC_REPRESENTATION_CONTEXT(2) 
PARAMETRIC_REPRESENTATION_CONTEXT() REPRESENTATION_CONTEXT('2D SPACE',''
  ) );
#7364 = ORIENTED_EDGE('',*,*,#7365,.F.);
#7365 = EDGE_CURVE('',#5387,#7344,#7366,.T.);
#7366 = SURFACE_CURVE('',#7367,(#7371,#7378),.PCURVE_S1.);
#7367 = LINE('',#7368,#7369);
#7368 = CARTESIAN_POINT('',(20.45,14.,-36.));
#7369 = VECTOR('',#7370,1.);
#7370 = DIRECTION('',(0.,-1.,0.));
#7371 = PCURVE('',#1655,#7372);
#7372 = DEFINITIONAL_REPRESENTATION('',(#7373),#7377);
#7373 = LINE('',#7374,#7375);
#7374 = CARTESIAN_POINT('',(0.,-31.9));
#7375 = VECTOR('',#7376,1.);
#7376 = DIRECTION('',(0.,1.));
#7377 = ( GEOMETRIC_REPRESENTATION_CONTEXT(2) 
PARAMETRIC_REPRESENTATION_CONTEXT() REPRESENTATION_CONTEXT('2D SPACE',''
  ) );
#7378 = PCURVE('',#5314,#7379);
#7379 = DEFINITIONAL_REPRESENTATION('',(#7380),#7384);
#7380 = LINE('',#7381,#7382);
#7381 = CARTESIAN_POINT('',(40.25,29.5));
#7382 = VECTOR('',#7383,1.);
#7383 = DIRECTION('',(0.,-1.));
#7384 = ( GEOMETRIC_REPRESENTATION_CONTEXT(2) 
PARAMETRIC_REPRESENTATION_CONTEXT() REPRESENTATION_CONTEXT('2D SPACE',''
  ) );
#7385 = ORIENTED_EDGE('',*,*,#5409,.T.);
#7386 = ORIENTED_EDGE('',*,*,#7387,.F.);
#7387 = EDGE_CURVE('',#7388,#5410,#7390,.T.);
#7388 = VERTEX_POINT('',#7389);
#7389 = CARTESIAN_POINT('',(20.45,-14.5,-39.2));
#7390 = SURFACE_CURVE('',#7391,(#7395,#7402),.PCURVE_S1.);
#7391 = LINE('',#7392,#7393);
#7392 = CARTESIAN_POINT('',(20.45,-7.75,-39.2));
#7393 = VECTOR('',#7394,1.);
#7394 = DIRECTION('',(0.,1.,0.));
#7395 = PCURVE('',#1655,#7396);
#7396 = DEFINITIONAL_REPRESENTATION('',(#7397),#7401);
#7397 = LINE('',#7398,#7399);
#7398 = CARTESIAN_POINT('',(-3.2,-10.15));
#7399 = VECTOR('',#7400,1.);
#7400 = DIRECTION('',(0.,-1.));
#7401 = ( GEOMETRIC_REPRESENTATION_CONTEXT(2) 
PARAMETRIC_REPRESENTATION_CONTEXT() REPRESENTATION_CONTEXT('2D SPACE',''
  ) );
#7402 = PCURVE('',#3399,#7403);
#7403 = DEFINITIONAL_REPRESENTATION('',(#7404),#7407);
#7404 = B_SPLINE_CURVE_WITH_KNOTS('',1,(#7405,#7406),.UNSPECIFIED.,.F.,
  .F.,(2,2),(-6.75,21.75),.PIECEWISE_BEZIER_KNOTS.);
#7405 = CARTESIAN_POINT('',(40.25,1.));
#7406 = CARTESIAN_POINT('',(40.25,29.5));
#7407 = ( GEOMETRIC_REPRESENTATION_CONTEXT(2) 
PARAMETRIC_REPRESENTATION_CONTEXT() REPRESENTATION_CONTEXT('2D SPACE',''
  ) );
#7408 = ORIENTED_EDGE('',*,*,#7409,.T.);
#7409 = EDGE_CURVE('',#7388,#7410,#7412,.T.);
#7410 = VERTEX_POINT('',#7411);
#7411 = CARTESIAN_POINT('',(20.45,-12.,-41.7));
#7412 = SURFACE_CURVE('',#7413,(#7417,#7424),.PCURVE_S1.);
#7413 = LINE('',#7414,#7415);
#7414 = CARTESIAN_POINT('',(20.45,-14.5,-39.2));
#7415 = VECTOR('',#7416,1.);
#7416 = DIRECTION('',(0.,0.707106781187,-0.707106781187));
#7417 = PCURVE('',#1655,#7418);
#7418 = DEFINITIONAL_REPRESENTATION('',(#7419),#7423);
#7419 = LINE('',#7420,#7421);
#7420 = CARTESIAN_POINT('',(-3.2,-3.4));
#7421 = VECTOR('',#7422,1.);
#7422 = DIRECTION('',(-0.707106781187,-0.707106781187));
#7423 = ( GEOMETRIC_REPRESENTATION_CONTEXT(2) 
PARAMETRIC_REPRESENTATION_CONTEXT() REPRESENTATION_CONTEXT('2D SPACE',''
  ) );
#7424 = PCURVE('',#3427,#7425);
#7425 = DEFINITIONAL_REPRESENTATION('',(#7426),#7430);
#7426 = LINE('',#7427,#7428);
#7427 = CARTESIAN_POINT('',(0.,0.));
#7428 = VECTOR('',#7429,1.);
#7429 = DIRECTION('',(1.,0.));
#7430 = ( GEOMETRIC_REPRESENTATION_CONTEXT(2) 
PARAMETRIC_REPRESENTATION_CONTEXT() REPRESENTATION_CONTEXT('2D SPACE',''
  ) );
#7431 = ORIENTED_EDGE('',*,*,#7432,.T.);
#7432 = EDGE_CURVE('',#7410,#7433,#7435,.T.);
#7433 = VERTEX_POINT('',#7434);
#7434 = CARTESIAN_POINT('',(20.45,-12.,-58.));
#7435 = SURFACE_CURVE('',#7436,(#7440,#7447),.PCURVE_S1.);
#7436 = LINE('',#7437,#7438);
#7437 = CARTESIAN_POINT('',(20.45,-12.,-41.7));
#7438 = VECTOR('',#7439,1.);
#7439 = DIRECTION('',(0.,0.,-1.));
#7440 = PCURVE('',#1655,#7441);
#7441 = DEFINITIONAL_REPRESENTATION('',(#7442),#7446);
#7442 = LINE('',#7443,#7444);
#7443 = CARTESIAN_POINT('',(-5.7,-5.9));
#7444 = VECTOR('',#7445,1.);
#7445 = DIRECTION('',(-1.,0.));
#7446 = ( GEOMETRIC_REPRESENTATION_CONTEXT(2) 
PARAMETRIC_REPRESENTATION_CONTEXT() REPRESENTATION_CONTEXT('2D SPACE',''
  ) );
#7447 = PCURVE('',#3455,#7448);
#7448 = DEFINITIONAL_REPRESENTATION('',(#7449),#7453);
#7449 = LINE('',#7450,#7451);
#7450 = CARTESIAN_POINT('',(0.,0.));
#7451 = VECTOR('',#7452,1.);
#7452 = DIRECTION('',(1.,0.));
#7453 = ( GEOMETRIC_REPRESENTATION_CONTEXT(2) 
PARAMETRIC_REPRESENTATION_CONTEXT() REPRESENTATION_CONTEXT('2D SPACE',''
  ) );
#7454 = ORIENTED_EDGE('',*,*,#7455,.T.);
#7455 = EDGE_CURVE('',#7433,#7456,#7458,.T.);
#7456 = VERTEX_POINT('',#7457);
#7457 = CARTESIAN_POINT('',(20.45,-10.,-58.));
#7458 = SURFACE_CURVE('',#7459,(#7463,#7470),.PCURVE_S1.);
#7459 = LINE('',#7460,#7461);
#7460 = CARTESIAN_POINT('',(20.45,-12.,-58.));
#7461 = VECTOR('',#7462,1.);
#7462 = DIRECTION('',(0.,1.,0.));
#7463 = PCURVE('',#1655,#7464);
#7464 = DEFINITIONAL_REPRESENTATION('',(#7465),#7469);
#7465 = LINE('',#7466,#7467);
#7466 = CARTESIAN_POINT('',(-22.,-5.9));
#7467 = VECTOR('',#7468,1.);
#7468 = DIRECTION('',(0.,-1.));
#7469 = ( GEOMETRIC_REPRESENTATION_CONTEXT(2) 
PARAMETRIC_REPRESENTATION_CONTEXT() REPRESENTATION_CONTEXT('2D SPACE',''
  ) );
#7470 = PCURVE('',#3483,#7471);
#7471 = DEFINITIONAL_REPRESENTATION('',(#7472),#7476);
#7472 = LINE('',#7473,#7474);
#7473 = CARTESIAN_POINT('',(0.,0.));
#7474 = VECTOR('',#7475,1.);
#7475 = DIRECTION('',(1.,0.));
#7476 = ( GEOMETRIC_REPRESENTATION_CONTEXT(2) 
PARAMETRIC_REPRESENTATION_CONTEXT() REPRESENTATION_CONTEXT('2D SPACE',''
  ) );
#7477 = ORIENTED_EDGE('',*,*,#7478,.F.);
#7478 = EDGE_CURVE('',#7479,#7456,#7481,.T.);
#7479 = VERTEX_POINT('',#7480);
#7480 = CARTESIAN_POINT('',(20.45,10.,-58.));
#7481 = SURFACE_CURVE('',#7482,(#7487,#7498),.PCURVE_S1.);
#7482 = CIRCLE('',#7483,10.);
#7483 = AXIS2_PLACEMENT_3D('',#7484,#7485,#7486);
#7484 = CARTESIAN_POINT('',(20.45,0.,-58.));
#7485 = DIRECTION('',(-1.,3.53409685539E-30,-3.552713678801E-16));
#7486 = DIRECTION('',(0.,1.,9.947598300641E-15));
#7487 = PCURVE('',#1655,#7488);
#7488 = DEFINITIONAL_REPRESENTATION('',(#7489),#7497);
#7489 = ( BOUNDED_CURVE() B_SPLINE_CURVE(2,(#7490,#7491,#7492,#7493,
#7494,#7495,#7496),.UNSPECIFIED.,.T.,.F.) B_SPLINE_CURVE_WITH_KNOTS((1,2
    ,2,2,2,1),(-2.094395102393,0.,2.094395102393,4.188790204786,
6.28318530718,8.377580409573),.UNSPECIFIED.) CURVE() 
GEOMETRIC_REPRESENTATION_ITEM() RATIONAL_B_SPLINE_CURVE((1.,0.5,1.,0.5,
1.,0.5,1.)) REPRESENTATION_ITEM('') );
#7490 = CARTESIAN_POINT('',(-22.,-27.9));
#7491 = CARTESIAN_POINT('',(-39.32050807568,-27.9));
#7492 = CARTESIAN_POINT('',(-30.66025403784,-12.9));
#7493 = CARTESIAN_POINT('',(-22.,2.1));
#7494 = CARTESIAN_POINT('',(-13.33974596215,-12.9));
#7495 = CARTESIAN_POINT('',(-4.679491924311,-27.9));
#7496 = CARTESIAN_POINT('',(-22.,-27.9));
#7497 = ( GEOMETRIC_REPRESENTATION_CONTEXT(2) 
PARAMETRIC_REPRESENTATION_CONTEXT() REPRESENTATION_CONTEXT('2D SPACE',''
  ) );
#7498 = PCURVE('',#3512,#7499);
#7499 = DEFINITIONAL_REPRESENTATION('',(#7500),#7504);
#7500 = LINE('',#7501,#7502);
#7501 = CARTESIAN_POINT('',(7.853981633974,0.));
#7502 = VECTOR('',#7503,1.);
#7503 = DIRECTION('',(-1.,-0.));
#7504 = ( GEOMETRIC_REPRESENTATION_CONTEXT(2) 
PARAMETRIC_REPRESENTATION_CONTEXT() REPRESENTATION_CONTEXT('2D SPACE',''
  ) );
#7505 = ORIENTED_EDGE('',*,*,#7506,.T.);
#7506 = EDGE_CURVE('',#7479,#7507,#7509,.T.);
#7507 = VERTEX_POINT('',#7508);
#7508 = CARTESIAN_POINT('',(20.45,12.,-58.));
#7509 = SURFACE_CURVE('',#7510,(#7514,#7521),.PCURVE_S1.);
#7510 = LINE('',#7511,#7512);
#7511 = CARTESIAN_POINT('',(20.45,-12.,-58.));
#7512 = VECTOR('',#7513,1.);
#7513 = DIRECTION('',(0.,1.,0.));
#7514 = PCURVE('',#1655,#7515);
#7515 = DEFINITIONAL_REPRESENTATION('',(#7516),#7520);
#7516 = LINE('',#7517,#7518);
#7517 = CARTESIAN_POINT('',(-22.,-5.9));
#7518 = VECTOR('',#7519,1.);
#7519 = DIRECTION('',(0.,-1.));
#7520 = ( GEOMETRIC_REPRESENTATION_CONTEXT(2) 
PARAMETRIC_REPRESENTATION_CONTEXT() REPRESENTATION_CONTEXT('2D SPACE',''
  ) );
#7521 = PCURVE('',#3540,#7522);
#7522 = DEFINITIONAL_REPRESENTATION('',(#7523),#7527);
#7523 = LINE('',#7524,#7525);
#7524 = CARTESIAN_POINT('',(0.,0.));
#7525 = VECTOR('',#7526,1.);
#7526 = DIRECTION('',(1.,0.));
#7527 = ( GEOMETRIC_REPRESENTATION_CONTEXT(2) 
PARAMETRIC_REPRESENTATION_CONTEXT() REPRESENTATION_CONTEXT('2D SPACE',''
  ) );
#7528 = ORIENTED_EDGE('',*,*,#7529,.T.);
#7529 = EDGE_CURVE('',#7507,#7530,#7532,.T.);
#7530 = VERTEX_POINT('',#7531);
#7531 = CARTESIAN_POINT('',(20.45,12.,-41.7));
#7532 = SURFACE_CURVE('',#7533,(#7537,#7544),.PCURVE_S1.);
#7533 = LINE('',#7534,#7535);
#7534 = CARTESIAN_POINT('',(20.45,12.,-58.));
#7535 = VECTOR('',#7536,1.);
#7536 = DIRECTION('',(0.,0.,1.));
#7537 = PCURVE('',#1655,#7538);
#7538 = DEFINITIONAL_REPRESENTATION('',(#7539),#7543);
#7539 = LINE('',#7540,#7541);
#7540 = CARTESIAN_POINT('',(-22.,-29.9));
#7541 = VECTOR('',#7542,1.);
#7542 = DIRECTION('',(1.,0.));
#7543 = ( GEOMETRIC_REPRESENTATION_CONTEXT(2) 
PARAMETRIC_REPRESENTATION_CONTEXT() REPRESENTATION_CONTEXT('2D SPACE',''
  ) );
#7544 = PCURVE('',#3568,#7545);
#7545 = DEFINITIONAL_REPRESENTATION('',(#7546),#7550);
#7546 = LINE('',#7547,#7548);
#7547 = CARTESIAN_POINT('',(0.,0.));
#7548 = VECTOR('',#7549,1.);
#7549 = DIRECTION('',(1.,0.));
#7550 = ( GEOMETRIC_REPRESENTATION_CONTEXT(2) 
PARAMETRIC_REPRESENTATION_CONTEXT() REPRESENTATION_CONTEXT('2D SPACE',''
  ) );
#7551 = ORIENTED_EDGE('',*,*,#7552,.T.);
#7552 = EDGE_CURVE('',#7530,#7553,#7555,.T.);
#7553 = VERTEX_POINT('',#7554);
#7554 = CARTESIAN_POINT('',(20.45,14.5,-39.2));
#7555 = SURFACE_CURVE('',#7556,(#7560,#7567),.PCURVE_S1.);
#7556 = LINE('',#7557,#7558);
#7557 = CARTESIAN_POINT('',(20.45,12.,-41.7));
#7558 = VECTOR('',#7559,1.);
#7559 = DIRECTION('',(0.,0.707106781187,0.707106781187));
#7560 = PCURVE('',#1655,#7561);
#7561 = DEFINITIONAL_REPRESENTATION('',(#7562),#7566);
#7562 = LINE('',#7563,#7564);
#7563 = CARTESIAN_POINT('',(-5.7,-29.9));
#7564 = VECTOR('',#7565,1.);
#7565 = DIRECTION('',(0.707106781187,-0.707106781187));
#7566 = ( GEOMETRIC_REPRESENTATION_CONTEXT(2) 
PARAMETRIC_REPRESENTATION_CONTEXT() REPRESENTATION_CONTEXT('2D SPACE',''
  ) );
#7567 = PCURVE('',#3596,#7568);
#7568 = DEFINITIONAL_REPRESENTATION('',(#7569),#7573);
#7569 = LINE('',#7570,#7571);
#7570 = CARTESIAN_POINT('',(0.,0.));
#7571 = VECTOR('',#7572,1.);
#7572 = DIRECTION('',(1.,0.));
#7573 = ( GEOMETRIC_REPRESENTATION_CONTEXT(2) 
PARAMETRIC_REPRESENTATION_CONTEXT() REPRESENTATION_CONTEXT('2D SPACE',''
  ) );
#7574 = ORIENTED_EDGE('',*,*,#7575,.T.);
#7575 = EDGE_CURVE('',#7553,#7576,#7578,.T.);
#7576 = VERTEX_POINT('',#7577);
#7577 = CARTESIAN_POINT('',(20.45,14.5,-36.));
#7578 = SURFACE_CURVE('',#7579,(#7583,#7590),.PCURVE_S1.);
#7579 = LINE('',#7580,#7581);
#7580 = CARTESIAN_POINT('',(20.45,14.5,-39.2));
#7581 = VECTOR('',#7582,1.);
#7582 = DIRECTION('',(0.,0.,1.));
#7583 = PCURVE('',#1655,#7584);
#7584 = DEFINITIONAL_REPRESENTATION('',(#7585),#7589);
#7585 = LINE('',#7586,#7587);
#7586 = CARTESIAN_POINT('',(-3.2,-32.4));
#7587 = VECTOR('',#7588,1.);
#7588 = DIRECTION('',(1.,0.));
#7589 = ( GEOMETRIC_REPRESENTATION_CONTEXT(2) 
PARAMETRIC_REPRESENTATION_CONTEXT() REPRESENTATION_CONTEXT('2D SPACE',''
  ) );
#7590 = PCURVE('',#3624,#7591);
#7591 = DEFINITIONAL_REPRESENTATION('',(#7592),#7596);
#7592 = LINE('',#7593,#7594);
#7593 = CARTESIAN_POINT('',(0.,0.));
#7594 = VECTOR('',#7595,1.);
#7595 = DIRECTION('',(1.,0.));
#7596 = ( GEOMETRIC_REPRESENTATION_CONTEXT(2) 
PARAMETRIC_REPRESENTATION_CONTEXT() REPRESENTATION_CONTEXT('2D SPACE',''
  ) );
#7597 = ORIENTED_EDGE('',*,*,#7598,.T.);
#7598 = EDGE_CURVE('',#7576,#7599,#7601,.T.);
#7599 = VERTEX_POINT('',#7600);
#7600 = CARTESIAN_POINT('',(20.45,15.118923656727,-36.));
#7601 = SURFACE_CURVE('',#7602,(#7606,#7613),.PCURVE_S1.);
#7602 = LINE('',#7603,#7604);
#7603 = CARTESIAN_POINT('',(20.45,-17.9,-36.));
#7604 = VECTOR('',#7605,1.);
#7605 = DIRECTION('',(-0.,1.,0.));
#7606 = PCURVE('',#1655,#7607);
#7607 = DEFINITIONAL_REPRESENTATION('',(#7608),#7612);
#7608 = LINE('',#7609,#7610);
#7609 = CARTESIAN_POINT('',(0.,0.));
#7610 = VECTOR('',#7611,1.);
#7611 = DIRECTION('',(0.,-1.));
#7612 = ( GEOMETRIC_REPRESENTATION_CONTEXT(2) 
PARAMETRIC_REPRESENTATION_CONTEXT() REPRESENTATION_CONTEXT('2D SPACE',''
  ) );
#7613 = PCURVE('',#3652,#7614);
#7614 = DEFINITIONAL_REPRESENTATION('',(#7615),#7619);
#7615 = LINE('',#7616,#7617);
#7616 = CARTESIAN_POINT('',(35.61,-35.25));
#7617 = VECTOR('',#7618,1.);
#7618 = DIRECTION('',(0.,1.));
#7619 = ( GEOMETRIC_REPRESENTATION_CONTEXT(2) 
PARAMETRIC_REPRESENTATION_CONTEXT() REPRESENTATION_CONTEXT('2D SPACE',''
  ) );
#7620 = ORIENTED_EDGE('',*,*,#7621,.T.);
#7621 = EDGE_CURVE('',#7599,#3234,#7622,.T.);
#7622 = SURFACE_CURVE('',#7623,(#7627,#7633),.PCURVE_S1.);
#7623 = LINE('',#7624,#7625);
#7624 = CARTESIAN_POINT('',(20.45,20.497763342343,-47.53495893011));
#7625 = VECTOR('',#7626,1.);
#7626 = DIRECTION('',(0.,-0.422618261741,0.906307787037));
#7627 = PCURVE('',#1655,#7628);
#7628 = DEFINITIONAL_REPRESENTATION('',(#7629),#7632);
#7629 = B_SPLINE_CURVE_WITH_KNOTS('',1,(#7630,#7631),.UNSPECIFIED.,.F.,
  .F.,(2,2),(7.448242604042,13.318180900018),.PIECEWISE_BEZIER_KNOTS.);
#7630 = CARTESIAN_POINT('',(-4.784558658333,-35.25));
#7631 = CARTESIAN_POINT('',(0.535412128734,-32.76925688082));
#7632 = ( GEOMETRIC_REPRESENTATION_CONTEXT(2) 
PARAMETRIC_REPRESENTATION_CONTEXT() REPRESENTATION_CONTEXT('2D SPACE',''
  ) );
#7633 = PCURVE('',#3249,#7634);
#7634 = DEFINITIONAL_REPRESENTATION('',(#7635),#7638);
#7635 = B_SPLINE_CURVE_WITH_KNOTS('',1,(#7636,#7637),.UNSPECIFIED.,.F.,
  .F.,(2,2),(7.448242604042,13.318180900018),.PIECEWISE_BEZIER_KNOTS.);
#7636 = CARTESIAN_POINT('',(34.130061704024,-13.));
#7637 = CARTESIAN_POINT('',(40.,-13.));
#7638 = ( GEOMETRIC_REPRESENTATION_CONTEXT(2) 
PARAMETRIC_REPRESENTATION_CONTEXT() REPRESENTATION_CONTEXT('2D SPACE',''
  ) );
#7639 = ORIENTED_EDGE('',*,*,#3261,.T.);
#7640 = ORIENTED_EDGE('',*,*,#1638,.F.);
#7641 = FACE_BOUND('',#7642,.F.);
#7642 = EDGE_LOOP('',(#7643));
#7643 = ORIENTED_EDGE('',*,*,#7644,.F.);
#7644 = EDGE_CURVE('',#7645,#7645,#7647,.T.);
#7645 = VERTEX_POINT('',#7646);
#7646 = CARTESIAN_POINT('',(20.45,7.,-59.7));
#7647 = SURFACE_CURVE('',#7648,(#7653,#7660),.PCURVE_S1.);
#7648 = CIRCLE('',#7649,1.7);
#7649 = AXIS2_PLACEMENT_3D('',#7650,#7651,#7652);
#7650 = CARTESIAN_POINT('',(20.45,7.,-58.));
#7651 = DIRECTION('',(1.,0.,2.22044604925E-16));
#7652 = DIRECTION('',(2.22044604925E-16,0.,-1.));
#7653 = PCURVE('',#1655,#7654);
#7654 = DEFINITIONAL_REPRESENTATION('',(#7655),#7659);
#7655 = CIRCLE('',#7656,1.7);
#7656 = AXIS2_PLACEMENT_2D('',#7657,#7658);
#7657 = CARTESIAN_POINT('',(-22.,-24.9));
#7658 = DIRECTION('',(-1.,0.));
#7659 = ( GEOMETRIC_REPRESENTATION_CONTEXT(2) 
PARAMETRIC_REPRESENTATION_CONTEXT() REPRESENTATION_CONTEXT('2D SPACE',''
  ) );
#7660 = PCURVE('',#3704,#7661);
#7661 = DEFINITIONAL_REPRESENTATION('',(#7662),#7666);
#7662 = LINE('',#7663,#7664);
#7663 = CARTESIAN_POINT('',(0.,1.));
#7664 = VECTOR('',#7665,1.);
#7665 = DIRECTION('',(1.,0.));
#7666 = ( GEOMETRIC_REPRESENTATION_CONTEXT(2) 
PARAMETRIC_REPRESENTATION_CONTEXT() REPRESENTATION_CONTEXT('2D SPACE',''
  ) );
#7667 = FACE_BOUND('',#7668,.F.);
#7668 = EDGE_LOOP('',(#7669));
#7669 = ORIENTED_EDGE('',*,*,#7670,.F.);
#7670 = EDGE_CURVE('',#7671,#7671,#7673,.T.);
#7671 = VERTEX_POINT('',#7672);
#7672 = CARTESIAN_POINT('',(20.45,-4.163799117101E-16,-66.7));
#7673 = SURFACE_CURVE('',#7674,(#7679,#7686),.PCURVE_S1.);
#7674 = CIRCLE('',#7675,1.7);
#7675 = AXIS2_PLACEMENT_3D('',#7676,#7677,#7678);
#7676 = CARTESIAN_POINT('',(20.45,0.,-65.));
#7677 = DIRECTION('',(1.,0.,2.22044604925E-16));
#7678 = DIRECTION('',(2.22044604925E-16,0.,-1.));
#7679 = PCURVE('',#1655,#7680);
#7680 = DEFINITIONAL_REPRESENTATION('',(#7681),#7685);
#7681 = CIRCLE('',#7682,1.7);
#7682 = AXIS2_PLACEMENT_2D('',#7683,#7684);
#7683 = CARTESIAN_POINT('',(-29.,-17.9));
#7684 = DIRECTION('',(-1.,0.));
#7685 = ( GEOMETRIC_REPRESENTATION_CONTEXT(2) 
PARAMETRIC_REPRESENTATION_CONTEXT() REPRESENTATION_CONTEXT('2D SPACE',''
  ) );
#7686 = PCURVE('',#3735,#7687);
#7687 = DEFINITIONAL_REPRESENTATION('',(#7688),#7692);
#7688 = LINE('',#7689,#7690);
#7689 = CARTESIAN_POINT('',(0.,1.));
#7690 = VECTOR('',#7691,1.);
#7691 = DIRECTION('',(1.,0.));
#7692 = ( GEOMETRIC_REPRESENTATION_CONTEXT(2) 
PARAMETRIC_REPRESENTATION_CONTEXT() REPRESENTATION_CONTEXT('2D SPACE',''
  ) );
#7693 = FACE_BOUND('',#7694,.F.);
#7694 = EDGE_LOOP('',(#7695));
#7695 = ORIENTED_EDGE('',*,*,#7696,.F.);
#7696 = EDGE_CURVE('',#7697,#7697,#7699,.T.);
#7697 = VERTEX_POINT('',#7698);
#7698 = CARTESIAN_POINT('',(20.45,-7.592810154714E-16,-61.1));
#7699 = SURFACE_CURVE('',#7700,(#7705,#7712),.PCURVE_S1.);
#7700 = CIRCLE('',#7701,3.1);
#7701 = AXIS2_PLACEMENT_3D('',#7702,#7703,#7704);
#7702 = CARTESIAN_POINT('',(20.45,0.,-58.));
#7703 = DIRECTION('',(1.,0.,2.22044604925E-16));
#7704 = DIRECTION('',(2.22044604925E-16,0.,-1.));
#7705 = PCURVE('',#1655,#7706);
#7706 = DEFINITIONAL_REPRESENTATION('',(#7707),#7711);
#7707 = CIRCLE('',#7708,3.1);
#7708 = AXIS2_PLACEMENT_2D('',#7709,#7710);
#7709 = CARTESIAN_POINT('',(-22.,-17.9));
#7710 = DIRECTION('',(-1.,0.));
#7711 = ( GEOMETRIC_REPRESENTATION_CONTEXT(2) 
PARAMETRIC_REPRESENTATION_CONTEXT() REPRESENTATION_CONTEXT('2D SPACE',''
  ) );
#7712 = PCURVE('',#3766,#7713);
#7713 = DEFINITIONAL_REPRESENTATION('',(#7714),#7718);
#7714 = LINE('',#7715,#7716);
#7715 = CARTESIAN_POINT('',(0.,1.));
#7716 = VECTOR('',#7717,1.);
#7717 = DIRECTION('',(1.,0.));
#7718 = ( GEOMETRIC_REPRESENTATION_CONTEXT(2) 
PARAMETRIC_REPRESENTATION_CONTEXT() REPRESENTATION_CONTEXT('2D SPACE',''
  ) );
#7719 = FACE_BOUND('',#7720,.F.);
#7720 = EDGE_LOOP('',(#7721));
#7721 = ORIENTED_EDGE('',*,*,#7722,.F.);
#7722 = EDGE_CURVE('',#7723,#7723,#7725,.T.);
#7723 = VERTEX_POINT('',#7724);
#7724 = CARTESIAN_POINT('',(20.45,-4.163799117101E-16,-52.7));
#7725 = SURFACE_CURVE('',#7726,(#7731,#7738),.PCURVE_S1.);
#7726 = CIRCLE('',#7727,1.7);
#7727 = AXIS2_PLACEMENT_3D('',#7728,#7729,#7730);
#7728 = CARTESIAN_POINT('',(20.45,0.,-51.));
#7729 = DIRECTION('',(1.,0.,2.22044604925E-16));
#7730 = DIRECTION('',(2.22044604925E-16,0.,-1.));
#7731 = PCURVE('',#1655,#7732);
#7732 = DEFINITIONAL_REPRESENTATION('',(#7733),#7737);
#7733 = CIRCLE('',#7734,1.7);
#7734 = AXIS2_PLACEMENT_2D('',#7735,#7736);
#7735 = CARTESIAN_POINT('',(-15.,-17.9));
#7736 = DIRECTION('',(-1.,0.));
#7737 = ( GEOMETRIC_REPRESENTATION_CONTEXT(2) 
PARAMETRIC_REPRESENTATION_CONTEXT() REPRESENTATION_CONTEXT('2D SPACE',''
  ) );
#7738 = PCURVE('',#3797,#7739);
#7739 = DEFINITIONAL_REPRESENTATION('',(#7740),#7744);
#7740 = LINE('',#7741,#7742);
#7741 = CARTESIAN_POINT('',(0.,1.));
#7742 = VECTOR('',#7743,1.);
#7743 = DIRECTION('',(1.,0.));
#7744 = ( GEOMETRIC_REPRESENTATION_CONTEXT(2) 
PARAMETRIC_REPRESENTATION_CONTEXT() REPRESENTATION_CONTEXT('2D SPACE',''
  ) );
#7745 = FACE_BOUND('',#7746,.F.);
#7746 = EDGE_LOOP('',(#7747));
#7747 = ORIENTED_EDGE('',*,*,#7748,.F.);
#7748 = EDGE_CURVE('',#7749,#7749,#7751,.T.);
#7749 = VERTEX_POINT('',#7750);
#7750 = CARTESIAN_POINT('',(20.45,-7.,-59.7));
#7751 = SURFACE_CURVE('',#7752,(#7757,#7764),.PCURVE_S1.);
#7752 = CIRCLE('',#7753,1.7);
#7753 = AXIS2_PLACEMENT_3D('',#7754,#7755,#7756);
#7754 = CARTESIAN_POINT('',(20.45,-7.,-58.));
#7755 = DIRECTION('',(1.,0.,2.22044604925E-16));
#7756 = DIRECTION('',(2.22044604925E-16,0.,-1.));
#7757 = PCURVE('',#1655,#7758);
#7758 = DEFINITIONAL_REPRESENTATION('',(#7759),#7763);
#7759 = CIRCLE('',#7760,1.7);
#7760 = AXIS2_PLACEMENT_2D('',#7761,#7762);
#7761 = CARTESIAN_POINT('',(-22.,-10.9));
#7762 = DIRECTION('',(-1.,0.));
#7763 = ( GEOMETRIC_REPRESENTATION_CONTEXT(2) 
PARAMETRIC_REPRESENTATION_CONTEXT() REPRESENTATION_CONTEXT('2D SPACE',''
  ) );
#7764 = PCURVE('',#3828,#7765);
#7765 = DEFINITIONAL_REPRESENTATION('',(#7766),#7770);
#7766 = LINE('',#7767,#7768);
#7767 = CARTESIAN_POINT('',(0.,1.));
#7768 = VECTOR('',#7769,1.);
#7769 = DIRECTION('',(1.,0.));
#7770 = ( GEOMETRIC_REPRESENTATION_CONTEXT(2) 
PARAMETRIC_REPRESENTATION_CONTEXT() REPRESENTATION_CONTEXT('2D SPACE',''
  ) );
#7771 = ADVANCED_FACE('',(#7772),#2376,.F.);
#7772 = FACE_BOUND('',#7773,.F.);
#7773 = EDGE_LOOP('',(#7774,#7775,#7776,#7799));
#7774 = ORIENTED_EDGE('',*,*,#4099,.T.);
#7775 = ORIENTED_EDGE('',*,*,#2361,.T.);
#7776 = ORIENTED_EDGE('',*,*,#7777,.T.);
#7777 = EDGE_CURVE('',#2336,#7778,#7780,.T.);
#7778 = VERTEX_POINT('',#7779);
#7779 = CARTESIAN_POINT('',(7.82,18.78,-7.73));
#7780 = SURFACE_CURVE('',#7781,(#7785,#7792),.PCURVE_S1.);
#7781 = LINE('',#7782,#7783);
#7782 = CARTESIAN_POINT('',(7.82,17.34,-7.73));
#7783 = VECTOR('',#7784,1.);
#7784 = DIRECTION('',(0.,1.,0.));
#7785 = PCURVE('',#2376,#7786);
#7786 = DEFINITIONAL_REPRESENTATION('',(#7787),#7791);
#7787 = LINE('',#7788,#7789);
#7788 = CARTESIAN_POINT('',(26.93,3.552713678801E-15));
#7789 = VECTOR('',#7790,1.);
#7790 = DIRECTION('',(0.,-1.));
#7791 = ( GEOMETRIC_REPRESENTATION_CONTEXT(2) 
PARAMETRIC_REPRESENTATION_CONTEXT() REPRESENTATION_CONTEXT('2D SPACE',''
  ) );
#7792 = PCURVE('',#2350,#7793);
#7793 = DEFINITIONAL_REPRESENTATION('',(#7794),#7798);
#7794 = LINE('',#7795,#7796);
#7795 = CARTESIAN_POINT('',(0.634337976665,-0.490337976665));
#7796 = VECTOR('',#7797,1.);
#7797 = DIRECTION('',(0.,1.));
#7798 = ( GEOMETRIC_REPRESENTATION_CONTEXT(2) 
PARAMETRIC_REPRESENTATION_CONTEXT() REPRESENTATION_CONTEXT('2D SPACE',''
  ) );
#7799 = ORIENTED_EDGE('',*,*,#7800,.T.);
#7800 = EDGE_CURVE('',#7778,#4100,#7801,.T.);
#7801 = SURFACE_CURVE('',#7802,(#7806,#7813),.PCURVE_S1.);
#7802 = LINE('',#7803,#7804);
#7803 = CARTESIAN_POINT('',(7.82,18.78,-34.66));
#7804 = VECTOR('',#7805,1.);
#7805 = DIRECTION('',(0.,0.,1.));
#7806 = PCURVE('',#2376,#7807);
#7807 = DEFINITIONAL_REPRESENTATION('',(#7808),#7812);
#7808 = LINE('',#7809,#7810);
#7809 = CARTESIAN_POINT('',(0.,-1.44));
#7810 = VECTOR('',#7811,1.);
#7811 = DIRECTION('',(1.,0.));
#7812 = ( GEOMETRIC_REPRESENTATION_CONTEXT(2) 
PARAMETRIC_REPRESENTATION_CONTEXT() REPRESENTATION_CONTEXT('2D SPACE',''
  ) );
#7813 = PCURVE('',#4137,#7814);
#7814 = DEFINITIONAL_REPRESENTATION('',(#7815),#7819);
#7815 = LINE('',#7816,#7817);
#7816 = CARTESIAN_POINT('',(0.,15.64));
#7817 = VECTOR('',#7818,1.);
#7818 = DIRECTION('',(1.,0.));
#7819 = ( GEOMETRIC_REPRESENTATION_CONTEXT(2) 
PARAMETRIC_REPRESENTATION_CONTEXT() REPRESENTATION_CONTEXT('2D SPACE',''
  ) );
#7820 = ADVANCED_FACE('',(#7821),#2350,.T.);
#7821 = FACE_BOUND('',#7822,.T.);
#7822 = EDGE_LOOP('',(#7823,#7844,#7845,#7846));
#7823 = ORIENTED_EDGE('',*,*,#7824,.T.);
#7824 = EDGE_CURVE('',#7825,#2308,#7827,.T.);
#7825 = VERTEX_POINT('',#7826);
#7826 = CARTESIAN_POINT('',(8.916733335,17.866055554167,-7.73));
#7827 = SURFACE_CURVE('',#7828,(#7832,#7838),.PCURVE_S1.);
#7828 = LINE('',#7829,#7830);
#7829 = CARTESIAN_POINT('',(8.916733335,20.75,-7.73));
#7830 = VECTOR('',#7831,1.);
#7831 = DIRECTION('',(2.22044604925E-16,-1.,4.930380657631E-32));
#7832 = PCURVE('',#2350,#7833);
#7833 = DEFINITIONAL_REPRESENTATION('',(#7834),#7837);
#7834 = B_SPLINE_CURVE_WITH_KNOTS('',1,(#7835,#7836),.UNSPECIFIED.,.F.,
  .F.,(2,2),(1.827,3.543),.PIECEWISE_BEZIER_KNOTS.);
#7835 = CARTESIAN_POINT('',(-0.462395358335,1.092662023335));
#7836 = CARTESIAN_POINT('',(-0.462395358335,-0.623337976665));
#7837 = ( GEOMETRIC_REPRESENTATION_CONTEXT(2) 
PARAMETRIC_REPRESENTATION_CONTEXT() REPRESENTATION_CONTEXT('2D SPACE',''
  ) );
#7838 = PCURVE('',#2165,#7839);
#7839 = DEFINITIONAL_REPRESENTATION('',(#7840),#7843);
#7840 = B_SPLINE_CURVE_WITH_KNOTS('',1,(#7841,#7842),.UNSPECIFIED.,.F.,
  .F.,(2,2),(1.827,3.543),.PIECEWISE_BEZIER_KNOTS.);
#7841 = CARTESIAN_POINT('',(4.308384644137,1.827));
#7842 = CARTESIAN_POINT('',(4.308384644137,3.543));
#7843 = ( GEOMETRIC_REPRESENTATION_CONTEXT(2) 
PARAMETRIC_REPRESENTATION_CONTEXT() REPRESENTATION_CONTEXT('2D SPACE',''
  ) );
#7844 = ORIENTED_EDGE('',*,*,#2335,.T.);
#7845 = ORIENTED_EDGE('',*,*,#7777,.T.);
#7846 = ORIENTED_EDGE('',*,*,#7847,.T.);
#7847 = EDGE_CURVE('',#7778,#7825,#7848,.T.);
#7848 = SURFACE_CURVE('',#7849,(#7853,#7860),.PCURVE_S1.);
#7849 = LINE('',#7850,#7851);
#7850 = CARTESIAN_POINT('',(7.82,18.78,-7.73));
#7851 = VECTOR('',#7852,1.);
#7852 = DIRECTION('',(0.768221279597,-0.640184399664,0.));
#7853 = PCURVE('',#2350,#7854);
#7854 = DEFINITIONAL_REPRESENTATION('',(#7855),#7859);
#7855 = LINE('',#7856,#7857);
#7856 = CARTESIAN_POINT('',(0.634337976665,0.949662023335));
#7857 = VECTOR('',#7858,1.);
#7858 = DIRECTION('',(-0.768221279597,-0.640184399664));
#7859 = ( GEOMETRIC_REPRESENTATION_CONTEXT(2) 
PARAMETRIC_REPRESENTATION_CONTEXT() REPRESENTATION_CONTEXT('2D SPACE',''
  ) );
#7860 = PCURVE('',#1921,#7861);
#7861 = DEFINITIONAL_REPRESENTATION('',(#7862),#7866);
#7862 = LINE('',#7863,#7864);
#7863 = CARTESIAN_POINT('',(0.,0.));
#7864 = VECTOR('',#7865,1.);
#7865 = DIRECTION('',(1.,0.));
#7866 = ( GEOMETRIC_REPRESENTATION_CONTEXT(2) 
PARAMETRIC_REPRESENTATION_CONTEXT() REPRESENTATION_CONTEXT('2D SPACE',''
  ) );
#7867 = ADVANCED_FACE('',(#7868),#2165,.F.);
#7868 = FACE_BOUND('',#7869,.F.);
#7869 = EDGE_LOOP('',(#7870,#7871,#7892,#7893,#7914,#7915,#7943));
#7870 = ORIENTED_EDGE('',*,*,#2307,.F.);
#7871 = ORIENTED_EDGE('',*,*,#7872,.T.);
#7872 = EDGE_CURVE('',#2282,#5134,#7873,.T.);
#7873 = SURFACE_CURVE('',#7874,(#7878,#7885),.PCURVE_S1.);
#7874 = LINE('',#7875,#7876);
#7875 = CARTESIAN_POINT('',(10.25,16.35,-6.85));
#7876 = VECTOR('',#7877,1.);
#7877 = DIRECTION('',(0.,1.,0.));
#7878 = PCURVE('',#2165,#7879);
#7879 = DEFINITIONAL_REPRESENTATION('',(#7880),#7884);
#7880 = LINE('',#7881,#7882);
#7881 = CARTESIAN_POINT('',(3.14159265359,4.4));
#7882 = VECTOR('',#7883,1.);
#7883 = DIRECTION('',(0.,-1.));
#7884 = ( GEOMETRIC_REPRESENTATION_CONTEXT(2) 
PARAMETRIC_REPRESENTATION_CONTEXT() REPRESENTATION_CONTEXT('2D SPACE',''
  ) );
#7885 = PCURVE('',#2296,#7886);
#7886 = DEFINITIONAL_REPRESENTATION('',(#7887),#7891);
#7887 = LINE('',#7888,#7889);
#7888 = CARTESIAN_POINT('',(0.,0.));
#7889 = VECTOR('',#7890,1.);
#7890 = DIRECTION('',(0.,-1.));
#7891 = ( GEOMETRIC_REPRESENTATION_CONTEXT(2) 
PARAMETRIC_REPRESENTATION_CONTEXT() REPRESENTATION_CONTEXT('2D SPACE',''
  ) );
#7892 = ORIENTED_EDGE('',*,*,#5133,.F.);
#7893 = ORIENTED_EDGE('',*,*,#7894,.T.);
#7894 = EDGE_CURVE('',#5106,#2145,#7895,.T.);
#7895 = SURFACE_CURVE('',#7896,(#7900,#7907),.PCURVE_S1.);
#7896 = LINE('',#7897,#7898);
#7897 = CARTESIAN_POINT('',(10.25,20.75,-9.75));
#7898 = VECTOR('',#7899,1.);
#7899 = DIRECTION('',(2.22044604925E-16,-1.,4.930380657631E-32));
#7900 = PCURVE('',#2165,#7901);
#7901 = DEFINITIONAL_REPRESENTATION('',(#7902),#7906);
#7902 = LINE('',#7903,#7904);
#7903 = CARTESIAN_POINT('',(6.28318530718,-0.));
#7904 = VECTOR('',#7905,1.);
#7905 = DIRECTION('',(0.,1.));
#7906 = ( GEOMETRIC_REPRESENTATION_CONTEXT(2) 
PARAMETRIC_REPRESENTATION_CONTEXT() REPRESENTATION_CONTEXT('2D SPACE',''
  ) );
#7907 = PCURVE('',#2192,#7908);
#7908 = DEFINITIONAL_REPRESENTATION('',(#7909),#7913);
#7909 = LINE('',#7910,#7911);
#7910 = CARTESIAN_POINT('',(-8.436457025878E-16,-4.4));
#7911 = VECTOR('',#7912,1.);
#7912 = DIRECTION('',(2.22044604925E-16,1.));
#7913 = ( GEOMETRIC_REPRESENTATION_CONTEXT(2) 
PARAMETRIC_REPRESENTATION_CONTEXT() REPRESENTATION_CONTEXT('2D SPACE',''
  ) );
#7914 = ORIENTED_EDGE('',*,*,#2144,.F.);
#7915 = ORIENTED_EDGE('',*,*,#7916,.F.);
#7916 = EDGE_CURVE('',#7825,#2124,#7917,.T.);
#7917 = SURFACE_CURVE('',#7918,(#7923,#7936),.PCURVE_S1.);
#7918 = ELLIPSE('',#7919,1.887477005011,1.45);
#7919 = AXIS2_PLACEMENT_3D('',#7920,#7921,#7922);
#7920 = CARTESIAN_POINT('',(10.25,16.755,-8.3));
#7921 = DIRECTION('',(-0.640184399664,-0.768221279597,
    -1.667675661854E-48));
#7922 = DIRECTION('',(0.768221279597,-0.640184399664,7.701500786672E-32)
  );
#7923 = PCURVE('',#2165,#7924);
#7924 = DEFINITIONAL_REPRESENTATION('',(#7925),#7935);
#7925 = B_SPLINE_CURVE_WITH_KNOTS('',8,(#7926,#7927,#7928,#7929,#7930,
    #7931,#7932,#7933,#7934),.UNSPECIFIED.,.F.,.F.,(9,9),(1.95418897974,
    4.32899632744),.PIECEWISE_BEZIER_KNOTS.);
#7926 = CARTESIAN_POINT('',(3.524985306535,3.543));
#7927 = CARTESIAN_POINT('',(3.821836224997,3.210346068111));
#7928 = CARTESIAN_POINT('',(4.118687143464,2.923212414354));
#7929 = CARTESIAN_POINT('',(4.415538061895,2.726270206347));
#7930 = CARTESIAN_POINT('',(4.712388980417,2.65561391763));
#7931 = CARTESIAN_POINT('',(5.009239898819,2.726270206347));
#7932 = CARTESIAN_POINT('',(5.306090817316,2.923212414354));
#7933 = CARTESIAN_POINT('',(5.602941735772,3.210346068111));
#7934 = CARTESIAN_POINT('',(5.899792654234,3.543));
#7935 = ( GEOMETRIC_REPRESENTATION_CONTEXT(2) 
PARAMETRIC_REPRESENTATION_CONTEXT() REPRESENTATION_CONTEXT('2D SPACE',''
  ) );
#7936 = PCURVE('',#1921,#7937);
#7937 = DEFINITIONAL_REPRESENTATION('',(#7938),#7942);
#7938 = ELLIPSE('',#7939,1.887477005011,1.45);
#7939 = AXIS2_PLACEMENT_2D('',#7940,#7941);
#7940 = CARTESIAN_POINT('',(3.163151118742,-0.57));
#7941 = DIRECTION('',(1.,7.701500786672E-32));
#7942 = ( GEOMETRIC_REPRESENTATION_CONTEXT(2) 
PARAMETRIC_REPRESENTATION_CONTEXT() REPRESENTATION_CONTEXT('2D SPACE',''
  ) );
#7943 = ORIENTED_EDGE('',*,*,#7824,.T.);
#7944 = ADVANCED_FACE('',(#7945),#2296,.T.);
#7945 = FACE_BOUND('',#7946,.T.);
#7946 = EDGE_LOOP('',(#7947,#7967,#7968,#7969));
#7947 = ORIENTED_EDGE('',*,*,#7948,.T.);
#7948 = EDGE_CURVE('',#5158,#2256,#7949,.T.);
#7949 = SURFACE_CURVE('',#7950,(#7954,#7960),.PCURVE_S1.);
#7950 = LINE('',#7951,#7952);
#7951 = CARTESIAN_POINT('',(10.850609665441,16.35,-6.85));
#7952 = VECTOR('',#7953,1.);
#7953 = DIRECTION('',(0.,-1.,0.));
#7954 = PCURVE('',#2296,#7955);
#7955 = DEFINITIONAL_REPRESENTATION('',(#7956),#7959);
#7956 = B_SPLINE_CURVE_WITH_KNOTS('',1,(#7957,#7958),.UNSPECIFIED.,.F.,
  .F.,(2,2),(-4.4,0.),.PIECEWISE_BEZIER_KNOTS.);
#7957 = CARTESIAN_POINT('',(0.600609665441,-4.4));
#7958 = CARTESIAN_POINT('',(0.600609665441,0.));
#7959 = ( GEOMETRIC_REPRESENTATION_CONTEXT(2) 
PARAMETRIC_REPRESENTATION_CONTEXT() REPRESENTATION_CONTEXT('2D SPACE',''
  ) );
#7960 = PCURVE('',#2270,#7961);
#7961 = DEFINITIONAL_REPRESENTATION('',(#7962),#7966);
#7962 = LINE('',#7963,#7964);
#7963 = CARTESIAN_POINT('',(0.849390334559,0.));
#7964 = VECTOR('',#7965,1.);
#7965 = DIRECTION('',(0.,1.));
#7966 = ( GEOMETRIC_REPRESENTATION_CONTEXT(2) 
PARAMETRIC_REPRESENTATION_CONTEXT() REPRESENTATION_CONTEXT('2D SPACE',''
  ) );
#7967 = ORIENTED_EDGE('',*,*,#2281,.T.);
#7968 = ORIENTED_EDGE('',*,*,#7872,.T.);
#7969 = ORIENTED_EDGE('',*,*,#5157,.T.);
#7970 = ADVANCED_FACE('',(#7971),#2270,.T.);
#7971 = FACE_BOUND('',#7972,.T.);
#7972 = EDGE_LOOP('',(#7973,#7994,#7995,#7996,#7997));
#7973 = ORIENTED_EDGE('',*,*,#7974,.T.);
#7974 = EDGE_CURVE('',#5214,#2230,#7975,.T.);
#7975 = SURFACE_CURVE('',#7976,(#7980,#7987),.PCURVE_S1.);
#7976 = LINE('',#7977,#7978);
#7977 = CARTESIAN_POINT('',(11.7,16.35,-7.699390334559));
#7978 = VECTOR('',#7979,1.);
#7979 = DIRECTION('',(0.,-1.,0.));
#7980 = PCURVE('',#2270,#7981);
#7981 = DEFINITIONAL_REPRESENTATION('',(#7982),#7986);
#7982 = LINE('',#7983,#7984);
#7983 = CARTESIAN_POINT('',(2.050609665441,0.));
#7984 = VECTOR('',#7985,1.);
#7985 = DIRECTION('',(0.,1.));
#7986 = ( GEOMETRIC_REPRESENTATION_CONTEXT(2) 
PARAMETRIC_REPRESENTATION_CONTEXT() REPRESENTATION_CONTEXT('2D SPACE',''
  ) );
#7987 = PCURVE('',#2244,#7988);
#7988 = DEFINITIONAL_REPRESENTATION('',(#7989),#7993);
#7989 = LINE('',#7990,#7991);
#7990 = CARTESIAN_POINT('',(0.849390334559,0.));
#7991 = VECTOR('',#7992,1.);
#7992 = DIRECTION('',(0.,-1.));
#7993 = ( GEOMETRIC_REPRESENTATION_CONTEXT(2) 
PARAMETRIC_REPRESENTATION_CONTEXT() REPRESENTATION_CONTEXT('2D SPACE',''
  ) );
#7994 = ORIENTED_EDGE('',*,*,#2255,.T.);
#7995 = ORIENTED_EDGE('',*,*,#7948,.F.);
#7996 = ORIENTED_EDGE('',*,*,#5185,.T.);
#7997 = ORIENTED_EDGE('',*,*,#5213,.T.);
#7998 = ADVANCED_FACE('',(#7999),#2244,.F.);
#7999 = FACE_BOUND('',#8000,.F.);
#8000 = EDGE_LOOP('',(#8001,#8002,#8003,#8004,#8025));
#8001 = ORIENTED_EDGE('',*,*,#5241,.T.);
#8002 = ORIENTED_EDGE('',*,*,#7974,.T.);
#8003 = ORIENTED_EDGE('',*,*,#2229,.T.);
#8004 = ORIENTED_EDGE('',*,*,#8005,.F.);
#8005 = EDGE_CURVE('',#5022,#2204,#8006,.T.);
#8006 = SURFACE_CURVE('',#8007,(#8011,#8018),.PCURVE_S1.);
#8007 = LINE('',#8008,#8009);
#8008 = CARTESIAN_POINT('',(11.7,16.35,-8.900609665441));
#8009 = VECTOR('',#8010,1.);
#8010 = DIRECTION('',(0.,-1.,0.));
#8011 = PCURVE('',#2244,#8012);
#8012 = DEFINITIONAL_REPRESENTATION('',(#8013),#8017);
#8013 = LINE('',#8014,#8015);
#8014 = CARTESIAN_POINT('',(2.050609665441,0.));
#8015 = VECTOR('',#8016,1.);
#8016 = DIRECTION('',(0.,-1.));
#8017 = ( GEOMETRIC_REPRESENTATION_CONTEXT(2) 
PARAMETRIC_REPRESENTATION_CONTEXT() REPRESENTATION_CONTEXT('2D SPACE',''
  ) );
#8018 = PCURVE('',#2218,#8019);
#8019 = DEFINITIONAL_REPRESENTATION('',(#8020),#8024);
#8020 = LINE('',#8021,#8022);
#8021 = CARTESIAN_POINT('',(0.849390334559,0.));
#8022 = VECTOR('',#8023,1.);
#8023 = DIRECTION('',(0.,-1.));
#8024 = ( GEOMETRIC_REPRESENTATION_CONTEXT(2) 
PARAMETRIC_REPRESENTATION_CONTEXT() REPRESENTATION_CONTEXT('2D SPACE',''
  ) );
#8025 = ORIENTED_EDGE('',*,*,#5021,.T.);
#8026 = ADVANCED_FACE('',(#8027),#2218,.F.);
#8027 = FACE_BOUND('',#8028,.F.);
#8028 = EDGE_LOOP('',(#8029,#8030,#8031,#8032,#8052));
#8029 = ORIENTED_EDGE('',*,*,#5049,.T.);
#8030 = ORIENTED_EDGE('',*,*,#8005,.T.);
#8031 = ORIENTED_EDGE('',*,*,#2203,.T.);
#8032 = ORIENTED_EDGE('',*,*,#8033,.T.);
#8033 = EDGE_CURVE('',#2178,#5078,#8034,.T.);
#8034 = SURFACE_CURVE('',#8035,(#8039,#8046),.PCURVE_S1.);
#8035 = LINE('',#8036,#8037);
#8036 = CARTESIAN_POINT('',(10.850609665441,16.35,-9.75));
#8037 = VECTOR('',#8038,1.);
#8038 = DIRECTION('',(0.,1.,0.));
#8039 = PCURVE('',#2218,#8040);
#8040 = DEFINITIONAL_REPRESENTATION('',(#8041),#8045);
#8041 = LINE('',#8042,#8043);
#8042 = CARTESIAN_POINT('',(2.050609665441,0.));
#8043 = VECTOR('',#8044,1.);
#8044 = DIRECTION('',(0.,1.));
#8045 = ( GEOMETRIC_REPRESENTATION_CONTEXT(2) 
PARAMETRIC_REPRESENTATION_CONTEXT() REPRESENTATION_CONTEXT('2D SPACE',''
  ) );
#8046 = PCURVE('',#2192,#8047);
#8047 = DEFINITIONAL_REPRESENTATION('',(#8048),#8051);
#8048 = B_SPLINE_CURVE_WITH_KNOTS('',1,(#8049,#8050),.UNSPECIFIED.,.F.,
  .F.,(2,2),(0.,4.4),.PIECEWISE_BEZIER_KNOTS.);
#8049 = CARTESIAN_POINT('',(0.600609665441,0.));
#8050 = CARTESIAN_POINT('',(0.600609665441,-4.4));
#8051 = ( GEOMETRIC_REPRESENTATION_CONTEXT(2) 
PARAMETRIC_REPRESENTATION_CONTEXT() REPRESENTATION_CONTEXT('2D SPACE',''
  ) );
#8052 = ORIENTED_EDGE('',*,*,#5077,.T.);
#8053 = ADVANCED_FACE('',(#8054),#2192,.F.);
#8054 = FACE_BOUND('',#8055,.F.);
#8055 = EDGE_LOOP('',(#8056,#8057,#8058,#8059));
#8056 = ORIENTED_EDGE('',*,*,#8033,.F.);
#8057 = ORIENTED_EDGE('',*,*,#2177,.T.);
#8058 = ORIENTED_EDGE('',*,*,#7894,.F.);
#8059 = ORIENTED_EDGE('',*,*,#5105,.T.);
#8060 = ADVANCED_FACE('',(#8061),#1921,.T.);
#8061 = FACE_BOUND('',#8062,.T.);
#8062 = EDGE_LOOP('',(#8063,#8086,#8107,#8108,#8129,#8130,#8158,#8159,
    #8160));
#8063 = ORIENTED_EDGE('',*,*,#8064,.F.);
#8064 = EDGE_CURVE('',#8065,#7778,#8067,.T.);
#8065 = VERTEX_POINT('',#8066);
#8066 = CARTESIAN_POINT('',(7.82,18.78,-34.66));
#8067 = SURFACE_CURVE('',#8068,(#8072,#8079),.PCURVE_S1.);
#8068 = LINE('',#8069,#8070);
#8069 = CARTESIAN_POINT('',(7.82,18.78,-34.66));
#8070 = VECTOR('',#8071,1.);
#8071 = DIRECTION('',(0.,0.,1.));
#8072 = PCURVE('',#1921,#8073);
#8073 = DEFINITIONAL_REPRESENTATION('',(#8074),#8078);
#8074 = LINE('',#8075,#8076);
#8075 = CARTESIAN_POINT('',(-1.364635124186E-15,-26.93));
#8076 = VECTOR('',#8077,1.);
#8077 = DIRECTION('',(0.,1.));
#8078 = ( GEOMETRIC_REPRESENTATION_CONTEXT(2) 
PARAMETRIC_REPRESENTATION_CONTEXT() REPRESENTATION_CONTEXT('2D SPACE',''
  ) );
#8079 = PCURVE('',#4137,#8080);
#8080 = DEFINITIONAL_REPRESENTATION('',(#8081),#8085);
#8081 = LINE('',#8082,#8083);
#8082 = CARTESIAN_POINT('',(0.,15.64));
#8083 = VECTOR('',#8084,1.);
#8084 = DIRECTION('',(1.,0.));
#8085 = ( GEOMETRIC_REPRESENTATION_CONTEXT(2) 
PARAMETRIC_REPRESENTATION_CONTEXT() REPRESENTATION_CONTEXT('2D SPACE',''
  ) );
#8086 = ORIENTED_EDGE('',*,*,#8087,.T.);
#8087 = EDGE_CURVE('',#8065,#3120,#8088,.T.);
#8088 = SURFACE_CURVE('',#8089,(#8093,#8100),.PCURVE_S1.);
#8089 = LINE('',#8090,#8091);
#8090 = CARTESIAN_POINT('',(7.82,18.78,-7.73));
#8091 = VECTOR('',#8092,1.);
#8092 = DIRECTION('',(0.,0.,-1.));
#8093 = PCURVE('',#1921,#8094);
#8094 = DEFINITIONAL_REPRESENTATION('',(#8095),#8099);
#8095 = LINE('',#8096,#8097);
#8096 = CARTESIAN_POINT('',(0.,0.));
#8097 = VECTOR('',#8098,1.);
#8098 = DIRECTION('',(0.,-1.));
#8099 = ( GEOMETRIC_REPRESENTATION_CONTEXT(2) 
PARAMETRIC_REPRESENTATION_CONTEXT() REPRESENTATION_CONTEXT('2D SPACE',''
  ) );
#8100 = PCURVE('',#1869,#8101);
#8101 = DEFINITIONAL_REPRESENTATION('',(#8102),#8106);
#8102 = LINE('',#8103,#8104);
#8103 = CARTESIAN_POINT('',(1.44,0.));
#8104 = VECTOR('',#8105,1.);
#8105 = DIRECTION('',(0.,-1.));
#8106 = ( GEOMETRIC_REPRESENTATION_CONTEXT(2) 
PARAMETRIC_REPRESENTATION_CONTEXT() REPRESENTATION_CONTEXT('2D SPACE',''
  ) );
#8107 = ORIENTED_EDGE('',*,*,#3142,.F.);
#8108 = ORIENTED_EDGE('',*,*,#8109,.T.);
#8109 = EDGE_CURVE('',#3143,#1881,#8110,.T.);
#8110 = SURFACE_CURVE('',#8111,(#8115,#8122),.PCURVE_S1.);
#8111 = LINE('',#8112,#8113);
#8112 = CARTESIAN_POINT('',(7.82,18.78,-35.26));
#8113 = VECTOR('',#8114,1.);
#8114 = DIRECTION('',(0.768221279597,-0.640184399664,0.));
#8115 = PCURVE('',#1921,#8116);
#8116 = DEFINITIONAL_REPRESENTATION('',(#8117),#8121);
#8117 = LINE('',#8118,#8119);
#8118 = CARTESIAN_POINT('',(0.,-27.53));
#8119 = VECTOR('',#8120,1.);
#8120 = DIRECTION('',(1.,0.));
#8121 = ( GEOMETRIC_REPRESENTATION_CONTEXT(2) 
PARAMETRIC_REPRESENTATION_CONTEXT() REPRESENTATION_CONTEXT('2D SPACE',''
  ) );
#8122 = PCURVE('',#1895,#8123);
#8123 = DEFINITIONAL_REPRESENTATION('',(#8124),#8128);
#8124 = LINE('',#8125,#8126);
#8125 = CARTESIAN_POINT('',(0.634337976665,0.949662023335));
#8126 = VECTOR('',#8127,1.);
#8127 = DIRECTION('',(-0.768221279597,-0.640184399664));
#8128 = ( GEOMETRIC_REPRESENTATION_CONTEXT(2) 
PARAMETRIC_REPRESENTATION_CONTEXT() REPRESENTATION_CONTEXT('2D SPACE',''
  ) );
#8129 = ORIENTED_EDGE('',*,*,#1906,.T.);
#8130 = ORIENTED_EDGE('',*,*,#8131,.F.);
#8131 = EDGE_CURVE('',#2096,#1907,#8132,.T.);
#8132 = SURFACE_CURVE('',#8133,(#8138,#8145),.PCURVE_S1.);
#8133 = ELLIPSE('',#8134,1.887477005011,1.45);
#8134 = AXIS2_PLACEMENT_3D('',#8135,#8136,#8137);
#8135 = CARTESIAN_POINT('',(10.25,16.755,-29.));
#8136 = DIRECTION('',(-0.640184399664,-0.768221279597,
    -1.667675661854E-48));
#8137 = DIRECTION('',(0.768221279597,-0.640184399664,7.701500786672E-32)
  );
#8138 = PCURVE('',#1921,#8139);
#8139 = DEFINITIONAL_REPRESENTATION('',(#8140),#8144);
#8140 = ELLIPSE('',#8141,1.887477005011,1.45);
#8141 = AXIS2_PLACEMENT_2D('',#8142,#8143);
#8142 = CARTESIAN_POINT('',(3.163151118742,-21.27));
#8143 = DIRECTION('',(1.,7.701500786672E-32));
#8144 = ( GEOMETRIC_REPRESENTATION_CONTEXT(2) 
PARAMETRIC_REPRESENTATION_CONTEXT() REPRESENTATION_CONTEXT('2D SPACE',''
  ) );
#8145 = PCURVE('',#1953,#8146);
#8146 = DEFINITIONAL_REPRESENTATION('',(#8147),#8157);
#8147 = B_SPLINE_CURVE_WITH_KNOTS('',8,(#8148,#8149,#8150,#8151,#8152,
    #8153,#8154,#8155,#8156),.UNSPECIFIED.,.F.,.F.,(9,9),(1.95418897974,
    4.32899632744),.PIECEWISE_BEZIER_KNOTS.);
#8148 = CARTESIAN_POINT('',(3.524985306535,3.543));
#8149 = CARTESIAN_POINT('',(3.821836224997,3.210346068111));
#8150 = CARTESIAN_POINT('',(4.118687143469,2.923212414359));
#8151 = CARTESIAN_POINT('',(4.415538061875,2.726270206326));
#8152 = CARTESIAN_POINT('',(4.712388980436,2.655613917659));
#8153 = CARTESIAN_POINT('',(5.0092398988,2.726270206325));
#8154 = CARTESIAN_POINT('',(5.306090817319,2.923212414359));
#8155 = CARTESIAN_POINT('',(5.602941735772,3.210346068111));
#8156 = CARTESIAN_POINT('',(5.899792654234,3.543));
#8157 = ( GEOMETRIC_REPRESENTATION_CONTEXT(2) 
PARAMETRIC_REPRESENTATION_CONTEXT() REPRESENTATION_CONTEXT('2D SPACE',''
  ) );
#8158 = ORIENTED_EDGE('',*,*,#2123,.T.);
#8159 = ORIENTED_EDGE('',*,*,#7916,.F.);
#8160 = ORIENTED_EDGE('',*,*,#7847,.F.);
#8161 = ADVANCED_FACE('',(#8162),#1953,.F.);
#8162 = FACE_BOUND('',#8163,.F.);
#8163 = EDGE_LOOP('',(#8164,#8165,#8186,#8187,#8208,#8209));
#8164 = ORIENTED_EDGE('',*,*,#2095,.F.);
#8165 = ORIENTED_EDGE('',*,*,#8166,.T.);
#8166 = EDGE_CURVE('',#2070,#4860,#8167,.T.);
#8167 = SURFACE_CURVE('',#8168,(#8172,#8179),.PCURVE_S1.);
#8168 = LINE('',#8169,#8170);
#8169 = CARTESIAN_POINT('',(10.25,16.35,-27.55));
#8170 = VECTOR('',#8171,1.);
#8171 = DIRECTION('',(0.,1.,0.));
#8172 = PCURVE('',#1953,#8173);
#8173 = DEFINITIONAL_REPRESENTATION('',(#8174),#8178);
#8174 = LINE('',#8175,#8176);
#8175 = CARTESIAN_POINT('',(3.14159265359,4.4));
#8176 = VECTOR('',#8177,1.);
#8177 = DIRECTION('',(0.,-1.));
#8178 = ( GEOMETRIC_REPRESENTATION_CONTEXT(2) 
PARAMETRIC_REPRESENTATION_CONTEXT() REPRESENTATION_CONTEXT('2D SPACE',''
  ) );
#8179 = PCURVE('',#2084,#8180);
#8180 = DEFINITIONAL_REPRESENTATION('',(#8181),#8185);
#8181 = LINE('',#8182,#8183);
#8182 = CARTESIAN_POINT('',(0.,0.));
#8183 = VECTOR('',#8184,1.);
#8184 = DIRECTION('',(0.,-1.));
#8185 = ( GEOMETRIC_REPRESENTATION_CONTEXT(2) 
PARAMETRIC_REPRESENTATION_CONTEXT() REPRESENTATION_CONTEXT('2D SPACE',''
  ) );
#8186 = ORIENTED_EDGE('',*,*,#4859,.F.);
#8187 = ORIENTED_EDGE('',*,*,#8188,.T.);
#8188 = EDGE_CURVE('',#4832,#1933,#8189,.T.);
#8189 = SURFACE_CURVE('',#8190,(#8194,#8201),.PCURVE_S1.);
#8190 = LINE('',#8191,#8192);
#8191 = CARTESIAN_POINT('',(10.25,20.75,-30.45));
#8192 = VECTOR('',#8193,1.);
#8193 = DIRECTION('',(2.22044604925E-16,-1.,4.930380657631E-32));
#8194 = PCURVE('',#1953,#8195);
#8195 = DEFINITIONAL_REPRESENTATION('',(#8196),#8200);
#8196 = LINE('',#8197,#8198);
#8197 = CARTESIAN_POINT('',(6.28318530718,-0.));
#8198 = VECTOR('',#8199,1.);
#8199 = DIRECTION('',(0.,1.));
#8200 = ( GEOMETRIC_REPRESENTATION_CONTEXT(2) 
PARAMETRIC_REPRESENTATION_CONTEXT() REPRESENTATION_CONTEXT('2D SPACE',''
  ) );
#8201 = PCURVE('',#1980,#8202);
#8202 = DEFINITIONAL_REPRESENTATION('',(#8203),#8207);
#8203 = LINE('',#8204,#8205);
#8204 = CARTESIAN_POINT('',(-8.436457025878E-16,-4.4));
#8205 = VECTOR('',#8206,1.);
#8206 = DIRECTION('',(2.22044604925E-16,1.));
#8207 = ( GEOMETRIC_REPRESENTATION_CONTEXT(2) 
PARAMETRIC_REPRESENTATION_CONTEXT() REPRESENTATION_CONTEXT('2D SPACE',''
  ) );
#8208 = ORIENTED_EDGE('',*,*,#1932,.F.);
#8209 = ORIENTED_EDGE('',*,*,#8131,.F.);
#8210 = ADVANCED_FACE('',(#8211),#2084,.T.);
#8211 = FACE_BOUND('',#8212,.T.);
#8212 = EDGE_LOOP('',(#8213,#8233,#8234,#8235));
#8213 = ORIENTED_EDGE('',*,*,#8214,.T.);
#8214 = EDGE_CURVE('',#4884,#2044,#8215,.T.);
#8215 = SURFACE_CURVE('',#8216,(#8220,#8226),.PCURVE_S1.);
#8216 = LINE('',#8217,#8218);
#8217 = CARTESIAN_POINT('',(10.850609665441,16.35,-27.55));
#8218 = VECTOR('',#8219,1.);
#8219 = DIRECTION('',(0.,-1.,0.));
#8220 = PCURVE('',#2084,#8221);
#8221 = DEFINITIONAL_REPRESENTATION('',(#8222),#8225);
#8222 = B_SPLINE_CURVE_WITH_KNOTS('',1,(#8223,#8224),.UNSPECIFIED.,.F.,
  .F.,(2,2),(-4.4,0.),.PIECEWISE_BEZIER_KNOTS.);
#8223 = CARTESIAN_POINT('',(0.600609665441,-4.4));
#8224 = CARTESIAN_POINT('',(0.600609665441,0.));
#8225 = ( GEOMETRIC_REPRESENTATION_CONTEXT(2) 
PARAMETRIC_REPRESENTATION_CONTEXT() REPRESENTATION_CONTEXT('2D SPACE',''
  ) );
#8226 = PCURVE('',#2058,#8227);
#8227 = DEFINITIONAL_REPRESENTATION('',(#8228),#8232);
#8228 = LINE('',#8229,#8230);
#8229 = CARTESIAN_POINT('',(0.849390334559,0.));
#8230 = VECTOR('',#8231,1.);
#8231 = DIRECTION('',(0.,1.));
#8232 = ( GEOMETRIC_REPRESENTATION_CONTEXT(2) 
PARAMETRIC_REPRESENTATION_CONTEXT() REPRESENTATION_CONTEXT('2D SPACE',''
  ) );
#8233 = ORIENTED_EDGE('',*,*,#2069,.T.);
#8234 = ORIENTED_EDGE('',*,*,#8166,.T.);
#8235 = ORIENTED_EDGE('',*,*,#4883,.T.);
#8236 = ADVANCED_FACE('',(#8237),#2058,.T.);
#8237 = FACE_BOUND('',#8238,.T.);
#8238 = EDGE_LOOP('',(#8239,#8260,#8261,#8262,#8263));
#8239 = ORIENTED_EDGE('',*,*,#8240,.T.);
#8240 = EDGE_CURVE('',#4940,#2018,#8241,.T.);
#8241 = SURFACE_CURVE('',#8242,(#8246,#8253),.PCURVE_S1.);
#8242 = LINE('',#8243,#8244);
#8243 = CARTESIAN_POINT('',(11.7,16.35,-28.39939033455));
#8244 = VECTOR('',#8245,1.);
#8245 = DIRECTION('',(0.,-1.,0.));
#8246 = PCURVE('',#2058,#8247);
#8247 = DEFINITIONAL_REPRESENTATION('',(#8248),#8252);
#8248 = LINE('',#8249,#8250);
#8249 = CARTESIAN_POINT('',(2.050609665441,0.));
#8250 = VECTOR('',#8251,1.);
#8251 = DIRECTION('',(0.,1.));
#8252 = ( GEOMETRIC_REPRESENTATION_CONTEXT(2) 
PARAMETRIC_REPRESENTATION_CONTEXT() REPRESENTATION_CONTEXT('2D SPACE',''
  ) );
#8253 = PCURVE('',#2032,#8254);
#8254 = DEFINITIONAL_REPRESENTATION('',(#8255),#8259);
#8255 = LINE('',#8256,#8257);
#8256 = CARTESIAN_POINT('',(0.849390334559,0.));
#8257 = VECTOR('',#8258,1.);
#8258 = DIRECTION('',(0.,-1.));
#8259 = ( GEOMETRIC_REPRESENTATION_CONTEXT(2) 
PARAMETRIC_REPRESENTATION_CONTEXT() REPRESENTATION_CONTEXT('2D SPACE',''
  ) );
#8260 = ORIENTED_EDGE('',*,*,#2043,.T.);
#8261 = ORIENTED_EDGE('',*,*,#8214,.F.);
#8262 = ORIENTED_EDGE('',*,*,#4911,.T.);
#8263 = ORIENTED_EDGE('',*,*,#4939,.T.);
#8264 = ADVANCED_FACE('',(#8265),#2032,.F.);
#8265 = FACE_BOUND('',#8266,.F.);
#8266 = EDGE_LOOP('',(#8267,#8268,#8269,#8270,#8291));
#8267 = ORIENTED_EDGE('',*,*,#4967,.T.);
#8268 = ORIENTED_EDGE('',*,*,#8240,.T.);
#8269 = ORIENTED_EDGE('',*,*,#2017,.T.);
#8270 = ORIENTED_EDGE('',*,*,#8271,.F.);
#8271 = EDGE_CURVE('',#4748,#1992,#8272,.T.);
#8272 = SURFACE_CURVE('',#8273,(#8277,#8284),.PCURVE_S1.);
#8273 = LINE('',#8274,#8275);
#8274 = CARTESIAN_POINT('',(11.7,16.35,-29.60060966544));
#8275 = VECTOR('',#8276,1.);
#8276 = DIRECTION('',(0.,-1.,0.));
#8277 = PCURVE('',#2032,#8278);
#8278 = DEFINITIONAL_REPRESENTATION('',(#8279),#8283);
#8279 = LINE('',#8280,#8281);
#8280 = CARTESIAN_POINT('',(2.050609665441,0.));
#8281 = VECTOR('',#8282,1.);
#8282 = DIRECTION('',(0.,-1.));
#8283 = ( GEOMETRIC_REPRESENTATION_CONTEXT(2) 
PARAMETRIC_REPRESENTATION_CONTEXT() REPRESENTATION_CONTEXT('2D SPACE',''
  ) );
#8284 = PCURVE('',#2006,#8285);
#8285 = DEFINITIONAL_REPRESENTATION('',(#8286),#8290);
#8286 = LINE('',#8287,#8288);
#8287 = CARTESIAN_POINT('',(0.849390334559,0.));
#8288 = VECTOR('',#8289,1.);
#8289 = DIRECTION('',(0.,-1.));
#8290 = ( GEOMETRIC_REPRESENTATION_CONTEXT(2) 
PARAMETRIC_REPRESENTATION_CONTEXT() REPRESENTATION_CONTEXT('2D SPACE',''
  ) );
#8291 = ORIENTED_EDGE('',*,*,#4747,.T.);
#8292 = ADVANCED_FACE('',(#8293),#2006,.F.);
#8293 = FACE_BOUND('',#8294,.F.);
#8294 = EDGE_LOOP('',(#8295,#8296,#8297,#8298,#8318));
#8295 = ORIENTED_EDGE('',*,*,#4775,.T.);
#8296 = ORIENTED_EDGE('',*,*,#8271,.T.);
#8297 = ORIENTED_EDGE('',*,*,#1991,.T.);
#8298 = ORIENTED_EDGE('',*,*,#8299,.T.);
#8299 = EDGE_CURVE('',#1966,#4804,#8300,.T.);
#8300 = SURFACE_CURVE('',#8301,(#8305,#8312),.PCURVE_S1.);
#8301 = LINE('',#8302,#8303);
#8302 = CARTESIAN_POINT('',(10.850609665441,16.35,-30.45));
#8303 = VECTOR('',#8304,1.);
#8304 = DIRECTION('',(0.,1.,0.));
#8305 = PCURVE('',#2006,#8306);
#8306 = DEFINITIONAL_REPRESENTATION('',(#8307),#8311);
#8307 = LINE('',#8308,#8309);
#8308 = CARTESIAN_POINT('',(2.050609665441,0.));
#8309 = VECTOR('',#8310,1.);
#8310 = DIRECTION('',(0.,1.));
#8311 = ( GEOMETRIC_REPRESENTATION_CONTEXT(2) 
PARAMETRIC_REPRESENTATION_CONTEXT() REPRESENTATION_CONTEXT('2D SPACE',''
  ) );
#8312 = PCURVE('',#1980,#8313);
#8313 = DEFINITIONAL_REPRESENTATION('',(#8314),#8317);
#8314 = B_SPLINE_CURVE_WITH_KNOTS('',1,(#8315,#8316),.UNSPECIFIED.,.F.,
  .F.,(2,2),(0.,4.4),.PIECEWISE_BEZIER_KNOTS.);
#8315 = CARTESIAN_POINT('',(0.600609665441,0.));
#8316 = CARTESIAN_POINT('',(0.600609665441,-4.4));
#8317 = ( GEOMETRIC_REPRESENTATION_CONTEXT(2) 
PARAMETRIC_REPRESENTATION_CONTEXT() REPRESENTATION_CONTEXT('2D SPACE',''
  ) );
#8318 = ORIENTED_EDGE('',*,*,#4803,.T.);
#8319 = ADVANCED_FACE('',(#8320),#1980,.F.);
#8320 = FACE_BOUND('',#8321,.F.);
#8321 = EDGE_LOOP('',(#8322,#8323,#8324,#8325));
#8322 = ORIENTED_EDGE('',*,*,#8299,.F.);
#8323 = ORIENTED_EDGE('',*,*,#1965,.T.);
#8324 = ORIENTED_EDGE('',*,*,#8188,.F.);
#8325 = ORIENTED_EDGE('',*,*,#4831,.T.);
#8326 = ADVANCED_FACE('',(#8327),#1895,.F.);
#8327 = FACE_BOUND('',#8328,.F.);
#8328 = EDGE_LOOP('',(#8329,#8330,#8331,#8352));
#8329 = ORIENTED_EDGE('',*,*,#8109,.T.);
#8330 = ORIENTED_EDGE('',*,*,#1880,.T.);
#8331 = ORIENTED_EDGE('',*,*,#8332,.T.);
#8332 = EDGE_CURVE('',#1855,#3122,#8333,.T.);
#8333 = SURFACE_CURVE('',#8334,(#8338,#8345),.PCURVE_S1.);
#8334 = LINE('',#8335,#8336);
#8335 = CARTESIAN_POINT('',(7.82,17.34,-35.26));
#8336 = VECTOR('',#8337,1.);
#8337 = DIRECTION('',(0.,1.,0.));
#8338 = PCURVE('',#1895,#8339);
#8339 = DEFINITIONAL_REPRESENTATION('',(#8340),#8344);
#8340 = LINE('',#8341,#8342);
#8341 = CARTESIAN_POINT('',(0.634337976665,-0.490337976665));
#8342 = VECTOR('',#8343,1.);
#8343 = DIRECTION('',(0.,1.));
#8344 = ( GEOMETRIC_REPRESENTATION_CONTEXT(2) 
PARAMETRIC_REPRESENTATION_CONTEXT() REPRESENTATION_CONTEXT('2D SPACE',''
  ) );
#8345 = PCURVE('',#1869,#8346);
#8346 = DEFINITIONAL_REPRESENTATION('',(#8347),#8351);
#8347 = LINE('',#8348,#8349);
#8348 = CARTESIAN_POINT('',(0.,-27.53));
#8349 = VECTOR('',#8350,1.);
#8350 = DIRECTION('',(1.,0.));
#8351 = ( GEOMETRIC_REPRESENTATION_CONTEXT(2) 
PARAMETRIC_REPRESENTATION_CONTEXT() REPRESENTATION_CONTEXT('2D SPACE',''
  ) );
#8352 = ORIENTED_EDGE('',*,*,#3163,.F.);
#8353 = ADVANCED_FACE('',(#8354),#1869,.T.);
#8354 = FACE_BOUND('',#8355,.T.);
#8355 = EDGE_LOOP('',(#8356,#8377,#8378,#8379,#8380));
#8356 = ORIENTED_EDGE('',*,*,#8357,.F.);
#8357 = EDGE_CURVE('',#1829,#8065,#8358,.T.);
#8358 = SURFACE_CURVE('',#8359,(#8363,#8370),.PCURVE_S1.);
#8359 = LINE('',#8360,#8361);
#8360 = CARTESIAN_POINT('',(7.82,17.34,-34.66));
#8361 = VECTOR('',#8362,1.);
#8362 = DIRECTION('',(-0.,1.,0.));
#8363 = PCURVE('',#1869,#8364);
#8364 = DEFINITIONAL_REPRESENTATION('',(#8365),#8369);
#8365 = LINE('',#8366,#8367);
#8366 = CARTESIAN_POINT('',(3.552713678801E-15,-26.93));
#8367 = VECTOR('',#8368,1.);
#8368 = DIRECTION('',(1.,0.));
#8369 = ( GEOMETRIC_REPRESENTATION_CONTEXT(2) 
PARAMETRIC_REPRESENTATION_CONTEXT() REPRESENTATION_CONTEXT('2D SPACE',''
  ) );
#8370 = PCURVE('',#1843,#8371);
#8371 = DEFINITIONAL_REPRESENTATION('',(#8372),#8376);
#8372 = LINE('',#8373,#8374);
#8373 = CARTESIAN_POINT('',(15.64,0.));
#8374 = VECTOR('',#8375,1.);
#8375 = DIRECTION('',(0.,1.));
#8376 = ( GEOMETRIC_REPRESENTATION_CONTEXT(2) 
PARAMETRIC_REPRESENTATION_CONTEXT() REPRESENTATION_CONTEXT('2D SPACE',''
  ) );
#8377 = ORIENTED_EDGE('',*,*,#1854,.T.);
#8378 = ORIENTED_EDGE('',*,*,#8332,.T.);
#8379 = ORIENTED_EDGE('',*,*,#3119,.F.);
#8380 = ORIENTED_EDGE('',*,*,#8087,.F.);
#8381 = ADVANCED_FACE('',(#8382),#1843,.T.);
#8382 = FACE_BOUND('',#8383,.T.);
#8383 = EDGE_LOOP('',(#8384,#8407,#8408,#8409));
#8384 = ORIENTED_EDGE('',*,*,#8385,.F.);
#8385 = EDGE_CURVE('',#1803,#8386,#8388,.T.);
#8386 = VERTEX_POINT('',#8387);
#8387 = CARTESIAN_POINT('',(-7.82,18.78,-34.66));
#8388 = SURFACE_CURVE('',#8389,(#8393,#8400),.PCURVE_S1.);
#8389 = LINE('',#8390,#8391);
#8390 = CARTESIAN_POINT('',(-7.82,17.34,-34.66));
#8391 = VECTOR('',#8392,1.);
#8392 = DIRECTION('',(-0.,1.,0.));
#8393 = PCURVE('',#1843,#8394);
#8394 = DEFINITIONAL_REPRESENTATION('',(#8395),#8399);
#8395 = LINE('',#8396,#8397);
#8396 = CARTESIAN_POINT('',(0.,0.));
#8397 = VECTOR('',#8398,1.);
#8398 = DIRECTION('',(0.,1.));
#8399 = ( GEOMETRIC_REPRESENTATION_CONTEXT(2) 
PARAMETRIC_REPRESENTATION_CONTEXT() REPRESENTATION_CONTEXT('2D SPACE',''
  ) );
#8400 = PCURVE('',#1817,#8401);
#8401 = DEFINITIONAL_REPRESENTATION('',(#8402),#8406);
#8402 = LINE('',#8403,#8404);
#8403 = CARTESIAN_POINT('',(0.,0.));
#8404 = VECTOR('',#8405,1.);
#8405 = DIRECTION('',(0.,-1.));
#8406 = ( GEOMETRIC_REPRESENTATION_CONTEXT(2) 
PARAMETRIC_REPRESENTATION_CONTEXT() REPRESENTATION_CONTEXT('2D SPACE',''
  ) );
#8407 = ORIENTED_EDGE('',*,*,#1828,.T.);
#8408 = ORIENTED_EDGE('',*,*,#8357,.T.);
#8409 = ORIENTED_EDGE('',*,*,#8410,.F.);
#8410 = EDGE_CURVE('',#8386,#8065,#8411,.T.);
#8411 = SURFACE_CURVE('',#8412,(#8416,#8423),.PCURVE_S1.);
#8412 = LINE('',#8413,#8414);
#8413 = CARTESIAN_POINT('',(-7.82,18.78,-34.66));
#8414 = VECTOR('',#8415,1.);
#8415 = DIRECTION('',(1.,0.,-0.));
#8416 = PCURVE('',#1843,#8417);
#8417 = DEFINITIONAL_REPRESENTATION('',(#8418),#8422);
#8418 = LINE('',#8419,#8420);
#8419 = CARTESIAN_POINT('',(0.,1.44));
#8420 = VECTOR('',#8421,1.);
#8421 = DIRECTION('',(1.,0.));
#8422 = ( GEOMETRIC_REPRESENTATION_CONTEXT(2) 
PARAMETRIC_REPRESENTATION_CONTEXT() REPRESENTATION_CONTEXT('2D SPACE',''
  ) );
#8423 = PCURVE('',#4137,#8424);
#8424 = DEFINITIONAL_REPRESENTATION('',(#8425),#8429);
#8425 = LINE('',#8426,#8427);
#8426 = CARTESIAN_POINT('',(0.,0.));
#8427 = VECTOR('',#8428,1.);
#8428 = DIRECTION('',(0.,1.));
#8429 = ( GEOMETRIC_REPRESENTATION_CONTEXT(2) 
PARAMETRIC_REPRESENTATION_CONTEXT() REPRESENTATION_CONTEXT('2D SPACE',''
  ) );
#8430 = ADVANCED_FACE('',(#8431),#1817,.T.);
#8431 = FACE_BOUND('',#8432,.T.);
#8432 = EDGE_LOOP('',(#8433,#8434,#8435,#8456));
#8433 = ORIENTED_EDGE('',*,*,#1802,.T.);
#8434 = ORIENTED_EDGE('',*,*,#8385,.T.);
#8435 = ORIENTED_EDGE('',*,*,#8436,.T.);
#8436 = EDGE_CURVE('',#8386,#4121,#8437,.T.);
#8437 = SURFACE_CURVE('',#8438,(#8442,#8449),.PCURVE_S1.);
#8438 = LINE('',#8439,#8440);
#8439 = CARTESIAN_POINT('',(-7.82,18.78,-34.66));
#8440 = VECTOR('',#8441,1.);
#8441 = DIRECTION('',(0.,0.,1.));
#8442 = PCURVE('',#1817,#8443);
#8443 = DEFINITIONAL_REPRESENTATION('',(#8444),#8448);
#8444 = LINE('',#8445,#8446);
#8445 = CARTESIAN_POINT('',(0.,-1.44));
#8446 = VECTOR('',#8447,1.);
#8447 = DIRECTION('',(1.,0.));
#8448 = ( GEOMETRIC_REPRESENTATION_CONTEXT(2) 
PARAMETRIC_REPRESENTATION_CONTEXT() REPRESENTATION_CONTEXT('2D SPACE',''
  ) );
#8449 = PCURVE('',#4137,#8450);
#8450 = DEFINITIONAL_REPRESENTATION('',(#8451),#8455);
#8451 = LINE('',#8452,#8453);
#8452 = CARTESIAN_POINT('',(0.,0.));
#8453 = VECTOR('',#8454,1.);
#8454 = DIRECTION('',(1.,0.));
#8455 = ( GEOMETRIC_REPRESENTATION_CONTEXT(2) 
PARAMETRIC_REPRESENTATION_CONTEXT() REPRESENTATION_CONTEXT('2D SPACE',''
  ) );
#8456 = ORIENTED_EDGE('',*,*,#4153,.T.);
#8457 = ADVANCED_FACE('',(#8458),#2501,.F.);
#8458 = FACE_BOUND('',#8459,.F.);
#8459 = EDGE_LOOP('',(#8460,#8461,#8482,#8483,#8504));
#8460 = ORIENTED_EDGE('',*,*,#4419,.T.);
#8461 = ORIENTED_EDGE('',*,*,#8462,.T.);
#8462 = EDGE_CURVE('',#4392,#2485,#8463,.T.);
#8463 = SURFACE_CURVE('',#8464,(#8468,#8475),.PCURVE_S1.);
#8464 = LINE('',#8465,#8466);
#8465 = CARTESIAN_POINT('',(-8.8,16.35,-28.39939033455));
#8466 = VECTOR('',#8467,1.);
#8467 = DIRECTION('',(0.,-1.,0.));
#8468 = PCURVE('',#2501,#8469);
#8469 = DEFINITIONAL_REPRESENTATION('',(#8470),#8474);
#8470 = LINE('',#8471,#8472);
#8471 = CARTESIAN_POINT('',(0.849390334559,0.));
#8472 = VECTOR('',#8473,1.);
#8473 = DIRECTION('',(0.,-1.));
#8474 = ( GEOMETRIC_REPRESENTATION_CONTEXT(2) 
PARAMETRIC_REPRESENTATION_CONTEXT() REPRESENTATION_CONTEXT('2D SPACE',''
  ) );
#8475 = PCURVE('',#2527,#8476);
#8476 = DEFINITIONAL_REPRESENTATION('',(#8477),#8481);
#8477 = LINE('',#8478,#8479);
#8478 = CARTESIAN_POINT('',(2.050609665441,0.));
#8479 = VECTOR('',#8480,1.);
#8480 = DIRECTION('',(0.,1.));
#8481 = ( GEOMETRIC_REPRESENTATION_CONTEXT(2) 
PARAMETRIC_REPRESENTATION_CONTEXT() REPRESENTATION_CONTEXT('2D SPACE',''
  ) );
#8482 = ORIENTED_EDGE('',*,*,#2484,.T.);
#8483 = ORIENTED_EDGE('',*,*,#8484,.F.);
#8484 = EDGE_CURVE('',#4200,#2487,#8485,.T.);
#8485 = SURFACE_CURVE('',#8486,(#8490,#8497),.PCURVE_S1.);
#8486 = LINE('',#8487,#8488);
#8487 = CARTESIAN_POINT('',(-8.8,16.35,-29.60060966544));
#8488 = VECTOR('',#8489,1.);
#8489 = DIRECTION('',(0.,-1.,0.));
#8490 = PCURVE('',#2501,#8491);
#8491 = DEFINITIONAL_REPRESENTATION('',(#8492),#8496);
#8492 = LINE('',#8493,#8494);
#8493 = CARTESIAN_POINT('',(2.050609665441,0.));
#8494 = VECTOR('',#8495,1.);
#8495 = DIRECTION('',(0.,-1.));
#8496 = ( GEOMETRIC_REPRESENTATION_CONTEXT(2) 
PARAMETRIC_REPRESENTATION_CONTEXT() REPRESENTATION_CONTEXT('2D SPACE',''
  ) );
#8497 = PCURVE('',#2636,#8498);
#8498 = DEFINITIONAL_REPRESENTATION('',(#8499),#8503);
#8499 = LINE('',#8500,#8501);
#8500 = CARTESIAN_POINT('',(0.849390334559,0.));
#8501 = VECTOR('',#8502,1.);
#8502 = DIRECTION('',(0.,-1.));
#8503 = ( GEOMETRIC_REPRESENTATION_CONTEXT(2) 
PARAMETRIC_REPRESENTATION_CONTEXT() REPRESENTATION_CONTEXT('2D SPACE',''
  ) );
#8504 = ORIENTED_EDGE('',*,*,#4199,.T.);
#8505 = ADVANCED_FACE('',(#8506),#2527,.T.);
#8506 = FACE_BOUND('',#8507,.T.);
#8507 = EDGE_LOOP('',(#8508,#8509,#8510,#8530,#8531));
#8508 = ORIENTED_EDGE('',*,*,#8462,.T.);
#8509 = ORIENTED_EDGE('',*,*,#2512,.T.);
#8510 = ORIENTED_EDGE('',*,*,#8511,.F.);
#8511 = EDGE_CURVE('',#4336,#2513,#8512,.T.);
#8512 = SURFACE_CURVE('',#8513,(#8517,#8524),.PCURVE_S1.);
#8513 = LINE('',#8514,#8515);
#8514 = CARTESIAN_POINT('',(-9.649390334559,16.35,-27.55));
#8515 = VECTOR('',#8516,1.);
#8516 = DIRECTION('',(0.,-1.,0.));
#8517 = PCURVE('',#2527,#8518);
#8518 = DEFINITIONAL_REPRESENTATION('',(#8519),#8523);
#8519 = LINE('',#8520,#8521);
#8520 = CARTESIAN_POINT('',(0.849390334559,0.));
#8521 = VECTOR('',#8522,1.);
#8522 = DIRECTION('',(0.,1.));
#8523 = ( GEOMETRIC_REPRESENTATION_CONTEXT(2) 
PARAMETRIC_REPRESENTATION_CONTEXT() REPRESENTATION_CONTEXT('2D SPACE',''
  ) );
#8524 = PCURVE('',#2553,#8525);
#8525 = DEFINITIONAL_REPRESENTATION('',(#8526),#8529);
#8526 = B_SPLINE_CURVE_WITH_KNOTS('',1,(#8527,#8528),.UNSPECIFIED.,.F.,
  .F.,(2,2),(-4.4,0.),.PIECEWISE_BEZIER_KNOTS.);
#8527 = CARTESIAN_POINT('',(0.600609665441,-4.4));
#8528 = CARTESIAN_POINT('',(0.600609665441,0.));
#8529 = ( GEOMETRIC_REPRESENTATION_CONTEXT(2) 
PARAMETRIC_REPRESENTATION_CONTEXT() REPRESENTATION_CONTEXT('2D SPACE',''
  ) );
#8530 = ORIENTED_EDGE('',*,*,#4363,.T.);
#8531 = ORIENTED_EDGE('',*,*,#4391,.T.);
#8532 = ADVANCED_FACE('',(#8533),#2636,.F.);
#8533 = FACE_BOUND('',#8534,.F.);
#8534 = EDGE_LOOP('',(#8535,#8536,#8537,#8538,#8558));
#8535 = ORIENTED_EDGE('',*,*,#4227,.T.);
#8536 = ORIENTED_EDGE('',*,*,#8484,.T.);
#8537 = ORIENTED_EDGE('',*,*,#2623,.T.);
#8538 = ORIENTED_EDGE('',*,*,#8539,.T.);
#8539 = EDGE_CURVE('',#2598,#4256,#8540,.T.);
#8540 = SURFACE_CURVE('',#8541,(#8545,#8552),.PCURVE_S1.);
#8541 = LINE('',#8542,#8543);
#8542 = CARTESIAN_POINT('',(-9.649390334559,16.35,-30.45));
#8543 = VECTOR('',#8544,1.);
#8544 = DIRECTION('',(0.,1.,0.));
#8545 = PCURVE('',#2636,#8546);
#8546 = DEFINITIONAL_REPRESENTATION('',(#8547),#8551);
#8547 = LINE('',#8548,#8549);
#8548 = CARTESIAN_POINT('',(2.050609665441,0.));
#8549 = VECTOR('',#8550,1.);
#8550 = DIRECTION('',(0.,1.));
#8551 = ( GEOMETRIC_REPRESENTATION_CONTEXT(2) 
PARAMETRIC_REPRESENTATION_CONTEXT() REPRESENTATION_CONTEXT('2D SPACE',''
  ) );
#8552 = PCURVE('',#2612,#8553);
#8553 = DEFINITIONAL_REPRESENTATION('',(#8554),#8557);
#8554 = B_SPLINE_CURVE_WITH_KNOTS('',1,(#8555,#8556),.UNSPECIFIED.,.F.,
  .F.,(2,2),(0.,4.4),.PIECEWISE_BEZIER_KNOTS.);
#8555 = CARTESIAN_POINT('',(0.600609665441,0.));
#8556 = CARTESIAN_POINT('',(0.600609665441,-4.4));
#8557 = ( GEOMETRIC_REPRESENTATION_CONTEXT(2) 
PARAMETRIC_REPRESENTATION_CONTEXT() REPRESENTATION_CONTEXT('2D SPACE',''
  ) );
#8558 = ORIENTED_EDGE('',*,*,#4255,.T.);
#8559 = ADVANCED_FACE('',(#8560),#2553,.T.);
#8560 = FACE_BOUND('',#8561,.T.);
#8561 = EDGE_LOOP('',(#8562,#8563,#8564,#8585));
#8562 = ORIENTED_EDGE('',*,*,#8511,.T.);
#8563 = ORIENTED_EDGE('',*,*,#2538,.T.);
#8564 = ORIENTED_EDGE('',*,*,#8565,.T.);
#8565 = EDGE_CURVE('',#2539,#4312,#8566,.T.);
#8566 = SURFACE_CURVE('',#8567,(#8571,#8578),.PCURVE_S1.);
#8567 = LINE('',#8568,#8569);
#8568 = CARTESIAN_POINT('',(-10.25,16.35,-27.55));
#8569 = VECTOR('',#8570,1.);
#8570 = DIRECTION('',(0.,1.,0.));
#8571 = PCURVE('',#2553,#8572);
#8572 = DEFINITIONAL_REPRESENTATION('',(#8573),#8577);
#8573 = LINE('',#8574,#8575);
#8574 = CARTESIAN_POINT('',(0.,0.));
#8575 = VECTOR('',#8576,1.);
#8576 = DIRECTION('',(0.,-1.));
#8577 = ( GEOMETRIC_REPRESENTATION_CONTEXT(2) 
PARAMETRIC_REPRESENTATION_CONTEXT() REPRESENTATION_CONTEXT('2D SPACE',''
  ) );
#8578 = PCURVE('',#2585,#8579);
#8579 = DEFINITIONAL_REPRESENTATION('',(#8580),#8584);
#8580 = LINE('',#8581,#8582);
#8581 = CARTESIAN_POINT('',(3.14159265359,4.4));
#8582 = VECTOR('',#8583,1.);
#8583 = DIRECTION('',(0.,-1.));
#8584 = ( GEOMETRIC_REPRESENTATION_CONTEXT(2) 
PARAMETRIC_REPRESENTATION_CONTEXT() REPRESENTATION_CONTEXT('2D SPACE',''
  ) );
#8585 = ORIENTED_EDGE('',*,*,#4335,.T.);
#8586 = ADVANCED_FACE('',(#8587),#2612,.F.);
#8587 = FACE_BOUND('',#8588,.F.);
#8588 = EDGE_LOOP('',(#8589,#8590,#8591,#8612));
#8589 = ORIENTED_EDGE('',*,*,#8539,.F.);
#8590 = ORIENTED_EDGE('',*,*,#2597,.T.);
#8591 = ORIENTED_EDGE('',*,*,#8592,.F.);
#8592 = EDGE_CURVE('',#4284,#2565,#8593,.T.);
#8593 = SURFACE_CURVE('',#8594,(#8598,#8605),.PCURVE_S1.);
#8594 = LINE('',#8595,#8596);
#8595 = CARTESIAN_POINT('',(-10.25,20.75,-30.45));
#8596 = VECTOR('',#8597,1.);
#8597 = DIRECTION('',(2.22044604925E-16,-1.,4.930380657631E-32));
#8598 = PCURVE('',#2612,#8599);
#8599 = DEFINITIONAL_REPRESENTATION('',(#8600),#8604);
#8600 = LINE('',#8601,#8602);
#8601 = CARTESIAN_POINT('',(-8.436457025878E-16,-4.4));
#8602 = VECTOR('',#8603,1.);
#8603 = DIRECTION('',(2.22044604925E-16,1.));
#8604 = ( GEOMETRIC_REPRESENTATION_CONTEXT(2) 
PARAMETRIC_REPRESENTATION_CONTEXT() REPRESENTATION_CONTEXT('2D SPACE',''
  ) );
#8605 = PCURVE('',#2585,#8606);
#8606 = DEFINITIONAL_REPRESENTATION('',(#8607),#8611);
#8607 = LINE('',#8608,#8609);
#8608 = CARTESIAN_POINT('',(6.28318530718,-0.));
#8609 = VECTOR('',#8610,1.);
#8610 = DIRECTION('',(0.,1.));
#8611 = ( GEOMETRIC_REPRESENTATION_CONTEXT(2) 
PARAMETRIC_REPRESENTATION_CONTEXT() REPRESENTATION_CONTEXT('2D SPACE',''
  ) );
#8612 = ORIENTED_EDGE('',*,*,#4283,.T.);
#8613 = ADVANCED_FACE('',(#8614),#2585,.F.);
#8614 = FACE_BOUND('',#8615,.F.);
#8615 = EDGE_LOOP('',(#8616,#8617,#8618,#8619));
#8616 = ORIENTED_EDGE('',*,*,#2564,.F.);
#8617 = ORIENTED_EDGE('',*,*,#8565,.T.);
#8618 = ORIENTED_EDGE('',*,*,#4311,.F.);
#8619 = ORIENTED_EDGE('',*,*,#8592,.T.);
#8620 = ADVANCED_FACE('',(#8621),#2666,.F.);
#8621 = FACE_BOUND('',#8622,.F.);
#8622 = EDGE_LOOP('',(#8623,#8624,#8645,#8646,#8667));
#8623 = ORIENTED_EDGE('',*,*,#4693,.T.);
#8624 = ORIENTED_EDGE('',*,*,#8625,.T.);
#8625 = EDGE_CURVE('',#4666,#2650,#8626,.T.);
#8626 = SURFACE_CURVE('',#8627,(#8631,#8638),.PCURVE_S1.);
#8627 = LINE('',#8628,#8629);
#8628 = CARTESIAN_POINT('',(-8.8,16.35,-7.699390334559));
#8629 = VECTOR('',#8630,1.);
#8630 = DIRECTION('',(0.,-1.,0.));
#8631 = PCURVE('',#2666,#8632);
#8632 = DEFINITIONAL_REPRESENTATION('',(#8633),#8637);
#8633 = LINE('',#8634,#8635);
#8634 = CARTESIAN_POINT('',(0.849390334559,0.));
#8635 = VECTOR('',#8636,1.);
#8636 = DIRECTION('',(0.,-1.));
#8637 = ( GEOMETRIC_REPRESENTATION_CONTEXT(2) 
PARAMETRIC_REPRESENTATION_CONTEXT() REPRESENTATION_CONTEXT('2D SPACE',''
  ) );
#8638 = PCURVE('',#2692,#8639);
#8639 = DEFINITIONAL_REPRESENTATION('',(#8640),#8644);
#8640 = LINE('',#8641,#8642);
#8641 = CARTESIAN_POINT('',(2.050609665441,0.));
#8642 = VECTOR('',#8643,1.);
#8643 = DIRECTION('',(0.,1.));
#8644 = ( GEOMETRIC_REPRESENTATION_CONTEXT(2) 
PARAMETRIC_REPRESENTATION_CONTEXT() REPRESENTATION_CONTEXT('2D SPACE',''
  ) );
#8645 = ORIENTED_EDGE('',*,*,#2649,.T.);
#8646 = ORIENTED_EDGE('',*,*,#8647,.F.);
#8647 = EDGE_CURVE('',#4474,#2652,#8648,.T.);
#8648 = SURFACE_CURVE('',#8649,(#8653,#8660),.PCURVE_S1.);
#8649 = LINE('',#8650,#8651);
#8650 = CARTESIAN_POINT('',(-8.8,16.35,-8.900609665441));
#8651 = VECTOR('',#8652,1.);
#8652 = DIRECTION('',(0.,-1.,0.));
#8653 = PCURVE('',#2666,#8654);
#8654 = DEFINITIONAL_REPRESENTATION('',(#8655),#8659);
#8655 = LINE('',#8656,#8657);
#8656 = CARTESIAN_POINT('',(2.050609665441,0.));
#8657 = VECTOR('',#8658,1.);
#8658 = DIRECTION('',(0.,-1.));
#8659 = ( GEOMETRIC_REPRESENTATION_CONTEXT(2) 
PARAMETRIC_REPRESENTATION_CONTEXT() REPRESENTATION_CONTEXT('2D SPACE',''
  ) );
#8660 = PCURVE('',#2801,#8661);
#8661 = DEFINITIONAL_REPRESENTATION('',(#8662),#8666);
#8662 = LINE('',#8663,#8664);
#8663 = CARTESIAN_POINT('',(0.849390334559,0.));
#8664 = VECTOR('',#8665,1.);
#8665 = DIRECTION('',(0.,-1.));
#8666 = ( GEOMETRIC_REPRESENTATION_CONTEXT(2) 
PARAMETRIC_REPRESENTATION_CONTEXT() REPRESENTATION_CONTEXT('2D SPACE',''
  ) );
#8667 = ORIENTED_EDGE('',*,*,#4473,.T.);
#8668 = ADVANCED_FACE('',(#8669),#2692,.T.);
#8669 = FACE_BOUND('',#8670,.T.);
#8670 = EDGE_LOOP('',(#8671,#8672,#8673,#8693,#8694));
#8671 = ORIENTED_EDGE('',*,*,#8625,.T.);
#8672 = ORIENTED_EDGE('',*,*,#2677,.T.);
#8673 = ORIENTED_EDGE('',*,*,#8674,.F.);
#8674 = EDGE_CURVE('',#4610,#2678,#8675,.T.);
#8675 = SURFACE_CURVE('',#8676,(#8680,#8687),.PCURVE_S1.);
#8676 = LINE('',#8677,#8678);
#8677 = CARTESIAN_POINT('',(-9.649390334559,16.35,-6.85));
#8678 = VECTOR('',#8679,1.);
#8679 = DIRECTION('',(0.,-1.,0.));
#8680 = PCURVE('',#2692,#8681);
#8681 = DEFINITIONAL_REPRESENTATION('',(#8682),#8686);
#8682 = LINE('',#8683,#8684);
#8683 = CARTESIAN_POINT('',(0.849390334559,0.));
#8684 = VECTOR('',#8685,1.);
#8685 = DIRECTION('',(0.,1.));
#8686 = ( GEOMETRIC_REPRESENTATION_CONTEXT(2) 
PARAMETRIC_REPRESENTATION_CONTEXT() REPRESENTATION_CONTEXT('2D SPACE',''
  ) );
#8687 = PCURVE('',#2718,#8688);
#8688 = DEFINITIONAL_REPRESENTATION('',(#8689),#8692);
#8689 = B_SPLINE_CURVE_WITH_KNOTS('',1,(#8690,#8691),.UNSPECIFIED.,.F.,
  .F.,(2,2),(-4.4,0.),.PIECEWISE_BEZIER_KNOTS.);
#8690 = CARTESIAN_POINT('',(0.600609665441,-4.4));
#8691 = CARTESIAN_POINT('',(0.600609665441,0.));
#8692 = ( GEOMETRIC_REPRESENTATION_CONTEXT(2) 
PARAMETRIC_REPRESENTATION_CONTEXT() REPRESENTATION_CONTEXT('2D SPACE',''
  ) );
#8693 = ORIENTED_EDGE('',*,*,#4637,.T.);
#8694 = ORIENTED_EDGE('',*,*,#4665,.T.);
#8695 = ADVANCED_FACE('',(#8696),#2801,.F.);
#8696 = FACE_BOUND('',#8697,.F.);
#8697 = EDGE_LOOP('',(#8698,#8699,#8700,#8701,#8721));
#8698 = ORIENTED_EDGE('',*,*,#4501,.T.);
#8699 = ORIENTED_EDGE('',*,*,#8647,.T.);
#8700 = ORIENTED_EDGE('',*,*,#2788,.T.);
#8701 = ORIENTED_EDGE('',*,*,#8702,.T.);
#8702 = EDGE_CURVE('',#2763,#4530,#8703,.T.);
#8703 = SURFACE_CURVE('',#8704,(#8708,#8715),.PCURVE_S1.);
#8704 = LINE('',#8705,#8706);
#8705 = CARTESIAN_POINT('',(-9.649390334559,16.35,-9.75));
#8706 = VECTOR('',#8707,1.);
#8707 = DIRECTION('',(0.,1.,0.));
#8708 = PCURVE('',#2801,#8709);
#8709 = DEFINITIONAL_REPRESENTATION('',(#8710),#8714);
#8710 = LINE('',#8711,#8712);
#8711 = CARTESIAN_POINT('',(2.050609665441,0.));
#8712 = VECTOR('',#8713,1.);
#8713 = DIRECTION('',(0.,1.));
#8714 = ( GEOMETRIC_REPRESENTATION_CONTEXT(2) 
PARAMETRIC_REPRESENTATION_CONTEXT() REPRESENTATION_CONTEXT('2D SPACE',''
  ) );
#8715 = PCURVE('',#2777,#8716);
#8716 = DEFINITIONAL_REPRESENTATION('',(#8717),#8720);
#8717 = B_SPLINE_CURVE_WITH_KNOTS('',1,(#8718,#8719),.UNSPECIFIED.,.F.,
  .F.,(2,2),(0.,4.4),.PIECEWISE_BEZIER_KNOTS.);
#8718 = CARTESIAN_POINT('',(0.600609665441,0.));
#8719 = CARTESIAN_POINT('',(0.600609665441,-4.4));
#8720 = ( GEOMETRIC_REPRESENTATION_CONTEXT(2) 
PARAMETRIC_REPRESENTATION_CONTEXT() REPRESENTATION_CONTEXT('2D SPACE',''
  ) );
#8721 = ORIENTED_EDGE('',*,*,#4529,.T.);
#8722 = ADVANCED_FACE('',(#8723),#2718,.T.);
#8723 = FACE_BOUND('',#8724,.T.);
#8724 = EDGE_LOOP('',(#8725,#8726,#8727,#8748));
#8725 = ORIENTED_EDGE('',*,*,#8674,.T.);
#8726 = ORIENTED_EDGE('',*,*,#2703,.T.);
#8727 = ORIENTED_EDGE('',*,*,#8728,.T.);
#8728 = EDGE_CURVE('',#2704,#4586,#8729,.T.);
#8729 = SURFACE_CURVE('',#8730,(#8734,#8741),.PCURVE_S1.);
#8730 = LINE('',#8731,#8732);
#8731 = CARTESIAN_POINT('',(-10.25,16.35,-6.85));
#8732 = VECTOR('',#8733,1.);
#8733 = DIRECTION('',(0.,1.,0.));
#8734 = PCURVE('',#2718,#8735);
#8735 = DEFINITIONAL_REPRESENTATION('',(#8736),#8740);
#8736 = LINE('',#8737,#8738);
#8737 = CARTESIAN_POINT('',(0.,0.));
#8738 = VECTOR('',#8739,1.);
#8739 = DIRECTION('',(0.,-1.));
#8740 = ( GEOMETRIC_REPRESENTATION_CONTEXT(2) 
PARAMETRIC_REPRESENTATION_CONTEXT() REPRESENTATION_CONTEXT('2D SPACE',''
  ) );
#8741 = PCURVE('',#2750,#8742);
#8742 = DEFINITIONAL_REPRESENTATION('',(#8743),#8747);
#8743 = LINE('',#8744,#8745);
#8744 = CARTESIAN_POINT('',(3.14159265359,4.4));
#8745 = VECTOR('',#8746,1.);
#8746 = DIRECTION('',(0.,-1.));
#8747 = ( GEOMETRIC_REPRESENTATION_CONTEXT(2) 
PARAMETRIC_REPRESENTATION_CONTEXT() REPRESENTATION_CONTEXT('2D SPACE',''
  ) );
#8748 = ORIENTED_EDGE('',*,*,#4609,.T.);
#8749 = ADVANCED_FACE('',(#8750),#2777,.F.);
#8750 = FACE_BOUND('',#8751,.F.);
#8751 = EDGE_LOOP('',(#8752,#8753,#8754,#8775));
#8752 = ORIENTED_EDGE('',*,*,#8702,.F.);
#8753 = ORIENTED_EDGE('',*,*,#2762,.T.);
#8754 = ORIENTED_EDGE('',*,*,#8755,.F.);
#8755 = EDGE_CURVE('',#4558,#2730,#8756,.T.);
#8756 = SURFACE_CURVE('',#8757,(#8761,#8768),.PCURVE_S1.);
#8757 = LINE('',#8758,#8759);
#8758 = CARTESIAN_POINT('',(-10.25,20.75,-9.75));
#8759 = VECTOR('',#8760,1.);
#8760 = DIRECTION('',(2.22044604925E-16,-1.,4.930380657631E-32));
#8761 = PCURVE('',#2777,#8762);
#8762 = DEFINITIONAL_REPRESENTATION('',(#8763),#8767);
#8763 = LINE('',#8764,#8765);
#8764 = CARTESIAN_POINT('',(-8.436457025878E-16,-4.4));
#8765 = VECTOR('',#8766,1.);
#8766 = DIRECTION('',(2.22044604925E-16,1.));
#8767 = ( GEOMETRIC_REPRESENTATION_CONTEXT(2) 
PARAMETRIC_REPRESENTATION_CONTEXT() REPRESENTATION_CONTEXT('2D SPACE',''
  ) );
#8768 = PCURVE('',#2750,#8769);
#8769 = DEFINITIONAL_REPRESENTATION('',(#8770),#8774);
#8770 = LINE('',#8771,#8772);
#8771 = CARTESIAN_POINT('',(6.28318530718,-0.));
#8772 = VECTOR('',#8773,1.);
#8773 = DIRECTION('',(0.,1.));
#8774 = ( GEOMETRIC_REPRESENTATION_CONTEXT(2) 
PARAMETRIC_REPRESENTATION_CONTEXT() REPRESENTATION_CONTEXT('2D SPACE',''
  ) );
#8775 = ORIENTED_EDGE('',*,*,#4557,.T.);
#8776 = ADVANCED_FACE('',(#8777),#2750,.F.);
#8777 = FACE_BOUND('',#8778,.F.);
#8778 = EDGE_LOOP('',(#8779,#8780,#8781,#8782));
#8779 = ORIENTED_EDGE('',*,*,#2729,.F.);
#8780 = ORIENTED_EDGE('',*,*,#8728,.T.);
#8781 = ORIENTED_EDGE('',*,*,#4585,.F.);
#8782 = ORIENTED_EDGE('',*,*,#8755,.T.);
#8783 = ADVANCED_FACE('',(#8784),#3249,.T.);
#8784 = FACE_BOUND('',#8785,.T.);
#8785 = EDGE_LOOP('',(#8786,#8787,#8788,#8807));
#8786 = ORIENTED_EDGE('',*,*,#3233,.F.);
#8787 = ORIENTED_EDGE('',*,*,#3664,.F.);
#8788 = ORIENTED_EDGE('',*,*,#8789,.T.);
#8789 = EDGE_CURVE('',#3637,#7599,#8790,.T.);
#8790 = SURFACE_CURVE('',#8791,(#8795,#8801),.PCURVE_S1.);
#8791 = LINE('',#8792,#8793);
#8792 = CARTESIAN_POINT('',(9.145,15.118923656727,-36.));
#8793 = VECTOR('',#8794,1.);
#8794 = DIRECTION('',(-1.,0.,0.));
#8795 = PCURVE('',#3249,#8796);
#8796 = DEFINITIONAL_REPRESENTATION('',(#8797),#8800);
#8797 = B_SPLINE_CURVE_WITH_KNOTS('',1,(#8798,#8799),.UNSPECIFIED.,.F.,
  .F.,(2,2),(-14.305,-8.205),.PIECEWISE_BEZIER_KNOTS.);
#8798 = CARTESIAN_POINT('',(39.40923807961,-10.));
#8799 = CARTESIAN_POINT('',(39.40923807961,-16.1));
#8800 = ( GEOMETRIC_REPRESENTATION_CONTEXT(2) 
PARAMETRIC_REPRESENTATION_CONTEXT() REPRESENTATION_CONTEXT('2D SPACE',''
  ) );
#8801 = PCURVE('',#3652,#8802);
#8802 = DEFINITIONAL_REPRESENTATION('',(#8803),#8806);
#8803 = B_SPLINE_CURVE_WITH_KNOTS('',1,(#8804,#8805),.UNSPECIFIED.,.F.,
  .F.,(2,2),(-14.305,-8.205),.PIECEWISE_BEZIER_KNOTS.);
#8804 = CARTESIAN_POINT('',(38.61,-2.231076343273));
#8805 = CARTESIAN_POINT('',(32.51,-2.231076343273));
#8806 = ( GEOMETRIC_REPRESENTATION_CONTEXT(2) 
PARAMETRIC_REPRESENTATION_CONTEXT() REPRESENTATION_CONTEXT('2D SPACE',''
  ) );
#8807 = ORIENTED_EDGE('',*,*,#7621,.T.);
#8808 = ADVANCED_FACE('',(#8809),#3652,.F.);
#8809 = FACE_BOUND('',#8810,.F.);
#8810 = EDGE_LOOP('',(#8811,#8812,#8813,#8814));
#8811 = ORIENTED_EDGE('',*,*,#3636,.F.);
#8812 = ORIENTED_EDGE('',*,*,#8789,.T.);
#8813 = ORIENTED_EDGE('',*,*,#7598,.F.);
#8814 = ORIENTED_EDGE('',*,*,#8815,.T.);
#8815 = EDGE_CURVE('',#7576,#3609,#8816,.T.);
#8816 = SURFACE_CURVE('',#8817,(#8821,#8828),.PCURVE_S1.);
#8817 = LINE('',#8818,#8819);
#8818 = CARTESIAN_POINT('',(20.45,14.5,-36.));
#8819 = VECTOR('',#8820,1.);
#8820 = DIRECTION('',(1.,0.,0.));
#8821 = PCURVE('',#3652,#8822);
#8822 = DEFINITIONAL_REPRESENTATION('',(#8823),#8827);
#8823 = LINE('',#8824,#8825);
#8824 = CARTESIAN_POINT('',(35.61,-2.85));
#8825 = VECTOR('',#8826,1.);
#8826 = DIRECTION('',(1.,0.));
#8827 = ( GEOMETRIC_REPRESENTATION_CONTEXT(2) 
PARAMETRIC_REPRESENTATION_CONTEXT() REPRESENTATION_CONTEXT('2D SPACE',''
  ) );
#8828 = PCURVE('',#3624,#8829);
#8829 = DEFINITIONAL_REPRESENTATION('',(#8830),#8834);
#8830 = LINE('',#8831,#8832);
#8831 = CARTESIAN_POINT('',(3.2,0.));
#8832 = VECTOR('',#8833,1.);
#8833 = DIRECTION('',(0.,-1.));
#8834 = ( GEOMETRIC_REPRESENTATION_CONTEXT(2) 
PARAMETRIC_REPRESENTATION_CONTEXT() REPRESENTATION_CONTEXT('2D SPACE',''
  ) );
#8835 = ADVANCED_FACE('',(#8836),#3624,.F.);
#8836 = FACE_BOUND('',#8837,.F.);
#8837 = EDGE_LOOP('',(#8838,#8859,#8860,#8861));
#8838 = ORIENTED_EDGE('',*,*,#8839,.T.);
#8839 = EDGE_CURVE('',#7553,#3581,#8840,.T.);
#8840 = SURFACE_CURVE('',#8841,(#8845,#8852),.PCURVE_S1.);
#8841 = LINE('',#8842,#8843);
#8842 = CARTESIAN_POINT('',(20.45,14.5,-39.2));
#8843 = VECTOR('',#8844,1.);
#8844 = DIRECTION('',(1.,0.,0.));
#8845 = PCURVE('',#3624,#8846);
#8846 = DEFINITIONAL_REPRESENTATION('',(#8847),#8851);
#8847 = LINE('',#8848,#8849);
#8848 = CARTESIAN_POINT('',(0.,0.));
#8849 = VECTOR('',#8850,1.);
#8850 = DIRECTION('',(0.,-1.));
#8851 = ( GEOMETRIC_REPRESENTATION_CONTEXT(2) 
PARAMETRIC_REPRESENTATION_CONTEXT() REPRESENTATION_CONTEXT('2D SPACE',''
  ) );
#8852 = PCURVE('',#3596,#8853);
#8853 = DEFINITIONAL_REPRESENTATION('',(#8854),#8858);
#8854 = LINE('',#8855,#8856);
#8855 = CARTESIAN_POINT('',(3.535533905933,0.));
#8856 = VECTOR('',#8857,1.);
#8857 = DIRECTION('',(0.,-1.));
#8858 = ( GEOMETRIC_REPRESENTATION_CONTEXT(2) 
PARAMETRIC_REPRESENTATION_CONTEXT() REPRESENTATION_CONTEXT('2D SPACE',''
  ) );
#8859 = ORIENTED_EDGE('',*,*,#3608,.T.);
#8860 = ORIENTED_EDGE('',*,*,#8815,.F.);
#8861 = ORIENTED_EDGE('',*,*,#7575,.F.);
#8862 = ADVANCED_FACE('',(#8863),#3596,.F.);
#8863 = FACE_BOUND('',#8864,.F.);
#8864 = EDGE_LOOP('',(#8865,#8886,#8887,#8888));
#8865 = ORIENTED_EDGE('',*,*,#8866,.T.);
#8866 = EDGE_CURVE('',#7530,#3553,#8867,.T.);
#8867 = SURFACE_CURVE('',#8868,(#8872,#8879),.PCURVE_S1.);
#8868 = LINE('',#8869,#8870);
#8869 = CARTESIAN_POINT('',(20.45,12.,-41.7));
#8870 = VECTOR('',#8871,1.);
#8871 = DIRECTION('',(1.,0.,0.));
#8872 = PCURVE('',#3596,#8873);
#8873 = DEFINITIONAL_REPRESENTATION('',(#8874),#8878);
#8874 = LINE('',#8875,#8876);
#8875 = CARTESIAN_POINT('',(0.,0.));
#8876 = VECTOR('',#8877,1.);
#8877 = DIRECTION('',(0.,-1.));
#8878 = ( GEOMETRIC_REPRESENTATION_CONTEXT(2) 
PARAMETRIC_REPRESENTATION_CONTEXT() REPRESENTATION_CONTEXT('2D SPACE',''
  ) );
#8879 = PCURVE('',#3568,#8880);
#8880 = DEFINITIONAL_REPRESENTATION('',(#8881),#8885);
#8881 = LINE('',#8882,#8883);
#8882 = CARTESIAN_POINT('',(16.3,0.));
#8883 = VECTOR('',#8884,1.);
#8884 = DIRECTION('',(0.,-1.));
#8885 = ( GEOMETRIC_REPRESENTATION_CONTEXT(2) 
PARAMETRIC_REPRESENTATION_CONTEXT() REPRESENTATION_CONTEXT('2D SPACE',''
  ) );
#8886 = ORIENTED_EDGE('',*,*,#3580,.T.);
#8887 = ORIENTED_EDGE('',*,*,#8839,.F.);
#8888 = ORIENTED_EDGE('',*,*,#7552,.F.);
#8889 = ADVANCED_FACE('',(#8890),#3568,.F.);
#8890 = FACE_BOUND('',#8891,.F.);
#8891 = EDGE_LOOP('',(#8892,#8913,#8914,#8915));
#8892 = ORIENTED_EDGE('',*,*,#8893,.T.);
#8893 = EDGE_CURVE('',#7507,#3525,#8894,.T.);
#8894 = SURFACE_CURVE('',#8895,(#8899,#8906),.PCURVE_S1.);
#8895 = LINE('',#8896,#8897);
#8896 = CARTESIAN_POINT('',(20.45,12.,-58.));
#8897 = VECTOR('',#8898,1.);
#8898 = DIRECTION('',(1.,0.,0.));
#8899 = PCURVE('',#3568,#8900);
#8900 = DEFINITIONAL_REPRESENTATION('',(#8901),#8905);
#8901 = LINE('',#8902,#8903);
#8902 = CARTESIAN_POINT('',(0.,0.));
#8903 = VECTOR('',#8904,1.);
#8904 = DIRECTION('',(0.,-1.));
#8905 = ( GEOMETRIC_REPRESENTATION_CONTEXT(2) 
PARAMETRIC_REPRESENTATION_CONTEXT() REPRESENTATION_CONTEXT('2D SPACE',''
  ) );
#8906 = PCURVE('',#3540,#8907);
#8907 = DEFINITIONAL_REPRESENTATION('',(#8908),#8912);
#8908 = LINE('',#8909,#8910);
#8909 = CARTESIAN_POINT('',(24.,0.));
#8910 = VECTOR('',#8911,1.);
#8911 = DIRECTION('',(0.,-1.));
#8912 = ( GEOMETRIC_REPRESENTATION_CONTEXT(2) 
PARAMETRIC_REPRESENTATION_CONTEXT() REPRESENTATION_CONTEXT('2D SPACE',''
  ) );
#8913 = ORIENTED_EDGE('',*,*,#3552,.T.);
#8914 = ORIENTED_EDGE('',*,*,#8866,.F.);
#8915 = ORIENTED_EDGE('',*,*,#7529,.F.);
#8916 = ADVANCED_FACE('',(#8917),#3540,.F.);
#8917 = FACE_BOUND('',#8918,.F.);
#8918 = EDGE_LOOP('',(#8919,#8920,#8939,#8940));
#8919 = ORIENTED_EDGE('',*,*,#7506,.F.);
#8920 = ORIENTED_EDGE('',*,*,#8921,.T.);
#8921 = EDGE_CURVE('',#7479,#3496,#8922,.T.);
#8922 = SURFACE_CURVE('',#8923,(#8927,#8933),.PCURVE_S1.);
#8923 = LINE('',#8924,#8925);
#8924 = CARTESIAN_POINT('',(20.45,10.,-58.));
#8925 = VECTOR('',#8926,1.);
#8926 = DIRECTION('',(1.,0.,2.22044604925E-16));
#8927 = PCURVE('',#3540,#8928);
#8928 = DEFINITIONAL_REPRESENTATION('',(#8929),#8932);
#8929 = B_SPLINE_CURVE_WITH_KNOTS('',1,(#8930,#8931),.UNSPECIFIED.,.F.,
  .F.,(2,2),(-2.399999999625E-06,3.0000024),.PIECEWISE_BEZIER_KNOTS.);
#8930 = CARTESIAN_POINT('',(22.,2.399999999625E-06));
#8931 = CARTESIAN_POINT('',(22.,-3.0000024));
#8932 = ( GEOMETRIC_REPRESENTATION_CONTEXT(2) 
PARAMETRIC_REPRESENTATION_CONTEXT() REPRESENTATION_CONTEXT('2D SPACE',''
  ) );
#8933 = PCURVE('',#3512,#8934);
#8934 = DEFINITIONAL_REPRESENTATION('',(#8935),#8938);
#8935 = B_SPLINE_CURVE_WITH_KNOTS('',1,(#8936,#8937),.UNSPECIFIED.,.F.,
  .F.,(2,2),(2.208810534619E-29,3.),.PIECEWISE_BEZIER_KNOTS.);
#8936 = CARTESIAN_POINT('',(7.853981633974,2.208810534619E-29));
#8937 = CARTESIAN_POINT('',(7.853981633974,3.));
#8938 = ( GEOMETRIC_REPRESENTATION_CONTEXT(2) 
PARAMETRIC_REPRESENTATION_CONTEXT() REPRESENTATION_CONTEXT('2D SPACE',''
  ) );
#8939 = ORIENTED_EDGE('',*,*,#3524,.T.);
#8940 = ORIENTED_EDGE('',*,*,#8893,.F.);
#8941 = ADVANCED_FACE('',(#8942),#3512,.T.);
#8942 = FACE_BOUND('',#8943,.T.);
#8943 = EDGE_LOOP('',(#8944,#8945,#8964,#8965));
#8944 = ORIENTED_EDGE('',*,*,#3495,.F.);
#8945 = ORIENTED_EDGE('',*,*,#8946,.F.);
#8946 = EDGE_CURVE('',#7456,#3468,#8947,.T.);
#8947 = SURFACE_CURVE('',#8948,(#8952,#8958),.PCURVE_S1.);
#8948 = LINE('',#8949,#8950);
#8949 = CARTESIAN_POINT('',(20.45,-10.,-58.));
#8950 = VECTOR('',#8951,1.);
#8951 = DIRECTION('',(1.,0.,2.22044604925E-16));
#8952 = PCURVE('',#3512,#8953);
#8953 = DEFINITIONAL_REPRESENTATION('',(#8954),#8957);
#8954 = B_SPLINE_CURVE_WITH_KNOTS('',1,(#8955,#8956),.UNSPECIFIED.,.F.,
  .F.,(2,2),(2.524354896707E-29,3.),.PIECEWISE_BEZIER_KNOTS.);
#8955 = CARTESIAN_POINT('',(4.712388980385,2.524354896707E-29));
#8956 = CARTESIAN_POINT('',(4.712388980385,3.));
#8957 = ( GEOMETRIC_REPRESENTATION_CONTEXT(2) 
PARAMETRIC_REPRESENTATION_CONTEXT() REPRESENTATION_CONTEXT('2D SPACE',''
  ) );
#8958 = PCURVE('',#3483,#8959);
#8959 = DEFINITIONAL_REPRESENTATION('',(#8960),#8963);
#8960 = B_SPLINE_CURVE_WITH_KNOTS('',1,(#8961,#8962),.UNSPECIFIED.,.F.,
  .F.,(2,2),(-2.399999999625E-06,3.0000024),.PIECEWISE_BEZIER_KNOTS.);
#8961 = CARTESIAN_POINT('',(2.,2.399999999625E-06));
#8962 = CARTESIAN_POINT('',(2.,-3.0000024));
#8963 = ( GEOMETRIC_REPRESENTATION_CONTEXT(2) 
PARAMETRIC_REPRESENTATION_CONTEXT() REPRESENTATION_CONTEXT('2D SPACE',''
  ) );
#8964 = ORIENTED_EDGE('',*,*,#7478,.F.);
#8965 = ORIENTED_EDGE('',*,*,#8921,.T.);
#8966 = ADVANCED_FACE('',(#8967),#3483,.F.);
#8967 = FACE_BOUND('',#8968,.F.);
#8968 = EDGE_LOOP('',(#8969,#8970,#8991,#8992));
#8969 = ORIENTED_EDGE('',*,*,#7455,.F.);
#8970 = ORIENTED_EDGE('',*,*,#8971,.T.);
#8971 = EDGE_CURVE('',#7433,#3440,#8972,.T.);
#8972 = SURFACE_CURVE('',#8973,(#8977,#8984),.PCURVE_S1.);
#8973 = LINE('',#8974,#8975);
#8974 = CARTESIAN_POINT('',(20.45,-12.,-58.));
#8975 = VECTOR('',#8976,1.);
#8976 = DIRECTION('',(1.,0.,0.));
#8977 = PCURVE('',#3483,#8978);
#8978 = DEFINITIONAL_REPRESENTATION('',(#8979),#8983);
#8979 = LINE('',#8980,#8981);
#8980 = CARTESIAN_POINT('',(0.,0.));
#8981 = VECTOR('',#8982,1.);
#8982 = DIRECTION('',(0.,-1.));
#8983 = ( GEOMETRIC_REPRESENTATION_CONTEXT(2) 
PARAMETRIC_REPRESENTATION_CONTEXT() REPRESENTATION_CONTEXT('2D SPACE',''
  ) );
#8984 = PCURVE('',#3455,#8985);
#8985 = DEFINITIONAL_REPRESENTATION('',(#8986),#8990);
#8986 = LINE('',#8987,#8988);
#8987 = CARTESIAN_POINT('',(16.3,0.));
#8988 = VECTOR('',#8989,1.);
#8989 = DIRECTION('',(0.,-1.));
#8990 = ( GEOMETRIC_REPRESENTATION_CONTEXT(2) 
PARAMETRIC_REPRESENTATION_CONTEXT() REPRESENTATION_CONTEXT('2D SPACE',''
  ) );
#8991 = ORIENTED_EDGE('',*,*,#3467,.T.);
#8992 = ORIENTED_EDGE('',*,*,#8946,.F.);
#8993 = ADVANCED_FACE('',(#8994),#3455,.F.);
#8994 = FACE_BOUND('',#8995,.F.);
#8995 = EDGE_LOOP('',(#8996,#9017,#9018,#9019));
#8996 = ORIENTED_EDGE('',*,*,#8997,.T.);
#8997 = EDGE_CURVE('',#7410,#3412,#8998,.T.);
#8998 = SURFACE_CURVE('',#8999,(#9003,#9010),.PCURVE_S1.);
#8999 = LINE('',#9000,#9001);
#9000 = CARTESIAN_POINT('',(20.45,-12.,-41.7));
#9001 = VECTOR('',#9002,1.);
#9002 = DIRECTION('',(1.,0.,0.));
#9003 = PCURVE('',#3455,#9004);
#9004 = DEFINITIONAL_REPRESENTATION('',(#9005),#9009);
#9005 = LINE('',#9006,#9007);
#9006 = CARTESIAN_POINT('',(0.,0.));
#9007 = VECTOR('',#9008,1.);
#9008 = DIRECTION('',(0.,-1.));
#9009 = ( GEOMETRIC_REPRESENTATION_CONTEXT(2) 
PARAMETRIC_REPRESENTATION_CONTEXT() REPRESENTATION_CONTEXT('2D SPACE',''
  ) );
#9010 = PCURVE('',#3427,#9011);
#9011 = DEFINITIONAL_REPRESENTATION('',(#9012),#9016);
#9012 = LINE('',#9013,#9014);
#9013 = CARTESIAN_POINT('',(3.535533905933,0.));
#9014 = VECTOR('',#9015,1.);
#9015 = DIRECTION('',(0.,-1.));
#9016 = ( GEOMETRIC_REPRESENTATION_CONTEXT(2) 
PARAMETRIC_REPRESENTATION_CONTEXT() REPRESENTATION_CONTEXT('2D SPACE',''
  ) );
#9017 = ORIENTED_EDGE('',*,*,#3439,.T.);
#9018 = ORIENTED_EDGE('',*,*,#8971,.F.);
#9019 = ORIENTED_EDGE('',*,*,#7432,.F.);
#9020 = ADVANCED_FACE('',(#9021),#3427,.F.);
#9021 = FACE_BOUND('',#9022,.F.);
#9022 = EDGE_LOOP('',(#9023,#9044,#9045,#9046));
#9023 = ORIENTED_EDGE('',*,*,#9024,.T.);
#9024 = EDGE_CURVE('',#7388,#3384,#9025,.T.);
#9025 = SURFACE_CURVE('',#9026,(#9030,#9037),.PCURVE_S1.);
#9026 = LINE('',#9027,#9028);
#9027 = CARTESIAN_POINT('',(20.45,-14.5,-39.2));
#9028 = VECTOR('',#9029,1.);
#9029 = DIRECTION('',(1.,0.,0.));
#9030 = PCURVE('',#3427,#9031);
#9031 = DEFINITIONAL_REPRESENTATION('',(#9032),#9036);
#9032 = LINE('',#9033,#9034);
#9033 = CARTESIAN_POINT('',(0.,0.));
#9034 = VECTOR('',#9035,1.);
#9035 = DIRECTION('',(0.,-1.));
#9036 = ( GEOMETRIC_REPRESENTATION_CONTEXT(2) 
PARAMETRIC_REPRESENTATION_CONTEXT() REPRESENTATION_CONTEXT('2D SPACE',''
  ) );
#9037 = PCURVE('',#3399,#9038);
#9038 = DEFINITIONAL_REPRESENTATION('',(#9039),#9043);
#9039 = LINE('',#9040,#9041);
#9040 = CARTESIAN_POINT('',(40.25,1.));
#9041 = VECTOR('',#9042,1.);
#9042 = DIRECTION('',(1.,0.));
#9043 = ( GEOMETRIC_REPRESENTATION_CONTEXT(2) 
PARAMETRIC_REPRESENTATION_CONTEXT() REPRESENTATION_CONTEXT('2D SPACE',''
  ) );
#9044 = ORIENTED_EDGE('',*,*,#3411,.T.);
#9045 = ORIENTED_EDGE('',*,*,#8997,.F.);
#9046 = ORIENTED_EDGE('',*,*,#7409,.F.);
#9047 = ADVANCED_FACE('',(#9048),#3399,.F.);
#9048 = FACE_BOUND('',#9049,.F.);
#9049 = EDGE_LOOP('',(#9050,#9051,#9052,#9073,#9094,#9115,#9136,#9162,
    #9183,#9184,#9185,#9186,#9187,#9208,#9229,#9248,#9249,#9250));
#9050 = ORIENTED_EDGE('',*,*,#6006,.F.);
#9051 = ORIENTED_EDGE('',*,*,#6327,.T.);
#9052 = ORIENTED_EDGE('',*,*,#9053,.T.);
#9053 = EDGE_CURVE('',#6328,#9054,#9056,.T.);
#9054 = VERTEX_POINT('',#9055);
#9055 = CARTESIAN_POINT('',(-16.65,-14.13717147174,-39.2));
#9056 = SURFACE_CURVE('',#9057,(#9061,#9067),.PCURVE_S1.);
#9057 = LINE('',#9058,#9059);
#9058 = CARTESIAN_POINT('',(-16.65,-23.35699178846,-39.2));
#9059 = VECTOR('',#9060,1.);
#9060 = DIRECTION('',(1.273257708998E-17,1.,-0.));
#9061 = PCURVE('',#3399,#9062);
#9062 = DEFINITIONAL_REPRESENTATION('',(#9063),#9066);
#9063 = B_SPLINE_CURVE_WITH_KNOTS('',1,(#9064,#9065),.UNSPECIFIED.,.F.,
  .F.,(2,2),(7.856991788466,9.219820316717),.PIECEWISE_BEZIER_KNOTS.);
#9064 = CARTESIAN_POINT('',(3.15,0.));
#9065 = CARTESIAN_POINT('',(3.15,1.362828528251));
#9066 = ( GEOMETRIC_REPRESENTATION_CONTEXT(2) 
PARAMETRIC_REPRESENTATION_CONTEXT() REPRESENTATION_CONTEXT('2D SPACE',''
  ) );
#9067 = PCURVE('',#6465,#9068);
#9068 = DEFINITIONAL_REPRESENTATION('',(#9069),#9072);
#9069 = B_SPLINE_CURVE_WITH_KNOTS('',1,(#9070,#9071),.UNSPECIFIED.,.F.,
  .F.,(2,2),(7.856991788466,9.219820316717),.PIECEWISE_BEZIER_KNOTS.);
#9070 = CARTESIAN_POINT('',(7.337314722728,20.802575295194));
#9071 = CARTESIAN_POINT('',(8.562216890047,21.4));
#9072 = ( GEOMETRIC_REPRESENTATION_CONTEXT(2) 
PARAMETRIC_REPRESENTATION_CONTEXT() REPRESENTATION_CONTEXT('2D SPACE',''
  ) );
#9073 = ORIENTED_EDGE('',*,*,#9074,.F.);
#9074 = EDGE_CURVE('',#9075,#9054,#9077,.T.);
#9075 = VERTEX_POINT('',#9076);
#9076 = CARTESIAN_POINT('',(-14.75,-14.13717147174,-39.2));
#9077 = SURFACE_CURVE('',#9078,(#9082,#9088),.PCURVE_S1.);
#9078 = LINE('',#9079,#9080);
#9079 = CARTESIAN_POINT('',(-18.225,-14.13717147174,-39.2));
#9080 = VECTOR('',#9081,1.);
#9081 = DIRECTION('',(-1.,-5.06521942768E-16,0.));
#9082 = PCURVE('',#3399,#9083);
#9083 = DEFINITIONAL_REPRESENTATION('',(#9084),#9087);
#9084 = B_SPLINE_CURVE_WITH_KNOTS('',1,(#9085,#9086),.UNSPECIFIED.,.F.,
  .F.,(2,2),(-3.475,-1.575),.PIECEWISE_BEZIER_KNOTS.);
#9085 = CARTESIAN_POINT('',(5.05,1.362828528251));
#9086 = CARTESIAN_POINT('',(3.15,1.362828528251));
#9087 = ( GEOMETRIC_REPRESENTATION_CONTEXT(2) 
PARAMETRIC_REPRESENTATION_CONTEXT() REPRESENTATION_CONTEXT('2D SPACE',''
  ) );
#9088 = PCURVE('',#6441,#9089);
#9089 = DEFINITIONAL_REPRESENTATION('',(#9090),#9093);
#9090 = B_SPLINE_CURVE_WITH_KNOTS('',1,(#9091,#9092),.UNSPECIFIED.,.F.,
  .F.,(2,2),(-3.475,-1.575),.PIECEWISE_BEZIER_KNOTS.);
#9091 = CARTESIAN_POINT('',(8.562216890047,-1.9));
#9092 = CARTESIAN_POINT('',(8.562216890047,0.));
#9093 = ( GEOMETRIC_REPRESENTATION_CONTEXT(2) 
PARAMETRIC_REPRESENTATION_CONTEXT() REPRESENTATION_CONTEXT('2D SPACE',''
  ) );
#9094 = ORIENTED_EDGE('',*,*,#9095,.T.);
#9095 = EDGE_CURVE('',#9075,#9096,#9098,.T.);
#9096 = VERTEX_POINT('',#9097);
#9097 = CARTESIAN_POINT('',(-14.75,-10.35042589745,-39.2));
#9098 = SURFACE_CURVE('',#9099,(#9103,#9109),.PCURVE_S1.);
#9099 = LINE('',#9100,#9101);
#9100 = CARTESIAN_POINT('',(-14.75,-26.23746316993,-39.2));
#9101 = VECTOR('',#9102,1.);
#9102 = DIRECTION('',(1.273257708998E-17,1.,-0.));
#9103 = PCURVE('',#3399,#9104);
#9104 = DEFINITIONAL_REPRESENTATION('',(#9105),#9108);
#9105 = B_SPLINE_CURVE_WITH_KNOTS('',1,(#9106,#9107),.UNSPECIFIED.,.F.,
  .F.,(2,2),(10.737463169938,40.237463169938),.PIECEWISE_BEZIER_KNOTS.);
#9106 = CARTESIAN_POINT('',(5.05,0.));
#9107 = CARTESIAN_POINT('',(5.05,29.5));
#9108 = ( GEOMETRIC_REPRESENTATION_CONTEXT(2) 
PARAMETRIC_REPRESENTATION_CONTEXT() REPRESENTATION_CONTEXT('2D SPACE',''
  ) );
#9109 = PCURVE('',#6415,#9110);
#9110 = DEFINITIONAL_REPRESENTATION('',(#9111),#9114);
#9111 = B_SPLINE_CURVE_WITH_KNOTS('',1,(#9112,#9113),.UNSPECIFIED.,.F.,
  .F.,(2,2),(10.737463169938,40.237463169938),.PIECEWISE_BEZIER_KNOTS.);
#9112 = CARTESIAN_POINT('',(12.937314722728,22.462575295194));
#9113 = CARTESIAN_POINT('',(39.451739088554,35.394524125471));
#9114 = ( GEOMETRIC_REPRESENTATION_CONTEXT(2) 
PARAMETRIC_REPRESENTATION_CONTEXT() REPRESENTATION_CONTEXT('2D SPACE',''
  ) );
#9115 = ORIENTED_EDGE('',*,*,#9116,.F.);
#9116 = EDGE_CURVE('',#9117,#9096,#9119,.T.);
#9117 = VERTEX_POINT('',#9118);
#9118 = CARTESIAN_POINT('',(17.35,-10.35042589745,-39.2));
#9119 = SURFACE_CURVE('',#9120,(#9124,#9130),.PCURVE_S1.);
#9120 = LINE('',#9121,#9122);
#9121 = CARTESIAN_POINT('',(-17.275,-10.35042589745,-39.2));
#9122 = VECTOR('',#9123,1.);
#9123 = DIRECTION('',(-1.,-5.06521942768E-16,0.));
#9124 = PCURVE('',#3399,#9125);
#9125 = DEFINITIONAL_REPRESENTATION('',(#9126),#9129);
#9126 = B_SPLINE_CURVE_WITH_KNOTS('',1,(#9127,#9128),.UNSPECIFIED.,.F.,
  .F.,(2,2),(-34.625,-2.525),.PIECEWISE_BEZIER_KNOTS.);
#9127 = CARTESIAN_POINT('',(37.15,5.149574102541));
#9128 = CARTESIAN_POINT('',(5.05,5.149574102541));
#9129 = ( GEOMETRIC_REPRESENTATION_CONTEXT(2) 
PARAMETRIC_REPRESENTATION_CONTEXT() REPRESENTATION_CONTEXT('2D SPACE',''
  ) );
#9130 = PCURVE('',#6389,#9131);
#9131 = DEFINITIONAL_REPRESENTATION('',(#9132),#9135);
#9132 = B_SPLINE_CURVE_WITH_KNOTS('',1,(#9133,#9134),.UNSPECIFIED.,.F.,
  .F.,(2,2),(-34.625,-2.525),.PIECEWISE_BEZIER_KNOTS.);
#9133 = CARTESIAN_POINT('',(17.565721267069,-32.1));
#9134 = CARTESIAN_POINT('',(17.565721267069,0.));
#9135 = ( GEOMETRIC_REPRESENTATION_CONTEXT(2) 
PARAMETRIC_REPRESENTATION_CONTEXT() REPRESENTATION_CONTEXT('2D SPACE',''
  ) );
#9136 = ORIENTED_EDGE('',*,*,#9137,.F.);
#9137 = EDGE_CURVE('',#9138,#9117,#9140,.T.);
#9138 = VERTEX_POINT('',#9139);
#9139 = CARTESIAN_POINT('',(17.35,-15.5,-39.2));
#9140 = SURFACE_CURVE('',#9141,(#9145,#9151),.PCURVE_S1.);
#9141 = LINE('',#9142,#9143);
#9142 = CARTESIAN_POINT('',(17.35,-26.23746316993,-39.2));
#9143 = VECTOR('',#9144,1.);
#9144 = DIRECTION('',(1.273257708998E-17,1.,-0.));
#9145 = PCURVE('',#3399,#9146);
#9146 = DEFINITIONAL_REPRESENTATION('',(#9147),#9150);
#9147 = B_SPLINE_CURVE_WITH_KNOTS('',1,(#9148,#9149),.UNSPECIFIED.,.F.,
  .F.,(2,2),(10.737463169938,40.237463169938),.PIECEWISE_BEZIER_KNOTS.);
#9148 = CARTESIAN_POINT('',(37.15,0.));
#9149 = CARTESIAN_POINT('',(37.15,29.5));
#9150 = ( GEOMETRIC_REPRESENTATION_CONTEXT(2) 
PARAMETRIC_REPRESENTATION_CONTEXT() REPRESENTATION_CONTEXT('2D SPACE',''
  ) );
#9151 = PCURVE('',#9152,#9157);
#9152 = PLANE('',#9153);
#9153 = AXIS2_PLACEMENT_3D('',#9154,#9155,#9156);
#9154 = CARTESIAN_POINT('',(17.35,-36.97492633987,-53.71788344849));
#9155 = DIRECTION('',(1.,-1.273257708998E-17,2.532573510948E-16));
#9156 = DIRECTION('',(1.224646799147E-16,0.898794046299,-0.438371146789)
  );
#9157 = DEFINITIONAL_REPRESENTATION('',(#9158),#9161);
#9158 = B_SPLINE_CURVE_WITH_KNOTS('',1,(#9159,#9160),.UNSPECIFIED.,.F.,
  .F.,(2,2),(10.737463169938,40.237463169938),.PIECEWISE_BEZIER_KNOTS.);
#9159 = CARTESIAN_POINT('',(12.937314722728,22.462575295194));
#9160 = CARTESIAN_POINT('',(39.451739088554,35.394524125471));
#9161 = ( GEOMETRIC_REPRESENTATION_CONTEXT(2) 
PARAMETRIC_REPRESENTATION_CONTEXT() REPRESENTATION_CONTEXT('2D SPACE',''
  ) );
#9162 = ORIENTED_EDGE('',*,*,#9163,.T.);
#9163 = EDGE_CURVE('',#9138,#3356,#9164,.T.);
#9164 = SURFACE_CURVE('',#9165,(#9169,#9176),.PCURVE_S1.);
#9165 = LINE('',#9166,#9167);
#9166 = CARTESIAN_POINT('',(-19.8,-15.5,-39.2));
#9167 = VECTOR('',#9168,1.);
#9168 = DIRECTION('',(1.,0.,-0.));
#9169 = PCURVE('',#3399,#9170);
#9170 = DEFINITIONAL_REPRESENTATION('',(#9171),#9175);
#9171 = LINE('',#9172,#9173);
#9172 = CARTESIAN_POINT('',(0.,0.));
#9173 = VECTOR('',#9174,1.);
#9174 = DIRECTION('',(1.,0.));
#9175 = ( GEOMETRIC_REPRESENTATION_CONTEXT(2) 
PARAMETRIC_REPRESENTATION_CONTEXT() REPRESENTATION_CONTEXT('2D SPACE',''
  ) );
#9176 = PCURVE('',#3371,#9177);
#9177 = DEFINITIONAL_REPRESENTATION('',(#9178),#9182);
#9178 = LINE('',#9179,#9180);
#9179 = CARTESIAN_POINT('',(0.,0.));
#9180 = VECTOR('',#9181,1.);
#9181 = DIRECTION('',(0.,1.));
#9182 = ( GEOMETRIC_REPRESENTATION_CONTEXT(2) 
PARAMETRIC_REPRESENTATION_CONTEXT() REPRESENTATION_CONTEXT('2D SPACE',''
  ) );
#9183 = ORIENTED_EDGE('',*,*,#3383,.T.);
#9184 = ORIENTED_EDGE('',*,*,#9024,.F.);
#9185 = ORIENTED_EDGE('',*,*,#7387,.T.);
#9186 = ORIENTED_EDGE('',*,*,#5431,.F.);
#9187 = ORIENTED_EDGE('',*,*,#9188,.F.);
#9188 = EDGE_CURVE('',#9189,#5432,#9191,.T.);
#9189 = VERTEX_POINT('',#9190);
#9190 = CARTESIAN_POINT('',(17.35,10.350425897459,-39.2));
#9191 = SURFACE_CURVE('',#9192,(#9196,#9202),.PCURVE_S1.);
#9192 = LINE('',#9193,#9194);
#9193 = CARTESIAN_POINT('',(17.35,-26.23746316993,-39.2));
#9194 = VECTOR('',#9195,1.);
#9195 = DIRECTION('',(1.273257708998E-17,1.,-0.));
#9196 = PCURVE('',#3399,#9197);
#9197 = DEFINITIONAL_REPRESENTATION('',(#9198),#9201);
#9198 = B_SPLINE_CURVE_WITH_KNOTS('',1,(#9199,#9200),.UNSPECIFIED.,.F.,
  .F.,(2,2),(10.737463169938,40.237463169938),.PIECEWISE_BEZIER_KNOTS.);
#9199 = CARTESIAN_POINT('',(37.15,0.));
#9200 = CARTESIAN_POINT('',(37.15,29.5));
#9201 = ( GEOMETRIC_REPRESENTATION_CONTEXT(2) 
PARAMETRIC_REPRESENTATION_CONTEXT() REPRESENTATION_CONTEXT('2D SPACE',''
  ) );
#9202 = PCURVE('',#5469,#9203);
#9203 = DEFINITIONAL_REPRESENTATION('',(#9204),#9207);
#9204 = B_SPLINE_CURVE_WITH_KNOTS('',1,(#9205,#9206),.UNSPECIFIED.,.F.,
  .F.,(2,2),(10.737463169938,40.237463169938),.PIECEWISE_BEZIER_KNOTS.);
#9205 = CARTESIAN_POINT('',(12.937314722728,22.462575295194));
#9206 = CARTESIAN_POINT('',(39.451739088554,35.394524125471));
#9207 = ( GEOMETRIC_REPRESENTATION_CONTEXT(2) 
PARAMETRIC_REPRESENTATION_CONTEXT() REPRESENTATION_CONTEXT('2D SPACE',''
  ) );
#9208 = ORIENTED_EDGE('',*,*,#9209,.F.);
#9209 = EDGE_CURVE('',#9210,#9189,#9212,.T.);
#9210 = VERTEX_POINT('',#9211);
#9211 = CARTESIAN_POINT('',(-14.75,10.350425897459,-39.2));
#9212 = SURFACE_CURVE('',#9213,(#9217,#9223),.PCURVE_S1.);
#9213 = LINE('',#9214,#9215);
#9214 = CARTESIAN_POINT('',(-17.275,10.350425897459,-39.2));
#9215 = VECTOR('',#9216,1.);
#9216 = DIRECTION('',(1.,-5.06521942768E-16,0.));
#9217 = PCURVE('',#3399,#9218);
#9218 = DEFINITIONAL_REPRESENTATION('',(#9219),#9222);
#9219 = B_SPLINE_CURVE_WITH_KNOTS('',1,(#9220,#9221),.UNSPECIFIED.,.F.,
  .F.,(2,2),(2.525,34.625),.PIECEWISE_BEZIER_KNOTS.);
#9220 = CARTESIAN_POINT('',(5.05,25.850425897459));
#9221 = CARTESIAN_POINT('',(37.15,25.850425897459));
#9222 = ( GEOMETRIC_REPRESENTATION_CONTEXT(2) 
PARAMETRIC_REPRESENTATION_CONTEXT() REPRESENTATION_CONTEXT('2D SPACE',''
  ) );
#9223 = PCURVE('',#5495,#9224);
#9224 = DEFINITIONAL_REPRESENTATION('',(#9225),#9228);
#9225 = B_SPLINE_CURVE_WITH_KNOTS('',1,(#9226,#9227),.UNSPECIFIED.,.F.,
  .F.,(2,2),(2.525,34.625),.PIECEWISE_BEZIER_KNOTS.);
#9226 = CARTESIAN_POINT('',(52.654278732931,3.10862446895E-15));
#9227 = CARTESIAN_POINT('',(52.654278732931,-32.1));
#9228 = ( GEOMETRIC_REPRESENTATION_CONTEXT(2) 
PARAMETRIC_REPRESENTATION_CONTEXT() REPRESENTATION_CONTEXT('2D SPACE',''
  ) );
#9229 = ORIENTED_EDGE('',*,*,#9230,.T.);
#9230 = EDGE_CURVE('',#9210,#5342,#9231,.T.);
#9231 = SURFACE_CURVE('',#9232,(#9236,#9242),.PCURVE_S1.);
#9232 = LINE('',#9233,#9234);
#9233 = CARTESIAN_POINT('',(-14.75,-26.23746316993,-39.2));
#9234 = VECTOR('',#9235,1.);
#9235 = DIRECTION('',(1.273257708998E-17,1.,-0.));
#9236 = PCURVE('',#3399,#9237);
#9237 = DEFINITIONAL_REPRESENTATION('',(#9238),#9241);
#9238 = B_SPLINE_CURVE_WITH_KNOTS('',1,(#9239,#9240),.UNSPECIFIED.,.F.,
  .F.,(2,2),(10.737463169938,40.237463169938),.PIECEWISE_BEZIER_KNOTS.);
#9239 = CARTESIAN_POINT('',(5.05,0.));
#9240 = CARTESIAN_POINT('',(5.05,29.5));
#9241 = ( GEOMETRIC_REPRESENTATION_CONTEXT(2) 
PARAMETRIC_REPRESENTATION_CONTEXT() REPRESENTATION_CONTEXT('2D SPACE',''
  ) );
#9242 = PCURVE('',#5519,#9243);
#9243 = DEFINITIONAL_REPRESENTATION('',(#9244),#9247);
#9244 = B_SPLINE_CURVE_WITH_KNOTS('',1,(#9245,#9246),.UNSPECIFIED.,.F.,
  .F.,(2,2),(10.737463169938,40.237463169938),.PIECEWISE_BEZIER_KNOTS.);
#9245 = CARTESIAN_POINT('',(12.937314722728,22.462575295194));
#9246 = CARTESIAN_POINT('',(39.451739088554,35.394524125471));
#9247 = ( GEOMETRIC_REPRESENTATION_CONTEXT(2) 
PARAMETRIC_REPRESENTATION_CONTEXT() REPRESENTATION_CONTEXT('2D SPACE',''
  ) );
#9248 = ORIENTED_EDGE('',*,*,#5339,.F.);
#9249 = ORIENTED_EDGE('',*,*,#5755,.F.);
#9250 = ORIENTED_EDGE('',*,*,#9251,.F.);
#9251 = EDGE_CURVE('',#6007,#5534,#9252,.T.);
#9252 = SURFACE_CURVE('',#9253,(#9257,#9264),.PCURVE_S1.);
#9253 = LINE('',#9254,#9255);
#9254 = CARTESIAN_POINT('',(-19.8,-14.5,-39.2));
#9255 = VECTOR('',#9256,1.);
#9256 = DIRECTION('',(1.,0.,0.));
#9257 = PCURVE('',#3399,#9258);
#9258 = DEFINITIONAL_REPRESENTATION('',(#9259),#9263);
#9259 = LINE('',#9260,#9261);
#9260 = CARTESIAN_POINT('',(0.,1.));
#9261 = VECTOR('',#9262,1.);
#9262 = DIRECTION('',(1.,0.));
#9263 = ( GEOMETRIC_REPRESENTATION_CONTEXT(2) 
PARAMETRIC_REPRESENTATION_CONTEXT() REPRESENTATION_CONTEXT('2D SPACE',''
  ) );
#9264 = PCURVE('',#5551,#9265);
#9265 = DEFINITIONAL_REPRESENTATION('',(#9266),#9270);
#9266 = LINE('',#9267,#9268);
#9267 = CARTESIAN_POINT('',(0.,0.));
#9268 = VECTOR('',#9269,1.);
#9269 = DIRECTION('',(0.,-1.));
#9270 = ( GEOMETRIC_REPRESENTATION_CONTEXT(2) 
PARAMETRIC_REPRESENTATION_CONTEXT() REPRESENTATION_CONTEXT('2D SPACE',''
  ) );
#9271 = ADVANCED_FACE('',(#9272),#3371,.F.);
#9272 = FACE_BOUND('',#9273,.F.);
#9273 = EDGE_LOOP('',(#9274,#9295,#9296,#9297));
#9274 = ORIENTED_EDGE('',*,*,#9275,.T.);
#9275 = EDGE_CURVE('',#9276,#3330,#9278,.T.);
#9276 = VERTEX_POINT('',#9277);
#9277 = CARTESIAN_POINT('',(17.35,-15.5,-36.81722085539));
#9278 = SURFACE_CURVE('',#9279,(#9283,#9289),.PCURVE_S1.);
#9279 = LINE('',#9280,#9281);
#9280 = CARTESIAN_POINT('',(-1.4,-15.5,-36.81722085539));
#9281 = VECTOR('',#9282,1.);
#9282 = DIRECTION('',(1.,0.,0.));
#9283 = PCURVE('',#3371,#9284);
#9284 = DEFINITIONAL_REPRESENTATION('',(#9285),#9288);
#9285 = B_SPLINE_CURVE_WITH_KNOTS('',1,(#9286,#9287),.UNSPECIFIED.,.F.,
  .F.,(2,2),(18.4,24.85),.PIECEWISE_BEZIER_KNOTS.);
#9286 = CARTESIAN_POINT('',(2.382779144609,36.8));
#9287 = CARTESIAN_POINT('',(2.382779144609,43.25));
#9288 = ( GEOMETRIC_REPRESENTATION_CONTEXT(2) 
PARAMETRIC_REPRESENTATION_CONTEXT() REPRESENTATION_CONTEXT('2D SPACE',''
  ) );
#9289 = PCURVE('',#3344,#9290);
#9290 = DEFINITIONAL_REPRESENTATION('',(#9291),#9294);
#9291 = B_SPLINE_CURVE_WITH_KNOTS('',1,(#9292,#9293),.UNSPECIFIED.,.F.,
  .F.,(2,2),(18.4,24.85),.PIECEWISE_BEZIER_KNOTS.);
#9292 = CARTESIAN_POINT('',(38.507534632856,0.));
#9293 = CARTESIAN_POINT('',(38.507534632856,-6.45));
#9294 = ( GEOMETRIC_REPRESENTATION_CONTEXT(2) 
PARAMETRIC_REPRESENTATION_CONTEXT() REPRESENTATION_CONTEXT('2D SPACE',''
  ) );
#9295 = ORIENTED_EDGE('',*,*,#3355,.F.);
#9296 = ORIENTED_EDGE('',*,*,#9163,.F.);
#9297 = ORIENTED_EDGE('',*,*,#9298,.F.);
#9298 = EDGE_CURVE('',#9276,#9138,#9299,.T.);
#9299 = SURFACE_CURVE('',#9300,(#9304,#9310),.PCURVE_S1.);
#9300 = LINE('',#9301,#9302);
#9301 = CARTESIAN_POINT('',(17.35,-15.5,-46.45894172424));
#9302 = VECTOR('',#9303,1.);
#9303 = DIRECTION('',(2.532573510948E-16,0.,-1.));
#9304 = PCURVE('',#3371,#9305);
#9305 = DEFINITIONAL_REPRESENTATION('',(#9306),#9309);
#9306 = B_SPLINE_CURVE_WITH_KNOTS('',1,(#9307,#9308),.UNSPECIFIED.,.F.,
  .F.,(2,2),(-10.45894172424,-7.258941724247),.PIECEWISE_BEZIER_KNOTS.);
#9307 = CARTESIAN_POINT('',(3.2,37.15));
#9308 = CARTESIAN_POINT('',(0.,37.15));
#9309 = ( GEOMETRIC_REPRESENTATION_CONTEXT(2) 
PARAMETRIC_REPRESENTATION_CONTEXT() REPRESENTATION_CONTEXT('2D SPACE',''
  ) );
#9310 = PCURVE('',#9152,#9311);
#9311 = DEFINITIONAL_REPRESENTATION('',(#9312),#9315);
#9312 = B_SPLINE_CURVE_WITH_KNOTS('',1,(#9313,#9314),.UNSPECIFIED.,.F.,
  .F.,(2,2),(-10.45894172424,-7.258941724247),.PIECEWISE_BEZIER_KNOTS.);
#9313 = CARTESIAN_POINT('',(11.534527053003,25.338716243351));
#9314 = CARTESIAN_POINT('',(12.937314722728,22.462575295194));
#9315 = ( GEOMETRIC_REPRESENTATION_CONTEXT(2) 
PARAMETRIC_REPRESENTATION_CONTEXT() REPRESENTATION_CONTEXT('2D SPACE',''
  ) );
#9316 = ADVANCED_FACE('',(#9317),#3344,.T.);
#9317 = FACE_BOUND('',#9318,.T.);
#9318 = EDGE_LOOP('',(#9319,#9320,#9341,#9360,#9361,#9362,#9363,#9364));
#9319 = ORIENTED_EDGE('',*,*,#6566,.F.);
#9320 = ORIENTED_EDGE('',*,*,#9321,.T.);
#9321 = EDGE_CURVE('',#6546,#9322,#9324,.T.);
#9322 = VERTEX_POINT('',#9323);
#9323 = CARTESIAN_POINT('',(17.35,-15.45105462022,-36.71225714973));
#9324 = SURFACE_CURVE('',#9325,(#9329,#9335),.PCURVE_S1.);
#9325 = LINE('',#9326,#9327);
#9326 = CARTESIAN_POINT('',(1.125,-15.45105462022,-36.71225714973));
#9327 = VECTOR('',#9328,1.);
#9328 = DIRECTION('',(1.,9.385439944195E-17,2.012714091235E-16));
#9329 = PCURVE('',#3344,#9330);
#9330 = DEFINITIONAL_REPRESENTATION('',(#9331),#9334);
#9331 = B_SPLINE_CURVE_WITH_KNOTS('',1,(#9332,#9333),.UNSPECIFIED.,.F.,
  .F.,(2,2),(15.875,16.225),.PIECEWISE_BEZIER_KNOTS.);
#9332 = CARTESIAN_POINT('',(38.623349267972,0.));
#9333 = CARTESIAN_POINT('',(38.623349267972,-0.35));
#9334 = ( GEOMETRIC_REPRESENTATION_CONTEXT(2) 
PARAMETRIC_REPRESENTATION_CONTEXT() REPRESENTATION_CONTEXT('2D SPACE',''
  ) );
#9335 = PCURVE('',#6389,#9336);
#9336 = DEFINITIONAL_REPRESENTATION('',(#9337),#9340);
#9337 = B_SPLINE_CURVE_WITH_KNOTS('',1,(#9338,#9339),.UNSPECIFIED.,.F.,
  .F.,(2,2),(15.875,16.225),.PIECEWISE_BEZIER_KNOTS.);
#9338 = CARTESIAN_POINT('',(11.890751852477,-31.75));
#9339 = CARTESIAN_POINT('',(11.890751852477,-32.1));
#9340 = ( GEOMETRIC_REPRESENTATION_CONTEXT(2) 
PARAMETRIC_REPRESENTATION_CONTEXT() REPRESENTATION_CONTEXT('2D SPACE',''
  ) );
#9341 = ORIENTED_EDGE('',*,*,#9342,.T.);
#9342 = EDGE_CURVE('',#9322,#9276,#9343,.T.);
#9343 = SURFACE_CURVE('',#9344,(#9348,#9354),.PCURVE_S1.);
#9344 = LINE('',#9345,#9346);
#9345 = CARTESIAN_POINT('',(17.35,-28.79143578376,-65.32079687718));
#9346 = VECTOR('',#9347,1.);
#9347 = DIRECTION('',(2.241480898243E-16,-0.422618261741,-0.906307787037
    ));
#9348 = PCURVE('',#3344,#9349);
#9349 = DEFINITIONAL_REPRESENTATION('',(#9350),#9353);
#9350 = B_SPLINE_CURVE_WITH_KNOTS('',1,(#9351,#9352),.UNSPECIFIED.,.F.,
  .F.,(2,2),(-31.56603102903,-29.30826245513),.PIECEWISE_BEZIER_KNOTS.);
#9351 = CARTESIAN_POINT('',(38.623349267972,-0.35));
#9352 = CARTESIAN_POINT('',(36.365580694076,-0.35));
#9353 = ( GEOMETRIC_REPRESENTATION_CONTEXT(2) 
PARAMETRIC_REPRESENTATION_CONTEXT() REPRESENTATION_CONTEXT('2D SPACE',''
  ) );
#9354 = PCURVE('',#9152,#9355);
#9355 = DEFINITIONAL_REPRESENTATION('',(#9356),#9359);
#9356 = B_SPLINE_CURVE_WITH_KNOTS('',1,(#9357,#9358),.UNSPECIFIED.,.F.,
  .F.,(2,2),(-31.56603102903,-29.30826245513),.PIECEWISE_BEZIER_KNOTS.);
#9357 = CARTESIAN_POINT('',(11.890751852477,24.72));
#9358 = CARTESIAN_POINT('',(11.93015534727,22.462575295194));
#9359 = ( GEOMETRIC_REPRESENTATION_CONTEXT(2) 
PARAMETRIC_REPRESENTATION_CONTEXT() REPRESENTATION_CONTEXT('2D SPACE',''
  ) );
#9360 = ORIENTED_EDGE('',*,*,#9275,.T.);
#9361 = ORIENTED_EDGE('',*,*,#3329,.F.);
#9362 = ORIENTED_EDGE('',*,*,#6646,.F.);
#9363 = ORIENTED_EDGE('',*,*,#7322,.T.);
#9364 = ORIENTED_EDGE('',*,*,#9365,.F.);
#9365 = EDGE_CURVE('',#6482,#7323,#9366,.T.);
#9366 = SURFACE_CURVE('',#9367,(#9371,#9377),.PCURVE_S1.);
#9367 = LINE('',#9368,#9369);
#9368 = CARTESIAN_POINT('',(0.92,-14.9,-35.53051670308));
#9369 = VECTOR('',#9370,1.);
#9370 = DIRECTION('',(1.,0.,0.));
#9371 = PCURVE('',#3344,#9372);
#9372 = DEFINITIONAL_REPRESENTATION('',(#9373),#9376);
#9373 = B_SPLINE_CURVE_WITH_KNOTS('',1,(#9374,#9375),.UNSPECIFIED.,.F.,
  .F.,(2,2),(16.08,19.53),.PIECEWISE_BEZIER_KNOTS.);
#9374 = CARTESIAN_POINT('',(39.927255582748,0.));
#9375 = CARTESIAN_POINT('',(39.927255582748,-3.45));
#9376 = ( GEOMETRIC_REPRESENTATION_CONTEXT(2) 
PARAMETRIC_REPRESENTATION_CONTEXT() REPRESENTATION_CONTEXT('2D SPACE',''
  ) );
#9377 = PCURVE('',#3904,#9378);
#9378 = DEFINITIONAL_REPRESENTATION('',(#9379),#9382);
#9379 = B_SPLINE_CURVE_WITH_KNOTS('',1,(#9380,#9381),.UNSPECIFIED.,.F.,
  .F.,(2,2),(16.08,19.53),.PIECEWISE_BEZIER_KNOTS.);
#9380 = CARTESIAN_POINT('',(0.469483296915,32.16));
#9381 = CARTESIAN_POINT('',(0.469483296915,35.61));
#9382 = ( GEOMETRIC_REPRESENTATION_CONTEXT(2) 
PARAMETRIC_REPRESENTATION_CONTEXT() REPRESENTATION_CONTEXT('2D SPACE',''
  ) );
#9383 = ADVANCED_FACE('',(#9384),#3704,.F.);
#9384 = FACE_BOUND('',#9385,.F.);
#9385 = EDGE_LOOP('',(#9386,#9387,#9408,#9409));
#9386 = ORIENTED_EDGE('',*,*,#3687,.F.);
#9387 = ORIENTED_EDGE('',*,*,#9388,.F.);
#9388 = EDGE_CURVE('',#7645,#3688,#9389,.T.);
#9389 = SEAM_CURVE('',#9390,(#9394,#9401),.PCURVE_S1.);
#9390 = LINE('',#9391,#9392);
#9391 = CARTESIAN_POINT('',(19.45,7.,-59.7));
#9392 = VECTOR('',#9393,1.);
#9393 = DIRECTION('',(1.,0.,2.22044604925E-16));
#9394 = PCURVE('',#3704,#9395);
#9395 = DEFINITIONAL_REPRESENTATION('',(#9396),#9400);
#9396 = LINE('',#9397,#9398);
#9397 = CARTESIAN_POINT('',(6.28318530718,-0.));
#9398 = VECTOR('',#9399,1.);
#9399 = DIRECTION('',(0.,1.));
#9400 = ( GEOMETRIC_REPRESENTATION_CONTEXT(2) 
PARAMETRIC_REPRESENTATION_CONTEXT() REPRESENTATION_CONTEXT('2D SPACE',''
  ) );
#9401 = PCURVE('',#3704,#9402);
#9402 = DEFINITIONAL_REPRESENTATION('',(#9403),#9407);
#9403 = LINE('',#9404,#9405);
#9404 = CARTESIAN_POINT('',(0.,-0.));
#9405 = VECTOR('',#9406,1.);
#9406 = DIRECTION('',(0.,1.));
#9407 = ( GEOMETRIC_REPRESENTATION_CONTEXT(2) 
PARAMETRIC_REPRESENTATION_CONTEXT() REPRESENTATION_CONTEXT('2D SPACE',''
  ) );
#9408 = ORIENTED_EDGE('',*,*,#7644,.T.);
#9409 = ORIENTED_EDGE('',*,*,#9388,.T.);
#9410 = ADVANCED_FACE('',(#9411),#3735,.F.);
#9411 = FACE_BOUND('',#9412,.F.);
#9412 = EDGE_LOOP('',(#9413,#9414,#9435,#9436));
#9413 = ORIENTED_EDGE('',*,*,#3718,.F.);
#9414 = ORIENTED_EDGE('',*,*,#9415,.F.);
#9415 = EDGE_CURVE('',#7671,#3719,#9416,.T.);
#9416 = SEAM_CURVE('',#9417,(#9421,#9428),.PCURVE_S1.);
#9417 = LINE('',#9418,#9419);
#9418 = CARTESIAN_POINT('',(19.45,-4.163799117101E-16,-66.7));
#9419 = VECTOR('',#9420,1.);
#9420 = DIRECTION('',(1.,0.,2.22044604925E-16));
#9421 = PCURVE('',#3735,#9422);
#9422 = DEFINITIONAL_REPRESENTATION('',(#9423),#9427);
#9423 = LINE('',#9424,#9425);
#9424 = CARTESIAN_POINT('',(6.28318530718,-0.));
#9425 = VECTOR('',#9426,1.);
#9426 = DIRECTION('',(0.,1.));
#9427 = ( GEOMETRIC_REPRESENTATION_CONTEXT(2) 
PARAMETRIC_REPRESENTATION_CONTEXT() REPRESENTATION_CONTEXT('2D SPACE',''
  ) );
#9428 = PCURVE('',#3735,#9429);
#9429 = DEFINITIONAL_REPRESENTATION('',(#9430),#9434);
#9430 = LINE('',#9431,#9432);
#9431 = CARTESIAN_POINT('',(0.,-0.));
#9432 = VECTOR('',#9433,1.);
#9433 = DIRECTION('',(0.,1.));
#9434 = ( GEOMETRIC_REPRESENTATION_CONTEXT(2) 
PARAMETRIC_REPRESENTATION_CONTEXT() REPRESENTATION_CONTEXT('2D SPACE',''
  ) );
#9435 = ORIENTED_EDGE('',*,*,#7670,.T.);
#9436 = ORIENTED_EDGE('',*,*,#9415,.T.);
#9437 = ADVANCED_FACE('',(#9438),#3766,.F.);
#9438 = FACE_BOUND('',#9439,.F.);
#9439 = EDGE_LOOP('',(#9440,#9441,#9462,#9463));
#9440 = ORIENTED_EDGE('',*,*,#3749,.F.);
#9441 = ORIENTED_EDGE('',*,*,#9442,.F.);
#9442 = EDGE_CURVE('',#7697,#3750,#9443,.T.);
#9443 = SEAM_CURVE('',#9444,(#9448,#9455),.PCURVE_S1.);
#9444 = LINE('',#9445,#9446);
#9445 = CARTESIAN_POINT('',(19.45,-7.592810154714E-16,-61.1));
#9446 = VECTOR('',#9447,1.);
#9447 = DIRECTION('',(1.,0.,2.22044604925E-16));
#9448 = PCURVE('',#3766,#9449);
#9449 = DEFINITIONAL_REPRESENTATION('',(#9450),#9454);
#9450 = LINE('',#9451,#9452);
#9451 = CARTESIAN_POINT('',(6.28318530718,-0.));
#9452 = VECTOR('',#9453,1.);
#9453 = DIRECTION('',(0.,1.));
#9454 = ( GEOMETRIC_REPRESENTATION_CONTEXT(2) 
PARAMETRIC_REPRESENTATION_CONTEXT() REPRESENTATION_CONTEXT('2D SPACE',''
  ) );
#9455 = PCURVE('',#3766,#9456);
#9456 = DEFINITIONAL_REPRESENTATION('',(#9457),#9461);
#9457 = LINE('',#9458,#9459);
#9458 = CARTESIAN_POINT('',(0.,-0.));
#9459 = VECTOR('',#9460,1.);
#9460 = DIRECTION('',(0.,1.));
#9461 = ( GEOMETRIC_REPRESENTATION_CONTEXT(2) 
PARAMETRIC_REPRESENTATION_CONTEXT() REPRESENTATION_CONTEXT('2D SPACE',''
  ) );
#9462 = ORIENTED_EDGE('',*,*,#7696,.T.);
#9463 = ORIENTED_EDGE('',*,*,#9442,.T.);
#9464 = ADVANCED_FACE('',(#9465),#3797,.F.);
#9465 = FACE_BOUND('',#9466,.F.);
#9466 = EDGE_LOOP('',(#9467,#9468,#9489,#9490));
#9467 = ORIENTED_EDGE('',*,*,#3780,.F.);
#9468 = ORIENTED_EDGE('',*,*,#9469,.F.);
#9469 = EDGE_CURVE('',#7723,#3781,#9470,.T.);
#9470 = SEAM_CURVE('',#9471,(#9475,#9482),.PCURVE_S1.);
#9471 = LINE('',#9472,#9473);
#9472 = CARTESIAN_POINT('',(19.45,-4.163799117101E-16,-52.7));
#9473 = VECTOR('',#9474,1.);
#9474 = DIRECTION('',(1.,0.,2.22044604925E-16));
#9475 = PCURVE('',#3797,#9476);
#9476 = DEFINITIONAL_REPRESENTATION('',(#9477),#9481);
#9477 = LINE('',#9478,#9479);
#9478 = CARTESIAN_POINT('',(6.28318530718,-0.));
#9479 = VECTOR('',#9480,1.);
#9480 = DIRECTION('',(0.,1.));
#9481 = ( GEOMETRIC_REPRESENTATION_CONTEXT(2) 
PARAMETRIC_REPRESENTATION_CONTEXT() REPRESENTATION_CONTEXT('2D SPACE',''
  ) );
#9482 = PCURVE('',#3797,#9483);
#9483 = DEFINITIONAL_REPRESENTATION('',(#9484),#9488);
#9484 = LINE('',#9485,#9486);
#9485 = CARTESIAN_POINT('',(0.,-0.));
#9486 = VECTOR('',#9487,1.);
#9487 = DIRECTION('',(0.,1.));
#9488 = ( GEOMETRIC_REPRESENTATION_CONTEXT(2) 
PARAMETRIC_REPRESENTATION_CONTEXT() REPRESENTATION_CONTEXT('2D SPACE',''
  ) );
#9489 = ORIENTED_EDGE('',*,*,#7722,.T.);
#9490 = ORIENTED_EDGE('',*,*,#9469,.T.);
#9491 = ADVANCED_FACE('',(#9492),#3828,.F.);
#9492 = FACE_BOUND('',#9493,.F.);
#9493 = EDGE_LOOP('',(#9494,#9495,#9516,#9517));
#9494 = ORIENTED_EDGE('',*,*,#3811,.F.);
#9495 = ORIENTED_EDGE('',*,*,#9496,.F.);
#9496 = EDGE_CURVE('',#7749,#3812,#9497,.T.);
#9497 = SEAM_CURVE('',#9498,(#9502,#9509),.PCURVE_S1.);
#9498 = LINE('',#9499,#9500);
#9499 = CARTESIAN_POINT('',(19.45,-7.,-59.7));
#9500 = VECTOR('',#9501,1.);
#9501 = DIRECTION('',(1.,0.,2.22044604925E-16));
#9502 = PCURVE('',#3828,#9503);
#9503 = DEFINITIONAL_REPRESENTATION('',(#9504),#9508);
#9504 = LINE('',#9505,#9506);
#9505 = CARTESIAN_POINT('',(6.28318530718,-0.));
#9506 = VECTOR('',#9507,1.);
#9507 = DIRECTION('',(0.,1.));
#9508 = ( GEOMETRIC_REPRESENTATION_CONTEXT(2) 
PARAMETRIC_REPRESENTATION_CONTEXT() REPRESENTATION_CONTEXT('2D SPACE',''
  ) );
#9509 = PCURVE('',#3828,#9510);
#9510 = DEFINITIONAL_REPRESENTATION('',(#9511),#9515);
#9511 = LINE('',#9512,#9513);
#9512 = CARTESIAN_POINT('',(0.,-0.));
#9513 = VECTOR('',#9514,1.);
#9514 = DIRECTION('',(0.,1.));
#9515 = ( GEOMETRIC_REPRESENTATION_CONTEXT(2) 
PARAMETRIC_REPRESENTATION_CONTEXT() REPRESENTATION_CONTEXT('2D SPACE',''
  ) );
#9516 = ORIENTED_EDGE('',*,*,#7748,.T.);
#9517 = ORIENTED_EDGE('',*,*,#9496,.T.);
#9518 = ADVANCED_FACE('',(#9519,#9674,#9809),#3904,.T.);
#9519 = FACE_BOUND('',#9520,.T.);
#9520 = EDGE_LOOP('',(#9521,#9542,#9543,#9544,#9565,#9591,#9619,#9647,
    #9668,#9669,#9670,#9671,#9672,#9673));
#9521 = ORIENTED_EDGE('',*,*,#9522,.F.);
#9522 = EDGE_CURVE('',#5280,#7344,#9523,.T.);
#9523 = SURFACE_CURVE('',#9524,(#9528,#9535),.PCURVE_S1.);
#9524 = LINE('',#9525,#9526);
#9525 = CARTESIAN_POINT('',(-15.16,-14.9,-36.));
#9526 = VECTOR('',#9527,1.);
#9527 = DIRECTION('',(1.,0.,-0.));
#9528 = PCURVE('',#3904,#9529);
#9529 = DEFINITIONAL_REPRESENTATION('',(#9530),#9534);
#9530 = LINE('',#9531,#9532);
#9531 = CARTESIAN_POINT('',(0.,0.));
#9532 = VECTOR('',#9533,1.);
#9533 = DIRECTION('',(0.,1.));
#9534 = ( GEOMETRIC_REPRESENTATION_CONTEXT(2) 
PARAMETRIC_REPRESENTATION_CONTEXT() REPRESENTATION_CONTEXT('2D SPACE',''
  ) );
#9535 = PCURVE('',#5314,#9536);
#9536 = DEFINITIONAL_REPRESENTATION('',(#9537),#9541);
#9537 = LINE('',#9538,#9539);
#9538 = CARTESIAN_POINT('',(4.64,0.6));
#9539 = VECTOR('',#9540,1.);
#9540 = DIRECTION('',(1.,0.));
#9541 = ( GEOMETRIC_REPRESENTATION_CONTEXT(2) 
PARAMETRIC_REPRESENTATION_CONTEXT() REPRESENTATION_CONTEXT('2D SPACE',''
  ) );
#9542 = ORIENTED_EDGE('',*,*,#5279,.F.);
#9543 = ORIENTED_EDGE('',*,*,#3994,.T.);
#9544 = ORIENTED_EDGE('',*,*,#9545,.T.);
#9545 = EDGE_CURVE('',#3969,#9546,#9548,.T.);
#9546 = VERTEX_POINT('',#9547);
#9547 = CARTESIAN_POINT('',(-11.1,-14.9,-29.91));
#9548 = SURFACE_CURVE('',#9549,(#9553,#9559),.PCURVE_S1.);
#9549 = LINE('',#9550,#9551);
#9550 = CARTESIAN_POINT('',(-11.1,-14.9,-32.955));
#9551 = VECTOR('',#9552,1.);
#9552 = DIRECTION('',(-0.,0.,-1.));
#9553 = PCURVE('',#3904,#9554);
#9554 = DEFINITIONAL_REPRESENTATION('',(#9555),#9558);
#9555 = B_SPLINE_CURVE_WITH_KNOTS('',1,(#9556,#9557),.UNSPECIFIED.,.F.,
  .F.,(2,2),(-7.905,-3.045),.PIECEWISE_BEZIER_KNOTS.);
#9556 = CARTESIAN_POINT('',(10.95,4.06));
#9557 = CARTESIAN_POINT('',(6.09,4.06));
#9558 = ( GEOMETRIC_REPRESENTATION_CONTEXT(2) 
PARAMETRIC_REPRESENTATION_CONTEXT() REPRESENTATION_CONTEXT('2D SPACE',''
  ) );
#9559 = PCURVE('',#3983,#9560);
#9560 = DEFINITIONAL_REPRESENTATION('',(#9561),#9564);
#9561 = B_SPLINE_CURVE_WITH_KNOTS('',1,(#9562,#9563),.UNSPECIFIED.,.F.,
  .F.,(2,2),(-7.905,-3.045),.PIECEWISE_BEZIER_KNOTS.);
#9562 = CARTESIAN_POINT('',(4.86,-2.05));
#9563 = CARTESIAN_POINT('',(0.,-2.05));
#9564 = ( GEOMETRIC_REPRESENTATION_CONTEXT(2) 
PARAMETRIC_REPRESENTATION_CONTEXT() REPRESENTATION_CONTEXT('2D SPACE',''
  ) );
#9565 = ORIENTED_EDGE('',*,*,#9566,.T.);
#9566 = EDGE_CURVE('',#9546,#9567,#9569,.T.);
#9567 = VERTEX_POINT('',#9568);
#9568 = CARTESIAN_POINT('',(11.1,-14.9,-29.91));
#9569 = SURFACE_CURVE('',#9570,(#9574,#9580),.PCURVE_S1.);
#9570 = LINE('',#9571,#9572);
#9571 = CARTESIAN_POINT('',(-13.13,-14.9,-29.91));
#9572 = VECTOR('',#9573,1.);
#9573 = DIRECTION('',(1.,0.,-0.));
#9574 = PCURVE('',#3904,#9575);
#9575 = DEFINITIONAL_REPRESENTATION('',(#9576),#9579);
#9576 = B_SPLINE_CURVE_WITH_KNOTS('',1,(#9577,#9578),.UNSPECIFIED.,.F.,
  .F.,(2,2),(2.03,24.23),.PIECEWISE_BEZIER_KNOTS.);
#9577 = CARTESIAN_POINT('',(6.09,4.06));
#9578 = CARTESIAN_POINT('',(6.09,26.26));
#9579 = ( GEOMETRIC_REPRESENTATION_CONTEXT(2) 
PARAMETRIC_REPRESENTATION_CONTEXT() REPRESENTATION_CONTEXT('2D SPACE',''
  ) );
#9580 = PCURVE('',#9581,#9586);
#9581 = PLANE('',#9582);
#9582 = AXIS2_PLACEMENT_3D('',#9583,#9584,#9585);
#9583 = CARTESIAN_POINT('',(-11.1,-16.95,-29.91));
#9584 = DIRECTION('',(0.,0.,1.));
#9585 = DIRECTION('',(1.,0.,-0.));
#9586 = DEFINITIONAL_REPRESENTATION('',(#9587),#9590);
#9587 = B_SPLINE_CURVE_WITH_KNOTS('',1,(#9588,#9589),.UNSPECIFIED.,.F.,
  .F.,(2,2),(2.03,24.23),.PIECEWISE_BEZIER_KNOTS.);
#9588 = CARTESIAN_POINT('',(0.,2.05));
#9589 = CARTESIAN_POINT('',(22.2,2.05));
#9590 = ( GEOMETRIC_REPRESENTATION_CONTEXT(2) 
PARAMETRIC_REPRESENTATION_CONTEXT() REPRESENTATION_CONTEXT('2D SPACE',''
  ) );
#9591 = ORIENTED_EDGE('',*,*,#9592,.F.);
#9592 = EDGE_CURVE('',#9593,#9567,#9595,.T.);
#9593 = VERTEX_POINT('',#9594);
#9594 = CARTESIAN_POINT('',(11.1,-14.9,-30.51));
#9595 = SURFACE_CURVE('',#9596,(#9600,#9607),.PCURVE_S1.);
#9596 = LINE('',#9597,#9598);
#9597 = CARTESIAN_POINT('',(11.1,-14.9,-30.51));
#9598 = VECTOR('',#9599,1.);
#9599 = DIRECTION('',(0.,0.,1.));
#9600 = PCURVE('',#3904,#9601);
#9601 = DEFINITIONAL_REPRESENTATION('',(#9602),#9606);
#9602 = LINE('',#9603,#9604);
#9603 = CARTESIAN_POINT('',(5.49,26.26));
#9604 = VECTOR('',#9605,1.);
#9605 = DIRECTION('',(1.,0.));
#9606 = ( GEOMETRIC_REPRESENTATION_CONTEXT(2) 
PARAMETRIC_REPRESENTATION_CONTEXT() REPRESENTATION_CONTEXT('2D SPACE',''
  ) );
#9607 = PCURVE('',#9608,#9613);
#9608 = PLANE('',#9609);
#9609 = AXIS2_PLACEMENT_3D('',#9610,#9611,#9612);
#9610 = CARTESIAN_POINT('',(11.1,-14.9,-30.51));
#9611 = DIRECTION('',(1.,0.,-0.));
#9612 = DIRECTION('',(0.,-1.,0.));
#9613 = DEFINITIONAL_REPRESENTATION('',(#9614),#9618);
#9614 = LINE('',#9615,#9616);
#9615 = CARTESIAN_POINT('',(0.,0.));
#9616 = VECTOR('',#9617,1.);
#9617 = DIRECTION('',(0.,-1.));
#9618 = ( GEOMETRIC_REPRESENTATION_CONTEXT(2) 
PARAMETRIC_REPRESENTATION_CONTEXT() REPRESENTATION_CONTEXT('2D SPACE',''
  ) );
#9619 = ORIENTED_EDGE('',*,*,#9620,.F.);
#9620 = EDGE_CURVE('',#9621,#9593,#9623,.T.);
#9621 = VERTEX_POINT('',#9622);
#9622 = CARTESIAN_POINT('',(13.56,-14.9,-30.51));
#9623 = SURFACE_CURVE('',#9624,(#9628,#9635),.PCURVE_S1.);
#9624 = LINE('',#9625,#9626);
#9625 = CARTESIAN_POINT('',(13.56,-14.9,-30.51));
#9626 = VECTOR('',#9627,1.);
#9627 = DIRECTION('',(-1.,0.,0.));
#9628 = PCURVE('',#3904,#9629);
#9629 = DEFINITIONAL_REPRESENTATION('',(#9630),#9634);
#9630 = LINE('',#9631,#9632);
#9631 = CARTESIAN_POINT('',(5.49,28.72));
#9632 = VECTOR('',#9633,1.);
#9633 = DIRECTION('',(0.,-1.));
#9634 = ( GEOMETRIC_REPRESENTATION_CONTEXT(2) 
PARAMETRIC_REPRESENTATION_CONTEXT() REPRESENTATION_CONTEXT('2D SPACE',''
  ) );
#9635 = PCURVE('',#9636,#9641);
#9636 = PLANE('',#9637);
#9637 = AXIS2_PLACEMENT_3D('',#9638,#9639,#9640);
#9638 = CARTESIAN_POINT('',(12.00305059178,-15.59805059178,-30.51));
#9639 = DIRECTION('',(0.,0.,1.));
#9640 = DIRECTION('',(1.,0.,0.));
#9641 = DEFINITIONAL_REPRESENTATION('',(#9642),#9646);
#9642 = LINE('',#9643,#9644);
#9643 = CARTESIAN_POINT('',(1.55694940822,0.69805059178));
#9644 = VECTOR('',#9645,1.);
#9645 = DIRECTION('',(-1.,0.));
#9646 = ( GEOMETRIC_REPRESENTATION_CONTEXT(2) 
PARAMETRIC_REPRESENTATION_CONTEXT() REPRESENTATION_CONTEXT('2D SPACE',''
  ) );
#9647 = ORIENTED_EDGE('',*,*,#9648,.T.);
#9648 = EDGE_CURVE('',#9621,#3889,#9649,.T.);
#9649 = SURFACE_CURVE('',#9650,(#9654,#9661),.PCURVE_S1.);
#9650 = LINE('',#9651,#9652);
#9651 = CARTESIAN_POINT('',(13.56,-14.9,-30.51));
#9652 = VECTOR('',#9653,1.);
#9653 = DIRECTION('',(0.,0.,1.));
#9654 = PCURVE('',#3904,#9655);
#9655 = DEFINITIONAL_REPRESENTATION('',(#9656),#9660);
#9656 = LINE('',#9657,#9658);
#9657 = CARTESIAN_POINT('',(5.49,28.72));
#9658 = VECTOR('',#9659,1.);
#9659 = DIRECTION('',(1.,0.));
#9660 = ( GEOMETRIC_REPRESENTATION_CONTEXT(2) 
PARAMETRIC_REPRESENTATION_CONTEXT() REPRESENTATION_CONTEXT('2D SPACE',''
  ) );
#9661 = PCURVE('',#3931,#9662);
#9662 = DEFINITIONAL_REPRESENTATION('',(#9663),#9667);
#9663 = LINE('',#9664,#9665);
#9664 = CARTESIAN_POINT('',(3.202202367122,0.));
#9665 = VECTOR('',#9666,1.);
#9666 = DIRECTION('',(0.,-1.));
#9667 = ( GEOMETRIC_REPRESENTATION_CONTEXT(2) 
PARAMETRIC_REPRESENTATION_CONTEXT() REPRESENTATION_CONTEXT('2D SPACE',''
  ) );
#9668 = ORIENTED_EDGE('',*,*,#3888,.T.);
#9669 = ORIENTED_EDGE('',*,*,#7301,.T.);
#9670 = ORIENTED_EDGE('',*,*,#6670,.T.);
#9671 = ORIENTED_EDGE('',*,*,#6479,.T.);
#9672 = ORIENTED_EDGE('',*,*,#9365,.T.);
#9673 = ORIENTED_EDGE('',*,*,#7343,.T.);
#9674 = FACE_BOUND('',#9675,.T.);
#9675 = EDGE_LOOP('',(#9676,#9699,#9720,#9741,#9769,#9790));
#9676 = ORIENTED_EDGE('',*,*,#9677,.F.);
#9677 = EDGE_CURVE('',#9678,#9680,#9682,.T.);
#9678 = VERTEX_POINT('',#9679);
#9679 = CARTESIAN_POINT('',(-8.8,-14.9,-32.14939033455));
#9680 = VERTEX_POINT('',#9681);
#9681 = CARTESIAN_POINT('',(-8.8,-14.9,-33.35060966544));
#9682 = SURFACE_CURVE('',#9683,(#9687,#9693),.PCURVE_S1.);
#9683 = LINE('',#9684,#9685);
#9684 = CARTESIAN_POINT('',(-8.8,-14.9,-33.65));
#9685 = VECTOR('',#9686,1.);
#9686 = DIRECTION('',(2.22044604925E-16,0.,-1.));
#9687 = PCURVE('',#3904,#9688);
#9688 = DEFINITIONAL_REPRESENTATION('',(#9689),#9692);
#9689 = B_SPLINE_CURVE_WITH_KNOTS('',1,(#9690,#9691),.UNSPECIFIED.,.F.,
  .F.,(2,2),(-1.500609665441,-0.299390334559),.PIECEWISE_BEZIER_KNOTS.);
#9690 = CARTESIAN_POINT('',(3.850609665441,6.36));
#9691 = CARTESIAN_POINT('',(2.649390334559,6.36));
#9692 = ( GEOMETRIC_REPRESENTATION_CONTEXT(2) 
PARAMETRIC_REPRESENTATION_CONTEXT() REPRESENTATION_CONTEXT('2D SPACE',''
  ) );
#9693 = PCURVE('',#6737,#9694);
#9694 = DEFINITIONAL_REPRESENTATION('',(#9695),#9698);
#9695 = B_SPLINE_CURVE_WITH_KNOTS('',1,(#9696,#9697),.UNSPECIFIED.,.F.,
  .F.,(2,2),(-1.500609665441,-0.299390334559),.PIECEWISE_BEZIER_KNOTS.);
#9696 = CARTESIAN_POINT('',(0.849390334559,4.));
#9697 = CARTESIAN_POINT('',(2.050609665441,4.));
#9698 = ( GEOMETRIC_REPRESENTATION_CONTEXT(2) 
PARAMETRIC_REPRESENTATION_CONTEXT() REPRESENTATION_CONTEXT('2D SPACE',''
  ) );
#9699 = ORIENTED_EDGE('',*,*,#9700,.T.);
#9700 = EDGE_CURVE('',#9678,#9701,#9703,.T.);
#9701 = VERTEX_POINT('',#9702);
#9702 = CARTESIAN_POINT('',(-9.649390334559,-14.9,-31.3));
#9703 = SURFACE_CURVE('',#9704,(#9708,#9714),.PCURVE_S1.);
#9704 = LINE('',#9705,#9706);
#9705 = CARTESIAN_POINT('',(-10.15234758364,-14.9,-30.79704275091));
#9706 = VECTOR('',#9707,1.);
#9707 = DIRECTION('',(-0.707106781187,-0.,0.707106781187));
#9708 = PCURVE('',#3904,#9709);
#9709 = DEFINITIONAL_REPRESENTATION('',(#9710),#9713);
#9710 = B_SPLINE_CURVE_WITH_KNOTS('',1,(#9711,#9712),.UNSPECIFIED.,.F.,
  .F.,(2,2),(-1.912508293826,-0.711288962944),.PIECEWISE_BEZIER_KNOTS.);
#9711 = CARTESIAN_POINT('',(3.850609665441,6.36));
#9712 = CARTESIAN_POINT('',(4.7,5.510609665441));
#9713 = ( GEOMETRIC_REPRESENTATION_CONTEXT(2) 
PARAMETRIC_REPRESENTATION_CONTEXT() REPRESENTATION_CONTEXT('2D SPACE',''
  ) );
#9714 = PCURVE('',#6770,#9715);
#9715 = DEFINITIONAL_REPRESENTATION('',(#9716),#9719);
#9716 = B_SPLINE_CURVE_WITH_KNOTS('',1,(#9717,#9718),.UNSPECIFIED.,.F.,
  .F.,(2,2),(-1.912508293826,-0.711288962944),.PIECEWISE_BEZIER_KNOTS.);
#9717 = CARTESIAN_POINT('',(2.050609665441,-4.));
#9718 = CARTESIAN_POINT('',(0.849390334559,-4.));
#9719 = ( GEOMETRIC_REPRESENTATION_CONTEXT(2) 
PARAMETRIC_REPRESENTATION_CONTEXT() REPRESENTATION_CONTEXT('2D SPACE',''
  ) );
#9720 = ORIENTED_EDGE('',*,*,#9721,.T.);
#9721 = EDGE_CURVE('',#9701,#9722,#9724,.T.);
#9722 = VERTEX_POINT('',#9723);
#9723 = CARTESIAN_POINT('',(-10.25,-14.9,-31.3));
#9724 = SURFACE_CURVE('',#9725,(#9729,#9735),.PCURVE_S1.);
#9725 = LINE('',#9726,#9727);
#9726 = CARTESIAN_POINT('',(-12.705,-14.9,-31.3));
#9727 = VECTOR('',#9728,1.);
#9728 = DIRECTION('',(-1.,0.,-2.22044604925E-16));
#9729 = PCURVE('',#3904,#9730);
#9730 = DEFINITIONAL_REPRESENTATION('',(#9731),#9734);
#9731 = B_SPLINE_CURVE_WITH_KNOTS('',1,(#9732,#9733),.UNSPECIFIED.,.F.,
  .F.,(2,2),(-3.055609665441,-2.455),.PIECEWISE_BEZIER_KNOTS.);
#9732 = CARTESIAN_POINT('',(4.7,5.510609665441));
#9733 = CARTESIAN_POINT('',(4.7,4.91));
#9734 = ( GEOMETRIC_REPRESENTATION_CONTEXT(2) 
PARAMETRIC_REPRESENTATION_CONTEXT() REPRESENTATION_CONTEXT('2D SPACE',''
  ) );
#9735 = PCURVE('',#6831,#9736);
#9736 = DEFINITIONAL_REPRESENTATION('',(#9737),#9740);
#9737 = B_SPLINE_CURVE_WITH_KNOTS('',1,(#9738,#9739),.UNSPECIFIED.,.F.,
  .F.,(2,2),(-3.055609665441,-2.455),.PIECEWISE_BEZIER_KNOTS.);
#9738 = CARTESIAN_POINT('',(0.600609665441,-4.));
#9739 = CARTESIAN_POINT('',(0.,-4.));
#9740 = ( GEOMETRIC_REPRESENTATION_CONTEXT(2) 
PARAMETRIC_REPRESENTATION_CONTEXT() REPRESENTATION_CONTEXT('2D SPACE',''
  ) );
#9741 = ORIENTED_EDGE('',*,*,#9742,.T.);
#9742 = EDGE_CURVE('',#9722,#9743,#9745,.T.);
#9743 = VERTEX_POINT('',#9744);
#9744 = CARTESIAN_POINT('',(-10.25,-14.9,-34.2));
#9745 = SURFACE_CURVE('',#9746,(#9751,#9762),.PCURVE_S1.);
#9746 = CIRCLE('',#9747,1.45);
#9747 = AXIS2_PLACEMENT_3D('',#9748,#9749,#9750);
#9748 = CARTESIAN_POINT('',(-10.25,-14.9,-32.75));
#9749 = DIRECTION('',(2.22044604925E-16,-1.,4.930380657631E-32));
#9750 = DIRECTION('',(2.22044604925E-16,0.,-1.));
#9751 = PCURVE('',#3904,#9752);
#9752 = DEFINITIONAL_REPRESENTATION('',(#9753),#9761);
#9753 = ( BOUNDED_CURVE() B_SPLINE_CURVE(2,(#9754,#9755,#9756,#9757,
#9758,#9759,#9760),.UNSPECIFIED.,.T.,.F.) B_SPLINE_CURVE_WITH_KNOTS((1,2
    ,2,2,2,1),(-2.094395102393,0.,2.094395102393,4.188790204786,
6.28318530718,8.377580409573),.UNSPECIFIED.) CURVE() 
GEOMETRIC_REPRESENTATION_ITEM() RATIONAL_B_SPLINE_CURVE((1.,0.5,1.,0.5,
1.,0.5,1.)) REPRESENTATION_ITEM('') );
#9754 = CARTESIAN_POINT('',(1.8,4.91));
#9755 = CARTESIAN_POINT('',(1.8,7.421473670975));
#9756 = CARTESIAN_POINT('',(3.975,6.165736835487));
#9757 = CARTESIAN_POINT('',(6.15,4.91));
#9758 = CARTESIAN_POINT('',(3.975,3.654263164513));
#9759 = CARTESIAN_POINT('',(1.8,2.398526329025));
#9760 = CARTESIAN_POINT('',(1.8,4.91));
#9761 = ( GEOMETRIC_REPRESENTATION_CONTEXT(2) 
PARAMETRIC_REPRESENTATION_CONTEXT() REPRESENTATION_CONTEXT('2D SPACE',''
  ) );
#9762 = PCURVE('',#6860,#9763);
#9763 = DEFINITIONAL_REPRESENTATION('',(#9764),#9768);
#9764 = LINE('',#9765,#9766);
#9765 = CARTESIAN_POINT('',(0.,1.));
#9766 = VECTOR('',#9767,1.);
#9767 = DIRECTION('',(1.,0.));
#9768 = ( GEOMETRIC_REPRESENTATION_CONTEXT(2) 
PARAMETRIC_REPRESENTATION_CONTEXT() REPRESENTATION_CONTEXT('2D SPACE',''
  ) );
#9769 = ORIENTED_EDGE('',*,*,#9770,.F.);
#9770 = EDGE_CURVE('',#9771,#9743,#9773,.T.);
#9771 = VERTEX_POINT('',#9772);
#9772 = CARTESIAN_POINT('',(-9.649390334559,-14.9,-34.2));
#9773 = SURFACE_CURVE('',#9774,(#9778,#9784),.PCURVE_S1.);
#9774 = LINE('',#9775,#9776);
#9775 = CARTESIAN_POINT('',(-12.705,-14.9,-34.2));
#9776 = VECTOR('',#9777,1.);
#9777 = DIRECTION('',(-1.,0.,-2.22044604925E-16));
#9778 = PCURVE('',#3904,#9779);
#9779 = DEFINITIONAL_REPRESENTATION('',(#9780),#9783);
#9780 = B_SPLINE_CURVE_WITH_KNOTS('',1,(#9781,#9782),.UNSPECIFIED.,.F.,
  .F.,(2,2),(-3.055609665441,-2.455),.PIECEWISE_BEZIER_KNOTS.);
#9781 = CARTESIAN_POINT('',(1.8,5.510609665441));
#9782 = CARTESIAN_POINT('',(1.8,4.91));
#9783 = ( GEOMETRIC_REPRESENTATION_CONTEXT(2) 
PARAMETRIC_REPRESENTATION_CONTEXT() REPRESENTATION_CONTEXT('2D SPACE',''
  ) );
#9784 = PCURVE('',#6893,#9785);
#9785 = DEFINITIONAL_REPRESENTATION('',(#9786),#9789);
#9786 = B_SPLINE_CURVE_WITH_KNOTS('',1,(#9787,#9788),.UNSPECIFIED.,.F.,
  .F.,(2,2),(-3.055609665441,-2.455),.PIECEWISE_BEZIER_KNOTS.);
#9787 = CARTESIAN_POINT('',(0.600609665441,-4.));
#9788 = CARTESIAN_POINT('',(-8.881784197001E-16,-4.));
#9789 = ( GEOMETRIC_REPRESENTATION_CONTEXT(2) 
PARAMETRIC_REPRESENTATION_CONTEXT() REPRESENTATION_CONTEXT('2D SPACE',''
  ) );
#9790 = ORIENTED_EDGE('',*,*,#9791,.F.);
#9791 = EDGE_CURVE('',#9680,#9771,#9792,.T.);
#9792 = SURFACE_CURVE('',#9793,(#9797,#9803),.PCURVE_S1.);
#9793 = LINE('',#9794,#9795);
#9794 = CARTESIAN_POINT('',(-10.75204275091,-14.9,-35.30265241636));
#9795 = VECTOR('',#9796,1.);
#9796 = DIRECTION('',(-0.707106781187,0.,-0.707106781187));
#9797 = PCURVE('',#3904,#9798);
#9798 = DEFINITIONAL_REPRESENTATION('',(#9799),#9802);
#9799 = B_SPLINE_CURVE_WITH_KNOTS('',1,(#9800,#9801),.UNSPECIFIED.,.F.,
  .F.,(2,2),(-2.760605332682,-1.5593860018),.PIECEWISE_BEZIER_KNOTS.);
#9800 = CARTESIAN_POINT('',(2.649390334559,6.36));
#9801 = CARTESIAN_POINT('',(1.8,5.510609665441));
#9802 = ( GEOMETRIC_REPRESENTATION_CONTEXT(2) 
PARAMETRIC_REPRESENTATION_CONTEXT() REPRESENTATION_CONTEXT('2D SPACE',''
  ) );
#9803 = PCURVE('',#6926,#9804);
#9804 = DEFINITIONAL_REPRESENTATION('',(#9805),#9808);
#9805 = B_SPLINE_CURVE_WITH_KNOTS('',1,(#9806,#9807),.UNSPECIFIED.,.F.,
  .F.,(2,2),(-2.760605332682,-1.5593860018),.PIECEWISE_BEZIER_KNOTS.);
#9806 = CARTESIAN_POINT('',(0.849390334559,4.));
#9807 = CARTESIAN_POINT('',(2.050609665441,4.));
#9808 = ( GEOMETRIC_REPRESENTATION_CONTEXT(2) 
PARAMETRIC_REPRESENTATION_CONTEXT() REPRESENTATION_CONTEXT('2D SPACE',''
  ) );
#9809 = FACE_BOUND('',#9810,.T.);
#9810 = EDGE_LOOP('',(#9811,#9834,#9855,#9876,#9904,#9925));
#9811 = ORIENTED_EDGE('',*,*,#9812,.F.);
#9812 = EDGE_CURVE('',#9813,#9815,#9817,.T.);
#9813 = VERTEX_POINT('',#9814);
#9814 = CARTESIAN_POINT('',(11.7,-14.9,-32.14939033455));
#9815 = VERTEX_POINT('',#9816);
#9816 = CARTESIAN_POINT('',(11.7,-14.9,-33.35060966544));
#9817 = SURFACE_CURVE('',#9818,(#9822,#9828),.PCURVE_S1.);
#9818 = LINE('',#9819,#9820);
#9819 = CARTESIAN_POINT('',(11.7,-14.9,-33.65));
#9820 = VECTOR('',#9821,1.);
#9821 = DIRECTION('',(2.22044604925E-16,0.,-1.));
#9822 = PCURVE('',#3904,#9823);
#9823 = DEFINITIONAL_REPRESENTATION('',(#9824),#9827);
#9824 = B_SPLINE_CURVE_WITH_KNOTS('',1,(#9825,#9826),.UNSPECIFIED.,.F.,
  .F.,(2,2),(-1.500609665441,-0.299390334559),.PIECEWISE_BEZIER_KNOTS.);
#9825 = CARTESIAN_POINT('',(3.850609665441,26.86));
#9826 = CARTESIAN_POINT('',(2.649390334559,26.86));
#9827 = ( GEOMETRIC_REPRESENTATION_CONTEXT(2) 
PARAMETRIC_REPRESENTATION_CONTEXT() REPRESENTATION_CONTEXT('2D SPACE',''
  ) );
#9828 = PCURVE('',#7041,#9829);
#9829 = DEFINITIONAL_REPRESENTATION('',(#9830),#9833);
#9830 = B_SPLINE_CURVE_WITH_KNOTS('',1,(#9831,#9832),.UNSPECIFIED.,.F.,
  .F.,(2,2),(-1.500609665441,-0.299390334559),.PIECEWISE_BEZIER_KNOTS.);
#9831 = CARTESIAN_POINT('',(0.849390334559,4.));
#9832 = CARTESIAN_POINT('',(2.050609665441,4.));
#9833 = ( GEOMETRIC_REPRESENTATION_CONTEXT(2) 
PARAMETRIC_REPRESENTATION_CONTEXT() REPRESENTATION_CONTEXT('2D SPACE',''
  ) );
#9834 = ORIENTED_EDGE('',*,*,#9835,.T.);
#9835 = EDGE_CURVE('',#9813,#9836,#9838,.T.);
#9836 = VERTEX_POINT('',#9837);
#9837 = CARTESIAN_POINT('',(10.850609665441,-14.9,-31.3));
#9838 = SURFACE_CURVE('',#9839,(#9843,#9849),.PCURVE_S1.);
#9839 = LINE('',#9840,#9841);
#9840 = CARTESIAN_POINT('',(5.22265241636,-14.9,-25.67204275091));
#9841 = VECTOR('',#9842,1.);
#9842 = DIRECTION('',(-0.707106781187,-0.,0.707106781187));
#9843 = PCURVE('',#3904,#9844);
#9844 = DEFINITIONAL_REPRESENTATION('',(#9845),#9848);
#9845 = B_SPLINE_CURVE_WITH_KNOTS('',1,(#9846,#9847),.UNSPECIFIED.,.F.,
  .F.,(2,2),(-9.160352800988,-7.959133470106),.PIECEWISE_BEZIER_KNOTS.);
#9846 = CARTESIAN_POINT('',(3.850609665441,26.86));
#9847 = CARTESIAN_POINT('',(4.7,26.010609665441));
#9848 = ( GEOMETRIC_REPRESENTATION_CONTEXT(2) 
PARAMETRIC_REPRESENTATION_CONTEXT() REPRESENTATION_CONTEXT('2D SPACE',''
  ) );
#9849 = PCURVE('',#7074,#9850);
#9850 = DEFINITIONAL_REPRESENTATION('',(#9851),#9854);
#9851 = B_SPLINE_CURVE_WITH_KNOTS('',1,(#9852,#9853),.UNSPECIFIED.,.F.,
  .F.,(2,2),(-9.160352800988,-7.959133470106),.PIECEWISE_BEZIER_KNOTS.);
#9852 = CARTESIAN_POINT('',(2.050609665441,-4.));
#9853 = CARTESIAN_POINT('',(0.849390334559,-4.));
#9854 = ( GEOMETRIC_REPRESENTATION_CONTEXT(2) 
PARAMETRIC_REPRESENTATION_CONTEXT() REPRESENTATION_CONTEXT('2D SPACE',''
  ) );
#9855 = ORIENTED_EDGE('',*,*,#9856,.T.);
#9856 = EDGE_CURVE('',#9836,#9857,#9859,.T.);
#9857 = VERTEX_POINT('',#9858);
#9858 = CARTESIAN_POINT('',(10.25,-14.9,-31.3));
#9859 = SURFACE_CURVE('',#9860,(#9864,#9870),.PCURVE_S1.);
#9860 = LINE('',#9861,#9862);
#9861 = CARTESIAN_POINT('',(-2.455,-14.9,-31.3));
#9862 = VECTOR('',#9863,1.);
#9863 = DIRECTION('',(-1.,0.,-2.22044604925E-16));
#9864 = PCURVE('',#3904,#9865);
#9865 = DEFINITIONAL_REPRESENTATION('',(#9866),#9869);
#9866 = B_SPLINE_CURVE_WITH_KNOTS('',1,(#9867,#9868),.UNSPECIFIED.,.F.,
  .F.,(2,2),(-13.30560966544,-12.705),.PIECEWISE_BEZIER_KNOTS.);
#9867 = CARTESIAN_POINT('',(4.7,26.010609665441));
#9868 = CARTESIAN_POINT('',(4.7,25.41));
#9869 = ( GEOMETRIC_REPRESENTATION_CONTEXT(2) 
PARAMETRIC_REPRESENTATION_CONTEXT() REPRESENTATION_CONTEXT('2D SPACE',''
  ) );
#9870 = PCURVE('',#7135,#9871);
#9871 = DEFINITIONAL_REPRESENTATION('',(#9872),#9875);
#9872 = B_SPLINE_CURVE_WITH_KNOTS('',1,(#9873,#9874),.UNSPECIFIED.,.F.,
  .F.,(2,2),(-13.30560966544,-12.705),.PIECEWISE_BEZIER_KNOTS.);
#9873 = CARTESIAN_POINT('',(0.600609665441,-4.));
#9874 = CARTESIAN_POINT('',(0.,-4.));
#9875 = ( GEOMETRIC_REPRESENTATION_CONTEXT(2) 
PARAMETRIC_REPRESENTATION_CONTEXT() REPRESENTATION_CONTEXT('2D SPACE',''
  ) );
#9876 = ORIENTED_EDGE('',*,*,#9877,.T.);
#9877 = EDGE_CURVE('',#9857,#9878,#9880,.T.);
#9878 = VERTEX_POINT('',#9879);
#9879 = CARTESIAN_POINT('',(10.25,-14.9,-34.2));
#9880 = SURFACE_CURVE('',#9881,(#9886,#9897),.PCURVE_S1.);
#9881 = CIRCLE('',#9882,1.45);
#9882 = AXIS2_PLACEMENT_3D('',#9883,#9884,#9885);
#9883 = CARTESIAN_POINT('',(10.25,-14.9,-32.75));
#9884 = DIRECTION('',(2.22044604925E-16,-1.,4.930380657631E-32));
#9885 = DIRECTION('',(2.22044604925E-16,0.,-1.));
#9886 = PCURVE('',#3904,#9887);
#9887 = DEFINITIONAL_REPRESENTATION('',(#9888),#9896);
#9888 = ( BOUNDED_CURVE() B_SPLINE_CURVE(2,(#9889,#9890,#9891,#9892,
#9893,#9894,#9895),.UNSPECIFIED.,.T.,.F.) B_SPLINE_CURVE_WITH_KNOTS((1,2
    ,2,2,2,1),(-2.094395102393,0.,2.094395102393,4.188790204786,
6.28318530718,8.377580409573),.UNSPECIFIED.) CURVE() 
GEOMETRIC_REPRESENTATION_ITEM() RATIONAL_B_SPLINE_CURVE((1.,0.5,1.,0.5,
1.,0.5,1.)) REPRESENTATION_ITEM('') );
#9889 = CARTESIAN_POINT('',(1.8,25.41));
#9890 = CARTESIAN_POINT('',(1.8,27.921473670975));
#9891 = CARTESIAN_POINT('',(3.975,26.665736835487));
#9892 = CARTESIAN_POINT('',(6.15,25.41));
#9893 = CARTESIAN_POINT('',(3.975,24.154263164513));
#9894 = CARTESIAN_POINT('',(1.8,22.898526329025));
#9895 = CARTESIAN_POINT('',(1.8,25.41));
#9896 = ( GEOMETRIC_REPRESENTATION_CONTEXT(2) 
PARAMETRIC_REPRESENTATION_CONTEXT() REPRESENTATION_CONTEXT('2D SPACE',''
  ) );
#9897 = PCURVE('',#7164,#9898);
#9898 = DEFINITIONAL_REPRESENTATION('',(#9899),#9903);
#9899 = LINE('',#9900,#9901);
#9900 = CARTESIAN_POINT('',(0.,1.));
#9901 = VECTOR('',#9902,1.);
#9902 = DIRECTION('',(1.,0.));
#9903 = ( GEOMETRIC_REPRESENTATION_CONTEXT(2) 
PARAMETRIC_REPRESENTATION_CONTEXT() REPRESENTATION_CONTEXT('2D SPACE',''
  ) );
#9904 = ORIENTED_EDGE('',*,*,#9905,.F.);
#9905 = EDGE_CURVE('',#9906,#9878,#9908,.T.);
#9906 = VERTEX_POINT('',#9907);
#9907 = CARTESIAN_POINT('',(10.850609665441,-14.9,-34.2));
#9908 = SURFACE_CURVE('',#9909,(#9913,#9919),.PCURVE_S1.);
#9909 = LINE('',#9910,#9911);
#9910 = CARTESIAN_POINT('',(-2.455,-14.9,-34.2));
#9911 = VECTOR('',#9912,1.);
#9912 = DIRECTION('',(-1.,0.,-2.22044604925E-16));
#9913 = PCURVE('',#3904,#9914);
#9914 = DEFINITIONAL_REPRESENTATION('',(#9915),#9918);
#9915 = B_SPLINE_CURVE_WITH_KNOTS('',1,(#9916,#9917),.UNSPECIFIED.,.F.,
  .F.,(2,2),(-13.30560966544,-12.705),.PIECEWISE_BEZIER_KNOTS.);
#9916 = CARTESIAN_POINT('',(1.8,26.010609665441));
#9917 = CARTESIAN_POINT('',(1.8,25.41));
#9918 = ( GEOMETRIC_REPRESENTATION_CONTEXT(2) 
PARAMETRIC_REPRESENTATION_CONTEXT() REPRESENTATION_CONTEXT('2D SPACE',''
  ) );
#9919 = PCURVE('',#7197,#9920);
#9920 = DEFINITIONAL_REPRESENTATION('',(#9921),#9924);
#9921 = B_SPLINE_CURVE_WITH_KNOTS('',1,(#9922,#9923),.UNSPECIFIED.,.F.,
  .F.,(2,2),(-13.30560966544,-12.705),.PIECEWISE_BEZIER_KNOTS.);
#9922 = CARTESIAN_POINT('',(0.600609665441,-4.));
#9923 = CARTESIAN_POINT('',(-1.7763568394E-15,-4.));
#9924 = ( GEOMETRIC_REPRESENTATION_CONTEXT(2) 
PARAMETRIC_REPRESENTATION_CONTEXT() REPRESENTATION_CONTEXT('2D SPACE',''
  ) );
#9925 = ORIENTED_EDGE('',*,*,#9926,.F.);
#9926 = EDGE_CURVE('',#9815,#9906,#9927,.T.);
#9927 = SURFACE_CURVE('',#9928,(#9932,#9938),.PCURVE_S1.);
#9928 = LINE('',#9929,#9930);
#9929 = CARTESIAN_POINT('',(4.622957249081,-14.9,-40.42765241636));
#9930 = VECTOR('',#9931,1.);
#9931 = DIRECTION('',(-0.707106781187,0.,-0.707106781187));
#9932 = PCURVE('',#3904,#9933);
#9933 = DEFINITIONAL_REPRESENTATION('',(#9934),#9937);
#9934 = B_SPLINE_CURVE_WITH_KNOTS('',1,(#9935,#9936),.UNSPECIFIED.,.F.,
  .F.,(2,2),(-10.00844983984,-8.807230508962),.PIECEWISE_BEZIER_KNOTS.);
#9935 = CARTESIAN_POINT('',(2.649390334559,26.86));
#9936 = CARTESIAN_POINT('',(1.8,26.010609665441));
#9937 = ( GEOMETRIC_REPRESENTATION_CONTEXT(2) 
PARAMETRIC_REPRESENTATION_CONTEXT() REPRESENTATION_CONTEXT('2D SPACE',''
  ) );
#9938 = PCURVE('',#7230,#9939);
#9939 = DEFINITIONAL_REPRESENTATION('',(#9940),#9943);
#9940 = B_SPLINE_CURVE_WITH_KNOTS('',1,(#9941,#9942),.UNSPECIFIED.,.F.,
  .F.,(2,2),(-10.00844983984,-8.807230508962),.PIECEWISE_BEZIER_KNOTS.);
#9941 = CARTESIAN_POINT('',(0.849390334559,4.));
#9942 = CARTESIAN_POINT('',(2.050609665441,4.));
#9943 = ( GEOMETRIC_REPRESENTATION_CONTEXT(2) 
PARAMETRIC_REPRESENTATION_CONTEXT() REPRESENTATION_CONTEXT('2D SPACE',''
  ) );
#9944 = ADVANCED_FACE('',(#9945),#3983,.T.);
#9945 = FACE_BOUND('',#9946,.T.);
#9946 = EDGE_LOOP('',(#9947,#9970,#9991,#9992));
#9947 = ORIENTED_EDGE('',*,*,#9948,.F.);
#9948 = EDGE_CURVE('',#9949,#3943,#9951,.T.);
#9949 = VERTEX_POINT('',#9950);
#9950 = CARTESIAN_POINT('',(-11.1,-16.95,-29.91));
#9951 = SURFACE_CURVE('',#9952,(#9956,#9963),.PCURVE_S1.);
#9952 = LINE('',#9953,#9954);
#9953 = CARTESIAN_POINT('',(-11.1,-16.95,-29.91));
#9954 = VECTOR('',#9955,1.);
#9955 = DIRECTION('',(0.,0.,1.));
#9956 = PCURVE('',#3983,#9957);
#9957 = DEFINITIONAL_REPRESENTATION('',(#9958),#9962);
#9958 = LINE('',#9959,#9960);
#9959 = CARTESIAN_POINT('',(0.,0.));
#9960 = VECTOR('',#9961,1.);
#9961 = DIRECTION('',(1.,0.));
#9962 = ( GEOMETRIC_REPRESENTATION_CONTEXT(2) 
PARAMETRIC_REPRESENTATION_CONTEXT() REPRESENTATION_CONTEXT('2D SPACE',''
  ) );
#9963 = PCURVE('',#3957,#9964);
#9964 = DEFINITIONAL_REPRESENTATION('',(#9965),#9969);
#9965 = LINE('',#9966,#9967);
#9966 = CARTESIAN_POINT('',(0.,0.));
#9967 = VECTOR('',#9968,1.);
#9968 = DIRECTION('',(1.,0.));
#9969 = ( GEOMETRIC_REPRESENTATION_CONTEXT(2) 
PARAMETRIC_REPRESENTATION_CONTEXT() REPRESENTATION_CONTEXT('2D SPACE',''
  ) );
#9970 = ORIENTED_EDGE('',*,*,#9971,.T.);
#9971 = EDGE_CURVE('',#9949,#9546,#9972,.T.);
#9972 = SURFACE_CURVE('',#9973,(#9977,#9984),.PCURVE_S1.);
#9973 = LINE('',#9974,#9975);
#9974 = CARTESIAN_POINT('',(-11.1,-16.95,-29.91));
#9975 = VECTOR('',#9976,1.);
#9976 = DIRECTION('',(-0.,1.,0.));
#9977 = PCURVE('',#3983,#9978);
#9978 = DEFINITIONAL_REPRESENTATION('',(#9979),#9983);
#9979 = LINE('',#9980,#9981);
#9980 = CARTESIAN_POINT('',(0.,0.));
#9981 = VECTOR('',#9982,1.);
#9982 = DIRECTION('',(0.,-1.));
#9983 = ( GEOMETRIC_REPRESENTATION_CONTEXT(2) 
PARAMETRIC_REPRESENTATION_CONTEXT() REPRESENTATION_CONTEXT('2D SPACE',''
  ) );
#9984 = PCURVE('',#9581,#9985);
#9985 = DEFINITIONAL_REPRESENTATION('',(#9986),#9990);
#9986 = LINE('',#9987,#9988);
#9987 = CARTESIAN_POINT('',(0.,0.));
#9988 = VECTOR('',#9989,1.);
#9989 = DIRECTION('',(0.,1.));
#9990 = ( GEOMETRIC_REPRESENTATION_CONTEXT(2) 
PARAMETRIC_REPRESENTATION_CONTEXT() REPRESENTATION_CONTEXT('2D SPACE',''
  ) );
#9991 = ORIENTED_EDGE('',*,*,#9545,.F.);
#9992 = ORIENTED_EDGE('',*,*,#3968,.F.);
#9993 = ADVANCED_FACE('',(#9994),#3957,.T.);
#9994 = FACE_BOUND('',#9995,.T.);
#9995 = EDGE_LOOP('',(#9996,#10019,#10040,#10041));
#9996 = ORIENTED_EDGE('',*,*,#9997,.F.);
#9997 = EDGE_CURVE('',#9998,#3917,#10000,.T.);
#9998 = VERTEX_POINT('',#9999);
#9999 = CARTESIAN_POINT('',(11.1,-16.95,-29.91));
#10000 = SURFACE_CURVE('',#10001,(#10005,#10012),.PCURVE_S1.);
#10001 = LINE('',#10002,#10003);
#10002 = CARTESIAN_POINT('',(11.1,-16.95,-29.91));
#10003 = VECTOR('',#10004,1.);
#10004 = DIRECTION('',(0.,0.,1.));
#10005 = PCURVE('',#3957,#10006);
#10006 = DEFINITIONAL_REPRESENTATION('',(#10007),#10011);
#10007 = LINE('',#10008,#10009);
#10008 = CARTESIAN_POINT('',(0.,22.2));
#10009 = VECTOR('',#10010,1.);
#10010 = DIRECTION('',(1.,0.));
#10011 = ( GEOMETRIC_REPRESENTATION_CONTEXT(2) 
PARAMETRIC_REPRESENTATION_CONTEXT() REPRESENTATION_CONTEXT('2D SPACE',''
  ) );
#10012 = PCURVE('',#3931,#10013);
#10013 = DEFINITIONAL_REPRESENTATION('',(#10014),#10018);
#10014 = LINE('',#10015,#10016);
#10015 = CARTESIAN_POINT('',(0.,-0.6));
#10016 = VECTOR('',#10017,1.);
#10017 = DIRECTION('',(0.,-1.));
#10018 = ( GEOMETRIC_REPRESENTATION_CONTEXT(2) 
PARAMETRIC_REPRESENTATION_CONTEXT() REPRESENTATION_CONTEXT('2D SPACE',''
  ) );
#10019 = ORIENTED_EDGE('',*,*,#10020,.F.);
#10020 = EDGE_CURVE('',#9949,#9998,#10021,.T.);
#10021 = SURFACE_CURVE('',#10022,(#10026,#10033),.PCURVE_S1.);
#10022 = LINE('',#10023,#10024);
#10023 = CARTESIAN_POINT('',(-11.1,-16.95,-29.91));
#10024 = VECTOR('',#10025,1.);
#10025 = DIRECTION('',(1.,0.,-0.));
#10026 = PCURVE('',#3957,#10027);
#10027 = DEFINITIONAL_REPRESENTATION('',(#10028),#10032);
#10028 = LINE('',#10029,#10030);
#10029 = CARTESIAN_POINT('',(0.,0.));
#10030 = VECTOR('',#10031,1.);
#10031 = DIRECTION('',(0.,1.));
#10032 = ( GEOMETRIC_REPRESENTATION_CONTEXT(2) 
PARAMETRIC_REPRESENTATION_CONTEXT() REPRESENTATION_CONTEXT('2D SPACE',''
  ) );
#10033 = PCURVE('',#9581,#10034);
#10034 = DEFINITIONAL_REPRESENTATION('',(#10035),#10039);
#10035 = LINE('',#10036,#10037);
#10036 = CARTESIAN_POINT('',(0.,0.));
#10037 = VECTOR('',#10038,1.);
#10038 = DIRECTION('',(1.,0.));
#10039 = ( GEOMETRIC_REPRESENTATION_CONTEXT(2) 
PARAMETRIC_REPRESENTATION_CONTEXT() REPRESENTATION_CONTEXT('2D SPACE',''
  ) );
#10040 = ORIENTED_EDGE('',*,*,#9948,.T.);
#10041 = ORIENTED_EDGE('',*,*,#3942,.F.);
#10042 = ADVANCED_FACE('',(#10043),#3931,.T.);
#10043 = FACE_BOUND('',#10044,.T.);
#10044 = EDGE_LOOP('',(#10045,#10068,#10089,#10090,#10091));
#10045 = ORIENTED_EDGE('',*,*,#10046,.F.);
#10046 = EDGE_CURVE('',#10047,#9621,#10049,.T.);
#10047 = VERTEX_POINT('',#10048);
#10048 = CARTESIAN_POINT('',(11.1,-16.95,-30.51));
#10049 = SURFACE_CURVE('',#10050,(#10054,#10061),.PCURVE_S1.);
#10050 = LINE('',#10051,#10052);
#10051 = CARTESIAN_POINT('',(11.1,-16.95,-30.51));
#10052 = VECTOR('',#10053,1.);
#10053 = DIRECTION('',(0.768221279597,0.640184399664,0.));
#10054 = PCURVE('',#3931,#10055);
#10055 = DEFINITIONAL_REPRESENTATION('',(#10056),#10060);
#10056 = LINE('',#10057,#10058);
#10057 = CARTESIAN_POINT('',(0.,0.));
#10058 = VECTOR('',#10059,1.);
#10059 = DIRECTION('',(1.,0.));
#10060 = ( GEOMETRIC_REPRESENTATION_CONTEXT(2) 
PARAMETRIC_REPRESENTATION_CONTEXT() REPRESENTATION_CONTEXT('2D SPACE',''
  ) );
#10061 = PCURVE('',#9636,#10062);
#10062 = DEFINITIONAL_REPRESENTATION('',(#10063),#10067);
#10063 = LINE('',#10064,#10065);
#10064 = CARTESIAN_POINT('',(-0.90305059178,-1.35194940822));
#10065 = VECTOR('',#10066,1.);
#10066 = DIRECTION('',(0.768221279597,0.640184399664));
#10067 = ( GEOMETRIC_REPRESENTATION_CONTEXT(2) 
PARAMETRIC_REPRESENTATION_CONTEXT() REPRESENTATION_CONTEXT('2D SPACE',''
  ) );
#10068 = ORIENTED_EDGE('',*,*,#10069,.T.);
#10069 = EDGE_CURVE('',#10047,#9998,#10070,.T.);
#10070 = SURFACE_CURVE('',#10071,(#10075,#10082),.PCURVE_S1.);
#10071 = LINE('',#10072,#10073);
#10072 = CARTESIAN_POINT('',(11.1,-16.95,-30.51));
#10073 = VECTOR('',#10074,1.);
#10074 = DIRECTION('',(0.,0.,1.));
#10075 = PCURVE('',#3931,#10076);
#10076 = DEFINITIONAL_REPRESENTATION('',(#10077),#10081);
#10077 = LINE('',#10078,#10079);
#10078 = CARTESIAN_POINT('',(0.,0.));
#10079 = VECTOR('',#10080,1.);
#10080 = DIRECTION('',(0.,-1.));
#10081 = ( GEOMETRIC_REPRESENTATION_CONTEXT(2) 
PARAMETRIC_REPRESENTATION_CONTEXT() REPRESENTATION_CONTEXT('2D SPACE',''
  ) );
#10082 = PCURVE('',#9608,#10083);
#10083 = DEFINITIONAL_REPRESENTATION('',(#10084),#10088);
#10084 = LINE('',#10085,#10086);
#10085 = CARTESIAN_POINT('',(2.05,0.));
#10086 = VECTOR('',#10087,1.);
#10087 = DIRECTION('',(0.,-1.));
#10088 = ( GEOMETRIC_REPRESENTATION_CONTEXT(2) 
PARAMETRIC_REPRESENTATION_CONTEXT() REPRESENTATION_CONTEXT('2D SPACE',''
  ) );
#10089 = ORIENTED_EDGE('',*,*,#9997,.T.);
#10090 = ORIENTED_EDGE('',*,*,#3916,.F.);
#10091 = ORIENTED_EDGE('',*,*,#9648,.F.);
#10092 = ADVANCED_FACE('',(#10093),#4137,.F.);
#10093 = FACE_BOUND('',#10094,.F.);
#10094 = EDGE_LOOP('',(#10095,#10096,#10097,#10098,#10099));
#10095 = ORIENTED_EDGE('',*,*,#8064,.F.);
#10096 = ORIENTED_EDGE('',*,*,#8410,.F.);
#10097 = ORIENTED_EDGE('',*,*,#8436,.T.);
#10098 = ORIENTED_EDGE('',*,*,#4120,.T.);
#10099 = ORIENTED_EDGE('',*,*,#7800,.F.);
#10100 = ADVANCED_FACE('',(#10101),#5314,.T.);
#10101 = FACE_BOUND('',#10102,.T.);
#10102 = EDGE_LOOP('',(#10103,#10104,#10105,#10106));
#10103 = ORIENTED_EDGE('',*,*,#5386,.F.);
#10104 = ORIENTED_EDGE('',*,*,#5300,.F.);
#10105 = ORIENTED_EDGE('',*,*,#9522,.T.);
#10106 = ORIENTED_EDGE('',*,*,#7365,.F.);
#10107 = ADVANCED_FACE('',(#10108),#5519,.T.);
#10108 = FACE_BOUND('',#10109,.T.);
#10109 = EDGE_LOOP('',(#10110,#10131,#10132));
#10110 = ORIENTED_EDGE('',*,*,#10111,.F.);
#10111 = EDGE_CURVE('',#9210,#5481,#10112,.T.);
#10112 = SURFACE_CURVE('',#10113,(#10117,#10124),.PCURVE_S1.);
#10113 = LINE('',#10114,#10115);
#10114 = CARTESIAN_POINT('',(-14.75,3.047022611563E-15,-44.24824001572)
  );
#10115 = VECTOR('',#10116,1.);
#10116 = DIRECTION('',(6.10817595942E-17,0.898794046299,0.438371146789)
  );
#10117 = PCURVE('',#5519,#10118);
#10118 = DEFINITIONAL_REPRESENTATION('',(#10119),#10123);
#10119 = LINE('',#10120,#10121);
#10120 = CARTESIAN_POINT('',(29.081625205326,24.72));
#10121 = VECTOR('',#10122,1.);
#10122 = DIRECTION('',(0.615661475326,0.788010753607));
#10123 = ( GEOMETRIC_REPRESENTATION_CONTEXT(2) 
PARAMETRIC_REPRESENTATION_CONTEXT() REPRESENTATION_CONTEXT('2D SPACE',''
  ) );
#10124 = PCURVE('',#5495,#10125);
#10125 = DEFINITIONAL_REPRESENTATION('',(#10126),#10130);
#10126 = LINE('',#10127,#10128);
#10127 = CARTESIAN_POINT('',(41.138374794674,1.485284222642E-15));
#10128 = VECTOR('',#10129,1.);
#10129 = DIRECTION('',(1.,6.138292032054E-17));
#10130 = ( GEOMETRIC_REPRESENTATION_CONTEXT(2) 
PARAMETRIC_REPRESENTATION_CONTEXT() REPRESENTATION_CONTEXT('2D SPACE',''
  ) );
#10131 = ORIENTED_EDGE('',*,*,#9230,.T.);
#10132 = ORIENTED_EDGE('',*,*,#5506,.F.);
#10133 = ADVANCED_FACE('',(#10134),#5495,.F.);
#10134 = FACE_BOUND('',#10135,.F.);
#10135 = EDGE_LOOP('',(#10136,#10137,#10138,#10159));
#10136 = ORIENTED_EDGE('',*,*,#10111,.F.);
#10137 = ORIENTED_EDGE('',*,*,#9209,.T.);
#10138 = ORIENTED_EDGE('',*,*,#10139,.F.);
#10139 = EDGE_CURVE('',#5455,#9189,#10140,.T.);
#10140 = SURFACE_CURVE('',#10141,(#10145,#10152),.PCURVE_S1.);
#10141 = LINE('',#10142,#10143);
#10142 = CARTESIAN_POINT('',(17.35,26.138391591251,-31.49969462397));
#10143 = VECTOR('',#10144,1.);
#10144 = DIRECTION('',(-1.221635191884E-16,-0.898794046299,
    -0.438371146789));
#10145 = PCURVE('',#5495,#10146);
#10146 = DEFINITIONAL_REPRESENTATION('',(#10147),#10151);
#10147 = LINE('',#10148,#10149);
#10148 = CARTESIAN_POINT('',(70.22,-32.1));
#10149 = VECTOR('',#10150,1.);
#10150 = DIRECTION('',(-1.,-3.011607263418E-19));
#10151 = ( GEOMETRIC_REPRESENTATION_CONTEXT(2) 
PARAMETRIC_REPRESENTATION_CONTEXT() REPRESENTATION_CONTEXT('2D SPACE',''
  ) );
#10152 = PCURVE('',#5469,#10153);
#10153 = DEFINITIONAL_REPRESENTATION('',(#10154),#10158);
#10154 = LINE('',#10155,#10156);
#10155 = CARTESIAN_POINT('',(46.986061484105,47.636633394157));
#10156 = VECTOR('',#10157,1.);
#10157 = DIRECTION('',(-0.615661475326,-0.788010753607));
#10158 = ( GEOMETRIC_REPRESENTATION_CONTEXT(2) 
PARAMETRIC_REPRESENTATION_CONTEXT() REPRESENTATION_CONTEXT('2D SPACE',''
  ) );
#10159 = ORIENTED_EDGE('',*,*,#5480,.F.);
#10160 = ADVANCED_FACE('',(#10161),#5469,.F.);
#10161 = FACE_BOUND('',#10162,.F.);
#10162 = EDGE_LOOP('',(#10163,#10164,#10165));
#10163 = ORIENTED_EDGE('',*,*,#10139,.T.);
#10164 = ORIENTED_EDGE('',*,*,#9188,.T.);
#10165 = ORIENTED_EDGE('',*,*,#5454,.F.);
#10166 = ADVANCED_FACE('',(#10167),#5551,.F.);
#10167 = FACE_BOUND('',#10168,.F.);
#10168 = EDGE_LOOP('',(#10169,#10170,#10171,#10192));
#10169 = ORIENTED_EDGE('',*,*,#9251,.T.);
#10170 = ORIENTED_EDGE('',*,*,#5533,.T.);
#10171 = ORIENTED_EDGE('',*,*,#10172,.F.);
#10172 = EDGE_CURVE('',#6030,#5536,#10173,.T.);
#10173 = SURFACE_CURVE('',#10174,(#10178,#10185),.PCURVE_S1.);
#10174 = LINE('',#10175,#10176);
#10175 = CARTESIAN_POINT('',(-19.8,-12.,-41.7));
#10176 = VECTOR('',#10177,1.);
#10177 = DIRECTION('',(1.,0.,0.));
#10178 = PCURVE('',#5551,#10179);
#10179 = DEFINITIONAL_REPRESENTATION('',(#10180),#10184);
#10180 = LINE('',#10181,#10182);
#10181 = CARTESIAN_POINT('',(3.535533905933,0.));
#10182 = VECTOR('',#10183,1.);
#10183 = DIRECTION('',(0.,-1.));
#10184 = ( GEOMETRIC_REPRESENTATION_CONTEXT(2) 
PARAMETRIC_REPRESENTATION_CONTEXT() REPRESENTATION_CONTEXT('2D SPACE',''
  ) );
#10185 = PCURVE('',#5579,#10186);
#10186 = DEFINITIONAL_REPRESENTATION('',(#10187),#10191);
#10187 = LINE('',#10188,#10189);
#10188 = CARTESIAN_POINT('',(0.,0.));
#10189 = VECTOR('',#10190,1.);
#10190 = DIRECTION('',(0.,-1.));
#10191 = ( GEOMETRIC_REPRESENTATION_CONTEXT(2) 
PARAMETRIC_REPRESENTATION_CONTEXT() REPRESENTATION_CONTEXT('2D SPACE',''
  ) );
#10192 = ORIENTED_EDGE('',*,*,#6029,.F.);
#10193 = ADVANCED_FACE('',(#10194),#5579,.F.);
#10194 = FACE_BOUND('',#10195,.F.);
#10195 = EDGE_LOOP('',(#10196,#10197,#10198,#10219));
#10196 = ORIENTED_EDGE('',*,*,#10172,.T.);
#10197 = ORIENTED_EDGE('',*,*,#5563,.T.);
#10198 = ORIENTED_EDGE('',*,*,#10199,.F.);
#10199 = EDGE_CURVE('',#6053,#5564,#10200,.T.);
#10200 = SURFACE_CURVE('',#10201,(#10205,#10212),.PCURVE_S1.);
#10201 = LINE('',#10202,#10203);
#10202 = CARTESIAN_POINT('',(-19.8,-12.,-58.));
#10203 = VECTOR('',#10204,1.);
#10204 = DIRECTION('',(1.,0.,0.));
#10205 = PCURVE('',#5579,#10206);
#10206 = DEFINITIONAL_REPRESENTATION('',(#10207),#10211);
#10207 = LINE('',#10208,#10209);
#10208 = CARTESIAN_POINT('',(16.3,0.));
#10209 = VECTOR('',#10210,1.);
#10210 = DIRECTION('',(0.,-1.));
#10211 = ( GEOMETRIC_REPRESENTATION_CONTEXT(2) 
PARAMETRIC_REPRESENTATION_CONTEXT() REPRESENTATION_CONTEXT('2D SPACE',''
  ) );
#10212 = PCURVE('',#5607,#10213);
#10213 = DEFINITIONAL_REPRESENTATION('',(#10214),#10218);
#10214 = LINE('',#10215,#10216);
#10215 = CARTESIAN_POINT('',(0.,0.));
#10216 = VECTOR('',#10217,1.);
#10217 = DIRECTION('',(0.,-1.));
#10218 = ( GEOMETRIC_REPRESENTATION_CONTEXT(2) 
PARAMETRIC_REPRESENTATION_CONTEXT() REPRESENTATION_CONTEXT('2D SPACE',''
  ) );
#10219 = ORIENTED_EDGE('',*,*,#6052,.F.);
#10220 = ADVANCED_FACE('',(#10221),#5607,.F.);
#10221 = FACE_BOUND('',#10222,.F.);
#10222 = EDGE_LOOP('',(#10223,#10224,#10225,#10226));
#10223 = ORIENTED_EDGE('',*,*,#6075,.F.);
#10224 = ORIENTED_EDGE('',*,*,#10199,.T.);
#10225 = ORIENTED_EDGE('',*,*,#5591,.T.);
#10226 = ORIENTED_EDGE('',*,*,#10227,.F.);
#10227 = EDGE_CURVE('',#6076,#5592,#10228,.T.);
#10228 = SURFACE_CURVE('',#10229,(#10233,#10239),.PCURVE_S1.);
#10229 = LINE('',#10230,#10231);
#10230 = CARTESIAN_POINT('',(-19.8,-10.,-58.));
#10231 = VECTOR('',#10232,1.);
#10232 = DIRECTION('',(1.,0.,2.22044604925E-16));
#10233 = PCURVE('',#5607,#10234);
#10234 = DEFINITIONAL_REPRESENTATION('',(#10235),#10238);
#10235 = B_SPLINE_CURVE_WITH_KNOTS('',1,(#10236,#10237),.UNSPECIFIED.,
  .F.,.F.,(2,2),(-2.399999999625E-06,3.0000024),
  .PIECEWISE_BEZIER_KNOTS.);
#10236 = CARTESIAN_POINT('',(2.,2.399999999625E-06));
#10237 = CARTESIAN_POINT('',(2.,-3.0000024));
#10238 = ( GEOMETRIC_REPRESENTATION_CONTEXT(2) 
PARAMETRIC_REPRESENTATION_CONTEXT() REPRESENTATION_CONTEXT('2D SPACE',''
  ) );
#10239 = PCURVE('',#5636,#10240);
#10240 = DEFINITIONAL_REPRESENTATION('',(#10241),#10244);
#10241 = B_SPLINE_CURVE_WITH_KNOTS('',1,(#10242,#10243),.UNSPECIFIED.,
  .F.,.F.,(2,2),(2.524354896707E-29,3.),.PIECEWISE_BEZIER_KNOTS.);
#10242 = CARTESIAN_POINT('',(4.712388980385,2.524354896707E-29));
#10243 = CARTESIAN_POINT('',(4.712388980385,3.));
#10244 = ( GEOMETRIC_REPRESENTATION_CONTEXT(2) 
PARAMETRIC_REPRESENTATION_CONTEXT() REPRESENTATION_CONTEXT('2D SPACE',''
  ) );
#10245 = ADVANCED_FACE('',(#10246),#5636,.T.);
#10246 = FACE_BOUND('',#10247,.T.);
#10247 = EDGE_LOOP('',(#10248,#10249,#10250,#10251));
#10248 = ORIENTED_EDGE('',*,*,#5619,.F.);
#10249 = ORIENTED_EDGE('',*,*,#10227,.F.);
#10250 = ORIENTED_EDGE('',*,*,#6098,.F.);
#10251 = ORIENTED_EDGE('',*,*,#10252,.T.);
#10252 = EDGE_CURVE('',#6099,#5620,#10253,.T.);
#10253 = SURFACE_CURVE('',#10254,(#10258,#10264),.PCURVE_S1.);
#10254 = LINE('',#10255,#10256);
#10255 = CARTESIAN_POINT('',(-19.8,10.,-58.));
#10256 = VECTOR('',#10257,1.);
#10257 = DIRECTION('',(1.,0.,2.22044604925E-16));
#10258 = PCURVE('',#5636,#10259);
#10259 = DEFINITIONAL_REPRESENTATION('',(#10260),#10263);
#10260 = B_SPLINE_CURVE_WITH_KNOTS('',1,(#10261,#10262),.UNSPECIFIED.,
  .F.,.F.,(2,2),(2.208810534619E-29,3.),.PIECEWISE_BEZIER_KNOTS.);
#10261 = CARTESIAN_POINT('',(7.853981633974,2.208810534619E-29));
#10262 = CARTESIAN_POINT('',(7.853981633974,3.));
#10263 = ( GEOMETRIC_REPRESENTATION_CONTEXT(2) 
PARAMETRIC_REPRESENTATION_CONTEXT() REPRESENTATION_CONTEXT('2D SPACE',''
  ) );
#10264 = PCURVE('',#5664,#10265);
#10265 = DEFINITIONAL_REPRESENTATION('',(#10266),#10269);
#10266 = B_SPLINE_CURVE_WITH_KNOTS('',1,(#10267,#10268),.UNSPECIFIED.,
  .F.,.F.,(2,2),(-2.399999999625E-06,3.0000024),
  .PIECEWISE_BEZIER_KNOTS.);
#10267 = CARTESIAN_POINT('',(22.,2.399999999625E-06));
#10268 = CARTESIAN_POINT('',(22.,-3.0000024));
#10269 = ( GEOMETRIC_REPRESENTATION_CONTEXT(2) 
PARAMETRIC_REPRESENTATION_CONTEXT() REPRESENTATION_CONTEXT('2D SPACE',''
  ) );
#10270 = ADVANCED_FACE('',(#10271),#5664,.F.);
#10271 = FACE_BOUND('',#10272,.F.);
#10272 = EDGE_LOOP('',(#10273,#10274,#10275,#10276));
#10273 = ORIENTED_EDGE('',*,*,#6126,.F.);
#10274 = ORIENTED_EDGE('',*,*,#10252,.T.);
#10275 = ORIENTED_EDGE('',*,*,#5648,.T.);
#10276 = ORIENTED_EDGE('',*,*,#10277,.F.);
#10277 = EDGE_CURVE('',#6127,#5649,#10278,.T.);
#10278 = SURFACE_CURVE('',#10279,(#10283,#10290),.PCURVE_S1.);
#10279 = LINE('',#10280,#10281);
#10280 = CARTESIAN_POINT('',(-19.8,12.,-58.));
#10281 = VECTOR('',#10282,1.);
#10282 = DIRECTION('',(1.,0.,0.));
#10283 = PCURVE('',#5664,#10284);
#10284 = DEFINITIONAL_REPRESENTATION('',(#10285),#10289);
#10285 = LINE('',#10286,#10287);
#10286 = CARTESIAN_POINT('',(24.,0.));
#10287 = VECTOR('',#10288,1.);
#10288 = DIRECTION('',(0.,-1.));
#10289 = ( GEOMETRIC_REPRESENTATION_CONTEXT(2) 
PARAMETRIC_REPRESENTATION_CONTEXT() REPRESENTATION_CONTEXT('2D SPACE',''
  ) );
#10290 = PCURVE('',#5692,#10291);
#10291 = DEFINITIONAL_REPRESENTATION('',(#10292),#10296);
#10292 = LINE('',#10293,#10294);
#10293 = CARTESIAN_POINT('',(0.,0.));
#10294 = VECTOR('',#10295,1.);
#10295 = DIRECTION('',(0.,-1.));
#10296 = ( GEOMETRIC_REPRESENTATION_CONTEXT(2) 
PARAMETRIC_REPRESENTATION_CONTEXT() REPRESENTATION_CONTEXT('2D SPACE',''
  ) );
#10297 = ADVANCED_FACE('',(#10298),#5692,.F.);
#10298 = FACE_BOUND('',#10299,.F.);
#10299 = EDGE_LOOP('',(#10300,#10301,#10302,#10323));
#10300 = ORIENTED_EDGE('',*,*,#10277,.T.);
#10301 = ORIENTED_EDGE('',*,*,#5676,.T.);
#10302 = ORIENTED_EDGE('',*,*,#10303,.F.);
#10303 = EDGE_CURVE('',#6150,#5677,#10304,.T.);
#10304 = SURFACE_CURVE('',#10305,(#10309,#10316),.PCURVE_S1.);
#10305 = LINE('',#10306,#10307);
#10306 = CARTESIAN_POINT('',(-19.8,12.,-41.7));
#10307 = VECTOR('',#10308,1.);
#10308 = DIRECTION('',(1.,0.,0.));
#10309 = PCURVE('',#5692,#10310);
#10310 = DEFINITIONAL_REPRESENTATION('',(#10311),#10315);
#10311 = LINE('',#10312,#10313);
#10312 = CARTESIAN_POINT('',(16.3,0.));
#10313 = VECTOR('',#10314,1.);
#10314 = DIRECTION('',(0.,-1.));
#10315 = ( GEOMETRIC_REPRESENTATION_CONTEXT(2) 
PARAMETRIC_REPRESENTATION_CONTEXT() REPRESENTATION_CONTEXT('2D SPACE',''
  ) );
#10316 = PCURVE('',#5720,#10317);
#10317 = DEFINITIONAL_REPRESENTATION('',(#10318),#10322);
#10318 = LINE('',#10319,#10320);
#10319 = CARTESIAN_POINT('',(0.,0.));
#10320 = VECTOR('',#10321,1.);
#10321 = DIRECTION('',(0.,-1.));
#10322 = ( GEOMETRIC_REPRESENTATION_CONTEXT(2) 
PARAMETRIC_REPRESENTATION_CONTEXT() REPRESENTATION_CONTEXT('2D SPACE',''
  ) );
#10323 = ORIENTED_EDGE('',*,*,#6149,.F.);
#10324 = ADVANCED_FACE('',(#10325),#5720,.F.);
#10325 = FACE_BOUND('',#10326,.F.);
#10326 = EDGE_LOOP('',(#10327,#10328,#10329,#10330));
#10327 = ORIENTED_EDGE('',*,*,#10303,.T.);
#10328 = ORIENTED_EDGE('',*,*,#5704,.T.);
#10329 = ORIENTED_EDGE('',*,*,#5933,.F.);
#10330 = ORIENTED_EDGE('',*,*,#6172,.F.);
#10331 = ADVANCED_FACE('',(#10332),#5794,.F.);
#10332 = FACE_BOUND('',#10333,.F.);
#10333 = EDGE_LOOP('',(#10334,#10335,#10356,#10357));
#10334 = ORIENTED_EDGE('',*,*,#5777,.F.);
#10335 = ORIENTED_EDGE('',*,*,#10336,.F.);
#10336 = EDGE_CURVE('',#6275,#5778,#10337,.T.);
#10337 = SEAM_CURVE('',#10338,(#10342,#10349),.PCURVE_S1.);
#10338 = LINE('',#10339,#10340);
#10339 = CARTESIAN_POINT('',(-20.8,-4.163799117101E-16,-52.7));
#10340 = VECTOR('',#10341,1.);
#10341 = DIRECTION('',(1.,0.,2.22044604925E-16));
#10342 = PCURVE('',#5794,#10343);
#10343 = DEFINITIONAL_REPRESENTATION('',(#10344),#10348);
#10344 = LINE('',#10345,#10346);
#10345 = CARTESIAN_POINT('',(6.28318530718,-0.));
#10346 = VECTOR('',#10347,1.);
#10347 = DIRECTION('',(0.,1.));
#10348 = ( GEOMETRIC_REPRESENTATION_CONTEXT(2) 
PARAMETRIC_REPRESENTATION_CONTEXT() REPRESENTATION_CONTEXT('2D SPACE',''
  ) );
#10349 = PCURVE('',#5794,#10350);
#10350 = DEFINITIONAL_REPRESENTATION('',(#10351),#10355);
#10351 = LINE('',#10352,#10353);
#10352 = CARTESIAN_POINT('',(0.,-0.));
#10353 = VECTOR('',#10354,1.);
#10354 = DIRECTION('',(0.,1.));
#10355 = ( GEOMETRIC_REPRESENTATION_CONTEXT(2) 
PARAMETRIC_REPRESENTATION_CONTEXT() REPRESENTATION_CONTEXT('2D SPACE',''
  ) );
#10356 = ORIENTED_EDGE('',*,*,#6274,.T.);
#10357 = ORIENTED_EDGE('',*,*,#10336,.T.);
#10358 = ADVANCED_FACE('',(#10359),#5825,.F.);
#10359 = FACE_BOUND('',#10360,.F.);
#10360 = EDGE_LOOP('',(#10361,#10362,#10383,#10384));
#10361 = ORIENTED_EDGE('',*,*,#5808,.F.);
#10362 = ORIENTED_EDGE('',*,*,#10363,.F.);
#10363 = EDGE_CURVE('',#6223,#5809,#10364,.T.);
#10364 = SEAM_CURVE('',#10365,(#10369,#10376),.PCURVE_S1.);
#10365 = LINE('',#10366,#10367);
#10366 = CARTESIAN_POINT('',(-20.8,-4.163799117101E-16,-66.7));
#10367 = VECTOR('',#10368,1.);
#10368 = DIRECTION('',(1.,0.,2.22044604925E-16));
#10369 = PCURVE('',#5825,#10370);
#10370 = DEFINITIONAL_REPRESENTATION('',(#10371),#10375);
#10371 = LINE('',#10372,#10373);
#10372 = CARTESIAN_POINT('',(6.28318530718,-0.));
#10373 = VECTOR('',#10374,1.);
#10374 = DIRECTION('',(0.,1.));
#10375 = ( GEOMETRIC_REPRESENTATION_CONTEXT(2) 
PARAMETRIC_REPRESENTATION_CONTEXT() REPRESENTATION_CONTEXT('2D SPACE',''
  ) );
#10376 = PCURVE('',#5825,#10377);
#10377 = DEFINITIONAL_REPRESENTATION('',(#10378),#10382);
#10378 = LINE('',#10379,#10380);
#10379 = CARTESIAN_POINT('',(0.,-0.));
#10380 = VECTOR('',#10381,1.);
#10381 = DIRECTION('',(0.,1.));
#10382 = ( GEOMETRIC_REPRESENTATION_CONTEXT(2) 
PARAMETRIC_REPRESENTATION_CONTEXT() REPRESENTATION_CONTEXT('2D SPACE',''
  ) );
#10383 = ORIENTED_EDGE('',*,*,#6222,.T.);
#10384 = ORIENTED_EDGE('',*,*,#10363,.T.);
#10385 = ADVANCED_FACE('',(#10386),#5856,.F.);
#10386 = FACE_BOUND('',#10387,.F.);
#10387 = EDGE_LOOP('',(#10388,#10389,#10410,#10411));
#10388 = ORIENTED_EDGE('',*,*,#5839,.F.);
#10389 = ORIENTED_EDGE('',*,*,#10390,.F.);
#10390 = EDGE_CURVE('',#6301,#5840,#10391,.T.);
#10391 = SEAM_CURVE('',#10392,(#10396,#10403),.PCURVE_S1.);
#10392 = LINE('',#10393,#10394);
#10393 = CARTESIAN_POINT('',(-20.8,-7.,-59.7));
#10394 = VECTOR('',#10395,1.);
#10395 = DIRECTION('',(1.,0.,2.22044604925E-16));
#10396 = PCURVE('',#5856,#10397);
#10397 = DEFINITIONAL_REPRESENTATION('',(#10398),#10402);
#10398 = LINE('',#10399,#10400);
#10399 = CARTESIAN_POINT('',(6.28318530718,-0.));
#10400 = VECTOR('',#10401,1.);
#10401 = DIRECTION('',(0.,1.));
#10402 = ( GEOMETRIC_REPRESENTATION_CONTEXT(2) 
PARAMETRIC_REPRESENTATION_CONTEXT() REPRESENTATION_CONTEXT('2D SPACE',''
  ) );
#10403 = PCURVE('',#5856,#10404);
#10404 = DEFINITIONAL_REPRESENTATION('',(#10405),#10409);
#10405 = LINE('',#10406,#10407);
#10406 = CARTESIAN_POINT('',(0.,-0.));
#10407 = VECTOR('',#10408,1.);
#10408 = DIRECTION('',(0.,1.));
#10409 = ( GEOMETRIC_REPRESENTATION_CONTEXT(2) 
PARAMETRIC_REPRESENTATION_CONTEXT() REPRESENTATION_CONTEXT('2D SPACE',''
  ) );
#10410 = ORIENTED_EDGE('',*,*,#6300,.T.);
#10411 = ORIENTED_EDGE('',*,*,#10390,.T.);
#10412 = ADVANCED_FACE('',(#10413),#5887,.F.);
#10413 = FACE_BOUND('',#10414,.F.);
#10414 = EDGE_LOOP('',(#10415,#10416,#10437,#10438));
#10415 = ORIENTED_EDGE('',*,*,#5870,.F.);
#10416 = ORIENTED_EDGE('',*,*,#10417,.F.);
#10417 = EDGE_CURVE('',#6249,#5871,#10418,.T.);
#10418 = SEAM_CURVE('',#10419,(#10423,#10430),.PCURVE_S1.);
#10419 = LINE('',#10420,#10421);
#10420 = CARTESIAN_POINT('',(-20.8,-9.184850993605E-16,-61.75));
#10421 = VECTOR('',#10422,1.);
#10422 = DIRECTION('',(1.,0.,2.22044604925E-16));
#10423 = PCURVE('',#5887,#10424);
#10424 = DEFINITIONAL_REPRESENTATION('',(#10425),#10429);
#10425 = LINE('',#10426,#10427);
#10426 = CARTESIAN_POINT('',(6.28318530718,-0.));
#10427 = VECTOR('',#10428,1.);
#10428 = DIRECTION('',(0.,1.));
#10429 = ( GEOMETRIC_REPRESENTATION_CONTEXT(2) 
PARAMETRIC_REPRESENTATION_CONTEXT() REPRESENTATION_CONTEXT('2D SPACE',''
  ) );
#10430 = PCURVE('',#5887,#10431);
#10431 = DEFINITIONAL_REPRESENTATION('',(#10432),#10436);
#10432 = LINE('',#10433,#10434);
#10433 = CARTESIAN_POINT('',(0.,-0.));
#10434 = VECTOR('',#10435,1.);
#10435 = DIRECTION('',(0.,1.));
#10436 = ( GEOMETRIC_REPRESENTATION_CONTEXT(2) 
PARAMETRIC_REPRESENTATION_CONTEXT() REPRESENTATION_CONTEXT('2D SPACE',''
  ) );
#10437 = ORIENTED_EDGE('',*,*,#6248,.T.);
#10438 = ORIENTED_EDGE('',*,*,#10417,.T.);
#10439 = ADVANCED_FACE('',(#10440),#5918,.F.);
#10440 = FACE_BOUND('',#10441,.F.);
#10441 = EDGE_LOOP('',(#10442,#10443,#10464,#10465));
#10442 = ORIENTED_EDGE('',*,*,#5901,.F.);
#10443 = ORIENTED_EDGE('',*,*,#10444,.F.);
#10444 = EDGE_CURVE('',#6197,#5902,#10445,.T.);
#10445 = SEAM_CURVE('',#10446,(#10450,#10457),.PCURVE_S1.);
#10446 = LINE('',#10447,#10448);
#10447 = CARTESIAN_POINT('',(-20.8,7.,-59.7));
#10448 = VECTOR('',#10449,1.);
#10449 = DIRECTION('',(1.,0.,2.22044604925E-16));
#10450 = PCURVE('',#5918,#10451);
#10451 = DEFINITIONAL_REPRESENTATION('',(#10452),#10456);
#10452 = LINE('',#10453,#10454);
#10453 = CARTESIAN_POINT('',(6.28318530718,-0.));
#10454 = VECTOR('',#10455,1.);
#10455 = DIRECTION('',(0.,1.));
#10456 = ( GEOMETRIC_REPRESENTATION_CONTEXT(2) 
PARAMETRIC_REPRESENTATION_CONTEXT() REPRESENTATION_CONTEXT('2D SPACE',''
  ) );
#10457 = PCURVE('',#5918,#10458);
#10458 = DEFINITIONAL_REPRESENTATION('',(#10459),#10463);
#10459 = LINE('',#10460,#10461);
#10460 = CARTESIAN_POINT('',(0.,-0.));
#10461 = VECTOR('',#10462,1.);
#10462 = DIRECTION('',(0.,1.));
#10463 = ( GEOMETRIC_REPRESENTATION_CONTEXT(2) 
PARAMETRIC_REPRESENTATION_CONTEXT() REPRESENTATION_CONTEXT('2D SPACE',''
  ) );
#10464 = ORIENTED_EDGE('',*,*,#6196,.T.);
#10465 = ORIENTED_EDGE('',*,*,#10444,.T.);
#10466 = ADVANCED_FACE('',(#10467),#6465,.T.);
#10467 = FACE_BOUND('',#10468,.T.);
#10468 = EDGE_LOOP('',(#10469,#10490,#10491));
#10469 = ORIENTED_EDGE('',*,*,#10470,.F.);
#10470 = EDGE_CURVE('',#6427,#9054,#10471,.T.);
#10471 = SURFACE_CURVE('',#10472,(#10476,#10483),.PCURVE_S1.);
#10472 = LINE('',#10473,#10474);
#10473 = CARTESIAN_POINT('',(-16.65,-21.83284103564,-35.44657116285));
#10474 = VECTOR('',#10475,1.);
#10475 = DIRECTION('',(1.224646799147E-16,0.898794046299,-0.438371146789
    ));
#10476 = PCURVE('',#6465,#10477);
#10477 = DEFINITIONAL_REPRESENTATION('',(#10478),#10482);
#10478 = LINE('',#10479,#10480);
#10479 = CARTESIAN_POINT('',(-1.303424644141E-15,21.4));
#10480 = VECTOR('',#10481,1.);
#10481 = DIRECTION('',(1.,-1.292879351082E-17));
#10482 = ( GEOMETRIC_REPRESENTATION_CONTEXT(2) 
PARAMETRIC_REPRESENTATION_CONTEXT() REPRESENTATION_CONTEXT('2D SPACE',''
  ) );
#10483 = PCURVE('',#6441,#10484);
#10484 = DEFINITIONAL_REPRESENTATION('',(#10485),#10489);
#10485 = LINE('',#10486,#10487);
#10486 = CARTESIAN_POINT('',(0.,0.));
#10487 = VECTOR('',#10488,1.);
#10488 = DIRECTION('',(1.,0.));
#10489 = ( GEOMETRIC_REPRESENTATION_CONTEXT(2) 
PARAMETRIC_REPRESENTATION_CONTEXT() REPRESENTATION_CONTEXT('2D SPACE',''
  ) );
#10490 = ORIENTED_EDGE('',*,*,#6452,.T.);
#10491 = ORIENTED_EDGE('',*,*,#9053,.T.);
#10492 = ADVANCED_FACE('',(#10493),#6441,.F.);
#10493 = FACE_BOUND('',#10494,.F.);
#10494 = EDGE_LOOP('',(#10495,#10496,#10497,#10518));
#10495 = ORIENTED_EDGE('',*,*,#10470,.F.);
#10496 = ORIENTED_EDGE('',*,*,#6426,.T.);
#10497 = ORIENTED_EDGE('',*,*,#10498,.F.);
#10498 = EDGE_CURVE('',#9075,#6401,#10499,.T.);
#10499 = SURFACE_CURVE('',#10500,(#10504,#10511),.PCURVE_S1.);
#10500 = LINE('',#10501,#10502);
#10501 = CARTESIAN_POINT('',(-14.75,-9.914831981718,-41.25937256927));
#10502 = VECTOR('',#10503,1.);
#10503 = DIRECTION('',(-1.33963562549E-16,-0.898794046299,0.438371146789
    ));
#10504 = PCURVE('',#6441,#10505);
#10505 = DEFINITIONAL_REPRESENTATION('',(#10506),#10510);
#10506 = LINE('',#10507,#10508);
#10507 = CARTESIAN_POINT('',(13.26,-1.9));
#10508 = VECTOR('',#10509,1.);
#10509 = DIRECTION('',(-1.,1.14988826343E-17));
#10510 = ( GEOMETRIC_REPRESENTATION_CONTEXT(2) 
PARAMETRIC_REPRESENTATION_CONTEXT() REPRESENTATION_CONTEXT('2D SPACE',''
  ) );
#10511 = PCURVE('',#6415,#10512);
#10512 = DEFINITIONAL_REPRESENTATION('',(#10513),#10517);
#10513 = LINE('',#10514,#10515);
#10514 = CARTESIAN_POINT('',(18.86,23.06));
#10515 = VECTOR('',#10516,1.);
#10516 = DIRECTION('',(-1.,3.734165571227E-16));
#10517 = ( GEOMETRIC_REPRESENTATION_CONTEXT(2) 
PARAMETRIC_REPRESENTATION_CONTEXT() REPRESENTATION_CONTEXT('2D SPACE',''
  ) );
#10518 = ORIENTED_EDGE('',*,*,#9074,.T.);
#10519 = ADVANCED_FACE('',(#10520),#6415,.T.);
#10520 = FACE_BOUND('',#10521,.T.);
#10521 = EDGE_LOOP('',(#10522,#10543,#10544,#10545));
#10522 = ORIENTED_EDGE('',*,*,#10523,.F.);
#10523 = EDGE_CURVE('',#6375,#9096,#10524,.T.);
#10524 = SURFACE_CURVE('',#10525,(#10529,#10536),.PCURVE_S1.);
#10525 = LINE('',#10526,#10527);
#10526 = CARTESIAN_POINT('',(-14.75,-26.13839159125,-31.49969462397));
#10527 = VECTOR('',#10528,1.);
#10528 = DIRECTION('',(1.221635191884E-16,0.898794046299,-0.438371146789
    ));
#10529 = PCURVE('',#6415,#10530);
#10530 = DEFINITIONAL_REPRESENTATION('',(#10531),#10535);
#10531 = LINE('',#10532,#10533);
#10532 = CARTESIAN_POINT('',(7.403364378293E-16,24.72));
#10533 = VECTOR('',#10534,1.);
#10534 = DIRECTION('',(1.,-3.179054058914E-16));
#10535 = ( GEOMETRIC_REPRESENTATION_CONTEXT(2) 
PARAMETRIC_REPRESENTATION_CONTEXT() REPRESENTATION_CONTEXT('2D SPACE',''
  ) );
#10536 = PCURVE('',#6389,#10537);
#10537 = DEFINITIONAL_REPRESENTATION('',(#10538),#10542);
#10538 = LINE('',#10539,#10540);
#10539 = CARTESIAN_POINT('',(0.,0.));
#10540 = VECTOR('',#10541,1.);
#10541 = DIRECTION('',(1.,3.011607263421E-19));
#10542 = ( GEOMETRIC_REPRESENTATION_CONTEXT(2) 
PARAMETRIC_REPRESENTATION_CONTEXT() REPRESENTATION_CONTEXT('2D SPACE',''
  ) );
#10543 = ORIENTED_EDGE('',*,*,#6400,.T.);
#10544 = ORIENTED_EDGE('',*,*,#10498,.F.);
#10545 = ORIENTED_EDGE('',*,*,#9095,.T.);
#10546 = ADVANCED_FACE('',(#10547),#6389,.F.);
#10547 = FACE_BOUND('',#10548,.F.);
#10548 = EDGE_LOOP('',(#10549,#10550,#10551,#10552,#10553,#10574));
#10549 = ORIENTED_EDGE('',*,*,#10523,.F.);
#10550 = ORIENTED_EDGE('',*,*,#6374,.T.);
#10551 = ORIENTED_EDGE('',*,*,#6545,.T.);
#10552 = ORIENTED_EDGE('',*,*,#9321,.T.);
#10553 = ORIENTED_EDGE('',*,*,#10554,.F.);
#10554 = EDGE_CURVE('',#9117,#9322,#10555,.T.);
#10555 = SURFACE_CURVE('',#10556,(#10560,#10567),.PCURVE_S1.);
#10556 = LINE('',#10557,#10558);
#10557 = CARTESIAN_POINT('',(17.35,-3.698848969949E-15,-44.24824001572)
  );
#10558 = VECTOR('',#10559,1.);
#10559 = DIRECTION('',(-1.221635191884E-16,-0.898794046299,
    0.438371146789));
#10560 = PCURVE('',#6389,#10561);
#10561 = DEFINITIONAL_REPRESENTATION('',(#10562),#10566);
#10562 = LINE('',#10563,#10564);
#10563 = CARTESIAN_POINT('',(29.081625205326,-32.1));
#10564 = VECTOR('',#10565,1.);
#10565 = DIRECTION('',(-1.,-3.01160726342E-19));
#10566 = ( GEOMETRIC_REPRESENTATION_CONTEXT(2) 
PARAMETRIC_REPRESENTATION_CONTEXT() REPRESENTATION_CONTEXT('2D SPACE',''
  ) );
#10567 = PCURVE('',#9152,#10568);
#10568 = DEFINITIONAL_REPRESENTATION('',(#10569),#10573);
#10569 = LINE('',#10570,#10571);
#10570 = CARTESIAN_POINT('',(29.081625205326,24.72));
#10571 = VECTOR('',#10572,1.);
#10572 = DIRECTION('',(-1.,2.181192214317E-16));
#10573 = ( GEOMETRIC_REPRESENTATION_CONTEXT(2) 
PARAMETRIC_REPRESENTATION_CONTEXT() REPRESENTATION_CONTEXT('2D SPACE',''
  ) );
#10574 = ORIENTED_EDGE('',*,*,#9116,.T.);
#10575 = ADVANCED_FACE('',(#10576),#6737,.F.);
#10576 = FACE_BOUND('',#10577,.F.);
#10577 = EDGE_LOOP('',(#10578,#10579,#10600,#10601,#10602));
#10578 = ORIENTED_EDGE('',*,*,#9677,.F.);
#10579 = ORIENTED_EDGE('',*,*,#10580,.T.);
#10580 = EDGE_CURVE('',#9678,#6717,#10581,.T.);
#10581 = SURFACE_CURVE('',#10582,(#10586,#10593),.PCURVE_S1.);
#10582 = LINE('',#10583,#10584);
#10583 = CARTESIAN_POINT('',(-8.8,-18.9,-32.14939033455));
#10584 = VECTOR('',#10585,1.);
#10585 = DIRECTION('',(0.,-1.,0.));
#10586 = PCURVE('',#6737,#10587);
#10587 = DEFINITIONAL_REPRESENTATION('',(#10588),#10592);
#10588 = LINE('',#10589,#10590);
#10589 = CARTESIAN_POINT('',(0.849390334559,0.));
#10590 = VECTOR('',#10591,1.);
#10591 = DIRECTION('',(0.,-1.));
#10592 = ( GEOMETRIC_REPRESENTATION_CONTEXT(2) 
PARAMETRIC_REPRESENTATION_CONTEXT() REPRESENTATION_CONTEXT('2D SPACE',''
  ) );
#10593 = PCURVE('',#6770,#10594);
#10594 = DEFINITIONAL_REPRESENTATION('',(#10595),#10599);
#10595 = LINE('',#10596,#10597);
#10596 = CARTESIAN_POINT('',(2.050609665441,0.));
#10597 = VECTOR('',#10598,1.);
#10598 = DIRECTION('',(0.,1.));
#10599 = ( GEOMETRIC_REPRESENTATION_CONTEXT(2) 
PARAMETRIC_REPRESENTATION_CONTEXT() REPRESENTATION_CONTEXT('2D SPACE',''
  ) );
#10600 = ORIENTED_EDGE('',*,*,#6716,.T.);
#10601 = ORIENTED_EDGE('',*,*,#6966,.T.);
#10602 = ORIENTED_EDGE('',*,*,#10603,.F.);
#10603 = EDGE_CURVE('',#9680,#6939,#10604,.T.);
#10604 = SURFACE_CURVE('',#10605,(#10609,#10616),.PCURVE_S1.);
#10605 = LINE('',#10606,#10607);
#10606 = CARTESIAN_POINT('',(-8.8,-18.9,-33.35060966544));
#10607 = VECTOR('',#10608,1.);
#10608 = DIRECTION('',(0.,-1.,0.));
#10609 = PCURVE('',#6737,#10610);
#10610 = DEFINITIONAL_REPRESENTATION('',(#10611),#10615);
#10611 = LINE('',#10612,#10613);
#10612 = CARTESIAN_POINT('',(2.050609665441,0.));
#10613 = VECTOR('',#10614,1.);
#10614 = DIRECTION('',(0.,-1.));
#10615 = ( GEOMETRIC_REPRESENTATION_CONTEXT(2) 
PARAMETRIC_REPRESENTATION_CONTEXT() REPRESENTATION_CONTEXT('2D SPACE',''
  ) );
#10616 = PCURVE('',#6926,#10617);
#10617 = DEFINITIONAL_REPRESENTATION('',(#10618),#10622);
#10618 = LINE('',#10619,#10620);
#10619 = CARTESIAN_POINT('',(0.849390334559,0.));
#10620 = VECTOR('',#10621,1.);
#10621 = DIRECTION('',(0.,-1.));
#10622 = ( GEOMETRIC_REPRESENTATION_CONTEXT(2) 
PARAMETRIC_REPRESENTATION_CONTEXT() REPRESENTATION_CONTEXT('2D SPACE',''
  ) );
#10623 = ADVANCED_FACE('',(#10624),#6926,.F.);
#10624 = FACE_BOUND('',#10625,.F.);
#10625 = EDGE_LOOP('',(#10626,#10627,#10628,#10629,#10630));
#10626 = ORIENTED_EDGE('',*,*,#9791,.F.);
#10627 = ORIENTED_EDGE('',*,*,#10603,.T.);
#10628 = ORIENTED_EDGE('',*,*,#6938,.T.);
#10629 = ORIENTED_EDGE('',*,*,#6905,.T.);
#10630 = ORIENTED_EDGE('',*,*,#10631,.T.);
#10631 = EDGE_CURVE('',#6873,#9771,#10632,.T.);
#10632 = SURFACE_CURVE('',#10633,(#10637,#10644),.PCURVE_S1.);
#10633 = LINE('',#10634,#10635);
#10634 = CARTESIAN_POINT('',(-9.649390334559,-18.9,-34.2));
#10635 = VECTOR('',#10636,1.);
#10636 = DIRECTION('',(0.,1.,0.));
#10637 = PCURVE('',#6926,#10638);
#10638 = DEFINITIONAL_REPRESENTATION('',(#10639),#10643);
#10639 = LINE('',#10640,#10641);
#10640 = CARTESIAN_POINT('',(2.050609665441,0.));
#10641 = VECTOR('',#10642,1.);
#10642 = DIRECTION('',(0.,1.));
#10643 = ( GEOMETRIC_REPRESENTATION_CONTEXT(2) 
PARAMETRIC_REPRESENTATION_CONTEXT() REPRESENTATION_CONTEXT('2D SPACE',''
  ) );
#10644 = PCURVE('',#6893,#10645);
#10645 = DEFINITIONAL_REPRESENTATION('',(#10646),#10649);
#10646 = B_SPLINE_CURVE_WITH_KNOTS('',1,(#10647,#10648),.UNSPECIFIED.,
  .F.,.F.,(2,2),(0.,5.),.PIECEWISE_BEZIER_KNOTS.);
#10647 = CARTESIAN_POINT('',(0.600609665441,0.));
#10648 = CARTESIAN_POINT('',(0.600609665441,-5.));
#10649 = ( GEOMETRIC_REPRESENTATION_CONTEXT(2) 
PARAMETRIC_REPRESENTATION_CONTEXT() REPRESENTATION_CONTEXT('2D SPACE',''
  ) );
#10650 = ADVANCED_FACE('',(#10651),#6893,.F.);
#10651 = FACE_BOUND('',#10652,.F.);
#10652 = EDGE_LOOP('',(#10653,#10654,#10655,#10676));
#10653 = ORIENTED_EDGE('',*,*,#10631,.F.);
#10654 = ORIENTED_EDGE('',*,*,#6872,.T.);
#10655 = ORIENTED_EDGE('',*,*,#10656,.F.);
#10656 = EDGE_CURVE('',#9743,#6844,#10657,.T.);
#10657 = SURFACE_CURVE('',#10658,(#10662,#10669),.PCURVE_S1.);
#10658 = LINE('',#10659,#10660);
#10659 = CARTESIAN_POINT('',(-10.25,-13.9,-34.2));
#10660 = VECTOR('',#10661,1.);
#10661 = DIRECTION('',(2.22044604925E-16,-1.,4.930380657631E-32));
#10662 = PCURVE('',#6893,#10663);
#10663 = DEFINITIONAL_REPRESENTATION('',(#10664),#10668);
#10664 = LINE('',#10665,#10666);
#10665 = CARTESIAN_POINT('',(-9.102590840653E-16,-5.));
#10666 = VECTOR('',#10667,1.);
#10667 = DIRECTION('',(2.22044604925E-16,1.));
#10668 = ( GEOMETRIC_REPRESENTATION_CONTEXT(2) 
PARAMETRIC_REPRESENTATION_CONTEXT() REPRESENTATION_CONTEXT('2D SPACE',''
  ) );
#10669 = PCURVE('',#6860,#10670);
#10670 = DEFINITIONAL_REPRESENTATION('',(#10671),#10675);
#10671 = LINE('',#10672,#10673);
#10672 = CARTESIAN_POINT('',(6.28318530718,-0.));
#10673 = VECTOR('',#10674,1.);
#10674 = DIRECTION('',(0.,1.));
#10675 = ( GEOMETRIC_REPRESENTATION_CONTEXT(2) 
PARAMETRIC_REPRESENTATION_CONTEXT() REPRESENTATION_CONTEXT('2D SPACE',''
  ) );
#10676 = ORIENTED_EDGE('',*,*,#9770,.F.);
#10677 = ADVANCED_FACE('',(#10678),#6860,.F.);
#10678 = FACE_BOUND('',#10679,.F.);
#10679 = EDGE_LOOP('',(#10680,#10681,#10682,#10683));
#10680 = ORIENTED_EDGE('',*,*,#9742,.T.);
#10681 = ORIENTED_EDGE('',*,*,#10656,.T.);
#10682 = ORIENTED_EDGE('',*,*,#6843,.F.);
#10683 = ORIENTED_EDGE('',*,*,#10684,.T.);
#10684 = EDGE_CURVE('',#6811,#9722,#10685,.T.);
#10685 = SURFACE_CURVE('',#10686,(#10690,#10697),.PCURVE_S1.);
#10686 = LINE('',#10687,#10688);
#10687 = CARTESIAN_POINT('',(-10.25,-18.9,-31.3));
#10688 = VECTOR('',#10689,1.);
#10689 = DIRECTION('',(0.,1.,0.));
#10690 = PCURVE('',#6860,#10691);
#10691 = DEFINITIONAL_REPRESENTATION('',(#10692),#10696);
#10692 = LINE('',#10693,#10694);
#10693 = CARTESIAN_POINT('',(3.14159265359,5.));
#10694 = VECTOR('',#10695,1.);
#10695 = DIRECTION('',(0.,-1.));
#10696 = ( GEOMETRIC_REPRESENTATION_CONTEXT(2) 
PARAMETRIC_REPRESENTATION_CONTEXT() REPRESENTATION_CONTEXT('2D SPACE',''
  ) );
#10697 = PCURVE('',#6831,#10698);
#10698 = DEFINITIONAL_REPRESENTATION('',(#10699),#10703);
#10699 = LINE('',#10700,#10701);
#10700 = CARTESIAN_POINT('',(0.,0.));
#10701 = VECTOR('',#10702,1.);
#10702 = DIRECTION('',(0.,-1.));
#10703 = ( GEOMETRIC_REPRESENTATION_CONTEXT(2) 
PARAMETRIC_REPRESENTATION_CONTEXT() REPRESENTATION_CONTEXT('2D SPACE',''
  ) );
#10704 = ADVANCED_FACE('',(#10705),#6831,.T.);
#10705 = FACE_BOUND('',#10706,.T.);
#10706 = EDGE_LOOP('',(#10707,#10727,#10728,#10729));
#10707 = ORIENTED_EDGE('',*,*,#10708,.T.);
#10708 = EDGE_CURVE('',#9701,#6783,#10709,.T.);
#10709 = SURFACE_CURVE('',#10710,(#10714,#10720),.PCURVE_S1.);
#10710 = LINE('',#10711,#10712);
#10711 = CARTESIAN_POINT('',(-9.649390334559,-18.9,-31.3));
#10712 = VECTOR('',#10713,1.);
#10713 = DIRECTION('',(0.,-1.,0.));
#10714 = PCURVE('',#6831,#10715);
#10715 = DEFINITIONAL_REPRESENTATION('',(#10716),#10719);
#10716 = B_SPLINE_CURVE_WITH_KNOTS('',1,(#10717,#10718),.UNSPECIFIED.,
  .F.,.F.,(2,2),(-5.,0.),.PIECEWISE_BEZIER_KNOTS.);
#10717 = CARTESIAN_POINT('',(0.600609665441,-5.));
#10718 = CARTESIAN_POINT('',(0.600609665441,0.));
#10719 = ( GEOMETRIC_REPRESENTATION_CONTEXT(2) 
PARAMETRIC_REPRESENTATION_CONTEXT() REPRESENTATION_CONTEXT('2D SPACE',''
  ) );
#10720 = PCURVE('',#6770,#10721);
#10721 = DEFINITIONAL_REPRESENTATION('',(#10722),#10726);
#10722 = LINE('',#10723,#10724);
#10723 = CARTESIAN_POINT('',(0.849390334559,0.));
#10724 = VECTOR('',#10725,1.);
#10725 = DIRECTION('',(0.,1.));
#10726 = ( GEOMETRIC_REPRESENTATION_CONTEXT(2) 
PARAMETRIC_REPRESENTATION_CONTEXT() REPRESENTATION_CONTEXT('2D SPACE',''
  ) );
#10727 = ORIENTED_EDGE('',*,*,#6810,.T.);
#10728 = ORIENTED_EDGE('',*,*,#10684,.T.);
#10729 = ORIENTED_EDGE('',*,*,#9721,.F.);
#10730 = ADVANCED_FACE('',(#10731),#6770,.T.);
#10731 = FACE_BOUND('',#10732,.T.);
#10732 = EDGE_LOOP('',(#10733,#10734,#10735,#10736,#10737));
#10733 = ORIENTED_EDGE('',*,*,#10580,.T.);
#10734 = ORIENTED_EDGE('',*,*,#6749,.T.);
#10735 = ORIENTED_EDGE('',*,*,#6782,.T.);
#10736 = ORIENTED_EDGE('',*,*,#10708,.F.);
#10737 = ORIENTED_EDGE('',*,*,#9700,.F.);
#10738 = ADVANCED_FACE('',(#10739),#7041,.F.);
#10739 = FACE_BOUND('',#10740,.F.);
#10740 = EDGE_LOOP('',(#10741,#10742,#10763,#10764,#10765));
#10741 = ORIENTED_EDGE('',*,*,#9812,.F.);
#10742 = ORIENTED_EDGE('',*,*,#10743,.T.);
#10743 = EDGE_CURVE('',#9813,#7021,#10744,.T.);
#10744 = SURFACE_CURVE('',#10745,(#10749,#10756),.PCURVE_S1.);
#10745 = LINE('',#10746,#10747);
#10746 = CARTESIAN_POINT('',(11.7,-18.9,-32.14939033455));
#10747 = VECTOR('',#10748,1.);
#10748 = DIRECTION('',(0.,-1.,0.));
#10749 = PCURVE('',#7041,#10750);
#10750 = DEFINITIONAL_REPRESENTATION('',(#10751),#10755);
#10751 = LINE('',#10752,#10753);
#10752 = CARTESIAN_POINT('',(0.849390334559,0.));
#10753 = VECTOR('',#10754,1.);
#10754 = DIRECTION('',(0.,-1.));
#10755 = ( GEOMETRIC_REPRESENTATION_CONTEXT(2) 
PARAMETRIC_REPRESENTATION_CONTEXT() REPRESENTATION_CONTEXT('2D SPACE',''
  ) );
#10756 = PCURVE('',#7074,#10757);
#10757 = DEFINITIONAL_REPRESENTATION('',(#10758),#10762);
#10758 = LINE('',#10759,#10760);
#10759 = CARTESIAN_POINT('',(2.050609665441,0.));
#10760 = VECTOR('',#10761,1.);
#10761 = DIRECTION('',(0.,1.));
#10762 = ( GEOMETRIC_REPRESENTATION_CONTEXT(2) 
PARAMETRIC_REPRESENTATION_CONTEXT() REPRESENTATION_CONTEXT('2D SPACE',''
  ) );
#10763 = ORIENTED_EDGE('',*,*,#7020,.T.);
#10764 = ORIENTED_EDGE('',*,*,#7270,.T.);
#10765 = ORIENTED_EDGE('',*,*,#10766,.F.);
#10766 = EDGE_CURVE('',#9815,#7243,#10767,.T.);
#10767 = SURFACE_CURVE('',#10768,(#10772,#10779),.PCURVE_S1.);
#10768 = LINE('',#10769,#10770);
#10769 = CARTESIAN_POINT('',(11.7,-18.9,-33.35060966544));
#10770 = VECTOR('',#10771,1.);
#10771 = DIRECTION('',(0.,-1.,0.));
#10772 = PCURVE('',#7041,#10773);
#10773 = DEFINITIONAL_REPRESENTATION('',(#10774),#10778);
#10774 = LINE('',#10775,#10776);
#10775 = CARTESIAN_POINT('',(2.050609665441,0.));
#10776 = VECTOR('',#10777,1.);
#10777 = DIRECTION('',(0.,-1.));
#10778 = ( GEOMETRIC_REPRESENTATION_CONTEXT(2) 
PARAMETRIC_REPRESENTATION_CONTEXT() REPRESENTATION_CONTEXT('2D SPACE',''
  ) );
#10779 = PCURVE('',#7230,#10780);
#10780 = DEFINITIONAL_REPRESENTATION('',(#10781),#10785);
#10781 = LINE('',#10782,#10783);
#10782 = CARTESIAN_POINT('',(0.849390334559,0.));
#10783 = VECTOR('',#10784,1.);
#10784 = DIRECTION('',(0.,-1.));
#10785 = ( GEOMETRIC_REPRESENTATION_CONTEXT(2) 
PARAMETRIC_REPRESENTATION_CONTEXT() REPRESENTATION_CONTEXT('2D SPACE',''
  ) );
#10786 = ADVANCED_FACE('',(#10787),#7230,.F.);
#10787 = FACE_BOUND('',#10788,.F.);
#10788 = EDGE_LOOP('',(#10789,#10790,#10791,#10792,#10793));
#10789 = ORIENTED_EDGE('',*,*,#9926,.F.);
#10790 = ORIENTED_EDGE('',*,*,#10766,.T.);
#10791 = ORIENTED_EDGE('',*,*,#7242,.T.);
#10792 = ORIENTED_EDGE('',*,*,#7209,.T.);
#10793 = ORIENTED_EDGE('',*,*,#10794,.T.);
#10794 = EDGE_CURVE('',#7177,#9906,#10795,.T.);
#10795 = SURFACE_CURVE('',#10796,(#10800,#10807),.PCURVE_S1.);
#10796 = LINE('',#10797,#10798);
#10797 = CARTESIAN_POINT('',(10.850609665441,-18.9,-34.2));
#10798 = VECTOR('',#10799,1.);
#10799 = DIRECTION('',(0.,1.,0.));
#10800 = PCURVE('',#7230,#10801);
#10801 = DEFINITIONAL_REPRESENTATION('',(#10802),#10806);
#10802 = LINE('',#10803,#10804);
#10803 = CARTESIAN_POINT('',(2.050609665441,0.));
#10804 = VECTOR('',#10805,1.);
#10805 = DIRECTION('',(0.,1.));
#10806 = ( GEOMETRIC_REPRESENTATION_CONTEXT(2) 
PARAMETRIC_REPRESENTATION_CONTEXT() REPRESENTATION_CONTEXT('2D SPACE',''
  ) );
#10807 = PCURVE('',#7197,#10808);
#10808 = DEFINITIONAL_REPRESENTATION('',(#10809),#10812);
#10809 = B_SPLINE_CURVE_WITH_KNOTS('',1,(#10810,#10811),.UNSPECIFIED.,
  .F.,.F.,(2,2),(0.,5.),.PIECEWISE_BEZIER_KNOTS.);
#10810 = CARTESIAN_POINT('',(0.600609665441,0.));
#10811 = CARTESIAN_POINT('',(0.600609665441,-5.));
#10812 = ( GEOMETRIC_REPRESENTATION_CONTEXT(2) 
PARAMETRIC_REPRESENTATION_CONTEXT() REPRESENTATION_CONTEXT('2D SPACE',''
  ) );
#10813 = ADVANCED_FACE('',(#10814),#7197,.F.);
#10814 = FACE_BOUND('',#10815,.F.);
#10815 = EDGE_LOOP('',(#10816,#10817,#10818,#10839));
#10816 = ORIENTED_EDGE('',*,*,#10794,.F.);
#10817 = ORIENTED_EDGE('',*,*,#7176,.T.);
#10818 = ORIENTED_EDGE('',*,*,#10819,.F.);
#10819 = EDGE_CURVE('',#9878,#7148,#10820,.T.);
#10820 = SURFACE_CURVE('',#10821,(#10825,#10832),.PCURVE_S1.);
#10821 = LINE('',#10822,#10823);
#10822 = CARTESIAN_POINT('',(10.25,-13.9,-34.2));
#10823 = VECTOR('',#10824,1.);
#10824 = DIRECTION('',(2.22044604925E-16,-1.,4.930380657631E-32));
#10825 = PCURVE('',#7197,#10826);
#10826 = DEFINITIONAL_REPRESENTATION('',(#10827),#10831);
#10827 = LINE('',#10828,#10829);
#10828 = CARTESIAN_POINT('',(-9.102590840653E-16,-5.));
#10829 = VECTOR('',#10830,1.);
#10830 = DIRECTION('',(2.22044604925E-16,1.));
#10831 = ( GEOMETRIC_REPRESENTATION_CONTEXT(2) 
PARAMETRIC_REPRESENTATION_CONTEXT() REPRESENTATION_CONTEXT('2D SPACE',''
  ) );
#10832 = PCURVE('',#7164,#10833);
#10833 = DEFINITIONAL_REPRESENTATION('',(#10834),#10838);
#10834 = LINE('',#10835,#10836);
#10835 = CARTESIAN_POINT('',(6.28318530718,-0.));
#10836 = VECTOR('',#10837,1.);
#10837 = DIRECTION('',(0.,1.));
#10838 = ( GEOMETRIC_REPRESENTATION_CONTEXT(2) 
PARAMETRIC_REPRESENTATION_CONTEXT() REPRESENTATION_CONTEXT('2D SPACE',''
  ) );
#10839 = ORIENTED_EDGE('',*,*,#9905,.F.);
#10840 = ADVANCED_FACE('',(#10841),#7164,.F.);
#10841 = FACE_BOUND('',#10842,.F.);
#10842 = EDGE_LOOP('',(#10843,#10844,#10845,#10846));
#10843 = ORIENTED_EDGE('',*,*,#9877,.T.);
#10844 = ORIENTED_EDGE('',*,*,#10819,.T.);
#10845 = ORIENTED_EDGE('',*,*,#7147,.F.);
#10846 = ORIENTED_EDGE('',*,*,#10847,.T.);
#10847 = EDGE_CURVE('',#7115,#9857,#10848,.T.);
#10848 = SURFACE_CURVE('',#10849,(#10853,#10860),.PCURVE_S1.);
#10849 = LINE('',#10850,#10851);
#10850 = CARTESIAN_POINT('',(10.25,-18.9,-31.3));
#10851 = VECTOR('',#10852,1.);
#10852 = DIRECTION('',(0.,1.,0.));
#10853 = PCURVE('',#7164,#10854);
#10854 = DEFINITIONAL_REPRESENTATION('',(#10855),#10859);
#10855 = LINE('',#10856,#10857);
#10856 = CARTESIAN_POINT('',(3.14159265359,5.));
#10857 = VECTOR('',#10858,1.);
#10858 = DIRECTION('',(0.,-1.));
#10859 = ( GEOMETRIC_REPRESENTATION_CONTEXT(2) 
PARAMETRIC_REPRESENTATION_CONTEXT() REPRESENTATION_CONTEXT('2D SPACE',''
  ) );
#10860 = PCURVE('',#7135,#10861);
#10861 = DEFINITIONAL_REPRESENTATION('',(#10862),#10866);
#10862 = LINE('',#10863,#10864);
#10863 = CARTESIAN_POINT('',(0.,0.));
#10864 = VECTOR('',#10865,1.);
#10865 = DIRECTION('',(0.,-1.));
#10866 = ( GEOMETRIC_REPRESENTATION_CONTEXT(2) 
PARAMETRIC_REPRESENTATION_CONTEXT() REPRESENTATION_CONTEXT('2D SPACE',''
  ) );
#10867 = ADVANCED_FACE('',(#10868),#7135,.T.);
#10868 = FACE_BOUND('',#10869,.T.);
#10869 = EDGE_LOOP('',(#10870,#10890,#10891,#10892));
#10870 = ORIENTED_EDGE('',*,*,#10871,.T.);
#10871 = EDGE_CURVE('',#9836,#7087,#10872,.T.);
#10872 = SURFACE_CURVE('',#10873,(#10877,#10883),.PCURVE_S1.);
#10873 = LINE('',#10874,#10875);
#10874 = CARTESIAN_POINT('',(10.850609665441,-18.9,-31.3));
#10875 = VECTOR('',#10876,1.);
#10876 = DIRECTION('',(0.,-1.,0.));
#10877 = PCURVE('',#7135,#10878);
#10878 = DEFINITIONAL_REPRESENTATION('',(#10879),#10882);
#10879 = B_SPLINE_CURVE_WITH_KNOTS('',1,(#10880,#10881),.UNSPECIFIED.,
  .F.,.F.,(2,2),(-5.,0.),.PIECEWISE_BEZIER_KNOTS.);
#10880 = CARTESIAN_POINT('',(0.600609665441,-5.));
#10881 = CARTESIAN_POINT('',(0.600609665441,0.));
#10882 = ( GEOMETRIC_REPRESENTATION_CONTEXT(2) 
PARAMETRIC_REPRESENTATION_CONTEXT() REPRESENTATION_CONTEXT('2D SPACE',''
  ) );
#10883 = PCURVE('',#7074,#10884);
#10884 = DEFINITIONAL_REPRESENTATION('',(#10885),#10889);
#10885 = LINE('',#10886,#10887);
#10886 = CARTESIAN_POINT('',(0.849390334559,0.));
#10887 = VECTOR('',#10888,1.);
#10888 = DIRECTION('',(0.,1.));
#10889 = ( GEOMETRIC_REPRESENTATION_CONTEXT(2) 
PARAMETRIC_REPRESENTATION_CONTEXT() REPRESENTATION_CONTEXT('2D SPACE',''
  ) );
#10890 = ORIENTED_EDGE('',*,*,#7114,.T.);
#10891 = ORIENTED_EDGE('',*,*,#10847,.T.);
#10892 = ORIENTED_EDGE('',*,*,#9856,.F.);
#10893 = ADVANCED_FACE('',(#10894),#7074,.T.);
#10894 = FACE_BOUND('',#10895,.T.);
#10895 = EDGE_LOOP('',(#10896,#10897,#10898,#10899,#10900));
#10896 = ORIENTED_EDGE('',*,*,#10743,.T.);
#10897 = ORIENTED_EDGE('',*,*,#7053,.T.);
#10898 = ORIENTED_EDGE('',*,*,#7086,.T.);
#10899 = ORIENTED_EDGE('',*,*,#10871,.F.);
#10900 = ORIENTED_EDGE('',*,*,#9835,.F.);
#10901 = ADVANCED_FACE('',(#10902),#9152,.F.);
#10902 = FACE_BOUND('',#10903,.F.);
#10903 = EDGE_LOOP('',(#10904,#10905,#10906,#10907));
#10904 = ORIENTED_EDGE('',*,*,#9137,.T.);
#10905 = ORIENTED_EDGE('',*,*,#10554,.T.);
#10906 = ORIENTED_EDGE('',*,*,#9342,.T.);
#10907 = ORIENTED_EDGE('',*,*,#9298,.T.);
#10908 = ADVANCED_FACE('',(#10909),#9636,.T.);
#10909 = FACE_BOUND('',#10910,.T.);
#10910 = EDGE_LOOP('',(#10911,#10932,#10933));
#10911 = ORIENTED_EDGE('',*,*,#10912,.T.);
#10912 = EDGE_CURVE('',#9593,#10047,#10913,.T.);
#10913 = SURFACE_CURVE('',#10914,(#10918,#10925),.PCURVE_S1.);
#10914 = LINE('',#10915,#10916);
#10915 = CARTESIAN_POINT('',(11.1,-14.9,-30.51));
#10916 = VECTOR('',#10917,1.);
#10917 = DIRECTION('',(0.,-1.,0.));
#10918 = PCURVE('',#9636,#10919);
#10919 = DEFINITIONAL_REPRESENTATION('',(#10920),#10924);
#10920 = LINE('',#10921,#10922);
#10921 = CARTESIAN_POINT('',(-0.90305059178,0.69805059178));
#10922 = VECTOR('',#10923,1.);
#10923 = DIRECTION('',(0.,-1.));
#10924 = ( GEOMETRIC_REPRESENTATION_CONTEXT(2) 
PARAMETRIC_REPRESENTATION_CONTEXT() REPRESENTATION_CONTEXT('2D SPACE',''
  ) );
#10925 = PCURVE('',#9608,#10926);
#10926 = DEFINITIONAL_REPRESENTATION('',(#10927),#10931);
#10927 = LINE('',#10928,#10929);
#10928 = CARTESIAN_POINT('',(0.,0.));
#10929 = VECTOR('',#10930,1.);
#10930 = DIRECTION('',(1.,0.));
#10931 = ( GEOMETRIC_REPRESENTATION_CONTEXT(2) 
PARAMETRIC_REPRESENTATION_CONTEXT() REPRESENTATION_CONTEXT('2D SPACE',''
  ) );
#10932 = ORIENTED_EDGE('',*,*,#10046,.T.);
#10933 = ORIENTED_EDGE('',*,*,#9620,.T.);
#10934 = ADVANCED_FACE('',(#10935),#9608,.T.);
#10935 = FACE_BOUND('',#10936,.T.);
#10936 = EDGE_LOOP('',(#10937,#10938,#10939,#10960));
#10937 = ORIENTED_EDGE('',*,*,#10912,.F.);
#10938 = ORIENTED_EDGE('',*,*,#9592,.T.);
#10939 = ORIENTED_EDGE('',*,*,#10940,.F.);
#10940 = EDGE_CURVE('',#9998,#9567,#10941,.T.);
#10941 = SURFACE_CURVE('',#10942,(#10946,#10953),.PCURVE_S1.);
#10942 = LINE('',#10943,#10944);
#10943 = CARTESIAN_POINT('',(11.1,-16.95,-29.91));
#10944 = VECTOR('',#10945,1.);
#10945 = DIRECTION('',(-0.,1.,0.));
#10946 = PCURVE('',#9608,#10947);
#10947 = DEFINITIONAL_REPRESENTATION('',(#10948),#10952);
#10948 = LINE('',#10949,#10950);
#10949 = CARTESIAN_POINT('',(2.05,-0.6));
#10950 = VECTOR('',#10951,1.);
#10951 = DIRECTION('',(-1.,-0.));
#10952 = ( GEOMETRIC_REPRESENTATION_CONTEXT(2) 
PARAMETRIC_REPRESENTATION_CONTEXT() REPRESENTATION_CONTEXT('2D SPACE',''
  ) );
#10953 = PCURVE('',#9581,#10954);
#10954 = DEFINITIONAL_REPRESENTATION('',(#10955),#10959);
#10955 = LINE('',#10956,#10957);
#10956 = CARTESIAN_POINT('',(22.2,0.));
#10957 = VECTOR('',#10958,1.);
#10958 = DIRECTION('',(0.,1.));
#10959 = ( GEOMETRIC_REPRESENTATION_CONTEXT(2) 
PARAMETRIC_REPRESENTATION_CONTEXT() REPRESENTATION_CONTEXT('2D SPACE',''
  ) );
#10960 = ORIENTED_EDGE('',*,*,#10069,.F.);
#10961 = ADVANCED_FACE('',(#10962),#9581,.T.);
#10962 = FACE_BOUND('',#10963,.T.);
#10963 = EDGE_LOOP('',(#10964,#10965,#10966,#10967));
#10964 = ORIENTED_EDGE('',*,*,#9971,.F.);
#10965 = ORIENTED_EDGE('',*,*,#10020,.T.);
#10966 = ORIENTED_EDGE('',*,*,#10940,.T.);
#10967 = ORIENTED_EDGE('',*,*,#9566,.F.);
#10968 = ( GEOMETRIC_REPRESENTATION_CONTEXT(3) 
GLOBAL_UNCERTAINTY_ASSIGNED_CONTEXT((#10972)) 
GLOBAL_UNIT_ASSIGNED_CONTEXT((#10969,#10970,#10971)) 
REPRESENTATION_CONTEXT('Context #1',
  '3D Context with UNIT and UNCERTAINTY') );
#10969 = ( LENGTH_UNIT() NAMED_UNIT(*) SI_UNIT(.MILLI.,.METRE.) );
#10970 = ( NAMED_UNIT(*) PLANE_ANGLE_UNIT() SI_UNIT($,.RADIAN.) );
#10971 = ( NAMED_UNIT(*) SI_UNIT($,.STERADIAN.) SOLID_ANGLE_UNIT() );
#10972 = UNCERTAINTY_MEASURE_WITH_UNIT(LENGTH_MEASURE(2.E-07),#10969,
  'distance_accuracy_value','confusion accuracy');
#10973 = PRODUCT_RELATED_PRODUCT_CATEGORY('part',$,(#7));
ENDSEC;
END-ISO-10303-21;
