ISO-10303-21;
HEADER;
FILE_DESCRIPTION(('Open CASCADE Model'),'2;1');
FILE_NAME('Open CASCADE Shape Model','2026-09-17T14:18:57',('Author'),(
    'Open CASCADE'),'Open CASCADE STEP processor 7.9','build123d',
  'Unknown');
FILE_SCHEMA(('AUTOMOTIVE_DESIGN { 1 0 10303 214 1 1 1 1 }'));
ENDSEC;
DATA;
#1 = APPLICATION_PROTOCOL_DEFINITION('international standard',
  'automotive_design',2000,#2);
#2 = APPLICATION_CONTEXT(
  'core data for automotive mechanical design processes');
#3 = SHAPE_DEFINITION_REPRESENTATION(#4,#10);
#4 = PRODUCT_DEFINITION_SHAPE('','',#5);
#5 = PRODUCT_DEFINITION('design','',#6,#9);
#6 = PRODUCT_DEFINITION_FORMATION('','',#7);
#7 = PRODUCT('COMPOUND','COMPOUND','',(#8));
#8 = PRODUCT_CONTEXT('',#2,'mechanical');
#9 = PRODUCT_DEFINITION_CONTEXT('part definition',#2,'design');
#10 = ADVANCED_BREP_SHAPE_REPRESENTATION('',(#11,#15),#14995);
#11 = AXIS2_PLACEMENT_3D('',#12,#13,#14);
#12 = CARTESIAN_POINT('',(0.,0.,0.));
#13 = DIRECTION('',(0.,0.,1.));
#14 = DIRECTION('',(1.,0.,-0.));
#15 = MANIFOLD_SOLID_BREP('',#16);
#16 = CLOSED_SHELL('',(#17,#143,#411,#669,#1548,#1575,#1659,#1946,#2235,
    #2261,#2332,#2382,#2430,#2436,#2587,#3250,#3412,#3440,#3448,#3474,
    #3501,#4067,#4094,#4140,#4167,#4194,#4220,#4247,#4254,#4300,#4327,
    #4354,#4380,#4407,#4414,#4441,#4487,#4514,#4541,#4567,#4594,#4601,
    #4647,#4674,#4701,#4727,#4754,#4761,#4788,#4918,#5119,#6187,#6215,
    #6291,#6335,#6360,#6387,#6414,#6439,#6737,#6764,#6791,#6797,#7060,
    #7085,#7134,#7161,#8167,#8192,#8217,#8265,#8290,#8335,#8434,#8483,
    #8508,#8555,#8582,#8609,#8616,#8643,#8692,#8741,#9198,#9243,#9523,
    #9571,#9687,#9791,#9870,#9877,#9924,#10101,#10108,#10177,#10223,
    #10269,#10316,#10363,#10391,#10441,#10510,#10556,#10602,#10649,
    #10696,#10724,#10793,#10839,#10885,#10932,#10979,#11007,#11076,
    #11122,#11168,#11215,#11262,#11290,#11329,#11428,#11455,#11462,
    #11736,#12010,#12289,#12563,#12612,#12659,#12727,#12755,#12804,
    #12832,#12881,#12908,#12957,#12984,#13010,#13044,#13144,#13192,
    #13240,#13266,#13294,#13302,#13350,#13377,#13404,#13431,#13457,
    #13465,#13513,#13540,#13567,#13594,#13621,#13628,#13655,#13706,
    #13755,#13782,#13886,#13967,#14021,#14071,#14124,#14184,#14288,
    #14369,#14450,#14504,#14558,#14586,#14632,#14681,#14729,#14756,
    #14783,#14810,#14817,#14845,#14880,#14936,#14943,#14980,#14988));
#17 = ADVANCED_FACE('',(#18),#32,.F.);
#18 = FACE_BOUND('',#19,.F.);
#19 = EDGE_LOOP('',(#20,#53,#89,#117));
#20 = ORIENTED_EDGE('',*,*,#21,.T.);
#21 = EDGE_CURVE('',#22,#24,#26,.T.);
#22 = VERTEX_POINT('',#23);
#23 = CARTESIAN_POINT('',(13.46,20.45,-90.164));
#24 = VERTEX_POINT('',#25);
#25 = CARTESIAN_POINT('',(13.46,22.836342439892,-90.164));
#26 = SURFACE_CURVE('',#27,(#31,#42),.PCURVE_S1.);
#27 = LINE('',#28,#29);
#28 = CARTESIAN_POINT('',(13.46,12.4875,-90.164));
#29 = VECTOR('',#30,1.);
#30 = DIRECTION('',(0.,1.,-0.));
#31 = PCURVE('',#32,#37);
#32 = PLANE('',#33);
#33 = AXIS2_PLACEMENT_3D('',#34,#35,#36);
#34 = CARTESIAN_POINT('',(12.,23.45,-92.5));
#35 = DIRECTION('',(-0.847998304005,0.,0.529998940003));
#36 = DIRECTION('',(0.529998940003,0.,0.847998304005));
#37 = DEFINITIONAL_REPRESENTATION('',(#38),#41);
#38 = B_SPLINE_CURVE_WITH_KNOTS('',1,(#39,#40),.UNSPECIFIED.,.F.,.F.,(2,
    2),(7.9625,10.9625),.PIECEWISE_BEZIER_KNOTS.);
#39 = CARTESIAN_POINT('',(2.754722490561,-3.));
#40 = CARTESIAN_POINT('',(2.754722490561,0.));
#41 = ( GEOMETRIC_REPRESENTATION_CONTEXT(2) 
PARAMETRIC_REPRESENTATION_CONTEXT() REPRESENTATION_CONTEXT('2D SPACE',''
  ) );
#42 = PCURVE('',#43,#48);
#43 = PLANE('',#44);
#44 = AXIS2_PLACEMENT_3D('',#45,#46,#47);
#45 = CARTESIAN_POINT('',(13.46,1.525,-63.89382287856));
#46 = DIRECTION('',(1.,0.,0.));
#47 = DIRECTION('',(0.,1.,0.));
#48 = DEFINITIONAL_REPRESENTATION('',(#49),#52);
#49 = B_SPLINE_CURVE_WITH_KNOTS('',1,(#50,#51),.UNSPECIFIED.,.F.,.F.,(2,
    2),(7.9625,10.9625),.PIECEWISE_BEZIER_KNOTS.);
#50 = CARTESIAN_POINT('',(18.925,-26.27017712143));
#51 = CARTESIAN_POINT('',(21.925,-26.27017712143));
#52 = ( GEOMETRIC_REPRESENTATION_CONTEXT(2) 
PARAMETRIC_REPRESENTATION_CONTEXT() REPRESENTATION_CONTEXT('2D SPACE',''
  ) );
#53 = ORIENTED_EDGE('',*,*,#54,.F.);
#54 = EDGE_CURVE('',#55,#24,#57,.T.);
#55 = VERTEX_POINT('',#56);
#56 = CARTESIAN_POINT('',(12.,23.360845141114,-92.5));
#57 = SURFACE_CURVE('',#58,(#63,#74),.PCURVE_S1.);
#58 = ELLIPSE('',#59,9.433981132057,5.);
#59 = AXIS2_PLACEMENT_3D('',#60,#61,#62);
#60 = CARTESIAN_POINT('',(11.06,18.45,-94.004));
#61 = DIRECTION('',(0.847998304005,0.,-0.529998940003));
#62 = DIRECTION('',(-0.529998940003,0.,-0.847998304005));
#63 = PCURVE('',#32,#64);
#64 = DEFINITIONAL_REPRESENTATION('',(#65),#73);
#65 = ( BOUNDED_CURVE() B_SPLINE_CURVE(2,(#66,#67,#68,#69,#70,#71,#72),
.UNSPECIFIED.,.T.,.F.) B_SPLINE_CURVE_WITH_KNOTS((1,2,2,2,2,1),(
    -2.094395102393,0.,2.094395102393,4.188790204786,6.28318530718,
8.377580409573),.UNSPECIFIED.) CURVE() GEOMETRIC_REPRESENTATION_ITEM() 
RATIONAL_B_SPLINE_CURVE((1.,0.5,1.,0.5,1.,0.5,1.)) REPRESENTATION_ITEM(
  '') );
#66 = CARTESIAN_POINT('',(-11.20756958488,-5.));
#67 = CARTESIAN_POINT('',(-11.20756958488,3.660254037844));
#68 = CARTESIAN_POINT('',(2.943402113202,-0.669872981078));
#69 = CARTESIAN_POINT('',(17.094373811287,-5.));
#70 = CARTESIAN_POINT('',(2.943402113202,-9.330127018922));
#71 = CARTESIAN_POINT('',(-11.20756958488,-13.66025403784));
#72 = CARTESIAN_POINT('',(-11.20756958488,-5.));
#73 = ( GEOMETRIC_REPRESENTATION_CONTEXT(2) 
PARAMETRIC_REPRESENTATION_CONTEXT() REPRESENTATION_CONTEXT('2D SPACE',''
  ) );
#74 = PCURVE('',#75,#80);
#75 = CYLINDRICAL_SURFACE('',#76,5.);
#76 = AXIS2_PLACEMENT_3D('',#77,#78,#79);
#77 = CARTESIAN_POINT('',(11.06,18.45,-36.5));
#78 = DIRECTION('',(0.,0.,-1.));
#79 = DIRECTION('',(-0.,1.,0.));
#80 = DEFINITIONAL_REPRESENTATION('',(#81),#88);
#81 = B_SPLINE_CURVE_WITH_KNOTS('',5,(#82,#83,#84,#85,#86,#87),
  .UNSPECIFIED.,.F.,.F.,(6,6),(1.759921765535,2.071451039199),
  .PIECEWISE_BEZIER_KNOTS.);
#82 = CARTESIAN_POINT('',(0.18912543874,56.));
#83 = CARTESIAN_POINT('',(0.251431293473,55.510440953635));
#84 = CARTESIAN_POINT('',(0.313737148206,55.028180032585));
#85 = CARTESIAN_POINT('',(0.376043002939,54.557177022612));
#86 = CARTESIAN_POINT('',(0.438348857672,54.10127170379));
#87 = CARTESIAN_POINT('',(0.500654712405,53.664));
#88 = ( GEOMETRIC_REPRESENTATION_CONTEXT(2) 
PARAMETRIC_REPRESENTATION_CONTEXT() REPRESENTATION_CONTEXT('2D SPACE',''
  ) );
#89 = ORIENTED_EDGE('',*,*,#90,.T.);
#90 = EDGE_CURVE('',#55,#91,#93,.T.);
#91 = VERTEX_POINT('',#92);
#92 = CARTESIAN_POINT('',(12.,20.45,-92.5));
#93 = SURFACE_CURVE('',#94,(#98,#105),.PCURVE_S1.);
#94 = LINE('',#95,#96);
#95 = CARTESIAN_POINT('',(12.,23.45,-92.5));
#96 = VECTOR('',#97,1.);
#97 = DIRECTION('',(0.,-1.,0.));
#98 = PCURVE('',#32,#99);
#99 = DEFINITIONAL_REPRESENTATION('',(#100),#104);
#100 = LINE('',#101,#102);
#101 = CARTESIAN_POINT('',(0.,0.));
#102 = VECTOR('',#103,1.);
#103 = DIRECTION('',(0.,-1.));
#104 = ( GEOMETRIC_REPRESENTATION_CONTEXT(2) 
PARAMETRIC_REPRESENTATION_CONTEXT() REPRESENTATION_CONTEXT('2D SPACE',''
  ) );
#105 = PCURVE('',#106,#111);
#106 = PLANE('',#107);
#107 = AXIS2_PLACEMENT_3D('',#108,#109,#110);
#108 = CARTESIAN_POINT('',(12.,20.45,-110.));
#109 = DIRECTION('',(1.,0.,-0.));
#110 = DIRECTION('',(0.,0.,1.));
#111 = DEFINITIONAL_REPRESENTATION('',(#112),#116);
#112 = LINE('',#113,#114);
#113 = CARTESIAN_POINT('',(17.5,-3.));
#114 = VECTOR('',#115,1.);
#115 = DIRECTION('',(0.,1.));
#116 = ( GEOMETRIC_REPRESENTATION_CONTEXT(2) 
PARAMETRIC_REPRESENTATION_CONTEXT() REPRESENTATION_CONTEXT('2D SPACE',''
  ) );
#117 = ORIENTED_EDGE('',*,*,#118,.T.);
#118 = EDGE_CURVE('',#91,#22,#119,.T.);
#119 = SURFACE_CURVE('',#120,(#124,#131),.PCURVE_S1.);
#120 = LINE('',#121,#122);
#121 = CARTESIAN_POINT('',(12.,20.45,-92.5));
#122 = VECTOR('',#123,1.);
#123 = DIRECTION('',(0.529998940003,0.,0.847998304005));
#124 = PCURVE('',#32,#125);
#125 = DEFINITIONAL_REPRESENTATION('',(#126),#130);
#126 = LINE('',#127,#128);
#127 = CARTESIAN_POINT('',(0.,-3.));
#128 = VECTOR('',#129,1.);
#129 = DIRECTION('',(1.,0.));
#130 = ( GEOMETRIC_REPRESENTATION_CONTEXT(2) 
PARAMETRIC_REPRESENTATION_CONTEXT() REPRESENTATION_CONTEXT('2D SPACE',''
  ) );
#131 = PCURVE('',#132,#137);
#132 = PLANE('',#133);
#133 = AXIS2_PLACEMENT_3D('',#134,#135,#136);
#134 = CARTESIAN_POINT('',(13.917507371985,20.45,-63.7760981698));
#135 = DIRECTION('',(0.,-1.,0.));
#136 = DIRECTION('',(1.,0.,0.));
#137 = DEFINITIONAL_REPRESENTATION('',(#138),#142);
#138 = LINE('',#139,#140);
#139 = CARTESIAN_POINT('',(-1.917507371985,-28.72390183019));
#140 = VECTOR('',#141,1.);
#141 = DIRECTION('',(0.529998940003,0.847998304005));
#142 = ( GEOMETRIC_REPRESENTATION_CONTEXT(2) 
PARAMETRIC_REPRESENTATION_CONTEXT() REPRESENTATION_CONTEXT('2D SPACE',''
  ) );
#143 = ADVANCED_FACE('',(#144),#43,.F.);
#144 = FACE_BOUND('',#145,.F.);
#145 = EDGE_LOOP('',(#146,#174,#202,#230,#258,#286,#314,#335,#336,#358,
    #386));
#146 = ORIENTED_EDGE('',*,*,#147,.F.);
#147 = EDGE_CURVE('',#148,#150,#152,.T.);
#148 = VERTEX_POINT('',#149);
#149 = CARTESIAN_POINT('',(13.46,-19.78634243989,-90.164));
#150 = VERTEX_POINT('',#151);
#151 = CARTESIAN_POINT('',(13.46,-17.4,-90.164));
#152 = SURFACE_CURVE('',#153,(#157,#163),.PCURVE_S1.);
#153 = LINE('',#154,#155);
#154 = CARTESIAN_POINT('',(13.46,-7.9375,-90.164));
#155 = VECTOR('',#156,1.);
#156 = DIRECTION('',(0.,1.,-0.));
#157 = PCURVE('',#43,#158);
#158 = DEFINITIONAL_REPRESENTATION('',(#159),#162);
#159 = B_SPLINE_CURVE_WITH_KNOTS('',1,(#160,#161),.UNSPECIFIED.,.F.,.F.,
  (2,2),(-12.4625,-9.4625),.PIECEWISE_BEZIER_KNOTS.);
#160 = CARTESIAN_POINT('',(-21.925,-26.27017712143));
#161 = CARTESIAN_POINT('',(-18.925,-26.27017712143));
#162 = ( GEOMETRIC_REPRESENTATION_CONTEXT(2) 
PARAMETRIC_REPRESENTATION_CONTEXT() REPRESENTATION_CONTEXT('2D SPACE',''
  ) );
#163 = PCURVE('',#164,#169);
#164 = PLANE('',#165);
#165 = AXIS2_PLACEMENT_3D('',#166,#167,#168);
#166 = CARTESIAN_POINT('',(12.,-17.4,-92.5));
#167 = DIRECTION('',(-0.847998304005,0.,0.529998940003));
#168 = DIRECTION('',(0.529998940003,0.,0.847998304005));
#169 = DEFINITIONAL_REPRESENTATION('',(#170),#173);
#170 = B_SPLINE_CURVE_WITH_KNOTS('',1,(#171,#172),.UNSPECIFIED.,.F.,.F.,
  (2,2),(-12.4625,-9.4625),.PIECEWISE_BEZIER_KNOTS.);
#171 = CARTESIAN_POINT('',(2.754722490561,-3.));
#172 = CARTESIAN_POINT('',(2.754722490561,0.));
#173 = ( GEOMETRIC_REPRESENTATION_CONTEXT(2) 
PARAMETRIC_REPRESENTATION_CONTEXT() REPRESENTATION_CONTEXT('2D SPACE',''
  ) );
#174 = ORIENTED_EDGE('',*,*,#175,.F.);
#175 = EDGE_CURVE('',#176,#148,#178,.T.);
#176 = VERTEX_POINT('',#177);
#177 = CARTESIAN_POINT('',(13.46,-19.78634243989,-92.5));
#178 = SURFACE_CURVE('',#179,(#183,#190),.PCURVE_S1.);
#179 = LINE('',#180,#181);
#180 = CARTESIAN_POINT('',(13.46,-19.78634243989,-92.5));
#181 = VECTOR('',#182,1.);
#182 = DIRECTION('',(0.,0.,1.));
#183 = PCURVE('',#43,#184);
#184 = DEFINITIONAL_REPRESENTATION('',(#185),#189);
#185 = LINE('',#186,#187);
#186 = CARTESIAN_POINT('',(-21.31134243989,-28.60617712143));
#187 = VECTOR('',#188,1.);
#188 = DIRECTION('',(0.,1.));
#189 = ( GEOMETRIC_REPRESENTATION_CONTEXT(2) 
PARAMETRIC_REPRESENTATION_CONTEXT() REPRESENTATION_CONTEXT('2D SPACE',''
  ) );
#190 = PCURVE('',#191,#196);
#191 = CYLINDRICAL_SURFACE('',#192,5.);
#192 = AXIS2_PLACEMENT_3D('',#193,#194,#195);
#193 = CARTESIAN_POINT('',(11.06,-15.4,-92.5));
#194 = DIRECTION('',(0.,0.,1.));
#195 = DIRECTION('',(1.,0.,-0.));
#196 = DEFINITIONAL_REPRESENTATION('',(#197),#201);
#197 = LINE('',#198,#199);
#198 = CARTESIAN_POINT('',(-1.07014161439,0.));
#199 = VECTOR('',#200,1.);
#200 = DIRECTION('',(-0.,1.));
#201 = ( GEOMETRIC_REPRESENTATION_CONTEXT(2) 
PARAMETRIC_REPRESENTATION_CONTEXT() REPRESENTATION_CONTEXT('2D SPACE',''
  ) );
#202 = ORIENTED_EDGE('',*,*,#203,.T.);
#203 = EDGE_CURVE('',#176,#204,#206,.T.);
#204 = VERTEX_POINT('',#205);
#205 = CARTESIAN_POINT('',(13.46,-17.4,-92.5));
#206 = SURFACE_CURVE('',#207,(#211,#218),.PCURVE_S1.);
#207 = LINE('',#208,#209);
#208 = CARTESIAN_POINT('',(13.46,-20.4,-92.5));
#209 = VECTOR('',#210,1.);
#210 = DIRECTION('',(0.,1.,0.));
#211 = PCURVE('',#43,#212);
#212 = DEFINITIONAL_REPRESENTATION('',(#213),#217);
#213 = LINE('',#214,#215);
#214 = CARTESIAN_POINT('',(-21.925,-28.60617712143));
#215 = VECTOR('',#216,1.);
#216 = DIRECTION('',(1.,0.));
#217 = ( GEOMETRIC_REPRESENTATION_CONTEXT(2) 
PARAMETRIC_REPRESENTATION_CONTEXT() REPRESENTATION_CONTEXT('2D SPACE',''
  ) );
#218 = PCURVE('',#219,#224);
#219 = PLANE('',#220);
#220 = AXIS2_PLACEMENT_3D('',#221,#222,#223);
#221 = CARTESIAN_POINT('',(13.46,-20.4,-92.5));
#222 = DIRECTION('',(0.,0.,1.));
#223 = DIRECTION('',(0.,1.,0.));
#224 = DEFINITIONAL_REPRESENTATION('',(#225),#229);
#225 = LINE('',#226,#227);
#226 = CARTESIAN_POINT('',(0.,0.));
#227 = VECTOR('',#228,1.);
#228 = DIRECTION('',(1.,0.));
#229 = ( GEOMETRIC_REPRESENTATION_CONTEXT(2) 
PARAMETRIC_REPRESENTATION_CONTEXT() REPRESENTATION_CONTEXT('2D SPACE',''
  ) );
#230 = ORIENTED_EDGE('',*,*,#231,.T.);
#231 = EDGE_CURVE('',#204,#232,#234,.T.);
#232 = VERTEX_POINT('',#233);
#233 = CARTESIAN_POINT('',(13.46,1.525,-62.22));
#234 = SURFACE_CURVE('',#235,(#239,#246),.PCURVE_S1.);
#235 = LINE('',#236,#237);
#236 = CARTESIAN_POINT('',(13.46,-17.4,-92.5));
#237 = VECTOR('',#238,1.);
#238 = DIRECTION('',(0.,0.529998940003,0.847998304005));
#239 = PCURVE('',#43,#240);
#240 = DEFINITIONAL_REPRESENTATION('',(#241),#245);
#241 = LINE('',#242,#243);
#242 = CARTESIAN_POINT('',(-18.925,-28.60617712143));
#243 = VECTOR('',#244,1.);
#244 = DIRECTION('',(0.529998940003,0.847998304005));
#245 = ( GEOMETRIC_REPRESENTATION_CONTEXT(2) 
PARAMETRIC_REPRESENTATION_CONTEXT() REPRESENTATION_CONTEXT('2D SPACE',''
  ) );
#246 = PCURVE('',#247,#252);
#247 = PLANE('',#248);
#248 = AXIS2_PLACEMENT_3D('',#249,#250,#251);
#249 = CARTESIAN_POINT('',(13.46,-17.4,-92.5));
#250 = DIRECTION('',(0.,-0.847998304005,0.529998940003));
#251 = DIRECTION('',(0.,0.529998940003,0.847998304005));
#252 = DEFINITIONAL_REPRESENTATION('',(#253),#257);
#253 = LINE('',#254,#255);
#254 = CARTESIAN_POINT('',(0.,0.));
#255 = VECTOR('',#256,1.);
#256 = DIRECTION('',(1.,0.));
#257 = ( GEOMETRIC_REPRESENTATION_CONTEXT(2) 
PARAMETRIC_REPRESENTATION_CONTEXT() REPRESENTATION_CONTEXT('2D SPACE',''
  ) );
#258 = ORIENTED_EDGE('',*,*,#259,.T.);
#259 = EDGE_CURVE('',#232,#260,#262,.T.);
#260 = VERTEX_POINT('',#261);
#261 = CARTESIAN_POINT('',(13.46,20.45,-92.5));
#262 = SURFACE_CURVE('',#263,(#267,#274),.PCURVE_S1.);
#263 = LINE('',#264,#265);
#264 = CARTESIAN_POINT('',(13.46,1.525,-62.22));
#265 = VECTOR('',#266,1.);
#266 = DIRECTION('',(0.,0.529998940003,-0.847998304005));
#267 = PCURVE('',#43,#268);
#268 = DEFINITIONAL_REPRESENTATION('',(#269),#273);
#269 = LINE('',#270,#271);
#270 = CARTESIAN_POINT('',(-1.110223024625E-15,1.673822878566));
#271 = VECTOR('',#272,1.);
#272 = DIRECTION('',(0.529998940003,-0.847998304005));
#273 = ( GEOMETRIC_REPRESENTATION_CONTEXT(2) 
PARAMETRIC_REPRESENTATION_CONTEXT() REPRESENTATION_CONTEXT('2D SPACE',''
  ) );
#274 = PCURVE('',#275,#280);
#275 = PLANE('',#276);
#276 = AXIS2_PLACEMENT_3D('',#277,#278,#279);
#277 = CARTESIAN_POINT('',(13.46,1.525,-62.22));
#278 = DIRECTION('',(-0.,0.847998304005,0.529998940003));
#279 = DIRECTION('',(0.,0.529998940003,-0.847998304005));
#280 = DEFINITIONAL_REPRESENTATION('',(#281),#285);
#281 = LINE('',#282,#283);
#282 = CARTESIAN_POINT('',(0.,0.));
#283 = VECTOR('',#284,1.);
#284 = DIRECTION('',(1.,0.));
#285 = ( GEOMETRIC_REPRESENTATION_CONTEXT(2) 
PARAMETRIC_REPRESENTATION_CONTEXT() REPRESENTATION_CONTEXT('2D SPACE',''
  ) );
#286 = ORIENTED_EDGE('',*,*,#287,.T.);
#287 = EDGE_CURVE('',#260,#288,#290,.T.);
#288 = VERTEX_POINT('',#289);
#289 = CARTESIAN_POINT('',(13.46,22.836342439892,-92.5));
#290 = SURFACE_CURVE('',#291,(#295,#302),.PCURVE_S1.);
#291 = LINE('',#292,#293);
#292 = CARTESIAN_POINT('',(13.46,20.45,-92.5));
#293 = VECTOR('',#294,1.);
#294 = DIRECTION('',(0.,1.,0.));
#295 = PCURVE('',#43,#296);
#296 = DEFINITIONAL_REPRESENTATION('',(#297),#301);
#297 = LINE('',#298,#299);
#298 = CARTESIAN_POINT('',(18.925,-28.60617712143));
#299 = VECTOR('',#300,1.);
#300 = DIRECTION('',(1.,0.));
#301 = ( GEOMETRIC_REPRESENTATION_CONTEXT(2) 
PARAMETRIC_REPRESENTATION_CONTEXT() REPRESENTATION_CONTEXT('2D SPACE',''
  ) );
#302 = PCURVE('',#303,#308);
#303 = PLANE('',#304);
#304 = AXIS2_PLACEMENT_3D('',#305,#306,#307);
#305 = CARTESIAN_POINT('',(13.46,20.45,-92.5));
#306 = DIRECTION('',(0.,0.,1.));
#307 = DIRECTION('',(0.,1.,0.));
#308 = DEFINITIONAL_REPRESENTATION('',(#309),#313);
#309 = LINE('',#310,#311);
#310 = CARTESIAN_POINT('',(0.,0.));
#311 = VECTOR('',#312,1.);
#312 = DIRECTION('',(1.,0.));
#313 = ( GEOMETRIC_REPRESENTATION_CONTEXT(2) 
PARAMETRIC_REPRESENTATION_CONTEXT() REPRESENTATION_CONTEXT('2D SPACE',''
  ) );
#314 = ORIENTED_EDGE('',*,*,#315,.F.);
#315 = EDGE_CURVE('',#24,#288,#316,.T.);
#316 = SURFACE_CURVE('',#317,(#321,#328),.PCURVE_S1.);
#317 = LINE('',#318,#319);
#318 = CARTESIAN_POINT('',(13.46,22.836342439892,-36.5));
#319 = VECTOR('',#320,1.);
#320 = DIRECTION('',(0.,0.,-1.));
#321 = PCURVE('',#43,#322);
#322 = DEFINITIONAL_REPRESENTATION('',(#323),#327);
#323 = LINE('',#324,#325);
#324 = CARTESIAN_POINT('',(21.311342439892,27.393822878566));
#325 = VECTOR('',#326,1.);
#326 = DIRECTION('',(0.,-1.));
#327 = ( GEOMETRIC_REPRESENTATION_CONTEXT(2) 
PARAMETRIC_REPRESENTATION_CONTEXT() REPRESENTATION_CONTEXT('2D SPACE',''
  ) );
#328 = PCURVE('',#75,#329);
#329 = DEFINITIONAL_REPRESENTATION('',(#330),#334);
#330 = LINE('',#331,#332);
#331 = CARTESIAN_POINT('',(0.500654712405,0.));
#332 = VECTOR('',#333,1.);
#333 = DIRECTION('',(0.,1.));
#334 = ( GEOMETRIC_REPRESENTATION_CONTEXT(2) 
PARAMETRIC_REPRESENTATION_CONTEXT() REPRESENTATION_CONTEXT('2D SPACE',''
  ) );
#335 = ORIENTED_EDGE('',*,*,#21,.F.);
#336 = ORIENTED_EDGE('',*,*,#337,.T.);
#337 = EDGE_CURVE('',#22,#338,#340,.T.);
#338 = VERTEX_POINT('',#339);
#339 = CARTESIAN_POINT('',(13.46,20.45,-36.5));
#340 = SURFACE_CURVE('',#341,(#345,#351),.PCURVE_S1.);
#341 = LINE('',#342,#343);
#342 = CARTESIAN_POINT('',(13.46,20.45,-63.83496052418));
#343 = VECTOR('',#344,1.);
#344 = DIRECTION('',(-0.,0.,1.));
#345 = PCURVE('',#43,#346);
#346 = DEFINITIONAL_REPRESENTATION('',(#347),#350);
#347 = B_SPLINE_CURVE_WITH_KNOTS('',1,(#348,#349),.UNSPECIFIED.,.F.,.F.,
  (2,2),(-28.66503947581,27.334960524187),.PIECEWISE_BEZIER_KNOTS.);
#348 = CARTESIAN_POINT('',(18.925,-28.60617712143));
#349 = CARTESIAN_POINT('',(18.925,27.393822878566));
#350 = ( GEOMETRIC_REPRESENTATION_CONTEXT(2) 
PARAMETRIC_REPRESENTATION_CONTEXT() REPRESENTATION_CONTEXT('2D SPACE',''
  ) );
#351 = PCURVE('',#132,#352);
#352 = DEFINITIONAL_REPRESENTATION('',(#353),#357);
#353 = LINE('',#354,#355);
#354 = CARTESIAN_POINT('',(-0.457507371985,-5.886235437939E-02));
#355 = VECTOR('',#356,1.);
#356 = DIRECTION('',(0.,1.));
#357 = ( GEOMETRIC_REPRESENTATION_CONTEXT(2) 
PARAMETRIC_REPRESENTATION_CONTEXT() REPRESENTATION_CONTEXT('2D SPACE',''
  ) );
#358 = ORIENTED_EDGE('',*,*,#359,.T.);
#359 = EDGE_CURVE('',#338,#360,#362,.T.);
#360 = VERTEX_POINT('',#361);
#361 = CARTESIAN_POINT('',(13.46,-17.4,-36.5));
#362 = SURFACE_CURVE('',#363,(#367,#374),.PCURVE_S1.);
#363 = LINE('',#364,#365);
#364 = CARTESIAN_POINT('',(13.46,23.45,-36.5));
#365 = VECTOR('',#366,1.);
#366 = DIRECTION('',(0.,-1.,0.));
#367 = PCURVE('',#43,#368);
#368 = DEFINITIONAL_REPRESENTATION('',(#369),#373);
#369 = LINE('',#370,#371);
#370 = CARTESIAN_POINT('',(21.925,27.393822878566));
#371 = VECTOR('',#372,1.);
#372 = DIRECTION('',(-1.,0.));
#373 = ( GEOMETRIC_REPRESENTATION_CONTEXT(2) 
PARAMETRIC_REPRESENTATION_CONTEXT() REPRESENTATION_CONTEXT('2D SPACE',''
  ) );
#374 = PCURVE('',#375,#380);
#375 = PLANE('',#376);
#376 = AXIS2_PLACEMENT_3D('',#377,#378,#379);
#377 = CARTESIAN_POINT('',(16.06,23.45,-36.5));
#378 = DIRECTION('',(-0.,-0.,-1.));
#379 = DIRECTION('',(-1.,0.,0.));
#380 = DEFINITIONAL_REPRESENTATION('',(#381),#385);
#381 = LINE('',#382,#383);
#382 = CARTESIAN_POINT('',(2.6,0.));
#383 = VECTOR('',#384,1.);
#384 = DIRECTION('',(0.,-1.));
#385 = ( GEOMETRIC_REPRESENTATION_CONTEXT(2) 
PARAMETRIC_REPRESENTATION_CONTEXT() REPRESENTATION_CONTEXT('2D SPACE',''
  ) );
#386 = ORIENTED_EDGE('',*,*,#387,.F.);
#387 = EDGE_CURVE('',#150,#360,#388,.T.);
#388 = SURFACE_CURVE('',#389,(#393,#399),.PCURVE_S1.);
#389 = LINE('',#390,#391);
#390 = CARTESIAN_POINT('',(13.46,-17.4,-63.83496052418));
#391 = VECTOR('',#392,1.);
#392 = DIRECTION('',(-0.,0.,1.));
#393 = PCURVE('',#43,#394);
#394 = DEFINITIONAL_REPRESENTATION('',(#395),#398);
#395 = B_SPLINE_CURVE_WITH_KNOTS('',1,(#396,#397),.UNSPECIFIED.,.F.,.F.,
  (2,2),(-28.66503947581,27.334960524187),.PIECEWISE_BEZIER_KNOTS.);
#396 = CARTESIAN_POINT('',(-18.925,-28.60617712143));
#397 = CARTESIAN_POINT('',(-18.925,27.393822878566));
#398 = ( GEOMETRIC_REPRESENTATION_CONTEXT(2) 
PARAMETRIC_REPRESENTATION_CONTEXT() REPRESENTATION_CONTEXT('2D SPACE',''
  ) );
#399 = PCURVE('',#400,#405);
#400 = PLANE('',#401);
#401 = AXIS2_PLACEMENT_3D('',#402,#403,#404);
#402 = CARTESIAN_POINT('',(13.917507371985,-17.4,-63.7760981698));
#403 = DIRECTION('',(0.,-1.,0.));
#404 = DIRECTION('',(1.,0.,0.));
#405 = DEFINITIONAL_REPRESENTATION('',(#406),#410);
#406 = LINE('',#407,#408);
#407 = CARTESIAN_POINT('',(-0.457507371985,-5.886235437939E-02));
#408 = VECTOR('',#409,1.);
#409 = DIRECTION('',(0.,1.));
#410 = ( GEOMETRIC_REPRESENTATION_CONTEXT(2) 
PARAMETRIC_REPRESENTATION_CONTEXT() REPRESENTATION_CONTEXT('2D SPACE',''
  ) );
#411 = ADVANCED_FACE('',(#412),#75,.T.);
#412 = FACE_BOUND('',#413,.T.);
#413 = EDGE_LOOP('',(#414,#449,#477,#501,#529,#560,#586,#587,#588,#611,
    #643));
#414 = ORIENTED_EDGE('',*,*,#415,.T.);
#415 = EDGE_CURVE('',#416,#418,#420,.T.);
#416 = VERTEX_POINT('',#417);
#417 = CARTESIAN_POINT('',(11.06,23.45,-33.));
#418 = VERTEX_POINT('',#419);
#419 = CARTESIAN_POINT('',(12.,23.360845141114,-33.));
#420 = SURFACE_CURVE('',#421,(#426,#433),.PCURVE_S1.);
#421 = CIRCLE('',#422,5.);
#422 = AXIS2_PLACEMENT_3D('',#423,#424,#425);
#423 = CARTESIAN_POINT('',(11.06,18.45,-33.));
#424 = DIRECTION('',(0.,0.,-1.));
#425 = DIRECTION('',(0.,1.,0.));
#426 = PCURVE('',#75,#427);
#427 = DEFINITIONAL_REPRESENTATION('',(#428),#432);
#428 = LINE('',#429,#430);
#429 = CARTESIAN_POINT('',(0.,-3.5));
#430 = VECTOR('',#431,1.);
#431 = DIRECTION('',(1.,0.));
#432 = ( GEOMETRIC_REPRESENTATION_CONTEXT(2) 
PARAMETRIC_REPRESENTATION_CONTEXT() REPRESENTATION_CONTEXT('2D SPACE',''
  ) );
#433 = PCURVE('',#434,#439);
#434 = PLANE('',#435);
#435 = AXIS2_PLACEMENT_3D('',#436,#437,#438);
#436 = CARTESIAN_POINT('',(-15.16,19.75,-33.));
#437 = DIRECTION('',(0.,0.,1.));
#438 = DIRECTION('',(1.,0.,-0.));
#439 = DEFINITIONAL_REPRESENTATION('',(#440),#448);
#440 = ( BOUNDED_CURVE() B_SPLINE_CURVE(2,(#441,#442,#443,#444,#445,#446
,#447),.UNSPECIFIED.,.T.,.F.) B_SPLINE_CURVE_WITH_KNOTS((1,2,2,2,2,1),(
    -2.094395102393,0.,2.094395102393,4.188790204786,6.28318530718,
8.377580409573),.UNSPECIFIED.) CURVE() GEOMETRIC_REPRESENTATION_ITEM() 
RATIONAL_B_SPLINE_CURVE((1.,0.5,1.,0.5,1.,0.5,1.)) REPRESENTATION_ITEM(
  '') );
#441 = CARTESIAN_POINT('',(26.22,3.7));
#442 = CARTESIAN_POINT('',(34.880254037844,3.7));
#443 = CARTESIAN_POINT('',(30.550127018922,-3.8));
#444 = CARTESIAN_POINT('',(26.22,-11.3));
#445 = CARTESIAN_POINT('',(21.889872981078,-3.8));
#446 = CARTESIAN_POINT('',(17.559745962156,3.7));
#447 = CARTESIAN_POINT('',(26.22,3.7));
#448 = ( GEOMETRIC_REPRESENTATION_CONTEXT(2) 
PARAMETRIC_REPRESENTATION_CONTEXT() REPRESENTATION_CONTEXT('2D SPACE',''
  ) );
#449 = ORIENTED_EDGE('',*,*,#450,.T.);
#450 = EDGE_CURVE('',#418,#451,#453,.T.);
#451 = VERTEX_POINT('',#452);
#452 = CARTESIAN_POINT('',(12.,23.360845141114,-36.5));
#453 = SURFACE_CURVE('',#454,(#458,#465),.PCURVE_S1.);
#454 = LINE('',#455,#456);
#455 = CARTESIAN_POINT('',(12.,23.360845141114,-36.5));
#456 = VECTOR('',#457,1.);
#457 = DIRECTION('',(0.,0.,-1.));
#458 = PCURVE('',#75,#459);
#459 = DEFINITIONAL_REPRESENTATION('',(#460),#464);
#460 = LINE('',#461,#462);
#461 = CARTESIAN_POINT('',(0.18912543874,0.));
#462 = VECTOR('',#463,1.);
#463 = DIRECTION('',(0.,1.));
#464 = ( GEOMETRIC_REPRESENTATION_CONTEXT(2) 
PARAMETRIC_REPRESENTATION_CONTEXT() REPRESENTATION_CONTEXT('2D SPACE',''
  ) );
#465 = PCURVE('',#466,#471);
#466 = PLANE('',#467);
#467 = AXIS2_PLACEMENT_3D('',#468,#469,#470);
#468 = CARTESIAN_POINT('',(12.,19.75,-70.));
#469 = DIRECTION('',(1.,0.,-0.));
#470 = DIRECTION('',(0.,0.,1.));
#471 = DEFINITIONAL_REPRESENTATION('',(#472),#476);
#472 = LINE('',#473,#474);
#473 = CARTESIAN_POINT('',(33.5,-3.610845141114));
#474 = VECTOR('',#475,1.);
#475 = DIRECTION('',(-1.,0.));
#476 = ( GEOMETRIC_REPRESENTATION_CONTEXT(2) 
PARAMETRIC_REPRESENTATION_CONTEXT() REPRESENTATION_CONTEXT('2D SPACE',''
  ) );
#477 = ORIENTED_EDGE('',*,*,#478,.T.);
#478 = EDGE_CURVE('',#451,#479,#481,.T.);
#479 = VERTEX_POINT('',#480);
#480 = CARTESIAN_POINT('',(16.06,18.45,-36.5));
#481 = SURFACE_CURVE('',#482,(#487,#494),.PCURVE_S1.);
#482 = CIRCLE('',#483,5.);
#483 = AXIS2_PLACEMENT_3D('',#484,#485,#486);
#484 = CARTESIAN_POINT('',(11.06,18.45,-36.5));
#485 = DIRECTION('',(0.,0.,-1.));
#486 = DIRECTION('',(0.,1.,0.));
#487 = PCURVE('',#75,#488);
#488 = DEFINITIONAL_REPRESENTATION('',(#489),#493);
#489 = LINE('',#490,#491);
#490 = CARTESIAN_POINT('',(0.,0.));
#491 = VECTOR('',#492,1.);
#492 = DIRECTION('',(1.,0.));
#493 = ( GEOMETRIC_REPRESENTATION_CONTEXT(2) 
PARAMETRIC_REPRESENTATION_CONTEXT() REPRESENTATION_CONTEXT('2D SPACE',''
  ) );
#494 = PCURVE('',#375,#495);
#495 = DEFINITIONAL_REPRESENTATION('',(#496),#500);
#496 = CIRCLE('',#497,5.);
#497 = AXIS2_PLACEMENT_2D('',#498,#499);
#498 = CARTESIAN_POINT('',(5.,-5.));
#499 = DIRECTION('',(0.,1.));
#500 = ( GEOMETRIC_REPRESENTATION_CONTEXT(2) 
PARAMETRIC_REPRESENTATION_CONTEXT() REPRESENTATION_CONTEXT('2D SPACE',''
  ) );
#501 = ORIENTED_EDGE('',*,*,#502,.T.);
#502 = EDGE_CURVE('',#479,#503,#505,.T.);
#503 = VERTEX_POINT('',#504);
#504 = CARTESIAN_POINT('',(16.06,18.45,-89.3));
#505 = SURFACE_CURVE('',#506,(#510,#517),.PCURVE_S1.);
#506 = LINE('',#507,#508);
#507 = CARTESIAN_POINT('',(16.06,18.45,-36.5));
#508 = VECTOR('',#509,1.);
#509 = DIRECTION('',(0.,0.,-1.));
#510 = PCURVE('',#75,#511);
#511 = DEFINITIONAL_REPRESENTATION('',(#512),#516);
#512 = LINE('',#513,#514);
#513 = CARTESIAN_POINT('',(1.570796326795,0.));
#514 = VECTOR('',#515,1.);
#515 = DIRECTION('',(0.,1.));
#516 = ( GEOMETRIC_REPRESENTATION_CONTEXT(2) 
PARAMETRIC_REPRESENTATION_CONTEXT() REPRESENTATION_CONTEXT('2D SPACE',''
  ) );
#517 = PCURVE('',#518,#523);
#518 = PLANE('',#519);
#519 = AXIS2_PLACEMENT_3D('',#520,#521,#522);
#520 = CARTESIAN_POINT('',(16.06,23.45,-86.004));
#521 = DIRECTION('',(-1.,0.,0.));
#522 = DIRECTION('',(0.,0.,1.));
#523 = DEFINITIONAL_REPRESENTATION('',(#524),#528);
#524 = LINE('',#525,#526);
#525 = CARTESIAN_POINT('',(49.504,-5.));
#526 = VECTOR('',#527,1.);
#527 = DIRECTION('',(-1.,0.));
#528 = ( GEOMETRIC_REPRESENTATION_CONTEXT(2) 
PARAMETRIC_REPRESENTATION_CONTEXT() REPRESENTATION_CONTEXT('2D SPACE',''
  ) );
#529 = ORIENTED_EDGE('',*,*,#530,.F.);
#530 = EDGE_CURVE('',#531,#503,#533,.T.);
#531 = VERTEX_POINT('',#532);
#532 = CARTESIAN_POINT('',(15.642575694956,20.45,-92.5));
#533 = SURFACE_CURVE('',#534,(#539,#549),.PCURVE_S1.);
#534 = ELLIPSE('',#535,9.433981132057,5.);
#535 = AXIS2_PLACEMENT_3D('',#536,#537,#538);
#536 = CARTESIAN_POINT('',(11.06,18.45,-89.3));
#537 = DIRECTION('',(0.,-0.847998304005,-0.529998940003));
#538 = DIRECTION('',(0.,0.529998940003,-0.847998304005));
#539 = PCURVE('',#75,#540);
#540 = DEFINITIONAL_REPRESENTATION('',(#541),#548);
#541 = B_SPLINE_CURVE_WITH_KNOTS('',5,(#542,#543,#544,#545,#546,#547),
  .UNSPECIFIED.,.F.,.F.,(6,6),(1.159279480727,1.570796326795),
  .PIECEWISE_BEZIER_KNOTS.);
#542 = CARTESIAN_POINT('',(1.159279480727,56.));
#543 = CARTESIAN_POINT('',(1.241582849941,55.396541729007));
#544 = CARTESIAN_POINT('',(1.323886219154,54.765988347158));
#545 = CARTESIAN_POINT('',(1.406189588368,54.116854121496));
#546 = CARTESIAN_POINT('',(1.488492957581,53.458426953708));
#547 = CARTESIAN_POINT('',(1.570796326795,52.8));
#548 = ( GEOMETRIC_REPRESENTATION_CONTEXT(2) 
PARAMETRIC_REPRESENTATION_CONTEXT() REPRESENTATION_CONTEXT('2D SPACE',''
  ) );
#549 = PCURVE('',#275,#550);
#550 = DEFINITIONAL_REPRESENTATION('',(#551),#559);
#551 = ( BOUNDED_CURVE() B_SPLINE_CURVE(2,(#552,#553,#554,#555,#556,#557
,#558),.UNSPECIFIED.,.T.,.F.) B_SPLINE_CURVE_WITH_KNOTS((1,2,2,2,2,1),(
    -2.094395102393,0.,2.094395102393,4.188790204786,6.28318530718,
8.377580409573),.UNSPECIFIED.) CURVE() GEOMETRIC_REPRESENTATION_ITEM() 
RATIONAL_B_SPLINE_CURVE((1.,0.5,1.,0.5,1.,0.5,1.)) REPRESENTATION_ITEM(
  '') );
#552 = CARTESIAN_POINT('',(41.368007264068,2.4));
#553 = CARTESIAN_POINT('',(41.368007264068,-6.260254037844));
#554 = CARTESIAN_POINT('',(27.217035565983,-1.930127018922));
#555 = CARTESIAN_POINT('',(13.066063867898,2.4));
#556 = CARTESIAN_POINT('',(27.217035565983,6.730127018922));
#557 = CARTESIAN_POINT('',(41.368007264068,11.060254037844));
#558 = CARTESIAN_POINT('',(41.368007264068,2.4));
#559 = ( GEOMETRIC_REPRESENTATION_CONTEXT(2) 
PARAMETRIC_REPRESENTATION_CONTEXT() REPRESENTATION_CONTEXT('2D SPACE',''
  ) );
#560 = ORIENTED_EDGE('',*,*,#561,.F.);
#561 = EDGE_CURVE('',#288,#531,#562,.T.);
#562 = SURFACE_CURVE('',#563,(#568,#575),.PCURVE_S1.);
#563 = CIRCLE('',#564,5.);
#564 = AXIS2_PLACEMENT_3D('',#565,#566,#567);
#565 = CARTESIAN_POINT('',(11.06,18.45,-92.5));
#566 = DIRECTION('',(0.,0.,-1.));
#567 = DIRECTION('',(0.,1.,0.));
#568 = PCURVE('',#75,#569);
#569 = DEFINITIONAL_REPRESENTATION('',(#570),#574);
#570 = LINE('',#571,#572);
#571 = CARTESIAN_POINT('',(0.,56.));
#572 = VECTOR('',#573,1.);
#573 = DIRECTION('',(1.,0.));
#574 = ( GEOMETRIC_REPRESENTATION_CONTEXT(2) 
PARAMETRIC_REPRESENTATION_CONTEXT() REPRESENTATION_CONTEXT('2D SPACE',''
  ) );
#575 = PCURVE('',#303,#576);
#576 = DEFINITIONAL_REPRESENTATION('',(#577),#585);
#577 = ( BOUNDED_CURVE() B_SPLINE_CURVE(2,(#578,#579,#580,#581,#582,#583
,#584),.UNSPECIFIED.,.T.,.F.) B_SPLINE_CURVE_WITH_KNOTS((1,2,2,2,2,1),(
    -2.094395102393,0.,2.094395102393,4.188790204786,6.28318530718,
8.377580409573),.UNSPECIFIED.) CURVE() GEOMETRIC_REPRESENTATION_ITEM() 
RATIONAL_B_SPLINE_CURVE((1.,0.5,1.,0.5,1.,0.5,1.)) REPRESENTATION_ITEM(
  '') );
#578 = CARTESIAN_POINT('',(3.,2.4));
#579 = CARTESIAN_POINT('',(3.,-6.260254037844));
#580 = CARTESIAN_POINT('',(-4.5,-1.930127018922));
#581 = CARTESIAN_POINT('',(-12.,2.4));
#582 = CARTESIAN_POINT('',(-4.5,6.730127018922));
#583 = CARTESIAN_POINT('',(3.,11.060254037844));
#584 = CARTESIAN_POINT('',(3.,2.4));
#585 = ( GEOMETRIC_REPRESENTATION_CONTEXT(2) 
PARAMETRIC_REPRESENTATION_CONTEXT() REPRESENTATION_CONTEXT('2D SPACE',''
  ) );
#586 = ORIENTED_EDGE('',*,*,#315,.F.);
#587 = ORIENTED_EDGE('',*,*,#54,.F.);
#588 = ORIENTED_EDGE('',*,*,#589,.F.);
#589 = EDGE_CURVE('',#590,#55,#592,.T.);
#590 = VERTEX_POINT('',#591);
#591 = CARTESIAN_POINT('',(12.,23.360845141114,-104.));
#592 = SURFACE_CURVE('',#593,(#597,#604),.PCURVE_S1.);
#593 = LINE('',#594,#595);
#594 = CARTESIAN_POINT('',(12.,23.360845141114,-36.5));
#595 = VECTOR('',#596,1.);
#596 = DIRECTION('',(-0.,-0.,1.));
#597 = PCURVE('',#75,#598);
#598 = DEFINITIONAL_REPRESENTATION('',(#599),#603);
#599 = LINE('',#600,#601);
#600 = CARTESIAN_POINT('',(0.18912543874,0.));
#601 = VECTOR('',#602,1.);
#602 = DIRECTION('',(0.,-1.));
#603 = ( GEOMETRIC_REPRESENTATION_CONTEXT(2) 
PARAMETRIC_REPRESENTATION_CONTEXT() REPRESENTATION_CONTEXT('2D SPACE',''
  ) );
#604 = PCURVE('',#106,#605);
#605 = DEFINITIONAL_REPRESENTATION('',(#606),#610);
#606 = LINE('',#607,#608);
#607 = CARTESIAN_POINT('',(73.5,-2.910845141114));
#608 = VECTOR('',#609,1.);
#609 = DIRECTION('',(1.,0.));
#610 = ( GEOMETRIC_REPRESENTATION_CONTEXT(2) 
PARAMETRIC_REPRESENTATION_CONTEXT() REPRESENTATION_CONTEXT('2D SPACE',''
  ) );
#611 = ORIENTED_EDGE('',*,*,#612,.F.);
#612 = EDGE_CURVE('',#613,#590,#615,.T.);
#613 = VERTEX_POINT('',#614);
#614 = CARTESIAN_POINT('',(11.06,23.45,-106.82));
#615 = SURFACE_CURVE('',#616,(#621,#631),.PCURVE_S1.);
#616 = ELLIPSE('',#617,15.811388300842,5.);
#617 = AXIS2_PLACEMENT_3D('',#618,#619,#620);
#618 = CARTESIAN_POINT('',(11.06,18.45,-106.82));
#619 = DIRECTION('',(0.948683298051,0.,-0.316227766017));
#620 = DIRECTION('',(-0.316227766017,0.,-0.948683298051));
#621 = PCURVE('',#75,#622);
#622 = DEFINITIONAL_REPRESENTATION('',(#623),#630);
#623 = B_SPLINE_CURVE_WITH_KNOTS('',5,(#624,#625,#626,#627,#628,#629),
  .UNSPECIFIED.,.F.,.F.,(6,6),(1.570796326795,1.759921765535),
  .PIECEWISE_BEZIER_KNOTS.);
#624 = CARTESIAN_POINT('',(0.,70.32));
#625 = CARTESIAN_POINT('',(3.782508774805E-02,69.752623683779));
#626 = CARTESIAN_POINT('',(7.565017549611E-02,69.18524736581));
#627 = CARTESIAN_POINT('',(0.113475263244,68.619562236941));
#628 = CARTESIAN_POINT('',(0.151300350992,68.057259445139));
#629 = CARTESIAN_POINT('',(0.18912543874,67.5));
#630 = ( GEOMETRIC_REPRESENTATION_CONTEXT(2) 
PARAMETRIC_REPRESENTATION_CONTEXT() REPRESENTATION_CONTEXT('2D SPACE',''
  ) );
#631 = PCURVE('',#632,#637);
#632 = PLANE('',#633);
#633 = AXIS2_PLACEMENT_3D('',#634,#635,#636);
#634 = CARTESIAN_POINT('',(12.,24.45,-104.));
#635 = DIRECTION('',(0.948683298051,0.,-0.316227766017));
#636 = DIRECTION('',(-0.316227766017,-0.,-0.948683298051));
#637 = DEFINITIONAL_REPRESENTATION('',(#638),#642);
#638 = ELLIPSE('',#639,15.811388300842,5.);
#639 = AXIS2_PLACEMENT_2D('',#640,#641);
#640 = CARTESIAN_POINT('',(2.972541000558,-6.));
#641 = DIRECTION('',(1.,0.));
#642 = ( GEOMETRIC_REPRESENTATION_CONTEXT(2) 
PARAMETRIC_REPRESENTATION_CONTEXT() REPRESENTATION_CONTEXT('2D SPACE',''
  ) );
#643 = ORIENTED_EDGE('',*,*,#644,.F.);
#644 = EDGE_CURVE('',#416,#613,#645,.T.);
#645 = SURFACE_CURVE('',#646,(#650,#657),.PCURVE_S1.);
#646 = LINE('',#647,#648);
#647 = CARTESIAN_POINT('',(11.06,23.45,-36.5));
#648 = VECTOR('',#649,1.);
#649 = DIRECTION('',(0.,0.,-1.));
#650 = PCURVE('',#75,#651);
#651 = DEFINITIONAL_REPRESENTATION('',(#652),#656);
#652 = LINE('',#653,#654);
#653 = CARTESIAN_POINT('',(0.,0.));
#654 = VECTOR('',#655,1.);
#655 = DIRECTION('',(0.,1.));
#656 = ( GEOMETRIC_REPRESENTATION_CONTEXT(2) 
PARAMETRIC_REPRESENTATION_CONTEXT() REPRESENTATION_CONTEXT('2D SPACE',''
  ) );
#657 = PCURVE('',#658,#663);
#658 = PLANE('',#659);
#659 = AXIS2_PLACEMENT_3D('',#660,#661,#662);
#660 = CARTESIAN_POINT('',(13.917507371985,23.45,-63.7760981698));
#661 = DIRECTION('',(0.,-1.,0.));
#662 = DIRECTION('',(1.,0.,0.));
#663 = DEFINITIONAL_REPRESENTATION('',(#664),#668);
#664 = LINE('',#665,#666);
#665 = CARTESIAN_POINT('',(-2.857507371985,27.276098169807));
#666 = VECTOR('',#667,1.);
#667 = DIRECTION('',(0.,-1.));
#668 = ( GEOMETRIC_REPRESENTATION_CONTEXT(2) 
PARAMETRIC_REPRESENTATION_CONTEXT() REPRESENTATION_CONTEXT('2D SPACE',''
  ) );
#669 = ADVANCED_FACE('',(#670,#873,#1034,#1195,#1226,#1387),#132,.T.);
#670 = FACE_BOUND('',#671,.T.);
#671 = EDGE_LOOP('',(#672,#695,#696,#697,#720,#743,#771,#799,#825,#854)
  );
#672 = ORIENTED_EDGE('',*,*,#673,.T.);
#673 = EDGE_CURVE('',#674,#91,#676,.T.);
#674 = VERTEX_POINT('',#675);
#675 = CARTESIAN_POINT('',(12.,20.45,-104.));
#676 = SURFACE_CURVE('',#677,(#681,#688),.PCURVE_S1.);
#677 = LINE('',#678,#679);
#678 = CARTESIAN_POINT('',(12.,20.45,-110.));
#679 = VECTOR('',#680,1.);
#680 = DIRECTION('',(0.,0.,1.));
#681 = PCURVE('',#132,#682);
#682 = DEFINITIONAL_REPRESENTATION('',(#683),#687);
#683 = LINE('',#684,#685);
#684 = CARTESIAN_POINT('',(-1.917507371985,-46.22390183019));
#685 = VECTOR('',#686,1.);
#686 = DIRECTION('',(0.,1.));
#687 = ( GEOMETRIC_REPRESENTATION_CONTEXT(2) 
PARAMETRIC_REPRESENTATION_CONTEXT() REPRESENTATION_CONTEXT('2D SPACE',''
  ) );
#688 = PCURVE('',#106,#689);
#689 = DEFINITIONAL_REPRESENTATION('',(#690),#694);
#690 = LINE('',#691,#692);
#691 = CARTESIAN_POINT('',(0.,0.));
#692 = VECTOR('',#693,1.);
#693 = DIRECTION('',(1.,0.));
#694 = ( GEOMETRIC_REPRESENTATION_CONTEXT(2) 
PARAMETRIC_REPRESENTATION_CONTEXT() REPRESENTATION_CONTEXT('2D SPACE',''
  ) );
#695 = ORIENTED_EDGE('',*,*,#118,.T.);
#696 = ORIENTED_EDGE('',*,*,#337,.T.);
#697 = ORIENTED_EDGE('',*,*,#698,.T.);
#698 = EDGE_CURVE('',#338,#699,#701,.T.);
#699 = VERTEX_POINT('',#700);
#700 = CARTESIAN_POINT('',(12.,20.45,-36.5));
#701 = SURFACE_CURVE('',#702,(#706,#713),.PCURVE_S1.);
#702 = LINE('',#703,#704);
#703 = CARTESIAN_POINT('',(16.06,20.45,-36.5));
#704 = VECTOR('',#705,1.);
#705 = DIRECTION('',(-1.,0.,0.));
#706 = PCURVE('',#132,#707);
#707 = DEFINITIONAL_REPRESENTATION('',(#708),#712);
#708 = LINE('',#709,#710);
#709 = CARTESIAN_POINT('',(2.142492628015,27.276098169807));
#710 = VECTOR('',#711,1.);
#711 = DIRECTION('',(-1.,0.));
#712 = ( GEOMETRIC_REPRESENTATION_CONTEXT(2) 
PARAMETRIC_REPRESENTATION_CONTEXT() REPRESENTATION_CONTEXT('2D SPACE',''
  ) );
#713 = PCURVE('',#375,#714);
#714 = DEFINITIONAL_REPRESENTATION('',(#715),#719);
#715 = LINE('',#716,#717);
#716 = CARTESIAN_POINT('',(0.,-3.));
#717 = VECTOR('',#718,1.);
#718 = DIRECTION('',(1.,0.));
#719 = ( GEOMETRIC_REPRESENTATION_CONTEXT(2) 
PARAMETRIC_REPRESENTATION_CONTEXT() REPRESENTATION_CONTEXT('2D SPACE',''
  ) );
#720 = ORIENTED_EDGE('',*,*,#721,.T.);
#721 = EDGE_CURVE('',#699,#722,#724,.T.);
#722 = VERTEX_POINT('',#723);
#723 = CARTESIAN_POINT('',(12.,20.45,-70.));
#724 = SURFACE_CURVE('',#725,(#729,#736),.PCURVE_S1.);
#725 = LINE('',#726,#727);
#726 = CARTESIAN_POINT('',(12.,20.45,-36.5));
#727 = VECTOR('',#728,1.);
#728 = DIRECTION('',(0.,0.,-1.));
#729 = PCURVE('',#132,#730);
#730 = DEFINITIONAL_REPRESENTATION('',(#731),#735);
#731 = LINE('',#732,#733);
#732 = CARTESIAN_POINT('',(-1.917507371985,27.276098169807));
#733 = VECTOR('',#734,1.);
#734 = DIRECTION('',(0.,-1.));
#735 = ( GEOMETRIC_REPRESENTATION_CONTEXT(2) 
PARAMETRIC_REPRESENTATION_CONTEXT() REPRESENTATION_CONTEXT('2D SPACE',''
  ) );
#736 = PCURVE('',#466,#737);
#737 = DEFINITIONAL_REPRESENTATION('',(#738),#742);
#738 = LINE('',#739,#740);
#739 = CARTESIAN_POINT('',(33.5,-0.7));
#740 = VECTOR('',#741,1.);
#741 = DIRECTION('',(-1.,0.));
#742 = ( GEOMETRIC_REPRESENTATION_CONTEXT(2) 
PARAMETRIC_REPRESENTATION_CONTEXT() REPRESENTATION_CONTEXT('2D SPACE',''
  ) );
#743 = ORIENTED_EDGE('',*,*,#744,.T.);
#744 = EDGE_CURVE('',#722,#745,#747,.T.);
#745 = VERTEX_POINT('',#746);
#746 = CARTESIAN_POINT('',(-15.16,20.45,-70.));
#747 = SURFACE_CURVE('',#748,(#752,#759),.PCURVE_S1.);
#748 = LINE('',#749,#750);
#749 = CARTESIAN_POINT('',(12.,20.45,-70.));
#750 = VECTOR('',#751,1.);
#751 = DIRECTION('',(-1.,0.,0.));
#752 = PCURVE('',#132,#753);
#753 = DEFINITIONAL_REPRESENTATION('',(#754),#758);
#754 = LINE('',#755,#756);
#755 = CARTESIAN_POINT('',(-1.917507371985,-6.223901830193));
#756 = VECTOR('',#757,1.);
#757 = DIRECTION('',(-1.,0.));
#758 = ( GEOMETRIC_REPRESENTATION_CONTEXT(2) 
PARAMETRIC_REPRESENTATION_CONTEXT() REPRESENTATION_CONTEXT('2D SPACE',''
  ) );
#759 = PCURVE('',#760,#765);
#760 = PLANE('',#761);
#761 = AXIS2_PLACEMENT_3D('',#762,#763,#764);
#762 = CARTESIAN_POINT('',(-15.16,19.75,-70.));
#763 = DIRECTION('',(0.,0.,1.));
#764 = DIRECTION('',(1.,0.,-0.));
#765 = DEFINITIONAL_REPRESENTATION('',(#766),#770);
#766 = LINE('',#767,#768);
#767 = CARTESIAN_POINT('',(27.16,0.7));
#768 = VECTOR('',#769,1.);
#769 = DIRECTION('',(-1.,0.));
#770 = ( GEOMETRIC_REPRESENTATION_CONTEXT(2) 
PARAMETRIC_REPRESENTATION_CONTEXT() REPRESENTATION_CONTEXT('2D SPACE',''
  ) );
#771 = ORIENTED_EDGE('',*,*,#772,.F.);
#772 = EDGE_CURVE('',#773,#745,#775,.T.);
#773 = VERTEX_POINT('',#774);
#774 = CARTESIAN_POINT('',(-15.16,20.45,-100.));
#775 = SURFACE_CURVE('',#776,(#780,#787),.PCURVE_S1.);
#776 = LINE('',#777,#778);
#777 = CARTESIAN_POINT('',(-15.16,20.45,-112.));
#778 = VECTOR('',#779,1.);
#779 = DIRECTION('',(0.,0.,1.));
#780 = PCURVE('',#132,#781);
#781 = DEFINITIONAL_REPRESENTATION('',(#782),#786);
#782 = LINE('',#783,#784);
#783 = CARTESIAN_POINT('',(-29.07750737198,-48.22390183019));
#784 = VECTOR('',#785,1.);
#785 = DIRECTION('',(0.,1.));
#786 = ( GEOMETRIC_REPRESENTATION_CONTEXT(2) 
PARAMETRIC_REPRESENTATION_CONTEXT() REPRESENTATION_CONTEXT('2D SPACE',''
  ) );
#787 = PCURVE('',#788,#793);
#788 = PLANE('',#789);
#789 = AXIS2_PLACEMENT_3D('',#790,#791,#792);
#790 = CARTESIAN_POINT('',(-15.16,19.75,-70.));
#791 = DIRECTION('',(1.,0.,-0.));
#792 = DIRECTION('',(0.,0.,1.));
#793 = DEFINITIONAL_REPRESENTATION('',(#794),#798);
#794 = LINE('',#795,#796);
#795 = CARTESIAN_POINT('',(-42.,-0.7));
#796 = VECTOR('',#797,1.);
#797 = DIRECTION('',(1.,0.));
#798 = ( GEOMETRIC_REPRESENTATION_CONTEXT(2) 
PARAMETRIC_REPRESENTATION_CONTEXT() REPRESENTATION_CONTEXT('2D SPACE',''
  ) );
#799 = ORIENTED_EDGE('',*,*,#800,.T.);
#800 = EDGE_CURVE('',#773,#801,#803,.T.);
#801 = VERTEX_POINT('',#802);
#802 = CARTESIAN_POINT('',(-10.,20.45,-110.));
#803 = SURFACE_CURVE('',#804,(#808,#814),.PCURVE_S1.);
#804 = LINE('',#805,#806);
#805 = CARTESIAN_POINT('',(-19.48356195806,20.45,-91.62100395723));
#806 = VECTOR('',#807,1.);
#807 = DIRECTION('',(0.458552371164,0.,-0.888667385977));
#808 = PCURVE('',#132,#809);
#809 = DEFINITIONAL_REPRESENTATION('',(#810),#813);
#810 = B_SPLINE_CURVE_WITH_KNOTS('',1,(#811,#812),.UNSPECIFIED.,.F.,.F.,
  (2,2),(9.428720098182,20.681524193162),.PIECEWISE_BEZIER_KNOTS.);
#811 = CARTESIAN_POINT('',(-29.07750737198,-36.22390183019));
#812 = CARTESIAN_POINT('',(-23.91750737198,-46.22390183019));
#813 = ( GEOMETRIC_REPRESENTATION_CONTEXT(2) 
PARAMETRIC_REPRESENTATION_CONTEXT() REPRESENTATION_CONTEXT('2D SPACE',''
  ) );
#814 = PCURVE('',#815,#820);
#815 = PLANE('',#816);
#816 = AXIS2_PLACEMENT_3D('',#817,#818,#819);
#817 = CARTESIAN_POINT('',(-15.16,-21.4,-100.));
#818 = DIRECTION('',(-0.888667385977,0.,-0.458552371164));
#819 = DIRECTION('',(0.458552371164,0.,-0.888667385977));
#820 = DEFINITIONAL_REPRESENTATION('',(#821),#824);
#821 = B_SPLINE_CURVE_WITH_KNOTS('',1,(#822,#823),.UNSPECIFIED.,.F.,.F.,
  (2,2),(9.428720098182,20.681524193162),.PIECEWISE_BEZIER_KNOTS.);
#822 = CARTESIAN_POINT('',(1.7763568394E-14,-41.85));
#823 = CARTESIAN_POINT('',(11.25280409498,-41.85));
#824 = ( GEOMETRIC_REPRESENTATION_CONTEXT(2) 
PARAMETRIC_REPRESENTATION_CONTEXT() REPRESENTATION_CONTEXT('2D SPACE',''
  ) );
#825 = ORIENTED_EDGE('',*,*,#826,.T.);
#826 = EDGE_CURVE('',#801,#827,#829,.T.);
#827 = VERTEX_POINT('',#828);
#828 = CARTESIAN_POINT('',(10.,20.45,-110.));
#829 = SURFACE_CURVE('',#830,(#835,#842),.PCURVE_S1.);
#830 = CIRCLE('',#831,10.);
#831 = AXIS2_PLACEMENT_3D('',#832,#833,#834);
#832 = CARTESIAN_POINT('',(0.,20.45,-110.));
#833 = DIRECTION('',(0.,-1.,2.22044604925E-16));
#834 = DIRECTION('',(1.,0.,0.));
#835 = PCURVE('',#132,#836);
#836 = DEFINITIONAL_REPRESENTATION('',(#837),#841);
#837 = CIRCLE('',#838,10.);
#838 = AXIS2_PLACEMENT_2D('',#839,#840);
#839 = CARTESIAN_POINT('',(-13.91750737198,-46.22390183019));
#840 = DIRECTION('',(1.,0.));
#841 = ( GEOMETRIC_REPRESENTATION_CONTEXT(2) 
PARAMETRIC_REPRESENTATION_CONTEXT() REPRESENTATION_CONTEXT('2D SPACE',''
  ) );
#842 = PCURVE('',#843,#848);
#843 = CYLINDRICAL_SURFACE('',#844,10.);
#844 = AXIS2_PLACEMENT_3D('',#845,#846,#847);
#845 = CARTESIAN_POINT('',(0.,23.45,-110.));
#846 = DIRECTION('',(0.,-1.,2.22044604925E-16));
#847 = DIRECTION('',(1.,0.,0.));
#848 = DEFINITIONAL_REPRESENTATION('',(#849),#853);
#849 = LINE('',#850,#851);
#850 = CARTESIAN_POINT('',(0.,3.));
#851 = VECTOR('',#852,1.);
#852 = DIRECTION('',(1.,0.));
#853 = ( GEOMETRIC_REPRESENTATION_CONTEXT(2) 
PARAMETRIC_REPRESENTATION_CONTEXT() REPRESENTATION_CONTEXT('2D SPACE',''
  ) );
#854 = ORIENTED_EDGE('',*,*,#855,.T.);
#855 = EDGE_CURVE('',#827,#674,#856,.T.);
#856 = SURFACE_CURVE('',#857,(#861,#867),.PCURVE_S1.);
#857 = LINE('',#858,#859);
#858 = CARTESIAN_POINT('',(18.129460643128,20.45,-85.61161807061));
#859 = VECTOR('',#860,1.);
#860 = DIRECTION('',(0.316227766017,0.,0.948683298051));
#861 = PCURVE('',#132,#862);
#862 = DEFINITIONAL_REPRESENTATION('',(#863),#866);
#863 = B_SPLINE_CURVE_WITH_KNOTS('',1,(#864,#865),.UNSPECIFIED.,.F.,.F.,
  (2,2),(-25.70761178098,-19.38305646064),.PIECEWISE_BEZIER_KNOTS.);
#864 = CARTESIAN_POINT('',(-3.917507371985,-46.22390183019));
#865 = CARTESIAN_POINT('',(-1.917507371985,-40.22390183019));
#866 = ( GEOMETRIC_REPRESENTATION_CONTEXT(2) 
PARAMETRIC_REPRESENTATION_CONTEXT() REPRESENTATION_CONTEXT('2D SPACE',''
  ) );
#867 = PCURVE('',#632,#868);
#868 = DEFINITIONAL_REPRESENTATION('',(#869),#872);
#869 = B_SPLINE_CURVE_WITH_KNOTS('',1,(#870,#871),.UNSPECIFIED.,.F.,.F.,
  (2,2),(-25.70761178098,-19.38305646064),.PIECEWISE_BEZIER_KNOTS.);
#870 = CARTESIAN_POINT('',(6.324555320337,-4.));
#871 = CARTESIAN_POINT('',(0.,-4.));
#872 = ( GEOMETRIC_REPRESENTATION_CONTEXT(2) 
PARAMETRIC_REPRESENTATION_CONTEXT() REPRESENTATION_CONTEXT('2D SPACE',''
  ) );
#873 = FACE_BOUND('',#874,.T.);
#874 = EDGE_LOOP('',(#875,#903,#929,#955,#981,#1007));
#875 = ORIENTED_EDGE('',*,*,#876,.T.);
#876 = EDGE_CURVE('',#877,#879,#881,.T.);
#877 = VERTEX_POINT('',#878);
#878 = CARTESIAN_POINT('',(-1.7,20.45,-117.));
#879 = VERTEX_POINT('',#880);
#880 = CARTESIAN_POINT('',(-1.7,20.45,-116.2958369439));
#881 = SURFACE_CURVE('',#882,(#886,#892),.PCURVE_S1.);
#882 = LINE('',#883,#884);
#883 = CARTESIAN_POINT('',(-1.7,20.45,-90.3880490849));
#884 = VECTOR('',#885,1.);
#885 = DIRECTION('',(-0.,0.,1.));
#886 = PCURVE('',#132,#887);
#887 = DEFINITIONAL_REPRESENTATION('',(#888),#891);
#888 = B_SPLINE_CURVE_WITH_KNOTS('',1,(#889,#890),.UNSPECIFIED.,.F.,.F.,
  (2,2),(-26.61195091509,-25.90778785906),.PIECEWISE_BEZIER_KNOTS.);
#889 = CARTESIAN_POINT('',(-15.61750737198,-53.22390183019));
#890 = CARTESIAN_POINT('',(-15.61750737198,-52.51973877415));
#891 = ( GEOMETRIC_REPRESENTATION_CONTEXT(2) 
PARAMETRIC_REPRESENTATION_CONTEXT() REPRESENTATION_CONTEXT('2D SPACE',''
  ) );
#892 = PCURVE('',#893,#898);
#893 = PLANE('',#894);
#894 = AXIS2_PLACEMENT_3D('',#895,#896,#897);
#895 = CARTESIAN_POINT('',(-1.7,-21.4,-117.));
#896 = DIRECTION('',(1.,0.,0.));
#897 = DIRECTION('',(0.,0.,1.));
#898 = DEFINITIONAL_REPRESENTATION('',(#899),#902);
#899 = B_SPLINE_CURVE_WITH_KNOTS('',1,(#900,#901),.UNSPECIFIED.,.F.,.F.,
  (2,2),(-26.61195091509,-25.90778785906),.PIECEWISE_BEZIER_KNOTS.);
#900 = CARTESIAN_POINT('',(0.,-41.85));
#901 = CARTESIAN_POINT('',(0.704163056034,-41.85));
#902 = ( GEOMETRIC_REPRESENTATION_CONTEXT(2) 
PARAMETRIC_REPRESENTATION_CONTEXT() REPRESENTATION_CONTEXT('2D SPACE',''
  ) );
#903 = ORIENTED_EDGE('',*,*,#904,.T.);
#904 = EDGE_CURVE('',#879,#905,#907,.T.);
#905 = VERTEX_POINT('',#906);
#906 = CARTESIAN_POINT('',(-0.704163056034,20.45,-115.3));
#907 = SURFACE_CURVE('',#908,(#912,#918),.PCURVE_S1.);
#908 = LINE('',#909,#910);
#909 = CARTESIAN_POINT('',(14.982230008519,20.45,-99.61360693544));
#910 = VECTOR('',#911,1.);
#911 = DIRECTION('',(0.707106781187,0.,0.707106781187));
#912 = PCURVE('',#132,#913);
#913 = DEFINITIONAL_REPRESENTATION('',(#914),#917);
#914 = B_SPLINE_CURVE_WITH_KNOTS('',1,(#915,#916),.UNSPECIFIED.,.F.,.F.,
  (2,2),(-23.59223592867,-22.1839098166),.PIECEWISE_BEZIER_KNOTS.);
#915 = CARTESIAN_POINT('',(-15.61750737198,-52.51973877415));
#916 = CARTESIAN_POINT('',(-14.62167042801,-51.52390183019));
#917 = ( GEOMETRIC_REPRESENTATION_CONTEXT(2) 
PARAMETRIC_REPRESENTATION_CONTEXT() REPRESENTATION_CONTEXT('2D SPACE',''
  ) );
#918 = PCURVE('',#919,#924);
#919 = PLANE('',#920);
#920 = AXIS2_PLACEMENT_3D('',#921,#922,#923);
#921 = CARTESIAN_POINT('',(-2.404163056034,-21.4,-117.));
#922 = DIRECTION('',(0.707106781187,0.,-0.707106781187));
#923 = DIRECTION('',(0.707106781187,0.,0.707106781187));
#924 = DEFINITIONAL_REPRESENTATION('',(#925),#928);
#925 = B_SPLINE_CURVE_WITH_KNOTS('',1,(#926,#927),.UNSPECIFIED.,.F.,.F.,
  (2,2),(-23.59223592867,-22.1839098166),.PIECEWISE_BEZIER_KNOTS.);
#926 = CARTESIAN_POINT('',(0.995836943966,-41.85));
#927 = CARTESIAN_POINT('',(2.404163056034,-41.85));
#928 = ( GEOMETRIC_REPRESENTATION_CONTEXT(2) 
PARAMETRIC_REPRESENTATION_CONTEXT() REPRESENTATION_CONTEXT('2D SPACE',''
  ) );
#929 = ORIENTED_EDGE('',*,*,#930,.F.);
#930 = EDGE_CURVE('',#931,#905,#933,.T.);
#931 = VERTEX_POINT('',#932);
#932 = CARTESIAN_POINT('',(0.704163056034,20.45,-115.3));
#933 = SURFACE_CURVE('',#934,(#938,#944),.PCURVE_S1.);
#934 = LINE('',#935,#936);
#935 = CARTESIAN_POINT('',(6.108753685992,20.45,-115.3));
#936 = VECTOR('',#937,1.);
#937 = DIRECTION('',(-1.,0.,0.));
#938 = PCURVE('',#132,#939);
#939 = DEFINITIONAL_REPRESENTATION('',(#940),#943);
#940 = B_SPLINE_CURVE_WITH_KNOTS('',1,(#941,#942),.UNSPECIFIED.,.F.,.F.,
  (2,2),(5.404590629958,6.812916742027),.PIECEWISE_BEZIER_KNOTS.);
#941 = CARTESIAN_POINT('',(-13.21334431595,-51.52390183019));
#942 = CARTESIAN_POINT('',(-14.62167042801,-51.52390183019));
#943 = ( GEOMETRIC_REPRESENTATION_CONTEXT(2) 
PARAMETRIC_REPRESENTATION_CONTEXT() REPRESENTATION_CONTEXT('2D SPACE',''
  ) );
#944 = PCURVE('',#945,#950);
#945 = PLANE('',#946);
#946 = AXIS2_PLACEMENT_3D('',#947,#948,#949);
#947 = CARTESIAN_POINT('',(-1.7,-21.4,-115.3));
#948 = DIRECTION('',(0.,0.,1.));
#949 = DIRECTION('',(1.,0.,0.));
#950 = DEFINITIONAL_REPRESENTATION('',(#951),#954);
#951 = B_SPLINE_CURVE_WITH_KNOTS('',1,(#952,#953),.UNSPECIFIED.,.F.,.F.,
  (2,2),(5.404590629958,6.812916742027),.PIECEWISE_BEZIER_KNOTS.);
#952 = CARTESIAN_POINT('',(2.404163056034,41.85));
#953 = CARTESIAN_POINT('',(0.995836943966,41.85));
#954 = ( GEOMETRIC_REPRESENTATION_CONTEXT(2) 
PARAMETRIC_REPRESENTATION_CONTEXT() REPRESENTATION_CONTEXT('2D SPACE',''
  ) );
#955 = ORIENTED_EDGE('',*,*,#956,.F.);
#956 = EDGE_CURVE('',#957,#931,#959,.T.);
#957 = VERTEX_POINT('',#958);
#958 = CARTESIAN_POINT('',(1.7,20.45,-116.2958369439));
#959 = SURFACE_CURVE('',#960,(#964,#970),.PCURVE_S1.);
#960 = LINE('',#961,#962);
#961 = CARTESIAN_POINT('',(-9.225557850543,20.45,-105.3702790934));
#962 = VECTOR('',#963,1.);
#963 = DIRECTION('',(-0.707106781187,0.,0.707106781187));
#964 = PCURVE('',#132,#965);
#965 = DEFINITIONAL_REPRESENTATION('',(#966),#969);
#966 = B_SPLINE_CURVE_WITH_KNOTS('',1,(#967,#968),.UNSPECIFIED.,.F.,.F.,
  (2,2),(-15.45107208873,-14.04274597666),.PIECEWISE_BEZIER_KNOTS.);
#967 = CARTESIAN_POINT('',(-12.21750737198,-52.51973877415));
#968 = CARTESIAN_POINT('',(-13.21334431595,-51.52390183019));
#969 = ( GEOMETRIC_REPRESENTATION_CONTEXT(2) 
PARAMETRIC_REPRESENTATION_CONTEXT() REPRESENTATION_CONTEXT('2D SPACE',''
  ) );
#970 = PCURVE('',#971,#976);
#971 = PLANE('',#972);
#972 = AXIS2_PLACEMENT_3D('',#973,#974,#975);
#973 = CARTESIAN_POINT('',(4.440892098501E-16,-21.4,-114.5958369439));
#974 = DIRECTION('',(0.707106781187,0.,0.707106781187));
#975 = DIRECTION('',(0.707106781187,0.,-0.707106781187));
#976 = DEFINITIONAL_REPRESENTATION('',(#977),#980);
#977 = B_SPLINE_CURVE_WITH_KNOTS('',1,(#978,#979),.UNSPECIFIED.,.F.,.F.,
  (2,2),(-15.45107208873,-14.04274597666),.PIECEWISE_BEZIER_KNOTS.);
#978 = CARTESIAN_POINT('',(2.404163056034,41.85));
#979 = CARTESIAN_POINT('',(0.995836943966,41.85));
#980 = ( GEOMETRIC_REPRESENTATION_CONTEXT(2) 
PARAMETRIC_REPRESENTATION_CONTEXT() REPRESENTATION_CONTEXT('2D SPACE',''
  ) );
#981 = ORIENTED_EDGE('',*,*,#982,.F.);
#982 = EDGE_CURVE('',#983,#957,#985,.T.);
#983 = VERTEX_POINT('',#984);
#984 = CARTESIAN_POINT('',(1.7,20.45,-117.));
#985 = SURFACE_CURVE('',#986,(#990,#996),.PCURVE_S1.);
#986 = LINE('',#987,#988);
#987 = CARTESIAN_POINT('',(1.7,20.45,-90.3880490849));
#988 = VECTOR('',#989,1.);
#989 = DIRECTION('',(-0.,0.,1.));
#990 = PCURVE('',#132,#991);
#991 = DEFINITIONAL_REPRESENTATION('',(#992),#995);
#992 = B_SPLINE_CURVE_WITH_KNOTS('',1,(#993,#994),.UNSPECIFIED.,.F.,.F.,
  (2,2),(-26.61195091509,-25.90778785906),.PIECEWISE_BEZIER_KNOTS.);
#993 = CARTESIAN_POINT('',(-12.21750737198,-53.22390183019));
#994 = CARTESIAN_POINT('',(-12.21750737198,-52.51973877415));
#995 = ( GEOMETRIC_REPRESENTATION_CONTEXT(2) 
PARAMETRIC_REPRESENTATION_CONTEXT() REPRESENTATION_CONTEXT('2D SPACE',''
  ) );
#996 = PCURVE('',#997,#1002);
#997 = PLANE('',#998);
#998 = AXIS2_PLACEMENT_3D('',#999,#1000,#1001);
#999 = CARTESIAN_POINT('',(1.7,-21.4,-117.));
#1000 = DIRECTION('',(1.,0.,0.));
#1001 = DIRECTION('',(0.,0.,1.));
#1002 = DEFINITIONAL_REPRESENTATION('',(#1003),#1006);
#1003 = B_SPLINE_CURVE_WITH_KNOTS('',1,(#1004,#1005),.UNSPECIFIED.,.F.,
  .F.,(2,2),(-26.61195091509,-25.90778785906),.PIECEWISE_BEZIER_KNOTS.);
#1004 = CARTESIAN_POINT('',(-7.105427357601E-15,-41.85));
#1005 = CARTESIAN_POINT('',(0.704163056034,-41.85));
#1006 = ( GEOMETRIC_REPRESENTATION_CONTEXT(2) 
PARAMETRIC_REPRESENTATION_CONTEXT() REPRESENTATION_CONTEXT('2D SPACE',''
  ) );
#1007 = ORIENTED_EDGE('',*,*,#1008,.F.);
#1008 = EDGE_CURVE('',#877,#983,#1009,.T.);
#1009 = SURFACE_CURVE('',#1010,(#1015,#1022),.PCURVE_S1.);
#1010 = CIRCLE('',#1011,1.7);
#1011 = AXIS2_PLACEMENT_3D('',#1012,#1013,#1014);
#1012 = CARTESIAN_POINT('',(0.,20.45,-117.));
#1013 = DIRECTION('',(0.,-1.,2.22044604925E-16));
#1014 = DIRECTION('',(1.,0.,0.));
#1015 = PCURVE('',#132,#1016);
#1016 = DEFINITIONAL_REPRESENTATION('',(#1017),#1021);
#1017 = CIRCLE('',#1018,1.7);
#1018 = AXIS2_PLACEMENT_2D('',#1019,#1020);
#1019 = CARTESIAN_POINT('',(-13.91750737198,-53.22390183019));
#1020 = DIRECTION('',(1.,0.));
#1021 = ( GEOMETRIC_REPRESENTATION_CONTEXT(2) 
PARAMETRIC_REPRESENTATION_CONTEXT() REPRESENTATION_CONTEXT('2D SPACE',''
  ) );
#1022 = PCURVE('',#1023,#1028);
#1023 = CYLINDRICAL_SURFACE('',#1024,1.7);
#1024 = AXIS2_PLACEMENT_3D('',#1025,#1026,#1027);
#1025 = CARTESIAN_POINT('',(0.,24.45,-117.));
#1026 = DIRECTION('',(0.,-1.,2.22044604925E-16));
#1027 = DIRECTION('',(1.,0.,0.));
#1028 = DEFINITIONAL_REPRESENTATION('',(#1029),#1033);
#1029 = LINE('',#1030,#1031);
#1030 = CARTESIAN_POINT('',(0.,4.));
#1031 = VECTOR('',#1032,1.);
#1032 = DIRECTION('',(1.,0.));
#1033 = ( GEOMETRIC_REPRESENTATION_CONTEXT(2) 
PARAMETRIC_REPRESENTATION_CONTEXT() REPRESENTATION_CONTEXT('2D SPACE',''
  ) );
#1034 = FACE_BOUND('',#1035,.T.);
#1035 = EDGE_LOOP('',(#1036,#1064,#1090,#1116,#1142,#1168));
#1036 = ORIENTED_EDGE('',*,*,#1037,.T.);
#1037 = EDGE_CURVE('',#1038,#1040,#1042,.T.);
#1038 = VERTEX_POINT('',#1039);
#1039 = CARTESIAN_POINT('',(-8.7,20.45,-110.));
#1040 = VERTEX_POINT('',#1041);
#1041 = CARTESIAN_POINT('',(-8.7,20.45,-109.2958369439));
#1042 = SURFACE_CURVE('',#1043,(#1047,#1053),.PCURVE_S1.);
#1043 = LINE('',#1044,#1045);
#1044 = CARTESIAN_POINT('',(-8.7,20.45,-86.8880490849));
#1045 = VECTOR('',#1046,1.);
#1046 = DIRECTION('',(-0.,0.,1.));
#1047 = PCURVE('',#132,#1048);
#1048 = DEFINITIONAL_REPRESENTATION('',(#1049),#1052);
#1049 = B_SPLINE_CURVE_WITH_KNOTS('',1,(#1050,#1051),.UNSPECIFIED.,.F.,
  .F.,(2,2),(-23.11195091509,-22.40778785906),.PIECEWISE_BEZIER_KNOTS.);
#1050 = CARTESIAN_POINT('',(-22.61750737198,-46.22390183019));
#1051 = CARTESIAN_POINT('',(-22.61750737198,-45.51973877415));
#1052 = ( GEOMETRIC_REPRESENTATION_CONTEXT(2) 
PARAMETRIC_REPRESENTATION_CONTEXT() REPRESENTATION_CONTEXT('2D SPACE',''
  ) );
#1053 = PCURVE('',#1054,#1059);
#1054 = PLANE('',#1055);
#1055 = AXIS2_PLACEMENT_3D('',#1056,#1057,#1058);
#1056 = CARTESIAN_POINT('',(-8.7,-21.4,-110.));
#1057 = DIRECTION('',(1.,0.,0.));
#1058 = DIRECTION('',(0.,0.,1.));
#1059 = DEFINITIONAL_REPRESENTATION('',(#1060),#1063);
#1060 = B_SPLINE_CURVE_WITH_KNOTS('',1,(#1061,#1062),.UNSPECIFIED.,.F.,
  .F.,(2,2),(-23.11195091509,-22.40778785906),.PIECEWISE_BEZIER_KNOTS.);
#1061 = CARTESIAN_POINT('',(0.,-41.85));
#1062 = CARTESIAN_POINT('',(0.704163056034,-41.85));
#1063 = ( GEOMETRIC_REPRESENTATION_CONTEXT(2) 
PARAMETRIC_REPRESENTATION_CONTEXT() REPRESENTATION_CONTEXT('2D SPACE',''
  ) );
#1064 = ORIENTED_EDGE('',*,*,#1065,.T.);
#1065 = EDGE_CURVE('',#1040,#1066,#1068,.T.);
#1066 = VERTEX_POINT('',#1067);
#1067 = CARTESIAN_POINT('',(-7.704163056034,20.45,-108.3));
#1068 = SURFACE_CURVE('',#1069,(#1073,#1079),.PCURVE_S1.);
#1069 = LINE('',#1070,#1071);
#1070 = CARTESIAN_POINT('',(7.982230008519,20.45,-92.61360693544));
#1071 = VECTOR('',#1072,1.);
#1072 = DIRECTION('',(0.707106781187,0.,0.707106781187));
#1073 = PCURVE('',#132,#1074);
#1074 = DEFINITIONAL_REPRESENTATION('',(#1075),#1078);
#1075 = B_SPLINE_CURVE_WITH_KNOTS('',1,(#1076,#1077),.UNSPECIFIED.,.F.,
  .F.,(2,2),(-23.59223592867,-22.1839098166),.PIECEWISE_BEZIER_KNOTS.);
#1076 = CARTESIAN_POINT('',(-22.61750737198,-45.51973877415));
#1077 = CARTESIAN_POINT('',(-21.62167042801,-44.52390183019));
#1078 = ( GEOMETRIC_REPRESENTATION_CONTEXT(2) 
PARAMETRIC_REPRESENTATION_CONTEXT() REPRESENTATION_CONTEXT('2D SPACE',''
  ) );
#1079 = PCURVE('',#1080,#1085);
#1080 = PLANE('',#1081);
#1081 = AXIS2_PLACEMENT_3D('',#1082,#1083,#1084);
#1082 = CARTESIAN_POINT('',(-9.404163056034,-21.4,-110.));
#1083 = DIRECTION('',(0.707106781187,0.,-0.707106781187));
#1084 = DIRECTION('',(0.707106781187,0.,0.707106781187));
#1085 = DEFINITIONAL_REPRESENTATION('',(#1086),#1089);
#1086 = B_SPLINE_CURVE_WITH_KNOTS('',1,(#1087,#1088),.UNSPECIFIED.,.F.,
  .F.,(2,2),(-23.59223592867,-22.1839098166),.PIECEWISE_BEZIER_KNOTS.);
#1087 = CARTESIAN_POINT('',(0.995836943966,-41.85));
#1088 = CARTESIAN_POINT('',(2.404163056034,-41.85));
#1089 = ( GEOMETRIC_REPRESENTATION_CONTEXT(2) 
PARAMETRIC_REPRESENTATION_CONTEXT() REPRESENTATION_CONTEXT('2D SPACE',''
  ) );
#1090 = ORIENTED_EDGE('',*,*,#1091,.F.);
#1091 = EDGE_CURVE('',#1092,#1066,#1094,.T.);
#1092 = VERTEX_POINT('',#1093);
#1093 = CARTESIAN_POINT('',(-6.295836943966,20.45,-108.3));
#1094 = SURFACE_CURVE('',#1095,(#1099,#1105),.PCURVE_S1.);
#1095 = LINE('',#1096,#1097);
#1096 = CARTESIAN_POINT('',(2.608753685992,20.45,-108.3));
#1097 = VECTOR('',#1098,1.);
#1098 = DIRECTION('',(-1.,0.,0.));
#1099 = PCURVE('',#132,#1100);
#1100 = DEFINITIONAL_REPRESENTATION('',(#1101),#1104);
#1101 = B_SPLINE_CURVE_WITH_KNOTS('',1,(#1102,#1103),.UNSPECIFIED.,.F.,
  .F.,(2,2),(8.904590629958,10.312916742027),.PIECEWISE_BEZIER_KNOTS.);
#1102 = CARTESIAN_POINT('',(-20.21334431595,-44.52390183019));
#1103 = CARTESIAN_POINT('',(-21.62167042801,-44.52390183019));
#1104 = ( GEOMETRIC_REPRESENTATION_CONTEXT(2) 
PARAMETRIC_REPRESENTATION_CONTEXT() REPRESENTATION_CONTEXT('2D SPACE',''
  ) );
#1105 = PCURVE('',#1106,#1111);
#1106 = PLANE('',#1107);
#1107 = AXIS2_PLACEMENT_3D('',#1108,#1109,#1110);
#1108 = CARTESIAN_POINT('',(-8.7,-21.4,-108.3));
#1109 = DIRECTION('',(0.,0.,1.));
#1110 = DIRECTION('',(1.,0.,0.));
#1111 = DEFINITIONAL_REPRESENTATION('',(#1112),#1115);
#1112 = B_SPLINE_CURVE_WITH_KNOTS('',1,(#1113,#1114),.UNSPECIFIED.,.F.,
  .F.,(2,2),(8.904590629958,10.312916742027),.PIECEWISE_BEZIER_KNOTS.);
#1113 = CARTESIAN_POINT('',(2.404163056034,41.85));
#1114 = CARTESIAN_POINT('',(0.995836943966,41.85));
#1115 = ( GEOMETRIC_REPRESENTATION_CONTEXT(2) 
PARAMETRIC_REPRESENTATION_CONTEXT() REPRESENTATION_CONTEXT('2D SPACE',''
  ) );
#1116 = ORIENTED_EDGE('',*,*,#1117,.F.);
#1117 = EDGE_CURVE('',#1118,#1092,#1120,.T.);
#1118 = VERTEX_POINT('',#1119);
#1119 = CARTESIAN_POINT('',(-5.3,20.45,-109.2958369439));
#1120 = SURFACE_CURVE('',#1121,(#1125,#1131),.PCURVE_S1.);
#1121 = LINE('',#1122,#1123);
#1122 = CARTESIAN_POINT('',(-12.72555785054,20.45,-101.8702790934));
#1123 = VECTOR('',#1124,1.);
#1124 = DIRECTION('',(-0.707106781187,0.,0.707106781187));
#1125 = PCURVE('',#132,#1126);
#1126 = DEFINITIONAL_REPRESENTATION('',(#1127),#1130);
#1127 = B_SPLINE_CURVE_WITH_KNOTS('',1,(#1128,#1129),.UNSPECIFIED.,.F.,
  .F.,(2,2),(-10.50132462042,-9.092998508356),.PIECEWISE_BEZIER_KNOTS.);
#1128 = CARTESIAN_POINT('',(-19.21750737198,-45.51973877415));
#1129 = CARTESIAN_POINT('',(-20.21334431595,-44.52390183019));
#1130 = ( GEOMETRIC_REPRESENTATION_CONTEXT(2) 
PARAMETRIC_REPRESENTATION_CONTEXT() REPRESENTATION_CONTEXT('2D SPACE',''
  ) );
#1131 = PCURVE('',#1132,#1137);
#1132 = PLANE('',#1133);
#1133 = AXIS2_PLACEMENT_3D('',#1134,#1135,#1136);
#1134 = CARTESIAN_POINT('',(-7.,-21.4,-107.5958369439));
#1135 = DIRECTION('',(0.707106781187,0.,0.707106781187));
#1136 = DIRECTION('',(0.707106781187,0.,-0.707106781187));
#1137 = DEFINITIONAL_REPRESENTATION('',(#1138),#1141);
#1138 = B_SPLINE_CURVE_WITH_KNOTS('',1,(#1139,#1140),.UNSPECIFIED.,.F.,
  .F.,(2,2),(-10.50132462042,-9.092998508356),.PIECEWISE_BEZIER_KNOTS.);
#1139 = CARTESIAN_POINT('',(2.404163056034,41.85));
#1140 = CARTESIAN_POINT('',(0.995836943966,41.85));
#1141 = ( GEOMETRIC_REPRESENTATION_CONTEXT(2) 
PARAMETRIC_REPRESENTATION_CONTEXT() REPRESENTATION_CONTEXT('2D SPACE',''
  ) );
#1142 = ORIENTED_EDGE('',*,*,#1143,.F.);
#1143 = EDGE_CURVE('',#1144,#1118,#1146,.T.);
#1144 = VERTEX_POINT('',#1145);
#1145 = CARTESIAN_POINT('',(-5.3,20.45,-110.));
#1146 = SURFACE_CURVE('',#1147,(#1151,#1157),.PCURVE_S1.);
#1147 = LINE('',#1148,#1149);
#1148 = CARTESIAN_POINT('',(-5.3,20.45,-86.8880490849));
#1149 = VECTOR('',#1150,1.);
#1150 = DIRECTION('',(-0.,0.,1.));
#1151 = PCURVE('',#132,#1152);
#1152 = DEFINITIONAL_REPRESENTATION('',(#1153),#1156);
#1153 = B_SPLINE_CURVE_WITH_KNOTS('',1,(#1154,#1155),.UNSPECIFIED.,.F.,
  .F.,(2,2),(-23.11195091509,-22.40778785906),.PIECEWISE_BEZIER_KNOTS.);
#1154 = CARTESIAN_POINT('',(-19.21750737198,-46.22390183019));
#1155 = CARTESIAN_POINT('',(-19.21750737198,-45.51973877415));
#1156 = ( GEOMETRIC_REPRESENTATION_CONTEXT(2) 
PARAMETRIC_REPRESENTATION_CONTEXT() REPRESENTATION_CONTEXT('2D SPACE',''
  ) );
#1157 = PCURVE('',#1158,#1163);
#1158 = PLANE('',#1159);
#1159 = AXIS2_PLACEMENT_3D('',#1160,#1161,#1162);
#1160 = CARTESIAN_POINT('',(-5.3,-21.4,-110.));
#1161 = DIRECTION('',(1.,0.,0.));
#1162 = DIRECTION('',(0.,0.,1.));
#1163 = DEFINITIONAL_REPRESENTATION('',(#1164),#1167);
#1164 = B_SPLINE_CURVE_WITH_KNOTS('',1,(#1165,#1166),.UNSPECIFIED.,.F.,
  .F.,(2,2),(-23.11195091509,-22.40778785906),.PIECEWISE_BEZIER_KNOTS.);
#1165 = CARTESIAN_POINT('',(-7.105427357601E-15,-41.85));
#1166 = CARTESIAN_POINT('',(0.704163056034,-41.85));
#1167 = ( GEOMETRIC_REPRESENTATION_CONTEXT(2) 
PARAMETRIC_REPRESENTATION_CONTEXT() REPRESENTATION_CONTEXT('2D SPACE',''
  ) );
#1168 = ORIENTED_EDGE('',*,*,#1169,.F.);
#1169 = EDGE_CURVE('',#1038,#1144,#1170,.T.);
#1170 = SURFACE_CURVE('',#1171,(#1176,#1183),.PCURVE_S1.);
#1171 = CIRCLE('',#1172,1.7);
#1172 = AXIS2_PLACEMENT_3D('',#1173,#1174,#1175);
#1173 = CARTESIAN_POINT('',(-7.,20.45,-110.));
#1174 = DIRECTION('',(0.,-1.,2.22044604925E-16));
#1175 = DIRECTION('',(1.,0.,0.));
#1176 = PCURVE('',#132,#1177);
#1177 = DEFINITIONAL_REPRESENTATION('',(#1178),#1182);
#1178 = CIRCLE('',#1179,1.7);
#1179 = AXIS2_PLACEMENT_2D('',#1180,#1181);
#1180 = CARTESIAN_POINT('',(-20.91750737198,-46.22390183019));
#1181 = DIRECTION('',(1.,0.));
#1182 = ( GEOMETRIC_REPRESENTATION_CONTEXT(2) 
PARAMETRIC_REPRESENTATION_CONTEXT() REPRESENTATION_CONTEXT('2D SPACE',''
  ) );
#1183 = PCURVE('',#1184,#1189);
#1184 = CYLINDRICAL_SURFACE('',#1185,1.7);
#1185 = AXIS2_PLACEMENT_3D('',#1186,#1187,#1188);
#1186 = CARTESIAN_POINT('',(-7.,24.45,-110.));
#1187 = DIRECTION('',(0.,-1.,2.22044604925E-16));
#1188 = DIRECTION('',(1.,0.,0.));
#1189 = DEFINITIONAL_REPRESENTATION('',(#1190),#1194);
#1190 = LINE('',#1191,#1192);
#1191 = CARTESIAN_POINT('',(0.,4.));
#1192 = VECTOR('',#1193,1.);
#1193 = DIRECTION('',(1.,0.));
#1194 = ( GEOMETRIC_REPRESENTATION_CONTEXT(2) 
PARAMETRIC_REPRESENTATION_CONTEXT() REPRESENTATION_CONTEXT('2D SPACE',''
  ) );
#1195 = FACE_BOUND('',#1196,.T.);
#1196 = EDGE_LOOP('',(#1197));
#1197 = ORIENTED_EDGE('',*,*,#1198,.F.);
#1198 = EDGE_CURVE('',#1199,#1199,#1201,.T.);
#1199 = VERTEX_POINT('',#1200);
#1200 = CARTESIAN_POINT('',(3.1,20.45,-110.));
#1201 = SURFACE_CURVE('',#1202,(#1207,#1214),.PCURVE_S1.);
#1202 = CIRCLE('',#1203,3.1);
#1203 = AXIS2_PLACEMENT_3D('',#1204,#1205,#1206);
#1204 = CARTESIAN_POINT('',(0.,20.45,-110.));
#1205 = DIRECTION('',(0.,-1.,2.22044604925E-16));
#1206 = DIRECTION('',(1.,0.,0.));
#1207 = PCURVE('',#132,#1208);
#1208 = DEFINITIONAL_REPRESENTATION('',(#1209),#1213);
#1209 = CIRCLE('',#1210,3.1);
#1210 = AXIS2_PLACEMENT_2D('',#1211,#1212);
#1211 = CARTESIAN_POINT('',(-13.91750737198,-46.22390183019));
#1212 = DIRECTION('',(1.,0.));
#1213 = ( GEOMETRIC_REPRESENTATION_CONTEXT(2) 
PARAMETRIC_REPRESENTATION_CONTEXT() REPRESENTATION_CONTEXT('2D SPACE',''
  ) );
#1214 = PCURVE('',#1215,#1220);
#1215 = CYLINDRICAL_SURFACE('',#1216,3.1);
#1216 = AXIS2_PLACEMENT_3D('',#1217,#1218,#1219);
#1217 = CARTESIAN_POINT('',(0.,24.45,-110.));
#1218 = DIRECTION('',(0.,-1.,2.22044604925E-16));
#1219 = DIRECTION('',(1.,0.,0.));
#1220 = DEFINITIONAL_REPRESENTATION('',(#1221),#1225);
#1221 = LINE('',#1222,#1223);
#1222 = CARTESIAN_POINT('',(0.,4.));
#1223 = VECTOR('',#1224,1.);
#1224 = DIRECTION('',(1.,0.));
#1225 = ( GEOMETRIC_REPRESENTATION_CONTEXT(2) 
PARAMETRIC_REPRESENTATION_CONTEXT() REPRESENTATION_CONTEXT('2D SPACE',''
  ) );
#1226 = FACE_BOUND('',#1227,.T.);
#1227 = EDGE_LOOP('',(#1228,#1256,#1282,#1308,#1334,#1360));
#1228 = ORIENTED_EDGE('',*,*,#1229,.T.);
#1229 = EDGE_CURVE('',#1230,#1232,#1234,.T.);
#1230 = VERTEX_POINT('',#1231);
#1231 = CARTESIAN_POINT('',(5.3,20.45,-110.));
#1232 = VERTEX_POINT('',#1233);
#1233 = CARTESIAN_POINT('',(5.3,20.45,-109.2958369439));
#1234 = SURFACE_CURVE('',#1235,(#1239,#1245),.PCURVE_S1.);
#1235 = LINE('',#1236,#1237);
#1236 = CARTESIAN_POINT('',(5.3,20.45,-86.8880490849));
#1237 = VECTOR('',#1238,1.);
#1238 = DIRECTION('',(-0.,0.,1.));
#1239 = PCURVE('',#132,#1240);
#1240 = DEFINITIONAL_REPRESENTATION('',(#1241),#1244);
#1241 = B_SPLINE_CURVE_WITH_KNOTS('',1,(#1242,#1243),.UNSPECIFIED.,.F.,
  .F.,(2,2),(-23.11195091509,-22.40778785906),.PIECEWISE_BEZIER_KNOTS.);
#1242 = CARTESIAN_POINT('',(-8.617507371985,-46.22390183019));
#1243 = CARTESIAN_POINT('',(-8.617507371985,-45.51973877415));
#1244 = ( GEOMETRIC_REPRESENTATION_CONTEXT(2) 
PARAMETRIC_REPRESENTATION_CONTEXT() REPRESENTATION_CONTEXT('2D SPACE',''
  ) );
#1245 = PCURVE('',#1246,#1251);
#1246 = PLANE('',#1247);
#1247 = AXIS2_PLACEMENT_3D('',#1248,#1249,#1250);
#1248 = CARTESIAN_POINT('',(5.3,-21.4,-110.));
#1249 = DIRECTION('',(1.,0.,0.));
#1250 = DIRECTION('',(0.,0.,1.));
#1251 = DEFINITIONAL_REPRESENTATION('',(#1252),#1255);
#1252 = B_SPLINE_CURVE_WITH_KNOTS('',1,(#1253,#1254),.UNSPECIFIED.,.F.,
  .F.,(2,2),(-23.11195091509,-22.40778785906),.PIECEWISE_BEZIER_KNOTS.);
#1253 = CARTESIAN_POINT('',(0.,-41.85));
#1254 = CARTESIAN_POINT('',(0.704163056034,-41.85));
#1255 = ( GEOMETRIC_REPRESENTATION_CONTEXT(2) 
PARAMETRIC_REPRESENTATION_CONTEXT() REPRESENTATION_CONTEXT('2D SPACE',''
  ) );
#1256 = ORIENTED_EDGE('',*,*,#1257,.T.);
#1257 = EDGE_CURVE('',#1232,#1258,#1260,.T.);
#1258 = VERTEX_POINT('',#1259);
#1259 = CARTESIAN_POINT('',(6.295836943966,20.45,-108.3));
#1260 = SURFACE_CURVE('',#1261,(#1265,#1271),.PCURVE_S1.);
#1261 = LINE('',#1262,#1263);
#1262 = CARTESIAN_POINT('',(18.482230008519,20.45,-96.11360693544));
#1263 = VECTOR('',#1264,1.);
#1264 = DIRECTION('',(0.707106781187,0.,0.707106781187));
#1265 = PCURVE('',#132,#1266);
#1266 = DEFINITIONAL_REPRESENTATION('',(#1267),#1270);
#1267 = B_SPLINE_CURVE_WITH_KNOTS('',1,(#1268,#1269),.UNSPECIFIED.,.F.,
  .F.,(2,2),(-18.64248846036,-17.2341623483),.PIECEWISE_BEZIER_KNOTS.);
#1268 = CARTESIAN_POINT('',(-8.617507371985,-45.51973877415));
#1269 = CARTESIAN_POINT('',(-7.621670428019,-44.52390183019));
#1270 = ( GEOMETRIC_REPRESENTATION_CONTEXT(2) 
PARAMETRIC_REPRESENTATION_CONTEXT() REPRESENTATION_CONTEXT('2D SPACE',''
  ) );
#1271 = PCURVE('',#1272,#1277);
#1272 = PLANE('',#1273);
#1273 = AXIS2_PLACEMENT_3D('',#1274,#1275,#1276);
#1274 = CARTESIAN_POINT('',(4.595836943966,-21.4,-110.));
#1275 = DIRECTION('',(0.707106781187,0.,-0.707106781187));
#1276 = DIRECTION('',(0.707106781187,0.,0.707106781187));
#1277 = DEFINITIONAL_REPRESENTATION('',(#1278),#1281);
#1278 = B_SPLINE_CURVE_WITH_KNOTS('',1,(#1279,#1280),.UNSPECIFIED.,.F.,
  .F.,(2,2),(-18.64248846036,-17.2341623483),.PIECEWISE_BEZIER_KNOTS.);
#1279 = CARTESIAN_POINT('',(0.995836943966,-41.85));
#1280 = CARTESIAN_POINT('',(2.404163056034,-41.85));
#1281 = ( GEOMETRIC_REPRESENTATION_CONTEXT(2) 
PARAMETRIC_REPRESENTATION_CONTEXT() REPRESENTATION_CONTEXT('2D SPACE',''
  ) );
#1282 = ORIENTED_EDGE('',*,*,#1283,.F.);
#1283 = EDGE_CURVE('',#1284,#1258,#1286,.T.);
#1284 = VERTEX_POINT('',#1285);
#1285 = CARTESIAN_POINT('',(7.704163056034,20.45,-108.3));
#1286 = SURFACE_CURVE('',#1287,(#1291,#1297),.PCURVE_S1.);
#1287 = LINE('',#1288,#1289);
#1288 = CARTESIAN_POINT('',(9.608753685992,20.45,-108.3));
#1289 = VECTOR('',#1290,1.);
#1290 = DIRECTION('',(-1.,0.,0.));
#1291 = PCURVE('',#132,#1292);
#1292 = DEFINITIONAL_REPRESENTATION('',(#1293),#1296);
#1293 = B_SPLINE_CURVE_WITH_KNOTS('',1,(#1294,#1295),.UNSPECIFIED.,.F.,
  .F.,(2,2),(1.904590629958,3.312916742027),.PIECEWISE_BEZIER_KNOTS.);
#1294 = CARTESIAN_POINT('',(-6.21334431595,-44.52390183019));
#1295 = CARTESIAN_POINT('',(-7.621670428019,-44.52390183019));
#1296 = ( GEOMETRIC_REPRESENTATION_CONTEXT(2) 
PARAMETRIC_REPRESENTATION_CONTEXT() REPRESENTATION_CONTEXT('2D SPACE',''
  ) );
#1297 = PCURVE('',#1298,#1303);
#1298 = PLANE('',#1299);
#1299 = AXIS2_PLACEMENT_3D('',#1300,#1301,#1302);
#1300 = CARTESIAN_POINT('',(5.3,-21.4,-108.3));
#1301 = DIRECTION('',(0.,0.,1.));
#1302 = DIRECTION('',(1.,0.,0.));
#1303 = DEFINITIONAL_REPRESENTATION('',(#1304),#1307);
#1304 = B_SPLINE_CURVE_WITH_KNOTS('',1,(#1305,#1306),.UNSPECIFIED.,.F.,
  .F.,(2,2),(1.904590629958,3.312916742027),.PIECEWISE_BEZIER_KNOTS.);
#1305 = CARTESIAN_POINT('',(2.404163056034,41.85));
#1306 = CARTESIAN_POINT('',(0.995836943966,41.85));
#1307 = ( GEOMETRIC_REPRESENTATION_CONTEXT(2) 
PARAMETRIC_REPRESENTATION_CONTEXT() REPRESENTATION_CONTEXT('2D SPACE',''
  ) );
#1308 = ORIENTED_EDGE('',*,*,#1309,.F.);
#1309 = EDGE_CURVE('',#1310,#1284,#1312,.T.);
#1310 = VERTEX_POINT('',#1311);
#1311 = CARTESIAN_POINT('',(8.7,20.45,-109.2958369439));
#1312 = SURFACE_CURVE('',#1313,(#1317,#1323),.PCURVE_S1.);
#1313 = LINE('',#1314,#1315);
#1314 = CARTESIAN_POINT('',(-2.225557850543,20.45,-98.37027909342));
#1315 = VECTOR('',#1316,1.);
#1316 = DIRECTION('',(-0.707106781187,0.,0.707106781187));
#1317 = PCURVE('',#132,#1318);
#1318 = DEFINITIONAL_REPRESENTATION('',(#1319),#1322);
#1319 = B_SPLINE_CURVE_WITH_KNOTS('',1,(#1320,#1321),.UNSPECIFIED.,.F.,
  .F.,(2,2),(-15.45107208873,-14.04274597666),.PIECEWISE_BEZIER_KNOTS.);
#1320 = CARTESIAN_POINT('',(-5.217507371985,-45.51973877415));
#1321 = CARTESIAN_POINT('',(-6.21334431595,-44.52390183019));
#1322 = ( GEOMETRIC_REPRESENTATION_CONTEXT(2) 
PARAMETRIC_REPRESENTATION_CONTEXT() REPRESENTATION_CONTEXT('2D SPACE',''
  ) );
#1323 = PCURVE('',#1324,#1329);
#1324 = PLANE('',#1325);
#1325 = AXIS2_PLACEMENT_3D('',#1326,#1327,#1328);
#1326 = CARTESIAN_POINT('',(7.,-21.4,-107.5958369439));
#1327 = DIRECTION('',(0.707106781187,0.,0.707106781187));
#1328 = DIRECTION('',(0.707106781187,0.,-0.707106781187));
#1329 = DEFINITIONAL_REPRESENTATION('',(#1330),#1333);
#1330 = B_SPLINE_CURVE_WITH_KNOTS('',1,(#1331,#1332),.UNSPECIFIED.,.F.,
  .F.,(2,2),(-15.45107208873,-14.04274597666),.PIECEWISE_BEZIER_KNOTS.);
#1331 = CARTESIAN_POINT('',(2.404163056034,41.85));
#1332 = CARTESIAN_POINT('',(0.995836943966,41.85));
#1333 = ( GEOMETRIC_REPRESENTATION_CONTEXT(2) 
PARAMETRIC_REPRESENTATION_CONTEXT() REPRESENTATION_CONTEXT('2D SPACE',''
  ) );
#1334 = ORIENTED_EDGE('',*,*,#1335,.F.);
#1335 = EDGE_CURVE('',#1336,#1310,#1338,.T.);
#1336 = VERTEX_POINT('',#1337);
#1337 = CARTESIAN_POINT('',(8.7,20.45,-110.));
#1338 = SURFACE_CURVE('',#1339,(#1343,#1349),.PCURVE_S1.);
#1339 = LINE('',#1340,#1341);
#1340 = CARTESIAN_POINT('',(8.7,20.45,-86.8880490849));
#1341 = VECTOR('',#1342,1.);
#1342 = DIRECTION('',(-0.,0.,1.));
#1343 = PCURVE('',#132,#1344);
#1344 = DEFINITIONAL_REPRESENTATION('',(#1345),#1348);
#1345 = B_SPLINE_CURVE_WITH_KNOTS('',1,(#1346,#1347),.UNSPECIFIED.,.F.,
  .F.,(2,2),(-23.11195091509,-22.40778785906),.PIECEWISE_BEZIER_KNOTS.);
#1346 = CARTESIAN_POINT('',(-5.217507371985,-46.22390183019));
#1347 = CARTESIAN_POINT('',(-5.217507371985,-45.51973877415));
#1348 = ( GEOMETRIC_REPRESENTATION_CONTEXT(2) 
PARAMETRIC_REPRESENTATION_CONTEXT() REPRESENTATION_CONTEXT('2D SPACE',''
  ) );
#1349 = PCURVE('',#1350,#1355);
#1350 = PLANE('',#1351);
#1351 = AXIS2_PLACEMENT_3D('',#1352,#1353,#1354);
#1352 = CARTESIAN_POINT('',(8.7,-21.4,-110.));
#1353 = DIRECTION('',(1.,0.,0.));
#1354 = DIRECTION('',(0.,0.,1.));
#1355 = DEFINITIONAL_REPRESENTATION('',(#1356),#1359);
#1356 = B_SPLINE_CURVE_WITH_KNOTS('',1,(#1357,#1358),.UNSPECIFIED.,.F.,
  .F.,(2,2),(-23.11195091509,-22.40778785906),.PIECEWISE_BEZIER_KNOTS.);
#1357 = CARTESIAN_POINT('',(-7.105427357601E-15,-41.85));
#1358 = CARTESIAN_POINT('',(0.704163056034,-41.85));
#1359 = ( GEOMETRIC_REPRESENTATION_CONTEXT(2) 
PARAMETRIC_REPRESENTATION_CONTEXT() REPRESENTATION_CONTEXT('2D SPACE',''
  ) );
#1360 = ORIENTED_EDGE('',*,*,#1361,.F.);
#1361 = EDGE_CURVE('',#1230,#1336,#1362,.T.);
#1362 = SURFACE_CURVE('',#1363,(#1368,#1375),.PCURVE_S1.);
#1363 = CIRCLE('',#1364,1.7);
#1364 = AXIS2_PLACEMENT_3D('',#1365,#1366,#1367);
#1365 = CARTESIAN_POINT('',(7.,20.45,-110.));
#1366 = DIRECTION('',(0.,-1.,2.22044604925E-16));
#1367 = DIRECTION('',(1.,0.,0.));
#1368 = PCURVE('',#132,#1369);
#1369 = DEFINITIONAL_REPRESENTATION('',(#1370),#1374);
#1370 = CIRCLE('',#1371,1.7);
#1371 = AXIS2_PLACEMENT_2D('',#1372,#1373);
#1372 = CARTESIAN_POINT('',(-6.917507371985,-46.22390183019));
#1373 = DIRECTION('',(1.,0.));
#1374 = ( GEOMETRIC_REPRESENTATION_CONTEXT(2) 
PARAMETRIC_REPRESENTATION_CONTEXT() REPRESENTATION_CONTEXT('2D SPACE',''
  ) );
#1375 = PCURVE('',#1376,#1381);
#1376 = CYLINDRICAL_SURFACE('',#1377,1.7);
#1377 = AXIS2_PLACEMENT_3D('',#1378,#1379,#1380);
#1378 = CARTESIAN_POINT('',(7.,24.45,-110.));
#1379 = DIRECTION('',(0.,-1.,2.22044604925E-16));
#1380 = DIRECTION('',(1.,0.,0.));
#1381 = DEFINITIONAL_REPRESENTATION('',(#1382),#1386);
#1382 = LINE('',#1383,#1384);
#1383 = CARTESIAN_POINT('',(0.,4.));
#1384 = VECTOR('',#1385,1.);
#1385 = DIRECTION('',(1.,0.));
#1386 = ( GEOMETRIC_REPRESENTATION_CONTEXT(2) 
PARAMETRIC_REPRESENTATION_CONTEXT() REPRESENTATION_CONTEXT('2D SPACE',''
  ) );
#1387 = FACE_BOUND('',#1388,.T.);
#1388 = EDGE_LOOP('',(#1389,#1417,#1443,#1469,#1495,#1521));
#1389 = ORIENTED_EDGE('',*,*,#1390,.T.);
#1390 = EDGE_CURVE('',#1391,#1393,#1395,.T.);
#1391 = VERTEX_POINT('',#1392);
#1392 = CARTESIAN_POINT('',(-1.7,20.45,-103.));
#1393 = VERTEX_POINT('',#1394);
#1394 = CARTESIAN_POINT('',(-1.7,20.45,-102.2958369439));
#1395 = SURFACE_CURVE('',#1396,(#1400,#1406),.PCURVE_S1.);
#1396 = LINE('',#1397,#1398);
#1397 = CARTESIAN_POINT('',(-1.7,20.45,-83.3880490849));
#1398 = VECTOR('',#1399,1.);
#1399 = DIRECTION('',(-0.,0.,1.));
#1400 = PCURVE('',#132,#1401);
#1401 = DEFINITIONAL_REPRESENTATION('',(#1402),#1405);
#1402 = B_SPLINE_CURVE_WITH_KNOTS('',1,(#1403,#1404),.UNSPECIFIED.,.F.,
  .F.,(2,2),(-19.61195091509,-18.90778785906),.PIECEWISE_BEZIER_KNOTS.);
#1403 = CARTESIAN_POINT('',(-15.61750737198,-39.22390183019));
#1404 = CARTESIAN_POINT('',(-15.61750737198,-38.51973877415));
#1405 = ( GEOMETRIC_REPRESENTATION_CONTEXT(2) 
PARAMETRIC_REPRESENTATION_CONTEXT() REPRESENTATION_CONTEXT('2D SPACE',''
  ) );
#1406 = PCURVE('',#1407,#1412);
#1407 = PLANE('',#1408);
#1408 = AXIS2_PLACEMENT_3D('',#1409,#1410,#1411);
#1409 = CARTESIAN_POINT('',(-1.7,-21.4,-103.));
#1410 = DIRECTION('',(1.,0.,0.));
#1411 = DIRECTION('',(0.,0.,1.));
#1412 = DEFINITIONAL_REPRESENTATION('',(#1413),#1416);
#1413 = B_SPLINE_CURVE_WITH_KNOTS('',1,(#1414,#1415),.UNSPECIFIED.,.F.,
  .F.,(2,2),(-19.61195091509,-18.90778785906),.PIECEWISE_BEZIER_KNOTS.);
#1414 = CARTESIAN_POINT('',(0.,-41.85));
#1415 = CARTESIAN_POINT('',(0.704163056034,-41.85));
#1416 = ( GEOMETRIC_REPRESENTATION_CONTEXT(2) 
PARAMETRIC_REPRESENTATION_CONTEXT() REPRESENTATION_CONTEXT('2D SPACE',''
  ) );
#1417 = ORIENTED_EDGE('',*,*,#1418,.T.);
#1418 = EDGE_CURVE('',#1393,#1419,#1421,.T.);
#1419 = VERTEX_POINT('',#1420);
#1420 = CARTESIAN_POINT('',(-0.704163056034,20.45,-101.3));
#1421 = SURFACE_CURVE('',#1422,(#1426,#1432),.PCURVE_S1.);
#1422 = LINE('',#1423,#1424);
#1423 = CARTESIAN_POINT('',(11.482230008519,20.45,-89.11360693544));
#1424 = VECTOR('',#1425,1.);
#1425 = DIRECTION('',(0.707106781187,0.,0.707106781187));
#1426 = PCURVE('',#132,#1427);
#1427 = DEFINITIONAL_REPRESENTATION('',(#1428),#1431);
#1428 = B_SPLINE_CURVE_WITH_KNOTS('',1,(#1429,#1430),.UNSPECIFIED.,.F.,
  .F.,(2,2),(-18.64248846036,-17.2341623483),.PIECEWISE_BEZIER_KNOTS.);
#1429 = CARTESIAN_POINT('',(-15.61750737198,-38.51973877415));
#1430 = CARTESIAN_POINT('',(-14.62167042801,-37.52390183019));
#1431 = ( GEOMETRIC_REPRESENTATION_CONTEXT(2) 
PARAMETRIC_REPRESENTATION_CONTEXT() REPRESENTATION_CONTEXT('2D SPACE',''
  ) );
#1432 = PCURVE('',#1433,#1438);
#1433 = PLANE('',#1434);
#1434 = AXIS2_PLACEMENT_3D('',#1435,#1436,#1437);
#1435 = CARTESIAN_POINT('',(-2.404163056034,-21.4,-103.));
#1436 = DIRECTION('',(0.707106781187,0.,-0.707106781187));
#1437 = DIRECTION('',(0.707106781187,0.,0.707106781187));
#1438 = DEFINITIONAL_REPRESENTATION('',(#1439),#1442);
#1439 = B_SPLINE_CURVE_WITH_KNOTS('',1,(#1440,#1441),.UNSPECIFIED.,.F.,
  .F.,(2,2),(-18.64248846036,-17.2341623483),.PIECEWISE_BEZIER_KNOTS.);
#1440 = CARTESIAN_POINT('',(0.995836943966,-41.85));
#1441 = CARTESIAN_POINT('',(2.404163056034,-41.85));
#1442 = ( GEOMETRIC_REPRESENTATION_CONTEXT(2) 
PARAMETRIC_REPRESENTATION_CONTEXT() REPRESENTATION_CONTEXT('2D SPACE',''
  ) );
#1443 = ORIENTED_EDGE('',*,*,#1444,.F.);
#1444 = EDGE_CURVE('',#1445,#1419,#1447,.T.);
#1445 = VERTEX_POINT('',#1446);
#1446 = CARTESIAN_POINT('',(0.704163056034,20.45,-101.3));
#1447 = SURFACE_CURVE('',#1448,(#1452,#1458),.PCURVE_S1.);
#1448 = LINE('',#1449,#1450);
#1449 = CARTESIAN_POINT('',(6.108753685992,20.45,-101.3));
#1450 = VECTOR('',#1451,1.);
#1451 = DIRECTION('',(-1.,0.,0.));
#1452 = PCURVE('',#132,#1453);
#1453 = DEFINITIONAL_REPRESENTATION('',(#1454),#1457);
#1454 = B_SPLINE_CURVE_WITH_KNOTS('',1,(#1455,#1456),.UNSPECIFIED.,.F.,
  .F.,(2,2),(5.404590629958,6.812916742027),.PIECEWISE_BEZIER_KNOTS.);
#1455 = CARTESIAN_POINT('',(-13.21334431595,-37.52390183019));
#1456 = CARTESIAN_POINT('',(-14.62167042801,-37.52390183019));
#1457 = ( GEOMETRIC_REPRESENTATION_CONTEXT(2) 
PARAMETRIC_REPRESENTATION_CONTEXT() REPRESENTATION_CONTEXT('2D SPACE',''
  ) );
#1458 = PCURVE('',#1459,#1464);
#1459 = PLANE('',#1460);
#1460 = AXIS2_PLACEMENT_3D('',#1461,#1462,#1463);
#1461 = CARTESIAN_POINT('',(-1.7,-21.4,-101.3));
#1462 = DIRECTION('',(0.,0.,1.));
#1463 = DIRECTION('',(1.,0.,0.));
#1464 = DEFINITIONAL_REPRESENTATION('',(#1465),#1468);
#1465 = B_SPLINE_CURVE_WITH_KNOTS('',1,(#1466,#1467),.UNSPECIFIED.,.F.,
  .F.,(2,2),(5.404590629958,6.812916742027),.PIECEWISE_BEZIER_KNOTS.);
#1466 = CARTESIAN_POINT('',(2.404163056034,41.85));
#1467 = CARTESIAN_POINT('',(0.995836943966,41.85));
#1468 = ( GEOMETRIC_REPRESENTATION_CONTEXT(2) 
PARAMETRIC_REPRESENTATION_CONTEXT() REPRESENTATION_CONTEXT('2D SPACE',''
  ) );
#1469 = ORIENTED_EDGE('',*,*,#1470,.F.);
#1470 = EDGE_CURVE('',#1471,#1445,#1473,.T.);
#1471 = VERTEX_POINT('',#1472);
#1472 = CARTESIAN_POINT('',(1.7,20.45,-102.2958369439));
#1473 = SURFACE_CURVE('',#1474,(#1478,#1484),.PCURVE_S1.);
#1474 = LINE('',#1475,#1476);
#1475 = CARTESIAN_POINT('',(-5.725557850543,20.45,-94.87027909342));
#1476 = VECTOR('',#1477,1.);
#1477 = DIRECTION('',(-0.707106781187,0.,0.707106781187));
#1478 = PCURVE('',#132,#1479);
#1479 = DEFINITIONAL_REPRESENTATION('',(#1480),#1483);
#1480 = B_SPLINE_CURVE_WITH_KNOTS('',1,(#1481,#1482),.UNSPECIFIED.,.F.,
  .F.,(2,2),(-10.50132462042,-9.092998508356),.PIECEWISE_BEZIER_KNOTS.);
#1481 = CARTESIAN_POINT('',(-12.21750737198,-38.51973877415));
#1482 = CARTESIAN_POINT('',(-13.21334431595,-37.52390183019));
#1483 = ( GEOMETRIC_REPRESENTATION_CONTEXT(2) 
PARAMETRIC_REPRESENTATION_CONTEXT() REPRESENTATION_CONTEXT('2D SPACE',''
  ) );
#1484 = PCURVE('',#1485,#1490);
#1485 = PLANE('',#1486);
#1486 = AXIS2_PLACEMENT_3D('',#1487,#1488,#1489);
#1487 = CARTESIAN_POINT('',(4.440892098501E-16,-21.4,-100.5958369439));
#1488 = DIRECTION('',(0.707106781187,0.,0.707106781187));
#1489 = DIRECTION('',(0.707106781187,0.,-0.707106781187));
#1490 = DEFINITIONAL_REPRESENTATION('',(#1491),#1494);
#1491 = B_SPLINE_CURVE_WITH_KNOTS('',1,(#1492,#1493),.UNSPECIFIED.,.F.,
  .F.,(2,2),(-10.50132462042,-9.092998508356),.PIECEWISE_BEZIER_KNOTS.);
#1492 = CARTESIAN_POINT('',(2.404163056034,41.85));
#1493 = CARTESIAN_POINT('',(0.995836943966,41.85));
#1494 = ( GEOMETRIC_REPRESENTATION_CONTEXT(2) 
PARAMETRIC_REPRESENTATION_CONTEXT() REPRESENTATION_CONTEXT('2D SPACE',''
  ) );
#1495 = ORIENTED_EDGE('',*,*,#1496,.F.);
#1496 = EDGE_CURVE('',#1497,#1471,#1499,.T.);
#1497 = VERTEX_POINT('',#1498);
#1498 = CARTESIAN_POINT('',(1.7,20.45,-103.));
#1499 = SURFACE_CURVE('',#1500,(#1504,#1510),.PCURVE_S1.);
#1500 = LINE('',#1501,#1502);
#1501 = CARTESIAN_POINT('',(1.7,20.45,-83.3880490849));
#1502 = VECTOR('',#1503,1.);
#1503 = DIRECTION('',(-0.,0.,1.));
#1504 = PCURVE('',#132,#1505);
#1505 = DEFINITIONAL_REPRESENTATION('',(#1506),#1509);
#1506 = B_SPLINE_CURVE_WITH_KNOTS('',1,(#1507,#1508),.UNSPECIFIED.,.F.,
  .F.,(2,2),(-19.61195091509,-18.90778785906),.PIECEWISE_BEZIER_KNOTS.);
#1507 = CARTESIAN_POINT('',(-12.21750737198,-39.22390183019));
#1508 = CARTESIAN_POINT('',(-12.21750737198,-38.51973877415));
#1509 = ( GEOMETRIC_REPRESENTATION_CONTEXT(2) 
PARAMETRIC_REPRESENTATION_CONTEXT() REPRESENTATION_CONTEXT('2D SPACE',''
  ) );
#1510 = PCURVE('',#1511,#1516);
#1511 = PLANE('',#1512);
#1512 = AXIS2_PLACEMENT_3D('',#1513,#1514,#1515);
#1513 = CARTESIAN_POINT('',(1.7,-21.4,-103.));
#1514 = DIRECTION('',(1.,0.,0.));
#1515 = DIRECTION('',(0.,0.,1.));
#1516 = DEFINITIONAL_REPRESENTATION('',(#1517),#1520);
#1517 = B_SPLINE_CURVE_WITH_KNOTS('',1,(#1518,#1519),.UNSPECIFIED.,.F.,
  .F.,(2,2),(-19.61195091509,-18.90778785906),.PIECEWISE_BEZIER_KNOTS.);
#1518 = CARTESIAN_POINT('',(-7.105427357601E-15,-41.85));
#1519 = CARTESIAN_POINT('',(0.704163056034,-41.85));
#1520 = ( GEOMETRIC_REPRESENTATION_CONTEXT(2) 
PARAMETRIC_REPRESENTATION_CONTEXT() REPRESENTATION_CONTEXT('2D SPACE',''
  ) );
#1521 = ORIENTED_EDGE('',*,*,#1522,.F.);
#1522 = EDGE_CURVE('',#1391,#1497,#1523,.T.);
#1523 = SURFACE_CURVE('',#1524,(#1529,#1536),.PCURVE_S1.);
#1524 = CIRCLE('',#1525,1.7);
#1525 = AXIS2_PLACEMENT_3D('',#1526,#1527,#1528);
#1526 = CARTESIAN_POINT('',(0.,20.45,-103.));
#1527 = DIRECTION('',(0.,-1.,2.22044604925E-16));
#1528 = DIRECTION('',(1.,0.,0.));
#1529 = PCURVE('',#132,#1530);
#1530 = DEFINITIONAL_REPRESENTATION('',(#1531),#1535);
#1531 = CIRCLE('',#1532,1.7);
#1532 = AXIS2_PLACEMENT_2D('',#1533,#1534);
#1533 = CARTESIAN_POINT('',(-13.91750737198,-39.22390183019));
#1534 = DIRECTION('',(1.,0.));
#1535 = ( GEOMETRIC_REPRESENTATION_CONTEXT(2) 
PARAMETRIC_REPRESENTATION_CONTEXT() REPRESENTATION_CONTEXT('2D SPACE',''
  ) );
#1536 = PCURVE('',#1537,#1542);
#1537 = CYLINDRICAL_SURFACE('',#1538,1.7);
#1538 = AXIS2_PLACEMENT_3D('',#1539,#1540,#1541);
#1539 = CARTESIAN_POINT('',(0.,24.45,-103.));
#1540 = DIRECTION('',(0.,-1.,2.22044604925E-16));
#1541 = DIRECTION('',(1.,0.,0.));
#1542 = DEFINITIONAL_REPRESENTATION('',(#1543),#1547);
#1543 = LINE('',#1544,#1545);
#1544 = CARTESIAN_POINT('',(0.,4.));
#1545 = VECTOR('',#1546,1.);
#1546 = DIRECTION('',(1.,0.));
#1547 = ( GEOMETRIC_REPRESENTATION_CONTEXT(2) 
PARAMETRIC_REPRESENTATION_CONTEXT() REPRESENTATION_CONTEXT('2D SPACE',''
  ) );
#1548 = ADVANCED_FACE('',(#1549),#106,.T.);
#1549 = FACE_BOUND('',#1550,.T.);
#1550 = EDGE_LOOP('',(#1551,#1552,#1553,#1574));
#1551 = ORIENTED_EDGE('',*,*,#90,.T.);
#1552 = ORIENTED_EDGE('',*,*,#673,.F.);
#1553 = ORIENTED_EDGE('',*,*,#1554,.F.);
#1554 = EDGE_CURVE('',#590,#674,#1555,.T.);
#1555 = SURFACE_CURVE('',#1556,(#1560,#1567),.PCURVE_S1.);
#1556 = LINE('',#1557,#1558);
#1557 = CARTESIAN_POINT('',(12.,24.45,-104.));
#1558 = VECTOR('',#1559,1.);
#1559 = DIRECTION('',(0.,-1.,0.));
#1560 = PCURVE('',#106,#1561);
#1561 = DEFINITIONAL_REPRESENTATION('',(#1562),#1566);
#1562 = LINE('',#1563,#1564);
#1563 = CARTESIAN_POINT('',(6.,-4.));
#1564 = VECTOR('',#1565,1.);
#1565 = DIRECTION('',(0.,1.));
#1566 = ( GEOMETRIC_REPRESENTATION_CONTEXT(2) 
PARAMETRIC_REPRESENTATION_CONTEXT() REPRESENTATION_CONTEXT('2D SPACE',''
  ) );
#1567 = PCURVE('',#632,#1568);
#1568 = DEFINITIONAL_REPRESENTATION('',(#1569),#1573);
#1569 = LINE('',#1570,#1571);
#1570 = CARTESIAN_POINT('',(-0.,0.));
#1571 = VECTOR('',#1572,1.);
#1572 = DIRECTION('',(0.,-1.));
#1573 = ( GEOMETRIC_REPRESENTATION_CONTEXT(2) 
PARAMETRIC_REPRESENTATION_CONTEXT() REPRESENTATION_CONTEXT('2D SPACE',''
  ) );
#1574 = ORIENTED_EDGE('',*,*,#589,.T.);
#1575 = ADVANCED_FACE('',(#1576),#164,.F.);
#1576 = FACE_BOUND('',#1577,.F.);
#1577 = EDGE_LOOP('',(#1578,#1579,#1602,#1630));
#1578 = ORIENTED_EDGE('',*,*,#147,.T.);
#1579 = ORIENTED_EDGE('',*,*,#1580,.F.);
#1580 = EDGE_CURVE('',#1581,#150,#1583,.T.);
#1581 = VERTEX_POINT('',#1582);
#1582 = CARTESIAN_POINT('',(12.,-17.4,-92.5));
#1583 = SURFACE_CURVE('',#1584,(#1588,#1595),.PCURVE_S1.);
#1584 = LINE('',#1585,#1586);
#1585 = CARTESIAN_POINT('',(12.,-17.4,-92.5));
#1586 = VECTOR('',#1587,1.);
#1587 = DIRECTION('',(0.529998940003,0.,0.847998304005));
#1588 = PCURVE('',#164,#1589);
#1589 = DEFINITIONAL_REPRESENTATION('',(#1590),#1594);
#1590 = LINE('',#1591,#1592);
#1591 = CARTESIAN_POINT('',(0.,0.));
#1592 = VECTOR('',#1593,1.);
#1593 = DIRECTION('',(1.,0.));
#1594 = ( GEOMETRIC_REPRESENTATION_CONTEXT(2) 
PARAMETRIC_REPRESENTATION_CONTEXT() REPRESENTATION_CONTEXT('2D SPACE',''
  ) );
#1595 = PCURVE('',#400,#1596);
#1596 = DEFINITIONAL_REPRESENTATION('',(#1597),#1601);
#1597 = LINE('',#1598,#1599);
#1598 = CARTESIAN_POINT('',(-1.917507371985,-28.72390183019));
#1599 = VECTOR('',#1600,1.);
#1600 = DIRECTION('',(0.529998940003,0.847998304005));
#1601 = ( GEOMETRIC_REPRESENTATION_CONTEXT(2) 
PARAMETRIC_REPRESENTATION_CONTEXT() REPRESENTATION_CONTEXT('2D SPACE',''
  ) );
#1602 = ORIENTED_EDGE('',*,*,#1603,.T.);
#1603 = EDGE_CURVE('',#1581,#1604,#1606,.T.);
#1604 = VERTEX_POINT('',#1605);
#1605 = CARTESIAN_POINT('',(12.,-20.31084514111,-92.5));
#1606 = SURFACE_CURVE('',#1607,(#1611,#1618),.PCURVE_S1.);
#1607 = LINE('',#1608,#1609);
#1608 = CARTESIAN_POINT('',(12.,-17.4,-92.5));
#1609 = VECTOR('',#1610,1.);
#1610 = DIRECTION('',(0.,-1.,0.));
#1611 = PCURVE('',#164,#1612);
#1612 = DEFINITIONAL_REPRESENTATION('',(#1613),#1617);
#1613 = LINE('',#1614,#1615);
#1614 = CARTESIAN_POINT('',(0.,0.));
#1615 = VECTOR('',#1616,1.);
#1616 = DIRECTION('',(0.,-1.));
#1617 = ( GEOMETRIC_REPRESENTATION_CONTEXT(2) 
PARAMETRIC_REPRESENTATION_CONTEXT() REPRESENTATION_CONTEXT('2D SPACE',''
  ) );
#1618 = PCURVE('',#1619,#1624);
#1619 = PLANE('',#1620);
#1620 = AXIS2_PLACEMENT_3D('',#1621,#1622,#1623);
#1621 = CARTESIAN_POINT('',(12.,-20.4,-110.));
#1622 = DIRECTION('',(1.,0.,-0.));
#1623 = DIRECTION('',(0.,0.,1.));
#1624 = DEFINITIONAL_REPRESENTATION('',(#1625),#1629);
#1625 = LINE('',#1626,#1627);
#1626 = CARTESIAN_POINT('',(17.5,-3.));
#1627 = VECTOR('',#1628,1.);
#1628 = DIRECTION('',(0.,1.));
#1629 = ( GEOMETRIC_REPRESENTATION_CONTEXT(2) 
PARAMETRIC_REPRESENTATION_CONTEXT() REPRESENTATION_CONTEXT('2D SPACE',''
  ) );
#1630 = ORIENTED_EDGE('',*,*,#1631,.F.);
#1631 = EDGE_CURVE('',#148,#1604,#1632,.T.);
#1632 = SURFACE_CURVE('',#1633,(#1638,#1649),.PCURVE_S1.);
#1633 = ELLIPSE('',#1634,9.433981132057,5.);
#1634 = AXIS2_PLACEMENT_3D('',#1635,#1636,#1637);
#1635 = CARTESIAN_POINT('',(11.06,-15.4,-94.004));
#1636 = DIRECTION('',(0.847998304005,0.,-0.529998940003));
#1637 = DIRECTION('',(0.529998940003,0.,0.847998304005));
#1638 = PCURVE('',#164,#1639);
#1639 = DEFINITIONAL_REPRESENTATION('',(#1640),#1648);
#1640 = ( BOUNDED_CURVE() B_SPLINE_CURVE(2,(#1641,#1642,#1643,#1644,
#1645,#1646,#1647),.UNSPECIFIED.,.T.,.F.) B_SPLINE_CURVE_WITH_KNOTS((1,2
    ,2,2,2,1),(-2.094395102393,0.,2.094395102393,4.188790204786,
6.28318530718,8.377580409573),.UNSPECIFIED.) CURVE() 
GEOMETRIC_REPRESENTATION_ITEM() RATIONAL_B_SPLINE_CURVE((1.,0.5,1.,0.5,
1.,0.5,1.)) REPRESENTATION_ITEM('') );
#1641 = CARTESIAN_POINT('',(7.66039267923,2.));
#1642 = CARTESIAN_POINT('',(7.66039267923,-6.660254037844));
#1643 = CARTESIAN_POINT('',(-6.490579018855,-2.330127018922));
#1644 = CARTESIAN_POINT('',(-20.64155071694,2.));
#1645 = CARTESIAN_POINT('',(-6.490579018855,6.330127018922));
#1646 = CARTESIAN_POINT('',(7.66039267923,10.660254037844));
#1647 = CARTESIAN_POINT('',(7.66039267923,2.));
#1648 = ( GEOMETRIC_REPRESENTATION_CONTEXT(2) 
PARAMETRIC_REPRESENTATION_CONTEXT() REPRESENTATION_CONTEXT('2D SPACE',''
  ) );
#1649 = PCURVE('',#191,#1650);
#1650 = DEFINITIONAL_REPRESENTATION('',(#1651),#1658);
#1651 = B_SPLINE_CURVE_WITH_KNOTS('',5,(#1652,#1653,#1654,#1655,#1656,
    #1657),.UNSPECIFIED.,.F.,.F.,(6,6),(1.07014161439,1.381670888055),
  .PIECEWISE_BEZIER_KNOTS.);
#1652 = CARTESIAN_POINT('',(-1.07014161439,2.336));
#1653 = CARTESIAN_POINT('',(-1.132447469123,1.89872829621));
#1654 = CARTESIAN_POINT('',(-1.194753323856,1.442822977389));
#1655 = CARTESIAN_POINT('',(-1.257059178589,0.971819967415));
#1656 = CARTESIAN_POINT('',(-1.319365033322,0.489559046365));
#1657 = CARTESIAN_POINT('',(-1.381670888055,0.));
#1658 = ( GEOMETRIC_REPRESENTATION_CONTEXT(2) 
PARAMETRIC_REPRESENTATION_CONTEXT() REPRESENTATION_CONTEXT('2D SPACE',''
  ) );
#1659 = ADVANCED_FACE('',(#1660),#191,.T.);
#1660 = FACE_BOUND('',#1661,.F.);
#1661 = EDGE_LOOP('',(#1662,#1695,#1721,#1722,#1723,#1746,#1778,#1806,
    #1873,#1901,#1925));
#1662 = ORIENTED_EDGE('',*,*,#1663,.T.);
#1663 = EDGE_CURVE('',#1664,#1666,#1668,.T.);
#1664 = VERTEX_POINT('',#1665);
#1665 = CARTESIAN_POINT('',(16.06,-15.4,-89.3));
#1666 = VERTEX_POINT('',#1667);
#1667 = CARTESIAN_POINT('',(15.642575694956,-17.4,-92.5));
#1668 = SURFACE_CURVE('',#1669,(#1674,#1684),.PCURVE_S1.);
#1669 = ELLIPSE('',#1670,9.433981132057,5.);
#1670 = AXIS2_PLACEMENT_3D('',#1671,#1672,#1673);
#1671 = CARTESIAN_POINT('',(11.06,-15.4,-89.3));
#1672 = DIRECTION('',(-0.,0.847998304005,-0.529998940003));
#1673 = DIRECTION('',(0.,0.529998940003,0.847998304005));
#1674 = PCURVE('',#191,#1675);
#1675 = DEFINITIONAL_REPRESENTATION('',(#1676),#1683);
#1676 = B_SPLINE_CURVE_WITH_KNOTS('',5,(#1677,#1678,#1679,#1680,#1681,
    #1682),.UNSPECIFIED.,.F.,.F.,(6,6),(1.570796326795,1.982313172862),
  .PIECEWISE_BEZIER_KNOTS.);
#1677 = CARTESIAN_POINT('',(0.,3.2));
#1678 = CARTESIAN_POINT('',(-8.23033692135E-02,2.541573046292));
#1679 = CARTESIAN_POINT('',(-0.164606738427,1.883145878504));
#1680 = CARTESIAN_POINT('',(-0.24691010764,1.234011652843));
#1681 = CARTESIAN_POINT('',(-0.329213476854,0.603458270993));
#1682 = CARTESIAN_POINT('',(-0.411516846067,0.));
#1683 = ( GEOMETRIC_REPRESENTATION_CONTEXT(2) 
PARAMETRIC_REPRESENTATION_CONTEXT() REPRESENTATION_CONTEXT('2D SPACE',''
  ) );
#1684 = PCURVE('',#247,#1685);
#1685 = DEFINITIONAL_REPRESENTATION('',(#1686),#1694);
#1686 = ( BOUNDED_CURVE() B_SPLINE_CURVE(2,(#1687,#1688,#1689,#1690,
#1691,#1692,#1693),.UNSPECIFIED.,.T.,.F.) B_SPLINE_CURVE_WITH_KNOTS((1,2
    ,2,2,2,1),(-2.094395102393,0.,2.094395102393,4.188790204786,
6.28318530718,8.377580409573),.UNSPECIFIED.) CURVE() 
GEOMETRIC_REPRESENTATION_ITEM() RATIONAL_B_SPLINE_CURVE((1.,0.5,1.,0.5,
1.,0.5,1.)) REPRESENTATION_ITEM('') );
#1687 = CARTESIAN_POINT('',(13.207573584879,2.4));
#1688 = CARTESIAN_POINT('',(13.207573584879,-6.260254037844));
#1689 = CARTESIAN_POINT('',(-0.943398113206,-1.930127018922));
#1690 = CARTESIAN_POINT('',(-15.09436981129,2.4));
#1691 = CARTESIAN_POINT('',(-0.943398113206,6.730127018922));
#1692 = CARTESIAN_POINT('',(13.207573584879,11.060254037844));
#1693 = CARTESIAN_POINT('',(13.207573584879,2.4));
#1694 = ( GEOMETRIC_REPRESENTATION_CONTEXT(2) 
PARAMETRIC_REPRESENTATION_CONTEXT() REPRESENTATION_CONTEXT('2D SPACE',''
  ) );
#1695 = ORIENTED_EDGE('',*,*,#1696,.T.);
#1696 = EDGE_CURVE('',#1666,#176,#1697,.T.);
#1697 = SURFACE_CURVE('',#1698,(#1703,#1710),.PCURVE_S1.);
#1698 = CIRCLE('',#1699,5.);
#1699 = AXIS2_PLACEMENT_3D('',#1700,#1701,#1702);
#1700 = CARTESIAN_POINT('',(11.06,-15.4,-92.5));
#1701 = DIRECTION('',(-0.,-0.,-1.));
#1702 = DIRECTION('',(0.,-1.,0.));
#1703 = PCURVE('',#191,#1704);
#1704 = DEFINITIONAL_REPRESENTATION('',(#1705),#1709);
#1705 = LINE('',#1706,#1707);
#1706 = CARTESIAN_POINT('',(4.712388980385,-0.));
#1707 = VECTOR('',#1708,1.);
#1708 = DIRECTION('',(-1.,0.));
#1709 = ( GEOMETRIC_REPRESENTATION_CONTEXT(2) 
PARAMETRIC_REPRESENTATION_CONTEXT() REPRESENTATION_CONTEXT('2D SPACE',''
  ) );
#1710 = PCURVE('',#219,#1711);
#1711 = DEFINITIONAL_REPRESENTATION('',(#1712),#1720);
#1712 = ( BOUNDED_CURVE() B_SPLINE_CURVE(2,(#1713,#1714,#1715,#1716,
#1717,#1718,#1719),.UNSPECIFIED.,.T.,.F.) B_SPLINE_CURVE_WITH_KNOTS((1,2
    ,2,2,2,1),(-2.094395102393,0.,2.094395102393,4.188790204786,
6.28318530718,8.377580409573),.UNSPECIFIED.) CURVE() 
GEOMETRIC_REPRESENTATION_ITEM() RATIONAL_B_SPLINE_CURVE((1.,0.5,1.,0.5,
1.,0.5,1.)) REPRESENTATION_ITEM('') );
#1713 = CARTESIAN_POINT('',(0.,2.4));
#1714 = CARTESIAN_POINT('',(0.,11.060254037844));
#1715 = CARTESIAN_POINT('',(7.5,6.730127018922));
#1716 = CARTESIAN_POINT('',(15.,2.4));
#1717 = CARTESIAN_POINT('',(7.5,-1.930127018922));
#1718 = CARTESIAN_POINT('',(7.993605777301E-15,-6.260254037844));
#1719 = CARTESIAN_POINT('',(0.,2.4));
#1720 = ( GEOMETRIC_REPRESENTATION_CONTEXT(2) 
PARAMETRIC_REPRESENTATION_CONTEXT() REPRESENTATION_CONTEXT('2D SPACE',''
  ) );
#1721 = ORIENTED_EDGE('',*,*,#175,.T.);
#1722 = ORIENTED_EDGE('',*,*,#1631,.T.);
#1723 = ORIENTED_EDGE('',*,*,#1724,.T.);
#1724 = EDGE_CURVE('',#1604,#1725,#1727,.T.);
#1725 = VERTEX_POINT('',#1726);
#1726 = CARTESIAN_POINT('',(12.,-20.31084514111,-104.));
#1727 = SURFACE_CURVE('',#1728,(#1732,#1739),.PCURVE_S1.);
#1728 = LINE('',#1729,#1730);
#1729 = CARTESIAN_POINT('',(12.,-20.31084514111,-92.5));
#1730 = VECTOR('',#1731,1.);
#1731 = DIRECTION('',(-0.,-0.,-1.));
#1732 = PCURVE('',#191,#1733);
#1733 = DEFINITIONAL_REPRESENTATION('',(#1734),#1738);
#1734 = LINE('',#1735,#1736);
#1735 = CARTESIAN_POINT('',(-1.381670888055,0.));
#1736 = VECTOR('',#1737,1.);
#1737 = DIRECTION('',(-0.,-1.));
#1738 = ( GEOMETRIC_REPRESENTATION_CONTEXT(2) 
PARAMETRIC_REPRESENTATION_CONTEXT() REPRESENTATION_CONTEXT('2D SPACE',''
  ) );
#1739 = PCURVE('',#1619,#1740);
#1740 = DEFINITIONAL_REPRESENTATION('',(#1741),#1745);
#1741 = LINE('',#1742,#1743);
#1742 = CARTESIAN_POINT('',(17.5,-8.91548588863E-02));
#1743 = VECTOR('',#1744,1.);
#1744 = DIRECTION('',(-1.,0.));
#1745 = ( GEOMETRIC_REPRESENTATION_CONTEXT(2) 
PARAMETRIC_REPRESENTATION_CONTEXT() REPRESENTATION_CONTEXT('2D SPACE',''
  ) );
#1746 = ORIENTED_EDGE('',*,*,#1747,.T.);
#1747 = EDGE_CURVE('',#1725,#1748,#1750,.T.);
#1748 = VERTEX_POINT('',#1749);
#1749 = CARTESIAN_POINT('',(11.06,-20.4,-106.82));
#1750 = SURFACE_CURVE('',#1751,(#1756,#1766),.PCURVE_S1.);
#1751 = ELLIPSE('',#1752,15.811388300842,5.);
#1752 = AXIS2_PLACEMENT_3D('',#1753,#1754,#1755);
#1753 = CARTESIAN_POINT('',(11.06,-15.4,-106.82));
#1754 = DIRECTION('',(0.948683298051,0.,-0.316227766017));
#1755 = DIRECTION('',(0.316227766017,0.,0.948683298051));
#1756 = PCURVE('',#191,#1757);
#1757 = DEFINITIONAL_REPRESENTATION('',(#1758),#1765);
#1758 = B_SPLINE_CURVE_WITH_KNOTS('',5,(#1759,#1760,#1761,#1762,#1763,
    #1764),.UNSPECIFIED.,.F.,.F.,(6,6),(1.381670888055,1.570796326795),
  .PIECEWISE_BEZIER_KNOTS.);
#1759 = CARTESIAN_POINT('',(-1.381670888055,-11.5));
#1760 = CARTESIAN_POINT('',(-1.419495975803,-12.05725944513));
#1761 = CARTESIAN_POINT('',(-1.457321063551,-12.61956223694));
#1762 = CARTESIAN_POINT('',(-1.495146151299,-13.18524736581));
#1763 = CARTESIAN_POINT('',(-1.532971239047,-13.75262368377));
#1764 = CARTESIAN_POINT('',(-1.570796326795,-14.32));
#1765 = ( GEOMETRIC_REPRESENTATION_CONTEXT(2) 
PARAMETRIC_REPRESENTATION_CONTEXT() REPRESENTATION_CONTEXT('2D SPACE',''
  ) );
#1766 = PCURVE('',#1767,#1772);
#1767 = PLANE('',#1768);
#1768 = AXIS2_PLACEMENT_3D('',#1769,#1770,#1771);
#1769 = CARTESIAN_POINT('',(12.,24.45,-104.));
#1770 = DIRECTION('',(0.948683298051,0.,-0.316227766017));
#1771 = DIRECTION('',(-0.316227766017,-0.,-0.948683298051));
#1772 = DEFINITIONAL_REPRESENTATION('',(#1773),#1777);
#1773 = ELLIPSE('',#1774,15.811388300842,5.);
#1774 = AXIS2_PLACEMENT_2D('',#1775,#1776);
#1775 = CARTESIAN_POINT('',(2.972541000558,-39.85));
#1776 = DIRECTION('',(-1.,0.));
#1777 = ( GEOMETRIC_REPRESENTATION_CONTEXT(2) 
PARAMETRIC_REPRESENTATION_CONTEXT() REPRESENTATION_CONTEXT('2D SPACE',''
  ) );
#1778 = ORIENTED_EDGE('',*,*,#1779,.T.);
#1779 = EDGE_CURVE('',#1748,#1780,#1782,.T.);
#1780 = VERTEX_POINT('',#1781);
#1781 = CARTESIAN_POINT('',(11.06,-20.4,-35.74230680245));
#1782 = SURFACE_CURVE('',#1783,(#1787,#1794),.PCURVE_S1.);
#1783 = LINE('',#1784,#1785);
#1784 = CARTESIAN_POINT('',(11.06,-20.4,-92.5));
#1785 = VECTOR('',#1786,1.);
#1786 = DIRECTION('',(0.,0.,1.));
#1787 = PCURVE('',#191,#1788);
#1788 = DEFINITIONAL_REPRESENTATION('',(#1789),#1793);
#1789 = LINE('',#1790,#1791);
#1790 = CARTESIAN_POINT('',(-1.570796326795,0.));
#1791 = VECTOR('',#1792,1.);
#1792 = DIRECTION('',(-0.,1.));
#1793 = ( GEOMETRIC_REPRESENTATION_CONTEXT(2) 
PARAMETRIC_REPRESENTATION_CONTEXT() REPRESENTATION_CONTEXT('2D SPACE',''
  ) );
#1794 = PCURVE('',#1795,#1800);
#1795 = PLANE('',#1796);
#1796 = AXIS2_PLACEMENT_3D('',#1797,#1798,#1799);
#1797 = CARTESIAN_POINT('',(13.46,-20.4,-36.5));
#1798 = DIRECTION('',(-0.,1.,0.));
#1799 = DIRECTION('',(0.,0.,-1.));
#1800 = DEFINITIONAL_REPRESENTATION('',(#1801),#1805);
#1801 = LINE('',#1802,#1803);
#1802 = CARTESIAN_POINT('',(56.,2.4));
#1803 = VECTOR('',#1804,1.);
#1804 = DIRECTION('',(-1.,0.));
#1805 = ( GEOMETRIC_REPRESENTATION_CONTEXT(2) 
PARAMETRIC_REPRESENTATION_CONTEXT() REPRESENTATION_CONTEXT('2D SPACE',''
  ) );
#1806 = ORIENTED_EDGE('',*,*,#1807,.F.);
#1807 = EDGE_CURVE('',#1808,#1780,#1810,.T.);
#1808 = VERTEX_POINT('',#1809);
#1809 = CARTESIAN_POINT('',(12.,-20.31084514111,-35.30880831638));
#1810 = SURFACE_CURVE('',#1811,(#1832,#1850),.PCURVE_S1.);
#1811 = B_SPLINE_CURVE_WITH_KNOTS('',7,(#1812,#1813,#1814,#1815,#1816,
    #1817,#1818,#1819,#1820,#1821,#1822,#1823,#1824,#1825,#1826,#1827,
    #1828,#1829,#1830,#1831),.UNSPECIFIED.,.F.,.F.,(8,6,6,8),(0.,
    0.136455226317,0.731525083397,1.),.UNSPECIFIED.);
#1812 = CARTESIAN_POINT('',(13.133232147283,-19.94991301713,
    -33.8888469541));
#1813 = CARTESIAN_POINT('',(13.114758984574,-19.9583305747,
    -33.93561567609));
#1814 = CARTESIAN_POINT('',(13.095362664995,-19.96706310763,
    -33.98213106677));
#1815 = CARTESIAN_POINT('',(13.075041010883,-19.97609342173,
    -34.02837981496));
#1816 = CARTESIAN_POINT('',(13.053791122034,-19.98540349637,
    -34.07434850389));
#1817 = CARTESIAN_POINT('',(13.031609375704,-19.99497448446,
    -34.12002361118));
#1818 = CARTESIAN_POINT('',(13.008491426609,-20.00478671242,
    -34.16539150891));
#1819 = CARTESIAN_POINT('',(12.879511957217,-20.05857261569,
    -34.40688447417));
#1820 = CARTESIAN_POINT('',(12.756898076318,-20.10643781349,
    -34.59683886701));
#1821 = CARTESIAN_POINT('',(12.615949982814,-20.15682366281,
    -34.77981404138));
#1822 = CARTESIAN_POINT('',(12.45576798061,-20.20782428348,
    -34.95448172084));
#1823 = CARTESIAN_POINT('',(12.275408841153,-20.25696989867,
    -35.11877536609));
#1824 = CARTESIAN_POINT('',(12.074131130163,-20.30128907438,
    -35.2700163174));
#1825 = CARTESIAN_POINT('',(11.750231944127,-20.35317883526,
    -35.46535128966));
#1826 = CARTESIAN_POINT('',(11.645182926216,-20.36755040018,
    -35.52262635531));
#1827 = CARTESIAN_POINT('',(11.53581283522,-20.37980745042,
    -35.57606790901));
#1828 = CARTESIAN_POINT('',(11.422255642173,-20.38956573965,
    -35.62523186133));
#1829 = CARTESIAN_POINT('',(11.304775004736,-20.39642347895,
    -35.66963354983));
#1830 = CARTESIAN_POINT('',(11.18380389229,-20.4,-35.70879381084));
#1831 = CARTESIAN_POINT('',(11.06,-20.4,-35.74230680245));
#1832 = PCURVE('',#191,#1833);
#1833 = DEFINITIONAL_REPRESENTATION('',(#1834),#1849);
#1834 = B_SPLINE_CURVE_WITH_KNOTS('',7,(#1835,#1836,#1837,#1838,#1839,
    #1840,#1841,#1842,#1843,#1844,#1845,#1846,#1847,#1848),
  .UNSPECIFIED.,.F.,.F.,(8,6,8),(0.673069890115,0.731525083397,1.),
  .UNSPECIFIED.);
#1835 = CARTESIAN_POINT('',(-1.381670880449,57.191191643002));
#1836 = CARTESIAN_POINT('',(-1.385879942099,57.177055145937));
#1837 = CARTESIAN_POINT('',(-1.390127196249,57.163063010561));
#1838 = CARTESIAN_POINT('',(-1.394412813918,57.149218310753));
#1839 = CARTESIAN_POINT('',(-1.398736976248,57.135524197652));
#1840 = CARTESIAN_POINT('',(-1.403099875576,57.121983901606));
#1841 = CARTESIAN_POINT('',(-1.407501716617,57.108600734472));
#1842 = CARTESIAN_POINT('',(-1.432339492844,57.03464871034));
#1843 = CARTESIAN_POINT('',(-1.453539424856,56.977373644685));
#1844 = CARTESIAN_POINT('',(-1.475539740641,56.923932090987));
#1845 = CARTESIAN_POINT('',(-1.498320355461,56.874768138666));
#1846 = CARTESIAN_POINT('',(-1.521841343816,56.83036645017));
#1847 = CARTESIAN_POINT('',(-1.546035548337,56.791206189155));
#1848 = CARTESIAN_POINT('',(-1.570796326795,56.757693197548));
#1849 = ( GEOMETRIC_REPRESENTATION_CONTEXT(2) 
PARAMETRIC_REPRESENTATION_CONTEXT() REPRESENTATION_CONTEXT('2D SPACE',''
  ) );
#1850 = PCURVE('',#1851,#1856);
#1851 = CYLINDRICAL_SURFACE('',#1852,3.1);
#1852 = AXIS2_PLACEMENT_3D('',#1853,#1854,#1855);
#1853 = CARTESIAN_POINT('',(10.25,-17.85,-32.75));
#1854 = DIRECTION('',(0.,-1.,2.22044604925E-16));
#1855 = DIRECTION('',(1.,0.,0.));
#1856 = DEFINITIONAL_REPRESENTATION('',(#1857),#1872);
#1857 = B_SPLINE_CURVE_WITH_KNOTS('',7,(#1858,#1859,#1860,#1861,#1862,
    #1863,#1864,#1865,#1866,#1867,#1868,#1869,#1870,#1871),
  .UNSPECIFIED.,.F.,.F.,(8,6,8),(0.673069890115,0.731525083397,1.),
  .UNSPECIFIED.);
#1858 = CARTESIAN_POINT('',(5.312235914742,2.460845167907));
#1859 = CARTESIAN_POINT('',(5.304157916276,2.464801685705));
#1860 = CARTESIAN_POINT('',(5.296051092649,2.468692600072));
#1861 = CARTESIAN_POINT('',(5.28791490925,2.472514641439));
#1862 = CARTESIAN_POINT('',(5.27974881441,2.476264475478));
#1863 = CARTESIAN_POINT('',(5.271552237374,2.479938701228));
#1864 = CARTESIAN_POINT('',(5.263324586057,2.483533848989));
#1865 = CARTESIAN_POINT('',(5.217131471777,2.503178835263));
#1866 = CARTESIAN_POINT('',(5.178571806076,2.517550400186));
#1867 = CARTESIAN_POINT('',(5.139367746231,2.529807450423));
#1868 = CARTESIAN_POINT('',(5.099528508967,2.539565739652));
#1869 = CARTESIAN_POINT('',(5.059089725283,2.546423478953));
#1870 = CARTESIAN_POINT('',(5.018121766957,2.55));
#1871 = CARTESIAN_POINT('',(4.976747703246,2.55));
#1872 = ( GEOMETRIC_REPRESENTATION_CONTEXT(2) 
PARAMETRIC_REPRESENTATION_CONTEXT() REPRESENTATION_CONTEXT('2D SPACE',''
  ) );
#1873 = ORIENTED_EDGE('',*,*,#1874,.F.);
#1874 = EDGE_CURVE('',#1875,#1808,#1877,.T.);
#1875 = VERTEX_POINT('',#1876);
#1876 = CARTESIAN_POINT('',(12.,-20.31084514111,-36.5));
#1877 = SURFACE_CURVE('',#1878,(#1882,#1889),.PCURVE_S1.);
#1878 = LINE('',#1879,#1880);
#1879 = CARTESIAN_POINT('',(12.,-20.31084514111,-92.5));
#1880 = VECTOR('',#1881,1.);
#1881 = DIRECTION('',(0.,0.,1.));
#1882 = PCURVE('',#191,#1883);
#1883 = DEFINITIONAL_REPRESENTATION('',(#1884),#1888);
#1884 = LINE('',#1885,#1886);
#1885 = CARTESIAN_POINT('',(-1.381670888055,0.));
#1886 = VECTOR('',#1887,1.);
#1887 = DIRECTION('',(-0.,1.));
#1888 = ( GEOMETRIC_REPRESENTATION_CONTEXT(2) 
PARAMETRIC_REPRESENTATION_CONTEXT() REPRESENTATION_CONTEXT('2D SPACE',''
  ) );
#1889 = PCURVE('',#1890,#1895);
#1890 = PLANE('',#1891);
#1891 = AXIS2_PLACEMENT_3D('',#1892,#1893,#1894);
#1892 = CARTESIAN_POINT('',(12.,-20.4,-70.));
#1893 = DIRECTION('',(1.,0.,-0.));
#1894 = DIRECTION('',(0.,0.,1.));
#1895 = DEFINITIONAL_REPRESENTATION('',(#1896),#1900);
#1896 = LINE('',#1897,#1898);
#1897 = CARTESIAN_POINT('',(-22.5,-8.91548588863E-02));
#1898 = VECTOR('',#1899,1.);
#1899 = DIRECTION('',(1.,0.));
#1900 = ( GEOMETRIC_REPRESENTATION_CONTEXT(2) 
PARAMETRIC_REPRESENTATION_CONTEXT() REPRESENTATION_CONTEXT('2D SPACE',''
  ) );
#1901 = ORIENTED_EDGE('',*,*,#1902,.F.);
#1902 = EDGE_CURVE('',#1903,#1875,#1905,.T.);
#1903 = VERTEX_POINT('',#1904);
#1904 = CARTESIAN_POINT('',(16.06,-15.4,-36.5));
#1905 = SURFACE_CURVE('',#1906,(#1911,#1918),.PCURVE_S1.);
#1906 = CIRCLE('',#1907,5.);
#1907 = AXIS2_PLACEMENT_3D('',#1908,#1909,#1910);
#1908 = CARTESIAN_POINT('',(11.06,-15.4,-36.5));
#1909 = DIRECTION('',(-0.,-0.,-1.));
#1910 = DIRECTION('',(0.,-1.,0.));
#1911 = PCURVE('',#191,#1912);
#1912 = DEFINITIONAL_REPRESENTATION('',(#1913),#1917);
#1913 = LINE('',#1914,#1915);
#1914 = CARTESIAN_POINT('',(4.712388980385,56.));
#1915 = VECTOR('',#1916,1.);
#1916 = DIRECTION('',(-1.,0.));
#1917 = ( GEOMETRIC_REPRESENTATION_CONTEXT(2) 
PARAMETRIC_REPRESENTATION_CONTEXT() REPRESENTATION_CONTEXT('2D SPACE',''
  ) );
#1918 = PCURVE('',#375,#1919);
#1919 = DEFINITIONAL_REPRESENTATION('',(#1920),#1924);
#1920 = CIRCLE('',#1921,5.);
#1921 = AXIS2_PLACEMENT_2D('',#1922,#1923);
#1922 = CARTESIAN_POINT('',(5.,-38.85));
#1923 = DIRECTION('',(0.,-1.));
#1924 = ( GEOMETRIC_REPRESENTATION_CONTEXT(2) 
PARAMETRIC_REPRESENTATION_CONTEXT() REPRESENTATION_CONTEXT('2D SPACE',''
  ) );
#1925 = ORIENTED_EDGE('',*,*,#1926,.F.);
#1926 = EDGE_CURVE('',#1664,#1903,#1927,.T.);
#1927 = SURFACE_CURVE('',#1928,(#1932,#1939),.PCURVE_S1.);
#1928 = LINE('',#1929,#1930);
#1929 = CARTESIAN_POINT('',(16.06,-15.4,-92.5));
#1930 = VECTOR('',#1931,1.);
#1931 = DIRECTION('',(0.,0.,1.));
#1932 = PCURVE('',#191,#1933);
#1933 = DEFINITIONAL_REPRESENTATION('',(#1934),#1938);
#1934 = LINE('',#1935,#1936);
#1935 = CARTESIAN_POINT('',(-0.,0.));
#1936 = VECTOR('',#1937,1.);
#1937 = DIRECTION('',(-0.,1.));
#1938 = ( GEOMETRIC_REPRESENTATION_CONTEXT(2) 
PARAMETRIC_REPRESENTATION_CONTEXT() REPRESENTATION_CONTEXT('2D SPACE',''
  ) );
#1939 = PCURVE('',#518,#1940);
#1940 = DEFINITIONAL_REPRESENTATION('',(#1941),#1945);
#1941 = LINE('',#1942,#1943);
#1942 = CARTESIAN_POINT('',(-6.496,-38.85));
#1943 = VECTOR('',#1944,1.);
#1944 = DIRECTION('',(1.,0.));
#1945 = ( GEOMETRIC_REPRESENTATION_CONTEXT(2) 
PARAMETRIC_REPRESENTATION_CONTEXT() REPRESENTATION_CONTEXT('2D SPACE',''
  ) );
#1946 = ADVANCED_FACE('',(#1947),#400,.F.);
#1947 = FACE_BOUND('',#1948,.F.);
#1948 = EDGE_LOOP('',(#1949,#1980,#2001,#2022,#2023,#2024,#2047,#2073,
    #2101,#2129,#2157,#2185,#2211));
#1949 = ORIENTED_EDGE('',*,*,#1950,.F.);
#1950 = EDGE_CURVE('',#1951,#1953,#1955,.T.);
#1951 = VERTEX_POINT('',#1952);
#1952 = CARTESIAN_POINT('',(10.,-17.4,-110.));
#1953 = VERTEX_POINT('',#1954);
#1954 = CARTESIAN_POINT('',(-10.,-17.4,-110.));
#1955 = SURFACE_CURVE('',#1956,(#1961,#1968),.PCURVE_S1.);
#1956 = CIRCLE('',#1957,10.);
#1957 = AXIS2_PLACEMENT_3D('',#1958,#1959,#1960);
#1958 = CARTESIAN_POINT('',(0.,-17.4,-110.));
#1959 = DIRECTION('',(0.,-1.,2.22044604925E-16));
#1960 = DIRECTION('',(1.,0.,0.));
#1961 = PCURVE('',#400,#1962);
#1962 = DEFINITIONAL_REPRESENTATION('',(#1963),#1967);
#1963 = CIRCLE('',#1964,10.);
#1964 = AXIS2_PLACEMENT_2D('',#1965,#1966);
#1965 = CARTESIAN_POINT('',(-13.91750737198,-46.22390183019));
#1966 = DIRECTION('',(1.,0.));
#1967 = ( GEOMETRIC_REPRESENTATION_CONTEXT(2) 
PARAMETRIC_REPRESENTATION_CONTEXT() REPRESENTATION_CONTEXT('2D SPACE',''
  ) );
#1968 = PCURVE('',#1969,#1974);
#1969 = CONICAL_SURFACE('',#1970,9.4,0.785398163397);
#1970 = AXIS2_PLACEMENT_3D('',#1971,#1972,#1973);
#1971 = CARTESIAN_POINT('',(0.,-16.8,-110.));
#1972 = DIRECTION('',(0.,-1.,2.22044604925E-16));
#1973 = DIRECTION('',(1.,0.,0.));
#1974 = DEFINITIONAL_REPRESENTATION('',(#1975),#1979);
#1975 = LINE('',#1976,#1977);
#1976 = CARTESIAN_POINT('',(0.,0.6));
#1977 = VECTOR('',#1978,1.);
#1978 = DIRECTION('',(1.,0.));
#1979 = ( GEOMETRIC_REPRESENTATION_CONTEXT(2) 
PARAMETRIC_REPRESENTATION_CONTEXT() REPRESENTATION_CONTEXT('2D SPACE',''
  ) );
#1980 = ORIENTED_EDGE('',*,*,#1981,.T.);
#1981 = EDGE_CURVE('',#1951,#1982,#1984,.T.);
#1982 = VERTEX_POINT('',#1983);
#1983 = CARTESIAN_POINT('',(12.,-17.4,-104.));
#1984 = SURFACE_CURVE('',#1985,(#1989,#1995),.PCURVE_S1.);
#1985 = LINE('',#1986,#1987);
#1986 = CARTESIAN_POINT('',(18.129460643128,-17.4,-85.61161807061));
#1987 = VECTOR('',#1988,1.);
#1988 = DIRECTION('',(0.316227766017,0.,0.948683298051));
#1989 = PCURVE('',#400,#1990);
#1990 = DEFINITIONAL_REPRESENTATION('',(#1991),#1994);
#1991 = B_SPLINE_CURVE_WITH_KNOTS('',1,(#1992,#1993),.UNSPECIFIED.,.F.,
  .F.,(2,2),(-25.70761178098,-19.38305646064),.PIECEWISE_BEZIER_KNOTS.);
#1992 = CARTESIAN_POINT('',(-3.917507371985,-46.22390183019));
#1993 = CARTESIAN_POINT('',(-1.917507371985,-40.22390183019));
#1994 = ( GEOMETRIC_REPRESENTATION_CONTEXT(2) 
PARAMETRIC_REPRESENTATION_CONTEXT() REPRESENTATION_CONTEXT('2D SPACE',''
  ) );
#1995 = PCURVE('',#1767,#1996);
#1996 = DEFINITIONAL_REPRESENTATION('',(#1997),#2000);
#1997 = B_SPLINE_CURVE_WITH_KNOTS('',1,(#1998,#1999),.UNSPECIFIED.,.F.,
  .F.,(2,2),(-25.70761178098,-19.38305646064),.PIECEWISE_BEZIER_KNOTS.);
#1998 = CARTESIAN_POINT('',(6.324555320337,-41.85));
#1999 = CARTESIAN_POINT('',(0.,-41.85));
#2000 = ( GEOMETRIC_REPRESENTATION_CONTEXT(2) 
PARAMETRIC_REPRESENTATION_CONTEXT() REPRESENTATION_CONTEXT('2D SPACE',''
  ) );
#2001 = ORIENTED_EDGE('',*,*,#2002,.T.);
#2002 = EDGE_CURVE('',#1982,#1581,#2003,.T.);
#2003 = SURFACE_CURVE('',#2004,(#2008,#2015),.PCURVE_S1.);
#2004 = LINE('',#2005,#2006);
#2005 = CARTESIAN_POINT('',(12.,-17.4,-110.));
#2006 = VECTOR('',#2007,1.);
#2007 = DIRECTION('',(0.,0.,1.));
#2008 = PCURVE('',#400,#2009);
#2009 = DEFINITIONAL_REPRESENTATION('',(#2010),#2014);
#2010 = LINE('',#2011,#2012);
#2011 = CARTESIAN_POINT('',(-1.917507371985,-46.22390183019));
#2012 = VECTOR('',#2013,1.);
#2013 = DIRECTION('',(0.,1.));
#2014 = ( GEOMETRIC_REPRESENTATION_CONTEXT(2) 
PARAMETRIC_REPRESENTATION_CONTEXT() REPRESENTATION_CONTEXT('2D SPACE',''
  ) );
#2015 = PCURVE('',#1619,#2016);
#2016 = DEFINITIONAL_REPRESENTATION('',(#2017),#2021);
#2017 = LINE('',#2018,#2019);
#2018 = CARTESIAN_POINT('',(0.,-3.));
#2019 = VECTOR('',#2020,1.);
#2020 = DIRECTION('',(1.,0.));
#2021 = ( GEOMETRIC_REPRESENTATION_CONTEXT(2) 
PARAMETRIC_REPRESENTATION_CONTEXT() REPRESENTATION_CONTEXT('2D SPACE',''
  ) );
#2022 = ORIENTED_EDGE('',*,*,#1580,.T.);
#2023 = ORIENTED_EDGE('',*,*,#387,.T.);
#2024 = ORIENTED_EDGE('',*,*,#2025,.T.);
#2025 = EDGE_CURVE('',#360,#2026,#2028,.T.);
#2026 = VERTEX_POINT('',#2027);
#2027 = CARTESIAN_POINT('',(12.,-17.4,-36.5));
#2028 = SURFACE_CURVE('',#2029,(#2033,#2040),.PCURVE_S1.);
#2029 = LINE('',#2030,#2031);
#2030 = CARTESIAN_POINT('',(16.06,-17.4,-36.5));
#2031 = VECTOR('',#2032,1.);
#2032 = DIRECTION('',(-1.,0.,0.));
#2033 = PCURVE('',#400,#2034);
#2034 = DEFINITIONAL_REPRESENTATION('',(#2035),#2039);
#2035 = LINE('',#2036,#2037);
#2036 = CARTESIAN_POINT('',(2.142492628015,27.276098169807));
#2037 = VECTOR('',#2038,1.);
#2038 = DIRECTION('',(-1.,0.));
#2039 = ( GEOMETRIC_REPRESENTATION_CONTEXT(2) 
PARAMETRIC_REPRESENTATION_CONTEXT() REPRESENTATION_CONTEXT('2D SPACE',''
  ) );
#2040 = PCURVE('',#375,#2041);
#2041 = DEFINITIONAL_REPRESENTATION('',(#2042),#2046);
#2042 = LINE('',#2043,#2044);
#2043 = CARTESIAN_POINT('',(0.,-40.85));
#2044 = VECTOR('',#2045,1.);
#2045 = DIRECTION('',(1.,0.));
#2046 = ( GEOMETRIC_REPRESENTATION_CONTEXT(2) 
PARAMETRIC_REPRESENTATION_CONTEXT() REPRESENTATION_CONTEXT('2D SPACE',''
  ) );
#2047 = ORIENTED_EDGE('',*,*,#2048,.T.);
#2048 = EDGE_CURVE('',#2026,#2049,#2051,.T.);
#2049 = VERTEX_POINT('',#2050);
#2050 = CARTESIAN_POINT('',(-12.76,-17.4,-36.5));
#2051 = SURFACE_CURVE('',#2052,(#2056,#2062),.PCURVE_S1.);
#2052 = LINE('',#2053,#2054);
#2053 = CARTESIAN_POINT('',(-0.621246314008,-17.4,-36.5));
#2054 = VECTOR('',#2055,1.);
#2055 = DIRECTION('',(-1.,0.,0.));
#2056 = PCURVE('',#400,#2057);
#2057 = DEFINITIONAL_REPRESENTATION('',(#2058),#2061);
#2058 = B_SPLINE_CURVE_WITH_KNOTS('',1,(#2059,#2060),.UNSPECIFIED.,.F.,
  .F.,(2,2),(-12.621246314,14.538753685992),.PIECEWISE_BEZIER_KNOTS.);
#2059 = CARTESIAN_POINT('',(-1.917507371985,27.276098169807));
#2060 = CARTESIAN_POINT('',(-29.07750737198,27.276098169807));
#2061 = ( GEOMETRIC_REPRESENTATION_CONTEXT(2) 
PARAMETRIC_REPRESENTATION_CONTEXT() REPRESENTATION_CONTEXT('2D SPACE',''
  ) );
#2062 = PCURVE('',#2063,#2068);
#2063 = PLANE('',#2064);
#2064 = AXIS2_PLACEMENT_3D('',#2065,#2066,#2067);
#2065 = CARTESIAN_POINT('',(-15.16,-20.4,-36.5));
#2066 = DIRECTION('',(0.,0.,1.));
#2067 = DIRECTION('',(1.,0.,-0.));
#2068 = DEFINITIONAL_REPRESENTATION('',(#2069),#2072);
#2069 = B_SPLINE_CURVE_WITH_KNOTS('',1,(#2070,#2071),.UNSPECIFIED.,.F.,
  .F.,(2,2),(-12.621246314,14.538753685992),.PIECEWISE_BEZIER_KNOTS.);
#2070 = CARTESIAN_POINT('',(27.16,3.));
#2071 = CARTESIAN_POINT('',(0.,3.));
#2072 = ( GEOMETRIC_REPRESENTATION_CONTEXT(2) 
PARAMETRIC_REPRESENTATION_CONTEXT() REPRESENTATION_CONTEXT('2D SPACE',''
  ) );
#2073 = ORIENTED_EDGE('',*,*,#2074,.F.);
#2074 = EDGE_CURVE('',#2075,#2049,#2077,.T.);
#2075 = VERTEX_POINT('',#2076);
#2076 = CARTESIAN_POINT('',(-12.76,-17.4,-74.));
#2077 = SURFACE_CURVE('',#2078,(#2082,#2089),.PCURVE_S1.);
#2078 = LINE('',#2079,#2080);
#2079 = CARTESIAN_POINT('',(-12.76,-17.4,-74.));
#2080 = VECTOR('',#2081,1.);
#2081 = DIRECTION('',(0.,0.,1.));
#2082 = PCURVE('',#400,#2083);
#2083 = DEFINITIONAL_REPRESENTATION('',(#2084),#2088);
#2084 = LINE('',#2085,#2086);
#2085 = CARTESIAN_POINT('',(-26.67750737198,-10.22390183019));
#2086 = VECTOR('',#2087,1.);
#2087 = DIRECTION('',(0.,1.));
#2088 = ( GEOMETRIC_REPRESENTATION_CONTEXT(2) 
PARAMETRIC_REPRESENTATION_CONTEXT() REPRESENTATION_CONTEXT('2D SPACE',''
  ) );
#2089 = PCURVE('',#2090,#2095);
#2090 = PLANE('',#2091);
#2091 = AXIS2_PLACEMENT_3D('',#2092,#2093,#2094);
#2092 = CARTESIAN_POINT('',(-12.76,-5.519251883686,-41.07591352544));
#2093 = DIRECTION('',(1.,0.,0.));
#2094 = DIRECTION('',(0.,1.,0.));
#2095 = DEFINITIONAL_REPRESENTATION('',(#2096),#2100);
#2096 = LINE('',#2097,#2098);
#2097 = CARTESIAN_POINT('',(-11.88074811631,-32.92408647455));
#2098 = VECTOR('',#2099,1.);
#2099 = DIRECTION('',(0.,1.));
#2100 = ( GEOMETRIC_REPRESENTATION_CONTEXT(2) 
PARAMETRIC_REPRESENTATION_CONTEXT() REPRESENTATION_CONTEXT('2D SPACE',''
  ) );
#2101 = ORIENTED_EDGE('',*,*,#2102,.T.);
#2102 = EDGE_CURVE('',#2075,#2103,#2105,.T.);
#2103 = VERTEX_POINT('',#2104);
#2104 = CARTESIAN_POINT('',(-10.5,-17.4,-74.));
#2105 = SURFACE_CURVE('',#2106,(#2110,#2117),.PCURVE_S1.);
#2106 = LINE('',#2107,#2108);
#2107 = CARTESIAN_POINT('',(-15.16,-17.4,-74.));
#2108 = VECTOR('',#2109,1.);
#2109 = DIRECTION('',(1.,0.,-0.));
#2110 = PCURVE('',#400,#2111);
#2111 = DEFINITIONAL_REPRESENTATION('',(#2112),#2116);
#2112 = LINE('',#2113,#2114);
#2113 = CARTESIAN_POINT('',(-29.07750737198,-10.22390183019));
#2114 = VECTOR('',#2115,1.);
#2115 = DIRECTION('',(1.,0.));
#2116 = ( GEOMETRIC_REPRESENTATION_CONTEXT(2) 
PARAMETRIC_REPRESENTATION_CONTEXT() REPRESENTATION_CONTEXT('2D SPACE',''
  ) );
#2117 = PCURVE('',#2118,#2123);
#2118 = PLANE('',#2119);
#2119 = AXIS2_PLACEMENT_3D('',#2120,#2121,#2122);
#2120 = CARTESIAN_POINT('',(-15.16,-20.4,-74.));
#2121 = DIRECTION('',(0.,0.,1.));
#2122 = DIRECTION('',(1.,0.,-0.));
#2123 = DEFINITIONAL_REPRESENTATION('',(#2124),#2128);
#2124 = LINE('',#2125,#2126);
#2125 = CARTESIAN_POINT('',(0.,3.));
#2126 = VECTOR('',#2127,1.);
#2127 = DIRECTION('',(1.,0.));
#2128 = ( GEOMETRIC_REPRESENTATION_CONTEXT(2) 
PARAMETRIC_REPRESENTATION_CONTEXT() REPRESENTATION_CONTEXT('2D SPACE',''
  ) );
#2129 = ORIENTED_EDGE('',*,*,#2130,.F.);
#2130 = EDGE_CURVE('',#2131,#2103,#2133,.T.);
#2131 = VERTEX_POINT('',#2132);
#2132 = CARTESIAN_POINT('',(-10.5,-17.4,-90.));
#2133 = SURFACE_CURVE('',#2134,(#2138,#2145),.PCURVE_S1.);
#2134 = LINE('',#2135,#2136);
#2135 = CARTESIAN_POINT('',(-10.5,-17.4,-110.));
#2136 = VECTOR('',#2137,1.);
#2137 = DIRECTION('',(0.,0.,1.));
#2138 = PCURVE('',#400,#2139);
#2139 = DEFINITIONAL_REPRESENTATION('',(#2140),#2144);
#2140 = LINE('',#2141,#2142);
#2141 = CARTESIAN_POINT('',(-24.41750737198,-46.22390183019));
#2142 = VECTOR('',#2143,1.);
#2143 = DIRECTION('',(0.,1.));
#2144 = ( GEOMETRIC_REPRESENTATION_CONTEXT(2) 
PARAMETRIC_REPRESENTATION_CONTEXT() REPRESENTATION_CONTEXT('2D SPACE',''
  ) );
#2145 = PCURVE('',#2146,#2151);
#2146 = PLANE('',#2147);
#2147 = AXIS2_PLACEMENT_3D('',#2148,#2149,#2150);
#2148 = CARTESIAN_POINT('',(-10.5,-20.4,-110.));
#2149 = DIRECTION('',(1.,0.,-0.));
#2150 = DIRECTION('',(0.,0.,1.));
#2151 = DEFINITIONAL_REPRESENTATION('',(#2152),#2156);
#2152 = LINE('',#2153,#2154);
#2153 = CARTESIAN_POINT('',(0.,-3.));
#2154 = VECTOR('',#2155,1.);
#2155 = DIRECTION('',(1.,0.));
#2156 = ( GEOMETRIC_REPRESENTATION_CONTEXT(2) 
PARAMETRIC_REPRESENTATION_CONTEXT() REPRESENTATION_CONTEXT('2D SPACE',''
  ) );
#2157 = ORIENTED_EDGE('',*,*,#2158,.F.);
#2158 = EDGE_CURVE('',#2159,#2131,#2161,.T.);
#2159 = VERTEX_POINT('',#2160);
#2160 = CARTESIAN_POINT('',(-10.96555555555,-17.4,-90.));
#2161 = SURFACE_CURVE('',#2162,(#2166,#2173),.PCURVE_S1.);
#2162 = LINE('',#2163,#2164);
#2163 = CARTESIAN_POINT('',(-15.16,-17.4,-90.));
#2164 = VECTOR('',#2165,1.);
#2165 = DIRECTION('',(1.,0.,-0.));
#2166 = PCURVE('',#400,#2167);
#2167 = DEFINITIONAL_REPRESENTATION('',(#2168),#2172);
#2168 = LINE('',#2169,#2170);
#2169 = CARTESIAN_POINT('',(-29.07750737198,-26.22390183019));
#2170 = VECTOR('',#2171,1.);
#2171 = DIRECTION('',(1.,0.));
#2172 = ( GEOMETRIC_REPRESENTATION_CONTEXT(2) 
PARAMETRIC_REPRESENTATION_CONTEXT() REPRESENTATION_CONTEXT('2D SPACE',''
  ) );
#2173 = PCURVE('',#2174,#2179);
#2174 = PLANE('',#2175);
#2175 = AXIS2_PLACEMENT_3D('',#2176,#2177,#2178);
#2176 = CARTESIAN_POINT('',(-15.16,-20.4,-90.));
#2177 = DIRECTION('',(0.,0.,1.));
#2178 = DIRECTION('',(1.,0.,-0.));
#2179 = DEFINITIONAL_REPRESENTATION('',(#2180),#2184);
#2180 = LINE('',#2181,#2182);
#2181 = CARTESIAN_POINT('',(0.,3.));
#2182 = VECTOR('',#2183,1.);
#2183 = DIRECTION('',(1.,0.));
#2184 = ( GEOMETRIC_REPRESENTATION_CONTEXT(2) 
PARAMETRIC_REPRESENTATION_CONTEXT() REPRESENTATION_CONTEXT('2D SPACE',''
  ) );
#2185 = ORIENTED_EDGE('',*,*,#2186,.T.);
#2186 = EDGE_CURVE('',#2159,#2187,#2189,.T.);
#2187 = VERTEX_POINT('',#2188);
#2188 = CARTESIAN_POINT('',(-14.44469028942,-17.4,-101.386259129));
#2189 = SURFACE_CURVE('',#2190,(#2194,#2200),.PCURVE_S1.);
#2190 = LINE('',#2191,#2192);
#2191 = CARTESIAN_POINT('',(-8.836060862115,-17.4,-83.03074463964));
#2192 = VECTOR('',#2193,1.);
#2193 = DIRECTION('',(-0.292218535599,-0.,-0.956351571051));
#2194 = PCURVE('',#400,#2195);
#2195 = DEFINITIONAL_REPRESENTATION('',(#2196),#2199);
#2196 = B_SPLINE_CURVE_WITH_KNOTS('',1,(#2197,#2198),.UNSPECIFIED.,.F.,
  .F.,(2,2),(6.241695565773,21.641129385997),.PIECEWISE_BEZIER_KNOTS.);
#2197 = CARTESIAN_POINT('',(-24.57750737198,-25.22390183019));
#2198 = CARTESIAN_POINT('',(-29.07750737198,-39.95117455746));
#2199 = ( GEOMETRIC_REPRESENTATION_CONTEXT(2) 
PARAMETRIC_REPRESENTATION_CONTEXT() REPRESENTATION_CONTEXT('2D SPACE',''
  ) );
#2200 = PCURVE('',#2201,#2206);
#2201 = PLANE('',#2202);
#2202 = AXIS2_PLACEMENT_3D('',#2203,#2204,#2205);
#2203 = CARTESIAN_POINT('',(-16.16,-16.4,-107.));
#2204 = DIRECTION('',(-0.956351571051,0.,0.292218535599));
#2205 = DIRECTION('',(0.292218535599,0.,0.956351571051));
#2206 = DEFINITIONAL_REPRESENTATION('',(#2207),#2210);
#2207 = B_SPLINE_CURVE_WITH_KNOTS('',1,(#2208,#2209),.UNSPECIFIED.,.F.,
  .F.,(2,2),(6.241695565773,21.641129385997),.PIECEWISE_BEZIER_KNOTS.);
#2208 = CARTESIAN_POINT('',(18.821530224719,-1.));
#2209 = CARTESIAN_POINT('',(3.422096404494,-1.));
#2210 = ( GEOMETRIC_REPRESENTATION_CONTEXT(2) 
PARAMETRIC_REPRESENTATION_CONTEXT() REPRESENTATION_CONTEXT('2D SPACE',''
  ) );
#2211 = ORIENTED_EDGE('',*,*,#2212,.T.);
#2212 = EDGE_CURVE('',#2187,#1953,#2213,.T.);
#2213 = SURFACE_CURVE('',#2214,(#2218,#2224),.PCURVE_S1.);
#2214 = LINE('',#2215,#2216);
#2215 = CARTESIAN_POINT('',(-19.48356195806,-17.4,-91.62100395723));
#2216 = VECTOR('',#2217,1.);
#2217 = DIRECTION('',(0.458552371164,0.,-0.888667385977));
#2218 = PCURVE('',#400,#2219);
#2219 = DEFINITIONAL_REPRESENTATION('',(#2220),#2223);
#2220 = B_SPLINE_CURVE_WITH_KNOTS('',1,(#2221,#2222),.UNSPECIFIED.,.F.,
  .F.,(2,2),(9.428720098182,20.681524193162),.PIECEWISE_BEZIER_KNOTS.);
#2221 = CARTESIAN_POINT('',(-29.07750737198,-36.22390183019));
#2222 = CARTESIAN_POINT('',(-23.91750737198,-46.22390183019));
#2223 = ( GEOMETRIC_REPRESENTATION_CONTEXT(2) 
PARAMETRIC_REPRESENTATION_CONTEXT() REPRESENTATION_CONTEXT('2D SPACE',''
  ) );
#2224 = PCURVE('',#2225,#2230);
#2225 = PLANE('',#2226);
#2226 = AXIS2_PLACEMENT_3D('',#2227,#2228,#2229);
#2227 = CARTESIAN_POINT('',(-15.16,-21.4,-100.));
#2228 = DIRECTION('',(-0.888667385977,0.,-0.458552371164));
#2229 = DIRECTION('',(0.458552371164,0.,-0.888667385977));
#2230 = DEFINITIONAL_REPRESENTATION('',(#2231),#2234);
#2231 = B_SPLINE_CURVE_WITH_KNOTS('',1,(#2232,#2233),.UNSPECIFIED.,.F.,
  .F.,(2,2),(9.428720098182,20.681524193162),.PIECEWISE_BEZIER_KNOTS.);
#2232 = CARTESIAN_POINT('',(1.7763568394E-14,-4.));
#2233 = CARTESIAN_POINT('',(11.25280409498,-4.));
#2234 = ( GEOMETRIC_REPRESENTATION_CONTEXT(2) 
PARAMETRIC_REPRESENTATION_CONTEXT() REPRESENTATION_CONTEXT('2D SPACE',''
  ) );
#2235 = ADVANCED_FACE('',(#2236),#219,.F.);
#2236 = FACE_BOUND('',#2237,.F.);
#2237 = EDGE_LOOP('',(#2238,#2259,#2260));
#2238 = ORIENTED_EDGE('',*,*,#2239,.F.);
#2239 = EDGE_CURVE('',#204,#1666,#2240,.T.);
#2240 = SURFACE_CURVE('',#2241,(#2245,#2252),.PCURVE_S1.);
#2241 = LINE('',#2242,#2243);
#2242 = CARTESIAN_POINT('',(13.46,-17.4,-92.5));
#2243 = VECTOR('',#2244,1.);
#2244 = DIRECTION('',(1.,0.,0.));
#2245 = PCURVE('',#219,#2246);
#2246 = DEFINITIONAL_REPRESENTATION('',(#2247),#2251);
#2247 = LINE('',#2248,#2249);
#2248 = CARTESIAN_POINT('',(3.,0.));
#2249 = VECTOR('',#2250,1.);
#2250 = DIRECTION('',(0.,-1.));
#2251 = ( GEOMETRIC_REPRESENTATION_CONTEXT(2) 
PARAMETRIC_REPRESENTATION_CONTEXT() REPRESENTATION_CONTEXT('2D SPACE',''
  ) );
#2252 = PCURVE('',#247,#2253);
#2253 = DEFINITIONAL_REPRESENTATION('',(#2254),#2258);
#2254 = LINE('',#2255,#2256);
#2255 = CARTESIAN_POINT('',(0.,0.));
#2256 = VECTOR('',#2257,1.);
#2257 = DIRECTION('',(0.,-1.));
#2258 = ( GEOMETRIC_REPRESENTATION_CONTEXT(2) 
PARAMETRIC_REPRESENTATION_CONTEXT() REPRESENTATION_CONTEXT('2D SPACE',''
  ) );
#2259 = ORIENTED_EDGE('',*,*,#203,.F.);
#2260 = ORIENTED_EDGE('',*,*,#1696,.F.);
#2261 = ADVANCED_FACE('',(#2262),#375,.F.);
#2262 = FACE_BOUND('',#2263,.F.);
#2263 = EDGE_LOOP('',(#2264,#2285,#2286,#2307,#2308,#2309,#2310,#2331));
#2264 = ORIENTED_EDGE('',*,*,#2265,.F.);
#2265 = EDGE_CURVE('',#1903,#479,#2266,.T.);
#2266 = SURFACE_CURVE('',#2267,(#2271,#2278),.PCURVE_S1.);
#2267 = LINE('',#2268,#2269);
#2268 = CARTESIAN_POINT('',(16.06,-20.4,-36.5));
#2269 = VECTOR('',#2270,1.);
#2270 = DIRECTION('',(0.,1.,0.));
#2271 = PCURVE('',#375,#2272);
#2272 = DEFINITIONAL_REPRESENTATION('',(#2273),#2277);
#2273 = LINE('',#2274,#2275);
#2274 = CARTESIAN_POINT('',(0.,-43.85));
#2275 = VECTOR('',#2276,1.);
#2276 = DIRECTION('',(0.,1.));
#2277 = ( GEOMETRIC_REPRESENTATION_CONTEXT(2) 
PARAMETRIC_REPRESENTATION_CONTEXT() REPRESENTATION_CONTEXT('2D SPACE',''
  ) );
#2278 = PCURVE('',#518,#2279);
#2279 = DEFINITIONAL_REPRESENTATION('',(#2280),#2284);
#2280 = LINE('',#2281,#2282);
#2281 = CARTESIAN_POINT('',(49.504,-43.85));
#2282 = VECTOR('',#2283,1.);
#2283 = DIRECTION('',(0.,1.));
#2284 = ( GEOMETRIC_REPRESENTATION_CONTEXT(2) 
PARAMETRIC_REPRESENTATION_CONTEXT() REPRESENTATION_CONTEXT('2D SPACE',''
  ) );
#2285 = ORIENTED_EDGE('',*,*,#1902,.T.);
#2286 = ORIENTED_EDGE('',*,*,#2287,.F.);
#2287 = EDGE_CURVE('',#2026,#1875,#2288,.T.);
#2288 = SURFACE_CURVE('',#2289,(#2293,#2300),.PCURVE_S1.);
#2289 = LINE('',#2290,#2291);
#2290 = CARTESIAN_POINT('',(12.,-17.4,-36.5));
#2291 = VECTOR('',#2292,1.);
#2292 = DIRECTION('',(0.,-1.,0.));
#2293 = PCURVE('',#375,#2294);
#2294 = DEFINITIONAL_REPRESENTATION('',(#2295),#2299);
#2295 = LINE('',#2296,#2297);
#2296 = CARTESIAN_POINT('',(4.06,-40.85));
#2297 = VECTOR('',#2298,1.);
#2298 = DIRECTION('',(0.,-1.));
#2299 = ( GEOMETRIC_REPRESENTATION_CONTEXT(2) 
PARAMETRIC_REPRESENTATION_CONTEXT() REPRESENTATION_CONTEXT('2D SPACE',''
  ) );
#2300 = PCURVE('',#1890,#2301);
#2301 = DEFINITIONAL_REPRESENTATION('',(#2302),#2306);
#2302 = LINE('',#2303,#2304);
#2303 = CARTESIAN_POINT('',(33.5,-3.));
#2304 = VECTOR('',#2305,1.);
#2305 = DIRECTION('',(0.,1.));
#2306 = ( GEOMETRIC_REPRESENTATION_CONTEXT(2) 
PARAMETRIC_REPRESENTATION_CONTEXT() REPRESENTATION_CONTEXT('2D SPACE',''
  ) );
#2307 = ORIENTED_EDGE('',*,*,#2025,.F.);
#2308 = ORIENTED_EDGE('',*,*,#359,.F.);
#2309 = ORIENTED_EDGE('',*,*,#698,.T.);
#2310 = ORIENTED_EDGE('',*,*,#2311,.F.);
#2311 = EDGE_CURVE('',#451,#699,#2312,.T.);
#2312 = SURFACE_CURVE('',#2313,(#2317,#2324),.PCURVE_S1.);
#2313 = LINE('',#2314,#2315);
#2314 = CARTESIAN_POINT('',(12.,23.45,-36.5));
#2315 = VECTOR('',#2316,1.);
#2316 = DIRECTION('',(0.,-1.,0.));
#2317 = PCURVE('',#375,#2318);
#2318 = DEFINITIONAL_REPRESENTATION('',(#2319),#2323);
#2319 = LINE('',#2320,#2321);
#2320 = CARTESIAN_POINT('',(4.06,0.));
#2321 = VECTOR('',#2322,1.);
#2322 = DIRECTION('',(0.,-1.));
#2323 = ( GEOMETRIC_REPRESENTATION_CONTEXT(2) 
PARAMETRIC_REPRESENTATION_CONTEXT() REPRESENTATION_CONTEXT('2D SPACE',''
  ) );
#2324 = PCURVE('',#466,#2325);
#2325 = DEFINITIONAL_REPRESENTATION('',(#2326),#2330);
#2326 = LINE('',#2327,#2328);
#2327 = CARTESIAN_POINT('',(33.5,-3.7));
#2328 = VECTOR('',#2329,1.);
#2329 = DIRECTION('',(0.,1.));
#2330 = ( GEOMETRIC_REPRESENTATION_CONTEXT(2) 
PARAMETRIC_REPRESENTATION_CONTEXT() REPRESENTATION_CONTEXT('2D SPACE',''
  ) );
#2331 = ORIENTED_EDGE('',*,*,#478,.T.);
#2332 = ADVANCED_FACE('',(#2333),#247,.F.);
#2333 = FACE_BOUND('',#2334,.F.);
#2334 = EDGE_LOOP('',(#2335,#2336,#2337,#2360,#2381));
#2335 = ORIENTED_EDGE('',*,*,#2239,.T.);
#2336 = ORIENTED_EDGE('',*,*,#1663,.F.);
#2337 = ORIENTED_EDGE('',*,*,#2338,.T.);
#2338 = EDGE_CURVE('',#1664,#2339,#2341,.T.);
#2339 = VERTEX_POINT('',#2340);
#2340 = CARTESIAN_POINT('',(16.06,1.525,-62.22));
#2341 = SURFACE_CURVE('',#2342,(#2346,#2353),.PCURVE_S1.);
#2342 = LINE('',#2343,#2344);
#2343 = CARTESIAN_POINT('',(16.06,-17.4,-92.5));
#2344 = VECTOR('',#2345,1.);
#2345 = DIRECTION('',(0.,0.529998940003,0.847998304005));
#2346 = PCURVE('',#247,#2347);
#2347 = DEFINITIONAL_REPRESENTATION('',(#2348),#2352);
#2348 = LINE('',#2349,#2350);
#2349 = CARTESIAN_POINT('',(0.,-2.6));
#2350 = VECTOR('',#2351,1.);
#2351 = DIRECTION('',(1.,0.));
#2352 = ( GEOMETRIC_REPRESENTATION_CONTEXT(2) 
PARAMETRIC_REPRESENTATION_CONTEXT() REPRESENTATION_CONTEXT('2D SPACE',''
  ) );
#2353 = PCURVE('',#518,#2354);
#2354 = DEFINITIONAL_REPRESENTATION('',(#2355),#2359);
#2355 = LINE('',#2356,#2357);
#2356 = CARTESIAN_POINT('',(-6.496,-40.85));
#2357 = VECTOR('',#2358,1.);
#2358 = DIRECTION('',(0.847998304005,0.529998940003));
#2359 = ( GEOMETRIC_REPRESENTATION_CONTEXT(2) 
PARAMETRIC_REPRESENTATION_CONTEXT() REPRESENTATION_CONTEXT('2D SPACE',''
  ) );
#2360 = ORIENTED_EDGE('',*,*,#2361,.F.);
#2361 = EDGE_CURVE('',#232,#2339,#2362,.T.);
#2362 = SURFACE_CURVE('',#2363,(#2367,#2374),.PCURVE_S1.);
#2363 = LINE('',#2364,#2365);
#2364 = CARTESIAN_POINT('',(13.46,1.525,-62.22));
#2365 = VECTOR('',#2366,1.);
#2366 = DIRECTION('',(1.,0.,0.));
#2367 = PCURVE('',#247,#2368);
#2368 = DEFINITIONAL_REPRESENTATION('',(#2369),#2373);
#2369 = LINE('',#2370,#2371);
#2370 = CARTESIAN_POINT('',(35.707618584834,0.));
#2371 = VECTOR('',#2372,1.);
#2372 = DIRECTION('',(0.,-1.));
#2373 = ( GEOMETRIC_REPRESENTATION_CONTEXT(2) 
PARAMETRIC_REPRESENTATION_CONTEXT() REPRESENTATION_CONTEXT('2D SPACE',''
  ) );
#2374 = PCURVE('',#275,#2375);
#2375 = DEFINITIONAL_REPRESENTATION('',(#2376),#2380);
#2376 = LINE('',#2377,#2378);
#2377 = CARTESIAN_POINT('',(0.,0.));
#2378 = VECTOR('',#2379,1.);
#2379 = DIRECTION('',(0.,-1.));
#2380 = ( GEOMETRIC_REPRESENTATION_CONTEXT(2) 
PARAMETRIC_REPRESENTATION_CONTEXT() REPRESENTATION_CONTEXT('2D SPACE',''
  ) );
#2381 = ORIENTED_EDGE('',*,*,#231,.F.);
#2382 = ADVANCED_FACE('',(#2383),#275,.F.);
#2383 = FACE_BOUND('',#2384,.F.);
#2384 = EDGE_LOOP('',(#2385,#2406,#2407,#2408,#2429));
#2385 = ORIENTED_EDGE('',*,*,#2386,.F.);
#2386 = EDGE_CURVE('',#260,#531,#2387,.T.);
#2387 = SURFACE_CURVE('',#2388,(#2392,#2399),.PCURVE_S1.);
#2388 = LINE('',#2389,#2390);
#2389 = CARTESIAN_POINT('',(13.46,20.45,-92.5));
#2390 = VECTOR('',#2391,1.);
#2391 = DIRECTION('',(1.,0.,0.));
#2392 = PCURVE('',#275,#2393);
#2393 = DEFINITIONAL_REPRESENTATION('',(#2394),#2398);
#2394 = LINE('',#2395,#2396);
#2395 = CARTESIAN_POINT('',(35.707618584834,0.));
#2396 = VECTOR('',#2397,1.);
#2397 = DIRECTION('',(0.,-1.));
#2398 = ( GEOMETRIC_REPRESENTATION_CONTEXT(2) 
PARAMETRIC_REPRESENTATION_CONTEXT() REPRESENTATION_CONTEXT('2D SPACE',''
  ) );
#2399 = PCURVE('',#303,#2400);
#2400 = DEFINITIONAL_REPRESENTATION('',(#2401),#2405);
#2401 = LINE('',#2402,#2403);
#2402 = CARTESIAN_POINT('',(0.,0.));
#2403 = VECTOR('',#2404,1.);
#2404 = DIRECTION('',(0.,-1.));
#2405 = ( GEOMETRIC_REPRESENTATION_CONTEXT(2) 
PARAMETRIC_REPRESENTATION_CONTEXT() REPRESENTATION_CONTEXT('2D SPACE',''
  ) );
#2406 = ORIENTED_EDGE('',*,*,#259,.F.);
#2407 = ORIENTED_EDGE('',*,*,#2361,.T.);
#2408 = ORIENTED_EDGE('',*,*,#2409,.T.);
#2409 = EDGE_CURVE('',#2339,#503,#2410,.T.);
#2410 = SURFACE_CURVE('',#2411,(#2415,#2422),.PCURVE_S1.);
#2411 = LINE('',#2412,#2413);
#2412 = CARTESIAN_POINT('',(16.06,1.525,-62.22));
#2413 = VECTOR('',#2414,1.);
#2414 = DIRECTION('',(0.,0.529998940003,-0.847998304005));
#2415 = PCURVE('',#275,#2416);
#2416 = DEFINITIONAL_REPRESENTATION('',(#2417),#2421);
#2417 = LINE('',#2418,#2419);
#2418 = CARTESIAN_POINT('',(0.,-2.6));
#2419 = VECTOR('',#2420,1.);
#2420 = DIRECTION('',(1.,0.));
#2421 = ( GEOMETRIC_REPRESENTATION_CONTEXT(2) 
PARAMETRIC_REPRESENTATION_CONTEXT() REPRESENTATION_CONTEXT('2D SPACE',''
  ) );
#2422 = PCURVE('',#518,#2423);
#2423 = DEFINITIONAL_REPRESENTATION('',(#2424),#2428);
#2424 = LINE('',#2425,#2426);
#2425 = CARTESIAN_POINT('',(23.784,-21.925));
#2426 = VECTOR('',#2427,1.);
#2427 = DIRECTION('',(-0.847998304005,0.529998940003));
#2428 = ( GEOMETRIC_REPRESENTATION_CONTEXT(2) 
PARAMETRIC_REPRESENTATION_CONTEXT() REPRESENTATION_CONTEXT('2D SPACE',''
  ) );
#2429 = ORIENTED_EDGE('',*,*,#530,.F.);
#2430 = ADVANCED_FACE('',(#2431),#303,.F.);
#2431 = FACE_BOUND('',#2432,.F.);
#2432 = EDGE_LOOP('',(#2433,#2434,#2435));
#2433 = ORIENTED_EDGE('',*,*,#2386,.T.);
#2434 = ORIENTED_EDGE('',*,*,#561,.F.);
#2435 = ORIENTED_EDGE('',*,*,#287,.F.);
#2436 = ADVANCED_FACE('',(#2437),#434,.T.);
#2437 = FACE_BOUND('',#2438,.T.);
#2438 = EDGE_LOOP('',(#2439,#2462,#2488,#2514,#2537,#2565,#2586));
#2439 = ORIENTED_EDGE('',*,*,#2440,.F.);
#2440 = EDGE_CURVE('',#2441,#416,#2443,.T.);
#2441 = VERTEX_POINT('',#2442);
#2442 = CARTESIAN_POINT('',(-13.16,23.45,-33.));
#2443 = SURFACE_CURVE('',#2444,(#2448,#2455),.PCURVE_S1.);
#2444 = LINE('',#2445,#2446);
#2445 = CARTESIAN_POINT('',(-15.16,23.45,-33.));
#2446 = VECTOR('',#2447,1.);
#2447 = DIRECTION('',(1.,0.,-0.));
#2448 = PCURVE('',#434,#2449);
#2449 = DEFINITIONAL_REPRESENTATION('',(#2450),#2454);
#2450 = LINE('',#2451,#2452);
#2451 = CARTESIAN_POINT('',(0.,3.7));
#2452 = VECTOR('',#2453,1.);
#2453 = DIRECTION('',(1.,0.));
#2454 = ( GEOMETRIC_REPRESENTATION_CONTEXT(2) 
PARAMETRIC_REPRESENTATION_CONTEXT() REPRESENTATION_CONTEXT('2D SPACE',''
  ) );
#2455 = PCURVE('',#658,#2456);
#2456 = DEFINITIONAL_REPRESENTATION('',(#2457),#2461);
#2457 = LINE('',#2458,#2459);
#2458 = CARTESIAN_POINT('',(-29.07750737198,30.776098169807));
#2459 = VECTOR('',#2460,1.);
#2460 = DIRECTION('',(1.,0.));
#2461 = ( GEOMETRIC_REPRESENTATION_CONTEXT(2) 
PARAMETRIC_REPRESENTATION_CONTEXT() REPRESENTATION_CONTEXT('2D SPACE',''
  ) );
#2462 = ORIENTED_EDGE('',*,*,#2463,.T.);
#2463 = EDGE_CURVE('',#2441,#2464,#2466,.T.);
#2464 = VERTEX_POINT('',#2465);
#2465 = CARTESIAN_POINT('',(-13.16,19.8,-33.));
#2466 = SURFACE_CURVE('',#2467,(#2471,#2477),.PCURVE_S1.);
#2467 = LINE('',#2468,#2469);
#2468 = CARTESIAN_POINT('',(-13.16,22.1,-33.));
#2469 = VECTOR('',#2470,1.);
#2470 = DIRECTION('',(0.,-1.,0.));
#2471 = PCURVE('',#434,#2472);
#2472 = DEFINITIONAL_REPRESENTATION('',(#2473),#2476);
#2473 = B_SPLINE_CURVE_WITH_KNOTS('',1,(#2474,#2475),.UNSPECIFIED.,.F.,
  .F.,(2,2),(-1.35,2.3),.PIECEWISE_BEZIER_KNOTS.);
#2474 = CARTESIAN_POINT('',(2.,3.7));
#2475 = CARTESIAN_POINT('',(2.,5.E-02));
#2476 = ( GEOMETRIC_REPRESENTATION_CONTEXT(2) 
PARAMETRIC_REPRESENTATION_CONTEXT() REPRESENTATION_CONTEXT('2D SPACE',''
  ) );
#2477 = PCURVE('',#2478,#2483);
#2478 = PLANE('',#2479);
#2479 = AXIS2_PLACEMENT_3D('',#2480,#2481,#2482);
#2480 = CARTESIAN_POINT('',(-16.16,24.45,-36.));
#2481 = DIRECTION('',(-0.707106781187,0.,0.707106781187));
#2482 = DIRECTION('',(0.707106781187,0.,0.707106781187));
#2483 = DEFINITIONAL_REPRESENTATION('',(#2484),#2487);
#2484 = B_SPLINE_CURVE_WITH_KNOTS('',1,(#2485,#2486),.UNSPECIFIED.,.F.,
  .F.,(2,2),(-1.35,2.3),.PIECEWISE_BEZIER_KNOTS.);
#2485 = CARTESIAN_POINT('',(4.242640687119,-1.));
#2486 = CARTESIAN_POINT('',(4.242640687119,-4.65));
#2487 = ( GEOMETRIC_REPRESENTATION_CONTEXT(2) 
PARAMETRIC_REPRESENTATION_CONTEXT() REPRESENTATION_CONTEXT('2D SPACE',''
  ) );
#2488 = ORIENTED_EDGE('',*,*,#2489,.F.);
#2489 = EDGE_CURVE('',#2490,#2464,#2492,.T.);
#2490 = VERTEX_POINT('',#2491);
#2491 = CARTESIAN_POINT('',(-15.16,19.8,-33.));
#2492 = SURFACE_CURVE('',#2493,(#2497,#2503),.PCURVE_S1.);
#2493 = LINE('',#2494,#2495);
#2494 = CARTESIAN_POINT('',(-14.95289321881,19.8,-33.));
#2495 = VECTOR('',#2496,1.);
#2496 = DIRECTION('',(1.,0.,-0.));
#2497 = PCURVE('',#434,#2498);
#2498 = DEFINITIONAL_REPRESENTATION('',(#2499),#2502);
#2499 = B_SPLINE_CURVE_WITH_KNOTS('',1,(#2500,#2501),.UNSPECIFIED.,.F.,
  .F.,(2,2),(-0.207106781187,2.792893218813),.PIECEWISE_BEZIER_KNOTS.);
#2500 = CARTESIAN_POINT('',(0.,5.E-02));
#2501 = CARTESIAN_POINT('',(3.,5.E-02));
#2502 = ( GEOMETRIC_REPRESENTATION_CONTEXT(2) 
PARAMETRIC_REPRESENTATION_CONTEXT() REPRESENTATION_CONTEXT('2D SPACE',''
  ) );
#2503 = PCURVE('',#2504,#2509);
#2504 = PLANE('',#2505);
#2505 = AXIS2_PLACEMENT_3D('',#2506,#2507,#2508);
#2506 = CARTESIAN_POINT('',(-14.74578643762,19.8,-33.41421356237));
#2507 = DIRECTION('',(0.,-1.,0.));
#2508 = DIRECTION('',(1.,0.,0.));
#2509 = DEFINITIONAL_REPRESENTATION('',(#2510),#2513);
#2510 = B_SPLINE_CURVE_WITH_KNOTS('',1,(#2511,#2512),.UNSPECIFIED.,.F.,
  .F.,(2,2),(-0.207106781187,2.792893218813),.PIECEWISE_BEZIER_KNOTS.);
#2511 = CARTESIAN_POINT('',(-0.414213562373,0.414213562373));
#2512 = CARTESIAN_POINT('',(2.585786437627,0.414213562373));
#2513 = ( GEOMETRIC_REPRESENTATION_CONTEXT(2) 
PARAMETRIC_REPRESENTATION_CONTEXT() REPRESENTATION_CONTEXT('2D SPACE',''
  ) );
#2514 = ORIENTED_EDGE('',*,*,#2515,.F.);
#2515 = EDGE_CURVE('',#2516,#2490,#2518,.T.);
#2516 = VERTEX_POINT('',#2517);
#2517 = CARTESIAN_POINT('',(-15.16,19.75,-33.));
#2518 = SURFACE_CURVE('',#2519,(#2523,#2530),.PCURVE_S1.);
#2519 = LINE('',#2520,#2521);
#2520 = CARTESIAN_POINT('',(-15.16,19.75,-33.));
#2521 = VECTOR('',#2522,1.);
#2522 = DIRECTION('',(-0.,1.,0.));
#2523 = PCURVE('',#434,#2524);
#2524 = DEFINITIONAL_REPRESENTATION('',(#2525),#2529);
#2525 = LINE('',#2526,#2527);
#2526 = CARTESIAN_POINT('',(0.,0.));
#2527 = VECTOR('',#2528,1.);
#2528 = DIRECTION('',(0.,1.));
#2529 = ( GEOMETRIC_REPRESENTATION_CONTEXT(2) 
PARAMETRIC_REPRESENTATION_CONTEXT() REPRESENTATION_CONTEXT('2D SPACE',''
  ) );
#2530 = PCURVE('',#788,#2531);
#2531 = DEFINITIONAL_REPRESENTATION('',(#2532),#2536);
#2532 = LINE('',#2533,#2534);
#2533 = CARTESIAN_POINT('',(37.,0.));
#2534 = VECTOR('',#2535,1.);
#2535 = DIRECTION('',(0.,-1.));
#2536 = ( GEOMETRIC_REPRESENTATION_CONTEXT(2) 
PARAMETRIC_REPRESENTATION_CONTEXT() REPRESENTATION_CONTEXT('2D SPACE',''
  ) );
#2537 = ORIENTED_EDGE('',*,*,#2538,.T.);
#2538 = EDGE_CURVE('',#2516,#2539,#2541,.T.);
#2539 = VERTEX_POINT('',#2540);
#2540 = CARTESIAN_POINT('',(12.,19.75,-33.));
#2541 = SURFACE_CURVE('',#2542,(#2546,#2553),.PCURVE_S1.);
#2542 = LINE('',#2543,#2544);
#2543 = CARTESIAN_POINT('',(-15.16,19.75,-33.));
#2544 = VECTOR('',#2545,1.);
#2545 = DIRECTION('',(1.,0.,-0.));
#2546 = PCURVE('',#434,#2547);
#2547 = DEFINITIONAL_REPRESENTATION('',(#2548),#2552);
#2548 = LINE('',#2549,#2550);
#2549 = CARTESIAN_POINT('',(0.,0.));
#2550 = VECTOR('',#2551,1.);
#2551 = DIRECTION('',(1.,0.));
#2552 = ( GEOMETRIC_REPRESENTATION_CONTEXT(2) 
PARAMETRIC_REPRESENTATION_CONTEXT() REPRESENTATION_CONTEXT('2D SPACE',''
  ) );
#2553 = PCURVE('',#2554,#2559);
#2554 = PLANE('',#2555);
#2555 = AXIS2_PLACEMENT_3D('',#2556,#2557,#2558);
#2556 = CARTESIAN_POINT('',(-15.16,19.75,-36.));
#2557 = DIRECTION('',(-0.,1.,0.));
#2558 = DIRECTION('',(0.,0.,1.));
#2559 = DEFINITIONAL_REPRESENTATION('',(#2560),#2564);
#2560 = LINE('',#2561,#2562);
#2561 = CARTESIAN_POINT('',(3.,0.));
#2562 = VECTOR('',#2563,1.);
#2563 = DIRECTION('',(0.,1.));
#2564 = ( GEOMETRIC_REPRESENTATION_CONTEXT(2) 
PARAMETRIC_REPRESENTATION_CONTEXT() REPRESENTATION_CONTEXT('2D SPACE',''
  ) );
#2565 = ORIENTED_EDGE('',*,*,#2566,.T.);
#2566 = EDGE_CURVE('',#2539,#418,#2567,.T.);
#2567 = SURFACE_CURVE('',#2568,(#2572,#2579),.PCURVE_S1.);
#2568 = LINE('',#2569,#2570);
#2569 = CARTESIAN_POINT('',(12.,19.75,-33.));
#2570 = VECTOR('',#2571,1.);
#2571 = DIRECTION('',(-0.,1.,0.));
#2572 = PCURVE('',#434,#2573);
#2573 = DEFINITIONAL_REPRESENTATION('',(#2574),#2578);
#2574 = LINE('',#2575,#2576);
#2575 = CARTESIAN_POINT('',(27.16,0.));
#2576 = VECTOR('',#2577,1.);
#2577 = DIRECTION('',(0.,1.));
#2578 = ( GEOMETRIC_REPRESENTATION_CONTEXT(2) 
PARAMETRIC_REPRESENTATION_CONTEXT() REPRESENTATION_CONTEXT('2D SPACE',''
  ) );
#2579 = PCURVE('',#466,#2580);
#2580 = DEFINITIONAL_REPRESENTATION('',(#2581),#2585);
#2581 = LINE('',#2582,#2583);
#2582 = CARTESIAN_POINT('',(37.,0.));
#2583 = VECTOR('',#2584,1.);
#2584 = DIRECTION('',(0.,-1.));
#2585 = ( GEOMETRIC_REPRESENTATION_CONTEXT(2) 
PARAMETRIC_REPRESENTATION_CONTEXT() REPRESENTATION_CONTEXT('2D SPACE',''
  ) );
#2586 = ORIENTED_EDGE('',*,*,#415,.F.);
#2587 = ADVANCED_FACE('',(#2588,#2700,#2831,#2962,#2988,#3119),#658,.F.
  );
#2588 = FACE_BOUND('',#2589,.F.);
#2589 = EDGE_LOOP('',(#2590,#2591,#2612,#2635,#2656,#2680,#2699));
#2590 = ORIENTED_EDGE('',*,*,#2440,.F.);
#2591 = ORIENTED_EDGE('',*,*,#2592,.T.);
#2592 = EDGE_CURVE('',#2441,#2593,#2595,.T.);
#2593 = VERTEX_POINT('',#2594);
#2594 = CARTESIAN_POINT('',(-15.16,23.45,-35.));
#2595 = SURFACE_CURVE('',#2596,(#2600,#2606),.PCURVE_S1.);
#2596 = LINE('',#2597,#2598);
#2597 = CARTESIAN_POINT('',(-15.58464769945,23.45,-35.42464769945));
#2598 = VECTOR('',#2599,1.);
#2599 = DIRECTION('',(-0.707106781187,-0.,-0.707106781187));
#2600 = PCURVE('',#658,#2601);
#2601 = DEFINITIONAL_REPRESENTATION('',(#2602),#2605);
#2602 = B_SPLINE_CURVE_WITH_KNOTS('',1,(#2603,#2604),.UNSPECIFIED.,.F.,
  .F.,(2,2),(-3.428969660547,-0.600542535801),.PIECEWISE_BEZIER_KNOTS.);
#2603 = CARTESIAN_POINT('',(-27.07750737198,30.776098169807));
#2604 = CARTESIAN_POINT('',(-29.07750737198,28.776098169807));
#2605 = ( GEOMETRIC_REPRESENTATION_CONTEXT(2) 
PARAMETRIC_REPRESENTATION_CONTEXT() REPRESENTATION_CONTEXT('2D SPACE',''
  ) );
#2606 = PCURVE('',#2478,#2607);
#2607 = DEFINITIONAL_REPRESENTATION('',(#2608),#2611);
#2608 = B_SPLINE_CURVE_WITH_KNOTS('',1,(#2609,#2610),.UNSPECIFIED.,.F.,
  .F.,(2,2),(-3.428969660547,-0.600542535801),.PIECEWISE_BEZIER_KNOTS.);
#2609 = CARTESIAN_POINT('',(4.242640687119,-1.));
#2610 = CARTESIAN_POINT('',(1.414213562373,-1.));
#2611 = ( GEOMETRIC_REPRESENTATION_CONTEXT(2) 
PARAMETRIC_REPRESENTATION_CONTEXT() REPRESENTATION_CONTEXT('2D SPACE',''
  ) );
#2612 = ORIENTED_EDGE('',*,*,#2613,.F.);
#2613 = EDGE_CURVE('',#2614,#2593,#2616,.T.);
#2614 = VERTEX_POINT('',#2615);
#2615 = CARTESIAN_POINT('',(-15.16,23.45,-100.));
#2616 = SURFACE_CURVE('',#2617,(#2621,#2628),.PCURVE_S1.);
#2617 = LINE('',#2618,#2619);
#2618 = CARTESIAN_POINT('',(-15.16,23.45,-112.));
#2619 = VECTOR('',#2620,1.);
#2620 = DIRECTION('',(0.,0.,1.));
#2621 = PCURVE('',#658,#2622);
#2622 = DEFINITIONAL_REPRESENTATION('',(#2623),#2627);
#2623 = LINE('',#2624,#2625);
#2624 = CARTESIAN_POINT('',(-29.07750737198,-48.22390183019));
#2625 = VECTOR('',#2626,1.);
#2626 = DIRECTION('',(0.,1.));
#2627 = ( GEOMETRIC_REPRESENTATION_CONTEXT(2) 
PARAMETRIC_REPRESENTATION_CONTEXT() REPRESENTATION_CONTEXT('2D SPACE',''
  ) );
#2628 = PCURVE('',#788,#2629);
#2629 = DEFINITIONAL_REPRESENTATION('',(#2630),#2634);
#2630 = LINE('',#2631,#2632);
#2631 = CARTESIAN_POINT('',(-42.,-3.7));
#2632 = VECTOR('',#2633,1.);
#2633 = DIRECTION('',(1.,0.));
#2634 = ( GEOMETRIC_REPRESENTATION_CONTEXT(2) 
PARAMETRIC_REPRESENTATION_CONTEXT() REPRESENTATION_CONTEXT('2D SPACE',''
  ) );
#2635 = ORIENTED_EDGE('',*,*,#2636,.T.);
#2636 = EDGE_CURVE('',#2614,#2637,#2639,.T.);
#2637 = VERTEX_POINT('',#2638);
#2638 = CARTESIAN_POINT('',(-10.,23.45,-110.));
#2639 = SURFACE_CURVE('',#2640,(#2644,#2650),.PCURVE_S1.);
#2640 = LINE('',#2641,#2642);
#2641 = CARTESIAN_POINT('',(-19.48356195806,23.45,-91.62100395723));
#2642 = VECTOR('',#2643,1.);
#2643 = DIRECTION('',(0.458552371164,0.,-0.888667385977));
#2644 = PCURVE('',#658,#2645);
#2645 = DEFINITIONAL_REPRESENTATION('',(#2646),#2649);
#2646 = B_SPLINE_CURVE_WITH_KNOTS('',1,(#2647,#2648),.UNSPECIFIED.,.F.,
  .F.,(2,2),(9.428720098182,20.681524193162),.PIECEWISE_BEZIER_KNOTS.);
#2647 = CARTESIAN_POINT('',(-29.07750737198,-36.22390183019));
#2648 = CARTESIAN_POINT('',(-23.91750737198,-46.22390183019));
#2649 = ( GEOMETRIC_REPRESENTATION_CONTEXT(2) 
PARAMETRIC_REPRESENTATION_CONTEXT() REPRESENTATION_CONTEXT('2D SPACE',''
  ) );
#2650 = PCURVE('',#815,#2651);
#2651 = DEFINITIONAL_REPRESENTATION('',(#2652),#2655);
#2652 = B_SPLINE_CURVE_WITH_KNOTS('',1,(#2653,#2654),.UNSPECIFIED.,.F.,
  .F.,(2,2),(9.428720098182,20.681524193162),.PIECEWISE_BEZIER_KNOTS.);
#2653 = CARTESIAN_POINT('',(1.7763568394E-14,-44.85));
#2654 = CARTESIAN_POINT('',(11.25280409498,-44.85));
#2655 = ( GEOMETRIC_REPRESENTATION_CONTEXT(2) 
PARAMETRIC_REPRESENTATION_CONTEXT() REPRESENTATION_CONTEXT('2D SPACE',''
  ) );
#2656 = ORIENTED_EDGE('',*,*,#2657,.T.);
#2657 = EDGE_CURVE('',#2637,#2658,#2660,.T.);
#2658 = VERTEX_POINT('',#2659);
#2659 = CARTESIAN_POINT('',(10.,23.45,-110.));
#2660 = SURFACE_CURVE('',#2661,(#2666,#2673),.PCURVE_S1.);
#2661 = CIRCLE('',#2662,10.);
#2662 = AXIS2_PLACEMENT_3D('',#2663,#2664,#2665);
#2663 = CARTESIAN_POINT('',(0.,23.45,-110.));
#2664 = DIRECTION('',(0.,-1.,2.22044604925E-16));
#2665 = DIRECTION('',(1.,0.,0.));
#2666 = PCURVE('',#658,#2667);
#2667 = DEFINITIONAL_REPRESENTATION('',(#2668),#2672);
#2668 = CIRCLE('',#2669,10.);
#2669 = AXIS2_PLACEMENT_2D('',#2670,#2671);
#2670 = CARTESIAN_POINT('',(-13.91750737198,-46.22390183019));
#2671 = DIRECTION('',(1.,0.));
#2672 = ( GEOMETRIC_REPRESENTATION_CONTEXT(2) 
PARAMETRIC_REPRESENTATION_CONTEXT() REPRESENTATION_CONTEXT('2D SPACE',''
  ) );
#2673 = PCURVE('',#843,#2674);
#2674 = DEFINITIONAL_REPRESENTATION('',(#2675),#2679);
#2675 = LINE('',#2676,#2677);
#2676 = CARTESIAN_POINT('',(0.,0.));
#2677 = VECTOR('',#2678,1.);
#2678 = DIRECTION('',(1.,0.));
#2679 = ( GEOMETRIC_REPRESENTATION_CONTEXT(2) 
PARAMETRIC_REPRESENTATION_CONTEXT() REPRESENTATION_CONTEXT('2D SPACE',''
  ) );
#2680 = ORIENTED_EDGE('',*,*,#2681,.T.);
#2681 = EDGE_CURVE('',#2658,#613,#2682,.T.);
#2682 = SURFACE_CURVE('',#2683,(#2687,#2693),.PCURVE_S1.);
#2683 = LINE('',#2684,#2685);
#2684 = CARTESIAN_POINT('',(18.129460643128,23.45,-85.61161807061));
#2685 = VECTOR('',#2686,1.);
#2686 = DIRECTION('',(0.316227766017,0.,0.948683298051));
#2687 = PCURVE('',#658,#2688);
#2688 = DEFINITIONAL_REPRESENTATION('',(#2689),#2692);
#2689 = B_SPLINE_CURVE_WITH_KNOTS('',1,(#2690,#2691),.UNSPECIFIED.,.F.,
  .F.,(2,2),(-25.70761178098,-19.38305646064),.PIECEWISE_BEZIER_KNOTS.);
#2690 = CARTESIAN_POINT('',(-3.917507371985,-46.22390183019));
#2691 = CARTESIAN_POINT('',(-1.917507371985,-40.22390183019));
#2692 = ( GEOMETRIC_REPRESENTATION_CONTEXT(2) 
PARAMETRIC_REPRESENTATION_CONTEXT() REPRESENTATION_CONTEXT('2D SPACE',''
  ) );
#2693 = PCURVE('',#632,#2694);
#2694 = DEFINITIONAL_REPRESENTATION('',(#2695),#2698);
#2695 = B_SPLINE_CURVE_WITH_KNOTS('',1,(#2696,#2697),.UNSPECIFIED.,.F.,
  .F.,(2,2),(-25.70761178098,-19.38305646064),.PIECEWISE_BEZIER_KNOTS.);
#2696 = CARTESIAN_POINT('',(6.324555320337,-1.));
#2697 = CARTESIAN_POINT('',(0.,-1.));
#2698 = ( GEOMETRIC_REPRESENTATION_CONTEXT(2) 
PARAMETRIC_REPRESENTATION_CONTEXT() REPRESENTATION_CONTEXT('2D SPACE',''
  ) );
#2699 = ORIENTED_EDGE('',*,*,#644,.F.);
#2700 = FACE_BOUND('',#2701,.F.);
#2701 = EDGE_LOOP('',(#2702,#2725,#2746,#2767,#2788,#2809));
#2702 = ORIENTED_EDGE('',*,*,#2703,.T.);
#2703 = EDGE_CURVE('',#2704,#2706,#2708,.T.);
#2704 = VERTEX_POINT('',#2705);
#2705 = CARTESIAN_POINT('',(-1.7,23.45,-117.));
#2706 = VERTEX_POINT('',#2707);
#2707 = CARTESIAN_POINT('',(-1.7,23.45,-116.2958369439));
#2708 = SURFACE_CURVE('',#2709,(#2713,#2719),.PCURVE_S1.);
#2709 = LINE('',#2710,#2711);
#2710 = CARTESIAN_POINT('',(-1.7,23.45,-90.3880490849));
#2711 = VECTOR('',#2712,1.);
#2712 = DIRECTION('',(-0.,0.,1.));
#2713 = PCURVE('',#658,#2714);
#2714 = DEFINITIONAL_REPRESENTATION('',(#2715),#2718);
#2715 = B_SPLINE_CURVE_WITH_KNOTS('',1,(#2716,#2717),.UNSPECIFIED.,.F.,
  .F.,(2,2),(-26.61195091509,-25.90778785906),.PIECEWISE_BEZIER_KNOTS.);
#2716 = CARTESIAN_POINT('',(-15.61750737198,-53.22390183019));
#2717 = CARTESIAN_POINT('',(-15.61750737198,-52.51973877415));
#2718 = ( GEOMETRIC_REPRESENTATION_CONTEXT(2) 
PARAMETRIC_REPRESENTATION_CONTEXT() REPRESENTATION_CONTEXT('2D SPACE',''
  ) );
#2719 = PCURVE('',#893,#2720);
#2720 = DEFINITIONAL_REPRESENTATION('',(#2721),#2724);
#2721 = B_SPLINE_CURVE_WITH_KNOTS('',1,(#2722,#2723),.UNSPECIFIED.,.F.,
  .F.,(2,2),(-26.61195091509,-25.90778785906),.PIECEWISE_BEZIER_KNOTS.);
#2722 = CARTESIAN_POINT('',(0.,-44.85));
#2723 = CARTESIAN_POINT('',(0.704163056034,-44.85));
#2724 = ( GEOMETRIC_REPRESENTATION_CONTEXT(2) 
PARAMETRIC_REPRESENTATION_CONTEXT() REPRESENTATION_CONTEXT('2D SPACE',''
  ) );
#2725 = ORIENTED_EDGE('',*,*,#2726,.T.);
#2726 = EDGE_CURVE('',#2706,#2727,#2729,.T.);
#2727 = VERTEX_POINT('',#2728);
#2728 = CARTESIAN_POINT('',(-0.704163056034,23.45,-115.3));
#2729 = SURFACE_CURVE('',#2730,(#2734,#2740),.PCURVE_S1.);
#2730 = LINE('',#2731,#2732);
#2731 = CARTESIAN_POINT('',(14.982230008519,23.45,-99.61360693544));
#2732 = VECTOR('',#2733,1.);
#2733 = DIRECTION('',(0.707106781187,0.,0.707106781187));
#2734 = PCURVE('',#658,#2735);
#2735 = DEFINITIONAL_REPRESENTATION('',(#2736),#2739);
#2736 = B_SPLINE_CURVE_WITH_KNOTS('',1,(#2737,#2738),.UNSPECIFIED.,.F.,
  .F.,(2,2),(-23.59223592867,-22.1839098166),.PIECEWISE_BEZIER_KNOTS.);
#2737 = CARTESIAN_POINT('',(-15.61750737198,-52.51973877415));
#2738 = CARTESIAN_POINT('',(-14.62167042801,-51.52390183019));
#2739 = ( GEOMETRIC_REPRESENTATION_CONTEXT(2) 
PARAMETRIC_REPRESENTATION_CONTEXT() REPRESENTATION_CONTEXT('2D SPACE',''
  ) );
#2740 = PCURVE('',#919,#2741);
#2741 = DEFINITIONAL_REPRESENTATION('',(#2742),#2745);
#2742 = B_SPLINE_CURVE_WITH_KNOTS('',1,(#2743,#2744),.UNSPECIFIED.,.F.,
  .F.,(2,2),(-23.59223592867,-22.1839098166),.PIECEWISE_BEZIER_KNOTS.);
#2743 = CARTESIAN_POINT('',(0.995836943966,-44.85));
#2744 = CARTESIAN_POINT('',(2.404163056034,-44.85));
#2745 = ( GEOMETRIC_REPRESENTATION_CONTEXT(2) 
PARAMETRIC_REPRESENTATION_CONTEXT() REPRESENTATION_CONTEXT('2D SPACE',''
  ) );
#2746 = ORIENTED_EDGE('',*,*,#2747,.F.);
#2747 = EDGE_CURVE('',#2748,#2727,#2750,.T.);
#2748 = VERTEX_POINT('',#2749);
#2749 = CARTESIAN_POINT('',(0.704163056034,23.45,-115.3));
#2750 = SURFACE_CURVE('',#2751,(#2755,#2761),.PCURVE_S1.);
#2751 = LINE('',#2752,#2753);
#2752 = CARTESIAN_POINT('',(6.108753685992,23.45,-115.3));
#2753 = VECTOR('',#2754,1.);
#2754 = DIRECTION('',(-1.,0.,0.));
#2755 = PCURVE('',#658,#2756);
#2756 = DEFINITIONAL_REPRESENTATION('',(#2757),#2760);
#2757 = B_SPLINE_CURVE_WITH_KNOTS('',1,(#2758,#2759),.UNSPECIFIED.,.F.,
  .F.,(2,2),(5.404590629958,6.812916742027),.PIECEWISE_BEZIER_KNOTS.);
#2758 = CARTESIAN_POINT('',(-13.21334431595,-51.52390183019));
#2759 = CARTESIAN_POINT('',(-14.62167042801,-51.52390183019));
#2760 = ( GEOMETRIC_REPRESENTATION_CONTEXT(2) 
PARAMETRIC_REPRESENTATION_CONTEXT() REPRESENTATION_CONTEXT('2D SPACE',''
  ) );
#2761 = PCURVE('',#945,#2762);
#2762 = DEFINITIONAL_REPRESENTATION('',(#2763),#2766);
#2763 = B_SPLINE_CURVE_WITH_KNOTS('',1,(#2764,#2765),.UNSPECIFIED.,.F.,
  .F.,(2,2),(5.404590629958,6.812916742027),.PIECEWISE_BEZIER_KNOTS.);
#2764 = CARTESIAN_POINT('',(2.404163056034,44.85));
#2765 = CARTESIAN_POINT('',(0.995836943966,44.85));
#2766 = ( GEOMETRIC_REPRESENTATION_CONTEXT(2) 
PARAMETRIC_REPRESENTATION_CONTEXT() REPRESENTATION_CONTEXT('2D SPACE',''
  ) );
#2767 = ORIENTED_EDGE('',*,*,#2768,.F.);
#2768 = EDGE_CURVE('',#2769,#2748,#2771,.T.);
#2769 = VERTEX_POINT('',#2770);
#2770 = CARTESIAN_POINT('',(1.7,23.45,-116.2958369439));
#2771 = SURFACE_CURVE('',#2772,(#2776,#2782),.PCURVE_S1.);
#2772 = LINE('',#2773,#2774);
#2773 = CARTESIAN_POINT('',(-9.225557850543,23.45,-105.3702790934));
#2774 = VECTOR('',#2775,1.);
#2775 = DIRECTION('',(-0.707106781187,0.,0.707106781187));
#2776 = PCURVE('',#658,#2777);
#2777 = DEFINITIONAL_REPRESENTATION('',(#2778),#2781);
#2778 = B_SPLINE_CURVE_WITH_KNOTS('',1,(#2779,#2780),.UNSPECIFIED.,.F.,
  .F.,(2,2),(-15.45107208873,-14.04274597666),.PIECEWISE_BEZIER_KNOTS.);
#2779 = CARTESIAN_POINT('',(-12.21750737198,-52.51973877415));
#2780 = CARTESIAN_POINT('',(-13.21334431595,-51.52390183019));
#2781 = ( GEOMETRIC_REPRESENTATION_CONTEXT(2) 
PARAMETRIC_REPRESENTATION_CONTEXT() REPRESENTATION_CONTEXT('2D SPACE',''
  ) );
#2782 = PCURVE('',#971,#2783);
#2783 = DEFINITIONAL_REPRESENTATION('',(#2784),#2787);
#2784 = B_SPLINE_CURVE_WITH_KNOTS('',1,(#2785,#2786),.UNSPECIFIED.,.F.,
  .F.,(2,2),(-15.45107208873,-14.04274597666),.PIECEWISE_BEZIER_KNOTS.);
#2785 = CARTESIAN_POINT('',(2.404163056034,44.85));
#2786 = CARTESIAN_POINT('',(0.995836943966,44.85));
#2787 = ( GEOMETRIC_REPRESENTATION_CONTEXT(2) 
PARAMETRIC_REPRESENTATION_CONTEXT() REPRESENTATION_CONTEXT('2D SPACE',''
  ) );
#2788 = ORIENTED_EDGE('',*,*,#2789,.F.);
#2789 = EDGE_CURVE('',#2790,#2769,#2792,.T.);
#2790 = VERTEX_POINT('',#2791);
#2791 = CARTESIAN_POINT('',(1.7,23.45,-117.));
#2792 = SURFACE_CURVE('',#2793,(#2797,#2803),.PCURVE_S1.);
#2793 = LINE('',#2794,#2795);
#2794 = CARTESIAN_POINT('',(1.7,23.45,-90.3880490849));
#2795 = VECTOR('',#2796,1.);
#2796 = DIRECTION('',(-0.,0.,1.));
#2797 = PCURVE('',#658,#2798);
#2798 = DEFINITIONAL_REPRESENTATION('',(#2799),#2802);
#2799 = B_SPLINE_CURVE_WITH_KNOTS('',1,(#2800,#2801),.UNSPECIFIED.,.F.,
  .F.,(2,2),(-26.61195091509,-25.90778785906),.PIECEWISE_BEZIER_KNOTS.);
#2800 = CARTESIAN_POINT('',(-12.21750737198,-53.22390183019));
#2801 = CARTESIAN_POINT('',(-12.21750737198,-52.51973877415));
#2802 = ( GEOMETRIC_REPRESENTATION_CONTEXT(2) 
PARAMETRIC_REPRESENTATION_CONTEXT() REPRESENTATION_CONTEXT('2D SPACE',''
  ) );
#2803 = PCURVE('',#997,#2804);
#2804 = DEFINITIONAL_REPRESENTATION('',(#2805),#2808);
#2805 = B_SPLINE_CURVE_WITH_KNOTS('',1,(#2806,#2807),.UNSPECIFIED.,.F.,
  .F.,(2,2),(-26.61195091509,-25.90778785906),.PIECEWISE_BEZIER_KNOTS.);
#2806 = CARTESIAN_POINT('',(-7.105427357601E-15,-44.85));
#2807 = CARTESIAN_POINT('',(0.704163056034,-44.85));
#2808 = ( GEOMETRIC_REPRESENTATION_CONTEXT(2) 
PARAMETRIC_REPRESENTATION_CONTEXT() REPRESENTATION_CONTEXT('2D SPACE',''
  ) );
#2809 = ORIENTED_EDGE('',*,*,#2810,.F.);
#2810 = EDGE_CURVE('',#2704,#2790,#2811,.T.);
#2811 = SURFACE_CURVE('',#2812,(#2817,#2824),.PCURVE_S1.);
#2812 = CIRCLE('',#2813,1.7);
#2813 = AXIS2_PLACEMENT_3D('',#2814,#2815,#2816);
#2814 = CARTESIAN_POINT('',(0.,23.45,-117.));
#2815 = DIRECTION('',(0.,-1.,2.22044604925E-16));
#2816 = DIRECTION('',(1.,0.,0.));
#2817 = PCURVE('',#658,#2818);
#2818 = DEFINITIONAL_REPRESENTATION('',(#2819),#2823);
#2819 = CIRCLE('',#2820,1.7);
#2820 = AXIS2_PLACEMENT_2D('',#2821,#2822);
#2821 = CARTESIAN_POINT('',(-13.91750737198,-53.22390183019));
#2822 = DIRECTION('',(1.,0.));
#2823 = ( GEOMETRIC_REPRESENTATION_CONTEXT(2) 
PARAMETRIC_REPRESENTATION_CONTEXT() REPRESENTATION_CONTEXT('2D SPACE',''
  ) );
#2824 = PCURVE('',#1023,#2825);
#2825 = DEFINITIONAL_REPRESENTATION('',(#2826),#2830);
#2826 = LINE('',#2827,#2828);
#2827 = CARTESIAN_POINT('',(0.,1.));
#2828 = VECTOR('',#2829,1.);
#2829 = DIRECTION('',(1.,0.));
#2830 = ( GEOMETRIC_REPRESENTATION_CONTEXT(2) 
PARAMETRIC_REPRESENTATION_CONTEXT() REPRESENTATION_CONTEXT('2D SPACE',''
  ) );
#2831 = FACE_BOUND('',#2832,.F.);
#2832 = EDGE_LOOP('',(#2833,#2856,#2877,#2898,#2919,#2940));
#2833 = ORIENTED_EDGE('',*,*,#2834,.T.);
#2834 = EDGE_CURVE('',#2835,#2837,#2839,.T.);
#2835 = VERTEX_POINT('',#2836);
#2836 = CARTESIAN_POINT('',(-8.7,23.45,-110.));
#2837 = VERTEX_POINT('',#2838);
#2838 = CARTESIAN_POINT('',(-8.7,23.45,-109.2958369439));
#2839 = SURFACE_CURVE('',#2840,(#2844,#2850),.PCURVE_S1.);
#2840 = LINE('',#2841,#2842);
#2841 = CARTESIAN_POINT('',(-8.7,23.45,-86.8880490849));
#2842 = VECTOR('',#2843,1.);
#2843 = DIRECTION('',(-0.,0.,1.));
#2844 = PCURVE('',#658,#2845);
#2845 = DEFINITIONAL_REPRESENTATION('',(#2846),#2849);
#2846 = B_SPLINE_CURVE_WITH_KNOTS('',1,(#2847,#2848),.UNSPECIFIED.,.F.,
  .F.,(2,2),(-23.11195091509,-22.40778785906),.PIECEWISE_BEZIER_KNOTS.);
#2847 = CARTESIAN_POINT('',(-22.61750737198,-46.22390183019));
#2848 = CARTESIAN_POINT('',(-22.61750737198,-45.51973877415));
#2849 = ( GEOMETRIC_REPRESENTATION_CONTEXT(2) 
PARAMETRIC_REPRESENTATION_CONTEXT() REPRESENTATION_CONTEXT('2D SPACE',''
  ) );
#2850 = PCURVE('',#1054,#2851);
#2851 = DEFINITIONAL_REPRESENTATION('',(#2852),#2855);
#2852 = B_SPLINE_CURVE_WITH_KNOTS('',1,(#2853,#2854),.UNSPECIFIED.,.F.,
  .F.,(2,2),(-23.11195091509,-22.40778785906),.PIECEWISE_BEZIER_KNOTS.);
#2853 = CARTESIAN_POINT('',(0.,-44.85));
#2854 = CARTESIAN_POINT('',(0.704163056034,-44.85));
#2855 = ( GEOMETRIC_REPRESENTATION_CONTEXT(2) 
PARAMETRIC_REPRESENTATION_CONTEXT() REPRESENTATION_CONTEXT('2D SPACE',''
  ) );
#2856 = ORIENTED_EDGE('',*,*,#2857,.T.);
#2857 = EDGE_CURVE('',#2837,#2858,#2860,.T.);
#2858 = VERTEX_POINT('',#2859);
#2859 = CARTESIAN_POINT('',(-7.704163056034,23.45,-108.3));
#2860 = SURFACE_CURVE('',#2861,(#2865,#2871),.PCURVE_S1.);
#2861 = LINE('',#2862,#2863);
#2862 = CARTESIAN_POINT('',(7.982230008519,23.45,-92.61360693544));
#2863 = VECTOR('',#2864,1.);
#2864 = DIRECTION('',(0.707106781187,0.,0.707106781187));
#2865 = PCURVE('',#658,#2866);
#2866 = DEFINITIONAL_REPRESENTATION('',(#2867),#2870);
#2867 = B_SPLINE_CURVE_WITH_KNOTS('',1,(#2868,#2869),.UNSPECIFIED.,.F.,
  .F.,(2,2),(-23.59223592867,-22.1839098166),.PIECEWISE_BEZIER_KNOTS.);
#2868 = CARTESIAN_POINT('',(-22.61750737198,-45.51973877415));
#2869 = CARTESIAN_POINT('',(-21.62167042801,-44.52390183019));
#2870 = ( GEOMETRIC_REPRESENTATION_CONTEXT(2) 
PARAMETRIC_REPRESENTATION_CONTEXT() REPRESENTATION_CONTEXT('2D SPACE',''
  ) );
#2871 = PCURVE('',#1080,#2872);
#2872 = DEFINITIONAL_REPRESENTATION('',(#2873),#2876);
#2873 = B_SPLINE_CURVE_WITH_KNOTS('',1,(#2874,#2875),.UNSPECIFIED.,.F.,
  .F.,(2,2),(-23.59223592867,-22.1839098166),.PIECEWISE_BEZIER_KNOTS.);
#2874 = CARTESIAN_POINT('',(0.995836943966,-44.85));
#2875 = CARTESIAN_POINT('',(2.404163056034,-44.85));
#2876 = ( GEOMETRIC_REPRESENTATION_CONTEXT(2) 
PARAMETRIC_REPRESENTATION_CONTEXT() REPRESENTATION_CONTEXT('2D SPACE',''
  ) );
#2877 = ORIENTED_EDGE('',*,*,#2878,.F.);
#2878 = EDGE_CURVE('',#2879,#2858,#2881,.T.);
#2879 = VERTEX_POINT('',#2880);
#2880 = CARTESIAN_POINT('',(-6.295836943966,23.45,-108.3));
#2881 = SURFACE_CURVE('',#2882,(#2886,#2892),.PCURVE_S1.);
#2882 = LINE('',#2883,#2884);
#2883 = CARTESIAN_POINT('',(2.608753685992,23.45,-108.3));
#2884 = VECTOR('',#2885,1.);
#2885 = DIRECTION('',(-1.,0.,0.));
#2886 = PCURVE('',#658,#2887);
#2887 = DEFINITIONAL_REPRESENTATION('',(#2888),#2891);
#2888 = B_SPLINE_CURVE_WITH_KNOTS('',1,(#2889,#2890),.UNSPECIFIED.,.F.,
  .F.,(2,2),(8.904590629958,10.312916742027),.PIECEWISE_BEZIER_KNOTS.);
#2889 = CARTESIAN_POINT('',(-20.21334431595,-44.52390183019));
#2890 = CARTESIAN_POINT('',(-21.62167042801,-44.52390183019));
#2891 = ( GEOMETRIC_REPRESENTATION_CONTEXT(2) 
PARAMETRIC_REPRESENTATION_CONTEXT() REPRESENTATION_CONTEXT('2D SPACE',''
  ) );
#2892 = PCURVE('',#1106,#2893);
#2893 = DEFINITIONAL_REPRESENTATION('',(#2894),#2897);
#2894 = B_SPLINE_CURVE_WITH_KNOTS('',1,(#2895,#2896),.UNSPECIFIED.,.F.,
  .F.,(2,2),(8.904590629958,10.312916742027),.PIECEWISE_BEZIER_KNOTS.);
#2895 = CARTESIAN_POINT('',(2.404163056034,44.85));
#2896 = CARTESIAN_POINT('',(0.995836943966,44.85));
#2897 = ( GEOMETRIC_REPRESENTATION_CONTEXT(2) 
PARAMETRIC_REPRESENTATION_CONTEXT() REPRESENTATION_CONTEXT('2D SPACE',''
  ) );
#2898 = ORIENTED_EDGE('',*,*,#2899,.F.);
#2899 = EDGE_CURVE('',#2900,#2879,#2902,.T.);
#2900 = VERTEX_POINT('',#2901);
#2901 = CARTESIAN_POINT('',(-5.3,23.45,-109.2958369439));
#2902 = SURFACE_CURVE('',#2903,(#2907,#2913),.PCURVE_S1.);
#2903 = LINE('',#2904,#2905);
#2904 = CARTESIAN_POINT('',(-12.72555785054,23.45,-101.8702790934));
#2905 = VECTOR('',#2906,1.);
#2906 = DIRECTION('',(-0.707106781187,0.,0.707106781187));
#2907 = PCURVE('',#658,#2908);
#2908 = DEFINITIONAL_REPRESENTATION('',(#2909),#2912);
#2909 = B_SPLINE_CURVE_WITH_KNOTS('',1,(#2910,#2911),.UNSPECIFIED.,.F.,
  .F.,(2,2),(-10.50132462042,-9.092998508356),.PIECEWISE_BEZIER_KNOTS.);
#2910 = CARTESIAN_POINT('',(-19.21750737198,-45.51973877415));
#2911 = CARTESIAN_POINT('',(-20.21334431595,-44.52390183019));
#2912 = ( GEOMETRIC_REPRESENTATION_CONTEXT(2) 
PARAMETRIC_REPRESENTATION_CONTEXT() REPRESENTATION_CONTEXT('2D SPACE',''
  ) );
#2913 = PCURVE('',#1132,#2914);
#2914 = DEFINITIONAL_REPRESENTATION('',(#2915),#2918);
#2915 = B_SPLINE_CURVE_WITH_KNOTS('',1,(#2916,#2917),.UNSPECIFIED.,.F.,
  .F.,(2,2),(-10.50132462042,-9.092998508356),.PIECEWISE_BEZIER_KNOTS.);
#2916 = CARTESIAN_POINT('',(2.404163056034,44.85));
#2917 = CARTESIAN_POINT('',(0.995836943966,44.85));
#2918 = ( GEOMETRIC_REPRESENTATION_CONTEXT(2) 
PARAMETRIC_REPRESENTATION_CONTEXT() REPRESENTATION_CONTEXT('2D SPACE',''
  ) );
#2919 = ORIENTED_EDGE('',*,*,#2920,.F.);
#2920 = EDGE_CURVE('',#2921,#2900,#2923,.T.);
#2921 = VERTEX_POINT('',#2922);
#2922 = CARTESIAN_POINT('',(-5.3,23.45,-110.));
#2923 = SURFACE_CURVE('',#2924,(#2928,#2934),.PCURVE_S1.);
#2924 = LINE('',#2925,#2926);
#2925 = CARTESIAN_POINT('',(-5.3,23.45,-86.8880490849));
#2926 = VECTOR('',#2927,1.);
#2927 = DIRECTION('',(-0.,0.,1.));
#2928 = PCURVE('',#658,#2929);
#2929 = DEFINITIONAL_REPRESENTATION('',(#2930),#2933);
#2930 = B_SPLINE_CURVE_WITH_KNOTS('',1,(#2931,#2932),.UNSPECIFIED.,.F.,
  .F.,(2,2),(-23.11195091509,-22.40778785906),.PIECEWISE_BEZIER_KNOTS.);
#2931 = CARTESIAN_POINT('',(-19.21750737198,-46.22390183019));
#2932 = CARTESIAN_POINT('',(-19.21750737198,-45.51973877415));
#2933 = ( GEOMETRIC_REPRESENTATION_CONTEXT(2) 
PARAMETRIC_REPRESENTATION_CONTEXT() REPRESENTATION_CONTEXT('2D SPACE',''
  ) );
#2934 = PCURVE('',#1158,#2935);
#2935 = DEFINITIONAL_REPRESENTATION('',(#2936),#2939);
#2936 = B_SPLINE_CURVE_WITH_KNOTS('',1,(#2937,#2938),.UNSPECIFIED.,.F.,
  .F.,(2,2),(-23.11195091509,-22.40778785906),.PIECEWISE_BEZIER_KNOTS.);
#2937 = CARTESIAN_POINT('',(-7.105427357601E-15,-44.85));
#2938 = CARTESIAN_POINT('',(0.704163056034,-44.85));
#2939 = ( GEOMETRIC_REPRESENTATION_CONTEXT(2) 
PARAMETRIC_REPRESENTATION_CONTEXT() REPRESENTATION_CONTEXT('2D SPACE',''
  ) );
#2940 = ORIENTED_EDGE('',*,*,#2941,.F.);
#2941 = EDGE_CURVE('',#2835,#2921,#2942,.T.);
#2942 = SURFACE_CURVE('',#2943,(#2948,#2955),.PCURVE_S1.);
#2943 = CIRCLE('',#2944,1.7);
#2944 = AXIS2_PLACEMENT_3D('',#2945,#2946,#2947);
#2945 = CARTESIAN_POINT('',(-7.,23.45,-110.));
#2946 = DIRECTION('',(0.,-1.,2.22044604925E-16));
#2947 = DIRECTION('',(1.,0.,0.));
#2948 = PCURVE('',#658,#2949);
#2949 = DEFINITIONAL_REPRESENTATION('',(#2950),#2954);
#2950 = CIRCLE('',#2951,1.7);
#2951 = AXIS2_PLACEMENT_2D('',#2952,#2953);
#2952 = CARTESIAN_POINT('',(-20.91750737198,-46.22390183019));
#2953 = DIRECTION('',(1.,0.));
#2954 = ( GEOMETRIC_REPRESENTATION_CONTEXT(2) 
PARAMETRIC_REPRESENTATION_CONTEXT() REPRESENTATION_CONTEXT('2D SPACE',''
  ) );
#2955 = PCURVE('',#1184,#2956);
#2956 = DEFINITIONAL_REPRESENTATION('',(#2957),#2961);
#2957 = LINE('',#2958,#2959);
#2958 = CARTESIAN_POINT('',(0.,1.));
#2959 = VECTOR('',#2960,1.);
#2960 = DIRECTION('',(1.,0.));
#2961 = ( GEOMETRIC_REPRESENTATION_CONTEXT(2) 
PARAMETRIC_REPRESENTATION_CONTEXT() REPRESENTATION_CONTEXT('2D SPACE',''
  ) );
#2962 = FACE_BOUND('',#2963,.F.);
#2963 = EDGE_LOOP('',(#2964));
#2964 = ORIENTED_EDGE('',*,*,#2965,.F.);
#2965 = EDGE_CURVE('',#2966,#2966,#2968,.T.);
#2966 = VERTEX_POINT('',#2967);
#2967 = CARTESIAN_POINT('',(3.1,23.45,-110.));
#2968 = SURFACE_CURVE('',#2969,(#2974,#2981),.PCURVE_S1.);
#2969 = CIRCLE('',#2970,3.1);
#2970 = AXIS2_PLACEMENT_3D('',#2971,#2972,#2973);
#2971 = CARTESIAN_POINT('',(0.,23.45,-110.));
#2972 = DIRECTION('',(0.,-1.,2.22044604925E-16));
#2973 = DIRECTION('',(1.,0.,0.));
#2974 = PCURVE('',#658,#2975);
#2975 = DEFINITIONAL_REPRESENTATION('',(#2976),#2980);
#2976 = CIRCLE('',#2977,3.1);
#2977 = AXIS2_PLACEMENT_2D('',#2978,#2979);
#2978 = CARTESIAN_POINT('',(-13.91750737198,-46.22390183019));
#2979 = DIRECTION('',(1.,0.));
#2980 = ( GEOMETRIC_REPRESENTATION_CONTEXT(2) 
PARAMETRIC_REPRESENTATION_CONTEXT() REPRESENTATION_CONTEXT('2D SPACE',''
  ) );
#2981 = PCURVE('',#1215,#2982);
#2982 = DEFINITIONAL_REPRESENTATION('',(#2983),#2987);
#2983 = LINE('',#2984,#2985);
#2984 = CARTESIAN_POINT('',(0.,1.));
#2985 = VECTOR('',#2986,1.);
#2986 = DIRECTION('',(1.,0.));
#2987 = ( GEOMETRIC_REPRESENTATION_CONTEXT(2) 
PARAMETRIC_REPRESENTATION_CONTEXT() REPRESENTATION_CONTEXT('2D SPACE',''
  ) );
#2988 = FACE_BOUND('',#2989,.F.);
#2989 = EDGE_LOOP('',(#2990,#3013,#3034,#3055,#3076,#3097));
#2990 = ORIENTED_EDGE('',*,*,#2991,.T.);
#2991 = EDGE_CURVE('',#2992,#2994,#2996,.T.);
#2992 = VERTEX_POINT('',#2993);
#2993 = CARTESIAN_POINT('',(5.3,23.45,-110.));
#2994 = VERTEX_POINT('',#2995);
#2995 = CARTESIAN_POINT('',(5.3,23.45,-109.2958369439));
#2996 = SURFACE_CURVE('',#2997,(#3001,#3007),.PCURVE_S1.);
#2997 = LINE('',#2998,#2999);
#2998 = CARTESIAN_POINT('',(5.3,23.45,-86.8880490849));
#2999 = VECTOR('',#3000,1.);
#3000 = DIRECTION('',(-0.,0.,1.));
#3001 = PCURVE('',#658,#3002);
#3002 = DEFINITIONAL_REPRESENTATION('',(#3003),#3006);
#3003 = B_SPLINE_CURVE_WITH_KNOTS('',1,(#3004,#3005),.UNSPECIFIED.,.F.,
  .F.,(2,2),(-23.11195091509,-22.40778785906),.PIECEWISE_BEZIER_KNOTS.);
#3004 = CARTESIAN_POINT('',(-8.617507371985,-46.22390183019));
#3005 = CARTESIAN_POINT('',(-8.617507371985,-45.51973877415));
#3006 = ( GEOMETRIC_REPRESENTATION_CONTEXT(2) 
PARAMETRIC_REPRESENTATION_CONTEXT() REPRESENTATION_CONTEXT('2D SPACE',''
  ) );
#3007 = PCURVE('',#1246,#3008);
#3008 = DEFINITIONAL_REPRESENTATION('',(#3009),#3012);
#3009 = B_SPLINE_CURVE_WITH_KNOTS('',1,(#3010,#3011),.UNSPECIFIED.,.F.,
  .F.,(2,2),(-23.11195091509,-22.40778785906),.PIECEWISE_BEZIER_KNOTS.);
#3010 = CARTESIAN_POINT('',(0.,-44.85));
#3011 = CARTESIAN_POINT('',(0.704163056034,-44.85));
#3012 = ( GEOMETRIC_REPRESENTATION_CONTEXT(2) 
PARAMETRIC_REPRESENTATION_CONTEXT() REPRESENTATION_CONTEXT('2D SPACE',''
  ) );
#3013 = ORIENTED_EDGE('',*,*,#3014,.T.);
#3014 = EDGE_CURVE('',#2994,#3015,#3017,.T.);
#3015 = VERTEX_POINT('',#3016);
#3016 = CARTESIAN_POINT('',(6.295836943966,23.45,-108.3));
#3017 = SURFACE_CURVE('',#3018,(#3022,#3028),.PCURVE_S1.);
#3018 = LINE('',#3019,#3020);
#3019 = CARTESIAN_POINT('',(18.482230008519,23.45,-96.11360693544));
#3020 = VECTOR('',#3021,1.);
#3021 = DIRECTION('',(0.707106781187,0.,0.707106781187));
#3022 = PCURVE('',#658,#3023);
#3023 = DEFINITIONAL_REPRESENTATION('',(#3024),#3027);
#3024 = B_SPLINE_CURVE_WITH_KNOTS('',1,(#3025,#3026),.UNSPECIFIED.,.F.,
  .F.,(2,2),(-18.64248846036,-17.2341623483),.PIECEWISE_BEZIER_KNOTS.);
#3025 = CARTESIAN_POINT('',(-8.617507371985,-45.51973877415));
#3026 = CARTESIAN_POINT('',(-7.621670428019,-44.52390183019));
#3027 = ( GEOMETRIC_REPRESENTATION_CONTEXT(2) 
PARAMETRIC_REPRESENTATION_CONTEXT() REPRESENTATION_CONTEXT('2D SPACE',''
  ) );
#3028 = PCURVE('',#1272,#3029);
#3029 = DEFINITIONAL_REPRESENTATION('',(#3030),#3033);
#3030 = B_SPLINE_CURVE_WITH_KNOTS('',1,(#3031,#3032),.UNSPECIFIED.,.F.,
  .F.,(2,2),(-18.64248846036,-17.2341623483),.PIECEWISE_BEZIER_KNOTS.);
#3031 = CARTESIAN_POINT('',(0.995836943966,-44.85));
#3032 = CARTESIAN_POINT('',(2.404163056034,-44.85));
#3033 = ( GEOMETRIC_REPRESENTATION_CONTEXT(2) 
PARAMETRIC_REPRESENTATION_CONTEXT() REPRESENTATION_CONTEXT('2D SPACE',''
  ) );
#3034 = ORIENTED_EDGE('',*,*,#3035,.F.);
#3035 = EDGE_CURVE('',#3036,#3015,#3038,.T.);
#3036 = VERTEX_POINT('',#3037);
#3037 = CARTESIAN_POINT('',(7.704163056034,23.45,-108.3));
#3038 = SURFACE_CURVE('',#3039,(#3043,#3049),.PCURVE_S1.);
#3039 = LINE('',#3040,#3041);
#3040 = CARTESIAN_POINT('',(9.608753685992,23.45,-108.3));
#3041 = VECTOR('',#3042,1.);
#3042 = DIRECTION('',(-1.,0.,0.));
#3043 = PCURVE('',#658,#3044);
#3044 = DEFINITIONAL_REPRESENTATION('',(#3045),#3048);
#3045 = B_SPLINE_CURVE_WITH_KNOTS('',1,(#3046,#3047),.UNSPECIFIED.,.F.,
  .F.,(2,2),(1.904590629958,3.312916742027),.PIECEWISE_BEZIER_KNOTS.);
#3046 = CARTESIAN_POINT('',(-6.21334431595,-44.52390183019));
#3047 = CARTESIAN_POINT('',(-7.621670428019,-44.52390183019));
#3048 = ( GEOMETRIC_REPRESENTATION_CONTEXT(2) 
PARAMETRIC_REPRESENTATION_CONTEXT() REPRESENTATION_CONTEXT('2D SPACE',''
  ) );
#3049 = PCURVE('',#1298,#3050);
#3050 = DEFINITIONAL_REPRESENTATION('',(#3051),#3054);
#3051 = B_SPLINE_CURVE_WITH_KNOTS('',1,(#3052,#3053),.UNSPECIFIED.,.F.,
  .F.,(2,2),(1.904590629958,3.312916742027),.PIECEWISE_BEZIER_KNOTS.);
#3052 = CARTESIAN_POINT('',(2.404163056034,44.85));
#3053 = CARTESIAN_POINT('',(0.995836943966,44.85));
#3054 = ( GEOMETRIC_REPRESENTATION_CONTEXT(2) 
PARAMETRIC_REPRESENTATION_CONTEXT() REPRESENTATION_CONTEXT('2D SPACE',''
  ) );
#3055 = ORIENTED_EDGE('',*,*,#3056,.F.);
#3056 = EDGE_CURVE('',#3057,#3036,#3059,.T.);
#3057 = VERTEX_POINT('',#3058);
#3058 = CARTESIAN_POINT('',(8.7,23.45,-109.2958369439));
#3059 = SURFACE_CURVE('',#3060,(#3064,#3070),.PCURVE_S1.);
#3060 = LINE('',#3061,#3062);
#3061 = CARTESIAN_POINT('',(-2.225557850543,23.45,-98.37027909342));
#3062 = VECTOR('',#3063,1.);
#3063 = DIRECTION('',(-0.707106781187,0.,0.707106781187));
#3064 = PCURVE('',#658,#3065);
#3065 = DEFINITIONAL_REPRESENTATION('',(#3066),#3069);
#3066 = B_SPLINE_CURVE_WITH_KNOTS('',1,(#3067,#3068),.UNSPECIFIED.,.F.,
  .F.,(2,2),(-15.45107208873,-14.04274597666),.PIECEWISE_BEZIER_KNOTS.);
#3067 = CARTESIAN_POINT('',(-5.217507371985,-45.51973877415));
#3068 = CARTESIAN_POINT('',(-6.21334431595,-44.52390183019));
#3069 = ( GEOMETRIC_REPRESENTATION_CONTEXT(2) 
PARAMETRIC_REPRESENTATION_CONTEXT() REPRESENTATION_CONTEXT('2D SPACE',''
  ) );
#3070 = PCURVE('',#1324,#3071);
#3071 = DEFINITIONAL_REPRESENTATION('',(#3072),#3075);
#3072 = B_SPLINE_CURVE_WITH_KNOTS('',1,(#3073,#3074),.UNSPECIFIED.,.F.,
  .F.,(2,2),(-15.45107208873,-14.04274597666),.PIECEWISE_BEZIER_KNOTS.);
#3073 = CARTESIAN_POINT('',(2.404163056034,44.85));
#3074 = CARTESIAN_POINT('',(0.995836943966,44.85));
#3075 = ( GEOMETRIC_REPRESENTATION_CONTEXT(2) 
PARAMETRIC_REPRESENTATION_CONTEXT() REPRESENTATION_CONTEXT('2D SPACE',''
  ) );
#3076 = ORIENTED_EDGE('',*,*,#3077,.F.);
#3077 = EDGE_CURVE('',#3078,#3057,#3080,.T.);
#3078 = VERTEX_POINT('',#3079);
#3079 = CARTESIAN_POINT('',(8.7,23.45,-110.));
#3080 = SURFACE_CURVE('',#3081,(#3085,#3091),.PCURVE_S1.);
#3081 = LINE('',#3082,#3083);
#3082 = CARTESIAN_POINT('',(8.7,23.45,-86.8880490849));
#3083 = VECTOR('',#3084,1.);
#3084 = DIRECTION('',(-0.,0.,1.));
#3085 = PCURVE('',#658,#3086);
#3086 = DEFINITIONAL_REPRESENTATION('',(#3087),#3090);
#3087 = B_SPLINE_CURVE_WITH_KNOTS('',1,(#3088,#3089),.UNSPECIFIED.,.F.,
  .F.,(2,2),(-23.11195091509,-22.40778785906),.PIECEWISE_BEZIER_KNOTS.);
#3088 = CARTESIAN_POINT('',(-5.217507371985,-46.22390183019));
#3089 = CARTESIAN_POINT('',(-5.217507371985,-45.51973877415));
#3090 = ( GEOMETRIC_REPRESENTATION_CONTEXT(2) 
PARAMETRIC_REPRESENTATION_CONTEXT() REPRESENTATION_CONTEXT('2D SPACE',''
  ) );
#3091 = PCURVE('',#1350,#3092);
#3092 = DEFINITIONAL_REPRESENTATION('',(#3093),#3096);
#3093 = B_SPLINE_CURVE_WITH_KNOTS('',1,(#3094,#3095),.UNSPECIFIED.,.F.,
  .F.,(2,2),(-23.11195091509,-22.40778785906),.PIECEWISE_BEZIER_KNOTS.);
#3094 = CARTESIAN_POINT('',(-7.105427357601E-15,-44.85));
#3095 = CARTESIAN_POINT('',(0.704163056034,-44.85));
#3096 = ( GEOMETRIC_REPRESENTATION_CONTEXT(2) 
PARAMETRIC_REPRESENTATION_CONTEXT() REPRESENTATION_CONTEXT('2D SPACE',''
  ) );
#3097 = ORIENTED_EDGE('',*,*,#3098,.F.);
#3098 = EDGE_CURVE('',#2992,#3078,#3099,.T.);
#3099 = SURFACE_CURVE('',#3100,(#3105,#3112),.PCURVE_S1.);
#3100 = CIRCLE('',#3101,1.7);
#3101 = AXIS2_PLACEMENT_3D('',#3102,#3103,#3104);
#3102 = CARTESIAN_POINT('',(7.,23.45,-110.));
#3103 = DIRECTION('',(0.,-1.,2.22044604925E-16));
#3104 = DIRECTION('',(1.,0.,0.));
#3105 = PCURVE('',#658,#3106);
#3106 = DEFINITIONAL_REPRESENTATION('',(#3107),#3111);
#3107 = CIRCLE('',#3108,1.7);
#3108 = AXIS2_PLACEMENT_2D('',#3109,#3110);
#3109 = CARTESIAN_POINT('',(-6.917507371985,-46.22390183019));
#3110 = DIRECTION('',(1.,0.));
#3111 = ( GEOMETRIC_REPRESENTATION_CONTEXT(2) 
PARAMETRIC_REPRESENTATION_CONTEXT() REPRESENTATION_CONTEXT('2D SPACE',''
  ) );
#3112 = PCURVE('',#1376,#3113);
#3113 = DEFINITIONAL_REPRESENTATION('',(#3114),#3118);
#3114 = LINE('',#3115,#3116);
#3115 = CARTESIAN_POINT('',(0.,1.));
#3116 = VECTOR('',#3117,1.);
#3117 = DIRECTION('',(1.,0.));
#3118 = ( GEOMETRIC_REPRESENTATION_CONTEXT(2) 
PARAMETRIC_REPRESENTATION_CONTEXT() REPRESENTATION_CONTEXT('2D SPACE',''
  ) );
#3119 = FACE_BOUND('',#3120,.F.);
#3120 = EDGE_LOOP('',(#3121,#3144,#3165,#3186,#3207,#3228));
#3121 = ORIENTED_EDGE('',*,*,#3122,.T.);
#3122 = EDGE_CURVE('',#3123,#3125,#3127,.T.);
#3123 = VERTEX_POINT('',#3124);
#3124 = CARTESIAN_POINT('',(-1.7,23.45,-103.));
#3125 = VERTEX_POINT('',#3126);
#3126 = CARTESIAN_POINT('',(-1.7,23.45,-102.2958369439));
#3127 = SURFACE_CURVE('',#3128,(#3132,#3138),.PCURVE_S1.);
#3128 = LINE('',#3129,#3130);
#3129 = CARTESIAN_POINT('',(-1.7,23.45,-83.3880490849));
#3130 = VECTOR('',#3131,1.);
#3131 = DIRECTION('',(-0.,0.,1.));
#3132 = PCURVE('',#658,#3133);
#3133 = DEFINITIONAL_REPRESENTATION('',(#3134),#3137);
#3134 = B_SPLINE_CURVE_WITH_KNOTS('',1,(#3135,#3136),.UNSPECIFIED.,.F.,
  .F.,(2,2),(-19.61195091509,-18.90778785906),.PIECEWISE_BEZIER_KNOTS.);
#3135 = CARTESIAN_POINT('',(-15.61750737198,-39.22390183019));
#3136 = CARTESIAN_POINT('',(-15.61750737198,-38.51973877415));
#3137 = ( GEOMETRIC_REPRESENTATION_CONTEXT(2) 
PARAMETRIC_REPRESENTATION_CONTEXT() REPRESENTATION_CONTEXT('2D SPACE',''
  ) );
#3138 = PCURVE('',#1407,#3139);
#3139 = DEFINITIONAL_REPRESENTATION('',(#3140),#3143);
#3140 = B_SPLINE_CURVE_WITH_KNOTS('',1,(#3141,#3142),.UNSPECIFIED.,.F.,
  .F.,(2,2),(-19.61195091509,-18.90778785906),.PIECEWISE_BEZIER_KNOTS.);
#3141 = CARTESIAN_POINT('',(0.,-44.85));
#3142 = CARTESIAN_POINT('',(0.704163056034,-44.85));
#3143 = ( GEOMETRIC_REPRESENTATION_CONTEXT(2) 
PARAMETRIC_REPRESENTATION_CONTEXT() REPRESENTATION_CONTEXT('2D SPACE',''
  ) );
#3144 = ORIENTED_EDGE('',*,*,#3145,.T.);
#3145 = EDGE_CURVE('',#3125,#3146,#3148,.T.);
#3146 = VERTEX_POINT('',#3147);
#3147 = CARTESIAN_POINT('',(-0.704163056034,23.45,-101.3));
#3148 = SURFACE_CURVE('',#3149,(#3153,#3159),.PCURVE_S1.);
#3149 = LINE('',#3150,#3151);
#3150 = CARTESIAN_POINT('',(11.482230008519,23.45,-89.11360693544));
#3151 = VECTOR('',#3152,1.);
#3152 = DIRECTION('',(0.707106781187,0.,0.707106781187));
#3153 = PCURVE('',#658,#3154);
#3154 = DEFINITIONAL_REPRESENTATION('',(#3155),#3158);
#3155 = B_SPLINE_CURVE_WITH_KNOTS('',1,(#3156,#3157),.UNSPECIFIED.,.F.,
  .F.,(2,2),(-18.64248846036,-17.2341623483),.PIECEWISE_BEZIER_KNOTS.);
#3156 = CARTESIAN_POINT('',(-15.61750737198,-38.51973877415));
#3157 = CARTESIAN_POINT('',(-14.62167042801,-37.52390183019));
#3158 = ( GEOMETRIC_REPRESENTATION_CONTEXT(2) 
PARAMETRIC_REPRESENTATION_CONTEXT() REPRESENTATION_CONTEXT('2D SPACE',''
  ) );
#3159 = PCURVE('',#1433,#3160);
#3160 = DEFINITIONAL_REPRESENTATION('',(#3161),#3164);
#3161 = B_SPLINE_CURVE_WITH_KNOTS('',1,(#3162,#3163),.UNSPECIFIED.,.F.,
  .F.,(2,2),(-18.64248846036,-17.2341623483),.PIECEWISE_BEZIER_KNOTS.);
#3162 = CARTESIAN_POINT('',(0.995836943966,-44.85));
#3163 = CARTESIAN_POINT('',(2.404163056034,-44.85));
#3164 = ( GEOMETRIC_REPRESENTATION_CONTEXT(2) 
PARAMETRIC_REPRESENTATION_CONTEXT() REPRESENTATION_CONTEXT('2D SPACE',''
  ) );
#3165 = ORIENTED_EDGE('',*,*,#3166,.F.);
#3166 = EDGE_CURVE('',#3167,#3146,#3169,.T.);
#3167 = VERTEX_POINT('',#3168);
#3168 = CARTESIAN_POINT('',(0.704163056034,23.45,-101.3));
#3169 = SURFACE_CURVE('',#3170,(#3174,#3180),.PCURVE_S1.);
#3170 = LINE('',#3171,#3172);
#3171 = CARTESIAN_POINT('',(6.108753685992,23.45,-101.3));
#3172 = VECTOR('',#3173,1.);
#3173 = DIRECTION('',(-1.,0.,0.));
#3174 = PCURVE('',#658,#3175);
#3175 = DEFINITIONAL_REPRESENTATION('',(#3176),#3179);
#3176 = B_SPLINE_CURVE_WITH_KNOTS('',1,(#3177,#3178),.UNSPECIFIED.,.F.,
  .F.,(2,2),(5.404590629958,6.812916742027),.PIECEWISE_BEZIER_KNOTS.);
#3177 = CARTESIAN_POINT('',(-13.21334431595,-37.52390183019));
#3178 = CARTESIAN_POINT('',(-14.62167042801,-37.52390183019));
#3179 = ( GEOMETRIC_REPRESENTATION_CONTEXT(2) 
PARAMETRIC_REPRESENTATION_CONTEXT() REPRESENTATION_CONTEXT('2D SPACE',''
  ) );
#3180 = PCURVE('',#1459,#3181);
#3181 = DEFINITIONAL_REPRESENTATION('',(#3182),#3185);
#3182 = B_SPLINE_CURVE_WITH_KNOTS('',1,(#3183,#3184),.UNSPECIFIED.,.F.,
  .F.,(2,2),(5.404590629958,6.812916742027),.PIECEWISE_BEZIER_KNOTS.);
#3183 = CARTESIAN_POINT('',(2.404163056034,44.85));
#3184 = CARTESIAN_POINT('',(0.995836943966,44.85));
#3185 = ( GEOMETRIC_REPRESENTATION_CONTEXT(2) 
PARAMETRIC_REPRESENTATION_CONTEXT() REPRESENTATION_CONTEXT('2D SPACE',''
  ) );
#3186 = ORIENTED_EDGE('',*,*,#3187,.F.);
#3187 = EDGE_CURVE('',#3188,#3167,#3190,.T.);
#3188 = VERTEX_POINT('',#3189);
#3189 = CARTESIAN_POINT('',(1.7,23.45,-102.2958369439));
#3190 = SURFACE_CURVE('',#3191,(#3195,#3201),.PCURVE_S1.);
#3191 = LINE('',#3192,#3193);
#3192 = CARTESIAN_POINT('',(-5.725557850543,23.45,-94.87027909342));
#3193 = VECTOR('',#3194,1.);
#3194 = DIRECTION('',(-0.707106781187,0.,0.707106781187));
#3195 = PCURVE('',#658,#3196);
#3196 = DEFINITIONAL_REPRESENTATION('',(#3197),#3200);
#3197 = B_SPLINE_CURVE_WITH_KNOTS('',1,(#3198,#3199),.UNSPECIFIED.,.F.,
  .F.,(2,2),(-10.50132462042,-9.092998508356),.PIECEWISE_BEZIER_KNOTS.);
#3198 = CARTESIAN_POINT('',(-12.21750737198,-38.51973877415));
#3199 = CARTESIAN_POINT('',(-13.21334431595,-37.52390183019));
#3200 = ( GEOMETRIC_REPRESENTATION_CONTEXT(2) 
PARAMETRIC_REPRESENTATION_CONTEXT() REPRESENTATION_CONTEXT('2D SPACE',''
  ) );
#3201 = PCURVE('',#1485,#3202);
#3202 = DEFINITIONAL_REPRESENTATION('',(#3203),#3206);
#3203 = B_SPLINE_CURVE_WITH_KNOTS('',1,(#3204,#3205),.UNSPECIFIED.,.F.,
  .F.,(2,2),(-10.50132462042,-9.092998508356),.PIECEWISE_BEZIER_KNOTS.);
#3204 = CARTESIAN_POINT('',(2.404163056034,44.85));
#3205 = CARTESIAN_POINT('',(0.995836943966,44.85));
#3206 = ( GEOMETRIC_REPRESENTATION_CONTEXT(2) 
PARAMETRIC_REPRESENTATION_CONTEXT() REPRESENTATION_CONTEXT('2D SPACE',''
  ) );
#3207 = ORIENTED_EDGE('',*,*,#3208,.F.);
#3208 = EDGE_CURVE('',#3209,#3188,#3211,.T.);
#3209 = VERTEX_POINT('',#3210);
#3210 = CARTESIAN_POINT('',(1.7,23.45,-103.));
#3211 = SURFACE_CURVE('',#3212,(#3216,#3222),.PCURVE_S1.);
#3212 = LINE('',#3213,#3214);
#3213 = CARTESIAN_POINT('',(1.7,23.45,-83.3880490849));
#3214 = VECTOR('',#3215,1.);
#3215 = DIRECTION('',(-0.,0.,1.));
#3216 = PCURVE('',#658,#3217);
#3217 = DEFINITIONAL_REPRESENTATION('',(#3218),#3221);
#3218 = B_SPLINE_CURVE_WITH_KNOTS('',1,(#3219,#3220),.UNSPECIFIED.,.F.,
  .F.,(2,2),(-19.61195091509,-18.90778785906),.PIECEWISE_BEZIER_KNOTS.);
#3219 = CARTESIAN_POINT('',(-12.21750737198,-39.22390183019));
#3220 = CARTESIAN_POINT('',(-12.21750737198,-38.51973877415));
#3221 = ( GEOMETRIC_REPRESENTATION_CONTEXT(2) 
PARAMETRIC_REPRESENTATION_CONTEXT() REPRESENTATION_CONTEXT('2D SPACE',''
  ) );
#3222 = PCURVE('',#1511,#3223);
#3223 = DEFINITIONAL_REPRESENTATION('',(#3224),#3227);
#3224 = B_SPLINE_CURVE_WITH_KNOTS('',1,(#3225,#3226),.UNSPECIFIED.,.F.,
  .F.,(2,2),(-19.61195091509,-18.90778785906),.PIECEWISE_BEZIER_KNOTS.);
#3225 = CARTESIAN_POINT('',(-7.105427357601E-15,-44.85));
#3226 = CARTESIAN_POINT('',(0.704163056034,-44.85));
#3227 = ( GEOMETRIC_REPRESENTATION_CONTEXT(2) 
PARAMETRIC_REPRESENTATION_CONTEXT() REPRESENTATION_CONTEXT('2D SPACE',''
  ) );
#3228 = ORIENTED_EDGE('',*,*,#3229,.F.);
#3229 = EDGE_CURVE('',#3123,#3209,#3230,.T.);
#3230 = SURFACE_CURVE('',#3231,(#3236,#3243),.PCURVE_S1.);
#3231 = CIRCLE('',#3232,1.7);
#3232 = AXIS2_PLACEMENT_3D('',#3233,#3234,#3235);
#3233 = CARTESIAN_POINT('',(0.,23.45,-103.));
#3234 = DIRECTION('',(0.,-1.,2.22044604925E-16));
#3235 = DIRECTION('',(1.,0.,0.));
#3236 = PCURVE('',#658,#3237);
#3237 = DEFINITIONAL_REPRESENTATION('',(#3238),#3242);
#3238 = CIRCLE('',#3239,1.7);
#3239 = AXIS2_PLACEMENT_2D('',#3240,#3241);
#3240 = CARTESIAN_POINT('',(-13.91750737198,-39.22390183019));
#3241 = DIRECTION('',(1.,0.));
#3242 = ( GEOMETRIC_REPRESENTATION_CONTEXT(2) 
PARAMETRIC_REPRESENTATION_CONTEXT() REPRESENTATION_CONTEXT('2D SPACE',''
  ) );
#3243 = PCURVE('',#1537,#3244);
#3244 = DEFINITIONAL_REPRESENTATION('',(#3245),#3249);
#3245 = LINE('',#3246,#3247);
#3246 = CARTESIAN_POINT('',(0.,1.));
#3247 = VECTOR('',#3248,1.);
#3248 = DIRECTION('',(1.,0.));
#3249 = ( GEOMETRIC_REPRESENTATION_CONTEXT(2) 
PARAMETRIC_REPRESENTATION_CONTEXT() REPRESENTATION_CONTEXT('2D SPACE',''
  ) );
#3250 = ADVANCED_FACE('',(#3251),#466,.T.);
#3251 = FACE_BOUND('',#3252,.T.);
#3252 = EDGE_LOOP('',(#3253,#3254,#3255,#3256,#3279,#3306,#3334,#3362,
    #3390,#3411));
#3253 = ORIENTED_EDGE('',*,*,#2311,.F.);
#3254 = ORIENTED_EDGE('',*,*,#450,.F.);
#3255 = ORIENTED_EDGE('',*,*,#2566,.F.);
#3256 = ORIENTED_EDGE('',*,*,#3257,.F.);
#3257 = EDGE_CURVE('',#3258,#2539,#3260,.T.);
#3258 = VERTEX_POINT('',#3259);
#3259 = CARTESIAN_POINT('',(12.,19.75,-36.));
#3260 = SURFACE_CURVE('',#3261,(#3265,#3272),.PCURVE_S1.);
#3261 = LINE('',#3262,#3263);
#3262 = CARTESIAN_POINT('',(12.,19.75,-70.));
#3263 = VECTOR('',#3264,1.);
#3264 = DIRECTION('',(0.,0.,1.));
#3265 = PCURVE('',#466,#3266);
#3266 = DEFINITIONAL_REPRESENTATION('',(#3267),#3271);
#3267 = LINE('',#3268,#3269);
#3268 = CARTESIAN_POINT('',(0.,0.));
#3269 = VECTOR('',#3270,1.);
#3270 = DIRECTION('',(1.,0.));
#3271 = ( GEOMETRIC_REPRESENTATION_CONTEXT(2) 
PARAMETRIC_REPRESENTATION_CONTEXT() REPRESENTATION_CONTEXT('2D SPACE',''
  ) );
#3272 = PCURVE('',#2554,#3273);
#3273 = DEFINITIONAL_REPRESENTATION('',(#3274),#3278);
#3274 = LINE('',#3275,#3276);
#3275 = CARTESIAN_POINT('',(-34.,27.16));
#3276 = VECTOR('',#3277,1.);
#3277 = DIRECTION('',(1.,0.));
#3278 = ( GEOMETRIC_REPRESENTATION_CONTEXT(2) 
PARAMETRIC_REPRESENTATION_CONTEXT() REPRESENTATION_CONTEXT('2D SPACE',''
  ) );
#3279 = ORIENTED_EDGE('',*,*,#3280,.F.);
#3280 = EDGE_CURVE('',#3281,#3258,#3283,.T.);
#3281 = VERTEX_POINT('',#3282);
#3282 = CARTESIAN_POINT('',(12.,17.35,-36.));
#3283 = SURFACE_CURVE('',#3284,(#3288,#3295),.PCURVE_S1.);
#3284 = LINE('',#3285,#3286);
#3285 = CARTESIAN_POINT('',(12.,17.35,-36.));
#3286 = VECTOR('',#3287,1.);
#3287 = DIRECTION('',(-0.,1.,0.));
#3288 = PCURVE('',#466,#3289);
#3289 = DEFINITIONAL_REPRESENTATION('',(#3290),#3294);
#3290 = LINE('',#3291,#3292);
#3291 = CARTESIAN_POINT('',(34.,2.4));
#3292 = VECTOR('',#3293,1.);
#3293 = DIRECTION('',(0.,-1.));
#3294 = ( GEOMETRIC_REPRESENTATION_CONTEXT(2) 
PARAMETRIC_REPRESENTATION_CONTEXT() REPRESENTATION_CONTEXT('2D SPACE',''
  ) );
#3295 = PCURVE('',#3296,#3301);
#3296 = PLANE('',#3297);
#3297 = AXIS2_PLACEMENT_3D('',#3298,#3299,#3300);
#3298 = CARTESIAN_POINT('',(-15.16,17.35,-36.));
#3299 = DIRECTION('',(0.,0.,1.));
#3300 = DIRECTION('',(1.,0.,-0.));
#3301 = DEFINITIONAL_REPRESENTATION('',(#3302),#3305);
#3302 = B_SPLINE_CURVE_WITH_KNOTS('',1,(#3303,#3304),.UNSPECIFIED.,.F.,
  .F.,(2,2),(0.,2.4),.PIECEWISE_BEZIER_KNOTS.);
#3303 = CARTESIAN_POINT('',(27.16,0.));
#3304 = CARTESIAN_POINT('',(27.16,2.4));
#3305 = ( GEOMETRIC_REPRESENTATION_CONTEXT(2) 
PARAMETRIC_REPRESENTATION_CONTEXT() REPRESENTATION_CONTEXT('2D SPACE',''
  ) );
#3306 = ORIENTED_EDGE('',*,*,#3307,.F.);
#3307 = EDGE_CURVE('',#3308,#3281,#3310,.T.);
#3308 = VERTEX_POINT('',#3309);
#3309 = CARTESIAN_POINT('',(12.,17.35,-36.5));
#3310 = SURFACE_CURVE('',#3311,(#3315,#3322),.PCURVE_S1.);
#3311 = LINE('',#3312,#3313);
#3312 = CARTESIAN_POINT('',(12.,17.35,-36.5));
#3313 = VECTOR('',#3314,1.);
#3314 = DIRECTION('',(0.,0.,1.));
#3315 = PCURVE('',#466,#3316);
#3316 = DEFINITIONAL_REPRESENTATION('',(#3317),#3321);
#3317 = LINE('',#3318,#3319);
#3318 = CARTESIAN_POINT('',(33.5,2.4));
#3319 = VECTOR('',#3320,1.);
#3320 = DIRECTION('',(1.,0.));
#3321 = ( GEOMETRIC_REPRESENTATION_CONTEXT(2) 
PARAMETRIC_REPRESENTATION_CONTEXT() REPRESENTATION_CONTEXT('2D SPACE',''
  ) );
#3322 = PCURVE('',#3323,#3328);
#3323 = PLANE('',#3324);
#3324 = AXIS2_PLACEMENT_3D('',#3325,#3326,#3327);
#3325 = CARTESIAN_POINT('',(-15.16,17.35,-36.));
#3326 = DIRECTION('',(-0.,1.,0.));
#3327 = DIRECTION('',(0.,0.,1.));
#3328 = DEFINITIONAL_REPRESENTATION('',(#3329),#3333);
#3329 = LINE('',#3330,#3331);
#3330 = CARTESIAN_POINT('',(-0.5,27.16));
#3331 = VECTOR('',#3332,1.);
#3332 = DIRECTION('',(1.,0.));
#3333 = ( GEOMETRIC_REPRESENTATION_CONTEXT(2) 
PARAMETRIC_REPRESENTATION_CONTEXT() REPRESENTATION_CONTEXT('2D SPACE',''
  ) );
#3334 = ORIENTED_EDGE('',*,*,#3335,.T.);
#3335 = EDGE_CURVE('',#3308,#3336,#3338,.T.);
#3336 = VERTEX_POINT('',#3337);
#3337 = CARTESIAN_POINT('',(12.,19.75,-36.5));
#3338 = SURFACE_CURVE('',#3339,(#3343,#3350),.PCURVE_S1.);
#3339 = LINE('',#3340,#3341);
#3340 = CARTESIAN_POINT('',(12.,17.35,-36.5));
#3341 = VECTOR('',#3342,1.);
#3342 = DIRECTION('',(-0.,1.,0.));
#3343 = PCURVE('',#466,#3344);
#3344 = DEFINITIONAL_REPRESENTATION('',(#3345),#3349);
#3345 = LINE('',#3346,#3347);
#3346 = CARTESIAN_POINT('',(33.5,2.4));
#3347 = VECTOR('',#3348,1.);
#3348 = DIRECTION('',(0.,-1.));
#3349 = ( GEOMETRIC_REPRESENTATION_CONTEXT(2) 
PARAMETRIC_REPRESENTATION_CONTEXT() REPRESENTATION_CONTEXT('2D SPACE',''
  ) );
#3350 = PCURVE('',#3351,#3356);
#3351 = PLANE('',#3352);
#3352 = AXIS2_PLACEMENT_3D('',#3353,#3354,#3355);
#3353 = CARTESIAN_POINT('',(-15.16,17.35,-36.5));
#3354 = DIRECTION('',(0.,0.,1.));
#3355 = DIRECTION('',(1.,0.,-0.));
#3356 = DEFINITIONAL_REPRESENTATION('',(#3357),#3361);
#3357 = LINE('',#3358,#3359);
#3358 = CARTESIAN_POINT('',(27.16,0.));
#3359 = VECTOR('',#3360,1.);
#3360 = DIRECTION('',(0.,1.));
#3361 = ( GEOMETRIC_REPRESENTATION_CONTEXT(2) 
PARAMETRIC_REPRESENTATION_CONTEXT() REPRESENTATION_CONTEXT('2D SPACE',''
  ) );
#3362 = ORIENTED_EDGE('',*,*,#3363,.F.);
#3363 = EDGE_CURVE('',#3364,#3336,#3366,.T.);
#3364 = VERTEX_POINT('',#3365);
#3365 = CARTESIAN_POINT('',(12.,19.75,-70.));
#3366 = SURFACE_CURVE('',#3367,(#3371,#3378),.PCURVE_S1.);
#3367 = LINE('',#3368,#3369);
#3368 = CARTESIAN_POINT('',(12.,19.75,-70.));
#3369 = VECTOR('',#3370,1.);
#3370 = DIRECTION('',(0.,0.,1.));
#3371 = PCURVE('',#466,#3372);
#3372 = DEFINITIONAL_REPRESENTATION('',(#3373),#3377);
#3373 = LINE('',#3374,#3375);
#3374 = CARTESIAN_POINT('',(0.,0.));
#3375 = VECTOR('',#3376,1.);
#3376 = DIRECTION('',(1.,0.));
#3377 = ( GEOMETRIC_REPRESENTATION_CONTEXT(2) 
PARAMETRIC_REPRESENTATION_CONTEXT() REPRESENTATION_CONTEXT('2D SPACE',''
  ) );
#3378 = PCURVE('',#3379,#3384);
#3379 = PLANE('',#3380);
#3380 = AXIS2_PLACEMENT_3D('',#3381,#3382,#3383);
#3381 = CARTESIAN_POINT('',(-15.16,19.75,-70.));
#3382 = DIRECTION('',(-0.,1.,0.));
#3383 = DIRECTION('',(0.,0.,1.));
#3384 = DEFINITIONAL_REPRESENTATION('',(#3385),#3389);
#3385 = LINE('',#3386,#3387);
#3386 = CARTESIAN_POINT('',(0.,27.16));
#3387 = VECTOR('',#3388,1.);
#3388 = DIRECTION('',(1.,0.));
#3389 = ( GEOMETRIC_REPRESENTATION_CONTEXT(2) 
PARAMETRIC_REPRESENTATION_CONTEXT() REPRESENTATION_CONTEXT('2D SPACE',''
  ) );
#3390 = ORIENTED_EDGE('',*,*,#3391,.T.);
#3391 = EDGE_CURVE('',#3364,#722,#3392,.T.);
#3392 = SURFACE_CURVE('',#3393,(#3397,#3404),.PCURVE_S1.);
#3393 = LINE('',#3394,#3395);
#3394 = CARTESIAN_POINT('',(12.,19.75,-70.));
#3395 = VECTOR('',#3396,1.);
#3396 = DIRECTION('',(-0.,1.,0.));
#3397 = PCURVE('',#466,#3398);
#3398 = DEFINITIONAL_REPRESENTATION('',(#3399),#3403);
#3399 = LINE('',#3400,#3401);
#3400 = CARTESIAN_POINT('',(0.,0.));
#3401 = VECTOR('',#3402,1.);
#3402 = DIRECTION('',(0.,-1.));
#3403 = ( GEOMETRIC_REPRESENTATION_CONTEXT(2) 
PARAMETRIC_REPRESENTATION_CONTEXT() REPRESENTATION_CONTEXT('2D SPACE',''
  ) );
#3404 = PCURVE('',#760,#3405);
#3405 = DEFINITIONAL_REPRESENTATION('',(#3406),#3410);
#3406 = LINE('',#3407,#3408);
#3407 = CARTESIAN_POINT('',(27.16,0.));
#3408 = VECTOR('',#3409,1.);
#3409 = DIRECTION('',(0.,1.));
#3410 = ( GEOMETRIC_REPRESENTATION_CONTEXT(2) 
PARAMETRIC_REPRESENTATION_CONTEXT() REPRESENTATION_CONTEXT('2D SPACE',''
  ) );
#3411 = ORIENTED_EDGE('',*,*,#721,.F.);
#3412 = ADVANCED_FACE('',(#3413),#632,.T.);
#3413 = FACE_BOUND('',#3414,.T.);
#3414 = EDGE_LOOP('',(#3415,#3416,#3417,#3418,#3419));
#3415 = ORIENTED_EDGE('',*,*,#2681,.T.);
#3416 = ORIENTED_EDGE('',*,*,#612,.T.);
#3417 = ORIENTED_EDGE('',*,*,#1554,.T.);
#3418 = ORIENTED_EDGE('',*,*,#855,.F.);
#3419 = ORIENTED_EDGE('',*,*,#3420,.F.);
#3420 = EDGE_CURVE('',#2658,#827,#3421,.T.);
#3421 = SURFACE_CURVE('',#3422,(#3426,#3433),.PCURVE_S1.);
#3422 = LINE('',#3423,#3424);
#3423 = CARTESIAN_POINT('',(10.,23.45,-110.));
#3424 = VECTOR('',#3425,1.);
#3425 = DIRECTION('',(0.,-1.,2.22044604925E-16));
#3426 = PCURVE('',#632,#3427);
#3427 = DEFINITIONAL_REPRESENTATION('',(#3428),#3432);
#3428 = LINE('',#3429,#3430);
#3429 = CARTESIAN_POINT('',(6.324555320337,-1.));
#3430 = VECTOR('',#3431,1.);
#3431 = DIRECTION('',(-2.106500081146E-16,-1.));
#3432 = ( GEOMETRIC_REPRESENTATION_CONTEXT(2) 
PARAMETRIC_REPRESENTATION_CONTEXT() REPRESENTATION_CONTEXT('2D SPACE',''
  ) );
#3433 = PCURVE('',#843,#3434);
#3434 = DEFINITIONAL_REPRESENTATION('',(#3435),#3439);
#3435 = LINE('',#3436,#3437);
#3436 = CARTESIAN_POINT('',(6.28318530718,-0.));
#3437 = VECTOR('',#3438,1.);
#3438 = DIRECTION('',(0.,1.));
#3439 = ( GEOMETRIC_REPRESENTATION_CONTEXT(2) 
PARAMETRIC_REPRESENTATION_CONTEXT() REPRESENTATION_CONTEXT('2D SPACE',''
  ) );
#3440 = ADVANCED_FACE('',(#3441),#518,.F.);
#3441 = FACE_BOUND('',#3442,.F.);
#3442 = EDGE_LOOP('',(#3443,#3444,#3445,#3446,#3447));
#3443 = ORIENTED_EDGE('',*,*,#2409,.F.);
#3444 = ORIENTED_EDGE('',*,*,#2338,.F.);
#3445 = ORIENTED_EDGE('',*,*,#1926,.T.);
#3446 = ORIENTED_EDGE('',*,*,#2265,.T.);
#3447 = ORIENTED_EDGE('',*,*,#502,.T.);
#3448 = ADVANCED_FACE('',(#3449),#843,.T.);
#3449 = FACE_BOUND('',#3450,.T.);
#3450 = EDGE_LOOP('',(#3451,#3452,#3453,#3473));
#3451 = ORIENTED_EDGE('',*,*,#3420,.T.);
#3452 = ORIENTED_EDGE('',*,*,#826,.F.);
#3453 = ORIENTED_EDGE('',*,*,#3454,.F.);
#3454 = EDGE_CURVE('',#2637,#801,#3455,.T.);
#3455 = SURFACE_CURVE('',#3456,(#3460,#3466),.PCURVE_S1.);
#3456 = LINE('',#3457,#3458);
#3457 = CARTESIAN_POINT('',(-10.,23.45,-110.));
#3458 = VECTOR('',#3459,1.);
#3459 = DIRECTION('',(0.,-1.,2.22044604925E-16));
#3460 = PCURVE('',#843,#3461);
#3461 = DEFINITIONAL_REPRESENTATION('',(#3462),#3465);
#3462 = B_SPLINE_CURVE_WITH_KNOTS('',1,(#3463,#3464),.UNSPECIFIED.,.F.,
  .F.,(2,2),(-2.399999999625E-06,3.0000024),.PIECEWISE_BEZIER_KNOTS.);
#3463 = CARTESIAN_POINT('',(3.14159265359,-2.399999999625E-06));
#3464 = CARTESIAN_POINT('',(3.14159265359,3.0000024));
#3465 = ( GEOMETRIC_REPRESENTATION_CONTEXT(2) 
PARAMETRIC_REPRESENTATION_CONTEXT() REPRESENTATION_CONTEXT('2D SPACE',''
  ) );
#3466 = PCURVE('',#815,#3467);
#3467 = DEFINITIONAL_REPRESENTATION('',(#3468),#3472);
#3468 = LINE('',#3469,#3470);
#3469 = CARTESIAN_POINT('',(11.25280409498,-44.85));
#3470 = VECTOR('',#3471,1.);
#3471 = DIRECTION('',(-1.973237986291E-16,1.));
#3472 = ( GEOMETRIC_REPRESENTATION_CONTEXT(2) 
PARAMETRIC_REPRESENTATION_CONTEXT() REPRESENTATION_CONTEXT('2D SPACE',''
  ) );
#3473 = ORIENTED_EDGE('',*,*,#2657,.T.);
#3474 = ADVANCED_FACE('',(#3475),#815,.T.);
#3475 = FACE_BOUND('',#3476,.T.);
#3476 = EDGE_LOOP('',(#3477,#3478,#3499,#3500));
#3477 = ORIENTED_EDGE('',*,*,#800,.F.);
#3478 = ORIENTED_EDGE('',*,*,#3479,.T.);
#3479 = EDGE_CURVE('',#773,#2614,#3480,.T.);
#3480 = SURFACE_CURVE('',#3481,(#3485,#3492),.PCURVE_S1.);
#3481 = LINE('',#3482,#3483);
#3482 = CARTESIAN_POINT('',(-15.16,-21.4,-100.));
#3483 = VECTOR('',#3484,1.);
#3484 = DIRECTION('',(0.,1.,-0.));
#3485 = PCURVE('',#815,#3486);
#3486 = DEFINITIONAL_REPRESENTATION('',(#3487),#3491);
#3487 = LINE('',#3488,#3489);
#3488 = CARTESIAN_POINT('',(0.,0.));
#3489 = VECTOR('',#3490,1.);
#3490 = DIRECTION('',(0.,-1.));
#3491 = ( GEOMETRIC_REPRESENTATION_CONTEXT(2) 
PARAMETRIC_REPRESENTATION_CONTEXT() REPRESENTATION_CONTEXT('2D SPACE',''
  ) );
#3492 = PCURVE('',#788,#3493);
#3493 = DEFINITIONAL_REPRESENTATION('',(#3494),#3498);
#3494 = LINE('',#3495,#3496);
#3495 = CARTESIAN_POINT('',(-30.,41.15));
#3496 = VECTOR('',#3497,1.);
#3497 = DIRECTION('',(0.,-1.));
#3498 = ( GEOMETRIC_REPRESENTATION_CONTEXT(2) 
PARAMETRIC_REPRESENTATION_CONTEXT() REPRESENTATION_CONTEXT('2D SPACE',''
  ) );
#3499 = ORIENTED_EDGE('',*,*,#2636,.T.);
#3500 = ORIENTED_EDGE('',*,*,#3454,.T.);
#3501 = ADVANCED_FACE('',(#3502,#3930,#4036),#788,.F.);
#3502 = FACE_BOUND('',#3503,.F.);
#3503 = EDGE_LOOP('',(#3504,#3529,#3550,#3551,#3552,#3553,#3574,#3593,
    #3594,#3617,#3645,#3668,#3696,#3723,#3751,#3774,#3801,#3829,#3858,
    #3886,#3909));
#3504 = ORIENTED_EDGE('',*,*,#3505,.F.);
#3505 = EDGE_CURVE('',#3506,#3508,#3510,.T.);
#3506 = VERTEX_POINT('',#3507);
#3507 = CARTESIAN_POINT('',(-15.16,19.75,-70.));
#3508 = VERTEX_POINT('',#3509);
#3509 = CARTESIAN_POINT('',(-15.16,19.75,-36.5));
#3510 = SURFACE_CURVE('',#3511,(#3515,#3522),.PCURVE_S1.);
#3511 = LINE('',#3512,#3513);
#3512 = CARTESIAN_POINT('',(-15.16,19.75,-70.));
#3513 = VECTOR('',#3514,1.);
#3514 = DIRECTION('',(0.,0.,1.));
#3515 = PCURVE('',#788,#3516);
#3516 = DEFINITIONAL_REPRESENTATION('',(#3517),#3521);
#3517 = LINE('',#3518,#3519);
#3518 = CARTESIAN_POINT('',(0.,0.));
#3519 = VECTOR('',#3520,1.);
#3520 = DIRECTION('',(1.,0.));
#3521 = ( GEOMETRIC_REPRESENTATION_CONTEXT(2) 
PARAMETRIC_REPRESENTATION_CONTEXT() REPRESENTATION_CONTEXT('2D SPACE',''
  ) );
#3522 = PCURVE('',#3379,#3523);
#3523 = DEFINITIONAL_REPRESENTATION('',(#3524),#3528);
#3524 = LINE('',#3525,#3526);
#3525 = CARTESIAN_POINT('',(0.,0.));
#3526 = VECTOR('',#3527,1.);
#3527 = DIRECTION('',(1.,0.));
#3528 = ( GEOMETRIC_REPRESENTATION_CONTEXT(2) 
PARAMETRIC_REPRESENTATION_CONTEXT() REPRESENTATION_CONTEXT('2D SPACE',''
  ) );
#3529 = ORIENTED_EDGE('',*,*,#3530,.T.);
#3530 = EDGE_CURVE('',#3506,#745,#3531,.T.);
#3531 = SURFACE_CURVE('',#3532,(#3536,#3543),.PCURVE_S1.);
#3532 = LINE('',#3533,#3534);
#3533 = CARTESIAN_POINT('',(-15.16,19.75,-70.));
#3534 = VECTOR('',#3535,1.);
#3535 = DIRECTION('',(-0.,1.,0.));
#3536 = PCURVE('',#788,#3537);
#3537 = DEFINITIONAL_REPRESENTATION('',(#3538),#3542);
#3538 = LINE('',#3539,#3540);
#3539 = CARTESIAN_POINT('',(0.,0.));
#3540 = VECTOR('',#3541,1.);
#3541 = DIRECTION('',(0.,-1.));
#3542 = ( GEOMETRIC_REPRESENTATION_CONTEXT(2) 
PARAMETRIC_REPRESENTATION_CONTEXT() REPRESENTATION_CONTEXT('2D SPACE',''
  ) );
#3543 = PCURVE('',#760,#3544);
#3544 = DEFINITIONAL_REPRESENTATION('',(#3545),#3549);
#3545 = LINE('',#3546,#3547);
#3546 = CARTESIAN_POINT('',(0.,0.));
#3547 = VECTOR('',#3548,1.);
#3548 = DIRECTION('',(0.,1.));
#3549 = ( GEOMETRIC_REPRESENTATION_CONTEXT(2) 
PARAMETRIC_REPRESENTATION_CONTEXT() REPRESENTATION_CONTEXT('2D SPACE',''
  ) );
#3550 = ORIENTED_EDGE('',*,*,#772,.F.);
#3551 = ORIENTED_EDGE('',*,*,#3479,.T.);
#3552 = ORIENTED_EDGE('',*,*,#2613,.T.);
#3553 = ORIENTED_EDGE('',*,*,#3554,.T.);
#3554 = EDGE_CURVE('',#2593,#3555,#3557,.T.);
#3555 = VERTEX_POINT('',#3556);
#3556 = CARTESIAN_POINT('',(-15.16,19.8,-35.));
#3557 = SURFACE_CURVE('',#3558,(#3562,#3568),.PCURVE_S1.);
#3558 = LINE('',#3559,#3560);
#3559 = CARTESIAN_POINT('',(-15.16,22.1,-35.));
#3560 = VECTOR('',#3561,1.);
#3561 = DIRECTION('',(0.,-1.,0.));
#3562 = PCURVE('',#788,#3563);
#3563 = DEFINITIONAL_REPRESENTATION('',(#3564),#3567);
#3564 = B_SPLINE_CURVE_WITH_KNOTS('',1,(#3565,#3566),.UNSPECIFIED.,.F.,
  .F.,(2,2),(-1.35,2.3),.PIECEWISE_BEZIER_KNOTS.);
#3565 = CARTESIAN_POINT('',(35.,-3.7));
#3566 = CARTESIAN_POINT('',(35.,-5.E-02));
#3567 = ( GEOMETRIC_REPRESENTATION_CONTEXT(2) 
PARAMETRIC_REPRESENTATION_CONTEXT() REPRESENTATION_CONTEXT('2D SPACE',''
  ) );
#3568 = PCURVE('',#2478,#3569);
#3569 = DEFINITIONAL_REPRESENTATION('',(#3570),#3573);
#3570 = B_SPLINE_CURVE_WITH_KNOTS('',1,(#3571,#3572),.UNSPECIFIED.,.F.,
  .F.,(2,2),(-1.35,2.3),.PIECEWISE_BEZIER_KNOTS.);
#3571 = CARTESIAN_POINT('',(1.414213562373,-1.));
#3572 = CARTESIAN_POINT('',(1.414213562373,-4.65));
#3573 = ( GEOMETRIC_REPRESENTATION_CONTEXT(2) 
PARAMETRIC_REPRESENTATION_CONTEXT() REPRESENTATION_CONTEXT('2D SPACE',''
  ) );
#3574 = ORIENTED_EDGE('',*,*,#3575,.F.);
#3575 = EDGE_CURVE('',#2490,#3555,#3576,.T.);
#3576 = SURFACE_CURVE('',#3577,(#3581,#3587),.PCURVE_S1.);
#3577 = LINE('',#3578,#3579);
#3578 = CARTESIAN_POINT('',(-15.16,19.8,-51.70710678118));
#3579 = VECTOR('',#3580,1.);
#3580 = DIRECTION('',(0.,-0.,-1.));
#3581 = PCURVE('',#788,#3582);
#3582 = DEFINITIONAL_REPRESENTATION('',(#3583),#3586);
#3583 = B_SPLINE_CURVE_WITH_KNOTS('',1,(#3584,#3585),.UNSPECIFIED.,.F.,
  .F.,(2,2),(-19.70710678118,-15.70710678118),.PIECEWISE_BEZIER_KNOTS.);
#3584 = CARTESIAN_POINT('',(38.,-5.E-02));
#3585 = CARTESIAN_POINT('',(34.,-5.E-02));
#3586 = ( GEOMETRIC_REPRESENTATION_CONTEXT(2) 
PARAMETRIC_REPRESENTATION_CONTEXT() REPRESENTATION_CONTEXT('2D SPACE',''
  ) );
#3587 = PCURVE('',#2504,#3588);
#3588 = DEFINITIONAL_REPRESENTATION('',(#3589),#3592);
#3589 = B_SPLINE_CURVE_WITH_KNOTS('',1,(#3590,#3591),.UNSPECIFIED.,.F.,
  .F.,(2,2),(-19.70710678118,-15.70710678118),.PIECEWISE_BEZIER_KNOTS.);
#3590 = CARTESIAN_POINT('',(-0.414213562373,1.414213562373));
#3591 = CARTESIAN_POINT('',(-0.414213562373,-2.585786437627));
#3592 = ( GEOMETRIC_REPRESENTATION_CONTEXT(2) 
PARAMETRIC_REPRESENTATION_CONTEXT() REPRESENTATION_CONTEXT('2D SPACE',''
  ) );
#3593 = ORIENTED_EDGE('',*,*,#2515,.F.);
#3594 = ORIENTED_EDGE('',*,*,#3595,.F.);
#3595 = EDGE_CURVE('',#3596,#2516,#3598,.T.);
#3596 = VERTEX_POINT('',#3597);
#3597 = CARTESIAN_POINT('',(-15.16,19.75,-3.));
#3598 = SURFACE_CURVE('',#3599,(#3603,#3610),.PCURVE_S1.);
#3599 = LINE('',#3600,#3601);
#3600 = CARTESIAN_POINT('',(-15.16,19.75,-3.));
#3601 = VECTOR('',#3602,1.);
#3602 = DIRECTION('',(0.,0.,-1.));
#3603 = PCURVE('',#788,#3604);
#3604 = DEFINITIONAL_REPRESENTATION('',(#3605),#3609);
#3605 = LINE('',#3606,#3607);
#3606 = CARTESIAN_POINT('',(67.,0.));
#3607 = VECTOR('',#3608,1.);
#3608 = DIRECTION('',(-1.,0.));
#3609 = ( GEOMETRIC_REPRESENTATION_CONTEXT(2) 
PARAMETRIC_REPRESENTATION_CONTEXT() REPRESENTATION_CONTEXT('2D SPACE',''
  ) );
#3610 = PCURVE('',#2554,#3611);
#3611 = DEFINITIONAL_REPRESENTATION('',(#3612),#3616);
#3612 = LINE('',#3613,#3614);
#3613 = CARTESIAN_POINT('',(33.,0.));
#3614 = VECTOR('',#3615,1.);
#3615 = DIRECTION('',(-1.,0.));
#3616 = ( GEOMETRIC_REPRESENTATION_CONTEXT(2) 
PARAMETRIC_REPRESENTATION_CONTEXT() REPRESENTATION_CONTEXT('2D SPACE',''
  ) );
#3617 = ORIENTED_EDGE('',*,*,#3618,.F.);
#3618 = EDGE_CURVE('',#3619,#3596,#3621,.T.);
#3619 = VERTEX_POINT('',#3620);
#3620 = CARTESIAN_POINT('',(-15.16,17.35,-3.));
#3621 = SURFACE_CURVE('',#3622,(#3626,#3633),.PCURVE_S1.);
#3622 = LINE('',#3623,#3624);
#3623 = CARTESIAN_POINT('',(-15.16,17.35,-3.));
#3624 = VECTOR('',#3625,1.);
#3625 = DIRECTION('',(-0.,1.,0.));
#3626 = PCURVE('',#788,#3627);
#3627 = DEFINITIONAL_REPRESENTATION('',(#3628),#3632);
#3628 = LINE('',#3629,#3630);
#3629 = CARTESIAN_POINT('',(67.,2.4));
#3630 = VECTOR('',#3631,1.);
#3631 = DIRECTION('',(0.,-1.));
#3632 = ( GEOMETRIC_REPRESENTATION_CONTEXT(2) 
PARAMETRIC_REPRESENTATION_CONTEXT() REPRESENTATION_CONTEXT('2D SPACE',''
  ) );
#3633 = PCURVE('',#3634,#3639);
#3634 = PLANE('',#3635);
#3635 = AXIS2_PLACEMENT_3D('',#3636,#3637,#3638);
#3636 = CARTESIAN_POINT('',(-15.16,17.35,-3.));
#3637 = DIRECTION('',(0.,0.,1.));
#3638 = DIRECTION('',(1.,0.,-0.));
#3639 = DEFINITIONAL_REPRESENTATION('',(#3640),#3644);
#3640 = LINE('',#3641,#3642);
#3641 = CARTESIAN_POINT('',(0.,0.));
#3642 = VECTOR('',#3643,1.);
#3643 = DIRECTION('',(0.,1.));
#3644 = ( GEOMETRIC_REPRESENTATION_CONTEXT(2) 
PARAMETRIC_REPRESENTATION_CONTEXT() REPRESENTATION_CONTEXT('2D SPACE',''
  ) );
#3645 = ORIENTED_EDGE('',*,*,#3646,.F.);
#3646 = EDGE_CURVE('',#3647,#3619,#3649,.T.);
#3647 = VERTEX_POINT('',#3648);
#3648 = CARTESIAN_POINT('',(-15.16,17.35,-16.));
#3649 = SURFACE_CURVE('',#3650,(#3654,#3661),.PCURVE_S1.);
#3650 = LINE('',#3651,#3652);
#3651 = CARTESIAN_POINT('',(-15.16,17.35,-36.));
#3652 = VECTOR('',#3653,1.);
#3653 = DIRECTION('',(0.,0.,1.));
#3654 = PCURVE('',#788,#3655);
#3655 = DEFINITIONAL_REPRESENTATION('',(#3656),#3660);
#3656 = LINE('',#3657,#3658);
#3657 = CARTESIAN_POINT('',(34.,2.4));
#3658 = VECTOR('',#3659,1.);
#3659 = DIRECTION('',(1.,0.));
#3660 = ( GEOMETRIC_REPRESENTATION_CONTEXT(2) 
PARAMETRIC_REPRESENTATION_CONTEXT() REPRESENTATION_CONTEXT('2D SPACE',''
  ) );
#3661 = PCURVE('',#3323,#3662);
#3662 = DEFINITIONAL_REPRESENTATION('',(#3663),#3667);
#3663 = LINE('',#3664,#3665);
#3664 = CARTESIAN_POINT('',(0.,0.));
#3665 = VECTOR('',#3666,1.);
#3666 = DIRECTION('',(1.,0.));
#3667 = ( GEOMETRIC_REPRESENTATION_CONTEXT(2) 
PARAMETRIC_REPRESENTATION_CONTEXT() REPRESENTATION_CONTEXT('2D SPACE',''
  ) );
#3668 = ORIENTED_EDGE('',*,*,#3669,.F.);
#3669 = EDGE_CURVE('',#3670,#3647,#3672,.T.);
#3670 = VERTEX_POINT('',#3671);
#3671 = CARTESIAN_POINT('',(-15.16,-16.8,-16.));
#3672 = SURFACE_CURVE('',#3673,(#3677,#3684),.PCURVE_S1.);
#3673 = LINE('',#3674,#3675);
#3674 = CARTESIAN_POINT('',(-15.16,-20.4,-16.));
#3675 = VECTOR('',#3676,1.);
#3676 = DIRECTION('',(0.,1.,0.));
#3677 = PCURVE('',#788,#3678);
#3678 = DEFINITIONAL_REPRESENTATION('',(#3679),#3683);
#3679 = LINE('',#3680,#3681);
#3680 = CARTESIAN_POINT('',(54.,40.15));
#3681 = VECTOR('',#3682,1.);
#3682 = DIRECTION('',(0.,-1.));
#3683 = ( GEOMETRIC_REPRESENTATION_CONTEXT(2) 
PARAMETRIC_REPRESENTATION_CONTEXT() REPRESENTATION_CONTEXT('2D SPACE',''
  ) );
#3684 = PCURVE('',#3685,#3690);
#3685 = PLANE('',#3686);
#3686 = AXIS2_PLACEMENT_3D('',#3687,#3688,#3689);
#3687 = CARTESIAN_POINT('',(-15.16,19.75,-16.));
#3688 = DIRECTION('',(0.,0.,-1.));
#3689 = DIRECTION('',(0.,-1.,0.));
#3690 = DEFINITIONAL_REPRESENTATION('',(#3691),#3695);
#3691 = LINE('',#3692,#3693);
#3692 = CARTESIAN_POINT('',(40.15,0.));
#3693 = VECTOR('',#3694,1.);
#3694 = DIRECTION('',(-1.,-0.));
#3695 = ( GEOMETRIC_REPRESENTATION_CONTEXT(2) 
PARAMETRIC_REPRESENTATION_CONTEXT() REPRESENTATION_CONTEXT('2D SPACE',''
  ) );
#3696 = ORIENTED_EDGE('',*,*,#3697,.T.);
#3697 = EDGE_CURVE('',#3670,#3698,#3700,.T.);
#3698 = VERTEX_POINT('',#3699);
#3699 = CARTESIAN_POINT('',(-15.16,-16.8,-33.));
#3700 = SURFACE_CURVE('',#3701,(#3705,#3712),.PCURVE_S1.);
#3701 = LINE('',#3702,#3703);
#3702 = CARTESIAN_POINT('',(-15.16,-16.8,-45.90512483795));
#3703 = VECTOR('',#3704,1.);
#3704 = DIRECTION('',(0.,-0.,-1.));
#3705 = PCURVE('',#788,#3706);
#3706 = DEFINITIONAL_REPRESENTATION('',(#3707),#3711);
#3707 = LINE('',#3708,#3709);
#3708 = CARTESIAN_POINT('',(24.094875162047,36.55));
#3709 = VECTOR('',#3710,1.);
#3710 = DIRECTION('',(-1.,0.));
#3711 = ( GEOMETRIC_REPRESENTATION_CONTEXT(2) 
PARAMETRIC_REPRESENTATION_CONTEXT() REPRESENTATION_CONTEXT('2D SPACE',''
  ) );
#3712 = PCURVE('',#3713,#3718);
#3713 = PLANE('',#3714);
#3714 = AXIS2_PLACEMENT_3D('',#3715,#3716,#3717);
#3715 = CARTESIAN_POINT('',(-7.349750324093,-16.8,-21.8102496759));
#3716 = DIRECTION('',(0.,-1.,0.));
#3717 = DIRECTION('',(1.,0.,0.));
#3718 = DEFINITIONAL_REPRESENTATION('',(#3719),#3722);
#3719 = B_SPLINE_CURVE_WITH_KNOTS('',1,(#3720,#3721),.UNSPECIFIED.,.F.,
  .F.,(2,2),(-30.90512483795,-10.90512483795),.PIECEWISE_BEZIER_KNOTS.);
#3720 = CARTESIAN_POINT('',(-7.810249675907,6.810249675907));
#3721 = CARTESIAN_POINT('',(-7.810249675907,-13.18975032409));
#3722 = ( GEOMETRIC_REPRESENTATION_CONTEXT(2) 
PARAMETRIC_REPRESENTATION_CONTEXT() REPRESENTATION_CONTEXT('2D SPACE',''
  ) );
#3723 = ORIENTED_EDGE('',*,*,#3724,.F.);
#3724 = EDGE_CURVE('',#3725,#3698,#3727,.T.);
#3725 = VERTEX_POINT('',#3726);
#3726 = CARTESIAN_POINT('',(-15.16,-20.4,-33.));
#3727 = SURFACE_CURVE('',#3728,(#3732,#3739),.PCURVE_S1.);
#3728 = LINE('',#3729,#3730);
#3729 = CARTESIAN_POINT('',(-15.16,-20.4,-33.));
#3730 = VECTOR('',#3731,1.);
#3731 = DIRECTION('',(-0.,1.,0.));
#3732 = PCURVE('',#788,#3733);
#3733 = DEFINITIONAL_REPRESENTATION('',(#3734),#3738);
#3734 = LINE('',#3735,#3736);
#3735 = CARTESIAN_POINT('',(37.,40.15));
#3736 = VECTOR('',#3737,1.);
#3737 = DIRECTION('',(0.,-1.));
#3738 = ( GEOMETRIC_REPRESENTATION_CONTEXT(2) 
PARAMETRIC_REPRESENTATION_CONTEXT() REPRESENTATION_CONTEXT('2D SPACE',''
  ) );
#3739 = PCURVE('',#3740,#3745);
#3740 = PLANE('',#3741);
#3741 = AXIS2_PLACEMENT_3D('',#3742,#3743,#3744);
#3742 = CARTESIAN_POINT('',(-15.16,-20.4,-33.));
#3743 = DIRECTION('',(0.,0.,1.));
#3744 = DIRECTION('',(1.,0.,-0.));
#3745 = DEFINITIONAL_REPRESENTATION('',(#3746),#3750);
#3746 = LINE('',#3747,#3748);
#3747 = CARTESIAN_POINT('',(0.,0.));
#3748 = VECTOR('',#3749,1.);
#3749 = DIRECTION('',(0.,1.));
#3750 = ( GEOMETRIC_REPRESENTATION_CONTEXT(2) 
PARAMETRIC_REPRESENTATION_CONTEXT() REPRESENTATION_CONTEXT('2D SPACE',''
  ) );
#3751 = ORIENTED_EDGE('',*,*,#3752,.F.);
#3752 = EDGE_CURVE('',#3753,#3725,#3755,.T.);
#3753 = VERTEX_POINT('',#3754);
#3754 = CARTESIAN_POINT('',(-15.16,-20.4,-76.));
#3755 = SURFACE_CURVE('',#3756,(#3760,#3767),.PCURVE_S1.);
#3756 = LINE('',#3757,#3758);
#3757 = CARTESIAN_POINT('',(-15.16,-20.4,-76.));
#3758 = VECTOR('',#3759,1.);
#3759 = DIRECTION('',(0.,0.,1.));
#3760 = PCURVE('',#788,#3761);
#3761 = DEFINITIONAL_REPRESENTATION('',(#3762),#3766);
#3762 = LINE('',#3763,#3764);
#3763 = CARTESIAN_POINT('',(-6.,40.15));
#3764 = VECTOR('',#3765,1.);
#3765 = DIRECTION('',(1.,0.));
#3766 = ( GEOMETRIC_REPRESENTATION_CONTEXT(2) 
PARAMETRIC_REPRESENTATION_CONTEXT() REPRESENTATION_CONTEXT('2D SPACE',''
  ) );
#3767 = PCURVE('',#1795,#3768);
#3768 = DEFINITIONAL_REPRESENTATION('',(#3769),#3773);
#3769 = LINE('',#3770,#3771);
#3770 = CARTESIAN_POINT('',(39.5,28.62));
#3771 = VECTOR('',#3772,1.);
#3772 = DIRECTION('',(-1.,0.));
#3773 = ( GEOMETRIC_REPRESENTATION_CONTEXT(2) 
PARAMETRIC_REPRESENTATION_CONTEXT() REPRESENTATION_CONTEXT('2D SPACE',''
  ) );
#3774 = ORIENTED_EDGE('',*,*,#3775,.T.);
#3775 = EDGE_CURVE('',#3753,#3776,#3778,.T.);
#3776 = VERTEX_POINT('',#3777);
#3777 = CARTESIAN_POINT('',(-15.16,-15.86153846153,-76.));
#3778 = SURFACE_CURVE('',#3779,(#3783,#3790),.PCURVE_S1.);
#3779 = LINE('',#3780,#3781);
#3780 = CARTESIAN_POINT('',(-15.16,-0.825,-76.));
#3781 = VECTOR('',#3782,1.);
#3782 = DIRECTION('',(0.,1.,0.));
#3783 = PCURVE('',#788,#3784);
#3784 = DEFINITIONAL_REPRESENTATION('',(#3785),#3789);
#3785 = LINE('',#3786,#3787);
#3786 = CARTESIAN_POINT('',(-6.,20.575));
#3787 = VECTOR('',#3788,1.);
#3788 = DIRECTION('',(0.,-1.));
#3789 = ( GEOMETRIC_REPRESENTATION_CONTEXT(2) 
PARAMETRIC_REPRESENTATION_CONTEXT() REPRESENTATION_CONTEXT('2D SPACE',''
  ) );
#3790 = PCURVE('',#3791,#3796);
#3791 = PLANE('',#3792);
#3792 = AXIS2_PLACEMENT_3D('',#3793,#3794,#3795);
#3793 = CARTESIAN_POINT('',(-16.16,-21.4,-75.));
#3794 = DIRECTION('',(-0.707106781187,0.,-0.707106781187));
#3795 = DIRECTION('',(0.707106781187,0.,-0.707106781187));
#3796 = DEFINITIONAL_REPRESENTATION('',(#3797),#3800);
#3797 = B_SPLINE_CURVE_WITH_KNOTS('',1,(#3798,#3799),.UNSPECIFIED.,.F.,
  .F.,(2,2),(-19.575,-12.075),.PIECEWISE_BEZIER_KNOTS.);
#3798 = CARTESIAN_POINT('',(1.414213562373,-1.));
#3799 = CARTESIAN_POINT('',(1.414213562373,-8.5));
#3800 = ( GEOMETRIC_REPRESENTATION_CONTEXT(2) 
PARAMETRIC_REPRESENTATION_CONTEXT() REPRESENTATION_CONTEXT('2D SPACE',''
  ) );
#3801 = ORIENTED_EDGE('',*,*,#3802,.T.);
#3802 = EDGE_CURVE('',#3776,#3803,#3805,.T.);
#3803 = VERTEX_POINT('',#3804);
#3804 = CARTESIAN_POINT('',(-15.16,10.676140610366,-41.50101720652));
#3805 = SURFACE_CURVE('',#3806,(#3810,#3817),.PCURVE_S1.);
#3806 = LINE('',#3807,#3808);
#3807 = CARTESIAN_POINT('',(-15.16,-17.4,-78.));
#3808 = VECTOR('',#3809,1.);
#3809 = DIRECTION('',(0.,0.60971076085,0.792623989105));
#3810 = PCURVE('',#788,#3811);
#3811 = DEFINITIONAL_REPRESENTATION('',(#3812),#3816);
#3812 = LINE('',#3813,#3814);
#3813 = CARTESIAN_POINT('',(-8.,37.15));
#3814 = VECTOR('',#3815,1.);
#3815 = DIRECTION('',(0.792623989105,-0.60971076085));
#3816 = ( GEOMETRIC_REPRESENTATION_CONTEXT(2) 
PARAMETRIC_REPRESENTATION_CONTEXT() REPRESENTATION_CONTEXT('2D SPACE',''
  ) );
#3817 = PCURVE('',#3818,#3823);
#3818 = PLANE('',#3819);
#3819 = AXIS2_PLACEMENT_3D('',#3820,#3821,#3822);
#3820 = CARTESIAN_POINT('',(-15.16,-17.4,-78.));
#3821 = DIRECTION('',(0.,-0.792623989105,0.60971076085));
#3822 = DIRECTION('',(0.,0.60971076085,0.792623989105));
#3823 = DEFINITIONAL_REPRESENTATION('',(#3824),#3828);
#3824 = LINE('',#3825,#3826);
#3825 = CARTESIAN_POINT('',(0.,0.));
#3826 = VECTOR('',#3827,1.);
#3827 = DIRECTION('',(1.,0.));
#3828 = ( GEOMETRIC_REPRESENTATION_CONTEXT(2) 
PARAMETRIC_REPRESENTATION_CONTEXT() REPRESENTATION_CONTEXT('2D SPACE',''
  ) );
#3829 = ORIENTED_EDGE('',*,*,#3830,.F.);
#3830 = EDGE_CURVE('',#3831,#3803,#3833,.T.);
#3831 = VERTEX_POINT('',#3832);
#3832 = CARTESIAN_POINT('',(-15.16,10.880736713054,-41.23504227302));
#3833 = SURFACE_CURVE('',#3834,(#3839,#3846),.PCURVE_S1.);
#3834 = CIRCLE('',#3835,2.25);
#3835 = AXIS2_PLACEMENT_3D('',#3836,#3837,#3838);
#3836 = CARTESIAN_POINT('',(-15.16,9.,-40.));
#3837 = DIRECTION('',(1.,-0.,0.));
#3838 = DIRECTION('',(0.,0.83588298358,-0.548907676902));
#3839 = PCURVE('',#788,#3840);
#3840 = DEFINITIONAL_REPRESENTATION('',(#3841),#3845);
#3841 = CIRCLE('',#3842,2.25);
#3842 = AXIS2_PLACEMENT_2D('',#3843,#3844);
#3843 = CARTESIAN_POINT('',(30.,10.75));
#3844 = DIRECTION('',(-0.548907676902,-0.83588298358));
#3845 = ( GEOMETRIC_REPRESENTATION_CONTEXT(2) 
PARAMETRIC_REPRESENTATION_CONTEXT() REPRESENTATION_CONTEXT('2D SPACE',''
  ) );
#3846 = PCURVE('',#3847,#3852);
#3847 = CYLINDRICAL_SURFACE('',#3848,2.25);
#3848 = AXIS2_PLACEMENT_3D('',#3849,#3850,#3851);
#3849 = CARTESIAN_POINT('',(-16.16,9.,-40.));
#3850 = DIRECTION('',(1.,0.,2.22044604925E-16));
#3851 = DIRECTION('',(2.22044604925E-16,0.,-1.));
#3852 = DEFINITIONAL_REPRESENTATION('',(#3853),#3857);
#3853 = LINE('',#3854,#3855);
#3854 = CARTESIAN_POINT('',(0.989739439977,1.));
#3855 = VECTOR('',#3856,1.);
#3856 = DIRECTION('',(1.,0.));
#3857 = ( GEOMETRIC_REPRESENTATION_CONTEXT(2) 
PARAMETRIC_REPRESENTATION_CONTEXT() REPRESENTATION_CONTEXT('2D SPACE',''
  ) );
#3858 = ORIENTED_EDGE('',*,*,#3859,.T.);
#3859 = EDGE_CURVE('',#3831,#3860,#3862,.T.);
#3860 = VERTEX_POINT('',#3861);
#3861 = CARTESIAN_POINT('',(-15.16,17.35,-32.825));
#3862 = SURFACE_CURVE('',#3863,(#3867,#3874),.PCURVE_S1.);
#3863 = LINE('',#3864,#3865);
#3864 = CARTESIAN_POINT('',(-15.16,-17.4,-78.));
#3865 = VECTOR('',#3866,1.);
#3866 = DIRECTION('',(0.,0.60971076085,0.792623989105));
#3867 = PCURVE('',#788,#3868);
#3868 = DEFINITIONAL_REPRESENTATION('',(#3869),#3873);
#3869 = LINE('',#3870,#3871);
#3870 = CARTESIAN_POINT('',(-8.,37.15));
#3871 = VECTOR('',#3872,1.);
#3872 = DIRECTION('',(0.792623989105,-0.60971076085));
#3873 = ( GEOMETRIC_REPRESENTATION_CONTEXT(2) 
PARAMETRIC_REPRESENTATION_CONTEXT() REPRESENTATION_CONTEXT('2D SPACE',''
  ) );
#3874 = PCURVE('',#3875,#3880);
#3875 = PLANE('',#3876);
#3876 = AXIS2_PLACEMENT_3D('',#3877,#3878,#3879);
#3877 = CARTESIAN_POINT('',(-15.16,-17.4,-78.));
#3878 = DIRECTION('',(0.,-0.792623989105,0.60971076085));
#3879 = DIRECTION('',(0.,0.60971076085,0.792623989105));
#3880 = DEFINITIONAL_REPRESENTATION('',(#3881),#3885);
#3881 = LINE('',#3882,#3883);
#3882 = CARTESIAN_POINT('',(0.,0.));
#3883 = VECTOR('',#3884,1.);
#3884 = DIRECTION('',(1.,0.));
#3885 = ( GEOMETRIC_REPRESENTATION_CONTEXT(2) 
PARAMETRIC_REPRESENTATION_CONTEXT() REPRESENTATION_CONTEXT('2D SPACE',''
  ) );
#3886 = ORIENTED_EDGE('',*,*,#3887,.F.);
#3887 = EDGE_CURVE('',#3888,#3860,#3890,.T.);
#3888 = VERTEX_POINT('',#3889);
#3889 = CARTESIAN_POINT('',(-15.16,17.35,-36.5));
#3890 = SURFACE_CURVE('',#3891,(#3895,#3902),.PCURVE_S1.);
#3891 = LINE('',#3892,#3893);
#3892 = CARTESIAN_POINT('',(-15.16,17.35,-36.5));
#3893 = VECTOR('',#3894,1.);
#3894 = DIRECTION('',(0.,0.,1.));
#3895 = PCURVE('',#788,#3896);
#3896 = DEFINITIONAL_REPRESENTATION('',(#3897),#3901);
#3897 = LINE('',#3898,#3899);
#3898 = CARTESIAN_POINT('',(33.5,2.4));
#3899 = VECTOR('',#3900,1.);
#3900 = DIRECTION('',(1.,0.));
#3901 = ( GEOMETRIC_REPRESENTATION_CONTEXT(2) 
PARAMETRIC_REPRESENTATION_CONTEXT() REPRESENTATION_CONTEXT('2D SPACE',''
  ) );
#3902 = PCURVE('',#3323,#3903);
#3903 = DEFINITIONAL_REPRESENTATION('',(#3904),#3908);
#3904 = LINE('',#3905,#3906);
#3905 = CARTESIAN_POINT('',(-0.5,0.));
#3906 = VECTOR('',#3907,1.);
#3907 = DIRECTION('',(1.,0.));
#3908 = ( GEOMETRIC_REPRESENTATION_CONTEXT(2) 
PARAMETRIC_REPRESENTATION_CONTEXT() REPRESENTATION_CONTEXT('2D SPACE',''
  ) );
#3909 = ORIENTED_EDGE('',*,*,#3910,.T.);
#3910 = EDGE_CURVE('',#3888,#3508,#3911,.T.);
#3911 = SURFACE_CURVE('',#3912,(#3916,#3923),.PCURVE_S1.);
#3912 = LINE('',#3913,#3914);
#3913 = CARTESIAN_POINT('',(-15.16,17.35,-36.5));
#3914 = VECTOR('',#3915,1.);
#3915 = DIRECTION('',(-0.,1.,0.));
#3916 = PCURVE('',#788,#3917);
#3917 = DEFINITIONAL_REPRESENTATION('',(#3918),#3922);
#3918 = LINE('',#3919,#3920);
#3919 = CARTESIAN_POINT('',(33.5,2.4));
#3920 = VECTOR('',#3921,1.);
#3921 = DIRECTION('',(0.,-1.));
#3922 = ( GEOMETRIC_REPRESENTATION_CONTEXT(2) 
PARAMETRIC_REPRESENTATION_CONTEXT() REPRESENTATION_CONTEXT('2D SPACE',''
  ) );
#3923 = PCURVE('',#3351,#3924);
#3924 = DEFINITIONAL_REPRESENTATION('',(#3925),#3929);
#3925 = LINE('',#3926,#3927);
#3926 = CARTESIAN_POINT('',(0.,0.));
#3927 = VECTOR('',#3928,1.);
#3928 = DIRECTION('',(0.,1.));
#3929 = ( GEOMETRIC_REPRESENTATION_CONTEXT(2) 
PARAMETRIC_REPRESENTATION_CONTEXT() REPRESENTATION_CONTEXT('2D SPACE',''
  ) );
#3930 = FACE_BOUND('',#3931,.F.);
#3931 = EDGE_LOOP('',(#3932,#3960,#3986,#4012));
#3932 = ORIENTED_EDGE('',*,*,#3933,.T.);
#3933 = EDGE_CURVE('',#3934,#3936,#3938,.T.);
#3934 = VERTEX_POINT('',#3935);
#3935 = CARTESIAN_POINT('',(-15.16,4.5,-48.));
#3936 = VERTEX_POINT('',#3937);
#3937 = CARTESIAN_POINT('',(-15.16,-4.5,-48.));
#3938 = SURFACE_CURVE('',#3939,(#3943,#3949),.PCURVE_S1.);
#3939 = LINE('',#3940,#3941);
#3940 = CARTESIAN_POINT('',(-15.16,7.625,-48.));
#3941 = VECTOR('',#3942,1.);
#3942 = DIRECTION('',(0.,-1.,0.));
#3943 = PCURVE('',#788,#3944);
#3944 = DEFINITIONAL_REPRESENTATION('',(#3945),#3948);
#3945 = B_SPLINE_CURVE_WITH_KNOTS('',1,(#3946,#3947),.UNSPECIFIED.,.F.,
  .F.,(2,2),(3.125,12.125),.PIECEWISE_BEZIER_KNOTS.);
#3946 = CARTESIAN_POINT('',(22.,15.25));
#3947 = CARTESIAN_POINT('',(22.,24.25));
#3948 = ( GEOMETRIC_REPRESENTATION_CONTEXT(2) 
PARAMETRIC_REPRESENTATION_CONTEXT() REPRESENTATION_CONTEXT('2D SPACE',''
  ) );
#3949 = PCURVE('',#3950,#3955);
#3950 = PLANE('',#3951);
#3951 = AXIS2_PLACEMENT_3D('',#3952,#3953,#3954);
#3952 = CARTESIAN_POINT('',(-16.16,-4.5,-48.));
#3953 = DIRECTION('',(0.,0.,1.));
#3954 = DIRECTION('',(1.,0.,-0.));
#3955 = DEFINITIONAL_REPRESENTATION('',(#3956),#3959);
#3956 = B_SPLINE_CURVE_WITH_KNOTS('',1,(#3957,#3958),.UNSPECIFIED.,.F.,
  .F.,(2,2),(3.125,12.125),.PIECEWISE_BEZIER_KNOTS.);
#3957 = CARTESIAN_POINT('',(1.,9.));
#3958 = CARTESIAN_POINT('',(1.,0.));
#3959 = ( GEOMETRIC_REPRESENTATION_CONTEXT(2) 
PARAMETRIC_REPRESENTATION_CONTEXT() REPRESENTATION_CONTEXT('2D SPACE',''
  ) );
#3960 = ORIENTED_EDGE('',*,*,#3961,.T.);
#3961 = EDGE_CURVE('',#3936,#3962,#3964,.T.);
#3962 = VERTEX_POINT('',#3963);
#3963 = CARTESIAN_POINT('',(-15.16,-4.5,-37.));
#3964 = SURFACE_CURVE('',#3965,(#3969,#3975),.PCURVE_S1.);
#3965 = LINE('',#3966,#3967);
#3966 = CARTESIAN_POINT('',(-15.16,-4.5,-59.));
#3967 = VECTOR('',#3968,1.);
#3968 = DIRECTION('',(0.,0.,1.));
#3969 = PCURVE('',#788,#3970);
#3970 = DEFINITIONAL_REPRESENTATION('',(#3971),#3974);
#3971 = B_SPLINE_CURVE_WITH_KNOTS('',1,(#3972,#3973),.UNSPECIFIED.,.F.,
  .F.,(2,2),(11.,22.),.PIECEWISE_BEZIER_KNOTS.);
#3972 = CARTESIAN_POINT('',(22.,24.25));
#3973 = CARTESIAN_POINT('',(33.,24.25));
#3974 = ( GEOMETRIC_REPRESENTATION_CONTEXT(2) 
PARAMETRIC_REPRESENTATION_CONTEXT() REPRESENTATION_CONTEXT('2D SPACE',''
  ) );
#3975 = PCURVE('',#3976,#3981);
#3976 = PLANE('',#3977);
#3977 = AXIS2_PLACEMENT_3D('',#3978,#3979,#3980);
#3978 = CARTESIAN_POINT('',(-16.16,-4.5,-48.));
#3979 = DIRECTION('',(-0.,1.,0.));
#3980 = DIRECTION('',(0.,0.,1.));
#3981 = DEFINITIONAL_REPRESENTATION('',(#3982),#3985);
#3982 = B_SPLINE_CURVE_WITH_KNOTS('',1,(#3983,#3984),.UNSPECIFIED.,.F.,
  .F.,(2,2),(11.,22.),.PIECEWISE_BEZIER_KNOTS.);
#3983 = CARTESIAN_POINT('',(0.,1.));
#3984 = CARTESIAN_POINT('',(11.,1.));
#3985 = ( GEOMETRIC_REPRESENTATION_CONTEXT(2) 
PARAMETRIC_REPRESENTATION_CONTEXT() REPRESENTATION_CONTEXT('2D SPACE',''
  ) );
#3986 = ORIENTED_EDGE('',*,*,#3987,.F.);
#3987 = EDGE_CURVE('',#3988,#3962,#3990,.T.);
#3988 = VERTEX_POINT('',#3989);
#3989 = CARTESIAN_POINT('',(-15.16,4.5,-37.));
#3990 = SURFACE_CURVE('',#3991,(#3995,#4001),.PCURVE_S1.);
#3991 = LINE('',#3992,#3993);
#3992 = CARTESIAN_POINT('',(-15.16,7.625,-37.));
#3993 = VECTOR('',#3994,1.);
#3994 = DIRECTION('',(0.,-1.,0.));
#3995 = PCURVE('',#788,#3996);
#3996 = DEFINITIONAL_REPRESENTATION('',(#3997),#4000);
#3997 = B_SPLINE_CURVE_WITH_KNOTS('',1,(#3998,#3999),.UNSPECIFIED.,.F.,
  .F.,(2,2),(3.125,12.125),.PIECEWISE_BEZIER_KNOTS.);
#3998 = CARTESIAN_POINT('',(33.,15.25));
#3999 = CARTESIAN_POINT('',(33.,24.25));
#4000 = ( GEOMETRIC_REPRESENTATION_CONTEXT(2) 
PARAMETRIC_REPRESENTATION_CONTEXT() REPRESENTATION_CONTEXT('2D SPACE',''
  ) );
#4001 = PCURVE('',#4002,#4007);
#4002 = PLANE('',#4003);
#4003 = AXIS2_PLACEMENT_3D('',#4004,#4005,#4006);
#4004 = CARTESIAN_POINT('',(-16.16,-4.5,-37.));
#4005 = DIRECTION('',(0.,0.,1.));
#4006 = DIRECTION('',(1.,0.,-0.));
#4007 = DEFINITIONAL_REPRESENTATION('',(#4008),#4011);
#4008 = B_SPLINE_CURVE_WITH_KNOTS('',1,(#4009,#4010),.UNSPECIFIED.,.F.,
  .F.,(2,2),(3.125,12.125),.PIECEWISE_BEZIER_KNOTS.);
#4009 = CARTESIAN_POINT('',(1.,9.));
#4010 = CARTESIAN_POINT('',(1.,0.));
#4011 = ( GEOMETRIC_REPRESENTATION_CONTEXT(2) 
PARAMETRIC_REPRESENTATION_CONTEXT() REPRESENTATION_CONTEXT('2D SPACE',''
  ) );
#4012 = ORIENTED_EDGE('',*,*,#4013,.F.);
#4013 = EDGE_CURVE('',#3934,#3988,#4014,.T.);
#4014 = SURFACE_CURVE('',#4015,(#4019,#4025),.PCURVE_S1.);
#4015 = LINE('',#4016,#4017);
#4016 = CARTESIAN_POINT('',(-15.16,4.5,-59.));
#4017 = VECTOR('',#4018,1.);
#4018 = DIRECTION('',(0.,0.,1.));
#4019 = PCURVE('',#788,#4020);
#4020 = DEFINITIONAL_REPRESENTATION('',(#4021),#4024);
#4021 = B_SPLINE_CURVE_WITH_KNOTS('',1,(#4022,#4023),.UNSPECIFIED.,.F.,
  .F.,(2,2),(11.,22.),.PIECEWISE_BEZIER_KNOTS.);
#4022 = CARTESIAN_POINT('',(22.,15.25));
#4023 = CARTESIAN_POINT('',(33.,15.25));
#4024 = ( GEOMETRIC_REPRESENTATION_CONTEXT(2) 
PARAMETRIC_REPRESENTATION_CONTEXT() REPRESENTATION_CONTEXT('2D SPACE',''
  ) );
#4025 = PCURVE('',#4026,#4031);
#4026 = PLANE('',#4027);
#4027 = AXIS2_PLACEMENT_3D('',#4028,#4029,#4030);
#4028 = CARTESIAN_POINT('',(-16.16,4.5,-48.));
#4029 = DIRECTION('',(-0.,1.,0.));
#4030 = DIRECTION('',(0.,0.,1.));
#4031 = DEFINITIONAL_REPRESENTATION('',(#4032),#4035);
#4032 = B_SPLINE_CURVE_WITH_KNOTS('',1,(#4033,#4034),.UNSPECIFIED.,.F.,
  .F.,(2,2),(11.,22.),.PIECEWISE_BEZIER_KNOTS.);
#4033 = CARTESIAN_POINT('',(0.,1.));
#4034 = CARTESIAN_POINT('',(11.,1.));
#4035 = ( GEOMETRIC_REPRESENTATION_CONTEXT(2) 
PARAMETRIC_REPRESENTATION_CONTEXT() REPRESENTATION_CONTEXT('2D SPACE',''
  ) );
#4036 = FACE_BOUND('',#4037,.F.);
#4037 = EDGE_LOOP('',(#4038));
#4038 = ORIENTED_EDGE('',*,*,#4039,.F.);
#4039 = EDGE_CURVE('',#4040,#4040,#4042,.T.);
#4040 = VERTEX_POINT('',#4041);
#4041 = CARTESIAN_POINT('',(-15.16,-9.,-42.25));
#4042 = SURFACE_CURVE('',#4043,(#4048,#4055),.PCURVE_S1.);
#4043 = CIRCLE('',#4044,2.25);
#4044 = AXIS2_PLACEMENT_3D('',#4045,#4046,#4047);
#4045 = CARTESIAN_POINT('',(-15.16,-9.,-40.));
#4046 = DIRECTION('',(1.,0.,2.22044604925E-16));
#4047 = DIRECTION('',(2.22044604925E-16,0.,-1.));
#4048 = PCURVE('',#788,#4049);
#4049 = DEFINITIONAL_REPRESENTATION('',(#4050),#4054);
#4050 = CIRCLE('',#4051,2.25);
#4051 = AXIS2_PLACEMENT_2D('',#4052,#4053);
#4052 = CARTESIAN_POINT('',(30.,28.75));
#4053 = DIRECTION('',(-1.,0.));
#4054 = ( GEOMETRIC_REPRESENTATION_CONTEXT(2) 
PARAMETRIC_REPRESENTATION_CONTEXT() REPRESENTATION_CONTEXT('2D SPACE',''
  ) );
#4055 = PCURVE('',#4056,#4061);
#4056 = CYLINDRICAL_SURFACE('',#4057,2.25);
#4057 = AXIS2_PLACEMENT_3D('',#4058,#4059,#4060);
#4058 = CARTESIAN_POINT('',(-16.16,-9.,-40.));
#4059 = DIRECTION('',(1.,0.,2.22044604925E-16));
#4060 = DIRECTION('',(2.22044604925E-16,0.,-1.));
#4061 = DEFINITIONAL_REPRESENTATION('',(#4062),#4066);
#4062 = LINE('',#4063,#4064);
#4063 = CARTESIAN_POINT('',(0.,1.));
#4064 = VECTOR('',#4065,1.);
#4065 = DIRECTION('',(1.,0.));
#4066 = ( GEOMETRIC_REPRESENTATION_CONTEXT(2) 
PARAMETRIC_REPRESENTATION_CONTEXT() REPRESENTATION_CONTEXT('2D SPACE',''
  ) );
#4067 = ADVANCED_FACE('',(#4068),#760,.F.);
#4068 = FACE_BOUND('',#4069,.F.);
#4069 = EDGE_LOOP('',(#4070,#4071,#4072,#4093));
#4070 = ORIENTED_EDGE('',*,*,#744,.T.);
#4071 = ORIENTED_EDGE('',*,*,#3530,.F.);
#4072 = ORIENTED_EDGE('',*,*,#4073,.T.);
#4073 = EDGE_CURVE('',#3506,#3364,#4074,.T.);
#4074 = SURFACE_CURVE('',#4075,(#4079,#4086),.PCURVE_S1.);
#4075 = LINE('',#4076,#4077);
#4076 = CARTESIAN_POINT('',(-15.16,19.75,-70.));
#4077 = VECTOR('',#4078,1.);
#4078 = DIRECTION('',(1.,0.,-0.));
#4079 = PCURVE('',#760,#4080);
#4080 = DEFINITIONAL_REPRESENTATION('',(#4081),#4085);
#4081 = LINE('',#4082,#4083);
#4082 = CARTESIAN_POINT('',(0.,0.));
#4083 = VECTOR('',#4084,1.);
#4084 = DIRECTION('',(1.,0.));
#4085 = ( GEOMETRIC_REPRESENTATION_CONTEXT(2) 
PARAMETRIC_REPRESENTATION_CONTEXT() REPRESENTATION_CONTEXT('2D SPACE',''
  ) );
#4086 = PCURVE('',#3379,#4087);
#4087 = DEFINITIONAL_REPRESENTATION('',(#4088),#4092);
#4088 = LINE('',#4089,#4090);
#4089 = CARTESIAN_POINT('',(0.,0.));
#4090 = VECTOR('',#4091,1.);
#4091 = DIRECTION('',(0.,1.));
#4092 = ( GEOMETRIC_REPRESENTATION_CONTEXT(2) 
PARAMETRIC_REPRESENTATION_CONTEXT() REPRESENTATION_CONTEXT('2D SPACE',''
  ) );
#4093 = ORIENTED_EDGE('',*,*,#3391,.T.);
#4094 = ADVANCED_FACE('',(#4095),#893,.T.);
#4095 = FACE_BOUND('',#4096,.T.);
#4096 = EDGE_LOOP('',(#4097,#4098,#4119,#4120));
#4097 = ORIENTED_EDGE('',*,*,#876,.F.);
#4098 = ORIENTED_EDGE('',*,*,#4099,.T.);
#4099 = EDGE_CURVE('',#877,#2704,#4100,.T.);
#4100 = SURFACE_CURVE('',#4101,(#4105,#4112),.PCURVE_S1.);
#4101 = LINE('',#4102,#4103);
#4102 = CARTESIAN_POINT('',(-1.7,-21.4,-117.));
#4103 = VECTOR('',#4104,1.);
#4104 = DIRECTION('',(0.,1.,0.));
#4105 = PCURVE('',#893,#4106);
#4106 = DEFINITIONAL_REPRESENTATION('',(#4107),#4111);
#4107 = LINE('',#4108,#4109);
#4108 = CARTESIAN_POINT('',(0.,0.));
#4109 = VECTOR('',#4110,1.);
#4110 = DIRECTION('',(0.,-1.));
#4111 = ( GEOMETRIC_REPRESENTATION_CONTEXT(2) 
PARAMETRIC_REPRESENTATION_CONTEXT() REPRESENTATION_CONTEXT('2D SPACE',''
  ) );
#4112 = PCURVE('',#1023,#4113);
#4113 = DEFINITIONAL_REPRESENTATION('',(#4114),#4118);
#4114 = LINE('',#4115,#4116);
#4115 = CARTESIAN_POINT('',(3.14159265359,45.85));
#4116 = VECTOR('',#4117,1.);
#4117 = DIRECTION('',(0.,-1.));
#4118 = ( GEOMETRIC_REPRESENTATION_CONTEXT(2) 
PARAMETRIC_REPRESENTATION_CONTEXT() REPRESENTATION_CONTEXT('2D SPACE',''
  ) );
#4119 = ORIENTED_EDGE('',*,*,#2703,.T.);
#4120 = ORIENTED_EDGE('',*,*,#4121,.T.);
#4121 = EDGE_CURVE('',#2706,#879,#4122,.T.);
#4122 = SURFACE_CURVE('',#4123,(#4127,#4133),.PCURVE_S1.);
#4123 = LINE('',#4124,#4125);
#4124 = CARTESIAN_POINT('',(-1.7,-21.4,-116.2958369439));
#4125 = VECTOR('',#4126,1.);
#4126 = DIRECTION('',(0.,-1.,0.));
#4127 = PCURVE('',#893,#4128);
#4128 = DEFINITIONAL_REPRESENTATION('',(#4129),#4132);
#4129 = B_SPLINE_CURVE_WITH_KNOTS('',1,(#4130,#4131),.UNSPECIFIED.,.F.,
  .F.,(2,2),(-45.85,0.),.PIECEWISE_BEZIER_KNOTS.);
#4130 = CARTESIAN_POINT('',(0.704163056034,-45.85));
#4131 = CARTESIAN_POINT('',(0.704163056034,0.));
#4132 = ( GEOMETRIC_REPRESENTATION_CONTEXT(2) 
PARAMETRIC_REPRESENTATION_CONTEXT() REPRESENTATION_CONTEXT('2D SPACE',''
  ) );
#4133 = PCURVE('',#919,#4134);
#4134 = DEFINITIONAL_REPRESENTATION('',(#4135),#4139);
#4135 = LINE('',#4136,#4137);
#4136 = CARTESIAN_POINT('',(0.995836943966,0.));
#4137 = VECTOR('',#4138,1.);
#4138 = DIRECTION('',(0.,1.));
#4139 = ( GEOMETRIC_REPRESENTATION_CONTEXT(2) 
PARAMETRIC_REPRESENTATION_CONTEXT() REPRESENTATION_CONTEXT('2D SPACE',''
  ) );
#4140 = ADVANCED_FACE('',(#4141),#1023,.F.);
#4141 = FACE_BOUND('',#4142,.F.);
#4142 = EDGE_LOOP('',(#4143,#4144,#4145,#4146));
#4143 = ORIENTED_EDGE('',*,*,#1008,.F.);
#4144 = ORIENTED_EDGE('',*,*,#4099,.T.);
#4145 = ORIENTED_EDGE('',*,*,#2810,.T.);
#4146 = ORIENTED_EDGE('',*,*,#4147,.T.);
#4147 = EDGE_CURVE('',#2790,#983,#4148,.T.);
#4148 = SURFACE_CURVE('',#4149,(#4153,#4160),.PCURVE_S1.);
#4149 = LINE('',#4150,#4151);
#4150 = CARTESIAN_POINT('',(1.7,24.45,-117.));
#4151 = VECTOR('',#4152,1.);
#4152 = DIRECTION('',(0.,-1.,2.22044604925E-16));
#4153 = PCURVE('',#1023,#4154);
#4154 = DEFINITIONAL_REPRESENTATION('',(#4155),#4159);
#4155 = LINE('',#4156,#4157);
#4156 = CARTESIAN_POINT('',(6.28318530718,-0.));
#4157 = VECTOR('',#4158,1.);
#4158 = DIRECTION('',(0.,1.));
#4159 = ( GEOMETRIC_REPRESENTATION_CONTEXT(2) 
PARAMETRIC_REPRESENTATION_CONTEXT() REPRESENTATION_CONTEXT('2D SPACE',''
  ) );
#4160 = PCURVE('',#997,#4161);
#4161 = DEFINITIONAL_REPRESENTATION('',(#4162),#4166);
#4162 = LINE('',#4163,#4164);
#4163 = CARTESIAN_POINT('',(-5.506752479616E-15,-45.85));
#4164 = VECTOR('',#4165,1.);
#4165 = DIRECTION('',(2.22044604925E-16,1.));
#4166 = ( GEOMETRIC_REPRESENTATION_CONTEXT(2) 
PARAMETRIC_REPRESENTATION_CONTEXT() REPRESENTATION_CONTEXT('2D SPACE',''
  ) );
#4167 = ADVANCED_FACE('',(#4168),#919,.T.);
#4168 = FACE_BOUND('',#4169,.T.);
#4169 = EDGE_LOOP('',(#4170,#4171,#4172,#4173));
#4170 = ORIENTED_EDGE('',*,*,#904,.F.);
#4171 = ORIENTED_EDGE('',*,*,#4121,.F.);
#4172 = ORIENTED_EDGE('',*,*,#2726,.T.);
#4173 = ORIENTED_EDGE('',*,*,#4174,.T.);
#4174 = EDGE_CURVE('',#2727,#905,#4175,.T.);
#4175 = SURFACE_CURVE('',#4176,(#4180,#4187),.PCURVE_S1.);
#4176 = LINE('',#4177,#4178);
#4177 = CARTESIAN_POINT('',(-0.704163056034,-21.4,-115.3));
#4178 = VECTOR('',#4179,1.);
#4179 = DIRECTION('',(0.,-1.,0.));
#4180 = PCURVE('',#919,#4181);
#4181 = DEFINITIONAL_REPRESENTATION('',(#4182),#4186);
#4182 = LINE('',#4183,#4184);
#4183 = CARTESIAN_POINT('',(2.404163056034,0.));
#4184 = VECTOR('',#4185,1.);
#4185 = DIRECTION('',(0.,1.));
#4186 = ( GEOMETRIC_REPRESENTATION_CONTEXT(2) 
PARAMETRIC_REPRESENTATION_CONTEXT() REPRESENTATION_CONTEXT('2D SPACE',''
  ) );
#4187 = PCURVE('',#945,#4188);
#4188 = DEFINITIONAL_REPRESENTATION('',(#4189),#4193);
#4189 = LINE('',#4190,#4191);
#4190 = CARTESIAN_POINT('',(0.995836943966,0.));
#4191 = VECTOR('',#4192,1.);
#4192 = DIRECTION('',(0.,-1.));
#4193 = ( GEOMETRIC_REPRESENTATION_CONTEXT(2) 
PARAMETRIC_REPRESENTATION_CONTEXT() REPRESENTATION_CONTEXT('2D SPACE',''
  ) );
#4194 = ADVANCED_FACE('',(#4195),#997,.F.);
#4195 = FACE_BOUND('',#4196,.F.);
#4196 = EDGE_LOOP('',(#4197,#4198,#4199,#4200));
#4197 = ORIENTED_EDGE('',*,*,#982,.F.);
#4198 = ORIENTED_EDGE('',*,*,#4147,.F.);
#4199 = ORIENTED_EDGE('',*,*,#2789,.T.);
#4200 = ORIENTED_EDGE('',*,*,#4201,.F.);
#4201 = EDGE_CURVE('',#957,#2769,#4202,.T.);
#4202 = SURFACE_CURVE('',#4203,(#4207,#4213),.PCURVE_S1.);
#4203 = LINE('',#4204,#4205);
#4204 = CARTESIAN_POINT('',(1.7,-21.4,-116.2958369439));
#4205 = VECTOR('',#4206,1.);
#4206 = DIRECTION('',(0.,1.,0.));
#4207 = PCURVE('',#997,#4208);
#4208 = DEFINITIONAL_REPRESENTATION('',(#4209),#4212);
#4209 = B_SPLINE_CURVE_WITH_KNOTS('',1,(#4210,#4211),.UNSPECIFIED.,.F.,
  .F.,(2,2),(0.,45.85),.PIECEWISE_BEZIER_KNOTS.);
#4210 = CARTESIAN_POINT('',(0.704163056034,0.));
#4211 = CARTESIAN_POINT('',(0.704163056034,-45.85));
#4212 = ( GEOMETRIC_REPRESENTATION_CONTEXT(2) 
PARAMETRIC_REPRESENTATION_CONTEXT() REPRESENTATION_CONTEXT('2D SPACE',''
  ) );
#4213 = PCURVE('',#971,#4214);
#4214 = DEFINITIONAL_REPRESENTATION('',(#4215),#4219);
#4215 = LINE('',#4216,#4217);
#4216 = CARTESIAN_POINT('',(2.404163056034,0.));
#4217 = VECTOR('',#4218,1.);
#4218 = DIRECTION('',(0.,1.));
#4219 = ( GEOMETRIC_REPRESENTATION_CONTEXT(2) 
PARAMETRIC_REPRESENTATION_CONTEXT() REPRESENTATION_CONTEXT('2D SPACE',''
  ) );
#4220 = ADVANCED_FACE('',(#4221),#945,.F.);
#4221 = FACE_BOUND('',#4222,.F.);
#4222 = EDGE_LOOP('',(#4223,#4224,#4225,#4226));
#4223 = ORIENTED_EDGE('',*,*,#2747,.T.);
#4224 = ORIENTED_EDGE('',*,*,#4174,.T.);
#4225 = ORIENTED_EDGE('',*,*,#930,.F.);
#4226 = ORIENTED_EDGE('',*,*,#4227,.F.);
#4227 = EDGE_CURVE('',#2748,#931,#4228,.T.);
#4228 = SURFACE_CURVE('',#4229,(#4233,#4240),.PCURVE_S1.);
#4229 = LINE('',#4230,#4231);
#4230 = CARTESIAN_POINT('',(0.704163056034,-21.4,-115.3));
#4231 = VECTOR('',#4232,1.);
#4232 = DIRECTION('',(0.,-1.,0.));
#4233 = PCURVE('',#945,#4234);
#4234 = DEFINITIONAL_REPRESENTATION('',(#4235),#4239);
#4235 = LINE('',#4236,#4237);
#4236 = CARTESIAN_POINT('',(2.404163056034,0.));
#4237 = VECTOR('',#4238,1.);
#4238 = DIRECTION('',(0.,-1.));
#4239 = ( GEOMETRIC_REPRESENTATION_CONTEXT(2) 
PARAMETRIC_REPRESENTATION_CONTEXT() REPRESENTATION_CONTEXT('2D SPACE',''
  ) );
#4240 = PCURVE('',#971,#4241);
#4241 = DEFINITIONAL_REPRESENTATION('',(#4242),#4246);
#4242 = LINE('',#4243,#4244);
#4243 = CARTESIAN_POINT('',(0.995836943966,0.));
#4244 = VECTOR('',#4245,1.);
#4245 = DIRECTION('',(0.,-1.));
#4246 = ( GEOMETRIC_REPRESENTATION_CONTEXT(2) 
PARAMETRIC_REPRESENTATION_CONTEXT() REPRESENTATION_CONTEXT('2D SPACE',''
  ) );
#4247 = ADVANCED_FACE('',(#4248),#971,.F.);
#4248 = FACE_BOUND('',#4249,.F.);
#4249 = EDGE_LOOP('',(#4250,#4251,#4252,#4253));
#4250 = ORIENTED_EDGE('',*,*,#2768,.T.);
#4251 = ORIENTED_EDGE('',*,*,#4227,.T.);
#4252 = ORIENTED_EDGE('',*,*,#956,.F.);
#4253 = ORIENTED_EDGE('',*,*,#4201,.T.);
#4254 = ADVANCED_FACE('',(#4255),#1054,.T.);
#4255 = FACE_BOUND('',#4256,.T.);
#4256 = EDGE_LOOP('',(#4257,#4258,#4279,#4280));
#4257 = ORIENTED_EDGE('',*,*,#1037,.F.);
#4258 = ORIENTED_EDGE('',*,*,#4259,.T.);
#4259 = EDGE_CURVE('',#1038,#2835,#4260,.T.);
#4260 = SURFACE_CURVE('',#4261,(#4265,#4272),.PCURVE_S1.);
#4261 = LINE('',#4262,#4263);
#4262 = CARTESIAN_POINT('',(-8.7,-21.4,-110.));
#4263 = VECTOR('',#4264,1.);
#4264 = DIRECTION('',(0.,1.,0.));
#4265 = PCURVE('',#1054,#4266);
#4266 = DEFINITIONAL_REPRESENTATION('',(#4267),#4271);
#4267 = LINE('',#4268,#4269);
#4268 = CARTESIAN_POINT('',(0.,0.));
#4269 = VECTOR('',#4270,1.);
#4270 = DIRECTION('',(0.,-1.));
#4271 = ( GEOMETRIC_REPRESENTATION_CONTEXT(2) 
PARAMETRIC_REPRESENTATION_CONTEXT() REPRESENTATION_CONTEXT('2D SPACE',''
  ) );
#4272 = PCURVE('',#1184,#4273);
#4273 = DEFINITIONAL_REPRESENTATION('',(#4274),#4278);
#4274 = LINE('',#4275,#4276);
#4275 = CARTESIAN_POINT('',(3.14159265359,45.85));
#4276 = VECTOR('',#4277,1.);
#4277 = DIRECTION('',(0.,-1.));
#4278 = ( GEOMETRIC_REPRESENTATION_CONTEXT(2) 
PARAMETRIC_REPRESENTATION_CONTEXT() REPRESENTATION_CONTEXT('2D SPACE',''
  ) );
#4279 = ORIENTED_EDGE('',*,*,#2834,.T.);
#4280 = ORIENTED_EDGE('',*,*,#4281,.T.);
#4281 = EDGE_CURVE('',#2837,#1040,#4282,.T.);
#4282 = SURFACE_CURVE('',#4283,(#4287,#4293),.PCURVE_S1.);
#4283 = LINE('',#4284,#4285);
#4284 = CARTESIAN_POINT('',(-8.7,-21.4,-109.2958369439));
#4285 = VECTOR('',#4286,1.);
#4286 = DIRECTION('',(0.,-1.,0.));
#4287 = PCURVE('',#1054,#4288);
#4288 = DEFINITIONAL_REPRESENTATION('',(#4289),#4292);
#4289 = B_SPLINE_CURVE_WITH_KNOTS('',1,(#4290,#4291),.UNSPECIFIED.,.F.,
  .F.,(2,2),(-45.85,0.),.PIECEWISE_BEZIER_KNOTS.);
#4290 = CARTESIAN_POINT('',(0.704163056034,-45.85));
#4291 = CARTESIAN_POINT('',(0.704163056034,0.));
#4292 = ( GEOMETRIC_REPRESENTATION_CONTEXT(2) 
PARAMETRIC_REPRESENTATION_CONTEXT() REPRESENTATION_CONTEXT('2D SPACE',''
  ) );
#4293 = PCURVE('',#1080,#4294);
#4294 = DEFINITIONAL_REPRESENTATION('',(#4295),#4299);
#4295 = LINE('',#4296,#4297);
#4296 = CARTESIAN_POINT('',(0.995836943966,0.));
#4297 = VECTOR('',#4298,1.);
#4298 = DIRECTION('',(0.,1.));
#4299 = ( GEOMETRIC_REPRESENTATION_CONTEXT(2) 
PARAMETRIC_REPRESENTATION_CONTEXT() REPRESENTATION_CONTEXT('2D SPACE',''
  ) );
#4300 = ADVANCED_FACE('',(#4301),#1184,.F.);
#4301 = FACE_BOUND('',#4302,.F.);
#4302 = EDGE_LOOP('',(#4303,#4304,#4305,#4306));
#4303 = ORIENTED_EDGE('',*,*,#1169,.F.);
#4304 = ORIENTED_EDGE('',*,*,#4259,.T.);
#4305 = ORIENTED_EDGE('',*,*,#2941,.T.);
#4306 = ORIENTED_EDGE('',*,*,#4307,.T.);
#4307 = EDGE_CURVE('',#2921,#1144,#4308,.T.);
#4308 = SURFACE_CURVE('',#4309,(#4313,#4320),.PCURVE_S1.);
#4309 = LINE('',#4310,#4311);
#4310 = CARTESIAN_POINT('',(-5.3,24.45,-110.));
#4311 = VECTOR('',#4312,1.);
#4312 = DIRECTION('',(0.,-1.,2.22044604925E-16));
#4313 = PCURVE('',#1184,#4314);
#4314 = DEFINITIONAL_REPRESENTATION('',(#4315),#4319);
#4315 = LINE('',#4316,#4317);
#4316 = CARTESIAN_POINT('',(6.28318530718,-0.));
#4317 = VECTOR('',#4318,1.);
#4318 = DIRECTION('',(0.,1.));
#4319 = ( GEOMETRIC_REPRESENTATION_CONTEXT(2) 
PARAMETRIC_REPRESENTATION_CONTEXT() REPRESENTATION_CONTEXT('2D SPACE',''
  ) );
#4320 = PCURVE('',#1158,#4321);
#4321 = DEFINITIONAL_REPRESENTATION('',(#4322),#4326);
#4322 = LINE('',#4323,#4324);
#4323 = CARTESIAN_POINT('',(-5.506752479616E-15,-45.85));
#4324 = VECTOR('',#4325,1.);
#4325 = DIRECTION('',(2.22044604925E-16,1.));
#4326 = ( GEOMETRIC_REPRESENTATION_CONTEXT(2) 
PARAMETRIC_REPRESENTATION_CONTEXT() REPRESENTATION_CONTEXT('2D SPACE',''
  ) );
#4327 = ADVANCED_FACE('',(#4328),#1080,.T.);
#4328 = FACE_BOUND('',#4329,.T.);
#4329 = EDGE_LOOP('',(#4330,#4331,#4332,#4333));
#4330 = ORIENTED_EDGE('',*,*,#1065,.F.);
#4331 = ORIENTED_EDGE('',*,*,#4281,.F.);
#4332 = ORIENTED_EDGE('',*,*,#2857,.T.);
#4333 = ORIENTED_EDGE('',*,*,#4334,.T.);
#4334 = EDGE_CURVE('',#2858,#1066,#4335,.T.);
#4335 = SURFACE_CURVE('',#4336,(#4340,#4347),.PCURVE_S1.);
#4336 = LINE('',#4337,#4338);
#4337 = CARTESIAN_POINT('',(-7.704163056034,-21.4,-108.3));
#4338 = VECTOR('',#4339,1.);
#4339 = DIRECTION('',(0.,-1.,0.));
#4340 = PCURVE('',#1080,#4341);
#4341 = DEFINITIONAL_REPRESENTATION('',(#4342),#4346);
#4342 = LINE('',#4343,#4344);
#4343 = CARTESIAN_POINT('',(2.404163056034,0.));
#4344 = VECTOR('',#4345,1.);
#4345 = DIRECTION('',(0.,1.));
#4346 = ( GEOMETRIC_REPRESENTATION_CONTEXT(2) 
PARAMETRIC_REPRESENTATION_CONTEXT() REPRESENTATION_CONTEXT('2D SPACE',''
  ) );
#4347 = PCURVE('',#1106,#4348);
#4348 = DEFINITIONAL_REPRESENTATION('',(#4349),#4353);
#4349 = LINE('',#4350,#4351);
#4350 = CARTESIAN_POINT('',(0.995836943966,0.));
#4351 = VECTOR('',#4352,1.);
#4352 = DIRECTION('',(0.,-1.));
#4353 = ( GEOMETRIC_REPRESENTATION_CONTEXT(2) 
PARAMETRIC_REPRESENTATION_CONTEXT() REPRESENTATION_CONTEXT('2D SPACE',''
  ) );
#4354 = ADVANCED_FACE('',(#4355),#1158,.F.);
#4355 = FACE_BOUND('',#4356,.F.);
#4356 = EDGE_LOOP('',(#4357,#4358,#4359,#4360));
#4357 = ORIENTED_EDGE('',*,*,#1143,.F.);
#4358 = ORIENTED_EDGE('',*,*,#4307,.F.);
#4359 = ORIENTED_EDGE('',*,*,#2920,.T.);
#4360 = ORIENTED_EDGE('',*,*,#4361,.F.);
#4361 = EDGE_CURVE('',#1118,#2900,#4362,.T.);
#4362 = SURFACE_CURVE('',#4363,(#4367,#4373),.PCURVE_S1.);
#4363 = LINE('',#4364,#4365);
#4364 = CARTESIAN_POINT('',(-5.3,-21.4,-109.2958369439));
#4365 = VECTOR('',#4366,1.);
#4366 = DIRECTION('',(0.,1.,0.));
#4367 = PCURVE('',#1158,#4368);
#4368 = DEFINITIONAL_REPRESENTATION('',(#4369),#4372);
#4369 = B_SPLINE_CURVE_WITH_KNOTS('',1,(#4370,#4371),.UNSPECIFIED.,.F.,
  .F.,(2,2),(0.,45.85),.PIECEWISE_BEZIER_KNOTS.);
#4370 = CARTESIAN_POINT('',(0.704163056034,0.));
#4371 = CARTESIAN_POINT('',(0.704163056034,-45.85));
#4372 = ( GEOMETRIC_REPRESENTATION_CONTEXT(2) 
PARAMETRIC_REPRESENTATION_CONTEXT() REPRESENTATION_CONTEXT('2D SPACE',''
  ) );
#4373 = PCURVE('',#1132,#4374);
#4374 = DEFINITIONAL_REPRESENTATION('',(#4375),#4379);
#4375 = LINE('',#4376,#4377);
#4376 = CARTESIAN_POINT('',(2.404163056034,0.));
#4377 = VECTOR('',#4378,1.);
#4378 = DIRECTION('',(0.,1.));
#4379 = ( GEOMETRIC_REPRESENTATION_CONTEXT(2) 
PARAMETRIC_REPRESENTATION_CONTEXT() REPRESENTATION_CONTEXT('2D SPACE',''
  ) );
#4380 = ADVANCED_FACE('',(#4381),#1106,.F.);
#4381 = FACE_BOUND('',#4382,.F.);
#4382 = EDGE_LOOP('',(#4383,#4384,#4385,#4386));
#4383 = ORIENTED_EDGE('',*,*,#2878,.T.);
#4384 = ORIENTED_EDGE('',*,*,#4334,.T.);
#4385 = ORIENTED_EDGE('',*,*,#1091,.F.);
#4386 = ORIENTED_EDGE('',*,*,#4387,.F.);
#4387 = EDGE_CURVE('',#2879,#1092,#4388,.T.);
#4388 = SURFACE_CURVE('',#4389,(#4393,#4400),.PCURVE_S1.);
#4389 = LINE('',#4390,#4391);
#4390 = CARTESIAN_POINT('',(-6.295836943966,-21.4,-108.3));
#4391 = VECTOR('',#4392,1.);
#4392 = DIRECTION('',(0.,-1.,0.));
#4393 = PCURVE('',#1106,#4394);
#4394 = DEFINITIONAL_REPRESENTATION('',(#4395),#4399);
#4395 = LINE('',#4396,#4397);
#4396 = CARTESIAN_POINT('',(2.404163056034,0.));
#4397 = VECTOR('',#4398,1.);
#4398 = DIRECTION('',(0.,-1.));
#4399 = ( GEOMETRIC_REPRESENTATION_CONTEXT(2) 
PARAMETRIC_REPRESENTATION_CONTEXT() REPRESENTATION_CONTEXT('2D SPACE',''
  ) );
#4400 = PCURVE('',#1132,#4401);
#4401 = DEFINITIONAL_REPRESENTATION('',(#4402),#4406);
#4402 = LINE('',#4403,#4404);
#4403 = CARTESIAN_POINT('',(0.995836943966,0.));
#4404 = VECTOR('',#4405,1.);
#4405 = DIRECTION('',(0.,-1.));
#4406 = ( GEOMETRIC_REPRESENTATION_CONTEXT(2) 
PARAMETRIC_REPRESENTATION_CONTEXT() REPRESENTATION_CONTEXT('2D SPACE',''
  ) );
#4407 = ADVANCED_FACE('',(#4408),#1132,.F.);
#4408 = FACE_BOUND('',#4409,.F.);
#4409 = EDGE_LOOP('',(#4410,#4411,#4412,#4413));
#4410 = ORIENTED_EDGE('',*,*,#2899,.T.);
#4411 = ORIENTED_EDGE('',*,*,#4387,.T.);
#4412 = ORIENTED_EDGE('',*,*,#1117,.F.);
#4413 = ORIENTED_EDGE('',*,*,#4361,.T.);
#4414 = ADVANCED_FACE('',(#4415),#1215,.F.);
#4415 = FACE_BOUND('',#4416,.F.);
#4416 = EDGE_LOOP('',(#4417,#4418,#4439,#4440));
#4417 = ORIENTED_EDGE('',*,*,#1198,.F.);
#4418 = ORIENTED_EDGE('',*,*,#4419,.F.);
#4419 = EDGE_CURVE('',#2966,#1199,#4420,.T.);
#4420 = SEAM_CURVE('',#4421,(#4425,#4432),.PCURVE_S1.);
#4421 = LINE('',#4422,#4423);
#4422 = CARTESIAN_POINT('',(3.1,24.45,-110.));
#4423 = VECTOR('',#4424,1.);
#4424 = DIRECTION('',(0.,-1.,2.22044604925E-16));
#4425 = PCURVE('',#1215,#4426);
#4426 = DEFINITIONAL_REPRESENTATION('',(#4427),#4431);
#4427 = LINE('',#4428,#4429);
#4428 = CARTESIAN_POINT('',(6.28318530718,-0.));
#4429 = VECTOR('',#4430,1.);
#4430 = DIRECTION('',(0.,1.));
#4431 = ( GEOMETRIC_REPRESENTATION_CONTEXT(2) 
PARAMETRIC_REPRESENTATION_CONTEXT() REPRESENTATION_CONTEXT('2D SPACE',''
  ) );
#4432 = PCURVE('',#1215,#4433);
#4433 = DEFINITIONAL_REPRESENTATION('',(#4434),#4438);
#4434 = LINE('',#4435,#4436);
#4435 = CARTESIAN_POINT('',(0.,-0.));
#4436 = VECTOR('',#4437,1.);
#4437 = DIRECTION('',(0.,1.));
#4438 = ( GEOMETRIC_REPRESENTATION_CONTEXT(2) 
PARAMETRIC_REPRESENTATION_CONTEXT() REPRESENTATION_CONTEXT('2D SPACE',''
  ) );
#4439 = ORIENTED_EDGE('',*,*,#2965,.T.);
#4440 = ORIENTED_EDGE('',*,*,#4419,.T.);
#4441 = ADVANCED_FACE('',(#4442),#1246,.T.);
#4442 = FACE_BOUND('',#4443,.T.);
#4443 = EDGE_LOOP('',(#4444,#4445,#4466,#4467));
#4444 = ORIENTED_EDGE('',*,*,#1229,.F.);
#4445 = ORIENTED_EDGE('',*,*,#4446,.T.);
#4446 = EDGE_CURVE('',#1230,#2992,#4447,.T.);
#4447 = SURFACE_CURVE('',#4448,(#4452,#4459),.PCURVE_S1.);
#4448 = LINE('',#4449,#4450);
#4449 = CARTESIAN_POINT('',(5.3,-21.4,-110.));
#4450 = VECTOR('',#4451,1.);
#4451 = DIRECTION('',(0.,1.,0.));
#4452 = PCURVE('',#1246,#4453);
#4453 = DEFINITIONAL_REPRESENTATION('',(#4454),#4458);
#4454 = LINE('',#4455,#4456);
#4455 = CARTESIAN_POINT('',(0.,0.));
#4456 = VECTOR('',#4457,1.);
#4457 = DIRECTION('',(0.,-1.));
#4458 = ( GEOMETRIC_REPRESENTATION_CONTEXT(2) 
PARAMETRIC_REPRESENTATION_CONTEXT() REPRESENTATION_CONTEXT('2D SPACE',''
  ) );
#4459 = PCURVE('',#1376,#4460);
#4460 = DEFINITIONAL_REPRESENTATION('',(#4461),#4465);
#4461 = LINE('',#4462,#4463);
#4462 = CARTESIAN_POINT('',(3.14159265359,45.85));
#4463 = VECTOR('',#4464,1.);
#4464 = DIRECTION('',(0.,-1.));
#4465 = ( GEOMETRIC_REPRESENTATION_CONTEXT(2) 
PARAMETRIC_REPRESENTATION_CONTEXT() REPRESENTATION_CONTEXT('2D SPACE',''
  ) );
#4466 = ORIENTED_EDGE('',*,*,#2991,.T.);
#4467 = ORIENTED_EDGE('',*,*,#4468,.T.);
#4468 = EDGE_CURVE('',#2994,#1232,#4469,.T.);
#4469 = SURFACE_CURVE('',#4470,(#4474,#4480),.PCURVE_S1.);
#4470 = LINE('',#4471,#4472);
#4471 = CARTESIAN_POINT('',(5.3,-21.4,-109.2958369439));
#4472 = VECTOR('',#4473,1.);
#4473 = DIRECTION('',(0.,-1.,0.));
#4474 = PCURVE('',#1246,#4475);
#4475 = DEFINITIONAL_REPRESENTATION('',(#4476),#4479);
#4476 = B_SPLINE_CURVE_WITH_KNOTS('',1,(#4477,#4478),.UNSPECIFIED.,.F.,
  .F.,(2,2),(-45.85,0.),.PIECEWISE_BEZIER_KNOTS.);
#4477 = CARTESIAN_POINT('',(0.704163056034,-45.85));
#4478 = CARTESIAN_POINT('',(0.704163056034,0.));
#4479 = ( GEOMETRIC_REPRESENTATION_CONTEXT(2) 
PARAMETRIC_REPRESENTATION_CONTEXT() REPRESENTATION_CONTEXT('2D SPACE',''
  ) );
#4480 = PCURVE('',#1272,#4481);
#4481 = DEFINITIONAL_REPRESENTATION('',(#4482),#4486);
#4482 = LINE('',#4483,#4484);
#4483 = CARTESIAN_POINT('',(0.995836943966,0.));
#4484 = VECTOR('',#4485,1.);
#4485 = DIRECTION('',(0.,1.));
#4486 = ( GEOMETRIC_REPRESENTATION_CONTEXT(2) 
PARAMETRIC_REPRESENTATION_CONTEXT() REPRESENTATION_CONTEXT('2D SPACE',''
  ) );
#4487 = ADVANCED_FACE('',(#4488),#1376,.F.);
#4488 = FACE_BOUND('',#4489,.F.);
#4489 = EDGE_LOOP('',(#4490,#4491,#4492,#4493));
#4490 = ORIENTED_EDGE('',*,*,#1361,.F.);
#4491 = ORIENTED_EDGE('',*,*,#4446,.T.);
#4492 = ORIENTED_EDGE('',*,*,#3098,.T.);
#4493 = ORIENTED_EDGE('',*,*,#4494,.T.);
#4494 = EDGE_CURVE('',#3078,#1336,#4495,.T.);
#4495 = SURFACE_CURVE('',#4496,(#4500,#4507),.PCURVE_S1.);
#4496 = LINE('',#4497,#4498);
#4497 = CARTESIAN_POINT('',(8.7,24.45,-110.));
#4498 = VECTOR('',#4499,1.);
#4499 = DIRECTION('',(0.,-1.,2.22044604925E-16));
#4500 = PCURVE('',#1376,#4501);
#4501 = DEFINITIONAL_REPRESENTATION('',(#4502),#4506);
#4502 = LINE('',#4503,#4504);
#4503 = CARTESIAN_POINT('',(6.28318530718,-0.));
#4504 = VECTOR('',#4505,1.);
#4505 = DIRECTION('',(0.,1.));
#4506 = ( GEOMETRIC_REPRESENTATION_CONTEXT(2) 
PARAMETRIC_REPRESENTATION_CONTEXT() REPRESENTATION_CONTEXT('2D SPACE',''
  ) );
#4507 = PCURVE('',#1350,#4508);
#4508 = DEFINITIONAL_REPRESENTATION('',(#4509),#4513);
#4509 = LINE('',#4510,#4511);
#4510 = CARTESIAN_POINT('',(-5.506752479616E-15,-45.85));
#4511 = VECTOR('',#4512,1.);
#4512 = DIRECTION('',(2.22044604925E-16,1.));
#4513 = ( GEOMETRIC_REPRESENTATION_CONTEXT(2) 
PARAMETRIC_REPRESENTATION_CONTEXT() REPRESENTATION_CONTEXT('2D SPACE',''
  ) );
#4514 = ADVANCED_FACE('',(#4515),#1272,.T.);
#4515 = FACE_BOUND('',#4516,.T.);
#4516 = EDGE_LOOP('',(#4517,#4518,#4519,#4520));
#4517 = ORIENTED_EDGE('',*,*,#1257,.F.);
#4518 = ORIENTED_EDGE('',*,*,#4468,.F.);
#4519 = ORIENTED_EDGE('',*,*,#3014,.T.);
#4520 = ORIENTED_EDGE('',*,*,#4521,.T.);
#4521 = EDGE_CURVE('',#3015,#1258,#4522,.T.);
#4522 = SURFACE_CURVE('',#4523,(#4527,#4534),.PCURVE_S1.);
#4523 = LINE('',#4524,#4525);
#4524 = CARTESIAN_POINT('',(6.295836943966,-21.4,-108.3));
#4525 = VECTOR('',#4526,1.);
#4526 = DIRECTION('',(0.,-1.,0.));
#4527 = PCURVE('',#1272,#4528);
#4528 = DEFINITIONAL_REPRESENTATION('',(#4529),#4533);
#4529 = LINE('',#4530,#4531);
#4530 = CARTESIAN_POINT('',(2.404163056034,0.));
#4531 = VECTOR('',#4532,1.);
#4532 = DIRECTION('',(0.,1.));
#4533 = ( GEOMETRIC_REPRESENTATION_CONTEXT(2) 
PARAMETRIC_REPRESENTATION_CONTEXT() REPRESENTATION_CONTEXT('2D SPACE',''
  ) );
#4534 = PCURVE('',#1298,#4535);
#4535 = DEFINITIONAL_REPRESENTATION('',(#4536),#4540);
#4536 = LINE('',#4537,#4538);
#4537 = CARTESIAN_POINT('',(0.995836943966,0.));
#4538 = VECTOR('',#4539,1.);
#4539 = DIRECTION('',(0.,-1.));
#4540 = ( GEOMETRIC_REPRESENTATION_CONTEXT(2) 
PARAMETRIC_REPRESENTATION_CONTEXT() REPRESENTATION_CONTEXT('2D SPACE',''
  ) );
#4541 = ADVANCED_FACE('',(#4542),#1350,.F.);
#4542 = FACE_BOUND('',#4543,.F.);
#4543 = EDGE_LOOP('',(#4544,#4545,#4546,#4547));
#4544 = ORIENTED_EDGE('',*,*,#1335,.F.);
#4545 = ORIENTED_EDGE('',*,*,#4494,.F.);
#4546 = ORIENTED_EDGE('',*,*,#3077,.T.);
#4547 = ORIENTED_EDGE('',*,*,#4548,.F.);
#4548 = EDGE_CURVE('',#1310,#3057,#4549,.T.);
#4549 = SURFACE_CURVE('',#4550,(#4554,#4560),.PCURVE_S1.);
#4550 = LINE('',#4551,#4552);
#4551 = CARTESIAN_POINT('',(8.7,-21.4,-109.2958369439));
#4552 = VECTOR('',#4553,1.);
#4553 = DIRECTION('',(0.,1.,0.));
#4554 = PCURVE('',#1350,#4555);
#4555 = DEFINITIONAL_REPRESENTATION('',(#4556),#4559);
#4556 = B_SPLINE_CURVE_WITH_KNOTS('',1,(#4557,#4558),.UNSPECIFIED.,.F.,
  .F.,(2,2),(0.,45.85),.PIECEWISE_BEZIER_KNOTS.);
#4557 = CARTESIAN_POINT('',(0.704163056034,0.));
#4558 = CARTESIAN_POINT('',(0.704163056034,-45.85));
#4559 = ( GEOMETRIC_REPRESENTATION_CONTEXT(2) 
PARAMETRIC_REPRESENTATION_CONTEXT() REPRESENTATION_CONTEXT('2D SPACE',''
  ) );
#4560 = PCURVE('',#1324,#4561);
#4561 = DEFINITIONAL_REPRESENTATION('',(#4562),#4566);
#4562 = LINE('',#4563,#4564);
#4563 = CARTESIAN_POINT('',(2.404163056034,0.));
#4564 = VECTOR('',#4565,1.);
#4565 = DIRECTION('',(0.,1.));
#4566 = ( GEOMETRIC_REPRESENTATION_CONTEXT(2) 
PARAMETRIC_REPRESENTATION_CONTEXT() REPRESENTATION_CONTEXT('2D SPACE',''
  ) );
#4567 = ADVANCED_FACE('',(#4568),#1298,.F.);
#4568 = FACE_BOUND('',#4569,.F.);
#4569 = EDGE_LOOP('',(#4570,#4571,#4572,#4573));
#4570 = ORIENTED_EDGE('',*,*,#3035,.T.);
#4571 = ORIENTED_EDGE('',*,*,#4521,.T.);
#4572 = ORIENTED_EDGE('',*,*,#1283,.F.);
#4573 = ORIENTED_EDGE('',*,*,#4574,.F.);
#4574 = EDGE_CURVE('',#3036,#1284,#4575,.T.);
#4575 = SURFACE_CURVE('',#4576,(#4580,#4587),.PCURVE_S1.);
#4576 = LINE('',#4577,#4578);
#4577 = CARTESIAN_POINT('',(7.704163056034,-21.4,-108.3));
#4578 = VECTOR('',#4579,1.);
#4579 = DIRECTION('',(0.,-1.,0.));
#4580 = PCURVE('',#1298,#4581);
#4581 = DEFINITIONAL_REPRESENTATION('',(#4582),#4586);
#4582 = LINE('',#4583,#4584);
#4583 = CARTESIAN_POINT('',(2.404163056034,0.));
#4584 = VECTOR('',#4585,1.);
#4585 = DIRECTION('',(0.,-1.));
#4586 = ( GEOMETRIC_REPRESENTATION_CONTEXT(2) 
PARAMETRIC_REPRESENTATION_CONTEXT() REPRESENTATION_CONTEXT('2D SPACE',''
  ) );
#4587 = PCURVE('',#1324,#4588);
#4588 = DEFINITIONAL_REPRESENTATION('',(#4589),#4593);
#4589 = LINE('',#4590,#4591);
#4590 = CARTESIAN_POINT('',(0.995836943966,0.));
#4591 = VECTOR('',#4592,1.);
#4592 = DIRECTION('',(0.,-1.));
#4593 = ( GEOMETRIC_REPRESENTATION_CONTEXT(2) 
PARAMETRIC_REPRESENTATION_CONTEXT() REPRESENTATION_CONTEXT('2D SPACE',''
  ) );
#4594 = ADVANCED_FACE('',(#4595),#1324,.F.);
#4595 = FACE_BOUND('',#4596,.F.);
#4596 = EDGE_LOOP('',(#4597,#4598,#4599,#4600));
#4597 = ORIENTED_EDGE('',*,*,#3056,.T.);
#4598 = ORIENTED_EDGE('',*,*,#4574,.T.);
#4599 = ORIENTED_EDGE('',*,*,#1309,.F.);
#4600 = ORIENTED_EDGE('',*,*,#4548,.T.);
#4601 = ADVANCED_FACE('',(#4602),#1407,.T.);
#4602 = FACE_BOUND('',#4603,.T.);
#4603 = EDGE_LOOP('',(#4604,#4605,#4626,#4627));
#4604 = ORIENTED_EDGE('',*,*,#1390,.F.);
#4605 = ORIENTED_EDGE('',*,*,#4606,.T.);
#4606 = EDGE_CURVE('',#1391,#3123,#4607,.T.);
#4607 = SURFACE_CURVE('',#4608,(#4612,#4619),.PCURVE_S1.);
#4608 = LINE('',#4609,#4610);
#4609 = CARTESIAN_POINT('',(-1.7,-21.4,-103.));
#4610 = VECTOR('',#4611,1.);
#4611 = DIRECTION('',(0.,1.,0.));
#4612 = PCURVE('',#1407,#4613);
#4613 = DEFINITIONAL_REPRESENTATION('',(#4614),#4618);
#4614 = LINE('',#4615,#4616);
#4615 = CARTESIAN_POINT('',(0.,0.));
#4616 = VECTOR('',#4617,1.);
#4617 = DIRECTION('',(0.,-1.));
#4618 = ( GEOMETRIC_REPRESENTATION_CONTEXT(2) 
PARAMETRIC_REPRESENTATION_CONTEXT() REPRESENTATION_CONTEXT('2D SPACE',''
  ) );
#4619 = PCURVE('',#1537,#4620);
#4620 = DEFINITIONAL_REPRESENTATION('',(#4621),#4625);
#4621 = LINE('',#4622,#4623);
#4622 = CARTESIAN_POINT('',(3.14159265359,45.85));
#4623 = VECTOR('',#4624,1.);
#4624 = DIRECTION('',(0.,-1.));
#4625 = ( GEOMETRIC_REPRESENTATION_CONTEXT(2) 
PARAMETRIC_REPRESENTATION_CONTEXT() REPRESENTATION_CONTEXT('2D SPACE',''
  ) );
#4626 = ORIENTED_EDGE('',*,*,#3122,.T.);
#4627 = ORIENTED_EDGE('',*,*,#4628,.T.);
#4628 = EDGE_CURVE('',#3125,#1393,#4629,.T.);
#4629 = SURFACE_CURVE('',#4630,(#4634,#4640),.PCURVE_S1.);
#4630 = LINE('',#4631,#4632);
#4631 = CARTESIAN_POINT('',(-1.7,-21.4,-102.2958369439));
#4632 = VECTOR('',#4633,1.);
#4633 = DIRECTION('',(0.,-1.,0.));
#4634 = PCURVE('',#1407,#4635);
#4635 = DEFINITIONAL_REPRESENTATION('',(#4636),#4639);
#4636 = B_SPLINE_CURVE_WITH_KNOTS('',1,(#4637,#4638),.UNSPECIFIED.,.F.,
  .F.,(2,2),(-45.85,0.),.PIECEWISE_BEZIER_KNOTS.);
#4637 = CARTESIAN_POINT('',(0.704163056034,-45.85));
#4638 = CARTESIAN_POINT('',(0.704163056034,0.));
#4639 = ( GEOMETRIC_REPRESENTATION_CONTEXT(2) 
PARAMETRIC_REPRESENTATION_CONTEXT() REPRESENTATION_CONTEXT('2D SPACE',''
  ) );
#4640 = PCURVE('',#1433,#4641);
#4641 = DEFINITIONAL_REPRESENTATION('',(#4642),#4646);
#4642 = LINE('',#4643,#4644);
#4643 = CARTESIAN_POINT('',(0.995836943966,0.));
#4644 = VECTOR('',#4645,1.);
#4645 = DIRECTION('',(0.,1.));
#4646 = ( GEOMETRIC_REPRESENTATION_CONTEXT(2) 
PARAMETRIC_REPRESENTATION_CONTEXT() REPRESENTATION_CONTEXT('2D SPACE',''
  ) );
#4647 = ADVANCED_FACE('',(#4648),#1537,.F.);
#4648 = FACE_BOUND('',#4649,.F.);
#4649 = EDGE_LOOP('',(#4650,#4651,#4652,#4653));
#4650 = ORIENTED_EDGE('',*,*,#1522,.F.);
#4651 = ORIENTED_EDGE('',*,*,#4606,.T.);
#4652 = ORIENTED_EDGE('',*,*,#3229,.T.);
#4653 = ORIENTED_EDGE('',*,*,#4654,.T.);
#4654 = EDGE_CURVE('',#3209,#1497,#4655,.T.);
#4655 = SURFACE_CURVE('',#4656,(#4660,#4667),.PCURVE_S1.);
#4656 = LINE('',#4657,#4658);
#4657 = CARTESIAN_POINT('',(1.7,24.45,-103.));
#4658 = VECTOR('',#4659,1.);
#4659 = DIRECTION('',(0.,-1.,2.22044604925E-16));
#4660 = PCURVE('',#1537,#4661);
#4661 = DEFINITIONAL_REPRESENTATION('',(#4662),#4666);
#4662 = LINE('',#4663,#4664);
#4663 = CARTESIAN_POINT('',(6.28318530718,-0.));
#4664 = VECTOR('',#4665,1.);
#4665 = DIRECTION('',(0.,1.));
#4666 = ( GEOMETRIC_REPRESENTATION_CONTEXT(2) 
PARAMETRIC_REPRESENTATION_CONTEXT() REPRESENTATION_CONTEXT('2D SPACE',''
  ) );
#4667 = PCURVE('',#1511,#4668);
#4668 = DEFINITIONAL_REPRESENTATION('',(#4669),#4673);
#4669 = LINE('',#4670,#4671);
#4670 = CARTESIAN_POINT('',(-5.506752479616E-15,-45.85));
#4671 = VECTOR('',#4672,1.);
#4672 = DIRECTION('',(2.22044604925E-16,1.));
#4673 = ( GEOMETRIC_REPRESENTATION_CONTEXT(2) 
PARAMETRIC_REPRESENTATION_CONTEXT() REPRESENTATION_CONTEXT('2D SPACE',''
  ) );
#4674 = ADVANCED_FACE('',(#4675),#1433,.T.);
#4675 = FACE_BOUND('',#4676,.T.);
#4676 = EDGE_LOOP('',(#4677,#4678,#4679,#4680));
#4677 = ORIENTED_EDGE('',*,*,#1418,.F.);
#4678 = ORIENTED_EDGE('',*,*,#4628,.F.);
#4679 = ORIENTED_EDGE('',*,*,#3145,.T.);
#4680 = ORIENTED_EDGE('',*,*,#4681,.T.);
#4681 = EDGE_CURVE('',#3146,#1419,#4682,.T.);
#4682 = SURFACE_CURVE('',#4683,(#4687,#4694),.PCURVE_S1.);
#4683 = LINE('',#4684,#4685);
#4684 = CARTESIAN_POINT('',(-0.704163056034,-21.4,-101.3));
#4685 = VECTOR('',#4686,1.);
#4686 = DIRECTION('',(0.,-1.,0.));
#4687 = PCURVE('',#1433,#4688);
#4688 = DEFINITIONAL_REPRESENTATION('',(#4689),#4693);
#4689 = LINE('',#4690,#4691);
#4690 = CARTESIAN_POINT('',(2.404163056034,0.));
#4691 = VECTOR('',#4692,1.);
#4692 = DIRECTION('',(0.,1.));
#4693 = ( GEOMETRIC_REPRESENTATION_CONTEXT(2) 
PARAMETRIC_REPRESENTATION_CONTEXT() REPRESENTATION_CONTEXT('2D SPACE',''
  ) );
#4694 = PCURVE('',#1459,#4695);
#4695 = DEFINITIONAL_REPRESENTATION('',(#4696),#4700);
#4696 = LINE('',#4697,#4698);
#4697 = CARTESIAN_POINT('',(0.995836943966,0.));
#4698 = VECTOR('',#4699,1.);
#4699 = DIRECTION('',(0.,-1.));
#4700 = ( GEOMETRIC_REPRESENTATION_CONTEXT(2) 
PARAMETRIC_REPRESENTATION_CONTEXT() REPRESENTATION_CONTEXT('2D SPACE',''
  ) );
#4701 = ADVANCED_FACE('',(#4702),#1511,.F.);
#4702 = FACE_BOUND('',#4703,.F.);
#4703 = EDGE_LOOP('',(#4704,#4705,#4706,#4707));
#4704 = ORIENTED_EDGE('',*,*,#1496,.F.);
#4705 = ORIENTED_EDGE('',*,*,#4654,.F.);
#4706 = ORIENTED_EDGE('',*,*,#3208,.T.);
#4707 = ORIENTED_EDGE('',*,*,#4708,.F.);
#4708 = EDGE_CURVE('',#1471,#3188,#4709,.T.);
#4709 = SURFACE_CURVE('',#4710,(#4714,#4720),.PCURVE_S1.);
#4710 = LINE('',#4711,#4712);
#4711 = CARTESIAN_POINT('',(1.7,-21.4,-102.2958369439));
#4712 = VECTOR('',#4713,1.);
#4713 = DIRECTION('',(0.,1.,0.));
#4714 = PCURVE('',#1511,#4715);
#4715 = DEFINITIONAL_REPRESENTATION('',(#4716),#4719);
#4716 = B_SPLINE_CURVE_WITH_KNOTS('',1,(#4717,#4718),.UNSPECIFIED.,.F.,
  .F.,(2,2),(0.,45.85),.PIECEWISE_BEZIER_KNOTS.);
#4717 = CARTESIAN_POINT('',(0.704163056034,0.));
#4718 = CARTESIAN_POINT('',(0.704163056034,-45.85));
#4719 = ( GEOMETRIC_REPRESENTATION_CONTEXT(2) 
PARAMETRIC_REPRESENTATION_CONTEXT() REPRESENTATION_CONTEXT('2D SPACE',''
  ) );
#4720 = PCURVE('',#1485,#4721);
#4721 = DEFINITIONAL_REPRESENTATION('',(#4722),#4726);
#4722 = LINE('',#4723,#4724);
#4723 = CARTESIAN_POINT('',(2.404163056034,0.));
#4724 = VECTOR('',#4725,1.);
#4725 = DIRECTION('',(0.,1.));
#4726 = ( GEOMETRIC_REPRESENTATION_CONTEXT(2) 
PARAMETRIC_REPRESENTATION_CONTEXT() REPRESENTATION_CONTEXT('2D SPACE',''
  ) );
#4727 = ADVANCED_FACE('',(#4728),#1459,.F.);
#4728 = FACE_BOUND('',#4729,.F.);
#4729 = EDGE_LOOP('',(#4730,#4731,#4732,#4733));
#4730 = ORIENTED_EDGE('',*,*,#3166,.T.);
#4731 = ORIENTED_EDGE('',*,*,#4681,.T.);
#4732 = ORIENTED_EDGE('',*,*,#1444,.F.);
#4733 = ORIENTED_EDGE('',*,*,#4734,.F.);
#4734 = EDGE_CURVE('',#3167,#1445,#4735,.T.);
#4735 = SURFACE_CURVE('',#4736,(#4740,#4747),.PCURVE_S1.);
#4736 = LINE('',#4737,#4738);
#4737 = CARTESIAN_POINT('',(0.704163056034,-21.4,-101.3));
#4738 = VECTOR('',#4739,1.);
#4739 = DIRECTION('',(0.,-1.,0.));
#4740 = PCURVE('',#1459,#4741);
#4741 = DEFINITIONAL_REPRESENTATION('',(#4742),#4746);
#4742 = LINE('',#4743,#4744);
#4743 = CARTESIAN_POINT('',(2.404163056034,0.));
#4744 = VECTOR('',#4745,1.);
#4745 = DIRECTION('',(0.,-1.));
#4746 = ( GEOMETRIC_REPRESENTATION_CONTEXT(2) 
PARAMETRIC_REPRESENTATION_CONTEXT() REPRESENTATION_CONTEXT('2D SPACE',''
  ) );
#4747 = PCURVE('',#1485,#4748);
#4748 = DEFINITIONAL_REPRESENTATION('',(#4749),#4753);
#4749 = LINE('',#4750,#4751);
#4750 = CARTESIAN_POINT('',(0.995836943966,0.));
#4751 = VECTOR('',#4752,1.);
#4752 = DIRECTION('',(0.,-1.));
#4753 = ( GEOMETRIC_REPRESENTATION_CONTEXT(2) 
PARAMETRIC_REPRESENTATION_CONTEXT() REPRESENTATION_CONTEXT('2D SPACE',''
  ) );
#4754 = ADVANCED_FACE('',(#4755),#1485,.F.);
#4755 = FACE_BOUND('',#4756,.F.);
#4756 = EDGE_LOOP('',(#4757,#4758,#4759,#4760));
#4757 = ORIENTED_EDGE('',*,*,#3187,.T.);
#4758 = ORIENTED_EDGE('',*,*,#4734,.T.);
#4759 = ORIENTED_EDGE('',*,*,#1470,.F.);
#4760 = ORIENTED_EDGE('',*,*,#4708,.T.);
#4761 = ADVANCED_FACE('',(#4762),#1619,.T.);
#4762 = FACE_BOUND('',#4763,.T.);
#4763 = EDGE_LOOP('',(#4764,#4765,#4766,#4787));
#4764 = ORIENTED_EDGE('',*,*,#1603,.T.);
#4765 = ORIENTED_EDGE('',*,*,#1724,.T.);
#4766 = ORIENTED_EDGE('',*,*,#4767,.F.);
#4767 = EDGE_CURVE('',#1982,#1725,#4768,.T.);
#4768 = SURFACE_CURVE('',#4769,(#4773,#4780),.PCURVE_S1.);
#4769 = LINE('',#4770,#4771);
#4770 = CARTESIAN_POINT('',(12.,24.45,-104.));
#4771 = VECTOR('',#4772,1.);
#4772 = DIRECTION('',(0.,-1.,0.));
#4773 = PCURVE('',#1619,#4774);
#4774 = DEFINITIONAL_REPRESENTATION('',(#4775),#4779);
#4775 = LINE('',#4776,#4777);
#4776 = CARTESIAN_POINT('',(6.,-44.85));
#4777 = VECTOR('',#4778,1.);
#4778 = DIRECTION('',(0.,1.));
#4779 = ( GEOMETRIC_REPRESENTATION_CONTEXT(2) 
PARAMETRIC_REPRESENTATION_CONTEXT() REPRESENTATION_CONTEXT('2D SPACE',''
  ) );
#4780 = PCURVE('',#1767,#4781);
#4781 = DEFINITIONAL_REPRESENTATION('',(#4782),#4786);
#4782 = LINE('',#4783,#4784);
#4783 = CARTESIAN_POINT('',(-0.,0.));
#4784 = VECTOR('',#4785,1.);
#4785 = DIRECTION('',(0.,-1.));
#4786 = ( GEOMETRIC_REPRESENTATION_CONTEXT(2) 
PARAMETRIC_REPRESENTATION_CONTEXT() REPRESENTATION_CONTEXT('2D SPACE',''
  ) );
#4787 = ORIENTED_EDGE('',*,*,#2002,.T.);
#4788 = ADVANCED_FACE('',(#4789),#1890,.T.);
#4789 = FACE_BOUND('',#4790,.T.);
#4790 = EDGE_LOOP('',(#4791,#4812,#4813,#4814,#4837,#4865,#4893));
#4791 = ORIENTED_EDGE('',*,*,#4792,.T.);
#4792 = EDGE_CURVE('',#4793,#1808,#4795,.T.);
#4793 = VERTEX_POINT('',#4794);
#4794 = CARTESIAN_POINT('',(12.,-17.9,-35.30880831638));
#4795 = SURFACE_CURVE('',#4796,(#4800,#4806),.PCURVE_S1.);
#4796 = LINE('',#4797,#4798);
#4797 = CARTESIAN_POINT('',(12.,-17.85,-35.30880831638));
#4798 = VECTOR('',#4799,1.);
#4799 = DIRECTION('',(0.,-1.,2.22044604925E-16));
#4800 = PCURVE('',#1890,#4801);
#4801 = DEFINITIONAL_REPRESENTATION('',(#4802),#4805);
#4802 = B_SPLINE_CURVE_WITH_KNOTS('',1,(#4803,#4804),.UNSPECIFIED.,.F.,
  .F.,(2,2),(-5.999999999062E-07,3.1),.PIECEWISE_BEZIER_KNOTS.);
#4803 = CARTESIAN_POINT('',(34.691191683615,-2.5500006));
#4804 = CARTESIAN_POINT('',(34.691191683615,0.55));
#4805 = ( GEOMETRIC_REPRESENTATION_CONTEXT(2) 
PARAMETRIC_REPRESENTATION_CONTEXT() REPRESENTATION_CONTEXT('2D SPACE',''
  ) );
#4806 = PCURVE('',#1851,#4807);
#4807 = DEFINITIONAL_REPRESENTATION('',(#4808),#4811);
#4808 = B_SPLINE_CURVE_WITH_KNOTS('',1,(#4809,#4810),.UNSPECIFIED.,.F.,
  .F.,(2,2),(-5.999999999062E-07,3.1),.PIECEWISE_BEZIER_KNOTS.);
#4809 = CARTESIAN_POINT('',(5.312235905992,-6.000000004744E-07));
#4810 = CARTESIAN_POINT('',(5.312235905992,3.1));
#4811 = ( GEOMETRIC_REPRESENTATION_CONTEXT(2) 
PARAMETRIC_REPRESENTATION_CONTEXT() REPRESENTATION_CONTEXT('2D SPACE',''
  ) );
#4812 = ORIENTED_EDGE('',*,*,#1874,.F.);
#4813 = ORIENTED_EDGE('',*,*,#2287,.F.);
#4814 = ORIENTED_EDGE('',*,*,#4815,.T.);
#4815 = EDGE_CURVE('',#2026,#4816,#4818,.T.);
#4816 = VERTEX_POINT('',#4817);
#4817 = CARTESIAN_POINT('',(12.,-14.9,-36.5));
#4818 = SURFACE_CURVE('',#4819,(#4823,#4830),.PCURVE_S1.);
#4819 = LINE('',#4820,#4821);
#4820 = CARTESIAN_POINT('',(12.,-20.4,-36.5));
#4821 = VECTOR('',#4822,1.);
#4822 = DIRECTION('',(-0.,1.,0.));
#4823 = PCURVE('',#1890,#4824);
#4824 = DEFINITIONAL_REPRESENTATION('',(#4825),#4829);
#4825 = LINE('',#4826,#4827);
#4826 = CARTESIAN_POINT('',(33.5,0.));
#4827 = VECTOR('',#4828,1.);
#4828 = DIRECTION('',(0.,-1.));
#4829 = ( GEOMETRIC_REPRESENTATION_CONTEXT(2) 
PARAMETRIC_REPRESENTATION_CONTEXT() REPRESENTATION_CONTEXT('2D SPACE',''
  ) );
#4830 = PCURVE('',#2063,#4831);
#4831 = DEFINITIONAL_REPRESENTATION('',(#4832),#4836);
#4832 = LINE('',#4833,#4834);
#4833 = CARTESIAN_POINT('',(27.16,0.));
#4834 = VECTOR('',#4835,1.);
#4835 = DIRECTION('',(0.,1.));
#4836 = ( GEOMETRIC_REPRESENTATION_CONTEXT(2) 
PARAMETRIC_REPRESENTATION_CONTEXT() REPRESENTATION_CONTEXT('2D SPACE',''
  ) );
#4837 = ORIENTED_EDGE('',*,*,#4838,.T.);
#4838 = EDGE_CURVE('',#4816,#4839,#4841,.T.);
#4839 = VERTEX_POINT('',#4840);
#4840 = CARTESIAN_POINT('',(12.,-14.9,-36.));
#4841 = SURFACE_CURVE('',#4842,(#4846,#4853),.PCURVE_S1.);
#4842 = LINE('',#4843,#4844);
#4843 = CARTESIAN_POINT('',(12.,-14.9,-36.5));
#4844 = VECTOR('',#4845,1.);
#4845 = DIRECTION('',(0.,0.,1.));
#4846 = PCURVE('',#1890,#4847);
#4847 = DEFINITIONAL_REPRESENTATION('',(#4848),#4852);
#4848 = LINE('',#4849,#4850);
#4849 = CARTESIAN_POINT('',(33.5,-5.5));
#4850 = VECTOR('',#4851,1.);
#4851 = DIRECTION('',(1.,0.));
#4852 = ( GEOMETRIC_REPRESENTATION_CONTEXT(2) 
PARAMETRIC_REPRESENTATION_CONTEXT() REPRESENTATION_CONTEXT('2D SPACE',''
  ) );
#4853 = PCURVE('',#4854,#4859);
#4854 = PLANE('',#4855);
#4855 = AXIS2_PLACEMENT_3D('',#4856,#4857,#4858);
#4856 = CARTESIAN_POINT('',(-15.16,-14.9,-36.));
#4857 = DIRECTION('',(-0.,1.,0.));
#4858 = DIRECTION('',(0.,0.,1.));
#4859 = DEFINITIONAL_REPRESENTATION('',(#4860),#4864);
#4860 = LINE('',#4861,#4862);
#4861 = CARTESIAN_POINT('',(-0.5,27.16));
#4862 = VECTOR('',#4863,1.);
#4863 = DIRECTION('',(1.,0.));
#4864 = ( GEOMETRIC_REPRESENTATION_CONTEXT(2) 
PARAMETRIC_REPRESENTATION_CONTEXT() REPRESENTATION_CONTEXT('2D SPACE',''
  ) );
#4865 = ORIENTED_EDGE('',*,*,#4866,.T.);
#4866 = EDGE_CURVE('',#4839,#4867,#4869,.T.);
#4867 = VERTEX_POINT('',#4868);
#4868 = CARTESIAN_POINT('',(12.,-17.9,-36.));
#4869 = SURFACE_CURVE('',#4870,(#4874,#4881),.PCURVE_S1.);
#4870 = LINE('',#4871,#4872);
#4871 = CARTESIAN_POINT('',(12.,-14.9,-36.));
#4872 = VECTOR('',#4873,1.);
#4873 = DIRECTION('',(0.,-1.,0.));
#4874 = PCURVE('',#1890,#4875);
#4875 = DEFINITIONAL_REPRESENTATION('',(#4876),#4880);
#4876 = LINE('',#4877,#4878);
#4877 = CARTESIAN_POINT('',(34.,-5.5));
#4878 = VECTOR('',#4879,1.);
#4879 = DIRECTION('',(0.,1.));
#4880 = ( GEOMETRIC_REPRESENTATION_CONTEXT(2) 
PARAMETRIC_REPRESENTATION_CONTEXT() REPRESENTATION_CONTEXT('2D SPACE',''
  ) );
#4881 = PCURVE('',#4882,#4887);
#4882 = PLANE('',#4883);
#4883 = AXIS2_PLACEMENT_3D('',#4884,#4885,#4886);
#4884 = CARTESIAN_POINT('',(-15.16,-17.9,-36.));
#4885 = DIRECTION('',(0.,0.,1.));
#4886 = DIRECTION('',(1.,0.,-0.));
#4887 = DEFINITIONAL_REPRESENTATION('',(#4888),#4892);
#4888 = LINE('',#4889,#4890);
#4889 = CARTESIAN_POINT('',(27.16,3.));
#4890 = VECTOR('',#4891,1.);
#4891 = DIRECTION('',(0.,-1.));
#4892 = ( GEOMETRIC_REPRESENTATION_CONTEXT(2) 
PARAMETRIC_REPRESENTATION_CONTEXT() REPRESENTATION_CONTEXT('2D SPACE',''
  ) );
#4893 = ORIENTED_EDGE('',*,*,#4894,.F.);
#4894 = EDGE_CURVE('',#4793,#4867,#4895,.T.);
#4895 = SURFACE_CURVE('',#4896,(#4900,#4907),.PCURVE_S1.);
#4896 = LINE('',#4897,#4898);
#4897 = CARTESIAN_POINT('',(12.,-17.9,-53.));
#4898 = VECTOR('',#4899,1.);
#4899 = DIRECTION('',(-0.,0.,-1.));
#4900 = PCURVE('',#1890,#4901);
#4901 = DEFINITIONAL_REPRESENTATION('',(#4902),#4906);
#4902 = LINE('',#4903,#4904);
#4903 = CARTESIAN_POINT('',(17.,-2.5));
#4904 = VECTOR('',#4905,1.);
#4905 = DIRECTION('',(-1.,-0.));
#4906 = ( GEOMETRIC_REPRESENTATION_CONTEXT(2) 
PARAMETRIC_REPRESENTATION_CONTEXT() REPRESENTATION_CONTEXT('2D SPACE',''
  ) );
#4907 = PCURVE('',#4908,#4913);
#4908 = PLANE('',#4909);
#4909 = AXIS2_PLACEMENT_3D('',#4910,#4911,#4912);
#4910 = CARTESIAN_POINT('',(-15.16,-17.9,-36.));
#4911 = DIRECTION('',(-0.,1.,0.));
#4912 = DIRECTION('',(0.,0.,1.));
#4913 = DEFINITIONAL_REPRESENTATION('',(#4914),#4917);
#4914 = B_SPLINE_CURVE_WITH_KNOTS('',1,(#4915,#4916),.UNSPECIFIED.,.F.,
  .F.,(2,2),(-20.,-17.),.PIECEWISE_BEZIER_KNOTS.);
#4915 = CARTESIAN_POINT('',(3.,27.16));
#4916 = CARTESIAN_POINT('',(0.,27.16));
#4917 = ( GEOMETRIC_REPRESENTATION_CONTEXT(2) 
PARAMETRIC_REPRESENTATION_CONTEXT() REPRESENTATION_CONTEXT('2D SPACE',''
  ) );
#4918 = ADVANCED_FACE('',(#4919),#1851,.F.);
#4919 = FACE_BOUND('',#4920,.F.);
#4920 = EDGE_LOOP('',(#4921,#4949,#4975,#5008,#5036,#5065,#5091,#5117,
    #5118));
#4921 = ORIENTED_EDGE('',*,*,#4922,.F.);
#4922 = EDGE_CURVE('',#4923,#1780,#4925,.T.);
#4923 = VERTEX_POINT('',#4924);
#4924 = CARTESIAN_POINT('',(7.160097088904,-20.4,-33.));
#4925 = SURFACE_CURVE('',#4926,(#4931,#4938),.PCURVE_S1.);
#4926 = CIRCLE('',#4927,3.1);
#4927 = AXIS2_PLACEMENT_3D('',#4928,#4929,#4930);
#4928 = CARTESIAN_POINT('',(10.25,-20.4,-32.75));
#4929 = DIRECTION('',(0.,-1.,2.22044604925E-16));
#4930 = DIRECTION('',(1.,0.,0.));
#4931 = PCURVE('',#1851,#4932);
#4932 = DEFINITIONAL_REPRESENTATION('',(#4933),#4937);
#4933 = LINE('',#4934,#4935);
#4934 = CARTESIAN_POINT('',(0.,2.55));
#4935 = VECTOR('',#4936,1.);
#4936 = DIRECTION('',(1.,0.));
#4937 = ( GEOMETRIC_REPRESENTATION_CONTEXT(2) 
PARAMETRIC_REPRESENTATION_CONTEXT() REPRESENTATION_CONTEXT('2D SPACE',''
  ) );
#4938 = PCURVE('',#1795,#4939);
#4939 = DEFINITIONAL_REPRESENTATION('',(#4940),#4948);
#4940 = ( BOUNDED_CURVE() B_SPLINE_CURVE(2,(#4941,#4942,#4943,#4944,
#4945,#4946,#4947),.UNSPECIFIED.,.T.,.F.) B_SPLINE_CURVE_WITH_KNOTS((1,2
    ,2,2,2,1),(-2.094395102393,0.,2.094395102393,4.188790204786,
6.28318530718,8.377580409573),.UNSPECIFIED.) CURVE() 
GEOMETRIC_REPRESENTATION_ITEM() RATIONAL_B_SPLINE_CURVE((1.,0.5,1.,0.5,
1.,0.5,1.)) REPRESENTATION_ITEM('') );
#4941 = CARTESIAN_POINT('',(-3.75,0.11));
#4942 = CARTESIAN_POINT('',(-9.119357503464,0.11));
#4943 = CARTESIAN_POINT('',(-6.434678751732,4.76));
#4944 = CARTESIAN_POINT('',(-3.75,9.41));
#4945 = CARTESIAN_POINT('',(-1.065321248268,4.76));
#4946 = CARTESIAN_POINT('',(1.619357503464,0.11));
#4947 = CARTESIAN_POINT('',(-3.75,0.11));
#4948 = ( GEOMETRIC_REPRESENTATION_CONTEXT(2) 
PARAMETRIC_REPRESENTATION_CONTEXT() REPRESENTATION_CONTEXT('2D SPACE',''
  ) );
#4949 = ORIENTED_EDGE('',*,*,#4950,.F.);
#4950 = EDGE_CURVE('',#4951,#4923,#4953,.T.);
#4951 = VERTEX_POINT('',#4952);
#4952 = CARTESIAN_POINT('',(7.160097088904,-17.9,-33.));
#4953 = SURFACE_CURVE('',#4954,(#4958,#4964),.PCURVE_S1.);
#4954 = LINE('',#4955,#4956);
#4955 = CARTESIAN_POINT('',(7.160097088904,-17.85,-33.));
#4956 = VECTOR('',#4957,1.);
#4957 = DIRECTION('',(0.,-1.,2.22044604925E-16));
#4958 = PCURVE('',#1851,#4959);
#4959 = DEFINITIONAL_REPRESENTATION('',(#4960),#4963);
#4960 = B_SPLINE_CURVE_WITH_KNOTS('',1,(#4961,#4962),.UNSPECIFIED.,.F.,
  .F.,(2,2),(-5.999999999062E-07,2.8),.PIECEWISE_BEZIER_KNOTS.);
#4961 = CARTESIAN_POINT('',(3.222325486249,-5.999999999617E-07));
#4962 = CARTESIAN_POINT('',(3.222325486249,2.8));
#4963 = ( GEOMETRIC_REPRESENTATION_CONTEXT(2) 
PARAMETRIC_REPRESENTATION_CONTEXT() REPRESENTATION_CONTEXT('2D SPACE',''
  ) );
#4964 = PCURVE('',#4965,#4970);
#4965 = PLANE('',#4966);
#4966 = AXIS2_PLACEMENT_3D('',#4967,#4968,#4969);
#4967 = CARTESIAN_POINT('',(-15.16,-20.4,-33.));
#4968 = DIRECTION('',(0.,0.,1.));
#4969 = DIRECTION('',(1.,0.,-0.));
#4970 = DEFINITIONAL_REPRESENTATION('',(#4971),#4974);
#4971 = B_SPLINE_CURVE_WITH_KNOTS('',1,(#4972,#4973),.UNSPECIFIED.,.F.,
  .F.,(2,2),(-5.999999999062E-07,2.8),.PIECEWISE_BEZIER_KNOTS.);
#4972 = CARTESIAN_POINT('',(22.320097088904,2.5500006));
#4973 = CARTESIAN_POINT('',(22.320097088904,-0.25));
#4974 = ( GEOMETRIC_REPRESENTATION_CONTEXT(2) 
PARAMETRIC_REPRESENTATION_CONTEXT() REPRESENTATION_CONTEXT('2D SPACE',''
  ) );
#4975 = ORIENTED_EDGE('',*,*,#4976,.F.);
#4976 = EDGE_CURVE('',#4977,#4951,#4979,.T.);
#4977 = VERTEX_POINT('',#4978);
#4978 = CARTESIAN_POINT('',(7.15,-17.9,-32.75));
#4979 = SURFACE_CURVE('',#4980,(#4985,#4992),.PCURVE_S1.);
#4980 = CIRCLE('',#4981,3.1);
#4981 = AXIS2_PLACEMENT_3D('',#4982,#4983,#4984);
#4982 = CARTESIAN_POINT('',(10.25,-17.9,-32.75));
#4983 = DIRECTION('',(0.,-1.,2.22044604925E-16));
#4984 = DIRECTION('',(1.,0.,0.));
#4985 = PCURVE('',#1851,#4986);
#4986 = DEFINITIONAL_REPRESENTATION('',(#4987),#4991);
#4987 = LINE('',#4988,#4989);
#4988 = CARTESIAN_POINT('',(0.,5.E-02));
#4989 = VECTOR('',#4990,1.);
#4990 = DIRECTION('',(1.,0.));
#4991 = ( GEOMETRIC_REPRESENTATION_CONTEXT(2) 
PARAMETRIC_REPRESENTATION_CONTEXT() REPRESENTATION_CONTEXT('2D SPACE',''
  ) );
#4992 = PCURVE('',#4993,#4998);
#4993 = PLANE('',#4994);
#4994 = AXIS2_PLACEMENT_3D('',#4995,#4996,#4997);
#4995 = CARTESIAN_POINT('',(-15.16,-17.9,-36.));
#4996 = DIRECTION('',(-0.,1.,0.));
#4997 = DIRECTION('',(0.,0.,1.));
#4998 = DEFINITIONAL_REPRESENTATION('',(#4999),#5007);
#4999 = ( BOUNDED_CURVE() B_SPLINE_CURVE(2,(#5000,#5001,#5002,#5003,
#5004,#5005,#5006),.UNSPECIFIED.,.T.,.F.) B_SPLINE_CURVE_WITH_KNOTS((1,2
    ,2,2,2,1),(-2.094395102393,0.,2.094395102393,4.188790204786,
6.28318530718,8.377580409573),.UNSPECIFIED.) CURVE() 
GEOMETRIC_REPRESENTATION_ITEM() RATIONAL_B_SPLINE_CURVE((1.,0.5,1.,0.5,
1.,0.5,1.)) REPRESENTATION_ITEM('') );
#5000 = CARTESIAN_POINT('',(3.25,28.51));
#5001 = CARTESIAN_POINT('',(8.619357503464,28.51));
#5002 = CARTESIAN_POINT('',(5.934678751732,23.86));
#5003 = CARTESIAN_POINT('',(3.25,19.21));
#5004 = CARTESIAN_POINT('',(0.565321248268,23.86));
#5005 = CARTESIAN_POINT('',(-2.119357503464,28.51));
#5006 = CARTESIAN_POINT('',(3.25,28.51));
#5007 = ( GEOMETRIC_REPRESENTATION_CONTEXT(2) 
PARAMETRIC_REPRESENTATION_CONTEXT() REPRESENTATION_CONTEXT('2D SPACE',''
  ) );
#5008 = ORIENTED_EDGE('',*,*,#5009,.T.);
#5009 = EDGE_CURVE('',#4977,#5010,#5012,.T.);
#5010 = VERTEX_POINT('',#5011);
#5011 = CARTESIAN_POINT('',(7.15,-17.85,-32.75));
#5012 = SURFACE_CURVE('',#5013,(#5017,#5024),.PCURVE_S1.);
#5013 = LINE('',#5014,#5015);
#5014 = CARTESIAN_POINT('',(7.15,-21.4,-32.75));
#5015 = VECTOR('',#5016,1.);
#5016 = DIRECTION('',(0.,1.,0.));
#5017 = PCURVE('',#1851,#5018);
#5018 = DEFINITIONAL_REPRESENTATION('',(#5019),#5023);
#5019 = LINE('',#5020,#5021);
#5020 = CARTESIAN_POINT('',(3.14159265359,3.55));
#5021 = VECTOR('',#5022,1.);
#5022 = DIRECTION('',(0.,-1.));
#5023 = ( GEOMETRIC_REPRESENTATION_CONTEXT(2) 
PARAMETRIC_REPRESENTATION_CONTEXT() REPRESENTATION_CONTEXT('2D SPACE',''
  ) );
#5024 = PCURVE('',#5025,#5030);
#5025 = PLANE('',#5026);
#5026 = AXIS2_PLACEMENT_3D('',#5027,#5028,#5029);
#5027 = CARTESIAN_POINT('',(7.15,-21.4,-32.75));
#5028 = DIRECTION('',(1.,0.,0.));
#5029 = DIRECTION('',(0.,0.,1.));
#5030 = DEFINITIONAL_REPRESENTATION('',(#5031),#5035);
#5031 = LINE('',#5032,#5033);
#5032 = CARTESIAN_POINT('',(0.,0.));
#5033 = VECTOR('',#5034,1.);
#5034 = DIRECTION('',(0.,-1.));
#5035 = ( GEOMETRIC_REPRESENTATION_CONTEXT(2) 
PARAMETRIC_REPRESENTATION_CONTEXT() REPRESENTATION_CONTEXT('2D SPACE',''
  ) );
#5036 = ORIENTED_EDGE('',*,*,#5037,.T.);
#5037 = EDGE_CURVE('',#5010,#5038,#5040,.T.);
#5038 = VERTEX_POINT('',#5039);
#5039 = CARTESIAN_POINT('',(13.2,-17.85,-33.70262794416));
#5040 = SURFACE_CURVE('',#5041,(#5046,#5053),.PCURVE_S1.);
#5041 = CIRCLE('',#5042,3.1);
#5042 = AXIS2_PLACEMENT_3D('',#5043,#5044,#5045);
#5043 = CARTESIAN_POINT('',(10.25,-17.85,-32.75));
#5044 = DIRECTION('',(0.,-1.,2.22044604925E-16));
#5045 = DIRECTION('',(1.,0.,0.));
#5046 = PCURVE('',#1851,#5047);
#5047 = DEFINITIONAL_REPRESENTATION('',(#5048),#5052);
#5048 = LINE('',#5049,#5050);
#5049 = CARTESIAN_POINT('',(0.,0.));
#5050 = VECTOR('',#5051,1.);
#5051 = DIRECTION('',(1.,0.));
#5052 = ( GEOMETRIC_REPRESENTATION_CONTEXT(2) 
PARAMETRIC_REPRESENTATION_CONTEXT() REPRESENTATION_CONTEXT('2D SPACE',''
  ) );
#5053 = PCURVE('',#5054,#5059);
#5054 = PLANE('',#5055);
#5055 = AXIS2_PLACEMENT_3D('',#5056,#5057,#5058);
#5056 = CARTESIAN_POINT('',(10.25,-17.85,-32.75));
#5057 = DIRECTION('',(0.,-1.,2.22044604925E-16));
#5058 = DIRECTION('',(1.,0.,0.));
#5059 = DEFINITIONAL_REPRESENTATION('',(#5060),#5064);
#5060 = CIRCLE('',#5061,3.1);
#5061 = AXIS2_PLACEMENT_2D('',#5062,#5063);
#5062 = CARTESIAN_POINT('',(0.,0.));
#5063 = DIRECTION('',(1.,0.));
#5064 = ( GEOMETRIC_REPRESENTATION_CONTEXT(2) 
PARAMETRIC_REPRESENTATION_CONTEXT() REPRESENTATION_CONTEXT('2D SPACE',''
  ) );
#5065 = ORIENTED_EDGE('',*,*,#5066,.T.);
#5066 = EDGE_CURVE('',#5038,#5067,#5069,.T.);
#5067 = VERTEX_POINT('',#5068);
#5068 = CARTESIAN_POINT('',(13.2,-17.9,-33.70262794416));
#5069 = SURFACE_CURVE('',#5070,(#5074,#5080),.PCURVE_S1.);
#5070 = LINE('',#5071,#5072);
#5071 = CARTESIAN_POINT('',(13.2,-17.85,-33.70262794416));
#5072 = VECTOR('',#5073,1.);
#5073 = DIRECTION('',(0.,-1.,2.22044604925E-16));
#5074 = PCURVE('',#1851,#5075);
#5075 = DEFINITIONAL_REPRESENTATION('',(#5076),#5079);
#5076 = B_SPLINE_CURVE_WITH_KNOTS('',1,(#5077,#5078),.UNSPECIFIED.,.F.,
  .F.,(2,2),(-5.999999999062E-07,0.35),.PIECEWISE_BEZIER_KNOTS.);
#5077 = CARTESIAN_POINT('',(5.970831565223,-6.000000001178E-07));
#5078 = CARTESIAN_POINT('',(5.970831565223,0.35));
#5079 = ( GEOMETRIC_REPRESENTATION_CONTEXT(2) 
PARAMETRIC_REPRESENTATION_CONTEXT() REPRESENTATION_CONTEXT('2D SPACE',''
  ) );
#5080 = PCURVE('',#5081,#5086);
#5081 = PLANE('',#5082);
#5082 = AXIS2_PLACEMENT_3D('',#5083,#5084,#5085);
#5083 = CARTESIAN_POINT('',(13.2,-17.9,-36.));
#5084 = DIRECTION('',(1.,0.,-0.));
#5085 = DIRECTION('',(0.,0.,1.));
#5086 = DEFINITIONAL_REPRESENTATION('',(#5087),#5090);
#5087 = B_SPLINE_CURVE_WITH_KNOTS('',1,(#5088,#5089),.UNSPECIFIED.,.F.,
  .F.,(2,2),(-5.999999999062E-07,0.35),.PIECEWISE_BEZIER_KNOTS.);
#5088 = CARTESIAN_POINT('',(2.297372055837,-5.00006E-02));
#5089 = CARTESIAN_POINT('',(2.297372055837,0.3));
#5090 = ( GEOMETRIC_REPRESENTATION_CONTEXT(2) 
PARAMETRIC_REPRESENTATION_CONTEXT() REPRESENTATION_CONTEXT('2D SPACE',''
  ) );
#5091 = ORIENTED_EDGE('',*,*,#5092,.F.);
#5092 = EDGE_CURVE('',#4793,#5067,#5093,.T.);
#5093 = SURFACE_CURVE('',#5094,(#5099,#5106),.PCURVE_S1.);
#5094 = CIRCLE('',#5095,3.1);
#5095 = AXIS2_PLACEMENT_3D('',#5096,#5097,#5098);
#5096 = CARTESIAN_POINT('',(10.25,-17.9,-32.75));
#5097 = DIRECTION('',(0.,-1.,2.22044604925E-16));
#5098 = DIRECTION('',(1.,0.,0.));
#5099 = PCURVE('',#1851,#5100);
#5100 = DEFINITIONAL_REPRESENTATION('',(#5101),#5105);
#5101 = LINE('',#5102,#5103);
#5102 = CARTESIAN_POINT('',(0.,5.E-02));
#5103 = VECTOR('',#5104,1.);
#5104 = DIRECTION('',(1.,0.));
#5105 = ( GEOMETRIC_REPRESENTATION_CONTEXT(2) 
PARAMETRIC_REPRESENTATION_CONTEXT() REPRESENTATION_CONTEXT('2D SPACE',''
  ) );
#5106 = PCURVE('',#4908,#5107);
#5107 = DEFINITIONAL_REPRESENTATION('',(#5108),#5116);
#5108 = ( BOUNDED_CURVE() B_SPLINE_CURVE(2,(#5109,#5110,#5111,#5112,
#5113,#5114,#5115),.UNSPECIFIED.,.T.,.F.) B_SPLINE_CURVE_WITH_KNOTS((1,2
    ,2,2,2,1),(-2.094395102393,0.,2.094395102393,4.188790204786,
6.28318530718,8.377580409573),.UNSPECIFIED.) CURVE() 
GEOMETRIC_REPRESENTATION_ITEM() RATIONAL_B_SPLINE_CURVE((1.,0.5,1.,0.5,
1.,0.5,1.)) REPRESENTATION_ITEM('') );
#5109 = CARTESIAN_POINT('',(3.25,28.51));
#5110 = CARTESIAN_POINT('',(8.619357503464,28.51));
#5111 = CARTESIAN_POINT('',(5.934678751732,23.86));
#5112 = CARTESIAN_POINT('',(3.25,19.21));
#5113 = CARTESIAN_POINT('',(0.565321248268,23.86));
#5114 = CARTESIAN_POINT('',(-2.119357503464,28.51));
#5115 = CARTESIAN_POINT('',(3.25,28.51));
#5116 = ( GEOMETRIC_REPRESENTATION_CONTEXT(2) 
PARAMETRIC_REPRESENTATION_CONTEXT() REPRESENTATION_CONTEXT('2D SPACE',''
  ) );
#5117 = ORIENTED_EDGE('',*,*,#4792,.T.);
#5118 = ORIENTED_EDGE('',*,*,#1807,.T.);
#5119 = ADVANCED_FACE('',(#5120,#5492,#5657,#5692,#5857,#6022),#1795,.F.
  );
#5120 = FACE_BOUND('',#5121,.F.);
#5121 = EDGE_LOOP('',(#5122,#5123,#5124,#5145,#5178,#5199,#5221,#5244,
    #5267,#5290,#5313,#5341,#5361,#5362,#5385,#5412,#5438,#5471));
#5122 = ORIENTED_EDGE('',*,*,#4922,.T.);
#5123 = ORIENTED_EDGE('',*,*,#1779,.F.);
#5124 = ORIENTED_EDGE('',*,*,#5125,.T.);
#5125 = EDGE_CURVE('',#1748,#5126,#5128,.T.);
#5126 = VERTEX_POINT('',#5127);
#5127 = CARTESIAN_POINT('',(10.,-20.4,-110.));
#5128 = SURFACE_CURVE('',#5129,(#5133,#5139),.PCURVE_S1.);
#5129 = LINE('',#5130,#5131);
#5130 = CARTESIAN_POINT('',(22.198,-20.4,-73.406));
#5131 = VECTOR('',#5132,1.);
#5132 = DIRECTION('',(-0.316227766017,0.,-0.948683298051));
#5133 = PCURVE('',#1795,#5134);
#5134 = DEFINITIONAL_REPRESENTATION('',(#5135),#5138);
#5135 = B_SPLINE_CURVE_WITH_KNOTS('',1,(#5136,#5137),.UNSPECIFIED.,.F.,
  .F.,(2,2),(32.248907578397,38.573462898734),.PIECEWISE_BEZIER_KNOTS.);
#5136 = CARTESIAN_POINT('',(67.5,1.46));
#5137 = CARTESIAN_POINT('',(73.5,3.46));
#5138 = ( GEOMETRIC_REPRESENTATION_CONTEXT(2) 
PARAMETRIC_REPRESENTATION_CONTEXT() REPRESENTATION_CONTEXT('2D SPACE',''
  ) );
#5139 = PCURVE('',#1767,#5140);
#5140 = DEFINITIONAL_REPRESENTATION('',(#5141),#5144);
#5141 = B_SPLINE_CURVE_WITH_KNOTS('',1,(#5142,#5143),.UNSPECIFIED.,.F.,
  .F.,(2,2),(32.248907578397,38.573462898734),.PIECEWISE_BEZIER_KNOTS.);
#5142 = CARTESIAN_POINT('',(0.,-44.85));
#5143 = CARTESIAN_POINT('',(6.324555320337,-44.85));
#5144 = ( GEOMETRIC_REPRESENTATION_CONTEXT(2) 
PARAMETRIC_REPRESENTATION_CONTEXT() REPRESENTATION_CONTEXT('2D SPACE',''
  ) );
#5145 = ORIENTED_EDGE('',*,*,#5146,.F.);
#5146 = EDGE_CURVE('',#5147,#5126,#5149,.T.);
#5147 = VERTEX_POINT('',#5148);
#5148 = CARTESIAN_POINT('',(-10.,-20.4,-110.));
#5149 = SURFACE_CURVE('',#5150,(#5155,#5166),.PCURVE_S1.);
#5150 = CIRCLE('',#5151,10.);
#5151 = AXIS2_PLACEMENT_3D('',#5152,#5153,#5154);
#5152 = CARTESIAN_POINT('',(0.,-20.4,-110.));
#5153 = DIRECTION('',(0.,-1.,2.22044604925E-16));
#5154 = DIRECTION('',(1.,0.,0.));
#5155 = PCURVE('',#1795,#5156);
#5156 = DEFINITIONAL_REPRESENTATION('',(#5157),#5165);
#5157 = ( BOUNDED_CURVE() B_SPLINE_CURVE(2,(#5158,#5159,#5160,#5161,
#5162,#5163,#5164),.UNSPECIFIED.,.T.,.F.) B_SPLINE_CURVE_WITH_KNOTS((1,2
    ,2,2,2,1),(-2.094395102393,0.,2.094395102393,4.188790204786,
6.28318530718,8.377580409573),.UNSPECIFIED.) CURVE() 
GEOMETRIC_REPRESENTATION_ITEM() RATIONAL_B_SPLINE_CURVE((1.,0.5,1.,0.5,
1.,0.5,1.)) REPRESENTATION_ITEM('') );
#5158 = CARTESIAN_POINT('',(73.5,3.46));
#5159 = CARTESIAN_POINT('',(56.179491924311,3.46));
#5160 = CARTESIAN_POINT('',(64.839745962156,18.46));
#5161 = CARTESIAN_POINT('',(73.5,33.46));
#5162 = CARTESIAN_POINT('',(82.160254037844,18.46));
#5163 = CARTESIAN_POINT('',(90.820508075689,3.46));
#5164 = CARTESIAN_POINT('',(73.5,3.46));
#5165 = ( GEOMETRIC_REPRESENTATION_CONTEXT(2) 
PARAMETRIC_REPRESENTATION_CONTEXT() REPRESENTATION_CONTEXT('2D SPACE',''
  ) );
#5166 = PCURVE('',#5167,#5172);
#5167 = CYLINDRICAL_SURFACE('',#5168,10.);
#5168 = AXIS2_PLACEMENT_3D('',#5169,#5170,#5171);
#5169 = CARTESIAN_POINT('',(0.,-17.4,-110.));
#5170 = DIRECTION('',(0.,-1.,2.22044604925E-16));
#5171 = DIRECTION('',(1.,0.,0.));
#5172 = DEFINITIONAL_REPRESENTATION('',(#5173),#5177);
#5173 = LINE('',#5174,#5175);
#5174 = CARTESIAN_POINT('',(0.,3.));
#5175 = VECTOR('',#5176,1.);
#5176 = DIRECTION('',(1.,0.));
#5177 = ( GEOMETRIC_REPRESENTATION_CONTEXT(2) 
PARAMETRIC_REPRESENTATION_CONTEXT() REPRESENTATION_CONTEXT('2D SPACE',''
  ) );
#5178 = ORIENTED_EDGE('',*,*,#5179,.T.);
#5179 = EDGE_CURVE('',#5147,#5180,#5182,.T.);
#5180 = VERTEX_POINT('',#5181);
#5181 = CARTESIAN_POINT('',(-14.44469028942,-20.4,-101.386259129));
#5182 = SURFACE_CURVE('',#5183,(#5187,#5193),.PCURVE_S1.);
#5183 = LINE('',#5184,#5185);
#5184 = CARTESIAN_POINT('',(-25.08917438495,-20.4,-80.75741398263));
#5185 = VECTOR('',#5186,1.);
#5186 = DIRECTION('',(-0.458552371164,-0.,0.888667385977));
#5187 = PCURVE('',#1795,#5188);
#5188 = DEFINITIONAL_REPRESENTATION('',(#5189),#5192);
#5189 = B_SPLINE_CURVE_WITH_KNOTS('',1,(#5190,#5191),.UNSPECIFIED.,.F.,
  .F.,(2,2),(-32.90610916839,-21.65330507341),.PIECEWISE_BEZIER_KNOTS.);
#5190 = CARTESIAN_POINT('',(73.5,23.46));
#5191 = CARTESIAN_POINT('',(63.5,28.62));
#5192 = ( GEOMETRIC_REPRESENTATION_CONTEXT(2) 
PARAMETRIC_REPRESENTATION_CONTEXT() REPRESENTATION_CONTEXT('2D SPACE',''
  ) );
#5193 = PCURVE('',#2225,#5194);
#5194 = DEFINITIONAL_REPRESENTATION('',(#5195),#5198);
#5195 = B_SPLINE_CURVE_WITH_KNOTS('',1,(#5196,#5197),.UNSPECIFIED.,.F.,
  .F.,(2,2),(-32.90610916839,-21.65330507341),.PIECEWISE_BEZIER_KNOTS.);
#5196 = CARTESIAN_POINT('',(11.25280409498,-1.));
#5197 = CARTESIAN_POINT('',(7.105427357601E-15,-1.));
#5198 = ( GEOMETRIC_REPRESENTATION_CONTEXT(2) 
PARAMETRIC_REPRESENTATION_CONTEXT() REPRESENTATION_CONTEXT('2D SPACE',''
  ) );
#5199 = ORIENTED_EDGE('',*,*,#5200,.T.);
#5200 = EDGE_CURVE('',#5180,#5201,#5203,.T.);
#5201 = VERTEX_POINT('',#5202);
#5202 = CARTESIAN_POINT('',(-10.96555555555,-20.4,-90.));
#5203 = SURFACE_CURVE('',#5204,(#5208,#5215),.PCURVE_S1.);
#5204 = LINE('',#5205,#5206);
#5205 = CARTESIAN_POINT('',(-5.044255469301,-20.4,-70.62119971771));
#5206 = VECTOR('',#5207,1.);
#5207 = DIRECTION('',(0.292218535599,0.,0.956351571051));
#5208 = PCURVE('',#1795,#5209);
#5209 = DEFINITIONAL_REPRESENTATION('',(#5210),#5214);
#5210 = LINE('',#5211,#5212);
#5211 = CARTESIAN_POINT('',(34.121199717713,18.504255469301));
#5212 = VECTOR('',#5213,1.);
#5213 = DIRECTION('',(-0.956351571051,-0.292218535599));
#5214 = ( GEOMETRIC_REPRESENTATION_CONTEXT(2) 
PARAMETRIC_REPRESENTATION_CONTEXT() REPRESENTATION_CONTEXT('2D SPACE',''
  ) );
#5215 = PCURVE('',#2201,#5216);
#5216 = DEFINITIONAL_REPRESENTATION('',(#5217),#5220);
#5217 = B_SPLINE_CURVE_WITH_KNOTS('',1,(#5218,#5219),.UNSPECIFIED.,.F.,
  .F.,(2,2),(-34.61705298728,-19.21761916706),.PIECEWISE_BEZIER_KNOTS.);
#5218 = CARTESIAN_POINT('',(3.422096404494,-4.));
#5219 = CARTESIAN_POINT('',(18.821530224719,-4.));
#5220 = ( GEOMETRIC_REPRESENTATION_CONTEXT(2) 
PARAMETRIC_REPRESENTATION_CONTEXT() REPRESENTATION_CONTEXT('2D SPACE',''
  ) );
#5221 = ORIENTED_EDGE('',*,*,#5222,.T.);
#5222 = EDGE_CURVE('',#5201,#5223,#5225,.T.);
#5223 = VERTEX_POINT('',#5224);
#5224 = CARTESIAN_POINT('',(-10.5,-20.4,-90.));
#5225 = SURFACE_CURVE('',#5226,(#5230,#5237),.PCURVE_S1.);
#5226 = LINE('',#5227,#5228);
#5227 = CARTESIAN_POINT('',(-15.16,-20.4,-90.));
#5228 = VECTOR('',#5229,1.);
#5229 = DIRECTION('',(1.,0.,-0.));
#5230 = PCURVE('',#1795,#5231);
#5231 = DEFINITIONAL_REPRESENTATION('',(#5232),#5236);
#5232 = LINE('',#5233,#5234);
#5233 = CARTESIAN_POINT('',(53.5,28.62));
#5234 = VECTOR('',#5235,1.);
#5235 = DIRECTION('',(0.,-1.));
#5236 = ( GEOMETRIC_REPRESENTATION_CONTEXT(2) 
PARAMETRIC_REPRESENTATION_CONTEXT() REPRESENTATION_CONTEXT('2D SPACE',''
  ) );
#5237 = PCURVE('',#2174,#5238);
#5238 = DEFINITIONAL_REPRESENTATION('',(#5239),#5243);
#5239 = LINE('',#5240,#5241);
#5240 = CARTESIAN_POINT('',(0.,0.));
#5241 = VECTOR('',#5242,1.);
#5242 = DIRECTION('',(1.,0.));
#5243 = ( GEOMETRIC_REPRESENTATION_CONTEXT(2) 
PARAMETRIC_REPRESENTATION_CONTEXT() REPRESENTATION_CONTEXT('2D SPACE',''
  ) );
#5244 = ORIENTED_EDGE('',*,*,#5245,.T.);
#5245 = EDGE_CURVE('',#5223,#5246,#5248,.T.);
#5246 = VERTEX_POINT('',#5247);
#5247 = CARTESIAN_POINT('',(-10.5,-20.4,-74.));
#5248 = SURFACE_CURVE('',#5249,(#5253,#5260),.PCURVE_S1.);
#5249 = LINE('',#5250,#5251);
#5250 = CARTESIAN_POINT('',(-10.5,-20.4,-110.));
#5251 = VECTOR('',#5252,1.);
#5252 = DIRECTION('',(0.,0.,1.));
#5253 = PCURVE('',#1795,#5254);
#5254 = DEFINITIONAL_REPRESENTATION('',(#5255),#5259);
#5255 = LINE('',#5256,#5257);
#5256 = CARTESIAN_POINT('',(73.5,23.96));
#5257 = VECTOR('',#5258,1.);
#5258 = DIRECTION('',(-1.,0.));
#5259 = ( GEOMETRIC_REPRESENTATION_CONTEXT(2) 
PARAMETRIC_REPRESENTATION_CONTEXT() REPRESENTATION_CONTEXT('2D SPACE',''
  ) );
#5260 = PCURVE('',#2146,#5261);
#5261 = DEFINITIONAL_REPRESENTATION('',(#5262),#5266);
#5262 = LINE('',#5263,#5264);
#5263 = CARTESIAN_POINT('',(0.,0.));
#5264 = VECTOR('',#5265,1.);
#5265 = DIRECTION('',(1.,0.));
#5266 = ( GEOMETRIC_REPRESENTATION_CONTEXT(2) 
PARAMETRIC_REPRESENTATION_CONTEXT() REPRESENTATION_CONTEXT('2D SPACE',''
  ) );
#5267 = ORIENTED_EDGE('',*,*,#5268,.F.);
#5268 = EDGE_CURVE('',#5269,#5246,#5271,.T.);
#5269 = VERTEX_POINT('',#5270);
#5270 = CARTESIAN_POINT('',(-12.76,-20.4,-74.));
#5271 = SURFACE_CURVE('',#5272,(#5276,#5283),.PCURVE_S1.);
#5272 = LINE('',#5273,#5274);
#5273 = CARTESIAN_POINT('',(-15.16,-20.4,-74.));
#5274 = VECTOR('',#5275,1.);
#5275 = DIRECTION('',(1.,0.,-0.));
#5276 = PCURVE('',#1795,#5277);
#5277 = DEFINITIONAL_REPRESENTATION('',(#5278),#5282);
#5278 = LINE('',#5279,#5280);
#5279 = CARTESIAN_POINT('',(37.5,28.62));
#5280 = VECTOR('',#5281,1.);
#5281 = DIRECTION('',(0.,-1.));
#5282 = ( GEOMETRIC_REPRESENTATION_CONTEXT(2) 
PARAMETRIC_REPRESENTATION_CONTEXT() REPRESENTATION_CONTEXT('2D SPACE',''
  ) );
#5283 = PCURVE('',#2118,#5284);
#5284 = DEFINITIONAL_REPRESENTATION('',(#5285),#5289);
#5285 = LINE('',#5286,#5287);
#5286 = CARTESIAN_POINT('',(0.,0.));
#5287 = VECTOR('',#5288,1.);
#5288 = DIRECTION('',(1.,0.));
#5289 = ( GEOMETRIC_REPRESENTATION_CONTEXT(2) 
PARAMETRIC_REPRESENTATION_CONTEXT() REPRESENTATION_CONTEXT('2D SPACE',''
  ) );
#5290 = ORIENTED_EDGE('',*,*,#5291,.T.);
#5291 = EDGE_CURVE('',#5269,#5292,#5294,.T.);
#5292 = VERTEX_POINT('',#5293);
#5293 = CARTESIAN_POINT('',(-12.76,-20.4,-78.));
#5294 = SURFACE_CURVE('',#5295,(#5299,#5306),.PCURVE_S1.);
#5295 = LINE('',#5296,#5297);
#5296 = CARTESIAN_POINT('',(-12.76,-20.4,-16.));
#5297 = VECTOR('',#5298,1.);
#5298 = DIRECTION('',(0.,0.,-1.));
#5299 = PCURVE('',#1795,#5300);
#5300 = DEFINITIONAL_REPRESENTATION('',(#5301),#5305);
#5301 = LINE('',#5302,#5303);
#5302 = CARTESIAN_POINT('',(-20.5,26.22));
#5303 = VECTOR('',#5304,1.);
#5304 = DIRECTION('',(1.,0.));
#5305 = ( GEOMETRIC_REPRESENTATION_CONTEXT(2) 
PARAMETRIC_REPRESENTATION_CONTEXT() REPRESENTATION_CONTEXT('2D SPACE',''
  ) );
#5306 = PCURVE('',#2090,#5307);
#5307 = DEFINITIONAL_REPRESENTATION('',(#5308),#5312);
#5308 = LINE('',#5309,#5310);
#5309 = CARTESIAN_POINT('',(-14.88074811631,25.075913525441));
#5310 = VECTOR('',#5311,1.);
#5311 = DIRECTION('',(0.,-1.));
#5312 = ( GEOMETRIC_REPRESENTATION_CONTEXT(2) 
PARAMETRIC_REPRESENTATION_CONTEXT() REPRESENTATION_CONTEXT('2D SPACE',''
  ) );
#5313 = ORIENTED_EDGE('',*,*,#5314,.F.);
#5314 = EDGE_CURVE('',#5315,#5292,#5317,.T.);
#5315 = VERTEX_POINT('',#5316);
#5316 = CARTESIAN_POINT('',(-13.16,-20.4,-78.));
#5317 = SURFACE_CURVE('',#5318,(#5322,#5329),.PCURVE_S1.);
#5318 = LINE('',#5319,#5320);
#5319 = CARTESIAN_POINT('',(-15.16,-20.4,-78.));
#5320 = VECTOR('',#5321,1.);
#5321 = DIRECTION('',(1.,0.,0.));
#5322 = PCURVE('',#1795,#5323);
#5323 = DEFINITIONAL_REPRESENTATION('',(#5324),#5328);
#5324 = LINE('',#5325,#5326);
#5325 = CARTESIAN_POINT('',(41.5,28.62));
#5326 = VECTOR('',#5327,1.);
#5327 = DIRECTION('',(0.,-1.));
#5328 = ( GEOMETRIC_REPRESENTATION_CONTEXT(2) 
PARAMETRIC_REPRESENTATION_CONTEXT() REPRESENTATION_CONTEXT('2D SPACE',''
  ) );
#5329 = PCURVE('',#5330,#5335);
#5330 = PLANE('',#5331);
#5331 = AXIS2_PLACEMENT_3D('',#5332,#5333,#5334);
#5332 = CARTESIAN_POINT('',(-15.16,-20.4,-78.));
#5333 = DIRECTION('',(0.,0.,1.));
#5334 = DIRECTION('',(0.,1.,0.));
#5335 = DEFINITIONAL_REPRESENTATION('',(#5336),#5340);
#5336 = LINE('',#5337,#5338);
#5337 = CARTESIAN_POINT('',(0.,0.));
#5338 = VECTOR('',#5339,1.);
#5339 = DIRECTION('',(0.,-1.));
#5340 = ( GEOMETRIC_REPRESENTATION_CONTEXT(2) 
PARAMETRIC_REPRESENTATION_CONTEXT() REPRESENTATION_CONTEXT('2D SPACE',''
  ) );
#5341 = ORIENTED_EDGE('',*,*,#5342,.T.);
#5342 = EDGE_CURVE('',#5315,#3753,#5343,.T.);
#5343 = SURFACE_CURVE('',#5344,(#5348,#5355),.PCURVE_S1.);
#5344 = LINE('',#5345,#5346);
#5345 = CARTESIAN_POINT('',(-18.38,-20.4,-72.78));
#5346 = VECTOR('',#5347,1.);
#5347 = DIRECTION('',(-0.707106781187,-0.,0.707106781187));
#5348 = PCURVE('',#1795,#5349);
#5349 = DEFINITIONAL_REPRESENTATION('',(#5350),#5354);
#5350 = LINE('',#5351,#5352);
#5351 = CARTESIAN_POINT('',(36.28,31.84));
#5352 = VECTOR('',#5353,1.);
#5353 = DIRECTION('',(-0.707106781187,0.707106781187));
#5354 = ( GEOMETRIC_REPRESENTATION_CONTEXT(2) 
PARAMETRIC_REPRESENTATION_CONTEXT() REPRESENTATION_CONTEXT('2D SPACE',''
  ) );
#5355 = PCURVE('',#3791,#5356);
#5356 = DEFINITIONAL_REPRESENTATION('',(#5357),#5360);
#5357 = B_SPLINE_CURVE_WITH_KNOTS('',1,(#5358,#5359),.UNSPECIFIED.,.F.,
  .F.,(2,2),(-8.796408357961,-4.553767670841),.PIECEWISE_BEZIER_KNOTS.);
#5358 = CARTESIAN_POINT('',(5.656854249492,-1.));
#5359 = CARTESIAN_POINT('',(1.414213562373,-1.));
#5360 = ( GEOMETRIC_REPRESENTATION_CONTEXT(2) 
PARAMETRIC_REPRESENTATION_CONTEXT() REPRESENTATION_CONTEXT('2D SPACE',''
  ) );
#5361 = ORIENTED_EDGE('',*,*,#3752,.T.);
#5362 = ORIENTED_EDGE('',*,*,#5363,.T.);
#5363 = EDGE_CURVE('',#3725,#5364,#5366,.T.);
#5364 = VERTEX_POINT('',#5365);
#5365 = CARTESIAN_POINT('',(-13.76,-20.4,-33.));
#5366 = SURFACE_CURVE('',#5367,(#5371,#5378),.PCURVE_S1.);
#5367 = LINE('',#5368,#5369);
#5368 = CARTESIAN_POINT('',(-15.16,-20.4,-33.));
#5369 = VECTOR('',#5370,1.);
#5370 = DIRECTION('',(1.,0.,-0.));
#5371 = PCURVE('',#1795,#5372);
#5372 = DEFINITIONAL_REPRESENTATION('',(#5373),#5377);
#5373 = LINE('',#5374,#5375);
#5374 = CARTESIAN_POINT('',(-3.5,28.62));
#5375 = VECTOR('',#5376,1.);
#5376 = DIRECTION('',(0.,-1.));
#5377 = ( GEOMETRIC_REPRESENTATION_CONTEXT(2) 
PARAMETRIC_REPRESENTATION_CONTEXT() REPRESENTATION_CONTEXT('2D SPACE',''
  ) );
#5378 = PCURVE('',#3740,#5379);
#5379 = DEFINITIONAL_REPRESENTATION('',(#5380),#5384);
#5380 = LINE('',#5381,#5382);
#5381 = CARTESIAN_POINT('',(0.,0.));
#5382 = VECTOR('',#5383,1.);
#5383 = DIRECTION('',(1.,0.));
#5384 = ( GEOMETRIC_REPRESENTATION_CONTEXT(2) 
PARAMETRIC_REPRESENTATION_CONTEXT() REPRESENTATION_CONTEXT('2D SPACE',''
  ) );
#5385 = ORIENTED_EDGE('',*,*,#5386,.T.);
#5386 = EDGE_CURVE('',#5364,#5387,#5389,.T.);
#5387 = VERTEX_POINT('',#5388);
#5388 = CARTESIAN_POINT('',(-13.35,-20.4,-32.65833333333));
#5389 = SURFACE_CURVE('',#5390,(#5394,#5401),.PCURVE_S1.);
#5390 = LINE('',#5391,#5392);
#5391 = CARTESIAN_POINT('',(-7.788524590164,-20.4,-28.0237704918));
#5392 = VECTOR('',#5393,1.);
#5393 = DIRECTION('',(0.768221279597,0.,0.640184399664));
#5394 = PCURVE('',#1795,#5395);
#5395 = DEFINITIONAL_REPRESENTATION('',(#5396),#5400);
#5396 = LINE('',#5397,#5398);
#5397 = CARTESIAN_POINT('',(-8.476229508197,21.248524590164));
#5398 = VECTOR('',#5399,1.);
#5399 = DIRECTION('',(-0.640184399664,-0.768221279597));
#5400 = ( GEOMETRIC_REPRESENTATION_CONTEXT(2) 
PARAMETRIC_REPRESENTATION_CONTEXT() REPRESENTATION_CONTEXT('2D SPACE',''
  ) );
#5401 = PCURVE('',#5402,#5407);
#5402 = PLANE('',#5403);
#5403 = AXIS2_PLACEMENT_3D('',#5404,#5405,#5406);
#5404 = CARTESIAN_POINT('',(-16.16,-16.8,-35.));
#5405 = DIRECTION('',(-0.640184399664,0.,0.768221279597));
#5406 = DIRECTION('',(0.768221279597,0.,0.640184399664));
#5407 = DEFINITIONAL_REPRESENTATION('',(#5408),#5411);
#5408 = B_SPLINE_CURVE_WITH_KNOTS('',1,(#5409,#5410),.UNSPECIFIED.,.F.,
  .F.,(2,2),(-9.595510571771,18.781729917357),.PIECEWISE_BEZIER_KNOTS.);
#5409 = CARTESIAN_POINT('',(1.301708279318,-3.6));
#5410 = CARTESIAN_POINT('',(29.678948768445,-3.6));
#5411 = ( GEOMETRIC_REPRESENTATION_CONTEXT(2) 
PARAMETRIC_REPRESENTATION_CONTEXT() REPRESENTATION_CONTEXT('2D SPACE',''
  ) );
#5412 = ORIENTED_EDGE('',*,*,#5413,.T.);
#5413 = EDGE_CURVE('',#5387,#5414,#5416,.T.);
#5414 = VERTEX_POINT('',#5415);
#5415 = CARTESIAN_POINT('',(-13.35,-20.4,-32.75));
#5416 = SURFACE_CURVE('',#5417,(#5421,#5427),.PCURVE_S1.);
#5417 = LINE('',#5418,#5419);
#5418 = CARTESIAN_POINT('',(-13.35,-20.4,-34.625));
#5419 = VECTOR('',#5420,1.);
#5420 = DIRECTION('',(0.,0.,-1.));
#5421 = PCURVE('',#1795,#5422);
#5422 = DEFINITIONAL_REPRESENTATION('',(#5423),#5426);
#5423 = B_SPLINE_CURVE_WITH_KNOTS('',1,(#5424,#5425),.UNSPECIFIED.,.F.,
  .F.,(2,2),(-2.458333333333,-1.875),.PIECEWISE_BEZIER_KNOTS.);
#5424 = CARTESIAN_POINT('',(-4.333333333333,26.81));
#5425 = CARTESIAN_POINT('',(-3.75,26.81));
#5426 = ( GEOMETRIC_REPRESENTATION_CONTEXT(2) 
PARAMETRIC_REPRESENTATION_CONTEXT() REPRESENTATION_CONTEXT('2D SPACE',''
  ) );
#5427 = PCURVE('',#5428,#5433);
#5428 = PLANE('',#5429);
#5429 = AXIS2_PLACEMENT_3D('',#5430,#5431,#5432);
#5430 = CARTESIAN_POINT('',(-13.35,-21.4,-32.75));
#5431 = DIRECTION('',(1.,0.,0.));
#5432 = DIRECTION('',(0.,0.,1.));
#5433 = DEFINITIONAL_REPRESENTATION('',(#5434),#5437);
#5434 = B_SPLINE_CURVE_WITH_KNOTS('',1,(#5435,#5436),.UNSPECIFIED.,.F.,
  .F.,(2,2),(-2.458333333333,-1.875),.PIECEWISE_BEZIER_KNOTS.);
#5435 = CARTESIAN_POINT('',(0.583333333333,-1.));
#5436 = CARTESIAN_POINT('',(0.,-1.));
#5437 = ( GEOMETRIC_REPRESENTATION_CONTEXT(2) 
PARAMETRIC_REPRESENTATION_CONTEXT() REPRESENTATION_CONTEXT('2D SPACE',''
  ) );
#5438 = ORIENTED_EDGE('',*,*,#5439,.T.);
#5439 = EDGE_CURVE('',#5414,#5440,#5442,.T.);
#5440 = VERTEX_POINT('',#5441);
#5441 = CARTESIAN_POINT('',(-7.160097088904,-20.4,-33.));
#5442 = SURFACE_CURVE('',#5443,(#5448,#5459),.PCURVE_S1.);
#5443 = CIRCLE('',#5444,3.1);
#5444 = AXIS2_PLACEMENT_3D('',#5445,#5446,#5447);
#5445 = CARTESIAN_POINT('',(-10.25,-20.4,-32.75));
#5446 = DIRECTION('',(0.,-1.,2.22044604925E-16));
#5447 = DIRECTION('',(1.,0.,0.));
#5448 = PCURVE('',#1795,#5449);
#5449 = DEFINITIONAL_REPRESENTATION('',(#5450),#5458);
#5450 = ( BOUNDED_CURVE() B_SPLINE_CURVE(2,(#5451,#5452,#5453,#5454,
#5455,#5456,#5457),.UNSPECIFIED.,.T.,.F.) B_SPLINE_CURVE_WITH_KNOTS((1,2
    ,2,2,2,1),(-2.094395102393,0.,2.094395102393,4.188790204786,
6.28318530718,8.377580409573),.UNSPECIFIED.) CURVE() 
GEOMETRIC_REPRESENTATION_ITEM() RATIONAL_B_SPLINE_CURVE((1.,0.5,1.,0.5,
1.,0.5,1.)) REPRESENTATION_ITEM('') );
#5451 = CARTESIAN_POINT('',(-3.75,20.61));
#5452 = CARTESIAN_POINT('',(-9.119357503464,20.61));
#5453 = CARTESIAN_POINT('',(-6.434678751732,25.26));
#5454 = CARTESIAN_POINT('',(-3.75,29.91));
#5455 = CARTESIAN_POINT('',(-1.065321248268,25.26));
#5456 = CARTESIAN_POINT('',(1.619357503464,20.61));
#5457 = CARTESIAN_POINT('',(-3.75,20.61));
#5458 = ( GEOMETRIC_REPRESENTATION_CONTEXT(2) 
PARAMETRIC_REPRESENTATION_CONTEXT() REPRESENTATION_CONTEXT('2D SPACE',''
  ) );
#5459 = PCURVE('',#5460,#5465);
#5460 = CYLINDRICAL_SURFACE('',#5461,3.1);
#5461 = AXIS2_PLACEMENT_3D('',#5462,#5463,#5464);
#5462 = CARTESIAN_POINT('',(-10.25,-17.85,-32.75));
#5463 = DIRECTION('',(0.,-1.,2.22044604925E-16));
#5464 = DIRECTION('',(1.,0.,0.));
#5465 = DEFINITIONAL_REPRESENTATION('',(#5466),#5470);
#5466 = LINE('',#5467,#5468);
#5467 = CARTESIAN_POINT('',(0.,2.55));
#5468 = VECTOR('',#5469,1.);
#5469 = DIRECTION('',(1.,0.));
#5470 = ( GEOMETRIC_REPRESENTATION_CONTEXT(2) 
PARAMETRIC_REPRESENTATION_CONTEXT() REPRESENTATION_CONTEXT('2D SPACE',''
  ) );
#5471 = ORIENTED_EDGE('',*,*,#5472,.T.);
#5472 = EDGE_CURVE('',#5440,#4923,#5473,.T.);
#5473 = SURFACE_CURVE('',#5474,(#5478,#5485),.PCURVE_S1.);
#5474 = LINE('',#5475,#5476);
#5475 = CARTESIAN_POINT('',(-15.16,-20.4,-33.));
#5476 = VECTOR('',#5477,1.);
#5477 = DIRECTION('',(1.,0.,-0.));
#5478 = PCURVE('',#1795,#5479);
#5479 = DEFINITIONAL_REPRESENTATION('',(#5480),#5484);
#5480 = LINE('',#5481,#5482);
#5481 = CARTESIAN_POINT('',(-3.5,28.62));
#5482 = VECTOR('',#5483,1.);
#5483 = DIRECTION('',(0.,-1.));
#5484 = ( GEOMETRIC_REPRESENTATION_CONTEXT(2) 
PARAMETRIC_REPRESENTATION_CONTEXT() REPRESENTATION_CONTEXT('2D SPACE',''
  ) );
#5485 = PCURVE('',#4965,#5486);
#5486 = DEFINITIONAL_REPRESENTATION('',(#5487),#5491);
#5487 = LINE('',#5488,#5489);
#5488 = CARTESIAN_POINT('',(0.,0.));
#5489 = VECTOR('',#5490,1.);
#5490 = DIRECTION('',(1.,0.));
#5491 = ( GEOMETRIC_REPRESENTATION_CONTEXT(2) 
PARAMETRIC_REPRESENTATION_CONTEXT() REPRESENTATION_CONTEXT('2D SPACE',''
  ) );
#5492 = FACE_BOUND('',#5493,.F.);
#5493 = EDGE_LOOP('',(#5494,#5522,#5548,#5574,#5607,#5633));
#5494 = ORIENTED_EDGE('',*,*,#5495,.F.);
#5495 = EDGE_CURVE('',#5496,#5498,#5500,.T.);
#5496 = VERTEX_POINT('',#5497);
#5497 = CARTESIAN_POINT('',(6.295836943966,-20.4,-108.3));
#5498 = VERTEX_POINT('',#5499);
#5499 = CARTESIAN_POINT('',(7.704163056034,-20.4,-108.3));
#5500 = SURFACE_CURVE('',#5501,(#5505,#5511),.PCURVE_S1.);
#5501 = LINE('',#5502,#5503);
#5502 = CARTESIAN_POINT('',(9.38,-20.4,-108.3));
#5503 = VECTOR('',#5504,1.);
#5504 = DIRECTION('',(1.,0.,-0.));
#5505 = PCURVE('',#1795,#5506);
#5506 = DEFINITIONAL_REPRESENTATION('',(#5507),#5510);
#5507 = B_SPLINE_CURVE_WITH_KNOTS('',1,(#5508,#5509),.UNSPECIFIED.,.F.,
  .F.,(2,2),(-3.084163056034,-1.675836943966),.PIECEWISE_BEZIER_KNOTS.);
#5508 = CARTESIAN_POINT('',(71.8,7.164163056034));
#5509 = CARTESIAN_POINT('',(71.8,5.755836943966));
#5510 = ( GEOMETRIC_REPRESENTATION_CONTEXT(2) 
PARAMETRIC_REPRESENTATION_CONTEXT() REPRESENTATION_CONTEXT('2D SPACE',''
  ) );
#5511 = PCURVE('',#5512,#5517);
#5512 = PLANE('',#5513);
#5513 = AXIS2_PLACEMENT_3D('',#5514,#5515,#5516);
#5514 = CARTESIAN_POINT('',(5.3,-21.4,-108.3));
#5515 = DIRECTION('',(0.,0.,1.));
#5516 = DIRECTION('',(1.,0.,0.));
#5517 = DEFINITIONAL_REPRESENTATION('',(#5518),#5521);
#5518 = B_SPLINE_CURVE_WITH_KNOTS('',1,(#5519,#5520),.UNSPECIFIED.,.F.,
  .F.,(2,2),(-3.084163056034,-1.675836943966),.PIECEWISE_BEZIER_KNOTS.);
#5519 = CARTESIAN_POINT('',(0.995836943966,1.));
#5520 = CARTESIAN_POINT('',(2.404163056034,1.));
#5521 = ( GEOMETRIC_REPRESENTATION_CONTEXT(2) 
PARAMETRIC_REPRESENTATION_CONTEXT() REPRESENTATION_CONTEXT('2D SPACE',''
  ) );
#5522 = ORIENTED_EDGE('',*,*,#5523,.T.);
#5523 = EDGE_CURVE('',#5496,#5524,#5526,.T.);
#5524 = VERTEX_POINT('',#5525);
#5525 = CARTESIAN_POINT('',(5.3,-20.4,-109.2958369439));
#5526 = SURFACE_CURVE('',#5527,(#5531,#5537),.PCURVE_S1.);
#5527 = LINE('',#5528,#5529);
#5528 = CARTESIAN_POINT('',(25.186877707974,-20.4,-89.40895923599));
#5529 = VECTOR('',#5530,1.);
#5530 = DIRECTION('',(-0.707106781187,0.,-0.707106781187));
#5531 = PCURVE('',#1795,#5532);
#5532 = DEFINITIONAL_REPRESENTATION('',(#5533),#5536);
#5533 = B_SPLINE_CURVE_WITH_KNOTS('',1,(#5534,#5535),.UNSPECIFIED.,.F.,
  .F.,(2,2),(26.715966055804,28.124292167872),.PIECEWISE_BEZIER_KNOTS.);
#5534 = CARTESIAN_POINT('',(71.8,7.164163056034));
#5535 = CARTESIAN_POINT('',(72.795836943966,8.16));
#5536 = ( GEOMETRIC_REPRESENTATION_CONTEXT(2) 
PARAMETRIC_REPRESENTATION_CONTEXT() REPRESENTATION_CONTEXT('2D SPACE',''
  ) );
#5537 = PCURVE('',#5538,#5543);
#5538 = PLANE('',#5539);
#5539 = AXIS2_PLACEMENT_3D('',#5540,#5541,#5542);
#5540 = CARTESIAN_POINT('',(4.595836943966,-21.4,-110.));
#5541 = DIRECTION('',(0.707106781187,0.,-0.707106781187));
#5542 = DIRECTION('',(0.707106781187,0.,0.707106781187));
#5543 = DEFINITIONAL_REPRESENTATION('',(#5544),#5547);
#5544 = B_SPLINE_CURVE_WITH_KNOTS('',1,(#5545,#5546),.UNSPECIFIED.,.F.,
  .F.,(2,2),(26.715966055804,28.124292167872),.PIECEWISE_BEZIER_KNOTS.);
#5545 = CARTESIAN_POINT('',(2.404163056034,-1.));
#5546 = CARTESIAN_POINT('',(0.995836943966,-1.));
#5547 = ( GEOMETRIC_REPRESENTATION_CONTEXT(2) 
PARAMETRIC_REPRESENTATION_CONTEXT() REPRESENTATION_CONTEXT('2D SPACE',''
  ) );
#5548 = ORIENTED_EDGE('',*,*,#5549,.T.);
#5549 = EDGE_CURVE('',#5524,#5550,#5552,.T.);
#5550 = VERTEX_POINT('',#5551);
#5551 = CARTESIAN_POINT('',(5.3,-20.4,-110.));
#5552 = SURFACE_CURVE('',#5553,(#5557,#5563),.PCURVE_S1.);
#5553 = LINE('',#5554,#5555);
#5554 = CARTESIAN_POINT('',(5.3,-20.4,-73.25));
#5555 = VECTOR('',#5556,1.);
#5556 = DIRECTION('',(0.,0.,-1.));
#5557 = PCURVE('',#1795,#5558);
#5558 = DEFINITIONAL_REPRESENTATION('',(#5559),#5562);
#5559 = B_SPLINE_CURVE_WITH_KNOTS('',1,(#5560,#5561),.UNSPECIFIED.,.F.,
  .F.,(2,2),(36.045836943966,36.75),.PIECEWISE_BEZIER_KNOTS.);
#5560 = CARTESIAN_POINT('',(72.795836943966,8.16));
#5561 = CARTESIAN_POINT('',(73.5,8.16));
#5562 = ( GEOMETRIC_REPRESENTATION_CONTEXT(2) 
PARAMETRIC_REPRESENTATION_CONTEXT() REPRESENTATION_CONTEXT('2D SPACE',''
  ) );
#5563 = PCURVE('',#5564,#5569);
#5564 = PLANE('',#5565);
#5565 = AXIS2_PLACEMENT_3D('',#5566,#5567,#5568);
#5566 = CARTESIAN_POINT('',(5.3,-21.4,-110.));
#5567 = DIRECTION('',(1.,0.,0.));
#5568 = DIRECTION('',(0.,0.,1.));
#5569 = DEFINITIONAL_REPRESENTATION('',(#5570),#5573);
#5570 = B_SPLINE_CURVE_WITH_KNOTS('',1,(#5571,#5572),.UNSPECIFIED.,.F.,
  .F.,(2,2),(36.045836943966,36.75),.PIECEWISE_BEZIER_KNOTS.);
#5571 = CARTESIAN_POINT('',(0.704163056034,-1.));
#5572 = CARTESIAN_POINT('',(0.,-1.));
#5573 = ( GEOMETRIC_REPRESENTATION_CONTEXT(2) 
PARAMETRIC_REPRESENTATION_CONTEXT() REPRESENTATION_CONTEXT('2D SPACE',''
  ) );
#5574 = ORIENTED_EDGE('',*,*,#5575,.T.);
#5575 = EDGE_CURVE('',#5550,#5576,#5578,.T.);
#5576 = VERTEX_POINT('',#5577);
#5577 = CARTESIAN_POINT('',(8.7,-20.4,-110.));
#5578 = SURFACE_CURVE('',#5579,(#5584,#5595),.PCURVE_S1.);
#5579 = CIRCLE('',#5580,1.7);
#5580 = AXIS2_PLACEMENT_3D('',#5581,#5582,#5583);
#5581 = CARTESIAN_POINT('',(7.,-20.4,-110.));
#5582 = DIRECTION('',(0.,-1.,2.22044604925E-16));
#5583 = DIRECTION('',(1.,0.,0.));
#5584 = PCURVE('',#1795,#5585);
#5585 = DEFINITIONAL_REPRESENTATION('',(#5586),#5594);
#5586 = ( BOUNDED_CURVE() B_SPLINE_CURVE(2,(#5587,#5588,#5589,#5590,
#5591,#5592,#5593),.UNSPECIFIED.,.T.,.F.) B_SPLINE_CURVE_WITH_KNOTS((1,2
    ,2,2,2,1),(-2.094395102393,0.,2.094395102393,4.188790204786,
6.28318530718,8.377580409573),.UNSPECIFIED.) CURVE() 
GEOMETRIC_REPRESENTATION_ITEM() RATIONAL_B_SPLINE_CURVE((1.,0.5,1.,0.5,
1.,0.5,1.)) REPRESENTATION_ITEM('') );
#5587 = CARTESIAN_POINT('',(73.5,4.76));
#5588 = CARTESIAN_POINT('',(70.555513627133,4.76));
#5589 = CARTESIAN_POINT('',(72.027756813566,7.31));
#5590 = CARTESIAN_POINT('',(73.5,9.86));
#5591 = CARTESIAN_POINT('',(74.972243186434,7.31));
#5592 = CARTESIAN_POINT('',(76.444486372867,4.76));
#5593 = CARTESIAN_POINT('',(73.5,4.76));
#5594 = ( GEOMETRIC_REPRESENTATION_CONTEXT(2) 
PARAMETRIC_REPRESENTATION_CONTEXT() REPRESENTATION_CONTEXT('2D SPACE',''
  ) );
#5595 = PCURVE('',#5596,#5601);
#5596 = CYLINDRICAL_SURFACE('',#5597,1.7);
#5597 = AXIS2_PLACEMENT_3D('',#5598,#5599,#5600);
#5598 = CARTESIAN_POINT('',(7.,24.45,-110.));
#5599 = DIRECTION('',(0.,-1.,2.22044604925E-16));
#5600 = DIRECTION('',(1.,0.,0.));
#5601 = DEFINITIONAL_REPRESENTATION('',(#5602),#5606);
#5602 = LINE('',#5603,#5604);
#5603 = CARTESIAN_POINT('',(0.,44.85));
#5604 = VECTOR('',#5605,1.);
#5605 = DIRECTION('',(1.,0.));
#5606 = ( GEOMETRIC_REPRESENTATION_CONTEXT(2) 
PARAMETRIC_REPRESENTATION_CONTEXT() REPRESENTATION_CONTEXT('2D SPACE',''
  ) );
#5607 = ORIENTED_EDGE('',*,*,#5608,.F.);
#5608 = EDGE_CURVE('',#5609,#5576,#5611,.T.);
#5609 = VERTEX_POINT('',#5610);
#5610 = CARTESIAN_POINT('',(8.7,-20.4,-109.2958369439));
#5611 = SURFACE_CURVE('',#5612,(#5616,#5622),.PCURVE_S1.);
#5612 = LINE('',#5613,#5614);
#5613 = CARTESIAN_POINT('',(8.7,-20.4,-73.25));
#5614 = VECTOR('',#5615,1.);
#5615 = DIRECTION('',(0.,0.,-1.));
#5616 = PCURVE('',#1795,#5617);
#5617 = DEFINITIONAL_REPRESENTATION('',(#5618),#5621);
#5618 = B_SPLINE_CURVE_WITH_KNOTS('',1,(#5619,#5620),.UNSPECIFIED.,.F.,
  .F.,(2,2),(36.045836943966,36.75),.PIECEWISE_BEZIER_KNOTS.);
#5619 = CARTESIAN_POINT('',(72.795836943966,4.76));
#5620 = CARTESIAN_POINT('',(73.5,4.76));
#5621 = ( GEOMETRIC_REPRESENTATION_CONTEXT(2) 
PARAMETRIC_REPRESENTATION_CONTEXT() REPRESENTATION_CONTEXT('2D SPACE',''
  ) );
#5622 = PCURVE('',#5623,#5628);
#5623 = PLANE('',#5624);
#5624 = AXIS2_PLACEMENT_3D('',#5625,#5626,#5627);
#5625 = CARTESIAN_POINT('',(8.7,-21.4,-110.));
#5626 = DIRECTION('',(1.,0.,0.));
#5627 = DIRECTION('',(0.,0.,1.));
#5628 = DEFINITIONAL_REPRESENTATION('',(#5629),#5632);
#5629 = B_SPLINE_CURVE_WITH_KNOTS('',1,(#5630,#5631),.UNSPECIFIED.,.F.,
  .F.,(2,2),(36.045836943966,36.75),.PIECEWISE_BEZIER_KNOTS.);
#5630 = CARTESIAN_POINT('',(0.704163056034,-1.));
#5631 = CARTESIAN_POINT('',(-7.105427357601E-15,-1.));
#5632 = ( GEOMETRIC_REPRESENTATION_CONTEXT(2) 
PARAMETRIC_REPRESENTATION_CONTEXT() REPRESENTATION_CONTEXT('2D SPACE',''
  ) );
#5633 = ORIENTED_EDGE('',*,*,#5634,.F.);
#5634 = EDGE_CURVE('',#5498,#5609,#5635,.T.);
#5635 = SURFACE_CURVE('',#5636,(#5640,#5646),.PCURVE_S1.);
#5636 = LINE('',#5637,#5638);
#5637 = CARTESIAN_POINT('',(-9.158959235991,-20.4,-91.43687770797));
#5638 = VECTOR('',#5639,1.);
#5639 = DIRECTION('',(0.707106781187,0.,-0.707106781187));
#5640 = PCURVE('',#1795,#5641);
#5641 = DEFINITIONAL_REPRESENTATION('',(#5642),#5645);
#5642 = B_SPLINE_CURVE_WITH_KNOTS('',1,(#5643,#5644),.UNSPECIFIED.,.F.,
  .F.,(2,2),(23.848056249339,25.256382361407),.PIECEWISE_BEZIER_KNOTS.);
#5643 = CARTESIAN_POINT('',(71.8,5.755836943966));
#5644 = CARTESIAN_POINT('',(72.795836943966,4.76));
#5645 = ( GEOMETRIC_REPRESENTATION_CONTEXT(2) 
PARAMETRIC_REPRESENTATION_CONTEXT() REPRESENTATION_CONTEXT('2D SPACE',''
  ) );
#5646 = PCURVE('',#5647,#5652);
#5647 = PLANE('',#5648);
#5648 = AXIS2_PLACEMENT_3D('',#5649,#5650,#5651);
#5649 = CARTESIAN_POINT('',(7.,-21.4,-107.5958369439));
#5650 = DIRECTION('',(0.707106781187,0.,0.707106781187));
#5651 = DIRECTION('',(0.707106781187,0.,-0.707106781187));
#5652 = DEFINITIONAL_REPRESENTATION('',(#5653),#5656);
#5653 = B_SPLINE_CURVE_WITH_KNOTS('',1,(#5654,#5655),.UNSPECIFIED.,.F.,
  .F.,(2,2),(23.848056249339,25.256382361407),.PIECEWISE_BEZIER_KNOTS.);
#5654 = CARTESIAN_POINT('',(0.995836943966,1.));
#5655 = CARTESIAN_POINT('',(2.404163056034,1.));
#5656 = ( GEOMETRIC_REPRESENTATION_CONTEXT(2) 
PARAMETRIC_REPRESENTATION_CONTEXT() REPRESENTATION_CONTEXT('2D SPACE',''
  ) );
#5657 = FACE_BOUND('',#5658,.F.);
#5658 = EDGE_LOOP('',(#5659));
#5659 = ORIENTED_EDGE('',*,*,#5660,.T.);
#5660 = EDGE_CURVE('',#5661,#5661,#5663,.T.);
#5661 = VERTEX_POINT('',#5662);
#5662 = CARTESIAN_POINT('',(3.75,-20.4,-110.));
#5663 = SURFACE_CURVE('',#5664,(#5669,#5680),.PCURVE_S1.);
#5664 = CIRCLE('',#5665,3.75);
#5665 = AXIS2_PLACEMENT_3D('',#5666,#5667,#5668);
#5666 = CARTESIAN_POINT('',(0.,-20.4,-110.));
#5667 = DIRECTION('',(0.,-1.,2.22044604925E-16));
#5668 = DIRECTION('',(1.,0.,0.));
#5669 = PCURVE('',#1795,#5670);
#5670 = DEFINITIONAL_REPRESENTATION('',(#5671),#5679);
#5671 = ( BOUNDED_CURVE() B_SPLINE_CURVE(2,(#5672,#5673,#5674,#5675,
#5676,#5677,#5678),.UNSPECIFIED.,.T.,.F.) B_SPLINE_CURVE_WITH_KNOTS((1,2
    ,2,2,2,1),(-2.094395102393,0.,2.094395102393,4.188790204786,
6.28318530718,8.377580409573),.UNSPECIFIED.) CURVE() 
GEOMETRIC_REPRESENTATION_ITEM() RATIONAL_B_SPLINE_CURVE((1.,0.5,1.,0.5,
1.,0.5,1.)) REPRESENTATION_ITEM('') );
#5672 = CARTESIAN_POINT('',(73.5,9.71));
#5673 = CARTESIAN_POINT('',(67.004809471617,9.71));
#5674 = CARTESIAN_POINT('',(70.252404735808,15.335));
#5675 = CARTESIAN_POINT('',(73.5,20.96));
#5676 = CARTESIAN_POINT('',(76.747595264192,15.335));
#5677 = CARTESIAN_POINT('',(79.995190528383,9.71));
#5678 = CARTESIAN_POINT('',(73.5,9.71));
#5679 = ( GEOMETRIC_REPRESENTATION_CONTEXT(2) 
PARAMETRIC_REPRESENTATION_CONTEXT() REPRESENTATION_CONTEXT('2D SPACE',''
  ) );
#5680 = PCURVE('',#5681,#5686);
#5681 = CYLINDRICAL_SURFACE('',#5682,3.75);
#5682 = AXIS2_PLACEMENT_3D('',#5683,#5684,#5685);
#5683 = CARTESIAN_POINT('',(0.,-16.1,-110.));
#5684 = DIRECTION('',(0.,-1.,2.22044604925E-16));
#5685 = DIRECTION('',(1.,0.,0.));
#5686 = DEFINITIONAL_REPRESENTATION('',(#5687),#5691);
#5687 = LINE('',#5688,#5689);
#5688 = CARTESIAN_POINT('',(0.,4.3));
#5689 = VECTOR('',#5690,1.);
#5690 = DIRECTION('',(1.,0.));
#5691 = ( GEOMETRIC_REPRESENTATION_CONTEXT(2) 
PARAMETRIC_REPRESENTATION_CONTEXT() REPRESENTATION_CONTEXT('2D SPACE',''
  ) );
#5692 = FACE_BOUND('',#5693,.F.);
#5693 = EDGE_LOOP('',(#5694,#5722,#5748,#5774,#5807,#5833));
#5694 = ORIENTED_EDGE('',*,*,#5695,.F.);
#5695 = EDGE_CURVE('',#5696,#5698,#5700,.T.);
#5696 = VERTEX_POINT('',#5697);
#5697 = CARTESIAN_POINT('',(-0.704163056034,-20.4,-101.3));
#5698 = VERTEX_POINT('',#5699);
#5699 = CARTESIAN_POINT('',(0.704163056034,-20.4,-101.3));
#5700 = SURFACE_CURVE('',#5701,(#5705,#5711),.PCURVE_S1.);
#5701 = LINE('',#5702,#5703);
#5702 = CARTESIAN_POINT('',(5.88,-20.4,-101.3));
#5703 = VECTOR('',#5704,1.);
#5704 = DIRECTION('',(1.,0.,-0.));
#5705 = PCURVE('',#1795,#5706);
#5706 = DEFINITIONAL_REPRESENTATION('',(#5707),#5710);
#5707 = B_SPLINE_CURVE_WITH_KNOTS('',1,(#5708,#5709),.UNSPECIFIED.,.F.,
  .F.,(2,2),(-6.584163056034,-5.175836943966),.PIECEWISE_BEZIER_KNOTS.);
#5708 = CARTESIAN_POINT('',(64.8,14.164163056034));
#5709 = CARTESIAN_POINT('',(64.8,12.755836943966));
#5710 = ( GEOMETRIC_REPRESENTATION_CONTEXT(2) 
PARAMETRIC_REPRESENTATION_CONTEXT() REPRESENTATION_CONTEXT('2D SPACE',''
  ) );
#5711 = PCURVE('',#5712,#5717);
#5712 = PLANE('',#5713);
#5713 = AXIS2_PLACEMENT_3D('',#5714,#5715,#5716);
#5714 = CARTESIAN_POINT('',(-1.7,-21.4,-101.3));
#5715 = DIRECTION('',(0.,0.,1.));
#5716 = DIRECTION('',(1.,0.,0.));
#5717 = DEFINITIONAL_REPRESENTATION('',(#5718),#5721);
#5718 = B_SPLINE_CURVE_WITH_KNOTS('',1,(#5719,#5720),.UNSPECIFIED.,.F.,
  .F.,(2,2),(-6.584163056034,-5.175836943966),.PIECEWISE_BEZIER_KNOTS.);
#5719 = CARTESIAN_POINT('',(0.995836943966,1.));
#5720 = CARTESIAN_POINT('',(2.404163056034,1.));
#5721 = ( GEOMETRIC_REPRESENTATION_CONTEXT(2) 
PARAMETRIC_REPRESENTATION_CONTEXT() REPRESENTATION_CONTEXT('2D SPACE',''
  ) );
#5722 = ORIENTED_EDGE('',*,*,#5723,.T.);
#5723 = EDGE_CURVE('',#5696,#5724,#5726,.T.);
#5724 = VERTEX_POINT('',#5725);
#5725 = CARTESIAN_POINT('',(-1.7,-20.4,-102.2958369439));
#5726 = SURFACE_CURVE('',#5727,(#5731,#5737),.PCURVE_S1.);
#5727 = LINE('',#5728,#5729);
#5728 = CARTESIAN_POINT('',(18.186877707974,-20.4,-82.40895923599));
#5729 = VECTOR('',#5730,1.);
#5730 = DIRECTION('',(-0.707106781187,0.,-0.707106781187));
#5731 = PCURVE('',#1795,#5732);
#5732 = DEFINITIONAL_REPRESENTATION('',(#5733),#5736);
#5733 = B_SPLINE_CURVE_WITH_KNOTS('',1,(#5734,#5735),.UNSPECIFIED.,.F.,
  .F.,(2,2),(26.715966055804,28.124292167872),.PIECEWISE_BEZIER_KNOTS.);
#5734 = CARTESIAN_POINT('',(64.8,14.164163056034));
#5735 = CARTESIAN_POINT('',(65.795836943966,15.16));
#5736 = ( GEOMETRIC_REPRESENTATION_CONTEXT(2) 
PARAMETRIC_REPRESENTATION_CONTEXT() REPRESENTATION_CONTEXT('2D SPACE',''
  ) );
#5737 = PCURVE('',#5738,#5743);
#5738 = PLANE('',#5739);
#5739 = AXIS2_PLACEMENT_3D('',#5740,#5741,#5742);
#5740 = CARTESIAN_POINT('',(-2.404163056034,-21.4,-103.));
#5741 = DIRECTION('',(0.707106781187,0.,-0.707106781187));
#5742 = DIRECTION('',(0.707106781187,0.,0.707106781187));
#5743 = DEFINITIONAL_REPRESENTATION('',(#5744),#5747);
#5744 = B_SPLINE_CURVE_WITH_KNOTS('',1,(#5745,#5746),.UNSPECIFIED.,.F.,
  .F.,(2,2),(26.715966055804,28.124292167872),.PIECEWISE_BEZIER_KNOTS.);
#5745 = CARTESIAN_POINT('',(2.404163056034,-1.));
#5746 = CARTESIAN_POINT('',(0.995836943966,-1.));
#5747 = ( GEOMETRIC_REPRESENTATION_CONTEXT(2) 
PARAMETRIC_REPRESENTATION_CONTEXT() REPRESENTATION_CONTEXT('2D SPACE',''
  ) );
#5748 = ORIENTED_EDGE('',*,*,#5749,.T.);
#5749 = EDGE_CURVE('',#5724,#5750,#5752,.T.);
#5750 = VERTEX_POINT('',#5751);
#5751 = CARTESIAN_POINT('',(-1.7,-20.4,-103.));
#5752 = SURFACE_CURVE('',#5753,(#5757,#5763),.PCURVE_S1.);
#5753 = LINE('',#5754,#5755);
#5754 = CARTESIAN_POINT('',(-1.7,-20.4,-69.75));
#5755 = VECTOR('',#5756,1.);
#5756 = DIRECTION('',(0.,0.,-1.));
#5757 = PCURVE('',#1795,#5758);
#5758 = DEFINITIONAL_REPRESENTATION('',(#5759),#5762);
#5759 = B_SPLINE_CURVE_WITH_KNOTS('',1,(#5760,#5761),.UNSPECIFIED.,.F.,
  .F.,(2,2),(32.545836943966,33.25),.PIECEWISE_BEZIER_KNOTS.);
#5760 = CARTESIAN_POINT('',(65.795836943966,15.16));
#5761 = CARTESIAN_POINT('',(66.5,15.16));
#5762 = ( GEOMETRIC_REPRESENTATION_CONTEXT(2) 
PARAMETRIC_REPRESENTATION_CONTEXT() REPRESENTATION_CONTEXT('2D SPACE',''
  ) );
#5763 = PCURVE('',#5764,#5769);
#5764 = PLANE('',#5765);
#5765 = AXIS2_PLACEMENT_3D('',#5766,#5767,#5768);
#5766 = CARTESIAN_POINT('',(-1.7,-21.4,-103.));
#5767 = DIRECTION('',(1.,0.,0.));
#5768 = DIRECTION('',(0.,0.,1.));
#5769 = DEFINITIONAL_REPRESENTATION('',(#5770),#5773);
#5770 = B_SPLINE_CURVE_WITH_KNOTS('',1,(#5771,#5772),.UNSPECIFIED.,.F.,
  .F.,(2,2),(32.545836943966,33.25),.PIECEWISE_BEZIER_KNOTS.);
#5771 = CARTESIAN_POINT('',(0.704163056034,-1.));
#5772 = CARTESIAN_POINT('',(0.,-1.));
#5773 = ( GEOMETRIC_REPRESENTATION_CONTEXT(2) 
PARAMETRIC_REPRESENTATION_CONTEXT() REPRESENTATION_CONTEXT('2D SPACE',''
  ) );
#5774 = ORIENTED_EDGE('',*,*,#5775,.T.);
#5775 = EDGE_CURVE('',#5750,#5776,#5778,.T.);
#5776 = VERTEX_POINT('',#5777);
#5777 = CARTESIAN_POINT('',(1.7,-20.4,-103.));
#5778 = SURFACE_CURVE('',#5779,(#5784,#5795),.PCURVE_S1.);
#5779 = CIRCLE('',#5780,1.7);
#5780 = AXIS2_PLACEMENT_3D('',#5781,#5782,#5783);
#5781 = CARTESIAN_POINT('',(0.,-20.4,-103.));
#5782 = DIRECTION('',(0.,-1.,2.22044604925E-16));
#5783 = DIRECTION('',(1.,0.,0.));
#5784 = PCURVE('',#1795,#5785);
#5785 = DEFINITIONAL_REPRESENTATION('',(#5786),#5794);
#5786 = ( BOUNDED_CURVE() B_SPLINE_CURVE(2,(#5787,#5788,#5789,#5790,
#5791,#5792,#5793),.UNSPECIFIED.,.T.,.F.) B_SPLINE_CURVE_WITH_KNOTS((1,2
    ,2,2,2,1),(-2.094395102393,0.,2.094395102393,4.188790204786,
6.28318530718,8.377580409573),.UNSPECIFIED.) CURVE() 
GEOMETRIC_REPRESENTATION_ITEM() RATIONAL_B_SPLINE_CURVE((1.,0.5,1.,0.5,
1.,0.5,1.)) REPRESENTATION_ITEM('') );
#5787 = CARTESIAN_POINT('',(66.5,11.76));
#5788 = CARTESIAN_POINT('',(63.555513627133,11.76));
#5789 = CARTESIAN_POINT('',(65.027756813566,14.31));
#5790 = CARTESIAN_POINT('',(66.5,16.86));
#5791 = CARTESIAN_POINT('',(67.972243186434,14.31));
#5792 = CARTESIAN_POINT('',(69.444486372867,11.76));
#5793 = CARTESIAN_POINT('',(66.5,11.76));
#5794 = ( GEOMETRIC_REPRESENTATION_CONTEXT(2) 
PARAMETRIC_REPRESENTATION_CONTEXT() REPRESENTATION_CONTEXT('2D SPACE',''
  ) );
#5795 = PCURVE('',#5796,#5801);
#5796 = CYLINDRICAL_SURFACE('',#5797,1.7);
#5797 = AXIS2_PLACEMENT_3D('',#5798,#5799,#5800);
#5798 = CARTESIAN_POINT('',(0.,24.45,-103.));
#5799 = DIRECTION('',(0.,-1.,2.22044604925E-16));
#5800 = DIRECTION('',(1.,0.,0.));
#5801 = DEFINITIONAL_REPRESENTATION('',(#5802),#5806);
#5802 = LINE('',#5803,#5804);
#5803 = CARTESIAN_POINT('',(0.,44.85));
#5804 = VECTOR('',#5805,1.);
#5805 = DIRECTION('',(1.,0.));
#5806 = ( GEOMETRIC_REPRESENTATION_CONTEXT(2) 
PARAMETRIC_REPRESENTATION_CONTEXT() REPRESENTATION_CONTEXT('2D SPACE',''
  ) );
#5807 = ORIENTED_EDGE('',*,*,#5808,.F.);
#5808 = EDGE_CURVE('',#5809,#5776,#5811,.T.);
#5809 = VERTEX_POINT('',#5810);
#5810 = CARTESIAN_POINT('',(1.7,-20.4,-102.2958369439));
#5811 = SURFACE_CURVE('',#5812,(#5816,#5822),.PCURVE_S1.);
#5812 = LINE('',#5813,#5814);
#5813 = CARTESIAN_POINT('',(1.7,-20.4,-69.75));
#5814 = VECTOR('',#5815,1.);
#5815 = DIRECTION('',(0.,0.,-1.));
#5816 = PCURVE('',#1795,#5817);
#5817 = DEFINITIONAL_REPRESENTATION('',(#5818),#5821);
#5818 = B_SPLINE_CURVE_WITH_KNOTS('',1,(#5819,#5820),.UNSPECIFIED.,.F.,
  .F.,(2,2),(32.545836943966,33.25),.PIECEWISE_BEZIER_KNOTS.);
#5819 = CARTESIAN_POINT('',(65.795836943966,11.76));
#5820 = CARTESIAN_POINT('',(66.5,11.76));
#5821 = ( GEOMETRIC_REPRESENTATION_CONTEXT(2) 
PARAMETRIC_REPRESENTATION_CONTEXT() REPRESENTATION_CONTEXT('2D SPACE',''
  ) );
#5822 = PCURVE('',#5823,#5828);
#5823 = PLANE('',#5824);
#5824 = AXIS2_PLACEMENT_3D('',#5825,#5826,#5827);
#5825 = CARTESIAN_POINT('',(1.7,-21.4,-103.));
#5826 = DIRECTION('',(1.,0.,0.));
#5827 = DIRECTION('',(0.,0.,1.));
#5828 = DEFINITIONAL_REPRESENTATION('',(#5829),#5832);
#5829 = B_SPLINE_CURVE_WITH_KNOTS('',1,(#5830,#5831),.UNSPECIFIED.,.F.,
  .F.,(2,2),(32.545836943966,33.25),.PIECEWISE_BEZIER_KNOTS.);
#5830 = CARTESIAN_POINT('',(0.704163056034,-1.));
#5831 = CARTESIAN_POINT('',(-7.105427357601E-15,-1.));
#5832 = ( GEOMETRIC_REPRESENTATION_CONTEXT(2) 
PARAMETRIC_REPRESENTATION_CONTEXT() REPRESENTATION_CONTEXT('2D SPACE',''
  ) );
#5833 = ORIENTED_EDGE('',*,*,#5834,.F.);
#5834 = EDGE_CURVE('',#5698,#5809,#5835,.T.);
#5835 = SURFACE_CURVE('',#5836,(#5840,#5846),.PCURVE_S1.);
#5836 = LINE('',#5837,#5838);
#5837 = CARTESIAN_POINT('',(-12.65895923599,-20.4,-87.93687770797));
#5838 = VECTOR('',#5839,1.);
#5839 = DIRECTION('',(0.707106781187,0.,-0.707106781187));
#5840 = PCURVE('',#1795,#5841);
#5841 = DEFINITIONAL_REPRESENTATION('',(#5842),#5845);
#5842 = B_SPLINE_CURVE_WITH_KNOTS('',1,(#5843,#5844),.UNSPECIFIED.,.F.,
  .F.,(2,2),(18.898308781033,20.306634893101),.PIECEWISE_BEZIER_KNOTS.);
#5843 = CARTESIAN_POINT('',(64.8,12.755836943966));
#5844 = CARTESIAN_POINT('',(65.795836943966,11.76));
#5845 = ( GEOMETRIC_REPRESENTATION_CONTEXT(2) 
PARAMETRIC_REPRESENTATION_CONTEXT() REPRESENTATION_CONTEXT('2D SPACE',''
  ) );
#5846 = PCURVE('',#5847,#5852);
#5847 = PLANE('',#5848);
#5848 = AXIS2_PLACEMENT_3D('',#5849,#5850,#5851);
#5849 = CARTESIAN_POINT('',(4.440892098501E-16,-21.4,-100.5958369439));
#5850 = DIRECTION('',(0.707106781187,0.,0.707106781187));
#5851 = DIRECTION('',(0.707106781187,0.,-0.707106781187));
#5852 = DEFINITIONAL_REPRESENTATION('',(#5853),#5856);
#5853 = B_SPLINE_CURVE_WITH_KNOTS('',1,(#5854,#5855),.UNSPECIFIED.,.F.,
  .F.,(2,2),(18.898308781033,20.306634893101),.PIECEWISE_BEZIER_KNOTS.);
#5854 = CARTESIAN_POINT('',(0.995836943966,1.));
#5855 = CARTESIAN_POINT('',(2.404163056034,1.));
#5856 = ( GEOMETRIC_REPRESENTATION_CONTEXT(2) 
PARAMETRIC_REPRESENTATION_CONTEXT() REPRESENTATION_CONTEXT('2D SPACE',''
  ) );
#5857 = FACE_BOUND('',#5858,.F.);
#5858 = EDGE_LOOP('',(#5859,#5887,#5913,#5939,#5972,#5998));
#5859 = ORIENTED_EDGE('',*,*,#5860,.F.);
#5860 = EDGE_CURVE('',#5861,#5863,#5865,.T.);
#5861 = VERTEX_POINT('',#5862);
#5862 = CARTESIAN_POINT('',(-7.704163056034,-20.4,-108.3));
#5863 = VERTEX_POINT('',#5864);
#5864 = CARTESIAN_POINT('',(-6.295836943966,-20.4,-108.3));
#5865 = SURFACE_CURVE('',#5866,(#5870,#5876),.PCURVE_S1.);
#5866 = LINE('',#5867,#5868);
#5867 = CARTESIAN_POINT('',(2.38,-20.4,-108.3));
#5868 = VECTOR('',#5869,1.);
#5869 = DIRECTION('',(1.,0.,-0.));
#5870 = PCURVE('',#1795,#5871);
#5871 = DEFINITIONAL_REPRESENTATION('',(#5872),#5875);
#5872 = B_SPLINE_CURVE_WITH_KNOTS('',1,(#5873,#5874),.UNSPECIFIED.,.F.,
  .F.,(2,2),(-10.08416305603,-8.675836943966),.PIECEWISE_BEZIER_KNOTS.);
#5873 = CARTESIAN_POINT('',(71.8,21.164163056034));
#5874 = CARTESIAN_POINT('',(71.8,19.755836943966));
#5875 = ( GEOMETRIC_REPRESENTATION_CONTEXT(2) 
PARAMETRIC_REPRESENTATION_CONTEXT() REPRESENTATION_CONTEXT('2D SPACE',''
  ) );
#5876 = PCURVE('',#5877,#5882);
#5877 = PLANE('',#5878);
#5878 = AXIS2_PLACEMENT_3D('',#5879,#5880,#5881);
#5879 = CARTESIAN_POINT('',(-8.7,-21.4,-108.3));
#5880 = DIRECTION('',(0.,0.,1.));
#5881 = DIRECTION('',(1.,0.,0.));
#5882 = DEFINITIONAL_REPRESENTATION('',(#5883),#5886);
#5883 = B_SPLINE_CURVE_WITH_KNOTS('',1,(#5884,#5885),.UNSPECIFIED.,.F.,
  .F.,(2,2),(-10.08416305603,-8.675836943966),.PIECEWISE_BEZIER_KNOTS.);
#5884 = CARTESIAN_POINT('',(0.995836943966,1.));
#5885 = CARTESIAN_POINT('',(2.404163056034,1.));
#5886 = ( GEOMETRIC_REPRESENTATION_CONTEXT(2) 
PARAMETRIC_REPRESENTATION_CONTEXT() REPRESENTATION_CONTEXT('2D SPACE',''
  ) );
#5887 = ORIENTED_EDGE('',*,*,#5888,.T.);
#5888 = EDGE_CURVE('',#5861,#5889,#5891,.T.);
#5889 = VERTEX_POINT('',#5890);
#5890 = CARTESIAN_POINT('',(-8.7,-20.4,-109.2958369439));
#5891 = SURFACE_CURVE('',#5892,(#5896,#5902),.PCURVE_S1.);
#5892 = LINE('',#5893,#5894);
#5893 = CARTESIAN_POINT('',(14.686877707974,-20.4,-85.90895923599));
#5894 = VECTOR('',#5895,1.);
#5895 = DIRECTION('',(-0.707106781187,0.,-0.707106781187));
#5896 = PCURVE('',#1795,#5897);
#5897 = DEFINITIONAL_REPRESENTATION('',(#5898),#5901);
#5898 = B_SPLINE_CURVE_WITH_KNOTS('',1,(#5899,#5900),.UNSPECIFIED.,.F.,
  .F.,(2,2),(31.66571352411,33.074039636178),.PIECEWISE_BEZIER_KNOTS.);
#5899 = CARTESIAN_POINT('',(71.8,21.164163056034));
#5900 = CARTESIAN_POINT('',(72.795836943966,22.16));
#5901 = ( GEOMETRIC_REPRESENTATION_CONTEXT(2) 
PARAMETRIC_REPRESENTATION_CONTEXT() REPRESENTATION_CONTEXT('2D SPACE',''
  ) );
#5902 = PCURVE('',#5903,#5908);
#5903 = PLANE('',#5904);
#5904 = AXIS2_PLACEMENT_3D('',#5905,#5906,#5907);
#5905 = CARTESIAN_POINT('',(-9.404163056034,-21.4,-110.));
#5906 = DIRECTION('',(0.707106781187,0.,-0.707106781187));
#5907 = DIRECTION('',(0.707106781187,0.,0.707106781187));
#5908 = DEFINITIONAL_REPRESENTATION('',(#5909),#5912);
#5909 = B_SPLINE_CURVE_WITH_KNOTS('',1,(#5910,#5911),.UNSPECIFIED.,.F.,
  .F.,(2,2),(31.66571352411,33.074039636178),.PIECEWISE_BEZIER_KNOTS.);
#5910 = CARTESIAN_POINT('',(2.404163056034,-1.));
#5911 = CARTESIAN_POINT('',(0.995836943966,-1.));
#5912 = ( GEOMETRIC_REPRESENTATION_CONTEXT(2) 
PARAMETRIC_REPRESENTATION_CONTEXT() REPRESENTATION_CONTEXT('2D SPACE',''
  ) );
#5913 = ORIENTED_EDGE('',*,*,#5914,.T.);
#5914 = EDGE_CURVE('',#5889,#5915,#5917,.T.);
#5915 = VERTEX_POINT('',#5916);
#5916 = CARTESIAN_POINT('',(-8.7,-20.4,-110.));
#5917 = SURFACE_CURVE('',#5918,(#5922,#5928),.PCURVE_S1.);
#5918 = LINE('',#5919,#5920);
#5919 = CARTESIAN_POINT('',(-8.7,-20.4,-73.25));
#5920 = VECTOR('',#5921,1.);
#5921 = DIRECTION('',(0.,0.,-1.));
#5922 = PCURVE('',#1795,#5923);
#5923 = DEFINITIONAL_REPRESENTATION('',(#5924),#5927);
#5924 = B_SPLINE_CURVE_WITH_KNOTS('',1,(#5925,#5926),.UNSPECIFIED.,.F.,
  .F.,(2,2),(36.045836943966,36.75),.PIECEWISE_BEZIER_KNOTS.);
#5925 = CARTESIAN_POINT('',(72.795836943966,22.16));
#5926 = CARTESIAN_POINT('',(73.5,22.16));
#5927 = ( GEOMETRIC_REPRESENTATION_CONTEXT(2) 
PARAMETRIC_REPRESENTATION_CONTEXT() REPRESENTATION_CONTEXT('2D SPACE',''
  ) );
#5928 = PCURVE('',#5929,#5934);
#5929 = PLANE('',#5930);
#5930 = AXIS2_PLACEMENT_3D('',#5931,#5932,#5933);
#5931 = CARTESIAN_POINT('',(-8.7,-21.4,-110.));
#5932 = DIRECTION('',(1.,0.,0.));
#5933 = DIRECTION('',(0.,0.,1.));
#5934 = DEFINITIONAL_REPRESENTATION('',(#5935),#5938);
#5935 = B_SPLINE_CURVE_WITH_KNOTS('',1,(#5936,#5937),.UNSPECIFIED.,.F.,
  .F.,(2,2),(36.045836943966,36.75),.PIECEWISE_BEZIER_KNOTS.);
#5936 = CARTESIAN_POINT('',(0.704163056034,-1.));
#5937 = CARTESIAN_POINT('',(0.,-1.));
#5938 = ( GEOMETRIC_REPRESENTATION_CONTEXT(2) 
PARAMETRIC_REPRESENTATION_CONTEXT() REPRESENTATION_CONTEXT('2D SPACE',''
  ) );
#5939 = ORIENTED_EDGE('',*,*,#5940,.T.);
#5940 = EDGE_CURVE('',#5915,#5941,#5943,.T.);
#5941 = VERTEX_POINT('',#5942);
#5942 = CARTESIAN_POINT('',(-5.3,-20.4,-110.));
#5943 = SURFACE_CURVE('',#5944,(#5949,#5960),.PCURVE_S1.);
#5944 = CIRCLE('',#5945,1.7);
#5945 = AXIS2_PLACEMENT_3D('',#5946,#5947,#5948);
#5946 = CARTESIAN_POINT('',(-7.,-20.4,-110.));
#5947 = DIRECTION('',(0.,-1.,2.22044604925E-16));
#5948 = DIRECTION('',(1.,0.,0.));
#5949 = PCURVE('',#1795,#5950);
#5950 = DEFINITIONAL_REPRESENTATION('',(#5951),#5959);
#5951 = ( BOUNDED_CURVE() B_SPLINE_CURVE(2,(#5952,#5953,#5954,#5955,
#5956,#5957,#5958),.UNSPECIFIED.,.T.,.F.) B_SPLINE_CURVE_WITH_KNOTS((1,2
    ,2,2,2,1),(-2.094395102393,0.,2.094395102393,4.188790204786,
6.28318530718,8.377580409573),.UNSPECIFIED.) CURVE() 
GEOMETRIC_REPRESENTATION_ITEM() RATIONAL_B_SPLINE_CURVE((1.,0.5,1.,0.5,
1.,0.5,1.)) REPRESENTATION_ITEM('') );
#5952 = CARTESIAN_POINT('',(73.5,18.76));
#5953 = CARTESIAN_POINT('',(70.555513627133,18.76));
#5954 = CARTESIAN_POINT('',(72.027756813566,21.31));
#5955 = CARTESIAN_POINT('',(73.5,23.86));
#5956 = CARTESIAN_POINT('',(74.972243186434,21.31));
#5957 = CARTESIAN_POINT('',(76.444486372867,18.76));
#5958 = CARTESIAN_POINT('',(73.5,18.76));
#5959 = ( GEOMETRIC_REPRESENTATION_CONTEXT(2) 
PARAMETRIC_REPRESENTATION_CONTEXT() REPRESENTATION_CONTEXT('2D SPACE',''
  ) );
#5960 = PCURVE('',#5961,#5966);
#5961 = CYLINDRICAL_SURFACE('',#5962,1.7);
#5962 = AXIS2_PLACEMENT_3D('',#5963,#5964,#5965);
#5963 = CARTESIAN_POINT('',(-7.,24.45,-110.));
#5964 = DIRECTION('',(0.,-1.,2.22044604925E-16));
#5965 = DIRECTION('',(1.,0.,0.));
#5966 = DEFINITIONAL_REPRESENTATION('',(#5967),#5971);
#5967 = LINE('',#5968,#5969);
#5968 = CARTESIAN_POINT('',(0.,44.85));
#5969 = VECTOR('',#5970,1.);
#5970 = DIRECTION('',(1.,0.));
#5971 = ( GEOMETRIC_REPRESENTATION_CONTEXT(2) 
PARAMETRIC_REPRESENTATION_CONTEXT() REPRESENTATION_CONTEXT('2D SPACE',''
  ) );
#5972 = ORIENTED_EDGE('',*,*,#5973,.F.);
#5973 = EDGE_CURVE('',#5974,#5941,#5976,.T.);
#5974 = VERTEX_POINT('',#5975);
#5975 = CARTESIAN_POINT('',(-5.3,-20.4,-109.2958369439));
#5976 = SURFACE_CURVE('',#5977,(#5981,#5987),.PCURVE_S1.);
#5977 = LINE('',#5978,#5979);
#5978 = CARTESIAN_POINT('',(-5.3,-20.4,-73.25));
#5979 = VECTOR('',#5980,1.);
#5980 = DIRECTION('',(0.,0.,-1.));
#5981 = PCURVE('',#1795,#5982);
#5982 = DEFINITIONAL_REPRESENTATION('',(#5983),#5986);
#5983 = B_SPLINE_CURVE_WITH_KNOTS('',1,(#5984,#5985),.UNSPECIFIED.,.F.,
  .F.,(2,2),(36.045836943966,36.75),.PIECEWISE_BEZIER_KNOTS.);
#5984 = CARTESIAN_POINT('',(72.795836943966,18.76));
#5985 = CARTESIAN_POINT('',(73.5,18.76));
#5986 = ( GEOMETRIC_REPRESENTATION_CONTEXT(2) 
PARAMETRIC_REPRESENTATION_CONTEXT() REPRESENTATION_CONTEXT('2D SPACE',''
  ) );
#5987 = PCURVE('',#5988,#5993);
#5988 = PLANE('',#5989);
#5989 = AXIS2_PLACEMENT_3D('',#5990,#5991,#5992);
#5990 = CARTESIAN_POINT('',(-5.3,-21.4,-110.));
#5991 = DIRECTION('',(1.,0.,0.));
#5992 = DIRECTION('',(0.,0.,1.));
#5993 = DEFINITIONAL_REPRESENTATION('',(#5994),#5997);
#5994 = B_SPLINE_CURVE_WITH_KNOTS('',1,(#5995,#5996),.UNSPECIFIED.,.F.,
  .F.,(2,2),(36.045836943966,36.75),.PIECEWISE_BEZIER_KNOTS.);
#5995 = CARTESIAN_POINT('',(0.704163056034,-1.));
#5996 = CARTESIAN_POINT('',(-7.105427357601E-15,-1.));
#5997 = ( GEOMETRIC_REPRESENTATION_CONTEXT(2) 
PARAMETRIC_REPRESENTATION_CONTEXT() REPRESENTATION_CONTEXT('2D SPACE',''
  ) );
#5998 = ORIENTED_EDGE('',*,*,#5999,.F.);
#5999 = EDGE_CURVE('',#5863,#5974,#6000,.T.);
#6000 = SURFACE_CURVE('',#6001,(#6005,#6011),.PCURVE_S1.);
#6001 = LINE('',#6002,#6003);
#6002 = CARTESIAN_POINT('',(-19.65895923599,-20.4,-94.93687770797));
#6003 = VECTOR('',#6004,1.);
#6004 = DIRECTION('',(0.707106781187,0.,-0.707106781187));
#6005 = PCURVE('',#1795,#6006);
#6006 = DEFINITIONAL_REPRESENTATION('',(#6007),#6010);
#6007 = B_SPLINE_CURVE_WITH_KNOTS('',1,(#6008,#6009),.UNSPECIFIED.,.F.,
  .F.,(2,2),(18.898308781033,20.306634893102),.PIECEWISE_BEZIER_KNOTS.);
#6008 = CARTESIAN_POINT('',(71.8,19.755836943966));
#6009 = CARTESIAN_POINT('',(72.795836943966,18.76));
#6010 = ( GEOMETRIC_REPRESENTATION_CONTEXT(2) 
PARAMETRIC_REPRESENTATION_CONTEXT() REPRESENTATION_CONTEXT('2D SPACE',''
  ) );
#6011 = PCURVE('',#6012,#6017);
#6012 = PLANE('',#6013);
#6013 = AXIS2_PLACEMENT_3D('',#6014,#6015,#6016);
#6014 = CARTESIAN_POINT('',(-7.,-21.4,-107.5958369439));
#6015 = DIRECTION('',(0.707106781187,0.,0.707106781187));
#6016 = DIRECTION('',(0.707106781187,0.,-0.707106781187));
#6017 = DEFINITIONAL_REPRESENTATION('',(#6018),#6021);
#6018 = B_SPLINE_CURVE_WITH_KNOTS('',1,(#6019,#6020),.UNSPECIFIED.,.F.,
  .F.,(2,2),(18.898308781033,20.306634893102),.PIECEWISE_BEZIER_KNOTS.);
#6019 = CARTESIAN_POINT('',(0.995836943966,1.));
#6020 = CARTESIAN_POINT('',(2.404163056034,1.));
#6021 = ( GEOMETRIC_REPRESENTATION_CONTEXT(2) 
PARAMETRIC_REPRESENTATION_CONTEXT() REPRESENTATION_CONTEXT('2D SPACE',''
  ) );
#6022 = FACE_BOUND('',#6023,.F.);
#6023 = EDGE_LOOP('',(#6024,#6052,#6078,#6104,#6137,#6163));
#6024 = ORIENTED_EDGE('',*,*,#6025,.F.);
#6025 = EDGE_CURVE('',#6026,#6028,#6030,.T.);
#6026 = VERTEX_POINT('',#6027);
#6027 = CARTESIAN_POINT('',(-0.704163056034,-20.4,-115.3));
#6028 = VERTEX_POINT('',#6029);
#6029 = CARTESIAN_POINT('',(0.704163056034,-20.4,-115.3));
#6030 = SURFACE_CURVE('',#6031,(#6035,#6041),.PCURVE_S1.);
#6031 = LINE('',#6032,#6033);
#6032 = CARTESIAN_POINT('',(5.88,-20.4,-115.3));
#6033 = VECTOR('',#6034,1.);
#6034 = DIRECTION('',(1.,0.,-0.));
#6035 = PCURVE('',#1795,#6036);
#6036 = DEFINITIONAL_REPRESENTATION('',(#6037),#6040);
#6037 = B_SPLINE_CURVE_WITH_KNOTS('',1,(#6038,#6039),.UNSPECIFIED.,.F.,
  .F.,(2,2),(-6.584163056034,-5.175836943966),.PIECEWISE_BEZIER_KNOTS.);
#6038 = CARTESIAN_POINT('',(78.8,14.164163056034));
#6039 = CARTESIAN_POINT('',(78.8,12.755836943966));
#6040 = ( GEOMETRIC_REPRESENTATION_CONTEXT(2) 
PARAMETRIC_REPRESENTATION_CONTEXT() REPRESENTATION_CONTEXT('2D SPACE',''
  ) );
#6041 = PCURVE('',#6042,#6047);
#6042 = PLANE('',#6043);
#6043 = AXIS2_PLACEMENT_3D('',#6044,#6045,#6046);
#6044 = CARTESIAN_POINT('',(-1.7,-21.4,-115.3));
#6045 = DIRECTION('',(0.,0.,1.));
#6046 = DIRECTION('',(1.,0.,0.));
#6047 = DEFINITIONAL_REPRESENTATION('',(#6048),#6051);
#6048 = B_SPLINE_CURVE_WITH_KNOTS('',1,(#6049,#6050),.UNSPECIFIED.,.F.,
  .F.,(2,2),(-6.584163056034,-5.175836943966),.PIECEWISE_BEZIER_KNOTS.);
#6049 = CARTESIAN_POINT('',(0.995836943966,1.));
#6050 = CARTESIAN_POINT('',(2.404163056034,1.));
#6051 = ( GEOMETRIC_REPRESENTATION_CONTEXT(2) 
PARAMETRIC_REPRESENTATION_CONTEXT() REPRESENTATION_CONTEXT('2D SPACE',''
  ) );
#6052 = ORIENTED_EDGE('',*,*,#6053,.T.);
#6053 = EDGE_CURVE('',#6026,#6054,#6056,.T.);
#6054 = VERTEX_POINT('',#6055);
#6055 = CARTESIAN_POINT('',(-1.7,-20.4,-116.2958369439));
#6056 = SURFACE_CURVE('',#6057,(#6061,#6067),.PCURVE_S1.);
#6057 = LINE('',#6058,#6059);
#6058 = CARTESIAN_POINT('',(21.686877707974,-20.4,-92.90895923599));
#6059 = VECTOR('',#6060,1.);
#6060 = DIRECTION('',(-0.707106781187,0.,-0.707106781187));
#6061 = PCURVE('',#1795,#6062);
#6062 = DEFINITIONAL_REPRESENTATION('',(#6063),#6066);
#6063 = B_SPLINE_CURVE_WITH_KNOTS('',1,(#6064,#6065),.UNSPECIFIED.,.F.,
  .F.,(2,2),(31.66571352411,33.074039636178),.PIECEWISE_BEZIER_KNOTS.);
#6064 = CARTESIAN_POINT('',(78.8,14.164163056034));
#6065 = CARTESIAN_POINT('',(79.795836943966,15.16));
#6066 = ( GEOMETRIC_REPRESENTATION_CONTEXT(2) 
PARAMETRIC_REPRESENTATION_CONTEXT() REPRESENTATION_CONTEXT('2D SPACE',''
  ) );
#6067 = PCURVE('',#6068,#6073);
#6068 = PLANE('',#6069);
#6069 = AXIS2_PLACEMENT_3D('',#6070,#6071,#6072);
#6070 = CARTESIAN_POINT('',(-2.404163056034,-21.4,-117.));
#6071 = DIRECTION('',(0.707106781187,0.,-0.707106781187));
#6072 = DIRECTION('',(0.707106781187,0.,0.707106781187));
#6073 = DEFINITIONAL_REPRESENTATION('',(#6074),#6077);
#6074 = B_SPLINE_CURVE_WITH_KNOTS('',1,(#6075,#6076),.UNSPECIFIED.,.F.,
  .F.,(2,2),(31.66571352411,33.074039636178),.PIECEWISE_BEZIER_KNOTS.);
#6075 = CARTESIAN_POINT('',(2.404163056034,-1.));
#6076 = CARTESIAN_POINT('',(0.995836943966,-1.));
#6077 = ( GEOMETRIC_REPRESENTATION_CONTEXT(2) 
PARAMETRIC_REPRESENTATION_CONTEXT() REPRESENTATION_CONTEXT('2D SPACE',''
  ) );
#6078 = ORIENTED_EDGE('',*,*,#6079,.T.);
#6079 = EDGE_CURVE('',#6054,#6080,#6082,.T.);
#6080 = VERTEX_POINT('',#6081);
#6081 = CARTESIAN_POINT('',(-1.7,-20.4,-117.));
#6082 = SURFACE_CURVE('',#6083,(#6087,#6093),.PCURVE_S1.);
#6083 = LINE('',#6084,#6085);
#6084 = CARTESIAN_POINT('',(-1.7,-20.4,-76.75));
#6085 = VECTOR('',#6086,1.);
#6086 = DIRECTION('',(0.,0.,-1.));
#6087 = PCURVE('',#1795,#6088);
#6088 = DEFINITIONAL_REPRESENTATION('',(#6089),#6092);
#6089 = B_SPLINE_CURVE_WITH_KNOTS('',1,(#6090,#6091),.UNSPECIFIED.,.F.,
  .F.,(2,2),(39.545836943966,40.25),.PIECEWISE_BEZIER_KNOTS.);
#6090 = CARTESIAN_POINT('',(79.795836943966,15.16));
#6091 = CARTESIAN_POINT('',(80.5,15.16));
#6092 = ( GEOMETRIC_REPRESENTATION_CONTEXT(2) 
PARAMETRIC_REPRESENTATION_CONTEXT() REPRESENTATION_CONTEXT('2D SPACE',''
  ) );
#6093 = PCURVE('',#6094,#6099);
#6094 = PLANE('',#6095);
#6095 = AXIS2_PLACEMENT_3D('',#6096,#6097,#6098);
#6096 = CARTESIAN_POINT('',(-1.7,-21.4,-117.));
#6097 = DIRECTION('',(1.,0.,0.));
#6098 = DIRECTION('',(0.,0.,1.));
#6099 = DEFINITIONAL_REPRESENTATION('',(#6100),#6103);
#6100 = B_SPLINE_CURVE_WITH_KNOTS('',1,(#6101,#6102),.UNSPECIFIED.,.F.,
  .F.,(2,2),(39.545836943966,40.25),.PIECEWISE_BEZIER_KNOTS.);
#6101 = CARTESIAN_POINT('',(0.704163056034,-1.));
#6102 = CARTESIAN_POINT('',(0.,-1.));
#6103 = ( GEOMETRIC_REPRESENTATION_CONTEXT(2) 
PARAMETRIC_REPRESENTATION_CONTEXT() REPRESENTATION_CONTEXT('2D SPACE',''
  ) );
#6104 = ORIENTED_EDGE('',*,*,#6105,.T.);
#6105 = EDGE_CURVE('',#6080,#6106,#6108,.T.);
#6106 = VERTEX_POINT('',#6107);
#6107 = CARTESIAN_POINT('',(1.7,-20.4,-117.));
#6108 = SURFACE_CURVE('',#6109,(#6114,#6125),.PCURVE_S1.);
#6109 = CIRCLE('',#6110,1.7);
#6110 = AXIS2_PLACEMENT_3D('',#6111,#6112,#6113);
#6111 = CARTESIAN_POINT('',(0.,-20.4,-117.));
#6112 = DIRECTION('',(0.,-1.,2.22044604925E-16));
#6113 = DIRECTION('',(1.,0.,0.));
#6114 = PCURVE('',#1795,#6115);
#6115 = DEFINITIONAL_REPRESENTATION('',(#6116),#6124);
#6116 = ( BOUNDED_CURVE() B_SPLINE_CURVE(2,(#6117,#6118,#6119,#6120,
#6121,#6122,#6123),.UNSPECIFIED.,.T.,.F.) B_SPLINE_CURVE_WITH_KNOTS((1,2
    ,2,2,2,1),(-2.094395102393,0.,2.094395102393,4.188790204786,
6.28318530718,8.377580409573),.UNSPECIFIED.) CURVE() 
GEOMETRIC_REPRESENTATION_ITEM() RATIONAL_B_SPLINE_CURVE((1.,0.5,1.,0.5,
1.,0.5,1.)) REPRESENTATION_ITEM('') );
#6117 = CARTESIAN_POINT('',(80.5,11.76));
#6118 = CARTESIAN_POINT('',(77.555513627133,11.76));
#6119 = CARTESIAN_POINT('',(79.027756813566,14.31));
#6120 = CARTESIAN_POINT('',(80.5,16.86));
#6121 = CARTESIAN_POINT('',(81.972243186434,14.31));
#6122 = CARTESIAN_POINT('',(83.444486372867,11.76));
#6123 = CARTESIAN_POINT('',(80.5,11.76));
#6124 = ( GEOMETRIC_REPRESENTATION_CONTEXT(2) 
PARAMETRIC_REPRESENTATION_CONTEXT() REPRESENTATION_CONTEXT('2D SPACE',''
  ) );
#6125 = PCURVE('',#6126,#6131);
#6126 = CYLINDRICAL_SURFACE('',#6127,1.7);
#6127 = AXIS2_PLACEMENT_3D('',#6128,#6129,#6130);
#6128 = CARTESIAN_POINT('',(0.,24.45,-117.));
#6129 = DIRECTION('',(0.,-1.,2.22044604925E-16));
#6130 = DIRECTION('',(1.,0.,0.));
#6131 = DEFINITIONAL_REPRESENTATION('',(#6132),#6136);
#6132 = LINE('',#6133,#6134);
#6133 = CARTESIAN_POINT('',(0.,44.85));
#6134 = VECTOR('',#6135,1.);
#6135 = DIRECTION('',(1.,0.));
#6136 = ( GEOMETRIC_REPRESENTATION_CONTEXT(2) 
PARAMETRIC_REPRESENTATION_CONTEXT() REPRESENTATION_CONTEXT('2D SPACE',''
  ) );
#6137 = ORIENTED_EDGE('',*,*,#6138,.F.);
#6138 = EDGE_CURVE('',#6139,#6106,#6141,.T.);
#6139 = VERTEX_POINT('',#6140);
#6140 = CARTESIAN_POINT('',(1.7,-20.4,-116.2958369439));
#6141 = SURFACE_CURVE('',#6142,(#6146,#6152),.PCURVE_S1.);
#6142 = LINE('',#6143,#6144);
#6143 = CARTESIAN_POINT('',(1.7,-20.4,-76.75));
#6144 = VECTOR('',#6145,1.);
#6145 = DIRECTION('',(0.,0.,-1.));
#6146 = PCURVE('',#1795,#6147);
#6147 = DEFINITIONAL_REPRESENTATION('',(#6148),#6151);
#6148 = B_SPLINE_CURVE_WITH_KNOTS('',1,(#6149,#6150),.UNSPECIFIED.,.F.,
  .F.,(2,2),(39.545836943966,40.25),.PIECEWISE_BEZIER_KNOTS.);
#6149 = CARTESIAN_POINT('',(79.795836943966,11.76));
#6150 = CARTESIAN_POINT('',(80.5,11.76));
#6151 = ( GEOMETRIC_REPRESENTATION_CONTEXT(2) 
PARAMETRIC_REPRESENTATION_CONTEXT() REPRESENTATION_CONTEXT('2D SPACE',''
  ) );
#6152 = PCURVE('',#6153,#6158);
#6153 = PLANE('',#6154);
#6154 = AXIS2_PLACEMENT_3D('',#6155,#6156,#6157);
#6155 = CARTESIAN_POINT('',(1.7,-21.4,-117.));
#6156 = DIRECTION('',(1.,0.,0.));
#6157 = DIRECTION('',(0.,0.,1.));
#6158 = DEFINITIONAL_REPRESENTATION('',(#6159),#6162);
#6159 = B_SPLINE_CURVE_WITH_KNOTS('',1,(#6160,#6161),.UNSPECIFIED.,.F.,
  .F.,(2,2),(39.545836943966,40.25),.PIECEWISE_BEZIER_KNOTS.);
#6160 = CARTESIAN_POINT('',(0.704163056034,-1.));
#6161 = CARTESIAN_POINT('',(-7.105427357601E-15,-1.));
#6162 = ( GEOMETRIC_REPRESENTATION_CONTEXT(2) 
PARAMETRIC_REPRESENTATION_CONTEXT() REPRESENTATION_CONTEXT('2D SPACE',''
  ) );
#6163 = ORIENTED_EDGE('',*,*,#6164,.F.);
#6164 = EDGE_CURVE('',#6028,#6139,#6165,.T.);
#6165 = SURFACE_CURVE('',#6166,(#6170,#6176),.PCURVE_S1.);
#6166 = LINE('',#6167,#6168);
#6167 = CARTESIAN_POINT('',(-16.15895923599,-20.4,-98.43687770797));
#6168 = VECTOR('',#6169,1.);
#6169 = DIRECTION('',(0.707106781187,0.,-0.707106781187));
#6170 = PCURVE('',#1795,#6171);
#6171 = DEFINITIONAL_REPRESENTATION('',(#6172),#6175);
#6172 = B_SPLINE_CURVE_WITH_KNOTS('',1,(#6173,#6174),.UNSPECIFIED.,.F.,
  .F.,(2,2),(23.848056249339,25.256382361407),.PIECEWISE_BEZIER_KNOTS.);
#6173 = CARTESIAN_POINT('',(78.8,12.755836943966));
#6174 = CARTESIAN_POINT('',(79.795836943966,11.76));
#6175 = ( GEOMETRIC_REPRESENTATION_CONTEXT(2) 
PARAMETRIC_REPRESENTATION_CONTEXT() REPRESENTATION_CONTEXT('2D SPACE',''
  ) );
#6176 = PCURVE('',#6177,#6182);
#6177 = PLANE('',#6178);
#6178 = AXIS2_PLACEMENT_3D('',#6179,#6180,#6181);
#6179 = CARTESIAN_POINT('',(4.440892098501E-16,-21.4,-114.5958369439));
#6180 = DIRECTION('',(0.707106781187,0.,0.707106781187));
#6181 = DIRECTION('',(0.707106781187,0.,-0.707106781187));
#6182 = DEFINITIONAL_REPRESENTATION('',(#6183),#6186);
#6183 = B_SPLINE_CURVE_WITH_KNOTS('',1,(#6184,#6185),.UNSPECIFIED.,.F.,
  .F.,(2,2),(23.848056249339,25.256382361407),.PIECEWISE_BEZIER_KNOTS.);
#6184 = CARTESIAN_POINT('',(0.995836943966,1.));
#6185 = CARTESIAN_POINT('',(2.404163056034,1.));
#6186 = ( GEOMETRIC_REPRESENTATION_CONTEXT(2) 
PARAMETRIC_REPRESENTATION_CONTEXT() REPRESENTATION_CONTEXT('2D SPACE',''
  ) );
#6187 = ADVANCED_FACE('',(#6188),#1767,.T.);
#6188 = FACE_BOUND('',#6189,.T.);
#6189 = EDGE_LOOP('',(#6190,#6191,#6212,#6213,#6214));
#6190 = ORIENTED_EDGE('',*,*,#5125,.T.);
#6191 = ORIENTED_EDGE('',*,*,#6192,.F.);
#6192 = EDGE_CURVE('',#1951,#5126,#6193,.T.);
#6193 = SURFACE_CURVE('',#6194,(#6198,#6205),.PCURVE_S1.);
#6194 = LINE('',#6195,#6196);
#6195 = CARTESIAN_POINT('',(10.,-17.4,-110.));
#6196 = VECTOR('',#6197,1.);
#6197 = DIRECTION('',(0.,-1.,2.22044604925E-16));
#6198 = PCURVE('',#1767,#6199);
#6199 = DEFINITIONAL_REPRESENTATION('',(#6200),#6204);
#6200 = LINE('',#6201,#6202);
#6201 = CARTESIAN_POINT('',(6.324555320337,-41.85));
#6202 = VECTOR('',#6203,1.);
#6203 = DIRECTION('',(-2.106500081146E-16,-1.));
#6204 = ( GEOMETRIC_REPRESENTATION_CONTEXT(2) 
PARAMETRIC_REPRESENTATION_CONTEXT() REPRESENTATION_CONTEXT('2D SPACE',''
  ) );
#6205 = PCURVE('',#5167,#6206);
#6206 = DEFINITIONAL_REPRESENTATION('',(#6207),#6211);
#6207 = LINE('',#6208,#6209);
#6208 = CARTESIAN_POINT('',(6.28318530718,-0.));
#6209 = VECTOR('',#6210,1.);
#6210 = DIRECTION('',(0.,1.));
#6211 = ( GEOMETRIC_REPRESENTATION_CONTEXT(2) 
PARAMETRIC_REPRESENTATION_CONTEXT() REPRESENTATION_CONTEXT('2D SPACE',''
  ) );
#6212 = ORIENTED_EDGE('',*,*,#1981,.T.);
#6213 = ORIENTED_EDGE('',*,*,#4767,.T.);
#6214 = ORIENTED_EDGE('',*,*,#1747,.T.);
#6215 = ADVANCED_FACE('',(#6216),#1969,.T.);
#6216 = FACE_BOUND('',#6217,.T.);
#6217 = EDGE_LOOP('',(#6218,#6241,#6262,#6263,#6264));
#6218 = ORIENTED_EDGE('',*,*,#6219,.T.);
#6219 = EDGE_CURVE('',#6220,#1951,#6222,.T.);
#6220 = VERTEX_POINT('',#6221);
#6221 = CARTESIAN_POINT('',(9.4,-16.8,-110.));
#6222 = SEAM_CURVE('',#6223,(#6227,#6234),.PCURVE_S1.);
#6223 = LINE('',#6224,#6225);
#6224 = CARTESIAN_POINT('',(9.4,-16.8,-110.));
#6225 = VECTOR('',#6226,1.);
#6226 = DIRECTION('',(0.707106781187,-0.707106781187,-1.618196537872E-17
    ));
#6227 = PCURVE('',#1969,#6228);
#6228 = DEFINITIONAL_REPRESENTATION('',(#6229),#6233);
#6229 = LINE('',#6230,#6231);
#6230 = CARTESIAN_POINT('',(6.28318530718,-0.));
#6231 = VECTOR('',#6232,1.);
#6232 = DIRECTION('',(0.,1.));
#6233 = ( GEOMETRIC_REPRESENTATION_CONTEXT(2) 
PARAMETRIC_REPRESENTATION_CONTEXT() REPRESENTATION_CONTEXT('2D SPACE',''
  ) );
#6234 = PCURVE('',#1969,#6235);
#6235 = DEFINITIONAL_REPRESENTATION('',(#6236),#6240);
#6236 = LINE('',#6237,#6238);
#6237 = CARTESIAN_POINT('',(0.,-0.));
#6238 = VECTOR('',#6239,1.);
#6239 = DIRECTION('',(0.,1.));
#6240 = ( GEOMETRIC_REPRESENTATION_CONTEXT(2) 
PARAMETRIC_REPRESENTATION_CONTEXT() REPRESENTATION_CONTEXT('2D SPACE',''
  ) );
#6241 = ORIENTED_EDGE('',*,*,#6242,.F.);
#6242 = EDGE_CURVE('',#1953,#1951,#6243,.T.);
#6243 = SURFACE_CURVE('',#6244,(#6249,#6255),.PCURVE_S1.);
#6244 = CIRCLE('',#6245,10.);
#6245 = AXIS2_PLACEMENT_3D('',#6246,#6247,#6248);
#6246 = CARTESIAN_POINT('',(0.,-17.4,-110.));
#6247 = DIRECTION('',(0.,-1.,2.22044604925E-16));
#6248 = DIRECTION('',(1.,0.,0.));
#6249 = PCURVE('',#1969,#6250);
#6250 = DEFINITIONAL_REPRESENTATION('',(#6251),#6254);
#6251 = B_SPLINE_CURVE_WITH_KNOTS('',1,(#6252,#6253),.UNSPECIFIED.,.F.,
  .F.,(2,2),(3.14159265359,6.28318530718),.PIECEWISE_BEZIER_KNOTS.);
#6252 = CARTESIAN_POINT('',(3.14159265359,0.6));
#6253 = CARTESIAN_POINT('',(6.28318530718,0.6));
#6254 = ( GEOMETRIC_REPRESENTATION_CONTEXT(2) 
PARAMETRIC_REPRESENTATION_CONTEXT() REPRESENTATION_CONTEXT('2D SPACE',''
  ) );
#6255 = PCURVE('',#5167,#6256);
#6256 = DEFINITIONAL_REPRESENTATION('',(#6257),#6261);
#6257 = LINE('',#6258,#6259);
#6258 = CARTESIAN_POINT('',(0.,0.));
#6259 = VECTOR('',#6260,1.);
#6260 = DIRECTION('',(1.,0.));
#6261 = ( GEOMETRIC_REPRESENTATION_CONTEXT(2) 
PARAMETRIC_REPRESENTATION_CONTEXT() REPRESENTATION_CONTEXT('2D SPACE',''
  ) );
#6262 = ORIENTED_EDGE('',*,*,#1950,.F.);
#6263 = ORIENTED_EDGE('',*,*,#6219,.F.);
#6264 = ORIENTED_EDGE('',*,*,#6265,.T.);
#6265 = EDGE_CURVE('',#6220,#6220,#6266,.T.);
#6266 = SURFACE_CURVE('',#6267,(#6272,#6279),.PCURVE_S1.);
#6267 = CIRCLE('',#6268,9.4);
#6268 = AXIS2_PLACEMENT_3D('',#6269,#6270,#6271);
#6269 = CARTESIAN_POINT('',(0.,-16.8,-110.));
#6270 = DIRECTION('',(0.,-1.,2.22044604925E-16));
#6271 = DIRECTION('',(1.,0.,0.));
#6272 = PCURVE('',#1969,#6273);
#6273 = DEFINITIONAL_REPRESENTATION('',(#6274),#6278);
#6274 = LINE('',#6275,#6276);
#6275 = CARTESIAN_POINT('',(0.,0.));
#6276 = VECTOR('',#6277,1.);
#6277 = DIRECTION('',(1.,0.));
#6278 = ( GEOMETRIC_REPRESENTATION_CONTEXT(2) 
PARAMETRIC_REPRESENTATION_CONTEXT() REPRESENTATION_CONTEXT('2D SPACE',''
  ) );
#6279 = PCURVE('',#6280,#6285);
#6280 = PLANE('',#6281);
#6281 = AXIS2_PLACEMENT_3D('',#6282,#6283,#6284);
#6282 = CARTESIAN_POINT('',(0.,-16.8,-110.));
#6283 = DIRECTION('',(0.,-1.,2.22044604925E-16));
#6284 = DIRECTION('',(1.,0.,0.));
#6285 = DEFINITIONAL_REPRESENTATION('',(#6286),#6290);
#6286 = CIRCLE('',#6287,9.4);
#6287 = AXIS2_PLACEMENT_2D('',#6288,#6289);
#6288 = CARTESIAN_POINT('',(0.,0.));
#6289 = DIRECTION('',(1.,0.));
#6290 = ( GEOMETRIC_REPRESENTATION_CONTEXT(2) 
PARAMETRIC_REPRESENTATION_CONTEXT() REPRESENTATION_CONTEXT('2D SPACE',''
  ) );
#6291 = ADVANCED_FACE('',(#6292),#2225,.T.);
#6292 = FACE_BOUND('',#6293,.T.);
#6293 = EDGE_LOOP('',(#6294,#6314,#6315,#6334));
#6294 = ORIENTED_EDGE('',*,*,#6295,.T.);
#6295 = EDGE_CURVE('',#1953,#5147,#6296,.T.);
#6296 = SURFACE_CURVE('',#6297,(#6301,#6308),.PCURVE_S1.);
#6297 = LINE('',#6298,#6299);
#6298 = CARTESIAN_POINT('',(-10.,-17.4,-110.));
#6299 = VECTOR('',#6300,1.);
#6300 = DIRECTION('',(0.,-1.,2.22044604925E-16));
#6301 = PCURVE('',#2225,#6302);
#6302 = DEFINITIONAL_REPRESENTATION('',(#6303),#6307);
#6303 = LINE('',#6304,#6305);
#6304 = CARTESIAN_POINT('',(11.25280409498,-4.));
#6305 = VECTOR('',#6306,1.);
#6306 = DIRECTION('',(-1.973237986291E-16,1.));
#6307 = ( GEOMETRIC_REPRESENTATION_CONTEXT(2) 
PARAMETRIC_REPRESENTATION_CONTEXT() REPRESENTATION_CONTEXT('2D SPACE',''
  ) );
#6308 = PCURVE('',#5167,#6309);
#6309 = DEFINITIONAL_REPRESENTATION('',(#6310),#6313);
#6310 = B_SPLINE_CURVE_WITH_KNOTS('',1,(#6311,#6312),.UNSPECIFIED.,.F.,
  .F.,(2,2),(-2.399999999625E-06,3.0000024),.PIECEWISE_BEZIER_KNOTS.);
#6311 = CARTESIAN_POINT('',(3.14159265359,-2.399999999625E-06));
#6312 = CARTESIAN_POINT('',(3.14159265359,3.0000024));
#6313 = ( GEOMETRIC_REPRESENTATION_CONTEXT(2) 
PARAMETRIC_REPRESENTATION_CONTEXT() REPRESENTATION_CONTEXT('2D SPACE',''
  ) );
#6314 = ORIENTED_EDGE('',*,*,#5179,.T.);
#6315 = ORIENTED_EDGE('',*,*,#6316,.F.);
#6316 = EDGE_CURVE('',#2187,#5180,#6317,.T.);
#6317 = SURFACE_CURVE('',#6318,(#6322,#6328),.PCURVE_S1.);
#6318 = LINE('',#6319,#6320);
#6319 = CARTESIAN_POINT('',(-14.44469028942,-18.9,-101.386259129));
#6320 = VECTOR('',#6321,1.);
#6321 = DIRECTION('',(-0.,-1.,0.));
#6322 = PCURVE('',#2225,#6323);
#6323 = DEFINITIONAL_REPRESENTATION('',(#6324),#6327);
#6324 = B_SPLINE_CURVE_WITH_KNOTS('',1,(#6325,#6326),.UNSPECIFIED.,.F.,
  .F.,(2,2),(-1.5,1.5),.PIECEWISE_BEZIER_KNOTS.);
#6325 = CARTESIAN_POINT('',(1.559930240378,-4.));
#6326 = CARTESIAN_POINT('',(1.559930240378,-1.));
#6327 = ( GEOMETRIC_REPRESENTATION_CONTEXT(2) 
PARAMETRIC_REPRESENTATION_CONTEXT() REPRESENTATION_CONTEXT('2D SPACE',''
  ) );
#6328 = PCURVE('',#2201,#6329);
#6329 = DEFINITIONAL_REPRESENTATION('',(#6330),#6333);
#6330 = B_SPLINE_CURVE_WITH_KNOTS('',1,(#6331,#6332),.UNSPECIFIED.,.F.,
  .F.,(2,2),(-1.5,1.5),.PIECEWISE_BEZIER_KNOTS.);
#6331 = CARTESIAN_POINT('',(5.869955193157,-1.));
#6332 = CARTESIAN_POINT('',(5.869955193157,-4.));
#6333 = ( GEOMETRIC_REPRESENTATION_CONTEXT(2) 
PARAMETRIC_REPRESENTATION_CONTEXT() REPRESENTATION_CONTEXT('2D SPACE',''
  ) );
#6334 = ORIENTED_EDGE('',*,*,#2212,.T.);
#6335 = ADVANCED_FACE('',(#6336),#2201,.T.);
#6336 = FACE_BOUND('',#6337,.T.);
#6337 = EDGE_LOOP('',(#6338,#6357,#6358,#6359));
#6338 = ORIENTED_EDGE('',*,*,#6339,.F.);
#6339 = EDGE_CURVE('',#2159,#5201,#6340,.T.);
#6340 = SURFACE_CURVE('',#6341,(#6345,#6351),.PCURVE_S1.);
#6341 = LINE('',#6342,#6343);
#6342 = CARTESIAN_POINT('',(-10.96555555555,-18.4,-90.));
#6343 = VECTOR('',#6344,1.);
#6344 = DIRECTION('',(0.,-1.,0.));
#6345 = PCURVE('',#2201,#6346);
#6346 = DEFINITIONAL_REPRESENTATION('',(#6347),#6350);
#6347 = B_SPLINE_CURVE_WITH_KNOTS('',1,(#6348,#6349),.UNSPECIFIED.,.F.,
  .F.,(2,2),(-1.,2.),.PIECEWISE_BEZIER_KNOTS.);
#6348 = CARTESIAN_POINT('',(17.775889656679,-1.));
#6349 = CARTESIAN_POINT('',(17.775889656679,-4.));
#6350 = ( GEOMETRIC_REPRESENTATION_CONTEXT(2) 
PARAMETRIC_REPRESENTATION_CONTEXT() REPRESENTATION_CONTEXT('2D SPACE',''
  ) );
#6351 = PCURVE('',#2174,#6352);
#6352 = DEFINITIONAL_REPRESENTATION('',(#6353),#6356);
#6353 = B_SPLINE_CURVE_WITH_KNOTS('',1,(#6354,#6355),.UNSPECIFIED.,.F.,
  .F.,(2,2),(-1.,2.),.PIECEWISE_BEZIER_KNOTS.);
#6354 = CARTESIAN_POINT('',(4.194444444444,3.));
#6355 = CARTESIAN_POINT('',(4.194444444444,0.));
#6356 = ( GEOMETRIC_REPRESENTATION_CONTEXT(2) 
PARAMETRIC_REPRESENTATION_CONTEXT() REPRESENTATION_CONTEXT('2D SPACE',''
  ) );
#6357 = ORIENTED_EDGE('',*,*,#2186,.T.);
#6358 = ORIENTED_EDGE('',*,*,#6316,.T.);
#6359 = ORIENTED_EDGE('',*,*,#5200,.T.);
#6360 = ADVANCED_FACE('',(#6361),#2174,.T.);
#6361 = FACE_BOUND('',#6362,.T.);
#6362 = EDGE_LOOP('',(#6363,#6364,#6365,#6366));
#6363 = ORIENTED_EDGE('',*,*,#2158,.F.);
#6364 = ORIENTED_EDGE('',*,*,#6339,.T.);
#6365 = ORIENTED_EDGE('',*,*,#5222,.T.);
#6366 = ORIENTED_EDGE('',*,*,#6367,.T.);
#6367 = EDGE_CURVE('',#5223,#2131,#6368,.T.);
#6368 = SURFACE_CURVE('',#6369,(#6373,#6380),.PCURVE_S1.);
#6369 = LINE('',#6370,#6371);
#6370 = CARTESIAN_POINT('',(-10.5,-20.4,-90.));
#6371 = VECTOR('',#6372,1.);
#6372 = DIRECTION('',(-0.,1.,0.));
#6373 = PCURVE('',#2174,#6374);
#6374 = DEFINITIONAL_REPRESENTATION('',(#6375),#6379);
#6375 = LINE('',#6376,#6377);
#6376 = CARTESIAN_POINT('',(4.66,0.));
#6377 = VECTOR('',#6378,1.);
#6378 = DIRECTION('',(0.,1.));
#6379 = ( GEOMETRIC_REPRESENTATION_CONTEXT(2) 
PARAMETRIC_REPRESENTATION_CONTEXT() REPRESENTATION_CONTEXT('2D SPACE',''
  ) );
#6380 = PCURVE('',#2146,#6381);
#6381 = DEFINITIONAL_REPRESENTATION('',(#6382),#6386);
#6382 = LINE('',#6383,#6384);
#6383 = CARTESIAN_POINT('',(20.,0.));
#6384 = VECTOR('',#6385,1.);
#6385 = DIRECTION('',(0.,-1.));
#6386 = ( GEOMETRIC_REPRESENTATION_CONTEXT(2) 
PARAMETRIC_REPRESENTATION_CONTEXT() REPRESENTATION_CONTEXT('2D SPACE',''
  ) );
#6387 = ADVANCED_FACE('',(#6388),#2146,.F.);
#6388 = FACE_BOUND('',#6389,.F.);
#6389 = EDGE_LOOP('',(#6390,#6391,#6392,#6393));
#6390 = ORIENTED_EDGE('',*,*,#5245,.F.);
#6391 = ORIENTED_EDGE('',*,*,#6367,.T.);
#6392 = ORIENTED_EDGE('',*,*,#2130,.T.);
#6393 = ORIENTED_EDGE('',*,*,#6394,.F.);
#6394 = EDGE_CURVE('',#5246,#2103,#6395,.T.);
#6395 = SURFACE_CURVE('',#6396,(#6400,#6407),.PCURVE_S1.);
#6396 = LINE('',#6397,#6398);
#6397 = CARTESIAN_POINT('',(-10.5,-20.4,-74.));
#6398 = VECTOR('',#6399,1.);
#6399 = DIRECTION('',(-0.,1.,0.));
#6400 = PCURVE('',#2146,#6401);
#6401 = DEFINITIONAL_REPRESENTATION('',(#6402),#6406);
#6402 = LINE('',#6403,#6404);
#6403 = CARTESIAN_POINT('',(36.,0.));
#6404 = VECTOR('',#6405,1.);
#6405 = DIRECTION('',(0.,-1.));
#6406 = ( GEOMETRIC_REPRESENTATION_CONTEXT(2) 
PARAMETRIC_REPRESENTATION_CONTEXT() REPRESENTATION_CONTEXT('2D SPACE',''
  ) );
#6407 = PCURVE('',#2118,#6408);
#6408 = DEFINITIONAL_REPRESENTATION('',(#6409),#6413);
#6409 = LINE('',#6410,#6411);
#6410 = CARTESIAN_POINT('',(4.66,0.));
#6411 = VECTOR('',#6412,1.);
#6412 = DIRECTION('',(0.,1.));
#6413 = ( GEOMETRIC_REPRESENTATION_CONTEXT(2) 
PARAMETRIC_REPRESENTATION_CONTEXT() REPRESENTATION_CONTEXT('2D SPACE',''
  ) );
#6414 = ADVANCED_FACE('',(#6415),#2118,.F.);
#6415 = FACE_BOUND('',#6416,.F.);
#6416 = EDGE_LOOP('',(#6417,#6418,#6437,#6438));
#6417 = ORIENTED_EDGE('',*,*,#2102,.F.);
#6418 = ORIENTED_EDGE('',*,*,#6419,.T.);
#6419 = EDGE_CURVE('',#2075,#5269,#6420,.T.);
#6420 = SURFACE_CURVE('',#6421,(#6425,#6431),.PCURVE_S1.);
#6421 = LINE('',#6422,#6423);
#6422 = CARTESIAN_POINT('',(-12.76,-12.95962594184,-74.));
#6423 = VECTOR('',#6424,1.);
#6424 = DIRECTION('',(0.,-1.,0.));
#6425 = PCURVE('',#2118,#6426);
#6426 = DEFINITIONAL_REPRESENTATION('',(#6427),#6430);
#6427 = B_SPLINE_CURVE_WITH_KNOTS('',1,(#6428,#6429),.UNSPECIFIED.,.F.,
  .F.,(2,2),(4.440374058157,7.440374058157),.PIECEWISE_BEZIER_KNOTS.);
#6428 = CARTESIAN_POINT('',(2.4,3.));
#6429 = CARTESIAN_POINT('',(2.4,0.));
#6430 = ( GEOMETRIC_REPRESENTATION_CONTEXT(2) 
PARAMETRIC_REPRESENTATION_CONTEXT() REPRESENTATION_CONTEXT('2D SPACE',''
  ) );
#6431 = PCURVE('',#2090,#6432);
#6432 = DEFINITIONAL_REPRESENTATION('',(#6433),#6436);
#6433 = B_SPLINE_CURVE_WITH_KNOTS('',1,(#6434,#6435),.UNSPECIFIED.,.F.,
  .F.,(2,2),(4.440374058157,7.440374058157),.PIECEWISE_BEZIER_KNOTS.);
#6434 = CARTESIAN_POINT('',(-11.88074811631,-32.92408647455));
#6435 = CARTESIAN_POINT('',(-14.88074811631,-32.92408647455));
#6436 = ( GEOMETRIC_REPRESENTATION_CONTEXT(2) 
PARAMETRIC_REPRESENTATION_CONTEXT() REPRESENTATION_CONTEXT('2D SPACE',''
  ) );
#6437 = ORIENTED_EDGE('',*,*,#5268,.T.);
#6438 = ORIENTED_EDGE('',*,*,#6394,.T.);
#6439 = ADVANCED_FACE('',(#6440,#6625,#6651),#2090,.T.);
#6440 = FACE_BOUND('',#6441,.T.);
#6441 = EDGE_LOOP('',(#6442,#6467,#6490,#6509,#6510,#6511,#6512,#6535,
    #6558,#6582,#6605));
#6442 = ORIENTED_EDGE('',*,*,#6443,.T.);
#6443 = EDGE_CURVE('',#6444,#6446,#6448,.T.);
#6444 = VERTEX_POINT('',#6445);
#6445 = CARTESIAN_POINT('',(-12.76,17.35,-16.));
#6446 = VERTEX_POINT('',#6447);
#6447 = CARTESIAN_POINT('',(-12.76,-14.9,-16.));
#6448 = SURFACE_CURVE('',#6449,(#6453,#6460),.PCURVE_S1.);
#6449 = LINE('',#6450,#6451);
#6450 = CARTESIAN_POINT('',(-12.76,19.75,-16.));
#6451 = VECTOR('',#6452,1.);
#6452 = DIRECTION('',(0.,-1.,0.));
#6453 = PCURVE('',#2090,#6454);
#6454 = DEFINITIONAL_REPRESENTATION('',(#6455),#6459);
#6455 = LINE('',#6456,#6457);
#6456 = CARTESIAN_POINT('',(25.269251883686,25.075913525441));
#6457 = VECTOR('',#6458,1.);
#6458 = DIRECTION('',(-1.,0.));
#6459 = ( GEOMETRIC_REPRESENTATION_CONTEXT(2) 
PARAMETRIC_REPRESENTATION_CONTEXT() REPRESENTATION_CONTEXT('2D SPACE',''
  ) );
#6460 = PCURVE('',#3685,#6461);
#6461 = DEFINITIONAL_REPRESENTATION('',(#6462),#6466);
#6462 = LINE('',#6463,#6464);
#6463 = CARTESIAN_POINT('',(0.,-2.4));
#6464 = VECTOR('',#6465,1.);
#6465 = DIRECTION('',(1.,0.));
#6466 = ( GEOMETRIC_REPRESENTATION_CONTEXT(2) 
PARAMETRIC_REPRESENTATION_CONTEXT() REPRESENTATION_CONTEXT('2D SPACE',''
  ) );
#6467 = ORIENTED_EDGE('',*,*,#6468,.T.);
#6468 = EDGE_CURVE('',#6446,#6469,#6471,.T.);
#6469 = VERTEX_POINT('',#6470);
#6470 = CARTESIAN_POINT('',(-12.76,-14.9,-36.5));
#6471 = SURFACE_CURVE('',#6472,(#6476,#6483),.PCURVE_S1.);
#6472 = LINE('',#6473,#6474);
#6473 = CARTESIAN_POINT('',(-12.76,-14.9,-16.));
#6474 = VECTOR('',#6475,1.);
#6475 = DIRECTION('',(0.,-8.665155314148E-17,-1.));
#6476 = PCURVE('',#2090,#6477);
#6477 = DEFINITIONAL_REPRESENTATION('',(#6478),#6482);
#6478 = LINE('',#6479,#6480);
#6479 = CARTESIAN_POINT('',(-9.380748116314,25.075913525441));
#6480 = VECTOR('',#6481,1.);
#6481 = DIRECTION('',(-8.665155314148E-17,-1.));
#6482 = ( GEOMETRIC_REPRESENTATION_CONTEXT(2) 
PARAMETRIC_REPRESENTATION_CONTEXT() REPRESENTATION_CONTEXT('2D SPACE',''
  ) );
#6483 = PCURVE('',#4854,#6484);
#6484 = DEFINITIONAL_REPRESENTATION('',(#6485),#6489);
#6485 = LINE('',#6486,#6487);
#6486 = CARTESIAN_POINT('',(20.,2.4));
#6487 = VECTOR('',#6488,1.);
#6488 = DIRECTION('',(-1.,0.));
#6489 = ( GEOMETRIC_REPRESENTATION_CONTEXT(2) 
PARAMETRIC_REPRESENTATION_CONTEXT() REPRESENTATION_CONTEXT('2D SPACE',''
  ) );
#6490 = ORIENTED_EDGE('',*,*,#6491,.T.);
#6491 = EDGE_CURVE('',#6469,#2049,#6492,.T.);
#6492 = SURFACE_CURVE('',#6493,(#6497,#6503),.PCURVE_S1.);
#6493 = LINE('',#6494,#6495);
#6494 = CARTESIAN_POINT('',(-12.76,-12.95962594184,-36.5));
#6495 = VECTOR('',#6496,1.);
#6496 = DIRECTION('',(0.,-1.,0.));
#6497 = PCURVE('',#2090,#6498);
#6498 = DEFINITIONAL_REPRESENTATION('',(#6499),#6502);
#6499 = B_SPLINE_CURVE_WITH_KNOTS('',1,(#6500,#6501),.UNSPECIFIED.,.F.,
  .F.,(2,2),(1.940374058157,7.440374058157),.PIECEWISE_BEZIER_KNOTS.);
#6500 = CARTESIAN_POINT('',(-9.380748116314,4.575913525441));
#6501 = CARTESIAN_POINT('',(-14.88074811631,4.575913525441));
#6502 = ( GEOMETRIC_REPRESENTATION_CONTEXT(2) 
PARAMETRIC_REPRESENTATION_CONTEXT() REPRESENTATION_CONTEXT('2D SPACE',''
  ) );
#6503 = PCURVE('',#2063,#6504);
#6504 = DEFINITIONAL_REPRESENTATION('',(#6505),#6508);
#6505 = B_SPLINE_CURVE_WITH_KNOTS('',1,(#6506,#6507),.UNSPECIFIED.,.F.,
  .F.,(2,2),(1.940374058157,7.440374058157),.PIECEWISE_BEZIER_KNOTS.);
#6506 = CARTESIAN_POINT('',(2.4,5.5));
#6507 = CARTESIAN_POINT('',(2.4,0.));
#6508 = ( GEOMETRIC_REPRESENTATION_CONTEXT(2) 
PARAMETRIC_REPRESENTATION_CONTEXT() REPRESENTATION_CONTEXT('2D SPACE',''
  ) );
#6509 = ORIENTED_EDGE('',*,*,#2074,.F.);
#6510 = ORIENTED_EDGE('',*,*,#6419,.T.);
#6511 = ORIENTED_EDGE('',*,*,#5291,.T.);
#6512 = ORIENTED_EDGE('',*,*,#6513,.T.);
#6513 = EDGE_CURVE('',#5292,#6514,#6516,.T.);
#6514 = VERTEX_POINT('',#6515);
#6515 = CARTESIAN_POINT('',(-12.76,-17.4,-78.));
#6516 = SURFACE_CURVE('',#6517,(#6521,#6528),.PCURVE_S1.);
#6517 = LINE('',#6518,#6519);
#6518 = CARTESIAN_POINT('',(-12.76,-20.4,-78.));
#6519 = VECTOR('',#6520,1.);
#6520 = DIRECTION('',(0.,1.,0.));
#6521 = PCURVE('',#2090,#6522);
#6522 = DEFINITIONAL_REPRESENTATION('',(#6523),#6527);
#6523 = LINE('',#6524,#6525);
#6524 = CARTESIAN_POINT('',(-14.88074811631,-36.92408647455));
#6525 = VECTOR('',#6526,1.);
#6526 = DIRECTION('',(1.,0.));
#6527 = ( GEOMETRIC_REPRESENTATION_CONTEXT(2) 
PARAMETRIC_REPRESENTATION_CONTEXT() REPRESENTATION_CONTEXT('2D SPACE',''
  ) );
#6528 = PCURVE('',#5330,#6529);
#6529 = DEFINITIONAL_REPRESENTATION('',(#6530),#6534);
#6530 = LINE('',#6531,#6532);
#6531 = CARTESIAN_POINT('',(0.,-2.4));
#6532 = VECTOR('',#6533,1.);
#6533 = DIRECTION('',(1.,0.));
#6534 = ( GEOMETRIC_REPRESENTATION_CONTEXT(2) 
PARAMETRIC_REPRESENTATION_CONTEXT() REPRESENTATION_CONTEXT('2D SPACE',''
  ) );
#6535 = ORIENTED_EDGE('',*,*,#6536,.T.);
#6536 = EDGE_CURVE('',#6514,#6537,#6539,.T.);
#6537 = VERTEX_POINT('',#6538);
#6538 = CARTESIAN_POINT('',(-12.76,10.676140610366,-41.50101720652));
#6539 = SURFACE_CURVE('',#6540,(#6544,#6551),.PCURVE_S1.);
#6540 = LINE('',#6541,#6542);
#6541 = CARTESIAN_POINT('',(-12.76,-17.4,-78.));
#6542 = VECTOR('',#6543,1.);
#6543 = DIRECTION('',(0.,0.60971076085,0.792623989105));
#6544 = PCURVE('',#2090,#6545);
#6545 = DEFINITIONAL_REPRESENTATION('',(#6546),#6550);
#6546 = LINE('',#6547,#6548);
#6547 = CARTESIAN_POINT('',(-11.88074811631,-36.92408647455));
#6548 = VECTOR('',#6549,1.);
#6549 = DIRECTION('',(0.60971076085,0.792623989105));
#6550 = ( GEOMETRIC_REPRESENTATION_CONTEXT(2) 
PARAMETRIC_REPRESENTATION_CONTEXT() REPRESENTATION_CONTEXT('2D SPACE',''
  ) );
#6551 = PCURVE('',#3818,#6552);
#6552 = DEFINITIONAL_REPRESENTATION('',(#6553),#6557);
#6553 = LINE('',#6554,#6555);
#6554 = CARTESIAN_POINT('',(0.,-2.4));
#6555 = VECTOR('',#6556,1.);
#6556 = DIRECTION('',(1.,0.));
#6557 = ( GEOMETRIC_REPRESENTATION_CONTEXT(2) 
PARAMETRIC_REPRESENTATION_CONTEXT() REPRESENTATION_CONTEXT('2D SPACE',''
  ) );
#6558 = ORIENTED_EDGE('',*,*,#6559,.F.);
#6559 = EDGE_CURVE('',#6560,#6537,#6562,.T.);
#6560 = VERTEX_POINT('',#6561);
#6561 = CARTESIAN_POINT('',(-12.76,10.880736713054,-41.23504227302));
#6562 = SURFACE_CURVE('',#6563,(#6568,#6575),.PCURVE_S1.);
#6563 = CIRCLE('',#6564,2.25);
#6564 = AXIS2_PLACEMENT_3D('',#6565,#6566,#6567);
#6565 = CARTESIAN_POINT('',(-12.76,9.,-40.));
#6566 = DIRECTION('',(1.,-0.,0.));
#6567 = DIRECTION('',(0.,0.83588298358,-0.548907676902));
#6568 = PCURVE('',#2090,#6569);
#6569 = DEFINITIONAL_REPRESENTATION('',(#6570),#6574);
#6570 = CIRCLE('',#6571,2.25);
#6571 = AXIS2_PLACEMENT_2D('',#6572,#6573);
#6572 = CARTESIAN_POINT('',(14.519251883686,1.075913525441));
#6573 = DIRECTION('',(0.83588298358,-0.548907676902));
#6574 = ( GEOMETRIC_REPRESENTATION_CONTEXT(2) 
PARAMETRIC_REPRESENTATION_CONTEXT() REPRESENTATION_CONTEXT('2D SPACE',''
  ) );
#6575 = PCURVE('',#3847,#6576);
#6576 = DEFINITIONAL_REPRESENTATION('',(#6577),#6581);
#6577 = LINE('',#6578,#6579);
#6578 = CARTESIAN_POINT('',(0.989739439977,3.4));
#6579 = VECTOR('',#6580,1.);
#6580 = DIRECTION('',(1.,0.));
#6581 = ( GEOMETRIC_REPRESENTATION_CONTEXT(2) 
PARAMETRIC_REPRESENTATION_CONTEXT() REPRESENTATION_CONTEXT('2D SPACE',''
  ) );
#6582 = ORIENTED_EDGE('',*,*,#6583,.T.);
#6583 = EDGE_CURVE('',#6560,#6584,#6586,.T.);
#6584 = VERTEX_POINT('',#6585);
#6585 = CARTESIAN_POINT('',(-12.76,17.35,-32.825));
#6586 = SURFACE_CURVE('',#6587,(#6591,#6598),.PCURVE_S1.);
#6587 = LINE('',#6588,#6589);
#6588 = CARTESIAN_POINT('',(-12.76,-17.4,-78.));
#6589 = VECTOR('',#6590,1.);
#6590 = DIRECTION('',(0.,0.60971076085,0.792623989105));
#6591 = PCURVE('',#2090,#6592);
#6592 = DEFINITIONAL_REPRESENTATION('',(#6593),#6597);
#6593 = LINE('',#6594,#6595);
#6594 = CARTESIAN_POINT('',(-11.88074811631,-36.92408647455));
#6595 = VECTOR('',#6596,1.);
#6596 = DIRECTION('',(0.60971076085,0.792623989105));
#6597 = ( GEOMETRIC_REPRESENTATION_CONTEXT(2) 
PARAMETRIC_REPRESENTATION_CONTEXT() REPRESENTATION_CONTEXT('2D SPACE',''
  ) );
#6598 = PCURVE('',#3875,#6599);
#6599 = DEFINITIONAL_REPRESENTATION('',(#6600),#6604);
#6600 = LINE('',#6601,#6602);
#6601 = CARTESIAN_POINT('',(0.,-2.4));
#6602 = VECTOR('',#6603,1.);
#6603 = DIRECTION('',(1.,0.));
#6604 = ( GEOMETRIC_REPRESENTATION_CONTEXT(2) 
PARAMETRIC_REPRESENTATION_CONTEXT() REPRESENTATION_CONTEXT('2D SPACE',''
  ) );
#6605 = ORIENTED_EDGE('',*,*,#6606,.F.);
#6606 = EDGE_CURVE('',#6444,#6584,#6607,.T.);
#6607 = SURFACE_CURVE('',#6608,(#6612,#6618),.PCURVE_S1.);
#6608 = LINE('',#6609,#6610);
#6609 = CARTESIAN_POINT('',(-12.76,17.35,-38.53795676272));
#6610 = VECTOR('',#6611,1.);
#6611 = DIRECTION('',(0.,0.,-1.));
#6612 = PCURVE('',#2090,#6613);
#6613 = DEFINITIONAL_REPRESENTATION('',(#6614),#6617);
#6614 = B_SPLINE_CURVE_WITH_KNOTS('',1,(#6615,#6616),.UNSPECIFIED.,.F.,
  .F.,(2,2),(-22.53795676272,-2.53795676272),.PIECEWISE_BEZIER_KNOTS.);
#6615 = CARTESIAN_POINT('',(22.869251883686,25.075913525441));
#6616 = CARTESIAN_POINT('',(22.869251883686,5.075913525441));
#6617 = ( GEOMETRIC_REPRESENTATION_CONTEXT(2) 
PARAMETRIC_REPRESENTATION_CONTEXT() REPRESENTATION_CONTEXT('2D SPACE',''
  ) );
#6618 = PCURVE('',#3323,#6619);
#6619 = DEFINITIONAL_REPRESENTATION('',(#6620),#6624);
#6620 = LINE('',#6621,#6622);
#6621 = CARTESIAN_POINT('',(-2.53795676272,2.4));
#6622 = VECTOR('',#6623,1.);
#6623 = DIRECTION('',(-1.,0.));
#6624 = ( GEOMETRIC_REPRESENTATION_CONTEXT(2) 
PARAMETRIC_REPRESENTATION_CONTEXT() REPRESENTATION_CONTEXT('2D SPACE',''
  ) );
#6625 = FACE_BOUND('',#6626,.T.);
#6626 = EDGE_LOOP('',(#6627));
#6627 = ORIENTED_EDGE('',*,*,#6628,.F.);
#6628 = EDGE_CURVE('',#6629,#6629,#6631,.T.);
#6629 = VERTEX_POINT('',#6630);
#6630 = CARTESIAN_POINT('',(-12.76,-9.,-42.25));
#6631 = SURFACE_CURVE('',#6632,(#6637,#6644),.PCURVE_S1.);
#6632 = CIRCLE('',#6633,2.25);
#6633 = AXIS2_PLACEMENT_3D('',#6634,#6635,#6636);
#6634 = CARTESIAN_POINT('',(-12.76,-9.,-40.));
#6635 = DIRECTION('',(1.,0.,2.22044604925E-16));
#6636 = DIRECTION('',(2.22044604925E-16,0.,-1.));
#6637 = PCURVE('',#2090,#6638);
#6638 = DEFINITIONAL_REPRESENTATION('',(#6639),#6643);
#6639 = CIRCLE('',#6640,2.25);
#6640 = AXIS2_PLACEMENT_2D('',#6641,#6642);
#6641 = CARTESIAN_POINT('',(-3.480748116314,1.075913525441));
#6642 = DIRECTION('',(0.,-1.));
#6643 = ( GEOMETRIC_REPRESENTATION_CONTEXT(2) 
PARAMETRIC_REPRESENTATION_CONTEXT() REPRESENTATION_CONTEXT('2D SPACE',''
  ) );
#6644 = PCURVE('',#4056,#6645);
#6645 = DEFINITIONAL_REPRESENTATION('',(#6646),#6650);
#6646 = LINE('',#6647,#6648);
#6647 = CARTESIAN_POINT('',(0.,3.4));
#6648 = VECTOR('',#6649,1.);
#6649 = DIRECTION('',(1.,0.));
#6650 = ( GEOMETRIC_REPRESENTATION_CONTEXT(2) 
PARAMETRIC_REPRESENTATION_CONTEXT() REPRESENTATION_CONTEXT('2D SPACE',''
  ) );
#6651 = FACE_BOUND('',#6652,.T.);
#6652 = EDGE_LOOP('',(#6653,#6676,#6697,#6718));
#6653 = ORIENTED_EDGE('',*,*,#6654,.T.);
#6654 = EDGE_CURVE('',#6655,#6657,#6659,.T.);
#6655 = VERTEX_POINT('',#6656);
#6656 = CARTESIAN_POINT('',(-12.76,4.5,-48.));
#6657 = VERTEX_POINT('',#6658);
#6658 = CARTESIAN_POINT('',(-12.76,-4.5,-48.));
#6659 = SURFACE_CURVE('',#6660,(#6664,#6670),.PCURVE_S1.);
#6660 = LINE('',#6661,#6662);
#6661 = CARTESIAN_POINT('',(-12.76,-5.009625941843,-48.));
#6662 = VECTOR('',#6663,1.);
#6663 = DIRECTION('',(0.,-1.,0.));
#6664 = PCURVE('',#2090,#6665);
#6665 = DEFINITIONAL_REPRESENTATION('',(#6666),#6669);
#6666 = B_SPLINE_CURVE_WITH_KNOTS('',1,(#6667,#6668),.UNSPECIFIED.,.F.,
  .F.,(2,2),(-9.509625941843,-0.509625941843),.PIECEWISE_BEZIER_KNOTS.);
#6667 = CARTESIAN_POINT('',(10.019251883686,-6.924086474559));
#6668 = CARTESIAN_POINT('',(1.019251883686,-6.924086474559));
#6669 = ( GEOMETRIC_REPRESENTATION_CONTEXT(2) 
PARAMETRIC_REPRESENTATION_CONTEXT() REPRESENTATION_CONTEXT('2D SPACE',''
  ) );
#6670 = PCURVE('',#3950,#6671);
#6671 = DEFINITIONAL_REPRESENTATION('',(#6672),#6675);
#6672 = B_SPLINE_CURVE_WITH_KNOTS('',1,(#6673,#6674),.UNSPECIFIED.,.F.,
  .F.,(2,2),(-9.509625941843,-0.509625941843),.PIECEWISE_BEZIER_KNOTS.);
#6673 = CARTESIAN_POINT('',(3.4,9.));
#6674 = CARTESIAN_POINT('',(3.4,0.));
#6675 = ( GEOMETRIC_REPRESENTATION_CONTEXT(2) 
PARAMETRIC_REPRESENTATION_CONTEXT() REPRESENTATION_CONTEXT('2D SPACE',''
  ) );
#6676 = ORIENTED_EDGE('',*,*,#6677,.T.);
#6677 = EDGE_CURVE('',#6657,#6678,#6680,.T.);
#6678 = VERTEX_POINT('',#6679);
#6679 = CARTESIAN_POINT('',(-12.76,-4.5,-37.));
#6680 = SURFACE_CURVE('',#6681,(#6685,#6691),.PCURVE_S1.);
#6681 = LINE('',#6682,#6683);
#6682 = CARTESIAN_POINT('',(-12.76,-4.5,-44.53795676272));
#6683 = VECTOR('',#6684,1.);
#6684 = DIRECTION('',(0.,-0.,1.));
#6685 = PCURVE('',#2090,#6686);
#6686 = DEFINITIONAL_REPRESENTATION('',(#6687),#6690);
#6687 = B_SPLINE_CURVE_WITH_KNOTS('',1,(#6688,#6689),.UNSPECIFIED.,.F.,
  .F.,(2,2),(-3.46204323728,7.53795676272),.PIECEWISE_BEZIER_KNOTS.);
#6688 = CARTESIAN_POINT('',(1.019251883686,-6.924086474559));
#6689 = CARTESIAN_POINT('',(1.019251883686,4.075913525441));
#6690 = ( GEOMETRIC_REPRESENTATION_CONTEXT(2) 
PARAMETRIC_REPRESENTATION_CONTEXT() REPRESENTATION_CONTEXT('2D SPACE',''
  ) );
#6691 = PCURVE('',#3976,#6692);
#6692 = DEFINITIONAL_REPRESENTATION('',(#6693),#6696);
#6693 = B_SPLINE_CURVE_WITH_KNOTS('',1,(#6694,#6695),.UNSPECIFIED.,.F.,
  .F.,(2,2),(-3.46204323728,7.53795676272),.PIECEWISE_BEZIER_KNOTS.);
#6694 = CARTESIAN_POINT('',(0.,3.4));
#6695 = CARTESIAN_POINT('',(11.,3.4));
#6696 = ( GEOMETRIC_REPRESENTATION_CONTEXT(2) 
PARAMETRIC_REPRESENTATION_CONTEXT() REPRESENTATION_CONTEXT('2D SPACE',''
  ) );
#6697 = ORIENTED_EDGE('',*,*,#6698,.F.);
#6698 = EDGE_CURVE('',#6699,#6678,#6701,.T.);
#6699 = VERTEX_POINT('',#6700);
#6700 = CARTESIAN_POINT('',(-12.76,4.5,-37.));
#6701 = SURFACE_CURVE('',#6702,(#6706,#6712),.PCURVE_S1.);
#6702 = LINE('',#6703,#6704);
#6703 = CARTESIAN_POINT('',(-12.76,-5.009625941843,-37.));
#6704 = VECTOR('',#6705,1.);
#6705 = DIRECTION('',(0.,-1.,0.));
#6706 = PCURVE('',#2090,#6707);
#6707 = DEFINITIONAL_REPRESENTATION('',(#6708),#6711);
#6708 = B_SPLINE_CURVE_WITH_KNOTS('',1,(#6709,#6710),.UNSPECIFIED.,.F.,
  .F.,(2,2),(-9.509625941843,-0.509625941843),.PIECEWISE_BEZIER_KNOTS.);
#6709 = CARTESIAN_POINT('',(10.019251883686,4.075913525441));
#6710 = CARTESIAN_POINT('',(1.019251883686,4.075913525441));
#6711 = ( GEOMETRIC_REPRESENTATION_CONTEXT(2) 
PARAMETRIC_REPRESENTATION_CONTEXT() REPRESENTATION_CONTEXT('2D SPACE',''
  ) );
#6712 = PCURVE('',#4002,#6713);
#6713 = DEFINITIONAL_REPRESENTATION('',(#6714),#6717);
#6714 = B_SPLINE_CURVE_WITH_KNOTS('',1,(#6715,#6716),.UNSPECIFIED.,.F.,
  .F.,(2,2),(-9.509625941843,-0.509625941843),.PIECEWISE_BEZIER_KNOTS.);
#6715 = CARTESIAN_POINT('',(3.4,9.));
#6716 = CARTESIAN_POINT('',(3.4,0.));
#6717 = ( GEOMETRIC_REPRESENTATION_CONTEXT(2) 
PARAMETRIC_REPRESENTATION_CONTEXT() REPRESENTATION_CONTEXT('2D SPACE',''
  ) );
#6718 = ORIENTED_EDGE('',*,*,#6719,.F.);
#6719 = EDGE_CURVE('',#6655,#6699,#6720,.T.);
#6720 = SURFACE_CURVE('',#6721,(#6725,#6731),.PCURVE_S1.);
#6721 = LINE('',#6722,#6723);
#6722 = CARTESIAN_POINT('',(-12.76,4.5,-44.53795676272));
#6723 = VECTOR('',#6724,1.);
#6724 = DIRECTION('',(0.,-0.,1.));
#6725 = PCURVE('',#2090,#6726);
#6726 = DEFINITIONAL_REPRESENTATION('',(#6727),#6730);
#6727 = B_SPLINE_CURVE_WITH_KNOTS('',1,(#6728,#6729),.UNSPECIFIED.,.F.,
  .F.,(2,2),(-3.46204323728,7.53795676272),.PIECEWISE_BEZIER_KNOTS.);
#6728 = CARTESIAN_POINT('',(10.019251883686,-6.924086474559));
#6729 = CARTESIAN_POINT('',(10.019251883686,4.075913525441));
#6730 = ( GEOMETRIC_REPRESENTATION_CONTEXT(2) 
PARAMETRIC_REPRESENTATION_CONTEXT() REPRESENTATION_CONTEXT('2D SPACE',''
  ) );
#6731 = PCURVE('',#4026,#6732);
#6732 = DEFINITIONAL_REPRESENTATION('',(#6733),#6736);
#6733 = B_SPLINE_CURVE_WITH_KNOTS('',1,(#6734,#6735),.UNSPECIFIED.,.F.,
  .F.,(2,2),(-3.46204323728,7.53795676272),.PIECEWISE_BEZIER_KNOTS.);
#6734 = CARTESIAN_POINT('',(0.,3.4));
#6735 = CARTESIAN_POINT('',(11.,3.4));
#6736 = ( GEOMETRIC_REPRESENTATION_CONTEXT(2) 
PARAMETRIC_REPRESENTATION_CONTEXT() REPRESENTATION_CONTEXT('2D SPACE',''
  ) );
#6737 = ADVANCED_FACE('',(#6738),#2063,.F.);
#6738 = FACE_BOUND('',#6739,.F.);
#6739 = EDGE_LOOP('',(#6740,#6761,#6762,#6763));
#6740 = ORIENTED_EDGE('',*,*,#6741,.F.);
#6741 = EDGE_CURVE('',#6469,#4816,#6742,.T.);
#6742 = SURFACE_CURVE('',#6743,(#6747,#6754),.PCURVE_S1.);
#6743 = LINE('',#6744,#6745);
#6744 = CARTESIAN_POINT('',(-15.16,-14.9,-36.5));
#6745 = VECTOR('',#6746,1.);
#6746 = DIRECTION('',(1.,0.,-0.));
#6747 = PCURVE('',#2063,#6748);
#6748 = DEFINITIONAL_REPRESENTATION('',(#6749),#6753);
#6749 = LINE('',#6750,#6751);
#6750 = CARTESIAN_POINT('',(0.,5.5));
#6751 = VECTOR('',#6752,1.);
#6752 = DIRECTION('',(1.,0.));
#6753 = ( GEOMETRIC_REPRESENTATION_CONTEXT(2) 
PARAMETRIC_REPRESENTATION_CONTEXT() REPRESENTATION_CONTEXT('2D SPACE',''
  ) );
#6754 = PCURVE('',#4854,#6755);
#6755 = DEFINITIONAL_REPRESENTATION('',(#6756),#6760);
#6756 = LINE('',#6757,#6758);
#6757 = CARTESIAN_POINT('',(-0.5,0.));
#6758 = VECTOR('',#6759,1.);
#6759 = DIRECTION('',(0.,1.));
#6760 = ( GEOMETRIC_REPRESENTATION_CONTEXT(2) 
PARAMETRIC_REPRESENTATION_CONTEXT() REPRESENTATION_CONTEXT('2D SPACE',''
  ) );
#6761 = ORIENTED_EDGE('',*,*,#6491,.T.);
#6762 = ORIENTED_EDGE('',*,*,#2048,.F.);
#6763 = ORIENTED_EDGE('',*,*,#4815,.T.);
#6764 = ADVANCED_FACE('',(#6765),#2478,.T.);
#6765 = FACE_BOUND('',#6766,.T.);
#6766 = EDGE_LOOP('',(#6767,#6768,#6789,#6790));
#6767 = ORIENTED_EDGE('',*,*,#3554,.T.);
#6768 = ORIENTED_EDGE('',*,*,#6769,.T.);
#6769 = EDGE_CURVE('',#3555,#2464,#6770,.T.);
#6770 = SURFACE_CURVE('',#6771,(#6775,#6782),.PCURVE_S1.);
#6771 = LINE('',#6772,#6773);
#6772 = CARTESIAN_POINT('',(-16.16,19.8,-36.));
#6773 = VECTOR('',#6774,1.);
#6774 = DIRECTION('',(0.707106781187,0.,0.707106781187));
#6775 = PCURVE('',#2478,#6776);
#6776 = DEFINITIONAL_REPRESENTATION('',(#6777),#6781);
#6777 = LINE('',#6778,#6779);
#6778 = CARTESIAN_POINT('',(0.,-4.65));
#6779 = VECTOR('',#6780,1.);
#6780 = DIRECTION('',(1.,0.));
#6781 = ( GEOMETRIC_REPRESENTATION_CONTEXT(2) 
PARAMETRIC_REPRESENTATION_CONTEXT() REPRESENTATION_CONTEXT('2D SPACE',''
  ) );
#6782 = PCURVE('',#2504,#6783);
#6783 = DEFINITIONAL_REPRESENTATION('',(#6784),#6788);
#6784 = LINE('',#6785,#6786);
#6785 = CARTESIAN_POINT('',(-1.414213562373,-2.585786437627));
#6786 = VECTOR('',#6787,1.);
#6787 = DIRECTION('',(0.707106781187,0.707106781187));
#6788 = ( GEOMETRIC_REPRESENTATION_CONTEXT(2) 
PARAMETRIC_REPRESENTATION_CONTEXT() REPRESENTATION_CONTEXT('2D SPACE',''
  ) );
#6789 = ORIENTED_EDGE('',*,*,#2463,.F.);
#6790 = ORIENTED_EDGE('',*,*,#2592,.T.);
#6791 = ADVANCED_FACE('',(#6792),#2504,.F.);
#6792 = FACE_BOUND('',#6793,.F.);
#6793 = EDGE_LOOP('',(#6794,#6795,#6796));
#6794 = ORIENTED_EDGE('',*,*,#3575,.T.);
#6795 = ORIENTED_EDGE('',*,*,#6769,.T.);
#6796 = ORIENTED_EDGE('',*,*,#2489,.F.);
#6797 = ADVANCED_FACE('',(#6798,#6936,#6967,#6998,#7029),#2554,.T.);
#6798 = FACE_BOUND('',#6799,.T.);
#6799 = EDGE_LOOP('',(#6800,#6835,#6863,#6891,#6912,#6913,#6914,#6915));
#6800 = ORIENTED_EDGE('',*,*,#6801,.T.);
#6801 = EDGE_CURVE('',#6802,#6804,#6806,.T.);
#6802 = VERTEX_POINT('',#6803);
#6803 = CARTESIAN_POINT('',(-9.853425800198,19.75,-3.));
#6804 = VERTEX_POINT('',#6805);
#6805 = CARTESIAN_POINT('',(9.853425800198,19.75,-3.));
#6806 = SURFACE_CURVE('',#6807,(#6812,#6823),.PCURVE_S1.);
#6807 = CIRCLE('',#6808,10.3);
#6808 = AXIS2_PLACEMENT_3D('',#6809,#6810,#6811);
#6809 = CARTESIAN_POINT('',(0.,19.75,-2.6645352591E-16));
#6810 = DIRECTION('',(0.,-1.,2.22044604925E-16));
#6811 = DIRECTION('',(1.,0.,0.));
#6812 = PCURVE('',#2554,#6813);
#6813 = DEFINITIONAL_REPRESENTATION('',(#6814),#6822);
#6814 = ( BOUNDED_CURVE() B_SPLINE_CURVE(2,(#6815,#6816,#6817,#6818,
#6819,#6820,#6821),.UNSPECIFIED.,.T.,.F.) B_SPLINE_CURVE_WITH_KNOTS((1,2
    ,2,2,2,1),(-2.094395102393,0.,2.094395102393,4.188790204786,
6.28318530718,8.377580409573),.UNSPECIFIED.) CURVE() 
GEOMETRIC_REPRESENTATION_ITEM() RATIONAL_B_SPLINE_CURVE((1.,0.5,1.,0.5,
1.,0.5,1.)) REPRESENTATION_ITEM('') );
#6815 = CARTESIAN_POINT('',(36.,25.46));
#6816 = CARTESIAN_POINT('',(53.840123317959,25.46));
#6817 = CARTESIAN_POINT('',(44.92006165898,10.01));
#6818 = CARTESIAN_POINT('',(36.,-5.44));
#6819 = CARTESIAN_POINT('',(27.07993834102,10.01));
#6820 = CARTESIAN_POINT('',(18.159876682041,25.46));
#6821 = CARTESIAN_POINT('',(36.,25.46));
#6822 = ( GEOMETRIC_REPRESENTATION_CONTEXT(2) 
PARAMETRIC_REPRESENTATION_CONTEXT() REPRESENTATION_CONTEXT('2D SPACE',''
  ) );
#6823 = PCURVE('',#6824,#6829);
#6824 = CYLINDRICAL_SURFACE('',#6825,10.3);
#6825 = AXIS2_PLACEMENT_3D('',#6826,#6827,#6828);
#6826 = CARTESIAN_POINT('',(0.,20.75,-4.884981308351E-16));
#6827 = DIRECTION('',(0.,-1.,2.22044604925E-16));
#6828 = DIRECTION('',(1.,0.,0.));
#6829 = DEFINITIONAL_REPRESENTATION('',(#6830),#6834);
#6830 = LINE('',#6831,#6832);
#6831 = CARTESIAN_POINT('',(0.,1.));
#6832 = VECTOR('',#6833,1.);
#6833 = DIRECTION('',(1.,0.));
#6834 = ( GEOMETRIC_REPRESENTATION_CONTEXT(2) 
PARAMETRIC_REPRESENTATION_CONTEXT() REPRESENTATION_CONTEXT('2D SPACE',''
  ) );
#6835 = ORIENTED_EDGE('',*,*,#6836,.T.);
#6836 = EDGE_CURVE('',#6804,#6837,#6839,.T.);
#6837 = VERTEX_POINT('',#6838);
#6838 = CARTESIAN_POINT('',(13.2,19.75,-3.));
#6839 = SURFACE_CURVE('',#6840,(#6844,#6851),.PCURVE_S1.);
#6840 = LINE('',#6841,#6842);
#6841 = CARTESIAN_POINT('',(-15.16,19.75,-3.));
#6842 = VECTOR('',#6843,1.);
#6843 = DIRECTION('',(1.,0.,-0.));
#6844 = PCURVE('',#2554,#6845);
#6845 = DEFINITIONAL_REPRESENTATION('',(#6846),#6850);
#6846 = LINE('',#6847,#6848);
#6847 = CARTESIAN_POINT('',(33.,0.));
#6848 = VECTOR('',#6849,1.);
#6849 = DIRECTION('',(0.,1.));
#6850 = ( GEOMETRIC_REPRESENTATION_CONTEXT(2) 
PARAMETRIC_REPRESENTATION_CONTEXT() REPRESENTATION_CONTEXT('2D SPACE',''
  ) );
#6851 = PCURVE('',#6852,#6857);
#6852 = PLANE('',#6853);
#6853 = AXIS2_PLACEMENT_3D('',#6854,#6855,#6856);
#6854 = CARTESIAN_POINT('',(-15.16,17.35,-3.));
#6855 = DIRECTION('',(0.,0.,1.));
#6856 = DIRECTION('',(1.,0.,-0.));
#6857 = DEFINITIONAL_REPRESENTATION('',(#6858),#6862);
#6858 = LINE('',#6859,#6860);
#6859 = CARTESIAN_POINT('',(0.,2.4));
#6860 = VECTOR('',#6861,1.);
#6861 = DIRECTION('',(1.,0.));
#6862 = ( GEOMETRIC_REPRESENTATION_CONTEXT(2) 
PARAMETRIC_REPRESENTATION_CONTEXT() REPRESENTATION_CONTEXT('2D SPACE',''
  ) );
#6863 = ORIENTED_EDGE('',*,*,#6864,.F.);
#6864 = EDGE_CURVE('',#6865,#6837,#6867,.T.);
#6865 = VERTEX_POINT('',#6866);
#6866 = CARTESIAN_POINT('',(13.2,19.75,-36.));
#6867 = SURFACE_CURVE('',#6868,(#6872,#6879),.PCURVE_S1.);
#6868 = LINE('',#6869,#6870);
#6869 = CARTESIAN_POINT('',(13.2,19.75,-36.));
#6870 = VECTOR('',#6871,1.);
#6871 = DIRECTION('',(0.,0.,1.));
#6872 = PCURVE('',#2554,#6873);
#6873 = DEFINITIONAL_REPRESENTATION('',(#6874),#6878);
#6874 = LINE('',#6875,#6876);
#6875 = CARTESIAN_POINT('',(0.,28.36));
#6876 = VECTOR('',#6877,1.);
#6877 = DIRECTION('',(1.,0.));
#6878 = ( GEOMETRIC_REPRESENTATION_CONTEXT(2) 
PARAMETRIC_REPRESENTATION_CONTEXT() REPRESENTATION_CONTEXT('2D SPACE',''
  ) );
#6879 = PCURVE('',#6880,#6885);
#6880 = PLANE('',#6881);
#6881 = AXIS2_PLACEMENT_3D('',#6882,#6883,#6884);
#6882 = CARTESIAN_POINT('',(13.2,17.35,-36.));
#6883 = DIRECTION('',(1.,0.,-0.));
#6884 = DIRECTION('',(0.,0.,1.));
#6885 = DEFINITIONAL_REPRESENTATION('',(#6886),#6890);
#6886 = LINE('',#6887,#6888);
#6887 = CARTESIAN_POINT('',(0.,-2.4));
#6888 = VECTOR('',#6889,1.);
#6889 = DIRECTION('',(1.,0.));
#6890 = ( GEOMETRIC_REPRESENTATION_CONTEXT(2) 
PARAMETRIC_REPRESENTATION_CONTEXT() REPRESENTATION_CONTEXT('2D SPACE',''
  ) );
#6891 = ORIENTED_EDGE('',*,*,#6892,.F.);
#6892 = EDGE_CURVE('',#3258,#6865,#6893,.T.);
#6893 = SURFACE_CURVE('',#6894,(#6898,#6905),.PCURVE_S1.);
#6894 = LINE('',#6895,#6896);
#6895 = CARTESIAN_POINT('',(-15.16,19.75,-36.));
#6896 = VECTOR('',#6897,1.);
#6897 = DIRECTION('',(1.,0.,-0.));
#6898 = PCURVE('',#2554,#6899);
#6899 = DEFINITIONAL_REPRESENTATION('',(#6900),#6904);
#6900 = LINE('',#6901,#6902);
#6901 = CARTESIAN_POINT('',(0.,0.));
#6902 = VECTOR('',#6903,1.);
#6903 = DIRECTION('',(0.,1.));
#6904 = ( GEOMETRIC_REPRESENTATION_CONTEXT(2) 
PARAMETRIC_REPRESENTATION_CONTEXT() REPRESENTATION_CONTEXT('2D SPACE',''
  ) );
#6905 = PCURVE('',#3296,#6906);
#6906 = DEFINITIONAL_REPRESENTATION('',(#6907),#6911);
#6907 = LINE('',#6908,#6909);
#6908 = CARTESIAN_POINT('',(0.,2.4));
#6909 = VECTOR('',#6910,1.);
#6910 = DIRECTION('',(1.,0.));
#6911 = ( GEOMETRIC_REPRESENTATION_CONTEXT(2) 
PARAMETRIC_REPRESENTATION_CONTEXT() REPRESENTATION_CONTEXT('2D SPACE',''
  ) );
#6912 = ORIENTED_EDGE('',*,*,#3257,.T.);
#6913 = ORIENTED_EDGE('',*,*,#2538,.F.);
#6914 = ORIENTED_EDGE('',*,*,#3595,.F.);
#6915 = ORIENTED_EDGE('',*,*,#6916,.T.);
#6916 = EDGE_CURVE('',#3596,#6802,#6917,.T.);
#6917 = SURFACE_CURVE('',#6918,(#6922,#6929),.PCURVE_S1.);
#6918 = LINE('',#6919,#6920);
#6919 = CARTESIAN_POINT('',(-15.16,19.75,-3.));
#6920 = VECTOR('',#6921,1.);
#6921 = DIRECTION('',(1.,0.,-0.));
#6922 = PCURVE('',#2554,#6923);
#6923 = DEFINITIONAL_REPRESENTATION('',(#6924),#6928);
#6924 = LINE('',#6925,#6926);
#6925 = CARTESIAN_POINT('',(33.,0.));
#6926 = VECTOR('',#6927,1.);
#6927 = DIRECTION('',(0.,1.));
#6928 = ( GEOMETRIC_REPRESENTATION_CONTEXT(2) 
PARAMETRIC_REPRESENTATION_CONTEXT() REPRESENTATION_CONTEXT('2D SPACE',''
  ) );
#6929 = PCURVE('',#3634,#6930);
#6930 = DEFINITIONAL_REPRESENTATION('',(#6931),#6935);
#6931 = LINE('',#6932,#6933);
#6932 = CARTESIAN_POINT('',(0.,2.4));
#6933 = VECTOR('',#6934,1.);
#6934 = DIRECTION('',(1.,0.));
#6935 = ( GEOMETRIC_REPRESENTATION_CONTEXT(2) 
PARAMETRIC_REPRESENTATION_CONTEXT() REPRESENTATION_CONTEXT('2D SPACE',''
  ) );
#6936 = FACE_BOUND('',#6937,.T.);
#6937 = EDGE_LOOP('',(#6938));
#6938 = ORIENTED_EDGE('',*,*,#6939,.F.);
#6939 = EDGE_CURVE('',#6940,#6940,#6942,.T.);
#6940 = VERTEX_POINT('',#6941);
#6941 = CARTESIAN_POINT('',(-7.55,19.75,-29.));
#6942 = SURFACE_CURVE('',#6943,(#6948,#6955),.PCURVE_S1.);
#6943 = CIRCLE('',#6944,2.7);
#6944 = AXIS2_PLACEMENT_3D('',#6945,#6946,#6947);
#6945 = CARTESIAN_POINT('',(-10.25,19.75,-29.));
#6946 = DIRECTION('',(0.,1.,2.22044604925E-16));
#6947 = DIRECTION('',(1.,0.,-0.));
#6948 = PCURVE('',#2554,#6949);
#6949 = DEFINITIONAL_REPRESENTATION('',(#6950),#6954);
#6950 = CIRCLE('',#6951,2.7);
#6951 = AXIS2_PLACEMENT_2D('',#6952,#6953);
#6952 = CARTESIAN_POINT('',(7.,4.91));
#6953 = DIRECTION('',(0.,1.));
#6954 = ( GEOMETRIC_REPRESENTATION_CONTEXT(2) 
PARAMETRIC_REPRESENTATION_CONTEXT() REPRESENTATION_CONTEXT('2D SPACE',''
  ) );
#6955 = PCURVE('',#6956,#6961);
#6956 = CONICAL_SURFACE('',#6957,1.45,0.785398163397);
#6957 = AXIS2_PLACEMENT_3D('',#6958,#6959,#6960);
#6958 = CARTESIAN_POINT('',(-10.25,18.5,-29.));
#6959 = DIRECTION('',(0.,1.,2.22044604925E-16));
#6960 = DIRECTION('',(1.,0.,-0.));
#6961 = DEFINITIONAL_REPRESENTATION('',(#6962),#6966);
#6962 = LINE('',#6963,#6964);
#6963 = CARTESIAN_POINT('',(0.,1.25));
#6964 = VECTOR('',#6965,1.);
#6965 = DIRECTION('',(1.,0.));
#6966 = ( GEOMETRIC_REPRESENTATION_CONTEXT(2) 
PARAMETRIC_REPRESENTATION_CONTEXT() REPRESENTATION_CONTEXT('2D SPACE',''
  ) );
#6967 = FACE_BOUND('',#6968,.T.);
#6968 = EDGE_LOOP('',(#6969));
#6969 = ORIENTED_EDGE('',*,*,#6970,.F.);
#6970 = EDGE_CURVE('',#6971,#6971,#6973,.T.);
#6971 = VERTEX_POINT('',#6972);
#6972 = CARTESIAN_POINT('',(-7.55,19.75,-8.3));
#6973 = SURFACE_CURVE('',#6974,(#6979,#6986),.PCURVE_S1.);
#6974 = CIRCLE('',#6975,2.7);
#6975 = AXIS2_PLACEMENT_3D('',#6976,#6977,#6978);
#6976 = CARTESIAN_POINT('',(-10.25,19.75,-8.3));
#6977 = DIRECTION('',(0.,1.,2.22044604925E-16));
#6978 = DIRECTION('',(1.,0.,-0.));
#6979 = PCURVE('',#2554,#6980);
#6980 = DEFINITIONAL_REPRESENTATION('',(#6981),#6985);
#6981 = CIRCLE('',#6982,2.7);
#6982 = AXIS2_PLACEMENT_2D('',#6983,#6984);
#6983 = CARTESIAN_POINT('',(27.7,4.91));
#6984 = DIRECTION('',(0.,1.));
#6985 = ( GEOMETRIC_REPRESENTATION_CONTEXT(2) 
PARAMETRIC_REPRESENTATION_CONTEXT() REPRESENTATION_CONTEXT('2D SPACE',''
  ) );
#6986 = PCURVE('',#6987,#6992);
#6987 = CONICAL_SURFACE('',#6988,1.45,0.785398163397);
#6988 = AXIS2_PLACEMENT_3D('',#6989,#6990,#6991);
#6989 = CARTESIAN_POINT('',(-10.25,18.5,-8.3));
#6990 = DIRECTION('',(0.,1.,2.22044604925E-16));
#6991 = DIRECTION('',(1.,0.,-0.));
#6992 = DEFINITIONAL_REPRESENTATION('',(#6993),#6997);
#6993 = LINE('',#6994,#6995);
#6994 = CARTESIAN_POINT('',(0.,1.25));
#6995 = VECTOR('',#6996,1.);
#6996 = DIRECTION('',(1.,0.));
#6997 = ( GEOMETRIC_REPRESENTATION_CONTEXT(2) 
PARAMETRIC_REPRESENTATION_CONTEXT() REPRESENTATION_CONTEXT('2D SPACE',''
  ) );
#6998 = FACE_BOUND('',#6999,.T.);
#6999 = EDGE_LOOP('',(#7000));
#7000 = ORIENTED_EDGE('',*,*,#7001,.F.);
#7001 = EDGE_CURVE('',#7002,#7002,#7004,.T.);
#7002 = VERTEX_POINT('',#7003);
#7003 = CARTESIAN_POINT('',(12.95,19.75,-29.));
#7004 = SURFACE_CURVE('',#7005,(#7010,#7017),.PCURVE_S1.);
#7005 = CIRCLE('',#7006,2.7);
#7006 = AXIS2_PLACEMENT_3D('',#7007,#7008,#7009);
#7007 = CARTESIAN_POINT('',(10.25,19.75,-29.));
#7008 = DIRECTION('',(0.,1.,2.22044604925E-16));
#7009 = DIRECTION('',(1.,0.,-0.));
#7010 = PCURVE('',#2554,#7011);
#7011 = DEFINITIONAL_REPRESENTATION('',(#7012),#7016);
#7012 = CIRCLE('',#7013,2.7);
#7013 = AXIS2_PLACEMENT_2D('',#7014,#7015);
#7014 = CARTESIAN_POINT('',(7.,25.41));
#7015 = DIRECTION('',(0.,1.));
#7016 = ( GEOMETRIC_REPRESENTATION_CONTEXT(2) 
PARAMETRIC_REPRESENTATION_CONTEXT() REPRESENTATION_CONTEXT('2D SPACE',''
  ) );
#7017 = PCURVE('',#7018,#7023);
#7018 = CONICAL_SURFACE('',#7019,1.45,0.785398163397);
#7019 = AXIS2_PLACEMENT_3D('',#7020,#7021,#7022);
#7020 = CARTESIAN_POINT('',(10.25,18.5,-29.));
#7021 = DIRECTION('',(0.,1.,2.22044604925E-16));
#7022 = DIRECTION('',(1.,0.,-0.));
#7023 = DEFINITIONAL_REPRESENTATION('',(#7024),#7028);
#7024 = LINE('',#7025,#7026);
#7025 = CARTESIAN_POINT('',(0.,1.25));
#7026 = VECTOR('',#7027,1.);
#7027 = DIRECTION('',(1.,0.));
#7028 = ( GEOMETRIC_REPRESENTATION_CONTEXT(2) 
PARAMETRIC_REPRESENTATION_CONTEXT() REPRESENTATION_CONTEXT('2D SPACE',''
  ) );
#7029 = FACE_BOUND('',#7030,.T.);
#7030 = EDGE_LOOP('',(#7031));
#7031 = ORIENTED_EDGE('',*,*,#7032,.F.);
#7032 = EDGE_CURVE('',#7033,#7033,#7035,.T.);
#7033 = VERTEX_POINT('',#7034);
#7034 = CARTESIAN_POINT('',(12.95,19.75,-8.3));
#7035 = SURFACE_CURVE('',#7036,(#7041,#7048),.PCURVE_S1.);
#7036 = CIRCLE('',#7037,2.7);
#7037 = AXIS2_PLACEMENT_3D('',#7038,#7039,#7040);
#7038 = CARTESIAN_POINT('',(10.25,19.75,-8.3));
#7039 = DIRECTION('',(0.,1.,2.22044604925E-16));
#7040 = DIRECTION('',(1.,0.,-0.));
#7041 = PCURVE('',#2554,#7042);
#7042 = DEFINITIONAL_REPRESENTATION('',(#7043),#7047);
#7043 = CIRCLE('',#7044,2.7);
#7044 = AXIS2_PLACEMENT_2D('',#7045,#7046);
#7045 = CARTESIAN_POINT('',(27.7,25.41));
#7046 = DIRECTION('',(0.,1.));
#7047 = ( GEOMETRIC_REPRESENTATION_CONTEXT(2) 
PARAMETRIC_REPRESENTATION_CONTEXT() REPRESENTATION_CONTEXT('2D SPACE',''
  ) );
#7048 = PCURVE('',#7049,#7054);
#7049 = CONICAL_SURFACE('',#7050,1.45,0.785398163397);
#7050 = AXIS2_PLACEMENT_3D('',#7051,#7052,#7053);
#7051 = CARTESIAN_POINT('',(10.25,18.5,-8.3));
#7052 = DIRECTION('',(0.,1.,2.22044604925E-16));
#7053 = DIRECTION('',(1.,0.,-0.));
#7054 = DEFINITIONAL_REPRESENTATION('',(#7055),#7059);
#7055 = LINE('',#7056,#7057);
#7056 = CARTESIAN_POINT('',(0.,1.25));
#7057 = VECTOR('',#7058,1.);
#7058 = DIRECTION('',(1.,0.));
#7059 = ( GEOMETRIC_REPRESENTATION_CONTEXT(2) 
PARAMETRIC_REPRESENTATION_CONTEXT() REPRESENTATION_CONTEXT('2D SPACE',''
  ) );
#7060 = ADVANCED_FACE('',(#7061),#3379,.F.);
#7061 = FACE_BOUND('',#7062,.F.);
#7062 = EDGE_LOOP('',(#7063,#7064,#7065,#7066));
#7063 = ORIENTED_EDGE('',*,*,#3363,.F.);
#7064 = ORIENTED_EDGE('',*,*,#4073,.F.);
#7065 = ORIENTED_EDGE('',*,*,#3505,.T.);
#7066 = ORIENTED_EDGE('',*,*,#7067,.T.);
#7067 = EDGE_CURVE('',#3508,#3336,#7068,.T.);
#7068 = SURFACE_CURVE('',#7069,(#7073,#7079),.PCURVE_S1.);
#7069 = LINE('',#7070,#7071);
#7070 = CARTESIAN_POINT('',(-15.16,19.75,-36.5));
#7071 = VECTOR('',#7072,1.);
#7072 = DIRECTION('',(1.,0.,-0.));
#7073 = PCURVE('',#3379,#7074);
#7074 = DEFINITIONAL_REPRESENTATION('',(#7075),#7078);
#7075 = B_SPLINE_CURVE_WITH_KNOTS('',1,(#7076,#7077),.UNSPECIFIED.,.F.,
  .F.,(2,2),(0.,27.16),.PIECEWISE_BEZIER_KNOTS.);
#7076 = CARTESIAN_POINT('',(33.5,0.));
#7077 = CARTESIAN_POINT('',(33.5,27.16));
#7078 = ( GEOMETRIC_REPRESENTATION_CONTEXT(2) 
PARAMETRIC_REPRESENTATION_CONTEXT() REPRESENTATION_CONTEXT('2D SPACE',''
  ) );
#7079 = PCURVE('',#3351,#7080);
#7080 = DEFINITIONAL_REPRESENTATION('',(#7081),#7084);
#7081 = B_SPLINE_CURVE_WITH_KNOTS('',1,(#7082,#7083),.UNSPECIFIED.,.F.,
  .F.,(2,2),(0.,27.16),.PIECEWISE_BEZIER_KNOTS.);
#7082 = CARTESIAN_POINT('',(0.,2.4));
#7083 = CARTESIAN_POINT('',(27.16,2.4));
#7084 = ( GEOMETRIC_REPRESENTATION_CONTEXT(2) 
PARAMETRIC_REPRESENTATION_CONTEXT() REPRESENTATION_CONTEXT('2D SPACE',''
  ) );
#7085 = ADVANCED_FACE('',(#7086),#3296,.F.);
#7086 = FACE_BOUND('',#7087,.F.);
#7087 = EDGE_LOOP('',(#7088,#7089,#7090,#7113));
#7088 = ORIENTED_EDGE('',*,*,#6892,.F.);
#7089 = ORIENTED_EDGE('',*,*,#3280,.F.);
#7090 = ORIENTED_EDGE('',*,*,#7091,.T.);
#7091 = EDGE_CURVE('',#3281,#7092,#7094,.T.);
#7092 = VERTEX_POINT('',#7093);
#7093 = CARTESIAN_POINT('',(13.2,17.35,-36.));
#7094 = SURFACE_CURVE('',#7095,(#7099,#7106),.PCURVE_S1.);
#7095 = LINE('',#7096,#7097);
#7096 = CARTESIAN_POINT('',(-15.16,17.35,-36.));
#7097 = VECTOR('',#7098,1.);
#7098 = DIRECTION('',(1.,0.,-0.));
#7099 = PCURVE('',#3296,#7100);
#7100 = DEFINITIONAL_REPRESENTATION('',(#7101),#7105);
#7101 = LINE('',#7102,#7103);
#7102 = CARTESIAN_POINT('',(0.,0.));
#7103 = VECTOR('',#7104,1.);
#7104 = DIRECTION('',(1.,0.));
#7105 = ( GEOMETRIC_REPRESENTATION_CONTEXT(2) 
PARAMETRIC_REPRESENTATION_CONTEXT() REPRESENTATION_CONTEXT('2D SPACE',''
  ) );
#7106 = PCURVE('',#3323,#7107);
#7107 = DEFINITIONAL_REPRESENTATION('',(#7108),#7112);
#7108 = LINE('',#7109,#7110);
#7109 = CARTESIAN_POINT('',(0.,0.));
#7110 = VECTOR('',#7111,1.);
#7111 = DIRECTION('',(0.,1.));
#7112 = ( GEOMETRIC_REPRESENTATION_CONTEXT(2) 
PARAMETRIC_REPRESENTATION_CONTEXT() REPRESENTATION_CONTEXT('2D SPACE',''
  ) );
#7113 = ORIENTED_EDGE('',*,*,#7114,.T.);
#7114 = EDGE_CURVE('',#7092,#6865,#7115,.T.);
#7115 = SURFACE_CURVE('',#7116,(#7120,#7127),.PCURVE_S1.);
#7116 = LINE('',#7117,#7118);
#7117 = CARTESIAN_POINT('',(13.2,17.35,-36.));
#7118 = VECTOR('',#7119,1.);
#7119 = DIRECTION('',(-0.,1.,0.));
#7120 = PCURVE('',#3296,#7121);
#7121 = DEFINITIONAL_REPRESENTATION('',(#7122),#7126);
#7122 = LINE('',#7123,#7124);
#7123 = CARTESIAN_POINT('',(28.36,0.));
#7124 = VECTOR('',#7125,1.);
#7125 = DIRECTION('',(0.,1.));
#7126 = ( GEOMETRIC_REPRESENTATION_CONTEXT(2) 
PARAMETRIC_REPRESENTATION_CONTEXT() REPRESENTATION_CONTEXT('2D SPACE',''
  ) );
#7127 = PCURVE('',#6880,#7128);
#7128 = DEFINITIONAL_REPRESENTATION('',(#7129),#7133);
#7129 = LINE('',#7130,#7131);
#7130 = CARTESIAN_POINT('',(0.,0.));
#7131 = VECTOR('',#7132,1.);
#7132 = DIRECTION('',(0.,-1.));
#7133 = ( GEOMETRIC_REPRESENTATION_CONTEXT(2) 
PARAMETRIC_REPRESENTATION_CONTEXT() REPRESENTATION_CONTEXT('2D SPACE',''
  ) );
#7134 = ADVANCED_FACE('',(#7135),#3351,.F.);
#7135 = FACE_BOUND('',#7136,.F.);
#7136 = EDGE_LOOP('',(#7137,#7138,#7159,#7160));
#7137 = ORIENTED_EDGE('',*,*,#3910,.F.);
#7138 = ORIENTED_EDGE('',*,*,#7139,.T.);
#7139 = EDGE_CURVE('',#3888,#3308,#7140,.T.);
#7140 = SURFACE_CURVE('',#7141,(#7145,#7152),.PCURVE_S1.);
#7141 = LINE('',#7142,#7143);
#7142 = CARTESIAN_POINT('',(-15.16,17.35,-36.5));
#7143 = VECTOR('',#7144,1.);
#7144 = DIRECTION('',(1.,0.,-0.));
#7145 = PCURVE('',#3351,#7146);
#7146 = DEFINITIONAL_REPRESENTATION('',(#7147),#7151);
#7147 = LINE('',#7148,#7149);
#7148 = CARTESIAN_POINT('',(0.,0.));
#7149 = VECTOR('',#7150,1.);
#7150 = DIRECTION('',(1.,0.));
#7151 = ( GEOMETRIC_REPRESENTATION_CONTEXT(2) 
PARAMETRIC_REPRESENTATION_CONTEXT() REPRESENTATION_CONTEXT('2D SPACE',''
  ) );
#7152 = PCURVE('',#3323,#7153);
#7153 = DEFINITIONAL_REPRESENTATION('',(#7154),#7158);
#7154 = LINE('',#7155,#7156);
#7155 = CARTESIAN_POINT('',(-0.5,0.));
#7156 = VECTOR('',#7157,1.);
#7157 = DIRECTION('',(0.,1.));
#7158 = ( GEOMETRIC_REPRESENTATION_CONTEXT(2) 
PARAMETRIC_REPRESENTATION_CONTEXT() REPRESENTATION_CONTEXT('2D SPACE',''
  ) );
#7159 = ORIENTED_EDGE('',*,*,#3335,.T.);
#7160 = ORIENTED_EDGE('',*,*,#7067,.F.);
#7161 = ADVANCED_FACE('',(#7162,#7837,#8002),#3323,.F.);
#7162 = FACE_BOUND('',#7163,.F.);
#7163 = EDGE_LOOP('',(#7164,#7165,#7166,#7167,#7187,#7188,#7209,#7210,
    #7233,#7261,#7287,#7313,#7339,#7365,#7391,#7424,#7450,#7476,#7502,
    #7528,#7549,#7582,#7608,#7634,#7660,#7686,#7712,#7738,#7764,#7792,
    #7815,#7836));
#7164 = ORIENTED_EDGE('',*,*,#3307,.F.);
#7165 = ORIENTED_EDGE('',*,*,#7139,.F.);
#7166 = ORIENTED_EDGE('',*,*,#3887,.T.);
#7167 = ORIENTED_EDGE('',*,*,#7168,.T.);
#7168 = EDGE_CURVE('',#3860,#6584,#7169,.T.);
#7169 = SURFACE_CURVE('',#7170,(#7174,#7181),.PCURVE_S1.);
#7170 = LINE('',#7171,#7172);
#7171 = CARTESIAN_POINT('',(-15.16,17.35,-32.825));
#7172 = VECTOR('',#7173,1.);
#7173 = DIRECTION('',(1.,0.,0.));
#7174 = PCURVE('',#3323,#7175);
#7175 = DEFINITIONAL_REPRESENTATION('',(#7176),#7180);
#7176 = LINE('',#7177,#7178);
#7177 = CARTESIAN_POINT('',(3.175,0.));
#7178 = VECTOR('',#7179,1.);
#7179 = DIRECTION('',(0.,1.));
#7180 = ( GEOMETRIC_REPRESENTATION_CONTEXT(2) 
PARAMETRIC_REPRESENTATION_CONTEXT() REPRESENTATION_CONTEXT('2D SPACE',''
  ) );
#7181 = PCURVE('',#3875,#7182);
#7182 = DEFINITIONAL_REPRESENTATION('',(#7183),#7186);
#7183 = B_SPLINE_CURVE_WITH_KNOTS('',1,(#7184,#7185),.UNSPECIFIED.,.F.,
  .F.,(2,2),(0.,2.4),.PIECEWISE_BEZIER_KNOTS.);
#7184 = CARTESIAN_POINT('',(56.994237647327,0.));
#7185 = CARTESIAN_POINT('',(56.994237647327,-2.4));
#7186 = ( GEOMETRIC_REPRESENTATION_CONTEXT(2) 
PARAMETRIC_REPRESENTATION_CONTEXT() REPRESENTATION_CONTEXT('2D SPACE',''
  ) );
#7187 = ORIENTED_EDGE('',*,*,#6606,.F.);
#7188 = ORIENTED_EDGE('',*,*,#7189,.T.);
#7189 = EDGE_CURVE('',#6444,#3647,#7190,.T.);
#7190 = SURFACE_CURVE('',#7191,(#7195,#7202),.PCURVE_S1.);
#7191 = LINE('',#7192,#7193);
#7192 = CARTESIAN_POINT('',(-15.16,17.35,-16.));
#7193 = VECTOR('',#7194,1.);
#7194 = DIRECTION('',(-1.,0.,-0.));
#7195 = PCURVE('',#3323,#7196);
#7196 = DEFINITIONAL_REPRESENTATION('',(#7197),#7201);
#7197 = LINE('',#7198,#7199);
#7198 = CARTESIAN_POINT('',(20.,0.));
#7199 = VECTOR('',#7200,1.);
#7200 = DIRECTION('',(0.,-1.));
#7201 = ( GEOMETRIC_REPRESENTATION_CONTEXT(2) 
PARAMETRIC_REPRESENTATION_CONTEXT() REPRESENTATION_CONTEXT('2D SPACE',''
  ) );
#7202 = PCURVE('',#3685,#7203);
#7203 = DEFINITIONAL_REPRESENTATION('',(#7204),#7208);
#7204 = LINE('',#7205,#7206);
#7205 = CARTESIAN_POINT('',(2.4,0.));
#7206 = VECTOR('',#7207,1.);
#7207 = DIRECTION('',(0.,1.));
#7208 = ( GEOMETRIC_REPRESENTATION_CONTEXT(2) 
PARAMETRIC_REPRESENTATION_CONTEXT() REPRESENTATION_CONTEXT('2D SPACE',''
  ) );
#7209 = ORIENTED_EDGE('',*,*,#3646,.T.);
#7210 = ORIENTED_EDGE('',*,*,#7211,.T.);
#7211 = EDGE_CURVE('',#3619,#7212,#7214,.T.);
#7212 = VERTEX_POINT('',#7213);
#7213 = CARTESIAN_POINT('',(-9.853425800198,17.35,-3.));
#7214 = SURFACE_CURVE('',#7215,(#7219,#7226),.PCURVE_S1.);
#7215 = LINE('',#7216,#7217);
#7216 = CARTESIAN_POINT('',(-15.16,17.35,-3.));
#7217 = VECTOR('',#7218,1.);
#7218 = DIRECTION('',(1.,0.,-0.));
#7219 = PCURVE('',#3323,#7220);
#7220 = DEFINITIONAL_REPRESENTATION('',(#7221),#7225);
#7221 = LINE('',#7222,#7223);
#7222 = CARTESIAN_POINT('',(33.,0.));
#7223 = VECTOR('',#7224,1.);
#7224 = DIRECTION('',(0.,1.));
#7225 = ( GEOMETRIC_REPRESENTATION_CONTEXT(2) 
PARAMETRIC_REPRESENTATION_CONTEXT() REPRESENTATION_CONTEXT('2D SPACE',''
  ) );
#7226 = PCURVE('',#3634,#7227);
#7227 = DEFINITIONAL_REPRESENTATION('',(#7228),#7232);
#7228 = LINE('',#7229,#7230);
#7229 = CARTESIAN_POINT('',(0.,0.));
#7230 = VECTOR('',#7231,1.);
#7231 = DIRECTION('',(1.,0.));
#7232 = ( GEOMETRIC_REPRESENTATION_CONTEXT(2) 
PARAMETRIC_REPRESENTATION_CONTEXT() REPRESENTATION_CONTEXT('2D SPACE',''
  ) );
#7233 = ORIENTED_EDGE('',*,*,#7234,.T.);
#7234 = EDGE_CURVE('',#7212,#7235,#7237,.T.);
#7235 = VERTEX_POINT('',#7236);
#7236 = CARTESIAN_POINT('',(-7.82,17.35,-6.703551297633));
#7237 = SURFACE_CURVE('',#7238,(#7243,#7254),.PCURVE_S1.);
#7238 = CIRCLE('',#7239,10.3);
#7239 = AXIS2_PLACEMENT_3D('',#7240,#7241,#7242);
#7240 = CARTESIAN_POINT('',(0.,17.35,2.6645352591E-16));
#7241 = DIRECTION('',(0.,-1.,2.22044604925E-16));
#7242 = DIRECTION('',(1.,0.,0.));
#7243 = PCURVE('',#3323,#7244);
#7244 = DEFINITIONAL_REPRESENTATION('',(#7245),#7253);
#7245 = ( BOUNDED_CURVE() B_SPLINE_CURVE(2,(#7246,#7247,#7248,#7249,
#7250,#7251,#7252),.UNSPECIFIED.,.T.,.F.) B_SPLINE_CURVE_WITH_KNOTS((1,2
    ,2,2,2,1),(-2.094395102393,0.,2.094395102393,4.188790204786,
6.28318530718,8.377580409573),.UNSPECIFIED.) CURVE() 
GEOMETRIC_REPRESENTATION_ITEM() RATIONAL_B_SPLINE_CURVE((1.,0.5,1.,0.5,
1.,0.5,1.)) REPRESENTATION_ITEM('') );
#7246 = CARTESIAN_POINT('',(36.,25.46));
#7247 = CARTESIAN_POINT('',(53.840123317959,25.46));
#7248 = CARTESIAN_POINT('',(44.92006165898,10.01));
#7249 = CARTESIAN_POINT('',(36.,-5.44));
#7250 = CARTESIAN_POINT('',(27.07993834102,10.01));
#7251 = CARTESIAN_POINT('',(18.159876682041,25.46));
#7252 = CARTESIAN_POINT('',(36.,25.46));
#7253 = ( GEOMETRIC_REPRESENTATION_CONTEXT(2) 
PARAMETRIC_REPRESENTATION_CONTEXT() REPRESENTATION_CONTEXT('2D SPACE',''
  ) );
#7254 = PCURVE('',#6824,#7255);
#7255 = DEFINITIONAL_REPRESENTATION('',(#7256),#7260);
#7256 = LINE('',#7257,#7258);
#7257 = CARTESIAN_POINT('',(0.,3.4));
#7258 = VECTOR('',#7259,1.);
#7259 = DIRECTION('',(1.,0.));
#7260 = ( GEOMETRIC_REPRESENTATION_CONTEXT(2) 
PARAMETRIC_REPRESENTATION_CONTEXT() REPRESENTATION_CONTEXT('2D SPACE',''
  ) );
#7261 = ORIENTED_EDGE('',*,*,#7262,.T.);
#7262 = EDGE_CURVE('',#7235,#7263,#7265,.T.);
#7263 = VERTEX_POINT('',#7264);
#7264 = CARTESIAN_POINT('',(-7.82,17.35,-34.66));
#7265 = SURFACE_CURVE('',#7266,(#7270,#7276),.PCURVE_S1.);
#7266 = LINE('',#7267,#7268);
#7267 = CARTESIAN_POINT('',(-7.82,17.35,-35.33));
#7268 = VECTOR('',#7269,1.);
#7269 = DIRECTION('',(-0.,0.,-1.));
#7270 = PCURVE('',#3323,#7271);
#7271 = DEFINITIONAL_REPRESENTATION('',(#7272),#7275);
#7272 = B_SPLINE_CURVE_WITH_KNOTS('',1,(#7273,#7274),.UNSPECIFIED.,.F.,
  .F.,(2,2),(-32.33,-0.67),.PIECEWISE_BEZIER_KNOTS.);
#7273 = CARTESIAN_POINT('',(33.,7.34));
#7274 = CARTESIAN_POINT('',(1.34,7.34));
#7275 = ( GEOMETRIC_REPRESENTATION_CONTEXT(2) 
PARAMETRIC_REPRESENTATION_CONTEXT() REPRESENTATION_CONTEXT('2D SPACE',''
  ) );
#7276 = PCURVE('',#7277,#7282);
#7277 = PLANE('',#7278);
#7278 = AXIS2_PLACEMENT_3D('',#7279,#7280,#7281);
#7279 = CARTESIAN_POINT('',(-7.82,17.34,-34.66));
#7280 = DIRECTION('',(1.,0.,-0.));
#7281 = DIRECTION('',(0.,0.,1.));
#7282 = DEFINITIONAL_REPRESENTATION('',(#7283),#7286);
#7283 = B_SPLINE_CURVE_WITH_KNOTS('',1,(#7284,#7285),.UNSPECIFIED.,.F.,
  .F.,(2,2),(-32.33,-0.67),.PIECEWISE_BEZIER_KNOTS.);
#7284 = CARTESIAN_POINT('',(31.66,-9.999999999998E-03));
#7285 = CARTESIAN_POINT('',(0.,-9.999999999998E-03));
#7286 = ( GEOMETRIC_REPRESENTATION_CONTEXT(2) 
PARAMETRIC_REPRESENTATION_CONTEXT() REPRESENTATION_CONTEXT('2D SPACE',''
  ) );
#7287 = ORIENTED_EDGE('',*,*,#7288,.T.);
#7288 = EDGE_CURVE('',#7263,#7289,#7291,.T.);
#7289 = VERTEX_POINT('',#7290);
#7290 = CARTESIAN_POINT('',(7.82,17.35,-34.66));
#7291 = SURFACE_CURVE('',#7292,(#7296,#7302),.PCURVE_S1.);
#7292 = LINE('',#7293,#7294);
#7293 = CARTESIAN_POINT('',(-11.49,17.35,-34.66));
#7294 = VECTOR('',#7295,1.);
#7295 = DIRECTION('',(1.,0.,-0.));
#7296 = PCURVE('',#3323,#7297);
#7297 = DEFINITIONAL_REPRESENTATION('',(#7298),#7301);
#7298 = B_SPLINE_CURVE_WITH_KNOTS('',1,(#7299,#7300),.UNSPECIFIED.,.F.,
  .F.,(2,2),(3.67,19.31),.PIECEWISE_BEZIER_KNOTS.);
#7299 = CARTESIAN_POINT('',(1.34,7.34));
#7300 = CARTESIAN_POINT('',(1.34,22.98));
#7301 = ( GEOMETRIC_REPRESENTATION_CONTEXT(2) 
PARAMETRIC_REPRESENTATION_CONTEXT() REPRESENTATION_CONTEXT('2D SPACE',''
  ) );
#7302 = PCURVE('',#7303,#7308);
#7303 = PLANE('',#7304);
#7304 = AXIS2_PLACEMENT_3D('',#7305,#7306,#7307);
#7305 = CARTESIAN_POINT('',(-7.82,17.34,-34.66));
#7306 = DIRECTION('',(0.,0.,1.));
#7307 = DIRECTION('',(1.,0.,-0.));
#7308 = DEFINITIONAL_REPRESENTATION('',(#7309),#7312);
#7309 = B_SPLINE_CURVE_WITH_KNOTS('',1,(#7310,#7311),.UNSPECIFIED.,.F.,
  .F.,(2,2),(3.67,19.31),.PIECEWISE_BEZIER_KNOTS.);
#7310 = CARTESIAN_POINT('',(0.,9.999999999998E-03));
#7311 = CARTESIAN_POINT('',(15.64,9.999999999998E-03));
#7312 = ( GEOMETRIC_REPRESENTATION_CONTEXT(2) 
PARAMETRIC_REPRESENTATION_CONTEXT() REPRESENTATION_CONTEXT('2D SPACE',''
  ) );
#7313 = ORIENTED_EDGE('',*,*,#7314,.T.);
#7314 = EDGE_CURVE('',#7289,#7315,#7317,.T.);
#7315 = VERTEX_POINT('',#7316);
#7316 = CARTESIAN_POINT('',(7.82,17.35,-35.26));
#7317 = SURFACE_CURVE('',#7318,(#7322,#7328),.PCURVE_S1.);
#7318 = LINE('',#7319,#7320);
#7319 = CARTESIAN_POINT('',(7.82,17.35,-21.865));
#7320 = VECTOR('',#7321,1.);
#7321 = DIRECTION('',(0.,0.,-1.));
#7322 = PCURVE('',#3323,#7323);
#7323 = DEFINITIONAL_REPRESENTATION('',(#7324),#7327);
#7324 = B_SPLINE_CURVE_WITH_KNOTS('',1,(#7325,#7326),.UNSPECIFIED.,.F.,
  .F.,(2,2),(-14.135,13.395),.PIECEWISE_BEZIER_KNOTS.);
#7325 = CARTESIAN_POINT('',(28.27,22.98));
#7326 = CARTESIAN_POINT('',(0.74,22.98));
#7327 = ( GEOMETRIC_REPRESENTATION_CONTEXT(2) 
PARAMETRIC_REPRESENTATION_CONTEXT() REPRESENTATION_CONTEXT('2D SPACE',''
  ) );
#7328 = PCURVE('',#7329,#7334);
#7329 = PLANE('',#7330);
#7330 = AXIS2_PLACEMENT_3D('',#7331,#7332,#7333);
#7331 = CARTESIAN_POINT('',(7.82,17.34,-7.73));
#7332 = DIRECTION('',(1.,-0.,0.));
#7333 = DIRECTION('',(0.,1.,0.));
#7334 = DEFINITIONAL_REPRESENTATION('',(#7335),#7338);
#7335 = B_SPLINE_CURVE_WITH_KNOTS('',1,(#7336,#7337),.UNSPECIFIED.,.F.,
  .F.,(2,2),(-14.135,13.395),.PIECEWISE_BEZIER_KNOTS.);
#7336 = CARTESIAN_POINT('',(1.E-02,0.));
#7337 = CARTESIAN_POINT('',(1.E-02,-27.53));
#7338 = ( GEOMETRIC_REPRESENTATION_CONTEXT(2) 
PARAMETRIC_REPRESENTATION_CONTEXT() REPRESENTATION_CONTEXT('2D SPACE',''
  ) );
#7339 = ORIENTED_EDGE('',*,*,#7340,.F.);
#7340 = EDGE_CURVE('',#7341,#7315,#7343,.T.);
#7341 = VERTEX_POINT('',#7342);
#7342 = CARTESIAN_POINT('',(9.536,17.35,-35.26));
#7343 = SURFACE_CURVE('',#7344,(#7348,#7354),.PCURVE_S1.);
#7344 = LINE('',#7345,#7346);
#7345 = CARTESIAN_POINT('',(-3.352831011667,17.35,-35.26));
#7346 = VECTOR('',#7347,1.);
#7347 = DIRECTION('',(-1.,0.,0.));
#7348 = PCURVE('',#3323,#7349);
#7349 = DEFINITIONAL_REPRESENTATION('',(#7350),#7353);
#7350 = B_SPLINE_CURVE_WITH_KNOTS('',1,(#7351,#7352),.UNSPECIFIED.,.F.,
  .F.,(2,2),(-12.90083101166,-11.17283101166),.PIECEWISE_BEZIER_KNOTS.);
#7351 = CARTESIAN_POINT('',(0.74,24.708));
#7352 = CARTESIAN_POINT('',(0.74,22.98));
#7353 = ( GEOMETRIC_REPRESENTATION_CONTEXT(2) 
PARAMETRIC_REPRESENTATION_CONTEXT() REPRESENTATION_CONTEXT('2D SPACE',''
  ) );
#7354 = PCURVE('',#7355,#7360);
#7355 = PLANE('',#7356);
#7356 = AXIS2_PLACEMENT_3D('',#7357,#7358,#7359);
#7357 = CARTESIAN_POINT('',(8.454337976665,17.830337976665,-35.26));
#7358 = DIRECTION('',(0.,-0.,-1.));
#7359 = DIRECTION('',(-1.,0.,0.));
#7360 = DEFINITIONAL_REPRESENTATION('',(#7361),#7364);
#7361 = B_SPLINE_CURVE_WITH_KNOTS('',1,(#7362,#7363),.UNSPECIFIED.,.F.,
  .F.,(2,2),(-12.90083101166,-11.17283101166),.PIECEWISE_BEZIER_KNOTS.);
#7362 = CARTESIAN_POINT('',(-1.093662023335,-0.480337976665));
#7363 = CARTESIAN_POINT('',(0.634337976665,-0.480337976665));
#7364 = ( GEOMETRIC_REPRESENTATION_CONTEXT(2) 
PARAMETRIC_REPRESENTATION_CONTEXT() REPRESENTATION_CONTEXT('2D SPACE',''
  ) );
#7365 = ORIENTED_EDGE('',*,*,#7366,.T.);
#7366 = EDGE_CURVE('',#7341,#7367,#7369,.T.);
#7367 = VERTEX_POINT('',#7368);
#7368 = CARTESIAN_POINT('',(9.536,17.35,-30.26202377156));
#7369 = SURFACE_CURVE('',#7370,(#7374,#7380),.PCURVE_S1.);
#7370 = LINE('',#7371,#7372);
#7371 = CARTESIAN_POINT('',(9.536,17.35,-21.865));
#7372 = VECTOR('',#7373,1.);
#7373 = DIRECTION('',(0.,-0.,1.));
#7374 = PCURVE('',#3323,#7375);
#7375 = DEFINITIONAL_REPRESENTATION('',(#7376),#7379);
#7376 = B_SPLINE_CURVE_WITH_KNOTS('',1,(#7377,#7378),.UNSPECIFIED.,.F.,
  .F.,(2,2),(-13.395,14.135),.PIECEWISE_BEZIER_KNOTS.);
#7377 = CARTESIAN_POINT('',(0.74,24.696));
#7378 = CARTESIAN_POINT('',(28.27,24.696));
#7379 = ( GEOMETRIC_REPRESENTATION_CONTEXT(2) 
PARAMETRIC_REPRESENTATION_CONTEXT() REPRESENTATION_CONTEXT('2D SPACE',''
  ) );
#7380 = PCURVE('',#7381,#7386);
#7381 = PLANE('',#7382);
#7382 = AXIS2_PLACEMENT_3D('',#7383,#7384,#7385);
#7383 = CARTESIAN_POINT('',(7.82,18.78,-7.73));
#7384 = DIRECTION('',(-0.640184399664,-0.768221279597,-0.));
#7385 = DIRECTION('',(0.768221279597,-0.640184399664,0.));
#7386 = DEFINITIONAL_REPRESENTATION('',(#7387),#7390);
#7387 = B_SPLINE_CURVE_WITH_KNOTS('',1,(#7388,#7389),.UNSPECIFIED.,.F.,
  .F.,(2,2),(-13.395,14.135),.PIECEWISE_BEZIER_KNOTS.);
#7388 = CARTESIAN_POINT('',(2.233731407309,-27.53));
#7389 = CARTESIAN_POINT('',(2.233731407309,0.));
#7390 = ( GEOMETRIC_REPRESENTATION_CONTEXT(2) 
PARAMETRIC_REPRESENTATION_CONTEXT() REPRESENTATION_CONTEXT('2D SPACE',''
  ) );
#7391 = ORIENTED_EDGE('',*,*,#7392,.T.);
#7392 = EDGE_CURVE('',#7367,#7393,#7395,.T.);
#7393 = VERTEX_POINT('',#7394);
#7394 = CARTESIAN_POINT('',(11.7,17.35,-29.));
#7395 = SURFACE_CURVE('',#7396,(#7401,#7412),.PCURVE_S1.);
#7396 = CIRCLE('',#7397,1.45);
#7397 = AXIS2_PLACEMENT_3D('',#7398,#7399,#7400);
#7398 = CARTESIAN_POINT('',(10.25,17.35,-29.));
#7399 = DIRECTION('',(0.,-1.,2.22044604925E-16));
#7400 = DIRECTION('',(1.,0.,0.));
#7401 = PCURVE('',#3323,#7402);
#7402 = DEFINITIONAL_REPRESENTATION('',(#7403),#7411);
#7403 = ( BOUNDED_CURVE() B_SPLINE_CURVE(2,(#7404,#7405,#7406,#7407,
#7408,#7409,#7410),.UNSPECIFIED.,.T.,.F.) B_SPLINE_CURVE_WITH_KNOTS((1,2
    ,2,2,2,1),(-2.094395102393,0.,2.094395102393,4.188790204786,
6.28318530718,8.377580409573),.UNSPECIFIED.) CURVE() 
GEOMETRIC_REPRESENTATION_ITEM() RATIONAL_B_SPLINE_CURVE((1.,0.5,1.,0.5,
1.,0.5,1.)) REPRESENTATION_ITEM('') );
#7404 = CARTESIAN_POINT('',(7.,26.86));
#7405 = CARTESIAN_POINT('',(9.511473670975,26.86));
#7406 = CARTESIAN_POINT('',(8.255736835487,24.685));
#7407 = CARTESIAN_POINT('',(7.,22.51));
#7408 = CARTESIAN_POINT('',(5.744263164513,24.685));
#7409 = CARTESIAN_POINT('',(4.488526329025,26.86));
#7410 = CARTESIAN_POINT('',(7.,26.86));
#7411 = ( GEOMETRIC_REPRESENTATION_CONTEXT(2) 
PARAMETRIC_REPRESENTATION_CONTEXT() REPRESENTATION_CONTEXT('2D SPACE',''
  ) );
#7412 = PCURVE('',#7413,#7418);
#7413 = CYLINDRICAL_SURFACE('',#7414,1.45);
#7414 = AXIS2_PLACEMENT_3D('',#7415,#7416,#7417);
#7415 = CARTESIAN_POINT('',(10.25,20.75,-29.));
#7416 = DIRECTION('',(0.,-1.,2.22044604925E-16));
#7417 = DIRECTION('',(1.,0.,0.));
#7418 = DEFINITIONAL_REPRESENTATION('',(#7419),#7423);
#7419 = LINE('',#7420,#7421);
#7420 = CARTESIAN_POINT('',(0.,3.4));
#7421 = VECTOR('',#7422,1.);
#7422 = DIRECTION('',(1.,0.));
#7423 = ( GEOMETRIC_REPRESENTATION_CONTEXT(2) 
PARAMETRIC_REPRESENTATION_CONTEXT() REPRESENTATION_CONTEXT('2D SPACE',''
  ) );
#7424 = ORIENTED_EDGE('',*,*,#7425,.F.);
#7425 = EDGE_CURVE('',#7426,#7393,#7428,.T.);
#7426 = VERTEX_POINT('',#7427);
#7427 = CARTESIAN_POINT('',(11.7,17.35,-28.39939033455));
#7428 = SURFACE_CURVE('',#7429,(#7433,#7439),.PCURVE_S1.);
#7429 = LINE('',#7430,#7431);
#7430 = CARTESIAN_POINT('',(11.7,17.35,-32.5));
#7431 = VECTOR('',#7432,1.);
#7432 = DIRECTION('',(0.,0.,-1.));
#7433 = PCURVE('',#3323,#7434);
#7434 = DEFINITIONAL_REPRESENTATION('',(#7435),#7438);
#7435 = B_SPLINE_CURVE_WITH_KNOTS('',1,(#7436,#7437),.UNSPECIFIED.,.F.,
  .F.,(2,2),(-4.100609665441,-3.5),.PIECEWISE_BEZIER_KNOTS.);
#7436 = CARTESIAN_POINT('',(7.600609665441,26.86));
#7437 = CARTESIAN_POINT('',(7.,26.86));
#7438 = ( GEOMETRIC_REPRESENTATION_CONTEXT(2) 
PARAMETRIC_REPRESENTATION_CONTEXT() REPRESENTATION_CONTEXT('2D SPACE',''
  ) );
#7439 = PCURVE('',#7440,#7445);
#7440 = PLANE('',#7441);
#7441 = AXIS2_PLACEMENT_3D('',#7442,#7443,#7444);
#7442 = CARTESIAN_POINT('',(11.7,16.35,-29.));
#7443 = DIRECTION('',(1.,0.,0.));
#7444 = DIRECTION('',(0.,0.,1.));
#7445 = DEFINITIONAL_REPRESENTATION('',(#7446),#7449);
#7446 = B_SPLINE_CURVE_WITH_KNOTS('',1,(#7447,#7448),.UNSPECIFIED.,.F.,
  .F.,(2,2),(-4.100609665441,-3.5),.PIECEWISE_BEZIER_KNOTS.);
#7447 = CARTESIAN_POINT('',(0.600609665441,-1.));
#7448 = CARTESIAN_POINT('',(-8.881784197001E-16,-1.));
#7449 = ( GEOMETRIC_REPRESENTATION_CONTEXT(2) 
PARAMETRIC_REPRESENTATION_CONTEXT() REPRESENTATION_CONTEXT('2D SPACE',''
  ) );
#7450 = ORIENTED_EDGE('',*,*,#7451,.F.);
#7451 = EDGE_CURVE('',#7452,#7426,#7454,.T.);
#7452 = VERTEX_POINT('',#7453);
#7453 = CARTESIAN_POINT('',(10.850609665441,17.35,-27.55));
#7454 = SURFACE_CURVE('',#7455,(#7459,#7465),.PCURVE_S1.);
#7455 = LINE('',#7456,#7457);
#7456 = CARTESIAN_POINT('',(6.16015241636,17.35,-22.85954275091));
#7457 = VECTOR('',#7458,1.);
#7458 = DIRECTION('',(0.707106781187,0.,-0.707106781187));
#7459 = PCURVE('',#3323,#7460);
#7460 = DEFINITIONAL_REPRESENTATION('',(#7461),#7464);
#7461 = B_SPLINE_CURVE_WITH_KNOTS('',1,(#7462,#7463),.UNSPECIFIED.,.F.,
  .F.,(2,2),(6.633308255381,7.834527586263),.PIECEWISE_BEZIER_KNOTS.);
#7462 = CARTESIAN_POINT('',(8.45,26.010609665441));
#7463 = CARTESIAN_POINT('',(7.600609665441,26.86));
#7464 = ( GEOMETRIC_REPRESENTATION_CONTEXT(2) 
PARAMETRIC_REPRESENTATION_CONTEXT() REPRESENTATION_CONTEXT('2D SPACE',''
  ) );
#7465 = PCURVE('',#7466,#7471);
#7466 = PLANE('',#7467);
#7467 = AXIS2_PLACEMENT_3D('',#7468,#7469,#7470);
#7468 = CARTESIAN_POINT('',(10.25,16.35,-26.94939033455));
#7469 = DIRECTION('',(0.707106781187,0.,0.707106781187));
#7470 = DIRECTION('',(0.707106781187,0.,-0.707106781187));
#7471 = DEFINITIONAL_REPRESENTATION('',(#7472),#7475);
#7472 = B_SPLINE_CURVE_WITH_KNOTS('',1,(#7473,#7474),.UNSPECIFIED.,.F.,
  .F.,(2,2),(6.633308255381,7.834527586263),.PIECEWISE_BEZIER_KNOTS.);
#7473 = CARTESIAN_POINT('',(0.849390334559,1.));
#7474 = CARTESIAN_POINT('',(2.050609665441,1.));
#7475 = ( GEOMETRIC_REPRESENTATION_CONTEXT(2) 
PARAMETRIC_REPRESENTATION_CONTEXT() REPRESENTATION_CONTEXT('2D SPACE',''
  ) );
#7476 = ORIENTED_EDGE('',*,*,#7477,.F.);
#7477 = EDGE_CURVE('',#7478,#7452,#7480,.T.);
#7478 = VERTEX_POINT('',#7479);
#7479 = CARTESIAN_POINT('',(9.649390334559,17.35,-27.55));
#7480 = SURFACE_CURVE('',#7481,(#7485,#7491),.PCURVE_S1.);
#7481 = LINE('',#7482,#7483);
#7482 = CARTESIAN_POINT('',(-3.18,17.35,-27.55));
#7483 = VECTOR('',#7484,1.);
#7484 = DIRECTION('',(1.,0.,-0.));
#7485 = PCURVE('',#3323,#7486);
#7486 = DEFINITIONAL_REPRESENTATION('',(#7487),#7490);
#7487 = B_SPLINE_CURVE_WITH_KNOTS('',1,(#7488,#7489),.UNSPECIFIED.,.F.,
  .F.,(2,2),(12.829390334559,14.030609665441),.PIECEWISE_BEZIER_KNOTS.);
#7488 = CARTESIAN_POINT('',(8.45,24.809390334559));
#7489 = CARTESIAN_POINT('',(8.45,26.010609665441));
#7490 = ( GEOMETRIC_REPRESENTATION_CONTEXT(2) 
PARAMETRIC_REPRESENTATION_CONTEXT() REPRESENTATION_CONTEXT('2D SPACE',''
  ) );
#7491 = PCURVE('',#7492,#7497);
#7492 = PLANE('',#7493);
#7493 = AXIS2_PLACEMENT_3D('',#7494,#7495,#7496);
#7494 = CARTESIAN_POINT('',(8.8,16.35,-27.55));
#7495 = DIRECTION('',(0.,0.,1.));
#7496 = DIRECTION('',(1.,0.,0.));
#7497 = DEFINITIONAL_REPRESENTATION('',(#7498),#7501);
#7498 = B_SPLINE_CURVE_WITH_KNOTS('',1,(#7499,#7500),.UNSPECIFIED.,.F.,
  .F.,(2,2),(12.829390334559,14.030609665441),.PIECEWISE_BEZIER_KNOTS.);
#7499 = CARTESIAN_POINT('',(0.849390334559,1.));
#7500 = CARTESIAN_POINT('',(2.050609665441,1.));
#7501 = ( GEOMETRIC_REPRESENTATION_CONTEXT(2) 
PARAMETRIC_REPRESENTATION_CONTEXT() REPRESENTATION_CONTEXT('2D SPACE',''
  ) );
#7502 = ORIENTED_EDGE('',*,*,#7503,.T.);
#7503 = EDGE_CURVE('',#7478,#7504,#7506,.T.);
#7504 = VERTEX_POINT('',#7505);
#7505 = CARTESIAN_POINT('',(9.536,17.35,-27.66339033455));
#7506 = SURFACE_CURVE('',#7507,(#7511,#7517),.PCURVE_S1.);
#7507 = LINE('',#7508,#7509);
#7508 = CARTESIAN_POINT('',(0.609542750919,17.35,-36.58984758364));
#7509 = VECTOR('',#7510,1.);
#7510 = DIRECTION('',(-0.707106781187,0.,-0.707106781187));
#7511 = PCURVE('',#3323,#7512);
#7512 = DEFINITIONAL_REPRESENTATION('',(#7513),#7516);
#7513 = B_SPLINE_CURVE_WITH_KNOTS('',1,(#7514,#7515),.UNSPECIFIED.,.F.,
  .F.,(2,2),(-12.78427505456,-11.58305572368),.PIECEWISE_BEZIER_KNOTS.);
#7514 = CARTESIAN_POINT('',(8.45,24.809390334559));
#7515 = CARTESIAN_POINT('',(7.600609665441,23.96));
#7516 = ( GEOMETRIC_REPRESENTATION_CONTEXT(2) 
PARAMETRIC_REPRESENTATION_CONTEXT() REPRESENTATION_CONTEXT('2D SPACE',''
  ) );
#7517 = PCURVE('',#7518,#7523);
#7518 = PLANE('',#7519);
#7519 = AXIS2_PLACEMENT_3D('',#7520,#7521,#7522);
#7520 = CARTESIAN_POINT('',(8.199390334559,16.35,-29.));
#7521 = DIRECTION('',(0.707106781187,0.,-0.707106781187));
#7522 = DIRECTION('',(0.707106781187,0.,0.707106781187));
#7523 = DEFINITIONAL_REPRESENTATION('',(#7524),#7527);
#7524 = B_SPLINE_CURVE_WITH_KNOTS('',1,(#7525,#7526),.UNSPECIFIED.,.F.,
  .F.,(2,2),(-12.78427505456,-11.58305572368),.PIECEWISE_BEZIER_KNOTS.);
#7525 = CARTESIAN_POINT('',(2.050609665441,-1.));
#7526 = CARTESIAN_POINT('',(0.849390334559,-1.));
#7527 = ( GEOMETRIC_REPRESENTATION_CONTEXT(2) 
PARAMETRIC_REPRESENTATION_CONTEXT() REPRESENTATION_CONTEXT('2D SPACE',''
  ) );
#7528 = ORIENTED_EDGE('',*,*,#7529,.T.);
#7529 = EDGE_CURVE('',#7504,#7530,#7532,.T.);
#7530 = VERTEX_POINT('',#7531);
#7531 = CARTESIAN_POINT('',(9.536,17.35,-9.562023771567));
#7532 = SURFACE_CURVE('',#7533,(#7537,#7543),.PCURVE_S1.);
#7533 = LINE('',#7534,#7535);
#7534 = CARTESIAN_POINT('',(9.536,17.35,-21.865));
#7535 = VECTOR('',#7536,1.);
#7536 = DIRECTION('',(0.,-0.,1.));
#7537 = PCURVE('',#3323,#7538);
#7538 = DEFINITIONAL_REPRESENTATION('',(#7539),#7542);
#7539 = B_SPLINE_CURVE_WITH_KNOTS('',1,(#7540,#7541),.UNSPECIFIED.,.F.,
  .F.,(2,2),(-13.395,14.135),.PIECEWISE_BEZIER_KNOTS.);
#7540 = CARTESIAN_POINT('',(0.74,24.696));
#7541 = CARTESIAN_POINT('',(28.27,24.696));
#7542 = ( GEOMETRIC_REPRESENTATION_CONTEXT(2) 
PARAMETRIC_REPRESENTATION_CONTEXT() REPRESENTATION_CONTEXT('2D SPACE',''
  ) );
#7543 = PCURVE('',#7381,#7544);
#7544 = DEFINITIONAL_REPRESENTATION('',(#7545),#7548);
#7545 = B_SPLINE_CURVE_WITH_KNOTS('',1,(#7546,#7547),.UNSPECIFIED.,.F.,
  .F.,(2,2),(-13.395,14.135),.PIECEWISE_BEZIER_KNOTS.);
#7546 = CARTESIAN_POINT('',(2.233731407309,-27.53));
#7547 = CARTESIAN_POINT('',(2.233731407309,0.));
#7548 = ( GEOMETRIC_REPRESENTATION_CONTEXT(2) 
PARAMETRIC_REPRESENTATION_CONTEXT() REPRESENTATION_CONTEXT('2D SPACE',''
  ) );
#7549 = ORIENTED_EDGE('',*,*,#7550,.T.);
#7550 = EDGE_CURVE('',#7530,#7551,#7553,.T.);
#7551 = VERTEX_POINT('',#7552);
#7552 = CARTESIAN_POINT('',(11.7,17.35,-8.3));
#7553 = SURFACE_CURVE('',#7554,(#7559,#7570),.PCURVE_S1.);
#7554 = CIRCLE('',#7555,1.45);
#7555 = AXIS2_PLACEMENT_3D('',#7556,#7557,#7558);
#7556 = CARTESIAN_POINT('',(10.25,17.35,-8.3));
#7557 = DIRECTION('',(0.,-1.,2.22044604925E-16));
#7558 = DIRECTION('',(1.,0.,0.));
#7559 = PCURVE('',#3323,#7560);
#7560 = DEFINITIONAL_REPRESENTATION('',(#7561),#7569);
#7561 = ( BOUNDED_CURVE() B_SPLINE_CURVE(2,(#7562,#7563,#7564,#7565,
#7566,#7567,#7568),.UNSPECIFIED.,.T.,.F.) B_SPLINE_CURVE_WITH_KNOTS((1,2
    ,2,2,2,1),(-2.094395102393,0.,2.094395102393,4.188790204786,
6.28318530718,8.377580409573),.UNSPECIFIED.) CURVE() 
GEOMETRIC_REPRESENTATION_ITEM() RATIONAL_B_SPLINE_CURVE((1.,0.5,1.,0.5,
1.,0.5,1.)) REPRESENTATION_ITEM('') );
#7562 = CARTESIAN_POINT('',(27.7,26.86));
#7563 = CARTESIAN_POINT('',(30.211473670975,26.86));
#7564 = CARTESIAN_POINT('',(28.955736835487,24.685));
#7565 = CARTESIAN_POINT('',(27.7,22.51));
#7566 = CARTESIAN_POINT('',(26.444263164513,24.685));
#7567 = CARTESIAN_POINT('',(25.188526329025,26.86));
#7568 = CARTESIAN_POINT('',(27.7,26.86));
#7569 = ( GEOMETRIC_REPRESENTATION_CONTEXT(2) 
PARAMETRIC_REPRESENTATION_CONTEXT() REPRESENTATION_CONTEXT('2D SPACE',''
  ) );
#7570 = PCURVE('',#7571,#7576);
#7571 = CYLINDRICAL_SURFACE('',#7572,1.45);
#7572 = AXIS2_PLACEMENT_3D('',#7573,#7574,#7575);
#7573 = CARTESIAN_POINT('',(10.25,20.75,-8.3));
#7574 = DIRECTION('',(0.,-1.,2.22044604925E-16));
#7575 = DIRECTION('',(1.,0.,0.));
#7576 = DEFINITIONAL_REPRESENTATION('',(#7577),#7581);
#7577 = LINE('',#7578,#7579);
#7578 = CARTESIAN_POINT('',(0.,3.4));
#7579 = VECTOR('',#7580,1.);
#7580 = DIRECTION('',(1.,0.));
#7581 = ( GEOMETRIC_REPRESENTATION_CONTEXT(2) 
PARAMETRIC_REPRESENTATION_CONTEXT() REPRESENTATION_CONTEXT('2D SPACE',''
  ) );
#7582 = ORIENTED_EDGE('',*,*,#7583,.F.);
#7583 = EDGE_CURVE('',#7584,#7551,#7586,.T.);
#7584 = VERTEX_POINT('',#7585);
#7585 = CARTESIAN_POINT('',(11.7,17.35,-7.699390334559));
#7586 = SURFACE_CURVE('',#7587,(#7591,#7597),.PCURVE_S1.);
#7587 = LINE('',#7588,#7589);
#7588 = CARTESIAN_POINT('',(11.7,17.35,-22.15));
#7589 = VECTOR('',#7590,1.);
#7590 = DIRECTION('',(0.,0.,-1.));
#7591 = PCURVE('',#3323,#7592);
#7592 = DEFINITIONAL_REPRESENTATION('',(#7593),#7596);
#7593 = B_SPLINE_CURVE_WITH_KNOTS('',1,(#7594,#7595),.UNSPECIFIED.,.F.,
  .F.,(2,2),(-14.45060966544,-13.85),.PIECEWISE_BEZIER_KNOTS.);
#7594 = CARTESIAN_POINT('',(28.300609665441,26.86));
#7595 = CARTESIAN_POINT('',(27.7,26.86));
#7596 = ( GEOMETRIC_REPRESENTATION_CONTEXT(2) 
PARAMETRIC_REPRESENTATION_CONTEXT() REPRESENTATION_CONTEXT('2D SPACE',''
  ) );
#7597 = PCURVE('',#7598,#7603);
#7598 = PLANE('',#7599);
#7599 = AXIS2_PLACEMENT_3D('',#7600,#7601,#7602);
#7600 = CARTESIAN_POINT('',(11.7,16.35,-8.3));
#7601 = DIRECTION('',(1.,0.,0.));
#7602 = DIRECTION('',(0.,0.,1.));
#7603 = DEFINITIONAL_REPRESENTATION('',(#7604),#7607);
#7604 = B_SPLINE_CURVE_WITH_KNOTS('',1,(#7605,#7606),.UNSPECIFIED.,.F.,
  .F.,(2,2),(-14.45060966544,-13.85),.PIECEWISE_BEZIER_KNOTS.);
#7605 = CARTESIAN_POINT('',(0.600609665441,-1.));
#7606 = CARTESIAN_POINT('',(0.,-1.));
#7607 = ( GEOMETRIC_REPRESENTATION_CONTEXT(2) 
PARAMETRIC_REPRESENTATION_CONTEXT() REPRESENTATION_CONTEXT('2D SPACE',''
  ) );
#7608 = ORIENTED_EDGE('',*,*,#7609,.F.);
#7609 = EDGE_CURVE('',#7610,#7584,#7612,.T.);
#7610 = VERTEX_POINT('',#7611);
#7611 = CARTESIAN_POINT('',(10.850609665441,17.35,-6.85));
#7612 = SURFACE_CURVE('',#7613,(#7617,#7623),.PCURVE_S1.);
#7613 = LINE('',#7614,#7615);
#7614 = CARTESIAN_POINT('',(11.33515241636,17.35,-7.334542750919));
#7615 = VECTOR('',#7616,1.);
#7616 = DIRECTION('',(0.707106781187,0.,-0.707106781187));
#7617 = PCURVE('',#3323,#7618);
#7618 = DEFINITIONAL_REPRESENTATION('',(#7619),#7622);
#7619 = B_SPLINE_CURVE_WITH_KNOTS('',1,(#7620,#7621),.UNSPECIFIED.,.F.,
  .F.,(2,2),(-0.6852469299,0.515972400982),.PIECEWISE_BEZIER_KNOTS.);
#7620 = CARTESIAN_POINT('',(29.15,26.010609665441));
#7621 = CARTESIAN_POINT('',(28.300609665441,26.86));
#7622 = ( GEOMETRIC_REPRESENTATION_CONTEXT(2) 
PARAMETRIC_REPRESENTATION_CONTEXT() REPRESENTATION_CONTEXT('2D SPACE',''
  ) );
#7623 = PCURVE('',#7624,#7629);
#7624 = PLANE('',#7625);
#7625 = AXIS2_PLACEMENT_3D('',#7626,#7627,#7628);
#7626 = CARTESIAN_POINT('',(10.25,16.35,-6.249390334559));
#7627 = DIRECTION('',(0.707106781187,0.,0.707106781187));
#7628 = DIRECTION('',(0.707106781187,0.,-0.707106781187));
#7629 = DEFINITIONAL_REPRESENTATION('',(#7630),#7633);
#7630 = B_SPLINE_CURVE_WITH_KNOTS('',1,(#7631,#7632),.UNSPECIFIED.,.F.,
  .F.,(2,2),(-0.6852469299,0.515972400982),.PIECEWISE_BEZIER_KNOTS.);
#7631 = CARTESIAN_POINT('',(0.849390334559,1.));
#7632 = CARTESIAN_POINT('',(2.050609665441,1.));
#7633 = ( GEOMETRIC_REPRESENTATION_CONTEXT(2) 
PARAMETRIC_REPRESENTATION_CONTEXT() REPRESENTATION_CONTEXT('2D SPACE',''
  ) );
#7634 = ORIENTED_EDGE('',*,*,#7635,.F.);
#7635 = EDGE_CURVE('',#7636,#7610,#7638,.T.);
#7636 = VERTEX_POINT('',#7637);
#7637 = CARTESIAN_POINT('',(9.649390334559,17.35,-6.85));
#7638 = SURFACE_CURVE('',#7639,(#7643,#7649),.PCURVE_S1.);
#7639 = LINE('',#7640,#7641);
#7640 = CARTESIAN_POINT('',(-3.18,17.35,-6.85));
#7641 = VECTOR('',#7642,1.);
#7642 = DIRECTION('',(1.,0.,-0.));
#7643 = PCURVE('',#3323,#7644);
#7644 = DEFINITIONAL_REPRESENTATION('',(#7645),#7648);
#7645 = B_SPLINE_CURVE_WITH_KNOTS('',1,(#7646,#7647),.UNSPECIFIED.,.F.,
  .F.,(2,2),(12.829390334559,14.030609665441),.PIECEWISE_BEZIER_KNOTS.);
#7646 = CARTESIAN_POINT('',(29.15,24.809390334559));
#7647 = CARTESIAN_POINT('',(29.15,26.010609665441));
#7648 = ( GEOMETRIC_REPRESENTATION_CONTEXT(2) 
PARAMETRIC_REPRESENTATION_CONTEXT() REPRESENTATION_CONTEXT('2D SPACE',''
  ) );
#7649 = PCURVE('',#7650,#7655);
#7650 = PLANE('',#7651);
#7651 = AXIS2_PLACEMENT_3D('',#7652,#7653,#7654);
#7652 = CARTESIAN_POINT('',(8.8,16.35,-6.85));
#7653 = DIRECTION('',(0.,0.,1.));
#7654 = DIRECTION('',(1.,0.,0.));
#7655 = DEFINITIONAL_REPRESENTATION('',(#7656),#7659);
#7656 = B_SPLINE_CURVE_WITH_KNOTS('',1,(#7657,#7658),.UNSPECIFIED.,.F.,
  .F.,(2,2),(12.829390334559,14.030609665441),.PIECEWISE_BEZIER_KNOTS.);
#7657 = CARTESIAN_POINT('',(0.849390334559,1.));
#7658 = CARTESIAN_POINT('',(2.050609665441,1.));
#7659 = ( GEOMETRIC_REPRESENTATION_CONTEXT(2) 
PARAMETRIC_REPRESENTATION_CONTEXT() REPRESENTATION_CONTEXT('2D SPACE',''
  ) );
#7660 = ORIENTED_EDGE('',*,*,#7661,.T.);
#7661 = EDGE_CURVE('',#7636,#7662,#7664,.T.);
#7662 = VERTEX_POINT('',#7663);
#7663 = CARTESIAN_POINT('',(8.8,17.35,-7.699390334559));
#7664 = SURFACE_CURVE('',#7665,(#7669,#7675),.PCURVE_S1.);
#7665 = LINE('',#7666,#7667);
#7666 = CARTESIAN_POINT('',(-4.565457249081,17.35,-21.06484758364));
#7667 = VECTOR('',#7668,1.);
#7668 = DIRECTION('',(-0.707106781187,0.,-0.707106781187));
#7669 = PCURVE('',#3323,#7670);
#7670 = DEFINITIONAL_REPRESENTATION('',(#7671),#7674);
#7671 = B_SPLINE_CURVE_WITH_KNOTS('',1,(#7672,#7673),.UNSPECIFIED.,.F.,
  .F.,(2,2),(-20.10283023985,-18.90161090896),.PIECEWISE_BEZIER_KNOTS.);
#7672 = CARTESIAN_POINT('',(29.15,24.809390334559));
#7673 = CARTESIAN_POINT('',(28.300609665441,23.96));
#7674 = ( GEOMETRIC_REPRESENTATION_CONTEXT(2) 
PARAMETRIC_REPRESENTATION_CONTEXT() REPRESENTATION_CONTEXT('2D SPACE',''
  ) );
#7675 = PCURVE('',#7676,#7681);
#7676 = PLANE('',#7677);
#7677 = AXIS2_PLACEMENT_3D('',#7678,#7679,#7680);
#7678 = CARTESIAN_POINT('',(8.199390334559,16.35,-8.3));
#7679 = DIRECTION('',(0.707106781187,0.,-0.707106781187));
#7680 = DIRECTION('',(0.707106781187,0.,0.707106781187));
#7681 = DEFINITIONAL_REPRESENTATION('',(#7682),#7685);
#7682 = B_SPLINE_CURVE_WITH_KNOTS('',1,(#7683,#7684),.UNSPECIFIED.,.F.,
  .F.,(2,2),(-20.10283023985,-18.90161090896),.PIECEWISE_BEZIER_KNOTS.);
#7683 = CARTESIAN_POINT('',(2.050609665441,-1.));
#7684 = CARTESIAN_POINT('',(0.849390334559,-1.));
#7685 = ( GEOMETRIC_REPRESENTATION_CONTEXT(2) 
PARAMETRIC_REPRESENTATION_CONTEXT() REPRESENTATION_CONTEXT('2D SPACE',''
  ) );
#7686 = ORIENTED_EDGE('',*,*,#7687,.T.);
#7687 = EDGE_CURVE('',#7662,#7688,#7690,.T.);
#7688 = VERTEX_POINT('',#7689);
#7689 = CARTESIAN_POINT('',(8.8,17.35,-7.73));
#7690 = SURFACE_CURVE('',#7691,(#7695,#7701),.PCURVE_S1.);
#7691 = LINE('',#7692,#7693);
#7692 = CARTESIAN_POINT('',(8.8,17.35,-22.15));
#7693 = VECTOR('',#7694,1.);
#7694 = DIRECTION('',(0.,0.,-1.));
#7695 = PCURVE('',#3323,#7696);
#7696 = DEFINITIONAL_REPRESENTATION('',(#7697),#7700);
#7697 = B_SPLINE_CURVE_WITH_KNOTS('',1,(#7698,#7699),.UNSPECIFIED.,.F.,
  .F.,(2,2),(-14.45060966544,-13.85),.PIECEWISE_BEZIER_KNOTS.);
#7698 = CARTESIAN_POINT('',(28.300609665441,23.96));
#7699 = CARTESIAN_POINT('',(27.7,23.96));
#7700 = ( GEOMETRIC_REPRESENTATION_CONTEXT(2) 
PARAMETRIC_REPRESENTATION_CONTEXT() REPRESENTATION_CONTEXT('2D SPACE',''
  ) );
#7701 = PCURVE('',#7702,#7707);
#7702 = PLANE('',#7703);
#7703 = AXIS2_PLACEMENT_3D('',#7704,#7705,#7706);
#7704 = CARTESIAN_POINT('',(8.8,16.35,-8.3));
#7705 = DIRECTION('',(1.,0.,0.));
#7706 = DIRECTION('',(0.,0.,1.));
#7707 = DEFINITIONAL_REPRESENTATION('',(#7708),#7711);
#7708 = B_SPLINE_CURVE_WITH_KNOTS('',1,(#7709,#7710),.UNSPECIFIED.,.F.,
  .F.,(2,2),(-14.45060966544,-13.85),.PIECEWISE_BEZIER_KNOTS.);
#7709 = CARTESIAN_POINT('',(0.600609665441,-1.));
#7710 = CARTESIAN_POINT('',(0.,-1.));
#7711 = ( GEOMETRIC_REPRESENTATION_CONTEXT(2) 
PARAMETRIC_REPRESENTATION_CONTEXT() REPRESENTATION_CONTEXT('2D SPACE',''
  ) );
#7712 = ORIENTED_EDGE('',*,*,#7713,.T.);
#7713 = EDGE_CURVE('',#7688,#7714,#7716,.T.);
#7714 = VERTEX_POINT('',#7715);
#7715 = CARTESIAN_POINT('',(7.82,17.35,-7.73));
#7716 = SURFACE_CURVE('',#7717,(#7721,#7727),.PCURVE_S1.);
#7717 = LINE('',#7718,#7719);
#7718 = CARTESIAN_POINT('',(-3.352831011667,17.35,-7.73));
#7719 = VECTOR('',#7720,1.);
#7720 = DIRECTION('',(-1.,0.,0.));
#7721 = PCURVE('',#3323,#7722);
#7722 = DEFINITIONAL_REPRESENTATION('',(#7723),#7726);
#7723 = B_SPLINE_CURVE_WITH_KNOTS('',1,(#7724,#7725),.UNSPECIFIED.,.F.,
  .F.,(2,2),(-12.90083101166,-11.17283101166),.PIECEWISE_BEZIER_KNOTS.);
#7724 = CARTESIAN_POINT('',(28.27,24.708));
#7725 = CARTESIAN_POINT('',(28.27,22.98));
#7726 = ( GEOMETRIC_REPRESENTATION_CONTEXT(2) 
PARAMETRIC_REPRESENTATION_CONTEXT() REPRESENTATION_CONTEXT('2D SPACE',''
  ) );
#7727 = PCURVE('',#7728,#7733);
#7728 = PLANE('',#7729);
#7729 = AXIS2_PLACEMENT_3D('',#7730,#7731,#7732);
#7730 = CARTESIAN_POINT('',(8.454337976665,17.830337976665,-7.73));
#7731 = DIRECTION('',(0.,-0.,-1.));
#7732 = DIRECTION('',(-1.,0.,0.));
#7733 = DEFINITIONAL_REPRESENTATION('',(#7734),#7737);
#7734 = B_SPLINE_CURVE_WITH_KNOTS('',1,(#7735,#7736),.UNSPECIFIED.,.F.,
  .F.,(2,2),(-12.90083101166,-11.17283101166),.PIECEWISE_BEZIER_KNOTS.);
#7735 = CARTESIAN_POINT('',(-1.093662023335,-0.480337976665));
#7736 = CARTESIAN_POINT('',(0.634337976665,-0.480337976665));
#7737 = ( GEOMETRIC_REPRESENTATION_CONTEXT(2) 
PARAMETRIC_REPRESENTATION_CONTEXT() REPRESENTATION_CONTEXT('2D SPACE',''
  ) );
#7738 = ORIENTED_EDGE('',*,*,#7739,.F.);
#7739 = EDGE_CURVE('',#7740,#7714,#7742,.T.);
#7740 = VERTEX_POINT('',#7741);
#7741 = CARTESIAN_POINT('',(7.82,17.35,-6.703551297633));
#7742 = SURFACE_CURVE('',#7743,(#7747,#7753),.PCURVE_S1.);
#7743 = LINE('',#7744,#7745);
#7744 = CARTESIAN_POINT('',(7.82,17.35,-35.33));
#7745 = VECTOR('',#7746,1.);
#7746 = DIRECTION('',(-0.,0.,-1.));
#7747 = PCURVE('',#3323,#7748);
#7748 = DEFINITIONAL_REPRESENTATION('',(#7749),#7752);
#7749 = B_SPLINE_CURVE_WITH_KNOTS('',1,(#7750,#7751),.UNSPECIFIED.,.F.,
  .F.,(2,2),(-32.33,-0.67),.PIECEWISE_BEZIER_KNOTS.);
#7750 = CARTESIAN_POINT('',(33.,22.98));
#7751 = CARTESIAN_POINT('',(1.34,22.98));
#7752 = ( GEOMETRIC_REPRESENTATION_CONTEXT(2) 
PARAMETRIC_REPRESENTATION_CONTEXT() REPRESENTATION_CONTEXT('2D SPACE',''
  ) );
#7753 = PCURVE('',#7754,#7759);
#7754 = PLANE('',#7755);
#7755 = AXIS2_PLACEMENT_3D('',#7756,#7757,#7758);
#7756 = CARTESIAN_POINT('',(7.82,17.34,-34.66));
#7757 = DIRECTION('',(1.,0.,-0.));
#7758 = DIRECTION('',(0.,0.,1.));
#7759 = DEFINITIONAL_REPRESENTATION('',(#7760),#7763);
#7760 = B_SPLINE_CURVE_WITH_KNOTS('',1,(#7761,#7762),.UNSPECIFIED.,.F.,
  .F.,(2,2),(-32.33,-0.67),.PIECEWISE_BEZIER_KNOTS.);
#7761 = CARTESIAN_POINT('',(31.66,-9.999999999998E-03));
#7762 = CARTESIAN_POINT('',(0.,-9.999999999998E-03));
#7763 = ( GEOMETRIC_REPRESENTATION_CONTEXT(2) 
PARAMETRIC_REPRESENTATION_CONTEXT() REPRESENTATION_CONTEXT('2D SPACE',''
  ) );
#7764 = ORIENTED_EDGE('',*,*,#7765,.T.);
#7765 = EDGE_CURVE('',#7740,#7766,#7768,.T.);
#7766 = VERTEX_POINT('',#7767);
#7767 = CARTESIAN_POINT('',(9.853425800198,17.35,-3.));
#7768 = SURFACE_CURVE('',#7769,(#7774,#7785),.PCURVE_S1.);
#7769 = CIRCLE('',#7770,10.3);
#7770 = AXIS2_PLACEMENT_3D('',#7771,#7772,#7773);
#7771 = CARTESIAN_POINT('',(0.,17.35,2.6645352591E-16));
#7772 = DIRECTION('',(0.,-1.,2.22044604925E-16));
#7773 = DIRECTION('',(1.,0.,0.));
#7774 = PCURVE('',#3323,#7775);
#7775 = DEFINITIONAL_REPRESENTATION('',(#7776),#7784);
#7776 = ( BOUNDED_CURVE() B_SPLINE_CURVE(2,(#7777,#7778,#7779,#7780,
#7781,#7782,#7783),.UNSPECIFIED.,.T.,.F.) B_SPLINE_CURVE_WITH_KNOTS((1,2
    ,2,2,2,1),(-2.094395102393,0.,2.094395102393,4.188790204786,
6.28318530718,8.377580409573),.UNSPECIFIED.) CURVE() 
GEOMETRIC_REPRESENTATION_ITEM() RATIONAL_B_SPLINE_CURVE((1.,0.5,1.,0.5,
1.,0.5,1.)) REPRESENTATION_ITEM('') );
#7777 = CARTESIAN_POINT('',(36.,25.46));
#7778 = CARTESIAN_POINT('',(53.840123317959,25.46));
#7779 = CARTESIAN_POINT('',(44.92006165898,10.01));
#7780 = CARTESIAN_POINT('',(36.,-5.44));
#7781 = CARTESIAN_POINT('',(27.07993834102,10.01));
#7782 = CARTESIAN_POINT('',(18.159876682041,25.46));
#7783 = CARTESIAN_POINT('',(36.,25.46));
#7784 = ( GEOMETRIC_REPRESENTATION_CONTEXT(2) 
PARAMETRIC_REPRESENTATION_CONTEXT() REPRESENTATION_CONTEXT('2D SPACE',''
  ) );
#7785 = PCURVE('',#6824,#7786);
#7786 = DEFINITIONAL_REPRESENTATION('',(#7787),#7791);
#7787 = LINE('',#7788,#7789);
#7788 = CARTESIAN_POINT('',(0.,3.4));
#7789 = VECTOR('',#7790,1.);
#7790 = DIRECTION('',(1.,0.));
#7791 = ( GEOMETRIC_REPRESENTATION_CONTEXT(2) 
PARAMETRIC_REPRESENTATION_CONTEXT() REPRESENTATION_CONTEXT('2D SPACE',''
  ) );
#7792 = ORIENTED_EDGE('',*,*,#7793,.T.);
#7793 = EDGE_CURVE('',#7766,#7794,#7796,.T.);
#7794 = VERTEX_POINT('',#7795);
#7795 = CARTESIAN_POINT('',(13.2,17.35,-3.));
#7796 = SURFACE_CURVE('',#7797,(#7801,#7808),.PCURVE_S1.);
#7797 = LINE('',#7798,#7799);
#7798 = CARTESIAN_POINT('',(-15.16,17.35,-3.));
#7799 = VECTOR('',#7800,1.);
#7800 = DIRECTION('',(1.,0.,-0.));
#7801 = PCURVE('',#3323,#7802);
#7802 = DEFINITIONAL_REPRESENTATION('',(#7803),#7807);
#7803 = LINE('',#7804,#7805);
#7804 = CARTESIAN_POINT('',(33.,0.));
#7805 = VECTOR('',#7806,1.);
#7806 = DIRECTION('',(0.,1.));
#7807 = ( GEOMETRIC_REPRESENTATION_CONTEXT(2) 
PARAMETRIC_REPRESENTATION_CONTEXT() REPRESENTATION_CONTEXT('2D SPACE',''
  ) );
#7808 = PCURVE('',#6852,#7809);
#7809 = DEFINITIONAL_REPRESENTATION('',(#7810),#7814);
#7810 = LINE('',#7811,#7812);
#7811 = CARTESIAN_POINT('',(0.,0.));
#7812 = VECTOR('',#7813,1.);
#7813 = DIRECTION('',(1.,0.));
#7814 = ( GEOMETRIC_REPRESENTATION_CONTEXT(2) 
PARAMETRIC_REPRESENTATION_CONTEXT() REPRESENTATION_CONTEXT('2D SPACE',''
  ) );
#7815 = ORIENTED_EDGE('',*,*,#7816,.F.);
#7816 = EDGE_CURVE('',#7092,#7794,#7817,.T.);
#7817 = SURFACE_CURVE('',#7818,(#7822,#7829),.PCURVE_S1.);
#7818 = LINE('',#7819,#7820);
#7819 = CARTESIAN_POINT('',(13.2,17.35,-36.));
#7820 = VECTOR('',#7821,1.);
#7821 = DIRECTION('',(0.,0.,1.));
#7822 = PCURVE('',#3323,#7823);
#7823 = DEFINITIONAL_REPRESENTATION('',(#7824),#7828);
#7824 = LINE('',#7825,#7826);
#7825 = CARTESIAN_POINT('',(0.,28.36));
#7826 = VECTOR('',#7827,1.);
#7827 = DIRECTION('',(1.,0.));
#7828 = ( GEOMETRIC_REPRESENTATION_CONTEXT(2) 
PARAMETRIC_REPRESENTATION_CONTEXT() REPRESENTATION_CONTEXT('2D SPACE',''
  ) );
#7829 = PCURVE('',#6880,#7830);
#7830 = DEFINITIONAL_REPRESENTATION('',(#7831),#7835);
#7831 = LINE('',#7832,#7833);
#7832 = CARTESIAN_POINT('',(0.,0.));
#7833 = VECTOR('',#7834,1.);
#7834 = DIRECTION('',(1.,0.));
#7835 = ( GEOMETRIC_REPRESENTATION_CONTEXT(2) 
PARAMETRIC_REPRESENTATION_CONTEXT() REPRESENTATION_CONTEXT('2D SPACE',''
  ) );
#7836 = ORIENTED_EDGE('',*,*,#7091,.F.);
#7837 = FACE_BOUND('',#7838,.F.);
#7838 = EDGE_LOOP('',(#7839,#7867,#7893,#7919,#7952,#7978));
#7839 = ORIENTED_EDGE('',*,*,#7840,.F.);
#7840 = EDGE_CURVE('',#7841,#7843,#7845,.T.);
#7841 = VERTEX_POINT('',#7842);
#7842 = CARTESIAN_POINT('',(-10.85060966544,17.35,-27.55));
#7843 = VERTEX_POINT('',#7844);
#7844 = CARTESIAN_POINT('',(-9.649390334559,17.35,-27.55));
#7845 = SURFACE_CURVE('',#7846,(#7850,#7856),.PCURVE_S1.);
#7846 = LINE('',#7847,#7848);
#7847 = CARTESIAN_POINT('',(-13.43,17.35,-27.55));
#7848 = VECTOR('',#7849,1.);
#7849 = DIRECTION('',(1.,0.,-0.));
#7850 = PCURVE('',#3323,#7851);
#7851 = DEFINITIONAL_REPRESENTATION('',(#7852),#7855);
#7852 = B_SPLINE_CURVE_WITH_KNOTS('',1,(#7853,#7854),.UNSPECIFIED.,.F.,
  .F.,(2,2),(2.579390334559,3.780609665441),.PIECEWISE_BEZIER_KNOTS.);
#7853 = CARTESIAN_POINT('',(8.45,4.309390334559));
#7854 = CARTESIAN_POINT('',(8.45,5.510609665441));
#7855 = ( GEOMETRIC_REPRESENTATION_CONTEXT(2) 
PARAMETRIC_REPRESENTATION_CONTEXT() REPRESENTATION_CONTEXT('2D SPACE',''
  ) );
#7856 = PCURVE('',#7857,#7862);
#7857 = PLANE('',#7858);
#7858 = AXIS2_PLACEMENT_3D('',#7859,#7860,#7861);
#7859 = CARTESIAN_POINT('',(-11.7,16.35,-27.55));
#7860 = DIRECTION('',(0.,0.,1.));
#7861 = DIRECTION('',(1.,0.,0.));
#7862 = DEFINITIONAL_REPRESENTATION('',(#7863),#7866);
#7863 = B_SPLINE_CURVE_WITH_KNOTS('',1,(#7864,#7865),.UNSPECIFIED.,.F.,
  .F.,(2,2),(2.579390334559,3.780609665441),.PIECEWISE_BEZIER_KNOTS.);
#7864 = CARTESIAN_POINT('',(0.849390334559,1.));
#7865 = CARTESIAN_POINT('',(2.050609665441,1.));
#7866 = ( GEOMETRIC_REPRESENTATION_CONTEXT(2) 
PARAMETRIC_REPRESENTATION_CONTEXT() REPRESENTATION_CONTEXT('2D SPACE',''
  ) );
#7867 = ORIENTED_EDGE('',*,*,#7868,.T.);
#7868 = EDGE_CURVE('',#7841,#7869,#7871,.T.);
#7869 = VERTEX_POINT('',#7870);
#7870 = CARTESIAN_POINT('',(-11.7,17.35,-28.39939033455));
#7871 = SURFACE_CURVE('',#7872,(#7876,#7882),.PCURVE_S1.);
#7872 = LINE('',#7873,#7874);
#7873 = CARTESIAN_POINT('',(-14.76545724908,17.35,-31.46484758364));
#7874 = VECTOR('',#7875,1.);
#7875 = DIRECTION('',(-0.707106781187,0.,-0.707106781187));
#7876 = PCURVE('',#3323,#7877);
#7877 = DEFINITIONAL_REPRESENTATION('',(#7878),#7881);
#7878 = B_SPLINE_CURVE_WITH_KNOTS('',1,(#7879,#7880),.UNSPECIFIED.,.F.,
  .F.,(2,2),(-5.536430547407,-4.335211216525),.PIECEWISE_BEZIER_KNOTS.);
#7879 = CARTESIAN_POINT('',(8.45,4.309390334559));
#7880 = CARTESIAN_POINT('',(7.600609665441,3.46));
#7881 = ( GEOMETRIC_REPRESENTATION_CONTEXT(2) 
PARAMETRIC_REPRESENTATION_CONTEXT() REPRESENTATION_CONTEXT('2D SPACE',''
  ) );
#7882 = PCURVE('',#7883,#7888);
#7883 = PLANE('',#7884);
#7884 = AXIS2_PLACEMENT_3D('',#7885,#7886,#7887);
#7885 = CARTESIAN_POINT('',(-12.30060966544,16.35,-29.));
#7886 = DIRECTION('',(0.707106781187,0.,-0.707106781187));
#7887 = DIRECTION('',(0.707106781187,0.,0.707106781187));
#7888 = DEFINITIONAL_REPRESENTATION('',(#7889),#7892);
#7889 = B_SPLINE_CURVE_WITH_KNOTS('',1,(#7890,#7891),.UNSPECIFIED.,.F.,
  .F.,(2,2),(-5.536430547407,-4.335211216525),.PIECEWISE_BEZIER_KNOTS.);
#7890 = CARTESIAN_POINT('',(2.050609665441,-1.));
#7891 = CARTESIAN_POINT('',(0.849390334559,-1.));
#7892 = ( GEOMETRIC_REPRESENTATION_CONTEXT(2) 
PARAMETRIC_REPRESENTATION_CONTEXT() REPRESENTATION_CONTEXT('2D SPACE',''
  ) );
#7893 = ORIENTED_EDGE('',*,*,#7894,.T.);
#7894 = EDGE_CURVE('',#7869,#7895,#7897,.T.);
#7895 = VERTEX_POINT('',#7896);
#7896 = CARTESIAN_POINT('',(-11.7,17.35,-29.));
#7897 = SURFACE_CURVE('',#7898,(#7902,#7908),.PCURVE_S1.);
#7898 = LINE('',#7899,#7900);
#7899 = CARTESIAN_POINT('',(-11.7,17.35,-32.5));
#7900 = VECTOR('',#7901,1.);
#7901 = DIRECTION('',(0.,0.,-1.));
#7902 = PCURVE('',#3323,#7903);
#7903 = DEFINITIONAL_REPRESENTATION('',(#7904),#7907);
#7904 = B_SPLINE_CURVE_WITH_KNOTS('',1,(#7905,#7906),.UNSPECIFIED.,.F.,
  .F.,(2,2),(-4.100609665441,-3.5),.PIECEWISE_BEZIER_KNOTS.);
#7905 = CARTESIAN_POINT('',(7.600609665441,3.46));
#7906 = CARTESIAN_POINT('',(7.,3.46));
#7907 = ( GEOMETRIC_REPRESENTATION_CONTEXT(2) 
PARAMETRIC_REPRESENTATION_CONTEXT() REPRESENTATION_CONTEXT('2D SPACE',''
  ) );
#7908 = PCURVE('',#7909,#7914);
#7909 = PLANE('',#7910);
#7910 = AXIS2_PLACEMENT_3D('',#7911,#7912,#7913);
#7911 = CARTESIAN_POINT('',(-11.7,16.35,-29.));
#7912 = DIRECTION('',(1.,0.,0.));
#7913 = DIRECTION('',(0.,0.,1.));
#7914 = DEFINITIONAL_REPRESENTATION('',(#7915),#7918);
#7915 = B_SPLINE_CURVE_WITH_KNOTS('',1,(#7916,#7917),.UNSPECIFIED.,.F.,
  .F.,(2,2),(-4.100609665441,-3.5),.PIECEWISE_BEZIER_KNOTS.);
#7916 = CARTESIAN_POINT('',(0.600609665441,-1.));
#7917 = CARTESIAN_POINT('',(0.,-1.));
#7918 = ( GEOMETRIC_REPRESENTATION_CONTEXT(2) 
PARAMETRIC_REPRESENTATION_CONTEXT() REPRESENTATION_CONTEXT('2D SPACE',''
  ) );
#7919 = ORIENTED_EDGE('',*,*,#7920,.T.);
#7920 = EDGE_CURVE('',#7895,#7921,#7923,.T.);
#7921 = VERTEX_POINT('',#7922);
#7922 = CARTESIAN_POINT('',(-8.8,17.35,-29.));
#7923 = SURFACE_CURVE('',#7924,(#7929,#7940),.PCURVE_S1.);
#7924 = CIRCLE('',#7925,1.45);
#7925 = AXIS2_PLACEMENT_3D('',#7926,#7927,#7928);
#7926 = CARTESIAN_POINT('',(-10.25,17.35,-29.));
#7927 = DIRECTION('',(0.,-1.,2.22044604925E-16));
#7928 = DIRECTION('',(1.,0.,0.));
#7929 = PCURVE('',#3323,#7930);
#7930 = DEFINITIONAL_REPRESENTATION('',(#7931),#7939);
#7931 = ( BOUNDED_CURVE() B_SPLINE_CURVE(2,(#7932,#7933,#7934,#7935,
#7936,#7937,#7938),.UNSPECIFIED.,.T.,.F.) B_SPLINE_CURVE_WITH_KNOTS((1,2
    ,2,2,2,1),(-2.094395102393,0.,2.094395102393,4.188790204786,
6.28318530718,8.377580409573),.UNSPECIFIED.) CURVE() 
GEOMETRIC_REPRESENTATION_ITEM() RATIONAL_B_SPLINE_CURVE((1.,0.5,1.,0.5,
1.,0.5,1.)) REPRESENTATION_ITEM('') );
#7932 = CARTESIAN_POINT('',(7.,6.36));
#7933 = CARTESIAN_POINT('',(9.511473670975,6.36));
#7934 = CARTESIAN_POINT('',(8.255736835487,4.185));
#7935 = CARTESIAN_POINT('',(7.,2.01));
#7936 = CARTESIAN_POINT('',(5.744263164513,4.185));
#7937 = CARTESIAN_POINT('',(4.488526329025,6.36));
#7938 = CARTESIAN_POINT('',(7.,6.36));
#7939 = ( GEOMETRIC_REPRESENTATION_CONTEXT(2) 
PARAMETRIC_REPRESENTATION_CONTEXT() REPRESENTATION_CONTEXT('2D SPACE',''
  ) );
#7940 = PCURVE('',#7941,#7946);
#7941 = CYLINDRICAL_SURFACE('',#7942,1.45);
#7942 = AXIS2_PLACEMENT_3D('',#7943,#7944,#7945);
#7943 = CARTESIAN_POINT('',(-10.25,20.75,-29.));
#7944 = DIRECTION('',(0.,-1.,2.22044604925E-16));
#7945 = DIRECTION('',(1.,0.,0.));
#7946 = DEFINITIONAL_REPRESENTATION('',(#7947),#7951);
#7947 = LINE('',#7948,#7949);
#7948 = CARTESIAN_POINT('',(0.,3.4));
#7949 = VECTOR('',#7950,1.);
#7950 = DIRECTION('',(1.,0.));
#7951 = ( GEOMETRIC_REPRESENTATION_CONTEXT(2) 
PARAMETRIC_REPRESENTATION_CONTEXT() REPRESENTATION_CONTEXT('2D SPACE',''
  ) );
#7952 = ORIENTED_EDGE('',*,*,#7953,.F.);
#7953 = EDGE_CURVE('',#7954,#7921,#7956,.T.);
#7954 = VERTEX_POINT('',#7955);
#7955 = CARTESIAN_POINT('',(-8.8,17.35,-28.39939033455));
#7956 = SURFACE_CURVE('',#7957,(#7961,#7967),.PCURVE_S1.);
#7957 = LINE('',#7958,#7959);
#7958 = CARTESIAN_POINT('',(-8.8,17.35,-32.5));
#7959 = VECTOR('',#7960,1.);
#7960 = DIRECTION('',(0.,0.,-1.));
#7961 = PCURVE('',#3323,#7962);
#7962 = DEFINITIONAL_REPRESENTATION('',(#7963),#7966);
#7963 = B_SPLINE_CURVE_WITH_KNOTS('',1,(#7964,#7965),.UNSPECIFIED.,.F.,
  .F.,(2,2),(-4.100609665441,-3.5),.PIECEWISE_BEZIER_KNOTS.);
#7964 = CARTESIAN_POINT('',(7.600609665441,6.36));
#7965 = CARTESIAN_POINT('',(7.,6.36));
#7966 = ( GEOMETRIC_REPRESENTATION_CONTEXT(2) 
PARAMETRIC_REPRESENTATION_CONTEXT() REPRESENTATION_CONTEXT('2D SPACE',''
  ) );
#7967 = PCURVE('',#7968,#7973);
#7968 = PLANE('',#7969);
#7969 = AXIS2_PLACEMENT_3D('',#7970,#7971,#7972);
#7970 = CARTESIAN_POINT('',(-8.8,16.35,-29.));
#7971 = DIRECTION('',(1.,0.,0.));
#7972 = DIRECTION('',(0.,0.,1.));
#7973 = DEFINITIONAL_REPRESENTATION('',(#7974),#7977);
#7974 = B_SPLINE_CURVE_WITH_KNOTS('',1,(#7975,#7976),.UNSPECIFIED.,.F.,
  .F.,(2,2),(-4.100609665441,-3.5),.PIECEWISE_BEZIER_KNOTS.);
#7975 = CARTESIAN_POINT('',(0.600609665441,-1.));
#7976 = CARTESIAN_POINT('',(-8.881784197001E-16,-1.));
#7977 = ( GEOMETRIC_REPRESENTATION_CONTEXT(2) 
PARAMETRIC_REPRESENTATION_CONTEXT() REPRESENTATION_CONTEXT('2D SPACE',''
  ) );
#7978 = ORIENTED_EDGE('',*,*,#7979,.F.);
#7979 = EDGE_CURVE('',#7843,#7954,#7980,.T.);
#7980 = SURFACE_CURVE('',#7981,(#7985,#7991),.PCURVE_S1.);
#7981 = LINE('',#7982,#7983);
#7982 = CARTESIAN_POINT('',(-9.21484758364,17.35,-27.98454275091));
#7983 = VECTOR('',#7984,1.);
#7984 = DIRECTION('',(0.707106781187,0.,-0.707106781187));
#7985 = PCURVE('',#3323,#7986);
#7986 = DEFINITIONAL_REPRESENTATION('',(#7987),#7990);
#7987 = B_SPLINE_CURVE_WITH_KNOTS('',1,(#7988,#7989),.UNSPECIFIED.,.F.,
  .F.,(2,2),(-0.614536251781,0.586683079101),.PIECEWISE_BEZIER_KNOTS.);
#7988 = CARTESIAN_POINT('',(8.45,5.510609665441));
#7989 = CARTESIAN_POINT('',(7.600609665441,6.36));
#7990 = ( GEOMETRIC_REPRESENTATION_CONTEXT(2) 
PARAMETRIC_REPRESENTATION_CONTEXT() REPRESENTATION_CONTEXT('2D SPACE',''
  ) );
#7991 = PCURVE('',#7992,#7997);
#7992 = PLANE('',#7993);
#7993 = AXIS2_PLACEMENT_3D('',#7994,#7995,#7996);
#7994 = CARTESIAN_POINT('',(-10.25,16.35,-26.94939033455));
#7995 = DIRECTION('',(0.707106781187,0.,0.707106781187));
#7996 = DIRECTION('',(0.707106781187,0.,-0.707106781187));
#7997 = DEFINITIONAL_REPRESENTATION('',(#7998),#8001);
#7998 = B_SPLINE_CURVE_WITH_KNOTS('',1,(#7999,#8000),.UNSPECIFIED.,.F.,
  .F.,(2,2),(-0.614536251781,0.586683079101),.PIECEWISE_BEZIER_KNOTS.);
#7999 = CARTESIAN_POINT('',(0.849390334559,1.));
#8000 = CARTESIAN_POINT('',(2.050609665441,1.));
#8001 = ( GEOMETRIC_REPRESENTATION_CONTEXT(2) 
PARAMETRIC_REPRESENTATION_CONTEXT() REPRESENTATION_CONTEXT('2D SPACE',''
  ) );
#8002 = FACE_BOUND('',#8003,.F.);
#8003 = EDGE_LOOP('',(#8004,#8032,#8058,#8084,#8117,#8143));
#8004 = ORIENTED_EDGE('',*,*,#8005,.F.);
#8005 = EDGE_CURVE('',#8006,#8008,#8010,.T.);
#8006 = VERTEX_POINT('',#8007);
#8007 = CARTESIAN_POINT('',(-10.85060966544,17.35,-6.85));
#8008 = VERTEX_POINT('',#8009);
#8009 = CARTESIAN_POINT('',(-9.649390334559,17.35,-6.85));
#8010 = SURFACE_CURVE('',#8011,(#8015,#8021),.PCURVE_S1.);
#8011 = LINE('',#8012,#8013);
#8012 = CARTESIAN_POINT('',(-13.43,17.35,-6.85));
#8013 = VECTOR('',#8014,1.);
#8014 = DIRECTION('',(1.,0.,-0.));
#8015 = PCURVE('',#3323,#8016);
#8016 = DEFINITIONAL_REPRESENTATION('',(#8017),#8020);
#8017 = B_SPLINE_CURVE_WITH_KNOTS('',1,(#8018,#8019),.UNSPECIFIED.,.F.,
  .F.,(2,2),(2.579390334559,3.780609665441),.PIECEWISE_BEZIER_KNOTS.);
#8018 = CARTESIAN_POINT('',(29.15,4.309390334559));
#8019 = CARTESIAN_POINT('',(29.15,5.510609665441));
#8020 = ( GEOMETRIC_REPRESENTATION_CONTEXT(2) 
PARAMETRIC_REPRESENTATION_CONTEXT() REPRESENTATION_CONTEXT('2D SPACE',''
  ) );
#8021 = PCURVE('',#8022,#8027);
#8022 = PLANE('',#8023);
#8023 = AXIS2_PLACEMENT_3D('',#8024,#8025,#8026);
#8024 = CARTESIAN_POINT('',(-11.7,16.35,-6.85));
#8025 = DIRECTION('',(0.,0.,1.));
#8026 = DIRECTION('',(1.,0.,0.));
#8027 = DEFINITIONAL_REPRESENTATION('',(#8028),#8031);
#8028 = B_SPLINE_CURVE_WITH_KNOTS('',1,(#8029,#8030),.UNSPECIFIED.,.F.,
  .F.,(2,2),(2.579390334559,3.780609665441),.PIECEWISE_BEZIER_KNOTS.);
#8029 = CARTESIAN_POINT('',(0.849390334559,1.));
#8030 = CARTESIAN_POINT('',(2.050609665441,1.));
#8031 = ( GEOMETRIC_REPRESENTATION_CONTEXT(2) 
PARAMETRIC_REPRESENTATION_CONTEXT() REPRESENTATION_CONTEXT('2D SPACE',''
  ) );
#8032 = ORIENTED_EDGE('',*,*,#8033,.T.);
#8033 = EDGE_CURVE('',#8006,#8034,#8036,.T.);
#8034 = VERTEX_POINT('',#8035);
#8035 = CARTESIAN_POINT('',(-11.7,17.35,-7.699390334559));
#8036 = SURFACE_CURVE('',#8037,(#8041,#8047),.PCURVE_S1.);
#8037 = LINE('',#8038,#8039);
#8038 = CARTESIAN_POINT('',(-19.94045724908,17.35,-15.93984758364));
#8039 = VECTOR('',#8040,1.);
#8040 = DIRECTION('',(-0.707106781187,0.,-0.707106781187));
#8041 = PCURVE('',#3323,#8042);
#8042 = DEFINITIONAL_REPRESENTATION('',(#8043),#8046);
#8043 = B_SPLINE_CURVE_WITH_KNOTS('',1,(#8044,#8045),.UNSPECIFIED.,.F.,
  .F.,(2,2),(-12.85498573268,-11.6537664018),.PIECEWISE_BEZIER_KNOTS.);
#8044 = CARTESIAN_POINT('',(29.15,4.309390334559));
#8045 = CARTESIAN_POINT('',(28.300609665441,3.46));
#8046 = ( GEOMETRIC_REPRESENTATION_CONTEXT(2) 
PARAMETRIC_REPRESENTATION_CONTEXT() REPRESENTATION_CONTEXT('2D SPACE',''
  ) );
#8047 = PCURVE('',#8048,#8053);
#8048 = PLANE('',#8049);
#8049 = AXIS2_PLACEMENT_3D('',#8050,#8051,#8052);
#8050 = CARTESIAN_POINT('',(-12.30060966544,16.35,-8.3));
#8051 = DIRECTION('',(0.707106781187,0.,-0.707106781187));
#8052 = DIRECTION('',(0.707106781187,0.,0.707106781187));
#8053 = DEFINITIONAL_REPRESENTATION('',(#8054),#8057);
#8054 = B_SPLINE_CURVE_WITH_KNOTS('',1,(#8055,#8056),.UNSPECIFIED.,.F.,
  .F.,(2,2),(-12.85498573268,-11.6537664018),.PIECEWISE_BEZIER_KNOTS.);
#8055 = CARTESIAN_POINT('',(2.050609665441,-1.));
#8056 = CARTESIAN_POINT('',(0.849390334559,-1.));
#8057 = ( GEOMETRIC_REPRESENTATION_CONTEXT(2) 
PARAMETRIC_REPRESENTATION_CONTEXT() REPRESENTATION_CONTEXT('2D SPACE',''
  ) );
#8058 = ORIENTED_EDGE('',*,*,#8059,.T.);
#8059 = EDGE_CURVE('',#8034,#8060,#8062,.T.);
#8060 = VERTEX_POINT('',#8061);
#8061 = CARTESIAN_POINT('',(-11.7,17.35,-8.3));
#8062 = SURFACE_CURVE('',#8063,(#8067,#8073),.PCURVE_S1.);
#8063 = LINE('',#8064,#8065);
#8064 = CARTESIAN_POINT('',(-11.7,17.35,-22.15));
#8065 = VECTOR('',#8066,1.);
#8066 = DIRECTION('',(0.,0.,-1.));
#8067 = PCURVE('',#3323,#8068);
#8068 = DEFINITIONAL_REPRESENTATION('',(#8069),#8072);
#8069 = B_SPLINE_CURVE_WITH_KNOTS('',1,(#8070,#8071),.UNSPECIFIED.,.F.,
  .F.,(2,2),(-14.45060966544,-13.85),.PIECEWISE_BEZIER_KNOTS.);
#8070 = CARTESIAN_POINT('',(28.300609665441,3.46));
#8071 = CARTESIAN_POINT('',(27.7,3.46));
#8072 = ( GEOMETRIC_REPRESENTATION_CONTEXT(2) 
PARAMETRIC_REPRESENTATION_CONTEXT() REPRESENTATION_CONTEXT('2D SPACE',''
  ) );
#8073 = PCURVE('',#8074,#8079);
#8074 = PLANE('',#8075);
#8075 = AXIS2_PLACEMENT_3D('',#8076,#8077,#8078);
#8076 = CARTESIAN_POINT('',(-11.7,16.35,-8.3));
#8077 = DIRECTION('',(1.,0.,0.));
#8078 = DIRECTION('',(0.,0.,1.));
#8079 = DEFINITIONAL_REPRESENTATION('',(#8080),#8083);
#8080 = B_SPLINE_CURVE_WITH_KNOTS('',1,(#8081,#8082),.UNSPECIFIED.,.F.,
  .F.,(2,2),(-14.45060966544,-13.85),.PIECEWISE_BEZIER_KNOTS.);
#8081 = CARTESIAN_POINT('',(0.600609665441,-1.));
#8082 = CARTESIAN_POINT('',(0.,-1.));
#8083 = ( GEOMETRIC_REPRESENTATION_CONTEXT(2) 
PARAMETRIC_REPRESENTATION_CONTEXT() REPRESENTATION_CONTEXT('2D SPACE',''
  ) );
#8084 = ORIENTED_EDGE('',*,*,#8085,.T.);
#8085 = EDGE_CURVE('',#8060,#8086,#8088,.T.);
#8086 = VERTEX_POINT('',#8087);
#8087 = CARTESIAN_POINT('',(-8.8,17.35,-8.3));
#8088 = SURFACE_CURVE('',#8089,(#8094,#8105),.PCURVE_S1.);
#8089 = CIRCLE('',#8090,1.45);
#8090 = AXIS2_PLACEMENT_3D('',#8091,#8092,#8093);
#8091 = CARTESIAN_POINT('',(-10.25,17.35,-8.3));
#8092 = DIRECTION('',(0.,-1.,2.22044604925E-16));
#8093 = DIRECTION('',(1.,0.,0.));
#8094 = PCURVE('',#3323,#8095);
#8095 = DEFINITIONAL_REPRESENTATION('',(#8096),#8104);
#8096 = ( BOUNDED_CURVE() B_SPLINE_CURVE(2,(#8097,#8098,#8099,#8100,
#8101,#8102,#8103),.UNSPECIFIED.,.T.,.F.) B_SPLINE_CURVE_WITH_KNOTS((1,2
    ,2,2,2,1),(-2.094395102393,0.,2.094395102393,4.188790204786,
6.28318530718,8.377580409573),.UNSPECIFIED.) CURVE() 
GEOMETRIC_REPRESENTATION_ITEM() RATIONAL_B_SPLINE_CURVE((1.,0.5,1.,0.5,
1.,0.5,1.)) REPRESENTATION_ITEM('') );
#8097 = CARTESIAN_POINT('',(27.7,6.36));
#8098 = CARTESIAN_POINT('',(30.211473670975,6.36));
#8099 = CARTESIAN_POINT('',(28.955736835487,4.185));
#8100 = CARTESIAN_POINT('',(27.7,2.01));
#8101 = CARTESIAN_POINT('',(26.444263164513,4.185));
#8102 = CARTESIAN_POINT('',(25.188526329025,6.36));
#8103 = CARTESIAN_POINT('',(27.7,6.36));
#8104 = ( GEOMETRIC_REPRESENTATION_CONTEXT(2) 
PARAMETRIC_REPRESENTATION_CONTEXT() REPRESENTATION_CONTEXT('2D SPACE',''
  ) );
#8105 = PCURVE('',#8106,#8111);
#8106 = CYLINDRICAL_SURFACE('',#8107,1.45);
#8107 = AXIS2_PLACEMENT_3D('',#8108,#8109,#8110);
#8108 = CARTESIAN_POINT('',(-10.25,20.75,-8.3));
#8109 = DIRECTION('',(0.,-1.,2.22044604925E-16));
#8110 = DIRECTION('',(1.,0.,0.));
#8111 = DEFINITIONAL_REPRESENTATION('',(#8112),#8116);
#8112 = LINE('',#8113,#8114);
#8113 = CARTESIAN_POINT('',(0.,3.4));
#8114 = VECTOR('',#8115,1.);
#8115 = DIRECTION('',(1.,0.));
#8116 = ( GEOMETRIC_REPRESENTATION_CONTEXT(2) 
PARAMETRIC_REPRESENTATION_CONTEXT() REPRESENTATION_CONTEXT('2D SPACE',''
  ) );
#8117 = ORIENTED_EDGE('',*,*,#8118,.F.);
#8118 = EDGE_CURVE('',#8119,#8086,#8121,.T.);
#8119 = VERTEX_POINT('',#8120);
#8120 = CARTESIAN_POINT('',(-8.8,17.35,-7.699390334559));
#8121 = SURFACE_CURVE('',#8122,(#8126,#8132),.PCURVE_S1.);
#8122 = LINE('',#8123,#8124);
#8123 = CARTESIAN_POINT('',(-8.8,17.35,-22.15));
#8124 = VECTOR('',#8125,1.);
#8125 = DIRECTION('',(0.,0.,-1.));
#8126 = PCURVE('',#3323,#8127);
#8127 = DEFINITIONAL_REPRESENTATION('',(#8128),#8131);
#8128 = B_SPLINE_CURVE_WITH_KNOTS('',1,(#8129,#8130),.UNSPECIFIED.,.F.,
  .F.,(2,2),(-14.45060966544,-13.85),.PIECEWISE_BEZIER_KNOTS.);
#8129 = CARTESIAN_POINT('',(28.300609665441,6.36));
#8130 = CARTESIAN_POINT('',(27.7,6.36));
#8131 = ( GEOMETRIC_REPRESENTATION_CONTEXT(2) 
PARAMETRIC_REPRESENTATION_CONTEXT() REPRESENTATION_CONTEXT('2D SPACE',''
  ) );
#8132 = PCURVE('',#8133,#8138);
#8133 = PLANE('',#8134);
#8134 = AXIS2_PLACEMENT_3D('',#8135,#8136,#8137);
#8135 = CARTESIAN_POINT('',(-8.8,16.35,-8.3));
#8136 = DIRECTION('',(1.,0.,0.));
#8137 = DIRECTION('',(0.,0.,1.));
#8138 = DEFINITIONAL_REPRESENTATION('',(#8139),#8142);
#8139 = B_SPLINE_CURVE_WITH_KNOTS('',1,(#8140,#8141),.UNSPECIFIED.,.F.,
  .F.,(2,2),(-14.45060966544,-13.85),.PIECEWISE_BEZIER_KNOTS.);
#8140 = CARTESIAN_POINT('',(0.600609665441,-1.));
#8141 = CARTESIAN_POINT('',(0.,-1.));
#8142 = ( GEOMETRIC_REPRESENTATION_CONTEXT(2) 
PARAMETRIC_REPRESENTATION_CONTEXT() REPRESENTATION_CONTEXT('2D SPACE',''
  ) );
#8143 = ORIENTED_EDGE('',*,*,#8144,.F.);
#8144 = EDGE_CURVE('',#8008,#8119,#8145,.T.);
#8145 = SURFACE_CURVE('',#8146,(#8150,#8156),.PCURVE_S1.);
#8146 = LINE('',#8147,#8148);
#8147 = CARTESIAN_POINT('',(-4.03984758364,17.35,-12.45954275091));
#8148 = VECTOR('',#8149,1.);
#8149 = DIRECTION('',(0.707106781187,0.,-0.707106781187));
#8150 = PCURVE('',#3323,#8151);
#8151 = DEFINITIONAL_REPRESENTATION('',(#8152),#8155);
#8152 = B_SPLINE_CURVE_WITH_KNOTS('',1,(#8153,#8154),.UNSPECIFIED.,.F.,
  .F.,(2,2),(-7.933091437062,-6.73187210618),.PIECEWISE_BEZIER_KNOTS.);
#8153 = CARTESIAN_POINT('',(29.15,5.510609665441));
#8154 = CARTESIAN_POINT('',(28.300609665441,6.36));
#8155 = ( GEOMETRIC_REPRESENTATION_CONTEXT(2) 
PARAMETRIC_REPRESENTATION_CONTEXT() REPRESENTATION_CONTEXT('2D SPACE',''
  ) );
#8156 = PCURVE('',#8157,#8162);
#8157 = PLANE('',#8158);
#8158 = AXIS2_PLACEMENT_3D('',#8159,#8160,#8161);
#8159 = CARTESIAN_POINT('',(-10.25,16.35,-6.249390334559));
#8160 = DIRECTION('',(0.707106781187,0.,0.707106781187));
#8161 = DIRECTION('',(0.707106781187,0.,-0.707106781187));
#8162 = DEFINITIONAL_REPRESENTATION('',(#8163),#8166);
#8163 = B_SPLINE_CURVE_WITH_KNOTS('',1,(#8164,#8165),.UNSPECIFIED.,.F.,
  .F.,(2,2),(-7.933091437062,-6.73187210618),.PIECEWISE_BEZIER_KNOTS.);
#8164 = CARTESIAN_POINT('',(0.849390334559,1.));
#8165 = CARTESIAN_POINT('',(2.050609665441,1.));
#8166 = ( GEOMETRIC_REPRESENTATION_CONTEXT(2) 
PARAMETRIC_REPRESENTATION_CONTEXT() REPRESENTATION_CONTEXT('2D SPACE',''
  ) );
#8167 = ADVANCED_FACE('',(#8168),#3875,.F.);
#8168 = FACE_BOUND('',#8169,.F.);
#8169 = EDGE_LOOP('',(#8170,#8171,#8190,#8191));
#8170 = ORIENTED_EDGE('',*,*,#3859,.F.);
#8171 = ORIENTED_EDGE('',*,*,#8172,.T.);
#8172 = EDGE_CURVE('',#3831,#6560,#8173,.T.);
#8173 = SURFACE_CURVE('',#8174,(#8178,#8184),.PCURVE_S1.);
#8174 = LINE('',#8175,#8176);
#8175 = CARTESIAN_POINT('',(-16.16,10.880736713054,-41.23504227302));
#8176 = VECTOR('',#8177,1.);
#8177 = DIRECTION('',(1.,0.,2.22044604925E-16));
#8178 = PCURVE('',#3875,#8179);
#8179 = DEFINITIONAL_REPRESENTATION('',(#8180),#8183);
#8180 = B_SPLINE_CURVE_WITH_KNOTS('',1,(#8181,#8182),.UNSPECIFIED.,.F.,
  .F.,(2,2),(0.76,3.64),.PIECEWISE_BEZIER_KNOTS.);
#8181 = CARTESIAN_POINT('',(46.38385695152,0.24));
#8182 = CARTESIAN_POINT('',(46.38385695152,-2.64));
#8183 = ( GEOMETRIC_REPRESENTATION_CONTEXT(2) 
PARAMETRIC_REPRESENTATION_CONTEXT() REPRESENTATION_CONTEXT('2D SPACE',''
  ) );
#8184 = PCURVE('',#3847,#8185);
#8185 = DEFINITIONAL_REPRESENTATION('',(#8186),#8189);
#8186 = B_SPLINE_CURVE_WITH_KNOTS('',1,(#8187,#8188),.UNSPECIFIED.,.F.,
  .F.,(2,2),(1.,3.4),.PIECEWISE_BEZIER_KNOTS.);
#8187 = CARTESIAN_POINT('',(0.989739439977,1.));
#8188 = CARTESIAN_POINT('',(0.989739439977,3.4));
#8189 = ( GEOMETRIC_REPRESENTATION_CONTEXT(2) 
PARAMETRIC_REPRESENTATION_CONTEXT() REPRESENTATION_CONTEXT('2D SPACE',''
  ) );
#8190 = ORIENTED_EDGE('',*,*,#6583,.T.);
#8191 = ORIENTED_EDGE('',*,*,#7168,.F.);
#8192 = ADVANCED_FACE('',(#8193),#3847,.F.);
#8193 = FACE_BOUND('',#8194,.F.);
#8194 = EDGE_LOOP('',(#8195,#8196,#8215,#8216));
#8195 = ORIENTED_EDGE('',*,*,#3830,.T.);
#8196 = ORIENTED_EDGE('',*,*,#8197,.T.);
#8197 = EDGE_CURVE('',#3803,#6537,#8198,.T.);
#8198 = SURFACE_CURVE('',#8199,(#8203,#8209),.PCURVE_S1.);
#8199 = LINE('',#8200,#8201);
#8200 = CARTESIAN_POINT('',(-16.16,10.676140610366,-41.50101720652));
#8201 = VECTOR('',#8202,1.);
#8202 = DIRECTION('',(1.,0.,2.22044604925E-16));
#8203 = PCURVE('',#3847,#8204);
#8204 = DEFINITIONAL_REPRESENTATION('',(#8205),#8208);
#8205 = B_SPLINE_CURVE_WITH_KNOTS('',1,(#8206,#8207),.UNSPECIFIED.,.F.,
  .F.,(2,2),(1.,3.4),.PIECEWISE_BEZIER_KNOTS.);
#8206 = CARTESIAN_POINT('',(7.12364726831,1.));
#8207 = CARTESIAN_POINT('',(7.12364726831,3.4));
#8208 = ( GEOMETRIC_REPRESENTATION_CONTEXT(2) 
PARAMETRIC_REPRESENTATION_CONTEXT() REPRESENTATION_CONTEXT('2D SPACE',''
  ) );
#8209 = PCURVE('',#3818,#8210);
#8210 = DEFINITIONAL_REPRESENTATION('',(#8211),#8214);
#8211 = B_SPLINE_CURVE_WITH_KNOTS('',1,(#8212,#8213),.UNSPECIFIED.,.F.,
  .F.,(2,2),(0.76,3.64),.PIECEWISE_BEZIER_KNOTS.);
#8212 = CARTESIAN_POINT('',(46.048294393294,0.24));
#8213 = CARTESIAN_POINT('',(46.048294393294,-2.64));
#8214 = ( GEOMETRIC_REPRESENTATION_CONTEXT(2) 
PARAMETRIC_REPRESENTATION_CONTEXT() REPRESENTATION_CONTEXT('2D SPACE',''
  ) );
#8215 = ORIENTED_EDGE('',*,*,#6559,.F.);
#8216 = ORIENTED_EDGE('',*,*,#8172,.F.);
#8217 = ADVANCED_FACE('',(#8218),#3818,.F.);
#8218 = FACE_BOUND('',#8219,.F.);
#8219 = EDGE_LOOP('',(#8220,#8221,#8242,#8263,#8264));
#8220 = ORIENTED_EDGE('',*,*,#3802,.F.);
#8221 = ORIENTED_EDGE('',*,*,#8222,.T.);
#8222 = EDGE_CURVE('',#3776,#8223,#8225,.T.);
#8223 = VERTEX_POINT('',#8224);
#8224 = CARTESIAN_POINT('',(-13.16,-17.4,-78.));
#8225 = SURFACE_CURVE('',#8226,(#8230,#8236),.PCURVE_S1.);
#8226 = LINE('',#8227,#8228);
#8227 = CARTESIAN_POINT('',(-14.10977168949,-16.66940639269,
    -77.0502283105));
#8228 = VECTOR('',#8229,1.);
#8229 = DIRECTION('',(0.621164027338,-0.477818482567,-0.621164027338));
#8230 = PCURVE('',#3818,#8231);
#8231 = DEFINITIONAL_REPRESENTATION('',(#8232),#8235);
#8232 = B_SPLINE_CURVE_WITH_KNOTS('',1,(#8233,#8234),.UNSPECIFIED.,.F.,
  .F.,(2,2),(-1.690742322931,1.529019144216),.PIECEWISE_BEZIER_KNOTS.);
#8233 = CARTESIAN_POINT('',(2.523264533363,4.440892098501E-16));
#8234 = CARTESIAN_POINT('',(-4.440892098501E-16,-2.));
#8235 = ( GEOMETRIC_REPRESENTATION_CONTEXT(2) 
PARAMETRIC_REPRESENTATION_CONTEXT() REPRESENTATION_CONTEXT('2D SPACE',''
  ) );
#8236 = PCURVE('',#3791,#8237);
#8237 = DEFINITIONAL_REPRESENTATION('',(#8238),#8241);
#8238 = B_SPLINE_CURVE_WITH_KNOTS('',1,(#8239,#8240),.UNSPECIFIED.,.F.,
  .F.,(2,2),(-1.690742322931,1.529019144216),.PIECEWISE_BEZIER_KNOTS.);
#8239 = CARTESIAN_POINT('',(1.414213562373,-5.538461538462));
#8240 = CARTESIAN_POINT('',(4.242640687119,-4.));
#8241 = ( GEOMETRIC_REPRESENTATION_CONTEXT(2) 
PARAMETRIC_REPRESENTATION_CONTEXT() REPRESENTATION_CONTEXT('2D SPACE',''
  ) );
#8242 = ORIENTED_EDGE('',*,*,#8243,.T.);
#8243 = EDGE_CURVE('',#8223,#6514,#8244,.T.);
#8244 = SURFACE_CURVE('',#8245,(#8249,#8256),.PCURVE_S1.);
#8245 = LINE('',#8246,#8247);
#8246 = CARTESIAN_POINT('',(-15.16,-17.4,-78.));
#8247 = VECTOR('',#8248,1.);
#8248 = DIRECTION('',(1.,0.,0.));
#8249 = PCURVE('',#3818,#8250);
#8250 = DEFINITIONAL_REPRESENTATION('',(#8251),#8255);
#8251 = LINE('',#8252,#8253);
#8252 = CARTESIAN_POINT('',(0.,0.));
#8253 = VECTOR('',#8254,1.);
#8254 = DIRECTION('',(0.,-1.));
#8255 = ( GEOMETRIC_REPRESENTATION_CONTEXT(2) 
PARAMETRIC_REPRESENTATION_CONTEXT() REPRESENTATION_CONTEXT('2D SPACE',''
  ) );
#8256 = PCURVE('',#5330,#8257);
#8257 = DEFINITIONAL_REPRESENTATION('',(#8258),#8262);
#8258 = LINE('',#8259,#8260);
#8259 = CARTESIAN_POINT('',(3.,0.));
#8260 = VECTOR('',#8261,1.);
#8261 = DIRECTION('',(0.,-1.));
#8262 = ( GEOMETRIC_REPRESENTATION_CONTEXT(2) 
PARAMETRIC_REPRESENTATION_CONTEXT() REPRESENTATION_CONTEXT('2D SPACE',''
  ) );
#8263 = ORIENTED_EDGE('',*,*,#6536,.T.);
#8264 = ORIENTED_EDGE('',*,*,#8197,.F.);
#8265 = ADVANCED_FACE('',(#8266),#3791,.T.);
#8266 = FACE_BOUND('',#8267,.T.);
#8267 = EDGE_LOOP('',(#8268,#8269,#8270,#8271));
#8268 = ORIENTED_EDGE('',*,*,#5342,.T.);
#8269 = ORIENTED_EDGE('',*,*,#3775,.T.);
#8270 = ORIENTED_EDGE('',*,*,#8222,.T.);
#8271 = ORIENTED_EDGE('',*,*,#8272,.T.);
#8272 = EDGE_CURVE('',#8223,#5315,#8273,.T.);
#8273 = SURFACE_CURVE('',#8274,(#8278,#8284),.PCURVE_S1.);
#8274 = LINE('',#8275,#8276);
#8275 = CARTESIAN_POINT('',(-13.16,-20.9,-78.));
#8276 = VECTOR('',#8277,1.);
#8277 = DIRECTION('',(-0.,-1.,0.));
#8278 = PCURVE('',#3791,#8279);
#8279 = DEFINITIONAL_REPRESENTATION('',(#8280),#8283);
#8280 = B_SPLINE_CURVE_WITH_KNOTS('',1,(#8281,#8282),.UNSPECIFIED.,.F.,
  .F.,(2,2),(-3.5,-0.5),.PIECEWISE_BEZIER_KNOTS.);
#8281 = CARTESIAN_POINT('',(4.242640687119,-4.));
#8282 = CARTESIAN_POINT('',(4.242640687119,-1.));
#8283 = ( GEOMETRIC_REPRESENTATION_CONTEXT(2) 
PARAMETRIC_REPRESENTATION_CONTEXT() REPRESENTATION_CONTEXT('2D SPACE',''
  ) );
#8284 = PCURVE('',#5330,#8285);
#8285 = DEFINITIONAL_REPRESENTATION('',(#8286),#8289);
#8286 = B_SPLINE_CURVE_WITH_KNOTS('',1,(#8287,#8288),.UNSPECIFIED.,.F.,
  .F.,(2,2),(-3.5,-0.5),.PIECEWISE_BEZIER_KNOTS.);
#8287 = CARTESIAN_POINT('',(3.,-2.));
#8288 = CARTESIAN_POINT('',(0.,-2.));
#8289 = ( GEOMETRIC_REPRESENTATION_CONTEXT(2) 
PARAMETRIC_REPRESENTATION_CONTEXT() REPRESENTATION_CONTEXT('2D SPACE',''
  ) );
#8290 = ADVANCED_FACE('',(#8291),#3740,.T.);
#8291 = FACE_BOUND('',#8292,.T.);
#8292 = EDGE_LOOP('',(#8293,#8294,#8295,#8316));
#8293 = ORIENTED_EDGE('',*,*,#3724,.F.);
#8294 = ORIENTED_EDGE('',*,*,#5363,.T.);
#8295 = ORIENTED_EDGE('',*,*,#8296,.T.);
#8296 = EDGE_CURVE('',#5364,#8297,#8299,.T.);
#8297 = VERTEX_POINT('',#8298);
#8298 = CARTESIAN_POINT('',(-13.76,-16.8,-33.));
#8299 = SURFACE_CURVE('',#8300,(#8304,#8310),.PCURVE_S1.);
#8300 = LINE('',#8301,#8302);
#8301 = CARTESIAN_POINT('',(-13.76,-18.6,-33.));
#8302 = VECTOR('',#8303,1.);
#8303 = DIRECTION('',(0.,1.,-0.));
#8304 = PCURVE('',#3740,#8305);
#8305 = DEFINITIONAL_REPRESENTATION('',(#8306),#8309);
#8306 = B_SPLINE_CURVE_WITH_KNOTS('',1,(#8307,#8308),.UNSPECIFIED.,.F.,
  .F.,(2,2),(-1.8,1.8),.PIECEWISE_BEZIER_KNOTS.);
#8307 = CARTESIAN_POINT('',(1.4,0.));
#8308 = CARTESIAN_POINT('',(1.4,3.6));
#8309 = ( GEOMETRIC_REPRESENTATION_CONTEXT(2) 
PARAMETRIC_REPRESENTATION_CONTEXT() REPRESENTATION_CONTEXT('2D SPACE',''
  ) );
#8310 = PCURVE('',#5402,#8311);
#8311 = DEFINITIONAL_REPRESENTATION('',(#8312),#8315);
#8312 = B_SPLINE_CURVE_WITH_KNOTS('',1,(#8313,#8314),.UNSPECIFIED.,.F.,
  .F.,(2,2),(-1.8,1.8),.PIECEWISE_BEZIER_KNOTS.);
#8313 = CARTESIAN_POINT('',(3.124099870363,-3.6));
#8314 = CARTESIAN_POINT('',(3.124099870363,0.));
#8315 = ( GEOMETRIC_REPRESENTATION_CONTEXT(2) 
PARAMETRIC_REPRESENTATION_CONTEXT() REPRESENTATION_CONTEXT('2D SPACE',''
  ) );
#8316 = ORIENTED_EDGE('',*,*,#8317,.T.);
#8317 = EDGE_CURVE('',#8297,#3698,#8318,.T.);
#8318 = SURFACE_CURVE('',#8319,(#8323,#8329),.PCURVE_S1.);
#8319 = LINE('',#8320,#8321);
#8320 = CARTESIAN_POINT('',(-11.25487516204,-16.8,-33.));
#8321 = VECTOR('',#8322,1.);
#8322 = DIRECTION('',(-1.,0.,0.));
#8323 = PCURVE('',#3740,#8324);
#8324 = DEFINITIONAL_REPRESENTATION('',(#8325),#8328);
#8325 = B_SPLINE_CURVE_WITH_KNOTS('',1,(#8326,#8327),.UNSPECIFIED.,.F.,
  .F.,(2,2),(-17.89487516204,3.905124837953),.PIECEWISE_BEZIER_KNOTS.);
#8326 = CARTESIAN_POINT('',(21.8,3.6));
#8327 = CARTESIAN_POINT('',(0.,3.6));
#8328 = ( GEOMETRIC_REPRESENTATION_CONTEXT(2) 
PARAMETRIC_REPRESENTATION_CONTEXT() REPRESENTATION_CONTEXT('2D SPACE',''
  ) );
#8329 = PCURVE('',#3713,#8330);
#8330 = DEFINITIONAL_REPRESENTATION('',(#8331),#8334);
#8331 = B_SPLINE_CURVE_WITH_KNOTS('',1,(#8332,#8333),.UNSPECIFIED.,.F.,
  .F.,(2,2),(-17.89487516204,3.905124837953),.PIECEWISE_BEZIER_KNOTS.);
#8332 = CARTESIAN_POINT('',(13.989750324093,-11.18975032409));
#8333 = CARTESIAN_POINT('',(-7.810249675907,-11.18975032409));
#8334 = ( GEOMETRIC_REPRESENTATION_CONTEXT(2) 
PARAMETRIC_REPRESENTATION_CONTEXT() REPRESENTATION_CONTEXT('2D SPACE',''
  ) );
#8335 = ADVANCED_FACE('',(#8336),#3713,.T.);
#8336 = FACE_BOUND('',#8337,.T.);
#8337 = EDGE_LOOP('',(#8338,#8366,#8385,#8386,#8387,#8410));
#8338 = ORIENTED_EDGE('',*,*,#8339,.T.);
#8339 = EDGE_CURVE('',#8340,#8342,#8344,.T.);
#8340 = VERTEX_POINT('',#8341);
#8341 = CARTESIAN_POINT('',(-11.1,-16.8,-29.91));
#8342 = VERTEX_POINT('',#8343);
#8343 = CARTESIAN_POINT('',(-11.1,-16.8,-16.));
#8344 = SURFACE_CURVE('',#8345,(#8349,#8355),.PCURVE_S1.);
#8345 = LINE('',#8346,#8347);
#8346 = CARTESIAN_POINT('',(-11.1,-16.8,-25.86012483795));
#8347 = VECTOR('',#8348,1.);
#8348 = DIRECTION('',(0.,0.,1.));
#8349 = PCURVE('',#3713,#8350);
#8350 = DEFINITIONAL_REPRESENTATION('',(#8351),#8354);
#8351 = B_SPLINE_CURVE_WITH_KNOTS('',1,(#8352,#8353),.UNSPECIFIED.,.F.,
  .F.,(2,2),(-4.049875162047,9.860124837953),.PIECEWISE_BEZIER_KNOTS.);
#8352 = CARTESIAN_POINT('',(-3.750249675907,-8.099750324093));
#8353 = CARTESIAN_POINT('',(-3.750249675907,5.810249675907));
#8354 = ( GEOMETRIC_REPRESENTATION_CONTEXT(2) 
PARAMETRIC_REPRESENTATION_CONTEXT() REPRESENTATION_CONTEXT('2D SPACE',''
  ) );
#8355 = PCURVE('',#8356,#8361);
#8356 = PLANE('',#8357);
#8357 = AXIS2_PLACEMENT_3D('',#8358,#8359,#8360);
#8358 = CARTESIAN_POINT('',(-11.1,-16.95,-29.91));
#8359 = DIRECTION('',(1.,0.,-0.));
#8360 = DIRECTION('',(0.,0.,1.));
#8361 = DEFINITIONAL_REPRESENTATION('',(#8362),#8365);
#8362 = B_SPLINE_CURVE_WITH_KNOTS('',1,(#8363,#8364),.UNSPECIFIED.,.F.,
  .F.,(2,2),(-4.049875162047,9.860124837953),.PIECEWISE_BEZIER_KNOTS.);
#8363 = CARTESIAN_POINT('',(0.,-0.15));
#8364 = CARTESIAN_POINT('',(13.91,-0.15));
#8365 = ( GEOMETRIC_REPRESENTATION_CONTEXT(2) 
PARAMETRIC_REPRESENTATION_CONTEXT() REPRESENTATION_CONTEXT('2D SPACE',''
  ) );
#8366 = ORIENTED_EDGE('',*,*,#8367,.T.);
#8367 = EDGE_CURVE('',#8342,#3670,#8368,.T.);
#8368 = SURFACE_CURVE('',#8369,(#8373,#8379),.PCURVE_S1.);
#8369 = LINE('',#8370,#8371);
#8370 = CARTESIAN_POINT('',(-11.25487516204,-16.8,-16.));
#8371 = VECTOR('',#8372,1.);
#8372 = DIRECTION('',(-1.,-0.,-0.));
#8373 = PCURVE('',#3713,#8374);
#8374 = DEFINITIONAL_REPRESENTATION('',(#8375),#8378);
#8375 = B_SPLINE_CURVE_WITH_KNOTS('',1,(#8376,#8377),.UNSPECIFIED.,.F.,
  .F.,(2,2),(-19.09487516204,3.905124837953),.PIECEWISE_BEZIER_KNOTS.);
#8376 = CARTESIAN_POINT('',(15.189750324093,5.810249675907));
#8377 = CARTESIAN_POINT('',(-7.810249675907,5.810249675907));
#8378 = ( GEOMETRIC_REPRESENTATION_CONTEXT(2) 
PARAMETRIC_REPRESENTATION_CONTEXT() REPRESENTATION_CONTEXT('2D SPACE',''
  ) );
#8379 = PCURVE('',#3685,#8380);
#8380 = DEFINITIONAL_REPRESENTATION('',(#8381),#8384);
#8381 = B_SPLINE_CURVE_WITH_KNOTS('',1,(#8382,#8383),.UNSPECIFIED.,.F.,
  .F.,(2,2),(-19.09487516204,3.905124837953),.PIECEWISE_BEZIER_KNOTS.);
#8382 = CARTESIAN_POINT('',(36.55,-23.));
#8383 = CARTESIAN_POINT('',(36.55,0.));
#8384 = ( GEOMETRIC_REPRESENTATION_CONTEXT(2) 
PARAMETRIC_REPRESENTATION_CONTEXT() REPRESENTATION_CONTEXT('2D SPACE',''
  ) );
#8385 = ORIENTED_EDGE('',*,*,#3697,.T.);
#8386 = ORIENTED_EDGE('',*,*,#8317,.F.);
#8387 = ORIENTED_EDGE('',*,*,#8388,.T.);
#8388 = EDGE_CURVE('',#8297,#8389,#8391,.T.);
#8389 = VERTEX_POINT('',#8390);
#8390 = CARTESIAN_POINT('',(-10.052,-16.8,-29.91));
#8391 = SURFACE_CURVE('',#8392,(#8396,#8403),.PCURVE_S1.);
#8392 = LINE('',#8393,#8394);
#8393 = CARTESIAN_POINT('',(-16.16,-16.8,-35.));
#8394 = VECTOR('',#8395,1.);
#8395 = DIRECTION('',(0.768221279597,0.,0.640184399664));
#8396 = PCURVE('',#3713,#8397);
#8397 = DEFINITIONAL_REPRESENTATION('',(#8398),#8402);
#8398 = LINE('',#8399,#8400);
#8399 = CARTESIAN_POINT('',(-8.810249675907,-13.18975032409));
#8400 = VECTOR('',#8401,1.);
#8401 = DIRECTION('',(0.768221279597,0.640184399664));
#8402 = ( GEOMETRIC_REPRESENTATION_CONTEXT(2) 
PARAMETRIC_REPRESENTATION_CONTEXT() REPRESENTATION_CONTEXT('2D SPACE',''
  ) );
#8403 = PCURVE('',#5402,#8404);
#8404 = DEFINITIONAL_REPRESENTATION('',(#8405),#8409);
#8405 = LINE('',#8406,#8407);
#8406 = CARTESIAN_POINT('',(0.,0.));
#8407 = VECTOR('',#8408,1.);
#8408 = DIRECTION('',(1.,0.));
#8409 = ( GEOMETRIC_REPRESENTATION_CONTEXT(2) 
PARAMETRIC_REPRESENTATION_CONTEXT() REPRESENTATION_CONTEXT('2D SPACE',''
  ) );
#8410 = ORIENTED_EDGE('',*,*,#8411,.T.);
#8411 = EDGE_CURVE('',#8389,#8340,#8412,.T.);
#8412 = SURFACE_CURVE('',#8413,(#8417,#8423),.PCURVE_S1.);
#8413 = LINE('',#8414,#8415);
#8414 = CARTESIAN_POINT('',(-9.224875162047,-16.8,-29.91));
#8415 = VECTOR('',#8416,1.);
#8416 = DIRECTION('',(-1.,0.,0.));
#8417 = PCURVE('',#3713,#8418);
#8418 = DEFINITIONAL_REPRESENTATION('',(#8419),#8422);
#8419 = B_SPLINE_CURVE_WITH_KNOTS('',1,(#8420,#8421),.UNSPECIFIED.,.F.,
  .F.,(2,2),(-15.86487516204,1.875124837953),.PIECEWISE_BEZIER_KNOTS.);
#8420 = CARTESIAN_POINT('',(13.989750324093,-8.099750324093));
#8421 = CARTESIAN_POINT('',(-3.750249675907,-8.099750324093));
#8422 = ( GEOMETRIC_REPRESENTATION_CONTEXT(2) 
PARAMETRIC_REPRESENTATION_CONTEXT() REPRESENTATION_CONTEXT('2D SPACE',''
  ) );
#8423 = PCURVE('',#8424,#8429);
#8424 = PLANE('',#8425);
#8425 = AXIS2_PLACEMENT_3D('',#8426,#8427,#8428);
#8426 = CARTESIAN_POINT('',(-11.1,-16.95,-29.91));
#8427 = DIRECTION('',(0.,0.,1.));
#8428 = DIRECTION('',(1.,0.,-0.));
#8429 = DEFINITIONAL_REPRESENTATION('',(#8430),#8433);
#8430 = B_SPLINE_CURVE_WITH_KNOTS('',1,(#8431,#8432),.UNSPECIFIED.,.F.,
  .F.,(2,2),(-15.86487516204,1.875124837953),.PIECEWISE_BEZIER_KNOTS.);
#8431 = CARTESIAN_POINT('',(17.74,0.15));
#8432 = CARTESIAN_POINT('',(0.,0.15));
#8433 = ( GEOMETRIC_REPRESENTATION_CONTEXT(2) 
PARAMETRIC_REPRESENTATION_CONTEXT() REPRESENTATION_CONTEXT('2D SPACE',''
  ) );
#8434 = ADVANCED_FACE('',(#8435),#3685,.F.);
#8435 = FACE_BOUND('',#8436,.F.);
#8436 = EDGE_LOOP('',(#8437,#8438,#8439,#8462,#8481,#8482));
#8437 = ORIENTED_EDGE('',*,*,#7189,.F.);
#8438 = ORIENTED_EDGE('',*,*,#6443,.T.);
#8439 = ORIENTED_EDGE('',*,*,#8440,.T.);
#8440 = EDGE_CURVE('',#6446,#8441,#8443,.T.);
#8441 = VERTEX_POINT('',#8442);
#8442 = CARTESIAN_POINT('',(-11.1,-14.9,-16.));
#8443 = SURFACE_CURVE('',#8444,(#8448,#8455),.PCURVE_S1.);
#8444 = LINE('',#8445,#8446);
#8445 = CARTESIAN_POINT('',(-15.16,-14.9,-16.));
#8446 = VECTOR('',#8447,1.);
#8447 = DIRECTION('',(1.,0.,-0.));
#8448 = PCURVE('',#3685,#8449);
#8449 = DEFINITIONAL_REPRESENTATION('',(#8450),#8454);
#8450 = LINE('',#8451,#8452);
#8451 = CARTESIAN_POINT('',(34.65,0.));
#8452 = VECTOR('',#8453,1.);
#8453 = DIRECTION('',(0.,-1.));
#8454 = ( GEOMETRIC_REPRESENTATION_CONTEXT(2) 
PARAMETRIC_REPRESENTATION_CONTEXT() REPRESENTATION_CONTEXT('2D SPACE',''
  ) );
#8455 = PCURVE('',#4854,#8456);
#8456 = DEFINITIONAL_REPRESENTATION('',(#8457),#8461);
#8457 = LINE('',#8458,#8459);
#8458 = CARTESIAN_POINT('',(20.,0.));
#8459 = VECTOR('',#8460,1.);
#8460 = DIRECTION('',(0.,1.));
#8461 = ( GEOMETRIC_REPRESENTATION_CONTEXT(2) 
PARAMETRIC_REPRESENTATION_CONTEXT() REPRESENTATION_CONTEXT('2D SPACE',''
  ) );
#8462 = ORIENTED_EDGE('',*,*,#8463,.T.);
#8463 = EDGE_CURVE('',#8441,#8342,#8464,.T.);
#8464 = SURFACE_CURVE('',#8465,(#8469,#8475),.PCURVE_S1.);
#8465 = LINE('',#8466,#8467);
#8466 = CARTESIAN_POINT('',(-11.1,1.4,-16.));
#8467 = VECTOR('',#8468,1.);
#8468 = DIRECTION('',(0.,-1.,0.));
#8469 = PCURVE('',#3685,#8470);
#8470 = DEFINITIONAL_REPRESENTATION('',(#8471),#8474);
#8471 = B_SPLINE_CURVE_WITH_KNOTS('',1,(#8472,#8473),.UNSPECIFIED.,.F.,
  .F.,(2,2),(16.29,18.35),.PIECEWISE_BEZIER_KNOTS.);
#8472 = CARTESIAN_POINT('',(34.64,-4.06));
#8473 = CARTESIAN_POINT('',(36.7,-4.06));
#8474 = ( GEOMETRIC_REPRESENTATION_CONTEXT(2) 
PARAMETRIC_REPRESENTATION_CONTEXT() REPRESENTATION_CONTEXT('2D SPACE',''
  ) );
#8475 = PCURVE('',#8356,#8476);
#8476 = DEFINITIONAL_REPRESENTATION('',(#8477),#8480);
#8477 = B_SPLINE_CURVE_WITH_KNOTS('',1,(#8478,#8479),.UNSPECIFIED.,.F.,
  .F.,(2,2),(16.29,18.35),.PIECEWISE_BEZIER_KNOTS.);
#8478 = CARTESIAN_POINT('',(13.91,-2.06));
#8479 = CARTESIAN_POINT('',(13.91,0.));
#8480 = ( GEOMETRIC_REPRESENTATION_CONTEXT(2) 
PARAMETRIC_REPRESENTATION_CONTEXT() REPRESENTATION_CONTEXT('2D SPACE',''
  ) );
#8481 = ORIENTED_EDGE('',*,*,#8367,.T.);
#8482 = ORIENTED_EDGE('',*,*,#3669,.T.);
#8483 = ADVANCED_FACE('',(#8484),#3634,.T.);
#8484 = FACE_BOUND('',#8485,.T.);
#8485 = EDGE_LOOP('',(#8486,#8487,#8488,#8489));
#8486 = ORIENTED_EDGE('',*,*,#6916,.F.);
#8487 = ORIENTED_EDGE('',*,*,#3618,.F.);
#8488 = ORIENTED_EDGE('',*,*,#7211,.T.);
#8489 = ORIENTED_EDGE('',*,*,#8490,.F.);
#8490 = EDGE_CURVE('',#6802,#7212,#8491,.T.);
#8491 = SURFACE_CURVE('',#8492,(#8496,#8502),.PCURVE_S1.);
#8492 = LINE('',#8493,#8494);
#8493 = CARTESIAN_POINT('',(-9.853425800198,20.75,-3.));
#8494 = VECTOR('',#8495,1.);
#8495 = DIRECTION('',(0.,-1.,2.22044604925E-16));
#8496 = PCURVE('',#3634,#8497);
#8497 = DEFINITIONAL_REPRESENTATION('',(#8498),#8501);
#8498 = B_SPLINE_CURVE_WITH_KNOTS('',1,(#8499,#8500),.UNSPECIFIED.,.F.,
  .F.,(2,2),(0.76,3.64),.PIECEWISE_BEZIER_KNOTS.);
#8499 = CARTESIAN_POINT('',(5.306574199802,2.64));
#8500 = CARTESIAN_POINT('',(5.306574199802,-0.24));
#8501 = ( GEOMETRIC_REPRESENTATION_CONTEXT(2) 
PARAMETRIC_REPRESENTATION_CONTEXT() REPRESENTATION_CONTEXT('2D SPACE',''
  ) );
#8502 = PCURVE('',#6824,#8503);
#8503 = DEFINITIONAL_REPRESENTATION('',(#8504),#8507);
#8504 = B_SPLINE_CURVE_WITH_KNOTS('',1,(#8505,#8506),.UNSPECIFIED.,.F.,
  .F.,(2,2),(0.76,3.64),.PIECEWISE_BEZIER_KNOTS.);
#8505 = CARTESIAN_POINT('',(3.437138564938,0.76));
#8506 = CARTESIAN_POINT('',(3.437138564938,3.64));
#8507 = ( GEOMETRIC_REPRESENTATION_CONTEXT(2) 
PARAMETRIC_REPRESENTATION_CONTEXT() REPRESENTATION_CONTEXT('2D SPACE',''
  ) );
#8508 = ADVANCED_FACE('',(#8509),#3950,.T.);
#8509 = FACE_BOUND('',#8510,.T.);
#8510 = EDGE_LOOP('',(#8511,#8532,#8533,#8554));
#8511 = ORIENTED_EDGE('',*,*,#8512,.F.);
#8512 = EDGE_CURVE('',#3934,#6655,#8513,.T.);
#8513 = SURFACE_CURVE('',#8514,(#8518,#8525),.PCURVE_S1.);
#8514 = LINE('',#8515,#8516);
#8515 = CARTESIAN_POINT('',(-16.16,4.5,-48.));
#8516 = VECTOR('',#8517,1.);
#8517 = DIRECTION('',(1.,0.,-0.));
#8518 = PCURVE('',#3950,#8519);
#8519 = DEFINITIONAL_REPRESENTATION('',(#8520),#8524);
#8520 = LINE('',#8521,#8522);
#8521 = CARTESIAN_POINT('',(0.,9.));
#8522 = VECTOR('',#8523,1.);
#8523 = DIRECTION('',(1.,0.));
#8524 = ( GEOMETRIC_REPRESENTATION_CONTEXT(2) 
PARAMETRIC_REPRESENTATION_CONTEXT() REPRESENTATION_CONTEXT('2D SPACE',''
  ) );
#8525 = PCURVE('',#4026,#8526);
#8526 = DEFINITIONAL_REPRESENTATION('',(#8527),#8531);
#8527 = LINE('',#8528,#8529);
#8528 = CARTESIAN_POINT('',(0.,0.));
#8529 = VECTOR('',#8530,1.);
#8530 = DIRECTION('',(0.,1.));
#8531 = ( GEOMETRIC_REPRESENTATION_CONTEXT(2) 
PARAMETRIC_REPRESENTATION_CONTEXT() REPRESENTATION_CONTEXT('2D SPACE',''
  ) );
#8532 = ORIENTED_EDGE('',*,*,#3933,.T.);
#8533 = ORIENTED_EDGE('',*,*,#8534,.T.);
#8534 = EDGE_CURVE('',#3936,#6657,#8535,.T.);
#8535 = SURFACE_CURVE('',#8536,(#8540,#8547),.PCURVE_S1.);
#8536 = LINE('',#8537,#8538);
#8537 = CARTESIAN_POINT('',(-16.16,-4.5,-48.));
#8538 = VECTOR('',#8539,1.);
#8539 = DIRECTION('',(1.,0.,-0.));
#8540 = PCURVE('',#3950,#8541);
#8541 = DEFINITIONAL_REPRESENTATION('',(#8542),#8546);
#8542 = LINE('',#8543,#8544);
#8543 = CARTESIAN_POINT('',(0.,0.));
#8544 = VECTOR('',#8545,1.);
#8545 = DIRECTION('',(1.,0.));
#8546 = ( GEOMETRIC_REPRESENTATION_CONTEXT(2) 
PARAMETRIC_REPRESENTATION_CONTEXT() REPRESENTATION_CONTEXT('2D SPACE',''
  ) );
#8547 = PCURVE('',#3976,#8548);
#8548 = DEFINITIONAL_REPRESENTATION('',(#8549),#8553);
#8549 = LINE('',#8550,#8551);
#8550 = CARTESIAN_POINT('',(0.,0.));
#8551 = VECTOR('',#8552,1.);
#8552 = DIRECTION('',(0.,1.));
#8553 = ( GEOMETRIC_REPRESENTATION_CONTEXT(2) 
PARAMETRIC_REPRESENTATION_CONTEXT() REPRESENTATION_CONTEXT('2D SPACE',''
  ) );
#8554 = ORIENTED_EDGE('',*,*,#6654,.F.);
#8555 = ADVANCED_FACE('',(#8556),#4026,.F.);
#8556 = FACE_BOUND('',#8557,.F.);
#8557 = EDGE_LOOP('',(#8558,#8559,#8560,#8581));
#8558 = ORIENTED_EDGE('',*,*,#8512,.F.);
#8559 = ORIENTED_EDGE('',*,*,#4013,.T.);
#8560 = ORIENTED_EDGE('',*,*,#8561,.T.);
#8561 = EDGE_CURVE('',#3988,#6699,#8562,.T.);
#8562 = SURFACE_CURVE('',#8563,(#8567,#8574),.PCURVE_S1.);
#8563 = LINE('',#8564,#8565);
#8564 = CARTESIAN_POINT('',(-16.16,4.5,-37.));
#8565 = VECTOR('',#8566,1.);
#8566 = DIRECTION('',(1.,0.,-0.));
#8567 = PCURVE('',#4026,#8568);
#8568 = DEFINITIONAL_REPRESENTATION('',(#8569),#8573);
#8569 = LINE('',#8570,#8571);
#8570 = CARTESIAN_POINT('',(11.,0.));
#8571 = VECTOR('',#8572,1.);
#8572 = DIRECTION('',(0.,1.));
#8573 = ( GEOMETRIC_REPRESENTATION_CONTEXT(2) 
PARAMETRIC_REPRESENTATION_CONTEXT() REPRESENTATION_CONTEXT('2D SPACE',''
  ) );
#8574 = PCURVE('',#4002,#8575);
#8575 = DEFINITIONAL_REPRESENTATION('',(#8576),#8580);
#8576 = LINE('',#8577,#8578);
#8577 = CARTESIAN_POINT('',(0.,9.));
#8578 = VECTOR('',#8579,1.);
#8579 = DIRECTION('',(1.,0.));
#8580 = ( GEOMETRIC_REPRESENTATION_CONTEXT(2) 
PARAMETRIC_REPRESENTATION_CONTEXT() REPRESENTATION_CONTEXT('2D SPACE',''
  ) );
#8581 = ORIENTED_EDGE('',*,*,#6719,.F.);
#8582 = ADVANCED_FACE('',(#8583),#3976,.T.);
#8583 = FACE_BOUND('',#8584,.T.);
#8584 = EDGE_LOOP('',(#8585,#8586,#8587,#8608));
#8585 = ORIENTED_EDGE('',*,*,#8534,.F.);
#8586 = ORIENTED_EDGE('',*,*,#3961,.T.);
#8587 = ORIENTED_EDGE('',*,*,#8588,.T.);
#8588 = EDGE_CURVE('',#3962,#6678,#8589,.T.);
#8589 = SURFACE_CURVE('',#8590,(#8594,#8601),.PCURVE_S1.);
#8590 = LINE('',#8591,#8592);
#8591 = CARTESIAN_POINT('',(-16.16,-4.5,-37.));
#8592 = VECTOR('',#8593,1.);
#8593 = DIRECTION('',(1.,0.,-0.));
#8594 = PCURVE('',#3976,#8595);
#8595 = DEFINITIONAL_REPRESENTATION('',(#8596),#8600);
#8596 = LINE('',#8597,#8598);
#8597 = CARTESIAN_POINT('',(11.,0.));
#8598 = VECTOR('',#8599,1.);
#8599 = DIRECTION('',(0.,1.));
#8600 = ( GEOMETRIC_REPRESENTATION_CONTEXT(2) 
PARAMETRIC_REPRESENTATION_CONTEXT() REPRESENTATION_CONTEXT('2D SPACE',''
  ) );
#8601 = PCURVE('',#4002,#8602);
#8602 = DEFINITIONAL_REPRESENTATION('',(#8603),#8607);
#8603 = LINE('',#8604,#8605);
#8604 = CARTESIAN_POINT('',(0.,0.));
#8605 = VECTOR('',#8606,1.);
#8606 = DIRECTION('',(1.,0.));
#8607 = ( GEOMETRIC_REPRESENTATION_CONTEXT(2) 
PARAMETRIC_REPRESENTATION_CONTEXT() REPRESENTATION_CONTEXT('2D SPACE',''
  ) );
#8608 = ORIENTED_EDGE('',*,*,#6677,.F.);
#8609 = ADVANCED_FACE('',(#8610),#4002,.F.);
#8610 = FACE_BOUND('',#8611,.F.);
#8611 = EDGE_LOOP('',(#8612,#8613,#8614,#8615));
#8612 = ORIENTED_EDGE('',*,*,#8561,.F.);
#8613 = ORIENTED_EDGE('',*,*,#3987,.T.);
#8614 = ORIENTED_EDGE('',*,*,#8588,.T.);
#8615 = ORIENTED_EDGE('',*,*,#6698,.F.);
#8616 = ADVANCED_FACE('',(#8617),#4056,.F.);
#8617 = FACE_BOUND('',#8618,.F.);
#8618 = EDGE_LOOP('',(#8619,#8620,#8641,#8642));
#8619 = ORIENTED_EDGE('',*,*,#6628,.F.);
#8620 = ORIENTED_EDGE('',*,*,#8621,.F.);
#8621 = EDGE_CURVE('',#4040,#6629,#8622,.T.);
#8622 = SEAM_CURVE('',#8623,(#8627,#8634),.PCURVE_S1.);
#8623 = LINE('',#8624,#8625);
#8624 = CARTESIAN_POINT('',(-16.16,-9.,-42.25));
#8625 = VECTOR('',#8626,1.);
#8626 = DIRECTION('',(1.,0.,2.22044604925E-16));
#8627 = PCURVE('',#4056,#8628);
#8628 = DEFINITIONAL_REPRESENTATION('',(#8629),#8633);
#8629 = LINE('',#8630,#8631);
#8630 = CARTESIAN_POINT('',(6.28318530718,-0.));
#8631 = VECTOR('',#8632,1.);
#8632 = DIRECTION('',(0.,1.));
#8633 = ( GEOMETRIC_REPRESENTATION_CONTEXT(2) 
PARAMETRIC_REPRESENTATION_CONTEXT() REPRESENTATION_CONTEXT('2D SPACE',''
  ) );
#8634 = PCURVE('',#4056,#8635);
#8635 = DEFINITIONAL_REPRESENTATION('',(#8636),#8640);
#8636 = LINE('',#8637,#8638);
#8637 = CARTESIAN_POINT('',(0.,-0.));
#8638 = VECTOR('',#8639,1.);
#8639 = DIRECTION('',(0.,1.));
#8640 = ( GEOMETRIC_REPRESENTATION_CONTEXT(2) 
PARAMETRIC_REPRESENTATION_CONTEXT() REPRESENTATION_CONTEXT('2D SPACE',''
  ) );
#8641 = ORIENTED_EDGE('',*,*,#4039,.T.);
#8642 = ORIENTED_EDGE('',*,*,#8621,.T.);
#8643 = ADVANCED_FACE('',(#8644),#4908,.F.);
#8644 = FACE_BOUND('',#8645,.F.);
#8645 = EDGE_LOOP('',(#8646,#8669,#8670,#8671));
#8646 = ORIENTED_EDGE('',*,*,#8647,.F.);
#8647 = EDGE_CURVE('',#4867,#8648,#8650,.T.);
#8648 = VERTEX_POINT('',#8649);
#8649 = CARTESIAN_POINT('',(13.2,-17.9,-36.));
#8650 = SURFACE_CURVE('',#8651,(#8655,#8662),.PCURVE_S1.);
#8651 = LINE('',#8652,#8653);
#8652 = CARTESIAN_POINT('',(-15.16,-17.9,-36.));
#8653 = VECTOR('',#8654,1.);
#8654 = DIRECTION('',(1.,0.,-0.));
#8655 = PCURVE('',#4908,#8656);
#8656 = DEFINITIONAL_REPRESENTATION('',(#8657),#8661);
#8657 = LINE('',#8658,#8659);
#8658 = CARTESIAN_POINT('',(0.,0.));
#8659 = VECTOR('',#8660,1.);
#8660 = DIRECTION('',(0.,1.));
#8661 = ( GEOMETRIC_REPRESENTATION_CONTEXT(2) 
PARAMETRIC_REPRESENTATION_CONTEXT() REPRESENTATION_CONTEXT('2D SPACE',''
  ) );
#8662 = PCURVE('',#4882,#8663);
#8663 = DEFINITIONAL_REPRESENTATION('',(#8664),#8668);
#8664 = LINE('',#8665,#8666);
#8665 = CARTESIAN_POINT('',(0.,0.));
#8666 = VECTOR('',#8667,1.);
#8667 = DIRECTION('',(1.,0.));
#8668 = ( GEOMETRIC_REPRESENTATION_CONTEXT(2) 
PARAMETRIC_REPRESENTATION_CONTEXT() REPRESENTATION_CONTEXT('2D SPACE',''
  ) );
#8669 = ORIENTED_EDGE('',*,*,#4894,.F.);
#8670 = ORIENTED_EDGE('',*,*,#5092,.T.);
#8671 = ORIENTED_EDGE('',*,*,#8672,.F.);
#8672 = EDGE_CURVE('',#8648,#5067,#8673,.T.);
#8673 = SURFACE_CURVE('',#8674,(#8678,#8685),.PCURVE_S1.);
#8674 = LINE('',#8675,#8676);
#8675 = CARTESIAN_POINT('',(13.2,-17.9,-36.));
#8676 = VECTOR('',#8677,1.);
#8677 = DIRECTION('',(0.,0.,1.));
#8678 = PCURVE('',#4908,#8679);
#8679 = DEFINITIONAL_REPRESENTATION('',(#8680),#8684);
#8680 = LINE('',#8681,#8682);
#8681 = CARTESIAN_POINT('',(0.,28.36));
#8682 = VECTOR('',#8683,1.);
#8683 = DIRECTION('',(1.,0.));
#8684 = ( GEOMETRIC_REPRESENTATION_CONTEXT(2) 
PARAMETRIC_REPRESENTATION_CONTEXT() REPRESENTATION_CONTEXT('2D SPACE',''
  ) );
#8685 = PCURVE('',#5081,#8686);
#8686 = DEFINITIONAL_REPRESENTATION('',(#8687),#8691);
#8687 = LINE('',#8688,#8689);
#8688 = CARTESIAN_POINT('',(0.,0.));
#8689 = VECTOR('',#8690,1.);
#8690 = DIRECTION('',(1.,0.));
#8691 = ( GEOMETRIC_REPRESENTATION_CONTEXT(2) 
PARAMETRIC_REPRESENTATION_CONTEXT() REPRESENTATION_CONTEXT('2D SPACE',''
  ) );
#8692 = ADVANCED_FACE('',(#8693),#4882,.F.);
#8693 = FACE_BOUND('',#8694,.F.);
#8694 = EDGE_LOOP('',(#8695,#8718,#8719,#8720));
#8695 = ORIENTED_EDGE('',*,*,#8696,.F.);
#8696 = EDGE_CURVE('',#4839,#8697,#8699,.T.);
#8697 = VERTEX_POINT('',#8698);
#8698 = CARTESIAN_POINT('',(13.2,-14.9,-36.));
#8699 = SURFACE_CURVE('',#8700,(#8704,#8711),.PCURVE_S1.);
#8700 = LINE('',#8701,#8702);
#8701 = CARTESIAN_POINT('',(-15.16,-14.9,-36.));
#8702 = VECTOR('',#8703,1.);
#8703 = DIRECTION('',(1.,0.,-0.));
#8704 = PCURVE('',#4882,#8705);
#8705 = DEFINITIONAL_REPRESENTATION('',(#8706),#8710);
#8706 = LINE('',#8707,#8708);
#8707 = CARTESIAN_POINT('',(0.,3.));
#8708 = VECTOR('',#8709,1.);
#8709 = DIRECTION('',(1.,0.));
#8710 = ( GEOMETRIC_REPRESENTATION_CONTEXT(2) 
PARAMETRIC_REPRESENTATION_CONTEXT() REPRESENTATION_CONTEXT('2D SPACE',''
  ) );
#8711 = PCURVE('',#4854,#8712);
#8712 = DEFINITIONAL_REPRESENTATION('',(#8713),#8717);
#8713 = LINE('',#8714,#8715);
#8714 = CARTESIAN_POINT('',(0.,0.));
#8715 = VECTOR('',#8716,1.);
#8716 = DIRECTION('',(0.,1.));
#8717 = ( GEOMETRIC_REPRESENTATION_CONTEXT(2) 
PARAMETRIC_REPRESENTATION_CONTEXT() REPRESENTATION_CONTEXT('2D SPACE',''
  ) );
#8718 = ORIENTED_EDGE('',*,*,#4866,.T.);
#8719 = ORIENTED_EDGE('',*,*,#8647,.T.);
#8720 = ORIENTED_EDGE('',*,*,#8721,.T.);
#8721 = EDGE_CURVE('',#8648,#8697,#8722,.T.);
#8722 = SURFACE_CURVE('',#8723,(#8727,#8734),.PCURVE_S1.);
#8723 = LINE('',#8724,#8725);
#8724 = CARTESIAN_POINT('',(13.2,-17.9,-36.));
#8725 = VECTOR('',#8726,1.);
#8726 = DIRECTION('',(-0.,1.,0.));
#8727 = PCURVE('',#4882,#8728);
#8728 = DEFINITIONAL_REPRESENTATION('',(#8729),#8733);
#8729 = LINE('',#8730,#8731);
#8730 = CARTESIAN_POINT('',(28.36,0.));
#8731 = VECTOR('',#8732,1.);
#8732 = DIRECTION('',(0.,1.));
#8733 = ( GEOMETRIC_REPRESENTATION_CONTEXT(2) 
PARAMETRIC_REPRESENTATION_CONTEXT() REPRESENTATION_CONTEXT('2D SPACE',''
  ) );
#8734 = PCURVE('',#5081,#8735);
#8735 = DEFINITIONAL_REPRESENTATION('',(#8736),#8740);
#8736 = LINE('',#8737,#8738);
#8737 = CARTESIAN_POINT('',(0.,0.));
#8738 = VECTOR('',#8739,1.);
#8739 = DIRECTION('',(0.,-1.));
#8740 = ( GEOMETRIC_REPRESENTATION_CONTEXT(2) 
PARAMETRIC_REPRESENTATION_CONTEXT() REPRESENTATION_CONTEXT('2D SPACE',''
  ) );
#8741 = ADVANCED_FACE('',(#8742,#8868,#9033),#4854,.T.);
#8742 = FACE_BOUND('',#8743,.T.);
#8743 = EDGE_LOOP('',(#8744,#8745,#8746,#8747,#8748,#8749,#8770,#8791,
    #8819,#8847));
#8744 = ORIENTED_EDGE('',*,*,#8696,.F.);
#8745 = ORIENTED_EDGE('',*,*,#4838,.F.);
#8746 = ORIENTED_EDGE('',*,*,#6741,.F.);
#8747 = ORIENTED_EDGE('',*,*,#6468,.F.);
#8748 = ORIENTED_EDGE('',*,*,#8440,.T.);
#8749 = ORIENTED_EDGE('',*,*,#8750,.T.);
#8750 = EDGE_CURVE('',#8441,#8751,#8753,.T.);
#8751 = VERTEX_POINT('',#8752);
#8752 = CARTESIAN_POINT('',(-11.1,-14.9,-29.91));
#8753 = SURFACE_CURVE('',#8754,(#8758,#8764),.PCURVE_S1.);
#8754 = LINE('',#8755,#8756);
#8755 = CARTESIAN_POINT('',(-11.1,-14.9,-32.955));
#8756 = VECTOR('',#8757,1.);
#8757 = DIRECTION('',(-0.,0.,-1.));
#8758 = PCURVE('',#4854,#8759);
#8759 = DEFINITIONAL_REPRESENTATION('',(#8760),#8763);
#8760 = B_SPLINE_CURVE_WITH_KNOTS('',1,(#8761,#8762),.UNSPECIFIED.,.F.,
  .F.,(2,2),(-16.955,-3.045),.PIECEWISE_BEZIER_KNOTS.);
#8761 = CARTESIAN_POINT('',(20.,4.06));
#8762 = CARTESIAN_POINT('',(6.09,4.06));
#8763 = ( GEOMETRIC_REPRESENTATION_CONTEXT(2) 
PARAMETRIC_REPRESENTATION_CONTEXT() REPRESENTATION_CONTEXT('2D SPACE',''
  ) );
#8764 = PCURVE('',#8356,#8765);
#8765 = DEFINITIONAL_REPRESENTATION('',(#8766),#8769);
#8766 = B_SPLINE_CURVE_WITH_KNOTS('',1,(#8767,#8768),.UNSPECIFIED.,.F.,
  .F.,(2,2),(-16.955,-3.045),.PIECEWISE_BEZIER_KNOTS.);
#8767 = CARTESIAN_POINT('',(13.91,-2.05));
#8768 = CARTESIAN_POINT('',(0.,-2.05));
#8769 = ( GEOMETRIC_REPRESENTATION_CONTEXT(2) 
PARAMETRIC_REPRESENTATION_CONTEXT() REPRESENTATION_CONTEXT('2D SPACE',''
  ) );
#8770 = ORIENTED_EDGE('',*,*,#8771,.T.);
#8771 = EDGE_CURVE('',#8751,#8772,#8774,.T.);
#8772 = VERTEX_POINT('',#8773);
#8773 = CARTESIAN_POINT('',(11.1,-14.9,-29.91));
#8774 = SURFACE_CURVE('',#8775,(#8779,#8785),.PCURVE_S1.);
#8775 = LINE('',#8776,#8777);
#8776 = CARTESIAN_POINT('',(-13.13,-14.9,-29.91));
#8777 = VECTOR('',#8778,1.);
#8778 = DIRECTION('',(1.,0.,-0.));
#8779 = PCURVE('',#4854,#8780);
#8780 = DEFINITIONAL_REPRESENTATION('',(#8781),#8784);
#8781 = B_SPLINE_CURVE_WITH_KNOTS('',1,(#8782,#8783),.UNSPECIFIED.,.F.,
  .F.,(2,2),(2.03,24.23),.PIECEWISE_BEZIER_KNOTS.);
#8782 = CARTESIAN_POINT('',(6.09,4.06));
#8783 = CARTESIAN_POINT('',(6.09,26.26));
#8784 = ( GEOMETRIC_REPRESENTATION_CONTEXT(2) 
PARAMETRIC_REPRESENTATION_CONTEXT() REPRESENTATION_CONTEXT('2D SPACE',''
  ) );
#8785 = PCURVE('',#8424,#8786);
#8786 = DEFINITIONAL_REPRESENTATION('',(#8787),#8790);
#8787 = B_SPLINE_CURVE_WITH_KNOTS('',1,(#8788,#8789),.UNSPECIFIED.,.F.,
  .F.,(2,2),(2.03,24.23),.PIECEWISE_BEZIER_KNOTS.);
#8788 = CARTESIAN_POINT('',(0.,2.05));
#8789 = CARTESIAN_POINT('',(22.2,2.05));
#8790 = ( GEOMETRIC_REPRESENTATION_CONTEXT(2) 
PARAMETRIC_REPRESENTATION_CONTEXT() REPRESENTATION_CONTEXT('2D SPACE',''
  ) );
#8791 = ORIENTED_EDGE('',*,*,#8792,.F.);
#8792 = EDGE_CURVE('',#8793,#8772,#8795,.T.);
#8793 = VERTEX_POINT('',#8794);
#8794 = CARTESIAN_POINT('',(11.1,-14.9,-30.51));
#8795 = SURFACE_CURVE('',#8796,(#8800,#8807),.PCURVE_S1.);
#8796 = LINE('',#8797,#8798);
#8797 = CARTESIAN_POINT('',(11.1,-14.9,-30.51));
#8798 = VECTOR('',#8799,1.);
#8799 = DIRECTION('',(0.,0.,1.));
#8800 = PCURVE('',#4854,#8801);
#8801 = DEFINITIONAL_REPRESENTATION('',(#8802),#8806);
#8802 = LINE('',#8803,#8804);
#8803 = CARTESIAN_POINT('',(5.49,26.26));
#8804 = VECTOR('',#8805,1.);
#8805 = DIRECTION('',(1.,0.));
#8806 = ( GEOMETRIC_REPRESENTATION_CONTEXT(2) 
PARAMETRIC_REPRESENTATION_CONTEXT() REPRESENTATION_CONTEXT('2D SPACE',''
  ) );
#8807 = PCURVE('',#8808,#8813);
#8808 = PLANE('',#8809);
#8809 = AXIS2_PLACEMENT_3D('',#8810,#8811,#8812);
#8810 = CARTESIAN_POINT('',(11.1,-14.9,-30.51));
#8811 = DIRECTION('',(1.,0.,-0.));
#8812 = DIRECTION('',(0.,-1.,0.));
#8813 = DEFINITIONAL_REPRESENTATION('',(#8814),#8818);
#8814 = LINE('',#8815,#8816);
#8815 = CARTESIAN_POINT('',(0.,0.));
#8816 = VECTOR('',#8817,1.);
#8817 = DIRECTION('',(0.,-1.));
#8818 = ( GEOMETRIC_REPRESENTATION_CONTEXT(2) 
PARAMETRIC_REPRESENTATION_CONTEXT() REPRESENTATION_CONTEXT('2D SPACE',''
  ) );
#8819 = ORIENTED_EDGE('',*,*,#8820,.F.);
#8820 = EDGE_CURVE('',#8821,#8793,#8823,.T.);
#8821 = VERTEX_POINT('',#8822);
#8822 = CARTESIAN_POINT('',(13.2,-14.9,-30.51));
#8823 = SURFACE_CURVE('',#8824,(#8828,#8835),.PCURVE_S1.);
#8824 = LINE('',#8825,#8826);
#8825 = CARTESIAN_POINT('',(13.56,-14.9,-30.51));
#8826 = VECTOR('',#8827,1.);
#8827 = DIRECTION('',(-1.,0.,0.));
#8828 = PCURVE('',#4854,#8829);
#8829 = DEFINITIONAL_REPRESENTATION('',(#8830),#8834);
#8830 = LINE('',#8831,#8832);
#8831 = CARTESIAN_POINT('',(5.49,28.72));
#8832 = VECTOR('',#8833,1.);
#8833 = DIRECTION('',(0.,-1.));
#8834 = ( GEOMETRIC_REPRESENTATION_CONTEXT(2) 
PARAMETRIC_REPRESENTATION_CONTEXT() REPRESENTATION_CONTEXT('2D SPACE',''
  ) );
#8835 = PCURVE('',#8836,#8841);
#8836 = PLANE('',#8837);
#8837 = AXIS2_PLACEMENT_3D('',#8838,#8839,#8840);
#8838 = CARTESIAN_POINT('',(12.00305059178,-15.59805059178,-30.51));
#8839 = DIRECTION('',(0.,0.,1.));
#8840 = DIRECTION('',(1.,0.,0.));
#8841 = DEFINITIONAL_REPRESENTATION('',(#8842),#8846);
#8842 = LINE('',#8843,#8844);
#8843 = CARTESIAN_POINT('',(1.55694940822,0.69805059178));
#8844 = VECTOR('',#8845,1.);
#8845 = DIRECTION('',(-1.,0.));
#8846 = ( GEOMETRIC_REPRESENTATION_CONTEXT(2) 
PARAMETRIC_REPRESENTATION_CONTEXT() REPRESENTATION_CONTEXT('2D SPACE',''
  ) );
#8847 = ORIENTED_EDGE('',*,*,#8848,.F.);
#8848 = EDGE_CURVE('',#8697,#8821,#8849,.T.);
#8849 = SURFACE_CURVE('',#8850,(#8854,#8861),.PCURVE_S1.);
#8850 = LINE('',#8851,#8852);
#8851 = CARTESIAN_POINT('',(13.2,-14.9,-36.));
#8852 = VECTOR('',#8853,1.);
#8853 = DIRECTION('',(0.,0.,1.));
#8854 = PCURVE('',#4854,#8855);
#8855 = DEFINITIONAL_REPRESENTATION('',(#8856),#8860);
#8856 = LINE('',#8857,#8858);
#8857 = CARTESIAN_POINT('',(0.,28.36));
#8858 = VECTOR('',#8859,1.);
#8859 = DIRECTION('',(1.,0.));
#8860 = ( GEOMETRIC_REPRESENTATION_CONTEXT(2) 
PARAMETRIC_REPRESENTATION_CONTEXT() REPRESENTATION_CONTEXT('2D SPACE',''
  ) );
#8861 = PCURVE('',#5081,#8862);
#8862 = DEFINITIONAL_REPRESENTATION('',(#8863),#8867);
#8863 = LINE('',#8864,#8865);
#8864 = CARTESIAN_POINT('',(0.,-3.));
#8865 = VECTOR('',#8866,1.);
#8866 = DIRECTION('',(1.,0.));
#8867 = ( GEOMETRIC_REPRESENTATION_CONTEXT(2) 
PARAMETRIC_REPRESENTATION_CONTEXT() REPRESENTATION_CONTEXT('2D SPACE',''
  ) );
#8868 = FACE_BOUND('',#8869,.T.);
#8869 = EDGE_LOOP('',(#8870,#8898,#8924,#8950,#8983,#9009));
#8870 = ORIENTED_EDGE('',*,*,#8871,.F.);
#8871 = EDGE_CURVE('',#8872,#8874,#8876,.T.);
#8872 = VERTEX_POINT('',#8873);
#8873 = CARTESIAN_POINT('',(-10.85060966544,-14.9,-31.3));
#8874 = VERTEX_POINT('',#8875);
#8875 = CARTESIAN_POINT('',(-9.649390334559,-14.9,-31.3));
#8876 = SURFACE_CURVE('',#8877,(#8881,#8887),.PCURVE_S1.);
#8877 = LINE('',#8878,#8879);
#8878 = CARTESIAN_POINT('',(-13.43,-14.9,-31.3));
#8879 = VECTOR('',#8880,1.);
#8880 = DIRECTION('',(1.,0.,-0.));
#8881 = PCURVE('',#4854,#8882);
#8882 = DEFINITIONAL_REPRESENTATION('',(#8883),#8886);
#8883 = B_SPLINE_CURVE_WITH_KNOTS('',1,(#8884,#8885),.UNSPECIFIED.,.F.,
  .F.,(2,2),(2.579390334559,3.780609665441),.PIECEWISE_BEZIER_KNOTS.);
#8884 = CARTESIAN_POINT('',(4.7,4.309390334559));
#8885 = CARTESIAN_POINT('',(4.7,5.510609665441));
#8886 = ( GEOMETRIC_REPRESENTATION_CONTEXT(2) 
PARAMETRIC_REPRESENTATION_CONTEXT() REPRESENTATION_CONTEXT('2D SPACE',''
  ) );
#8887 = PCURVE('',#8888,#8893);
#8888 = PLANE('',#8889);
#8889 = AXIS2_PLACEMENT_3D('',#8890,#8891,#8892);
#8890 = CARTESIAN_POINT('',(-11.7,-18.9,-31.3));
#8891 = DIRECTION('',(0.,0.,1.));
#8892 = DIRECTION('',(1.,0.,0.));
#8893 = DEFINITIONAL_REPRESENTATION('',(#8894),#8897);
#8894 = B_SPLINE_CURVE_WITH_KNOTS('',1,(#8895,#8896),.UNSPECIFIED.,.F.,
  .F.,(2,2),(2.579390334559,3.780609665441),.PIECEWISE_BEZIER_KNOTS.);
#8895 = CARTESIAN_POINT('',(0.849390334559,4.));
#8896 = CARTESIAN_POINT('',(2.050609665441,4.));
#8897 = ( GEOMETRIC_REPRESENTATION_CONTEXT(2) 
PARAMETRIC_REPRESENTATION_CONTEXT() REPRESENTATION_CONTEXT('2D SPACE',''
  ) );
#8898 = ORIENTED_EDGE('',*,*,#8899,.T.);
#8899 = EDGE_CURVE('',#8872,#8900,#8902,.T.);
#8900 = VERTEX_POINT('',#8901);
#8901 = CARTESIAN_POINT('',(-11.7,-14.9,-32.14939033455));
#8902 = SURFACE_CURVE('',#8903,(#8907,#8913),.PCURVE_S1.);
#8903 = LINE('',#8904,#8905);
#8904 = CARTESIAN_POINT('',(-13.82795724908,-14.9,-34.27734758364));
#8905 = VECTOR('',#8906,1.);
#8906 = DIRECTION('',(-0.707106781187,0.,-0.707106781187));
#8907 = PCURVE('',#4854,#8908);
#8908 = DEFINITIONAL_REPRESENTATION('',(#8909),#8912);
#8909 = B_SPLINE_CURVE_WITH_KNOTS('',1,(#8910,#8911),.UNSPECIFIED.,.F.,
  .F.,(2,2),(-4.210605332682,-3.0093860018),.PIECEWISE_BEZIER_KNOTS.);
#8910 = CARTESIAN_POINT('',(4.7,4.309390334559));
#8911 = CARTESIAN_POINT('',(3.850609665441,3.46));
#8912 = ( GEOMETRIC_REPRESENTATION_CONTEXT(2) 
PARAMETRIC_REPRESENTATION_CONTEXT() REPRESENTATION_CONTEXT('2D SPACE',''
  ) );
#8913 = PCURVE('',#8914,#8919);
#8914 = PLANE('',#8915);
#8915 = AXIS2_PLACEMENT_3D('',#8916,#8917,#8918);
#8916 = CARTESIAN_POINT('',(-12.30060966544,-18.9,-32.75));
#8917 = DIRECTION('',(0.707106781187,0.,-0.707106781187));
#8918 = DIRECTION('',(0.707106781187,0.,0.707106781187));
#8919 = DEFINITIONAL_REPRESENTATION('',(#8920),#8923);
#8920 = B_SPLINE_CURVE_WITH_KNOTS('',1,(#8921,#8922),.UNSPECIFIED.,.F.,
  .F.,(2,2),(-4.210605332682,-3.0093860018),.PIECEWISE_BEZIER_KNOTS.);
#8921 = CARTESIAN_POINT('',(2.050609665441,-4.));
#8922 = CARTESIAN_POINT('',(0.849390334559,-4.));
#8923 = ( GEOMETRIC_REPRESENTATION_CONTEXT(2) 
PARAMETRIC_REPRESENTATION_CONTEXT() REPRESENTATION_CONTEXT('2D SPACE',''
  ) );
#8924 = ORIENTED_EDGE('',*,*,#8925,.T.);
#8925 = EDGE_CURVE('',#8900,#8926,#8928,.T.);
#8926 = VERTEX_POINT('',#8927);
#8927 = CARTESIAN_POINT('',(-11.7,-14.9,-32.75));
#8928 = SURFACE_CURVE('',#8929,(#8933,#8939),.PCURVE_S1.);
#8929 = LINE('',#8930,#8931);
#8930 = CARTESIAN_POINT('',(-11.7,-14.9,-34.375));
#8931 = VECTOR('',#8932,1.);
#8932 = DIRECTION('',(0.,0.,-1.));
#8933 = PCURVE('',#4854,#8934);
#8934 = DEFINITIONAL_REPRESENTATION('',(#8935),#8938);
#8935 = B_SPLINE_CURVE_WITH_KNOTS('',1,(#8936,#8937),.UNSPECIFIED.,.F.,
  .F.,(2,2),(-2.225609665441,-1.625),.PIECEWISE_BEZIER_KNOTS.);
#8936 = CARTESIAN_POINT('',(3.850609665441,3.46));
#8937 = CARTESIAN_POINT('',(3.25,3.46));
#8938 = ( GEOMETRIC_REPRESENTATION_CONTEXT(2) 
PARAMETRIC_REPRESENTATION_CONTEXT() REPRESENTATION_CONTEXT('2D SPACE',''
  ) );
#8939 = PCURVE('',#8940,#8945);
#8940 = PLANE('',#8941);
#8941 = AXIS2_PLACEMENT_3D('',#8942,#8943,#8944);
#8942 = CARTESIAN_POINT('',(-11.7,-18.9,-32.75));
#8943 = DIRECTION('',(1.,0.,0.));
#8944 = DIRECTION('',(0.,0.,1.));
#8945 = DEFINITIONAL_REPRESENTATION('',(#8946),#8949);
#8946 = B_SPLINE_CURVE_WITH_KNOTS('',1,(#8947,#8948),.UNSPECIFIED.,.F.,
  .F.,(2,2),(-2.225609665441,-1.625),.PIECEWISE_BEZIER_KNOTS.);
#8947 = CARTESIAN_POINT('',(0.600609665441,-4.));
#8948 = CARTESIAN_POINT('',(0.,-4.));
#8949 = ( GEOMETRIC_REPRESENTATION_CONTEXT(2) 
PARAMETRIC_REPRESENTATION_CONTEXT() REPRESENTATION_CONTEXT('2D SPACE',''
  ) );
#8950 = ORIENTED_EDGE('',*,*,#8951,.T.);
#8951 = EDGE_CURVE('',#8926,#8952,#8954,.T.);
#8952 = VERTEX_POINT('',#8953);
#8953 = CARTESIAN_POINT('',(-8.8,-14.9,-32.75));
#8954 = SURFACE_CURVE('',#8955,(#8960,#8971),.PCURVE_S1.);
#8955 = CIRCLE('',#8956,1.45);
#8956 = AXIS2_PLACEMENT_3D('',#8957,#8958,#8959);
#8957 = CARTESIAN_POINT('',(-10.25,-14.9,-32.75));
#8958 = DIRECTION('',(0.,-1.,2.22044604925E-16));
#8959 = DIRECTION('',(1.,0.,0.));
#8960 = PCURVE('',#4854,#8961);
#8961 = DEFINITIONAL_REPRESENTATION('',(#8962),#8970);
#8962 = ( BOUNDED_CURVE() B_SPLINE_CURVE(2,(#8963,#8964,#8965,#8966,
#8967,#8968,#8969),.UNSPECIFIED.,.T.,.F.) B_SPLINE_CURVE_WITH_KNOTS((1,2
    ,2,2,2,1),(-2.094395102393,0.,2.094395102393,4.188790204786,
6.28318530718,8.377580409573),.UNSPECIFIED.) CURVE() 
GEOMETRIC_REPRESENTATION_ITEM() RATIONAL_B_SPLINE_CURVE((1.,0.5,1.,0.5,
1.,0.5,1.)) REPRESENTATION_ITEM('') );
#8963 = CARTESIAN_POINT('',(3.25,6.36));
#8964 = CARTESIAN_POINT('',(5.761473670975,6.36));
#8965 = CARTESIAN_POINT('',(4.505736835487,4.185));
#8966 = CARTESIAN_POINT('',(3.25,2.01));
#8967 = CARTESIAN_POINT('',(1.994263164513,4.185));
#8968 = CARTESIAN_POINT('',(0.738526329025,6.36));
#8969 = CARTESIAN_POINT('',(3.25,6.36));
#8970 = ( GEOMETRIC_REPRESENTATION_CONTEXT(2) 
PARAMETRIC_REPRESENTATION_CONTEXT() REPRESENTATION_CONTEXT('2D SPACE',''
  ) );
#8971 = PCURVE('',#8972,#8977);
#8972 = CYLINDRICAL_SURFACE('',#8973,1.45);
#8973 = AXIS2_PLACEMENT_3D('',#8974,#8975,#8976);
#8974 = CARTESIAN_POINT('',(-10.25,-13.9,-32.75));
#8975 = DIRECTION('',(0.,-1.,2.22044604925E-16));
#8976 = DIRECTION('',(1.,0.,0.));
#8977 = DEFINITIONAL_REPRESENTATION('',(#8978),#8982);
#8978 = LINE('',#8979,#8980);
#8979 = CARTESIAN_POINT('',(0.,1.));
#8980 = VECTOR('',#8981,1.);
#8981 = DIRECTION('',(1.,0.));
#8982 = ( GEOMETRIC_REPRESENTATION_CONTEXT(2) 
PARAMETRIC_REPRESENTATION_CONTEXT() REPRESENTATION_CONTEXT('2D SPACE',''
  ) );
#8983 = ORIENTED_EDGE('',*,*,#8984,.F.);
#8984 = EDGE_CURVE('',#8985,#8952,#8987,.T.);
#8985 = VERTEX_POINT('',#8986);
#8986 = CARTESIAN_POINT('',(-8.8,-14.9,-32.14939033455));
#8987 = SURFACE_CURVE('',#8988,(#8992,#8998),.PCURVE_S1.);
#8988 = LINE('',#8989,#8990);
#8989 = CARTESIAN_POINT('',(-8.8,-14.9,-34.375));
#8990 = VECTOR('',#8991,1.);
#8991 = DIRECTION('',(0.,0.,-1.));
#8992 = PCURVE('',#4854,#8993);
#8993 = DEFINITIONAL_REPRESENTATION('',(#8994),#8997);
#8994 = B_SPLINE_CURVE_WITH_KNOTS('',1,(#8995,#8996),.UNSPECIFIED.,.F.,
  .F.,(2,2),(-2.225609665441,-1.625),.PIECEWISE_BEZIER_KNOTS.);
#8995 = CARTESIAN_POINT('',(3.850609665441,6.36));
#8996 = CARTESIAN_POINT('',(3.25,6.36));
#8997 = ( GEOMETRIC_REPRESENTATION_CONTEXT(2) 
PARAMETRIC_REPRESENTATION_CONTEXT() REPRESENTATION_CONTEXT('2D SPACE',''
  ) );
#8998 = PCURVE('',#8999,#9004);
#8999 = PLANE('',#9000);
#9000 = AXIS2_PLACEMENT_3D('',#9001,#9002,#9003);
#9001 = CARTESIAN_POINT('',(-8.8,-18.9,-32.75));
#9002 = DIRECTION('',(1.,0.,0.));
#9003 = DIRECTION('',(0.,0.,1.));
#9004 = DEFINITIONAL_REPRESENTATION('',(#9005),#9008);
#9005 = B_SPLINE_CURVE_WITH_KNOTS('',1,(#9006,#9007),.UNSPECIFIED.,.F.,
  .F.,(2,2),(-2.225609665441,-1.625),.PIECEWISE_BEZIER_KNOTS.);
#9006 = CARTESIAN_POINT('',(0.600609665441,-4.));
#9007 = CARTESIAN_POINT('',(-8.881784197001E-16,-4.));
#9008 = ( GEOMETRIC_REPRESENTATION_CONTEXT(2) 
PARAMETRIC_REPRESENTATION_CONTEXT() REPRESENTATION_CONTEXT('2D SPACE',''
  ) );
#9009 = ORIENTED_EDGE('',*,*,#9010,.F.);
#9010 = EDGE_CURVE('',#8874,#8985,#9011,.T.);
#9011 = SURFACE_CURVE('',#9012,(#9016,#9022),.PCURVE_S1.);
#9012 = LINE('',#9013,#9014);
#9013 = CARTESIAN_POINT('',(-10.15234758364,-14.9,-30.79704275091));
#9014 = VECTOR('',#9015,1.);
#9015 = DIRECTION('',(0.707106781187,0.,-0.707106781187));
#9016 = PCURVE('',#4854,#9017);
#9017 = DEFINITIONAL_REPRESENTATION('',(#9018),#9021);
#9018 = B_SPLINE_CURVE_WITH_KNOTS('',1,(#9019,#9020),.UNSPECIFIED.,.F.,
  .F.,(2,2),(0.711288962944,1.912508293826),.PIECEWISE_BEZIER_KNOTS.);
#9019 = CARTESIAN_POINT('',(4.7,5.510609665441));
#9020 = CARTESIAN_POINT('',(3.850609665441,6.36));
#9021 = ( GEOMETRIC_REPRESENTATION_CONTEXT(2) 
PARAMETRIC_REPRESENTATION_CONTEXT() REPRESENTATION_CONTEXT('2D SPACE',''
  ) );
#9022 = PCURVE('',#9023,#9028);
#9023 = PLANE('',#9024);
#9024 = AXIS2_PLACEMENT_3D('',#9025,#9026,#9027);
#9025 = CARTESIAN_POINT('',(-10.25,-18.9,-30.69939033455));
#9026 = DIRECTION('',(0.707106781187,0.,0.707106781187));
#9027 = DIRECTION('',(0.707106781187,0.,-0.707106781187));
#9028 = DEFINITIONAL_REPRESENTATION('',(#9029),#9032);
#9029 = B_SPLINE_CURVE_WITH_KNOTS('',1,(#9030,#9031),.UNSPECIFIED.,.F.,
  .F.,(2,2),(0.711288962944,1.912508293826),.PIECEWISE_BEZIER_KNOTS.);
#9030 = CARTESIAN_POINT('',(0.849390334559,4.));
#9031 = CARTESIAN_POINT('',(2.050609665441,4.));
#9032 = ( GEOMETRIC_REPRESENTATION_CONTEXT(2) 
PARAMETRIC_REPRESENTATION_CONTEXT() REPRESENTATION_CONTEXT('2D SPACE',''
  ) );
#9033 = FACE_BOUND('',#9034,.T.);
#9034 = EDGE_LOOP('',(#9035,#9063,#9089,#9115,#9148,#9174));
#9035 = ORIENTED_EDGE('',*,*,#9036,.F.);
#9036 = EDGE_CURVE('',#9037,#9039,#9041,.T.);
#9037 = VERTEX_POINT('',#9038);
#9038 = CARTESIAN_POINT('',(9.649390334559,-14.9,-31.3));
#9039 = VERTEX_POINT('',#9040);
#9040 = CARTESIAN_POINT('',(10.850609665441,-14.9,-31.3));
#9041 = SURFACE_CURVE('',#9042,(#9046,#9052),.PCURVE_S1.);
#9042 = LINE('',#9043,#9044);
#9043 = CARTESIAN_POINT('',(-3.18,-14.9,-31.3));
#9044 = VECTOR('',#9045,1.);
#9045 = DIRECTION('',(1.,0.,-0.));
#9046 = PCURVE('',#4854,#9047);
#9047 = DEFINITIONAL_REPRESENTATION('',(#9048),#9051);
#9048 = B_SPLINE_CURVE_WITH_KNOTS('',1,(#9049,#9050),.UNSPECIFIED.,.F.,
  .F.,(2,2),(12.829390334559,14.030609665441),.PIECEWISE_BEZIER_KNOTS.);
#9049 = CARTESIAN_POINT('',(4.7,24.809390334559));
#9050 = CARTESIAN_POINT('',(4.7,26.010609665441));
#9051 = ( GEOMETRIC_REPRESENTATION_CONTEXT(2) 
PARAMETRIC_REPRESENTATION_CONTEXT() REPRESENTATION_CONTEXT('2D SPACE',''
  ) );
#9052 = PCURVE('',#9053,#9058);
#9053 = PLANE('',#9054);
#9054 = AXIS2_PLACEMENT_3D('',#9055,#9056,#9057);
#9055 = CARTESIAN_POINT('',(8.8,-18.9,-31.3));
#9056 = DIRECTION('',(0.,0.,1.));
#9057 = DIRECTION('',(1.,0.,0.));
#9058 = DEFINITIONAL_REPRESENTATION('',(#9059),#9062);
#9059 = B_SPLINE_CURVE_WITH_KNOTS('',1,(#9060,#9061),.UNSPECIFIED.,.F.,
  .F.,(2,2),(12.829390334559,14.030609665441),.PIECEWISE_BEZIER_KNOTS.);
#9060 = CARTESIAN_POINT('',(0.849390334559,4.));
#9061 = CARTESIAN_POINT('',(2.050609665441,4.));
#9062 = ( GEOMETRIC_REPRESENTATION_CONTEXT(2) 
PARAMETRIC_REPRESENTATION_CONTEXT() REPRESENTATION_CONTEXT('2D SPACE',''
  ) );
#9063 = ORIENTED_EDGE('',*,*,#9064,.T.);
#9064 = EDGE_CURVE('',#9037,#9065,#9067,.T.);
#9065 = VERTEX_POINT('',#9066);
#9066 = CARTESIAN_POINT('',(8.8,-14.9,-32.14939033455));
#9067 = SURFACE_CURVE('',#9068,(#9072,#9078),.PCURVE_S1.);
#9068 = LINE('',#9069,#9070);
#9069 = CARTESIAN_POINT('',(1.547042750919,-14.9,-39.40234758364));
#9070 = VECTOR('',#9071,1.);
#9071 = DIRECTION('',(-0.707106781187,0.,-0.707106781187));
#9072 = PCURVE('',#4854,#9073);
#9073 = DEFINITIONAL_REPRESENTATION('',(#9074),#9077);
#9074 = B_SPLINE_CURVE_WITH_KNOTS('',1,(#9075,#9076),.UNSPECIFIED.,.F.,
  .F.,(2,2),(-11.45844983984,-10.25723050896),.PIECEWISE_BEZIER_KNOTS.);
#9075 = CARTESIAN_POINT('',(4.7,24.809390334559));
#9076 = CARTESIAN_POINT('',(3.850609665441,23.96));
#9077 = ( GEOMETRIC_REPRESENTATION_CONTEXT(2) 
PARAMETRIC_REPRESENTATION_CONTEXT() REPRESENTATION_CONTEXT('2D SPACE',''
  ) );
#9078 = PCURVE('',#9079,#9084);
#9079 = PLANE('',#9080);
#9080 = AXIS2_PLACEMENT_3D('',#9081,#9082,#9083);
#9081 = CARTESIAN_POINT('',(8.199390334559,-18.9,-32.75));
#9082 = DIRECTION('',(0.707106781187,0.,-0.707106781187));
#9083 = DIRECTION('',(0.707106781187,0.,0.707106781187));
#9084 = DEFINITIONAL_REPRESENTATION('',(#9085),#9088);
#9085 = B_SPLINE_CURVE_WITH_KNOTS('',1,(#9086,#9087),.UNSPECIFIED.,.F.,
  .F.,(2,2),(-11.45844983984,-10.25723050896),.PIECEWISE_BEZIER_KNOTS.);
#9086 = CARTESIAN_POINT('',(2.050609665441,-4.));
#9087 = CARTESIAN_POINT('',(0.849390334559,-4.));
#9088 = ( GEOMETRIC_REPRESENTATION_CONTEXT(2) 
PARAMETRIC_REPRESENTATION_CONTEXT() REPRESENTATION_CONTEXT('2D SPACE',''
  ) );
#9089 = ORIENTED_EDGE('',*,*,#9090,.T.);
#9090 = EDGE_CURVE('',#9065,#9091,#9093,.T.);
#9091 = VERTEX_POINT('',#9092);
#9092 = CARTESIAN_POINT('',(8.8,-14.9,-32.75));
#9093 = SURFACE_CURVE('',#9094,(#9098,#9104),.PCURVE_S1.);
#9094 = LINE('',#9095,#9096);
#9095 = CARTESIAN_POINT('',(8.8,-14.9,-34.375));
#9096 = VECTOR('',#9097,1.);
#9097 = DIRECTION('',(0.,0.,-1.));
#9098 = PCURVE('',#4854,#9099);
#9099 = DEFINITIONAL_REPRESENTATION('',(#9100),#9103);
#9100 = B_SPLINE_CURVE_WITH_KNOTS('',1,(#9101,#9102),.UNSPECIFIED.,.F.,
  .F.,(2,2),(-2.225609665441,-1.625),.PIECEWISE_BEZIER_KNOTS.);
#9101 = CARTESIAN_POINT('',(3.850609665441,23.96));
#9102 = CARTESIAN_POINT('',(3.25,23.96));
#9103 = ( GEOMETRIC_REPRESENTATION_CONTEXT(2) 
PARAMETRIC_REPRESENTATION_CONTEXT() REPRESENTATION_CONTEXT('2D SPACE',''
  ) );
#9104 = PCURVE('',#9105,#9110);
#9105 = PLANE('',#9106);
#9106 = AXIS2_PLACEMENT_3D('',#9107,#9108,#9109);
#9107 = CARTESIAN_POINT('',(8.8,-18.9,-32.75));
#9108 = DIRECTION('',(1.,0.,0.));
#9109 = DIRECTION('',(0.,0.,1.));
#9110 = DEFINITIONAL_REPRESENTATION('',(#9111),#9114);
#9111 = B_SPLINE_CURVE_WITH_KNOTS('',1,(#9112,#9113),.UNSPECIFIED.,.F.,
  .F.,(2,2),(-2.225609665441,-1.625),.PIECEWISE_BEZIER_KNOTS.);
#9112 = CARTESIAN_POINT('',(0.600609665441,-4.));
#9113 = CARTESIAN_POINT('',(0.,-4.));
#9114 = ( GEOMETRIC_REPRESENTATION_CONTEXT(2) 
PARAMETRIC_REPRESENTATION_CONTEXT() REPRESENTATION_CONTEXT('2D SPACE',''
  ) );
#9115 = ORIENTED_EDGE('',*,*,#9116,.T.);
#9116 = EDGE_CURVE('',#9091,#9117,#9119,.T.);
#9117 = VERTEX_POINT('',#9118);
#9118 = CARTESIAN_POINT('',(11.7,-14.9,-32.75));
#9119 = SURFACE_CURVE('',#9120,(#9125,#9136),.PCURVE_S1.);
#9120 = CIRCLE('',#9121,1.45);
#9121 = AXIS2_PLACEMENT_3D('',#9122,#9123,#9124);
#9122 = CARTESIAN_POINT('',(10.25,-14.9,-32.75));
#9123 = DIRECTION('',(0.,-1.,2.22044604925E-16));
#9124 = DIRECTION('',(1.,0.,0.));
#9125 = PCURVE('',#4854,#9126);
#9126 = DEFINITIONAL_REPRESENTATION('',(#9127),#9135);
#9127 = ( BOUNDED_CURVE() B_SPLINE_CURVE(2,(#9128,#9129,#9130,#9131,
#9132,#9133,#9134),.UNSPECIFIED.,.T.,.F.) B_SPLINE_CURVE_WITH_KNOTS((1,2
    ,2,2,2,1),(-2.094395102393,0.,2.094395102393,4.188790204786,
6.28318530718,8.377580409573),.UNSPECIFIED.) CURVE() 
GEOMETRIC_REPRESENTATION_ITEM() RATIONAL_B_SPLINE_CURVE((1.,0.5,1.,0.5,
1.,0.5,1.)) REPRESENTATION_ITEM('') );
#9128 = CARTESIAN_POINT('',(3.25,26.86));
#9129 = CARTESIAN_POINT('',(5.761473670975,26.86));
#9130 = CARTESIAN_POINT('',(4.505736835487,24.685));
#9131 = CARTESIAN_POINT('',(3.25,22.51));
#9132 = CARTESIAN_POINT('',(1.994263164513,24.685));
#9133 = CARTESIAN_POINT('',(0.738526329025,26.86));
#9134 = CARTESIAN_POINT('',(3.25,26.86));
#9135 = ( GEOMETRIC_REPRESENTATION_CONTEXT(2) 
PARAMETRIC_REPRESENTATION_CONTEXT() REPRESENTATION_CONTEXT('2D SPACE',''
  ) );
#9136 = PCURVE('',#9137,#9142);
#9137 = CYLINDRICAL_SURFACE('',#9138,1.45);
#9138 = AXIS2_PLACEMENT_3D('',#9139,#9140,#9141);
#9139 = CARTESIAN_POINT('',(10.25,-13.9,-32.75));
#9140 = DIRECTION('',(0.,-1.,2.22044604925E-16));
#9141 = DIRECTION('',(1.,0.,0.));
#9142 = DEFINITIONAL_REPRESENTATION('',(#9143),#9147);
#9143 = LINE('',#9144,#9145);
#9144 = CARTESIAN_POINT('',(0.,1.));
#9145 = VECTOR('',#9146,1.);
#9146 = DIRECTION('',(1.,0.));
#9147 = ( GEOMETRIC_REPRESENTATION_CONTEXT(2) 
PARAMETRIC_REPRESENTATION_CONTEXT() REPRESENTATION_CONTEXT('2D SPACE',''
  ) );
#9148 = ORIENTED_EDGE('',*,*,#9149,.F.);
#9149 = EDGE_CURVE('',#9150,#9117,#9152,.T.);
#9150 = VERTEX_POINT('',#9151);
#9151 = CARTESIAN_POINT('',(11.7,-14.9,-32.14939033455));
#9152 = SURFACE_CURVE('',#9153,(#9157,#9163),.PCURVE_S1.);
#9153 = LINE('',#9154,#9155);
#9154 = CARTESIAN_POINT('',(11.7,-14.9,-34.375));
#9155 = VECTOR('',#9156,1.);
#9156 = DIRECTION('',(0.,0.,-1.));
#9157 = PCURVE('',#4854,#9158);
#9158 = DEFINITIONAL_REPRESENTATION('',(#9159),#9162);
#9159 = B_SPLINE_CURVE_WITH_KNOTS('',1,(#9160,#9161),.UNSPECIFIED.,.F.,
  .F.,(2,2),(-2.225609665441,-1.625),.PIECEWISE_BEZIER_KNOTS.);
#9160 = CARTESIAN_POINT('',(3.850609665441,26.86));
#9161 = CARTESIAN_POINT('',(3.25,26.86));
#9162 = ( GEOMETRIC_REPRESENTATION_CONTEXT(2) 
PARAMETRIC_REPRESENTATION_CONTEXT() REPRESENTATION_CONTEXT('2D SPACE',''
  ) );
#9163 = PCURVE('',#9164,#9169);
#9164 = PLANE('',#9165);
#9165 = AXIS2_PLACEMENT_3D('',#9166,#9167,#9168);
#9166 = CARTESIAN_POINT('',(11.7,-18.9,-32.75));
#9167 = DIRECTION('',(1.,0.,0.));
#9168 = DIRECTION('',(0.,0.,1.));
#9169 = DEFINITIONAL_REPRESENTATION('',(#9170),#9173);
#9170 = B_SPLINE_CURVE_WITH_KNOTS('',1,(#9171,#9172),.UNSPECIFIED.,.F.,
  .F.,(2,2),(-2.225609665441,-1.625),.PIECEWISE_BEZIER_KNOTS.);
#9171 = CARTESIAN_POINT('',(0.600609665441,-4.));
#9172 = CARTESIAN_POINT('',(-8.881784197001E-16,-4.));
#9173 = ( GEOMETRIC_REPRESENTATION_CONTEXT(2) 
PARAMETRIC_REPRESENTATION_CONTEXT() REPRESENTATION_CONTEXT('2D SPACE',''
  ) );
#9174 = ORIENTED_EDGE('',*,*,#9175,.F.);
#9175 = EDGE_CURVE('',#9039,#9150,#9176,.T.);
#9176 = SURFACE_CURVE('',#9177,(#9181,#9187),.PCURVE_S1.);
#9177 = LINE('',#9178,#9179);
#9178 = CARTESIAN_POINT('',(5.22265241636,-14.9,-25.67204275091));
#9179 = VECTOR('',#9180,1.);
#9180 = DIRECTION('',(0.707106781187,0.,-0.707106781187));
#9181 = PCURVE('',#4854,#9182);
#9182 = DEFINITIONAL_REPRESENTATION('',(#9183),#9186);
#9183 = B_SPLINE_CURVE_WITH_KNOTS('',1,(#9184,#9185),.UNSPECIFIED.,.F.,
  .F.,(2,2),(7.959133470106,9.160352800988),.PIECEWISE_BEZIER_KNOTS.);
#9184 = CARTESIAN_POINT('',(4.7,26.010609665441));
#9185 = CARTESIAN_POINT('',(3.850609665441,26.86));
#9186 = ( GEOMETRIC_REPRESENTATION_CONTEXT(2) 
PARAMETRIC_REPRESENTATION_CONTEXT() REPRESENTATION_CONTEXT('2D SPACE',''
  ) );
#9187 = PCURVE('',#9188,#9193);
#9188 = PLANE('',#9189);
#9189 = AXIS2_PLACEMENT_3D('',#9190,#9191,#9192);
#9190 = CARTESIAN_POINT('',(10.25,-18.9,-30.69939033455));
#9191 = DIRECTION('',(0.707106781187,0.,0.707106781187));
#9192 = DIRECTION('',(0.707106781187,0.,-0.707106781187));
#9193 = DEFINITIONAL_REPRESENTATION('',(#9194),#9197);
#9194 = B_SPLINE_CURVE_WITH_KNOTS('',1,(#9195,#9196),.UNSPECIFIED.,.F.,
  .F.,(2,2),(7.959133470106,9.160352800988),.PIECEWISE_BEZIER_KNOTS.);
#9195 = CARTESIAN_POINT('',(0.849390334559,4.));
#9196 = CARTESIAN_POINT('',(2.050609665441,4.));
#9197 = ( GEOMETRIC_REPRESENTATION_CONTEXT(2) 
PARAMETRIC_REPRESENTATION_CONTEXT() REPRESENTATION_CONTEXT('2D SPACE',''
  ) );
#9198 = ADVANCED_FACE('',(#9199),#4965,.T.);
#9199 = FACE_BOUND('',#9200,.T.);
#9200 = EDGE_LOOP('',(#9201,#9222,#9223,#9224));
#9201 = ORIENTED_EDGE('',*,*,#9202,.T.);
#9202 = EDGE_CURVE('',#9203,#5440,#9205,.T.);
#9203 = VERTEX_POINT('',#9204);
#9204 = CARTESIAN_POINT('',(-7.160097088904,-17.9,-33.));
#9205 = SURFACE_CURVE('',#9206,(#9210,#9216),.PCURVE_S1.);
#9206 = LINE('',#9207,#9208);
#9207 = CARTESIAN_POINT('',(-7.160097088904,-17.85,-33.));
#9208 = VECTOR('',#9209,1.);
#9209 = DIRECTION('',(0.,-1.,2.22044604925E-16));
#9210 = PCURVE('',#4965,#9211);
#9211 = DEFINITIONAL_REPRESENTATION('',(#9212),#9215);
#9212 = B_SPLINE_CURVE_WITH_KNOTS('',1,(#9213,#9214),.UNSPECIFIED.,.F.,
  .F.,(2,2),(-5.999999999062E-07,2.8),.PIECEWISE_BEZIER_KNOTS.);
#9213 = CARTESIAN_POINT('',(7.999902911096,2.5500006));
#9214 = CARTESIAN_POINT('',(7.999902911096,-0.25));
#9215 = ( GEOMETRIC_REPRESENTATION_CONTEXT(2) 
PARAMETRIC_REPRESENTATION_CONTEXT() REPRESENTATION_CONTEXT('2D SPACE',''
  ) );
#9216 = PCURVE('',#5460,#9217);
#9217 = DEFINITIONAL_REPRESENTATION('',(#9218),#9221);
#9218 = B_SPLINE_CURVE_WITH_KNOTS('',1,(#9219,#9220),.UNSPECIFIED.,.F.,
  .F.,(2,2),(-5.999999999062E-07,2.8),.PIECEWISE_BEZIER_KNOTS.);
#9219 = CARTESIAN_POINT('',(6.20245247452,-5.999999999617E-07));
#9220 = CARTESIAN_POINT('',(6.20245247452,2.8));
#9221 = ( GEOMETRIC_REPRESENTATION_CONTEXT(2) 
PARAMETRIC_REPRESENTATION_CONTEXT() REPRESENTATION_CONTEXT('2D SPACE',''
  ) );
#9222 = ORIENTED_EDGE('',*,*,#5472,.T.);
#9223 = ORIENTED_EDGE('',*,*,#4950,.F.);
#9224 = ORIENTED_EDGE('',*,*,#9225,.F.);
#9225 = EDGE_CURVE('',#9203,#4951,#9226,.T.);
#9226 = SURFACE_CURVE('',#9227,(#9231,#9237),.PCURVE_S1.);
#9227 = LINE('',#9228,#9229);
#9228 = CARTESIAN_POINT('',(-15.16,-17.9,-33.));
#9229 = VECTOR('',#9230,1.);
#9230 = DIRECTION('',(1.,0.,-0.));
#9231 = PCURVE('',#4965,#9232);
#9232 = DEFINITIONAL_REPRESENTATION('',(#9233),#9236);
#9233 = B_SPLINE_CURVE_WITH_KNOTS('',1,(#9234,#9235),.UNSPECIFIED.,.F.,
  .F.,(2,2),(2.4,27.16),.PIECEWISE_BEZIER_KNOTS.);
#9234 = CARTESIAN_POINT('',(2.4,2.5));
#9235 = CARTESIAN_POINT('',(27.16,2.5));
#9236 = ( GEOMETRIC_REPRESENTATION_CONTEXT(2) 
PARAMETRIC_REPRESENTATION_CONTEXT() REPRESENTATION_CONTEXT('2D SPACE',''
  ) );
#9237 = PCURVE('',#4993,#9238);
#9238 = DEFINITIONAL_REPRESENTATION('',(#9239),#9242);
#9239 = B_SPLINE_CURVE_WITH_KNOTS('',1,(#9240,#9241),.UNSPECIFIED.,.F.,
  .F.,(2,2),(2.4,27.16),.PIECEWISE_BEZIER_KNOTS.);
#9240 = CARTESIAN_POINT('',(3.,2.4));
#9241 = CARTESIAN_POINT('',(3.,27.16));
#9242 = ( GEOMETRIC_REPRESENTATION_CONTEXT(2) 
PARAMETRIC_REPRESENTATION_CONTEXT() REPRESENTATION_CONTEXT('2D SPACE',''
  ) );
#9243 = ADVANCED_FACE('',(#9244),#4993,.F.);
#9244 = FACE_BOUND('',#9245,.F.);
#9245 = EDGE_LOOP('',(#9246,#9271,#9297,#9323,#9349,#9368,#9369,#9370,
    #9398,#9424,#9450,#9476,#9497));
#9246 = ORIENTED_EDGE('',*,*,#9247,.F.);
#9247 = EDGE_CURVE('',#9248,#9250,#9252,.T.);
#9248 = VERTEX_POINT('',#9249);
#9249 = CARTESIAN_POINT('',(13.2,-17.9,-31.31593795664));
#9250 = VERTEX_POINT('',#9251);
#9251 = CARTESIAN_POINT('',(13.2,-17.9,-16.));
#9252 = SURFACE_CURVE('',#9253,(#9257,#9264),.PCURVE_S1.);
#9253 = LINE('',#9254,#9255);
#9254 = CARTESIAN_POINT('',(13.2,-17.9,-36.));
#9255 = VECTOR('',#9256,1.);
#9256 = DIRECTION('',(0.,0.,1.));
#9257 = PCURVE('',#4993,#9258);
#9258 = DEFINITIONAL_REPRESENTATION('',(#9259),#9263);
#9259 = LINE('',#9260,#9261);
#9260 = CARTESIAN_POINT('',(0.,28.36));
#9261 = VECTOR('',#9262,1.);
#9262 = DIRECTION('',(1.,0.));
#9263 = ( GEOMETRIC_REPRESENTATION_CONTEXT(2) 
PARAMETRIC_REPRESENTATION_CONTEXT() REPRESENTATION_CONTEXT('2D SPACE',''
  ) );
#9264 = PCURVE('',#5081,#9265);
#9265 = DEFINITIONAL_REPRESENTATION('',(#9266),#9270);
#9266 = LINE('',#9267,#9268);
#9267 = CARTESIAN_POINT('',(0.,0.));
#9268 = VECTOR('',#9269,1.);
#9269 = DIRECTION('',(1.,0.));
#9270 = ( GEOMETRIC_REPRESENTATION_CONTEXT(2) 
PARAMETRIC_REPRESENTATION_CONTEXT() REPRESENTATION_CONTEXT('2D SPACE',''
  ) );
#9271 = ORIENTED_EDGE('',*,*,#9272,.F.);
#9272 = EDGE_CURVE('',#9273,#9248,#9275,.T.);
#9273 = VERTEX_POINT('',#9274);
#9274 = CARTESIAN_POINT('',(11.534062043357,-17.9,-29.65));
#9275 = SURFACE_CURVE('',#9276,(#9280,#9286),.PCURVE_S1.);
#9276 = LINE('',#9277,#9278);
#9277 = CARTESIAN_POINT('',(5.806015510839,-17.9,-23.92195346748));
#9278 = VECTOR('',#9279,1.);
#9279 = DIRECTION('',(0.707106781187,0.,-0.707106781187));
#9280 = PCURVE('',#4993,#9281);
#9281 = DEFINITIONAL_REPRESENTATION('',(#9282),#9285);
#9282 = B_SPLINE_CURVE_WITH_KNOTS('',1,(#9283,#9284),.UNSPECIFIED.,.F.,
  .F.,(2,2),(8.10068109219,10.456673144548),.PIECEWISE_BEZIER_KNOTS.);
#9283 = CARTESIAN_POINT('',(6.35,26.694062043357));
#9284 = CARTESIAN_POINT('',(4.684062043357,28.36));
#9285 = ( GEOMETRIC_REPRESENTATION_CONTEXT(2) 
PARAMETRIC_REPRESENTATION_CONTEXT() REPRESENTATION_CONTEXT('2D SPACE',''
  ) );
#9286 = PCURVE('',#9287,#9292);
#9287 = PLANE('',#9288);
#9288 = AXIS2_PLACEMENT_3D('',#9289,#9290,#9291);
#9289 = CARTESIAN_POINT('',(10.25,-21.4,-28.36593795664));
#9290 = DIRECTION('',(0.707106781187,0.,0.707106781187));
#9291 = DIRECTION('',(0.707106781187,0.,-0.707106781187));
#9292 = DEFINITIONAL_REPRESENTATION('',(#9293),#9296);
#9293 = B_SPLINE_CURVE_WITH_KNOTS('',1,(#9294,#9295),.UNSPECIFIED.,.F.,
  .F.,(2,2),(8.10068109219,10.456673144548),.PIECEWISE_BEZIER_KNOTS.);
#9294 = CARTESIAN_POINT('',(1.815937956643,3.5));
#9295 = CARTESIAN_POINT('',(4.171930009001,3.5));
#9296 = ( GEOMETRIC_REPRESENTATION_CONTEXT(2) 
PARAMETRIC_REPRESENTATION_CONTEXT() REPRESENTATION_CONTEXT('2D SPACE',''
  ) );
#9297 = ORIENTED_EDGE('',*,*,#9298,.F.);
#9298 = EDGE_CURVE('',#9299,#9273,#9301,.T.);
#9299 = VERTEX_POINT('',#9300);
#9300 = CARTESIAN_POINT('',(8.965937956643,-17.9,-29.65));
#9301 = SURFACE_CURVE('',#9302,(#9306,#9312),.PCURVE_S1.);
#9302 = LINE('',#9303,#9304);
#9303 = CARTESIAN_POINT('',(-4.005,-17.9,-29.65));
#9304 = VECTOR('',#9305,1.);
#9305 = DIRECTION('',(1.,0.,-0.));
#9306 = PCURVE('',#4993,#9307);
#9307 = DEFINITIONAL_REPRESENTATION('',(#9308),#9311);
#9308 = B_SPLINE_CURVE_WITH_KNOTS('',1,(#9309,#9310),.UNSPECIFIED.,.F.,
  .F.,(2,2),(12.970937956643,15.539062043357),.PIECEWISE_BEZIER_KNOTS.);
#9309 = CARTESIAN_POINT('',(6.35,24.125937956643));
#9310 = CARTESIAN_POINT('',(6.35,26.694062043357));
#9311 = ( GEOMETRIC_REPRESENTATION_CONTEXT(2) 
PARAMETRIC_REPRESENTATION_CONTEXT() REPRESENTATION_CONTEXT('2D SPACE',''
  ) );
#9312 = PCURVE('',#9313,#9318);
#9313 = PLANE('',#9314);
#9314 = AXIS2_PLACEMENT_3D('',#9315,#9316,#9317);
#9315 = CARTESIAN_POINT('',(7.15,-21.4,-29.65));
#9316 = DIRECTION('',(0.,0.,1.));
#9317 = DIRECTION('',(1.,0.,0.));
#9318 = DEFINITIONAL_REPRESENTATION('',(#9319),#9322);
#9319 = B_SPLINE_CURVE_WITH_KNOTS('',1,(#9320,#9321),.UNSPECIFIED.,.F.,
  .F.,(2,2),(12.970937956643,15.539062043357),.PIECEWISE_BEZIER_KNOTS.);
#9320 = CARTESIAN_POINT('',(1.815937956643,3.5));
#9321 = CARTESIAN_POINT('',(4.384062043357,3.5));
#9322 = ( GEOMETRIC_REPRESENTATION_CONTEXT(2) 
PARAMETRIC_REPRESENTATION_CONTEXT() REPRESENTATION_CONTEXT('2D SPACE',''
  ) );
#9323 = ORIENTED_EDGE('',*,*,#9324,.T.);
#9324 = EDGE_CURVE('',#9299,#9325,#9327,.T.);
#9325 = VERTEX_POINT('',#9326);
#9326 = CARTESIAN_POINT('',(7.15,-17.9,-31.46593795664));
#9327 = SURFACE_CURVE('',#9328,(#9332,#9338),.PCURVE_S1.);
#9328 = LINE('',#9329,#9330);
#9329 = CARTESIAN_POINT('',(-0.203046532517,-17.9,-38.81898448916));
#9330 = VECTOR('',#9331,1.);
#9331 = DIRECTION('',(-0.707106781187,0.,-0.707106781187));
#9332 = PCURVE('',#4993,#9333);
#9333 = DEFINITIONAL_REPRESENTATION('',(#9334),#9337);
#9334 = B_SPLINE_CURVE_WITH_KNOTS('',1,(#9335,#9336),.UNSPECIFIED.,.F.,
  .F.,(2,2),(-12.96690221776,-10.39877813104),.PIECEWISE_BEZIER_KNOTS.);
#9335 = CARTESIAN_POINT('',(6.35,24.125937956643));
#9336 = CARTESIAN_POINT('',(4.534062043357,22.31));
#9337 = ( GEOMETRIC_REPRESENTATION_CONTEXT(2) 
PARAMETRIC_REPRESENTATION_CONTEXT() REPRESENTATION_CONTEXT('2D SPACE',''
  ) );
#9338 = PCURVE('',#9339,#9344);
#9339 = PLANE('',#9340);
#9340 = AXIS2_PLACEMENT_3D('',#9341,#9342,#9343);
#9341 = CARTESIAN_POINT('',(5.865937956643,-21.4,-32.75));
#9342 = DIRECTION('',(0.707106781187,0.,-0.707106781187));
#9343 = DIRECTION('',(0.707106781187,0.,0.707106781187));
#9344 = DEFINITIONAL_REPRESENTATION('',(#9345),#9348);
#9345 = B_SPLINE_CURVE_WITH_KNOTS('',1,(#9346,#9347),.UNSPECIFIED.,.F.,
  .F.,(2,2),(-12.96690221776,-10.39877813104),.PIECEWISE_BEZIER_KNOTS.);
#9346 = CARTESIAN_POINT('',(4.384062043357,-3.5));
#9347 = CARTESIAN_POINT('',(1.815937956643,-3.5));
#9348 = ( GEOMETRIC_REPRESENTATION_CONTEXT(2) 
PARAMETRIC_REPRESENTATION_CONTEXT() REPRESENTATION_CONTEXT('2D SPACE',''
  ) );
#9349 = ORIENTED_EDGE('',*,*,#9350,.T.);
#9350 = EDGE_CURVE('',#9325,#4977,#9351,.T.);
#9351 = SURFACE_CURVE('',#9352,(#9356,#9362),.PCURVE_S1.);
#9352 = LINE('',#9353,#9354);
#9353 = CARTESIAN_POINT('',(7.15,-17.9,-34.375));
#9354 = VECTOR('',#9355,1.);
#9355 = DIRECTION('',(0.,0.,-1.));
#9356 = PCURVE('',#4993,#9357);
#9357 = DEFINITIONAL_REPRESENTATION('',(#9358),#9361);
#9358 = B_SPLINE_CURVE_WITH_KNOTS('',1,(#9359,#9360),.UNSPECIFIED.,.F.,
  .F.,(2,2),(-2.909062043357,-1.625),.PIECEWISE_BEZIER_KNOTS.);
#9359 = CARTESIAN_POINT('',(4.534062043357,22.31));
#9360 = CARTESIAN_POINT('',(3.25,22.31));
#9361 = ( GEOMETRIC_REPRESENTATION_CONTEXT(2) 
PARAMETRIC_REPRESENTATION_CONTEXT() REPRESENTATION_CONTEXT('2D SPACE',''
  ) );
#9362 = PCURVE('',#5025,#9363);
#9363 = DEFINITIONAL_REPRESENTATION('',(#9364),#9367);
#9364 = B_SPLINE_CURVE_WITH_KNOTS('',1,(#9365,#9366),.UNSPECIFIED.,.F.,
  .F.,(2,2),(-2.909062043357,-1.625),.PIECEWISE_BEZIER_KNOTS.);
#9365 = CARTESIAN_POINT('',(1.284062043357,-3.5));
#9366 = CARTESIAN_POINT('',(0.,-3.5));
#9367 = ( GEOMETRIC_REPRESENTATION_CONTEXT(2) 
PARAMETRIC_REPRESENTATION_CONTEXT() REPRESENTATION_CONTEXT('2D SPACE',''
  ) );
#9368 = ORIENTED_EDGE('',*,*,#4976,.T.);
#9369 = ORIENTED_EDGE('',*,*,#9225,.F.);
#9370 = ORIENTED_EDGE('',*,*,#9371,.T.);
#9371 = EDGE_CURVE('',#9203,#9372,#9374,.T.);
#9372 = VERTEX_POINT('',#9373);
#9373 = CARTESIAN_POINT('',(-7.15,-17.9,-32.75));
#9374 = SURFACE_CURVE('',#9375,(#9380,#9391),.PCURVE_S1.);
#9375 = CIRCLE('',#9376,3.1);
#9376 = AXIS2_PLACEMENT_3D('',#9377,#9378,#9379);
#9377 = CARTESIAN_POINT('',(-10.25,-17.9,-32.75));
#9378 = DIRECTION('',(0.,-1.,2.22044604925E-16));
#9379 = DIRECTION('',(1.,0.,0.));
#9380 = PCURVE('',#4993,#9381);
#9381 = DEFINITIONAL_REPRESENTATION('',(#9382),#9390);
#9382 = ( BOUNDED_CURVE() B_SPLINE_CURVE(2,(#9383,#9384,#9385,#9386,
#9387,#9388,#9389),.UNSPECIFIED.,.T.,.F.) B_SPLINE_CURVE_WITH_KNOTS((1,2
    ,2,2,2,1),(-2.094395102393,0.,2.094395102393,4.188790204786,
6.28318530718,8.377580409573),.UNSPECIFIED.) CURVE() 
GEOMETRIC_REPRESENTATION_ITEM() RATIONAL_B_SPLINE_CURVE((1.,0.5,1.,0.5,
1.,0.5,1.)) REPRESENTATION_ITEM('') );
#9383 = CARTESIAN_POINT('',(3.25,8.01));
#9384 = CARTESIAN_POINT('',(8.619357503464,8.01));
#9385 = CARTESIAN_POINT('',(5.934678751732,3.36));
#9386 = CARTESIAN_POINT('',(3.25,-1.29));
#9387 = CARTESIAN_POINT('',(0.565321248268,3.36));
#9388 = CARTESIAN_POINT('',(-2.119357503464,8.01));
#9389 = CARTESIAN_POINT('',(3.25,8.01));
#9390 = ( GEOMETRIC_REPRESENTATION_CONTEXT(2) 
PARAMETRIC_REPRESENTATION_CONTEXT() REPRESENTATION_CONTEXT('2D SPACE',''
  ) );
#9391 = PCURVE('',#5460,#9392);
#9392 = DEFINITIONAL_REPRESENTATION('',(#9393),#9397);
#9393 = LINE('',#9394,#9395);
#9394 = CARTESIAN_POINT('',(0.,5.E-02));
#9395 = VECTOR('',#9396,1.);
#9396 = DIRECTION('',(1.,0.));
#9397 = ( GEOMETRIC_REPRESENTATION_CONTEXT(2) 
PARAMETRIC_REPRESENTATION_CONTEXT() REPRESENTATION_CONTEXT('2D SPACE',''
  ) );
#9398 = ORIENTED_EDGE('',*,*,#9399,.F.);
#9399 = EDGE_CURVE('',#9400,#9372,#9402,.T.);
#9400 = VERTEX_POINT('',#9401);
#9401 = CARTESIAN_POINT('',(-7.15,-17.9,-31.46593795664));
#9402 = SURFACE_CURVE('',#9403,(#9407,#9413),.PCURVE_S1.);
#9403 = LINE('',#9404,#9405);
#9404 = CARTESIAN_POINT('',(-7.15,-17.9,-34.375));
#9405 = VECTOR('',#9406,1.);
#9406 = DIRECTION('',(0.,0.,-1.));
#9407 = PCURVE('',#4993,#9408);
#9408 = DEFINITIONAL_REPRESENTATION('',(#9409),#9412);
#9409 = B_SPLINE_CURVE_WITH_KNOTS('',1,(#9410,#9411),.UNSPECIFIED.,.F.,
  .F.,(2,2),(-2.909062043357,-1.625),.PIECEWISE_BEZIER_KNOTS.);
#9410 = CARTESIAN_POINT('',(4.534062043357,8.01));
#9411 = CARTESIAN_POINT('',(3.25,8.01));
#9412 = ( GEOMETRIC_REPRESENTATION_CONTEXT(2) 
PARAMETRIC_REPRESENTATION_CONTEXT() REPRESENTATION_CONTEXT('2D SPACE',''
  ) );
#9413 = PCURVE('',#9414,#9419);
#9414 = PLANE('',#9415);
#9415 = AXIS2_PLACEMENT_3D('',#9416,#9417,#9418);
#9416 = CARTESIAN_POINT('',(-7.15,-21.4,-32.75));
#9417 = DIRECTION('',(1.,0.,0.));
#9418 = DIRECTION('',(0.,0.,1.));
#9419 = DEFINITIONAL_REPRESENTATION('',(#9420),#9423);
#9420 = B_SPLINE_CURVE_WITH_KNOTS('',1,(#9421,#9422),.UNSPECIFIED.,.F.,
  .F.,(2,2),(-2.909062043357,-1.625),.PIECEWISE_BEZIER_KNOTS.);
#9421 = CARTESIAN_POINT('',(1.284062043357,-3.5));
#9422 = CARTESIAN_POINT('',(-1.110223024625E-15,-3.5));
#9423 = ( GEOMETRIC_REPRESENTATION_CONTEXT(2) 
PARAMETRIC_REPRESENTATION_CONTEXT() REPRESENTATION_CONTEXT('2D SPACE',''
  ) );
#9424 = ORIENTED_EDGE('',*,*,#9425,.F.);
#9425 = EDGE_CURVE('',#9426,#9400,#9428,.T.);
#9426 = VERTEX_POINT('',#9427);
#9427 = CARTESIAN_POINT('',(-8.965937956643,-17.9,-29.65));
#9428 = SURFACE_CURVE('',#9429,(#9433,#9439),.PCURVE_S1.);
#9429 = LINE('',#9430,#9431);
#9430 = CARTESIAN_POINT('',(-9.568984489161,-17.9,-29.04695346748));
#9431 = VECTOR('',#9432,1.);
#9432 = DIRECTION('',(0.707106781187,0.,-0.707106781187));
#9433 = PCURVE('',#4993,#9434);
#9434 = DEFINITIONAL_REPRESENTATION('',(#9435),#9438);
#9435 = B_SPLINE_CURVE_WITH_KNOTS('',1,(#9436,#9437),.UNSPECIFIED.,.F.,
  .F.,(2,2),(0.852836585028,3.420960671741),.PIECEWISE_BEZIER_KNOTS.);
#9436 = CARTESIAN_POINT('',(6.35,6.194062043357));
#9437 = CARTESIAN_POINT('',(4.534062043357,8.01));
#9438 = ( GEOMETRIC_REPRESENTATION_CONTEXT(2) 
PARAMETRIC_REPRESENTATION_CONTEXT() REPRESENTATION_CONTEXT('2D SPACE',''
  ) );
#9439 = PCURVE('',#9440,#9445);
#9440 = PLANE('',#9441);
#9441 = AXIS2_PLACEMENT_3D('',#9442,#9443,#9444);
#9442 = CARTESIAN_POINT('',(-10.25,-21.4,-28.36593795664));
#9443 = DIRECTION('',(0.707106781187,0.,0.707106781187));
#9444 = DIRECTION('',(0.707106781187,0.,-0.707106781187));
#9445 = DEFINITIONAL_REPRESENTATION('',(#9446),#9449);
#9446 = B_SPLINE_CURVE_WITH_KNOTS('',1,(#9447,#9448),.UNSPECIFIED.,.F.,
  .F.,(2,2),(0.852836585028,3.420960671741),.PIECEWISE_BEZIER_KNOTS.);
#9447 = CARTESIAN_POINT('',(1.815937956643,3.5));
#9448 = CARTESIAN_POINT('',(4.384062043357,3.5));
#9449 = ( GEOMETRIC_REPRESENTATION_CONTEXT(2) 
PARAMETRIC_REPRESENTATION_CONTEXT() REPRESENTATION_CONTEXT('2D SPACE',''
  ) );
#9450 = ORIENTED_EDGE('',*,*,#9451,.F.);
#9451 = EDGE_CURVE('',#9452,#9426,#9454,.T.);
#9452 = VERTEX_POINT('',#9453);
#9453 = CARTESIAN_POINT('',(-9.74,-17.9,-29.65));
#9454 = SURFACE_CURVE('',#9455,(#9459,#9465),.PCURVE_S1.);
#9455 = LINE('',#9456,#9457);
#9456 = CARTESIAN_POINT('',(-14.255,-17.9,-29.65));
#9457 = VECTOR('',#9458,1.);
#9458 = DIRECTION('',(1.,0.,-0.));
#9459 = PCURVE('',#4993,#9460);
#9460 = DEFINITIONAL_REPRESENTATION('',(#9461),#9464);
#9461 = B_SPLINE_CURVE_WITH_KNOTS('',1,(#9462,#9463),.UNSPECIFIED.,.F.,
  .F.,(2,2),(4.034802617102,5.289062043357),.PIECEWISE_BEZIER_KNOTS.);
#9462 = CARTESIAN_POINT('',(6.35,4.939802617102));
#9463 = CARTESIAN_POINT('',(6.35,6.194062043357));
#9464 = ( GEOMETRIC_REPRESENTATION_CONTEXT(2) 
PARAMETRIC_REPRESENTATION_CONTEXT() REPRESENTATION_CONTEXT('2D SPACE',''
  ) );
#9465 = PCURVE('',#9466,#9471);
#9466 = PLANE('',#9467);
#9467 = AXIS2_PLACEMENT_3D('',#9468,#9469,#9470);
#9468 = CARTESIAN_POINT('',(-13.35,-21.4,-29.65));
#9469 = DIRECTION('',(0.,0.,1.));
#9470 = DIRECTION('',(1.,0.,0.));
#9471 = DEFINITIONAL_REPRESENTATION('',(#9472),#9475);
#9472 = B_SPLINE_CURVE_WITH_KNOTS('',1,(#9473,#9474),.UNSPECIFIED.,.F.,
  .F.,(2,2),(4.034802617102,5.289062043357),.PIECEWISE_BEZIER_KNOTS.);
#9473 = CARTESIAN_POINT('',(3.129802617102,3.5));
#9474 = CARTESIAN_POINT('',(4.384062043357,3.5));
#9475 = ( GEOMETRIC_REPRESENTATION_CONTEXT(2) 
PARAMETRIC_REPRESENTATION_CONTEXT() REPRESENTATION_CONTEXT('2D SPACE',''
  ) );
#9476 = ORIENTED_EDGE('',*,*,#9477,.T.);
#9477 = EDGE_CURVE('',#9452,#9478,#9480,.T.);
#9478 = VERTEX_POINT('',#9479);
#9479 = CARTESIAN_POINT('',(6.64,-17.9,-16.));
#9480 = SURFACE_CURVE('',#9481,(#9485,#9491),.PCURVE_S1.);
#9481 = LINE('',#9482,#9483);
#9482 = CARTESIAN_POINT('',(-16.11081967213,-17.9,-34.95901639344));
#9483 = VECTOR('',#9484,1.);
#9484 = DIRECTION('',(0.768221279597,0.,0.640184399664));
#9485 = PCURVE('',#4993,#9486);
#9486 = DEFINITIONAL_REPRESENTATION('',(#9487),#9490);
#9487 = B_SPLINE_CURVE_WITH_KNOTS('',1,(#9488,#9489),.UNSPECIFIED.,.F.,
  .F.,(2,2),(4.361789709714,29.614930328479),.PIECEWISE_BEZIER_KNOTS.);
#9488 = CARTESIAN_POINT('',(3.833333333333,2.4));
#9489 = CARTESIAN_POINT('',(20.,21.8));
#9490 = ( GEOMETRIC_REPRESENTATION_CONTEXT(2) 
PARAMETRIC_REPRESENTATION_CONTEXT() REPRESENTATION_CONTEXT('2D SPACE',''
  ) );
#9491 = PCURVE('',#5402,#9492);
#9492 = DEFINITIONAL_REPRESENTATION('',(#9493),#9496);
#9493 = B_SPLINE_CURVE_WITH_KNOTS('',1,(#9494,#9495),.UNSPECIFIED.,.F.,
  .F.,(2,2),(4.361789709714,29.614930328479),.PIECEWISE_BEZIER_KNOTS.);
#9494 = CARTESIAN_POINT('',(4.42580814968,-1.1));
#9495 = CARTESIAN_POINT('',(29.678948768445,-1.1));
#9496 = ( GEOMETRIC_REPRESENTATION_CONTEXT(2) 
PARAMETRIC_REPRESENTATION_CONTEXT() REPRESENTATION_CONTEXT('2D SPACE',''
  ) );
#9497 = ORIENTED_EDGE('',*,*,#9498,.T.);
#9498 = EDGE_CURVE('',#9478,#9250,#9499,.T.);
#9499 = SURFACE_CURVE('',#9500,(#9504,#9511),.PCURVE_S1.);
#9500 = LINE('',#9501,#9502);
#9501 = CARTESIAN_POINT('',(-15.16,-17.9,-16.));
#9502 = VECTOR('',#9503,1.);
#9503 = DIRECTION('',(1.,0.,-0.));
#9504 = PCURVE('',#4993,#9505);
#9505 = DEFINITIONAL_REPRESENTATION('',(#9506),#9510);
#9506 = LINE('',#9507,#9508);
#9507 = CARTESIAN_POINT('',(20.,0.));
#9508 = VECTOR('',#9509,1.);
#9509 = DIRECTION('',(0.,1.));
#9510 = ( GEOMETRIC_REPRESENTATION_CONTEXT(2) 
PARAMETRIC_REPRESENTATION_CONTEXT() REPRESENTATION_CONTEXT('2D SPACE',''
  ) );
#9511 = PCURVE('',#9512,#9517);
#9512 = PLANE('',#9513);
#9513 = AXIS2_PLACEMENT_3D('',#9514,#9515,#9516);
#9514 = CARTESIAN_POINT('',(-15.16,19.75,-16.));
#9515 = DIRECTION('',(0.,0.,-1.));
#9516 = DIRECTION('',(0.,-1.,0.));
#9517 = DEFINITIONAL_REPRESENTATION('',(#9518),#9522);
#9518 = LINE('',#9519,#9520);
#9519 = CARTESIAN_POINT('',(37.65,0.));
#9520 = VECTOR('',#9521,1.);
#9521 = DIRECTION('',(0.,-1.));
#9522 = ( GEOMETRIC_REPRESENTATION_CONTEXT(2) 
PARAMETRIC_REPRESENTATION_CONTEXT() REPRESENTATION_CONTEXT('2D SPACE',''
  ) );
#9523 = ADVANCED_FACE('',(#9524),#5025,.T.);
#9524 = FACE_BOUND('',#9525,.T.);
#9525 = EDGE_LOOP('',(#9526,#9527,#9528,#9551));
#9526 = ORIENTED_EDGE('',*,*,#9350,.T.);
#9527 = ORIENTED_EDGE('',*,*,#5009,.T.);
#9528 = ORIENTED_EDGE('',*,*,#9529,.T.);
#9529 = EDGE_CURVE('',#5010,#9530,#9532,.T.);
#9530 = VERTEX_POINT('',#9531);
#9531 = CARTESIAN_POINT('',(7.15,-17.85,-31.46593795664));
#9532 = SURFACE_CURVE('',#9533,(#9537,#9544),.PCURVE_S1.);
#9533 = LINE('',#9534,#9535);
#9534 = CARTESIAN_POINT('',(7.15,-17.85,-32.75));
#9535 = VECTOR('',#9536,1.);
#9536 = DIRECTION('',(0.,0.,1.));
#9537 = PCURVE('',#5025,#9538);
#9538 = DEFINITIONAL_REPRESENTATION('',(#9539),#9543);
#9539 = LINE('',#9540,#9541);
#9540 = CARTESIAN_POINT('',(0.,-3.55));
#9541 = VECTOR('',#9542,1.);
#9542 = DIRECTION('',(1.,0.));
#9543 = ( GEOMETRIC_REPRESENTATION_CONTEXT(2) 
PARAMETRIC_REPRESENTATION_CONTEXT() REPRESENTATION_CONTEXT('2D SPACE',''
  ) );
#9544 = PCURVE('',#5054,#9545);
#9545 = DEFINITIONAL_REPRESENTATION('',(#9546),#9550);
#9546 = LINE('',#9547,#9548);
#9547 = CARTESIAN_POINT('',(-3.1,3.941291737419E-16));
#9548 = VECTOR('',#9549,1.);
#9549 = DIRECTION('',(0.,1.));
#9550 = ( GEOMETRIC_REPRESENTATION_CONTEXT(2) 
PARAMETRIC_REPRESENTATION_CONTEXT() REPRESENTATION_CONTEXT('2D SPACE',''
  ) );
#9551 = ORIENTED_EDGE('',*,*,#9552,.T.);
#9552 = EDGE_CURVE('',#9530,#9325,#9553,.T.);
#9553 = SURFACE_CURVE('',#9554,(#9558,#9564),.PCURVE_S1.);
#9554 = LINE('',#9555,#9556);
#9555 = CARTESIAN_POINT('',(7.15,-21.4,-31.46593795664));
#9556 = VECTOR('',#9557,1.);
#9557 = DIRECTION('',(0.,-1.,0.));
#9558 = PCURVE('',#5025,#9559);
#9559 = DEFINITIONAL_REPRESENTATION('',(#9560),#9563);
#9560 = B_SPLINE_CURVE_WITH_KNOTS('',1,(#9561,#9562),.UNSPECIFIED.,.F.,
  .F.,(2,2),(-3.55,0.),.PIECEWISE_BEZIER_KNOTS.);
#9561 = CARTESIAN_POINT('',(1.284062043357,-3.55));
#9562 = CARTESIAN_POINT('',(1.284062043357,0.));
#9563 = ( GEOMETRIC_REPRESENTATION_CONTEXT(2) 
PARAMETRIC_REPRESENTATION_CONTEXT() REPRESENTATION_CONTEXT('2D SPACE',''
  ) );
#9564 = PCURVE('',#9339,#9565);
#9565 = DEFINITIONAL_REPRESENTATION('',(#9566),#9570);
#9566 = LINE('',#9567,#9568);
#9567 = CARTESIAN_POINT('',(1.815937956643,0.));
#9568 = VECTOR('',#9569,1.);
#9569 = DIRECTION('',(0.,1.));
#9570 = ( GEOMETRIC_REPRESENTATION_CONTEXT(2) 
PARAMETRIC_REPRESENTATION_CONTEXT() REPRESENTATION_CONTEXT('2D SPACE',''
  ) );
#9571 = ADVANCED_FACE('',(#9572),#5081,.T.);
#9572 = FACE_BOUND('',#9573,.T.);
#9573 = EDGE_LOOP('',(#9574,#9597,#9598,#9619,#9638,#9639,#9640,#9641,
    #9642,#9663));
#9574 = ORIENTED_EDGE('',*,*,#9575,.F.);
#9575 = EDGE_CURVE('',#9250,#9576,#9578,.T.);
#9576 = VERTEX_POINT('',#9577);
#9577 = CARTESIAN_POINT('',(13.2,-15.2,-16.));
#9578 = SURFACE_CURVE('',#9579,(#9583,#9590),.PCURVE_S1.);
#9579 = LINE('',#9580,#9581);
#9580 = CARTESIAN_POINT('',(13.2,-17.9,-16.));
#9581 = VECTOR('',#9582,1.);
#9582 = DIRECTION('',(-0.,1.,0.));
#9583 = PCURVE('',#5081,#9584);
#9584 = DEFINITIONAL_REPRESENTATION('',(#9585),#9589);
#9585 = LINE('',#9586,#9587);
#9586 = CARTESIAN_POINT('',(20.,0.));
#9587 = VECTOR('',#9588,1.);
#9588 = DIRECTION('',(0.,-1.));
#9589 = ( GEOMETRIC_REPRESENTATION_CONTEXT(2) 
PARAMETRIC_REPRESENTATION_CONTEXT() REPRESENTATION_CONTEXT('2D SPACE',''
  ) );
#9590 = PCURVE('',#9512,#9591);
#9591 = DEFINITIONAL_REPRESENTATION('',(#9592),#9596);
#9592 = LINE('',#9593,#9594);
#9593 = CARTESIAN_POINT('',(37.65,-28.36));
#9594 = VECTOR('',#9595,1.);
#9595 = DIRECTION('',(-1.,0.));
#9596 = ( GEOMETRIC_REPRESENTATION_CONTEXT(2) 
PARAMETRIC_REPRESENTATION_CONTEXT() REPRESENTATION_CONTEXT('2D SPACE',''
  ) );
#9597 = ORIENTED_EDGE('',*,*,#9247,.F.);
#9598 = ORIENTED_EDGE('',*,*,#9599,.F.);
#9599 = EDGE_CURVE('',#9600,#9248,#9602,.T.);
#9600 = VERTEX_POINT('',#9601);
#9601 = CARTESIAN_POINT('',(13.2,-17.85,-31.31593795664));
#9602 = SURFACE_CURVE('',#9603,(#9607,#9613),.PCURVE_S1.);
#9603 = LINE('',#9604,#9605);
#9604 = CARTESIAN_POINT('',(13.2,-19.65,-31.31593795664));
#9605 = VECTOR('',#9606,1.);
#9606 = DIRECTION('',(0.,-1.,0.));
#9607 = PCURVE('',#5081,#9608);
#9608 = DEFINITIONAL_REPRESENTATION('',(#9609),#9612);
#9609 = B_SPLINE_CURVE_WITH_KNOTS('',1,(#9610,#9611),.UNSPECIFIED.,.F.,
  .F.,(2,2),(-1.8,-1.75),.PIECEWISE_BEZIER_KNOTS.);
#9610 = CARTESIAN_POINT('',(4.684062043357,-5.E-02));
#9611 = CARTESIAN_POINT('',(4.684062043357,0.));
#9612 = ( GEOMETRIC_REPRESENTATION_CONTEXT(2) 
PARAMETRIC_REPRESENTATION_CONTEXT() REPRESENTATION_CONTEXT('2D SPACE',''
  ) );
#9613 = PCURVE('',#9287,#9614);
#9614 = DEFINITIONAL_REPRESENTATION('',(#9615),#9618);
#9615 = B_SPLINE_CURVE_WITH_KNOTS('',1,(#9616,#9617),.UNSPECIFIED.,.F.,
  .F.,(2,2),(-1.8,-1.75),.PIECEWISE_BEZIER_KNOTS.);
#9616 = CARTESIAN_POINT('',(4.171930009001,3.55));
#9617 = CARTESIAN_POINT('',(4.171930009001,3.5));
#9618 = ( GEOMETRIC_REPRESENTATION_CONTEXT(2) 
PARAMETRIC_REPRESENTATION_CONTEXT() REPRESENTATION_CONTEXT('2D SPACE',''
  ) );
#9619 = ORIENTED_EDGE('',*,*,#9620,.T.);
#9620 = EDGE_CURVE('',#9600,#5038,#9621,.T.);
#9621 = SURFACE_CURVE('',#9622,(#9626,#9632),.PCURVE_S1.);
#9622 = LINE('',#9623,#9624);
#9623 = CARTESIAN_POINT('',(13.2,-17.85,-34.375));
#9624 = VECTOR('',#9625,1.);
#9625 = DIRECTION('',(0.,-2.22044604925E-16,-1.));
#9626 = PCURVE('',#5081,#9627);
#9627 = DEFINITIONAL_REPRESENTATION('',(#9628),#9631);
#9628 = B_SPLINE_CURVE_WITH_KNOTS('',1,(#9629,#9630),.UNSPECIFIED.,.F.,
  .F.,(2,2),(-4.725,1.475),.PIECEWISE_BEZIER_KNOTS.);
#9629 = CARTESIAN_POINT('',(6.35,-5.E-02));
#9630 = CARTESIAN_POINT('',(0.15,-5.E-02));
#9631 = ( GEOMETRIC_REPRESENTATION_CONTEXT(2) 
PARAMETRIC_REPRESENTATION_CONTEXT() REPRESENTATION_CONTEXT('2D SPACE',''
  ) );
#9632 = PCURVE('',#5054,#9633);
#9633 = DEFINITIONAL_REPRESENTATION('',(#9634),#9637);
#9634 = B_SPLINE_CURVE_WITH_KNOTS('',1,(#9635,#9636),.UNSPECIFIED.,.F.,
  .F.,(2,2),(-4.725,1.475),.PIECEWISE_BEZIER_KNOTS.);
#9635 = CARTESIAN_POINT('',(2.95,3.1));
#9636 = CARTESIAN_POINT('',(2.95,-3.1));
#9637 = ( GEOMETRIC_REPRESENTATION_CONTEXT(2) 
PARAMETRIC_REPRESENTATION_CONTEXT() REPRESENTATION_CONTEXT('2D SPACE',''
  ) );
#9638 = ORIENTED_EDGE('',*,*,#5066,.T.);
#9639 = ORIENTED_EDGE('',*,*,#8672,.F.);
#9640 = ORIENTED_EDGE('',*,*,#8721,.T.);
#9641 = ORIENTED_EDGE('',*,*,#8848,.T.);
#9642 = ORIENTED_EDGE('',*,*,#9643,.T.);
#9643 = EDGE_CURVE('',#8821,#9644,#9646,.T.);
#9644 = VERTEX_POINT('',#9645);
#9645 = CARTESIAN_POINT('',(13.2,-15.2,-30.51));
#9646 = SURFACE_CURVE('',#9647,(#9651,#9657),.PCURVE_S1.);
#9647 = LINE('',#9648,#9649);
#9648 = CARTESIAN_POINT('',(13.2,-16.74902529589,-30.51));
#9649 = VECTOR('',#9650,1.);
#9650 = DIRECTION('',(0.,-1.,0.));
#9651 = PCURVE('',#5081,#9652);
#9652 = DEFINITIONAL_REPRESENTATION('',(#9653),#9656);
#9653 = B_SPLINE_CURVE_WITH_KNOTS('',1,(#9654,#9655),.UNSPECIFIED.,.F.,
  .F.,(2,2),(-1.84902529589,0.20097470411),.PIECEWISE_BEZIER_KNOTS.);
#9654 = CARTESIAN_POINT('',(5.49,-3.));
#9655 = CARTESIAN_POINT('',(5.49,-0.95));
#9656 = ( GEOMETRIC_REPRESENTATION_CONTEXT(2) 
PARAMETRIC_REPRESENTATION_CONTEXT() REPRESENTATION_CONTEXT('2D SPACE',''
  ) );
#9657 = PCURVE('',#8836,#9658);
#9658 = DEFINITIONAL_REPRESENTATION('',(#9659),#9662);
#9659 = B_SPLINE_CURVE_WITH_KNOTS('',1,(#9660,#9661),.UNSPECIFIED.,.F.,
  .F.,(2,2),(-1.84902529589,0.20097470411),.PIECEWISE_BEZIER_KNOTS.);
#9660 = CARTESIAN_POINT('',(1.19694940822,0.69805059178));
#9661 = CARTESIAN_POINT('',(1.19694940822,-1.35194940822));
#9662 = ( GEOMETRIC_REPRESENTATION_CONTEXT(2) 
PARAMETRIC_REPRESENTATION_CONTEXT() REPRESENTATION_CONTEXT('2D SPACE',''
  ) );
#9663 = ORIENTED_EDGE('',*,*,#9664,.T.);
#9664 = EDGE_CURVE('',#9644,#9576,#9665,.T.);
#9665 = SURFACE_CURVE('',#9666,(#9670,#9676),.PCURVE_S1.);
#9666 = LINE('',#9667,#9668);
#9667 = CARTESIAN_POINT('',(13.2,-15.2,-33.255));
#9668 = VECTOR('',#9669,1.);
#9669 = DIRECTION('',(0.,0.,1.));
#9670 = PCURVE('',#5081,#9671);
#9671 = DEFINITIONAL_REPRESENTATION('',(#9672),#9675);
#9672 = B_SPLINE_CURVE_WITH_KNOTS('',1,(#9673,#9674),.UNSPECIFIED.,.F.,
  .F.,(2,2),(2.745,17.255),.PIECEWISE_BEZIER_KNOTS.);
#9673 = CARTESIAN_POINT('',(5.49,-2.7));
#9674 = CARTESIAN_POINT('',(20.,-2.7));
#9675 = ( GEOMETRIC_REPRESENTATION_CONTEXT(2) 
PARAMETRIC_REPRESENTATION_CONTEXT() REPRESENTATION_CONTEXT('2D SPACE',''
  ) );
#9676 = PCURVE('',#9677,#9682);
#9677 = PLANE('',#9678);
#9678 = AXIS2_PLACEMENT_3D('',#9679,#9680,#9681);
#9679 = CARTESIAN_POINT('',(11.1,-16.95,-30.51));
#9680 = DIRECTION('',(-0.640184399664,0.768221279597,0.));
#9681 = DIRECTION('',(0.768221279597,0.640184399664,0.));
#9682 = DEFINITIONAL_REPRESENTATION('',(#9683),#9686);
#9683 = B_SPLINE_CURVE_WITH_KNOTS('',1,(#9684,#9685),.UNSPECIFIED.,.F.,
  .F.,(2,2),(2.745,17.255),.PIECEWISE_BEZIER_KNOTS.);
#9684 = CARTESIAN_POINT('',(2.733587386567,0.));
#9685 = CARTESIAN_POINT('',(2.733587386567,-14.51));
#9686 = ( GEOMETRIC_REPRESENTATION_CONTEXT(2) 
PARAMETRIC_REPRESENTATION_CONTEXT() REPRESENTATION_CONTEXT('2D SPACE',''
  ) );
#9687 = ADVANCED_FACE('',(#9688,#9760),#5054,.T.);
#9688 = FACE_BOUND('',#9689,.T.);
#9689 = EDGE_LOOP('',(#9690,#9691,#9692,#9693,#9716,#9739));
#9690 = ORIENTED_EDGE('',*,*,#9529,.F.);
#9691 = ORIENTED_EDGE('',*,*,#5037,.T.);
#9692 = ORIENTED_EDGE('',*,*,#9620,.F.);
#9693 = ORIENTED_EDGE('',*,*,#9694,.F.);
#9694 = EDGE_CURVE('',#9695,#9600,#9697,.T.);
#9695 = VERTEX_POINT('',#9696);
#9696 = CARTESIAN_POINT('',(11.534062043357,-17.85,-29.65));
#9697 = SURFACE_CURVE('',#9698,(#9702,#9709),.PCURVE_S1.);
#9698 = LINE('',#9699,#9700);
#9699 = CARTESIAN_POINT('',(11.534062043357,-17.85,-29.65));
#9700 = VECTOR('',#9701,1.);
#9701 = DIRECTION('',(0.707106781187,0.,-0.707106781187));
#9702 = PCURVE('',#5054,#9703);
#9703 = DEFINITIONAL_REPRESENTATION('',(#9704),#9708);
#9704 = LINE('',#9705,#9706);
#9705 = CARTESIAN_POINT('',(1.284062043357,3.1));
#9706 = VECTOR('',#9707,1.);
#9707 = DIRECTION('',(0.707106781187,-0.707106781187));
#9708 = ( GEOMETRIC_REPRESENTATION_CONTEXT(2) 
PARAMETRIC_REPRESENTATION_CONTEXT() REPRESENTATION_CONTEXT('2D SPACE',''
  ) );
#9709 = PCURVE('',#9287,#9710);
#9710 = DEFINITIONAL_REPRESENTATION('',(#9711),#9715);
#9711 = LINE('',#9712,#9713);
#9712 = CARTESIAN_POINT('',(1.815937956643,3.55));
#9713 = VECTOR('',#9714,1.);
#9714 = DIRECTION('',(1.,0.));
#9715 = ( GEOMETRIC_REPRESENTATION_CONTEXT(2) 
PARAMETRIC_REPRESENTATION_CONTEXT() REPRESENTATION_CONTEXT('2D SPACE',''
  ) );
#9716 = ORIENTED_EDGE('',*,*,#9717,.F.);
#9717 = EDGE_CURVE('',#9718,#9695,#9720,.T.);
#9718 = VERTEX_POINT('',#9719);
#9719 = CARTESIAN_POINT('',(8.965937956643,-17.85,-29.65));
#9720 = SURFACE_CURVE('',#9721,(#9725,#9732),.PCURVE_S1.);
#9721 = LINE('',#9722,#9723);
#9722 = CARTESIAN_POINT('',(8.965937956643,-17.85,-29.65));
#9723 = VECTOR('',#9724,1.);
#9724 = DIRECTION('',(1.,0.,-1.729235795683E-16));
#9725 = PCURVE('',#5054,#9726);
#9726 = DEFINITIONAL_REPRESENTATION('',(#9727),#9731);
#9727 = LINE('',#9728,#9729);
#9728 = CARTESIAN_POINT('',(-1.284062043357,3.1));
#9729 = VECTOR('',#9730,1.);
#9730 = DIRECTION('',(1.,-1.729235795683E-16));
#9731 = ( GEOMETRIC_REPRESENTATION_CONTEXT(2) 
PARAMETRIC_REPRESENTATION_CONTEXT() REPRESENTATION_CONTEXT('2D SPACE',''
  ) );
#9732 = PCURVE('',#9313,#9733);
#9733 = DEFINITIONAL_REPRESENTATION('',(#9734),#9738);
#9734 = LINE('',#9735,#9736);
#9735 = CARTESIAN_POINT('',(1.815937956643,3.55));
#9736 = VECTOR('',#9737,1.);
#9737 = DIRECTION('',(1.,0.));
#9738 = ( GEOMETRIC_REPRESENTATION_CONTEXT(2) 
PARAMETRIC_REPRESENTATION_CONTEXT() REPRESENTATION_CONTEXT('2D SPACE',''
  ) );
#9739 = ORIENTED_EDGE('',*,*,#9740,.F.);
#9740 = EDGE_CURVE('',#9530,#9718,#9741,.T.);
#9741 = SURFACE_CURVE('',#9742,(#9746,#9753),.PCURVE_S1.);
#9742 = LINE('',#9743,#9744);
#9743 = CARTESIAN_POINT('',(7.15,-17.85,-31.46593795664));
#9744 = VECTOR('',#9745,1.);
#9745 = DIRECTION('',(0.707106781187,0.,0.707106781187));
#9746 = PCURVE('',#5054,#9747);
#9747 = DEFINITIONAL_REPRESENTATION('',(#9748),#9752);
#9748 = LINE('',#9749,#9750);
#9749 = CARTESIAN_POINT('',(-3.1,1.284062043357));
#9750 = VECTOR('',#9751,1.);
#9751 = DIRECTION('',(0.707106781187,0.707106781187));
#9752 = ( GEOMETRIC_REPRESENTATION_CONTEXT(2) 
PARAMETRIC_REPRESENTATION_CONTEXT() REPRESENTATION_CONTEXT('2D SPACE',''
  ) );
#9753 = PCURVE('',#9339,#9754);
#9754 = DEFINITIONAL_REPRESENTATION('',(#9755),#9759);
#9755 = LINE('',#9756,#9757);
#9756 = CARTESIAN_POINT('',(1.815937956643,-3.55));
#9757 = VECTOR('',#9758,1.);
#9758 = DIRECTION('',(1.,0.));
#9759 = ( GEOMETRIC_REPRESENTATION_CONTEXT(2) 
PARAMETRIC_REPRESENTATION_CONTEXT() REPRESENTATION_CONTEXT('2D SPACE',''
  ) );
#9760 = FACE_BOUND('',#9761,.T.);
#9761 = EDGE_LOOP('',(#9762));
#9762 = ORIENTED_EDGE('',*,*,#9763,.F.);
#9763 = EDGE_CURVE('',#9764,#9764,#9766,.T.);
#9764 = VERTEX_POINT('',#9765);
#9765 = CARTESIAN_POINT('',(12.9,-17.85,-32.75));
#9766 = SURFACE_CURVE('',#9767,(#9772,#9779),.PCURVE_S1.);
#9767 = CIRCLE('',#9768,2.65);
#9768 = AXIS2_PLACEMENT_3D('',#9769,#9770,#9771);
#9769 = CARTESIAN_POINT('',(10.25,-17.85,-32.75));
#9770 = DIRECTION('',(0.,-1.,2.22044604925E-16));
#9771 = DIRECTION('',(1.,0.,0.));
#9772 = PCURVE('',#5054,#9773);
#9773 = DEFINITIONAL_REPRESENTATION('',(#9774),#9778);
#9774 = CIRCLE('',#9775,2.65);
#9775 = AXIS2_PLACEMENT_2D('',#9776,#9777);
#9776 = CARTESIAN_POINT('',(0.,0.));
#9777 = DIRECTION('',(1.,0.));
#9778 = ( GEOMETRIC_REPRESENTATION_CONTEXT(2) 
PARAMETRIC_REPRESENTATION_CONTEXT() REPRESENTATION_CONTEXT('2D SPACE',''
  ) );
#9779 = PCURVE('',#9780,#9785);
#9780 = CONICAL_SURFACE('',#9781,1.45,0.785398163397);
#9781 = AXIS2_PLACEMENT_3D('',#9782,#9783,#9784);
#9782 = CARTESIAN_POINT('',(10.25,-16.65,-32.75));
#9783 = DIRECTION('',(0.,-1.,2.22044604925E-16));
#9784 = DIRECTION('',(1.,0.,0.));
#9785 = DEFINITIONAL_REPRESENTATION('',(#9786),#9790);
#9786 = LINE('',#9787,#9788);
#9787 = CARTESIAN_POINT('',(0.,1.2));
#9788 = VECTOR('',#9789,1.);
#9789 = DIRECTION('',(1.,0.));
#9790 = ( GEOMETRIC_REPRESENTATION_CONTEXT(2) 
PARAMETRIC_REPRESENTATION_CONTEXT() REPRESENTATION_CONTEXT('2D SPACE',''
  ) );
#9791 = ADVANCED_FACE('',(#9792),#5460,.F.);
#9792 = FACE_BOUND('',#9793,.F.);
#9793 = EDGE_LOOP('',(#9794,#9825,#9846,#9847,#9848,#9849));
#9794 = ORIENTED_EDGE('',*,*,#9795,.T.);
#9795 = EDGE_CURVE('',#9796,#9798,#9800,.T.);
#9796 = VERTEX_POINT('',#9797);
#9797 = CARTESIAN_POINT('',(-13.35,-17.85,-32.75));
#9798 = VERTEX_POINT('',#9799);
#9799 = CARTESIAN_POINT('',(-7.15,-17.85,-32.75));
#9800 = SURFACE_CURVE('',#9801,(#9806,#9813),.PCURVE_S1.);
#9801 = CIRCLE('',#9802,3.1);
#9802 = AXIS2_PLACEMENT_3D('',#9803,#9804,#9805);
#9803 = CARTESIAN_POINT('',(-10.25,-17.85,-32.75));
#9804 = DIRECTION('',(0.,-1.,2.22044604925E-16));
#9805 = DIRECTION('',(1.,0.,0.));
#9806 = PCURVE('',#5460,#9807);
#9807 = DEFINITIONAL_REPRESENTATION('',(#9808),#9812);
#9808 = LINE('',#9809,#9810);
#9809 = CARTESIAN_POINT('',(0.,0.));
#9810 = VECTOR('',#9811,1.);
#9811 = DIRECTION('',(1.,0.));
#9812 = ( GEOMETRIC_REPRESENTATION_CONTEXT(2) 
PARAMETRIC_REPRESENTATION_CONTEXT() REPRESENTATION_CONTEXT('2D SPACE',''
  ) );
#9813 = PCURVE('',#9814,#9819);
#9814 = PLANE('',#9815);
#9815 = AXIS2_PLACEMENT_3D('',#9816,#9817,#9818);
#9816 = CARTESIAN_POINT('',(-10.25,-17.85,-32.75));
#9817 = DIRECTION('',(0.,-1.,2.22044604925E-16));
#9818 = DIRECTION('',(1.,0.,0.));
#9819 = DEFINITIONAL_REPRESENTATION('',(#9820),#9824);
#9820 = CIRCLE('',#9821,3.1);
#9821 = AXIS2_PLACEMENT_2D('',#9822,#9823);
#9822 = CARTESIAN_POINT('',(0.,0.));
#9823 = DIRECTION('',(1.,0.));
#9824 = ( GEOMETRIC_REPRESENTATION_CONTEXT(2) 
PARAMETRIC_REPRESENTATION_CONTEXT() REPRESENTATION_CONTEXT('2D SPACE',''
  ) );
#9825 = ORIENTED_EDGE('',*,*,#9826,.T.);
#9826 = EDGE_CURVE('',#9798,#9372,#9827,.T.);
#9827 = SURFACE_CURVE('',#9828,(#9832,#9839),.PCURVE_S1.);
#9828 = LINE('',#9829,#9830);
#9829 = CARTESIAN_POINT('',(-7.15,-17.85,-32.75));
#9830 = VECTOR('',#9831,1.);
#9831 = DIRECTION('',(0.,-1.,2.22044604925E-16));
#9832 = PCURVE('',#5460,#9833);
#9833 = DEFINITIONAL_REPRESENTATION('',(#9834),#9838);
#9834 = LINE('',#9835,#9836);
#9835 = CARTESIAN_POINT('',(6.28318530718,-0.));
#9836 = VECTOR('',#9837,1.);
#9837 = DIRECTION('',(0.,1.));
#9838 = ( GEOMETRIC_REPRESENTATION_CONTEXT(2) 
PARAMETRIC_REPRESENTATION_CONTEXT() REPRESENTATION_CONTEXT('2D SPACE',''
  ) );
#9839 = PCURVE('',#9414,#9840);
#9840 = DEFINITIONAL_REPRESENTATION('',(#9841),#9845);
#9841 = LINE('',#9842,#9843);
#9842 = CARTESIAN_POINT('',(-1.153410189213E-15,-3.55));
#9843 = VECTOR('',#9844,1.);
#9844 = DIRECTION('',(2.22044604925E-16,1.));
#9845 = ( GEOMETRIC_REPRESENTATION_CONTEXT(2) 
PARAMETRIC_REPRESENTATION_CONTEXT() REPRESENTATION_CONTEXT('2D SPACE',''
  ) );
#9846 = ORIENTED_EDGE('',*,*,#9371,.F.);
#9847 = ORIENTED_EDGE('',*,*,#9202,.T.);
#9848 = ORIENTED_EDGE('',*,*,#5439,.F.);
#9849 = ORIENTED_EDGE('',*,*,#9850,.T.);
#9850 = EDGE_CURVE('',#5414,#9796,#9851,.T.);
#9851 = SURFACE_CURVE('',#9852,(#9856,#9863),.PCURVE_S1.);
#9852 = LINE('',#9853,#9854);
#9853 = CARTESIAN_POINT('',(-13.35,-21.4,-32.75));
#9854 = VECTOR('',#9855,1.);
#9855 = DIRECTION('',(0.,1.,0.));
#9856 = PCURVE('',#5460,#9857);
#9857 = DEFINITIONAL_REPRESENTATION('',(#9858),#9862);
#9858 = LINE('',#9859,#9860);
#9859 = CARTESIAN_POINT('',(3.14159265359,3.55));
#9860 = VECTOR('',#9861,1.);
#9861 = DIRECTION('',(0.,-1.));
#9862 = ( GEOMETRIC_REPRESENTATION_CONTEXT(2) 
PARAMETRIC_REPRESENTATION_CONTEXT() REPRESENTATION_CONTEXT('2D SPACE',''
  ) );
#9863 = PCURVE('',#5428,#9864);
#9864 = DEFINITIONAL_REPRESENTATION('',(#9865),#9869);
#9865 = LINE('',#9866,#9867);
#9866 = CARTESIAN_POINT('',(0.,0.));
#9867 = VECTOR('',#9868,1.);
#9868 = DIRECTION('',(0.,-1.));
#9869 = ( GEOMETRIC_REPRESENTATION_CONTEXT(2) 
PARAMETRIC_REPRESENTATION_CONTEXT() REPRESENTATION_CONTEXT('2D SPACE',''
  ) );
#9870 = ADVANCED_FACE('',(#9871),#5167,.T.);
#9871 = FACE_BOUND('',#9872,.T.);
#9872 = EDGE_LOOP('',(#9873,#9874,#9875,#9876));
#9873 = ORIENTED_EDGE('',*,*,#6192,.T.);
#9874 = ORIENTED_EDGE('',*,*,#5146,.F.);
#9875 = ORIENTED_EDGE('',*,*,#6295,.F.);
#9876 = ORIENTED_EDGE('',*,*,#6242,.T.);
#9877 = ADVANCED_FACE('',(#9878),#5428,.T.);
#9878 = FACE_BOUND('',#9879,.T.);
#9879 = EDGE_LOOP('',(#9880,#9881,#9882,#9905));
#9880 = ORIENTED_EDGE('',*,*,#5413,.T.);
#9881 = ORIENTED_EDGE('',*,*,#9850,.T.);
#9882 = ORIENTED_EDGE('',*,*,#9883,.T.);
#9883 = EDGE_CURVE('',#9796,#9884,#9886,.T.);
#9884 = VERTEX_POINT('',#9885);
#9885 = CARTESIAN_POINT('',(-13.35,-17.85,-32.65833333333));
#9886 = SURFACE_CURVE('',#9887,(#9891,#9898),.PCURVE_S1.);
#9887 = LINE('',#9888,#9889);
#9888 = CARTESIAN_POINT('',(-13.35,-17.85,-32.75));
#9889 = VECTOR('',#9890,1.);
#9890 = DIRECTION('',(0.,0.,1.));
#9891 = PCURVE('',#5428,#9892);
#9892 = DEFINITIONAL_REPRESENTATION('',(#9893),#9897);
#9893 = LINE('',#9894,#9895);
#9894 = CARTESIAN_POINT('',(0.,-3.55));
#9895 = VECTOR('',#9896,1.);
#9896 = DIRECTION('',(1.,0.));
#9897 = ( GEOMETRIC_REPRESENTATION_CONTEXT(2) 
PARAMETRIC_REPRESENTATION_CONTEXT() REPRESENTATION_CONTEXT('2D SPACE',''
  ) );
#9898 = PCURVE('',#9814,#9899);
#9899 = DEFINITIONAL_REPRESENTATION('',(#9900),#9904);
#9900 = LINE('',#9901,#9902);
#9901 = CARTESIAN_POINT('',(-3.1,3.941291737419E-16));
#9902 = VECTOR('',#9903,1.);
#9903 = DIRECTION('',(0.,1.));
#9904 = ( GEOMETRIC_REPRESENTATION_CONTEXT(2) 
PARAMETRIC_REPRESENTATION_CONTEXT() REPRESENTATION_CONTEXT('2D SPACE',''
  ) );
#9905 = ORIENTED_EDGE('',*,*,#9906,.F.);
#9906 = EDGE_CURVE('',#5387,#9884,#9907,.T.);
#9907 = SURFACE_CURVE('',#9908,(#9912,#9918),.PCURVE_S1.);
#9908 = LINE('',#9909,#9910);
#9909 = CARTESIAN_POINT('',(-13.35,-19.1,-32.65833333333));
#9910 = VECTOR('',#9911,1.);
#9911 = DIRECTION('',(0.,1.,-0.));
#9912 = PCURVE('',#5428,#9913);
#9913 = DEFINITIONAL_REPRESENTATION('',(#9914),#9917);
#9914 = B_SPLINE_CURVE_WITH_KNOTS('',1,(#9915,#9916),.UNSPECIFIED.,.F.,
  .F.,(2,2),(-1.3,1.25),.PIECEWISE_BEZIER_KNOTS.);
#9915 = CARTESIAN_POINT('',(9.166666666667E-02,-1.));
#9916 = CARTESIAN_POINT('',(9.166666666667E-02,-3.55));
#9917 = ( GEOMETRIC_REPRESENTATION_CONTEXT(2) 
PARAMETRIC_REPRESENTATION_CONTEXT() REPRESENTATION_CONTEXT('2D SPACE',''
  ) );
#9918 = PCURVE('',#5402,#9919);
#9919 = DEFINITIONAL_REPRESENTATION('',(#9920),#9923);
#9920 = B_SPLINE_CURVE_WITH_KNOTS('',1,(#9921,#9922),.UNSPECIFIED.,.F.,
  .F.,(2,2),(-1.3,1.25),.PIECEWISE_BEZIER_KNOTS.);
#9921 = CARTESIAN_POINT('',(3.657800264883,-3.6));
#9922 = CARTESIAN_POINT('',(3.657800264883,-1.05));
#9923 = ( GEOMETRIC_REPRESENTATION_CONTEXT(2) 
PARAMETRIC_REPRESENTATION_CONTEXT() REPRESENTATION_CONTEXT('2D SPACE',''
  ) );
#9924 = ADVANCED_FACE('',(#9925),#5402,.T.);
#9925 = FACE_BOUND('',#9926,.T.);
#9926 = EDGE_LOOP('',(#9927,#9928,#9929,#9930,#9931,#9952,#9994,#10015,
    #10034,#10035,#10056,#10082));
#9927 = ORIENTED_EDGE('',*,*,#8388,.F.);
#9928 = ORIENTED_EDGE('',*,*,#8296,.F.);
#9929 = ORIENTED_EDGE('',*,*,#5386,.T.);
#9930 = ORIENTED_EDGE('',*,*,#9906,.T.);
#9931 = ORIENTED_EDGE('',*,*,#9932,.T.);
#9932 = EDGE_CURVE('',#9884,#9933,#9935,.T.);
#9933 = VERTEX_POINT('',#9934);
#9934 = CARTESIAN_POINT('',(-12.85094094442,-17.85,-32.24245078702));
#9935 = SURFACE_CURVE('',#9936,(#9940,#9946),.PCURVE_S1.);
#9936 = LINE('',#9937,#9938);
#9937 = CARTESIAN_POINT('',(-13.86278688524,-17.85,-33.0856557377));
#9938 = VECTOR('',#9939,1.);
#9939 = DIRECTION('',(0.768221279597,1.421494921027E-16,0.640184399664)
  );
#9940 = PCURVE('',#5402,#9941);
#9941 = DEFINITIONAL_REPRESENTATION('',(#9942),#9945);
#9942 = B_SPLINE_CURVE_WITH_KNOTS('',1,(#9943,#9944),.UNSPECIFIED.,.F.,
  .F.,(2,2),(0.66749893405,5.366665822387),.PIECEWISE_BEZIER_KNOTS.);
#9943 = CARTESIAN_POINT('',(3.657800264883,-1.05));
#9944 = CARTESIAN_POINT('',(8.35696715322,-1.05));
#9945 = ( GEOMETRIC_REPRESENTATION_CONTEXT(2) 
PARAMETRIC_REPRESENTATION_CONTEXT() REPRESENTATION_CONTEXT('2D SPACE',''
  ) );
#9946 = PCURVE('',#9814,#9947);
#9947 = DEFINITIONAL_REPRESENTATION('',(#9948),#9951);
#9948 = B_SPLINE_CURVE_WITH_KNOTS('',1,(#9949,#9950),.UNSPECIFIED.,.F.,
  .F.,(2,2),(0.66749893405,5.366665822387),.PIECEWISE_BEZIER_KNOTS.);
#9949 = CARTESIAN_POINT('',(-3.1,9.166666666667E-02));
#9950 = CARTESIAN_POINT('',(0.51,3.1));
#9951 = ( GEOMETRIC_REPRESENTATION_CONTEXT(2) 
PARAMETRIC_REPRESENTATION_CONTEXT() REPRESENTATION_CONTEXT('2D SPACE',''
  ) );
#9952 = ORIENTED_EDGE('',*,*,#9953,.T.);
#9953 = EDGE_CURVE('',#9933,#9954,#9956,.T.);
#9954 = VERTEX_POINT('',#9955);
#9955 = CARTESIAN_POINT('',(-10.28020659655,-17.85,-30.10017216379));
#9956 = SURFACE_CURVE('',#9957,(#9962,#9969),.PCURVE_S1.);
#9957 = HYPERBOLA('',#9958,2.054991922923,2.054991922923);
#9958 = AXIS2_PLACEMENT_3D('',#9959,#9960,#9961);
#9959 = CARTESIAN_POINT('',(-11.56557377049,-15.2,-31.17131147541));
#9960 = DIRECTION('',(-0.640184399664,0.,0.768221279597));
#9961 = DIRECTION('',(1.092022647172E-16,-1.,9.100188726436E-17));
#9962 = PCURVE('',#5402,#9963);
#9963 = DEFINITIONAL_REPRESENTATION('',(#9964),#9968);
#9964 = ( BOUNDED_CURVE() B_SPLINE_CURVE(2,(#9965,#9966,#9967),
.UNSPECIFIED.,.F.,.F.) B_SPLINE_CURVE_WITH_KNOTS((3,3),(-0.925620731372,
0.925620731372),.PIECEWISE_BEZIER_KNOTS.) CURVE() 
GEOMETRIC_REPRESENTATION_ITEM() RATIONAL_B_SPLINE_CURVE((1.,
1.459859752506,1.)) REPRESENTATION_ITEM('') );
#9965 = CARTESIAN_POINT('',(3.794965867337,-1.4));
#9966 = CARTESIAN_POINT('',(5.980602661666,0.192336065574));
#9967 = CARTESIAN_POINT('',(8.166239455994,-1.4));
#9968 = ( GEOMETRIC_REPRESENTATION_CONTEXT(2) 
PARAMETRIC_REPRESENTATION_CONTEXT() REPRESENTATION_CONTEXT('2D SPACE',''
  ) );
#9969 = PCURVE('',#9970,#9975);
#9970 = CONICAL_SURFACE('',#9971,1.45,0.785398163397);
#9971 = AXIS2_PLACEMENT_3D('',#9972,#9973,#9974);
#9972 = CARTESIAN_POINT('',(-10.25,-16.65,-32.75));
#9973 = DIRECTION('',(0.,-1.,2.22044604925E-16));
#9974 = DIRECTION('',(1.,0.,0.));
#9975 = DEFINITIONAL_REPRESENTATION('',(#9976),#9993);
#9976 = B_SPLINE_CURVE_WITH_KNOTS('',8,(#9977,#9978,#9979,#9980,#9981,
    #9982,#9983,#9984,#9985,#9986,#9987,#9988,#9989,#9990,#9991,#9992),
  .UNSPECIFIED.,.F.,.F.,(9,7,9),(-0.925620731372,1.110223024625E-16,
    0.925620731372),.UNSPECIFIED.);
#9977 = CARTESIAN_POINT('',(3.08173092647,1.55));
#9978 = CARTESIAN_POINT('',(3.002474962859,1.29711615899));
#9979 = CARTESIAN_POINT('',(2.91558410138,1.090130910523));
#9980 = CARTESIAN_POINT('',(2.820955539292,0.923885587748));
#9981 = CARTESIAN_POINT('',(2.718899744115,0.794532318102));
#9982 = CARTESIAN_POINT('',(2.610283822271,0.699313158104));
#9983 = CARTESIAN_POINT('',(2.496939481356,0.636432336144));
#9984 = CARTESIAN_POINT('',(2.381237194413,0.604991922923));
#9985 = CARTESIAN_POINT('',(2.14983201157,0.604991922923));
#9986 = CARTESIAN_POINT('',(2.034129724625,0.636432336145));
#9987 = CARTESIAN_POINT('',(1.920785383712,0.699313158102));
#9988 = CARTESIAN_POINT('',(1.812169461864,0.794532318113));
#9989 = CARTESIAN_POINT('',(1.710113666692,0.923885587747));
#9990 = CARTESIAN_POINT('',(1.615485104601,1.090130910524));
#9991 = CARTESIAN_POINT('',(1.528594243124,1.29711615899));
#9992 = CARTESIAN_POINT('',(1.449338279513,1.55));
#9993 = ( GEOMETRIC_REPRESENTATION_CONTEXT(2) 
PARAMETRIC_REPRESENTATION_CONTEXT() REPRESENTATION_CONTEXT('2D SPACE',''
  ) );
#9994 = ORIENTED_EDGE('',*,*,#9995,.T.);
#9995 = EDGE_CURVE('',#9954,#9996,#9998,.T.);
#9996 = VERTEX_POINT('',#9997);
#9997 = CARTESIAN_POINT('',(-9.74,-17.85,-29.65));
#9998 = SURFACE_CURVE('',#9999,(#10003,#10009),.PCURVE_S1.);
#9999 = LINE('',#10000,#10001);
#10000 = CARTESIAN_POINT('',(-13.86278688524,-17.85,-33.0856557377));
#10001 = VECTOR('',#10002,1.);
#10002 = DIRECTION('',(0.768221279597,1.421494921027E-16,0.640184399664)
  );
#10003 = PCURVE('',#5402,#10004);
#10004 = DEFINITIONAL_REPRESENTATION('',(#10005),#10008);
#10005 = B_SPLINE_CURVE_WITH_KNOTS('',1,(#10006,#10007),.UNSPECIFIED.,
  .F.,.F.,(2,2),(0.66749893405,5.366665822387),
  .PIECEWISE_BEZIER_KNOTS.);
#10006 = CARTESIAN_POINT('',(3.657800264883,-1.05));
#10007 = CARTESIAN_POINT('',(8.35696715322,-1.05));
#10008 = ( GEOMETRIC_REPRESENTATION_CONTEXT(2) 
PARAMETRIC_REPRESENTATION_CONTEXT() REPRESENTATION_CONTEXT('2D SPACE',''
  ) );
#10009 = PCURVE('',#9814,#10010);
#10010 = DEFINITIONAL_REPRESENTATION('',(#10011),#10014);
#10011 = B_SPLINE_CURVE_WITH_KNOTS('',1,(#10012,#10013),.UNSPECIFIED.,
  .F.,.F.,(2,2),(0.66749893405,5.366665822387),
  .PIECEWISE_BEZIER_KNOTS.);
#10012 = CARTESIAN_POINT('',(-3.1,9.166666666667E-02));
#10013 = CARTESIAN_POINT('',(0.51,3.1));
#10014 = ( GEOMETRIC_REPRESENTATION_CONTEXT(2) 
PARAMETRIC_REPRESENTATION_CONTEXT() REPRESENTATION_CONTEXT('2D SPACE',''
  ) );
#10015 = ORIENTED_EDGE('',*,*,#10016,.F.);
#10016 = EDGE_CURVE('',#9452,#9996,#10017,.T.);
#10017 = SURFACE_CURVE('',#10018,(#10022,#10028),.PCURVE_S1.);
#10018 = LINE('',#10019,#10020);
#10019 = CARTESIAN_POINT('',(-9.74,-19.1,-29.65));
#10020 = VECTOR('',#10021,1.);
#10021 = DIRECTION('',(0.,1.,-0.));
#10022 = PCURVE('',#5402,#10023);
#10023 = DEFINITIONAL_REPRESENTATION('',(#10024),#10027);
#10024 = B_SPLINE_CURVE_WITH_KNOTS('',1,(#10025,#10026),.UNSPECIFIED.,
  .F.,.F.,(2,2),(-1.3,1.25),.PIECEWISE_BEZIER_KNOTS.);
#10025 = CARTESIAN_POINT('',(8.35696715322,-3.6));
#10026 = CARTESIAN_POINT('',(8.35696715322,-1.05));
#10027 = ( GEOMETRIC_REPRESENTATION_CONTEXT(2) 
PARAMETRIC_REPRESENTATION_CONTEXT() REPRESENTATION_CONTEXT('2D SPACE',''
  ) );
#10028 = PCURVE('',#9466,#10029);
#10029 = DEFINITIONAL_REPRESENTATION('',(#10030),#10033);
#10030 = B_SPLINE_CURVE_WITH_KNOTS('',1,(#10031,#10032),.UNSPECIFIED.,
  .F.,.F.,(2,2),(-1.3,1.25),.PIECEWISE_BEZIER_KNOTS.);
#10031 = CARTESIAN_POINT('',(3.61,1.));
#10032 = CARTESIAN_POINT('',(3.61,3.55));
#10033 = ( GEOMETRIC_REPRESENTATION_CONTEXT(2) 
PARAMETRIC_REPRESENTATION_CONTEXT() REPRESENTATION_CONTEXT('2D SPACE',''
  ) );
#10034 = ORIENTED_EDGE('',*,*,#9477,.T.);
#10035 = ORIENTED_EDGE('',*,*,#10036,.T.);
#10036 = EDGE_CURVE('',#9478,#10037,#10039,.T.);
#10037 = VERTEX_POINT('',#10038);
#10038 = CARTESIAN_POINT('',(6.64,-16.95,-16.));
#10039 = SURFACE_CURVE('',#10040,(#10044,#10050),.PCURVE_S1.);
#10040 = LINE('',#10041,#10042);
#10041 = CARTESIAN_POINT('',(6.64,1.475,-16.));
#10042 = VECTOR('',#10043,1.);
#10043 = DIRECTION('',(0.,1.,0.));
#10044 = PCURVE('',#5402,#10045);
#10045 = DEFINITIONAL_REPRESENTATION('',(#10046),#10049);
#10046 = B_SPLINE_CURVE_WITH_KNOTS('',1,(#10047,#10048),.UNSPECIFIED.,
  .F.,.F.,(2,2),(-21.875,-18.275),.PIECEWISE_BEZIER_KNOTS.);
#10047 = CARTESIAN_POINT('',(29.678948768445,-3.6));
#10048 = CARTESIAN_POINT('',(29.678948768445,0.));
#10049 = ( GEOMETRIC_REPRESENTATION_CONTEXT(2) 
PARAMETRIC_REPRESENTATION_CONTEXT() REPRESENTATION_CONTEXT('2D SPACE',''
  ) );
#10050 = PCURVE('',#9512,#10051);
#10051 = DEFINITIONAL_REPRESENTATION('',(#10052),#10055);
#10052 = B_SPLINE_CURVE_WITH_KNOTS('',1,(#10053,#10054),.UNSPECIFIED.,
  .F.,.F.,(2,2),(-21.875,-18.275),.PIECEWISE_BEZIER_KNOTS.);
#10053 = CARTESIAN_POINT('',(40.15,-21.8));
#10054 = CARTESIAN_POINT('',(36.55,-21.8));
#10055 = ( GEOMETRIC_REPRESENTATION_CONTEXT(2) 
PARAMETRIC_REPRESENTATION_CONTEXT() REPRESENTATION_CONTEXT('2D SPACE',''
  ) );
#10056 = ORIENTED_EDGE('',*,*,#10057,.T.);
#10057 = EDGE_CURVE('',#10037,#10058,#10060,.T.);
#10058 = VERTEX_POINT('',#10059);
#10059 = CARTESIAN_POINT('',(-10.052,-16.95,-29.91));
#10060 = SURFACE_CURVE('',#10061,(#10065,#10071),.PCURVE_S1.);
#10061 = LINE('',#10062,#10063);
#10062 = CARTESIAN_POINT('',(-13.41524590163,-16.95,-32.71270491803));
#10063 = VECTOR('',#10064,1.);
#10064 = DIRECTION('',(-0.768221279597,0.,-0.640184399664));
#10065 = PCURVE('',#5402,#10066);
#10066 = DEFINITIONAL_REPRESENTATION('',(#10067),#10070);
#10067 = B_SPLINE_CURVE_WITH_KNOTS('',1,(#10068,#10069),.UNSPECIFIED.,
  .F.,.F.,(2,2),(-26.10607963391,-4.377965035546),
  .PIECEWISE_BEZIER_KNOTS.);
#10068 = CARTESIAN_POINT('',(29.678948768445,-0.15));
#10069 = CARTESIAN_POINT('',(7.950834170073,-0.15));
#10070 = ( GEOMETRIC_REPRESENTATION_CONTEXT(2) 
PARAMETRIC_REPRESENTATION_CONTEXT() REPRESENTATION_CONTEXT('2D SPACE',''
  ) );
#10071 = PCURVE('',#10072,#10077);
#10072 = PLANE('',#10073);
#10073 = AXIS2_PLACEMENT_3D('',#10074,#10075,#10076);
#10074 = CARTESIAN_POINT('',(-11.1,-16.95,-29.91));
#10075 = DIRECTION('',(-0.,1.,0.));
#10076 = DIRECTION('',(0.,0.,1.));
#10077 = DEFINITIONAL_REPRESENTATION('',(#10078),#10081);
#10078 = B_SPLINE_CURVE_WITH_KNOTS('',1,(#10079,#10080),.UNSPECIFIED.,
  .F.,.F.,(2,2),(-26.10607963391,-4.377965035546),
  .PIECEWISE_BEZIER_KNOTS.);
#10079 = CARTESIAN_POINT('',(13.91,17.74));
#10080 = CARTESIAN_POINT('',(4.440892098501E-16,1.048));
#10081 = ( GEOMETRIC_REPRESENTATION_CONTEXT(2) 
PARAMETRIC_REPRESENTATION_CONTEXT() REPRESENTATION_CONTEXT('2D SPACE',''
  ) );
#10082 = ORIENTED_EDGE('',*,*,#10083,.T.);
#10083 = EDGE_CURVE('',#10058,#8389,#10084,.T.);
#10084 = SURFACE_CURVE('',#10085,(#10089,#10095),.PCURVE_S1.);
#10085 = LINE('',#10086,#10087);
#10086 = CARTESIAN_POINT('',(-10.052,-16.875,-29.91));
#10087 = VECTOR('',#10088,1.);
#10088 = DIRECTION('',(0.,1.,-0.));
#10089 = PCURVE('',#5402,#10090);
#10090 = DEFINITIONAL_REPRESENTATION('',(#10091),#10094);
#10091 = B_SPLINE_CURVE_WITH_KNOTS('',1,(#10092,#10093),.UNSPECIFIED.,
  .F.,.F.,(2,2),(-7.5E-02,7.5E-02),.PIECEWISE_BEZIER_KNOTS.);
#10092 = CARTESIAN_POINT('',(7.950834170073,-0.15));
#10093 = CARTESIAN_POINT('',(7.950834170073,0.));
#10094 = ( GEOMETRIC_REPRESENTATION_CONTEXT(2) 
PARAMETRIC_REPRESENTATION_CONTEXT() REPRESENTATION_CONTEXT('2D SPACE',''
  ) );
#10095 = PCURVE('',#8424,#10096);
#10096 = DEFINITIONAL_REPRESENTATION('',(#10097),#10100);
#10097 = B_SPLINE_CURVE_WITH_KNOTS('',1,(#10098,#10099),.UNSPECIFIED.,
  .F.,.F.,(2,2),(-7.5E-02,7.5E-02),.PIECEWISE_BEZIER_KNOTS.);
#10098 = CARTESIAN_POINT('',(1.048,0.));
#10099 = CARTESIAN_POINT('',(1.048,0.15));
#10100 = ( GEOMETRIC_REPRESENTATION_CONTEXT(2) 
PARAMETRIC_REPRESENTATION_CONTEXT() REPRESENTATION_CONTEXT('2D SPACE',''
  ) );
#10101 = ADVANCED_FACE('',(#10102),#5330,.F.);
#10102 = FACE_BOUND('',#10103,.F.);
#10103 = EDGE_LOOP('',(#10104,#10105,#10106,#10107));
#10104 = ORIENTED_EDGE('',*,*,#8272,.T.);
#10105 = ORIENTED_EDGE('',*,*,#5314,.T.);
#10106 = ORIENTED_EDGE('',*,*,#6513,.T.);
#10107 = ORIENTED_EDGE('',*,*,#8243,.F.);
#10108 = ADVANCED_FACE('',(#10109),#5512,.F.);
#10109 = FACE_BOUND('',#10110,.F.);
#10110 = EDGE_LOOP('',(#10111,#10134,#10155,#10156));
#10111 = ORIENTED_EDGE('',*,*,#10112,.T.);
#10112 = EDGE_CURVE('',#10113,#10115,#10117,.T.);
#10113 = VERTEX_POINT('',#10114);
#10114 = CARTESIAN_POINT('',(7.704163056034,-16.8,-108.3));
#10115 = VERTEX_POINT('',#10116);
#10116 = CARTESIAN_POINT('',(6.295836943966,-16.8,-108.3));
#10117 = SURFACE_CURVE('',#10118,(#10122,#10128),.PCURVE_S1.);
#10118 = LINE('',#10119,#10120);
#10119 = CARTESIAN_POINT('',(2.65,-16.8,-108.3));
#10120 = VECTOR('',#10121,1.);
#10121 = DIRECTION('',(-1.,0.,0.));
#10122 = PCURVE('',#5512,#10123);
#10123 = DEFINITIONAL_REPRESENTATION('',(#10124),#10127);
#10124 = B_SPLINE_CURVE_WITH_KNOTS('',1,(#10125,#10126),.UNSPECIFIED.,
  .F.,.F.,(2,2),(-5.054163056034,-3.645836943966),
  .PIECEWISE_BEZIER_KNOTS.);
#10125 = CARTESIAN_POINT('',(2.404163056034,4.6));
#10126 = CARTESIAN_POINT('',(0.995836943966,4.6));
#10127 = ( GEOMETRIC_REPRESENTATION_CONTEXT(2) 
PARAMETRIC_REPRESENTATION_CONTEXT() REPRESENTATION_CONTEXT('2D SPACE',''
  ) );
#10128 = PCURVE('',#6280,#10129);
#10129 = DEFINITIONAL_REPRESENTATION('',(#10130),#10133);
#10130 = B_SPLINE_CURVE_WITH_KNOTS('',1,(#10131,#10132),.UNSPECIFIED.,
  .F.,.F.,(2,2),(-5.054163056034,-3.645836943966),
  .PIECEWISE_BEZIER_KNOTS.);
#10131 = CARTESIAN_POINT('',(7.704163056034,1.7));
#10132 = CARTESIAN_POINT('',(6.295836943966,1.7));
#10133 = ( GEOMETRIC_REPRESENTATION_CONTEXT(2) 
PARAMETRIC_REPRESENTATION_CONTEXT() REPRESENTATION_CONTEXT('2D SPACE',''
  ) );
#10134 = ORIENTED_EDGE('',*,*,#10135,.T.);
#10135 = EDGE_CURVE('',#10115,#5496,#10136,.T.);
#10136 = SURFACE_CURVE('',#10137,(#10141,#10148),.PCURVE_S1.);
#10137 = LINE('',#10138,#10139);
#10138 = CARTESIAN_POINT('',(6.295836943966,-21.4,-108.3));
#10139 = VECTOR('',#10140,1.);
#10140 = DIRECTION('',(0.,-1.,0.));
#10141 = PCURVE('',#5512,#10142);
#10142 = DEFINITIONAL_REPRESENTATION('',(#10143),#10147);
#10143 = LINE('',#10144,#10145);
#10144 = CARTESIAN_POINT('',(0.995836943966,0.));
#10145 = VECTOR('',#10146,1.);
#10146 = DIRECTION('',(0.,-1.));
#10147 = ( GEOMETRIC_REPRESENTATION_CONTEXT(2) 
PARAMETRIC_REPRESENTATION_CONTEXT() REPRESENTATION_CONTEXT('2D SPACE',''
  ) );
#10148 = PCURVE('',#5538,#10149);
#10149 = DEFINITIONAL_REPRESENTATION('',(#10150),#10154);
#10150 = LINE('',#10151,#10152);
#10151 = CARTESIAN_POINT('',(2.404163056034,0.));
#10152 = VECTOR('',#10153,1.);
#10153 = DIRECTION('',(0.,1.));
#10154 = ( GEOMETRIC_REPRESENTATION_CONTEXT(2) 
PARAMETRIC_REPRESENTATION_CONTEXT() REPRESENTATION_CONTEXT('2D SPACE',''
  ) );
#10155 = ORIENTED_EDGE('',*,*,#5495,.T.);
#10156 = ORIENTED_EDGE('',*,*,#10157,.F.);
#10157 = EDGE_CURVE('',#10113,#5498,#10158,.T.);
#10158 = SURFACE_CURVE('',#10159,(#10163,#10170),.PCURVE_S1.);
#10159 = LINE('',#10160,#10161);
#10160 = CARTESIAN_POINT('',(7.704163056034,-21.4,-108.3));
#10161 = VECTOR('',#10162,1.);
#10162 = DIRECTION('',(0.,-1.,0.));
#10163 = PCURVE('',#5512,#10164);
#10164 = DEFINITIONAL_REPRESENTATION('',(#10165),#10169);
#10165 = LINE('',#10166,#10167);
#10166 = CARTESIAN_POINT('',(2.404163056034,0.));
#10167 = VECTOR('',#10168,1.);
#10168 = DIRECTION('',(0.,-1.));
#10169 = ( GEOMETRIC_REPRESENTATION_CONTEXT(2) 
PARAMETRIC_REPRESENTATION_CONTEXT() REPRESENTATION_CONTEXT('2D SPACE',''
  ) );
#10170 = PCURVE('',#5647,#10171);
#10171 = DEFINITIONAL_REPRESENTATION('',(#10172),#10176);
#10172 = LINE('',#10173,#10174);
#10173 = CARTESIAN_POINT('',(0.995836943966,0.));
#10174 = VECTOR('',#10175,1.);
#10175 = DIRECTION('',(0.,-1.));
#10176 = ( GEOMETRIC_REPRESENTATION_CONTEXT(2) 
PARAMETRIC_REPRESENTATION_CONTEXT() REPRESENTATION_CONTEXT('2D SPACE',''
  ) );
#10177 = ADVANCED_FACE('',(#10178),#5538,.T.);
#10178 = FACE_BOUND('',#10179,.T.);
#10179 = EDGE_LOOP('',(#10180,#10181,#10203,#10222));
#10180 = ORIENTED_EDGE('',*,*,#5523,.T.);
#10181 = ORIENTED_EDGE('',*,*,#10182,.F.);
#10182 = EDGE_CURVE('',#10183,#5524,#10185,.T.);
#10183 = VERTEX_POINT('',#10184);
#10184 = CARTESIAN_POINT('',(5.3,-16.8,-109.2958369439));
#10185 = SURFACE_CURVE('',#10186,(#10190,#10197),.PCURVE_S1.);
#10186 = LINE('',#10187,#10188);
#10187 = CARTESIAN_POINT('',(5.3,-21.4,-109.2958369439));
#10188 = VECTOR('',#10189,1.);
#10189 = DIRECTION('',(0.,-1.,0.));
#10190 = PCURVE('',#5538,#10191);
#10191 = DEFINITIONAL_REPRESENTATION('',(#10192),#10196);
#10192 = LINE('',#10193,#10194);
#10193 = CARTESIAN_POINT('',(0.995836943966,0.));
#10194 = VECTOR('',#10195,1.);
#10195 = DIRECTION('',(0.,1.));
#10196 = ( GEOMETRIC_REPRESENTATION_CONTEXT(2) 
PARAMETRIC_REPRESENTATION_CONTEXT() REPRESENTATION_CONTEXT('2D SPACE',''
  ) );
#10197 = PCURVE('',#5564,#10198);
#10198 = DEFINITIONAL_REPRESENTATION('',(#10199),#10202);
#10199 = B_SPLINE_CURVE_WITH_KNOTS('',1,(#10200,#10201),.UNSPECIFIED.,
  .F.,.F.,(2,2),(-45.85,0.),.PIECEWISE_BEZIER_KNOTS.);
#10200 = CARTESIAN_POINT('',(0.704163056034,-45.85));
#10201 = CARTESIAN_POINT('',(0.704163056034,0.));
#10202 = ( GEOMETRIC_REPRESENTATION_CONTEXT(2) 
PARAMETRIC_REPRESENTATION_CONTEXT() REPRESENTATION_CONTEXT('2D SPACE',''
  ) );
#10203 = ORIENTED_EDGE('',*,*,#10204,.T.);
#10204 = EDGE_CURVE('',#10183,#10115,#10205,.T.);
#10205 = SURFACE_CURVE('',#10206,(#10210,#10216),.PCURVE_S1.);
#10206 = LINE('',#10207,#10208);
#10207 = CARTESIAN_POINT('',(3.446877707974,-16.8,-111.1489592359));
#10208 = VECTOR('',#10209,1.);
#10209 = DIRECTION('',(0.707106781187,1.570092458684E-16,0.707106781187)
  );
#10210 = PCURVE('',#5538,#10211);
#10211 = DEFINITIONAL_REPRESENTATION('',(#10212),#10215);
#10212 = B_SPLINE_CURVE_WITH_KNOTS('',1,(#10213,#10214),.UNSPECIFIED.,
  .F.,.F.,(2,2),(2.620710678119,4.029036790187),
  .PIECEWISE_BEZIER_KNOTS.);
#10213 = CARTESIAN_POINT('',(0.995836943966,-4.6));
#10214 = CARTESIAN_POINT('',(2.404163056034,-4.6));
#10215 = ( GEOMETRIC_REPRESENTATION_CONTEXT(2) 
PARAMETRIC_REPRESENTATION_CONTEXT() REPRESENTATION_CONTEXT('2D SPACE',''
  ) );
#10216 = PCURVE('',#6280,#10217);
#10217 = DEFINITIONAL_REPRESENTATION('',(#10218),#10221);
#10218 = B_SPLINE_CURVE_WITH_KNOTS('',1,(#10219,#10220),.UNSPECIFIED.,
  .F.,.F.,(2,2),(2.620710678119,4.029036790187),
  .PIECEWISE_BEZIER_KNOTS.);
#10219 = CARTESIAN_POINT('',(5.3,0.704163056034));
#10220 = CARTESIAN_POINT('',(6.295836943966,1.7));
#10221 = ( GEOMETRIC_REPRESENTATION_CONTEXT(2) 
PARAMETRIC_REPRESENTATION_CONTEXT() REPRESENTATION_CONTEXT('2D SPACE',''
  ) );
#10222 = ORIENTED_EDGE('',*,*,#10135,.T.);
#10223 = ADVANCED_FACE('',(#10224),#5647,.F.);
#10224 = FACE_BOUND('',#10225,.F.);
#10225 = EDGE_LOOP('',(#10226,#10247,#10248,#10249));
#10226 = ORIENTED_EDGE('',*,*,#10227,.T.);
#10227 = EDGE_CURVE('',#10228,#10113,#10230,.T.);
#10228 = VERTEX_POINT('',#10229);
#10229 = CARTESIAN_POINT('',(8.7,-16.8,-109.2958369439));
#10230 = SURFACE_CURVE('',#10231,(#10235,#10241),.PCURVE_S1.);
#10231 = LINE('',#10232,#10233);
#10232 = CARTESIAN_POINT('',(5.851040764009,-16.8,-106.4468777079));
#10233 = VECTOR('',#10234,1.);
#10234 = DIRECTION('',(-0.707106781187,1.570092458684E-16,0.707106781187
    ));
#10235 = PCURVE('',#5647,#10236);
#10236 = DEFINITIONAL_REPRESENTATION('',(#10237),#10240);
#10237 = B_SPLINE_CURVE_WITH_KNOTS('',1,(#10238,#10239),.UNSPECIFIED.,
  .F.,.F.,(2,2),(-4.029036790187,-2.620710678119),
  .PIECEWISE_BEZIER_KNOTS.);
#10238 = CARTESIAN_POINT('',(2.404163056034,4.6));
#10239 = CARTESIAN_POINT('',(0.995836943966,4.6));
#10240 = ( GEOMETRIC_REPRESENTATION_CONTEXT(2) 
PARAMETRIC_REPRESENTATION_CONTEXT() REPRESENTATION_CONTEXT('2D SPACE',''
  ) );
#10241 = PCURVE('',#6280,#10242);
#10242 = DEFINITIONAL_REPRESENTATION('',(#10243),#10246);
#10243 = B_SPLINE_CURVE_WITH_KNOTS('',1,(#10244,#10245),.UNSPECIFIED.,
  .F.,.F.,(2,2),(-4.029036790187,-2.620710678119),
  .PIECEWISE_BEZIER_KNOTS.);
#10244 = CARTESIAN_POINT('',(8.7,0.704163056034));
#10245 = CARTESIAN_POINT('',(7.704163056034,1.7));
#10246 = ( GEOMETRIC_REPRESENTATION_CONTEXT(2) 
PARAMETRIC_REPRESENTATION_CONTEXT() REPRESENTATION_CONTEXT('2D SPACE',''
  ) );
#10247 = ORIENTED_EDGE('',*,*,#10157,.T.);
#10248 = ORIENTED_EDGE('',*,*,#5634,.T.);
#10249 = ORIENTED_EDGE('',*,*,#10250,.T.);
#10250 = EDGE_CURVE('',#5609,#10228,#10251,.T.);
#10251 = SURFACE_CURVE('',#10252,(#10256,#10263),.PCURVE_S1.);
#10252 = LINE('',#10253,#10254);
#10253 = CARTESIAN_POINT('',(8.7,-21.4,-109.2958369439));
#10254 = VECTOR('',#10255,1.);
#10255 = DIRECTION('',(0.,1.,0.));
#10256 = PCURVE('',#5647,#10257);
#10257 = DEFINITIONAL_REPRESENTATION('',(#10258),#10262);
#10258 = LINE('',#10259,#10260);
#10259 = CARTESIAN_POINT('',(2.404163056034,0.));
#10260 = VECTOR('',#10261,1.);
#10261 = DIRECTION('',(0.,1.));
#10262 = ( GEOMETRIC_REPRESENTATION_CONTEXT(2) 
PARAMETRIC_REPRESENTATION_CONTEXT() REPRESENTATION_CONTEXT('2D SPACE',''
  ) );
#10263 = PCURVE('',#5623,#10264);
#10264 = DEFINITIONAL_REPRESENTATION('',(#10265),#10268);
#10265 = B_SPLINE_CURVE_WITH_KNOTS('',1,(#10266,#10267),.UNSPECIFIED.,
  .F.,.F.,(2,2),(0.,45.85),.PIECEWISE_BEZIER_KNOTS.);
#10266 = CARTESIAN_POINT('',(0.704163056034,0.));
#10267 = CARTESIAN_POINT('',(0.704163056034,-45.85));
#10268 = ( GEOMETRIC_REPRESENTATION_CONTEXT(2) 
PARAMETRIC_REPRESENTATION_CONTEXT() REPRESENTATION_CONTEXT('2D SPACE',''
  ) );
#10269 = ADVANCED_FACE('',(#10270),#5564,.T.);
#10270 = FACE_BOUND('',#10271,.T.);
#10271 = EDGE_LOOP('',(#10272,#10273,#10296,#10315));
#10272 = ORIENTED_EDGE('',*,*,#5549,.T.);
#10273 = ORIENTED_EDGE('',*,*,#10274,.T.);
#10274 = EDGE_CURVE('',#5550,#10275,#10277,.T.);
#10275 = VERTEX_POINT('',#10276);
#10276 = CARTESIAN_POINT('',(5.3,-16.8,-110.));
#10277 = SURFACE_CURVE('',#10278,(#10282,#10289),.PCURVE_S1.);
#10278 = LINE('',#10279,#10280);
#10279 = CARTESIAN_POINT('',(5.3,-21.4,-110.));
#10280 = VECTOR('',#10281,1.);
#10281 = DIRECTION('',(0.,1.,0.));
#10282 = PCURVE('',#5564,#10283);
#10283 = DEFINITIONAL_REPRESENTATION('',(#10284),#10288);
#10284 = LINE('',#10285,#10286);
#10285 = CARTESIAN_POINT('',(0.,0.));
#10286 = VECTOR('',#10287,1.);
#10287 = DIRECTION('',(0.,-1.));
#10288 = ( GEOMETRIC_REPRESENTATION_CONTEXT(2) 
PARAMETRIC_REPRESENTATION_CONTEXT() REPRESENTATION_CONTEXT('2D SPACE',''
  ) );
#10289 = PCURVE('',#5596,#10290);
#10290 = DEFINITIONAL_REPRESENTATION('',(#10291),#10295);
#10291 = LINE('',#10292,#10293);
#10292 = CARTESIAN_POINT('',(3.14159265359,45.85));
#10293 = VECTOR('',#10294,1.);
#10294 = DIRECTION('',(0.,-1.));
#10295 = ( GEOMETRIC_REPRESENTATION_CONTEXT(2) 
PARAMETRIC_REPRESENTATION_CONTEXT() REPRESENTATION_CONTEXT('2D SPACE',''
  ) );
#10296 = ORIENTED_EDGE('',*,*,#10297,.T.);
#10297 = EDGE_CURVE('',#10275,#10183,#10298,.T.);
#10298 = SURFACE_CURVE('',#10299,(#10303,#10309),.PCURVE_S1.);
#10299 = LINE('',#10300,#10301);
#10300 = CARTESIAN_POINT('',(5.3,-16.8,-110.));
#10301 = VECTOR('',#10302,1.);
#10302 = DIRECTION('',(-0.,2.22044604925E-16,1.));
#10303 = PCURVE('',#5564,#10304);
#10304 = DEFINITIONAL_REPRESENTATION('',(#10305),#10308);
#10305 = B_SPLINE_CURVE_WITH_KNOTS('',1,(#10306,#10307),.UNSPECIFIED.,
  .F.,.F.,(2,2),(0.,0.704163056034),.PIECEWISE_BEZIER_KNOTS.);
#10306 = CARTESIAN_POINT('',(0.,-4.6));
#10307 = CARTESIAN_POINT('',(0.704163056034,-4.6));
#10308 = ( GEOMETRIC_REPRESENTATION_CONTEXT(2) 
PARAMETRIC_REPRESENTATION_CONTEXT() REPRESENTATION_CONTEXT('2D SPACE',''
  ) );
#10309 = PCURVE('',#6280,#10310);
#10310 = DEFINITIONAL_REPRESENTATION('',(#10311),#10314);
#10311 = B_SPLINE_CURVE_WITH_KNOTS('',1,(#10312,#10313),.UNSPECIFIED.,
  .F.,.F.,(2,2),(0.,0.704163056034),.PIECEWISE_BEZIER_KNOTS.);
#10312 = CARTESIAN_POINT('',(5.3,0.));
#10313 = CARTESIAN_POINT('',(5.3,0.704163056034));
#10314 = ( GEOMETRIC_REPRESENTATION_CONTEXT(2) 
PARAMETRIC_REPRESENTATION_CONTEXT() REPRESENTATION_CONTEXT('2D SPACE',''
  ) );
#10315 = ORIENTED_EDGE('',*,*,#10182,.T.);
#10316 = ADVANCED_FACE('',(#10317),#5623,.F.);
#10317 = FACE_BOUND('',#10318,.F.);
#10318 = EDGE_LOOP('',(#10319,#10320,#10343,#10362));
#10319 = ORIENTED_EDGE('',*,*,#5608,.T.);
#10320 = ORIENTED_EDGE('',*,*,#10321,.F.);
#10321 = EDGE_CURVE('',#10322,#5576,#10324,.T.);
#10322 = VERTEX_POINT('',#10323);
#10323 = CARTESIAN_POINT('',(8.7,-16.8,-110.));
#10324 = SURFACE_CURVE('',#10325,(#10329,#10336),.PCURVE_S1.);
#10325 = LINE('',#10326,#10327);
#10326 = CARTESIAN_POINT('',(8.7,24.45,-110.));
#10327 = VECTOR('',#10328,1.);
#10328 = DIRECTION('',(0.,-1.,2.22044604925E-16));
#10329 = PCURVE('',#5623,#10330);
#10330 = DEFINITIONAL_REPRESENTATION('',(#10331),#10335);
#10331 = LINE('',#10332,#10333);
#10332 = CARTESIAN_POINT('',(-5.506752479616E-15,-45.85));
#10333 = VECTOR('',#10334,1.);
#10334 = DIRECTION('',(2.22044604925E-16,1.));
#10335 = ( GEOMETRIC_REPRESENTATION_CONTEXT(2) 
PARAMETRIC_REPRESENTATION_CONTEXT() REPRESENTATION_CONTEXT('2D SPACE',''
  ) );
#10336 = PCURVE('',#5596,#10337);
#10337 = DEFINITIONAL_REPRESENTATION('',(#10338),#10342);
#10338 = LINE('',#10339,#10340);
#10339 = CARTESIAN_POINT('',(6.28318530718,-0.));
#10340 = VECTOR('',#10341,1.);
#10341 = DIRECTION('',(0.,1.));
#10342 = ( GEOMETRIC_REPRESENTATION_CONTEXT(2) 
PARAMETRIC_REPRESENTATION_CONTEXT() REPRESENTATION_CONTEXT('2D SPACE',''
  ) );
#10343 = ORIENTED_EDGE('',*,*,#10344,.T.);
#10344 = EDGE_CURVE('',#10322,#10228,#10345,.T.);
#10345 = SURFACE_CURVE('',#10346,(#10350,#10356),.PCURVE_S1.);
#10346 = LINE('',#10347,#10348);
#10347 = CARTESIAN_POINT('',(8.7,-16.8,-110.));
#10348 = VECTOR('',#10349,1.);
#10349 = DIRECTION('',(-0.,2.22044604925E-16,1.));
#10350 = PCURVE('',#5623,#10351);
#10351 = DEFINITIONAL_REPRESENTATION('',(#10352),#10355);
#10352 = B_SPLINE_CURVE_WITH_KNOTS('',1,(#10353,#10354),.UNSPECIFIED.,
  .F.,.F.,(2,2),(-5.506752479616E-15,0.704163056034),
  .PIECEWISE_BEZIER_KNOTS.);
#10353 = CARTESIAN_POINT('',(-5.506752479616E-15,-4.6));
#10354 = CARTESIAN_POINT('',(0.704163056034,-4.6));
#10355 = ( GEOMETRIC_REPRESENTATION_CONTEXT(2) 
PARAMETRIC_REPRESENTATION_CONTEXT() REPRESENTATION_CONTEXT('2D SPACE',''
  ) );
#10356 = PCURVE('',#6280,#10357);
#10357 = DEFINITIONAL_REPRESENTATION('',(#10358),#10361);
#10358 = B_SPLINE_CURVE_WITH_KNOTS('',1,(#10359,#10360),.UNSPECIFIED.,
  .F.,.F.,(2,2),(-5.506752479616E-15,0.704163056034),
  .PIECEWISE_BEZIER_KNOTS.);
#10359 = CARTESIAN_POINT('',(8.7,-5.506752479616E-15));
#10360 = CARTESIAN_POINT('',(8.7,0.704163056034));
#10361 = ( GEOMETRIC_REPRESENTATION_CONTEXT(2) 
PARAMETRIC_REPRESENTATION_CONTEXT() REPRESENTATION_CONTEXT('2D SPACE',''
  ) );
#10362 = ORIENTED_EDGE('',*,*,#10250,.F.);
#10363 = ADVANCED_FACE('',(#10364),#5596,.F.);
#10364 = FACE_BOUND('',#10365,.F.);
#10365 = EDGE_LOOP('',(#10366,#10367,#10368,#10390));
#10366 = ORIENTED_EDGE('',*,*,#5575,.F.);
#10367 = ORIENTED_EDGE('',*,*,#10274,.T.);
#10368 = ORIENTED_EDGE('',*,*,#10369,.T.);
#10369 = EDGE_CURVE('',#10275,#10322,#10370,.T.);
#10370 = SURFACE_CURVE('',#10371,(#10376,#10383),.PCURVE_S1.);
#10371 = CIRCLE('',#10372,1.7);
#10372 = AXIS2_PLACEMENT_3D('',#10373,#10374,#10375);
#10373 = CARTESIAN_POINT('',(7.,-16.8,-110.));
#10374 = DIRECTION('',(0.,-1.,2.22044604925E-16));
#10375 = DIRECTION('',(1.,0.,0.));
#10376 = PCURVE('',#5596,#10377);
#10377 = DEFINITIONAL_REPRESENTATION('',(#10378),#10382);
#10378 = LINE('',#10379,#10380);
#10379 = CARTESIAN_POINT('',(0.,41.25));
#10380 = VECTOR('',#10381,1.);
#10381 = DIRECTION('',(1.,0.));
#10382 = ( GEOMETRIC_REPRESENTATION_CONTEXT(2) 
PARAMETRIC_REPRESENTATION_CONTEXT() REPRESENTATION_CONTEXT('2D SPACE',''
  ) );
#10383 = PCURVE('',#6280,#10384);
#10384 = DEFINITIONAL_REPRESENTATION('',(#10385),#10389);
#10385 = CIRCLE('',#10386,1.7);
#10386 = AXIS2_PLACEMENT_2D('',#10387,#10388);
#10387 = CARTESIAN_POINT('',(7.,1.42108547152E-14));
#10388 = DIRECTION('',(1.,0.));
#10389 = ( GEOMETRIC_REPRESENTATION_CONTEXT(2) 
PARAMETRIC_REPRESENTATION_CONTEXT() REPRESENTATION_CONTEXT('2D SPACE',''
  ) );
#10390 = ORIENTED_EDGE('',*,*,#10321,.T.);
#10391 = ADVANCED_FACE('',(#10392),#5681,.F.);
#10392 = FACE_BOUND('',#10393,.F.);
#10393 = EDGE_LOOP('',(#10394,#10395,#10418,#10440));
#10394 = ORIENTED_EDGE('',*,*,#5660,.F.);
#10395 = ORIENTED_EDGE('',*,*,#10396,.F.);
#10396 = EDGE_CURVE('',#10397,#5661,#10399,.T.);
#10397 = VERTEX_POINT('',#10398);
#10398 = CARTESIAN_POINT('',(3.75,-16.8,-110.));
#10399 = SEAM_CURVE('',#10400,(#10404,#10411),.PCURVE_S1.);
#10400 = LINE('',#10401,#10402);
#10401 = CARTESIAN_POINT('',(3.75,-16.1,-110.));
#10402 = VECTOR('',#10403,1.);
#10403 = DIRECTION('',(0.,-1.,2.22044604925E-16));
#10404 = PCURVE('',#5681,#10405);
#10405 = DEFINITIONAL_REPRESENTATION('',(#10406),#10410);
#10406 = LINE('',#10407,#10408);
#10407 = CARTESIAN_POINT('',(6.28318530718,-0.));
#10408 = VECTOR('',#10409,1.);
#10409 = DIRECTION('',(0.,1.));
#10410 = ( GEOMETRIC_REPRESENTATION_CONTEXT(2) 
PARAMETRIC_REPRESENTATION_CONTEXT() REPRESENTATION_CONTEXT('2D SPACE',''
  ) );
#10411 = PCURVE('',#5681,#10412);
#10412 = DEFINITIONAL_REPRESENTATION('',(#10413),#10417);
#10413 = LINE('',#10414,#10415);
#10414 = CARTESIAN_POINT('',(0.,-0.));
#10415 = VECTOR('',#10416,1.);
#10416 = DIRECTION('',(0.,1.));
#10417 = ( GEOMETRIC_REPRESENTATION_CONTEXT(2) 
PARAMETRIC_REPRESENTATION_CONTEXT() REPRESENTATION_CONTEXT('2D SPACE',''
  ) );
#10418 = ORIENTED_EDGE('',*,*,#10419,.T.);
#10419 = EDGE_CURVE('',#10397,#10397,#10420,.T.);
#10420 = SURFACE_CURVE('',#10421,(#10426,#10433),.PCURVE_S1.);
#10421 = CIRCLE('',#10422,3.75);
#10422 = AXIS2_PLACEMENT_3D('',#10423,#10424,#10425);
#10423 = CARTESIAN_POINT('',(0.,-16.8,-110.));
#10424 = DIRECTION('',(0.,-1.,2.22044604925E-16));
#10425 = DIRECTION('',(1.,0.,0.));
#10426 = PCURVE('',#5681,#10427);
#10427 = DEFINITIONAL_REPRESENTATION('',(#10428),#10432);
#10428 = LINE('',#10429,#10430);
#10429 = CARTESIAN_POINT('',(0.,0.7));
#10430 = VECTOR('',#10431,1.);
#10431 = DIRECTION('',(1.,0.));
#10432 = ( GEOMETRIC_REPRESENTATION_CONTEXT(2) 
PARAMETRIC_REPRESENTATION_CONTEXT() REPRESENTATION_CONTEXT('2D SPACE',''
  ) );
#10433 = PCURVE('',#6280,#10434);
#10434 = DEFINITIONAL_REPRESENTATION('',(#10435),#10439);
#10435 = CIRCLE('',#10436,3.75);
#10436 = AXIS2_PLACEMENT_2D('',#10437,#10438);
#10437 = CARTESIAN_POINT('',(0.,0.));
#10438 = DIRECTION('',(1.,0.));
#10439 = ( GEOMETRIC_REPRESENTATION_CONTEXT(2) 
PARAMETRIC_REPRESENTATION_CONTEXT() REPRESENTATION_CONTEXT('2D SPACE',''
  ) );
#10440 = ORIENTED_EDGE('',*,*,#10396,.T.);
#10441 = ADVANCED_FACE('',(#10442),#5712,.F.);
#10442 = FACE_BOUND('',#10443,.F.);
#10443 = EDGE_LOOP('',(#10444,#10467,#10488,#10489));
#10444 = ORIENTED_EDGE('',*,*,#10445,.T.);
#10445 = EDGE_CURVE('',#10446,#10448,#10450,.T.);
#10446 = VERTEX_POINT('',#10447);
#10447 = CARTESIAN_POINT('',(0.704163056034,-16.8,-101.3));
#10448 = VERTEX_POINT('',#10449);
#10449 = CARTESIAN_POINT('',(-0.704163056034,-16.8,-101.3));
#10450 = SURFACE_CURVE('',#10451,(#10455,#10461),.PCURVE_S1.);
#10451 = LINE('',#10452,#10453);
#10452 = CARTESIAN_POINT('',(-0.85,-16.8,-101.3));
#10453 = VECTOR('',#10454,1.);
#10454 = DIRECTION('',(-1.,0.,0.));
#10455 = PCURVE('',#5712,#10456);
#10456 = DEFINITIONAL_REPRESENTATION('',(#10457),#10460);
#10457 = B_SPLINE_CURVE_WITH_KNOTS('',1,(#10458,#10459),.UNSPECIFIED.,
  .F.,.F.,(2,2),(-1.554163056034,-0.145836943966),
  .PIECEWISE_BEZIER_KNOTS.);
#10458 = CARTESIAN_POINT('',(2.404163056034,4.6));
#10459 = CARTESIAN_POINT('',(0.995836943966,4.6));
#10460 = ( GEOMETRIC_REPRESENTATION_CONTEXT(2) 
PARAMETRIC_REPRESENTATION_CONTEXT() REPRESENTATION_CONTEXT('2D SPACE',''
  ) );
#10461 = PCURVE('',#6280,#10462);
#10462 = DEFINITIONAL_REPRESENTATION('',(#10463),#10466);
#10463 = B_SPLINE_CURVE_WITH_KNOTS('',1,(#10464,#10465),.UNSPECIFIED.,
  .F.,.F.,(2,2),(-1.554163056034,-0.145836943966),
  .PIECEWISE_BEZIER_KNOTS.);
#10464 = CARTESIAN_POINT('',(0.704163056034,8.7));
#10465 = CARTESIAN_POINT('',(-0.704163056034,8.7));
#10466 = ( GEOMETRIC_REPRESENTATION_CONTEXT(2) 
PARAMETRIC_REPRESENTATION_CONTEXT() REPRESENTATION_CONTEXT('2D SPACE',''
  ) );
#10467 = ORIENTED_EDGE('',*,*,#10468,.T.);
#10468 = EDGE_CURVE('',#10448,#5696,#10469,.T.);
#10469 = SURFACE_CURVE('',#10470,(#10474,#10481),.PCURVE_S1.);
#10470 = LINE('',#10471,#10472);
#10471 = CARTESIAN_POINT('',(-0.704163056034,-21.4,-101.3));
#10472 = VECTOR('',#10473,1.);
#10473 = DIRECTION('',(0.,-1.,0.));
#10474 = PCURVE('',#5712,#10475);
#10475 = DEFINITIONAL_REPRESENTATION('',(#10476),#10480);
#10476 = LINE('',#10477,#10478);
#10477 = CARTESIAN_POINT('',(0.995836943966,0.));
#10478 = VECTOR('',#10479,1.);
#10479 = DIRECTION('',(0.,-1.));
#10480 = ( GEOMETRIC_REPRESENTATION_CONTEXT(2) 
PARAMETRIC_REPRESENTATION_CONTEXT() REPRESENTATION_CONTEXT('2D SPACE',''
  ) );
#10481 = PCURVE('',#5738,#10482);
#10482 = DEFINITIONAL_REPRESENTATION('',(#10483),#10487);
#10483 = LINE('',#10484,#10485);
#10484 = CARTESIAN_POINT('',(2.404163056034,0.));
#10485 = VECTOR('',#10486,1.);
#10486 = DIRECTION('',(0.,1.));
#10487 = ( GEOMETRIC_REPRESENTATION_CONTEXT(2) 
PARAMETRIC_REPRESENTATION_CONTEXT() REPRESENTATION_CONTEXT('2D SPACE',''
  ) );
#10488 = ORIENTED_EDGE('',*,*,#5695,.T.);
#10489 = ORIENTED_EDGE('',*,*,#10490,.F.);
#10490 = EDGE_CURVE('',#10446,#5698,#10491,.T.);
#10491 = SURFACE_CURVE('',#10492,(#10496,#10503),.PCURVE_S1.);
#10492 = LINE('',#10493,#10494);
#10493 = CARTESIAN_POINT('',(0.704163056034,-21.4,-101.3));
#10494 = VECTOR('',#10495,1.);
#10495 = DIRECTION('',(0.,-1.,0.));
#10496 = PCURVE('',#5712,#10497);
#10497 = DEFINITIONAL_REPRESENTATION('',(#10498),#10502);
#10498 = LINE('',#10499,#10500);
#10499 = CARTESIAN_POINT('',(2.404163056034,0.));
#10500 = VECTOR('',#10501,1.);
#10501 = DIRECTION('',(0.,-1.));
#10502 = ( GEOMETRIC_REPRESENTATION_CONTEXT(2) 
PARAMETRIC_REPRESENTATION_CONTEXT() REPRESENTATION_CONTEXT('2D SPACE',''
  ) );
#10503 = PCURVE('',#5847,#10504);
#10504 = DEFINITIONAL_REPRESENTATION('',(#10505),#10509);
#10505 = LINE('',#10506,#10507);
#10506 = CARTESIAN_POINT('',(0.995836943966,0.));
#10507 = VECTOR('',#10508,1.);
#10508 = DIRECTION('',(0.,-1.));
#10509 = ( GEOMETRIC_REPRESENTATION_CONTEXT(2) 
PARAMETRIC_REPRESENTATION_CONTEXT() REPRESENTATION_CONTEXT('2D SPACE',''
  ) );
#10510 = ADVANCED_FACE('',(#10511),#5738,.T.);
#10511 = FACE_BOUND('',#10512,.T.);
#10512 = EDGE_LOOP('',(#10513,#10514,#10536,#10555));
#10513 = ORIENTED_EDGE('',*,*,#5723,.T.);
#10514 = ORIENTED_EDGE('',*,*,#10515,.F.);
#10515 = EDGE_CURVE('',#10516,#5724,#10518,.T.);
#10516 = VERTEX_POINT('',#10517);
#10517 = CARTESIAN_POINT('',(-1.7,-16.8,-102.2958369439));
#10518 = SURFACE_CURVE('',#10519,(#10523,#10530),.PCURVE_S1.);
#10519 = LINE('',#10520,#10521);
#10520 = CARTESIAN_POINT('',(-1.7,-21.4,-102.2958369439));
#10521 = VECTOR('',#10522,1.);
#10522 = DIRECTION('',(0.,-1.,0.));
#10523 = PCURVE('',#5738,#10524);
#10524 = DEFINITIONAL_REPRESENTATION('',(#10525),#10529);
#10525 = LINE('',#10526,#10527);
#10526 = CARTESIAN_POINT('',(0.995836943966,0.));
#10527 = VECTOR('',#10528,1.);
#10528 = DIRECTION('',(0.,1.));
#10529 = ( GEOMETRIC_REPRESENTATION_CONTEXT(2) 
PARAMETRIC_REPRESENTATION_CONTEXT() REPRESENTATION_CONTEXT('2D SPACE',''
  ) );
#10530 = PCURVE('',#5764,#10531);
#10531 = DEFINITIONAL_REPRESENTATION('',(#10532),#10535);
#10532 = B_SPLINE_CURVE_WITH_KNOTS('',1,(#10533,#10534),.UNSPECIFIED.,
  .F.,.F.,(2,2),(-45.85,0.),.PIECEWISE_BEZIER_KNOTS.);
#10533 = CARTESIAN_POINT('',(0.704163056034,-45.85));
#10534 = CARTESIAN_POINT('',(0.704163056034,0.));
#10535 = ( GEOMETRIC_REPRESENTATION_CONTEXT(2) 
PARAMETRIC_REPRESENTATION_CONTEXT() REPRESENTATION_CONTEXT('2D SPACE',''
  ) );
#10536 = ORIENTED_EDGE('',*,*,#10537,.T.);
#10537 = EDGE_CURVE('',#10516,#10448,#10538,.T.);
#10538 = SURFACE_CURVE('',#10539,(#10543,#10549),.PCURVE_S1.);
#10539 = LINE('',#10540,#10541);
#10540 = CARTESIAN_POINT('',(-3.553122292026,-16.8,-104.1489592359));
#10541 = VECTOR('',#10542,1.);
#10542 = DIRECTION('',(0.707106781187,1.570092458684E-16,0.707106781187)
  );
#10543 = PCURVE('',#5738,#10544);
#10544 = DEFINITIONAL_REPRESENTATION('',(#10545),#10548);
#10545 = B_SPLINE_CURVE_WITH_KNOTS('',1,(#10546,#10547),.UNSPECIFIED.,
  .F.,.F.,(2,2),(2.620710678119,4.029036790187),
  .PIECEWISE_BEZIER_KNOTS.);
#10546 = CARTESIAN_POINT('',(0.995836943966,-4.6));
#10547 = CARTESIAN_POINT('',(2.404163056034,-4.6));
#10548 = ( GEOMETRIC_REPRESENTATION_CONTEXT(2) 
PARAMETRIC_REPRESENTATION_CONTEXT() REPRESENTATION_CONTEXT('2D SPACE',''
  ) );
#10549 = PCURVE('',#6280,#10550);
#10550 = DEFINITIONAL_REPRESENTATION('',(#10551),#10554);
#10551 = B_SPLINE_CURVE_WITH_KNOTS('',1,(#10552,#10553),.UNSPECIFIED.,
  .F.,.F.,(2,2),(2.620710678119,4.029036790187),
  .PIECEWISE_BEZIER_KNOTS.);
#10552 = CARTESIAN_POINT('',(-1.7,7.704163056034));
#10553 = CARTESIAN_POINT('',(-0.704163056034,8.7));
#10554 = ( GEOMETRIC_REPRESENTATION_CONTEXT(2) 
PARAMETRIC_REPRESENTATION_CONTEXT() REPRESENTATION_CONTEXT('2D SPACE',''
  ) );
#10555 = ORIENTED_EDGE('',*,*,#10468,.T.);
#10556 = ADVANCED_FACE('',(#10557),#5847,.F.);
#10557 = FACE_BOUND('',#10558,.F.);
#10558 = EDGE_LOOP('',(#10559,#10580,#10581,#10582));
#10559 = ORIENTED_EDGE('',*,*,#10560,.T.);
#10560 = EDGE_CURVE('',#10561,#10446,#10563,.T.);
#10561 = VERTEX_POINT('',#10562);
#10562 = CARTESIAN_POINT('',(1.7,-16.8,-102.2958369439));
#10563 = SURFACE_CURVE('',#10564,(#10568,#10574),.PCURVE_S1.);
#10564 = LINE('',#10565,#10566);
#10565 = CARTESIAN_POINT('',(2.351040764009,-16.8,-102.9468777079));
#10566 = VECTOR('',#10567,1.);
#10567 = DIRECTION('',(-0.707106781187,1.570092458684E-16,0.707106781187
    ));
#10568 = PCURVE('',#5847,#10569);
#10569 = DEFINITIONAL_REPRESENTATION('',(#10570),#10573);
#10570 = B_SPLINE_CURVE_WITH_KNOTS('',1,(#10571,#10572),.UNSPECIFIED.,
  .F.,.F.,(2,2),(0.920710678119,2.329036790187),
  .PIECEWISE_BEZIER_KNOTS.);
#10571 = CARTESIAN_POINT('',(2.404163056034,4.6));
#10572 = CARTESIAN_POINT('',(0.995836943966,4.6));
#10573 = ( GEOMETRIC_REPRESENTATION_CONTEXT(2) 
PARAMETRIC_REPRESENTATION_CONTEXT() REPRESENTATION_CONTEXT('2D SPACE',''
  ) );
#10574 = PCURVE('',#6280,#10575);
#10575 = DEFINITIONAL_REPRESENTATION('',(#10576),#10579);
#10576 = B_SPLINE_CURVE_WITH_KNOTS('',1,(#10577,#10578),.UNSPECIFIED.,
  .F.,.F.,(2,2),(0.920710678119,2.329036790187),
  .PIECEWISE_BEZIER_KNOTS.);
#10577 = CARTESIAN_POINT('',(1.7,7.704163056034));
#10578 = CARTESIAN_POINT('',(0.704163056034,8.7));
#10579 = ( GEOMETRIC_REPRESENTATION_CONTEXT(2) 
PARAMETRIC_REPRESENTATION_CONTEXT() REPRESENTATION_CONTEXT('2D SPACE',''
  ) );
#10580 = ORIENTED_EDGE('',*,*,#10490,.T.);
#10581 = ORIENTED_EDGE('',*,*,#5834,.T.);
#10582 = ORIENTED_EDGE('',*,*,#10583,.T.);
#10583 = EDGE_CURVE('',#5809,#10561,#10584,.T.);
#10584 = SURFACE_CURVE('',#10585,(#10589,#10596),.PCURVE_S1.);
#10585 = LINE('',#10586,#10587);
#10586 = CARTESIAN_POINT('',(1.7,-21.4,-102.2958369439));
#10587 = VECTOR('',#10588,1.);
#10588 = DIRECTION('',(0.,1.,0.));
#10589 = PCURVE('',#5847,#10590);
#10590 = DEFINITIONAL_REPRESENTATION('',(#10591),#10595);
#10591 = LINE('',#10592,#10593);
#10592 = CARTESIAN_POINT('',(2.404163056034,0.));
#10593 = VECTOR('',#10594,1.);
#10594 = DIRECTION('',(0.,1.));
#10595 = ( GEOMETRIC_REPRESENTATION_CONTEXT(2) 
PARAMETRIC_REPRESENTATION_CONTEXT() REPRESENTATION_CONTEXT('2D SPACE',''
  ) );
#10596 = PCURVE('',#5823,#10597);
#10597 = DEFINITIONAL_REPRESENTATION('',(#10598),#10601);
#10598 = B_SPLINE_CURVE_WITH_KNOTS('',1,(#10599,#10600),.UNSPECIFIED.,
  .F.,.F.,(2,2),(0.,45.85),.PIECEWISE_BEZIER_KNOTS.);
#10599 = CARTESIAN_POINT('',(0.704163056034,0.));
#10600 = CARTESIAN_POINT('',(0.704163056034,-45.85));
#10601 = ( GEOMETRIC_REPRESENTATION_CONTEXT(2) 
PARAMETRIC_REPRESENTATION_CONTEXT() REPRESENTATION_CONTEXT('2D SPACE',''
  ) );
#10602 = ADVANCED_FACE('',(#10603),#5764,.T.);
#10603 = FACE_BOUND('',#10604,.T.);
#10604 = EDGE_LOOP('',(#10605,#10606,#10629,#10648));
#10605 = ORIENTED_EDGE('',*,*,#5749,.T.);
#10606 = ORIENTED_EDGE('',*,*,#10607,.T.);
#10607 = EDGE_CURVE('',#5750,#10608,#10610,.T.);
#10608 = VERTEX_POINT('',#10609);
#10609 = CARTESIAN_POINT('',(-1.7,-16.8,-103.));
#10610 = SURFACE_CURVE('',#10611,(#10615,#10622),.PCURVE_S1.);
#10611 = LINE('',#10612,#10613);
#10612 = CARTESIAN_POINT('',(-1.7,-21.4,-103.));
#10613 = VECTOR('',#10614,1.);
#10614 = DIRECTION('',(0.,1.,0.));
#10615 = PCURVE('',#5764,#10616);
#10616 = DEFINITIONAL_REPRESENTATION('',(#10617),#10621);
#10617 = LINE('',#10618,#10619);
#10618 = CARTESIAN_POINT('',(0.,0.));
#10619 = VECTOR('',#10620,1.);
#10620 = DIRECTION('',(0.,-1.));
#10621 = ( GEOMETRIC_REPRESENTATION_CONTEXT(2) 
PARAMETRIC_REPRESENTATION_CONTEXT() REPRESENTATION_CONTEXT('2D SPACE',''
  ) );
#10622 = PCURVE('',#5796,#10623);
#10623 = DEFINITIONAL_REPRESENTATION('',(#10624),#10628);
#10624 = LINE('',#10625,#10626);
#10625 = CARTESIAN_POINT('',(3.14159265359,45.85));
#10626 = VECTOR('',#10627,1.);
#10627 = DIRECTION('',(0.,-1.));
#10628 = ( GEOMETRIC_REPRESENTATION_CONTEXT(2) 
PARAMETRIC_REPRESENTATION_CONTEXT() REPRESENTATION_CONTEXT('2D SPACE',''
  ) );
#10629 = ORIENTED_EDGE('',*,*,#10630,.T.);
#10630 = EDGE_CURVE('',#10608,#10516,#10631,.T.);
#10631 = SURFACE_CURVE('',#10632,(#10636,#10642),.PCURVE_S1.);
#10632 = LINE('',#10633,#10634);
#10633 = CARTESIAN_POINT('',(-1.7,-16.8,-106.5));
#10634 = VECTOR('',#10635,1.);
#10635 = DIRECTION('',(-0.,2.22044604925E-16,1.));
#10636 = PCURVE('',#5764,#10637);
#10637 = DEFINITIONAL_REPRESENTATION('',(#10638),#10641);
#10638 = B_SPLINE_CURVE_WITH_KNOTS('',1,(#10639,#10640),.UNSPECIFIED.,
  .F.,.F.,(2,2),(3.5,4.204163056034),.PIECEWISE_BEZIER_KNOTS.);
#10639 = CARTESIAN_POINT('',(0.,-4.6));
#10640 = CARTESIAN_POINT('',(0.704163056034,-4.6));
#10641 = ( GEOMETRIC_REPRESENTATION_CONTEXT(2) 
PARAMETRIC_REPRESENTATION_CONTEXT() REPRESENTATION_CONTEXT('2D SPACE',''
  ) );
#10642 = PCURVE('',#6280,#10643);
#10643 = DEFINITIONAL_REPRESENTATION('',(#10644),#10647);
#10644 = B_SPLINE_CURVE_WITH_KNOTS('',1,(#10645,#10646),.UNSPECIFIED.,
  .F.,.F.,(2,2),(3.5,4.204163056034),.PIECEWISE_BEZIER_KNOTS.);
#10645 = CARTESIAN_POINT('',(-1.7,7.));
#10646 = CARTESIAN_POINT('',(-1.7,7.704163056034));
#10647 = ( GEOMETRIC_REPRESENTATION_CONTEXT(2) 
PARAMETRIC_REPRESENTATION_CONTEXT() REPRESENTATION_CONTEXT('2D SPACE',''
  ) );
#10648 = ORIENTED_EDGE('',*,*,#10515,.T.);
#10649 = ADVANCED_FACE('',(#10650),#5823,.F.);
#10650 = FACE_BOUND('',#10651,.F.);
#10651 = EDGE_LOOP('',(#10652,#10653,#10676,#10695));
#10652 = ORIENTED_EDGE('',*,*,#5808,.T.);
#10653 = ORIENTED_EDGE('',*,*,#10654,.F.);
#10654 = EDGE_CURVE('',#10655,#5776,#10657,.T.);
#10655 = VERTEX_POINT('',#10656);
#10656 = CARTESIAN_POINT('',(1.7,-16.8,-103.));
#10657 = SURFACE_CURVE('',#10658,(#10662,#10669),.PCURVE_S1.);
#10658 = LINE('',#10659,#10660);
#10659 = CARTESIAN_POINT('',(1.7,24.45,-103.));
#10660 = VECTOR('',#10661,1.);
#10661 = DIRECTION('',(0.,-1.,2.22044604925E-16));
#10662 = PCURVE('',#5823,#10663);
#10663 = DEFINITIONAL_REPRESENTATION('',(#10664),#10668);
#10664 = LINE('',#10665,#10666);
#10665 = CARTESIAN_POINT('',(-5.506752479616E-15,-45.85));
#10666 = VECTOR('',#10667,1.);
#10667 = DIRECTION('',(2.22044604925E-16,1.));
#10668 = ( GEOMETRIC_REPRESENTATION_CONTEXT(2) 
PARAMETRIC_REPRESENTATION_CONTEXT() REPRESENTATION_CONTEXT('2D SPACE',''
  ) );
#10669 = PCURVE('',#5796,#10670);
#10670 = DEFINITIONAL_REPRESENTATION('',(#10671),#10675);
#10671 = LINE('',#10672,#10673);
#10672 = CARTESIAN_POINT('',(6.28318530718,-0.));
#10673 = VECTOR('',#10674,1.);
#10674 = DIRECTION('',(0.,1.));
#10675 = ( GEOMETRIC_REPRESENTATION_CONTEXT(2) 
PARAMETRIC_REPRESENTATION_CONTEXT() REPRESENTATION_CONTEXT('2D SPACE',''
  ) );
#10676 = ORIENTED_EDGE('',*,*,#10677,.T.);
#10677 = EDGE_CURVE('',#10655,#10561,#10678,.T.);
#10678 = SURFACE_CURVE('',#10679,(#10683,#10689),.PCURVE_S1.);
#10679 = LINE('',#10680,#10681);
#10680 = CARTESIAN_POINT('',(1.7,-16.8,-106.5));
#10681 = VECTOR('',#10682,1.);
#10682 = DIRECTION('',(-0.,2.22044604925E-16,1.));
#10683 = PCURVE('',#5823,#10684);
#10684 = DEFINITIONAL_REPRESENTATION('',(#10685),#10688);
#10685 = B_SPLINE_CURVE_WITH_KNOTS('',1,(#10686,#10687),.UNSPECIFIED.,
  .F.,.F.,(2,2),(3.5,4.204163056034),.PIECEWISE_BEZIER_KNOTS.);
#10686 = CARTESIAN_POINT('',(-5.329070518201E-15,-4.6));
#10687 = CARTESIAN_POINT('',(0.704163056034,-4.6));
#10688 = ( GEOMETRIC_REPRESENTATION_CONTEXT(2) 
PARAMETRIC_REPRESENTATION_CONTEXT() REPRESENTATION_CONTEXT('2D SPACE',''
  ) );
#10689 = PCURVE('',#6280,#10690);
#10690 = DEFINITIONAL_REPRESENTATION('',(#10691),#10694);
#10691 = B_SPLINE_CURVE_WITH_KNOTS('',1,(#10692,#10693),.UNSPECIFIED.,
  .F.,.F.,(2,2),(3.5,4.204163056034),.PIECEWISE_BEZIER_KNOTS.);
#10692 = CARTESIAN_POINT('',(1.7,7.));
#10693 = CARTESIAN_POINT('',(1.7,7.704163056034));
#10694 = ( GEOMETRIC_REPRESENTATION_CONTEXT(2) 
PARAMETRIC_REPRESENTATION_CONTEXT() REPRESENTATION_CONTEXT('2D SPACE',''
  ) );
#10695 = ORIENTED_EDGE('',*,*,#10583,.F.);
#10696 = ADVANCED_FACE('',(#10697),#5796,.F.);
#10697 = FACE_BOUND('',#10698,.F.);
#10698 = EDGE_LOOP('',(#10699,#10700,#10701,#10723));
#10699 = ORIENTED_EDGE('',*,*,#5775,.F.);
#10700 = ORIENTED_EDGE('',*,*,#10607,.T.);
#10701 = ORIENTED_EDGE('',*,*,#10702,.T.);
#10702 = EDGE_CURVE('',#10608,#10655,#10703,.T.);
#10703 = SURFACE_CURVE('',#10704,(#10709,#10716),.PCURVE_S1.);
#10704 = CIRCLE('',#10705,1.7);
#10705 = AXIS2_PLACEMENT_3D('',#10706,#10707,#10708);
#10706 = CARTESIAN_POINT('',(0.,-16.8,-103.));
#10707 = DIRECTION('',(0.,-1.,2.22044604925E-16));
#10708 = DIRECTION('',(1.,0.,0.));
#10709 = PCURVE('',#5796,#10710);
#10710 = DEFINITIONAL_REPRESENTATION('',(#10711),#10715);
#10711 = LINE('',#10712,#10713);
#10712 = CARTESIAN_POINT('',(0.,41.25));
#10713 = VECTOR('',#10714,1.);
#10714 = DIRECTION('',(1.,0.));
#10715 = ( GEOMETRIC_REPRESENTATION_CONTEXT(2) 
PARAMETRIC_REPRESENTATION_CONTEXT() REPRESENTATION_CONTEXT('2D SPACE',''
  ) );
#10716 = PCURVE('',#6280,#10717);
#10717 = DEFINITIONAL_REPRESENTATION('',(#10718),#10722);
#10718 = CIRCLE('',#10719,1.7);
#10719 = AXIS2_PLACEMENT_2D('',#10720,#10721);
#10720 = CARTESIAN_POINT('',(0.,7.));
#10721 = DIRECTION('',(1.,0.));
#10722 = ( GEOMETRIC_REPRESENTATION_CONTEXT(2) 
PARAMETRIC_REPRESENTATION_CONTEXT() REPRESENTATION_CONTEXT('2D SPACE',''
  ) );
#10723 = ORIENTED_EDGE('',*,*,#10654,.T.);
#10724 = ADVANCED_FACE('',(#10725),#5877,.F.);
#10725 = FACE_BOUND('',#10726,.F.);
#10726 = EDGE_LOOP('',(#10727,#10750,#10771,#10772));
#10727 = ORIENTED_EDGE('',*,*,#10728,.T.);
#10728 = EDGE_CURVE('',#10729,#10731,#10733,.T.);
#10729 = VERTEX_POINT('',#10730);
#10730 = CARTESIAN_POINT('',(-6.295836943966,-16.8,-108.3));
#10731 = VERTEX_POINT('',#10732);
#10732 = CARTESIAN_POINT('',(-7.704163056034,-16.8,-108.3));
#10733 = SURFACE_CURVE('',#10734,(#10738,#10744),.PCURVE_S1.);
#10734 = LINE('',#10735,#10736);
#10735 = CARTESIAN_POINT('',(-4.35,-16.8,-108.3));
#10736 = VECTOR('',#10737,1.);
#10737 = DIRECTION('',(-1.,0.,0.));
#10738 = PCURVE('',#5877,#10739);
#10739 = DEFINITIONAL_REPRESENTATION('',(#10740),#10743);
#10740 = B_SPLINE_CURVE_WITH_KNOTS('',1,(#10741,#10742),.UNSPECIFIED.,
  .F.,.F.,(2,2),(1.945836943966,3.354163056034),
  .PIECEWISE_BEZIER_KNOTS.);
#10741 = CARTESIAN_POINT('',(2.404163056034,4.6));
#10742 = CARTESIAN_POINT('',(0.995836943966,4.6));
#10743 = ( GEOMETRIC_REPRESENTATION_CONTEXT(2) 
PARAMETRIC_REPRESENTATION_CONTEXT() REPRESENTATION_CONTEXT('2D SPACE',''
  ) );
#10744 = PCURVE('',#6280,#10745);
#10745 = DEFINITIONAL_REPRESENTATION('',(#10746),#10749);
#10746 = B_SPLINE_CURVE_WITH_KNOTS('',1,(#10747,#10748),.UNSPECIFIED.,
  .F.,.F.,(2,2),(1.945836943966,3.354163056034),
  .PIECEWISE_BEZIER_KNOTS.);
#10747 = CARTESIAN_POINT('',(-6.295836943966,1.7));
#10748 = CARTESIAN_POINT('',(-7.704163056034,1.7));
#10749 = ( GEOMETRIC_REPRESENTATION_CONTEXT(2) 
PARAMETRIC_REPRESENTATION_CONTEXT() REPRESENTATION_CONTEXT('2D SPACE',''
  ) );
#10750 = ORIENTED_EDGE('',*,*,#10751,.T.);
#10751 = EDGE_CURVE('',#10731,#5861,#10752,.T.);
#10752 = SURFACE_CURVE('',#10753,(#10757,#10764),.PCURVE_S1.);
#10753 = LINE('',#10754,#10755);
#10754 = CARTESIAN_POINT('',(-7.704163056034,-21.4,-108.3));
#10755 = VECTOR('',#10756,1.);
#10756 = DIRECTION('',(0.,-1.,0.));
#10757 = PCURVE('',#5877,#10758);
#10758 = DEFINITIONAL_REPRESENTATION('',(#10759),#10763);
#10759 = LINE('',#10760,#10761);
#10760 = CARTESIAN_POINT('',(0.995836943966,0.));
#10761 = VECTOR('',#10762,1.);
#10762 = DIRECTION('',(0.,-1.));
#10763 = ( GEOMETRIC_REPRESENTATION_CONTEXT(2) 
PARAMETRIC_REPRESENTATION_CONTEXT() REPRESENTATION_CONTEXT('2D SPACE',''
  ) );
#10764 = PCURVE('',#5903,#10765);
#10765 = DEFINITIONAL_REPRESENTATION('',(#10766),#10770);
#10766 = LINE('',#10767,#10768);
#10767 = CARTESIAN_POINT('',(2.404163056034,0.));
#10768 = VECTOR('',#10769,1.);
#10769 = DIRECTION('',(0.,1.));
#10770 = ( GEOMETRIC_REPRESENTATION_CONTEXT(2) 
PARAMETRIC_REPRESENTATION_CONTEXT() REPRESENTATION_CONTEXT('2D SPACE',''
  ) );
#10771 = ORIENTED_EDGE('',*,*,#5860,.T.);
#10772 = ORIENTED_EDGE('',*,*,#10773,.F.);
#10773 = EDGE_CURVE('',#10729,#5863,#10774,.T.);
#10774 = SURFACE_CURVE('',#10775,(#10779,#10786),.PCURVE_S1.);
#10775 = LINE('',#10776,#10777);
#10776 = CARTESIAN_POINT('',(-6.295836943966,-21.4,-108.3));
#10777 = VECTOR('',#10778,1.);
#10778 = DIRECTION('',(0.,-1.,0.));
#10779 = PCURVE('',#5877,#10780);
#10780 = DEFINITIONAL_REPRESENTATION('',(#10781),#10785);
#10781 = LINE('',#10782,#10783);
#10782 = CARTESIAN_POINT('',(2.404163056034,0.));
#10783 = VECTOR('',#10784,1.);
#10784 = DIRECTION('',(0.,-1.));
#10785 = ( GEOMETRIC_REPRESENTATION_CONTEXT(2) 
PARAMETRIC_REPRESENTATION_CONTEXT() REPRESENTATION_CONTEXT('2D SPACE',''
  ) );
#10786 = PCURVE('',#6012,#10787);
#10787 = DEFINITIONAL_REPRESENTATION('',(#10788),#10792);
#10788 = LINE('',#10789,#10790);
#10789 = CARTESIAN_POINT('',(0.995836943966,0.));
#10790 = VECTOR('',#10791,1.);
#10791 = DIRECTION('',(0.,-1.));
#10792 = ( GEOMETRIC_REPRESENTATION_CONTEXT(2) 
PARAMETRIC_REPRESENTATION_CONTEXT() REPRESENTATION_CONTEXT('2D SPACE',''
  ) );
#10793 = ADVANCED_FACE('',(#10794),#5903,.T.);
#10794 = FACE_BOUND('',#10795,.T.);
#10795 = EDGE_LOOP('',(#10796,#10797,#10819,#10838));
#10796 = ORIENTED_EDGE('',*,*,#5888,.T.);
#10797 = ORIENTED_EDGE('',*,*,#10798,.F.);
#10798 = EDGE_CURVE('',#10799,#5889,#10801,.T.);
#10799 = VERTEX_POINT('',#10800);
#10800 = CARTESIAN_POINT('',(-8.7,-16.8,-109.2958369439));
#10801 = SURFACE_CURVE('',#10802,(#10806,#10813),.PCURVE_S1.);
#10802 = LINE('',#10803,#10804);
#10803 = CARTESIAN_POINT('',(-8.7,-21.4,-109.2958369439));
#10804 = VECTOR('',#10805,1.);
#10805 = DIRECTION('',(0.,-1.,0.));
#10806 = PCURVE('',#5903,#10807);
#10807 = DEFINITIONAL_REPRESENTATION('',(#10808),#10812);
#10808 = LINE('',#10809,#10810);
#10809 = CARTESIAN_POINT('',(0.995836943966,0.));
#10810 = VECTOR('',#10811,1.);
#10811 = DIRECTION('',(0.,1.));
#10812 = ( GEOMETRIC_REPRESENTATION_CONTEXT(2) 
PARAMETRIC_REPRESENTATION_CONTEXT() REPRESENTATION_CONTEXT('2D SPACE',''
  ) );
#10813 = PCURVE('',#5929,#10814);
#10814 = DEFINITIONAL_REPRESENTATION('',(#10815),#10818);
#10815 = B_SPLINE_CURVE_WITH_KNOTS('',1,(#10816,#10817),.UNSPECIFIED.,
  .F.,.F.,(2,2),(-45.85,0.),.PIECEWISE_BEZIER_KNOTS.);
#10816 = CARTESIAN_POINT('',(0.704163056034,-45.85));
#10817 = CARTESIAN_POINT('',(0.704163056034,0.));
#10818 = ( GEOMETRIC_REPRESENTATION_CONTEXT(2) 
PARAMETRIC_REPRESENTATION_CONTEXT() REPRESENTATION_CONTEXT('2D SPACE',''
  ) );
#10819 = ORIENTED_EDGE('',*,*,#10820,.T.);
#10820 = EDGE_CURVE('',#10799,#10731,#10821,.T.);
#10821 = SURFACE_CURVE('',#10822,(#10826,#10832),.PCURVE_S1.);
#10822 = LINE('',#10823,#10824);
#10823 = CARTESIAN_POINT('',(-7.053122292026,-16.8,-107.6489592359));
#10824 = VECTOR('',#10825,1.);
#10825 = DIRECTION('',(0.707106781187,1.570092458684E-16,0.707106781187)
  );
#10826 = PCURVE('',#5903,#10827);
#10827 = DEFINITIONAL_REPRESENTATION('',(#10828),#10831);
#10828 = B_SPLINE_CURVE_WITH_KNOTS('',1,(#10829,#10830),.UNSPECIFIED.,
  .F.,.F.,(2,2),(-2.329036790187,-0.920710678119),
  .PIECEWISE_BEZIER_KNOTS.);
#10829 = CARTESIAN_POINT('',(0.995836943966,-4.6));
#10830 = CARTESIAN_POINT('',(2.404163056034,-4.6));
#10831 = ( GEOMETRIC_REPRESENTATION_CONTEXT(2) 
PARAMETRIC_REPRESENTATION_CONTEXT() REPRESENTATION_CONTEXT('2D SPACE',''
  ) );
#10832 = PCURVE('',#6280,#10833);
#10833 = DEFINITIONAL_REPRESENTATION('',(#10834),#10837);
#10834 = B_SPLINE_CURVE_WITH_KNOTS('',1,(#10835,#10836),.UNSPECIFIED.,
  .F.,.F.,(2,2),(-2.329036790187,-0.920710678119),
  .PIECEWISE_BEZIER_KNOTS.);
#10835 = CARTESIAN_POINT('',(-8.7,0.704163056034));
#10836 = CARTESIAN_POINT('',(-7.704163056034,1.7));
#10837 = ( GEOMETRIC_REPRESENTATION_CONTEXT(2) 
PARAMETRIC_REPRESENTATION_CONTEXT() REPRESENTATION_CONTEXT('2D SPACE',''
  ) );
#10838 = ORIENTED_EDGE('',*,*,#10751,.T.);
#10839 = ADVANCED_FACE('',(#10840),#6012,.F.);
#10840 = FACE_BOUND('',#10841,.F.);
#10841 = EDGE_LOOP('',(#10842,#10863,#10864,#10865));
#10842 = ORIENTED_EDGE('',*,*,#10843,.T.);
#10843 = EDGE_CURVE('',#10844,#10729,#10846,.T.);
#10844 = VERTEX_POINT('',#10845);
#10845 = CARTESIAN_POINT('',(-5.3,-16.8,-109.2958369439));
#10846 = SURFACE_CURVE('',#10847,(#10851,#10857),.PCURVE_S1.);
#10847 = LINE('',#10848,#10849);
#10848 = CARTESIAN_POINT('',(-4.648959235991,-16.8,-109.9468777079));
#10849 = VECTOR('',#10850,1.);
#10850 = DIRECTION('',(-0.707106781187,1.570092458684E-16,0.707106781187
    ));
#10851 = PCURVE('',#6012,#10852);
#10852 = DEFINITIONAL_REPRESENTATION('',(#10853),#10856);
#10853 = B_SPLINE_CURVE_WITH_KNOTS('',1,(#10854,#10855),.UNSPECIFIED.,
  .F.,.F.,(2,2),(0.920710678119,2.329036790187),
  .PIECEWISE_BEZIER_KNOTS.);
#10854 = CARTESIAN_POINT('',(2.404163056034,4.6));
#10855 = CARTESIAN_POINT('',(0.995836943966,4.6));
#10856 = ( GEOMETRIC_REPRESENTATION_CONTEXT(2) 
PARAMETRIC_REPRESENTATION_CONTEXT() REPRESENTATION_CONTEXT('2D SPACE',''
  ) );
#10857 = PCURVE('',#6280,#10858);
#10858 = DEFINITIONAL_REPRESENTATION('',(#10859),#10862);
#10859 = B_SPLINE_CURVE_WITH_KNOTS('',1,(#10860,#10861),.UNSPECIFIED.,
  .F.,.F.,(2,2),(0.920710678119,2.329036790187),
  .PIECEWISE_BEZIER_KNOTS.);
#10860 = CARTESIAN_POINT('',(-5.3,0.704163056034));
#10861 = CARTESIAN_POINT('',(-6.295836943966,1.7));
#10862 = ( GEOMETRIC_REPRESENTATION_CONTEXT(2) 
PARAMETRIC_REPRESENTATION_CONTEXT() REPRESENTATION_CONTEXT('2D SPACE',''
  ) );
#10863 = ORIENTED_EDGE('',*,*,#10773,.T.);
#10864 = ORIENTED_EDGE('',*,*,#5999,.T.);
#10865 = ORIENTED_EDGE('',*,*,#10866,.T.);
#10866 = EDGE_CURVE('',#5974,#10844,#10867,.T.);
#10867 = SURFACE_CURVE('',#10868,(#10872,#10879),.PCURVE_S1.);
#10868 = LINE('',#10869,#10870);
#10869 = CARTESIAN_POINT('',(-5.3,-21.4,-109.2958369439));
#10870 = VECTOR('',#10871,1.);
#10871 = DIRECTION('',(0.,1.,0.));
#10872 = PCURVE('',#6012,#10873);
#10873 = DEFINITIONAL_REPRESENTATION('',(#10874),#10878);
#10874 = LINE('',#10875,#10876);
#10875 = CARTESIAN_POINT('',(2.404163056034,0.));
#10876 = VECTOR('',#10877,1.);
#10877 = DIRECTION('',(0.,1.));
#10878 = ( GEOMETRIC_REPRESENTATION_CONTEXT(2) 
PARAMETRIC_REPRESENTATION_CONTEXT() REPRESENTATION_CONTEXT('2D SPACE',''
  ) );
#10879 = PCURVE('',#5988,#10880);
#10880 = DEFINITIONAL_REPRESENTATION('',(#10881),#10884);
#10881 = B_SPLINE_CURVE_WITH_KNOTS('',1,(#10882,#10883),.UNSPECIFIED.,
  .F.,.F.,(2,2),(0.,45.85),.PIECEWISE_BEZIER_KNOTS.);
#10882 = CARTESIAN_POINT('',(0.704163056034,0.));
#10883 = CARTESIAN_POINT('',(0.704163056034,-45.85));
#10884 = ( GEOMETRIC_REPRESENTATION_CONTEXT(2) 
PARAMETRIC_REPRESENTATION_CONTEXT() REPRESENTATION_CONTEXT('2D SPACE',''
  ) );
#10885 = ADVANCED_FACE('',(#10886),#5929,.T.);
#10886 = FACE_BOUND('',#10887,.T.);
#10887 = EDGE_LOOP('',(#10888,#10889,#10912,#10931));
#10888 = ORIENTED_EDGE('',*,*,#5914,.T.);
#10889 = ORIENTED_EDGE('',*,*,#10890,.T.);
#10890 = EDGE_CURVE('',#5915,#10891,#10893,.T.);
#10891 = VERTEX_POINT('',#10892);
#10892 = CARTESIAN_POINT('',(-8.7,-16.8,-110.));
#10893 = SURFACE_CURVE('',#10894,(#10898,#10905),.PCURVE_S1.);
#10894 = LINE('',#10895,#10896);
#10895 = CARTESIAN_POINT('',(-8.7,-21.4,-110.));
#10896 = VECTOR('',#10897,1.);
#10897 = DIRECTION('',(0.,1.,0.));
#10898 = PCURVE('',#5929,#10899);
#10899 = DEFINITIONAL_REPRESENTATION('',(#10900),#10904);
#10900 = LINE('',#10901,#10902);
#10901 = CARTESIAN_POINT('',(0.,0.));
#10902 = VECTOR('',#10903,1.);
#10903 = DIRECTION('',(0.,-1.));
#10904 = ( GEOMETRIC_REPRESENTATION_CONTEXT(2) 
PARAMETRIC_REPRESENTATION_CONTEXT() REPRESENTATION_CONTEXT('2D SPACE',''
  ) );
#10905 = PCURVE('',#5961,#10906);
#10906 = DEFINITIONAL_REPRESENTATION('',(#10907),#10911);
#10907 = LINE('',#10908,#10909);
#10908 = CARTESIAN_POINT('',(3.14159265359,45.85));
#10909 = VECTOR('',#10910,1.);
#10910 = DIRECTION('',(0.,-1.));
#10911 = ( GEOMETRIC_REPRESENTATION_CONTEXT(2) 
PARAMETRIC_REPRESENTATION_CONTEXT() REPRESENTATION_CONTEXT('2D SPACE',''
  ) );
#10912 = ORIENTED_EDGE('',*,*,#10913,.T.);
#10913 = EDGE_CURVE('',#10891,#10799,#10914,.T.);
#10914 = SURFACE_CURVE('',#10915,(#10919,#10925),.PCURVE_S1.);
#10915 = LINE('',#10916,#10917);
#10916 = CARTESIAN_POINT('',(-8.7,-16.8,-110.));
#10917 = VECTOR('',#10918,1.);
#10918 = DIRECTION('',(-0.,2.22044604925E-16,1.));
#10919 = PCURVE('',#5929,#10920);
#10920 = DEFINITIONAL_REPRESENTATION('',(#10921),#10924);
#10921 = B_SPLINE_CURVE_WITH_KNOTS('',1,(#10922,#10923),.UNSPECIFIED.,
  .F.,.F.,(2,2),(0.,0.704163056034),.PIECEWISE_BEZIER_KNOTS.);
#10922 = CARTESIAN_POINT('',(0.,-4.6));
#10923 = CARTESIAN_POINT('',(0.704163056034,-4.6));
#10924 = ( GEOMETRIC_REPRESENTATION_CONTEXT(2) 
PARAMETRIC_REPRESENTATION_CONTEXT() REPRESENTATION_CONTEXT('2D SPACE',''
  ) );
#10925 = PCURVE('',#6280,#10926);
#10926 = DEFINITIONAL_REPRESENTATION('',(#10927),#10930);
#10927 = B_SPLINE_CURVE_WITH_KNOTS('',1,(#10928,#10929),.UNSPECIFIED.,
  .F.,.F.,(2,2),(0.,0.704163056034),.PIECEWISE_BEZIER_KNOTS.);
#10928 = CARTESIAN_POINT('',(-8.7,0.));
#10929 = CARTESIAN_POINT('',(-8.7,0.704163056034));
#10930 = ( GEOMETRIC_REPRESENTATION_CONTEXT(2) 
PARAMETRIC_REPRESENTATION_CONTEXT() REPRESENTATION_CONTEXT('2D SPACE',''
  ) );
#10931 = ORIENTED_EDGE('',*,*,#10798,.T.);
#10932 = ADVANCED_FACE('',(#10933),#5988,.F.);
#10933 = FACE_BOUND('',#10934,.F.);
#10934 = EDGE_LOOP('',(#10935,#10936,#10959,#10978));
#10935 = ORIENTED_EDGE('',*,*,#5973,.T.);
#10936 = ORIENTED_EDGE('',*,*,#10937,.F.);
#10937 = EDGE_CURVE('',#10938,#5941,#10940,.T.);
#10938 = VERTEX_POINT('',#10939);
#10939 = CARTESIAN_POINT('',(-5.3,-16.8,-110.));
#10940 = SURFACE_CURVE('',#10941,(#10945,#10952),.PCURVE_S1.);
#10941 = LINE('',#10942,#10943);
#10942 = CARTESIAN_POINT('',(-5.3,24.45,-110.));
#10943 = VECTOR('',#10944,1.);
#10944 = DIRECTION('',(0.,-1.,2.22044604925E-16));
#10945 = PCURVE('',#5988,#10946);
#10946 = DEFINITIONAL_REPRESENTATION('',(#10947),#10951);
#10947 = LINE('',#10948,#10949);
#10948 = CARTESIAN_POINT('',(-5.506752479616E-15,-45.85));
#10949 = VECTOR('',#10950,1.);
#10950 = DIRECTION('',(2.22044604925E-16,1.));
#10951 = ( GEOMETRIC_REPRESENTATION_CONTEXT(2) 
PARAMETRIC_REPRESENTATION_CONTEXT() REPRESENTATION_CONTEXT('2D SPACE',''
  ) );
#10952 = PCURVE('',#5961,#10953);
#10953 = DEFINITIONAL_REPRESENTATION('',(#10954),#10958);
#10954 = LINE('',#10955,#10956);
#10955 = CARTESIAN_POINT('',(6.28318530718,-0.));
#10956 = VECTOR('',#10957,1.);
#10957 = DIRECTION('',(0.,1.));
#10958 = ( GEOMETRIC_REPRESENTATION_CONTEXT(2) 
PARAMETRIC_REPRESENTATION_CONTEXT() REPRESENTATION_CONTEXT('2D SPACE',''
  ) );
#10959 = ORIENTED_EDGE('',*,*,#10960,.T.);
#10960 = EDGE_CURVE('',#10938,#10844,#10961,.T.);
#10961 = SURFACE_CURVE('',#10962,(#10966,#10972),.PCURVE_S1.);
#10962 = LINE('',#10963,#10964);
#10963 = CARTESIAN_POINT('',(-5.3,-16.8,-110.));
#10964 = VECTOR('',#10965,1.);
#10965 = DIRECTION('',(-0.,2.22044604925E-16,1.));
#10966 = PCURVE('',#5988,#10967);
#10967 = DEFINITIONAL_REPRESENTATION('',(#10968),#10971);
#10968 = B_SPLINE_CURVE_WITH_KNOTS('',1,(#10969,#10970),.UNSPECIFIED.,
  .F.,.F.,(2,2),(-5.506752479616E-15,0.704163056034),
  .PIECEWISE_BEZIER_KNOTS.);
#10969 = CARTESIAN_POINT('',(-5.506752479616E-15,-4.6));
#10970 = CARTESIAN_POINT('',(0.704163056034,-4.6));
#10971 = ( GEOMETRIC_REPRESENTATION_CONTEXT(2) 
PARAMETRIC_REPRESENTATION_CONTEXT() REPRESENTATION_CONTEXT('2D SPACE',''
  ) );
#10972 = PCURVE('',#6280,#10973);
#10973 = DEFINITIONAL_REPRESENTATION('',(#10974),#10977);
#10974 = B_SPLINE_CURVE_WITH_KNOTS('',1,(#10975,#10976),.UNSPECIFIED.,
  .F.,.F.,(2,2),(-5.506752479616E-15,0.704163056034),
  .PIECEWISE_BEZIER_KNOTS.);
#10975 = CARTESIAN_POINT('',(-5.3,-5.506752479616E-15));
#10976 = CARTESIAN_POINT('',(-5.3,0.704163056034));
#10977 = ( GEOMETRIC_REPRESENTATION_CONTEXT(2) 
PARAMETRIC_REPRESENTATION_CONTEXT() REPRESENTATION_CONTEXT('2D SPACE',''
  ) );
#10978 = ORIENTED_EDGE('',*,*,#10866,.F.);
#10979 = ADVANCED_FACE('',(#10980),#5961,.F.);
#10980 = FACE_BOUND('',#10981,.F.);
#10981 = EDGE_LOOP('',(#10982,#10983,#10984,#11006));
#10982 = ORIENTED_EDGE('',*,*,#5940,.F.);
#10983 = ORIENTED_EDGE('',*,*,#10890,.T.);
#10984 = ORIENTED_EDGE('',*,*,#10985,.T.);
#10985 = EDGE_CURVE('',#10891,#10938,#10986,.T.);
#10986 = SURFACE_CURVE('',#10987,(#10992,#10999),.PCURVE_S1.);
#10987 = CIRCLE('',#10988,1.7);
#10988 = AXIS2_PLACEMENT_3D('',#10989,#10990,#10991);
#10989 = CARTESIAN_POINT('',(-7.,-16.8,-110.));
#10990 = DIRECTION('',(0.,-1.,2.22044604925E-16));
#10991 = DIRECTION('',(1.,0.,0.));
#10992 = PCURVE('',#5961,#10993);
#10993 = DEFINITIONAL_REPRESENTATION('',(#10994),#10998);
#10994 = LINE('',#10995,#10996);
#10995 = CARTESIAN_POINT('',(0.,41.25));
#10996 = VECTOR('',#10997,1.);
#10997 = DIRECTION('',(1.,0.));
#10998 = ( GEOMETRIC_REPRESENTATION_CONTEXT(2) 
PARAMETRIC_REPRESENTATION_CONTEXT() REPRESENTATION_CONTEXT('2D SPACE',''
  ) );
#10999 = PCURVE('',#6280,#11000);
#11000 = DEFINITIONAL_REPRESENTATION('',(#11001),#11005);
#11001 = CIRCLE('',#11002,1.7);
#11002 = AXIS2_PLACEMENT_2D('',#11003,#11004);
#11003 = CARTESIAN_POINT('',(-7.,1.42108547152E-14));
#11004 = DIRECTION('',(1.,0.));
#11005 = ( GEOMETRIC_REPRESENTATION_CONTEXT(2) 
PARAMETRIC_REPRESENTATION_CONTEXT() REPRESENTATION_CONTEXT('2D SPACE',''
  ) );
#11006 = ORIENTED_EDGE('',*,*,#10937,.T.);
#11007 = ADVANCED_FACE('',(#11008),#6042,.F.);
#11008 = FACE_BOUND('',#11009,.F.);
#11009 = EDGE_LOOP('',(#11010,#11033,#11054,#11055));
#11010 = ORIENTED_EDGE('',*,*,#11011,.T.);
#11011 = EDGE_CURVE('',#11012,#11014,#11016,.T.);
#11012 = VERTEX_POINT('',#11013);
#11013 = CARTESIAN_POINT('',(0.704163056034,-16.8,-115.3));
#11014 = VERTEX_POINT('',#11015);
#11015 = CARTESIAN_POINT('',(-0.704163056034,-16.8,-115.3));
#11016 = SURFACE_CURVE('',#11017,(#11021,#11027),.PCURVE_S1.);
#11017 = LINE('',#11018,#11019);
#11018 = CARTESIAN_POINT('',(-0.85,-16.8,-115.3));
#11019 = VECTOR('',#11020,1.);
#11020 = DIRECTION('',(-1.,0.,0.));
#11021 = PCURVE('',#6042,#11022);
#11022 = DEFINITIONAL_REPRESENTATION('',(#11023),#11026);
#11023 = B_SPLINE_CURVE_WITH_KNOTS('',1,(#11024,#11025),.UNSPECIFIED.,
  .F.,.F.,(2,2),(-1.554163056034,-0.145836943966),
  .PIECEWISE_BEZIER_KNOTS.);
#11024 = CARTESIAN_POINT('',(2.404163056034,4.6));
#11025 = CARTESIAN_POINT('',(0.995836943966,4.6));
#11026 = ( GEOMETRIC_REPRESENTATION_CONTEXT(2) 
PARAMETRIC_REPRESENTATION_CONTEXT() REPRESENTATION_CONTEXT('2D SPACE',''
  ) );
#11027 = PCURVE('',#6280,#11028);
#11028 = DEFINITIONAL_REPRESENTATION('',(#11029),#11032);
#11029 = B_SPLINE_CURVE_WITH_KNOTS('',1,(#11030,#11031),.UNSPECIFIED.,
  .F.,.F.,(2,2),(-1.554163056034,-0.145836943966),
  .PIECEWISE_BEZIER_KNOTS.);
#11030 = CARTESIAN_POINT('',(0.704163056034,-5.3));
#11031 = CARTESIAN_POINT('',(-0.704163056034,-5.3));
#11032 = ( GEOMETRIC_REPRESENTATION_CONTEXT(2) 
PARAMETRIC_REPRESENTATION_CONTEXT() REPRESENTATION_CONTEXT('2D SPACE',''
  ) );
#11033 = ORIENTED_EDGE('',*,*,#11034,.T.);
#11034 = EDGE_CURVE('',#11014,#6026,#11035,.T.);
#11035 = SURFACE_CURVE('',#11036,(#11040,#11047),.PCURVE_S1.);
#11036 = LINE('',#11037,#11038);
#11037 = CARTESIAN_POINT('',(-0.704163056034,-21.4,-115.3));
#11038 = VECTOR('',#11039,1.);
#11039 = DIRECTION('',(0.,-1.,0.));
#11040 = PCURVE('',#6042,#11041);
#11041 = DEFINITIONAL_REPRESENTATION('',(#11042),#11046);
#11042 = LINE('',#11043,#11044);
#11043 = CARTESIAN_POINT('',(0.995836943966,0.));
#11044 = VECTOR('',#11045,1.);
#11045 = DIRECTION('',(0.,-1.));
#11046 = ( GEOMETRIC_REPRESENTATION_CONTEXT(2) 
PARAMETRIC_REPRESENTATION_CONTEXT() REPRESENTATION_CONTEXT('2D SPACE',''
  ) );
#11047 = PCURVE('',#6068,#11048);
#11048 = DEFINITIONAL_REPRESENTATION('',(#11049),#11053);
#11049 = LINE('',#11050,#11051);
#11050 = CARTESIAN_POINT('',(2.404163056034,0.));
#11051 = VECTOR('',#11052,1.);
#11052 = DIRECTION('',(0.,1.));
#11053 = ( GEOMETRIC_REPRESENTATION_CONTEXT(2) 
PARAMETRIC_REPRESENTATION_CONTEXT() REPRESENTATION_CONTEXT('2D SPACE',''
  ) );
#11054 = ORIENTED_EDGE('',*,*,#6025,.T.);
#11055 = ORIENTED_EDGE('',*,*,#11056,.F.);
#11056 = EDGE_CURVE('',#11012,#6028,#11057,.T.);
#11057 = SURFACE_CURVE('',#11058,(#11062,#11069),.PCURVE_S1.);
#11058 = LINE('',#11059,#11060);
#11059 = CARTESIAN_POINT('',(0.704163056034,-21.4,-115.3));
#11060 = VECTOR('',#11061,1.);
#11061 = DIRECTION('',(0.,-1.,0.));
#11062 = PCURVE('',#6042,#11063);
#11063 = DEFINITIONAL_REPRESENTATION('',(#11064),#11068);
#11064 = LINE('',#11065,#11066);
#11065 = CARTESIAN_POINT('',(2.404163056034,0.));
#11066 = VECTOR('',#11067,1.);
#11067 = DIRECTION('',(0.,-1.));
#11068 = ( GEOMETRIC_REPRESENTATION_CONTEXT(2) 
PARAMETRIC_REPRESENTATION_CONTEXT() REPRESENTATION_CONTEXT('2D SPACE',''
  ) );
#11069 = PCURVE('',#6177,#11070);
#11070 = DEFINITIONAL_REPRESENTATION('',(#11071),#11075);
#11071 = LINE('',#11072,#11073);
#11072 = CARTESIAN_POINT('',(0.995836943966,0.));
#11073 = VECTOR('',#11074,1.);
#11074 = DIRECTION('',(0.,-1.));
#11075 = ( GEOMETRIC_REPRESENTATION_CONTEXT(2) 
PARAMETRIC_REPRESENTATION_CONTEXT() REPRESENTATION_CONTEXT('2D SPACE',''
  ) );
#11076 = ADVANCED_FACE('',(#11077),#6068,.T.);
#11077 = FACE_BOUND('',#11078,.T.);
#11078 = EDGE_LOOP('',(#11079,#11080,#11102,#11121));
#11079 = ORIENTED_EDGE('',*,*,#6053,.T.);
#11080 = ORIENTED_EDGE('',*,*,#11081,.F.);
#11081 = EDGE_CURVE('',#11082,#6054,#11084,.T.);
#11082 = VERTEX_POINT('',#11083);
#11083 = CARTESIAN_POINT('',(-1.7,-16.8,-116.2958369439));
#11084 = SURFACE_CURVE('',#11085,(#11089,#11096),.PCURVE_S1.);
#11085 = LINE('',#11086,#11087);
#11086 = CARTESIAN_POINT('',(-1.7,-21.4,-116.2958369439));
#11087 = VECTOR('',#11088,1.);
#11088 = DIRECTION('',(0.,-1.,0.));
#11089 = PCURVE('',#6068,#11090);
#11090 = DEFINITIONAL_REPRESENTATION('',(#11091),#11095);
#11091 = LINE('',#11092,#11093);
#11092 = CARTESIAN_POINT('',(0.995836943966,0.));
#11093 = VECTOR('',#11094,1.);
#11094 = DIRECTION('',(0.,1.));
#11095 = ( GEOMETRIC_REPRESENTATION_CONTEXT(2) 
PARAMETRIC_REPRESENTATION_CONTEXT() REPRESENTATION_CONTEXT('2D SPACE',''
  ) );
#11096 = PCURVE('',#6094,#11097);
#11097 = DEFINITIONAL_REPRESENTATION('',(#11098),#11101);
#11098 = B_SPLINE_CURVE_WITH_KNOTS('',1,(#11099,#11100),.UNSPECIFIED.,
  .F.,.F.,(2,2),(-45.85,0.),.PIECEWISE_BEZIER_KNOTS.);
#11099 = CARTESIAN_POINT('',(0.704163056034,-45.85));
#11100 = CARTESIAN_POINT('',(0.704163056034,0.));
#11101 = ( GEOMETRIC_REPRESENTATION_CONTEXT(2) 
PARAMETRIC_REPRESENTATION_CONTEXT() REPRESENTATION_CONTEXT('2D SPACE',''
  ) );
#11102 = ORIENTED_EDGE('',*,*,#11103,.T.);
#11103 = EDGE_CURVE('',#11082,#11014,#11104,.T.);
#11104 = SURFACE_CURVE('',#11105,(#11109,#11115),.PCURVE_S1.);
#11105 = LINE('',#11106,#11107);
#11106 = CARTESIAN_POINT('',(-5.31222920257E-02,-16.8,-114.6489592359));
#11107 = VECTOR('',#11108,1.);
#11108 = DIRECTION('',(0.707106781187,1.570092458684E-16,0.707106781187)
  );
#11109 = PCURVE('',#6068,#11110);
#11110 = DEFINITIONAL_REPRESENTATION('',(#11111),#11114);
#11111 = B_SPLINE_CURVE_WITH_KNOTS('',1,(#11112,#11113),.UNSPECIFIED.,
  .F.,.F.,(2,2),(-2.329036790187,-0.920710678119),
  .PIECEWISE_BEZIER_KNOTS.);
#11112 = CARTESIAN_POINT('',(0.995836943966,-4.6));
#11113 = CARTESIAN_POINT('',(2.404163056034,-4.6));
#11114 = ( GEOMETRIC_REPRESENTATION_CONTEXT(2) 
PARAMETRIC_REPRESENTATION_CONTEXT() REPRESENTATION_CONTEXT('2D SPACE',''
  ) );
#11115 = PCURVE('',#6280,#11116);
#11116 = DEFINITIONAL_REPRESENTATION('',(#11117),#11120);
#11117 = B_SPLINE_CURVE_WITH_KNOTS('',1,(#11118,#11119),.UNSPECIFIED.,
  .F.,.F.,(2,2),(-2.329036790187,-0.920710678119),
  .PIECEWISE_BEZIER_KNOTS.);
#11118 = CARTESIAN_POINT('',(-1.7,-6.295836943966));
#11119 = CARTESIAN_POINT('',(-0.704163056034,-5.3));
#11120 = ( GEOMETRIC_REPRESENTATION_CONTEXT(2) 
PARAMETRIC_REPRESENTATION_CONTEXT() REPRESENTATION_CONTEXT('2D SPACE',''
  ) );
#11121 = ORIENTED_EDGE('',*,*,#11034,.T.);
#11122 = ADVANCED_FACE('',(#11123),#6177,.F.);
#11123 = FACE_BOUND('',#11124,.F.);
#11124 = EDGE_LOOP('',(#11125,#11146,#11147,#11148));
#11125 = ORIENTED_EDGE('',*,*,#11126,.T.);
#11126 = EDGE_CURVE('',#11127,#11012,#11129,.T.);
#11127 = VERTEX_POINT('',#11128);
#11128 = CARTESIAN_POINT('',(1.7,-16.8,-116.2958369439));
#11129 = SURFACE_CURVE('',#11130,(#11134,#11140),.PCURVE_S1.);
#11130 = LINE('',#11131,#11132);
#11131 = CARTESIAN_POINT('',(-1.148959235991,-16.8,-113.4468777079));
#11132 = VECTOR('',#11133,1.);
#11133 = DIRECTION('',(-0.707106781187,1.570092458684E-16,0.707106781187
    ));
#11134 = PCURVE('',#6177,#11135);
#11135 = DEFINITIONAL_REPRESENTATION('',(#11136),#11139);
#11136 = B_SPLINE_CURVE_WITH_KNOTS('',1,(#11137,#11138),.UNSPECIFIED.,
  .F.,.F.,(2,2),(-4.029036790187,-2.620710678119),
  .PIECEWISE_BEZIER_KNOTS.);
#11137 = CARTESIAN_POINT('',(2.404163056034,4.6));
#11138 = CARTESIAN_POINT('',(0.995836943966,4.6));
#11139 = ( GEOMETRIC_REPRESENTATION_CONTEXT(2) 
PARAMETRIC_REPRESENTATION_CONTEXT() REPRESENTATION_CONTEXT('2D SPACE',''
  ) );
#11140 = PCURVE('',#6280,#11141);
#11141 = DEFINITIONAL_REPRESENTATION('',(#11142),#11145);
#11142 = B_SPLINE_CURVE_WITH_KNOTS('',1,(#11143,#11144),.UNSPECIFIED.,
  .F.,.F.,(2,2),(-4.029036790187,-2.620710678119),
  .PIECEWISE_BEZIER_KNOTS.);
#11143 = CARTESIAN_POINT('',(1.7,-6.295836943966));
#11144 = CARTESIAN_POINT('',(0.704163056034,-5.3));
#11145 = ( GEOMETRIC_REPRESENTATION_CONTEXT(2) 
PARAMETRIC_REPRESENTATION_CONTEXT() REPRESENTATION_CONTEXT('2D SPACE',''
  ) );
#11146 = ORIENTED_EDGE('',*,*,#11056,.T.);
#11147 = ORIENTED_EDGE('',*,*,#6164,.T.);
#11148 = ORIENTED_EDGE('',*,*,#11149,.T.);
#11149 = EDGE_CURVE('',#6139,#11127,#11150,.T.);
#11150 = SURFACE_CURVE('',#11151,(#11155,#11162),.PCURVE_S1.);
#11151 = LINE('',#11152,#11153);
#11152 = CARTESIAN_POINT('',(1.7,-21.4,-116.2958369439));
#11153 = VECTOR('',#11154,1.);
#11154 = DIRECTION('',(0.,1.,0.));
#11155 = PCURVE('',#6177,#11156);
#11156 = DEFINITIONAL_REPRESENTATION('',(#11157),#11161);
#11157 = LINE('',#11158,#11159);
#11158 = CARTESIAN_POINT('',(2.404163056034,0.));
#11159 = VECTOR('',#11160,1.);
#11160 = DIRECTION('',(0.,1.));
#11161 = ( GEOMETRIC_REPRESENTATION_CONTEXT(2) 
PARAMETRIC_REPRESENTATION_CONTEXT() REPRESENTATION_CONTEXT('2D SPACE',''
  ) );
#11162 = PCURVE('',#6153,#11163);
#11163 = DEFINITIONAL_REPRESENTATION('',(#11164),#11167);
#11164 = B_SPLINE_CURVE_WITH_KNOTS('',1,(#11165,#11166),.UNSPECIFIED.,
  .F.,.F.,(2,2),(0.,45.85),.PIECEWISE_BEZIER_KNOTS.);
#11165 = CARTESIAN_POINT('',(0.704163056034,0.));
#11166 = CARTESIAN_POINT('',(0.704163056034,-45.85));
#11167 = ( GEOMETRIC_REPRESENTATION_CONTEXT(2) 
PARAMETRIC_REPRESENTATION_CONTEXT() REPRESENTATION_CONTEXT('2D SPACE',''
  ) );
#11168 = ADVANCED_FACE('',(#11169),#6094,.T.);
#11169 = FACE_BOUND('',#11170,.T.);
#11170 = EDGE_LOOP('',(#11171,#11172,#11195,#11214));
#11171 = ORIENTED_EDGE('',*,*,#6079,.T.);
#11172 = ORIENTED_EDGE('',*,*,#11173,.T.);
#11173 = EDGE_CURVE('',#6080,#11174,#11176,.T.);
#11174 = VERTEX_POINT('',#11175);
#11175 = CARTESIAN_POINT('',(-1.7,-16.8,-117.));
#11176 = SURFACE_CURVE('',#11177,(#11181,#11188),.PCURVE_S1.);
#11177 = LINE('',#11178,#11179);
#11178 = CARTESIAN_POINT('',(-1.7,-21.4,-117.));
#11179 = VECTOR('',#11180,1.);
#11180 = DIRECTION('',(0.,1.,0.));
#11181 = PCURVE('',#6094,#11182);
#11182 = DEFINITIONAL_REPRESENTATION('',(#11183),#11187);
#11183 = LINE('',#11184,#11185);
#11184 = CARTESIAN_POINT('',(0.,0.));
#11185 = VECTOR('',#11186,1.);
#11186 = DIRECTION('',(0.,-1.));
#11187 = ( GEOMETRIC_REPRESENTATION_CONTEXT(2) 
PARAMETRIC_REPRESENTATION_CONTEXT() REPRESENTATION_CONTEXT('2D SPACE',''
  ) );
#11188 = PCURVE('',#6126,#11189);
#11189 = DEFINITIONAL_REPRESENTATION('',(#11190),#11194);
#11190 = LINE('',#11191,#11192);
#11191 = CARTESIAN_POINT('',(3.14159265359,45.85));
#11192 = VECTOR('',#11193,1.);
#11193 = DIRECTION('',(0.,-1.));
#11194 = ( GEOMETRIC_REPRESENTATION_CONTEXT(2) 
PARAMETRIC_REPRESENTATION_CONTEXT() REPRESENTATION_CONTEXT('2D SPACE',''
  ) );
#11195 = ORIENTED_EDGE('',*,*,#11196,.T.);
#11196 = EDGE_CURVE('',#11174,#11082,#11197,.T.);
#11197 = SURFACE_CURVE('',#11198,(#11202,#11208),.PCURVE_S1.);
#11198 = LINE('',#11199,#11200);
#11199 = CARTESIAN_POINT('',(-1.7,-16.8,-113.5));
#11200 = VECTOR('',#11201,1.);
#11201 = DIRECTION('',(-0.,2.22044604925E-16,1.));
#11202 = PCURVE('',#6094,#11203);
#11203 = DEFINITIONAL_REPRESENTATION('',(#11204),#11207);
#11204 = B_SPLINE_CURVE_WITH_KNOTS('',1,(#11205,#11206),.UNSPECIFIED.,
  .F.,.F.,(2,2),(-3.5,-2.795836943966),.PIECEWISE_BEZIER_KNOTS.);
#11205 = CARTESIAN_POINT('',(0.,-4.6));
#11206 = CARTESIAN_POINT('',(0.704163056034,-4.6));
#11207 = ( GEOMETRIC_REPRESENTATION_CONTEXT(2) 
PARAMETRIC_REPRESENTATION_CONTEXT() REPRESENTATION_CONTEXT('2D SPACE',''
  ) );
#11208 = PCURVE('',#6280,#11209);
#11209 = DEFINITIONAL_REPRESENTATION('',(#11210),#11213);
#11210 = B_SPLINE_CURVE_WITH_KNOTS('',1,(#11211,#11212),.UNSPECIFIED.,
  .F.,.F.,(2,2),(-3.5,-2.795836943966),.PIECEWISE_BEZIER_KNOTS.);
#11211 = CARTESIAN_POINT('',(-1.7,-7.));
#11212 = CARTESIAN_POINT('',(-1.7,-6.295836943966));
#11213 = ( GEOMETRIC_REPRESENTATION_CONTEXT(2) 
PARAMETRIC_REPRESENTATION_CONTEXT() REPRESENTATION_CONTEXT('2D SPACE',''
  ) );
#11214 = ORIENTED_EDGE('',*,*,#11081,.T.);
#11215 = ADVANCED_FACE('',(#11216),#6153,.F.);
#11216 = FACE_BOUND('',#11217,.F.);
#11217 = EDGE_LOOP('',(#11218,#11219,#11242,#11261));
#11218 = ORIENTED_EDGE('',*,*,#6138,.T.);
#11219 = ORIENTED_EDGE('',*,*,#11220,.F.);
#11220 = EDGE_CURVE('',#11221,#6106,#11223,.T.);
#11221 = VERTEX_POINT('',#11222);
#11222 = CARTESIAN_POINT('',(1.7,-16.8,-117.));
#11223 = SURFACE_CURVE('',#11224,(#11228,#11235),.PCURVE_S1.);
#11224 = LINE('',#11225,#11226);
#11225 = CARTESIAN_POINT('',(1.7,24.45,-117.));
#11226 = VECTOR('',#11227,1.);
#11227 = DIRECTION('',(0.,-1.,2.22044604925E-16));
#11228 = PCURVE('',#6153,#11229);
#11229 = DEFINITIONAL_REPRESENTATION('',(#11230),#11234);
#11230 = LINE('',#11231,#11232);
#11231 = CARTESIAN_POINT('',(-5.506752479616E-15,-45.85));
#11232 = VECTOR('',#11233,1.);
#11233 = DIRECTION('',(2.22044604925E-16,1.));
#11234 = ( GEOMETRIC_REPRESENTATION_CONTEXT(2) 
PARAMETRIC_REPRESENTATION_CONTEXT() REPRESENTATION_CONTEXT('2D SPACE',''
  ) );
#11235 = PCURVE('',#6126,#11236);
#11236 = DEFINITIONAL_REPRESENTATION('',(#11237),#11241);
#11237 = LINE('',#11238,#11239);
#11238 = CARTESIAN_POINT('',(6.28318530718,-0.));
#11239 = VECTOR('',#11240,1.);
#11240 = DIRECTION('',(0.,1.));
#11241 = ( GEOMETRIC_REPRESENTATION_CONTEXT(2) 
PARAMETRIC_REPRESENTATION_CONTEXT() REPRESENTATION_CONTEXT('2D SPACE',''
  ) );
#11242 = ORIENTED_EDGE('',*,*,#11243,.T.);
#11243 = EDGE_CURVE('',#11221,#11127,#11244,.T.);
#11244 = SURFACE_CURVE('',#11245,(#11249,#11255),.PCURVE_S1.);
#11245 = LINE('',#11246,#11247);
#11246 = CARTESIAN_POINT('',(1.7,-16.8,-113.5));
#11247 = VECTOR('',#11248,1.);
#11248 = DIRECTION('',(-0.,2.22044604925E-16,1.));
#11249 = PCURVE('',#6153,#11250);
#11250 = DEFINITIONAL_REPRESENTATION('',(#11251),#11254);
#11251 = B_SPLINE_CURVE_WITH_KNOTS('',1,(#11252,#11253),.UNSPECIFIED.,
  .F.,.F.,(2,2),(-3.5,-2.795836943966),.PIECEWISE_BEZIER_KNOTS.);
#11252 = CARTESIAN_POINT('',(-5.329070518201E-15,-4.6));
#11253 = CARTESIAN_POINT('',(0.704163056034,-4.6));
#11254 = ( GEOMETRIC_REPRESENTATION_CONTEXT(2) 
PARAMETRIC_REPRESENTATION_CONTEXT() REPRESENTATION_CONTEXT('2D SPACE',''
  ) );
#11255 = PCURVE('',#6280,#11256);
#11256 = DEFINITIONAL_REPRESENTATION('',(#11257),#11260);
#11257 = B_SPLINE_CURVE_WITH_KNOTS('',1,(#11258,#11259),.UNSPECIFIED.,
  .F.,.F.,(2,2),(-3.5,-2.795836943966),.PIECEWISE_BEZIER_KNOTS.);
#11258 = CARTESIAN_POINT('',(1.7,-7.));
#11259 = CARTESIAN_POINT('',(1.7,-6.295836943966));
#11260 = ( GEOMETRIC_REPRESENTATION_CONTEXT(2) 
PARAMETRIC_REPRESENTATION_CONTEXT() REPRESENTATION_CONTEXT('2D SPACE',''
  ) );
#11261 = ORIENTED_EDGE('',*,*,#11149,.F.);
#11262 = ADVANCED_FACE('',(#11263),#6126,.F.);
#11263 = FACE_BOUND('',#11264,.F.);
#11264 = EDGE_LOOP('',(#11265,#11266,#11267,#11289));
#11265 = ORIENTED_EDGE('',*,*,#6105,.F.);
#11266 = ORIENTED_EDGE('',*,*,#11173,.T.);
#11267 = ORIENTED_EDGE('',*,*,#11268,.T.);
#11268 = EDGE_CURVE('',#11174,#11221,#11269,.T.);
#11269 = SURFACE_CURVE('',#11270,(#11275,#11282),.PCURVE_S1.);
#11270 = CIRCLE('',#11271,1.7);
#11271 = AXIS2_PLACEMENT_3D('',#11272,#11273,#11274);
#11272 = CARTESIAN_POINT('',(0.,-16.8,-117.));
#11273 = DIRECTION('',(0.,-1.,2.22044604925E-16));
#11274 = DIRECTION('',(1.,0.,0.));
#11275 = PCURVE('',#6126,#11276);
#11276 = DEFINITIONAL_REPRESENTATION('',(#11277),#11281);
#11277 = LINE('',#11278,#11279);
#11278 = CARTESIAN_POINT('',(0.,41.25));
#11279 = VECTOR('',#11280,1.);
#11280 = DIRECTION('',(1.,0.));
#11281 = ( GEOMETRIC_REPRESENTATION_CONTEXT(2) 
PARAMETRIC_REPRESENTATION_CONTEXT() REPRESENTATION_CONTEXT('2D SPACE',''
  ) );
#11282 = PCURVE('',#6280,#11283);
#11283 = DEFINITIONAL_REPRESENTATION('',(#11284),#11288);
#11284 = CIRCLE('',#11285,1.7);
#11285 = AXIS2_PLACEMENT_2D('',#11286,#11287);
#11286 = CARTESIAN_POINT('',(0.,-7.));
#11287 = DIRECTION('',(1.,0.));
#11288 = ( GEOMETRIC_REPRESENTATION_CONTEXT(2) 
PARAMETRIC_REPRESENTATION_CONTEXT() REPRESENTATION_CONTEXT('2D SPACE',''
  ) );
#11289 = ORIENTED_EDGE('',*,*,#11220,.T.);
#11290 = ADVANCED_FACE('',(#11291,#11294,#11302,#11305,#11313,#11321),
  #6280,.F.);
#11291 = FACE_BOUND('',#11292,.F.);
#11292 = EDGE_LOOP('',(#11293));
#11293 = ORIENTED_EDGE('',*,*,#6265,.T.);
#11294 = FACE_BOUND('',#11295,.F.);
#11295 = EDGE_LOOP('',(#11296,#11297,#11298,#11299,#11300,#11301));
#11296 = ORIENTED_EDGE('',*,*,#11196,.T.);
#11297 = ORIENTED_EDGE('',*,*,#11103,.T.);
#11298 = ORIENTED_EDGE('',*,*,#11011,.F.);
#11299 = ORIENTED_EDGE('',*,*,#11126,.F.);
#11300 = ORIENTED_EDGE('',*,*,#11243,.F.);
#11301 = ORIENTED_EDGE('',*,*,#11268,.F.);
#11302 = FACE_BOUND('',#11303,.F.);
#11303 = EDGE_LOOP('',(#11304));
#11304 = ORIENTED_EDGE('',*,*,#10419,.F.);
#11305 = FACE_BOUND('',#11306,.F.);
#11306 = EDGE_LOOP('',(#11307,#11308,#11309,#11310,#11311,#11312));
#11307 = ORIENTED_EDGE('',*,*,#10913,.T.);
#11308 = ORIENTED_EDGE('',*,*,#10820,.T.);
#11309 = ORIENTED_EDGE('',*,*,#10728,.F.);
#11310 = ORIENTED_EDGE('',*,*,#10843,.F.);
#11311 = ORIENTED_EDGE('',*,*,#10960,.F.);
#11312 = ORIENTED_EDGE('',*,*,#10985,.F.);
#11313 = FACE_BOUND('',#11314,.F.);
#11314 = EDGE_LOOP('',(#11315,#11316,#11317,#11318,#11319,#11320));
#11315 = ORIENTED_EDGE('',*,*,#10297,.T.);
#11316 = ORIENTED_EDGE('',*,*,#10204,.T.);
#11317 = ORIENTED_EDGE('',*,*,#10112,.F.);
#11318 = ORIENTED_EDGE('',*,*,#10227,.F.);
#11319 = ORIENTED_EDGE('',*,*,#10344,.F.);
#11320 = ORIENTED_EDGE('',*,*,#10369,.F.);
#11321 = FACE_BOUND('',#11322,.F.);
#11322 = EDGE_LOOP('',(#11323,#11324,#11325,#11326,#11327,#11328));
#11323 = ORIENTED_EDGE('',*,*,#10630,.T.);
#11324 = ORIENTED_EDGE('',*,*,#10537,.T.);
#11325 = ORIENTED_EDGE('',*,*,#10445,.F.);
#11326 = ORIENTED_EDGE('',*,*,#10560,.F.);
#11327 = ORIENTED_EDGE('',*,*,#10677,.F.);
#11328 = ORIENTED_EDGE('',*,*,#10702,.F.);
#11329 = ADVANCED_FACE('',(#11330),#6824,.F.);
#11330 = FACE_BOUND('',#11331,.F.);
#11331 = EDGE_LOOP('',(#11332,#11333,#11334,#11335,#11354,#11355,#11376,
    #11409));
#11332 = ORIENTED_EDGE('',*,*,#7234,.F.);
#11333 = ORIENTED_EDGE('',*,*,#8490,.F.);
#11334 = ORIENTED_EDGE('',*,*,#6801,.T.);
#11335 = ORIENTED_EDGE('',*,*,#11336,.T.);
#11336 = EDGE_CURVE('',#6804,#7766,#11337,.T.);
#11337 = SURFACE_CURVE('',#11338,(#11342,#11348),.PCURVE_S1.);
#11338 = LINE('',#11339,#11340);
#11339 = CARTESIAN_POINT('',(9.853425800198,20.75,-3.));
#11340 = VECTOR('',#11341,1.);
#11341 = DIRECTION('',(0.,-1.,2.22044604925E-16));
#11342 = PCURVE('',#6824,#11343);
#11343 = DEFINITIONAL_REPRESENTATION('',(#11344),#11347);
#11344 = B_SPLINE_CURVE_WITH_KNOTS('',1,(#11345,#11346),.UNSPECIFIED.,
  .F.,.F.,(2,2),(0.76,3.64),.PIECEWISE_BEZIER_KNOTS.);
#11345 = CARTESIAN_POINT('',(5.987639395831,0.76));
#11346 = CARTESIAN_POINT('',(5.987639395831,3.64));
#11347 = ( GEOMETRIC_REPRESENTATION_CONTEXT(2) 
PARAMETRIC_REPRESENTATION_CONTEXT() REPRESENTATION_CONTEXT('2D SPACE',''
  ) );
#11348 = PCURVE('',#6852,#11349);
#11349 = DEFINITIONAL_REPRESENTATION('',(#11350),#11353);
#11350 = B_SPLINE_CURVE_WITH_KNOTS('',1,(#11351,#11352),.UNSPECIFIED.,
  .F.,.F.,(2,2),(0.76,3.64),.PIECEWISE_BEZIER_KNOTS.);
#11351 = CARTESIAN_POINT('',(25.013425800198,2.64));
#11352 = CARTESIAN_POINT('',(25.013425800198,-0.24));
#11353 = ( GEOMETRIC_REPRESENTATION_CONTEXT(2) 
PARAMETRIC_REPRESENTATION_CONTEXT() REPRESENTATION_CONTEXT('2D SPACE',''
  ) );
#11354 = ORIENTED_EDGE('',*,*,#7765,.F.);
#11355 = ORIENTED_EDGE('',*,*,#11356,.F.);
#11356 = EDGE_CURVE('',#11357,#7740,#11359,.T.);
#11357 = VERTEX_POINT('',#11358);
#11358 = CARTESIAN_POINT('',(7.82,18.78,-6.703551297633));
#11359 = SURFACE_CURVE('',#11360,(#11364,#11370),.PCURVE_S1.);
#11360 = LINE('',#11361,#11362);
#11361 = CARTESIAN_POINT('',(7.82,20.75,-6.703551297633));
#11362 = VECTOR('',#11363,1.);
#11363 = DIRECTION('',(0.,-1.,2.22044604925E-16));
#11364 = PCURVE('',#6824,#11365);
#11365 = DEFINITIONAL_REPRESENTATION('',(#11366),#11369);
#11366 = B_SPLINE_CURVE_WITH_KNOTS('',1,(#11367,#11368),.UNSPECIFIED.,
  .F.,.F.,(2,2),(1.826,3.4000006),.PIECEWISE_BEZIER_KNOTS.);
#11367 = CARTESIAN_POINT('',(5.574507865965,1.826));
#11368 = CARTESIAN_POINT('',(5.574507865965,3.4000006));
#11369 = ( GEOMETRIC_REPRESENTATION_CONTEXT(2) 
PARAMETRIC_REPRESENTATION_CONTEXT() REPRESENTATION_CONTEXT('2D SPACE',''
  ) );
#11370 = PCURVE('',#7754,#11371);
#11371 = DEFINITIONAL_REPRESENTATION('',(#11372),#11375);
#11372 = B_SPLINE_CURVE_WITH_KNOTS('',1,(#11373,#11374),.UNSPECIFIED.,
  .F.,.F.,(2,2),(1.826,3.4000006),.PIECEWISE_BEZIER_KNOTS.);
#11373 = CARTESIAN_POINT('',(27.956448702367,-1.584));
#11374 = CARTESIAN_POINT('',(27.956448702367,-9.999399999998E-03));
#11375 = ( GEOMETRIC_REPRESENTATION_CONTEXT(2) 
PARAMETRIC_REPRESENTATION_CONTEXT() REPRESENTATION_CONTEXT('2D SPACE',''
  ) );
#11376 = ORIENTED_EDGE('',*,*,#11377,.F.);
#11377 = EDGE_CURVE('',#11378,#11357,#11380,.T.);
#11378 = VERTEX_POINT('',#11379);
#11379 = CARTESIAN_POINT('',(-7.82,18.78,-6.703551297633));
#11380 = SURFACE_CURVE('',#11381,(#11386,#11393),.PCURVE_S1.);
#11381 = CIRCLE('',#11382,10.3);
#11382 = AXIS2_PLACEMENT_3D('',#11383,#11384,#11385);
#11383 = CARTESIAN_POINT('',(0.,18.78,-5.107025913276E-17));
#11384 = DIRECTION('',(0.,-1.,2.22044604925E-16));
#11385 = DIRECTION('',(1.,0.,0.));
#11386 = PCURVE('',#6824,#11387);
#11387 = DEFINITIONAL_REPRESENTATION('',(#11388),#11392);
#11388 = LINE('',#11389,#11390);
#11389 = CARTESIAN_POINT('',(0.,1.97));
#11390 = VECTOR('',#11391,1.);
#11391 = DIRECTION('',(1.,0.));
#11392 = ( GEOMETRIC_REPRESENTATION_CONTEXT(2) 
PARAMETRIC_REPRESENTATION_CONTEXT() REPRESENTATION_CONTEXT('2D SPACE',''
  ) );
#11393 = PCURVE('',#11394,#11399);
#11394 = PLANE('',#11395);
#11395 = AXIS2_PLACEMENT_3D('',#11396,#11397,#11398);
#11396 = CARTESIAN_POINT('',(-7.82,18.78,-34.66));
#11397 = DIRECTION('',(-0.,1.,0.));
#11398 = DIRECTION('',(0.,0.,1.));
#11399 = DEFINITIONAL_REPRESENTATION('',(#11400),#11408);
#11400 = ( BOUNDED_CURVE() B_SPLINE_CURVE(2,(#11401,#11402,#11403,#11404
    ,#11405,#11406,#11407),.UNSPECIFIED.,.T.,.F.) 
B_SPLINE_CURVE_WITH_KNOTS((1,2,2,2,2,1),(-2.094395102393,0.,
    2.094395102393,4.188790204786,6.28318530718,8.377580409573),
.UNSPECIFIED.) CURVE() GEOMETRIC_REPRESENTATION_ITEM() 
RATIONAL_B_SPLINE_CURVE((1.,0.5,1.,0.5,1.,0.5,1.)) REPRESENTATION_ITEM(
  '') );
#11401 = CARTESIAN_POINT('',(34.66,18.12));
#11402 = CARTESIAN_POINT('',(52.500123317959,18.12));
#11403 = CARTESIAN_POINT('',(43.58006165898,2.67));
#11404 = CARTESIAN_POINT('',(34.66,-12.78));
#11405 = CARTESIAN_POINT('',(25.73993834102,2.67));
#11406 = CARTESIAN_POINT('',(16.819876682041,18.12));
#11407 = CARTESIAN_POINT('',(34.66,18.12));
#11408 = ( GEOMETRIC_REPRESENTATION_CONTEXT(2) 
PARAMETRIC_REPRESENTATION_CONTEXT() REPRESENTATION_CONTEXT('2D SPACE',''
  ) );
#11409 = ORIENTED_EDGE('',*,*,#11410,.T.);
#11410 = EDGE_CURVE('',#11378,#7235,#11411,.T.);
#11411 = SURFACE_CURVE('',#11412,(#11416,#11422),.PCURVE_S1.);
#11412 = LINE('',#11413,#11414);
#11413 = CARTESIAN_POINT('',(-7.82,20.75,-6.703551297633));
#11414 = VECTOR('',#11415,1.);
#11415 = DIRECTION('',(0.,-1.,2.22044604925E-16));
#11416 = PCURVE('',#6824,#11417);
#11417 = DEFINITIONAL_REPRESENTATION('',(#11418),#11421);
#11418 = B_SPLINE_CURVE_WITH_KNOTS('',1,(#11419,#11420),.UNSPECIFIED.,
  .F.,.F.,(2,2),(1.826,3.4000006),.PIECEWISE_BEZIER_KNOTS.);
#11419 = CARTESIAN_POINT('',(3.850270094805,1.826));
#11420 = CARTESIAN_POINT('',(3.850270094805,3.4000006));
#11421 = ( GEOMETRIC_REPRESENTATION_CONTEXT(2) 
PARAMETRIC_REPRESENTATION_CONTEXT() REPRESENTATION_CONTEXT('2D SPACE',''
  ) );
#11422 = PCURVE('',#7277,#11423);
#11423 = DEFINITIONAL_REPRESENTATION('',(#11424),#11427);
#11424 = B_SPLINE_CURVE_WITH_KNOTS('',1,(#11425,#11426),.UNSPECIFIED.,
  .F.,.F.,(2,2),(1.826,3.4000006),.PIECEWISE_BEZIER_KNOTS.);
#11425 = CARTESIAN_POINT('',(27.956448702367,-1.584));
#11426 = CARTESIAN_POINT('',(27.956448702367,-9.999399999998E-03));
#11427 = ( GEOMETRIC_REPRESENTATION_CONTEXT(2) 
PARAMETRIC_REPRESENTATION_CONTEXT() REPRESENTATION_CONTEXT('2D SPACE',''
  ) );
#11428 = ADVANCED_FACE('',(#11429),#6852,.T.);
#11429 = FACE_BOUND('',#11430,.T.);
#11430 = EDGE_LOOP('',(#11431,#11432,#11433,#11434));
#11431 = ORIENTED_EDGE('',*,*,#6836,.F.);
#11432 = ORIENTED_EDGE('',*,*,#11336,.T.);
#11433 = ORIENTED_EDGE('',*,*,#7793,.T.);
#11434 = ORIENTED_EDGE('',*,*,#11435,.T.);
#11435 = EDGE_CURVE('',#7794,#6837,#11436,.T.);
#11436 = SURFACE_CURVE('',#11437,(#11441,#11448),.PCURVE_S1.);
#11437 = LINE('',#11438,#11439);
#11438 = CARTESIAN_POINT('',(13.2,17.35,-3.));
#11439 = VECTOR('',#11440,1.);
#11440 = DIRECTION('',(-0.,1.,0.));
#11441 = PCURVE('',#6852,#11442);
#11442 = DEFINITIONAL_REPRESENTATION('',(#11443),#11447);
#11443 = LINE('',#11444,#11445);
#11444 = CARTESIAN_POINT('',(28.36,0.));
#11445 = VECTOR('',#11446,1.);
#11446 = DIRECTION('',(0.,1.));
#11447 = ( GEOMETRIC_REPRESENTATION_CONTEXT(2) 
PARAMETRIC_REPRESENTATION_CONTEXT() REPRESENTATION_CONTEXT('2D SPACE',''
  ) );
#11448 = PCURVE('',#6880,#11449);
#11449 = DEFINITIONAL_REPRESENTATION('',(#11450),#11454);
#11450 = LINE('',#11451,#11452);
#11451 = CARTESIAN_POINT('',(33.,0.));
#11452 = VECTOR('',#11453,1.);
#11453 = DIRECTION('',(0.,-1.));
#11454 = ( GEOMETRIC_REPRESENTATION_CONTEXT(2) 
PARAMETRIC_REPRESENTATION_CONTEXT() REPRESENTATION_CONTEXT('2D SPACE',''
  ) );
#11455 = ADVANCED_FACE('',(#11456),#6880,.T.);
#11456 = FACE_BOUND('',#11457,.T.);
#11457 = EDGE_LOOP('',(#11458,#11459,#11460,#11461));
#11458 = ORIENTED_EDGE('',*,*,#7816,.F.);
#11459 = ORIENTED_EDGE('',*,*,#7114,.T.);
#11460 = ORIENTED_EDGE('',*,*,#6864,.T.);
#11461 = ORIENTED_EDGE('',*,*,#11435,.F.);
#11462 = ADVANCED_FACE('',(#11463),#6956,.F.);
#11463 = FACE_BOUND('',#11464,.F.);
#11464 = EDGE_LOOP('',(#11465,#11466,#11489,#11513,#11541,#11569,#11597,
    #11625,#11653,#11681,#11709,#11735));
#11465 = ORIENTED_EDGE('',*,*,#6939,.F.);
#11466 = ORIENTED_EDGE('',*,*,#11467,.F.);
#11467 = EDGE_CURVE('',#11468,#6940,#11470,.T.);
#11468 = VERTEX_POINT('',#11469);
#11469 = CARTESIAN_POINT('',(-8.8,18.5,-29.));
#11470 = SEAM_CURVE('',#11471,(#11475,#11482),.PCURVE_S1.);
#11471 = LINE('',#11472,#11473);
#11472 = CARTESIAN_POINT('',(-8.8,18.5,-29.));
#11473 = VECTOR('',#11474,1.);
#11474 = DIRECTION('',(0.707106781187,0.707106781187,3.302004571155E-16)
  );
#11475 = PCURVE('',#6956,#11476);
#11476 = DEFINITIONAL_REPRESENTATION('',(#11477),#11481);
#11477 = LINE('',#11478,#11479);
#11478 = CARTESIAN_POINT('',(6.28318530718,-0.));
#11479 = VECTOR('',#11480,1.);
#11480 = DIRECTION('',(0.,1.));
#11481 = ( GEOMETRIC_REPRESENTATION_CONTEXT(2) 
PARAMETRIC_REPRESENTATION_CONTEXT() REPRESENTATION_CONTEXT('2D SPACE',''
  ) );
#11482 = PCURVE('',#6956,#11483);
#11483 = DEFINITIONAL_REPRESENTATION('',(#11484),#11488);
#11484 = LINE('',#11485,#11486);
#11485 = CARTESIAN_POINT('',(0.,-0.));
#11486 = VECTOR('',#11487,1.);
#11487 = DIRECTION('',(0.,1.));
#11488 = ( GEOMETRIC_REPRESENTATION_CONTEXT(2) 
PARAMETRIC_REPRESENTATION_CONTEXT() REPRESENTATION_CONTEXT('2D SPACE',''
  ) );
#11489 = ORIENTED_EDGE('',*,*,#11490,.T.);
#11490 = EDGE_CURVE('',#11468,#11491,#11493,.T.);
#11491 = VERTEX_POINT('',#11492);
#11492 = CARTESIAN_POINT('',(-11.7,18.5,-29.));
#11493 = SURFACE_CURVE('',#11494,(#11499,#11506),.PCURVE_S1.);
#11494 = CIRCLE('',#11495,1.45);
#11495 = AXIS2_PLACEMENT_3D('',#11496,#11497,#11498);
#11496 = CARTESIAN_POINT('',(-10.25,18.5,-29.));
#11497 = DIRECTION('',(0.,1.,2.22044604925E-16));
#11498 = DIRECTION('',(1.,0.,-0.));
#11499 = PCURVE('',#6956,#11500);
#11500 = DEFINITIONAL_REPRESENTATION('',(#11501),#11505);
#11501 = LINE('',#11502,#11503);
#11502 = CARTESIAN_POINT('',(0.,0.));
#11503 = VECTOR('',#11504,1.);
#11504 = DIRECTION('',(1.,0.));
#11505 = ( GEOMETRIC_REPRESENTATION_CONTEXT(2) 
PARAMETRIC_REPRESENTATION_CONTEXT() REPRESENTATION_CONTEXT('2D SPACE',''
  ) );
#11506 = PCURVE('',#7941,#11507);
#11507 = DEFINITIONAL_REPRESENTATION('',(#11508),#11512);
#11508 = LINE('',#11509,#11510);
#11509 = CARTESIAN_POINT('',(6.28318530718,2.25));
#11510 = VECTOR('',#11511,1.);
#11511 = DIRECTION('',(-1.,0.));
#11512 = ( GEOMETRIC_REPRESENTATION_CONTEXT(2) 
PARAMETRIC_REPRESENTATION_CONTEXT() REPRESENTATION_CONTEXT('2D SPACE',''
  ) );
#11513 = ORIENTED_EDGE('',*,*,#11514,.T.);
#11514 = EDGE_CURVE('',#11491,#11515,#11517,.T.);
#11515 = VERTEX_POINT('',#11516);
#11516 = CARTESIAN_POINT('',(-11.7,18.619468690424,-28.39939033455));
#11517 = SURFACE_CURVE('',#11518,(#11523,#11534),.PCURVE_S1.);
#11518 = HYPERBOLA('',#11519,1.45,1.45);
#11519 = AXIS2_PLACEMENT_3D('',#11520,#11521,#11522);
#11520 = CARTESIAN_POINT('',(-11.7,17.05,-29.));
#11521 = DIRECTION('',(1.,0.,0.));
#11522 = DIRECTION('',(-0.,1.,2.22044604925E-16));
#11523 = PCURVE('',#6956,#11524);
#11524 = DEFINITIONAL_REPRESENTATION('',(#11525),#11533);
#11525 = B_SPLINE_CURVE_WITH_KNOTS('',6,(#11526,#11527,#11528,#11529,
    #11530,#11531,#11532),.UNSPECIFIED.,.F.,.F.,(7,7),(
    -3.249766210157E-08,0.44118284331),.PIECEWISE_BEZIER_KNOTS.);
#11526 = CARTESIAN_POINT('',(3.141592621092,0.));
#11527 = CARTESIAN_POINT('',(3.215123100393,-3.464874567731E-09));
#11528 = CARTESIAN_POINT('',(3.288653447848,9.407706779801E-03));
#11529 = CARTESIAN_POINT('',(3.361469065236,2.822312300202E-02));
#11530 = CARTESIAN_POINT('',(3.432850414042,5.659886568088E-02));
#11531 = CARTESIAN_POINT('',(3.502210493629,9.484006580387E-02));
#11532 = CARTESIAN_POINT('',(3.569122688054,0.143419494034));
#11533 = ( GEOMETRIC_REPRESENTATION_CONTEXT(2) 
PARAMETRIC_REPRESENTATION_CONTEXT() REPRESENTATION_CONTEXT('2D SPACE',''
  ) );
#11534 = PCURVE('',#7909,#11535);
#11535 = DEFINITIONAL_REPRESENTATION('',(#11536),#11540);
#11536 = ( BOUNDED_CURVE() B_SPLINE_CURVE(2,(#11537,#11538,#11539),
.UNSPECIFIED.,.F.,.F.) B_SPLINE_CURVE_WITH_KNOTS((3,3),(
-3.249766210157E-08,0.44118284331),.PIECEWISE_BEZIER_KNOTS.) CURVE() 
GEOMETRIC_REPRESENTATION_ITEM() RATIONAL_B_SPLINE_CURVE((1.,
1.024429111919,1.)) REPRESENTATION_ITEM('') );
#11537 = CARTESIAN_POINT('',(-4.712160972531E-08,-2.15));
#11538 = CARTESIAN_POINT('',(0.314768418607,-2.149999989771));
#11539 = CARTESIAN_POINT('',(0.660670631985,-2.293419494034));
#11540 = ( GEOMETRIC_REPRESENTATION_CONTEXT(2) 
PARAMETRIC_REPRESENTATION_CONTEXT() REPRESENTATION_CONTEXT('2D SPACE',''
  ) );
#11541 = ORIENTED_EDGE('',*,*,#11542,.T.);
#11542 = EDGE_CURVE('',#11515,#11543,#11545,.T.);
#11543 = VERTEX_POINT('',#11544);
#11544 = CARTESIAN_POINT('',(-11.27530483272,18.5,-27.97469516728));
#11545 = SURFACE_CURVE('',#11546,(#11551,#11562),.PCURVE_S1.);
#11546 = HYPERBOLA('',#11547,1.45,1.45);
#11547 = AXIS2_PLACEMENT_3D('',#11548,#11549,#11550);
#11548 = CARTESIAN_POINT('',(-11.27530483272,17.05,-27.97469516728));
#11549 = DIRECTION('',(0.707106781187,0.,-0.707106781187));
#11550 = DIRECTION('',(1.110223024625E-16,1.,1.110223024625E-16));
#11551 = PCURVE('',#6956,#11552);
#11552 = DEFINITIONAL_REPRESENTATION('',(#11553),#11561);
#11553 = B_SPLINE_CURVE_WITH_KNOTS('',6,(#11554,#11555,#11556,#11557,
    #11558,#11559,#11560),.UNSPECIFIED.,.F.,.F.,(7,7),(-0.478577328328,
    -1.570092458684E-16),.PIECEWISE_BEZIER_KNOTS.);
#11554 = CARTESIAN_POINT('',(3.465700959974,0.169244897203));
#11555 = CARTESIAN_POINT('',(3.537126960994,0.111757263392));
#11556 = CARTESIAN_POINT('',(3.611595797972,6.663182017622E-02));
#11557 = CARTESIAN_POINT('',(3.688614594437,3.321024912343E-02));
#11558 = CARTESIAN_POINT('',(3.767465250068,1.107008796805E-02));
#11559 = CARTESIAN_POINT('',(3.847227928933,1.696643314192E-15));
#11560 = CARTESIAN_POINT('',(3.926990816987,1.665334536938E-15));
#11561 = ( GEOMETRIC_REPRESENTATION_CONTEXT(2) 
PARAMETRIC_REPRESENTATION_CONTEXT() REPRESENTATION_CONTEXT('2D SPACE',''
  ) );
#11562 = PCURVE('',#7883,#11563);
#11563 = DEFINITIONAL_REPRESENTATION('',(#11564),#11568);
#11564 = ( BOUNDED_CURVE() B_SPLINE_CURVE(2,(#11565,#11566,#11567),
.UNSPECIFIED.,.F.,.F.) B_SPLINE_CURVE_WITH_KNOTS((3,3),(-0.478577328328,
-1.570092458684E-16),.PIECEWISE_BEZIER_KNOTS.) CURVE() 
GEOMETRIC_REPRESENTATION_ITEM() RATIONAL_B_SPLINE_CURVE((1.,
1.028766401755,1.)) REPRESENTATION_ITEM('') );
#11565 = CARTESIAN_POINT('',(0.729268401471,-2.319244897203));
#11566 = CARTESIAN_POINT('',(1.109505561508,-2.15));
#11567 = CARTESIAN_POINT('',(1.45,-2.15));
#11568 = ( GEOMETRIC_REPRESENTATION_CONTEXT(2) 
PARAMETRIC_REPRESENTATION_CONTEXT() REPRESENTATION_CONTEXT('2D SPACE',''
  ) );
#11569 = ORIENTED_EDGE('',*,*,#11570,.T.);
#11570 = EDGE_CURVE('',#11543,#11571,#11573,.T.);
#11571 = VERTEX_POINT('',#11572);
#11572 = CARTESIAN_POINT('',(-10.85060966544,18.619468690424,-27.55));
#11573 = SURFACE_CURVE('',#11574,(#11579,#11590),.PCURVE_S1.);
#11574 = HYPERBOLA('',#11575,1.45,1.45);
#11575 = AXIS2_PLACEMENT_3D('',#11576,#11577,#11578);
#11576 = CARTESIAN_POINT('',(-11.27530483272,17.05,-27.97469516728));
#11577 = DIRECTION('',(0.707106781187,0.,-0.707106781187));
#11578 = DIRECTION('',(1.110223024625E-16,1.,1.110223024625E-16));
#11579 = PCURVE('',#6956,#11580);
#11580 = DEFINITIONAL_REPRESENTATION('',(#11581),#11589);
#11581 = B_SPLINE_CURVE_WITH_KNOTS('',6,(#11582,#11583,#11584,#11585,
    #11586,#11587,#11588),.UNSPECIFIED.,.F.,.F.,(7,7),(
    -1.570092458684E-16,0.478577328328),.PIECEWISE_BEZIER_KNOTS.);
#11582 = CARTESIAN_POINT('',(3.926990816987,1.665334536938E-15));
#11583 = CARTESIAN_POINT('',(4.006753705042,1.634025759683E-15));
#11584 = CARTESIAN_POINT('',(4.086516383906,1.107008796805E-02));
#11585 = CARTESIAN_POINT('',(4.165367039537,3.321024912343E-02));
#11586 = CARTESIAN_POINT('',(4.242385836002,6.663182017622E-02));
#11587 = CARTESIAN_POINT('',(4.31685467298,0.111757263392));
#11588 = CARTESIAN_POINT('',(4.388280674,0.169244897203));
#11589 = ( GEOMETRIC_REPRESENTATION_CONTEXT(2) 
PARAMETRIC_REPRESENTATION_CONTEXT() REPRESENTATION_CONTEXT('2D SPACE',''
  ) );
#11590 = PCURVE('',#7883,#11591);
#11591 = DEFINITIONAL_REPRESENTATION('',(#11592),#11596);
#11592 = ( BOUNDED_CURVE() B_SPLINE_CURVE(2,(#11593,#11594,#11595),
.UNSPECIFIED.,.F.,.F.) B_SPLINE_CURVE_WITH_KNOTS((3,3),(
-1.570092458684E-16,0.478577328328),.PIECEWISE_BEZIER_KNOTS.) CURVE() 
GEOMETRIC_REPRESENTATION_ITEM() RATIONAL_B_SPLINE_CURVE((1.,
1.028766401755,1.)) REPRESENTATION_ITEM('') );
#11593 = CARTESIAN_POINT('',(1.45,-2.15));
#11594 = CARTESIAN_POINT('',(1.790494438492,-2.15));
#11595 = CARTESIAN_POINT('',(2.170731598529,-2.319244897203));
#11596 = ( GEOMETRIC_REPRESENTATION_CONTEXT(2) 
PARAMETRIC_REPRESENTATION_CONTEXT() REPRESENTATION_CONTEXT('2D SPACE',''
  ) );
#11597 = ORIENTED_EDGE('',*,*,#11598,.F.);
#11598 = EDGE_CURVE('',#11599,#11571,#11601,.T.);
#11599 = VERTEX_POINT('',#11600);
#11600 = CARTESIAN_POINT('',(-10.25,18.5,-27.55));
#11601 = SURFACE_CURVE('',#11602,(#11607,#11618),.PCURVE_S1.);
#11602 = HYPERBOLA('',#11603,1.45,1.45);
#11603 = AXIS2_PLACEMENT_3D('',#11604,#11605,#11606);
#11604 = CARTESIAN_POINT('',(-10.25,17.05,-27.55));
#11605 = DIRECTION('',(0.,0.,1.));
#11606 = DIRECTION('',(0.,1.,-0.));
#11607 = PCURVE('',#6956,#11608);
#11608 = DEFINITIONAL_REPRESENTATION('',(#11609),#11617);
#11609 = B_SPLINE_CURVE_WITH_KNOTS('',6,(#11610,#11611,#11612,#11613,
    #11614,#11615,#11616),.UNSPECIFIED.,.F.,.F.,(7,7),(
    3.249766187952E-08,0.478577328328),.PIECEWISE_BEZIER_KNOTS.);
#11610 = CARTESIAN_POINT('',(4.712388947887,0.));
#11611 = CARTESIAN_POINT('',(4.632626065249,3.758555412078E-09));
#11612 = CARTESIAN_POINT('',(4.552863392048,1.107009398173E-02));
#11613 = CARTESIAN_POINT('',(4.474012742144,3.321025593188E-02));
#11614 = CARTESIAN_POINT('',(4.396993951256,6.663182630467E-02));
#11615 = CARTESIAN_POINT('',(4.322525119541,0.111757267296));
#11616 = CARTESIAN_POINT('',(4.251099123371,0.169244897203));
#11617 = ( GEOMETRIC_REPRESENTATION_CONTEXT(2) 
PARAMETRIC_REPRESENTATION_CONTEXT() REPRESENTATION_CONTEXT('2D SPACE',''
  ) );
#11618 = PCURVE('',#7857,#11619);
#11619 = DEFINITIONAL_REPRESENTATION('',(#11620),#11624);
#11620 = ( BOUNDED_CURVE() B_SPLINE_CURVE(2,(#11621,#11622,#11623),
.UNSPECIFIED.,.F.,.F.) B_SPLINE_CURVE_WITH_KNOTS((3,3),(
3.249766187952E-08,0.478577328328),.PIECEWISE_BEZIER_KNOTS.) CURVE() 
GEOMETRIC_REPRESENTATION_ITEM() RATIONAL_B_SPLINE_CURVE((1.,
1.02876639783,1.)) REPRESENTATION_ITEM('') );
#11621 = CARTESIAN_POINT('',(1.449999952878,2.15));
#11622 = CARTESIAN_POINT('',(1.109505536648,2.150000011065));
#11623 = CARTESIAN_POINT('',(0.729268401471,2.319244897203));
#11624 = ( GEOMETRIC_REPRESENTATION_CONTEXT(2) 
PARAMETRIC_REPRESENTATION_CONTEXT() REPRESENTATION_CONTEXT('2D SPACE',''
  ) );
#11625 = ORIENTED_EDGE('',*,*,#11626,.F.);
#11626 = EDGE_CURVE('',#11627,#11599,#11629,.T.);
#11627 = VERTEX_POINT('',#11628);
#11628 = CARTESIAN_POINT('',(-9.649390334559,18.619468690424,-27.55));
#11629 = SURFACE_CURVE('',#11630,(#11635,#11646),.PCURVE_S1.);
#11630 = HYPERBOLA('',#11631,1.45,1.45);
#11631 = AXIS2_PLACEMENT_3D('',#11632,#11633,#11634);
#11632 = CARTESIAN_POINT('',(-10.25,17.05,-27.55));
#11633 = DIRECTION('',(0.,0.,1.));
#11634 = DIRECTION('',(0.,1.,-0.));
#11635 = PCURVE('',#6956,#11636);
#11636 = DEFINITIONAL_REPRESENTATION('',(#11637),#11645);
#11637 = B_SPLINE_CURVE_WITH_KNOTS('',6,(#11638,#11639,#11640,#11641,
    #11642,#11643,#11644),.UNSPECIFIED.,.F.,.F.,(7,7),(-0.478577328328,
    3.249766187952E-08),.PIECEWISE_BEZIER_KNOTS.);
#11638 = CARTESIAN_POINT('',(5.173678837398,0.169244897203));
#11639 = CARTESIAN_POINT('',(5.102252831528,0.111757259489));
#11640 = CARTESIAN_POINT('',(5.027783989286,6.663181404776E-02));
#11641 = CARTESIAN_POINT('',(4.950765187245,3.321024231498E-02));
#11642 = CARTESIAN_POINT('',(4.871914525887,1.107008195436E-02));
#11643 = CARTESIAN_POINT('',(4.792151841358,-3.758555922526E-09));
#11644 = CARTESIAN_POINT('',(4.712388947887,0.));
#11645 = ( GEOMETRIC_REPRESENTATION_CONTEXT(2) 
PARAMETRIC_REPRESENTATION_CONTEXT() REPRESENTATION_CONTEXT('2D SPACE',''
  ) );
#11646 = PCURVE('',#7857,#11647);
#11647 = DEFINITIONAL_REPRESENTATION('',(#11648),#11652);
#11648 = ( BOUNDED_CURVE() B_SPLINE_CURVE(2,(#11649,#11650,#11651),
.UNSPECIFIED.,.F.,.F.) B_SPLINE_CURVE_WITH_KNOTS((3,3),(-0.478577328328,
3.249766187952E-08),.PIECEWISE_BEZIER_KNOTS.) CURVE() 
GEOMETRIC_REPRESENTATION_ITEM() RATIONAL_B_SPLINE_CURVE((1.,
1.028766405681,1.)) REPRESENTATION_ITEM('') );
#11649 = CARTESIAN_POINT('',(2.170731598529,2.319244897203));
#11650 = CARTESIAN_POINT('',(1.790494413632,2.149999988935));
#11651 = CARTESIAN_POINT('',(1.449999952878,2.15));
#11652 = ( GEOMETRIC_REPRESENTATION_CONTEXT(2) 
PARAMETRIC_REPRESENTATION_CONTEXT() REPRESENTATION_CONTEXT('2D SPACE',''
  ) );
#11653 = ORIENTED_EDGE('',*,*,#11654,.F.);
#11654 = EDGE_CURVE('',#11655,#11627,#11657,.T.);
#11655 = VERTEX_POINT('',#11656);
#11656 = CARTESIAN_POINT('',(-9.22469516728,18.5,-27.97469516728));
#11657 = SURFACE_CURVE('',#11658,(#11663,#11674),.PCURVE_S1.);
#11658 = HYPERBOLA('',#11659,1.45,1.45);
#11659 = AXIS2_PLACEMENT_3D('',#11660,#11661,#11662);
#11660 = CARTESIAN_POINT('',(-9.22469516728,17.05,-27.97469516728));
#11661 = DIRECTION('',(0.707106781187,0.,0.707106781187));
#11662 = DIRECTION('',(-1.110223024625E-16,1.,1.110223024625E-16));
#11663 = PCURVE('',#6956,#11664);
#11664 = DEFINITIONAL_REPRESENTATION('',(#11665),#11673);
#11665 = B_SPLINE_CURVE_WITH_KNOTS('',6,(#11666,#11667,#11668,#11669,
    #11670,#11671,#11672),.UNSPECIFIED.,.F.,.F.,(7,7),(
    -1.570092458684E-16,0.478577328328),.PIECEWISE_BEZIER_KNOTS.);
#11666 = CARTESIAN_POINT('',(5.497787143782,-1.110223024625E-16));
#11667 = CARTESIAN_POINT('',(5.418024255727,-9.849879156077E-17));
#11668 = CARTESIAN_POINT('',(5.338261576863,1.107008796805E-02));
#11669 = CARTESIAN_POINT('',(5.259410921232,3.321024912343E-02));
#11670 = CARTESIAN_POINT('',(5.182392124767,6.663182017621E-02));
#11671 = CARTESIAN_POINT('',(5.107923287789,0.111757263392));
#11672 = CARTESIAN_POINT('',(5.036497286769,0.169244897203));
#11673 = ( GEOMETRIC_REPRESENTATION_CONTEXT(2) 
PARAMETRIC_REPRESENTATION_CONTEXT() REPRESENTATION_CONTEXT('2D SPACE',''
  ) );
#11674 = PCURVE('',#7992,#11675);
#11675 = DEFINITIONAL_REPRESENTATION('',(#11676),#11680);
#11676 = ( BOUNDED_CURVE() B_SPLINE_CURVE(2,(#11677,#11678,#11679),
.UNSPECIFIED.,.F.,.F.) B_SPLINE_CURVE_WITH_KNOTS((3,3),(
-1.570092458684E-16,0.478577328328),.PIECEWISE_BEZIER_KNOTS.) CURVE() 
GEOMETRIC_REPRESENTATION_ITEM() RATIONAL_B_SPLINE_CURVE((1.,
1.028766401755,1.)) REPRESENTATION_ITEM('') );
#11677 = CARTESIAN_POINT('',(1.45,2.15));
#11678 = CARTESIAN_POINT('',(1.109505561508,2.15));
#11679 = CARTESIAN_POINT('',(0.729268401471,2.319244897203));
#11680 = ( GEOMETRIC_REPRESENTATION_CONTEXT(2) 
PARAMETRIC_REPRESENTATION_CONTEXT() REPRESENTATION_CONTEXT('2D SPACE',''
  ) );
#11681 = ORIENTED_EDGE('',*,*,#11682,.F.);
#11682 = EDGE_CURVE('',#11683,#11655,#11685,.T.);
#11683 = VERTEX_POINT('',#11684);
#11684 = CARTESIAN_POINT('',(-8.8,18.619468690424,-28.39939033455));
#11685 = SURFACE_CURVE('',#11686,(#11691,#11702),.PCURVE_S1.);
#11686 = HYPERBOLA('',#11687,1.45,1.45);
#11687 = AXIS2_PLACEMENT_3D('',#11688,#11689,#11690);
#11688 = CARTESIAN_POINT('',(-9.22469516728,17.05,-27.97469516728));
#11689 = DIRECTION('',(0.707106781187,0.,0.707106781187));
#11690 = DIRECTION('',(-1.110223024625E-16,1.,1.110223024625E-16));
#11691 = PCURVE('',#6956,#11692);
#11692 = DEFINITIONAL_REPRESENTATION('',(#11693),#11701);
#11693 = B_SPLINE_CURVE_WITH_KNOTS('',6,(#11694,#11695,#11696,#11697,
    #11698,#11699,#11700),.UNSPECIFIED.,.F.,.F.,(7,7),(-0.478577328328,
    -1.570092458684E-16),.PIECEWISE_BEZIER_KNOTS.);
#11694 = CARTESIAN_POINT('',(5.959077000795,0.169244897203));
#11695 = CARTESIAN_POINT('',(5.887650999775,0.111757263392));
#11696 = CARTESIAN_POINT('',(5.813182162797,6.663182017622E-02));
#11697 = CARTESIAN_POINT('',(5.736163366333,3.321024912342E-02));
#11698 = CARTESIAN_POINT('',(5.657312710701,1.107008796805E-02));
#11699 = CARTESIAN_POINT('',(5.577550031837,-1.235458133643E-16));
#11700 = CARTESIAN_POINT('',(5.497787143782,-1.110223024625E-16));
#11701 = ( GEOMETRIC_REPRESENTATION_CONTEXT(2) 
PARAMETRIC_REPRESENTATION_CONTEXT() REPRESENTATION_CONTEXT('2D SPACE',''
  ) );
#11702 = PCURVE('',#7992,#11703);
#11703 = DEFINITIONAL_REPRESENTATION('',(#11704),#11708);
#11704 = ( BOUNDED_CURVE() B_SPLINE_CURVE(2,(#11705,#11706,#11707),
.UNSPECIFIED.,.F.,.F.) B_SPLINE_CURVE_WITH_KNOTS((3,3),(-0.478577328328,
-1.570092458684E-16),.PIECEWISE_BEZIER_KNOTS.) CURVE() 
GEOMETRIC_REPRESENTATION_ITEM() RATIONAL_B_SPLINE_CURVE((1.,
1.028766401755,1.)) REPRESENTATION_ITEM('') );
#11705 = CARTESIAN_POINT('',(2.170731598529,2.319244897203));
#11706 = CARTESIAN_POINT('',(1.790494438492,2.15));
#11707 = CARTESIAN_POINT('',(1.45,2.15));
#11708 = ( GEOMETRIC_REPRESENTATION_CONTEXT(2) 
PARAMETRIC_REPRESENTATION_CONTEXT() REPRESENTATION_CONTEXT('2D SPACE',''
  ) );
#11709 = ORIENTED_EDGE('',*,*,#11710,.F.);
#11710 = EDGE_CURVE('',#11468,#11683,#11711,.T.);
#11711 = SURFACE_CURVE('',#11712,(#11717,#11728),.PCURVE_S1.);
#11712 = HYPERBOLA('',#11713,1.45,1.45);
#11713 = AXIS2_PLACEMENT_3D('',#11714,#11715,#11716);
#11714 = CARTESIAN_POINT('',(-8.8,17.05,-29.));
#11715 = DIRECTION('',(1.,0.,0.));
#11716 = DIRECTION('',(-0.,1.,2.22044604925E-16));
#11717 = PCURVE('',#6956,#11718);
#11718 = DEFINITIONAL_REPRESENTATION('',(#11719),#11727);
#11719 = B_SPLINE_CURVE_WITH_KNOTS('',6,(#11720,#11721,#11722,#11723,
    #11724,#11725,#11726),.UNSPECIFIED.,.F.,.F.,(7,7),(
    -2.22044604925E-16,0.44118284331),.PIECEWISE_BEZIER_KNOTS.);
#11720 = CARTESIAN_POINT('',(6.28318530718,2.331468351713E-15));
#11721 = CARTESIAN_POINT('',(6.209654833295,2.319631244071E-15));
#11722 = CARTESIAN_POINT('',(6.136124491467,9.407712323586E-03));
#11723 = CARTESIAN_POINT('',(6.063308879759,2.822312927254E-02));
#11724 = CARTESIAN_POINT('',(5.99192753651,5.659887131459E-02));
#11725 = CARTESIAN_POINT('',(5.922567462212,9.484006938225E-02));
#11726 = CARTESIAN_POINT('',(5.855655272715,0.143419494034));
#11727 = ( GEOMETRIC_REPRESENTATION_CONTEXT(2) 
PARAMETRIC_REPRESENTATION_CONTEXT() REPRESENTATION_CONTEXT('2D SPACE',''
  ) );
#11728 = PCURVE('',#7968,#11729);
#11729 = DEFINITIONAL_REPRESENTATION('',(#11730),#11734);
#11730 = ( BOUNDED_CURVE() B_SPLINE_CURVE(2,(#11731,#11732,#11733),
.UNSPECIFIED.,.F.,.F.) B_SPLINE_CURVE_WITH_KNOTS((3,3),(
-2.22044604925E-16,0.44118284331),.PIECEWISE_BEZIER_KNOTS.) CURVE() 
GEOMETRIC_REPRESENTATION_ITEM() RATIONAL_B_SPLINE_CURVE((1.,
1.024429108305,1.)) REPRESENTATION_ITEM('') );
#11731 = CARTESIAN_POINT('',(4.437342591868E-31,-2.15));
#11732 = CARTESIAN_POINT('',(0.314768443278,-2.15));
#11733 = CARTESIAN_POINT('',(0.660670631985,-2.293419494034));
#11734 = ( GEOMETRIC_REPRESENTATION_CONTEXT(2) 
PARAMETRIC_REPRESENTATION_CONTEXT() REPRESENTATION_CONTEXT('2D SPACE',''
  ) );
#11735 = ORIENTED_EDGE('',*,*,#11467,.T.);
#11736 = ADVANCED_FACE('',(#11737),#6987,.F.);
#11737 = FACE_BOUND('',#11738,.F.);
#11738 = EDGE_LOOP('',(#11739,#11740,#11763,#11787,#11815,#11843,#11871,
    #11899,#11927,#11955,#11983,#12009));
#11739 = ORIENTED_EDGE('',*,*,#6970,.F.);
#11740 = ORIENTED_EDGE('',*,*,#11741,.F.);
#11741 = EDGE_CURVE('',#11742,#6971,#11744,.T.);
#11742 = VERTEX_POINT('',#11743);
#11743 = CARTESIAN_POINT('',(-8.8,18.5,-8.3));
#11744 = SEAM_CURVE('',#11745,(#11749,#11756),.PCURVE_S1.);
#11745 = LINE('',#11746,#11747);
#11746 = CARTESIAN_POINT('',(-8.8,18.5,-8.3));
#11747 = VECTOR('',#11748,1.);
#11748 = DIRECTION('',(0.707106781187,0.707106781187,3.302004571155E-16)
  );
#11749 = PCURVE('',#6987,#11750);
#11750 = DEFINITIONAL_REPRESENTATION('',(#11751),#11755);
#11751 = LINE('',#11752,#11753);
#11752 = CARTESIAN_POINT('',(6.28318530718,-0.));
#11753 = VECTOR('',#11754,1.);
#11754 = DIRECTION('',(0.,1.));
#11755 = ( GEOMETRIC_REPRESENTATION_CONTEXT(2) 
PARAMETRIC_REPRESENTATION_CONTEXT() REPRESENTATION_CONTEXT('2D SPACE',''
  ) );
#11756 = PCURVE('',#6987,#11757);
#11757 = DEFINITIONAL_REPRESENTATION('',(#11758),#11762);
#11758 = LINE('',#11759,#11760);
#11759 = CARTESIAN_POINT('',(0.,-0.));
#11760 = VECTOR('',#11761,1.);
#11761 = DIRECTION('',(0.,1.));
#11762 = ( GEOMETRIC_REPRESENTATION_CONTEXT(2) 
PARAMETRIC_REPRESENTATION_CONTEXT() REPRESENTATION_CONTEXT('2D SPACE',''
  ) );
#11763 = ORIENTED_EDGE('',*,*,#11764,.T.);
#11764 = EDGE_CURVE('',#11742,#11765,#11767,.T.);
#11765 = VERTEX_POINT('',#11766);
#11766 = CARTESIAN_POINT('',(-11.7,18.5,-8.3));
#11767 = SURFACE_CURVE('',#11768,(#11773,#11780),.PCURVE_S1.);
#11768 = CIRCLE('',#11769,1.45);
#11769 = AXIS2_PLACEMENT_3D('',#11770,#11771,#11772);
#11770 = CARTESIAN_POINT('',(-10.25,18.5,-8.3));
#11771 = DIRECTION('',(0.,1.,2.22044604925E-16));
#11772 = DIRECTION('',(1.,0.,-0.));
#11773 = PCURVE('',#6987,#11774);
#11774 = DEFINITIONAL_REPRESENTATION('',(#11775),#11779);
#11775 = LINE('',#11776,#11777);
#11776 = CARTESIAN_POINT('',(0.,0.));
#11777 = VECTOR('',#11778,1.);
#11778 = DIRECTION('',(1.,0.));
#11779 = ( GEOMETRIC_REPRESENTATION_CONTEXT(2) 
PARAMETRIC_REPRESENTATION_CONTEXT() REPRESENTATION_CONTEXT('2D SPACE',''
  ) );
#11780 = PCURVE('',#8106,#11781);
#11781 = DEFINITIONAL_REPRESENTATION('',(#11782),#11786);
#11782 = LINE('',#11783,#11784);
#11783 = CARTESIAN_POINT('',(6.28318530718,2.25));
#11784 = VECTOR('',#11785,1.);
#11785 = DIRECTION('',(-1.,0.));
#11786 = ( GEOMETRIC_REPRESENTATION_CONTEXT(2) 
PARAMETRIC_REPRESENTATION_CONTEXT() REPRESENTATION_CONTEXT('2D SPACE',''
  ) );
#11787 = ORIENTED_EDGE('',*,*,#11788,.T.);
#11788 = EDGE_CURVE('',#11765,#11789,#11791,.T.);
#11789 = VERTEX_POINT('',#11790);
#11790 = CARTESIAN_POINT('',(-11.7,18.619468690424,-7.699390334559));
#11791 = SURFACE_CURVE('',#11792,(#11797,#11808),.PCURVE_S1.);
#11792 = HYPERBOLA('',#11793,1.45,1.45);
#11793 = AXIS2_PLACEMENT_3D('',#11794,#11795,#11796);
#11794 = CARTESIAN_POINT('',(-11.7,17.05,-8.3));
#11795 = DIRECTION('',(1.,0.,0.));
#11796 = DIRECTION('',(-0.,1.,2.22044604925E-16));
#11797 = PCURVE('',#6987,#11798);
#11798 = DEFINITIONAL_REPRESENTATION('',(#11799),#11807);
#11799 = B_SPLINE_CURVE_WITH_KNOTS('',6,(#11800,#11801,#11802,#11803,
    #11804,#11805,#11806),.UNSPECIFIED.,.F.,.F.,(7,7),(
    -3.249766210157E-08,0.44118284331),.PIECEWISE_BEZIER_KNOTS.);
#11800 = CARTESIAN_POINT('',(3.141592621092,0.));
#11801 = CARTESIAN_POINT('',(3.215123100393,-3.464874567731E-09));
#11802 = CARTESIAN_POINT('',(3.288653447848,9.407706779796E-03));
#11803 = CARTESIAN_POINT('',(3.361469065236,2.822312300203E-02));
#11804 = CARTESIAN_POINT('',(3.432850414042,5.659886568088E-02));
#11805 = CARTESIAN_POINT('',(3.502210493629,9.484006580387E-02));
#11806 = CARTESIAN_POINT('',(3.569122688054,0.143419494034));
#11807 = ( GEOMETRIC_REPRESENTATION_CONTEXT(2) 
PARAMETRIC_REPRESENTATION_CONTEXT() REPRESENTATION_CONTEXT('2D SPACE',''
  ) );
#11808 = PCURVE('',#8074,#11809);
#11809 = DEFINITIONAL_REPRESENTATION('',(#11810),#11814);
#11810 = ( BOUNDED_CURVE() B_SPLINE_CURVE(2,(#11811,#11812,#11813),
.UNSPECIFIED.,.F.,.F.) B_SPLINE_CURVE_WITH_KNOTS((3,3),(
-3.249766210157E-08,0.44118284331),.PIECEWISE_BEZIER_KNOTS.) CURVE() 
GEOMETRIC_REPRESENTATION_ITEM() RATIONAL_B_SPLINE_CURVE((1.,
1.024429111919,1.)) REPRESENTATION_ITEM('') );
#11811 = CARTESIAN_POINT('',(-4.712160972531E-08,-2.15));
#11812 = CARTESIAN_POINT('',(0.314768418607,-2.149999989771));
#11813 = CARTESIAN_POINT('',(0.660670631985,-2.293419494034));
#11814 = ( GEOMETRIC_REPRESENTATION_CONTEXT(2) 
PARAMETRIC_REPRESENTATION_CONTEXT() REPRESENTATION_CONTEXT('2D SPACE',''
  ) );
#11815 = ORIENTED_EDGE('',*,*,#11816,.T.);
#11816 = EDGE_CURVE('',#11789,#11817,#11819,.T.);
#11817 = VERTEX_POINT('',#11818);
#11818 = CARTESIAN_POINT('',(-11.27530483272,18.5,-7.27469516728));
#11819 = SURFACE_CURVE('',#11820,(#11825,#11836),.PCURVE_S1.);
#11820 = HYPERBOLA('',#11821,1.45,1.45);
#11821 = AXIS2_PLACEMENT_3D('',#11822,#11823,#11824);
#11822 = CARTESIAN_POINT('',(-11.27530483272,17.05,-7.27469516728));
#11823 = DIRECTION('',(0.707106781187,0.,-0.707106781187));
#11824 = DIRECTION('',(1.110223024625E-16,1.,1.110223024625E-16));
#11825 = PCURVE('',#6987,#11826);
#11826 = DEFINITIONAL_REPRESENTATION('',(#11827),#11835);
#11827 = B_SPLINE_CURVE_WITH_KNOTS('',6,(#11828,#11829,#11830,#11831,
    #11832,#11833,#11834),.UNSPECIFIED.,.F.,.F.,(7,7),(-0.478577328328,
    -1.570092458684E-16),.PIECEWISE_BEZIER_KNOTS.);
#11828 = CARTESIAN_POINT('',(3.465700959974,0.169244897203));
#11829 = CARTESIAN_POINT('',(3.537126960994,0.111757263392));
#11830 = CARTESIAN_POINT('',(3.611595797972,6.663182017623E-02));
#11831 = CARTESIAN_POINT('',(3.688614594437,3.321024912342E-02));
#11832 = CARTESIAN_POINT('',(3.767465250068,1.107008796806E-02));
#11833 = CARTESIAN_POINT('',(3.847227928933,1.271339370695E-15));
#11834 = CARTESIAN_POINT('',(3.926990816987,1.221245327088E-15));
#11835 = ( GEOMETRIC_REPRESENTATION_CONTEXT(2) 
PARAMETRIC_REPRESENTATION_CONTEXT() REPRESENTATION_CONTEXT('2D SPACE',''
  ) );
#11836 = PCURVE('',#8048,#11837);
#11837 = DEFINITIONAL_REPRESENTATION('',(#11838),#11842);
#11838 = ( BOUNDED_CURVE() B_SPLINE_CURVE(2,(#11839,#11840,#11841),
.UNSPECIFIED.,.F.,.F.) B_SPLINE_CURVE_WITH_KNOTS((3,3),(-0.478577328328,
-1.570092458684E-16),.PIECEWISE_BEZIER_KNOTS.) CURVE() 
GEOMETRIC_REPRESENTATION_ITEM() RATIONAL_B_SPLINE_CURVE((1.,
1.028766401755,1.)) REPRESENTATION_ITEM('') );
#11839 = CARTESIAN_POINT('',(0.729268401471,-2.319244897203));
#11840 = CARTESIAN_POINT('',(1.109505561508,-2.15));
#11841 = CARTESIAN_POINT('',(1.45,-2.15));
#11842 = ( GEOMETRIC_REPRESENTATION_CONTEXT(2) 
PARAMETRIC_REPRESENTATION_CONTEXT() REPRESENTATION_CONTEXT('2D SPACE',''
  ) );
#11843 = ORIENTED_EDGE('',*,*,#11844,.T.);
#11844 = EDGE_CURVE('',#11817,#11845,#11847,.T.);
#11845 = VERTEX_POINT('',#11846);
#11846 = CARTESIAN_POINT('',(-10.85060966544,18.619468690424,-6.85));
#11847 = SURFACE_CURVE('',#11848,(#11853,#11864),.PCURVE_S1.);
#11848 = HYPERBOLA('',#11849,1.45,1.45);
#11849 = AXIS2_PLACEMENT_3D('',#11850,#11851,#11852);
#11850 = CARTESIAN_POINT('',(-11.27530483272,17.05,-7.27469516728));
#11851 = DIRECTION('',(0.707106781187,0.,-0.707106781187));
#11852 = DIRECTION('',(1.110223024625E-16,1.,1.110223024625E-16));
#11853 = PCURVE('',#6987,#11854);
#11854 = DEFINITIONAL_REPRESENTATION('',(#11855),#11863);
#11855 = B_SPLINE_CURVE_WITH_KNOTS('',6,(#11856,#11857,#11858,#11859,
    #11860,#11861,#11862),.UNSPECIFIED.,.F.,.F.,(7,7),(
    -1.570092458684E-16,0.478577328328),.PIECEWISE_BEZIER_KNOTS.);
#11856 = CARTESIAN_POINT('',(3.926990816987,1.221245327088E-15));
#11857 = CARTESIAN_POINT('',(4.006753705042,1.171151283481E-15));
#11858 = CARTESIAN_POINT('',(4.086516383906,1.107008796805E-02));
#11859 = CARTESIAN_POINT('',(4.165367039538,3.321024912343E-02));
#11860 = CARTESIAN_POINT('',(4.242385836002,6.663182017622E-02));
#11861 = CARTESIAN_POINT('',(4.31685467298,0.111757263392));
#11862 = CARTESIAN_POINT('',(4.388280674,0.169244897203));
#11863 = ( GEOMETRIC_REPRESENTATION_CONTEXT(2) 
PARAMETRIC_REPRESENTATION_CONTEXT() REPRESENTATION_CONTEXT('2D SPACE',''
  ) );
#11864 = PCURVE('',#8048,#11865);
#11865 = DEFINITIONAL_REPRESENTATION('',(#11866),#11870);
#11866 = ( BOUNDED_CURVE() B_SPLINE_CURVE(2,(#11867,#11868,#11869),
.UNSPECIFIED.,.F.,.F.) B_SPLINE_CURVE_WITH_KNOTS((3,3),(
-1.570092458684E-16,0.478577328328),.PIECEWISE_BEZIER_KNOTS.) CURVE() 
GEOMETRIC_REPRESENTATION_ITEM() RATIONAL_B_SPLINE_CURVE((1.,
1.028766401755,1.)) REPRESENTATION_ITEM('') );
#11867 = CARTESIAN_POINT('',(1.45,-2.15));
#11868 = CARTESIAN_POINT('',(1.790494438492,-2.15));
#11869 = CARTESIAN_POINT('',(2.170731598529,-2.319244897203));
#11870 = ( GEOMETRIC_REPRESENTATION_CONTEXT(2) 
PARAMETRIC_REPRESENTATION_CONTEXT() REPRESENTATION_CONTEXT('2D SPACE',''
  ) );
#11871 = ORIENTED_EDGE('',*,*,#11872,.F.);
#11872 = EDGE_CURVE('',#11873,#11845,#11875,.T.);
#11873 = VERTEX_POINT('',#11874);
#11874 = CARTESIAN_POINT('',(-10.25,18.5,-6.85));
#11875 = SURFACE_CURVE('',#11876,(#11881,#11892),.PCURVE_S1.);
#11876 = HYPERBOLA('',#11877,1.45,1.45);
#11877 = AXIS2_PLACEMENT_3D('',#11878,#11879,#11880);
#11878 = CARTESIAN_POINT('',(-10.25,17.05,-6.85));
#11879 = DIRECTION('',(0.,0.,1.));
#11880 = DIRECTION('',(0.,1.,-0.));
#11881 = PCURVE('',#6987,#11882);
#11882 = DEFINITIONAL_REPRESENTATION('',(#11883),#11891);
#11883 = B_SPLINE_CURVE_WITH_KNOTS('',6,(#11884,#11885,#11886,#11887,
    #11888,#11889,#11890),.UNSPECIFIED.,.F.,.F.,(7,7),(0.,0.478577328328
    ),.PIECEWISE_BEZIER_KNOTS.);
#11884 = CARTESIAN_POINT('',(4.712388980385,1.443289932013E-15));
#11885 = CARTESIAN_POINT('',(4.63262609233,1.453912780516E-15));
#11886 = CARTESIAN_POINT('',(4.552863413466,1.107008796806E-02));
#11887 = CARTESIAN_POINT('',(4.474012757834,3.321024912343E-02));
#11888 = CARTESIAN_POINT('',(4.39699396137,6.663182017622E-02));
#11889 = CARTESIAN_POINT('',(4.322525124391,0.111757263392));
#11890 = CARTESIAN_POINT('',(4.251099123371,0.169244897203));
#11891 = ( GEOMETRIC_REPRESENTATION_CONTEXT(2) 
PARAMETRIC_REPRESENTATION_CONTEXT() REPRESENTATION_CONTEXT('2D SPACE',''
  ) );
#11892 = PCURVE('',#8022,#11893);
#11893 = DEFINITIONAL_REPRESENTATION('',(#11894),#11898);
#11894 = ( BOUNDED_CURVE() B_SPLINE_CURVE(2,(#11895,#11896,#11897),
.UNSPECIFIED.,.F.,.F.) B_SPLINE_CURVE_WITH_KNOTS((3,3),(0.,
0.478577328328),.PIECEWISE_BEZIER_KNOTS.) CURVE() 
GEOMETRIC_REPRESENTATION_ITEM() RATIONAL_B_SPLINE_CURVE((1.,
1.028766401755,1.)) REPRESENTATION_ITEM('') );
#11895 = CARTESIAN_POINT('',(1.45,2.15));
#11896 = CARTESIAN_POINT('',(1.109505561508,2.15));
#11897 = CARTESIAN_POINT('',(0.729268401471,2.319244897203));
#11898 = ( GEOMETRIC_REPRESENTATION_CONTEXT(2) 
PARAMETRIC_REPRESENTATION_CONTEXT() REPRESENTATION_CONTEXT('2D SPACE',''
  ) );
#11899 = ORIENTED_EDGE('',*,*,#11900,.F.);
#11900 = EDGE_CURVE('',#11901,#11873,#11903,.T.);
#11901 = VERTEX_POINT('',#11902);
#11902 = CARTESIAN_POINT('',(-9.649390334559,18.619468690424,-6.85));
#11903 = SURFACE_CURVE('',#11904,(#11909,#11920),.PCURVE_S1.);
#11904 = HYPERBOLA('',#11905,1.45,1.45);
#11905 = AXIS2_PLACEMENT_3D('',#11906,#11907,#11908);
#11906 = CARTESIAN_POINT('',(-10.25,17.05,-6.85));
#11907 = DIRECTION('',(0.,0.,1.));
#11908 = DIRECTION('',(0.,1.,-0.));
#11909 = PCURVE('',#6987,#11910);
#11910 = DEFINITIONAL_REPRESENTATION('',(#11911),#11919);
#11911 = B_SPLINE_CURVE_WITH_KNOTS('',6,(#11912,#11913,#11914,#11915,
    #11916,#11917,#11918),.UNSPECIFIED.,.F.,.F.,(7,7),(-0.478577328328,
    0.),.PIECEWISE_BEZIER_KNOTS.);
#11912 = CARTESIAN_POINT('',(5.173678837398,0.169244897203));
#11913 = CARTESIAN_POINT('',(5.102252836378,0.111757263392));
#11914 = CARTESIAN_POINT('',(5.027783999399,6.663182017622E-02));
#11915 = CARTESIAN_POINT('',(4.950765202935,3.321024912343E-02));
#11916 = CARTESIAN_POINT('',(4.871914547304,1.107008796806E-02));
#11917 = CARTESIAN_POINT('',(4.792151868439,1.432667083509E-15));
#11918 = CARTESIAN_POINT('',(4.712388980385,1.443289932013E-15));
#11919 = ( GEOMETRIC_REPRESENTATION_CONTEXT(2) 
PARAMETRIC_REPRESENTATION_CONTEXT() REPRESENTATION_CONTEXT('2D SPACE',''
  ) );
#11920 = PCURVE('',#8022,#11921);
#11921 = DEFINITIONAL_REPRESENTATION('',(#11922),#11926);
#11922 = ( BOUNDED_CURVE() B_SPLINE_CURVE(2,(#11923,#11924,#11925),
.UNSPECIFIED.,.F.,.F.) B_SPLINE_CURVE_WITH_KNOTS((3,3),(-0.478577328328,
0.),.PIECEWISE_BEZIER_KNOTS.) CURVE() GEOMETRIC_REPRESENTATION_ITEM() 
RATIONAL_B_SPLINE_CURVE((1.,1.028766401755,1.)) REPRESENTATION_ITEM('') 
  );
#11923 = CARTESIAN_POINT('',(2.170731598529,2.319244897203));
#11924 = CARTESIAN_POINT('',(1.790494438492,2.15));
#11925 = CARTESIAN_POINT('',(1.45,2.15));
#11926 = ( GEOMETRIC_REPRESENTATION_CONTEXT(2) 
PARAMETRIC_REPRESENTATION_CONTEXT() REPRESENTATION_CONTEXT('2D SPACE',''
  ) );
#11927 = ORIENTED_EDGE('',*,*,#11928,.F.);
#11928 = EDGE_CURVE('',#11929,#11901,#11931,.T.);
#11929 = VERTEX_POINT('',#11930);
#11930 = CARTESIAN_POINT('',(-9.22469516728,18.5,-7.27469516728));
#11931 = SURFACE_CURVE('',#11932,(#11937,#11948),.PCURVE_S1.);
#11932 = HYPERBOLA('',#11933,1.45,1.45);
#11933 = AXIS2_PLACEMENT_3D('',#11934,#11935,#11936);
#11934 = CARTESIAN_POINT('',(-9.22469516728,17.05,-7.27469516728));
#11935 = DIRECTION('',(0.707106781187,0.,0.707106781187));
#11936 = DIRECTION('',(-1.110223024625E-16,1.,1.110223024625E-16));
#11937 = PCURVE('',#6987,#11938);
#11938 = DEFINITIONAL_REPRESENTATION('',(#11939),#11947);
#11939 = B_SPLINE_CURVE_WITH_KNOTS('',6,(#11940,#11941,#11942,#11943,
    #11944,#11945,#11946),.UNSPECIFIED.,.F.,.F.,(7,7),(
    -1.570092458684E-16,0.478577328328),.PIECEWISE_BEZIER_KNOTS.);
#11940 = CARTESIAN_POINT('',(5.497787143782,1.221245327088E-15));
#11941 = CARTESIAN_POINT('',(5.418024255727,1.177413038932E-15));
#11942 = CARTESIAN_POINT('',(5.338261576863,1.107008796805E-02));
#11943 = CARTESIAN_POINT('',(5.259410921232,3.321024912343E-02));
#11944 = CARTESIAN_POINT('',(5.182392124767,6.663182017622E-02));
#11945 = CARTESIAN_POINT('',(5.107923287789,0.111757263392));
#11946 = CARTESIAN_POINT('',(5.036497286769,0.169244897203));
#11947 = ( GEOMETRIC_REPRESENTATION_CONTEXT(2) 
PARAMETRIC_REPRESENTATION_CONTEXT() REPRESENTATION_CONTEXT('2D SPACE',''
  ) );
#11948 = PCURVE('',#8157,#11949);
#11949 = DEFINITIONAL_REPRESENTATION('',(#11950),#11954);
#11950 = ( BOUNDED_CURVE() B_SPLINE_CURVE(2,(#11951,#11952,#11953),
.UNSPECIFIED.,.F.,.F.) B_SPLINE_CURVE_WITH_KNOTS((3,3),(
-1.570092458684E-16,0.478577328328),.PIECEWISE_BEZIER_KNOTS.) CURVE() 
GEOMETRIC_REPRESENTATION_ITEM() RATIONAL_B_SPLINE_CURVE((1.,
1.028766401755,1.)) REPRESENTATION_ITEM('') );
#11951 = CARTESIAN_POINT('',(1.45,2.15));
#11952 = CARTESIAN_POINT('',(1.109505561508,2.15));
#11953 = CARTESIAN_POINT('',(0.729268401471,2.319244897203));
#11954 = ( GEOMETRIC_REPRESENTATION_CONTEXT(2) 
PARAMETRIC_REPRESENTATION_CONTEXT() REPRESENTATION_CONTEXT('2D SPACE',''
  ) );
#11955 = ORIENTED_EDGE('',*,*,#11956,.F.);
#11956 = EDGE_CURVE('',#11957,#11929,#11959,.T.);
#11957 = VERTEX_POINT('',#11958);
#11958 = CARTESIAN_POINT('',(-8.8,18.619468690424,-7.699390334559));
#11959 = SURFACE_CURVE('',#11960,(#11965,#11976),.PCURVE_S1.);
#11960 = HYPERBOLA('',#11961,1.45,1.45);
#11961 = AXIS2_PLACEMENT_3D('',#11962,#11963,#11964);
#11962 = CARTESIAN_POINT('',(-9.22469516728,17.05,-7.27469516728));
#11963 = DIRECTION('',(0.707106781187,0.,0.707106781187));
#11964 = DIRECTION('',(-1.110223024625E-16,1.,1.110223024625E-16));
#11965 = PCURVE('',#6987,#11966);
#11966 = DEFINITIONAL_REPRESENTATION('',(#11967),#11975);
#11967 = B_SPLINE_CURVE_WITH_KNOTS('',6,(#11968,#11969,#11970,#11971,
    #11972,#11973,#11974),.UNSPECIFIED.,.F.,.F.,(7,7),(-0.478577328328,
    -1.570092458684E-16),.PIECEWISE_BEZIER_KNOTS.);
#11968 = CARTESIAN_POINT('',(5.959077000795,0.169244897203));
#11969 = CARTESIAN_POINT('',(5.887650999775,0.111757263392));
#11970 = CARTESIAN_POINT('',(5.813182162797,6.663182017622E-02));
#11971 = CARTESIAN_POINT('',(5.736163366333,3.321024912342E-02));
#11972 = CARTESIAN_POINT('',(5.657312710701,1.107008796806E-02));
#11973 = CARTESIAN_POINT('',(5.577550031837,1.265077615244E-15));
#11974 = CARTESIAN_POINT('',(5.497787143782,1.221245327088E-15));
#11975 = ( GEOMETRIC_REPRESENTATION_CONTEXT(2) 
PARAMETRIC_REPRESENTATION_CONTEXT() REPRESENTATION_CONTEXT('2D SPACE',''
  ) );
#11976 = PCURVE('',#8157,#11977);
#11977 = DEFINITIONAL_REPRESENTATION('',(#11978),#11982);
#11978 = ( BOUNDED_CURVE() B_SPLINE_CURVE(2,(#11979,#11980,#11981),
.UNSPECIFIED.,.F.,.F.) B_SPLINE_CURVE_WITH_KNOTS((3,3),(-0.478577328328,
-1.570092458684E-16),.PIECEWISE_BEZIER_KNOTS.) CURVE() 
GEOMETRIC_REPRESENTATION_ITEM() RATIONAL_B_SPLINE_CURVE((1.,
1.028766401755,1.)) REPRESENTATION_ITEM('') );
#11979 = CARTESIAN_POINT('',(2.170731598529,2.319244897203));
#11980 = CARTESIAN_POINT('',(1.790494438492,2.15));
#11981 = CARTESIAN_POINT('',(1.45,2.15));
#11982 = ( GEOMETRIC_REPRESENTATION_CONTEXT(2) 
PARAMETRIC_REPRESENTATION_CONTEXT() REPRESENTATION_CONTEXT('2D SPACE',''
  ) );
#11983 = ORIENTED_EDGE('',*,*,#11984,.F.);
#11984 = EDGE_CURVE('',#11742,#11957,#11985,.T.);
#11985 = SURFACE_CURVE('',#11986,(#11991,#12002),.PCURVE_S1.);
#11986 = HYPERBOLA('',#11987,1.45,1.45);
#11987 = AXIS2_PLACEMENT_3D('',#11988,#11989,#11990);
#11988 = CARTESIAN_POINT('',(-8.8,17.05,-8.3));
#11989 = DIRECTION('',(1.,0.,0.));
#11990 = DIRECTION('',(-0.,1.,2.22044604925E-16));
#11991 = PCURVE('',#6987,#11992);
#11992 = DEFINITIONAL_REPRESENTATION('',(#11993),#12001);
#11993 = B_SPLINE_CURVE_WITH_KNOTS('',6,(#11994,#11995,#11996,#11997,
    #11998,#11999,#12000),.UNSPECIFIED.,.F.,.F.,(7,7),(
    -2.22044604925E-16,0.44118284331),.PIECEWISE_BEZIER_KNOTS.);
#11994 = CARTESIAN_POINT('',(6.28318530718,2.331468351713E-15));
#11995 = CARTESIAN_POINT('',(6.209654833295,2.319631244071E-15));
#11996 = CARTESIAN_POINT('',(6.136124491467,9.407712323585E-03));
#11997 = CARTESIAN_POINT('',(6.063308879759,2.822312927254E-02));
#11998 = CARTESIAN_POINT('',(5.99192753651,5.659887131459E-02));
#11999 = CARTESIAN_POINT('',(5.922567462212,9.484006938225E-02));
#12000 = CARTESIAN_POINT('',(5.855655272715,0.143419494034));
#12001 = ( GEOMETRIC_REPRESENTATION_CONTEXT(2) 
PARAMETRIC_REPRESENTATION_CONTEXT() REPRESENTATION_CONTEXT('2D SPACE',''
  ) );
#12002 = PCURVE('',#8133,#12003);
#12003 = DEFINITIONAL_REPRESENTATION('',(#12004),#12008);
#12004 = ( BOUNDED_CURVE() B_SPLINE_CURVE(2,(#12005,#12006,#12007),
.UNSPECIFIED.,.F.,.F.) B_SPLINE_CURVE_WITH_KNOTS((3,3),(
-2.22044604925E-16,0.44118284331),.PIECEWISE_BEZIER_KNOTS.) CURVE() 
GEOMETRIC_REPRESENTATION_ITEM() RATIONAL_B_SPLINE_CURVE((1.,
1.024429108305,1.)) REPRESENTATION_ITEM('') );
#12005 = CARTESIAN_POINT('',(4.437342591868E-31,-2.15));
#12006 = CARTESIAN_POINT('',(0.314768443278,-2.15));
#12007 = CARTESIAN_POINT('',(0.660670631985,-2.293419494034));
#12008 = ( GEOMETRIC_REPRESENTATION_CONTEXT(2) 
PARAMETRIC_REPRESENTATION_CONTEXT() REPRESENTATION_CONTEXT('2D SPACE',''
  ) );
#12009 = ORIENTED_EDGE('',*,*,#11741,.T.);
#12010 = ADVANCED_FACE('',(#12011),#7018,.F.);
#12011 = FACE_BOUND('',#12012,.F.);
#12012 = EDGE_LOOP('',(#12013,#12014,#12037,#12061,#12094,#12122,#12150,
    #12178,#12206,#12234,#12262,#12288));
#12013 = ORIENTED_EDGE('',*,*,#7001,.F.);
#12014 = ORIENTED_EDGE('',*,*,#12015,.F.);
#12015 = EDGE_CURVE('',#12016,#7002,#12018,.T.);
#12016 = VERTEX_POINT('',#12017);
#12017 = CARTESIAN_POINT('',(11.7,18.5,-29.));
#12018 = SEAM_CURVE('',#12019,(#12023,#12030),.PCURVE_S1.);
#12019 = LINE('',#12020,#12021);
#12020 = CARTESIAN_POINT('',(11.7,18.5,-29.));
#12021 = VECTOR('',#12022,1.);
#12022 = DIRECTION('',(0.707106781187,0.707106781187,3.302004571155E-16)
  );
#12023 = PCURVE('',#7018,#12024);
#12024 = DEFINITIONAL_REPRESENTATION('',(#12025),#12029);
#12025 = LINE('',#12026,#12027);
#12026 = CARTESIAN_POINT('',(6.28318530718,-0.));
#12027 = VECTOR('',#12028,1.);
#12028 = DIRECTION('',(0.,1.));
#12029 = ( GEOMETRIC_REPRESENTATION_CONTEXT(2) 
PARAMETRIC_REPRESENTATION_CONTEXT() REPRESENTATION_CONTEXT('2D SPACE',''
  ) );
#12030 = PCURVE('',#7018,#12031);
#12031 = DEFINITIONAL_REPRESENTATION('',(#12032),#12036);
#12032 = LINE('',#12033,#12034);
#12033 = CARTESIAN_POINT('',(0.,-0.));
#12034 = VECTOR('',#12035,1.);
#12035 = DIRECTION('',(0.,1.));
#12036 = ( GEOMETRIC_REPRESENTATION_CONTEXT(2) 
PARAMETRIC_REPRESENTATION_CONTEXT() REPRESENTATION_CONTEXT('2D SPACE',''
  ) );
#12037 = ORIENTED_EDGE('',*,*,#12038,.T.);
#12038 = EDGE_CURVE('',#12016,#12039,#12041,.T.);
#12039 = VERTEX_POINT('',#12040);
#12040 = CARTESIAN_POINT('',(8.8,18.5,-29.));
#12041 = SURFACE_CURVE('',#12042,(#12047,#12054),.PCURVE_S1.);
#12042 = CIRCLE('',#12043,1.45);
#12043 = AXIS2_PLACEMENT_3D('',#12044,#12045,#12046);
#12044 = CARTESIAN_POINT('',(10.25,18.5,-29.));
#12045 = DIRECTION('',(0.,1.,2.22044604925E-16));
#12046 = DIRECTION('',(1.,0.,-0.));
#12047 = PCURVE('',#7018,#12048);
#12048 = DEFINITIONAL_REPRESENTATION('',(#12049),#12053);
#12049 = LINE('',#12050,#12051);
#12050 = CARTESIAN_POINT('',(0.,0.));
#12051 = VECTOR('',#12052,1.);
#12052 = DIRECTION('',(1.,0.));
#12053 = ( GEOMETRIC_REPRESENTATION_CONTEXT(2) 
PARAMETRIC_REPRESENTATION_CONTEXT() REPRESENTATION_CONTEXT('2D SPACE',''
  ) );
#12054 = PCURVE('',#7413,#12055);
#12055 = DEFINITIONAL_REPRESENTATION('',(#12056),#12060);
#12056 = LINE('',#12057,#12058);
#12057 = CARTESIAN_POINT('',(6.28318530718,2.25));
#12058 = VECTOR('',#12059,1.);
#12059 = DIRECTION('',(-1.,0.));
#12060 = ( GEOMETRIC_REPRESENTATION_CONTEXT(2) 
PARAMETRIC_REPRESENTATION_CONTEXT() REPRESENTATION_CONTEXT('2D SPACE',''
  ) );
#12061 = ORIENTED_EDGE('',*,*,#12062,.T.);
#12062 = EDGE_CURVE('',#12039,#12063,#12065,.T.);
#12063 = VERTEX_POINT('',#12064);
#12064 = CARTESIAN_POINT('',(8.8,18.619468690424,-28.39939033455));
#12065 = SURFACE_CURVE('',#12066,(#12071,#12082),.PCURVE_S1.);
#12066 = HYPERBOLA('',#12067,1.45,1.45);
#12067 = AXIS2_PLACEMENT_3D('',#12068,#12069,#12070);
#12068 = CARTESIAN_POINT('',(8.8,17.05,-29.));
#12069 = DIRECTION('',(1.,0.,0.));
#12070 = DIRECTION('',(-0.,1.,2.22044604925E-16));
#12071 = PCURVE('',#7018,#12072);
#12072 = DEFINITIONAL_REPRESENTATION('',(#12073),#12081);
#12073 = B_SPLINE_CURVE_WITH_KNOTS('',6,(#12074,#12075,#12076,#12077,
    #12078,#12079,#12080),.UNSPECIFIED.,.F.,.F.,(7,7),(
    -3.249766210157E-08,0.44118284331),.PIECEWISE_BEZIER_KNOTS.);
#12074 = CARTESIAN_POINT('',(3.141592621092,0.));
#12075 = CARTESIAN_POINT('',(3.215123100393,-3.464874567731E-09));
#12076 = CARTESIAN_POINT('',(3.288653447848,9.407706779801E-03));
#12077 = CARTESIAN_POINT('',(3.361469065236,2.822312300202E-02));
#12078 = CARTESIAN_POINT('',(3.432850414042,5.659886568088E-02));
#12079 = CARTESIAN_POINT('',(3.502210493629,9.484006580387E-02));
#12080 = CARTESIAN_POINT('',(3.569122688054,0.143419494034));
#12081 = ( GEOMETRIC_REPRESENTATION_CONTEXT(2) 
PARAMETRIC_REPRESENTATION_CONTEXT() REPRESENTATION_CONTEXT('2D SPACE',''
  ) );
#12082 = PCURVE('',#12083,#12088);
#12083 = PLANE('',#12084);
#12084 = AXIS2_PLACEMENT_3D('',#12085,#12086,#12087);
#12085 = CARTESIAN_POINT('',(8.8,16.35,-29.));
#12086 = DIRECTION('',(1.,0.,0.));
#12087 = DIRECTION('',(0.,0.,1.));
#12088 = DEFINITIONAL_REPRESENTATION('',(#12089),#12093);
#12089 = ( BOUNDED_CURVE() B_SPLINE_CURVE(2,(#12090,#12091,#12092),
.UNSPECIFIED.,.F.,.F.) B_SPLINE_CURVE_WITH_KNOTS((3,3),(
-3.249766210157E-08,0.44118284331),.PIECEWISE_BEZIER_KNOTS.) CURVE() 
GEOMETRIC_REPRESENTATION_ITEM() RATIONAL_B_SPLINE_CURVE((1.,
1.024429111919,1.)) REPRESENTATION_ITEM('') );
#12090 = CARTESIAN_POINT('',(-4.712160972531E-08,-2.15));
#12091 = CARTESIAN_POINT('',(0.314768418607,-2.149999989771));
#12092 = CARTESIAN_POINT('',(0.660670631985,-2.293419494034));
#12093 = ( GEOMETRIC_REPRESENTATION_CONTEXT(2) 
PARAMETRIC_REPRESENTATION_CONTEXT() REPRESENTATION_CONTEXT('2D SPACE',''
  ) );
#12094 = ORIENTED_EDGE('',*,*,#12095,.T.);
#12095 = EDGE_CURVE('',#12063,#12096,#12098,.T.);
#12096 = VERTEX_POINT('',#12097);
#12097 = CARTESIAN_POINT('',(9.22469516728,18.5,-27.97469516728));
#12098 = SURFACE_CURVE('',#12099,(#12104,#12115),.PCURVE_S1.);
#12099 = HYPERBOLA('',#12100,1.45,1.45);
#12100 = AXIS2_PLACEMENT_3D('',#12101,#12102,#12103);
#12101 = CARTESIAN_POINT('',(9.22469516728,17.05,-27.97469516728));
#12102 = DIRECTION('',(0.707106781187,0.,-0.707106781187));
#12103 = DIRECTION('',(1.110223024625E-16,1.,1.110223024625E-16));
#12104 = PCURVE('',#7018,#12105);
#12105 = DEFINITIONAL_REPRESENTATION('',(#12106),#12114);
#12106 = B_SPLINE_CURVE_WITH_KNOTS('',6,(#12107,#12108,#12109,#12110,
    #12111,#12112,#12113),.UNSPECIFIED.,.F.,.F.,(7,7),(-0.478577328328,
    -1.570092458684E-16),.PIECEWISE_BEZIER_KNOTS.);
#12107 = CARTESIAN_POINT('',(3.465700959974,0.169244897203));
#12108 = CARTESIAN_POINT('',(3.537126960994,0.111757263392));
#12109 = CARTESIAN_POINT('',(3.611595797972,6.663182017622E-02));
#12110 = CARTESIAN_POINT('',(3.688614594437,3.321024912342E-02));
#12111 = CARTESIAN_POINT('',(3.767465250068,1.107008796805E-02));
#12112 = CARTESIAN_POINT('',(3.847227928933,-7.971352520816E-17));
#12113 = CARTESIAN_POINT('',(3.926990816987,-1.110223024625E-16));
#12114 = ( GEOMETRIC_REPRESENTATION_CONTEXT(2) 
PARAMETRIC_REPRESENTATION_CONTEXT() REPRESENTATION_CONTEXT('2D SPACE',''
  ) );
#12115 = PCURVE('',#7518,#12116);
#12116 = DEFINITIONAL_REPRESENTATION('',(#12117),#12121);
#12117 = ( BOUNDED_CURVE() B_SPLINE_CURVE(2,(#12118,#12119,#12120),
.UNSPECIFIED.,.F.,.F.) B_SPLINE_CURVE_WITH_KNOTS((3,3),(-0.478577328328,
-1.570092458684E-16),.PIECEWISE_BEZIER_KNOTS.) CURVE() 
GEOMETRIC_REPRESENTATION_ITEM() RATIONAL_B_SPLINE_CURVE((1.,
1.028766401755,1.)) REPRESENTATION_ITEM('') );
#12118 = CARTESIAN_POINT('',(0.729268401471,-2.319244897203));
#12119 = CARTESIAN_POINT('',(1.109505561508,-2.15));
#12120 = CARTESIAN_POINT('',(1.45,-2.15));
#12121 = ( GEOMETRIC_REPRESENTATION_CONTEXT(2) 
PARAMETRIC_REPRESENTATION_CONTEXT() REPRESENTATION_CONTEXT('2D SPACE',''
  ) );
#12122 = ORIENTED_EDGE('',*,*,#12123,.T.);
#12123 = EDGE_CURVE('',#12096,#12124,#12126,.T.);
#12124 = VERTEX_POINT('',#12125);
#12125 = CARTESIAN_POINT('',(9.649390334559,18.619468690424,-27.55));
#12126 = SURFACE_CURVE('',#12127,(#12132,#12143),.PCURVE_S1.);
#12127 = HYPERBOLA('',#12128,1.45,1.45);
#12128 = AXIS2_PLACEMENT_3D('',#12129,#12130,#12131);
#12129 = CARTESIAN_POINT('',(9.22469516728,17.05,-27.97469516728));
#12130 = DIRECTION('',(0.707106781187,0.,-0.707106781187));
#12131 = DIRECTION('',(1.110223024625E-16,1.,1.110223024625E-16));
#12132 = PCURVE('',#7018,#12133);
#12133 = DEFINITIONAL_REPRESENTATION('',(#12134),#12142);
#12134 = B_SPLINE_CURVE_WITH_KNOTS('',6,(#12135,#12136,#12137,#12138,
    #12139,#12140,#12141),.UNSPECIFIED.,.F.,.F.,(7,7),(
    -1.570092458684E-16,0.478577328328),.PIECEWISE_BEZIER_KNOTS.);
#12135 = CARTESIAN_POINT('',(3.926990816987,-1.110223024625E-16));
#12136 = CARTESIAN_POINT('',(4.006753705042,-1.423310797169E-16));
#12137 = CARTESIAN_POINT('',(4.086516383906,1.107008796805E-02));
#12138 = CARTESIAN_POINT('',(4.165367039537,3.321024912343E-02));
#12139 = CARTESIAN_POINT('',(4.242385836002,6.663182017622E-02));
#12140 = CARTESIAN_POINT('',(4.31685467298,0.111757263392));
#12141 = CARTESIAN_POINT('',(4.388280674,0.169244897203));
#12142 = ( GEOMETRIC_REPRESENTATION_CONTEXT(2) 
PARAMETRIC_REPRESENTATION_CONTEXT() REPRESENTATION_CONTEXT('2D SPACE',''
  ) );
#12143 = PCURVE('',#7518,#12144);
#12144 = DEFINITIONAL_REPRESENTATION('',(#12145),#12149);
#12145 = ( BOUNDED_CURVE() B_SPLINE_CURVE(2,(#12146,#12147,#12148),
.UNSPECIFIED.,.F.,.F.) B_SPLINE_CURVE_WITH_KNOTS((3,3),(
-1.570092458684E-16,0.478577328328),.PIECEWISE_BEZIER_KNOTS.) CURVE() 
GEOMETRIC_REPRESENTATION_ITEM() RATIONAL_B_SPLINE_CURVE((1.,
1.028766401755,1.)) REPRESENTATION_ITEM('') );
#12146 = CARTESIAN_POINT('',(1.45,-2.15));
#12147 = CARTESIAN_POINT('',(1.790494438492,-2.15));
#12148 = CARTESIAN_POINT('',(2.170731598529,-2.319244897203));
#12149 = ( GEOMETRIC_REPRESENTATION_CONTEXT(2) 
PARAMETRIC_REPRESENTATION_CONTEXT() REPRESENTATION_CONTEXT('2D SPACE',''
  ) );
#12150 = ORIENTED_EDGE('',*,*,#12151,.F.);
#12151 = EDGE_CURVE('',#12152,#12124,#12154,.T.);
#12152 = VERTEX_POINT('',#12153);
#12153 = CARTESIAN_POINT('',(10.25,18.5,-27.55));
#12154 = SURFACE_CURVE('',#12155,(#12160,#12171),.PCURVE_S1.);
#12155 = HYPERBOLA('',#12156,1.45,1.45);
#12156 = AXIS2_PLACEMENT_3D('',#12157,#12158,#12159);
#12157 = CARTESIAN_POINT('',(10.25,17.05,-27.55));
#12158 = DIRECTION('',(0.,0.,1.));
#12159 = DIRECTION('',(0.,1.,-0.));
#12160 = PCURVE('',#7018,#12161);
#12161 = DEFINITIONAL_REPRESENTATION('',(#12162),#12170);
#12162 = B_SPLINE_CURVE_WITH_KNOTS('',6,(#12163,#12164,#12165,#12166,
    #12167,#12168,#12169),.UNSPECIFIED.,.F.,.F.,(7,7),(
    3.249766187952E-08,0.478577328328),.PIECEWISE_BEZIER_KNOTS.);
#12163 = CARTESIAN_POINT('',(4.712388947887,0.));
#12164 = CARTESIAN_POINT('',(4.632626065249,3.758555412078E-09));
#12165 = CARTESIAN_POINT('',(4.552863392048,1.107009398173E-02));
#12166 = CARTESIAN_POINT('',(4.474012742144,3.321025593188E-02));
#12167 = CARTESIAN_POINT('',(4.396993951256,6.663182630467E-02));
#12168 = CARTESIAN_POINT('',(4.322525119541,0.111757267296));
#12169 = CARTESIAN_POINT('',(4.251099123371,0.169244897203));
#12170 = ( GEOMETRIC_REPRESENTATION_CONTEXT(2) 
PARAMETRIC_REPRESENTATION_CONTEXT() REPRESENTATION_CONTEXT('2D SPACE',''
  ) );
#12171 = PCURVE('',#7492,#12172);
#12172 = DEFINITIONAL_REPRESENTATION('',(#12173),#12177);
#12173 = ( BOUNDED_CURVE() B_SPLINE_CURVE(2,(#12174,#12175,#12176),
.UNSPECIFIED.,.F.,.F.) B_SPLINE_CURVE_WITH_KNOTS((3,3),(
3.249766187952E-08,0.478577328328),.PIECEWISE_BEZIER_KNOTS.) CURVE() 
GEOMETRIC_REPRESENTATION_ITEM() RATIONAL_B_SPLINE_CURVE((1.,
1.02876639783,1.)) REPRESENTATION_ITEM('') );
#12174 = CARTESIAN_POINT('',(1.449999952878,2.15));
#12175 = CARTESIAN_POINT('',(1.109505536648,2.150000011065));
#12176 = CARTESIAN_POINT('',(0.729268401471,2.319244897203));
#12177 = ( GEOMETRIC_REPRESENTATION_CONTEXT(2) 
PARAMETRIC_REPRESENTATION_CONTEXT() REPRESENTATION_CONTEXT('2D SPACE',''
  ) );
#12178 = ORIENTED_EDGE('',*,*,#12179,.F.);
#12179 = EDGE_CURVE('',#12180,#12152,#12182,.T.);
#12180 = VERTEX_POINT('',#12181);
#12181 = CARTESIAN_POINT('',(10.850609665441,18.619468690424,-27.55));
#12182 = SURFACE_CURVE('',#12183,(#12188,#12199),.PCURVE_S1.);
#12183 = HYPERBOLA('',#12184,1.45,1.45);
#12184 = AXIS2_PLACEMENT_3D('',#12185,#12186,#12187);
#12185 = CARTESIAN_POINT('',(10.25,17.05,-27.55));
#12186 = DIRECTION('',(0.,0.,1.));
#12187 = DIRECTION('',(0.,1.,-0.));
#12188 = PCURVE('',#7018,#12189);
#12189 = DEFINITIONAL_REPRESENTATION('',(#12190),#12198);
#12190 = B_SPLINE_CURVE_WITH_KNOTS('',6,(#12191,#12192,#12193,#12194,
    #12195,#12196,#12197),.UNSPECIFIED.,.F.,.F.,(7,7),(-0.478577328328,
    3.249766187952E-08),.PIECEWISE_BEZIER_KNOTS.);
#12191 = CARTESIAN_POINT('',(5.173678837398,0.169244897203));
#12192 = CARTESIAN_POINT('',(5.102252831528,0.111757259489));
#12193 = CARTESIAN_POINT('',(5.027783989286,6.663181404776E-02));
#12194 = CARTESIAN_POINT('',(4.950765187245,3.321024231498E-02));
#12195 = CARTESIAN_POINT('',(4.871914525887,1.107008195436E-02));
#12196 = CARTESIAN_POINT('',(4.792151841358,-3.758555922526E-09));
#12197 = CARTESIAN_POINT('',(4.712388947887,0.));
#12198 = ( GEOMETRIC_REPRESENTATION_CONTEXT(2) 
PARAMETRIC_REPRESENTATION_CONTEXT() REPRESENTATION_CONTEXT('2D SPACE',''
  ) );
#12199 = PCURVE('',#7492,#12200);
#12200 = DEFINITIONAL_REPRESENTATION('',(#12201),#12205);
#12201 = ( BOUNDED_CURVE() B_SPLINE_CURVE(2,(#12202,#12203,#12204),
.UNSPECIFIED.,.F.,.F.) B_SPLINE_CURVE_WITH_KNOTS((3,3),(-0.478577328328,
3.249766187952E-08),.PIECEWISE_BEZIER_KNOTS.) CURVE() 
GEOMETRIC_REPRESENTATION_ITEM() RATIONAL_B_SPLINE_CURVE((1.,
1.028766405681,1.)) REPRESENTATION_ITEM('') );
#12202 = CARTESIAN_POINT('',(2.170731598529,2.319244897203));
#12203 = CARTESIAN_POINT('',(1.790494413632,2.149999988935));
#12204 = CARTESIAN_POINT('',(1.449999952878,2.15));
#12205 = ( GEOMETRIC_REPRESENTATION_CONTEXT(2) 
PARAMETRIC_REPRESENTATION_CONTEXT() REPRESENTATION_CONTEXT('2D SPACE',''
  ) );
#12206 = ORIENTED_EDGE('',*,*,#12207,.F.);
#12207 = EDGE_CURVE('',#12208,#12180,#12210,.T.);
#12208 = VERTEX_POINT('',#12209);
#12209 = CARTESIAN_POINT('',(11.27530483272,18.5,-27.97469516728));
#12210 = SURFACE_CURVE('',#12211,(#12216,#12227),.PCURVE_S1.);
#12211 = HYPERBOLA('',#12212,1.45,1.45);
#12212 = AXIS2_PLACEMENT_3D('',#12213,#12214,#12215);
#12213 = CARTESIAN_POINT('',(11.27530483272,17.05,-27.97469516728));
#12214 = DIRECTION('',(0.707106781187,0.,0.707106781187));
#12215 = DIRECTION('',(-1.110223024625E-16,1.,1.110223024625E-16));
#12216 = PCURVE('',#7018,#12217);
#12217 = DEFINITIONAL_REPRESENTATION('',(#12218),#12226);
#12218 = B_SPLINE_CURVE_WITH_KNOTS('',6,(#12219,#12220,#12221,#12222,
    #12223,#12224,#12225),.UNSPECIFIED.,.F.,.F.,(7,7),(
    -1.570092458684E-16,0.478577328328),.PIECEWISE_BEZIER_KNOTS.);
#12219 = CARTESIAN_POINT('',(5.497787143782,-1.110223024625E-16));
#12220 = CARTESIAN_POINT('',(5.418024255727,-9.849879156077E-17));
#12221 = CARTESIAN_POINT('',(5.338261576863,1.107008796805E-02));
#12222 = CARTESIAN_POINT('',(5.259410921232,3.321024912343E-02));
#12223 = CARTESIAN_POINT('',(5.182392124767,6.663182017621E-02));
#12224 = CARTESIAN_POINT('',(5.107923287789,0.111757263392));
#12225 = CARTESIAN_POINT('',(5.036497286769,0.169244897203));
#12226 = ( GEOMETRIC_REPRESENTATION_CONTEXT(2) 
PARAMETRIC_REPRESENTATION_CONTEXT() REPRESENTATION_CONTEXT('2D SPACE',''
  ) );
#12227 = PCURVE('',#7466,#12228);
#12228 = DEFINITIONAL_REPRESENTATION('',(#12229),#12233);
#12229 = ( BOUNDED_CURVE() B_SPLINE_CURVE(2,(#12230,#12231,#12232),
.UNSPECIFIED.,.F.,.F.) B_SPLINE_CURVE_WITH_KNOTS((3,3),(
-1.570092458684E-16,0.478577328328),.PIECEWISE_BEZIER_KNOTS.) CURVE() 
GEOMETRIC_REPRESENTATION_ITEM() RATIONAL_B_SPLINE_CURVE((1.,
1.028766401755,1.)) REPRESENTATION_ITEM('') );
#12230 = CARTESIAN_POINT('',(1.45,2.15));
#12231 = CARTESIAN_POINT('',(1.109505561508,2.15));
#12232 = CARTESIAN_POINT('',(0.729268401471,2.319244897203));
#12233 = ( GEOMETRIC_REPRESENTATION_CONTEXT(2) 
PARAMETRIC_REPRESENTATION_CONTEXT() REPRESENTATION_CONTEXT('2D SPACE',''
  ) );
#12234 = ORIENTED_EDGE('',*,*,#12235,.F.);
#12235 = EDGE_CURVE('',#12236,#12208,#12238,.T.);
#12236 = VERTEX_POINT('',#12237);
#12237 = CARTESIAN_POINT('',(11.7,18.619468690424,-28.39939033455));
#12238 = SURFACE_CURVE('',#12239,(#12244,#12255),.PCURVE_S1.);
#12239 = HYPERBOLA('',#12240,1.45,1.45);
#12240 = AXIS2_PLACEMENT_3D('',#12241,#12242,#12243);
#12241 = CARTESIAN_POINT('',(11.27530483272,17.05,-27.97469516728));
#12242 = DIRECTION('',(0.707106781187,0.,0.707106781187));
#12243 = DIRECTION('',(-1.110223024625E-16,1.,1.110223024625E-16));
#12244 = PCURVE('',#7018,#12245);
#12245 = DEFINITIONAL_REPRESENTATION('',(#12246),#12254);
#12246 = B_SPLINE_CURVE_WITH_KNOTS('',6,(#12247,#12248,#12249,#12250,
    #12251,#12252,#12253),.UNSPECIFIED.,.F.,.F.,(7,7),(-0.478577328328,
    -1.570092458684E-16),.PIECEWISE_BEZIER_KNOTS.);
#12247 = CARTESIAN_POINT('',(5.959077000795,0.169244897203));
#12248 = CARTESIAN_POINT('',(5.887650999775,0.111757263392));
#12249 = CARTESIAN_POINT('',(5.813182162797,6.663182017622E-02));
#12250 = CARTESIAN_POINT('',(5.736163366333,3.321024912342E-02));
#12251 = CARTESIAN_POINT('',(5.657312710701,1.107008796805E-02));
#12252 = CARTESIAN_POINT('',(5.577550031837,-1.235458133643E-16));
#12253 = CARTESIAN_POINT('',(5.497787143782,-1.110223024625E-16));
#12254 = ( GEOMETRIC_REPRESENTATION_CONTEXT(2) 
PARAMETRIC_REPRESENTATION_CONTEXT() REPRESENTATION_CONTEXT('2D SPACE',''
  ) );
#12255 = PCURVE('',#7466,#12256);
#12256 = DEFINITIONAL_REPRESENTATION('',(#12257),#12261);
#12257 = ( BOUNDED_CURVE() B_SPLINE_CURVE(2,(#12258,#12259,#12260),
.UNSPECIFIED.,.F.,.F.) B_SPLINE_CURVE_WITH_KNOTS((3,3),(-0.478577328328,
-1.570092458684E-16),.PIECEWISE_BEZIER_KNOTS.) CURVE() 
GEOMETRIC_REPRESENTATION_ITEM() RATIONAL_B_SPLINE_CURVE((1.,
1.028766401755,1.)) REPRESENTATION_ITEM('') );
#12258 = CARTESIAN_POINT('',(2.170731598529,2.319244897203));
#12259 = CARTESIAN_POINT('',(1.790494438492,2.15));
#12260 = CARTESIAN_POINT('',(1.45,2.15));
#12261 = ( GEOMETRIC_REPRESENTATION_CONTEXT(2) 
PARAMETRIC_REPRESENTATION_CONTEXT() REPRESENTATION_CONTEXT('2D SPACE',''
  ) );
#12262 = ORIENTED_EDGE('',*,*,#12263,.F.);
#12263 = EDGE_CURVE('',#12016,#12236,#12264,.T.);
#12264 = SURFACE_CURVE('',#12265,(#12270,#12281),.PCURVE_S1.);
#12265 = HYPERBOLA('',#12266,1.45,1.45);
#12266 = AXIS2_PLACEMENT_3D('',#12267,#12268,#12269);
#12267 = CARTESIAN_POINT('',(11.7,17.05,-29.));
#12268 = DIRECTION('',(1.,0.,0.));
#12269 = DIRECTION('',(-0.,1.,2.22044604925E-16));
#12270 = PCURVE('',#7018,#12271);
#12271 = DEFINITIONAL_REPRESENTATION('',(#12272),#12280);
#12272 = B_SPLINE_CURVE_WITH_KNOTS('',6,(#12273,#12274,#12275,#12276,
    #12277,#12278,#12279),.UNSPECIFIED.,.F.,.F.,(7,7),(
    -2.22044604925E-16,0.44118284331),.PIECEWISE_BEZIER_KNOTS.);
#12273 = CARTESIAN_POINT('',(6.28318530718,2.331468351713E-15));
#12274 = CARTESIAN_POINT('',(6.209654833295,2.319631244071E-15));
#12275 = CARTESIAN_POINT('',(6.136124491467,9.407712323586E-03));
#12276 = CARTESIAN_POINT('',(6.063308879759,2.822312927254E-02));
#12277 = CARTESIAN_POINT('',(5.99192753651,5.659887131459E-02));
#12278 = CARTESIAN_POINT('',(5.922567462212,9.484006938225E-02));
#12279 = CARTESIAN_POINT('',(5.855655272715,0.143419494034));
#12280 = ( GEOMETRIC_REPRESENTATION_CONTEXT(2) 
PARAMETRIC_REPRESENTATION_CONTEXT() REPRESENTATION_CONTEXT('2D SPACE',''
  ) );
#12281 = PCURVE('',#7440,#12282);
#12282 = DEFINITIONAL_REPRESENTATION('',(#12283),#12287);
#12283 = ( BOUNDED_CURVE() B_SPLINE_CURVE(2,(#12284,#12285,#12286),
.UNSPECIFIED.,.F.,.F.) B_SPLINE_CURVE_WITH_KNOTS((3,3),(
-2.22044604925E-16,0.44118284331),.PIECEWISE_BEZIER_KNOTS.) CURVE() 
GEOMETRIC_REPRESENTATION_ITEM() RATIONAL_B_SPLINE_CURVE((1.,
1.024429108305,1.)) REPRESENTATION_ITEM('') );
#12284 = CARTESIAN_POINT('',(4.437342591868E-31,-2.15));
#12285 = CARTESIAN_POINT('',(0.314768443278,-2.15));
#12286 = CARTESIAN_POINT('',(0.660670631985,-2.293419494034));
#12287 = ( GEOMETRIC_REPRESENTATION_CONTEXT(2) 
PARAMETRIC_REPRESENTATION_CONTEXT() REPRESENTATION_CONTEXT('2D SPACE',''
  ) );
#12288 = ORIENTED_EDGE('',*,*,#12015,.T.);
#12289 = ADVANCED_FACE('',(#12290),#7049,.F.);
#12290 = FACE_BOUND('',#12291,.F.);
#12291 = EDGE_LOOP('',(#12292,#12293,#12316,#12340,#12368,#12396,#12424,
    #12452,#12480,#12508,#12536,#12562));
#12292 = ORIENTED_EDGE('',*,*,#7032,.F.);
#12293 = ORIENTED_EDGE('',*,*,#12294,.F.);
#12294 = EDGE_CURVE('',#12295,#7033,#12297,.T.);
#12295 = VERTEX_POINT('',#12296);
#12296 = CARTESIAN_POINT('',(11.7,18.5,-8.3));
#12297 = SEAM_CURVE('',#12298,(#12302,#12309),.PCURVE_S1.);
#12298 = LINE('',#12299,#12300);
#12299 = CARTESIAN_POINT('',(11.7,18.5,-8.3));
#12300 = VECTOR('',#12301,1.);
#12301 = DIRECTION('',(0.707106781187,0.707106781187,3.302004571155E-16)
  );
#12302 = PCURVE('',#7049,#12303);
#12303 = DEFINITIONAL_REPRESENTATION('',(#12304),#12308);
#12304 = LINE('',#12305,#12306);
#12305 = CARTESIAN_POINT('',(6.28318530718,-0.));
#12306 = VECTOR('',#12307,1.);
#12307 = DIRECTION('',(0.,1.));
#12308 = ( GEOMETRIC_REPRESENTATION_CONTEXT(2) 
PARAMETRIC_REPRESENTATION_CONTEXT() REPRESENTATION_CONTEXT('2D SPACE',''
  ) );
#12309 = PCURVE('',#7049,#12310);
#12310 = DEFINITIONAL_REPRESENTATION('',(#12311),#12315);
#12311 = LINE('',#12312,#12313);
#12312 = CARTESIAN_POINT('',(0.,-0.));
#12313 = VECTOR('',#12314,1.);
#12314 = DIRECTION('',(0.,1.));
#12315 = ( GEOMETRIC_REPRESENTATION_CONTEXT(2) 
PARAMETRIC_REPRESENTATION_CONTEXT() REPRESENTATION_CONTEXT('2D SPACE',''
  ) );
#12316 = ORIENTED_EDGE('',*,*,#12317,.T.);
#12317 = EDGE_CURVE('',#12295,#12318,#12320,.T.);
#12318 = VERTEX_POINT('',#12319);
#12319 = CARTESIAN_POINT('',(8.8,18.5,-8.3));
#12320 = SURFACE_CURVE('',#12321,(#12326,#12333),.PCURVE_S1.);
#12321 = CIRCLE('',#12322,1.45);
#12322 = AXIS2_PLACEMENT_3D('',#12323,#12324,#12325);
#12323 = CARTESIAN_POINT('',(10.25,18.5,-8.3));
#12324 = DIRECTION('',(0.,1.,2.22044604925E-16));
#12325 = DIRECTION('',(1.,0.,-0.));
#12326 = PCURVE('',#7049,#12327);
#12327 = DEFINITIONAL_REPRESENTATION('',(#12328),#12332);
#12328 = LINE('',#12329,#12330);
#12329 = CARTESIAN_POINT('',(0.,0.));
#12330 = VECTOR('',#12331,1.);
#12331 = DIRECTION('',(1.,0.));
#12332 = ( GEOMETRIC_REPRESENTATION_CONTEXT(2) 
PARAMETRIC_REPRESENTATION_CONTEXT() REPRESENTATION_CONTEXT('2D SPACE',''
  ) );
#12333 = PCURVE('',#7571,#12334);
#12334 = DEFINITIONAL_REPRESENTATION('',(#12335),#12339);
#12335 = LINE('',#12336,#12337);
#12336 = CARTESIAN_POINT('',(6.28318530718,2.25));
#12337 = VECTOR('',#12338,1.);
#12338 = DIRECTION('',(-1.,0.));
#12339 = ( GEOMETRIC_REPRESENTATION_CONTEXT(2) 
PARAMETRIC_REPRESENTATION_CONTEXT() REPRESENTATION_CONTEXT('2D SPACE',''
  ) );
#12340 = ORIENTED_EDGE('',*,*,#12341,.T.);
#12341 = EDGE_CURVE('',#12318,#12342,#12344,.T.);
#12342 = VERTEX_POINT('',#12343);
#12343 = CARTESIAN_POINT('',(8.8,18.619468690424,-7.699390334559));
#12344 = SURFACE_CURVE('',#12345,(#12350,#12361),.PCURVE_S1.);
#12345 = HYPERBOLA('',#12346,1.45,1.45);
#12346 = AXIS2_PLACEMENT_3D('',#12347,#12348,#12349);
#12347 = CARTESIAN_POINT('',(8.8,17.05,-8.3));
#12348 = DIRECTION('',(1.,0.,0.));
#12349 = DIRECTION('',(-0.,1.,2.22044604925E-16));
#12350 = PCURVE('',#7049,#12351);
#12351 = DEFINITIONAL_REPRESENTATION('',(#12352),#12360);
#12352 = B_SPLINE_CURVE_WITH_KNOTS('',6,(#12353,#12354,#12355,#12356,
    #12357,#12358,#12359),.UNSPECIFIED.,.F.,.F.,(7,7),(
    -3.249766210157E-08,0.44118284331),.PIECEWISE_BEZIER_KNOTS.);
#12353 = CARTESIAN_POINT('',(3.141592621092,0.));
#12354 = CARTESIAN_POINT('',(3.215123100393,-3.464874567731E-09));
#12355 = CARTESIAN_POINT('',(3.288653447848,9.407706779796E-03));
#12356 = CARTESIAN_POINT('',(3.361469065236,2.822312300203E-02));
#12357 = CARTESIAN_POINT('',(3.432850414042,5.659886568088E-02));
#12358 = CARTESIAN_POINT('',(3.502210493629,9.484006580387E-02));
#12359 = CARTESIAN_POINT('',(3.569122688054,0.143419494034));
#12360 = ( GEOMETRIC_REPRESENTATION_CONTEXT(2) 
PARAMETRIC_REPRESENTATION_CONTEXT() REPRESENTATION_CONTEXT('2D SPACE',''
  ) );
#12361 = PCURVE('',#7702,#12362);
#12362 = DEFINITIONAL_REPRESENTATION('',(#12363),#12367);
#12363 = ( BOUNDED_CURVE() B_SPLINE_CURVE(2,(#12364,#12365,#12366),
.UNSPECIFIED.,.F.,.F.) B_SPLINE_CURVE_WITH_KNOTS((3,3),(
-3.249766210157E-08,0.44118284331),.PIECEWISE_BEZIER_KNOTS.) CURVE() 
GEOMETRIC_REPRESENTATION_ITEM() RATIONAL_B_SPLINE_CURVE((1.,
1.024429111919,1.)) REPRESENTATION_ITEM('') );
#12364 = CARTESIAN_POINT('',(-4.712160972531E-08,-2.15));
#12365 = CARTESIAN_POINT('',(0.314768418607,-2.149999989771));
#12366 = CARTESIAN_POINT('',(0.660670631985,-2.293419494034));
#12367 = ( GEOMETRIC_REPRESENTATION_CONTEXT(2) 
PARAMETRIC_REPRESENTATION_CONTEXT() REPRESENTATION_CONTEXT('2D SPACE',''
  ) );
#12368 = ORIENTED_EDGE('',*,*,#12369,.T.);
#12369 = EDGE_CURVE('',#12342,#12370,#12372,.T.);
#12370 = VERTEX_POINT('',#12371);
#12371 = CARTESIAN_POINT('',(9.22469516728,18.5,-7.27469516728));
#12372 = SURFACE_CURVE('',#12373,(#12378,#12389),.PCURVE_S1.);
#12373 = HYPERBOLA('',#12374,1.45,1.45);
#12374 = AXIS2_PLACEMENT_3D('',#12375,#12376,#12377);
#12375 = CARTESIAN_POINT('',(9.22469516728,17.05,-7.27469516728));
#12376 = DIRECTION('',(0.707106781187,0.,-0.707106781187));
#12377 = DIRECTION('',(1.110223024625E-16,1.,1.110223024625E-16));
#12378 = PCURVE('',#7049,#12379);
#12379 = DEFINITIONAL_REPRESENTATION('',(#12380),#12388);
#12380 = B_SPLINE_CURVE_WITH_KNOTS('',6,(#12381,#12382,#12383,#12384,
    #12385,#12386,#12387),.UNSPECIFIED.,.F.,.F.,(7,7),(-0.478577328328,
    -1.570092458684E-16),.PIECEWISE_BEZIER_KNOTS.);
#12381 = CARTESIAN_POINT('',(3.465700959974,0.169244897203));
#12382 = CARTESIAN_POINT('',(3.537126960994,0.111757263392));
#12383 = CARTESIAN_POINT('',(3.611595797972,6.663182017622E-02));
#12384 = CARTESIAN_POINT('',(3.688614594437,3.321024912342E-02));
#12385 = CARTESIAN_POINT('',(3.767465250068,1.107008796806E-02));
#12386 = CARTESIAN_POINT('',(3.847227928933,1.271339370695E-15));
#12387 = CARTESIAN_POINT('',(3.926990816987,1.221245327088E-15));
#12388 = ( GEOMETRIC_REPRESENTATION_CONTEXT(2) 
PARAMETRIC_REPRESENTATION_CONTEXT() REPRESENTATION_CONTEXT('2D SPACE',''
  ) );
#12389 = PCURVE('',#7676,#12390);
#12390 = DEFINITIONAL_REPRESENTATION('',(#12391),#12395);
#12391 = ( BOUNDED_CURVE() B_SPLINE_CURVE(2,(#12392,#12393,#12394),
.UNSPECIFIED.,.F.,.F.) B_SPLINE_CURVE_WITH_KNOTS((3,3),(-0.478577328328,
-1.570092458684E-16),.PIECEWISE_BEZIER_KNOTS.) CURVE() 
GEOMETRIC_REPRESENTATION_ITEM() RATIONAL_B_SPLINE_CURVE((1.,
1.028766401755,1.)) REPRESENTATION_ITEM('') );
#12392 = CARTESIAN_POINT('',(0.729268401471,-2.319244897203));
#12393 = CARTESIAN_POINT('',(1.109505561508,-2.15));
#12394 = CARTESIAN_POINT('',(1.45,-2.15));
#12395 = ( GEOMETRIC_REPRESENTATION_CONTEXT(2) 
PARAMETRIC_REPRESENTATION_CONTEXT() REPRESENTATION_CONTEXT('2D SPACE',''
  ) );
#12396 = ORIENTED_EDGE('',*,*,#12397,.T.);
#12397 = EDGE_CURVE('',#12370,#12398,#12400,.T.);
#12398 = VERTEX_POINT('',#12399);
#12399 = CARTESIAN_POINT('',(9.649390334559,18.619468690424,-6.85));
#12400 = SURFACE_CURVE('',#12401,(#12406,#12417),.PCURVE_S1.);
#12401 = HYPERBOLA('',#12402,1.45,1.45);
#12402 = AXIS2_PLACEMENT_3D('',#12403,#12404,#12405);
#12403 = CARTESIAN_POINT('',(9.22469516728,17.05,-7.27469516728));
#12404 = DIRECTION('',(0.707106781187,0.,-0.707106781187));
#12405 = DIRECTION('',(1.110223024625E-16,1.,1.110223024625E-16));
#12406 = PCURVE('',#7049,#12407);
#12407 = DEFINITIONAL_REPRESENTATION('',(#12408),#12416);
#12408 = B_SPLINE_CURVE_WITH_KNOTS('',6,(#12409,#12410,#12411,#12412,
    #12413,#12414,#12415),.UNSPECIFIED.,.F.,.F.,(7,7),(
    -1.570092458684E-16,0.478577328328),.PIECEWISE_BEZIER_KNOTS.);
#12409 = CARTESIAN_POINT('',(3.926990816987,1.221245327088E-15));
#12410 = CARTESIAN_POINT('',(4.006753705042,1.171151283481E-15));
#12411 = CARTESIAN_POINT('',(4.086516383906,1.107008796805E-02));
#12412 = CARTESIAN_POINT('',(4.165367039538,3.321024912343E-02));
#12413 = CARTESIAN_POINT('',(4.242385836002,6.663182017622E-02));
#12414 = CARTESIAN_POINT('',(4.31685467298,0.111757263392));
#12415 = CARTESIAN_POINT('',(4.388280674,0.169244897203));
#12416 = ( GEOMETRIC_REPRESENTATION_CONTEXT(2) 
PARAMETRIC_REPRESENTATION_CONTEXT() REPRESENTATION_CONTEXT('2D SPACE',''
  ) );
#12417 = PCURVE('',#7676,#12418);
#12418 = DEFINITIONAL_REPRESENTATION('',(#12419),#12423);
#12419 = ( BOUNDED_CURVE() B_SPLINE_CURVE(2,(#12420,#12421,#12422),
.UNSPECIFIED.,.F.,.F.) B_SPLINE_CURVE_WITH_KNOTS((3,3),(
-1.570092458684E-16,0.478577328328),.PIECEWISE_BEZIER_KNOTS.) CURVE() 
GEOMETRIC_REPRESENTATION_ITEM() RATIONAL_B_SPLINE_CURVE((1.,
1.028766401755,1.)) REPRESENTATION_ITEM('') );
#12420 = CARTESIAN_POINT('',(1.45,-2.15));
#12421 = CARTESIAN_POINT('',(1.790494438492,-2.15));
#12422 = CARTESIAN_POINT('',(2.170731598529,-2.319244897203));
#12423 = ( GEOMETRIC_REPRESENTATION_CONTEXT(2) 
PARAMETRIC_REPRESENTATION_CONTEXT() REPRESENTATION_CONTEXT('2D SPACE',''
  ) );
#12424 = ORIENTED_EDGE('',*,*,#12425,.F.);
#12425 = EDGE_CURVE('',#12426,#12398,#12428,.T.);
#12426 = VERTEX_POINT('',#12427);
#12427 = CARTESIAN_POINT('',(10.25,18.5,-6.85));
#12428 = SURFACE_CURVE('',#12429,(#12434,#12445),.PCURVE_S1.);
#12429 = HYPERBOLA('',#12430,1.45,1.45);
#12430 = AXIS2_PLACEMENT_3D('',#12431,#12432,#12433);
#12431 = CARTESIAN_POINT('',(10.25,17.05,-6.85));
#12432 = DIRECTION('',(0.,0.,1.));
#12433 = DIRECTION('',(0.,1.,-0.));
#12434 = PCURVE('',#7049,#12435);
#12435 = DEFINITIONAL_REPRESENTATION('',(#12436),#12444);
#12436 = B_SPLINE_CURVE_WITH_KNOTS('',6,(#12437,#12438,#12439,#12440,
    #12441,#12442,#12443),.UNSPECIFIED.,.F.,.F.,(7,7),(0.,0.478577328328
    ),.PIECEWISE_BEZIER_KNOTS.);
#12437 = CARTESIAN_POINT('',(4.712388980385,1.443289932013E-15));
#12438 = CARTESIAN_POINT('',(4.63262609233,1.453912780516E-15));
#12439 = CARTESIAN_POINT('',(4.552863413466,1.107008796806E-02));
#12440 = CARTESIAN_POINT('',(4.474012757834,3.321024912343E-02));
#12441 = CARTESIAN_POINT('',(4.39699396137,6.663182017622E-02));
#12442 = CARTESIAN_POINT('',(4.322525124391,0.111757263392));
#12443 = CARTESIAN_POINT('',(4.251099123371,0.169244897203));
#12444 = ( GEOMETRIC_REPRESENTATION_CONTEXT(2) 
PARAMETRIC_REPRESENTATION_CONTEXT() REPRESENTATION_CONTEXT('2D SPACE',''
  ) );
#12445 = PCURVE('',#7650,#12446);
#12446 = DEFINITIONAL_REPRESENTATION('',(#12447),#12451);
#12447 = ( BOUNDED_CURVE() B_SPLINE_CURVE(2,(#12448,#12449,#12450),
.UNSPECIFIED.,.F.,.F.) B_SPLINE_CURVE_WITH_KNOTS((3,3),(0.,
0.478577328328),.PIECEWISE_BEZIER_KNOTS.) CURVE() 
GEOMETRIC_REPRESENTATION_ITEM() RATIONAL_B_SPLINE_CURVE((1.,
1.028766401755,1.)) REPRESENTATION_ITEM('') );
#12448 = CARTESIAN_POINT('',(1.45,2.15));
#12449 = CARTESIAN_POINT('',(1.109505561508,2.15));
#12450 = CARTESIAN_POINT('',(0.729268401471,2.319244897203));
#12451 = ( GEOMETRIC_REPRESENTATION_CONTEXT(2) 
PARAMETRIC_REPRESENTATION_CONTEXT() REPRESENTATION_CONTEXT('2D SPACE',''
  ) );
#12452 = ORIENTED_EDGE('',*,*,#12453,.F.);
#12453 = EDGE_CURVE('',#12454,#12426,#12456,.T.);
#12454 = VERTEX_POINT('',#12455);
#12455 = CARTESIAN_POINT('',(10.850609665441,18.619468690424,-6.85));
#12456 = SURFACE_CURVE('',#12457,(#12462,#12473),.PCURVE_S1.);
#12457 = HYPERBOLA('',#12458,1.45,1.45);
#12458 = AXIS2_PLACEMENT_3D('',#12459,#12460,#12461);
#12459 = CARTESIAN_POINT('',(10.25,17.05,-6.85));
#12460 = DIRECTION('',(0.,0.,1.));
#12461 = DIRECTION('',(0.,1.,-0.));
#12462 = PCURVE('',#7049,#12463);
#12463 = DEFINITIONAL_REPRESENTATION('',(#12464),#12472);
#12464 = B_SPLINE_CURVE_WITH_KNOTS('',6,(#12465,#12466,#12467,#12468,
    #12469,#12470,#12471),.UNSPECIFIED.,.F.,.F.,(7,7),(-0.478577328328,
    0.),.PIECEWISE_BEZIER_KNOTS.);
#12465 = CARTESIAN_POINT('',(5.173678837398,0.169244897203));
#12466 = CARTESIAN_POINT('',(5.102252836378,0.111757263392));
#12467 = CARTESIAN_POINT('',(5.027783999399,6.663182017622E-02));
#12468 = CARTESIAN_POINT('',(4.950765202935,3.321024912343E-02));
#12469 = CARTESIAN_POINT('',(4.871914547304,1.107008796806E-02));
#12470 = CARTESIAN_POINT('',(4.792151868439,1.432667083509E-15));
#12471 = CARTESIAN_POINT('',(4.712388980385,1.443289932013E-15));
#12472 = ( GEOMETRIC_REPRESENTATION_CONTEXT(2) 
PARAMETRIC_REPRESENTATION_CONTEXT() REPRESENTATION_CONTEXT('2D SPACE',''
  ) );
#12473 = PCURVE('',#7650,#12474);
#12474 = DEFINITIONAL_REPRESENTATION('',(#12475),#12479);
#12475 = ( BOUNDED_CURVE() B_SPLINE_CURVE(2,(#12476,#12477,#12478),
.UNSPECIFIED.,.F.,.F.) B_SPLINE_CURVE_WITH_KNOTS((3,3),(-0.478577328328,
0.),.PIECEWISE_BEZIER_KNOTS.) CURVE() GEOMETRIC_REPRESENTATION_ITEM() 
RATIONAL_B_SPLINE_CURVE((1.,1.028766401755,1.)) REPRESENTATION_ITEM('') 
  );
#12476 = CARTESIAN_POINT('',(2.170731598529,2.319244897203));
#12477 = CARTESIAN_POINT('',(1.790494438492,2.15));
#12478 = CARTESIAN_POINT('',(1.45,2.15));
#12479 = ( GEOMETRIC_REPRESENTATION_CONTEXT(2) 
PARAMETRIC_REPRESENTATION_CONTEXT() REPRESENTATION_CONTEXT('2D SPACE',''
  ) );
#12480 = ORIENTED_EDGE('',*,*,#12481,.F.);
#12481 = EDGE_CURVE('',#12482,#12454,#12484,.T.);
#12482 = VERTEX_POINT('',#12483);
#12483 = CARTESIAN_POINT('',(11.27530483272,18.5,-7.27469516728));
#12484 = SURFACE_CURVE('',#12485,(#12490,#12501),.PCURVE_S1.);
#12485 = HYPERBOLA('',#12486,1.45,1.45);
#12486 = AXIS2_PLACEMENT_3D('',#12487,#12488,#12489);
#12487 = CARTESIAN_POINT('',(11.27530483272,17.05,-7.27469516728));
#12488 = DIRECTION('',(0.707106781187,0.,0.707106781187));
#12489 = DIRECTION('',(-1.110223024625E-16,1.,1.110223024625E-16));
#12490 = PCURVE('',#7049,#12491);
#12491 = DEFINITIONAL_REPRESENTATION('',(#12492),#12500);
#12492 = B_SPLINE_CURVE_WITH_KNOTS('',6,(#12493,#12494,#12495,#12496,
    #12497,#12498,#12499),.UNSPECIFIED.,.F.,.F.,(7,7),(
    -1.570092458684E-16,0.478577328328),.PIECEWISE_BEZIER_KNOTS.);
#12493 = CARTESIAN_POINT('',(5.497787143782,1.221245327088E-15));
#12494 = CARTESIAN_POINT('',(5.418024255727,1.177413038932E-15));
#12495 = CARTESIAN_POINT('',(5.338261576863,1.107008796805E-02));
#12496 = CARTESIAN_POINT('',(5.259410921232,3.321024912343E-02));
#12497 = CARTESIAN_POINT('',(5.182392124767,6.663182017622E-02));
#12498 = CARTESIAN_POINT('',(5.107923287789,0.111757263392));
#12499 = CARTESIAN_POINT('',(5.036497286769,0.169244897203));
#12500 = ( GEOMETRIC_REPRESENTATION_CONTEXT(2) 
PARAMETRIC_REPRESENTATION_CONTEXT() REPRESENTATION_CONTEXT('2D SPACE',''
  ) );
#12501 = PCURVE('',#7624,#12502);
#12502 = DEFINITIONAL_REPRESENTATION('',(#12503),#12507);
#12503 = ( BOUNDED_CURVE() B_SPLINE_CURVE(2,(#12504,#12505,#12506),
.UNSPECIFIED.,.F.,.F.) B_SPLINE_CURVE_WITH_KNOTS((3,3),(
-1.570092458684E-16,0.478577328328),.PIECEWISE_BEZIER_KNOTS.) CURVE() 
GEOMETRIC_REPRESENTATION_ITEM() RATIONAL_B_SPLINE_CURVE((1.,
1.028766401755,1.)) REPRESENTATION_ITEM('') );
#12504 = CARTESIAN_POINT('',(1.45,2.15));
#12505 = CARTESIAN_POINT('',(1.109505561508,2.15));
#12506 = CARTESIAN_POINT('',(0.729268401471,2.319244897203));
#12507 = ( GEOMETRIC_REPRESENTATION_CONTEXT(2) 
PARAMETRIC_REPRESENTATION_CONTEXT() REPRESENTATION_CONTEXT('2D SPACE',''
  ) );
#12508 = ORIENTED_EDGE('',*,*,#12509,.F.);
#12509 = EDGE_CURVE('',#12510,#12482,#12512,.T.);
#12510 = VERTEX_POINT('',#12511);
#12511 = CARTESIAN_POINT('',(11.7,18.619468690424,-7.699390334559));
#12512 = SURFACE_CURVE('',#12513,(#12518,#12529),.PCURVE_S1.);
#12513 = HYPERBOLA('',#12514,1.45,1.45);
#12514 = AXIS2_PLACEMENT_3D('',#12515,#12516,#12517);
#12515 = CARTESIAN_POINT('',(11.27530483272,17.05,-7.27469516728));
#12516 = DIRECTION('',(0.707106781187,0.,0.707106781187));
#12517 = DIRECTION('',(-1.110223024625E-16,1.,1.110223024625E-16));
#12518 = PCURVE('',#7049,#12519);
#12519 = DEFINITIONAL_REPRESENTATION('',(#12520),#12528);
#12520 = B_SPLINE_CURVE_WITH_KNOTS('',6,(#12521,#12522,#12523,#12524,
    #12525,#12526,#12527),.UNSPECIFIED.,.F.,.F.,(7,7),(-0.478577328328,
    -1.570092458684E-16),.PIECEWISE_BEZIER_KNOTS.);
#12521 = CARTESIAN_POINT('',(5.959077000795,0.169244897203));
#12522 = CARTESIAN_POINT('',(5.887650999775,0.111757263392));
#12523 = CARTESIAN_POINT('',(5.813182162797,6.663182017622E-02));
#12524 = CARTESIAN_POINT('',(5.736163366333,3.321024912342E-02));
#12525 = CARTESIAN_POINT('',(5.657312710701,1.107008796806E-02));
#12526 = CARTESIAN_POINT('',(5.577550031837,1.265077615244E-15));
#12527 = CARTESIAN_POINT('',(5.497787143782,1.221245327088E-15));
#12528 = ( GEOMETRIC_REPRESENTATION_CONTEXT(2) 
PARAMETRIC_REPRESENTATION_CONTEXT() REPRESENTATION_CONTEXT('2D SPACE',''
  ) );
#12529 = PCURVE('',#7624,#12530);
#12530 = DEFINITIONAL_REPRESENTATION('',(#12531),#12535);
#12531 = ( BOUNDED_CURVE() B_SPLINE_CURVE(2,(#12532,#12533,#12534),
.UNSPECIFIED.,.F.,.F.) B_SPLINE_CURVE_WITH_KNOTS((3,3),(-0.478577328328,
-1.570092458684E-16),.PIECEWISE_BEZIER_KNOTS.) CURVE() 
GEOMETRIC_REPRESENTATION_ITEM() RATIONAL_B_SPLINE_CURVE((1.,
1.028766401755,1.)) REPRESENTATION_ITEM('') );
#12532 = CARTESIAN_POINT('',(2.170731598529,2.319244897203));
#12533 = CARTESIAN_POINT('',(1.790494438492,2.15));
#12534 = CARTESIAN_POINT('',(1.45,2.15));
#12535 = ( GEOMETRIC_REPRESENTATION_CONTEXT(2) 
PARAMETRIC_REPRESENTATION_CONTEXT() REPRESENTATION_CONTEXT('2D SPACE',''
  ) );
#12536 = ORIENTED_EDGE('',*,*,#12537,.F.);
#12537 = EDGE_CURVE('',#12295,#12510,#12538,.T.);
#12538 = SURFACE_CURVE('',#12539,(#12544,#12555),.PCURVE_S1.);
#12539 = HYPERBOLA('',#12540,1.45,1.45);
#12540 = AXIS2_PLACEMENT_3D('',#12541,#12542,#12543);
#12541 = CARTESIAN_POINT('',(11.7,17.05,-8.3));
#12542 = DIRECTION('',(1.,0.,0.));
#12543 = DIRECTION('',(-0.,1.,2.22044604925E-16));
#12544 = PCURVE('',#7049,#12545);
#12545 = DEFINITIONAL_REPRESENTATION('',(#12546),#12554);
#12546 = B_SPLINE_CURVE_WITH_KNOTS('',6,(#12547,#12548,#12549,#12550,
    #12551,#12552,#12553),.UNSPECIFIED.,.F.,.F.,(7,7),(
    -2.22044604925E-16,0.44118284331),.PIECEWISE_BEZIER_KNOTS.);
#12547 = CARTESIAN_POINT('',(6.28318530718,2.331468351713E-15));
#12548 = CARTESIAN_POINT('',(6.209654833295,2.319631244071E-15));
#12549 = CARTESIAN_POINT('',(6.136124491467,9.407712323585E-03));
#12550 = CARTESIAN_POINT('',(6.063308879759,2.822312927254E-02));
#12551 = CARTESIAN_POINT('',(5.99192753651,5.659887131459E-02));
#12552 = CARTESIAN_POINT('',(5.922567462212,9.484006938225E-02));
#12553 = CARTESIAN_POINT('',(5.855655272715,0.143419494034));
#12554 = ( GEOMETRIC_REPRESENTATION_CONTEXT(2) 
PARAMETRIC_REPRESENTATION_CONTEXT() REPRESENTATION_CONTEXT('2D SPACE',''
  ) );
#12555 = PCURVE('',#7598,#12556);
#12556 = DEFINITIONAL_REPRESENTATION('',(#12557),#12561);
#12557 = ( BOUNDED_CURVE() B_SPLINE_CURVE(2,(#12558,#12559,#12560),
.UNSPECIFIED.,.F.,.F.) B_SPLINE_CURVE_WITH_KNOTS((3,3),(
-2.22044604925E-16,0.44118284331),.PIECEWISE_BEZIER_KNOTS.) CURVE() 
GEOMETRIC_REPRESENTATION_ITEM() RATIONAL_B_SPLINE_CURVE((1.,
1.024429108305,1.)) REPRESENTATION_ITEM('') );
#12558 = CARTESIAN_POINT('',(4.437342591868E-31,-2.15));
#12559 = CARTESIAN_POINT('',(0.314768443278,-2.15));
#12560 = CARTESIAN_POINT('',(0.660670631985,-2.293419494034));
#12561 = ( GEOMETRIC_REPRESENTATION_CONTEXT(2) 
PARAMETRIC_REPRESENTATION_CONTEXT() REPRESENTATION_CONTEXT('2D SPACE',''
  ) );
#12562 = ORIENTED_EDGE('',*,*,#12294,.T.);
#12563 = ADVANCED_FACE('',(#12564),#7754,.F.);
#12564 = FACE_BOUND('',#12565,.F.);
#12565 = EDGE_LOOP('',(#12566,#12567,#12568,#12591));
#12566 = ORIENTED_EDGE('',*,*,#11356,.T.);
#12567 = ORIENTED_EDGE('',*,*,#7739,.T.);
#12568 = ORIENTED_EDGE('',*,*,#12569,.T.);
#12569 = EDGE_CURVE('',#7714,#12570,#12572,.T.);
#12570 = VERTEX_POINT('',#12571);
#12571 = CARTESIAN_POINT('',(7.82,18.78,-7.73));
#12572 = SURFACE_CURVE('',#12573,(#12577,#12584),.PCURVE_S1.);
#12573 = LINE('',#12574,#12575);
#12574 = CARTESIAN_POINT('',(7.82,17.34,-7.73));
#12575 = VECTOR('',#12576,1.);
#12576 = DIRECTION('',(0.,1.,0.));
#12577 = PCURVE('',#7754,#12578);
#12578 = DEFINITIONAL_REPRESENTATION('',(#12579),#12583);
#12579 = LINE('',#12580,#12581);
#12580 = CARTESIAN_POINT('',(26.93,3.552713678801E-15));
#12581 = VECTOR('',#12582,1.);
#12582 = DIRECTION('',(0.,-1.));
#12583 = ( GEOMETRIC_REPRESENTATION_CONTEXT(2) 
PARAMETRIC_REPRESENTATION_CONTEXT() REPRESENTATION_CONTEXT('2D SPACE',''
  ) );
#12584 = PCURVE('',#7728,#12585);
#12585 = DEFINITIONAL_REPRESENTATION('',(#12586),#12590);
#12586 = LINE('',#12587,#12588);
#12587 = CARTESIAN_POINT('',(0.634337976665,-0.490337976665));
#12588 = VECTOR('',#12589,1.);
#12589 = DIRECTION('',(0.,1.));
#12590 = ( GEOMETRIC_REPRESENTATION_CONTEXT(2) 
PARAMETRIC_REPRESENTATION_CONTEXT() REPRESENTATION_CONTEXT('2D SPACE',''
  ) );
#12591 = ORIENTED_EDGE('',*,*,#12592,.T.);
#12592 = EDGE_CURVE('',#12570,#11357,#12593,.T.);
#12593 = SURFACE_CURVE('',#12594,(#12598,#12605),.PCURVE_S1.);
#12594 = LINE('',#12595,#12596);
#12595 = CARTESIAN_POINT('',(7.82,18.78,-34.66));
#12596 = VECTOR('',#12597,1.);
#12597 = DIRECTION('',(0.,0.,1.));
#12598 = PCURVE('',#7754,#12599);
#12599 = DEFINITIONAL_REPRESENTATION('',(#12600),#12604);
#12600 = LINE('',#12601,#12602);
#12601 = CARTESIAN_POINT('',(0.,-1.44));
#12602 = VECTOR('',#12603,1.);
#12603 = DIRECTION('',(1.,0.));
#12604 = ( GEOMETRIC_REPRESENTATION_CONTEXT(2) 
PARAMETRIC_REPRESENTATION_CONTEXT() REPRESENTATION_CONTEXT('2D SPACE',''
  ) );
#12605 = PCURVE('',#11394,#12606);
#12606 = DEFINITIONAL_REPRESENTATION('',(#12607),#12611);
#12607 = LINE('',#12608,#12609);
#12608 = CARTESIAN_POINT('',(0.,15.64));
#12609 = VECTOR('',#12610,1.);
#12610 = DIRECTION('',(1.,0.));
#12611 = ( GEOMETRIC_REPRESENTATION_CONTEXT(2) 
PARAMETRIC_REPRESENTATION_CONTEXT() REPRESENTATION_CONTEXT('2D SPACE',''
  ) );
#12612 = ADVANCED_FACE('',(#12613),#7728,.T.);
#12613 = FACE_BOUND('',#12614,.T.);
#12614 = EDGE_LOOP('',(#12615,#12636,#12637,#12638));
#12615 = ORIENTED_EDGE('',*,*,#12616,.T.);
#12616 = EDGE_CURVE('',#12617,#7688,#12619,.T.);
#12617 = VERTEX_POINT('',#12618);
#12618 = CARTESIAN_POINT('',(8.8,17.963333333333,-7.73));
#12619 = SURFACE_CURVE('',#12620,(#12624,#12630),.PCURVE_S1.);
#12620 = LINE('',#12621,#12622);
#12621 = CARTESIAN_POINT('',(8.8,17.090168988333,-7.73));
#12622 = VECTOR('',#12623,1.);
#12623 = DIRECTION('',(0.,-1.,0.));
#12624 = PCURVE('',#7728,#12625);
#12625 = DEFINITIONAL_REPRESENTATION('',(#12626),#12629);
#12626 = B_SPLINE_CURVE_WITH_KNOTS('',1,(#12627,#12628),.UNSPECIFIED.,
  .F.,.F.,(2,2),(-1.689831011667,-0.259831011667),
  .PIECEWISE_BEZIER_KNOTS.);
#12627 = CARTESIAN_POINT('',(-0.345662023335,0.949662023335));
#12628 = CARTESIAN_POINT('',(-0.345662023335,-0.480337976665));
#12629 = ( GEOMETRIC_REPRESENTATION_CONTEXT(2) 
PARAMETRIC_REPRESENTATION_CONTEXT() REPRESENTATION_CONTEXT('2D SPACE',''
  ) );
#12630 = PCURVE('',#7702,#12631);
#12631 = DEFINITIONAL_REPRESENTATION('',(#12632),#12635);
#12632 = B_SPLINE_CURVE_WITH_KNOTS('',1,(#12633,#12634),.UNSPECIFIED.,
  .F.,.F.,(2,2),(-1.689831011667,-0.259831011667),
  .PIECEWISE_BEZIER_KNOTS.);
#12633 = CARTESIAN_POINT('',(0.57,-2.43));
#12634 = CARTESIAN_POINT('',(0.57,-1.));
#12635 = ( GEOMETRIC_REPRESENTATION_CONTEXT(2) 
PARAMETRIC_REPRESENTATION_CONTEXT() REPRESENTATION_CONTEXT('2D SPACE',''
  ) );
#12636 = ORIENTED_EDGE('',*,*,#7713,.T.);
#12637 = ORIENTED_EDGE('',*,*,#12569,.T.);
#12638 = ORIENTED_EDGE('',*,*,#12639,.T.);
#12639 = EDGE_CURVE('',#12570,#12617,#12640,.T.);
#12640 = SURFACE_CURVE('',#12641,(#12645,#12652),.PCURVE_S1.);
#12641 = LINE('',#12642,#12643);
#12642 = CARTESIAN_POINT('',(7.82,18.78,-7.73));
#12643 = VECTOR('',#12644,1.);
#12644 = DIRECTION('',(0.768221279597,-0.640184399664,0.));
#12645 = PCURVE('',#7728,#12646);
#12646 = DEFINITIONAL_REPRESENTATION('',(#12647),#12651);
#12647 = LINE('',#12648,#12649);
#12648 = CARTESIAN_POINT('',(0.634337976665,0.949662023335));
#12649 = VECTOR('',#12650,1.);
#12650 = DIRECTION('',(-0.768221279597,-0.640184399664));
#12651 = ( GEOMETRIC_REPRESENTATION_CONTEXT(2) 
PARAMETRIC_REPRESENTATION_CONTEXT() REPRESENTATION_CONTEXT('2D SPACE',''
  ) );
#12652 = PCURVE('',#7381,#12653);
#12653 = DEFINITIONAL_REPRESENTATION('',(#12654),#12658);
#12654 = LINE('',#12655,#12656);
#12655 = CARTESIAN_POINT('',(0.,0.));
#12656 = VECTOR('',#12657,1.);
#12657 = DIRECTION('',(1.,0.));
#12658 = ( GEOMETRIC_REPRESENTATION_CONTEXT(2) 
PARAMETRIC_REPRESENTATION_CONTEXT() REPRESENTATION_CONTEXT('2D SPACE',''
  ) );
#12659 = ADVANCED_FACE('',(#12660),#7702,.T.);
#12660 = FACE_BOUND('',#12661,.T.);
#12661 = EDGE_LOOP('',(#12662,#12683,#12704,#12705,#12725,#12726));
#12662 = ORIENTED_EDGE('',*,*,#12663,.F.);
#12663 = EDGE_CURVE('',#12664,#12617,#12666,.T.);
#12664 = VERTEX_POINT('',#12665);
#12665 = CARTESIAN_POINT('',(8.8,17.963333333333,-8.3));
#12666 = SURFACE_CURVE('',#12667,(#12671,#12677),.PCURVE_S1.);
#12667 = LINE('',#12668,#12669);
#12668 = CARTESIAN_POINT('',(8.8,17.963333333333,-8.015));
#12669 = VECTOR('',#12670,1.);
#12670 = DIRECTION('',(0.,0.,1.));
#12671 = PCURVE('',#7702,#12672);
#12672 = DEFINITIONAL_REPRESENTATION('',(#12673),#12676);
#12673 = B_SPLINE_CURVE_WITH_KNOTS('',1,(#12674,#12675),.UNSPECIFIED.,
  .F.,.F.,(2,2),(-0.285,0.285),.PIECEWISE_BEZIER_KNOTS.);
#12674 = CARTESIAN_POINT('',(0.,-1.613333333333));
#12675 = CARTESIAN_POINT('',(0.57,-1.613333333333));
#12676 = ( GEOMETRIC_REPRESENTATION_CONTEXT(2) 
PARAMETRIC_REPRESENTATION_CONTEXT() REPRESENTATION_CONTEXT('2D SPACE',''
  ) );
#12677 = PCURVE('',#7381,#12678);
#12678 = DEFINITIONAL_REPRESENTATION('',(#12679),#12682);
#12679 = B_SPLINE_CURVE_WITH_KNOTS('',1,(#12680,#12681),.UNSPECIFIED.,
  .F.,.F.,(2,2),(-0.285,0.285),.PIECEWISE_BEZIER_KNOTS.);
#12680 = CARTESIAN_POINT('',(1.275674113731,-0.57));
#12681 = CARTESIAN_POINT('',(1.275674113731,0.));
#12682 = ( GEOMETRIC_REPRESENTATION_CONTEXT(2) 
PARAMETRIC_REPRESENTATION_CONTEXT() REPRESENTATION_CONTEXT('2D SPACE',''
  ) );
#12683 = ORIENTED_EDGE('',*,*,#12684,.T.);
#12684 = EDGE_CURVE('',#12664,#12318,#12685,.T.);
#12685 = SURFACE_CURVE('',#12686,(#12690,#12697),.PCURVE_S1.);
#12686 = LINE('',#12687,#12688);
#12687 = CARTESIAN_POINT('',(8.8,16.35,-8.3));
#12688 = VECTOR('',#12689,1.);
#12689 = DIRECTION('',(0.,1.,0.));
#12690 = PCURVE('',#7702,#12691);
#12691 = DEFINITIONAL_REPRESENTATION('',(#12692),#12696);
#12692 = LINE('',#12693,#12694);
#12693 = CARTESIAN_POINT('',(0.,0.));
#12694 = VECTOR('',#12695,1.);
#12695 = DIRECTION('',(0.,-1.));
#12696 = ( GEOMETRIC_REPRESENTATION_CONTEXT(2) 
PARAMETRIC_REPRESENTATION_CONTEXT() REPRESENTATION_CONTEXT('2D SPACE',''
  ) );
#12697 = PCURVE('',#7571,#12698);
#12698 = DEFINITIONAL_REPRESENTATION('',(#12699),#12703);
#12699 = LINE('',#12700,#12701);
#12700 = CARTESIAN_POINT('',(3.14159265359,4.4));
#12701 = VECTOR('',#12702,1.);
#12702 = DIRECTION('',(0.,-1.));
#12703 = ( GEOMETRIC_REPRESENTATION_CONTEXT(2) 
PARAMETRIC_REPRESENTATION_CONTEXT() REPRESENTATION_CONTEXT('2D SPACE',''
  ) );
#12704 = ORIENTED_EDGE('',*,*,#12341,.T.);
#12705 = ORIENTED_EDGE('',*,*,#12706,.T.);
#12706 = EDGE_CURVE('',#12342,#7662,#12707,.T.);
#12707 = SURFACE_CURVE('',#12708,(#12712,#12718),.PCURVE_S1.);
#12708 = LINE('',#12709,#12710);
#12709 = CARTESIAN_POINT('',(8.8,16.35,-7.699390334559));
#12710 = VECTOR('',#12711,1.);
#12711 = DIRECTION('',(0.,-1.,0.));
#12712 = PCURVE('',#7702,#12713);
#12713 = DEFINITIONAL_REPRESENTATION('',(#12714),#12717);
#12714 = B_SPLINE_CURVE_WITH_KNOTS('',1,(#12715,#12716),.UNSPECIFIED.,
  .F.,.F.,(2,2),(-4.4,0.),.PIECEWISE_BEZIER_KNOTS.);
#12715 = CARTESIAN_POINT('',(0.600609665441,-4.4));
#12716 = CARTESIAN_POINT('',(0.600609665441,0.));
#12717 = ( GEOMETRIC_REPRESENTATION_CONTEXT(2) 
PARAMETRIC_REPRESENTATION_CONTEXT() REPRESENTATION_CONTEXT('2D SPACE',''
  ) );
#12718 = PCURVE('',#7676,#12719);
#12719 = DEFINITIONAL_REPRESENTATION('',(#12720),#12724);
#12720 = LINE('',#12721,#12722);
#12721 = CARTESIAN_POINT('',(0.849390334559,0.));
#12722 = VECTOR('',#12723,1.);
#12723 = DIRECTION('',(0.,1.));
#12724 = ( GEOMETRIC_REPRESENTATION_CONTEXT(2) 
PARAMETRIC_REPRESENTATION_CONTEXT() REPRESENTATION_CONTEXT('2D SPACE',''
  ) );
#12725 = ORIENTED_EDGE('',*,*,#7687,.T.);
#12726 = ORIENTED_EDGE('',*,*,#12616,.F.);
#12727 = ADVANCED_FACE('',(#12728),#7676,.T.);
#12728 = FACE_BOUND('',#12729,.T.);
#12729 = EDGE_LOOP('',(#12730,#12751,#12752,#12753,#12754));
#12730 = ORIENTED_EDGE('',*,*,#12731,.T.);
#12731 = EDGE_CURVE('',#12398,#7636,#12732,.T.);
#12732 = SURFACE_CURVE('',#12733,(#12737,#12744),.PCURVE_S1.);
#12733 = LINE('',#12734,#12735);
#12734 = CARTESIAN_POINT('',(9.649390334559,16.35,-6.85));
#12735 = VECTOR('',#12736,1.);
#12736 = DIRECTION('',(0.,-1.,0.));
#12737 = PCURVE('',#7676,#12738);
#12738 = DEFINITIONAL_REPRESENTATION('',(#12739),#12743);
#12739 = LINE('',#12740,#12741);
#12740 = CARTESIAN_POINT('',(2.050609665441,0.));
#12741 = VECTOR('',#12742,1.);
#12742 = DIRECTION('',(0.,1.));
#12743 = ( GEOMETRIC_REPRESENTATION_CONTEXT(2) 
PARAMETRIC_REPRESENTATION_CONTEXT() REPRESENTATION_CONTEXT('2D SPACE',''
  ) );
#12744 = PCURVE('',#7650,#12745);
#12745 = DEFINITIONAL_REPRESENTATION('',(#12746),#12750);
#12746 = LINE('',#12747,#12748);
#12747 = CARTESIAN_POINT('',(0.849390334559,0.));
#12748 = VECTOR('',#12749,1.);
#12749 = DIRECTION('',(0.,-1.));
#12750 = ( GEOMETRIC_REPRESENTATION_CONTEXT(2) 
PARAMETRIC_REPRESENTATION_CONTEXT() REPRESENTATION_CONTEXT('2D SPACE',''
  ) );
#12751 = ORIENTED_EDGE('',*,*,#7661,.T.);
#12752 = ORIENTED_EDGE('',*,*,#12706,.F.);
#12753 = ORIENTED_EDGE('',*,*,#12369,.T.);
#12754 = ORIENTED_EDGE('',*,*,#12397,.T.);
#12755 = ADVANCED_FACE('',(#12756),#7277,.T.);
#12756 = FACE_BOUND('',#12757,.T.);
#12757 = EDGE_LOOP('',(#12758,#12759,#12782,#12803));
#12758 = ORIENTED_EDGE('',*,*,#7262,.T.);
#12759 = ORIENTED_EDGE('',*,*,#12760,.T.);
#12760 = EDGE_CURVE('',#7263,#12761,#12763,.T.);
#12761 = VERTEX_POINT('',#12762);
#12762 = CARTESIAN_POINT('',(-7.82,18.78,-34.66));
#12763 = SURFACE_CURVE('',#12764,(#12768,#12775),.PCURVE_S1.);
#12764 = LINE('',#12765,#12766);
#12765 = CARTESIAN_POINT('',(-7.82,17.34,-34.66));
#12766 = VECTOR('',#12767,1.);
#12767 = DIRECTION('',(-0.,1.,0.));
#12768 = PCURVE('',#7277,#12769);
#12769 = DEFINITIONAL_REPRESENTATION('',(#12770),#12774);
#12770 = LINE('',#12771,#12772);
#12771 = CARTESIAN_POINT('',(0.,0.));
#12772 = VECTOR('',#12773,1.);
#12773 = DIRECTION('',(0.,-1.));
#12774 = ( GEOMETRIC_REPRESENTATION_CONTEXT(2) 
PARAMETRIC_REPRESENTATION_CONTEXT() REPRESENTATION_CONTEXT('2D SPACE',''
  ) );
#12775 = PCURVE('',#7303,#12776);
#12776 = DEFINITIONAL_REPRESENTATION('',(#12777),#12781);
#12777 = LINE('',#12778,#12779);
#12778 = CARTESIAN_POINT('',(0.,0.));
#12779 = VECTOR('',#12780,1.);
#12780 = DIRECTION('',(0.,1.));
#12781 = ( GEOMETRIC_REPRESENTATION_CONTEXT(2) 
PARAMETRIC_REPRESENTATION_CONTEXT() REPRESENTATION_CONTEXT('2D SPACE',''
  ) );
#12782 = ORIENTED_EDGE('',*,*,#12783,.T.);
#12783 = EDGE_CURVE('',#12761,#11378,#12784,.T.);
#12784 = SURFACE_CURVE('',#12785,(#12789,#12796),.PCURVE_S1.);
#12785 = LINE('',#12786,#12787);
#12786 = CARTESIAN_POINT('',(-7.82,18.78,-34.66));
#12787 = VECTOR('',#12788,1.);
#12788 = DIRECTION('',(0.,0.,1.));
#12789 = PCURVE('',#7277,#12790);
#12790 = DEFINITIONAL_REPRESENTATION('',(#12791),#12795);
#12791 = LINE('',#12792,#12793);
#12792 = CARTESIAN_POINT('',(0.,-1.44));
#12793 = VECTOR('',#12794,1.);
#12794 = DIRECTION('',(1.,0.));
#12795 = ( GEOMETRIC_REPRESENTATION_CONTEXT(2) 
PARAMETRIC_REPRESENTATION_CONTEXT() REPRESENTATION_CONTEXT('2D SPACE',''
  ) );
#12796 = PCURVE('',#11394,#12797);
#12797 = DEFINITIONAL_REPRESENTATION('',(#12798),#12802);
#12798 = LINE('',#12799,#12800);
#12799 = CARTESIAN_POINT('',(0.,0.));
#12800 = VECTOR('',#12801,1.);
#12801 = DIRECTION('',(1.,0.));
#12802 = ( GEOMETRIC_REPRESENTATION_CONTEXT(2) 
PARAMETRIC_REPRESENTATION_CONTEXT() REPRESENTATION_CONTEXT('2D SPACE',''
  ) );
#12803 = ORIENTED_EDGE('',*,*,#11410,.T.);
#12804 = ADVANCED_FACE('',(#12805),#7650,.F.);
#12805 = FACE_BOUND('',#12806,.F.);
#12806 = EDGE_LOOP('',(#12807,#12808,#12809,#12810,#12831));
#12807 = ORIENTED_EDGE('',*,*,#12425,.T.);
#12808 = ORIENTED_EDGE('',*,*,#12731,.T.);
#12809 = ORIENTED_EDGE('',*,*,#7635,.T.);
#12810 = ORIENTED_EDGE('',*,*,#12811,.F.);
#12811 = EDGE_CURVE('',#12454,#7610,#12812,.T.);
#12812 = SURFACE_CURVE('',#12813,(#12817,#12824),.PCURVE_S1.);
#12813 = LINE('',#12814,#12815);
#12814 = CARTESIAN_POINT('',(10.850609665441,16.35,-6.85));
#12815 = VECTOR('',#12816,1.);
#12816 = DIRECTION('',(0.,-1.,0.));
#12817 = PCURVE('',#7650,#12818);
#12818 = DEFINITIONAL_REPRESENTATION('',(#12819),#12823);
#12819 = LINE('',#12820,#12821);
#12820 = CARTESIAN_POINT('',(2.050609665441,0.));
#12821 = VECTOR('',#12822,1.);
#12822 = DIRECTION('',(0.,-1.));
#12823 = ( GEOMETRIC_REPRESENTATION_CONTEXT(2) 
PARAMETRIC_REPRESENTATION_CONTEXT() REPRESENTATION_CONTEXT('2D SPACE',''
  ) );
#12824 = PCURVE('',#7624,#12825);
#12825 = DEFINITIONAL_REPRESENTATION('',(#12826),#12830);
#12826 = LINE('',#12827,#12828);
#12827 = CARTESIAN_POINT('',(0.849390334559,0.));
#12828 = VECTOR('',#12829,1.);
#12829 = DIRECTION('',(0.,-1.));
#12830 = ( GEOMETRIC_REPRESENTATION_CONTEXT(2) 
PARAMETRIC_REPRESENTATION_CONTEXT() REPRESENTATION_CONTEXT('2D SPACE',''
  ) );
#12831 = ORIENTED_EDGE('',*,*,#12453,.T.);
#12832 = ADVANCED_FACE('',(#12833),#7303,.T.);
#12833 = FACE_BOUND('',#12834,.T.);
#12834 = EDGE_LOOP('',(#12835,#12836,#12837,#12860));
#12835 = ORIENTED_EDGE('',*,*,#12760,.F.);
#12836 = ORIENTED_EDGE('',*,*,#7288,.T.);
#12837 = ORIENTED_EDGE('',*,*,#12838,.T.);
#12838 = EDGE_CURVE('',#7289,#12839,#12841,.T.);
#12839 = VERTEX_POINT('',#12840);
#12840 = CARTESIAN_POINT('',(7.82,18.78,-34.66));
#12841 = SURFACE_CURVE('',#12842,(#12846,#12853),.PCURVE_S1.);
#12842 = LINE('',#12843,#12844);
#12843 = CARTESIAN_POINT('',(7.82,17.34,-34.66));
#12844 = VECTOR('',#12845,1.);
#12845 = DIRECTION('',(-0.,1.,0.));
#12846 = PCURVE('',#7303,#12847);
#12847 = DEFINITIONAL_REPRESENTATION('',(#12848),#12852);
#12848 = LINE('',#12849,#12850);
#12849 = CARTESIAN_POINT('',(15.64,0.));
#12850 = VECTOR('',#12851,1.);
#12851 = DIRECTION('',(0.,1.));
#12852 = ( GEOMETRIC_REPRESENTATION_CONTEXT(2) 
PARAMETRIC_REPRESENTATION_CONTEXT() REPRESENTATION_CONTEXT('2D SPACE',''
  ) );
#12853 = PCURVE('',#7329,#12854);
#12854 = DEFINITIONAL_REPRESENTATION('',(#12855),#12859);
#12855 = LINE('',#12856,#12857);
#12856 = CARTESIAN_POINT('',(3.552713678801E-15,-26.93));
#12857 = VECTOR('',#12858,1.);
#12858 = DIRECTION('',(1.,0.));
#12859 = ( GEOMETRIC_REPRESENTATION_CONTEXT(2) 
PARAMETRIC_REPRESENTATION_CONTEXT() REPRESENTATION_CONTEXT('2D SPACE',''
  ) );
#12860 = ORIENTED_EDGE('',*,*,#12861,.F.);
#12861 = EDGE_CURVE('',#12761,#12839,#12862,.T.);
#12862 = SURFACE_CURVE('',#12863,(#12867,#12874),.PCURVE_S1.);
#12863 = LINE('',#12864,#12865);
#12864 = CARTESIAN_POINT('',(-7.82,18.78,-34.66));
#12865 = VECTOR('',#12866,1.);
#12866 = DIRECTION('',(1.,0.,-0.));
#12867 = PCURVE('',#7303,#12868);
#12868 = DEFINITIONAL_REPRESENTATION('',(#12869),#12873);
#12869 = LINE('',#12870,#12871);
#12870 = CARTESIAN_POINT('',(0.,1.44));
#12871 = VECTOR('',#12872,1.);
#12872 = DIRECTION('',(1.,0.));
#12873 = ( GEOMETRIC_REPRESENTATION_CONTEXT(2) 
PARAMETRIC_REPRESENTATION_CONTEXT() REPRESENTATION_CONTEXT('2D SPACE',''
  ) );
#12874 = PCURVE('',#11394,#12875);
#12875 = DEFINITIONAL_REPRESENTATION('',(#12876),#12880);
#12876 = LINE('',#12877,#12878);
#12877 = CARTESIAN_POINT('',(0.,0.));
#12878 = VECTOR('',#12879,1.);
#12879 = DIRECTION('',(0.,1.));
#12880 = ( GEOMETRIC_REPRESENTATION_CONTEXT(2) 
PARAMETRIC_REPRESENTATION_CONTEXT() REPRESENTATION_CONTEXT('2D SPACE',''
  ) );
#12881 = ADVANCED_FACE('',(#12882),#7624,.F.);
#12882 = FACE_BOUND('',#12883,.F.);
#12883 = EDGE_LOOP('',(#12884,#12885,#12886,#12887,#12907));
#12884 = ORIENTED_EDGE('',*,*,#12481,.T.);
#12885 = ORIENTED_EDGE('',*,*,#12811,.T.);
#12886 = ORIENTED_EDGE('',*,*,#7609,.T.);
#12887 = ORIENTED_EDGE('',*,*,#12888,.T.);
#12888 = EDGE_CURVE('',#7584,#12510,#12889,.T.);
#12889 = SURFACE_CURVE('',#12890,(#12894,#12901),.PCURVE_S1.);
#12890 = LINE('',#12891,#12892);
#12891 = CARTESIAN_POINT('',(11.7,16.35,-7.699390334559));
#12892 = VECTOR('',#12893,1.);
#12893 = DIRECTION('',(0.,1.,0.));
#12894 = PCURVE('',#7624,#12895);
#12895 = DEFINITIONAL_REPRESENTATION('',(#12896),#12900);
#12896 = LINE('',#12897,#12898);
#12897 = CARTESIAN_POINT('',(2.050609665441,0.));
#12898 = VECTOR('',#12899,1.);
#12899 = DIRECTION('',(0.,1.));
#12900 = ( GEOMETRIC_REPRESENTATION_CONTEXT(2) 
PARAMETRIC_REPRESENTATION_CONTEXT() REPRESENTATION_CONTEXT('2D SPACE',''
  ) );
#12901 = PCURVE('',#7598,#12902);
#12902 = DEFINITIONAL_REPRESENTATION('',(#12903),#12906);
#12903 = B_SPLINE_CURVE_WITH_KNOTS('',1,(#12904,#12905),.UNSPECIFIED.,
  .F.,.F.,(2,2),(0.,4.4),.PIECEWISE_BEZIER_KNOTS.);
#12904 = CARTESIAN_POINT('',(0.600609665441,0.));
#12905 = CARTESIAN_POINT('',(0.600609665441,-4.4));
#12906 = ( GEOMETRIC_REPRESENTATION_CONTEXT(2) 
PARAMETRIC_REPRESENTATION_CONTEXT() REPRESENTATION_CONTEXT('2D SPACE',''
  ) );
#12907 = ORIENTED_EDGE('',*,*,#12509,.T.);
#12908 = ADVANCED_FACE('',(#12909),#7329,.T.);
#12909 = FACE_BOUND('',#12910,.T.);
#12910 = EDGE_LOOP('',(#12911,#12912,#12935,#12956));
#12911 = ORIENTED_EDGE('',*,*,#7314,.T.);
#12912 = ORIENTED_EDGE('',*,*,#12913,.T.);
#12913 = EDGE_CURVE('',#7315,#12914,#12916,.T.);
#12914 = VERTEX_POINT('',#12915);
#12915 = CARTESIAN_POINT('',(7.82,18.78,-35.26));
#12916 = SURFACE_CURVE('',#12917,(#12921,#12928),.PCURVE_S1.);
#12917 = LINE('',#12918,#12919);
#12918 = CARTESIAN_POINT('',(7.82,17.34,-35.26));
#12919 = VECTOR('',#12920,1.);
#12920 = DIRECTION('',(0.,1.,0.));
#12921 = PCURVE('',#7329,#12922);
#12922 = DEFINITIONAL_REPRESENTATION('',(#12923),#12927);
#12923 = LINE('',#12924,#12925);
#12924 = CARTESIAN_POINT('',(0.,-27.53));
#12925 = VECTOR('',#12926,1.);
#12926 = DIRECTION('',(1.,0.));
#12927 = ( GEOMETRIC_REPRESENTATION_CONTEXT(2) 
PARAMETRIC_REPRESENTATION_CONTEXT() REPRESENTATION_CONTEXT('2D SPACE',''
  ) );
#12928 = PCURVE('',#7355,#12929);
#12929 = DEFINITIONAL_REPRESENTATION('',(#12930),#12934);
#12930 = LINE('',#12931,#12932);
#12931 = CARTESIAN_POINT('',(0.634337976665,-0.490337976665));
#12932 = VECTOR('',#12933,1.);
#12933 = DIRECTION('',(0.,1.));
#12934 = ( GEOMETRIC_REPRESENTATION_CONTEXT(2) 
PARAMETRIC_REPRESENTATION_CONTEXT() REPRESENTATION_CONTEXT('2D SPACE',''
  ) );
#12935 = ORIENTED_EDGE('',*,*,#12936,.F.);
#12936 = EDGE_CURVE('',#12839,#12914,#12937,.T.);
#12937 = SURFACE_CURVE('',#12938,(#12942,#12949),.PCURVE_S1.);
#12938 = LINE('',#12939,#12940);
#12939 = CARTESIAN_POINT('',(7.82,18.78,-7.73));
#12940 = VECTOR('',#12941,1.);
#12941 = DIRECTION('',(0.,0.,-1.));
#12942 = PCURVE('',#7329,#12943);
#12943 = DEFINITIONAL_REPRESENTATION('',(#12944),#12948);
#12944 = LINE('',#12945,#12946);
#12945 = CARTESIAN_POINT('',(1.44,0.));
#12946 = VECTOR('',#12947,1.);
#12947 = DIRECTION('',(0.,-1.));
#12948 = ( GEOMETRIC_REPRESENTATION_CONTEXT(2) 
PARAMETRIC_REPRESENTATION_CONTEXT() REPRESENTATION_CONTEXT('2D SPACE',''
  ) );
#12949 = PCURVE('',#7381,#12950);
#12950 = DEFINITIONAL_REPRESENTATION('',(#12951),#12955);
#12951 = LINE('',#12952,#12953);
#12952 = CARTESIAN_POINT('',(0.,0.));
#12953 = VECTOR('',#12954,1.);
#12954 = DIRECTION('',(0.,-1.));
#12955 = ( GEOMETRIC_REPRESENTATION_CONTEXT(2) 
PARAMETRIC_REPRESENTATION_CONTEXT() REPRESENTATION_CONTEXT('2D SPACE',''
  ) );
#12956 = ORIENTED_EDGE('',*,*,#12838,.F.);
#12957 = ADVANCED_FACE('',(#12958),#7598,.F.);
#12958 = FACE_BOUND('',#12959,.F.);
#12959 = EDGE_LOOP('',(#12960,#12961,#12962,#12983));
#12960 = ORIENTED_EDGE('',*,*,#12888,.F.);
#12961 = ORIENTED_EDGE('',*,*,#7583,.T.);
#12962 = ORIENTED_EDGE('',*,*,#12963,.F.);
#12963 = EDGE_CURVE('',#12295,#7551,#12964,.T.);
#12964 = SURFACE_CURVE('',#12965,(#12969,#12976),.PCURVE_S1.);
#12965 = LINE('',#12966,#12967);
#12966 = CARTESIAN_POINT('',(11.7,20.75,-8.3));
#12967 = VECTOR('',#12968,1.);
#12968 = DIRECTION('',(0.,-1.,2.22044604925E-16));
#12969 = PCURVE('',#7598,#12970);
#12970 = DEFINITIONAL_REPRESENTATION('',(#12971),#12975);
#12971 = LINE('',#12972,#12973);
#12972 = CARTESIAN_POINT('',(-8.436457025878E-16,-4.4));
#12973 = VECTOR('',#12974,1.);
#12974 = DIRECTION('',(2.22044604925E-16,1.));
#12975 = ( GEOMETRIC_REPRESENTATION_CONTEXT(2) 
PARAMETRIC_REPRESENTATION_CONTEXT() REPRESENTATION_CONTEXT('2D SPACE',''
  ) );
#12976 = PCURVE('',#7571,#12977);
#12977 = DEFINITIONAL_REPRESENTATION('',(#12978),#12982);
#12978 = LINE('',#12979,#12980);
#12979 = CARTESIAN_POINT('',(6.28318530718,-0.));
#12980 = VECTOR('',#12981,1.);
#12981 = DIRECTION('',(0.,1.));
#12982 = ( GEOMETRIC_REPRESENTATION_CONTEXT(2) 
PARAMETRIC_REPRESENTATION_CONTEXT() REPRESENTATION_CONTEXT('2D SPACE',''
  ) );
#12983 = ORIENTED_EDGE('',*,*,#12537,.T.);
#12984 = ADVANCED_FACE('',(#12985),#7355,.F.);
#12985 = FACE_BOUND('',#12986,.F.);
#12986 = EDGE_LOOP('',(#12987,#12988,#12989));
#12987 = ORIENTED_EDGE('',*,*,#7340,.T.);
#12988 = ORIENTED_EDGE('',*,*,#12913,.T.);
#12989 = ORIENTED_EDGE('',*,*,#12990,.T.);
#12990 = EDGE_CURVE('',#12914,#7341,#12991,.T.);
#12991 = SURFACE_CURVE('',#12992,(#12996,#13003),.PCURVE_S1.);
#12992 = LINE('',#12993,#12994);
#12993 = CARTESIAN_POINT('',(7.82,18.78,-35.26));
#12994 = VECTOR('',#12995,1.);
#12995 = DIRECTION('',(0.768221279597,-0.640184399664,0.));
#12996 = PCURVE('',#7355,#12997);
#12997 = DEFINITIONAL_REPRESENTATION('',(#12998),#13002);
#12998 = LINE('',#12999,#13000);
#12999 = CARTESIAN_POINT('',(0.634337976665,0.949662023335));
#13000 = VECTOR('',#13001,1.);
#13001 = DIRECTION('',(-0.768221279597,-0.640184399664));
#13002 = ( GEOMETRIC_REPRESENTATION_CONTEXT(2) 
PARAMETRIC_REPRESENTATION_CONTEXT() REPRESENTATION_CONTEXT('2D SPACE',''
  ) );
#13003 = PCURVE('',#7381,#13004);
#13004 = DEFINITIONAL_REPRESENTATION('',(#13005),#13009);
#13005 = LINE('',#13006,#13007);
#13006 = CARTESIAN_POINT('',(0.,-27.53));
#13007 = VECTOR('',#13008,1.);
#13008 = DIRECTION('',(1.,0.));
#13009 = ( GEOMETRIC_REPRESENTATION_CONTEXT(2) 
PARAMETRIC_REPRESENTATION_CONTEXT() REPRESENTATION_CONTEXT('2D SPACE',''
  ) );
#13010 = ADVANCED_FACE('',(#13011),#7571,.F.);
#13011 = FACE_BOUND('',#13012,.F.);
#13012 = EDGE_LOOP('',(#13013,#13040,#13041,#13042,#13043));
#13013 = ORIENTED_EDGE('',*,*,#13014,.F.);
#13014 = EDGE_CURVE('',#12664,#7530,#13015,.T.);
#13015 = SURFACE_CURVE('',#13016,(#13021,#13033),.PCURVE_S1.);
#13016 = ELLIPSE('',#13017,1.887477005011,1.45);
#13017 = AXIS2_PLACEMENT_3D('',#13018,#13019,#13020);
#13018 = CARTESIAN_POINT('',(10.25,16.755,-8.3));
#13019 = DIRECTION('',(-0.640184399664,-0.768221279597,0.));
#13020 = DIRECTION('',(0.768221279597,-0.640184399664,3.468447607305E-16
    ));
#13021 = PCURVE('',#7571,#13022);
#13022 = DEFINITIONAL_REPRESENTATION('',(#13023),#13032);
#13023 = B_SPLINE_CURVE_WITH_KNOTS('',7,(#13024,#13025,#13026,#13027,
    #13028,#13029,#13030,#13031),.UNSPECIFIED.,.F.,.F.,(8,8),(
    3.14159265359,4.32899632744),.PIECEWISE_BEZIER_KNOTS.);
#13024 = CARTESIAN_POINT('',(3.14159265359,2.786666666667));
#13025 = CARTESIAN_POINT('',(3.311221749854,2.786666666667));
#13026 = CARTESIAN_POINT('',(3.48085084612,2.827230208982));
#13027 = CARTESIAN_POINT('',(3.650479942379,2.908356039868));
#13028 = CARTESIAN_POINT('',(3.82010903865,3.027189582608));
#13029 = CARTESIAN_POINT('',(3.989738134909,3.177997726502));
#13030 = CARTESIAN_POINT('',(4.159367231175,3.35291203892));
#13031 = CARTESIAN_POINT('',(4.32899632744,3.543));
#13032 = ( GEOMETRIC_REPRESENTATION_CONTEXT(2) 
PARAMETRIC_REPRESENTATION_CONTEXT() REPRESENTATION_CONTEXT('2D SPACE',''
  ) );
#13033 = PCURVE('',#7381,#13034);
#13034 = DEFINITIONAL_REPRESENTATION('',(#13035),#13039);
#13035 = ELLIPSE('',#13036,1.887477005011,1.45);
#13036 = AXIS2_PLACEMENT_2D('',#13037,#13038);
#13037 = CARTESIAN_POINT('',(3.163151118742,-0.57));
#13038 = DIRECTION('',(1.,3.468447607305E-16));
#13039 = ( GEOMETRIC_REPRESENTATION_CONTEXT(2) 
PARAMETRIC_REPRESENTATION_CONTEXT() REPRESENTATION_CONTEXT('2D SPACE',''
  ) );
#13040 = ORIENTED_EDGE('',*,*,#12684,.T.);
#13041 = ORIENTED_EDGE('',*,*,#12317,.F.);
#13042 = ORIENTED_EDGE('',*,*,#12963,.T.);
#13043 = ORIENTED_EDGE('',*,*,#7550,.F.);
#13044 = ADVANCED_FACE('',(#13045),#7381,.T.);
#13045 = FACE_BOUND('',#13046,.T.);
#13046 = EDGE_LOOP('',(#13047,#13068,#13069,#13070,#13071,#13100,#13121,
    #13140,#13141,#13142,#13143));
#13047 = ORIENTED_EDGE('',*,*,#13048,.F.);
#13048 = EDGE_CURVE('',#12839,#12570,#13049,.T.);
#13049 = SURFACE_CURVE('',#13050,(#13054,#13061),.PCURVE_S1.);
#13050 = LINE('',#13051,#13052);
#13051 = CARTESIAN_POINT('',(7.82,18.78,-34.66));
#13052 = VECTOR('',#13053,1.);
#13053 = DIRECTION('',(0.,0.,1.));
#13054 = PCURVE('',#7381,#13055);
#13055 = DEFINITIONAL_REPRESENTATION('',(#13056),#13060);
#13056 = LINE('',#13057,#13058);
#13057 = CARTESIAN_POINT('',(-1.364635124186E-15,-26.93));
#13058 = VECTOR('',#13059,1.);
#13059 = DIRECTION('',(0.,1.));
#13060 = ( GEOMETRIC_REPRESENTATION_CONTEXT(2) 
PARAMETRIC_REPRESENTATION_CONTEXT() REPRESENTATION_CONTEXT('2D SPACE',''
  ) );
#13061 = PCURVE('',#11394,#13062);
#13062 = DEFINITIONAL_REPRESENTATION('',(#13063),#13067);
#13063 = LINE('',#13064,#13065);
#13064 = CARTESIAN_POINT('',(0.,15.64));
#13065 = VECTOR('',#13066,1.);
#13066 = DIRECTION('',(1.,0.));
#13067 = ( GEOMETRIC_REPRESENTATION_CONTEXT(2) 
PARAMETRIC_REPRESENTATION_CONTEXT() REPRESENTATION_CONTEXT('2D SPACE',''
  ) );
#13068 = ORIENTED_EDGE('',*,*,#12936,.T.);
#13069 = ORIENTED_EDGE('',*,*,#12990,.T.);
#13070 = ORIENTED_EDGE('',*,*,#7366,.T.);
#13071 = ORIENTED_EDGE('',*,*,#13072,.F.);
#13072 = EDGE_CURVE('',#13073,#7367,#13075,.T.);
#13073 = VERTEX_POINT('',#13074);
#13074 = CARTESIAN_POINT('',(8.8,17.963333333333,-29.));
#13075 = SURFACE_CURVE('',#13076,(#13081,#13088),.PCURVE_S1.);
#13076 = ELLIPSE('',#13077,1.887477005011,1.45);
#13077 = AXIS2_PLACEMENT_3D('',#13078,#13079,#13080);
#13078 = CARTESIAN_POINT('',(10.25,16.755,-29.));
#13079 = DIRECTION('',(-0.640184399664,-0.768221279597,0.));
#13080 = DIRECTION('',(0.768221279597,-0.640184399664,3.468447607305E-16
    ));
#13081 = PCURVE('',#7381,#13082);
#13082 = DEFINITIONAL_REPRESENTATION('',(#13083),#13087);
#13083 = ELLIPSE('',#13084,1.887477005011,1.45);
#13084 = AXIS2_PLACEMENT_2D('',#13085,#13086);
#13085 = CARTESIAN_POINT('',(3.163151118742,-21.27));
#13086 = DIRECTION('',(1.,3.468447607305E-16));
#13087 = ( GEOMETRIC_REPRESENTATION_CONTEXT(2) 
PARAMETRIC_REPRESENTATION_CONTEXT() REPRESENTATION_CONTEXT('2D SPACE',''
  ) );
#13088 = PCURVE('',#7413,#13089);
#13089 = DEFINITIONAL_REPRESENTATION('',(#13090),#13099);
#13090 = B_SPLINE_CURVE_WITH_KNOTS('',7,(#13091,#13092,#13093,#13094,
    #13095,#13096,#13097,#13098),.UNSPECIFIED.,.F.,.F.,(8,8),(
    3.14159265359,4.32899632744),.PIECEWISE_BEZIER_KNOTS.);
#13091 = CARTESIAN_POINT('',(3.14159265359,2.786666666667));
#13092 = CARTESIAN_POINT('',(3.311221749854,2.786666666667));
#13093 = CARTESIAN_POINT('',(3.480850846117,2.827230208981));
#13094 = CARTESIAN_POINT('',(3.650479942384,2.908356039867));
#13095 = CARTESIAN_POINT('',(3.820109038646,3.027189582608));
#13096 = CARTESIAN_POINT('',(3.989738134911,3.177997726501));
#13097 = CARTESIAN_POINT('',(4.159367231175,3.35291203892));
#13098 = CARTESIAN_POINT('',(4.32899632744,3.543));
#13099 = ( GEOMETRIC_REPRESENTATION_CONTEXT(2) 
PARAMETRIC_REPRESENTATION_CONTEXT() REPRESENTATION_CONTEXT('2D SPACE',''
  ) );
#13100 = ORIENTED_EDGE('',*,*,#13101,.T.);
#13101 = EDGE_CURVE('',#13073,#13102,#13104,.T.);
#13102 = VERTEX_POINT('',#13103);
#13103 = CARTESIAN_POINT('',(8.8,17.963333333333,-28.39939033455));
#13104 = SURFACE_CURVE('',#13105,(#13109,#13115),.PCURVE_S1.);
#13105 = LINE('',#13106,#13107);
#13106 = CARTESIAN_POINT('',(8.8,17.963333333333,-18.365));
#13107 = VECTOR('',#13108,1.);
#13108 = DIRECTION('',(0.,0.,1.));
#13109 = PCURVE('',#7381,#13110);
#13110 = DEFINITIONAL_REPRESENTATION('',(#13111),#13114);
#13111 = B_SPLINE_CURVE_WITH_KNOTS('',1,(#13112,#13113),.UNSPECIFIED.,
  .F.,.F.,(2,2),(-10.635,-10.03439033455),.PIECEWISE_BEZIER_KNOTS.);
#13112 = CARTESIAN_POINT('',(1.275674113731,-21.27));
#13113 = CARTESIAN_POINT('',(1.275674113731,-20.66939033455));
#13114 = ( GEOMETRIC_REPRESENTATION_CONTEXT(2) 
PARAMETRIC_REPRESENTATION_CONTEXT() REPRESENTATION_CONTEXT('2D SPACE',''
  ) );
#13115 = PCURVE('',#12083,#13116);
#13116 = DEFINITIONAL_REPRESENTATION('',(#13117),#13120);
#13117 = B_SPLINE_CURVE_WITH_KNOTS('',1,(#13118,#13119),.UNSPECIFIED.,
  .F.,.F.,(2,2),(-10.635,-10.03439033455),.PIECEWISE_BEZIER_KNOTS.);
#13118 = CARTESIAN_POINT('',(0.,-1.613333333333));
#13119 = CARTESIAN_POINT('',(0.600609665441,-1.613333333333));
#13120 = ( GEOMETRIC_REPRESENTATION_CONTEXT(2) 
PARAMETRIC_REPRESENTATION_CONTEXT() REPRESENTATION_CONTEXT('2D SPACE',''
  ) );
#13121 = ORIENTED_EDGE('',*,*,#13122,.T.);
#13122 = EDGE_CURVE('',#13102,#7504,#13123,.T.);
#13123 = SURFACE_CURVE('',#13124,(#13128,#13134),.PCURVE_S1.);
#13124 = LINE('',#13125,#13126);
#13125 = CARTESIAN_POINT('',(12.353990495528,15.00167458706,
    -24.84539983903));
#13126 = VECTOR('',#13127,1.);
#13127 = DIRECTION('',(0.60920769908,-0.507673082567,0.60920769908));
#13128 = PCURVE('',#7381,#13129);
#13129 = DEFINITIONAL_REPRESENTATION('',(#13130),#13133);
#13130 = B_SPLINE_CURVE_WITH_KNOTS('',1,(#13131,#13132),.UNSPECIFIED.,
  .F.,.F.,(2,2),(-5.833791169898,-4.625664612878),
  .PIECEWISE_BEZIER_KNOTS.);
#13131 = CARTESIAN_POINT('',(1.275674113731,-20.66939033455));
#13132 = CARTESIAN_POINT('',(2.233731407309,-19.93339033455));
#13133 = ( GEOMETRIC_REPRESENTATION_CONTEXT(2) 
PARAMETRIC_REPRESENTATION_CONTEXT() REPRESENTATION_CONTEXT('2D SPACE',''
  ) );
#13134 = PCURVE('',#7518,#13135);
#13135 = DEFINITIONAL_REPRESENTATION('',(#13136),#13139);
#13136 = B_SPLINE_CURVE_WITH_KNOTS('',1,(#13137,#13138),.UNSPECIFIED.,
  .F.,.F.,(2,2),(-5.833791169898,-4.625664612878),
  .PIECEWISE_BEZIER_KNOTS.);
#13137 = CARTESIAN_POINT('',(0.849390334559,-1.613333333333));
#13138 = CARTESIAN_POINT('',(1.890251516466,-1.));
#13139 = ( GEOMETRIC_REPRESENTATION_CONTEXT(2) 
PARAMETRIC_REPRESENTATION_CONTEXT() REPRESENTATION_CONTEXT('2D SPACE',''
  ) );
#13140 = ORIENTED_EDGE('',*,*,#7529,.T.);
#13141 = ORIENTED_EDGE('',*,*,#13014,.F.);
#13142 = ORIENTED_EDGE('',*,*,#12663,.T.);
#13143 = ORIENTED_EDGE('',*,*,#12639,.F.);
#13144 = ADVANCED_FACE('',(#13145),#7413,.F.);
#13145 = FACE_BOUND('',#13146,.F.);
#13146 = EDGE_LOOP('',(#13147,#13148,#13169,#13170,#13191));
#13147 = ORIENTED_EDGE('',*,*,#13072,.F.);
#13148 = ORIENTED_EDGE('',*,*,#13149,.T.);
#13149 = EDGE_CURVE('',#13073,#12039,#13150,.T.);
#13150 = SURFACE_CURVE('',#13151,(#13155,#13162),.PCURVE_S1.);
#13151 = LINE('',#13152,#13153);
#13152 = CARTESIAN_POINT('',(8.8,16.35,-29.));
#13153 = VECTOR('',#13154,1.);
#13154 = DIRECTION('',(0.,1.,0.));
#13155 = PCURVE('',#7413,#13156);
#13156 = DEFINITIONAL_REPRESENTATION('',(#13157),#13161);
#13157 = LINE('',#13158,#13159);
#13158 = CARTESIAN_POINT('',(3.14159265359,4.4));
#13159 = VECTOR('',#13160,1.);
#13160 = DIRECTION('',(0.,-1.));
#13161 = ( GEOMETRIC_REPRESENTATION_CONTEXT(2) 
PARAMETRIC_REPRESENTATION_CONTEXT() REPRESENTATION_CONTEXT('2D SPACE',''
  ) );
#13162 = PCURVE('',#12083,#13163);
#13163 = DEFINITIONAL_REPRESENTATION('',(#13164),#13168);
#13164 = LINE('',#13165,#13166);
#13165 = CARTESIAN_POINT('',(0.,0.));
#13166 = VECTOR('',#13167,1.);
#13167 = DIRECTION('',(0.,-1.));
#13168 = ( GEOMETRIC_REPRESENTATION_CONTEXT(2) 
PARAMETRIC_REPRESENTATION_CONTEXT() REPRESENTATION_CONTEXT('2D SPACE',''
  ) );
#13169 = ORIENTED_EDGE('',*,*,#12038,.F.);
#13170 = ORIENTED_EDGE('',*,*,#13171,.T.);
#13171 = EDGE_CURVE('',#12016,#7393,#13172,.T.);
#13172 = SURFACE_CURVE('',#13173,(#13177,#13184),.PCURVE_S1.);
#13173 = LINE('',#13174,#13175);
#13174 = CARTESIAN_POINT('',(11.7,20.75,-29.));
#13175 = VECTOR('',#13176,1.);
#13176 = DIRECTION('',(0.,-1.,2.22044604925E-16));
#13177 = PCURVE('',#7413,#13178);
#13178 = DEFINITIONAL_REPRESENTATION('',(#13179),#13183);
#13179 = LINE('',#13180,#13181);
#13180 = CARTESIAN_POINT('',(6.28318530718,-0.));
#13181 = VECTOR('',#13182,1.);
#13182 = DIRECTION('',(0.,1.));
#13183 = ( GEOMETRIC_REPRESENTATION_CONTEXT(2) 
PARAMETRIC_REPRESENTATION_CONTEXT() REPRESENTATION_CONTEXT('2D SPACE',''
  ) );
#13184 = PCURVE('',#7440,#13185);
#13185 = DEFINITIONAL_REPRESENTATION('',(#13186),#13190);
#13186 = LINE('',#13187,#13188);
#13187 = CARTESIAN_POINT('',(-8.436457025878E-16,-4.4));
#13188 = VECTOR('',#13189,1.);
#13189 = DIRECTION('',(2.22044604925E-16,1.));
#13190 = ( GEOMETRIC_REPRESENTATION_CONTEXT(2) 
PARAMETRIC_REPRESENTATION_CONTEXT() REPRESENTATION_CONTEXT('2D SPACE',''
  ) );
#13191 = ORIENTED_EDGE('',*,*,#7392,.F.);
#13192 = ADVANCED_FACE('',(#13193),#7518,.T.);
#13193 = FACE_BOUND('',#13194,.T.);
#13194 = EDGE_LOOP('',(#13195,#13196,#13216,#13217,#13218,#13239));
#13195 = ORIENTED_EDGE('',*,*,#13122,.F.);
#13196 = ORIENTED_EDGE('',*,*,#13197,.F.);
#13197 = EDGE_CURVE('',#12063,#13102,#13198,.T.);
#13198 = SURFACE_CURVE('',#13199,(#13203,#13210),.PCURVE_S1.);
#13199 = LINE('',#13200,#13201);
#13200 = CARTESIAN_POINT('',(8.8,16.35,-28.39939033455));
#13201 = VECTOR('',#13202,1.);
#13202 = DIRECTION('',(0.,-1.,0.));
#13203 = PCURVE('',#7518,#13204);
#13204 = DEFINITIONAL_REPRESENTATION('',(#13205),#13209);
#13205 = LINE('',#13206,#13207);
#13206 = CARTESIAN_POINT('',(0.849390334559,0.));
#13207 = VECTOR('',#13208,1.);
#13208 = DIRECTION('',(0.,1.));
#13209 = ( GEOMETRIC_REPRESENTATION_CONTEXT(2) 
PARAMETRIC_REPRESENTATION_CONTEXT() REPRESENTATION_CONTEXT('2D SPACE',''
  ) );
#13210 = PCURVE('',#12083,#13211);
#13211 = DEFINITIONAL_REPRESENTATION('',(#13212),#13215);
#13212 = B_SPLINE_CURVE_WITH_KNOTS('',1,(#13213,#13214),.UNSPECIFIED.,
  .F.,.F.,(2,2),(-4.4,0.),.PIECEWISE_BEZIER_KNOTS.);
#13213 = CARTESIAN_POINT('',(0.600609665441,-4.4));
#13214 = CARTESIAN_POINT('',(0.600609665441,0.));
#13215 = ( GEOMETRIC_REPRESENTATION_CONTEXT(2) 
PARAMETRIC_REPRESENTATION_CONTEXT() REPRESENTATION_CONTEXT('2D SPACE',''
  ) );
#13216 = ORIENTED_EDGE('',*,*,#12095,.T.);
#13217 = ORIENTED_EDGE('',*,*,#12123,.T.);
#13218 = ORIENTED_EDGE('',*,*,#13219,.T.);
#13219 = EDGE_CURVE('',#12124,#7478,#13220,.T.);
#13220 = SURFACE_CURVE('',#13221,(#13225,#13232),.PCURVE_S1.);
#13221 = LINE('',#13222,#13223);
#13222 = CARTESIAN_POINT('',(9.649390334559,16.35,-27.55));
#13223 = VECTOR('',#13224,1.);
#13224 = DIRECTION('',(0.,-1.,0.));
#13225 = PCURVE('',#7518,#13226);
#13226 = DEFINITIONAL_REPRESENTATION('',(#13227),#13231);
#13227 = LINE('',#13228,#13229);
#13228 = CARTESIAN_POINT('',(2.050609665441,0.));
#13229 = VECTOR('',#13230,1.);
#13230 = DIRECTION('',(0.,1.));
#13231 = ( GEOMETRIC_REPRESENTATION_CONTEXT(2) 
PARAMETRIC_REPRESENTATION_CONTEXT() REPRESENTATION_CONTEXT('2D SPACE',''
  ) );
#13232 = PCURVE('',#7492,#13233);
#13233 = DEFINITIONAL_REPRESENTATION('',(#13234),#13238);
#13234 = LINE('',#13235,#13236);
#13235 = CARTESIAN_POINT('',(0.849390334559,0.));
#13236 = VECTOR('',#13237,1.);
#13237 = DIRECTION('',(0.,-1.));
#13238 = ( GEOMETRIC_REPRESENTATION_CONTEXT(2) 
PARAMETRIC_REPRESENTATION_CONTEXT() REPRESENTATION_CONTEXT('2D SPACE',''
  ) );
#13239 = ORIENTED_EDGE('',*,*,#7503,.T.);
#13240 = ADVANCED_FACE('',(#13241),#7440,.F.);
#13241 = FACE_BOUND('',#13242,.F.);
#13242 = EDGE_LOOP('',(#13243,#13263,#13264,#13265));
#13243 = ORIENTED_EDGE('',*,*,#13244,.F.);
#13244 = EDGE_CURVE('',#7426,#12236,#13245,.T.);
#13245 = SURFACE_CURVE('',#13246,(#13250,#13256),.PCURVE_S1.);
#13246 = LINE('',#13247,#13248);
#13247 = CARTESIAN_POINT('',(11.7,16.35,-28.39939033455));
#13248 = VECTOR('',#13249,1.);
#13249 = DIRECTION('',(0.,1.,0.));
#13250 = PCURVE('',#7440,#13251);
#13251 = DEFINITIONAL_REPRESENTATION('',(#13252),#13255);
#13252 = B_SPLINE_CURVE_WITH_KNOTS('',1,(#13253,#13254),.UNSPECIFIED.,
  .F.,.F.,(2,2),(0.,4.4),.PIECEWISE_BEZIER_KNOTS.);
#13253 = CARTESIAN_POINT('',(0.600609665441,0.));
#13254 = CARTESIAN_POINT('',(0.600609665441,-4.4));
#13255 = ( GEOMETRIC_REPRESENTATION_CONTEXT(2) 
PARAMETRIC_REPRESENTATION_CONTEXT() REPRESENTATION_CONTEXT('2D SPACE',''
  ) );
#13256 = PCURVE('',#7466,#13257);
#13257 = DEFINITIONAL_REPRESENTATION('',(#13258),#13262);
#13258 = LINE('',#13259,#13260);
#13259 = CARTESIAN_POINT('',(2.050609665441,0.));
#13260 = VECTOR('',#13261,1.);
#13261 = DIRECTION('',(0.,1.));
#13262 = ( GEOMETRIC_REPRESENTATION_CONTEXT(2) 
PARAMETRIC_REPRESENTATION_CONTEXT() REPRESENTATION_CONTEXT('2D SPACE',''
  ) );
#13263 = ORIENTED_EDGE('',*,*,#7425,.T.);
#13264 = ORIENTED_EDGE('',*,*,#13171,.F.);
#13265 = ORIENTED_EDGE('',*,*,#12263,.T.);
#13266 = ADVANCED_FACE('',(#13267),#7492,.F.);
#13267 = FACE_BOUND('',#13268,.F.);
#13268 = EDGE_LOOP('',(#13269,#13270,#13271,#13272,#13293));
#13269 = ORIENTED_EDGE('',*,*,#12151,.T.);
#13270 = ORIENTED_EDGE('',*,*,#13219,.T.);
#13271 = ORIENTED_EDGE('',*,*,#7477,.T.);
#13272 = ORIENTED_EDGE('',*,*,#13273,.F.);
#13273 = EDGE_CURVE('',#12180,#7452,#13274,.T.);
#13274 = SURFACE_CURVE('',#13275,(#13279,#13286),.PCURVE_S1.);
#13275 = LINE('',#13276,#13277);
#13276 = CARTESIAN_POINT('',(10.850609665441,16.35,-27.55));
#13277 = VECTOR('',#13278,1.);
#13278 = DIRECTION('',(0.,-1.,0.));
#13279 = PCURVE('',#7492,#13280);
#13280 = DEFINITIONAL_REPRESENTATION('',(#13281),#13285);
#13281 = LINE('',#13282,#13283);
#13282 = CARTESIAN_POINT('',(2.050609665441,0.));
#13283 = VECTOR('',#13284,1.);
#13284 = DIRECTION('',(0.,-1.));
#13285 = ( GEOMETRIC_REPRESENTATION_CONTEXT(2) 
PARAMETRIC_REPRESENTATION_CONTEXT() REPRESENTATION_CONTEXT('2D SPACE',''
  ) );
#13286 = PCURVE('',#7466,#13287);
#13287 = DEFINITIONAL_REPRESENTATION('',(#13288),#13292);
#13288 = LINE('',#13289,#13290);
#13289 = CARTESIAN_POINT('',(0.849390334559,0.));
#13290 = VECTOR('',#13291,1.);
#13291 = DIRECTION('',(0.,-1.));
#13292 = ( GEOMETRIC_REPRESENTATION_CONTEXT(2) 
PARAMETRIC_REPRESENTATION_CONTEXT() REPRESENTATION_CONTEXT('2D SPACE',''
  ) );
#13293 = ORIENTED_EDGE('',*,*,#12179,.T.);
#13294 = ADVANCED_FACE('',(#13295),#7466,.F.);
#13295 = FACE_BOUND('',#13296,.F.);
#13296 = EDGE_LOOP('',(#13297,#13298,#13299,#13300,#13301));
#13297 = ORIENTED_EDGE('',*,*,#12207,.T.);
#13298 = ORIENTED_EDGE('',*,*,#13273,.T.);
#13299 = ORIENTED_EDGE('',*,*,#7451,.T.);
#13300 = ORIENTED_EDGE('',*,*,#13244,.T.);
#13301 = ORIENTED_EDGE('',*,*,#12235,.T.);
#13302 = ADVANCED_FACE('',(#13303),#7857,.F.);
#13303 = FACE_BOUND('',#13304,.F.);
#13304 = EDGE_LOOP('',(#13305,#13306,#13327,#13328,#13349));
#13305 = ORIENTED_EDGE('',*,*,#11598,.T.);
#13306 = ORIENTED_EDGE('',*,*,#13307,.T.);
#13307 = EDGE_CURVE('',#11571,#7841,#13308,.T.);
#13308 = SURFACE_CURVE('',#13309,(#13313,#13320),.PCURVE_S1.);
#13309 = LINE('',#13310,#13311);
#13310 = CARTESIAN_POINT('',(-10.85060966544,16.35,-27.55));
#13311 = VECTOR('',#13312,1.);
#13312 = DIRECTION('',(0.,-1.,0.));
#13313 = PCURVE('',#7857,#13314);
#13314 = DEFINITIONAL_REPRESENTATION('',(#13315),#13319);
#13315 = LINE('',#13316,#13317);
#13316 = CARTESIAN_POINT('',(0.849390334559,0.));
#13317 = VECTOR('',#13318,1.);
#13318 = DIRECTION('',(0.,-1.));
#13319 = ( GEOMETRIC_REPRESENTATION_CONTEXT(2) 
PARAMETRIC_REPRESENTATION_CONTEXT() REPRESENTATION_CONTEXT('2D SPACE',''
  ) );
#13320 = PCURVE('',#7883,#13321);
#13321 = DEFINITIONAL_REPRESENTATION('',(#13322),#13326);
#13322 = LINE('',#13323,#13324);
#13323 = CARTESIAN_POINT('',(2.050609665441,0.));
#13324 = VECTOR('',#13325,1.);
#13325 = DIRECTION('',(0.,1.));
#13326 = ( GEOMETRIC_REPRESENTATION_CONTEXT(2) 
PARAMETRIC_REPRESENTATION_CONTEXT() REPRESENTATION_CONTEXT('2D SPACE',''
  ) );
#13327 = ORIENTED_EDGE('',*,*,#7840,.T.);
#13328 = ORIENTED_EDGE('',*,*,#13329,.F.);
#13329 = EDGE_CURVE('',#11627,#7843,#13330,.T.);
#13330 = SURFACE_CURVE('',#13331,(#13335,#13342),.PCURVE_S1.);
#13331 = LINE('',#13332,#13333);
#13332 = CARTESIAN_POINT('',(-9.649390334559,16.35,-27.55));
#13333 = VECTOR('',#13334,1.);
#13334 = DIRECTION('',(0.,-1.,0.));
#13335 = PCURVE('',#7857,#13336);
#13336 = DEFINITIONAL_REPRESENTATION('',(#13337),#13341);
#13337 = LINE('',#13338,#13339);
#13338 = CARTESIAN_POINT('',(2.050609665441,0.));
#13339 = VECTOR('',#13340,1.);
#13340 = DIRECTION('',(0.,-1.));
#13341 = ( GEOMETRIC_REPRESENTATION_CONTEXT(2) 
PARAMETRIC_REPRESENTATION_CONTEXT() REPRESENTATION_CONTEXT('2D SPACE',''
  ) );
#13342 = PCURVE('',#7992,#13343);
#13343 = DEFINITIONAL_REPRESENTATION('',(#13344),#13348);
#13344 = LINE('',#13345,#13346);
#13345 = CARTESIAN_POINT('',(0.849390334559,0.));
#13346 = VECTOR('',#13347,1.);
#13347 = DIRECTION('',(0.,-1.));
#13348 = ( GEOMETRIC_REPRESENTATION_CONTEXT(2) 
PARAMETRIC_REPRESENTATION_CONTEXT() REPRESENTATION_CONTEXT('2D SPACE',''
  ) );
#13349 = ORIENTED_EDGE('',*,*,#11626,.T.);
#13350 = ADVANCED_FACE('',(#13351),#7992,.F.);
#13351 = FACE_BOUND('',#13352,.F.);
#13352 = EDGE_LOOP('',(#13353,#13354,#13355,#13356,#13376));
#13353 = ORIENTED_EDGE('',*,*,#11654,.T.);
#13354 = ORIENTED_EDGE('',*,*,#13329,.T.);
#13355 = ORIENTED_EDGE('',*,*,#7979,.T.);
#13356 = ORIENTED_EDGE('',*,*,#13357,.T.);
#13357 = EDGE_CURVE('',#7954,#11683,#13358,.T.);
#13358 = SURFACE_CURVE('',#13359,(#13363,#13370),.PCURVE_S1.);
#13359 = LINE('',#13360,#13361);
#13360 = CARTESIAN_POINT('',(-8.8,16.35,-28.39939033455));
#13361 = VECTOR('',#13362,1.);
#13362 = DIRECTION('',(0.,1.,0.));
#13363 = PCURVE('',#7992,#13364);
#13364 = DEFINITIONAL_REPRESENTATION('',(#13365),#13369);
#13365 = LINE('',#13366,#13367);
#13366 = CARTESIAN_POINT('',(2.050609665441,0.));
#13367 = VECTOR('',#13368,1.);
#13368 = DIRECTION('',(0.,1.));
#13369 = ( GEOMETRIC_REPRESENTATION_CONTEXT(2) 
PARAMETRIC_REPRESENTATION_CONTEXT() REPRESENTATION_CONTEXT('2D SPACE',''
  ) );
#13370 = PCURVE('',#7968,#13371);
#13371 = DEFINITIONAL_REPRESENTATION('',(#13372),#13375);
#13372 = B_SPLINE_CURVE_WITH_KNOTS('',1,(#13373,#13374),.UNSPECIFIED.,
  .F.,.F.,(2,2),(0.,4.4),.PIECEWISE_BEZIER_KNOTS.);
#13373 = CARTESIAN_POINT('',(0.600609665441,0.));
#13374 = CARTESIAN_POINT('',(0.600609665441,-4.4));
#13375 = ( GEOMETRIC_REPRESENTATION_CONTEXT(2) 
PARAMETRIC_REPRESENTATION_CONTEXT() REPRESENTATION_CONTEXT('2D SPACE',''
  ) );
#13376 = ORIENTED_EDGE('',*,*,#11682,.T.);
#13377 = ADVANCED_FACE('',(#13378),#7968,.F.);
#13378 = FACE_BOUND('',#13379,.F.);
#13379 = EDGE_LOOP('',(#13380,#13381,#13382,#13403));
#13380 = ORIENTED_EDGE('',*,*,#13357,.F.);
#13381 = ORIENTED_EDGE('',*,*,#7953,.T.);
#13382 = ORIENTED_EDGE('',*,*,#13383,.F.);
#13383 = EDGE_CURVE('',#11468,#7921,#13384,.T.);
#13384 = SURFACE_CURVE('',#13385,(#13389,#13396),.PCURVE_S1.);
#13385 = LINE('',#13386,#13387);
#13386 = CARTESIAN_POINT('',(-8.8,20.75,-29.));
#13387 = VECTOR('',#13388,1.);
#13388 = DIRECTION('',(0.,-1.,2.22044604925E-16));
#13389 = PCURVE('',#7968,#13390);
#13390 = DEFINITIONAL_REPRESENTATION('',(#13391),#13395);
#13391 = LINE('',#13392,#13393);
#13392 = CARTESIAN_POINT('',(-8.436457025878E-16,-4.4));
#13393 = VECTOR('',#13394,1.);
#13394 = DIRECTION('',(2.22044604925E-16,1.));
#13395 = ( GEOMETRIC_REPRESENTATION_CONTEXT(2) 
PARAMETRIC_REPRESENTATION_CONTEXT() REPRESENTATION_CONTEXT('2D SPACE',''
  ) );
#13396 = PCURVE('',#7941,#13397);
#13397 = DEFINITIONAL_REPRESENTATION('',(#13398),#13402);
#13398 = LINE('',#13399,#13400);
#13399 = CARTESIAN_POINT('',(6.28318530718,-0.));
#13400 = VECTOR('',#13401,1.);
#13401 = DIRECTION('',(0.,1.));
#13402 = ( GEOMETRIC_REPRESENTATION_CONTEXT(2) 
PARAMETRIC_REPRESENTATION_CONTEXT() REPRESENTATION_CONTEXT('2D SPACE',''
  ) );
#13403 = ORIENTED_EDGE('',*,*,#11710,.T.);
#13404 = ADVANCED_FACE('',(#13405),#7941,.F.);
#13405 = FACE_BOUND('',#13406,.F.);
#13406 = EDGE_LOOP('',(#13407,#13408,#13429,#13430));
#13407 = ORIENTED_EDGE('',*,*,#7920,.F.);
#13408 = ORIENTED_EDGE('',*,*,#13409,.T.);
#13409 = EDGE_CURVE('',#7895,#11491,#13410,.T.);
#13410 = SURFACE_CURVE('',#13411,(#13415,#13422),.PCURVE_S1.);
#13411 = LINE('',#13412,#13413);
#13412 = CARTESIAN_POINT('',(-11.7,16.35,-29.));
#13413 = VECTOR('',#13414,1.);
#13414 = DIRECTION('',(0.,1.,0.));
#13415 = PCURVE('',#7941,#13416);
#13416 = DEFINITIONAL_REPRESENTATION('',(#13417),#13421);
#13417 = LINE('',#13418,#13419);
#13418 = CARTESIAN_POINT('',(3.14159265359,4.4));
#13419 = VECTOR('',#13420,1.);
#13420 = DIRECTION('',(0.,-1.));
#13421 = ( GEOMETRIC_REPRESENTATION_CONTEXT(2) 
PARAMETRIC_REPRESENTATION_CONTEXT() REPRESENTATION_CONTEXT('2D SPACE',''
  ) );
#13422 = PCURVE('',#7909,#13423);
#13423 = DEFINITIONAL_REPRESENTATION('',(#13424),#13428);
#13424 = LINE('',#13425,#13426);
#13425 = CARTESIAN_POINT('',(0.,0.));
#13426 = VECTOR('',#13427,1.);
#13427 = DIRECTION('',(0.,-1.));
#13428 = ( GEOMETRIC_REPRESENTATION_CONTEXT(2) 
PARAMETRIC_REPRESENTATION_CONTEXT() REPRESENTATION_CONTEXT('2D SPACE',''
  ) );
#13429 = ORIENTED_EDGE('',*,*,#11490,.F.);
#13430 = ORIENTED_EDGE('',*,*,#13383,.T.);
#13431 = ADVANCED_FACE('',(#13432),#7909,.T.);
#13432 = FACE_BOUND('',#13433,.T.);
#13433 = EDGE_LOOP('',(#13434,#13454,#13455,#13456));
#13434 = ORIENTED_EDGE('',*,*,#13435,.T.);
#13435 = EDGE_CURVE('',#11515,#7869,#13436,.T.);
#13436 = SURFACE_CURVE('',#13437,(#13441,#13447),.PCURVE_S1.);
#13437 = LINE('',#13438,#13439);
#13438 = CARTESIAN_POINT('',(-11.7,16.35,-28.39939033455));
#13439 = VECTOR('',#13440,1.);
#13440 = DIRECTION('',(0.,-1.,0.));
#13441 = PCURVE('',#7909,#13442);
#13442 = DEFINITIONAL_REPRESENTATION('',(#13443),#13446);
#13443 = B_SPLINE_CURVE_WITH_KNOTS('',1,(#13444,#13445),.UNSPECIFIED.,
  .F.,.F.,(2,2),(-4.4,0.),.PIECEWISE_BEZIER_KNOTS.);
#13444 = CARTESIAN_POINT('',(0.600609665441,-4.4));
#13445 = CARTESIAN_POINT('',(0.600609665441,0.));
#13446 = ( GEOMETRIC_REPRESENTATION_CONTEXT(2) 
PARAMETRIC_REPRESENTATION_CONTEXT() REPRESENTATION_CONTEXT('2D SPACE',''
  ) );
#13447 = PCURVE('',#7883,#13448);
#13448 = DEFINITIONAL_REPRESENTATION('',(#13449),#13453);
#13449 = LINE('',#13450,#13451);
#13450 = CARTESIAN_POINT('',(0.849390334559,0.));
#13451 = VECTOR('',#13452,1.);
#13452 = DIRECTION('',(0.,1.));
#13453 = ( GEOMETRIC_REPRESENTATION_CONTEXT(2) 
PARAMETRIC_REPRESENTATION_CONTEXT() REPRESENTATION_CONTEXT('2D SPACE',''
  ) );
#13454 = ORIENTED_EDGE('',*,*,#7894,.T.);
#13455 = ORIENTED_EDGE('',*,*,#13409,.T.);
#13456 = ORIENTED_EDGE('',*,*,#11514,.T.);
#13457 = ADVANCED_FACE('',(#13458),#7883,.T.);
#13458 = FACE_BOUND('',#13459,.T.);
#13459 = EDGE_LOOP('',(#13460,#13461,#13462,#13463,#13464));
#13460 = ORIENTED_EDGE('',*,*,#13307,.T.);
#13461 = ORIENTED_EDGE('',*,*,#7868,.T.);
#13462 = ORIENTED_EDGE('',*,*,#13435,.F.);
#13463 = ORIENTED_EDGE('',*,*,#11542,.T.);
#13464 = ORIENTED_EDGE('',*,*,#11570,.T.);
#13465 = ADVANCED_FACE('',(#13466),#8022,.F.);
#13466 = FACE_BOUND('',#13467,.F.);
#13467 = EDGE_LOOP('',(#13468,#13469,#13490,#13491,#13512));
#13468 = ORIENTED_EDGE('',*,*,#11872,.T.);
#13469 = ORIENTED_EDGE('',*,*,#13470,.T.);
#13470 = EDGE_CURVE('',#11845,#8006,#13471,.T.);
#13471 = SURFACE_CURVE('',#13472,(#13476,#13483),.PCURVE_S1.);
#13472 = LINE('',#13473,#13474);
#13473 = CARTESIAN_POINT('',(-10.85060966544,16.35,-6.85));
#13474 = VECTOR('',#13475,1.);
#13475 = DIRECTION('',(0.,-1.,0.));
#13476 = PCURVE('',#8022,#13477);
#13477 = DEFINITIONAL_REPRESENTATION('',(#13478),#13482);
#13478 = LINE('',#13479,#13480);
#13479 = CARTESIAN_POINT('',(0.849390334559,0.));
#13480 = VECTOR('',#13481,1.);
#13481 = DIRECTION('',(0.,-1.));
#13482 = ( GEOMETRIC_REPRESENTATION_CONTEXT(2) 
PARAMETRIC_REPRESENTATION_CONTEXT() REPRESENTATION_CONTEXT('2D SPACE',''
  ) );
#13483 = PCURVE('',#8048,#13484);
#13484 = DEFINITIONAL_REPRESENTATION('',(#13485),#13489);
#13485 = LINE('',#13486,#13487);
#13486 = CARTESIAN_POINT('',(2.050609665441,0.));
#13487 = VECTOR('',#13488,1.);
#13488 = DIRECTION('',(0.,1.));
#13489 = ( GEOMETRIC_REPRESENTATION_CONTEXT(2) 
PARAMETRIC_REPRESENTATION_CONTEXT() REPRESENTATION_CONTEXT('2D SPACE',''
  ) );
#13490 = ORIENTED_EDGE('',*,*,#8005,.T.);
#13491 = ORIENTED_EDGE('',*,*,#13492,.F.);
#13492 = EDGE_CURVE('',#11901,#8008,#13493,.T.);
#13493 = SURFACE_CURVE('',#13494,(#13498,#13505),.PCURVE_S1.);
#13494 = LINE('',#13495,#13496);
#13495 = CARTESIAN_POINT('',(-9.649390334559,16.35,-6.85));
#13496 = VECTOR('',#13497,1.);
#13497 = DIRECTION('',(0.,-1.,0.));
#13498 = PCURVE('',#8022,#13499);
#13499 = DEFINITIONAL_REPRESENTATION('',(#13500),#13504);
#13500 = LINE('',#13501,#13502);
#13501 = CARTESIAN_POINT('',(2.050609665441,0.));
#13502 = VECTOR('',#13503,1.);
#13503 = DIRECTION('',(0.,-1.));
#13504 = ( GEOMETRIC_REPRESENTATION_CONTEXT(2) 
PARAMETRIC_REPRESENTATION_CONTEXT() REPRESENTATION_CONTEXT('2D SPACE',''
  ) );
#13505 = PCURVE('',#8157,#13506);
#13506 = DEFINITIONAL_REPRESENTATION('',(#13507),#13511);
#13507 = LINE('',#13508,#13509);
#13508 = CARTESIAN_POINT('',(0.849390334559,0.));
#13509 = VECTOR('',#13510,1.);
#13510 = DIRECTION('',(0.,-1.));
#13511 = ( GEOMETRIC_REPRESENTATION_CONTEXT(2) 
PARAMETRIC_REPRESENTATION_CONTEXT() REPRESENTATION_CONTEXT('2D SPACE',''
  ) );
#13512 = ORIENTED_EDGE('',*,*,#11900,.T.);
#13513 = ADVANCED_FACE('',(#13514),#8048,.T.);
#13514 = FACE_BOUND('',#13515,.T.);
#13515 = EDGE_LOOP('',(#13516,#13517,#13518,#13538,#13539));
#13516 = ORIENTED_EDGE('',*,*,#13470,.T.);
#13517 = ORIENTED_EDGE('',*,*,#8033,.T.);
#13518 = ORIENTED_EDGE('',*,*,#13519,.F.);
#13519 = EDGE_CURVE('',#11789,#8034,#13520,.T.);
#13520 = SURFACE_CURVE('',#13521,(#13525,#13532),.PCURVE_S1.);
#13521 = LINE('',#13522,#13523);
#13522 = CARTESIAN_POINT('',(-11.7,16.35,-7.699390334559));
#13523 = VECTOR('',#13524,1.);
#13524 = DIRECTION('',(0.,-1.,0.));
#13525 = PCURVE('',#8048,#13526);
#13526 = DEFINITIONAL_REPRESENTATION('',(#13527),#13531);
#13527 = LINE('',#13528,#13529);
#13528 = CARTESIAN_POINT('',(0.849390334559,0.));
#13529 = VECTOR('',#13530,1.);
#13530 = DIRECTION('',(0.,1.));
#13531 = ( GEOMETRIC_REPRESENTATION_CONTEXT(2) 
PARAMETRIC_REPRESENTATION_CONTEXT() REPRESENTATION_CONTEXT('2D SPACE',''
  ) );
#13532 = PCURVE('',#8074,#13533);
#13533 = DEFINITIONAL_REPRESENTATION('',(#13534),#13537);
#13534 = B_SPLINE_CURVE_WITH_KNOTS('',1,(#13535,#13536),.UNSPECIFIED.,
  .F.,.F.,(2,2),(-4.4,0.),.PIECEWISE_BEZIER_KNOTS.);
#13535 = CARTESIAN_POINT('',(0.600609665441,-4.4));
#13536 = CARTESIAN_POINT('',(0.600609665441,0.));
#13537 = ( GEOMETRIC_REPRESENTATION_CONTEXT(2) 
PARAMETRIC_REPRESENTATION_CONTEXT() REPRESENTATION_CONTEXT('2D SPACE',''
  ) );
#13538 = ORIENTED_EDGE('',*,*,#11816,.T.);
#13539 = ORIENTED_EDGE('',*,*,#11844,.T.);
#13540 = ADVANCED_FACE('',(#13541),#8157,.F.);
#13541 = FACE_BOUND('',#13542,.F.);
#13542 = EDGE_LOOP('',(#13543,#13544,#13545,#13546,#13566));
#13543 = ORIENTED_EDGE('',*,*,#11928,.T.);
#13544 = ORIENTED_EDGE('',*,*,#13492,.T.);
#13545 = ORIENTED_EDGE('',*,*,#8144,.T.);
#13546 = ORIENTED_EDGE('',*,*,#13547,.T.);
#13547 = EDGE_CURVE('',#8119,#11957,#13548,.T.);
#13548 = SURFACE_CURVE('',#13549,(#13553,#13560),.PCURVE_S1.);
#13549 = LINE('',#13550,#13551);
#13550 = CARTESIAN_POINT('',(-8.8,16.35,-7.699390334559));
#13551 = VECTOR('',#13552,1.);
#13552 = DIRECTION('',(0.,1.,0.));
#13553 = PCURVE('',#8157,#13554);
#13554 = DEFINITIONAL_REPRESENTATION('',(#13555),#13559);
#13555 = LINE('',#13556,#13557);
#13556 = CARTESIAN_POINT('',(2.050609665441,0.));
#13557 = VECTOR('',#13558,1.);
#13558 = DIRECTION('',(0.,1.));
#13559 = ( GEOMETRIC_REPRESENTATION_CONTEXT(2) 
PARAMETRIC_REPRESENTATION_CONTEXT() REPRESENTATION_CONTEXT('2D SPACE',''
  ) );
#13560 = PCURVE('',#8133,#13561);
#13561 = DEFINITIONAL_REPRESENTATION('',(#13562),#13565);
#13562 = B_SPLINE_CURVE_WITH_KNOTS('',1,(#13563,#13564),.UNSPECIFIED.,
  .F.,.F.,(2,2),(0.,4.4),.PIECEWISE_BEZIER_KNOTS.);
#13563 = CARTESIAN_POINT('',(0.600609665441,0.));
#13564 = CARTESIAN_POINT('',(0.600609665441,-4.4));
#13565 = ( GEOMETRIC_REPRESENTATION_CONTEXT(2) 
PARAMETRIC_REPRESENTATION_CONTEXT() REPRESENTATION_CONTEXT('2D SPACE',''
  ) );
#13566 = ORIENTED_EDGE('',*,*,#11956,.T.);
#13567 = ADVANCED_FACE('',(#13568),#8074,.T.);
#13568 = FACE_BOUND('',#13569,.T.);
#13569 = EDGE_LOOP('',(#13570,#13571,#13572,#13593));
#13570 = ORIENTED_EDGE('',*,*,#13519,.T.);
#13571 = ORIENTED_EDGE('',*,*,#8059,.T.);
#13572 = ORIENTED_EDGE('',*,*,#13573,.T.);
#13573 = EDGE_CURVE('',#8060,#11765,#13574,.T.);
#13574 = SURFACE_CURVE('',#13575,(#13579,#13586),.PCURVE_S1.);
#13575 = LINE('',#13576,#13577);
#13576 = CARTESIAN_POINT('',(-11.7,16.35,-8.3));
#13577 = VECTOR('',#13578,1.);
#13578 = DIRECTION('',(0.,1.,0.));
#13579 = PCURVE('',#8074,#13580);
#13580 = DEFINITIONAL_REPRESENTATION('',(#13581),#13585);
#13581 = LINE('',#13582,#13583);
#13582 = CARTESIAN_POINT('',(0.,0.));
#13583 = VECTOR('',#13584,1.);
#13584 = DIRECTION('',(0.,-1.));
#13585 = ( GEOMETRIC_REPRESENTATION_CONTEXT(2) 
PARAMETRIC_REPRESENTATION_CONTEXT() REPRESENTATION_CONTEXT('2D SPACE',''
  ) );
#13586 = PCURVE('',#8106,#13587);
#13587 = DEFINITIONAL_REPRESENTATION('',(#13588),#13592);
#13588 = LINE('',#13589,#13590);
#13589 = CARTESIAN_POINT('',(3.14159265359,4.4));
#13590 = VECTOR('',#13591,1.);
#13591 = DIRECTION('',(0.,-1.));
#13592 = ( GEOMETRIC_REPRESENTATION_CONTEXT(2) 
PARAMETRIC_REPRESENTATION_CONTEXT() REPRESENTATION_CONTEXT('2D SPACE',''
  ) );
#13593 = ORIENTED_EDGE('',*,*,#11788,.T.);
#13594 = ADVANCED_FACE('',(#13595),#8133,.F.);
#13595 = FACE_BOUND('',#13596,.F.);
#13596 = EDGE_LOOP('',(#13597,#13598,#13599,#13620));
#13597 = ORIENTED_EDGE('',*,*,#13547,.F.);
#13598 = ORIENTED_EDGE('',*,*,#8118,.T.);
#13599 = ORIENTED_EDGE('',*,*,#13600,.F.);
#13600 = EDGE_CURVE('',#11742,#8086,#13601,.T.);
#13601 = SURFACE_CURVE('',#13602,(#13606,#13613),.PCURVE_S1.);
#13602 = LINE('',#13603,#13604);
#13603 = CARTESIAN_POINT('',(-8.8,20.75,-8.3));
#13604 = VECTOR('',#13605,1.);
#13605 = DIRECTION('',(0.,-1.,2.22044604925E-16));
#13606 = PCURVE('',#8133,#13607);
#13607 = DEFINITIONAL_REPRESENTATION('',(#13608),#13612);
#13608 = LINE('',#13609,#13610);
#13609 = CARTESIAN_POINT('',(-8.436457025878E-16,-4.4));
#13610 = VECTOR('',#13611,1.);
#13611 = DIRECTION('',(2.22044604925E-16,1.));
#13612 = ( GEOMETRIC_REPRESENTATION_CONTEXT(2) 
PARAMETRIC_REPRESENTATION_CONTEXT() REPRESENTATION_CONTEXT('2D SPACE',''
  ) );
#13613 = PCURVE('',#8106,#13614);
#13614 = DEFINITIONAL_REPRESENTATION('',(#13615),#13619);
#13615 = LINE('',#13616,#13617);
#13616 = CARTESIAN_POINT('',(6.28318530718,-0.));
#13617 = VECTOR('',#13618,1.);
#13618 = DIRECTION('',(0.,1.));
#13619 = ( GEOMETRIC_REPRESENTATION_CONTEXT(2) 
PARAMETRIC_REPRESENTATION_CONTEXT() REPRESENTATION_CONTEXT('2D SPACE',''
  ) );
#13620 = ORIENTED_EDGE('',*,*,#11984,.T.);
#13621 = ADVANCED_FACE('',(#13622),#8106,.F.);
#13622 = FACE_BOUND('',#13623,.F.);
#13623 = EDGE_LOOP('',(#13624,#13625,#13626,#13627));
#13624 = ORIENTED_EDGE('',*,*,#8085,.F.);
#13625 = ORIENTED_EDGE('',*,*,#13573,.T.);
#13626 = ORIENTED_EDGE('',*,*,#11764,.F.);
#13627 = ORIENTED_EDGE('',*,*,#13600,.T.);
#13628 = ADVANCED_FACE('',(#13629),#8356,.T.);
#13629 = FACE_BOUND('',#13630,.T.);
#13630 = EDGE_LOOP('',(#13631,#13632,#13653,#13654));
#13631 = ORIENTED_EDGE('',*,*,#8339,.F.);
#13632 = ORIENTED_EDGE('',*,*,#13633,.T.);
#13633 = EDGE_CURVE('',#8340,#8751,#13634,.T.);
#13634 = SURFACE_CURVE('',#13635,(#13639,#13646),.PCURVE_S1.);
#13635 = LINE('',#13636,#13637);
#13636 = CARTESIAN_POINT('',(-11.1,-16.95,-29.91));
#13637 = VECTOR('',#13638,1.);
#13638 = DIRECTION('',(-0.,1.,0.));
#13639 = PCURVE('',#8356,#13640);
#13640 = DEFINITIONAL_REPRESENTATION('',(#13641),#13645);
#13641 = LINE('',#13642,#13643);
#13642 = CARTESIAN_POINT('',(0.,0.));
#13643 = VECTOR('',#13644,1.);
#13644 = DIRECTION('',(0.,-1.));
#13645 = ( GEOMETRIC_REPRESENTATION_CONTEXT(2) 
PARAMETRIC_REPRESENTATION_CONTEXT() REPRESENTATION_CONTEXT('2D SPACE',''
  ) );
#13646 = PCURVE('',#8424,#13647);
#13647 = DEFINITIONAL_REPRESENTATION('',(#13648),#13652);
#13648 = LINE('',#13649,#13650);
#13649 = CARTESIAN_POINT('',(0.,0.));
#13650 = VECTOR('',#13651,1.);
#13651 = DIRECTION('',(0.,1.));
#13652 = ( GEOMETRIC_REPRESENTATION_CONTEXT(2) 
PARAMETRIC_REPRESENTATION_CONTEXT() REPRESENTATION_CONTEXT('2D SPACE',''
  ) );
#13653 = ORIENTED_EDGE('',*,*,#8750,.F.);
#13654 = ORIENTED_EDGE('',*,*,#8463,.T.);
#13655 = ADVANCED_FACE('',(#13656),#8424,.T.);
#13656 = FACE_BOUND('',#13657,.T.);
#13657 = EDGE_LOOP('',(#13658,#13659,#13660,#13661,#13684,#13705));
#13658 = ORIENTED_EDGE('',*,*,#13633,.F.);
#13659 = ORIENTED_EDGE('',*,*,#8411,.F.);
#13660 = ORIENTED_EDGE('',*,*,#10083,.F.);
#13661 = ORIENTED_EDGE('',*,*,#13662,.T.);
#13662 = EDGE_CURVE('',#10058,#13663,#13665,.T.);
#13663 = VERTEX_POINT('',#13664);
#13664 = CARTESIAN_POINT('',(11.1,-16.95,-29.91));
#13665 = SURFACE_CURVE('',#13666,(#13670,#13677),.PCURVE_S1.);
#13666 = LINE('',#13667,#13668);
#13667 = CARTESIAN_POINT('',(-11.1,-16.95,-29.91));
#13668 = VECTOR('',#13669,1.);
#13669 = DIRECTION('',(1.,0.,-0.));
#13670 = PCURVE('',#8424,#13671);
#13671 = DEFINITIONAL_REPRESENTATION('',(#13672),#13676);
#13672 = LINE('',#13673,#13674);
#13673 = CARTESIAN_POINT('',(0.,0.));
#13674 = VECTOR('',#13675,1.);
#13675 = DIRECTION('',(1.,0.));
#13676 = ( GEOMETRIC_REPRESENTATION_CONTEXT(2) 
PARAMETRIC_REPRESENTATION_CONTEXT() REPRESENTATION_CONTEXT('2D SPACE',''
  ) );
#13677 = PCURVE('',#10072,#13678);
#13678 = DEFINITIONAL_REPRESENTATION('',(#13679),#13683);
#13679 = LINE('',#13680,#13681);
#13680 = CARTESIAN_POINT('',(0.,0.));
#13681 = VECTOR('',#13682,1.);
#13682 = DIRECTION('',(0.,1.));
#13683 = ( GEOMETRIC_REPRESENTATION_CONTEXT(2) 
PARAMETRIC_REPRESENTATION_CONTEXT() REPRESENTATION_CONTEXT('2D SPACE',''
  ) );
#13684 = ORIENTED_EDGE('',*,*,#13685,.T.);
#13685 = EDGE_CURVE('',#13663,#8772,#13686,.T.);
#13686 = SURFACE_CURVE('',#13687,(#13691,#13698),.PCURVE_S1.);
#13687 = LINE('',#13688,#13689);
#13688 = CARTESIAN_POINT('',(11.1,-16.95,-29.91));
#13689 = VECTOR('',#13690,1.);
#13690 = DIRECTION('',(-0.,1.,0.));
#13691 = PCURVE('',#8424,#13692);
#13692 = DEFINITIONAL_REPRESENTATION('',(#13693),#13697);
#13693 = LINE('',#13694,#13695);
#13694 = CARTESIAN_POINT('',(22.2,0.));
#13695 = VECTOR('',#13696,1.);
#13696 = DIRECTION('',(0.,1.));
#13697 = ( GEOMETRIC_REPRESENTATION_CONTEXT(2) 
PARAMETRIC_REPRESENTATION_CONTEXT() REPRESENTATION_CONTEXT('2D SPACE',''
  ) );
#13698 = PCURVE('',#8808,#13699);
#13699 = DEFINITIONAL_REPRESENTATION('',(#13700),#13704);
#13700 = LINE('',#13701,#13702);
#13701 = CARTESIAN_POINT('',(2.05,-0.6));
#13702 = VECTOR('',#13703,1.);
#13703 = DIRECTION('',(-1.,-0.));
#13704 = ( GEOMETRIC_REPRESENTATION_CONTEXT(2) 
PARAMETRIC_REPRESENTATION_CONTEXT() REPRESENTATION_CONTEXT('2D SPACE',''
  ) );
#13705 = ORIENTED_EDGE('',*,*,#8771,.F.);
#13706 = ADVANCED_FACE('',(#13707),#8836,.T.);
#13707 = FACE_BOUND('',#13708,.T.);
#13708 = EDGE_LOOP('',(#13709,#13710,#13733,#13754));
#13709 = ORIENTED_EDGE('',*,*,#8820,.T.);
#13710 = ORIENTED_EDGE('',*,*,#13711,.T.);
#13711 = EDGE_CURVE('',#8793,#13712,#13714,.T.);
#13712 = VERTEX_POINT('',#13713);
#13713 = CARTESIAN_POINT('',(11.1,-16.95,-30.51));
#13714 = SURFACE_CURVE('',#13715,(#13719,#13726),.PCURVE_S1.);
#13715 = LINE('',#13716,#13717);
#13716 = CARTESIAN_POINT('',(11.1,-14.9,-30.51));
#13717 = VECTOR('',#13718,1.);
#13718 = DIRECTION('',(0.,-1.,0.));
#13719 = PCURVE('',#8836,#13720);
#13720 = DEFINITIONAL_REPRESENTATION('',(#13721),#13725);
#13721 = LINE('',#13722,#13723);
#13722 = CARTESIAN_POINT('',(-0.90305059178,0.69805059178));
#13723 = VECTOR('',#13724,1.);
#13724 = DIRECTION('',(0.,-1.));
#13725 = ( GEOMETRIC_REPRESENTATION_CONTEXT(2) 
PARAMETRIC_REPRESENTATION_CONTEXT() REPRESENTATION_CONTEXT('2D SPACE',''
  ) );
#13726 = PCURVE('',#8808,#13727);
#13727 = DEFINITIONAL_REPRESENTATION('',(#13728),#13732);
#13728 = LINE('',#13729,#13730);
#13729 = CARTESIAN_POINT('',(0.,0.));
#13730 = VECTOR('',#13731,1.);
#13731 = DIRECTION('',(1.,0.));
#13732 = ( GEOMETRIC_REPRESENTATION_CONTEXT(2) 
PARAMETRIC_REPRESENTATION_CONTEXT() REPRESENTATION_CONTEXT('2D SPACE',''
  ) );
#13733 = ORIENTED_EDGE('',*,*,#13734,.T.);
#13734 = EDGE_CURVE('',#13712,#9644,#13735,.T.);
#13735 = SURFACE_CURVE('',#13736,(#13740,#13747),.PCURVE_S1.);
#13736 = LINE('',#13737,#13738);
#13737 = CARTESIAN_POINT('',(11.1,-16.95,-30.51));
#13738 = VECTOR('',#13739,1.);
#13739 = DIRECTION('',(0.768221279597,0.640184399664,0.));
#13740 = PCURVE('',#8836,#13741);
#13741 = DEFINITIONAL_REPRESENTATION('',(#13742),#13746);
#13742 = LINE('',#13743,#13744);
#13743 = CARTESIAN_POINT('',(-0.90305059178,-1.35194940822));
#13744 = VECTOR('',#13745,1.);
#13745 = DIRECTION('',(0.768221279597,0.640184399664));
#13746 = ( GEOMETRIC_REPRESENTATION_CONTEXT(2) 
PARAMETRIC_REPRESENTATION_CONTEXT() REPRESENTATION_CONTEXT('2D SPACE',''
  ) );
#13747 = PCURVE('',#9677,#13748);
#13748 = DEFINITIONAL_REPRESENTATION('',(#13749),#13753);
#13749 = LINE('',#13750,#13751);
#13750 = CARTESIAN_POINT('',(0.,0.));
#13751 = VECTOR('',#13752,1.);
#13752 = DIRECTION('',(1.,0.));
#13753 = ( GEOMETRIC_REPRESENTATION_CONTEXT(2) 
PARAMETRIC_REPRESENTATION_CONTEXT() REPRESENTATION_CONTEXT('2D SPACE',''
  ) );
#13754 = ORIENTED_EDGE('',*,*,#9643,.F.);
#13755 = ADVANCED_FACE('',(#13756),#8808,.T.);
#13756 = FACE_BOUND('',#13757,.T.);
#13757 = EDGE_LOOP('',(#13758,#13759,#13760,#13761));
#13758 = ORIENTED_EDGE('',*,*,#13711,.F.);
#13759 = ORIENTED_EDGE('',*,*,#8792,.T.);
#13760 = ORIENTED_EDGE('',*,*,#13685,.F.);
#13761 = ORIENTED_EDGE('',*,*,#13762,.F.);
#13762 = EDGE_CURVE('',#13712,#13663,#13763,.T.);
#13763 = SURFACE_CURVE('',#13764,(#13768,#13775),.PCURVE_S1.);
#13764 = LINE('',#13765,#13766);
#13765 = CARTESIAN_POINT('',(11.1,-16.95,-30.51));
#13766 = VECTOR('',#13767,1.);
#13767 = DIRECTION('',(0.,0.,1.));
#13768 = PCURVE('',#8808,#13769);
#13769 = DEFINITIONAL_REPRESENTATION('',(#13770),#13774);
#13770 = LINE('',#13771,#13772);
#13771 = CARTESIAN_POINT('',(2.05,0.));
#13772 = VECTOR('',#13773,1.);
#13773 = DIRECTION('',(0.,-1.));
#13774 = ( GEOMETRIC_REPRESENTATION_CONTEXT(2) 
PARAMETRIC_REPRESENTATION_CONTEXT() REPRESENTATION_CONTEXT('2D SPACE',''
  ) );
#13775 = PCURVE('',#9677,#13776);
#13776 = DEFINITIONAL_REPRESENTATION('',(#13777),#13781);
#13777 = LINE('',#13778,#13779);
#13778 = CARTESIAN_POINT('',(0.,0.));
#13779 = VECTOR('',#13780,1.);
#13780 = DIRECTION('',(0.,-1.));
#13781 = ( GEOMETRIC_REPRESENTATION_CONTEXT(2) 
PARAMETRIC_REPRESENTATION_CONTEXT() REPRESENTATION_CONTEXT('2D SPACE',''
  ) );
#13782 = ADVANCED_FACE('',(#13783),#8888,.F.);
#13783 = FACE_BOUND('',#13784,.F.);
#13784 = EDGE_LOOP('',(#13785,#13786,#13809,#13837,#13865));
#13785 = ORIENTED_EDGE('',*,*,#8871,.F.);
#13786 = ORIENTED_EDGE('',*,*,#13787,.T.);
#13787 = EDGE_CURVE('',#8872,#13788,#13790,.T.);
#13788 = VERTEX_POINT('',#13789);
#13789 = CARTESIAN_POINT('',(-10.85060966544,-16.76946869042,-31.3));
#13790 = SURFACE_CURVE('',#13791,(#13795,#13802),.PCURVE_S1.);
#13791 = LINE('',#13792,#13793);
#13792 = CARTESIAN_POINT('',(-10.85060966544,-18.9,-31.3));
#13793 = VECTOR('',#13794,1.);
#13794 = DIRECTION('',(0.,-1.,0.));
#13795 = PCURVE('',#8888,#13796);
#13796 = DEFINITIONAL_REPRESENTATION('',(#13797),#13801);
#13797 = LINE('',#13798,#13799);
#13798 = CARTESIAN_POINT('',(0.849390334559,0.));
#13799 = VECTOR('',#13800,1.);
#13800 = DIRECTION('',(0.,-1.));
#13801 = ( GEOMETRIC_REPRESENTATION_CONTEXT(2) 
PARAMETRIC_REPRESENTATION_CONTEXT() REPRESENTATION_CONTEXT('2D SPACE',''
  ) );
#13802 = PCURVE('',#8914,#13803);
#13803 = DEFINITIONAL_REPRESENTATION('',(#13804),#13808);
#13804 = LINE('',#13805,#13806);
#13805 = CARTESIAN_POINT('',(2.050609665441,0.));
#13806 = VECTOR('',#13807,1.);
#13807 = DIRECTION('',(0.,1.));
#13808 = ( GEOMETRIC_REPRESENTATION_CONTEXT(2) 
PARAMETRIC_REPRESENTATION_CONTEXT() REPRESENTATION_CONTEXT('2D SPACE',''
  ) );
#13809 = ORIENTED_EDGE('',*,*,#13810,.T.);
#13810 = EDGE_CURVE('',#13788,#13811,#13813,.T.);
#13811 = VERTEX_POINT('',#13812);
#13812 = CARTESIAN_POINT('',(-10.25,-16.65,-31.3));
#13813 = SURFACE_CURVE('',#13814,(#13819,#13826),.PCURVE_S1.);
#13814 = HYPERBOLA('',#13815,1.45,1.45);
#13815 = AXIS2_PLACEMENT_3D('',#13816,#13817,#13818);
#13816 = CARTESIAN_POINT('',(-10.25,-15.2,-31.3));
#13817 = DIRECTION('',(0.,0.,1.));
#13818 = DIRECTION('',(0.,-1.,0.));
#13819 = PCURVE('',#8888,#13820);
#13820 = DEFINITIONAL_REPRESENTATION('',(#13821),#13825);
#13821 = ( BOUNDED_CURVE() B_SPLINE_CURVE(2,(#13822,#13823,#13824),
.UNSPECIFIED.,.F.,.F.) B_SPLINE_CURVE_WITH_KNOTS((3,3),(-0.478577328328,
3.249766187952E-08),.PIECEWISE_BEZIER_KNOTS.) CURVE() 
GEOMETRIC_REPRESENTATION_ITEM() RATIONAL_B_SPLINE_CURVE((1.,
1.028766405681,1.)) REPRESENTATION_ITEM('') );
#13822 = CARTESIAN_POINT('',(0.729268401471,2.080755102797));
#13823 = CARTESIAN_POINT('',(1.109505586368,2.250000011065));
#13824 = CARTESIAN_POINT('',(1.450000047122,2.25));
#13825 = ( GEOMETRIC_REPRESENTATION_CONTEXT(2) 
PARAMETRIC_REPRESENTATION_CONTEXT() REPRESENTATION_CONTEXT('2D SPACE',''
  ) );
#13826 = PCURVE('',#9970,#13827);
#13827 = DEFINITIONAL_REPRESENTATION('',(#13828),#13836);
#13828 = B_SPLINE_CURVE_WITH_KNOTS('',6,(#13829,#13830,#13831,#13832,
    #13833,#13834,#13835),.UNSPECIFIED.,.F.,.F.,(7,7),(-0.478577328328,
    3.249766187952E-08),.PIECEWISE_BEZIER_KNOTS.);
#13829 = CARTESIAN_POINT('',(2.032086183808,0.169244897203));
#13830 = CARTESIAN_POINT('',(1.960660177938,0.111757259489));
#13831 = CARTESIAN_POINT('',(1.886191335696,6.663181404775E-02));
#13832 = CARTESIAN_POINT('',(1.809172533655,3.321024231499E-02));
#13833 = CARTESIAN_POINT('',(1.730321872297,1.107008195436E-02));
#13834 = CARTESIAN_POINT('',(1.650559187768,-3.758554164768E-09));
#13835 = CARTESIAN_POINT('',(1.570796294297,1.7763568394E-15));
#13836 = ( GEOMETRIC_REPRESENTATION_CONTEXT(2) 
PARAMETRIC_REPRESENTATION_CONTEXT() REPRESENTATION_CONTEXT('2D SPACE',''
  ) );
#13837 = ORIENTED_EDGE('',*,*,#13838,.T.);
#13838 = EDGE_CURVE('',#13811,#13839,#13841,.T.);
#13839 = VERTEX_POINT('',#13840);
#13840 = CARTESIAN_POINT('',(-9.649390334559,-16.76946869042,-31.3));
#13841 = SURFACE_CURVE('',#13842,(#13847,#13854),.PCURVE_S1.);
#13842 = HYPERBOLA('',#13843,1.45,1.45);
#13843 = AXIS2_PLACEMENT_3D('',#13844,#13845,#13846);
#13844 = CARTESIAN_POINT('',(-10.25,-15.2,-31.3));
#13845 = DIRECTION('',(0.,0.,1.));
#13846 = DIRECTION('',(0.,-1.,0.));
#13847 = PCURVE('',#8888,#13848);
#13848 = DEFINITIONAL_REPRESENTATION('',(#13849),#13853);
#13849 = ( BOUNDED_CURVE() B_SPLINE_CURVE(2,(#13850,#13851,#13852),
.UNSPECIFIED.,.F.,.F.) B_SPLINE_CURVE_WITH_KNOTS((3,3),(
3.249766187952E-08,0.478577328328),.PIECEWISE_BEZIER_KNOTS.) CURVE() 
GEOMETRIC_REPRESENTATION_ITEM() RATIONAL_B_SPLINE_CURVE((1.,
1.02876639783,1.)) REPRESENTATION_ITEM('') );
#13850 = CARTESIAN_POINT('',(1.450000047122,2.25));
#13851 = CARTESIAN_POINT('',(1.790494463352,2.249999988935));
#13852 = CARTESIAN_POINT('',(2.170731598529,2.080755102797));
#13853 = ( GEOMETRIC_REPRESENTATION_CONTEXT(2) 
PARAMETRIC_REPRESENTATION_CONTEXT() REPRESENTATION_CONTEXT('2D SPACE',''
  ) );
#13854 = PCURVE('',#9970,#13855);
#13855 = DEFINITIONAL_REPRESENTATION('',(#13856),#13864);
#13856 = B_SPLINE_CURVE_WITH_KNOTS('',6,(#13857,#13858,#13859,#13860,
    #13861,#13862,#13863),.UNSPECIFIED.,.F.,.F.,(7,7),(
    3.249766187952E-08,0.478577328328),.PIECEWISE_BEZIER_KNOTS.);
#13857 = CARTESIAN_POINT('',(1.570796294297,1.7763568394E-15));
#13858 = CARTESIAN_POINT('',(1.491033411659,3.758557207034E-09));
#13859 = CARTESIAN_POINT('',(1.411270738459,1.107009398174E-02));
#13860 = CARTESIAN_POINT('',(1.332420088554,3.321025593187E-02));
#13861 = CARTESIAN_POINT('',(1.255401297667,6.663182630469E-02));
#13862 = CARTESIAN_POINT('',(1.180932465951,0.111757267296));
#13863 = CARTESIAN_POINT('',(1.109506469782,0.169244897203));
#13864 = ( GEOMETRIC_REPRESENTATION_CONTEXT(2) 
PARAMETRIC_REPRESENTATION_CONTEXT() REPRESENTATION_CONTEXT('2D SPACE',''
  ) );
#13865 = ORIENTED_EDGE('',*,*,#13866,.F.);
#13866 = EDGE_CURVE('',#8874,#13839,#13867,.T.);
#13867 = SURFACE_CURVE('',#13868,(#13872,#13879),.PCURVE_S1.);
#13868 = LINE('',#13869,#13870);
#13869 = CARTESIAN_POINT('',(-9.649390334559,-18.9,-31.3));
#13870 = VECTOR('',#13871,1.);
#13871 = DIRECTION('',(0.,-1.,0.));
#13872 = PCURVE('',#8888,#13873);
#13873 = DEFINITIONAL_REPRESENTATION('',(#13874),#13878);
#13874 = LINE('',#13875,#13876);
#13875 = CARTESIAN_POINT('',(2.050609665441,0.));
#13876 = VECTOR('',#13877,1.);
#13877 = DIRECTION('',(0.,-1.));
#13878 = ( GEOMETRIC_REPRESENTATION_CONTEXT(2) 
PARAMETRIC_REPRESENTATION_CONTEXT() REPRESENTATION_CONTEXT('2D SPACE',''
  ) );
#13879 = PCURVE('',#9023,#13880);
#13880 = DEFINITIONAL_REPRESENTATION('',(#13881),#13885);
#13881 = LINE('',#13882,#13883);
#13882 = CARTESIAN_POINT('',(0.849390334559,0.));
#13883 = VECTOR('',#13884,1.);
#13884 = DIRECTION('',(0.,-1.));
#13885 = ( GEOMETRIC_REPRESENTATION_CONTEXT(2) 
PARAMETRIC_REPRESENTATION_CONTEXT() REPRESENTATION_CONTEXT('2D SPACE',''
  ) );
#13886 = ADVANCED_FACE('',(#13887),#9023,.F.);
#13887 = FACE_BOUND('',#13888,.F.);
#13888 = EDGE_LOOP('',(#13889,#13890,#13891,#13919,#13947));
#13889 = ORIENTED_EDGE('',*,*,#9010,.F.);
#13890 = ORIENTED_EDGE('',*,*,#13866,.T.);
#13891 = ORIENTED_EDGE('',*,*,#13892,.T.);
#13892 = EDGE_CURVE('',#13839,#13893,#13895,.T.);
#13893 = VERTEX_POINT('',#13894);
#13894 = CARTESIAN_POINT('',(-9.22469516728,-16.65,-31.72469516728));
#13895 = SURFACE_CURVE('',#13896,(#13901,#13908),.PCURVE_S1.);
#13896 = HYPERBOLA('',#13897,1.45,1.45);
#13897 = AXIS2_PLACEMENT_3D('',#13898,#13899,#13900);
#13898 = CARTESIAN_POINT('',(-9.22469516728,-15.2,-31.72469516728));
#13899 = DIRECTION('',(0.707106781187,0.,0.707106781187));
#13900 = DIRECTION('',(-1.110223024625E-16,-1.,1.110223024625E-16));
#13901 = PCURVE('',#9023,#13902);
#13902 = DEFINITIONAL_REPRESENTATION('',(#13903),#13907);
#13903 = ( BOUNDED_CURVE() B_SPLINE_CURVE(2,(#13904,#13905,#13906),
.UNSPECIFIED.,.F.,.F.) B_SPLINE_CURVE_WITH_KNOTS((3,3),(-0.478577328328,
1.570092458684E-16),.PIECEWISE_BEZIER_KNOTS.) CURVE() 
GEOMETRIC_REPRESENTATION_ITEM() RATIONAL_B_SPLINE_CURVE((1.,
1.028766401755,1.)) REPRESENTATION_ITEM('') );
#13904 = CARTESIAN_POINT('',(0.729268401471,2.080755102797));
#13905 = CARTESIAN_POINT('',(1.109505561508,2.25));
#13906 = CARTESIAN_POINT('',(1.45,2.25));
#13907 = ( GEOMETRIC_REPRESENTATION_CONTEXT(2) 
PARAMETRIC_REPRESENTATION_CONTEXT() REPRESENTATION_CONTEXT('2D SPACE',''
  ) );
#13908 = PCURVE('',#9970,#13909);
#13909 = DEFINITIONAL_REPRESENTATION('',(#13910),#13918);
#13910 = B_SPLINE_CURVE_WITH_KNOTS('',6,(#13911,#13912,#13913,#13914,
    #13915,#13916,#13917),.UNSPECIFIED.,.F.,.F.,(7,7),(-0.478577328328,
    1.570092458684E-16),.PIECEWISE_BEZIER_KNOTS.);
#13911 = CARTESIAN_POINT('',(1.246688020411,0.169244897203));
#13912 = CARTESIAN_POINT('',(1.175262019391,0.111757263392));
#13913 = CARTESIAN_POINT('',(1.100793182412,6.663182017621E-02));
#13914 = CARTESIAN_POINT('',(1.023774385948,3.321024912344E-02));
#13915 = CARTESIAN_POINT('',(0.944923730317,1.107008796805E-02));
#13916 = CARTESIAN_POINT('',(0.865161051452,1.210411111839E-15));
#13917 = CARTESIAN_POINT('',(0.785398163397,1.110223024625E-15));
#13918 = ( GEOMETRIC_REPRESENTATION_CONTEXT(2) 
PARAMETRIC_REPRESENTATION_CONTEXT() REPRESENTATION_CONTEXT('2D SPACE',''
  ) );
#13919 = ORIENTED_EDGE('',*,*,#13920,.T.);
#13920 = EDGE_CURVE('',#13893,#13921,#13923,.T.);
#13921 = VERTEX_POINT('',#13922);
#13922 = CARTESIAN_POINT('',(-8.8,-16.76946869042,-32.14939033455));
#13923 = SURFACE_CURVE('',#13924,(#13929,#13936),.PCURVE_S1.);
#13924 = HYPERBOLA('',#13925,1.45,1.45);
#13925 = AXIS2_PLACEMENT_3D('',#13926,#13927,#13928);
#13926 = CARTESIAN_POINT('',(-9.22469516728,-15.2,-31.72469516728));
#13927 = DIRECTION('',(0.707106781187,0.,0.707106781187));
#13928 = DIRECTION('',(-1.110223024625E-16,-1.,1.110223024625E-16));
#13929 = PCURVE('',#9023,#13930);
#13930 = DEFINITIONAL_REPRESENTATION('',(#13931),#13935);
#13931 = ( BOUNDED_CURVE() B_SPLINE_CURVE(2,(#13932,#13933,#13934),
.UNSPECIFIED.,.F.,.F.) B_SPLINE_CURVE_WITH_KNOTS((3,3),(
1.570092458684E-16,0.478577328328),.PIECEWISE_BEZIER_KNOTS.) CURVE() 
GEOMETRIC_REPRESENTATION_ITEM() RATIONAL_B_SPLINE_CURVE((1.,
1.028766401755,1.)) REPRESENTATION_ITEM('') );
#13932 = CARTESIAN_POINT('',(1.45,2.25));
#13933 = CARTESIAN_POINT('',(1.790494438492,2.25));
#13934 = CARTESIAN_POINT('',(2.170731598529,2.080755102797));
#13935 = ( GEOMETRIC_REPRESENTATION_CONTEXT(2) 
PARAMETRIC_REPRESENTATION_CONTEXT() REPRESENTATION_CONTEXT('2D SPACE',''
  ) );
#13936 = PCURVE('',#9970,#13937);
#13937 = DEFINITIONAL_REPRESENTATION('',(#13938),#13946);
#13938 = B_SPLINE_CURVE_WITH_KNOTS('',6,(#13939,#13940,#13941,#13942,
    #13943,#13944,#13945),.UNSPECIFIED.,.F.,.F.,(7,7),(
    1.570092458684E-16,0.478577328328),.PIECEWISE_BEZIER_KNOTS.);
#13939 = CARTESIAN_POINT('',(0.785398163397,1.110223024625E-15));
#13940 = CARTESIAN_POINT('',(0.705635275343,1.010034937411E-15));
#13941 = CARTESIAN_POINT('',(0.625872596478,1.107008796806E-02));
#13942 = CARTESIAN_POINT('',(0.547021940847,3.321024912343E-02));
#13943 = CARTESIAN_POINT('',(0.470003144383,6.663182017622E-02));
#13944 = CARTESIAN_POINT('',(0.395534307404,0.111757263392));
#13945 = CARTESIAN_POINT('',(0.324108306384,0.169244897203));
#13946 = ( GEOMETRIC_REPRESENTATION_CONTEXT(2) 
PARAMETRIC_REPRESENTATION_CONTEXT() REPRESENTATION_CONTEXT('2D SPACE',''
  ) );
#13947 = ORIENTED_EDGE('',*,*,#13948,.T.);
#13948 = EDGE_CURVE('',#13921,#8985,#13949,.T.);
#13949 = SURFACE_CURVE('',#13950,(#13954,#13961),.PCURVE_S1.);
#13950 = LINE('',#13951,#13952);
#13951 = CARTESIAN_POINT('',(-8.8,-18.9,-32.14939033455));
#13952 = VECTOR('',#13953,1.);
#13953 = DIRECTION('',(0.,1.,0.));
#13954 = PCURVE('',#9023,#13955);
#13955 = DEFINITIONAL_REPRESENTATION('',(#13956),#13960);
#13956 = LINE('',#13957,#13958);
#13957 = CARTESIAN_POINT('',(2.050609665441,0.));
#13958 = VECTOR('',#13959,1.);
#13959 = DIRECTION('',(0.,1.));
#13960 = ( GEOMETRIC_REPRESENTATION_CONTEXT(2) 
PARAMETRIC_REPRESENTATION_CONTEXT() REPRESENTATION_CONTEXT('2D SPACE',''
  ) );
#13961 = PCURVE('',#8999,#13962);
#13962 = DEFINITIONAL_REPRESENTATION('',(#13963),#13966);
#13963 = B_SPLINE_CURVE_WITH_KNOTS('',1,(#13964,#13965),.UNSPECIFIED.,
  .F.,.F.,(2,2),(0.,5.),.PIECEWISE_BEZIER_KNOTS.);
#13964 = CARTESIAN_POINT('',(0.600609665441,0.));
#13965 = CARTESIAN_POINT('',(0.600609665441,-5.));
#13966 = ( GEOMETRIC_REPRESENTATION_CONTEXT(2) 
PARAMETRIC_REPRESENTATION_CONTEXT() REPRESENTATION_CONTEXT('2D SPACE',''
  ) );
#13967 = ADVANCED_FACE('',(#13968),#8999,.F.);
#13968 = FACE_BOUND('',#13969,.F.);
#13969 = EDGE_LOOP('',(#13970,#13971,#13999,#14020));
#13970 = ORIENTED_EDGE('',*,*,#13948,.F.);
#13971 = ORIENTED_EDGE('',*,*,#13972,.T.);
#13972 = EDGE_CURVE('',#13921,#13973,#13975,.T.);
#13973 = VERTEX_POINT('',#13974);
#13974 = CARTESIAN_POINT('',(-8.8,-16.65,-32.75));
#13975 = SURFACE_CURVE('',#13976,(#13981,#13988),.PCURVE_S1.);
#13976 = HYPERBOLA('',#13977,1.45,1.45);
#13977 = AXIS2_PLACEMENT_3D('',#13978,#13979,#13980);
#13978 = CARTESIAN_POINT('',(-8.8,-15.2,-32.75));
#13979 = DIRECTION('',(1.,0.,0.));
#13980 = DIRECTION('',(0.,-1.,2.22044604925E-16));
#13981 = PCURVE('',#8999,#13982);
#13982 = DEFINITIONAL_REPRESENTATION('',(#13983),#13987);
#13983 = ( BOUNDED_CURVE() B_SPLINE_CURVE(2,(#13984,#13985,#13986),
.UNSPECIFIED.,.F.,.F.) B_SPLINE_CURVE_WITH_KNOTS((3,3),(-0.44118284331,
2.22044604925E-16),.PIECEWISE_BEZIER_KNOTS.) CURVE() 
GEOMETRIC_REPRESENTATION_ITEM() RATIONAL_B_SPLINE_CURVE((1.,
1.024429108305,1.)) REPRESENTATION_ITEM('') );
#13984 = CARTESIAN_POINT('',(0.660670631985,-2.106580505966));
#13985 = CARTESIAN_POINT('',(0.314768443278,-2.25));
#13986 = CARTESIAN_POINT('',(4.437342591868E-31,-2.25));
#13987 = ( GEOMETRIC_REPRESENTATION_CONTEXT(2) 
PARAMETRIC_REPRESENTATION_CONTEXT() REPRESENTATION_CONTEXT('2D SPACE',''
  ) );
#13988 = PCURVE('',#9970,#13989);
#13989 = DEFINITIONAL_REPRESENTATION('',(#13990),#13998);
#13990 = B_SPLINE_CURVE_WITH_KNOTS('',6,(#13991,#13992,#13993,#13994,
    #13995,#13996,#13997),.UNSPECIFIED.,.F.,.F.,(7,7),(-0.44118284331,
    2.22044604925E-16),.PIECEWISE_BEZIER_KNOTS.);
#13991 = CARTESIAN_POINT('',(0.427530034465,0.143419494034));
#13992 = CARTESIAN_POINT('',(0.360617844968,9.484006938225E-02));
#13993 = CARTESIAN_POINT('',(0.29125777067,5.659887131459E-02));
#13994 = CARTESIAN_POINT('',(0.219876427421,2.822312927254E-02));
#13995 = CARTESIAN_POINT('',(0.147060815713,9.407712323586E-03));
#13996 = CARTESIAN_POINT('',(7.353047388498E-02,2.319631244071E-15));
#13997 = CARTESIAN_POINT('',(0.,2.331468351713E-15));
#13998 = ( GEOMETRIC_REPRESENTATION_CONTEXT(2) 
PARAMETRIC_REPRESENTATION_CONTEXT() REPRESENTATION_CONTEXT('2D SPACE',''
  ) );
#13999 = ORIENTED_EDGE('',*,*,#14000,.F.);
#14000 = EDGE_CURVE('',#8952,#13973,#14001,.T.);
#14001 = SURFACE_CURVE('',#14002,(#14006,#14013),.PCURVE_S1.);
#14002 = LINE('',#14003,#14004);
#14003 = CARTESIAN_POINT('',(-8.8,-13.9,-32.75));
#14004 = VECTOR('',#14005,1.);
#14005 = DIRECTION('',(0.,-1.,2.22044604925E-16));
#14006 = PCURVE('',#8999,#14007);
#14007 = DEFINITIONAL_REPRESENTATION('',(#14008),#14012);
#14008 = LINE('',#14009,#14010);
#14009 = CARTESIAN_POINT('',(-9.102590840653E-16,-5.));
#14010 = VECTOR('',#14011,1.);
#14011 = DIRECTION('',(2.22044604925E-16,1.));
#14012 = ( GEOMETRIC_REPRESENTATION_CONTEXT(2) 
PARAMETRIC_REPRESENTATION_CONTEXT() REPRESENTATION_CONTEXT('2D SPACE',''
  ) );
#14013 = PCURVE('',#8972,#14014);
#14014 = DEFINITIONAL_REPRESENTATION('',(#14015),#14019);
#14015 = LINE('',#14016,#14017);
#14016 = CARTESIAN_POINT('',(6.28318530718,-0.));
#14017 = VECTOR('',#14018,1.);
#14018 = DIRECTION('',(0.,1.));
#14019 = ( GEOMETRIC_REPRESENTATION_CONTEXT(2) 
PARAMETRIC_REPRESENTATION_CONTEXT() REPRESENTATION_CONTEXT('2D SPACE',''
  ) );
#14020 = ORIENTED_EDGE('',*,*,#8984,.F.);
#14021 = ADVANCED_FACE('',(#14022),#8972,.F.);
#14022 = FACE_BOUND('',#14023,.F.);
#14023 = EDGE_LOOP('',(#14024,#14025,#14026,#14050));
#14024 = ORIENTED_EDGE('',*,*,#8951,.T.);
#14025 = ORIENTED_EDGE('',*,*,#14000,.T.);
#14026 = ORIENTED_EDGE('',*,*,#14027,.F.);
#14027 = EDGE_CURVE('',#14028,#13973,#14030,.T.);
#14028 = VERTEX_POINT('',#14029);
#14029 = CARTESIAN_POINT('',(-11.7,-16.65,-32.75));
#14030 = SURFACE_CURVE('',#14031,(#14036,#14043),.PCURVE_S1.);
#14031 = CIRCLE('',#14032,1.45);
#14032 = AXIS2_PLACEMENT_3D('',#14033,#14034,#14035);
#14033 = CARTESIAN_POINT('',(-10.25,-16.65,-32.75));
#14034 = DIRECTION('',(0.,-1.,2.22044604925E-16));
#14035 = DIRECTION('',(1.,0.,0.));
#14036 = PCURVE('',#8972,#14037);
#14037 = DEFINITIONAL_REPRESENTATION('',(#14038),#14042);
#14038 = LINE('',#14039,#14040);
#14039 = CARTESIAN_POINT('',(0.,2.75));
#14040 = VECTOR('',#14041,1.);
#14041 = DIRECTION('',(1.,0.));
#14042 = ( GEOMETRIC_REPRESENTATION_CONTEXT(2) 
PARAMETRIC_REPRESENTATION_CONTEXT() REPRESENTATION_CONTEXT('2D SPACE',''
  ) );
#14043 = PCURVE('',#9970,#14044);
#14044 = DEFINITIONAL_REPRESENTATION('',(#14045),#14049);
#14045 = LINE('',#14046,#14047);
#14046 = CARTESIAN_POINT('',(0.,0.));
#14047 = VECTOR('',#14048,1.);
#14048 = DIRECTION('',(1.,0.));
#14049 = ( GEOMETRIC_REPRESENTATION_CONTEXT(2) 
PARAMETRIC_REPRESENTATION_CONTEXT() REPRESENTATION_CONTEXT('2D SPACE',''
  ) );
#14050 = ORIENTED_EDGE('',*,*,#14051,.T.);
#14051 = EDGE_CURVE('',#14028,#8926,#14052,.T.);
#14052 = SURFACE_CURVE('',#14053,(#14057,#14064),.PCURVE_S1.);
#14053 = LINE('',#14054,#14055);
#14054 = CARTESIAN_POINT('',(-11.7,-18.9,-32.75));
#14055 = VECTOR('',#14056,1.);
#14056 = DIRECTION('',(0.,1.,0.));
#14057 = PCURVE('',#8972,#14058);
#14058 = DEFINITIONAL_REPRESENTATION('',(#14059),#14063);
#14059 = LINE('',#14060,#14061);
#14060 = CARTESIAN_POINT('',(3.14159265359,5.));
#14061 = VECTOR('',#14062,1.);
#14062 = DIRECTION('',(0.,-1.));
#14063 = ( GEOMETRIC_REPRESENTATION_CONTEXT(2) 
PARAMETRIC_REPRESENTATION_CONTEXT() REPRESENTATION_CONTEXT('2D SPACE',''
  ) );
#14064 = PCURVE('',#8940,#14065);
#14065 = DEFINITIONAL_REPRESENTATION('',(#14066),#14070);
#14066 = LINE('',#14067,#14068);
#14067 = CARTESIAN_POINT('',(0.,0.));
#14068 = VECTOR('',#14069,1.);
#14069 = DIRECTION('',(0.,-1.));
#14070 = ( GEOMETRIC_REPRESENTATION_CONTEXT(2) 
PARAMETRIC_REPRESENTATION_CONTEXT() REPRESENTATION_CONTEXT('2D SPACE',''
  ) );
#14071 = ADVANCED_FACE('',(#14072),#8940,.T.);
#14072 = FACE_BOUND('',#14073,.T.);
#14073 = EDGE_LOOP('',(#14074,#14096,#14122,#14123));
#14074 = ORIENTED_EDGE('',*,*,#14075,.T.);
#14075 = EDGE_CURVE('',#8900,#14076,#14078,.T.);
#14076 = VERTEX_POINT('',#14077);
#14077 = CARTESIAN_POINT('',(-11.7,-16.76946869042,-32.14939033455));
#14078 = SURFACE_CURVE('',#14079,(#14083,#14089),.PCURVE_S1.);
#14079 = LINE('',#14080,#14081);
#14080 = CARTESIAN_POINT('',(-11.7,-18.9,-32.14939033455));
#14081 = VECTOR('',#14082,1.);
#14082 = DIRECTION('',(0.,-1.,0.));
#14083 = PCURVE('',#8940,#14084);
#14084 = DEFINITIONAL_REPRESENTATION('',(#14085),#14088);
#14085 = B_SPLINE_CURVE_WITH_KNOTS('',1,(#14086,#14087),.UNSPECIFIED.,
  .F.,.F.,(2,2),(-5.,0.),.PIECEWISE_BEZIER_KNOTS.);
#14086 = CARTESIAN_POINT('',(0.600609665441,-5.));
#14087 = CARTESIAN_POINT('',(0.600609665441,0.));
#14088 = ( GEOMETRIC_REPRESENTATION_CONTEXT(2) 
PARAMETRIC_REPRESENTATION_CONTEXT() REPRESENTATION_CONTEXT('2D SPACE',''
  ) );
#14089 = PCURVE('',#8914,#14090);
#14090 = DEFINITIONAL_REPRESENTATION('',(#14091),#14095);
#14091 = LINE('',#14092,#14093);
#14092 = CARTESIAN_POINT('',(0.849390334559,0.));
#14093 = VECTOR('',#14094,1.);
#14094 = DIRECTION('',(0.,1.));
#14095 = ( GEOMETRIC_REPRESENTATION_CONTEXT(2) 
PARAMETRIC_REPRESENTATION_CONTEXT() REPRESENTATION_CONTEXT('2D SPACE',''
  ) );
#14096 = ORIENTED_EDGE('',*,*,#14097,.T.);
#14097 = EDGE_CURVE('',#14076,#14028,#14098,.T.);
#14098 = SURFACE_CURVE('',#14099,(#14104,#14111),.PCURVE_S1.);
#14099 = HYPERBOLA('',#14100,1.45,1.45);
#14100 = AXIS2_PLACEMENT_3D('',#14101,#14102,#14103);
#14101 = CARTESIAN_POINT('',(-11.7,-15.2,-32.75));
#14102 = DIRECTION('',(1.,0.,0.));
#14103 = DIRECTION('',(0.,-1.,2.22044604925E-16));
#14104 = PCURVE('',#8940,#14105);
#14105 = DEFINITIONAL_REPRESENTATION('',(#14106),#14110);
#14106 = ( BOUNDED_CURVE() B_SPLINE_CURVE(2,(#14107,#14108,#14109),
.UNSPECIFIED.,.F.,.F.) B_SPLINE_CURVE_WITH_KNOTS((3,3),(-0.44118284331,
-3.249766165748E-08),.PIECEWISE_BEZIER_KNOTS.) CURVE() 
GEOMETRIC_REPRESENTATION_ITEM() RATIONAL_B_SPLINE_CURVE((1.,
1.024429104692,1.)) REPRESENTATION_ITEM('') );
#14107 = CARTESIAN_POINT('',(0.660670631985,-2.106580505966));
#14108 = CARTESIAN_POINT('',(0.314768467949,-2.249999989771));
#14109 = CARTESIAN_POINT('',(4.712160972531E-08,-2.25));
#14110 = ( GEOMETRIC_REPRESENTATION_CONTEXT(2) 
PARAMETRIC_REPRESENTATION_CONTEXT() REPRESENTATION_CONTEXT('2D SPACE',''
  ) );
#14111 = PCURVE('',#9970,#14112);
#14112 = DEFINITIONAL_REPRESENTATION('',(#14113),#14121);
#14113 = B_SPLINE_CURVE_WITH_KNOTS('',6,(#14114,#14115,#14116,#14117,
    #14118,#14119,#14120),.UNSPECIFIED.,.F.,.F.,(7,7),(-0.44118284331,
    -3.249766165748E-08),.PIECEWISE_BEZIER_KNOTS.);
#14114 = CARTESIAN_POINT('',(2.714062619125,0.143419494034));
#14115 = CARTESIAN_POINT('',(2.780974803694,9.484007296062E-02));
#14116 = CARTESIAN_POINT('',(2.850334872702,5.659887694831E-02));
#14117 = CARTESIAN_POINT('',(2.921716210395,2.822313554302E-02));
#14118 = CARTESIAN_POINT('',(2.994531816423,9.407717867396E-03));
#14119 = CARTESIAN_POINT('',(3.068062152623,3.464874033609E-09));
#14120 = CARTESIAN_POINT('',(3.141592621092,0.));
#14121 = ( GEOMETRIC_REPRESENTATION_CONTEXT(2) 
PARAMETRIC_REPRESENTATION_CONTEXT() REPRESENTATION_CONTEXT('2D SPACE',''
  ) );
#14122 = ORIENTED_EDGE('',*,*,#14051,.T.);
#14123 = ORIENTED_EDGE('',*,*,#8925,.F.);
#14124 = ADVANCED_FACE('',(#14125),#8914,.T.);
#14125 = FACE_BOUND('',#14126,.T.);
#14126 = EDGE_LOOP('',(#14127,#14128,#14156,#14182,#14183));
#14127 = ORIENTED_EDGE('',*,*,#13787,.T.);
#14128 = ORIENTED_EDGE('',*,*,#14129,.T.);
#14129 = EDGE_CURVE('',#13788,#14130,#14132,.T.);
#14130 = VERTEX_POINT('',#14131);
#14131 = CARTESIAN_POINT('',(-11.27530483272,-16.65,-31.72469516728));
#14132 = SURFACE_CURVE('',#14133,(#14138,#14145),.PCURVE_S1.);
#14133 = HYPERBOLA('',#14134,1.45,1.45);
#14134 = AXIS2_PLACEMENT_3D('',#14135,#14136,#14137);
#14135 = CARTESIAN_POINT('',(-11.27530483272,-15.2,-31.72469516728));
#14136 = DIRECTION('',(0.707106781187,0.,-0.707106781187));
#14137 = DIRECTION('',(1.110223024625E-16,-1.,1.110223024625E-16));
#14138 = PCURVE('',#8914,#14139);
#14139 = DEFINITIONAL_REPRESENTATION('',(#14140),#14144);
#14140 = ( BOUNDED_CURVE() B_SPLINE_CURVE(2,(#14141,#14142,#14143),
.UNSPECIFIED.,.F.,.F.) B_SPLINE_CURVE_WITH_KNOTS((3,3),(-0.478577328328,
1.570092458684E-16),.PIECEWISE_BEZIER_KNOTS.) CURVE() 
GEOMETRIC_REPRESENTATION_ITEM() RATIONAL_B_SPLINE_CURVE((1.,
1.028766401755,1.)) REPRESENTATION_ITEM('') );
#14141 = CARTESIAN_POINT('',(2.170731598529,-2.080755102797));
#14142 = CARTESIAN_POINT('',(1.790494438492,-2.25));
#14143 = CARTESIAN_POINT('',(1.45,-2.25));
#14144 = ( GEOMETRIC_REPRESENTATION_CONTEXT(2) 
PARAMETRIC_REPRESENTATION_CONTEXT() REPRESENTATION_CONTEXT('2D SPACE',''
  ) );
#14145 = PCURVE('',#9970,#14146);
#14146 = DEFINITIONAL_REPRESENTATION('',(#14147),#14155);
#14147 = B_SPLINE_CURVE_WITH_KNOTS('',6,(#14148,#14149,#14150,#14151,
    #14152,#14153,#14154),.UNSPECIFIED.,.F.,.F.,(7,7),(-0.478577328328,
    1.570092458684E-16),.PIECEWISE_BEZIER_KNOTS.);
#14148 = CARTESIAN_POINT('',(1.894904633179,0.169244897203));
#14149 = CARTESIAN_POINT('',(1.966330634199,0.111757263392));
#14150 = CARTESIAN_POINT('',(2.040799471178,6.663182017622E-02));
#14151 = CARTESIAN_POINT('',(2.117818267642,3.321024912343E-02));
#14152 = CARTESIAN_POINT('',(2.196668923273,1.107008796805E-02));
#14153 = CARTESIAN_POINT('',(2.276431602138,2.974244440338E-15));
#14154 = CARTESIAN_POINT('',(2.356194490192,2.886579864025E-15));
#14155 = ( GEOMETRIC_REPRESENTATION_CONTEXT(2) 
PARAMETRIC_REPRESENTATION_CONTEXT() REPRESENTATION_CONTEXT('2D SPACE',''
  ) );
#14156 = ORIENTED_EDGE('',*,*,#14157,.T.);
#14157 = EDGE_CURVE('',#14130,#14076,#14158,.T.);
#14158 = SURFACE_CURVE('',#14159,(#14164,#14171),.PCURVE_S1.);
#14159 = HYPERBOLA('',#14160,1.45,1.45);
#14160 = AXIS2_PLACEMENT_3D('',#14161,#14162,#14163);
#14161 = CARTESIAN_POINT('',(-11.27530483272,-15.2,-31.72469516728));
#14162 = DIRECTION('',(0.707106781187,0.,-0.707106781187));
#14163 = DIRECTION('',(1.110223024625E-16,-1.,1.110223024625E-16));
#14164 = PCURVE('',#8914,#14165);
#14165 = DEFINITIONAL_REPRESENTATION('',(#14166),#14170);
#14166 = ( BOUNDED_CURVE() B_SPLINE_CURVE(2,(#14167,#14168,#14169),
.UNSPECIFIED.,.F.,.F.) B_SPLINE_CURVE_WITH_KNOTS((3,3),(
1.570092458684E-16,0.478577328328),.PIECEWISE_BEZIER_KNOTS.) CURVE() 
GEOMETRIC_REPRESENTATION_ITEM() RATIONAL_B_SPLINE_CURVE((1.,
1.028766401755,1.)) REPRESENTATION_ITEM('') );
#14167 = CARTESIAN_POINT('',(1.45,-2.25));
#14168 = CARTESIAN_POINT('',(1.109505561508,-2.25));
#14169 = CARTESIAN_POINT('',(0.729268401471,-2.080755102797));
#14170 = ( GEOMETRIC_REPRESENTATION_CONTEXT(2) 
PARAMETRIC_REPRESENTATION_CONTEXT() REPRESENTATION_CONTEXT('2D SPACE',''
  ) );
#14171 = PCURVE('',#9970,#14172);
#14172 = DEFINITIONAL_REPRESENTATION('',(#14173),#14181);
#14173 = B_SPLINE_CURVE_WITH_KNOTS('',6,(#14174,#14175,#14176,#14177,
    #14178,#14179,#14180),.UNSPECIFIED.,.F.,.F.,(7,7),(
    1.570092458684E-16,0.478577328328),.PIECEWISE_BEZIER_KNOTS.);
#14174 = CARTESIAN_POINT('',(2.356194490192,2.886579864025E-15));
#14175 = CARTESIAN_POINT('',(2.435957378247,2.798915287713E-15));
#14176 = CARTESIAN_POINT('',(2.515720057111,1.107008796805E-02));
#14177 = CARTESIAN_POINT('',(2.594570712743,3.321024912343E-02));
#14178 = CARTESIAN_POINT('',(2.671589509207,6.663182017622E-02));
#14179 = CARTESIAN_POINT('',(2.746058346186,0.111757263392));
#14180 = CARTESIAN_POINT('',(2.817484347206,0.169244897203));
#14181 = ( GEOMETRIC_REPRESENTATION_CONTEXT(2) 
PARAMETRIC_REPRESENTATION_CONTEXT() REPRESENTATION_CONTEXT('2D SPACE',''
  ) );
#14182 = ORIENTED_EDGE('',*,*,#14075,.F.);
#14183 = ORIENTED_EDGE('',*,*,#8899,.F.);
#14184 = ADVANCED_FACE('',(#14185),#9053,.F.);
#14185 = FACE_BOUND('',#14186,.F.);
#14186 = EDGE_LOOP('',(#14187,#14188,#14211,#14239,#14267));
#14187 = ORIENTED_EDGE('',*,*,#9036,.F.);
#14188 = ORIENTED_EDGE('',*,*,#14189,.T.);
#14189 = EDGE_CURVE('',#9037,#14190,#14192,.T.);
#14190 = VERTEX_POINT('',#14191);
#14191 = CARTESIAN_POINT('',(9.649390334559,-16.76946869042,-31.3));
#14192 = SURFACE_CURVE('',#14193,(#14197,#14204),.PCURVE_S1.);
#14193 = LINE('',#14194,#14195);
#14194 = CARTESIAN_POINT('',(9.649390334559,-18.9,-31.3));
#14195 = VECTOR('',#14196,1.);
#14196 = DIRECTION('',(0.,-1.,0.));
#14197 = PCURVE('',#9053,#14198);
#14198 = DEFINITIONAL_REPRESENTATION('',(#14199),#14203);
#14199 = LINE('',#14200,#14201);
#14200 = CARTESIAN_POINT('',(0.849390334559,0.));
#14201 = VECTOR('',#14202,1.);
#14202 = DIRECTION('',(0.,-1.));
#14203 = ( GEOMETRIC_REPRESENTATION_CONTEXT(2) 
PARAMETRIC_REPRESENTATION_CONTEXT() REPRESENTATION_CONTEXT('2D SPACE',''
  ) );
#14204 = PCURVE('',#9079,#14205);
#14205 = DEFINITIONAL_REPRESENTATION('',(#14206),#14210);
#14206 = LINE('',#14207,#14208);
#14207 = CARTESIAN_POINT('',(2.050609665441,0.));
#14208 = VECTOR('',#14209,1.);
#14209 = DIRECTION('',(0.,1.));
#14210 = ( GEOMETRIC_REPRESENTATION_CONTEXT(2) 
PARAMETRIC_REPRESENTATION_CONTEXT() REPRESENTATION_CONTEXT('2D SPACE',''
  ) );
#14211 = ORIENTED_EDGE('',*,*,#14212,.T.);
#14212 = EDGE_CURVE('',#14190,#14213,#14215,.T.);
#14213 = VERTEX_POINT('',#14214);
#14214 = CARTESIAN_POINT('',(10.25,-16.65,-31.3));
#14215 = SURFACE_CURVE('',#14216,(#14221,#14228),.PCURVE_S1.);
#14216 = HYPERBOLA('',#14217,1.45,1.45);
#14217 = AXIS2_PLACEMENT_3D('',#14218,#14219,#14220);
#14218 = CARTESIAN_POINT('',(10.25,-15.2,-31.3));
#14219 = DIRECTION('',(0.,0.,1.));
#14220 = DIRECTION('',(0.,-1.,0.));
#14221 = PCURVE('',#9053,#14222);
#14222 = DEFINITIONAL_REPRESENTATION('',(#14223),#14227);
#14223 = ( BOUNDED_CURVE() B_SPLINE_CURVE(2,(#14224,#14225,#14226),
.UNSPECIFIED.,.F.,.F.) B_SPLINE_CURVE_WITH_KNOTS((3,3),(-0.478577328328,
3.249766187952E-08),.PIECEWISE_BEZIER_KNOTS.) CURVE() 
GEOMETRIC_REPRESENTATION_ITEM() RATIONAL_B_SPLINE_CURVE((1.,
1.028766405681,1.)) REPRESENTATION_ITEM('') );
#14224 = CARTESIAN_POINT('',(0.729268401471,2.080755102797));
#14225 = CARTESIAN_POINT('',(1.109505586368,2.250000011065));
#14226 = CARTESIAN_POINT('',(1.450000047122,2.25));
#14227 = ( GEOMETRIC_REPRESENTATION_CONTEXT(2) 
PARAMETRIC_REPRESENTATION_CONTEXT() REPRESENTATION_CONTEXT('2D SPACE',''
  ) );
#14228 = PCURVE('',#9780,#14229);
#14229 = DEFINITIONAL_REPRESENTATION('',(#14230),#14238);
#14230 = B_SPLINE_CURVE_WITH_KNOTS('',6,(#14231,#14232,#14233,#14234,
    #14235,#14236,#14237),.UNSPECIFIED.,.F.,.F.,(7,7),(-0.478577328328,
    3.249766187952E-08),.PIECEWISE_BEZIER_KNOTS.);
#14231 = CARTESIAN_POINT('',(2.032086183808,0.169244897203));
#14232 = CARTESIAN_POINT('',(1.960660177938,0.111757259489));
#14233 = CARTESIAN_POINT('',(1.886191335696,6.663181404775E-02));
#14234 = CARTESIAN_POINT('',(1.809172533655,3.321024231499E-02));
#14235 = CARTESIAN_POINT('',(1.730321872297,1.107008195436E-02));
#14236 = CARTESIAN_POINT('',(1.650559187768,-3.758554164768E-09));
#14237 = CARTESIAN_POINT('',(1.570796294297,1.7763568394E-15));
#14238 = ( GEOMETRIC_REPRESENTATION_CONTEXT(2) 
PARAMETRIC_REPRESENTATION_CONTEXT() REPRESENTATION_CONTEXT('2D SPACE',''
  ) );
#14239 = ORIENTED_EDGE('',*,*,#14240,.T.);
#14240 = EDGE_CURVE('',#14213,#14241,#14243,.T.);
#14241 = VERTEX_POINT('',#14242);
#14242 = CARTESIAN_POINT('',(10.850609665441,-16.76946869042,-31.3));
#14243 = SURFACE_CURVE('',#14244,(#14249,#14256),.PCURVE_S1.);
#14244 = HYPERBOLA('',#14245,1.45,1.45);
#14245 = AXIS2_PLACEMENT_3D('',#14246,#14247,#14248);
#14246 = CARTESIAN_POINT('',(10.25,-15.2,-31.3));
#14247 = DIRECTION('',(0.,0.,1.));
#14248 = DIRECTION('',(0.,-1.,0.));
#14249 = PCURVE('',#9053,#14250);
#14250 = DEFINITIONAL_REPRESENTATION('',(#14251),#14255);
#14251 = ( BOUNDED_CURVE() B_SPLINE_CURVE(2,(#14252,#14253,#14254),
.UNSPECIFIED.,.F.,.F.) B_SPLINE_CURVE_WITH_KNOTS((3,3),(
3.249766187952E-08,0.478577328328),.PIECEWISE_BEZIER_KNOTS.) CURVE() 
GEOMETRIC_REPRESENTATION_ITEM() RATIONAL_B_SPLINE_CURVE((1.,
1.02876639783,1.)) REPRESENTATION_ITEM('') );
#14252 = CARTESIAN_POINT('',(1.450000047122,2.25));
#14253 = CARTESIAN_POINT('',(1.790494463352,2.249999988935));
#14254 = CARTESIAN_POINT('',(2.170731598529,2.080755102797));
#14255 = ( GEOMETRIC_REPRESENTATION_CONTEXT(2) 
PARAMETRIC_REPRESENTATION_CONTEXT() REPRESENTATION_CONTEXT('2D SPACE',''
  ) );
#14256 = PCURVE('',#9780,#14257);
#14257 = DEFINITIONAL_REPRESENTATION('',(#14258),#14266);
#14258 = B_SPLINE_CURVE_WITH_KNOTS('',6,(#14259,#14260,#14261,#14262,
    #14263,#14264,#14265),.UNSPECIFIED.,.F.,.F.,(7,7),(
    3.249766187952E-08,0.478577328328),.PIECEWISE_BEZIER_KNOTS.);
#14259 = CARTESIAN_POINT('',(1.570796294297,1.7763568394E-15));
#14260 = CARTESIAN_POINT('',(1.491033411659,3.758557207034E-09));
#14261 = CARTESIAN_POINT('',(1.411270738459,1.107009398174E-02));
#14262 = CARTESIAN_POINT('',(1.332420088554,3.321025593187E-02));
#14263 = CARTESIAN_POINT('',(1.255401297667,6.663182630469E-02));
#14264 = CARTESIAN_POINT('',(1.180932465951,0.111757267296));
#14265 = CARTESIAN_POINT('',(1.109506469782,0.169244897203));
#14266 = ( GEOMETRIC_REPRESENTATION_CONTEXT(2) 
PARAMETRIC_REPRESENTATION_CONTEXT() REPRESENTATION_CONTEXT('2D SPACE',''
  ) );
#14267 = ORIENTED_EDGE('',*,*,#14268,.F.);
#14268 = EDGE_CURVE('',#9039,#14241,#14269,.T.);
#14269 = SURFACE_CURVE('',#14270,(#14274,#14281),.PCURVE_S1.);
#14270 = LINE('',#14271,#14272);
#14271 = CARTESIAN_POINT('',(10.850609665441,-18.9,-31.3));
#14272 = VECTOR('',#14273,1.);
#14273 = DIRECTION('',(0.,-1.,0.));
#14274 = PCURVE('',#9053,#14275);
#14275 = DEFINITIONAL_REPRESENTATION('',(#14276),#14280);
#14276 = LINE('',#14277,#14278);
#14277 = CARTESIAN_POINT('',(2.050609665441,0.));
#14278 = VECTOR('',#14279,1.);
#14279 = DIRECTION('',(0.,-1.));
#14280 = ( GEOMETRIC_REPRESENTATION_CONTEXT(2) 
PARAMETRIC_REPRESENTATION_CONTEXT() REPRESENTATION_CONTEXT('2D SPACE',''
  ) );
#14281 = PCURVE('',#9188,#14282);
#14282 = DEFINITIONAL_REPRESENTATION('',(#14283),#14287);
#14283 = LINE('',#14284,#14285);
#14284 = CARTESIAN_POINT('',(0.849390334559,0.));
#14285 = VECTOR('',#14286,1.);
#14286 = DIRECTION('',(0.,-1.));
#14287 = ( GEOMETRIC_REPRESENTATION_CONTEXT(2) 
PARAMETRIC_REPRESENTATION_CONTEXT() REPRESENTATION_CONTEXT('2D SPACE',''
  ) );
#14288 = ADVANCED_FACE('',(#14289),#9079,.T.);
#14289 = FACE_BOUND('',#14290,.T.);
#14290 = EDGE_LOOP('',(#14291,#14292,#14320,#14348,#14368));
#14291 = ORIENTED_EDGE('',*,*,#14189,.T.);
#14292 = ORIENTED_EDGE('',*,*,#14293,.T.);
#14293 = EDGE_CURVE('',#14190,#14294,#14296,.T.);
#14294 = VERTEX_POINT('',#14295);
#14295 = CARTESIAN_POINT('',(9.22469516728,-16.65,-31.72469516728));
#14296 = SURFACE_CURVE('',#14297,(#14302,#14309),.PCURVE_S1.);
#14297 = HYPERBOLA('',#14298,1.45,1.45);
#14298 = AXIS2_PLACEMENT_3D('',#14299,#14300,#14301);
#14299 = CARTESIAN_POINT('',(9.22469516728,-15.2,-31.72469516728));
#14300 = DIRECTION('',(0.707106781187,0.,-0.707106781187));
#14301 = DIRECTION('',(1.110223024625E-16,-1.,1.110223024625E-16));
#14302 = PCURVE('',#9079,#14303);
#14303 = DEFINITIONAL_REPRESENTATION('',(#14304),#14308);
#14304 = ( BOUNDED_CURVE() B_SPLINE_CURVE(2,(#14305,#14306,#14307),
.UNSPECIFIED.,.F.,.F.) B_SPLINE_CURVE_WITH_KNOTS((3,3),(-0.478577328328,
1.570092458684E-16),.PIECEWISE_BEZIER_KNOTS.) CURVE() 
GEOMETRIC_REPRESENTATION_ITEM() RATIONAL_B_SPLINE_CURVE((1.,
1.028766401755,1.)) REPRESENTATION_ITEM('') );
#14305 = CARTESIAN_POINT('',(2.170731598529,-2.080755102797));
#14306 = CARTESIAN_POINT('',(1.790494438492,-2.25));
#14307 = CARTESIAN_POINT('',(1.45,-2.25));
#14308 = ( GEOMETRIC_REPRESENTATION_CONTEXT(2) 
PARAMETRIC_REPRESENTATION_CONTEXT() REPRESENTATION_CONTEXT('2D SPACE',''
  ) );
#14309 = PCURVE('',#9780,#14310);
#14310 = DEFINITIONAL_REPRESENTATION('',(#14311),#14319);
#14311 = B_SPLINE_CURVE_WITH_KNOTS('',6,(#14312,#14313,#14314,#14315,
    #14316,#14317,#14318),.UNSPECIFIED.,.F.,.F.,(7,7),(-0.478577328328,
    1.570092458684E-16),.PIECEWISE_BEZIER_KNOTS.);
#14312 = CARTESIAN_POINT('',(1.894904633179,0.169244897203));
#14313 = CARTESIAN_POINT('',(1.966330634199,0.111757263392));
#14314 = CARTESIAN_POINT('',(2.040799471178,6.663182017622E-02));
#14315 = CARTESIAN_POINT('',(2.117818267642,3.321024912343E-02));
#14316 = CARTESIAN_POINT('',(2.196668923273,1.107008796805E-02));
#14317 = CARTESIAN_POINT('',(2.276431602138,1.197887600937E-15));
#14318 = CARTESIAN_POINT('',(2.356194490192,1.110223024625E-15));
#14319 = ( GEOMETRIC_REPRESENTATION_CONTEXT(2) 
PARAMETRIC_REPRESENTATION_CONTEXT() REPRESENTATION_CONTEXT('2D SPACE',''
  ) );
#14320 = ORIENTED_EDGE('',*,*,#14321,.T.);
#14321 = EDGE_CURVE('',#14294,#14322,#14324,.T.);
#14322 = VERTEX_POINT('',#14323);
#14323 = CARTESIAN_POINT('',(8.8,-16.76946869042,-32.14939033455));
#14324 = SURFACE_CURVE('',#14325,(#14330,#14337),.PCURVE_S1.);
#14325 = HYPERBOLA('',#14326,1.45,1.45);
#14326 = AXIS2_PLACEMENT_3D('',#14327,#14328,#14329);
#14327 = CARTESIAN_POINT('',(9.22469516728,-15.2,-31.72469516728));
#14328 = DIRECTION('',(0.707106781187,0.,-0.707106781187));
#14329 = DIRECTION('',(1.110223024625E-16,-1.,1.110223024625E-16));
#14330 = PCURVE('',#9079,#14331);
#14331 = DEFINITIONAL_REPRESENTATION('',(#14332),#14336);
#14332 = ( BOUNDED_CURVE() B_SPLINE_CURVE(2,(#14333,#14334,#14335),
.UNSPECIFIED.,.F.,.F.) B_SPLINE_CURVE_WITH_KNOTS((3,3),(
1.570092458684E-16,0.478577328328),.PIECEWISE_BEZIER_KNOTS.) CURVE() 
GEOMETRIC_REPRESENTATION_ITEM() RATIONAL_B_SPLINE_CURVE((1.,
1.028766401755,1.)) REPRESENTATION_ITEM('') );
#14333 = CARTESIAN_POINT('',(1.45,-2.25));
#14334 = CARTESIAN_POINT('',(1.109505561508,-2.25));
#14335 = CARTESIAN_POINT('',(0.729268401471,-2.080755102797));
#14336 = ( GEOMETRIC_REPRESENTATION_CONTEXT(2) 
PARAMETRIC_REPRESENTATION_CONTEXT() REPRESENTATION_CONTEXT('2D SPACE',''
  ) );
#14337 = PCURVE('',#9780,#14338);
#14338 = DEFINITIONAL_REPRESENTATION('',(#14339),#14347);
#14339 = B_SPLINE_CURVE_WITH_KNOTS('',6,(#14340,#14341,#14342,#14343,
    #14344,#14345,#14346),.UNSPECIFIED.,.F.,.F.,(7,7),(
    1.570092458684E-16,0.478577328328),.PIECEWISE_BEZIER_KNOTS.);
#14340 = CARTESIAN_POINT('',(2.356194490192,1.110223024625E-15));
#14341 = CARTESIAN_POINT('',(2.435957378247,1.022558448313E-15));
#14342 = CARTESIAN_POINT('',(2.515720057111,1.107008796806E-02));
#14343 = CARTESIAN_POINT('',(2.594570712743,3.321024912342E-02));
#14344 = CARTESIAN_POINT('',(2.671589509207,6.663182017622E-02));
#14345 = CARTESIAN_POINT('',(2.746058346186,0.111757263392));
#14346 = CARTESIAN_POINT('',(2.817484347206,0.169244897203));
#14347 = ( GEOMETRIC_REPRESENTATION_CONTEXT(2) 
PARAMETRIC_REPRESENTATION_CONTEXT() REPRESENTATION_CONTEXT('2D SPACE',''
  ) );
#14348 = ORIENTED_EDGE('',*,*,#14349,.F.);
#14349 = EDGE_CURVE('',#9065,#14322,#14350,.T.);
#14350 = SURFACE_CURVE('',#14351,(#14355,#14362),.PCURVE_S1.);
#14351 = LINE('',#14352,#14353);
#14352 = CARTESIAN_POINT('',(8.8,-18.9,-32.14939033455));
#14353 = VECTOR('',#14354,1.);
#14354 = DIRECTION('',(0.,-1.,0.));
#14355 = PCURVE('',#9079,#14356);
#14356 = DEFINITIONAL_REPRESENTATION('',(#14357),#14361);
#14357 = LINE('',#14358,#14359);
#14358 = CARTESIAN_POINT('',(0.849390334559,0.));
#14359 = VECTOR('',#14360,1.);
#14360 = DIRECTION('',(0.,1.));
#14361 = ( GEOMETRIC_REPRESENTATION_CONTEXT(2) 
PARAMETRIC_REPRESENTATION_CONTEXT() REPRESENTATION_CONTEXT('2D SPACE',''
  ) );
#14362 = PCURVE('',#9105,#14363);
#14363 = DEFINITIONAL_REPRESENTATION('',(#14364),#14367);
#14364 = B_SPLINE_CURVE_WITH_KNOTS('',1,(#14365,#14366),.UNSPECIFIED.,
  .F.,.F.,(2,2),(-5.,0.),.PIECEWISE_BEZIER_KNOTS.);
#14365 = CARTESIAN_POINT('',(0.600609665441,-5.));
#14366 = CARTESIAN_POINT('',(0.600609665441,0.));
#14367 = ( GEOMETRIC_REPRESENTATION_CONTEXT(2) 
PARAMETRIC_REPRESENTATION_CONTEXT() REPRESENTATION_CONTEXT('2D SPACE',''
  ) );
#14368 = ORIENTED_EDGE('',*,*,#9064,.F.);
#14369 = ADVANCED_FACE('',(#14370),#9188,.F.);
#14370 = FACE_BOUND('',#14371,.F.);
#14371 = EDGE_LOOP('',(#14372,#14373,#14374,#14402,#14430));
#14372 = ORIENTED_EDGE('',*,*,#9175,.F.);
#14373 = ORIENTED_EDGE('',*,*,#14268,.T.);
#14374 = ORIENTED_EDGE('',*,*,#14375,.T.);
#14375 = EDGE_CURVE('',#14241,#14376,#14378,.T.);
#14376 = VERTEX_POINT('',#14377);
#14377 = CARTESIAN_POINT('',(11.27530483272,-16.65,-31.72469516728));
#14378 = SURFACE_CURVE('',#14379,(#14384,#14391),.PCURVE_S1.);
#14379 = HYPERBOLA('',#14380,1.45,1.45);
#14380 = AXIS2_PLACEMENT_3D('',#14381,#14382,#14383);
#14381 = CARTESIAN_POINT('',(11.27530483272,-15.2,-31.72469516728));
#14382 = DIRECTION('',(0.707106781187,0.,0.707106781187));
#14383 = DIRECTION('',(-1.110223024625E-16,-1.,1.110223024625E-16));
#14384 = PCURVE('',#9188,#14385);
#14385 = DEFINITIONAL_REPRESENTATION('',(#14386),#14390);
#14386 = ( BOUNDED_CURVE() B_SPLINE_CURVE(2,(#14387,#14388,#14389),
.UNSPECIFIED.,.F.,.F.) B_SPLINE_CURVE_WITH_KNOTS((3,3),(-0.478577328328,
1.570092458684E-16),.PIECEWISE_BEZIER_KNOTS.) CURVE() 
GEOMETRIC_REPRESENTATION_ITEM() RATIONAL_B_SPLINE_CURVE((1.,
1.028766401755,1.)) REPRESENTATION_ITEM('') );
#14387 = CARTESIAN_POINT('',(0.729268401471,2.080755102797));
#14388 = CARTESIAN_POINT('',(1.109505561508,2.25));
#14389 = CARTESIAN_POINT('',(1.45,2.25));
#14390 = ( GEOMETRIC_REPRESENTATION_CONTEXT(2) 
PARAMETRIC_REPRESENTATION_CONTEXT() REPRESENTATION_CONTEXT('2D SPACE',''
  ) );
#14391 = PCURVE('',#9780,#14392);
#14392 = DEFINITIONAL_REPRESENTATION('',(#14393),#14401);
#14393 = B_SPLINE_CURVE_WITH_KNOTS('',6,(#14394,#14395,#14396,#14397,
    #14398,#14399,#14400),.UNSPECIFIED.,.F.,.F.,(7,7),(-0.478577328328,
    1.570092458684E-16),.PIECEWISE_BEZIER_KNOTS.);
#14394 = CARTESIAN_POINT('',(1.246688020411,0.169244897203));
#14395 = CARTESIAN_POINT('',(1.175262019391,0.111757263392));
#14396 = CARTESIAN_POINT('',(1.100793182412,6.663182017623E-02));
#14397 = CARTESIAN_POINT('',(1.023774385948,3.321024912343E-02));
#14398 = CARTESIAN_POINT('',(0.944923730317,1.107008796805E-02));
#14399 = CARTESIAN_POINT('',(0.865161051452,1.210411111839E-15));
#14400 = CARTESIAN_POINT('',(0.785398163397,1.110223024625E-15));
#14401 = ( GEOMETRIC_REPRESENTATION_CONTEXT(2) 
PARAMETRIC_REPRESENTATION_CONTEXT() REPRESENTATION_CONTEXT('2D SPACE',''
  ) );
#14402 = ORIENTED_EDGE('',*,*,#14403,.T.);
#14403 = EDGE_CURVE('',#14376,#14404,#14406,.T.);
#14404 = VERTEX_POINT('',#14405);
#14405 = CARTESIAN_POINT('',(11.7,-16.76946869042,-32.14939033455));
#14406 = SURFACE_CURVE('',#14407,(#14412,#14419),.PCURVE_S1.);
#14407 = HYPERBOLA('',#14408,1.45,1.45);
#14408 = AXIS2_PLACEMENT_3D('',#14409,#14410,#14411);
#14409 = CARTESIAN_POINT('',(11.27530483272,-15.2,-31.72469516728));
#14410 = DIRECTION('',(0.707106781187,0.,0.707106781187));
#14411 = DIRECTION('',(-1.110223024625E-16,-1.,1.110223024625E-16));
#14412 = PCURVE('',#9188,#14413);
#14413 = DEFINITIONAL_REPRESENTATION('',(#14414),#14418);
#14414 = ( BOUNDED_CURVE() B_SPLINE_CURVE(2,(#14415,#14416,#14417),
.UNSPECIFIED.,.F.,.F.) B_SPLINE_CURVE_WITH_KNOTS((3,3),(
1.570092458684E-16,0.478577328328),.PIECEWISE_BEZIER_KNOTS.) CURVE() 
GEOMETRIC_REPRESENTATION_ITEM() RATIONAL_B_SPLINE_CURVE((1.,
1.028766401755,1.)) REPRESENTATION_ITEM('') );
#14415 = CARTESIAN_POINT('',(1.45,2.25));
#14416 = CARTESIAN_POINT('',(1.790494438492,2.25));
#14417 = CARTESIAN_POINT('',(2.170731598529,2.080755102797));
#14418 = ( GEOMETRIC_REPRESENTATION_CONTEXT(2) 
PARAMETRIC_REPRESENTATION_CONTEXT() REPRESENTATION_CONTEXT('2D SPACE',''
  ) );
#14419 = PCURVE('',#9780,#14420);
#14420 = DEFINITIONAL_REPRESENTATION('',(#14421),#14429);
#14421 = B_SPLINE_CURVE_WITH_KNOTS('',6,(#14422,#14423,#14424,#14425,
    #14426,#14427,#14428),.UNSPECIFIED.,.F.,.F.,(7,7),(
    1.570092458684E-16,0.478577328328),.PIECEWISE_BEZIER_KNOTS.);
#14422 = CARTESIAN_POINT('',(0.785398163397,1.110223024625E-15));
#14423 = CARTESIAN_POINT('',(0.705635275343,1.010034937411E-15));
#14424 = CARTESIAN_POINT('',(0.625872596478,1.107008796806E-02));
#14425 = CARTESIAN_POINT('',(0.547021940847,3.321024912343E-02));
#14426 = CARTESIAN_POINT('',(0.470003144383,6.663182017622E-02));
#14427 = CARTESIAN_POINT('',(0.395534307404,0.111757263392));
#14428 = CARTESIAN_POINT('',(0.324108306384,0.169244897203));
#14429 = ( GEOMETRIC_REPRESENTATION_CONTEXT(2) 
PARAMETRIC_REPRESENTATION_CONTEXT() REPRESENTATION_CONTEXT('2D SPACE',''
  ) );
#14430 = ORIENTED_EDGE('',*,*,#14431,.T.);
#14431 = EDGE_CURVE('',#14404,#9150,#14432,.T.);
#14432 = SURFACE_CURVE('',#14433,(#14437,#14444),.PCURVE_S1.);
#14433 = LINE('',#14434,#14435);
#14434 = CARTESIAN_POINT('',(11.7,-18.9,-32.14939033455));
#14435 = VECTOR('',#14436,1.);
#14436 = DIRECTION('',(0.,1.,0.));
#14437 = PCURVE('',#9188,#14438);
#14438 = DEFINITIONAL_REPRESENTATION('',(#14439),#14443);
#14439 = LINE('',#14440,#14441);
#14440 = CARTESIAN_POINT('',(2.050609665441,0.));
#14441 = VECTOR('',#14442,1.);
#14442 = DIRECTION('',(0.,1.));
#14443 = ( GEOMETRIC_REPRESENTATION_CONTEXT(2) 
PARAMETRIC_REPRESENTATION_CONTEXT() REPRESENTATION_CONTEXT('2D SPACE',''
  ) );
#14444 = PCURVE('',#9164,#14445);
#14445 = DEFINITIONAL_REPRESENTATION('',(#14446),#14449);
#14446 = B_SPLINE_CURVE_WITH_KNOTS('',1,(#14447,#14448),.UNSPECIFIED.,
  .F.,.F.,(2,2),(0.,5.),.PIECEWISE_BEZIER_KNOTS.);
#14447 = CARTESIAN_POINT('',(0.600609665441,0.));
#14448 = CARTESIAN_POINT('',(0.600609665441,-5.));
#14449 = ( GEOMETRIC_REPRESENTATION_CONTEXT(2) 
PARAMETRIC_REPRESENTATION_CONTEXT() REPRESENTATION_CONTEXT('2D SPACE',''
  ) );
#14450 = ADVANCED_FACE('',(#14451),#9105,.T.);
#14451 = FACE_BOUND('',#14452,.T.);
#14452 = EDGE_LOOP('',(#14453,#14454,#14482,#14503));
#14453 = ORIENTED_EDGE('',*,*,#14349,.T.);
#14454 = ORIENTED_EDGE('',*,*,#14455,.T.);
#14455 = EDGE_CURVE('',#14322,#14456,#14458,.T.);
#14456 = VERTEX_POINT('',#14457);
#14457 = CARTESIAN_POINT('',(8.8,-16.65,-32.75));
#14458 = SURFACE_CURVE('',#14459,(#14464,#14471),.PCURVE_S1.);
#14459 = HYPERBOLA('',#14460,1.45,1.45);
#14460 = AXIS2_PLACEMENT_3D('',#14461,#14462,#14463);
#14461 = CARTESIAN_POINT('',(8.8,-15.2,-32.75));
#14462 = DIRECTION('',(1.,0.,0.));
#14463 = DIRECTION('',(0.,-1.,2.22044604925E-16));
#14464 = PCURVE('',#9105,#14465);
#14465 = DEFINITIONAL_REPRESENTATION('',(#14466),#14470);
#14466 = ( BOUNDED_CURVE() B_SPLINE_CURVE(2,(#14467,#14468,#14469),
.UNSPECIFIED.,.F.,.F.) B_SPLINE_CURVE_WITH_KNOTS((3,3),(-0.44118284331,
-3.249766165748E-08),.PIECEWISE_BEZIER_KNOTS.) CURVE() 
GEOMETRIC_REPRESENTATION_ITEM() RATIONAL_B_SPLINE_CURVE((1.,
1.024429104692,1.)) REPRESENTATION_ITEM('') );
#14467 = CARTESIAN_POINT('',(0.660670631985,-2.106580505966));
#14468 = CARTESIAN_POINT('',(0.314768467949,-2.249999989771));
#14469 = CARTESIAN_POINT('',(4.712160972531E-08,-2.25));
#14470 = ( GEOMETRIC_REPRESENTATION_CONTEXT(2) 
PARAMETRIC_REPRESENTATION_CONTEXT() REPRESENTATION_CONTEXT('2D SPACE',''
  ) );
#14471 = PCURVE('',#9780,#14472);
#14472 = DEFINITIONAL_REPRESENTATION('',(#14473),#14481);
#14473 = B_SPLINE_CURVE_WITH_KNOTS('',6,(#14474,#14475,#14476,#14477,
    #14478,#14479,#14480),.UNSPECIFIED.,.F.,.F.,(7,7),(-0.44118284331,
    -3.249766165748E-08),.PIECEWISE_BEZIER_KNOTS.);
#14474 = CARTESIAN_POINT('',(2.714062619125,0.143419494034));
#14475 = CARTESIAN_POINT('',(2.780974803694,9.484007296062E-02));
#14476 = CARTESIAN_POINT('',(2.850334872702,5.659887694831E-02));
#14477 = CARTESIAN_POINT('',(2.921716210395,2.822313554302E-02));
#14478 = CARTESIAN_POINT('',(2.994531816423,9.407717867396E-03));
#14479 = CARTESIAN_POINT('',(3.068062152623,3.464874033609E-09));
#14480 = CARTESIAN_POINT('',(3.141592621092,0.));
#14481 = ( GEOMETRIC_REPRESENTATION_CONTEXT(2) 
PARAMETRIC_REPRESENTATION_CONTEXT() REPRESENTATION_CONTEXT('2D SPACE',''
  ) );
#14482 = ORIENTED_EDGE('',*,*,#14483,.T.);
#14483 = EDGE_CURVE('',#14456,#9091,#14484,.T.);
#14484 = SURFACE_CURVE('',#14485,(#14489,#14496),.PCURVE_S1.);
#14485 = LINE('',#14486,#14487);
#14486 = CARTESIAN_POINT('',(8.8,-18.9,-32.75));
#14487 = VECTOR('',#14488,1.);
#14488 = DIRECTION('',(0.,1.,0.));
#14489 = PCURVE('',#9105,#14490);
#14490 = DEFINITIONAL_REPRESENTATION('',(#14491),#14495);
#14491 = LINE('',#14492,#14493);
#14492 = CARTESIAN_POINT('',(0.,0.));
#14493 = VECTOR('',#14494,1.);
#14494 = DIRECTION('',(0.,-1.));
#14495 = ( GEOMETRIC_REPRESENTATION_CONTEXT(2) 
PARAMETRIC_REPRESENTATION_CONTEXT() REPRESENTATION_CONTEXT('2D SPACE',''
  ) );
#14496 = PCURVE('',#9137,#14497);
#14497 = DEFINITIONAL_REPRESENTATION('',(#14498),#14502);
#14498 = LINE('',#14499,#14500);
#14499 = CARTESIAN_POINT('',(3.14159265359,5.));
#14500 = VECTOR('',#14501,1.);
#14501 = DIRECTION('',(0.,-1.));
#14502 = ( GEOMETRIC_REPRESENTATION_CONTEXT(2) 
PARAMETRIC_REPRESENTATION_CONTEXT() REPRESENTATION_CONTEXT('2D SPACE',''
  ) );
#14503 = ORIENTED_EDGE('',*,*,#9090,.F.);
#14504 = ADVANCED_FACE('',(#14505),#9164,.F.);
#14505 = FACE_BOUND('',#14506,.F.);
#14506 = EDGE_LOOP('',(#14507,#14508,#14536,#14557));
#14507 = ORIENTED_EDGE('',*,*,#14431,.F.);
#14508 = ORIENTED_EDGE('',*,*,#14509,.T.);
#14509 = EDGE_CURVE('',#14404,#14510,#14512,.T.);
#14510 = VERTEX_POINT('',#14511);
#14511 = CARTESIAN_POINT('',(11.7,-16.65,-32.75));
#14512 = SURFACE_CURVE('',#14513,(#14518,#14525),.PCURVE_S1.);
#14513 = HYPERBOLA('',#14514,1.45,1.45);
#14514 = AXIS2_PLACEMENT_3D('',#14515,#14516,#14517);
#14515 = CARTESIAN_POINT('',(11.7,-15.2,-32.75));
#14516 = DIRECTION('',(1.,0.,0.));
#14517 = DIRECTION('',(0.,-1.,2.22044604925E-16));
#14518 = PCURVE('',#9164,#14519);
#14519 = DEFINITIONAL_REPRESENTATION('',(#14520),#14524);
#14520 = ( BOUNDED_CURVE() B_SPLINE_CURVE(2,(#14521,#14522,#14523),
.UNSPECIFIED.,.F.,.F.) B_SPLINE_CURVE_WITH_KNOTS((3,3),(-0.44118284331,
2.22044604925E-16),.PIECEWISE_BEZIER_KNOTS.) CURVE() 
GEOMETRIC_REPRESENTATION_ITEM() RATIONAL_B_SPLINE_CURVE((1.,
1.024429108305,1.)) REPRESENTATION_ITEM('') );
#14521 = CARTESIAN_POINT('',(0.660670631985,-2.106580505966));
#14522 = CARTESIAN_POINT('',(0.314768443278,-2.25));
#14523 = CARTESIAN_POINT('',(4.437342591868E-31,-2.25));
#14524 = ( GEOMETRIC_REPRESENTATION_CONTEXT(2) 
PARAMETRIC_REPRESENTATION_CONTEXT() REPRESENTATION_CONTEXT('2D SPACE',''
  ) );
#14525 = PCURVE('',#9780,#14526);
#14526 = DEFINITIONAL_REPRESENTATION('',(#14527),#14535);
#14527 = B_SPLINE_CURVE_WITH_KNOTS('',6,(#14528,#14529,#14530,#14531,
    #14532,#14533,#14534),.UNSPECIFIED.,.F.,.F.,(7,7),(-0.44118284331,
    2.22044604925E-16),.PIECEWISE_BEZIER_KNOTS.);
#14528 = CARTESIAN_POINT('',(0.427530034465,0.143419494034));
#14529 = CARTESIAN_POINT('',(0.360617844968,9.484006938225E-02));
#14530 = CARTESIAN_POINT('',(0.29125777067,5.659887131459E-02));
#14531 = CARTESIAN_POINT('',(0.219876427421,2.822312927254E-02));
#14532 = CARTESIAN_POINT('',(0.147060815713,9.407712323586E-03));
#14533 = CARTESIAN_POINT('',(7.353047388498E-02,2.319631244071E-15));
#14534 = CARTESIAN_POINT('',(0.,2.331468351713E-15));
#14535 = ( GEOMETRIC_REPRESENTATION_CONTEXT(2) 
PARAMETRIC_REPRESENTATION_CONTEXT() REPRESENTATION_CONTEXT('2D SPACE',''
  ) );
#14536 = ORIENTED_EDGE('',*,*,#14537,.F.);
#14537 = EDGE_CURVE('',#9117,#14510,#14538,.T.);
#14538 = SURFACE_CURVE('',#14539,(#14543,#14550),.PCURVE_S1.);
#14539 = LINE('',#14540,#14541);
#14540 = CARTESIAN_POINT('',(11.7,-13.9,-32.75));
#14541 = VECTOR('',#14542,1.);
#14542 = DIRECTION('',(0.,-1.,2.22044604925E-16));
#14543 = PCURVE('',#9164,#14544);
#14544 = DEFINITIONAL_REPRESENTATION('',(#14545),#14549);
#14545 = LINE('',#14546,#14547);
#14546 = CARTESIAN_POINT('',(-9.102590840653E-16,-5.));
#14547 = VECTOR('',#14548,1.);
#14548 = DIRECTION('',(2.22044604925E-16,1.));
#14549 = ( GEOMETRIC_REPRESENTATION_CONTEXT(2) 
PARAMETRIC_REPRESENTATION_CONTEXT() REPRESENTATION_CONTEXT('2D SPACE',''
  ) );
#14550 = PCURVE('',#9137,#14551);
#14551 = DEFINITIONAL_REPRESENTATION('',(#14552),#14556);
#14552 = LINE('',#14553,#14554);
#14553 = CARTESIAN_POINT('',(6.28318530718,-0.));
#14554 = VECTOR('',#14555,1.);
#14555 = DIRECTION('',(0.,1.));
#14556 = ( GEOMETRIC_REPRESENTATION_CONTEXT(2) 
PARAMETRIC_REPRESENTATION_CONTEXT() REPRESENTATION_CONTEXT('2D SPACE',''
  ) );
#14557 = ORIENTED_EDGE('',*,*,#9149,.F.);
#14558 = ADVANCED_FACE('',(#14559),#9137,.F.);
#14559 = FACE_BOUND('',#14560,.F.);
#14560 = EDGE_LOOP('',(#14561,#14562,#14563,#14585));
#14561 = ORIENTED_EDGE('',*,*,#9116,.T.);
#14562 = ORIENTED_EDGE('',*,*,#14537,.T.);
#14563 = ORIENTED_EDGE('',*,*,#14564,.F.);
#14564 = EDGE_CURVE('',#14456,#14510,#14565,.T.);
#14565 = SURFACE_CURVE('',#14566,(#14571,#14578),.PCURVE_S1.);
#14566 = CIRCLE('',#14567,1.45);
#14567 = AXIS2_PLACEMENT_3D('',#14568,#14569,#14570);
#14568 = CARTESIAN_POINT('',(10.25,-16.65,-32.75));
#14569 = DIRECTION('',(0.,-1.,2.22044604925E-16));
#14570 = DIRECTION('',(1.,0.,0.));
#14571 = PCURVE('',#9137,#14572);
#14572 = DEFINITIONAL_REPRESENTATION('',(#14573),#14577);
#14573 = LINE('',#14574,#14575);
#14574 = CARTESIAN_POINT('',(0.,2.75));
#14575 = VECTOR('',#14576,1.);
#14576 = DIRECTION('',(1.,0.));
#14577 = ( GEOMETRIC_REPRESENTATION_CONTEXT(2) 
PARAMETRIC_REPRESENTATION_CONTEXT() REPRESENTATION_CONTEXT('2D SPACE',''
  ) );
#14578 = PCURVE('',#9780,#14579);
#14579 = DEFINITIONAL_REPRESENTATION('',(#14580),#14584);
#14580 = LINE('',#14581,#14582);
#14581 = CARTESIAN_POINT('',(0.,0.));
#14582 = VECTOR('',#14583,1.);
#14583 = DIRECTION('',(1.,0.));
#14584 = ( GEOMETRIC_REPRESENTATION_CONTEXT(2) 
PARAMETRIC_REPRESENTATION_CONTEXT() REPRESENTATION_CONTEXT('2D SPACE',''
  ) );
#14585 = ORIENTED_EDGE('',*,*,#14483,.T.);
#14586 = ADVANCED_FACE('',(#14587),#9512,.F.);
#14587 = FACE_BOUND('',#14588,.F.);
#14588 = EDGE_LOOP('',(#14589,#14610,#14629,#14630,#14631));
#14589 = ORIENTED_EDGE('',*,*,#14590,.T.);
#14590 = EDGE_CURVE('',#10037,#14591,#14593,.T.);
#14591 = VERTEX_POINT('',#14592);
#14592 = CARTESIAN_POINT('',(11.1,-16.95,-16.));
#14593 = SURFACE_CURVE('',#14594,(#14598,#14604),.PCURVE_S1.);
#14594 = LINE('',#14595,#14596);
#14595 = CARTESIAN_POINT('',(-13.13,-16.95,-16.));
#14596 = VECTOR('',#14597,1.);
#14597 = DIRECTION('',(1.,0.,0.));
#14598 = PCURVE('',#9512,#14599);
#14599 = DEFINITIONAL_REPRESENTATION('',(#14600),#14603);
#14600 = B_SPLINE_CURVE_WITH_KNOTS('',1,(#14601,#14602),.UNSPECIFIED.,
  .F.,.F.,(2,2),(2.03,24.23),.PIECEWISE_BEZIER_KNOTS.);
#14601 = CARTESIAN_POINT('',(36.7,-4.06));
#14602 = CARTESIAN_POINT('',(36.7,-26.26));
#14603 = ( GEOMETRIC_REPRESENTATION_CONTEXT(2) 
PARAMETRIC_REPRESENTATION_CONTEXT() REPRESENTATION_CONTEXT('2D SPACE',''
  ) );
#14604 = PCURVE('',#10072,#14605);
#14605 = DEFINITIONAL_REPRESENTATION('',(#14606),#14609);
#14606 = B_SPLINE_CURVE_WITH_KNOTS('',1,(#14607,#14608),.UNSPECIFIED.,
  .F.,.F.,(2,2),(2.03,24.23),.PIECEWISE_BEZIER_KNOTS.);
#14607 = CARTESIAN_POINT('',(13.91,0.));
#14608 = CARTESIAN_POINT('',(13.91,22.2));
#14609 = ( GEOMETRIC_REPRESENTATION_CONTEXT(2) 
PARAMETRIC_REPRESENTATION_CONTEXT() REPRESENTATION_CONTEXT('2D SPACE',''
  ) );
#14610 = ORIENTED_EDGE('',*,*,#14611,.T.);
#14611 = EDGE_CURVE('',#14591,#9576,#14612,.T.);
#14612 = SURFACE_CURVE('',#14613,(#14617,#14623),.PCURVE_S1.);
#14613 = LINE('',#14614,#14615);
#14614 = CARTESIAN_POINT('',(12.375737704918,-15.8868852459,-16.));
#14615 = VECTOR('',#14616,1.);
#14616 = DIRECTION('',(0.768221279597,0.640184399664,0.));
#14617 = PCURVE('',#9512,#14618);
#14618 = DEFINITIONAL_REPRESENTATION('',(#14619),#14622);
#14619 = B_SPLINE_CURVE_WITH_KNOTS('',1,(#14620,#14621),.UNSPECIFIED.,
  .F.,.F.,(2,2),(-1.66063833273,1.072949053838),
  .PIECEWISE_BEZIER_KNOTS.);
#14620 = CARTESIAN_POINT('',(36.7,-26.26));
#14621 = CARTESIAN_POINT('',(34.95,-28.36));
#14622 = ( GEOMETRIC_REPRESENTATION_CONTEXT(2) 
PARAMETRIC_REPRESENTATION_CONTEXT() REPRESENTATION_CONTEXT('2D SPACE',''
  ) );
#14623 = PCURVE('',#9677,#14624);
#14624 = DEFINITIONAL_REPRESENTATION('',(#14625),#14628);
#14625 = B_SPLINE_CURVE_WITH_KNOTS('',1,(#14626,#14627),.UNSPECIFIED.,
  .F.,.F.,(2,2),(-1.66063833273,1.072949053838),
  .PIECEWISE_BEZIER_KNOTS.);
#14626 = CARTESIAN_POINT('',(0.,-14.51));
#14627 = CARTESIAN_POINT('',(2.733587386567,-14.51));
#14628 = ( GEOMETRIC_REPRESENTATION_CONTEXT(2) 
PARAMETRIC_REPRESENTATION_CONTEXT() REPRESENTATION_CONTEXT('2D SPACE',''
  ) );
#14629 = ORIENTED_EDGE('',*,*,#9575,.F.);
#14630 = ORIENTED_EDGE('',*,*,#9498,.F.);
#14631 = ORIENTED_EDGE('',*,*,#10036,.T.);
#14632 = ADVANCED_FACE('',(#14633),#9466,.F.);
#14633 = FACE_BOUND('',#14634,.F.);
#14634 = EDGE_LOOP('',(#14635,#14658,#14659,#14660));
#14635 = ORIENTED_EDGE('',*,*,#14636,.F.);
#14636 = EDGE_CURVE('',#9996,#14637,#14639,.T.);
#14637 = VERTEX_POINT('',#14638);
#14638 = CARTESIAN_POINT('',(-8.965937956643,-17.85,-29.65));
#14639 = SURFACE_CURVE('',#14640,(#14644,#14651),.PCURVE_S1.);
#14640 = LINE('',#14641,#14642);
#14641 = CARTESIAN_POINT('',(-11.53406204335,-17.85,-29.65));
#14642 = VECTOR('',#14643,1.);
#14643 = DIRECTION('',(1.,0.,-1.729235795683E-16));
#14644 = PCURVE('',#9466,#14645);
#14645 = DEFINITIONAL_REPRESENTATION('',(#14646),#14650);
#14646 = LINE('',#14647,#14648);
#14647 = CARTESIAN_POINT('',(1.815937956643,3.55));
#14648 = VECTOR('',#14649,1.);
#14649 = DIRECTION('',(1.,0.));
#14650 = ( GEOMETRIC_REPRESENTATION_CONTEXT(2) 
PARAMETRIC_REPRESENTATION_CONTEXT() REPRESENTATION_CONTEXT('2D SPACE',''
  ) );
#14651 = PCURVE('',#9814,#14652);
#14652 = DEFINITIONAL_REPRESENTATION('',(#14653),#14657);
#14653 = LINE('',#14654,#14655);
#14654 = CARTESIAN_POINT('',(-1.284062043357,3.1));
#14655 = VECTOR('',#14656,1.);
#14656 = DIRECTION('',(1.,-1.729235795683E-16));
#14657 = ( GEOMETRIC_REPRESENTATION_CONTEXT(2) 
PARAMETRIC_REPRESENTATION_CONTEXT() REPRESENTATION_CONTEXT('2D SPACE',''
  ) );
#14658 = ORIENTED_EDGE('',*,*,#10016,.F.);
#14659 = ORIENTED_EDGE('',*,*,#9451,.T.);
#14660 = ORIENTED_EDGE('',*,*,#14661,.F.);
#14661 = EDGE_CURVE('',#14637,#9426,#14662,.T.);
#14662 = SURFACE_CURVE('',#14663,(#14667,#14674),.PCURVE_S1.);
#14663 = LINE('',#14664,#14665);
#14664 = CARTESIAN_POINT('',(-8.965937956643,-21.4,-29.65));
#14665 = VECTOR('',#14666,1.);
#14666 = DIRECTION('',(0.,-1.,0.));
#14667 = PCURVE('',#9466,#14668);
#14668 = DEFINITIONAL_REPRESENTATION('',(#14669),#14673);
#14669 = LINE('',#14670,#14671);
#14670 = CARTESIAN_POINT('',(4.384062043357,0.));
#14671 = VECTOR('',#14672,1.);
#14672 = DIRECTION('',(0.,-1.));
#14673 = ( GEOMETRIC_REPRESENTATION_CONTEXT(2) 
PARAMETRIC_REPRESENTATION_CONTEXT() REPRESENTATION_CONTEXT('2D SPACE',''
  ) );
#14674 = PCURVE('',#9440,#14675);
#14675 = DEFINITIONAL_REPRESENTATION('',(#14676),#14680);
#14676 = LINE('',#14677,#14678);
#14677 = CARTESIAN_POINT('',(1.815937956643,0.));
#14678 = VECTOR('',#14679,1.);
#14679 = DIRECTION('',(0.,-1.));
#14680 = ( GEOMETRIC_REPRESENTATION_CONTEXT(2) 
PARAMETRIC_REPRESENTATION_CONTEXT() REPRESENTATION_CONTEXT('2D SPACE',''
  ) );
#14681 = ADVANCED_FACE('',(#14682),#9440,.F.);
#14682 = FACE_BOUND('',#14683,.F.);
#14683 = EDGE_LOOP('',(#14684,#14707,#14708,#14709));
#14684 = ORIENTED_EDGE('',*,*,#14685,.F.);
#14685 = EDGE_CURVE('',#14637,#14686,#14688,.T.);
#14686 = VERTEX_POINT('',#14687);
#14687 = CARTESIAN_POINT('',(-7.15,-17.85,-31.46593795664));
#14688 = SURFACE_CURVE('',#14689,(#14693,#14700),.PCURVE_S1.);
#14689 = LINE('',#14690,#14691);
#14690 = CARTESIAN_POINT('',(-8.965937956643,-17.85,-29.65));
#14691 = VECTOR('',#14692,1.);
#14692 = DIRECTION('',(0.707106781187,0.,-0.707106781187));
#14693 = PCURVE('',#9440,#14694);
#14694 = DEFINITIONAL_REPRESENTATION('',(#14695),#14699);
#14695 = LINE('',#14696,#14697);
#14696 = CARTESIAN_POINT('',(1.815937956643,3.55));
#14697 = VECTOR('',#14698,1.);
#14698 = DIRECTION('',(1.,0.));
#14699 = ( GEOMETRIC_REPRESENTATION_CONTEXT(2) 
PARAMETRIC_REPRESENTATION_CONTEXT() REPRESENTATION_CONTEXT('2D SPACE',''
  ) );
#14700 = PCURVE('',#9814,#14701);
#14701 = DEFINITIONAL_REPRESENTATION('',(#14702),#14706);
#14702 = LINE('',#14703,#14704);
#14703 = CARTESIAN_POINT('',(1.284062043357,3.1));
#14704 = VECTOR('',#14705,1.);
#14705 = DIRECTION('',(0.707106781187,-0.707106781187));
#14706 = ( GEOMETRIC_REPRESENTATION_CONTEXT(2) 
PARAMETRIC_REPRESENTATION_CONTEXT() REPRESENTATION_CONTEXT('2D SPACE',''
  ) );
#14707 = ORIENTED_EDGE('',*,*,#14661,.T.);
#14708 = ORIENTED_EDGE('',*,*,#9425,.T.);
#14709 = ORIENTED_EDGE('',*,*,#14710,.T.);
#14710 = EDGE_CURVE('',#9400,#14686,#14711,.T.);
#14711 = SURFACE_CURVE('',#14712,(#14716,#14723),.PCURVE_S1.);
#14712 = LINE('',#14713,#14714);
#14713 = CARTESIAN_POINT('',(-7.15,-21.4,-31.46593795664));
#14714 = VECTOR('',#14715,1.);
#14715 = DIRECTION('',(0.,1.,0.));
#14716 = PCURVE('',#9440,#14717);
#14717 = DEFINITIONAL_REPRESENTATION('',(#14718),#14722);
#14718 = LINE('',#14719,#14720);
#14719 = CARTESIAN_POINT('',(4.384062043357,0.));
#14720 = VECTOR('',#14721,1.);
#14721 = DIRECTION('',(0.,1.));
#14722 = ( GEOMETRIC_REPRESENTATION_CONTEXT(2) 
PARAMETRIC_REPRESENTATION_CONTEXT() REPRESENTATION_CONTEXT('2D SPACE',''
  ) );
#14723 = PCURVE('',#9414,#14724);
#14724 = DEFINITIONAL_REPRESENTATION('',(#14725),#14728);
#14725 = B_SPLINE_CURVE_WITH_KNOTS('',1,(#14726,#14727),.UNSPECIFIED.,
  .F.,.F.,(2,2),(0.,3.55),.PIECEWISE_BEZIER_KNOTS.);
#14726 = CARTESIAN_POINT('',(1.284062043357,0.));
#14727 = CARTESIAN_POINT('',(1.284062043357,-3.55));
#14728 = ( GEOMETRIC_REPRESENTATION_CONTEXT(2) 
PARAMETRIC_REPRESENTATION_CONTEXT() REPRESENTATION_CONTEXT('2D SPACE',''
  ) );
#14729 = ADVANCED_FACE('',(#14730),#9414,.F.);
#14730 = FACE_BOUND('',#14731,.F.);
#14731 = EDGE_LOOP('',(#14732,#14733,#14734,#14755));
#14732 = ORIENTED_EDGE('',*,*,#9399,.T.);
#14733 = ORIENTED_EDGE('',*,*,#9826,.F.);
#14734 = ORIENTED_EDGE('',*,*,#14735,.T.);
#14735 = EDGE_CURVE('',#9798,#14686,#14736,.T.);
#14736 = SURFACE_CURVE('',#14737,(#14741,#14748),.PCURVE_S1.);
#14737 = LINE('',#14738,#14739);
#14738 = CARTESIAN_POINT('',(-7.15,-17.85,-32.75));
#14739 = VECTOR('',#14740,1.);
#14740 = DIRECTION('',(0.,0.,1.));
#14741 = PCURVE('',#9414,#14742);
#14742 = DEFINITIONAL_REPRESENTATION('',(#14743),#14747);
#14743 = LINE('',#14744,#14745);
#14744 = CARTESIAN_POINT('',(0.,-3.55));
#14745 = VECTOR('',#14746,1.);
#14746 = DIRECTION('',(1.,0.));
#14747 = ( GEOMETRIC_REPRESENTATION_CONTEXT(2) 
PARAMETRIC_REPRESENTATION_CONTEXT() REPRESENTATION_CONTEXT('2D SPACE',''
  ) );
#14748 = PCURVE('',#9814,#14749);
#14749 = DEFINITIONAL_REPRESENTATION('',(#14750),#14754);
#14750 = LINE('',#14751,#14752);
#14751 = CARTESIAN_POINT('',(3.1,3.941291737419E-16));
#14752 = VECTOR('',#14753,1.);
#14753 = DIRECTION('',(0.,1.));
#14754 = ( GEOMETRIC_REPRESENTATION_CONTEXT(2) 
PARAMETRIC_REPRESENTATION_CONTEXT() REPRESENTATION_CONTEXT('2D SPACE',''
  ) );
#14755 = ORIENTED_EDGE('',*,*,#14710,.F.);
#14756 = ADVANCED_FACE('',(#14757),#9339,.T.);
#14757 = FACE_BOUND('',#14758,.T.);
#14758 = EDGE_LOOP('',(#14759,#14760,#14761,#14762));
#14759 = ORIENTED_EDGE('',*,*,#9324,.T.);
#14760 = ORIENTED_EDGE('',*,*,#9552,.F.);
#14761 = ORIENTED_EDGE('',*,*,#9740,.T.);
#14762 = ORIENTED_EDGE('',*,*,#14763,.T.);
#14763 = EDGE_CURVE('',#9718,#9299,#14764,.T.);
#14764 = SURFACE_CURVE('',#14765,(#14769,#14776),.PCURVE_S1.);
#14765 = LINE('',#14766,#14767);
#14766 = CARTESIAN_POINT('',(8.965937956643,-21.4,-29.65));
#14767 = VECTOR('',#14768,1.);
#14768 = DIRECTION('',(0.,-1.,0.));
#14769 = PCURVE('',#9339,#14770);
#14770 = DEFINITIONAL_REPRESENTATION('',(#14771),#14775);
#14771 = LINE('',#14772,#14773);
#14772 = CARTESIAN_POINT('',(4.384062043357,0.));
#14773 = VECTOR('',#14774,1.);
#14774 = DIRECTION('',(0.,1.));
#14775 = ( GEOMETRIC_REPRESENTATION_CONTEXT(2) 
PARAMETRIC_REPRESENTATION_CONTEXT() REPRESENTATION_CONTEXT('2D SPACE',''
  ) );
#14776 = PCURVE('',#9313,#14777);
#14777 = DEFINITIONAL_REPRESENTATION('',(#14778),#14782);
#14778 = LINE('',#14779,#14780);
#14779 = CARTESIAN_POINT('',(1.815937956643,0.));
#14780 = VECTOR('',#14781,1.);
#14781 = DIRECTION('',(0.,-1.));
#14782 = ( GEOMETRIC_REPRESENTATION_CONTEXT(2) 
PARAMETRIC_REPRESENTATION_CONTEXT() REPRESENTATION_CONTEXT('2D SPACE',''
  ) );
#14783 = ADVANCED_FACE('',(#14784),#9313,.F.);
#14784 = FACE_BOUND('',#14785,.F.);
#14785 = EDGE_LOOP('',(#14786,#14787,#14788,#14789));
#14786 = ORIENTED_EDGE('',*,*,#9717,.F.);
#14787 = ORIENTED_EDGE('',*,*,#14763,.T.);
#14788 = ORIENTED_EDGE('',*,*,#9298,.T.);
#14789 = ORIENTED_EDGE('',*,*,#14790,.F.);
#14790 = EDGE_CURVE('',#9695,#9273,#14791,.T.);
#14791 = SURFACE_CURVE('',#14792,(#14796,#14803),.PCURVE_S1.);
#14792 = LINE('',#14793,#14794);
#14793 = CARTESIAN_POINT('',(11.534062043357,-21.4,-29.65));
#14794 = VECTOR('',#14795,1.);
#14795 = DIRECTION('',(0.,-1.,0.));
#14796 = PCURVE('',#9313,#14797);
#14797 = DEFINITIONAL_REPRESENTATION('',(#14798),#14802);
#14798 = LINE('',#14799,#14800);
#14799 = CARTESIAN_POINT('',(4.384062043357,0.));
#14800 = VECTOR('',#14801,1.);
#14801 = DIRECTION('',(0.,-1.));
#14802 = ( GEOMETRIC_REPRESENTATION_CONTEXT(2) 
PARAMETRIC_REPRESENTATION_CONTEXT() REPRESENTATION_CONTEXT('2D SPACE',''
  ) );
#14803 = PCURVE('',#9287,#14804);
#14804 = DEFINITIONAL_REPRESENTATION('',(#14805),#14809);
#14805 = LINE('',#14806,#14807);
#14806 = CARTESIAN_POINT('',(1.815937956643,0.));
#14807 = VECTOR('',#14808,1.);
#14808 = DIRECTION('',(0.,-1.));
#14809 = ( GEOMETRIC_REPRESENTATION_CONTEXT(2) 
PARAMETRIC_REPRESENTATION_CONTEXT() REPRESENTATION_CONTEXT('2D SPACE',''
  ) );
#14810 = ADVANCED_FACE('',(#14811),#9287,.F.);
#14811 = FACE_BOUND('',#14812,.F.);
#14812 = EDGE_LOOP('',(#14813,#14814,#14815,#14816));
#14813 = ORIENTED_EDGE('',*,*,#9694,.F.);
#14814 = ORIENTED_EDGE('',*,*,#14790,.T.);
#14815 = ORIENTED_EDGE('',*,*,#9272,.T.);
#14816 = ORIENTED_EDGE('',*,*,#9599,.F.);
#14817 = ADVANCED_FACE('',(#14818),#9677,.T.);
#14818 = FACE_BOUND('',#14819,.T.);
#14819 = EDGE_LOOP('',(#14820,#14821,#14822,#14843,#14844));
#14820 = ORIENTED_EDGE('',*,*,#13734,.F.);
#14821 = ORIENTED_EDGE('',*,*,#13762,.T.);
#14822 = ORIENTED_EDGE('',*,*,#14823,.T.);
#14823 = EDGE_CURVE('',#13663,#14591,#14824,.T.);
#14824 = SURFACE_CURVE('',#14825,(#14829,#14836),.PCURVE_S1.);
#14825 = LINE('',#14826,#14827);
#14826 = CARTESIAN_POINT('',(11.1,-16.95,-29.91));
#14827 = VECTOR('',#14828,1.);
#14828 = DIRECTION('',(0.,0.,1.));
#14829 = PCURVE('',#9677,#14830);
#14830 = DEFINITIONAL_REPRESENTATION('',(#14831),#14835);
#14831 = LINE('',#14832,#14833);
#14832 = CARTESIAN_POINT('',(0.,-0.6));
#14833 = VECTOR('',#14834,1.);
#14834 = DIRECTION('',(0.,-1.));
#14835 = ( GEOMETRIC_REPRESENTATION_CONTEXT(2) 
PARAMETRIC_REPRESENTATION_CONTEXT() REPRESENTATION_CONTEXT('2D SPACE',''
  ) );
#14836 = PCURVE('',#10072,#14837);
#14837 = DEFINITIONAL_REPRESENTATION('',(#14838),#14842);
#14838 = LINE('',#14839,#14840);
#14839 = CARTESIAN_POINT('',(0.,22.2));
#14840 = VECTOR('',#14841,1.);
#14841 = DIRECTION('',(1.,0.));
#14842 = ( GEOMETRIC_REPRESENTATION_CONTEXT(2) 
PARAMETRIC_REPRESENTATION_CONTEXT() REPRESENTATION_CONTEXT('2D SPACE',''
  ) );
#14843 = ORIENTED_EDGE('',*,*,#14611,.T.);
#14844 = ORIENTED_EDGE('',*,*,#9664,.F.);
#14845 = ADVANCED_FACE('',(#14846),#9780,.F.);
#14846 = FACE_BOUND('',#14847,.F.);
#14847 = EDGE_LOOP('',(#14848,#14849,#14870,#14871,#14872,#14873,#14874,
    #14875,#14876,#14877,#14878,#14879));
#14848 = ORIENTED_EDGE('',*,*,#9763,.F.);
#14849 = ORIENTED_EDGE('',*,*,#14850,.F.);
#14850 = EDGE_CURVE('',#14510,#9764,#14851,.T.);
#14851 = SEAM_CURVE('',#14852,(#14856,#14863),.PCURVE_S1.);
#14852 = LINE('',#14853,#14854);
#14853 = CARTESIAN_POINT('',(11.7,-16.65,-32.75));
#14854 = VECTOR('',#14855,1.);
#14855 = DIRECTION('',(0.707106781187,-0.707106781187,
    -1.618196537872E-17));
#14856 = PCURVE('',#9780,#14857);
#14857 = DEFINITIONAL_REPRESENTATION('',(#14858),#14862);
#14858 = LINE('',#14859,#14860);
#14859 = CARTESIAN_POINT('',(6.28318530718,-0.));
#14860 = VECTOR('',#14861,1.);
#14861 = DIRECTION('',(0.,1.));
#14862 = ( GEOMETRIC_REPRESENTATION_CONTEXT(2) 
PARAMETRIC_REPRESENTATION_CONTEXT() REPRESENTATION_CONTEXT('2D SPACE',''
  ) );
#14863 = PCURVE('',#9780,#14864);
#14864 = DEFINITIONAL_REPRESENTATION('',(#14865),#14869);
#14865 = LINE('',#14866,#14867);
#14866 = CARTESIAN_POINT('',(0.,-0.));
#14867 = VECTOR('',#14868,1.);
#14868 = DIRECTION('',(0.,1.));
#14869 = ( GEOMETRIC_REPRESENTATION_CONTEXT(2) 
PARAMETRIC_REPRESENTATION_CONTEXT() REPRESENTATION_CONTEXT('2D SPACE',''
  ) );
#14870 = ORIENTED_EDGE('',*,*,#14509,.F.);
#14871 = ORIENTED_EDGE('',*,*,#14403,.F.);
#14872 = ORIENTED_EDGE('',*,*,#14375,.F.);
#14873 = ORIENTED_EDGE('',*,*,#14240,.F.);
#14874 = ORIENTED_EDGE('',*,*,#14212,.F.);
#14875 = ORIENTED_EDGE('',*,*,#14293,.T.);
#14876 = ORIENTED_EDGE('',*,*,#14321,.T.);
#14877 = ORIENTED_EDGE('',*,*,#14455,.T.);
#14878 = ORIENTED_EDGE('',*,*,#14564,.T.);
#14879 = ORIENTED_EDGE('',*,*,#14850,.T.);
#14880 = ADVANCED_FACE('',(#14881),#9814,.T.);
#14881 = FACE_BOUND('',#14882,.T.);
#14882 = EDGE_LOOP('',(#14883,#14884,#14885,#14886,#14887,#14888,#14889,
    #14913,#14935));
#14883 = ORIENTED_EDGE('',*,*,#9883,.F.);
#14884 = ORIENTED_EDGE('',*,*,#9795,.T.);
#14885 = ORIENTED_EDGE('',*,*,#14735,.T.);
#14886 = ORIENTED_EDGE('',*,*,#14685,.F.);
#14887 = ORIENTED_EDGE('',*,*,#14636,.F.);
#14888 = ORIENTED_EDGE('',*,*,#9995,.F.);
#14889 = ORIENTED_EDGE('',*,*,#14890,.F.);
#14890 = EDGE_CURVE('',#14891,#9954,#14893,.T.);
#14891 = VERTEX_POINT('',#14892);
#14892 = CARTESIAN_POINT('',(-7.6,-17.85,-32.75));
#14893 = SURFACE_CURVE('',#14894,(#14899,#14906),.PCURVE_S1.);
#14894 = CIRCLE('',#14895,2.65);
#14895 = AXIS2_PLACEMENT_3D('',#14896,#14897,#14898);
#14896 = CARTESIAN_POINT('',(-10.25,-17.85,-32.75));
#14897 = DIRECTION('',(0.,-1.,2.22044604925E-16));
#14898 = DIRECTION('',(1.,0.,0.));
#14899 = PCURVE('',#9814,#14900);
#14900 = DEFINITIONAL_REPRESENTATION('',(#14901),#14905);
#14901 = CIRCLE('',#14902,2.65);
#14902 = AXIS2_PLACEMENT_2D('',#14903,#14904);
#14903 = CARTESIAN_POINT('',(0.,0.));
#14904 = DIRECTION('',(1.,0.));
#14905 = ( GEOMETRIC_REPRESENTATION_CONTEXT(2) 
PARAMETRIC_REPRESENTATION_CONTEXT() REPRESENTATION_CONTEXT('2D SPACE',''
  ) );
#14906 = PCURVE('',#9970,#14907);
#14907 = DEFINITIONAL_REPRESENTATION('',(#14908),#14912);
#14908 = LINE('',#14909,#14910);
#14909 = CARTESIAN_POINT('',(0.,1.2));
#14910 = VECTOR('',#14911,1.);
#14911 = DIRECTION('',(1.,0.));
#14912 = ( GEOMETRIC_REPRESENTATION_CONTEXT(2) 
PARAMETRIC_REPRESENTATION_CONTEXT() REPRESENTATION_CONTEXT('2D SPACE',''
  ) );
#14913 = ORIENTED_EDGE('',*,*,#14914,.F.);
#14914 = EDGE_CURVE('',#9933,#14891,#14915,.T.);
#14915 = SURFACE_CURVE('',#14916,(#14921,#14928),.PCURVE_S1.);
#14916 = CIRCLE('',#14917,2.65);
#14917 = AXIS2_PLACEMENT_3D('',#14918,#14919,#14920);
#14918 = CARTESIAN_POINT('',(-10.25,-17.85,-32.75));
#14919 = DIRECTION('',(0.,-1.,2.22044604925E-16));
#14920 = DIRECTION('',(1.,0.,0.));
#14921 = PCURVE('',#9814,#14922);
#14922 = DEFINITIONAL_REPRESENTATION('',(#14923),#14927);
#14923 = CIRCLE('',#14924,2.65);
#14924 = AXIS2_PLACEMENT_2D('',#14925,#14926);
#14925 = CARTESIAN_POINT('',(0.,0.));
#14926 = DIRECTION('',(1.,0.));
#14927 = ( GEOMETRIC_REPRESENTATION_CONTEXT(2) 
PARAMETRIC_REPRESENTATION_CONTEXT() REPRESENTATION_CONTEXT('2D SPACE',''
  ) );
#14928 = PCURVE('',#9970,#14929);
#14929 = DEFINITIONAL_REPRESENTATION('',(#14930),#14934);
#14930 = LINE('',#14931,#14932);
#14931 = CARTESIAN_POINT('',(0.,1.2));
#14932 = VECTOR('',#14933,1.);
#14933 = DIRECTION('',(1.,0.));
#14934 = ( GEOMETRIC_REPRESENTATION_CONTEXT(2) 
PARAMETRIC_REPRESENTATION_CONTEXT() REPRESENTATION_CONTEXT('2D SPACE',''
  ) );
#14935 = ORIENTED_EDGE('',*,*,#9932,.F.);
#14936 = ADVANCED_FACE('',(#14937),#10072,.T.);
#14937 = FACE_BOUND('',#14938,.T.);
#14938 = EDGE_LOOP('',(#14939,#14940,#14941,#14942));
#14939 = ORIENTED_EDGE('',*,*,#13662,.F.);
#14940 = ORIENTED_EDGE('',*,*,#10057,.F.);
#14941 = ORIENTED_EDGE('',*,*,#14590,.T.);
#14942 = ORIENTED_EDGE('',*,*,#14823,.F.);
#14943 = ADVANCED_FACE('',(#14944),#9970,.F.);
#14944 = FACE_BOUND('',#14945,.F.);
#14945 = EDGE_LOOP('',(#14946,#14947,#14948,#14949,#14970,#14971,#14972,
    #14973,#14974,#14975,#14976,#14977,#14978,#14979));
#14946 = ORIENTED_EDGE('',*,*,#14914,.F.);
#14947 = ORIENTED_EDGE('',*,*,#9953,.T.);
#14948 = ORIENTED_EDGE('',*,*,#14890,.F.);
#14949 = ORIENTED_EDGE('',*,*,#14950,.F.);
#14950 = EDGE_CURVE('',#13973,#14891,#14951,.T.);
#14951 = SEAM_CURVE('',#14952,(#14956,#14963),.PCURVE_S1.);
#14952 = LINE('',#14953,#14954);
#14953 = CARTESIAN_POINT('',(-8.8,-16.65,-32.75));
#14954 = VECTOR('',#14955,1.);
#14955 = DIRECTION('',(0.707106781187,-0.707106781187,
    -1.618196537872E-17));
#14956 = PCURVE('',#9970,#14957);
#14957 = DEFINITIONAL_REPRESENTATION('',(#14958),#14962);
#14958 = LINE('',#14959,#14960);
#14959 = CARTESIAN_POINT('',(6.28318530718,-0.));
#14960 = VECTOR('',#14961,1.);
#14961 = DIRECTION('',(0.,1.));
#14962 = ( GEOMETRIC_REPRESENTATION_CONTEXT(2) 
PARAMETRIC_REPRESENTATION_CONTEXT() REPRESENTATION_CONTEXT('2D SPACE',''
  ) );
#14963 = PCURVE('',#9970,#14964);
#14964 = DEFINITIONAL_REPRESENTATION('',(#14965),#14969);
#14965 = LINE('',#14966,#14967);
#14966 = CARTESIAN_POINT('',(0.,-0.));
#14967 = VECTOR('',#14968,1.);
#14968 = DIRECTION('',(0.,1.));
#14969 = ( GEOMETRIC_REPRESENTATION_CONTEXT(2) 
PARAMETRIC_REPRESENTATION_CONTEXT() REPRESENTATION_CONTEXT('2D SPACE',''
  ) );
#14970 = ORIENTED_EDGE('',*,*,#13972,.F.);
#14971 = ORIENTED_EDGE('',*,*,#13920,.F.);
#14972 = ORIENTED_EDGE('',*,*,#13892,.F.);
#14973 = ORIENTED_EDGE('',*,*,#13838,.F.);
#14974 = ORIENTED_EDGE('',*,*,#13810,.F.);
#14975 = ORIENTED_EDGE('',*,*,#14129,.T.);
#14976 = ORIENTED_EDGE('',*,*,#14157,.T.);
#14977 = ORIENTED_EDGE('',*,*,#14097,.T.);
#14978 = ORIENTED_EDGE('',*,*,#14027,.T.);
#14979 = ORIENTED_EDGE('',*,*,#14950,.T.);
#14980 = ADVANCED_FACE('',(#14981),#11394,.F.);
#14981 = FACE_BOUND('',#14982,.F.);
#14982 = EDGE_LOOP('',(#14983,#14984,#14985,#14986,#14987));
#14983 = ORIENTED_EDGE('',*,*,#13048,.F.);
#14984 = ORIENTED_EDGE('',*,*,#12861,.F.);
#14985 = ORIENTED_EDGE('',*,*,#12783,.T.);
#14986 = ORIENTED_EDGE('',*,*,#11377,.T.);
#14987 = ORIENTED_EDGE('',*,*,#12592,.F.);
#14988 = ADVANCED_FACE('',(#14989),#12083,.T.);
#14989 = FACE_BOUND('',#14990,.T.);
#14990 = EDGE_LOOP('',(#14991,#14992,#14993,#14994));
#14991 = ORIENTED_EDGE('',*,*,#13101,.F.);
#14992 = ORIENTED_EDGE('',*,*,#13149,.T.);
#14993 = ORIENTED_EDGE('',*,*,#12062,.T.);
#14994 = ORIENTED_EDGE('',*,*,#13197,.T.);
#14995 = ( GEOMETRIC_REPRESENTATION_CONTEXT(3) 
GLOBAL_UNCERTAINTY_ASSIGNED_CONTEXT((#14999)) 
GLOBAL_UNIT_ASSIGNED_CONTEXT((#14996,#14997,#14998)) 
REPRESENTATION_CONTEXT('Context #1',
  '3D Context with UNIT and UNCERTAINTY') );
#14996 = ( LENGTH_UNIT() NAMED_UNIT(*) SI_UNIT(.MILLI.,.METRE.) );
#14997 = ( NAMED_UNIT(*) PLANE_ANGLE_UNIT() SI_UNIT($,.RADIAN.) );
#14998 = ( NAMED_UNIT(*) SI_UNIT($,.STERADIAN.) SOLID_ANGLE_UNIT() );
#14999 = UNCERTAINTY_MEASURE_WITH_UNIT(LENGTH_MEASURE(2.E-07),#14996,
  'distance_accuracy_value','confusion accuracy');
#15000 = PRODUCT_RELATED_PRODUCT_CATEGORY('part',$,(#7));
ENDSEC;
END-ISO-10303-21;
