ISO-10303-21;
HEADER;
FILE_DESCRIPTION(('Open CASCADE Model'),'2;1');
FILE_NAME('Open CASCADE Shape Model','2026-09-29T16:35:13',('Author'),(
    'Open CASCADE'),'Open CASCADE STEP processor 7.9','build123d',
  'Unknown');
FILE_SCHEMA(('AUTOMOTIVE_DESIGN { 1 0 10303 214 1 1 1 1 }'));
ENDSEC;
DATA;
#1 = APPLICATION_PROTOCOL_DEFINITION('international standard',
  'automotive_design',2000,#2);
#2 = APPLICATION_CONTEXT(
  'core data for automotive mechanical design processes');
#3 = SHAPE_DEFINITION_REPRESENTATION(#4,#10);
#4 = PRODUCT_DEFINITION_SHAPE('','',#5);
#5 = PRODUCT_DEFINITION('design','',#6,#9);
#6 = PRODUCT_DEFINITION_FORMATION('','',#7);
#7 = PRODUCT('COMPOUND','COMPOUND','',(#8));
#8 = PRODUCT_CONTEXT('',#2,'mechanical');
#9 = PRODUCT_DEFINITION_CONTEXT('part definition',#2,'design');
#10 = ADVANCED_BREP_SHAPE_REPRESENTATION('',(#11,#15),#7144);
#11 = AXIS2_PLACEMENT_3D('',#12,#13,#14);
#12 = CARTESIAN_POINT('',(0.,0.,0.));
#13 = DIRECTION('',(0.,0.,1.));
#14 = DIRECTION('',(1.,0.,-0.));
#15 = MANIFOLD_SOLID_BREP('',#16);
#16 = CLOSED_SHELL('',(#17,#528,#701,#775,#844,#871,#896,#1380,#1512,
    #2460,#2539,#2869,#3208,#3482,#3756,#4062,#4090,#4118,#4145,#4171,
    #4178,#4225,#4251,#4277,#4303,#4331,#4339,#4384,#4412,#4440,#4467,
    #4493,#4500,#4545,#4573,#4601,#4628,#4654,#4661,#4706,#4778,#4848,
    #4873,#4898,#4929,#4954,#5003,#5052,#5079,#5108,#5180,#5626,#5730,
    #5811,#5864,#5938,#6020,#6102,#6185,#6238,#6310,#6335,#6378,#6453,
    #6506,#6586,#6611,#6638,#6665,#6676,#6712,#6748,#6799,#6826,#6853,
    #6878,#6911,#6936,#6975,#7014,#7078,#7133,#7137));
#17 = ADVANCED_FACE('',(#18,#352,#387,#422),#32,.F.);
#18 = FACE_BOUND('',#19,.F.);
#19 = EDGE_LOOP('',(#20,#55,#83,#109,#138,#164,#192,#220,#246,#279,#300,
    #333));
#20 = ORIENTED_EDGE('',*,*,#21,.F.);
#21 = EDGE_CURVE('',#22,#24,#26,.T.);
#22 = VERTEX_POINT('',#23);
#23 = CARTESIAN_POINT('',(-19.95,-15.26,-44.));
#24 = VERTEX_POINT('',#25);
#25 = CARTESIAN_POINT('',(-19.95,-15.26,-9.));
#26 = SURFACE_CURVE('',#27,(#31,#43),.PCURVE_S1.);
#27 = LINE('',#28,#29);
#28 = CARTESIAN_POINT('',(-19.95,-15.26,-44.));
#29 = VECTOR('',#30,1.);
#30 = DIRECTION('',(-8.074349270001E-17,0.,1.));
#31 = PCURVE('',#32,#37);
#32 = PLANE('',#33);
#33 = AXIS2_PLACEMENT_3D('',#34,#35,#36);
#34 = CARTESIAN_POINT('',(-19.95,-15.26,-3.));
#35 = DIRECTION('',(1.,0.,-0.));
#36 = DIRECTION('',(0.,0.,1.));
#37 = DEFINITIONAL_REPRESENTATION('',(#38),#42);
#38 = LINE('',#39,#40);
#39 = CARTESIAN_POINT('',(-41.,0.));
#40 = VECTOR('',#41,1.);
#41 = DIRECTION('',(1.,0.));
#42 = ( GEOMETRIC_REPRESENTATION_CONTEXT(2) 
PARAMETRIC_REPRESENTATION_CONTEXT() REPRESENTATION_CONTEXT('2D SPACE',''
  ) );
#43 = PCURVE('',#44,#49);
#44 = PLANE('',#45);
#45 = AXIS2_PLACEMENT_3D('',#46,#47,#48);
#46 = CARTESIAN_POINT('',(-19.95,-15.26,-3.));
#47 = DIRECTION('',(-0.,1.,0.));
#48 = DIRECTION('',(0.,0.,1.));
#49 = DEFINITIONAL_REPRESENTATION('',(#50),#54);
#50 = LINE('',#51,#52);
#51 = CARTESIAN_POINT('',(-41.,3.552713678801E-15));
#52 = VECTOR('',#53,1.);
#53 = DIRECTION('',(1.,-8.074349270001E-17));
#54 = ( GEOMETRIC_REPRESENTATION_CONTEXT(2) 
PARAMETRIC_REPRESENTATION_CONTEXT() REPRESENTATION_CONTEXT('2D SPACE',''
  ) );
#55 = ORIENTED_EDGE('',*,*,#56,.T.);
#56 = EDGE_CURVE('',#22,#57,#59,.T.);
#57 = VERTEX_POINT('',#58);
#58 = CARTESIAN_POINT('',(-19.95,-10.3,-44.));
#59 = SURFACE_CURVE('',#60,(#64,#71),.PCURVE_S1.);
#60 = LINE('',#61,#62);
#61 = CARTESIAN_POINT('',(-19.95,-15.26,-44.));
#62 = VECTOR('',#63,1.);
#63 = DIRECTION('',(-0.,1.,0.));
#64 = PCURVE('',#32,#65);
#65 = DEFINITIONAL_REPRESENTATION('',(#66),#70);
#66 = LINE('',#67,#68);
#67 = CARTESIAN_POINT('',(-41.,0.));
#68 = VECTOR('',#69,1.);
#69 = DIRECTION('',(0.,-1.));
#70 = ( GEOMETRIC_REPRESENTATION_CONTEXT(2) 
PARAMETRIC_REPRESENTATION_CONTEXT() REPRESENTATION_CONTEXT('2D SPACE',''
  ) );
#71 = PCURVE('',#72,#77);
#72 = PLANE('',#73);
#73 = AXIS2_PLACEMENT_3D('',#74,#75,#76);
#74 = CARTESIAN_POINT('',(-19.95,-15.26,-44.));
#75 = DIRECTION('',(0.,0.,1.));
#76 = DIRECTION('',(1.,0.,-0.));
#77 = DEFINITIONAL_REPRESENTATION('',(#78),#82);
#78 = LINE('',#79,#80);
#79 = CARTESIAN_POINT('',(0.,0.));
#80 = VECTOR('',#81,1.);
#81 = DIRECTION('',(0.,1.));
#82 = ( GEOMETRIC_REPRESENTATION_CONTEXT(2) 
PARAMETRIC_REPRESENTATION_CONTEXT() REPRESENTATION_CONTEXT('2D SPACE',''
  ) );
#83 = ORIENTED_EDGE('',*,*,#84,.T.);
#84 = EDGE_CURVE('',#57,#85,#87,.T.);
#85 = VERTEX_POINT('',#86);
#86 = CARTESIAN_POINT('',(-19.95,-10.3,-40.11));
#87 = SURFACE_CURVE('',#88,(#92,#98),.PCURVE_S1.);
#88 = LINE('',#89,#90);
#89 = CARTESIAN_POINT('',(-19.95,-10.3,-24.));
#90 = VECTOR('',#91,1.);
#91 = DIRECTION('',(0.,0.,1.));
#92 = PCURVE('',#32,#93);
#93 = DEFINITIONAL_REPRESENTATION('',(#94),#97);
#94 = B_SPLINE_CURVE_WITH_KNOTS('',1,(#95,#96),.UNSPECIFIED.,.F.,.F.,(2,
    2),(-20.,-16.11),.PIECEWISE_BEZIER_KNOTS.);
#95 = CARTESIAN_POINT('',(-41.,-4.96));
#96 = CARTESIAN_POINT('',(-37.11,-4.96));
#97 = ( GEOMETRIC_REPRESENTATION_CONTEXT(2) 
PARAMETRIC_REPRESENTATION_CONTEXT() REPRESENTATION_CONTEXT('2D SPACE',''
  ) );
#98 = PCURVE('',#99,#104);
#99 = PLANE('',#100);
#100 = AXIS2_PLACEMENT_3D('',#101,#102,#103);
#101 = CARTESIAN_POINT('',(-21.,-10.3,-45.));
#102 = DIRECTION('',(-0.,1.,0.));
#103 = DIRECTION('',(0.,0.,1.));
#104 = DEFINITIONAL_REPRESENTATION('',(#105),#108);
#105 = B_SPLINE_CURVE_WITH_KNOTS('',1,(#106,#107),.UNSPECIFIED.,.F.,.F.,
  (2,2),(-20.,-16.11),.PIECEWISE_BEZIER_KNOTS.);
#106 = CARTESIAN_POINT('',(1.,1.05));
#107 = CARTESIAN_POINT('',(4.89,1.05));
#108 = ( GEOMETRIC_REPRESENTATION_CONTEXT(2) 
PARAMETRIC_REPRESENTATION_CONTEXT() REPRESENTATION_CONTEXT('2D SPACE',''
  ) );
#109 = ORIENTED_EDGE('',*,*,#110,.F.);
#110 = EDGE_CURVE('',#111,#85,#113,.T.);
#111 = VERTEX_POINT('',#112);
#112 = CARTESIAN_POINT('',(-19.95,10.3,-40.11));
#113 = SURFACE_CURVE('',#114,(#119,#126),.PCURVE_S1.);
#114 = CIRCLE('',#115,10.3);
#115 = AXIS2_PLACEMENT_3D('',#116,#117,#118);
#116 = CARTESIAN_POINT('',(-19.95,0.,-40.11));
#117 = DIRECTION('',(1.,0.,2.22044604925E-16));
#118 = DIRECTION('',(2.22044604925E-16,0.,-1.));
#119 = PCURVE('',#32,#120);
#120 = DEFINITIONAL_REPRESENTATION('',(#121),#125);
#121 = CIRCLE('',#122,10.3);
#122 = AXIS2_PLACEMENT_2D('',#123,#124);
#123 = CARTESIAN_POINT('',(-37.11,-15.26));
#124 = DIRECTION('',(-1.,0.));
#125 = ( GEOMETRIC_REPRESENTATION_CONTEXT(2) 
PARAMETRIC_REPRESENTATION_CONTEXT() REPRESENTATION_CONTEXT('2D SPACE',''
  ) );
#126 = PCURVE('',#127,#132);
#127 = CYLINDRICAL_SURFACE('',#128,10.3);
#128 = AXIS2_PLACEMENT_3D('',#129,#130,#131);
#129 = CARTESIAN_POINT('',(-21.,0.,-40.11));
#130 = DIRECTION('',(1.,0.,2.22044604925E-16));
#131 = DIRECTION('',(2.22044604925E-16,0.,-1.));
#132 = DEFINITIONAL_REPRESENTATION('',(#133),#137);
#133 = LINE('',#134,#135);
#134 = CARTESIAN_POINT('',(0.,1.05));
#135 = VECTOR('',#136,1.);
#136 = DIRECTION('',(1.,0.));
#137 = ( GEOMETRIC_REPRESENTATION_CONTEXT(2) 
PARAMETRIC_REPRESENTATION_CONTEXT() REPRESENTATION_CONTEXT('2D SPACE',''
  ) );
#138 = ORIENTED_EDGE('',*,*,#139,.F.);
#139 = EDGE_CURVE('',#140,#111,#142,.T.);
#140 = VERTEX_POINT('',#141);
#141 = CARTESIAN_POINT('',(-19.95,10.3,-44.));
#142 = SURFACE_CURVE('',#143,(#147,#153),.PCURVE_S1.);
#143 = LINE('',#144,#145);
#144 = CARTESIAN_POINT('',(-19.95,10.3,-24.));
#145 = VECTOR('',#146,1.);
#146 = DIRECTION('',(0.,0.,1.));
#147 = PCURVE('',#32,#148);
#148 = DEFINITIONAL_REPRESENTATION('',(#149),#152);
#149 = B_SPLINE_CURVE_WITH_KNOTS('',1,(#150,#151),.UNSPECIFIED.,.F.,.F.,
  (2,2),(-20.,-16.11),.PIECEWISE_BEZIER_KNOTS.);
#150 = CARTESIAN_POINT('',(-41.,-25.56));
#151 = CARTESIAN_POINT('',(-37.11,-25.56));
#152 = ( GEOMETRIC_REPRESENTATION_CONTEXT(2) 
PARAMETRIC_REPRESENTATION_CONTEXT() REPRESENTATION_CONTEXT('2D SPACE',''
  ) );
#153 = PCURVE('',#154,#159);
#154 = PLANE('',#155);
#155 = AXIS2_PLACEMENT_3D('',#156,#157,#158);
#156 = CARTESIAN_POINT('',(-21.,10.3,-45.));
#157 = DIRECTION('',(-0.,1.,0.));
#158 = DIRECTION('',(0.,0.,1.));
#159 = DEFINITIONAL_REPRESENTATION('',(#160),#163);
#160 = B_SPLINE_CURVE_WITH_KNOTS('',1,(#161,#162),.UNSPECIFIED.,.F.,.F.,
  (2,2),(-20.,-16.11),.PIECEWISE_BEZIER_KNOTS.);
#161 = CARTESIAN_POINT('',(1.,1.05));
#162 = CARTESIAN_POINT('',(4.89,1.05));
#163 = ( GEOMETRIC_REPRESENTATION_CONTEXT(2) 
PARAMETRIC_REPRESENTATION_CONTEXT() REPRESENTATION_CONTEXT('2D SPACE',''
  ) );
#164 = ORIENTED_EDGE('',*,*,#165,.T.);
#165 = EDGE_CURVE('',#140,#166,#168,.T.);
#166 = VERTEX_POINT('',#167);
#167 = CARTESIAN_POINT('',(-19.95,15.26,-44.));
#168 = SURFACE_CURVE('',#169,(#173,#180),.PCURVE_S1.);
#169 = LINE('',#170,#171);
#170 = CARTESIAN_POINT('',(-19.95,-15.26,-44.));
#171 = VECTOR('',#172,1.);
#172 = DIRECTION('',(-0.,1.,0.));
#173 = PCURVE('',#32,#174);
#174 = DEFINITIONAL_REPRESENTATION('',(#175),#179);
#175 = LINE('',#176,#177);
#176 = CARTESIAN_POINT('',(-41.,0.));
#177 = VECTOR('',#178,1.);
#178 = DIRECTION('',(0.,-1.));
#179 = ( GEOMETRIC_REPRESENTATION_CONTEXT(2) 
PARAMETRIC_REPRESENTATION_CONTEXT() REPRESENTATION_CONTEXT('2D SPACE',''
  ) );
#180 = PCURVE('',#181,#186);
#181 = PLANE('',#182);
#182 = AXIS2_PLACEMENT_3D('',#183,#184,#185);
#183 = CARTESIAN_POINT('',(-19.95,-15.26,-44.));
#184 = DIRECTION('',(0.,0.,1.));
#185 = DIRECTION('',(1.,0.,-0.));
#186 = DEFINITIONAL_REPRESENTATION('',(#187),#191);
#187 = LINE('',#188,#189);
#188 = CARTESIAN_POINT('',(0.,0.));
#189 = VECTOR('',#190,1.);
#190 = DIRECTION('',(0.,1.));
#191 = ( GEOMETRIC_REPRESENTATION_CONTEXT(2) 
PARAMETRIC_REPRESENTATION_CONTEXT() REPRESENTATION_CONTEXT('2D SPACE',''
  ) );
#192 = ORIENTED_EDGE('',*,*,#193,.F.);
#193 = EDGE_CURVE('',#194,#166,#196,.T.);
#194 = VERTEX_POINT('',#195);
#195 = CARTESIAN_POINT('',(-19.95,15.26,-9.));
#196 = SURFACE_CURVE('',#197,(#201,#208),.PCURVE_S1.);
#197 = LINE('',#198,#199);
#198 = CARTESIAN_POINT('',(-19.95,15.26,0.));
#199 = VECTOR('',#200,1.);
#200 = DIRECTION('',(8.074349270001E-17,0.,-1.));
#201 = PCURVE('',#32,#202);
#202 = DEFINITIONAL_REPRESENTATION('',(#203),#207);
#203 = LINE('',#204,#205);
#204 = CARTESIAN_POINT('',(3.,-30.52));
#205 = VECTOR('',#206,1.);
#206 = DIRECTION('',(-1.,0.));
#207 = ( GEOMETRIC_REPRESENTATION_CONTEXT(2) 
PARAMETRIC_REPRESENTATION_CONTEXT() REPRESENTATION_CONTEXT('2D SPACE',''
  ) );
#208 = PCURVE('',#209,#214);
#209 = PLANE('',#210);
#210 = AXIS2_PLACEMENT_3D('',#211,#212,#213);
#211 = CARTESIAN_POINT('',(-19.95,15.26,-3.));
#212 = DIRECTION('',(-0.,1.,0.));
#213 = DIRECTION('',(0.,0.,1.));
#214 = DEFINITIONAL_REPRESENTATION('',(#215),#219);
#215 = LINE('',#216,#217);
#216 = CARTESIAN_POINT('',(3.,0.));
#217 = VECTOR('',#218,1.);
#218 = DIRECTION('',(-1.,8.074349270001E-17));
#219 = ( GEOMETRIC_REPRESENTATION_CONTEXT(2) 
PARAMETRIC_REPRESENTATION_CONTEXT() REPRESENTATION_CONTEXT('2D SPACE',''
  ) );
#220 = ORIENTED_EDGE('',*,*,#221,.T.);
#221 = EDGE_CURVE('',#194,#222,#224,.T.);
#222 = VERTEX_POINT('',#223);
#223 = CARTESIAN_POINT('',(-19.95,12.394854307406,-9.));
#224 = SURFACE_CURVE('',#225,(#229,#235),.PCURVE_S1.);
#225 = LINE('',#226,#227);
#226 = CARTESIAN_POINT('',(-19.95,-7.63,-9.));
#227 = VECTOR('',#228,1.);
#228 = DIRECTION('',(0.,-1.,0.));
#229 = PCURVE('',#32,#230);
#230 = DEFINITIONAL_REPRESENTATION('',(#231),#234);
#231 = B_SPLINE_CURVE_WITH_KNOTS('',1,(#232,#233),.UNSPECIFIED.,.F.,.F.,
  (2,2),(-22.89,7.63),.PIECEWISE_BEZIER_KNOTS.);
#232 = CARTESIAN_POINT('',(-6.,-30.52));
#233 = CARTESIAN_POINT('',(-6.,0.));
#234 = ( GEOMETRIC_REPRESENTATION_CONTEXT(2) 
PARAMETRIC_REPRESENTATION_CONTEXT() REPRESENTATION_CONTEXT('2D SPACE',''
  ) );
#235 = PCURVE('',#236,#241);
#236 = PLANE('',#237);
#237 = AXIS2_PLACEMENT_3D('',#238,#239,#240);
#238 = CARTESIAN_POINT('',(0.,0.,-9.));
#239 = DIRECTION('',(0.,0.,1.));
#240 = DIRECTION('',(1.,0.,-0.));
#241 = DEFINITIONAL_REPRESENTATION('',(#242),#245);
#242 = B_SPLINE_CURVE_WITH_KNOTS('',1,(#243,#244),.UNSPECIFIED.,.F.,.F.,
  (2,2),(-22.89,7.63),.PIECEWISE_BEZIER_KNOTS.);
#243 = CARTESIAN_POINT('',(-19.95,15.26));
#244 = CARTESIAN_POINT('',(-19.95,-15.26));
#245 = ( GEOMETRIC_REPRESENTATION_CONTEXT(2) 
PARAMETRIC_REPRESENTATION_CONTEXT() REPRESENTATION_CONTEXT('2D SPACE',''
  ) );
#246 = ORIENTED_EDGE('',*,*,#247,.T.);
#247 = EDGE_CURVE('',#222,#248,#250,.T.);
#248 = VERTEX_POINT('',#249);
#249 = CARTESIAN_POINT('',(-19.95,8.105145692594,-9.));
#250 = SURFACE_CURVE('',#251,(#256,#267),.PCURVE_S1.);
#251 = CIRCLE('',#252,2.7);
#252 = AXIS2_PLACEMENT_3D('',#253,#254,#255);
#253 = CARTESIAN_POINT('',(-19.95,10.25,-7.36));
#254 = DIRECTION('',(-1.,0.,2.22044604925E-16));
#255 = DIRECTION('',(2.22044604925E-16,0.,1.));
#256 = PCURVE('',#32,#257);
#257 = DEFINITIONAL_REPRESENTATION('',(#258),#266);
#258 = ( BOUNDED_CURVE() B_SPLINE_CURVE(2,(#259,#260,#261,#262,#263,#264
,#265),.UNSPECIFIED.,.T.,.F.) B_SPLINE_CURVE_WITH_KNOTS((1,2,2,2,2,1),(
    -2.094395102393,0.,2.094395102393,4.188790204786,6.28318530718,
8.377580409573),.UNSPECIFIED.) CURVE() GEOMETRIC_REPRESENTATION_ITEM() 
RATIONAL_B_SPLINE_CURVE((1.,0.5,1.,0.5,1.,0.5,1.)) REPRESENTATION_ITEM(
  '') );
#259 = CARTESIAN_POINT('',(-1.66,-25.51));
#260 = CARTESIAN_POINT('',(-1.66,-30.18653718043));
#261 = CARTESIAN_POINT('',(-5.71,-27.84826859021));
#262 = CARTESIAN_POINT('',(-9.76,-25.51));
#263 = CARTESIAN_POINT('',(-5.71,-23.17173140978));
#264 = CARTESIAN_POINT('',(-1.66,-20.83346281956));
#265 = CARTESIAN_POINT('',(-1.66,-25.51));
#266 = ( GEOMETRIC_REPRESENTATION_CONTEXT(2) 
PARAMETRIC_REPRESENTATION_CONTEXT() REPRESENTATION_CONTEXT('2D SPACE',''
  ) );
#267 = PCURVE('',#268,#273);
#268 = CONICAL_SURFACE('',#269,1.45,0.785398163397);
#269 = AXIS2_PLACEMENT_3D('',#270,#271,#272);
#270 = CARTESIAN_POINT('',(-18.7,10.25,-7.36));
#271 = DIRECTION('',(-1.,0.,2.22044604925E-16));
#272 = DIRECTION('',(2.22044604925E-16,0.,1.));
#273 = DEFINITIONAL_REPRESENTATION('',(#274),#278);
#274 = LINE('',#275,#276);
#275 = CARTESIAN_POINT('',(0.,1.25));
#276 = VECTOR('',#277,1.);
#277 = DIRECTION('',(1.,0.));
#278 = ( GEOMETRIC_REPRESENTATION_CONTEXT(2) 
PARAMETRIC_REPRESENTATION_CONTEXT() REPRESENTATION_CONTEXT('2D SPACE',''
  ) );
#279 = ORIENTED_EDGE('',*,*,#280,.T.);
#280 = EDGE_CURVE('',#248,#281,#283,.T.);
#281 = VERTEX_POINT('',#282);
#282 = CARTESIAN_POINT('',(-19.95,-8.105145692594,-9.));
#283 = SURFACE_CURVE('',#284,(#288,#294),.PCURVE_S1.);
#284 = LINE('',#285,#286);
#285 = CARTESIAN_POINT('',(-19.95,-7.63,-9.));
#286 = VECTOR('',#287,1.);
#287 = DIRECTION('',(0.,-1.,0.));
#288 = PCURVE('',#32,#289);
#289 = DEFINITIONAL_REPRESENTATION('',(#290),#293);
#290 = B_SPLINE_CURVE_WITH_KNOTS('',1,(#291,#292),.UNSPECIFIED.,.F.,.F.,
  (2,2),(-22.89,7.63),.PIECEWISE_BEZIER_KNOTS.);
#291 = CARTESIAN_POINT('',(-6.,-30.52));
#292 = CARTESIAN_POINT('',(-6.,0.));
#293 = ( GEOMETRIC_REPRESENTATION_CONTEXT(2) 
PARAMETRIC_REPRESENTATION_CONTEXT() REPRESENTATION_CONTEXT('2D SPACE',''
  ) );
#294 = PCURVE('',#236,#295);
#295 = DEFINITIONAL_REPRESENTATION('',(#296),#299);
#296 = B_SPLINE_CURVE_WITH_KNOTS('',1,(#297,#298),.UNSPECIFIED.,.F.,.F.,
  (2,2),(-22.89,7.63),.PIECEWISE_BEZIER_KNOTS.);
#297 = CARTESIAN_POINT('',(-19.95,15.26));
#298 = CARTESIAN_POINT('',(-19.95,-15.26));
#299 = ( GEOMETRIC_REPRESENTATION_CONTEXT(2) 
PARAMETRIC_REPRESENTATION_CONTEXT() REPRESENTATION_CONTEXT('2D SPACE',''
  ) );
#300 = ORIENTED_EDGE('',*,*,#301,.T.);
#301 = EDGE_CURVE('',#281,#302,#304,.T.);
#302 = VERTEX_POINT('',#303);
#303 = CARTESIAN_POINT('',(-19.95,-12.3948543074,-9.));
#304 = SURFACE_CURVE('',#305,(#310,#321),.PCURVE_S1.);
#305 = CIRCLE('',#306,2.7);
#306 = AXIS2_PLACEMENT_3D('',#307,#308,#309);
#307 = CARTESIAN_POINT('',(-19.95,-10.25,-7.36));
#308 = DIRECTION('',(-1.,0.,2.22044604925E-16));
#309 = DIRECTION('',(2.22044604925E-16,0.,1.));
#310 = PCURVE('',#32,#311);
#311 = DEFINITIONAL_REPRESENTATION('',(#312),#320);
#312 = ( BOUNDED_CURVE() B_SPLINE_CURVE(2,(#313,#314,#315,#316,#317,#318
,#319),.UNSPECIFIED.,.T.,.F.) B_SPLINE_CURVE_WITH_KNOTS((1,2,2,2,2,1),(
    -2.094395102393,0.,2.094395102393,4.188790204786,6.28318530718,
8.377580409573),.UNSPECIFIED.) CURVE() GEOMETRIC_REPRESENTATION_ITEM() 
RATIONAL_B_SPLINE_CURVE((1.,0.5,1.,0.5,1.,0.5,1.)) REPRESENTATION_ITEM(
  '') );
#313 = CARTESIAN_POINT('',(-1.66,-5.01));
#314 = CARTESIAN_POINT('',(-1.66,-9.686537180436));
#315 = CARTESIAN_POINT('',(-5.71,-7.348268590218));
#316 = CARTESIAN_POINT('',(-9.76,-5.01));
#317 = CARTESIAN_POINT('',(-5.71,-2.671731409782));
#318 = CARTESIAN_POINT('',(-1.66,-0.333462819564));
#319 = CARTESIAN_POINT('',(-1.66,-5.01));
#320 = ( GEOMETRIC_REPRESENTATION_CONTEXT(2) 
PARAMETRIC_REPRESENTATION_CONTEXT() REPRESENTATION_CONTEXT('2D SPACE',''
  ) );
#321 = PCURVE('',#322,#327);
#322 = CONICAL_SURFACE('',#323,1.45,0.785398163397);
#323 = AXIS2_PLACEMENT_3D('',#324,#325,#326);
#324 = CARTESIAN_POINT('',(-18.7,-10.25,-7.36));
#325 = DIRECTION('',(-1.,0.,2.22044604925E-16));
#326 = DIRECTION('',(2.22044604925E-16,0.,1.));
#327 = DEFINITIONAL_REPRESENTATION('',(#328),#332);
#328 = LINE('',#329,#330);
#329 = CARTESIAN_POINT('',(0.,1.25));
#330 = VECTOR('',#331,1.);
#331 = DIRECTION('',(1.,0.));
#332 = ( GEOMETRIC_REPRESENTATION_CONTEXT(2) 
PARAMETRIC_REPRESENTATION_CONTEXT() REPRESENTATION_CONTEXT('2D SPACE',''
  ) );
#333 = ORIENTED_EDGE('',*,*,#334,.T.);
#334 = EDGE_CURVE('',#302,#24,#335,.T.);
#335 = SURFACE_CURVE('',#336,(#340,#346),.PCURVE_S1.);
#336 = LINE('',#337,#338);
#337 = CARTESIAN_POINT('',(-19.95,-7.63,-9.));
#338 = VECTOR('',#339,1.);
#339 = DIRECTION('',(0.,-1.,0.));
#340 = PCURVE('',#32,#341);
#341 = DEFINITIONAL_REPRESENTATION('',(#342),#345);
#342 = B_SPLINE_CURVE_WITH_KNOTS('',1,(#343,#344),.UNSPECIFIED.,.F.,.F.,
  (2,2),(-22.89,7.63),.PIECEWISE_BEZIER_KNOTS.);
#343 = CARTESIAN_POINT('',(-6.,-30.52));
#344 = CARTESIAN_POINT('',(-6.,0.));
#345 = ( GEOMETRIC_REPRESENTATION_CONTEXT(2) 
PARAMETRIC_REPRESENTATION_CONTEXT() REPRESENTATION_CONTEXT('2D SPACE',''
  ) );
#346 = PCURVE('',#236,#347);
#347 = DEFINITIONAL_REPRESENTATION('',(#348),#351);
#348 = B_SPLINE_CURVE_WITH_KNOTS('',1,(#349,#350),.UNSPECIFIED.,.F.,.F.,
  (2,2),(-22.89,7.63),.PIECEWISE_BEZIER_KNOTS.);
#349 = CARTESIAN_POINT('',(-19.95,15.26));
#350 = CARTESIAN_POINT('',(-19.95,-15.26));
#351 = ( GEOMETRIC_REPRESENTATION_CONTEXT(2) 
PARAMETRIC_REPRESENTATION_CONTEXT() REPRESENTATION_CONTEXT('2D SPACE',''
  ) );
#352 = FACE_BOUND('',#353,.F.);
#353 = EDGE_LOOP('',(#354));
#354 = ORIENTED_EDGE('',*,*,#355,.T.);
#355 = EDGE_CURVE('',#356,#356,#358,.T.);
#356 = VERTEX_POINT('',#357);
#357 = CARTESIAN_POINT('',(-19.95,10.25,-29.11));
#358 = SURFACE_CURVE('',#359,(#364,#375),.PCURVE_S1.);
#359 = CIRCLE('',#360,2.7);
#360 = AXIS2_PLACEMENT_3D('',#361,#362,#363);
#361 = CARTESIAN_POINT('',(-19.95,10.25,-31.81));
#362 = DIRECTION('',(-1.,0.,2.22044604925E-16));
#363 = DIRECTION('',(2.22044604925E-16,0.,1.));
#364 = PCURVE('',#32,#365);
#365 = DEFINITIONAL_REPRESENTATION('',(#366),#374);
#366 = ( BOUNDED_CURVE() B_SPLINE_CURVE(2,(#367,#368,#369,#370,#371,#372
,#373),.UNSPECIFIED.,.T.,.F.) B_SPLINE_CURVE_WITH_KNOTS((1,2,2,2,2,1),(
    -2.094395102393,0.,2.094395102393,4.188790204786,6.28318530718,
8.377580409573),.UNSPECIFIED.) CURVE() GEOMETRIC_REPRESENTATION_ITEM() 
RATIONAL_B_SPLINE_CURVE((1.,0.5,1.,0.5,1.,0.5,1.)) REPRESENTATION_ITEM(
  '') );
#367 = CARTESIAN_POINT('',(-26.11,-25.51));
#368 = CARTESIAN_POINT('',(-26.11,-30.18653718043));
#369 = CARTESIAN_POINT('',(-30.16,-27.84826859021));
#370 = CARTESIAN_POINT('',(-34.21,-25.51));
#371 = CARTESIAN_POINT('',(-30.16,-23.17173140978));
#372 = CARTESIAN_POINT('',(-26.11,-20.83346281956));
#373 = CARTESIAN_POINT('',(-26.11,-25.51));
#374 = ( GEOMETRIC_REPRESENTATION_CONTEXT(2) 
PARAMETRIC_REPRESENTATION_CONTEXT() REPRESENTATION_CONTEXT('2D SPACE',''
  ) );
#375 = PCURVE('',#376,#381);
#376 = CONICAL_SURFACE('',#377,1.45,0.785398163397);
#377 = AXIS2_PLACEMENT_3D('',#378,#379,#380);
#378 = CARTESIAN_POINT('',(-18.7,10.25,-31.81));
#379 = DIRECTION('',(-1.,0.,2.22044604925E-16));
#380 = DIRECTION('',(2.22044604925E-16,0.,1.));
#381 = DEFINITIONAL_REPRESENTATION('',(#382),#386);
#382 = LINE('',#383,#384);
#383 = CARTESIAN_POINT('',(0.,1.25));
#384 = VECTOR('',#385,1.);
#385 = DIRECTION('',(1.,0.));
#386 = ( GEOMETRIC_REPRESENTATION_CONTEXT(2) 
PARAMETRIC_REPRESENTATION_CONTEXT() REPRESENTATION_CONTEXT('2D SPACE',''
  ) );
#387 = FACE_BOUND('',#388,.F.);
#388 = EDGE_LOOP('',(#389));
#389 = ORIENTED_EDGE('',*,*,#390,.T.);
#390 = EDGE_CURVE('',#391,#391,#393,.T.);
#391 = VERTEX_POINT('',#392);
#392 = CARTESIAN_POINT('',(-19.95,-10.25,-29.11));
#393 = SURFACE_CURVE('',#394,(#399,#410),.PCURVE_S1.);
#394 = CIRCLE('',#395,2.7);
#395 = AXIS2_PLACEMENT_3D('',#396,#397,#398);
#396 = CARTESIAN_POINT('',(-19.95,-10.25,-31.81));
#397 = DIRECTION('',(-1.,0.,2.22044604925E-16));
#398 = DIRECTION('',(2.22044604925E-16,0.,1.));
#399 = PCURVE('',#32,#400);
#400 = DEFINITIONAL_REPRESENTATION('',(#401),#409);
#401 = ( BOUNDED_CURVE() B_SPLINE_CURVE(2,(#402,#403,#404,#405,#406,#407
,#408),.UNSPECIFIED.,.T.,.F.) B_SPLINE_CURVE_WITH_KNOTS((1,2,2,2,2,1),(
    -2.094395102393,0.,2.094395102393,4.188790204786,6.28318530718,
8.377580409573),.UNSPECIFIED.) CURVE() GEOMETRIC_REPRESENTATION_ITEM() 
RATIONAL_B_SPLINE_CURVE((1.,0.5,1.,0.5,1.,0.5,1.)) REPRESENTATION_ITEM(
  '') );
#402 = CARTESIAN_POINT('',(-26.11,-5.01));
#403 = CARTESIAN_POINT('',(-26.11,-9.686537180436));
#404 = CARTESIAN_POINT('',(-30.16,-7.348268590218));
#405 = CARTESIAN_POINT('',(-34.21,-5.01));
#406 = CARTESIAN_POINT('',(-30.16,-2.671731409782));
#407 = CARTESIAN_POINT('',(-26.11,-0.333462819564));
#408 = CARTESIAN_POINT('',(-26.11,-5.01));
#409 = ( GEOMETRIC_REPRESENTATION_CONTEXT(2) 
PARAMETRIC_REPRESENTATION_CONTEXT() REPRESENTATION_CONTEXT('2D SPACE',''
  ) );
#410 = PCURVE('',#411,#416);
#411 = CONICAL_SURFACE('',#412,1.45,0.785398163397);
#412 = AXIS2_PLACEMENT_3D('',#413,#414,#415);
#413 = CARTESIAN_POINT('',(-18.7,-10.25,-31.81));
#414 = DIRECTION('',(-1.,0.,2.22044604925E-16));
#415 = DIRECTION('',(2.22044604925E-16,0.,1.));
#416 = DEFINITIONAL_REPRESENTATION('',(#417),#421);
#417 = LINE('',#418,#419);
#418 = CARTESIAN_POINT('',(0.,1.25));
#419 = VECTOR('',#420,1.);
#420 = DIRECTION('',(1.,0.));
#421 = ( GEOMETRIC_REPRESENTATION_CONTEXT(2) 
PARAMETRIC_REPRESENTATION_CONTEXT() REPRESENTATION_CONTEXT('2D SPACE',''
  ) );
#422 = FACE_BOUND('',#423,.F.);
#423 = EDGE_LOOP('',(#424,#452,#478,#504));
#424 = ORIENTED_EDGE('',*,*,#425,.T.);
#425 = EDGE_CURVE('',#426,#428,#430,.T.);
#426 = VERTEX_POINT('',#427);
#427 = CARTESIAN_POINT('',(-19.95,11.4,-28.81));
#428 = VERTEX_POINT('',#429);
#429 = CARTESIAN_POINT('',(-19.95,-11.4,-28.81));
#430 = SURFACE_CURVE('',#431,(#435,#441),.PCURVE_S1.);
#431 = LINE('',#432,#433);
#432 = CARTESIAN_POINT('',(-19.95,-13.33,-28.81));
#433 = VECTOR('',#434,1.);
#434 = DIRECTION('',(0.,-1.,0.));
#435 = PCURVE('',#32,#436);
#436 = DEFINITIONAL_REPRESENTATION('',(#437),#440);
#437 = B_SPLINE_CURVE_WITH_KNOTS('',1,(#438,#439),.UNSPECIFIED.,.F.,.F.,
  (2,2),(-24.73,-1.93),.PIECEWISE_BEZIER_KNOTS.);
#438 = CARTESIAN_POINT('',(-25.81,-26.66));
#439 = CARTESIAN_POINT('',(-25.81,-3.86));
#440 = ( GEOMETRIC_REPRESENTATION_CONTEXT(2) 
PARAMETRIC_REPRESENTATION_CONTEXT() REPRESENTATION_CONTEXT('2D SPACE',''
  ) );
#441 = PCURVE('',#442,#447);
#442 = PLANE('',#443);
#443 = AXIS2_PLACEMENT_3D('',#444,#445,#446);
#444 = CARTESIAN_POINT('',(-21.,-11.4,-28.81));
#445 = DIRECTION('',(0.,0.,1.));
#446 = DIRECTION('',(1.,0.,-0.));
#447 = DEFINITIONAL_REPRESENTATION('',(#448),#451);
#448 = B_SPLINE_CURVE_WITH_KNOTS('',1,(#449,#450),.UNSPECIFIED.,.F.,.F.,
  (2,2),(-24.73,-1.93),.PIECEWISE_BEZIER_KNOTS.);
#449 = CARTESIAN_POINT('',(1.05,22.8));
#450 = CARTESIAN_POINT('',(1.05,0.));
#451 = ( GEOMETRIC_REPRESENTATION_CONTEXT(2) 
PARAMETRIC_REPRESENTATION_CONTEXT() REPRESENTATION_CONTEXT('2D SPACE',''
  ) );
#452 = ORIENTED_EDGE('',*,*,#453,.T.);
#453 = EDGE_CURVE('',#428,#454,#456,.T.);
#454 = VERTEX_POINT('',#455);
#455 = CARTESIAN_POINT('',(-19.95,-11.4,-22.76));
#456 = SURFACE_CURVE('',#457,(#461,#467),.PCURVE_S1.);
#457 = LINE('',#458,#459);
#458 = CARTESIAN_POINT('',(-19.95,-11.4,-15.905));
#459 = VECTOR('',#460,1.);
#460 = DIRECTION('',(0.,0.,1.));
#461 = PCURVE('',#32,#462);
#462 = DEFINITIONAL_REPRESENTATION('',(#463),#466);
#463 = B_SPLINE_CURVE_WITH_KNOTS('',1,(#464,#465),.UNSPECIFIED.,.F.,.F.,
  (2,2),(-12.905,-6.855),.PIECEWISE_BEZIER_KNOTS.);
#464 = CARTESIAN_POINT('',(-25.81,-3.86));
#465 = CARTESIAN_POINT('',(-19.76,-3.86));
#466 = ( GEOMETRIC_REPRESENTATION_CONTEXT(2) 
PARAMETRIC_REPRESENTATION_CONTEXT() REPRESENTATION_CONTEXT('2D SPACE',''
  ) );
#467 = PCURVE('',#468,#473);
#468 = PLANE('',#469);
#469 = AXIS2_PLACEMENT_3D('',#470,#471,#472);
#470 = CARTESIAN_POINT('',(-21.,-11.4,-28.81));
#471 = DIRECTION('',(-0.,1.,0.));
#472 = DIRECTION('',(0.,0.,1.));
#473 = DEFINITIONAL_REPRESENTATION('',(#474),#477);
#474 = B_SPLINE_CURVE_WITH_KNOTS('',1,(#475,#476),.UNSPECIFIED.,.F.,.F.,
  (2,2),(-12.905,-6.855),.PIECEWISE_BEZIER_KNOTS.);
#475 = CARTESIAN_POINT('',(0.,1.05));
#476 = CARTESIAN_POINT('',(6.05,1.05));
#477 = ( GEOMETRIC_REPRESENTATION_CONTEXT(2) 
PARAMETRIC_REPRESENTATION_CONTEXT() REPRESENTATION_CONTEXT('2D SPACE',''
  ) );
#478 = ORIENTED_EDGE('',*,*,#479,.F.);
#479 = EDGE_CURVE('',#480,#454,#482,.T.);
#480 = VERTEX_POINT('',#481);
#481 = CARTESIAN_POINT('',(-19.95,11.4,-22.76));
#482 = SURFACE_CURVE('',#483,(#487,#493),.PCURVE_S1.);
#483 = LINE('',#484,#485);
#484 = CARTESIAN_POINT('',(-19.95,-13.33,-22.76));
#485 = VECTOR('',#486,1.);
#486 = DIRECTION('',(0.,-1.,0.));
#487 = PCURVE('',#32,#488);
#488 = DEFINITIONAL_REPRESENTATION('',(#489),#492);
#489 = B_SPLINE_CURVE_WITH_KNOTS('',1,(#490,#491),.UNSPECIFIED.,.F.,.F.,
  (2,2),(-24.73,-1.93),.PIECEWISE_BEZIER_KNOTS.);
#490 = CARTESIAN_POINT('',(-19.76,-26.66));
#491 = CARTESIAN_POINT('',(-19.76,-3.86));
#492 = ( GEOMETRIC_REPRESENTATION_CONTEXT(2) 
PARAMETRIC_REPRESENTATION_CONTEXT() REPRESENTATION_CONTEXT('2D SPACE',''
  ) );
#493 = PCURVE('',#494,#499);
#494 = PLANE('',#495);
#495 = AXIS2_PLACEMENT_3D('',#496,#497,#498);
#496 = CARTESIAN_POINT('',(-21.,-11.4,-22.76));
#497 = DIRECTION('',(0.,0.,1.));
#498 = DIRECTION('',(1.,0.,-0.));
#499 = DEFINITIONAL_REPRESENTATION('',(#500),#503);
#500 = B_SPLINE_CURVE_WITH_KNOTS('',1,(#501,#502),.UNSPECIFIED.,.F.,.F.,
  (2,2),(-24.73,-1.93),.PIECEWISE_BEZIER_KNOTS.);
#501 = CARTESIAN_POINT('',(1.05,22.8));
#502 = CARTESIAN_POINT('',(1.05,0.));
#503 = ( GEOMETRIC_REPRESENTATION_CONTEXT(2) 
PARAMETRIC_REPRESENTATION_CONTEXT() REPRESENTATION_CONTEXT('2D SPACE',''
  ) );
#504 = ORIENTED_EDGE('',*,*,#505,.F.);
#505 = EDGE_CURVE('',#426,#480,#506,.T.);
#506 = SURFACE_CURVE('',#507,(#511,#517),.PCURVE_S1.);
#507 = LINE('',#508,#509);
#508 = CARTESIAN_POINT('',(-19.95,11.4,-15.905));
#509 = VECTOR('',#510,1.);
#510 = DIRECTION('',(0.,0.,1.));
#511 = PCURVE('',#32,#512);
#512 = DEFINITIONAL_REPRESENTATION('',(#513),#516);
#513 = B_SPLINE_CURVE_WITH_KNOTS('',1,(#514,#515),.UNSPECIFIED.,.F.,.F.,
  (2,2),(-12.905,-6.855),.PIECEWISE_BEZIER_KNOTS.);
#514 = CARTESIAN_POINT('',(-25.81,-26.66));
#515 = CARTESIAN_POINT('',(-19.76,-26.66));
#516 = ( GEOMETRIC_REPRESENTATION_CONTEXT(2) 
PARAMETRIC_REPRESENTATION_CONTEXT() REPRESENTATION_CONTEXT('2D SPACE',''
  ) );
#517 = PCURVE('',#518,#523);
#518 = PLANE('',#519);
#519 = AXIS2_PLACEMENT_3D('',#520,#521,#522);
#520 = CARTESIAN_POINT('',(-21.,11.4,-28.81));
#521 = DIRECTION('',(-0.,1.,0.));
#522 = DIRECTION('',(0.,0.,1.));
#523 = DEFINITIONAL_REPRESENTATION('',(#524),#527);
#524 = B_SPLINE_CURVE_WITH_KNOTS('',1,(#525,#526),.UNSPECIFIED.,.F.,.F.,
  (2,2),(-12.905,-6.855),.PIECEWISE_BEZIER_KNOTS.);
#525 = CARTESIAN_POINT('',(0.,1.05));
#526 = CARTESIAN_POINT('',(6.05,1.05));
#527 = ( GEOMETRIC_REPRESENTATION_CONTEXT(2) 
PARAMETRIC_REPRESENTATION_CONTEXT() REPRESENTATION_CONTEXT('2D SPACE',''
  ) );
#528 = ADVANCED_FACE('',(#529),#494,.F.);
#529 = FACE_BOUND('',#530,.F.);
#530 = EDGE_LOOP('',(#531,#554,#555,#578,#604,#630,#656,#682));
#531 = ORIENTED_EDGE('',*,*,#532,.F.);
#532 = EDGE_CURVE('',#480,#533,#535,.T.);
#533 = VERTEX_POINT('',#534);
#534 = CARTESIAN_POINT('',(-14.9,11.4,-22.76));
#535 = SURFACE_CURVE('',#536,(#540,#547),.PCURVE_S1.);
#536 = LINE('',#537,#538);
#537 = CARTESIAN_POINT('',(-21.,11.4,-22.76));
#538 = VECTOR('',#539,1.);
#539 = DIRECTION('',(1.,0.,-0.));
#540 = PCURVE('',#494,#541);
#541 = DEFINITIONAL_REPRESENTATION('',(#542),#546);
#542 = LINE('',#543,#544);
#543 = CARTESIAN_POINT('',(0.,22.8));
#544 = VECTOR('',#545,1.);
#545 = DIRECTION('',(1.,0.));
#546 = ( GEOMETRIC_REPRESENTATION_CONTEXT(2) 
PARAMETRIC_REPRESENTATION_CONTEXT() REPRESENTATION_CONTEXT('2D SPACE',''
  ) );
#547 = PCURVE('',#518,#548);
#548 = DEFINITIONAL_REPRESENTATION('',(#549),#553);
#549 = LINE('',#550,#551);
#550 = CARTESIAN_POINT('',(6.05,0.));
#551 = VECTOR('',#552,1.);
#552 = DIRECTION('',(0.,1.));
#553 = ( GEOMETRIC_REPRESENTATION_CONTEXT(2) 
PARAMETRIC_REPRESENTATION_CONTEXT() REPRESENTATION_CONTEXT('2D SPACE',''
  ) );
#554 = ORIENTED_EDGE('',*,*,#479,.T.);
#555 = ORIENTED_EDGE('',*,*,#556,.T.);
#556 = EDGE_CURVE('',#454,#557,#559,.T.);
#557 = VERTEX_POINT('',#558);
#558 = CARTESIAN_POINT('',(-14.9,-11.4,-22.76));
#559 = SURFACE_CURVE('',#560,(#564,#571),.PCURVE_S1.);
#560 = LINE('',#561,#562);
#561 = CARTESIAN_POINT('',(-21.,-11.4,-22.76));
#562 = VECTOR('',#563,1.);
#563 = DIRECTION('',(1.,0.,-0.));
#564 = PCURVE('',#494,#565);
#565 = DEFINITIONAL_REPRESENTATION('',(#566),#570);
#566 = LINE('',#567,#568);
#567 = CARTESIAN_POINT('',(0.,0.));
#568 = VECTOR('',#569,1.);
#569 = DIRECTION('',(1.,0.));
#570 = ( GEOMETRIC_REPRESENTATION_CONTEXT(2) 
PARAMETRIC_REPRESENTATION_CONTEXT() REPRESENTATION_CONTEXT('2D SPACE',''
  ) );
#571 = PCURVE('',#468,#572);
#572 = DEFINITIONAL_REPRESENTATION('',(#573),#577);
#573 = LINE('',#574,#575);
#574 = CARTESIAN_POINT('',(6.05,0.));
#575 = VECTOR('',#576,1.);
#576 = DIRECTION('',(0.,1.));
#577 = ( GEOMETRIC_REPRESENTATION_CONTEXT(2) 
PARAMETRIC_REPRESENTATION_CONTEXT() REPRESENTATION_CONTEXT('2D SPACE',''
  ) );
#578 = ORIENTED_EDGE('',*,*,#579,.F.);
#579 = EDGE_CURVE('',#580,#557,#582,.T.);
#580 = VERTEX_POINT('',#581);
#581 = CARTESIAN_POINT('',(-14.9,-11.1,-22.76));
#582 = SURFACE_CURVE('',#583,(#587,#593),.PCURVE_S1.);
#583 = LINE('',#584,#585);
#584 = CARTESIAN_POINT('',(-14.9,-12.03,-22.76));
#585 = VECTOR('',#586,1.);
#586 = DIRECTION('',(0.,-1.,0.));
#587 = PCURVE('',#494,#588);
#588 = DEFINITIONAL_REPRESENTATION('',(#589),#592);
#589 = B_SPLINE_CURVE_WITH_KNOTS('',1,(#590,#591),.UNSPECIFIED.,.F.,.F.,
  (2,2),(-23.43,-0.63),.PIECEWISE_BEZIER_KNOTS.);
#590 = CARTESIAN_POINT('',(6.1,22.8));
#591 = CARTESIAN_POINT('',(6.1,0.));
#592 = ( GEOMETRIC_REPRESENTATION_CONTEXT(2) 
PARAMETRIC_REPRESENTATION_CONTEXT() REPRESENTATION_CONTEXT('2D SPACE',''
  ) );
#593 = PCURVE('',#594,#599);
#594 = PLANE('',#595);
#595 = AXIS2_PLACEMENT_3D('',#596,#597,#598);
#596 = CARTESIAN_POINT('',(-14.9,-12.66,-44.));
#597 = DIRECTION('',(1.,0.,-0.));
#598 = DIRECTION('',(0.,0.,1.));
#599 = DEFINITIONAL_REPRESENTATION('',(#600),#603);
#600 = B_SPLINE_CURVE_WITH_KNOTS('',1,(#601,#602),.UNSPECIFIED.,.F.,.F.,
  (2,2),(-23.43,-0.63),.PIECEWISE_BEZIER_KNOTS.);
#601 = CARTESIAN_POINT('',(21.24,-24.06));
#602 = CARTESIAN_POINT('',(21.24,-1.26));
#603 = ( GEOMETRIC_REPRESENTATION_CONTEXT(2) 
PARAMETRIC_REPRESENTATION_CONTEXT() REPRESENTATION_CONTEXT('2D SPACE',''
  ) );
#604 = ORIENTED_EDGE('',*,*,#605,.F.);
#605 = EDGE_CURVE('',#606,#580,#608,.T.);
#606 = VERTEX_POINT('',#607);
#607 = CARTESIAN_POINT('',(-16.95,-11.1,-22.76));
#608 = SURFACE_CURVE('',#609,(#613,#619),.PCURVE_S1.);
#609 = LINE('',#610,#611);
#610 = CARTESIAN_POINT('',(-18.975,-11.1,-22.76));
#611 = VECTOR('',#612,1.);
#612 = DIRECTION('',(1.,0.,-0.));
#613 = PCURVE('',#494,#614);
#614 = DEFINITIONAL_REPRESENTATION('',(#615),#618);
#615 = B_SPLINE_CURVE_WITH_KNOTS('',1,(#616,#617),.UNSPECIFIED.,.F.,.F.,
  (2,2),(2.025,4.075),.PIECEWISE_BEZIER_KNOTS.);
#616 = CARTESIAN_POINT('',(4.05,0.3));
#617 = CARTESIAN_POINT('',(6.1,0.3));
#618 = ( GEOMETRIC_REPRESENTATION_CONTEXT(2) 
PARAMETRIC_REPRESENTATION_CONTEXT() REPRESENTATION_CONTEXT('2D SPACE',''
  ) );
#619 = PCURVE('',#620,#625);
#620 = PLANE('',#621);
#621 = AXIS2_PLACEMENT_3D('',#622,#623,#624);
#622 = CARTESIAN_POINT('',(-16.95,-11.1,-45.));
#623 = DIRECTION('',(-0.,1.,0.));
#624 = DIRECTION('',(0.,0.,1.));
#625 = DEFINITIONAL_REPRESENTATION('',(#626),#629);
#626 = B_SPLINE_CURVE_WITH_KNOTS('',1,(#627,#628),.UNSPECIFIED.,.F.,.F.,
  (2,2),(2.025,4.075),.PIECEWISE_BEZIER_KNOTS.);
#627 = CARTESIAN_POINT('',(22.24,0.));
#628 = CARTESIAN_POINT('',(22.24,2.05));
#629 = ( GEOMETRIC_REPRESENTATION_CONTEXT(2) 
PARAMETRIC_REPRESENTATION_CONTEXT() REPRESENTATION_CONTEXT('2D SPACE',''
  ) );
#630 = ORIENTED_EDGE('',*,*,#631,.F.);
#631 = EDGE_CURVE('',#632,#606,#634,.T.);
#632 = VERTEX_POINT('',#633);
#633 = CARTESIAN_POINT('',(-16.95,11.1,-22.76));
#634 = SURFACE_CURVE('',#635,(#639,#645),.PCURVE_S1.);
#635 = LINE('',#636,#637);
#636 = CARTESIAN_POINT('',(-16.95,-11.25,-22.76));
#637 = VECTOR('',#638,1.);
#638 = DIRECTION('',(0.,-1.,0.));
#639 = PCURVE('',#494,#640);
#640 = DEFINITIONAL_REPRESENTATION('',(#641),#644);
#641 = B_SPLINE_CURVE_WITH_KNOTS('',1,(#642,#643),.UNSPECIFIED.,.F.,.F.,
  (2,2),(-22.35,-0.15),.PIECEWISE_BEZIER_KNOTS.);
#642 = CARTESIAN_POINT('',(4.05,22.5));
#643 = CARTESIAN_POINT('',(4.05,0.3));
#644 = ( GEOMETRIC_REPRESENTATION_CONTEXT(2) 
PARAMETRIC_REPRESENTATION_CONTEXT() REPRESENTATION_CONTEXT('2D SPACE',''
  ) );
#645 = PCURVE('',#646,#651);
#646 = PLANE('',#647);
#647 = AXIS2_PLACEMENT_3D('',#648,#649,#650);
#648 = CARTESIAN_POINT('',(-16.95,-11.1,-45.));
#649 = DIRECTION('',(1.,0.,-0.));
#650 = DIRECTION('',(0.,0.,1.));
#651 = DEFINITIONAL_REPRESENTATION('',(#652),#655);
#652 = B_SPLINE_CURVE_WITH_KNOTS('',1,(#653,#654),.UNSPECIFIED.,.F.,.F.,
  (2,2),(-22.35,-0.15),.PIECEWISE_BEZIER_KNOTS.);
#653 = CARTESIAN_POINT('',(22.24,-22.2));
#654 = CARTESIAN_POINT('',(22.24,5.440092820663E-14));
#655 = ( GEOMETRIC_REPRESENTATION_CONTEXT(2) 
PARAMETRIC_REPRESENTATION_CONTEXT() REPRESENTATION_CONTEXT('2D SPACE',''
  ) );
#656 = ORIENTED_EDGE('',*,*,#657,.T.);
#657 = EDGE_CURVE('',#632,#658,#660,.T.);
#658 = VERTEX_POINT('',#659);
#659 = CARTESIAN_POINT('',(-14.9,11.1,-22.76));
#660 = SURFACE_CURVE('',#661,(#665,#671),.PCURVE_S1.);
#661 = LINE('',#662,#663);
#662 = CARTESIAN_POINT('',(-18.975,11.1,-22.76));
#663 = VECTOR('',#664,1.);
#664 = DIRECTION('',(1.,0.,-0.));
#665 = PCURVE('',#494,#666);
#666 = DEFINITIONAL_REPRESENTATION('',(#667),#670);
#667 = B_SPLINE_CURVE_WITH_KNOTS('',1,(#668,#669),.UNSPECIFIED.,.F.,.F.,
  (2,2),(2.025,4.075),.PIECEWISE_BEZIER_KNOTS.);
#668 = CARTESIAN_POINT('',(4.05,22.5));
#669 = CARTESIAN_POINT('',(6.1,22.5));
#670 = ( GEOMETRIC_REPRESENTATION_CONTEXT(2) 
PARAMETRIC_REPRESENTATION_CONTEXT() REPRESENTATION_CONTEXT('2D SPACE',''
  ) );
#671 = PCURVE('',#672,#677);
#672 = PLANE('',#673);
#673 = AXIS2_PLACEMENT_3D('',#674,#675,#676);
#674 = CARTESIAN_POINT('',(-16.95,11.1,-45.));
#675 = DIRECTION('',(-0.,1.,0.));
#676 = DIRECTION('',(0.,0.,1.));
#677 = DEFINITIONAL_REPRESENTATION('',(#678),#681);
#678 = B_SPLINE_CURVE_WITH_KNOTS('',1,(#679,#680),.UNSPECIFIED.,.F.,.F.,
  (2,2),(2.025,4.075),.PIECEWISE_BEZIER_KNOTS.);
#679 = CARTESIAN_POINT('',(22.24,0.));
#680 = CARTESIAN_POINT('',(22.24,2.05));
#681 = ( GEOMETRIC_REPRESENTATION_CONTEXT(2) 
PARAMETRIC_REPRESENTATION_CONTEXT() REPRESENTATION_CONTEXT('2D SPACE',''
  ) );
#682 = ORIENTED_EDGE('',*,*,#683,.F.);
#683 = EDGE_CURVE('',#533,#658,#684,.T.);
#684 = SURFACE_CURVE('',#685,(#689,#695),.PCURVE_S1.);
#685 = LINE('',#686,#687);
#686 = CARTESIAN_POINT('',(-14.9,-12.03,-22.76));
#687 = VECTOR('',#688,1.);
#688 = DIRECTION('',(0.,-1.,0.));
#689 = PCURVE('',#494,#690);
#690 = DEFINITIONAL_REPRESENTATION('',(#691),#694);
#691 = B_SPLINE_CURVE_WITH_KNOTS('',1,(#692,#693),.UNSPECIFIED.,.F.,.F.,
  (2,2),(-23.43,-0.63),.PIECEWISE_BEZIER_KNOTS.);
#692 = CARTESIAN_POINT('',(6.1,22.8));
#693 = CARTESIAN_POINT('',(6.1,0.));
#694 = ( GEOMETRIC_REPRESENTATION_CONTEXT(2) 
PARAMETRIC_REPRESENTATION_CONTEXT() REPRESENTATION_CONTEXT('2D SPACE',''
  ) );
#695 = PCURVE('',#594,#696);
#696 = DEFINITIONAL_REPRESENTATION('',(#697),#700);
#697 = B_SPLINE_CURVE_WITH_KNOTS('',1,(#698,#699),.UNSPECIFIED.,.F.,.F.,
  (2,2),(-23.43,-0.63),.PIECEWISE_BEZIER_KNOTS.);
#698 = CARTESIAN_POINT('',(21.24,-24.06));
#699 = CARTESIAN_POINT('',(21.24,-1.26));
#700 = ( GEOMETRIC_REPRESENTATION_CONTEXT(2) 
PARAMETRIC_REPRESENTATION_CONTEXT() REPRESENTATION_CONTEXT('2D SPACE',''
  ) );
#701 = ADVANCED_FACE('',(#702),#620,.T.);
#702 = FACE_BOUND('',#703,.T.);
#703 = EDGE_LOOP('',(#704,#725,#726,#749));
#704 = ORIENTED_EDGE('',*,*,#705,.F.);
#705 = EDGE_CURVE('',#580,#706,#708,.T.);
#706 = VERTEX_POINT('',#707);
#707 = CARTESIAN_POINT('',(-14.9,-11.1,-10.2));
#708 = SURFACE_CURVE('',#709,(#713,#719),.PCURVE_S1.);
#709 = LINE('',#710,#711);
#710 = CARTESIAN_POINT('',(-14.9,-11.1,-44.5));
#711 = VECTOR('',#712,1.);
#712 = DIRECTION('',(0.,0.,1.));
#713 = PCURVE('',#620,#714);
#714 = DEFINITIONAL_REPRESENTATION('',(#715),#718);
#715 = B_SPLINE_CURVE_WITH_KNOTS('',1,(#716,#717),.UNSPECIFIED.,.F.,.F.,
  (2,2),(0.5,34.3),.PIECEWISE_BEZIER_KNOTS.);
#716 = CARTESIAN_POINT('',(1.,2.05));
#717 = CARTESIAN_POINT('',(34.8,2.05));
#718 = ( GEOMETRIC_REPRESENTATION_CONTEXT(2) 
PARAMETRIC_REPRESENTATION_CONTEXT() REPRESENTATION_CONTEXT('2D SPACE',''
  ) );
#719 = PCURVE('',#594,#720);
#720 = DEFINITIONAL_REPRESENTATION('',(#721),#724);
#721 = B_SPLINE_CURVE_WITH_KNOTS('',1,(#722,#723),.UNSPECIFIED.,.F.,.F.,
  (2,2),(0.5,34.3),.PIECEWISE_BEZIER_KNOTS.);
#722 = CARTESIAN_POINT('',(0.,-1.56));
#723 = CARTESIAN_POINT('',(33.8,-1.56));
#724 = ( GEOMETRIC_REPRESENTATION_CONTEXT(2) 
PARAMETRIC_REPRESENTATION_CONTEXT() REPRESENTATION_CONTEXT('2D SPACE',''
  ) );
#725 = ORIENTED_EDGE('',*,*,#605,.F.);
#726 = ORIENTED_EDGE('',*,*,#727,.T.);
#727 = EDGE_CURVE('',#606,#728,#730,.T.);
#728 = VERTEX_POINT('',#729);
#729 = CARTESIAN_POINT('',(-16.95,-11.1,-10.2));
#730 = SURFACE_CURVE('',#731,(#735,#742),.PCURVE_S1.);
#731 = LINE('',#732,#733);
#732 = CARTESIAN_POINT('',(-16.95,-11.1,-45.));
#733 = VECTOR('',#734,1.);
#734 = DIRECTION('',(0.,0.,1.));
#735 = PCURVE('',#620,#736);
#736 = DEFINITIONAL_REPRESENTATION('',(#737),#741);
#737 = LINE('',#738,#739);
#738 = CARTESIAN_POINT('',(0.,0.));
#739 = VECTOR('',#740,1.);
#740 = DIRECTION('',(1.,0.));
#741 = ( GEOMETRIC_REPRESENTATION_CONTEXT(2) 
PARAMETRIC_REPRESENTATION_CONTEXT() REPRESENTATION_CONTEXT('2D SPACE',''
  ) );
#742 = PCURVE('',#646,#743);
#743 = DEFINITIONAL_REPRESENTATION('',(#744),#748);
#744 = LINE('',#745,#746);
#745 = CARTESIAN_POINT('',(0.,0.));
#746 = VECTOR('',#747,1.);
#747 = DIRECTION('',(1.,0.));
#748 = ( GEOMETRIC_REPRESENTATION_CONTEXT(2) 
PARAMETRIC_REPRESENTATION_CONTEXT() REPRESENTATION_CONTEXT('2D SPACE',''
  ) );
#749 = ORIENTED_EDGE('',*,*,#750,.T.);
#750 = EDGE_CURVE('',#728,#706,#751,.T.);
#751 = SURFACE_CURVE('',#752,(#756,#763),.PCURVE_S1.);
#752 = LINE('',#753,#754);
#753 = CARTESIAN_POINT('',(-16.95,-11.1,-10.2));
#754 = VECTOR('',#755,1.);
#755 = DIRECTION('',(1.,0.,-0.));
#756 = PCURVE('',#620,#757);
#757 = DEFINITIONAL_REPRESENTATION('',(#758),#762);
#758 = LINE('',#759,#760);
#759 = CARTESIAN_POINT('',(34.8,0.));
#760 = VECTOR('',#761,1.);
#761 = DIRECTION('',(0.,1.));
#762 = ( GEOMETRIC_REPRESENTATION_CONTEXT(2) 
PARAMETRIC_REPRESENTATION_CONTEXT() REPRESENTATION_CONTEXT('2D SPACE',''
  ) );
#763 = PCURVE('',#764,#769);
#764 = PLANE('',#765);
#765 = AXIS2_PLACEMENT_3D('',#766,#767,#768);
#766 = CARTESIAN_POINT('',(-16.95,-11.1,-10.2));
#767 = DIRECTION('',(0.,0.,1.));
#768 = DIRECTION('',(1.,0.,-0.));
#769 = DEFINITIONAL_REPRESENTATION('',(#770),#774);
#770 = LINE('',#771,#772);
#771 = CARTESIAN_POINT('',(0.,0.));
#772 = VECTOR('',#773,1.);
#773 = DIRECTION('',(1.,0.));
#774 = ( GEOMETRIC_REPRESENTATION_CONTEXT(2) 
PARAMETRIC_REPRESENTATION_CONTEXT() REPRESENTATION_CONTEXT('2D SPACE',''
  ) );
#775 = ADVANCED_FACE('',(#776),#764,.F.);
#776 = FACE_BOUND('',#777,.F.);
#777 = EDGE_LOOP('',(#778,#803,#824,#825));
#778 = ORIENTED_EDGE('',*,*,#779,.F.);
#779 = EDGE_CURVE('',#780,#782,#784,.T.);
#780 = VERTEX_POINT('',#781);
#781 = CARTESIAN_POINT('',(-16.95,11.1,-10.2));
#782 = VERTEX_POINT('',#783);
#783 = CARTESIAN_POINT('',(-14.9,11.1,-10.2));
#784 = SURFACE_CURVE('',#785,(#789,#796),.PCURVE_S1.);
#785 = LINE('',#786,#787);
#786 = CARTESIAN_POINT('',(-16.95,11.1,-10.2));
#787 = VECTOR('',#788,1.);
#788 = DIRECTION('',(1.,0.,-0.));
#789 = PCURVE('',#764,#790);
#790 = DEFINITIONAL_REPRESENTATION('',(#791),#795);
#791 = LINE('',#792,#793);
#792 = CARTESIAN_POINT('',(0.,22.2));
#793 = VECTOR('',#794,1.);
#794 = DIRECTION('',(1.,0.));
#795 = ( GEOMETRIC_REPRESENTATION_CONTEXT(2) 
PARAMETRIC_REPRESENTATION_CONTEXT() REPRESENTATION_CONTEXT('2D SPACE',''
  ) );
#796 = PCURVE('',#672,#797);
#797 = DEFINITIONAL_REPRESENTATION('',(#798),#802);
#798 = LINE('',#799,#800);
#799 = CARTESIAN_POINT('',(34.8,0.));
#800 = VECTOR('',#801,1.);
#801 = DIRECTION('',(0.,1.));
#802 = ( GEOMETRIC_REPRESENTATION_CONTEXT(2) 
PARAMETRIC_REPRESENTATION_CONTEXT() REPRESENTATION_CONTEXT('2D SPACE',''
  ) );
#803 = ORIENTED_EDGE('',*,*,#804,.F.);
#804 = EDGE_CURVE('',#728,#780,#805,.T.);
#805 = SURFACE_CURVE('',#806,(#810,#817),.PCURVE_S1.);
#806 = LINE('',#807,#808);
#807 = CARTESIAN_POINT('',(-16.95,-11.1,-10.2));
#808 = VECTOR('',#809,1.);
#809 = DIRECTION('',(-0.,1.,0.));
#810 = PCURVE('',#764,#811);
#811 = DEFINITIONAL_REPRESENTATION('',(#812),#816);
#812 = LINE('',#813,#814);
#813 = CARTESIAN_POINT('',(0.,0.));
#814 = VECTOR('',#815,1.);
#815 = DIRECTION('',(0.,1.));
#816 = ( GEOMETRIC_REPRESENTATION_CONTEXT(2) 
PARAMETRIC_REPRESENTATION_CONTEXT() REPRESENTATION_CONTEXT('2D SPACE',''
  ) );
#817 = PCURVE('',#646,#818);
#818 = DEFINITIONAL_REPRESENTATION('',(#819),#823);
#819 = LINE('',#820,#821);
#820 = CARTESIAN_POINT('',(34.8,0.));
#821 = VECTOR('',#822,1.);
#822 = DIRECTION('',(0.,-1.));
#823 = ( GEOMETRIC_REPRESENTATION_CONTEXT(2) 
PARAMETRIC_REPRESENTATION_CONTEXT() REPRESENTATION_CONTEXT('2D SPACE',''
  ) );
#824 = ORIENTED_EDGE('',*,*,#750,.T.);
#825 = ORIENTED_EDGE('',*,*,#826,.F.);
#826 = EDGE_CURVE('',#782,#706,#827,.T.);
#827 = SURFACE_CURVE('',#828,(#832,#838),.PCURVE_S1.);
#828 = LINE('',#829,#830);
#829 = CARTESIAN_POINT('',(-14.9,-11.88,-10.2));
#830 = VECTOR('',#831,1.);
#831 = DIRECTION('',(0.,-1.,0.));
#832 = PCURVE('',#764,#833);
#833 = DEFINITIONAL_REPRESENTATION('',(#834),#837);
#834 = B_SPLINE_CURVE_WITH_KNOTS('',1,(#835,#836),.UNSPECIFIED.,.F.,.F.,
  (2,2),(-22.98,-0.78),.PIECEWISE_BEZIER_KNOTS.);
#835 = CARTESIAN_POINT('',(2.05,22.2));
#836 = CARTESIAN_POINT('',(2.05,0.));
#837 = ( GEOMETRIC_REPRESENTATION_CONTEXT(2) 
PARAMETRIC_REPRESENTATION_CONTEXT() REPRESENTATION_CONTEXT('2D SPACE',''
  ) );
#838 = PCURVE('',#594,#839);
#839 = DEFINITIONAL_REPRESENTATION('',(#840),#843);
#840 = B_SPLINE_CURVE_WITH_KNOTS('',1,(#841,#842),.UNSPECIFIED.,.F.,.F.,
  (2,2),(-22.98,-0.78),.PIECEWISE_BEZIER_KNOTS.);
#841 = CARTESIAN_POINT('',(33.8,-23.76));
#842 = CARTESIAN_POINT('',(33.8,-1.56));
#843 = ( GEOMETRIC_REPRESENTATION_CONTEXT(2) 
PARAMETRIC_REPRESENTATION_CONTEXT() REPRESENTATION_CONTEXT('2D SPACE',''
  ) );
#844 = ADVANCED_FACE('',(#845),#646,.T.);
#845 = FACE_BOUND('',#846,.T.);
#846 = EDGE_LOOP('',(#847,#848,#849,#870));
#847 = ORIENTED_EDGE('',*,*,#727,.F.);
#848 = ORIENTED_EDGE('',*,*,#631,.F.);
#849 = ORIENTED_EDGE('',*,*,#850,.T.);
#850 = EDGE_CURVE('',#632,#780,#851,.T.);
#851 = SURFACE_CURVE('',#852,(#856,#863),.PCURVE_S1.);
#852 = LINE('',#853,#854);
#853 = CARTESIAN_POINT('',(-16.95,11.1,-45.));
#854 = VECTOR('',#855,1.);
#855 = DIRECTION('',(0.,0.,1.));
#856 = PCURVE('',#646,#857);
#857 = DEFINITIONAL_REPRESENTATION('',(#858),#862);
#858 = LINE('',#859,#860);
#859 = CARTESIAN_POINT('',(0.,-22.2));
#860 = VECTOR('',#861,1.);
#861 = DIRECTION('',(1.,0.));
#862 = ( GEOMETRIC_REPRESENTATION_CONTEXT(2) 
PARAMETRIC_REPRESENTATION_CONTEXT() REPRESENTATION_CONTEXT('2D SPACE',''
  ) );
#863 = PCURVE('',#672,#864);
#864 = DEFINITIONAL_REPRESENTATION('',(#865),#869);
#865 = LINE('',#866,#867);
#866 = CARTESIAN_POINT('',(0.,0.));
#867 = VECTOR('',#868,1.);
#868 = DIRECTION('',(1.,0.));
#869 = ( GEOMETRIC_REPRESENTATION_CONTEXT(2) 
PARAMETRIC_REPRESENTATION_CONTEXT() REPRESENTATION_CONTEXT('2D SPACE',''
  ) );
#870 = ORIENTED_EDGE('',*,*,#804,.F.);
#871 = ADVANCED_FACE('',(#872),#672,.F.);
#872 = FACE_BOUND('',#873,.F.);
#873 = EDGE_LOOP('',(#874,#893,#894,#895));
#874 = ORIENTED_EDGE('',*,*,#875,.F.);
#875 = EDGE_CURVE('',#658,#782,#876,.T.);
#876 = SURFACE_CURVE('',#877,(#881,#887),.PCURVE_S1.);
#877 = LINE('',#878,#879);
#878 = CARTESIAN_POINT('',(-14.9,11.1,-44.5));
#879 = VECTOR('',#880,1.);
#880 = DIRECTION('',(0.,0.,1.));
#881 = PCURVE('',#672,#882);
#882 = DEFINITIONAL_REPRESENTATION('',(#883),#886);
#883 = B_SPLINE_CURVE_WITH_KNOTS('',1,(#884,#885),.UNSPECIFIED.,.F.,.F.,
  (2,2),(0.5,34.3),.PIECEWISE_BEZIER_KNOTS.);
#884 = CARTESIAN_POINT('',(1.,2.05));
#885 = CARTESIAN_POINT('',(34.8,2.05));
#886 = ( GEOMETRIC_REPRESENTATION_CONTEXT(2) 
PARAMETRIC_REPRESENTATION_CONTEXT() REPRESENTATION_CONTEXT('2D SPACE',''
  ) );
#887 = PCURVE('',#594,#888);
#888 = DEFINITIONAL_REPRESENTATION('',(#889),#892);
#889 = B_SPLINE_CURVE_WITH_KNOTS('',1,(#890,#891),.UNSPECIFIED.,.F.,.F.,
  (2,2),(0.5,34.3),.PIECEWISE_BEZIER_KNOTS.);
#890 = CARTESIAN_POINT('',(0.,-23.76));
#891 = CARTESIAN_POINT('',(33.8,-23.76));
#892 = ( GEOMETRIC_REPRESENTATION_CONTEXT(2) 
PARAMETRIC_REPRESENTATION_CONTEXT() REPRESENTATION_CONTEXT('2D SPACE',''
  ) );
#893 = ORIENTED_EDGE('',*,*,#657,.F.);
#894 = ORIENTED_EDGE('',*,*,#850,.T.);
#895 = ORIENTED_EDGE('',*,*,#779,.T.);
#896 = ADVANCED_FACE('',(#897),#594,.T.);
#897 = FACE_BOUND('',#898,.T.);
#898 = EDGE_LOOP('',(#899,#927,#950,#978,#1004,#1032,#1055,#1081,#1107,
    #1133,#1162,#1188,#1209,#1228,#1229,#1230,#1231,#1232,#1233,#1254,
    #1275,#1301,#1330,#1356));
#899 = ORIENTED_EDGE('',*,*,#900,.F.);
#900 = EDGE_CURVE('',#901,#903,#905,.T.);
#901 = VERTEX_POINT('',#902);
#902 = CARTESIAN_POINT('',(-14.9,11.1,-44.));
#903 = VERTEX_POINT('',#904);
#904 = CARTESIAN_POINT('',(-14.9,11.1,-33.01060966544));
#905 = SURFACE_CURVE('',#906,(#910,#916),.PCURVE_S1.);
#906 = LINE('',#907,#908);
#907 = CARTESIAN_POINT('',(-14.9,11.1,-44.5));
#908 = VECTOR('',#909,1.);
#909 = DIRECTION('',(0.,0.,1.));
#910 = PCURVE('',#594,#911);
#911 = DEFINITIONAL_REPRESENTATION('',(#912),#915);
#912 = B_SPLINE_CURVE_WITH_KNOTS('',1,(#913,#914),.UNSPECIFIED.,.F.,.F.,
  (2,2),(0.5,34.3),.PIECEWISE_BEZIER_KNOTS.);
#913 = CARTESIAN_POINT('',(0.,-23.76));
#914 = CARTESIAN_POINT('',(33.8,-23.76));
#915 = ( GEOMETRIC_REPRESENTATION_CONTEXT(2) 
PARAMETRIC_REPRESENTATION_CONTEXT() REPRESENTATION_CONTEXT('2D SPACE',''
  ) );
#916 = PCURVE('',#917,#922);
#917 = PLANE('',#918);
#918 = AXIS2_PLACEMENT_3D('',#919,#920,#921);
#919 = CARTESIAN_POINT('',(-16.95,11.1,-45.));
#920 = DIRECTION('',(-0.,1.,0.));
#921 = DIRECTION('',(0.,0.,1.));
#922 = DEFINITIONAL_REPRESENTATION('',(#923),#926);
#923 = B_SPLINE_CURVE_WITH_KNOTS('',1,(#924,#925),.UNSPECIFIED.,.F.,.F.,
  (2,2),(0.5,34.3),.PIECEWISE_BEZIER_KNOTS.);
#924 = CARTESIAN_POINT('',(1.,2.05));
#925 = CARTESIAN_POINT('',(34.8,2.05));
#926 = ( GEOMETRIC_REPRESENTATION_CONTEXT(2) 
PARAMETRIC_REPRESENTATION_CONTEXT() REPRESENTATION_CONTEXT('2D SPACE',''
  ) );
#927 = ORIENTED_EDGE('',*,*,#928,.T.);
#928 = EDGE_CURVE('',#901,#929,#931,.T.);
#929 = VERTEX_POINT('',#930);
#930 = CARTESIAN_POINT('',(-14.9,12.66,-44.));
#931 = SURFACE_CURVE('',#932,(#936,#943),.PCURVE_S1.);
#932 = LINE('',#933,#934);
#933 = CARTESIAN_POINT('',(-14.9,-12.66,-44.));
#934 = VECTOR('',#935,1.);
#935 = DIRECTION('',(-0.,1.,0.));
#936 = PCURVE('',#594,#937);
#937 = DEFINITIONAL_REPRESENTATION('',(#938),#942);
#938 = LINE('',#939,#940);
#939 = CARTESIAN_POINT('',(0.,0.));
#940 = VECTOR('',#941,1.);
#941 = DIRECTION('',(0.,-1.));
#942 = ( GEOMETRIC_REPRESENTATION_CONTEXT(2) 
PARAMETRIC_REPRESENTATION_CONTEXT() REPRESENTATION_CONTEXT('2D SPACE',''
  ) );
#943 = PCURVE('',#181,#944);
#944 = DEFINITIONAL_REPRESENTATION('',(#945),#949);
#945 = LINE('',#946,#947);
#946 = CARTESIAN_POINT('',(5.05,2.6));
#947 = VECTOR('',#948,1.);
#948 = DIRECTION('',(0.,1.));
#949 = ( GEOMETRIC_REPRESENTATION_CONTEXT(2) 
PARAMETRIC_REPRESENTATION_CONTEXT() REPRESENTATION_CONTEXT('2D SPACE',''
  ) );
#950 = ORIENTED_EDGE('',*,*,#951,.T.);
#951 = EDGE_CURVE('',#929,#952,#954,.T.);
#952 = VERTEX_POINT('',#953);
#953 = CARTESIAN_POINT('',(-14.9,12.66,-9.5));
#954 = SURFACE_CURVE('',#955,(#959,#966),.PCURVE_S1.);
#955 = LINE('',#956,#957);
#956 = CARTESIAN_POINT('',(-14.9,12.66,-44.));
#957 = VECTOR('',#958,1.);
#958 = DIRECTION('',(0.,0.,1.));
#959 = PCURVE('',#594,#960);
#960 = DEFINITIONAL_REPRESENTATION('',(#961),#965);
#961 = LINE('',#962,#963);
#962 = CARTESIAN_POINT('',(0.,-25.32));
#963 = VECTOR('',#964,1.);
#964 = DIRECTION('',(1.,0.));
#965 = ( GEOMETRIC_REPRESENTATION_CONTEXT(2) 
PARAMETRIC_REPRESENTATION_CONTEXT() REPRESENTATION_CONTEXT('2D SPACE',''
  ) );
#966 = PCURVE('',#967,#972);
#967 = PLANE('',#968);
#968 = AXIS2_PLACEMENT_3D('',#969,#970,#971);
#969 = CARTESIAN_POINT('',(-17.35,12.66,-44.));
#970 = DIRECTION('',(-0.,1.,0.));
#971 = DIRECTION('',(0.,0.,1.));
#972 = DEFINITIONAL_REPRESENTATION('',(#973),#977);
#973 = LINE('',#974,#975);
#974 = CARTESIAN_POINT('',(0.,2.45));
#975 = VECTOR('',#976,1.);
#976 = DIRECTION('',(1.,0.));
#977 = ( GEOMETRIC_REPRESENTATION_CONTEXT(2) 
PARAMETRIC_REPRESENTATION_CONTEXT() REPRESENTATION_CONTEXT('2D SPACE',''
  ) );
#978 = ORIENTED_EDGE('',*,*,#979,.T.);
#979 = EDGE_CURVE('',#952,#980,#982,.T.);
#980 = VERTEX_POINT('',#981);
#981 = CARTESIAN_POINT('',(-14.9,-12.66,-9.5));
#982 = SURFACE_CURVE('',#983,(#987,#993),.PCURVE_S1.);
#983 = LINE('',#984,#985);
#984 = CARTESIAN_POINT('',(-14.9,-12.66,-9.5));
#985 = VECTOR('',#986,1.);
#986 = DIRECTION('',(0.,-1.,0.));
#987 = PCURVE('',#594,#988);
#988 = DEFINITIONAL_REPRESENTATION('',(#989),#992);
#989 = B_SPLINE_CURVE_WITH_KNOTS('',1,(#990,#991),.UNSPECIFIED.,.F.,.F.,
  (2,2),(-25.32,0.),.PIECEWISE_BEZIER_KNOTS.);
#990 = CARTESIAN_POINT('',(34.5,-25.32));
#991 = CARTESIAN_POINT('',(34.5,0.));
#992 = ( GEOMETRIC_REPRESENTATION_CONTEXT(2) 
PARAMETRIC_REPRESENTATION_CONTEXT() REPRESENTATION_CONTEXT('2D SPACE',''
  ) );
#993 = PCURVE('',#994,#999);
#994 = PLANE('',#995);
#995 = AXIS2_PLACEMENT_3D('',#996,#997,#998);
#996 = CARTESIAN_POINT('',(-17.35,-12.66,-9.5));
#997 = DIRECTION('',(0.,0.,1.));
#998 = DIRECTION('',(1.,0.,-0.));
#999 = DEFINITIONAL_REPRESENTATION('',(#1000),#1003);
#1000 = B_SPLINE_CURVE_WITH_KNOTS('',1,(#1001,#1002),.UNSPECIFIED.,.F.,
  .F.,(2,2),(-25.32,0.),.PIECEWISE_BEZIER_KNOTS.);
#1001 = CARTESIAN_POINT('',(2.45,25.32));
#1002 = CARTESIAN_POINT('',(2.45,0.));
#1003 = ( GEOMETRIC_REPRESENTATION_CONTEXT(2) 
PARAMETRIC_REPRESENTATION_CONTEXT() REPRESENTATION_CONTEXT('2D SPACE',''
  ) );
#1004 = ORIENTED_EDGE('',*,*,#1005,.F.);
#1005 = EDGE_CURVE('',#1006,#980,#1008,.T.);
#1006 = VERTEX_POINT('',#1007);
#1007 = CARTESIAN_POINT('',(-14.9,-12.66,-44.));
#1008 = SURFACE_CURVE('',#1009,(#1013,#1020),.PCURVE_S1.);
#1009 = LINE('',#1010,#1011);
#1010 = CARTESIAN_POINT('',(-14.9,-12.66,-44.));
#1011 = VECTOR('',#1012,1.);
#1012 = DIRECTION('',(0.,0.,1.));
#1013 = PCURVE('',#594,#1014);
#1014 = DEFINITIONAL_REPRESENTATION('',(#1015),#1019);
#1015 = LINE('',#1016,#1017);
#1016 = CARTESIAN_POINT('',(0.,0.));
#1017 = VECTOR('',#1018,1.);
#1018 = DIRECTION('',(1.,0.));
#1019 = ( GEOMETRIC_REPRESENTATION_CONTEXT(2) 
PARAMETRIC_REPRESENTATION_CONTEXT() REPRESENTATION_CONTEXT('2D SPACE',''
  ) );
#1020 = PCURVE('',#1021,#1026);
#1021 = PLANE('',#1022);
#1022 = AXIS2_PLACEMENT_3D('',#1023,#1024,#1025);
#1023 = CARTESIAN_POINT('',(-17.35,-12.66,-44.));
#1024 = DIRECTION('',(-0.,1.,0.));
#1025 = DIRECTION('',(0.,0.,1.));
#1026 = DEFINITIONAL_REPRESENTATION('',(#1027),#1031);
#1027 = LINE('',#1028,#1029);
#1028 = CARTESIAN_POINT('',(0.,2.45));
#1029 = VECTOR('',#1030,1.);
#1030 = DIRECTION('',(1.,0.));
#1031 = ( GEOMETRIC_REPRESENTATION_CONTEXT(2) 
PARAMETRIC_REPRESENTATION_CONTEXT() REPRESENTATION_CONTEXT('2D SPACE',''
  ) );
#1032 = ORIENTED_EDGE('',*,*,#1033,.T.);
#1033 = EDGE_CURVE('',#1006,#1034,#1036,.T.);
#1034 = VERTEX_POINT('',#1035);
#1035 = CARTESIAN_POINT('',(-14.9,-11.1,-44.));
#1036 = SURFACE_CURVE('',#1037,(#1041,#1048),.PCURVE_S1.);
#1037 = LINE('',#1038,#1039);
#1038 = CARTESIAN_POINT('',(-14.9,-12.66,-44.));
#1039 = VECTOR('',#1040,1.);
#1040 = DIRECTION('',(-0.,1.,0.));
#1041 = PCURVE('',#594,#1042);
#1042 = DEFINITIONAL_REPRESENTATION('',(#1043),#1047);
#1043 = LINE('',#1044,#1045);
#1044 = CARTESIAN_POINT('',(0.,0.));
#1045 = VECTOR('',#1046,1.);
#1046 = DIRECTION('',(0.,-1.));
#1047 = ( GEOMETRIC_REPRESENTATION_CONTEXT(2) 
PARAMETRIC_REPRESENTATION_CONTEXT() REPRESENTATION_CONTEXT('2D SPACE',''
  ) );
#1048 = PCURVE('',#72,#1049);
#1049 = DEFINITIONAL_REPRESENTATION('',(#1050),#1054);
#1050 = LINE('',#1051,#1052);
#1051 = CARTESIAN_POINT('',(5.05,2.6));
#1052 = VECTOR('',#1053,1.);
#1053 = DIRECTION('',(0.,1.));
#1054 = ( GEOMETRIC_REPRESENTATION_CONTEXT(2) 
PARAMETRIC_REPRESENTATION_CONTEXT() REPRESENTATION_CONTEXT('2D SPACE',''
  ) );
#1055 = ORIENTED_EDGE('',*,*,#1056,.T.);
#1056 = EDGE_CURVE('',#1034,#1057,#1059,.T.);
#1057 = VERTEX_POINT('',#1058);
#1058 = CARTESIAN_POINT('',(-14.9,-11.1,-33.01060966544));
#1059 = SURFACE_CURVE('',#1060,(#1064,#1070),.PCURVE_S1.);
#1060 = LINE('',#1061,#1062);
#1061 = CARTESIAN_POINT('',(-14.9,-11.1,-44.5));
#1062 = VECTOR('',#1063,1.);
#1063 = DIRECTION('',(0.,0.,1.));
#1064 = PCURVE('',#594,#1065);
#1065 = DEFINITIONAL_REPRESENTATION('',(#1066),#1069);
#1066 = B_SPLINE_CURVE_WITH_KNOTS('',1,(#1067,#1068),.UNSPECIFIED.,.F.,
  .F.,(2,2),(0.5,34.3),.PIECEWISE_BEZIER_KNOTS.);
#1067 = CARTESIAN_POINT('',(0.,-1.56));
#1068 = CARTESIAN_POINT('',(33.8,-1.56));
#1069 = ( GEOMETRIC_REPRESENTATION_CONTEXT(2) 
PARAMETRIC_REPRESENTATION_CONTEXT() REPRESENTATION_CONTEXT('2D SPACE',''
  ) );
#1070 = PCURVE('',#1071,#1076);
#1071 = PLANE('',#1072);
#1072 = AXIS2_PLACEMENT_3D('',#1073,#1074,#1075);
#1073 = CARTESIAN_POINT('',(-16.95,-11.1,-45.));
#1074 = DIRECTION('',(-0.,1.,0.));
#1075 = DIRECTION('',(0.,0.,1.));
#1076 = DEFINITIONAL_REPRESENTATION('',(#1077),#1080);
#1077 = B_SPLINE_CURVE_WITH_KNOTS('',1,(#1078,#1079),.UNSPECIFIED.,.F.,
  .F.,(2,2),(0.5,34.3),.PIECEWISE_BEZIER_KNOTS.);
#1078 = CARTESIAN_POINT('',(1.,2.05));
#1079 = CARTESIAN_POINT('',(34.8,2.05));
#1080 = ( GEOMETRIC_REPRESENTATION_CONTEXT(2) 
PARAMETRIC_REPRESENTATION_CONTEXT() REPRESENTATION_CONTEXT('2D SPACE',''
  ) );
#1081 = ORIENTED_EDGE('',*,*,#1082,.F.);
#1082 = EDGE_CURVE('',#1083,#1057,#1085,.T.);
#1083 = VERTEX_POINT('',#1084);
#1084 = CARTESIAN_POINT('',(-14.9,-11.7,-32.41060966544));
#1085 = SURFACE_CURVE('',#1086,(#1090,#1096),.PCURVE_S1.);
#1086 = LINE('',#1087,#1088);
#1087 = CARTESIAN_POINT('',(-14.9,-9.342957249081,-34.76765241636));
#1088 = VECTOR('',#1089,1.);
#1089 = DIRECTION('',(-0.,0.707106781187,-0.707106781187));
#1090 = PCURVE('',#594,#1091);
#1091 = DEFINITIONAL_REPRESENTATION('',(#1092),#1095);
#1092 = B_SPLINE_CURVE_WITH_KNOTS('',1,(#1093,#1094),.UNSPECIFIED.,.F.,
  .F.,(2,2),(-3.333361825443,-2.132142494561),.PIECEWISE_BEZIER_KNOTS.);
#1093 = CARTESIAN_POINT('',(11.589390334559,-0.96));
#1094 = CARTESIAN_POINT('',(10.74,-1.809390334559));
#1095 = ( GEOMETRIC_REPRESENTATION_CONTEXT(2) 
PARAMETRIC_REPRESENTATION_CONTEXT() REPRESENTATION_CONTEXT('2D SPACE',''
  ) );
#1096 = PCURVE('',#1097,#1102);
#1097 = PLANE('',#1098);
#1098 = AXIS2_PLACEMENT_3D('',#1099,#1100,#1101);
#1099 = CARTESIAN_POINT('',(-21.,-12.30060966544,-31.81));
#1100 = DIRECTION('',(0.,-0.707106781187,-0.707106781187));
#1101 = DIRECTION('',(0.,0.707106781187,-0.707106781187));
#1102 = DEFINITIONAL_REPRESENTATION('',(#1103),#1106);
#1103 = B_SPLINE_CURVE_WITH_KNOTS('',1,(#1104,#1105),.UNSPECIFIED.,.F.,
  .F.,(2,2),(-3.333361825443,-2.132142494561),.PIECEWISE_BEZIER_KNOTS.);
#1104 = CARTESIAN_POINT('',(0.849390334559,6.1));
#1105 = CARTESIAN_POINT('',(2.050609665441,6.1));
#1106 = ( GEOMETRIC_REPRESENTATION_CONTEXT(2) 
PARAMETRIC_REPRESENTATION_CONTEXT() REPRESENTATION_CONTEXT('2D SPACE',''
  ) );
#1107 = ORIENTED_EDGE('',*,*,#1108,.F.);
#1108 = EDGE_CURVE('',#1109,#1083,#1111,.T.);
#1109 = VERTEX_POINT('',#1110);
#1110 = CARTESIAN_POINT('',(-14.9,-11.7,-31.81));
#1111 = SURFACE_CURVE('',#1112,(#1116,#1122),.PCURVE_S1.);
#1112 = LINE('',#1113,#1114);
#1113 = CARTESIAN_POINT('',(-14.9,-11.7,-37.905));
#1114 = VECTOR('',#1115,1.);
#1115 = DIRECTION('',(0.,-1.224646799147E-16,-1.));
#1116 = PCURVE('',#594,#1117);
#1117 = DEFINITIONAL_REPRESENTATION('',(#1118),#1121);
#1118 = B_SPLINE_CURVE_WITH_KNOTS('',1,(#1119,#1120),.UNSPECIFIED.,.F.,
  .F.,(2,2),(-6.095,-5.494390334559),.PIECEWISE_BEZIER_KNOTS.);
#1119 = CARTESIAN_POINT('',(12.19,-0.96));
#1120 = CARTESIAN_POINT('',(11.589390334559,-0.96));
#1121 = ( GEOMETRIC_REPRESENTATION_CONTEXT(2) 
PARAMETRIC_REPRESENTATION_CONTEXT() REPRESENTATION_CONTEXT('2D SPACE',''
  ) );
#1122 = PCURVE('',#1123,#1128);
#1123 = PLANE('',#1124);
#1124 = AXIS2_PLACEMENT_3D('',#1125,#1126,#1127);
#1125 = CARTESIAN_POINT('',(-21.,-11.7,-31.81));
#1126 = DIRECTION('',(0.,-1.,1.224646799147E-16));
#1127 = DIRECTION('',(0.,-1.224646799147E-16,-1.));
#1128 = DEFINITIONAL_REPRESENTATION('',(#1129),#1132);
#1129 = B_SPLINE_CURVE_WITH_KNOTS('',1,(#1130,#1131),.UNSPECIFIED.,.F.,
  .F.,(2,2),(-6.095,-5.494390334559),.PIECEWISE_BEZIER_KNOTS.);
#1130 = CARTESIAN_POINT('',(0.,6.1));
#1131 = CARTESIAN_POINT('',(0.600609665441,6.1));
#1132 = ( GEOMETRIC_REPRESENTATION_CONTEXT(2) 
PARAMETRIC_REPRESENTATION_CONTEXT() REPRESENTATION_CONTEXT('2D SPACE',''
  ) );
#1133 = ORIENTED_EDGE('',*,*,#1134,.F.);
#1134 = EDGE_CURVE('',#1135,#1109,#1137,.T.);
#1135 = VERTEX_POINT('',#1136);
#1136 = CARTESIAN_POINT('',(-14.9,-11.1,-30.63526598755));
#1137 = SURFACE_CURVE('',#1138,(#1143,#1150),.PCURVE_S1.);
#1138 = CIRCLE('',#1139,1.45);
#1139 = AXIS2_PLACEMENT_3D('',#1140,#1141,#1142);
#1140 = CARTESIAN_POINT('',(-14.9,-10.25,-31.81));
#1141 = DIRECTION('',(1.,-2.719262146894E-32,-2.22044604925E-16));
#1142 = DIRECTION('',(2.22044604925E-16,1.224646799147E-16,1.));
#1143 = PCURVE('',#594,#1144);
#1144 = DEFINITIONAL_REPRESENTATION('',(#1145),#1149);
#1145 = CIRCLE('',#1146,1.45);
#1146 = AXIS2_PLACEMENT_2D('',#1147,#1148);
#1147 = CARTESIAN_POINT('',(12.19,-2.41));
#1148 = DIRECTION('',(1.,-1.224646799147E-16));
#1149 = ( GEOMETRIC_REPRESENTATION_CONTEXT(2) 
PARAMETRIC_REPRESENTATION_CONTEXT() REPRESENTATION_CONTEXT('2D SPACE',''
  ) );
#1150 = PCURVE('',#1151,#1156);
#1151 = CYLINDRICAL_SURFACE('',#1152,1.45);
#1152 = AXIS2_PLACEMENT_3D('',#1153,#1154,#1155);
#1153 = CARTESIAN_POINT('',(-21.,-10.25,-31.81));
#1154 = DIRECTION('',(1.,-2.719262146894E-32,-2.22044604925E-16));
#1155 = DIRECTION('',(2.22044604925E-16,1.224646799147E-16,1.));
#1156 = DEFINITIONAL_REPRESENTATION('',(#1157),#1161);
#1157 = LINE('',#1158,#1159);
#1158 = CARTESIAN_POINT('',(0.,6.1));
#1159 = VECTOR('',#1160,1.);
#1160 = DIRECTION('',(1.,0.));
#1161 = ( GEOMETRIC_REPRESENTATION_CONTEXT(2) 
PARAMETRIC_REPRESENTATION_CONTEXT() REPRESENTATION_CONTEXT('2D SPACE',''
  ) );
#1162 = ORIENTED_EDGE('',*,*,#1163,.T.);
#1163 = EDGE_CURVE('',#1135,#1164,#1166,.T.);
#1164 = VERTEX_POINT('',#1165);
#1165 = CARTESIAN_POINT('',(-14.9,-11.1,-28.81));
#1166 = SURFACE_CURVE('',#1167,(#1171,#1177),.PCURVE_S1.);
#1167 = LINE('',#1168,#1169);
#1168 = CARTESIAN_POINT('',(-14.9,-11.1,-44.5));
#1169 = VECTOR('',#1170,1.);
#1170 = DIRECTION('',(0.,0.,1.));
#1171 = PCURVE('',#594,#1172);
#1172 = DEFINITIONAL_REPRESENTATION('',(#1173),#1176);
#1173 = B_SPLINE_CURVE_WITH_KNOTS('',1,(#1174,#1175),.UNSPECIFIED.,.F.,
  .F.,(2,2),(0.5,34.3),.PIECEWISE_BEZIER_KNOTS.);
#1174 = CARTESIAN_POINT('',(0.,-1.56));
#1175 = CARTESIAN_POINT('',(33.8,-1.56));
#1176 = ( GEOMETRIC_REPRESENTATION_CONTEXT(2) 
PARAMETRIC_REPRESENTATION_CONTEXT() REPRESENTATION_CONTEXT('2D SPACE',''
  ) );
#1177 = PCURVE('',#1178,#1183);
#1178 = PLANE('',#1179);
#1179 = AXIS2_PLACEMENT_3D('',#1180,#1181,#1182);
#1180 = CARTESIAN_POINT('',(-16.95,-11.1,-45.));
#1181 = DIRECTION('',(-0.,1.,0.));
#1182 = DIRECTION('',(0.,0.,1.));
#1183 = DEFINITIONAL_REPRESENTATION('',(#1184),#1187);
#1184 = B_SPLINE_CURVE_WITH_KNOTS('',1,(#1185,#1186),.UNSPECIFIED.,.F.,
  .F.,(2,2),(0.5,34.3),.PIECEWISE_BEZIER_KNOTS.);
#1185 = CARTESIAN_POINT('',(1.,2.05));
#1186 = CARTESIAN_POINT('',(34.8,2.05));
#1187 = ( GEOMETRIC_REPRESENTATION_CONTEXT(2) 
PARAMETRIC_REPRESENTATION_CONTEXT() REPRESENTATION_CONTEXT('2D SPACE',''
  ) );
#1188 = ORIENTED_EDGE('',*,*,#1189,.T.);
#1189 = EDGE_CURVE('',#1164,#1190,#1192,.T.);
#1190 = VERTEX_POINT('',#1191);
#1191 = CARTESIAN_POINT('',(-14.9,-11.4,-28.81));
#1192 = SURFACE_CURVE('',#1193,(#1197,#1203),.PCURVE_S1.);
#1193 = LINE('',#1194,#1195);
#1194 = CARTESIAN_POINT('',(-14.9,-12.03,-28.81));
#1195 = VECTOR('',#1196,1.);
#1196 = DIRECTION('',(0.,-1.,0.));
#1197 = PCURVE('',#594,#1198);
#1198 = DEFINITIONAL_REPRESENTATION('',(#1199),#1202);
#1199 = B_SPLINE_CURVE_WITH_KNOTS('',1,(#1200,#1201),.UNSPECIFIED.,.F.,
  .F.,(2,2),(-23.43,-0.63),.PIECEWISE_BEZIER_KNOTS.);
#1200 = CARTESIAN_POINT('',(15.19,-24.06));
#1201 = CARTESIAN_POINT('',(15.19,-1.26));
#1202 = ( GEOMETRIC_REPRESENTATION_CONTEXT(2) 
PARAMETRIC_REPRESENTATION_CONTEXT() REPRESENTATION_CONTEXT('2D SPACE',''
  ) );
#1203 = PCURVE('',#442,#1204);
#1204 = DEFINITIONAL_REPRESENTATION('',(#1205),#1208);
#1205 = B_SPLINE_CURVE_WITH_KNOTS('',1,(#1206,#1207),.UNSPECIFIED.,.F.,
  .F.,(2,2),(-23.43,-0.63),.PIECEWISE_BEZIER_KNOTS.);
#1206 = CARTESIAN_POINT('',(6.1,22.8));
#1207 = CARTESIAN_POINT('',(6.1,0.));
#1208 = ( GEOMETRIC_REPRESENTATION_CONTEXT(2) 
PARAMETRIC_REPRESENTATION_CONTEXT() REPRESENTATION_CONTEXT('2D SPACE',''
  ) );
#1209 = ORIENTED_EDGE('',*,*,#1210,.T.);
#1210 = EDGE_CURVE('',#1190,#557,#1211,.T.);
#1211 = SURFACE_CURVE('',#1212,(#1216,#1222),.PCURVE_S1.);
#1212 = LINE('',#1213,#1214);
#1213 = CARTESIAN_POINT('',(-14.9,-11.4,-36.405));
#1214 = VECTOR('',#1215,1.);
#1215 = DIRECTION('',(0.,0.,1.));
#1216 = PCURVE('',#594,#1217);
#1217 = DEFINITIONAL_REPRESENTATION('',(#1218),#1221);
#1218 = B_SPLINE_CURVE_WITH_KNOTS('',1,(#1219,#1220),.UNSPECIFIED.,.F.,
  .F.,(2,2),(7.595,13.645),.PIECEWISE_BEZIER_KNOTS.);
#1219 = CARTESIAN_POINT('',(15.19,-1.26));
#1220 = CARTESIAN_POINT('',(21.24,-1.26));
#1221 = ( GEOMETRIC_REPRESENTATION_CONTEXT(2) 
PARAMETRIC_REPRESENTATION_CONTEXT() REPRESENTATION_CONTEXT('2D SPACE',''
  ) );
#1222 = PCURVE('',#468,#1223);
#1223 = DEFINITIONAL_REPRESENTATION('',(#1224),#1227);
#1224 = B_SPLINE_CURVE_WITH_KNOTS('',1,(#1225,#1226),.UNSPECIFIED.,.F.,
  .F.,(2,2),(7.595,13.645),.PIECEWISE_BEZIER_KNOTS.);
#1225 = CARTESIAN_POINT('',(0.,6.1));
#1226 = CARTESIAN_POINT('',(6.05,6.1));
#1227 = ( GEOMETRIC_REPRESENTATION_CONTEXT(2) 
PARAMETRIC_REPRESENTATION_CONTEXT() REPRESENTATION_CONTEXT('2D SPACE',''
  ) );
#1228 = ORIENTED_EDGE('',*,*,#579,.F.);
#1229 = ORIENTED_EDGE('',*,*,#705,.T.);
#1230 = ORIENTED_EDGE('',*,*,#826,.F.);
#1231 = ORIENTED_EDGE('',*,*,#875,.F.);
#1232 = ORIENTED_EDGE('',*,*,#683,.F.);
#1233 = ORIENTED_EDGE('',*,*,#1234,.F.);
#1234 = EDGE_CURVE('',#1235,#533,#1237,.T.);
#1235 = VERTEX_POINT('',#1236);
#1236 = CARTESIAN_POINT('',(-14.9,11.4,-28.81));
#1237 = SURFACE_CURVE('',#1238,(#1242,#1248),.PCURVE_S1.);
#1238 = LINE('',#1239,#1240);
#1239 = CARTESIAN_POINT('',(-14.9,11.4,-36.405));
#1240 = VECTOR('',#1241,1.);
#1241 = DIRECTION('',(0.,0.,1.));
#1242 = PCURVE('',#594,#1243);
#1243 = DEFINITIONAL_REPRESENTATION('',(#1244),#1247);
#1244 = B_SPLINE_CURVE_WITH_KNOTS('',1,(#1245,#1246),.UNSPECIFIED.,.F.,
  .F.,(2,2),(7.595,13.645),.PIECEWISE_BEZIER_KNOTS.);
#1245 = CARTESIAN_POINT('',(15.19,-24.06));
#1246 = CARTESIAN_POINT('',(21.24,-24.06));
#1247 = ( GEOMETRIC_REPRESENTATION_CONTEXT(2) 
PARAMETRIC_REPRESENTATION_CONTEXT() REPRESENTATION_CONTEXT('2D SPACE',''
  ) );
#1248 = PCURVE('',#518,#1249);
#1249 = DEFINITIONAL_REPRESENTATION('',(#1250),#1253);
#1250 = B_SPLINE_CURVE_WITH_KNOTS('',1,(#1251,#1252),.UNSPECIFIED.,.F.,
  .F.,(2,2),(7.595,13.645),.PIECEWISE_BEZIER_KNOTS.);
#1251 = CARTESIAN_POINT('',(0.,6.1));
#1252 = CARTESIAN_POINT('',(6.05,6.1));
#1253 = ( GEOMETRIC_REPRESENTATION_CONTEXT(2) 
PARAMETRIC_REPRESENTATION_CONTEXT() REPRESENTATION_CONTEXT('2D SPACE',''
  ) );
#1254 = ORIENTED_EDGE('',*,*,#1255,.T.);
#1255 = EDGE_CURVE('',#1235,#1256,#1258,.T.);
#1256 = VERTEX_POINT('',#1257);
#1257 = CARTESIAN_POINT('',(-14.9,11.1,-28.81));
#1258 = SURFACE_CURVE('',#1259,(#1263,#1269),.PCURVE_S1.);
#1259 = LINE('',#1260,#1261);
#1260 = CARTESIAN_POINT('',(-14.9,-12.03,-28.81));
#1261 = VECTOR('',#1262,1.);
#1262 = DIRECTION('',(0.,-1.,0.));
#1263 = PCURVE('',#594,#1264);
#1264 = DEFINITIONAL_REPRESENTATION('',(#1265),#1268);
#1265 = B_SPLINE_CURVE_WITH_KNOTS('',1,(#1266,#1267),.UNSPECIFIED.,.F.,
  .F.,(2,2),(-23.43,-0.63),.PIECEWISE_BEZIER_KNOTS.);
#1266 = CARTESIAN_POINT('',(15.19,-24.06));
#1267 = CARTESIAN_POINT('',(15.19,-1.26));
#1268 = ( GEOMETRIC_REPRESENTATION_CONTEXT(2) 
PARAMETRIC_REPRESENTATION_CONTEXT() REPRESENTATION_CONTEXT('2D SPACE',''
  ) );
#1269 = PCURVE('',#442,#1270);
#1270 = DEFINITIONAL_REPRESENTATION('',(#1271),#1274);
#1271 = B_SPLINE_CURVE_WITH_KNOTS('',1,(#1272,#1273),.UNSPECIFIED.,.F.,
  .F.,(2,2),(-23.43,-0.63),.PIECEWISE_BEZIER_KNOTS.);
#1272 = CARTESIAN_POINT('',(6.1,22.8));
#1273 = CARTESIAN_POINT('',(6.1,0.));
#1274 = ( GEOMETRIC_REPRESENTATION_CONTEXT(2) 
PARAMETRIC_REPRESENTATION_CONTEXT() REPRESENTATION_CONTEXT('2D SPACE',''
  ) );
#1275 = ORIENTED_EDGE('',*,*,#1276,.F.);
#1276 = EDGE_CURVE('',#1277,#1256,#1279,.T.);
#1277 = VERTEX_POINT('',#1278);
#1278 = CARTESIAN_POINT('',(-14.9,11.1,-30.63526598755));
#1279 = SURFACE_CURVE('',#1280,(#1284,#1290),.PCURVE_S1.);
#1280 = LINE('',#1281,#1282);
#1281 = CARTESIAN_POINT('',(-14.9,11.1,-44.5));
#1282 = VECTOR('',#1283,1.);
#1283 = DIRECTION('',(0.,0.,1.));
#1284 = PCURVE('',#594,#1285);
#1285 = DEFINITIONAL_REPRESENTATION('',(#1286),#1289);
#1286 = B_SPLINE_CURVE_WITH_KNOTS('',1,(#1287,#1288),.UNSPECIFIED.,.F.,
  .F.,(2,2),(0.5,34.3),.PIECEWISE_BEZIER_KNOTS.);
#1287 = CARTESIAN_POINT('',(0.,-23.76));
#1288 = CARTESIAN_POINT('',(33.8,-23.76));
#1289 = ( GEOMETRIC_REPRESENTATION_CONTEXT(2) 
PARAMETRIC_REPRESENTATION_CONTEXT() REPRESENTATION_CONTEXT('2D SPACE',''
  ) );
#1290 = PCURVE('',#1291,#1296);
#1291 = PLANE('',#1292);
#1292 = AXIS2_PLACEMENT_3D('',#1293,#1294,#1295);
#1293 = CARTESIAN_POINT('',(-16.95,11.1,-45.));
#1294 = DIRECTION('',(-0.,1.,0.));
#1295 = DIRECTION('',(0.,0.,1.));
#1296 = DEFINITIONAL_REPRESENTATION('',(#1297),#1300);
#1297 = B_SPLINE_CURVE_WITH_KNOTS('',1,(#1298,#1299),.UNSPECIFIED.,.F.,
  .F.,(2,2),(0.5,34.3),.PIECEWISE_BEZIER_KNOTS.);
#1298 = CARTESIAN_POINT('',(1.,2.05));
#1299 = CARTESIAN_POINT('',(34.8,2.05));
#1300 = ( GEOMETRIC_REPRESENTATION_CONTEXT(2) 
PARAMETRIC_REPRESENTATION_CONTEXT() REPRESENTATION_CONTEXT('2D SPACE',''
  ) );
#1301 = ORIENTED_EDGE('',*,*,#1302,.F.);
#1302 = EDGE_CURVE('',#1303,#1277,#1305,.T.);
#1303 = VERTEX_POINT('',#1304);
#1304 = CARTESIAN_POINT('',(-14.9,11.7,-31.81));
#1305 = SURFACE_CURVE('',#1306,(#1311,#1318),.PCURVE_S1.);
#1306 = CIRCLE('',#1307,1.45);
#1307 = AXIS2_PLACEMENT_3D('',#1308,#1309,#1310);
#1308 = CARTESIAN_POINT('',(-14.9,10.25,-31.81));
#1309 = DIRECTION('',(1.,-2.719262146894E-32,-2.22044604925E-16));
#1310 = DIRECTION('',(2.22044604925E-16,1.224646799147E-16,1.));
#1311 = PCURVE('',#594,#1312);
#1312 = DEFINITIONAL_REPRESENTATION('',(#1313),#1317);
#1313 = CIRCLE('',#1314,1.45);
#1314 = AXIS2_PLACEMENT_2D('',#1315,#1316);
#1315 = CARTESIAN_POINT('',(12.19,-22.91));
#1316 = DIRECTION('',(1.,-1.224646799147E-16));
#1317 = ( GEOMETRIC_REPRESENTATION_CONTEXT(2) 
PARAMETRIC_REPRESENTATION_CONTEXT() REPRESENTATION_CONTEXT('2D SPACE',''
  ) );
#1318 = PCURVE('',#1319,#1324);
#1319 = CYLINDRICAL_SURFACE('',#1320,1.45);
#1320 = AXIS2_PLACEMENT_3D('',#1321,#1322,#1323);
#1321 = CARTESIAN_POINT('',(-21.,10.25,-31.81));
#1322 = DIRECTION('',(1.,-2.719262146894E-32,-2.22044604925E-16));
#1323 = DIRECTION('',(2.22044604925E-16,1.224646799147E-16,1.));
#1324 = DEFINITIONAL_REPRESENTATION('',(#1325),#1329);
#1325 = LINE('',#1326,#1327);
#1326 = CARTESIAN_POINT('',(0.,6.1));
#1327 = VECTOR('',#1328,1.);
#1328 = DIRECTION('',(1.,0.));
#1329 = ( GEOMETRIC_REPRESENTATION_CONTEXT(2) 
PARAMETRIC_REPRESENTATION_CONTEXT() REPRESENTATION_CONTEXT('2D SPACE',''
  ) );
#1330 = ORIENTED_EDGE('',*,*,#1331,.T.);
#1331 = EDGE_CURVE('',#1303,#1332,#1334,.T.);
#1332 = VERTEX_POINT('',#1333);
#1333 = CARTESIAN_POINT('',(-14.9,11.7,-32.41060966544));
#1334 = SURFACE_CURVE('',#1335,(#1339,#1345),.PCURVE_S1.);
#1335 = LINE('',#1336,#1337);
#1336 = CARTESIAN_POINT('',(-14.9,11.7,-37.905));
#1337 = VECTOR('',#1338,1.);
#1338 = DIRECTION('',(0.,-1.224646799147E-16,-1.));
#1339 = PCURVE('',#594,#1340);
#1340 = DEFINITIONAL_REPRESENTATION('',(#1341),#1344);
#1341 = B_SPLINE_CURVE_WITH_KNOTS('',1,(#1342,#1343),.UNSPECIFIED.,.F.,
  .F.,(2,2),(-6.095,-5.494390334559),.PIECEWISE_BEZIER_KNOTS.);
#1342 = CARTESIAN_POINT('',(12.19,-24.36));
#1343 = CARTESIAN_POINT('',(11.589390334559,-24.36));
#1344 = ( GEOMETRIC_REPRESENTATION_CONTEXT(2) 
PARAMETRIC_REPRESENTATION_CONTEXT() REPRESENTATION_CONTEXT('2D SPACE',''
  ) );
#1345 = PCURVE('',#1346,#1351);
#1346 = PLANE('',#1347);
#1347 = AXIS2_PLACEMENT_3D('',#1348,#1349,#1350);
#1348 = CARTESIAN_POINT('',(-21.,11.7,-31.81));
#1349 = DIRECTION('',(0.,-1.,1.224646799147E-16));
#1350 = DIRECTION('',(0.,-1.224646799147E-16,-1.));
#1351 = DEFINITIONAL_REPRESENTATION('',(#1352),#1355);
#1352 = B_SPLINE_CURVE_WITH_KNOTS('',1,(#1353,#1354),.UNSPECIFIED.,.F.,
  .F.,(2,2),(-6.095,-5.494390334559),.PIECEWISE_BEZIER_KNOTS.);
#1353 = CARTESIAN_POINT('',(0.,6.1));
#1354 = CARTESIAN_POINT('',(0.600609665441,6.1));
#1355 = ( GEOMETRIC_REPRESENTATION_CONTEXT(2) 
PARAMETRIC_REPRESENTATION_CONTEXT() REPRESENTATION_CONTEXT('2D SPACE',''
  ) );
#1356 = ORIENTED_EDGE('',*,*,#1357,.F.);
#1357 = EDGE_CURVE('',#903,#1332,#1358,.T.);
#1358 = SURFACE_CURVE('',#1359,(#1363,#1369),.PCURVE_S1.);
#1359 = LINE('',#1360,#1361);
#1360 = CARTESIAN_POINT('',(-14.9,3.012957249081,-41.09765241636));
#1361 = VECTOR('',#1362,1.);
#1362 = DIRECTION('',(0.,0.707106781187,0.707106781187));
#1363 = PCURVE('',#594,#1364);
#1364 = DEFINITIONAL_REPRESENTATION('',(#1365),#1368);
#1365 = B_SPLINE_CURVE_WITH_KNOTS('',1,(#1366,#1367),.UNSPECIFIED.,.F.,
  .F.,(2,2),(11.084114344383,12.285333675265),.PIECEWISE_BEZIER_KNOTS.);
#1366 = CARTESIAN_POINT('',(10.74,-23.51060966544));
#1367 = CARTESIAN_POINT('',(11.589390334559,-24.36));
#1368 = ( GEOMETRIC_REPRESENTATION_CONTEXT(2) 
PARAMETRIC_REPRESENTATION_CONTEXT() REPRESENTATION_CONTEXT('2D SPACE',''
  ) );
#1369 = PCURVE('',#1370,#1375);
#1370 = PLANE('',#1371);
#1371 = AXIS2_PLACEMENT_3D('',#1372,#1373,#1374);
#1372 = CARTESIAN_POINT('',(-21.,12.300609665441,-31.81));
#1373 = DIRECTION('',(0.,0.707106781187,-0.707106781187));
#1374 = DIRECTION('',(1.,0.,0.));
#1375 = DEFINITIONAL_REPRESENTATION('',(#1376),#1379);
#1376 = B_SPLINE_CURVE_WITH_KNOTS('',1,(#1377,#1378),.UNSPECIFIED.,.F.,
  .F.,(2,2),(11.084114344383,12.285333675265),.PIECEWISE_BEZIER_KNOTS.);
#1377 = CARTESIAN_POINT('',(6.1,2.050609665441));
#1378 = CARTESIAN_POINT('',(6.1,0.849390334559));
#1379 = ( GEOMETRIC_REPRESENTATION_CONTEXT(2) 
PARAMETRIC_REPRESENTATION_CONTEXT() REPRESENTATION_CONTEXT('2D SPACE',''
  ) );
#1380 = ADVANCED_FACE('',(#1381),#967,.F.);
#1381 = FACE_BOUND('',#1382,.F.);
#1382 = EDGE_LOOP('',(#1383,#1406,#1407,#1430,#1458,#1486));
#1383 = ORIENTED_EDGE('',*,*,#1384,.F.);
#1384 = EDGE_CURVE('',#929,#1385,#1387,.T.);
#1385 = VERTEX_POINT('',#1386);
#1386 = CARTESIAN_POINT('',(17.35,12.66,-44.));
#1387 = SURFACE_CURVE('',#1388,(#1392,#1399),.PCURVE_S1.);
#1388 = LINE('',#1389,#1390);
#1389 = CARTESIAN_POINT('',(-17.35,12.66,-44.));
#1390 = VECTOR('',#1391,1.);
#1391 = DIRECTION('',(1.,0.,-0.));
#1392 = PCURVE('',#967,#1393);
#1393 = DEFINITIONAL_REPRESENTATION('',(#1394),#1398);
#1394 = LINE('',#1395,#1396);
#1395 = CARTESIAN_POINT('',(0.,0.));
#1396 = VECTOR('',#1397,1.);
#1397 = DIRECTION('',(0.,1.));
#1398 = ( GEOMETRIC_REPRESENTATION_CONTEXT(2) 
PARAMETRIC_REPRESENTATION_CONTEXT() REPRESENTATION_CONTEXT('2D SPACE',''
  ) );
#1399 = PCURVE('',#181,#1400);
#1400 = DEFINITIONAL_REPRESENTATION('',(#1401),#1405);
#1401 = LINE('',#1402,#1403);
#1402 = CARTESIAN_POINT('',(2.6,27.92));
#1403 = VECTOR('',#1404,1.);
#1404 = DIRECTION('',(1.,0.));
#1405 = ( GEOMETRIC_REPRESENTATION_CONTEXT(2) 
PARAMETRIC_REPRESENTATION_CONTEXT() REPRESENTATION_CONTEXT('2D SPACE',''
  ) );
#1406 = ORIENTED_EDGE('',*,*,#951,.T.);
#1407 = ORIENTED_EDGE('',*,*,#1408,.F.);
#1408 = EDGE_CURVE('',#1409,#952,#1411,.T.);
#1409 = VERTEX_POINT('',#1410);
#1410 = CARTESIAN_POINT('',(-17.35,12.66,-9.5));
#1411 = SURFACE_CURVE('',#1412,(#1416,#1423),.PCURVE_S1.);
#1412 = LINE('',#1413,#1414);
#1413 = CARTESIAN_POINT('',(-17.35,12.66,-9.5));
#1414 = VECTOR('',#1415,1.);
#1415 = DIRECTION('',(1.,0.,-0.));
#1416 = PCURVE('',#967,#1417);
#1417 = DEFINITIONAL_REPRESENTATION('',(#1418),#1422);
#1418 = LINE('',#1419,#1420);
#1419 = CARTESIAN_POINT('',(34.5,0.));
#1420 = VECTOR('',#1421,1.);
#1421 = DIRECTION('',(0.,1.));
#1422 = ( GEOMETRIC_REPRESENTATION_CONTEXT(2) 
PARAMETRIC_REPRESENTATION_CONTEXT() REPRESENTATION_CONTEXT('2D SPACE',''
  ) );
#1423 = PCURVE('',#994,#1424);
#1424 = DEFINITIONAL_REPRESENTATION('',(#1425),#1429);
#1425 = LINE('',#1426,#1427);
#1426 = CARTESIAN_POINT('',(0.,25.32));
#1427 = VECTOR('',#1428,1.);
#1428 = DIRECTION('',(1.,0.));
#1429 = ( GEOMETRIC_REPRESENTATION_CONTEXT(2) 
PARAMETRIC_REPRESENTATION_CONTEXT() REPRESENTATION_CONTEXT('2D SPACE',''
  ) );
#1430 = ORIENTED_EDGE('',*,*,#1431,.T.);
#1431 = EDGE_CURVE('',#1409,#1432,#1434,.T.);
#1432 = VERTEX_POINT('',#1433);
#1433 = CARTESIAN_POINT('',(-17.35,12.66,-2.999));
#1434 = SURFACE_CURVE('',#1435,(#1439,#1446),.PCURVE_S1.);
#1435 = LINE('',#1436,#1437);
#1436 = CARTESIAN_POINT('',(-17.35,12.66,-9.5));
#1437 = VECTOR('',#1438,1.);
#1438 = DIRECTION('',(0.,0.,1.));
#1439 = PCURVE('',#967,#1440);
#1440 = DEFINITIONAL_REPRESENTATION('',(#1441),#1445);
#1441 = LINE('',#1442,#1443);
#1442 = CARTESIAN_POINT('',(34.5,0.));
#1443 = VECTOR('',#1444,1.);
#1444 = DIRECTION('',(1.,0.));
#1445 = ( GEOMETRIC_REPRESENTATION_CONTEXT(2) 
PARAMETRIC_REPRESENTATION_CONTEXT() REPRESENTATION_CONTEXT('2D SPACE',''
  ) );
#1446 = PCURVE('',#1447,#1452);
#1447 = PLANE('',#1448);
#1448 = AXIS2_PLACEMENT_3D('',#1449,#1450,#1451);
#1449 = CARTESIAN_POINT('',(-17.35,-12.66,-9.5));
#1450 = DIRECTION('',(1.,0.,-0.));
#1451 = DIRECTION('',(0.,0.,1.));
#1452 = DEFINITIONAL_REPRESENTATION('',(#1453),#1457);
#1453 = LINE('',#1454,#1455);
#1454 = CARTESIAN_POINT('',(0.,-25.32));
#1455 = VECTOR('',#1456,1.);
#1456 = DIRECTION('',(1.,0.));
#1457 = ( GEOMETRIC_REPRESENTATION_CONTEXT(2) 
PARAMETRIC_REPRESENTATION_CONTEXT() REPRESENTATION_CONTEXT('2D SPACE',''
  ) );
#1458 = ORIENTED_EDGE('',*,*,#1459,.T.);
#1459 = EDGE_CURVE('',#1432,#1460,#1462,.T.);
#1460 = VERTEX_POINT('',#1461);
#1461 = CARTESIAN_POINT('',(17.35,12.66,-2.999));
#1462 = SURFACE_CURVE('',#1463,(#1467,#1474),.PCURVE_S1.);
#1463 = LINE('',#1464,#1465);
#1464 = CARTESIAN_POINT('',(-17.35,12.66,-2.999));
#1465 = VECTOR('',#1466,1.);
#1466 = DIRECTION('',(1.,0.,-0.));
#1467 = PCURVE('',#967,#1468);
#1468 = DEFINITIONAL_REPRESENTATION('',(#1469),#1473);
#1469 = LINE('',#1470,#1471);
#1470 = CARTESIAN_POINT('',(41.001,0.));
#1471 = VECTOR('',#1472,1.);
#1472 = DIRECTION('',(0.,1.));
#1473 = ( GEOMETRIC_REPRESENTATION_CONTEXT(2) 
PARAMETRIC_REPRESENTATION_CONTEXT() REPRESENTATION_CONTEXT('2D SPACE',''
  ) );
#1474 = PCURVE('',#1475,#1480);
#1475 = PLANE('',#1476);
#1476 = AXIS2_PLACEMENT_3D('',#1477,#1478,#1479);
#1477 = CARTESIAN_POINT('',(-17.35,-12.66,-2.999));
#1478 = DIRECTION('',(0.,0.,1.));
#1479 = DIRECTION('',(1.,0.,-0.));
#1480 = DEFINITIONAL_REPRESENTATION('',(#1481),#1485);
#1481 = LINE('',#1482,#1483);
#1482 = CARTESIAN_POINT('',(0.,25.32));
#1483 = VECTOR('',#1484,1.);
#1484 = DIRECTION('',(1.,0.));
#1485 = ( GEOMETRIC_REPRESENTATION_CONTEXT(2) 
PARAMETRIC_REPRESENTATION_CONTEXT() REPRESENTATION_CONTEXT('2D SPACE',''
  ) );
#1486 = ORIENTED_EDGE('',*,*,#1487,.T.);
#1487 = EDGE_CURVE('',#1460,#1385,#1488,.T.);
#1488 = SURFACE_CURVE('',#1489,(#1493,#1500),.PCURVE_S1.);
#1489 = LINE('',#1490,#1491);
#1490 = CARTESIAN_POINT('',(17.35,12.66,-2.999));
#1491 = VECTOR('',#1492,1.);
#1492 = DIRECTION('',(0.,0.,-1.));
#1493 = PCURVE('',#967,#1494);
#1494 = DEFINITIONAL_REPRESENTATION('',(#1495),#1499);
#1495 = LINE('',#1496,#1497);
#1496 = CARTESIAN_POINT('',(41.001,34.7));
#1497 = VECTOR('',#1498,1.);
#1498 = DIRECTION('',(-1.,0.));
#1499 = ( GEOMETRIC_REPRESENTATION_CONTEXT(2) 
PARAMETRIC_REPRESENTATION_CONTEXT() REPRESENTATION_CONTEXT('2D SPACE',''
  ) );
#1500 = PCURVE('',#1501,#1506);
#1501 = PLANE('',#1502);
#1502 = AXIS2_PLACEMENT_3D('',#1503,#1504,#1505);
#1503 = CARTESIAN_POINT('',(17.35,-15.26,-44.));
#1504 = DIRECTION('',(1.,0.,-0.));
#1505 = DIRECTION('',(0.,0.,1.));
#1506 = DEFINITIONAL_REPRESENTATION('',(#1507),#1511);
#1507 = LINE('',#1508,#1509);
#1508 = CARTESIAN_POINT('',(41.001,-27.92));
#1509 = VECTOR('',#1510,1.);
#1510 = DIRECTION('',(-1.,0.));
#1511 = ( GEOMETRIC_REPRESENTATION_CONTEXT(2) 
PARAMETRIC_REPRESENTATION_CONTEXT() REPRESENTATION_CONTEXT('2D SPACE',''
  ) );
#1512 = ADVANCED_FACE('',(#1513,#1796,#1962,#2128,#2294),#1501,.F.);
#1513 = FACE_BOUND('',#1514,.F.);
#1514 = EDGE_LOOP('',(#1515,#1538,#1539,#1562,#1585,#1608,#1635,#1664,
    #1692,#1719,#1747,#1771));
#1515 = ORIENTED_EDGE('',*,*,#1516,.T.);
#1516 = EDGE_CURVE('',#1517,#1385,#1519,.T.);
#1517 = VERTEX_POINT('',#1518);
#1518 = CARTESIAN_POINT('',(17.35,10.3,-44.));
#1519 = SURFACE_CURVE('',#1520,(#1524,#1531),.PCURVE_S1.);
#1520 = LINE('',#1521,#1522);
#1521 = CARTESIAN_POINT('',(17.35,-15.26,-44.));
#1522 = VECTOR('',#1523,1.);
#1523 = DIRECTION('',(-0.,1.,0.));
#1524 = PCURVE('',#1501,#1525);
#1525 = DEFINITIONAL_REPRESENTATION('',(#1526),#1530);
#1526 = LINE('',#1527,#1528);
#1527 = CARTESIAN_POINT('',(0.,0.));
#1528 = VECTOR('',#1529,1.);
#1529 = DIRECTION('',(0.,-1.));
#1530 = ( GEOMETRIC_REPRESENTATION_CONTEXT(2) 
PARAMETRIC_REPRESENTATION_CONTEXT() REPRESENTATION_CONTEXT('2D SPACE',''
  ) );
#1531 = PCURVE('',#181,#1532);
#1532 = DEFINITIONAL_REPRESENTATION('',(#1533),#1537);
#1533 = LINE('',#1534,#1535);
#1534 = CARTESIAN_POINT('',(37.3,0.));
#1535 = VECTOR('',#1536,1.);
#1536 = DIRECTION('',(0.,1.));
#1537 = ( GEOMETRIC_REPRESENTATION_CONTEXT(2) 
PARAMETRIC_REPRESENTATION_CONTEXT() REPRESENTATION_CONTEXT('2D SPACE',''
  ) );
#1538 = ORIENTED_EDGE('',*,*,#1487,.F.);
#1539 = ORIENTED_EDGE('',*,*,#1540,.F.);
#1540 = EDGE_CURVE('',#1541,#1460,#1543,.T.);
#1541 = VERTEX_POINT('',#1542);
#1542 = CARTESIAN_POINT('',(17.35,-12.66,-2.999));
#1543 = SURFACE_CURVE('',#1544,(#1548,#1555),.PCURVE_S1.);
#1544 = LINE('',#1545,#1546);
#1545 = CARTESIAN_POINT('',(17.35,-12.66,-2.999));
#1546 = VECTOR('',#1547,1.);
#1547 = DIRECTION('',(-0.,1.,0.));
#1548 = PCURVE('',#1501,#1549);
#1549 = DEFINITIONAL_REPRESENTATION('',(#1550),#1554);
#1550 = LINE('',#1551,#1552);
#1551 = CARTESIAN_POINT('',(41.001,-2.6));
#1552 = VECTOR('',#1553,1.);
#1553 = DIRECTION('',(0.,-1.));
#1554 = ( GEOMETRIC_REPRESENTATION_CONTEXT(2) 
PARAMETRIC_REPRESENTATION_CONTEXT() REPRESENTATION_CONTEXT('2D SPACE',''
  ) );
#1555 = PCURVE('',#1475,#1556);
#1556 = DEFINITIONAL_REPRESENTATION('',(#1557),#1561);
#1557 = LINE('',#1558,#1559);
#1558 = CARTESIAN_POINT('',(34.7,0.));
#1559 = VECTOR('',#1560,1.);
#1560 = DIRECTION('',(0.,1.));
#1561 = ( GEOMETRIC_REPRESENTATION_CONTEXT(2) 
PARAMETRIC_REPRESENTATION_CONTEXT() REPRESENTATION_CONTEXT('2D SPACE',''
  ) );
#1562 = ORIENTED_EDGE('',*,*,#1563,.F.);
#1563 = EDGE_CURVE('',#1564,#1541,#1566,.T.);
#1564 = VERTEX_POINT('',#1565);
#1565 = CARTESIAN_POINT('',(17.35,-12.66,-44.));
#1566 = SURFACE_CURVE('',#1567,(#1571,#1578),.PCURVE_S1.);
#1567 = LINE('',#1568,#1569);
#1568 = CARTESIAN_POINT('',(17.35,-12.66,-44.));
#1569 = VECTOR('',#1570,1.);
#1570 = DIRECTION('',(0.,4.332471987025E-17,1.));
#1571 = PCURVE('',#1501,#1572);
#1572 = DEFINITIONAL_REPRESENTATION('',(#1573),#1577);
#1573 = LINE('',#1574,#1575);
#1574 = CARTESIAN_POINT('',(0.,-2.6));
#1575 = VECTOR('',#1576,1.);
#1576 = DIRECTION('',(1.,-4.332471987025E-17));
#1577 = ( GEOMETRIC_REPRESENTATION_CONTEXT(2) 
PARAMETRIC_REPRESENTATION_CONTEXT() REPRESENTATION_CONTEXT('2D SPACE',''
  ) );
#1578 = PCURVE('',#1021,#1579);
#1579 = DEFINITIONAL_REPRESENTATION('',(#1580),#1584);
#1580 = LINE('',#1581,#1582);
#1581 = CARTESIAN_POINT('',(0.,34.7));
#1582 = VECTOR('',#1583,1.);
#1583 = DIRECTION('',(1.,0.));
#1584 = ( GEOMETRIC_REPRESENTATION_CONTEXT(2) 
PARAMETRIC_REPRESENTATION_CONTEXT() REPRESENTATION_CONTEXT('2D SPACE',''
  ) );
#1585 = ORIENTED_EDGE('',*,*,#1586,.T.);
#1586 = EDGE_CURVE('',#1564,#1587,#1589,.T.);
#1587 = VERTEX_POINT('',#1588);
#1588 = CARTESIAN_POINT('',(17.35,-10.3,-44.));
#1589 = SURFACE_CURVE('',#1590,(#1594,#1601),.PCURVE_S1.);
#1590 = LINE('',#1591,#1592);
#1591 = CARTESIAN_POINT('',(17.35,-15.26,-44.));
#1592 = VECTOR('',#1593,1.);
#1593 = DIRECTION('',(-0.,1.,0.));
#1594 = PCURVE('',#1501,#1595);
#1595 = DEFINITIONAL_REPRESENTATION('',(#1596),#1600);
#1596 = LINE('',#1597,#1598);
#1597 = CARTESIAN_POINT('',(0.,0.));
#1598 = VECTOR('',#1599,1.);
#1599 = DIRECTION('',(0.,-1.));
#1600 = ( GEOMETRIC_REPRESENTATION_CONTEXT(2) 
PARAMETRIC_REPRESENTATION_CONTEXT() REPRESENTATION_CONTEXT('2D SPACE',''
  ) );
#1601 = PCURVE('',#72,#1602);
#1602 = DEFINITIONAL_REPRESENTATION('',(#1603),#1607);
#1603 = LINE('',#1604,#1605);
#1604 = CARTESIAN_POINT('',(37.3,0.));
#1605 = VECTOR('',#1606,1.);
#1606 = DIRECTION('',(0.,1.));
#1607 = ( GEOMETRIC_REPRESENTATION_CONTEXT(2) 
PARAMETRIC_REPRESENTATION_CONTEXT() REPRESENTATION_CONTEXT('2D SPACE',''
  ) );
#1608 = ORIENTED_EDGE('',*,*,#1609,.T.);
#1609 = EDGE_CURVE('',#1587,#1610,#1612,.T.);
#1610 = VERTEX_POINT('',#1611);
#1611 = CARTESIAN_POINT('',(17.35,-10.3,-40.11));
#1612 = SURFACE_CURVE('',#1613,(#1617,#1624),.PCURVE_S1.);
#1613 = LINE('',#1614,#1615);
#1614 = CARTESIAN_POINT('',(17.35,-10.3,-44.5));
#1615 = VECTOR('',#1616,1.);
#1616 = DIRECTION('',(0.,0.,1.));
#1617 = PCURVE('',#1501,#1618);
#1618 = DEFINITIONAL_REPRESENTATION('',(#1619),#1623);
#1619 = LINE('',#1620,#1621);
#1620 = CARTESIAN_POINT('',(-0.5,-4.96));
#1621 = VECTOR('',#1622,1.);
#1622 = DIRECTION('',(1.,0.));
#1623 = ( GEOMETRIC_REPRESENTATION_CONTEXT(2) 
PARAMETRIC_REPRESENTATION_CONTEXT() REPRESENTATION_CONTEXT('2D SPACE',''
  ) );
#1624 = PCURVE('',#1625,#1630);
#1625 = PLANE('',#1626);
#1626 = AXIS2_PLACEMENT_3D('',#1627,#1628,#1629);
#1627 = CARTESIAN_POINT('',(-21.,-10.3,-45.));
#1628 = DIRECTION('',(-0.,1.,0.));
#1629 = DIRECTION('',(0.,0.,1.));
#1630 = DEFINITIONAL_REPRESENTATION('',(#1631),#1634);
#1631 = B_SPLINE_CURVE_WITH_KNOTS('',1,(#1632,#1633),.UNSPECIFIED.,.F.,
  .F.,(2,2),(0.5,4.39),.PIECEWISE_BEZIER_KNOTS.);
#1632 = CARTESIAN_POINT('',(1.,38.35));
#1633 = CARTESIAN_POINT('',(4.89,38.35));
#1634 = ( GEOMETRIC_REPRESENTATION_CONTEXT(2) 
PARAMETRIC_REPRESENTATION_CONTEXT() REPRESENTATION_CONTEXT('2D SPACE',''
  ) );
#1635 = ORIENTED_EDGE('',*,*,#1636,.F.);
#1636 = EDGE_CURVE('',#1637,#1610,#1639,.T.);
#1637 = VERTEX_POINT('',#1638);
#1638 = CARTESIAN_POINT('',(17.35,-7.82,-33.40644870236));
#1639 = SURFACE_CURVE('',#1640,(#1645,#1652),.PCURVE_S1.);
#1640 = CIRCLE('',#1641,10.3);
#1641 = AXIS2_PLACEMENT_3D('',#1642,#1643,#1644);
#1642 = CARTESIAN_POINT('',(17.35,0.,-40.11));
#1643 = DIRECTION('',(1.,0.,2.22044604925E-16));
#1644 = DIRECTION('',(2.22044604925E-16,0.,-1.));
#1645 = PCURVE('',#1501,#1646);
#1646 = DEFINITIONAL_REPRESENTATION('',(#1647),#1651);
#1647 = CIRCLE('',#1648,10.3);
#1648 = AXIS2_PLACEMENT_2D('',#1649,#1650);
#1649 = CARTESIAN_POINT('',(3.89,-15.26));
#1650 = DIRECTION('',(-1.,0.));
#1651 = ( GEOMETRIC_REPRESENTATION_CONTEXT(2) 
PARAMETRIC_REPRESENTATION_CONTEXT() REPRESENTATION_CONTEXT('2D SPACE',''
  ) );
#1652 = PCURVE('',#1653,#1658);
#1653 = CYLINDRICAL_SURFACE('',#1654,10.3);
#1654 = AXIS2_PLACEMENT_3D('',#1655,#1656,#1657);
#1655 = CARTESIAN_POINT('',(-21.,0.,-40.11));
#1656 = DIRECTION('',(1.,0.,2.22044604925E-16));
#1657 = DIRECTION('',(2.22044604925E-16,0.,-1.));
#1658 = DEFINITIONAL_REPRESENTATION('',(#1659),#1663);
#1659 = LINE('',#1660,#1661);
#1660 = CARTESIAN_POINT('',(0.,38.35));
#1661 = VECTOR('',#1662,1.);
#1662 = DIRECTION('',(1.,0.));
#1663 = ( GEOMETRIC_REPRESENTATION_CONTEXT(2) 
PARAMETRIC_REPRESENTATION_CONTEXT() REPRESENTATION_CONTEXT('2D SPACE',''
  ) );
#1664 = ORIENTED_EDGE('',*,*,#1665,.F.);
#1665 = EDGE_CURVE('',#1666,#1637,#1668,.T.);
#1666 = VERTEX_POINT('',#1667);
#1667 = CARTESIAN_POINT('',(17.35,-7.82,-9.));
#1668 = SURFACE_CURVE('',#1669,(#1673,#1680),.PCURVE_S1.);
#1669 = LINE('',#1670,#1671);
#1670 = CARTESIAN_POINT('',(17.35,-7.82,-9.));
#1671 = VECTOR('',#1672,1.);
#1672 = DIRECTION('',(0.,3.639113705281E-17,-1.));
#1673 = PCURVE('',#1501,#1674);
#1674 = DEFINITIONAL_REPRESENTATION('',(#1675),#1679);
#1675 = LINE('',#1676,#1677);
#1676 = CARTESIAN_POINT('',(35.,-7.44));
#1677 = VECTOR('',#1678,1.);
#1678 = DIRECTION('',(-1.,-3.639113705281E-17));
#1679 = ( GEOMETRIC_REPRESENTATION_CONTEXT(2) 
PARAMETRIC_REPRESENTATION_CONTEXT() REPRESENTATION_CONTEXT('2D SPACE',''
  ) );
#1680 = PCURVE('',#1681,#1686);
#1681 = PLANE('',#1682);
#1682 = AXIS2_PLACEMENT_3D('',#1683,#1684,#1685);
#1683 = CARTESIAN_POINT('',(17.34,-7.82,-44.01));
#1684 = DIRECTION('',(-0.,1.,0.));
#1685 = DIRECTION('',(0.,0.,1.));
#1686 = DEFINITIONAL_REPRESENTATION('',(#1687),#1691);
#1687 = LINE('',#1688,#1689);
#1688 = CARTESIAN_POINT('',(35.01,9.999999999998E-03));
#1689 = VECTOR('',#1690,1.);
#1690 = DIRECTION('',(-1.,0.));
#1691 = ( GEOMETRIC_REPRESENTATION_CONTEXT(2) 
PARAMETRIC_REPRESENTATION_CONTEXT() REPRESENTATION_CONTEXT('2D SPACE',''
  ) );
#1692 = ORIENTED_EDGE('',*,*,#1693,.T.);
#1693 = EDGE_CURVE('',#1666,#1694,#1696,.T.);
#1694 = VERTEX_POINT('',#1695);
#1695 = CARTESIAN_POINT('',(17.35,7.82,-9.));
#1696 = SURFACE_CURVE('',#1697,(#1701,#1708),.PCURVE_S1.);
#1697 = LINE('',#1698,#1699);
#1698 = CARTESIAN_POINT('',(17.35,-6.33,-9.));
#1699 = VECTOR('',#1700,1.);
#1700 = DIRECTION('',(-0.,1.,0.));
#1701 = PCURVE('',#1501,#1702);
#1702 = DEFINITIONAL_REPRESENTATION('',(#1703),#1707);
#1703 = LINE('',#1704,#1705);
#1704 = CARTESIAN_POINT('',(35.,-8.93));
#1705 = VECTOR('',#1706,1.);
#1706 = DIRECTION('',(0.,-1.));
#1707 = ( GEOMETRIC_REPRESENTATION_CONTEXT(2) 
PARAMETRIC_REPRESENTATION_CONTEXT() REPRESENTATION_CONTEXT('2D SPACE',''
  ) );
#1708 = PCURVE('',#1709,#1714);
#1709 = PLANE('',#1710);
#1710 = AXIS2_PLACEMENT_3D('',#1711,#1712,#1713);
#1711 = CARTESIAN_POINT('',(0.,0.,-9.));
#1712 = DIRECTION('',(0.,0.,1.));
#1713 = DIRECTION('',(1.,0.,-0.));
#1714 = DEFINITIONAL_REPRESENTATION('',(#1715),#1718);
#1715 = B_SPLINE_CURVE_WITH_KNOTS('',1,(#1716,#1717),.UNSPECIFIED.,.F.,
  .F.,(2,2),(-6.33,18.99),.PIECEWISE_BEZIER_KNOTS.);
#1716 = CARTESIAN_POINT('',(17.35,-12.66));
#1717 = CARTESIAN_POINT('',(17.35,12.66));
#1718 = ( GEOMETRIC_REPRESENTATION_CONTEXT(2) 
PARAMETRIC_REPRESENTATION_CONTEXT() REPRESENTATION_CONTEXT('2D SPACE',''
  ) );
#1719 = ORIENTED_EDGE('',*,*,#1720,.F.);
#1720 = EDGE_CURVE('',#1721,#1694,#1723,.T.);
#1721 = VERTEX_POINT('',#1722);
#1722 = CARTESIAN_POINT('',(17.35,7.82,-33.40644870236));
#1723 = SURFACE_CURVE('',#1724,(#1728,#1735),.PCURVE_S1.);
#1724 = LINE('',#1725,#1726);
#1725 = CARTESIAN_POINT('',(17.35,7.82,-33.40644870236));
#1726 = VECTOR('',#1727,1.);
#1727 = DIRECTION('',(0.,-3.639113705281E-17,1.));
#1728 = PCURVE('',#1501,#1729);
#1729 = DEFINITIONAL_REPRESENTATION('',(#1730),#1734);
#1730 = LINE('',#1731,#1732);
#1731 = CARTESIAN_POINT('',(10.593551297633,-23.08));
#1732 = VECTOR('',#1733,1.);
#1733 = DIRECTION('',(1.,3.639113705281E-17));
#1734 = ( GEOMETRIC_REPRESENTATION_CONTEXT(2) 
PARAMETRIC_REPRESENTATION_CONTEXT() REPRESENTATION_CONTEXT('2D SPACE',''
  ) );
#1735 = PCURVE('',#1736,#1741);
#1736 = PLANE('',#1737);
#1737 = AXIS2_PLACEMENT_3D('',#1738,#1739,#1740);
#1738 = CARTESIAN_POINT('',(17.34,7.82,-44.01));
#1739 = DIRECTION('',(-0.,1.,0.));
#1740 = DIRECTION('',(0.,0.,1.));
#1741 = DEFINITIONAL_REPRESENTATION('',(#1742),#1746);
#1742 = LINE('',#1743,#1744);
#1743 = CARTESIAN_POINT('',(10.603551297633,9.999999999998E-03));
#1744 = VECTOR('',#1745,1.);
#1745 = DIRECTION('',(1.,0.));
#1746 = ( GEOMETRIC_REPRESENTATION_CONTEXT(2) 
PARAMETRIC_REPRESENTATION_CONTEXT() REPRESENTATION_CONTEXT('2D SPACE',''
  ) );
#1747 = ORIENTED_EDGE('',*,*,#1748,.F.);
#1748 = EDGE_CURVE('',#1749,#1721,#1751,.T.);
#1749 = VERTEX_POINT('',#1750);
#1750 = CARTESIAN_POINT('',(17.35,10.3,-40.11));
#1751 = SURFACE_CURVE('',#1752,(#1757,#1764),.PCURVE_S1.);
#1752 = CIRCLE('',#1753,10.3);
#1753 = AXIS2_PLACEMENT_3D('',#1754,#1755,#1756);
#1754 = CARTESIAN_POINT('',(17.35,0.,-40.11));
#1755 = DIRECTION('',(1.,0.,2.22044604925E-16));
#1756 = DIRECTION('',(2.22044604925E-16,0.,-1.));
#1757 = PCURVE('',#1501,#1758);
#1758 = DEFINITIONAL_REPRESENTATION('',(#1759),#1763);
#1759 = CIRCLE('',#1760,10.3);
#1760 = AXIS2_PLACEMENT_2D('',#1761,#1762);
#1761 = CARTESIAN_POINT('',(3.89,-15.26));
#1762 = DIRECTION('',(-1.,0.));
#1763 = ( GEOMETRIC_REPRESENTATION_CONTEXT(2) 
PARAMETRIC_REPRESENTATION_CONTEXT() REPRESENTATION_CONTEXT('2D SPACE',''
  ) );
#1764 = PCURVE('',#1653,#1765);
#1765 = DEFINITIONAL_REPRESENTATION('',(#1766),#1770);
#1766 = LINE('',#1767,#1768);
#1767 = CARTESIAN_POINT('',(0.,38.35));
#1768 = VECTOR('',#1769,1.);
#1769 = DIRECTION('',(1.,0.));
#1770 = ( GEOMETRIC_REPRESENTATION_CONTEXT(2) 
PARAMETRIC_REPRESENTATION_CONTEXT() REPRESENTATION_CONTEXT('2D SPACE',''
  ) );
#1771 = ORIENTED_EDGE('',*,*,#1772,.F.);
#1772 = EDGE_CURVE('',#1517,#1749,#1773,.T.);
#1773 = SURFACE_CURVE('',#1774,(#1778,#1785),.PCURVE_S1.);
#1774 = LINE('',#1775,#1776);
#1775 = CARTESIAN_POINT('',(17.35,10.3,-44.5));
#1776 = VECTOR('',#1777,1.);
#1777 = DIRECTION('',(0.,0.,1.));
#1778 = PCURVE('',#1501,#1779);
#1779 = DEFINITIONAL_REPRESENTATION('',(#1780),#1784);
#1780 = LINE('',#1781,#1782);
#1781 = CARTESIAN_POINT('',(-0.5,-25.56));
#1782 = VECTOR('',#1783,1.);
#1783 = DIRECTION('',(1.,0.));
#1784 = ( GEOMETRIC_REPRESENTATION_CONTEXT(2) 
PARAMETRIC_REPRESENTATION_CONTEXT() REPRESENTATION_CONTEXT('2D SPACE',''
  ) );
#1785 = PCURVE('',#1786,#1791);
#1786 = PLANE('',#1787);
#1787 = AXIS2_PLACEMENT_3D('',#1788,#1789,#1790);
#1788 = CARTESIAN_POINT('',(-21.,10.3,-45.));
#1789 = DIRECTION('',(-0.,1.,0.));
#1790 = DIRECTION('',(0.,0.,1.));
#1791 = DEFINITIONAL_REPRESENTATION('',(#1792),#1795);
#1792 = B_SPLINE_CURVE_WITH_KNOTS('',1,(#1793,#1794),.UNSPECIFIED.,.F.,
  .F.,(2,2),(0.5,4.39),.PIECEWISE_BEZIER_KNOTS.);
#1793 = CARTESIAN_POINT('',(1.,38.35));
#1794 = CARTESIAN_POINT('',(4.89,38.35));
#1795 = ( GEOMETRIC_REPRESENTATION_CONTEXT(2) 
PARAMETRIC_REPRESENTATION_CONTEXT() REPRESENTATION_CONTEXT('2D SPACE',''
  ) );
#1796 = FACE_BOUND('',#1797,.F.);
#1797 = EDGE_LOOP('',(#1798,#1829,#1856,#1883,#1910,#1937));
#1798 = ORIENTED_EDGE('',*,*,#1799,.F.);
#1799 = EDGE_CURVE('',#1800,#1802,#1804,.T.);
#1800 = VERTEX_POINT('',#1801);
#1801 = CARTESIAN_POINT('',(17.35,11.7,-31.81));
#1802 = VERTEX_POINT('',#1803);
#1803 = CARTESIAN_POINT('',(17.35,8.8,-31.81));
#1804 = SURFACE_CURVE('',#1805,(#1810,#1817),.PCURVE_S1.);
#1805 = CIRCLE('',#1806,1.45);
#1806 = AXIS2_PLACEMENT_3D('',#1807,#1808,#1809);
#1807 = CARTESIAN_POINT('',(17.35,10.25,-31.81));
#1808 = DIRECTION('',(1.,-2.719262146894E-32,-2.22044604925E-16));
#1809 = DIRECTION('',(2.22044604925E-16,1.224646799147E-16,1.));
#1810 = PCURVE('',#1501,#1811);
#1811 = DEFINITIONAL_REPRESENTATION('',(#1812),#1816);
#1812 = CIRCLE('',#1813,1.45);
#1813 = AXIS2_PLACEMENT_2D('',#1814,#1815);
#1814 = CARTESIAN_POINT('',(12.19,-25.51));
#1815 = DIRECTION('',(1.,-1.224646799147E-16));
#1816 = ( GEOMETRIC_REPRESENTATION_CONTEXT(2) 
PARAMETRIC_REPRESENTATION_CONTEXT() REPRESENTATION_CONTEXT('2D SPACE',''
  ) );
#1817 = PCURVE('',#1818,#1823);
#1818 = CYLINDRICAL_SURFACE('',#1819,1.45);
#1819 = AXIS2_PLACEMENT_3D('',#1820,#1821,#1822);
#1820 = CARTESIAN_POINT('',(16.35,10.25,-31.81));
#1821 = DIRECTION('',(1.,-2.719262146894E-32,-2.22044604925E-16));
#1822 = DIRECTION('',(2.22044604925E-16,1.224646799147E-16,1.));
#1823 = DEFINITIONAL_REPRESENTATION('',(#1824),#1828);
#1824 = LINE('',#1825,#1826);
#1825 = CARTESIAN_POINT('',(0.,1.));
#1826 = VECTOR('',#1827,1.);
#1827 = DIRECTION('',(1.,0.));
#1828 = ( GEOMETRIC_REPRESENTATION_CONTEXT(2) 
PARAMETRIC_REPRESENTATION_CONTEXT() REPRESENTATION_CONTEXT('2D SPACE',''
  ) );
#1829 = ORIENTED_EDGE('',*,*,#1830,.T.);
#1830 = EDGE_CURVE('',#1800,#1831,#1833,.T.);
#1831 = VERTEX_POINT('',#1832);
#1832 = CARTESIAN_POINT('',(17.35,11.7,-32.41060966544));
#1833 = SURFACE_CURVE('',#1834,(#1838,#1845),.PCURVE_S1.);
#1834 = LINE('',#1835,#1836);
#1835 = CARTESIAN_POINT('',(17.35,11.7,-37.905));
#1836 = VECTOR('',#1837,1.);
#1837 = DIRECTION('',(0.,-1.224646799147E-16,-1.));
#1838 = PCURVE('',#1501,#1839);
#1839 = DEFINITIONAL_REPRESENTATION('',(#1840),#1844);
#1840 = LINE('',#1841,#1842);
#1841 = CARTESIAN_POINT('',(6.095,-26.96));
#1842 = VECTOR('',#1843,1.);
#1843 = DIRECTION('',(-1.,1.224646799147E-16));
#1844 = ( GEOMETRIC_REPRESENTATION_CONTEXT(2) 
PARAMETRIC_REPRESENTATION_CONTEXT() REPRESENTATION_CONTEXT('2D SPACE',''
  ) );
#1845 = PCURVE('',#1846,#1851);
#1846 = PLANE('',#1847);
#1847 = AXIS2_PLACEMENT_3D('',#1848,#1849,#1850);
#1848 = CARTESIAN_POINT('',(16.35,11.7,-31.81));
#1849 = DIRECTION('',(0.,-1.,1.224646799147E-16));
#1850 = DIRECTION('',(0.,-1.224646799147E-16,-1.));
#1851 = DEFINITIONAL_REPRESENTATION('',(#1852),#1855);
#1852 = B_SPLINE_CURVE_WITH_KNOTS('',1,(#1853,#1854),.UNSPECIFIED.,.F.,
  .F.,(2,2),(-6.095,-5.494390334559),.PIECEWISE_BEZIER_KNOTS.);
#1853 = CARTESIAN_POINT('',(0.,1.));
#1854 = CARTESIAN_POINT('',(0.600609665441,1.));
#1855 = ( GEOMETRIC_REPRESENTATION_CONTEXT(2) 
PARAMETRIC_REPRESENTATION_CONTEXT() REPRESENTATION_CONTEXT('2D SPACE',''
  ) );
#1856 = ORIENTED_EDGE('',*,*,#1857,.F.);
#1857 = EDGE_CURVE('',#1858,#1831,#1860,.T.);
#1858 = VERTEX_POINT('',#1859);
#1859 = CARTESIAN_POINT('',(17.35,10.850609665441,-33.26));
#1860 = SURFACE_CURVE('',#1861,(#1865,#1872),.PCURVE_S1.);
#1861 = LINE('',#1862,#1863);
#1862 = CARTESIAN_POINT('',(17.35,2.362957249081,-41.74765241636));
#1863 = VECTOR('',#1864,1.);
#1864 = DIRECTION('',(0.,0.707106781187,0.707106781187));
#1865 = PCURVE('',#1501,#1866);
#1866 = DEFINITIONAL_REPRESENTATION('',(#1867),#1871);
#1867 = LINE('',#1868,#1869);
#1868 = CARTESIAN_POINT('',(2.25234758364,-17.62295724908));
#1869 = VECTOR('',#1870,1.);
#1870 = DIRECTION('',(0.707106781187,-0.707106781187));
#1871 = ( GEOMETRIC_REPRESENTATION_CONTEXT(2) 
PARAMETRIC_REPRESENTATION_CONTEXT() REPRESENTATION_CONTEXT('2D SPACE',''
  ) );
#1872 = PCURVE('',#1873,#1878);
#1873 = PLANE('',#1874);
#1874 = AXIS2_PLACEMENT_3D('',#1875,#1876,#1877);
#1875 = CARTESIAN_POINT('',(16.35,12.300609665441,-31.81));
#1876 = DIRECTION('',(0.,0.707106781187,-0.707106781187));
#1877 = DIRECTION('',(1.,0.,0.));
#1878 = DEFINITIONAL_REPRESENTATION('',(#1879),#1882);
#1879 = B_SPLINE_CURVE_WITH_KNOTS('',1,(#1880,#1881),.UNSPECIFIED.,.F.,
  .F.,(2,2),(12.003353159925,13.204572490807),.PIECEWISE_BEZIER_KNOTS.);
#1880 = CARTESIAN_POINT('',(1.,2.050609665441));
#1881 = CARTESIAN_POINT('',(1.,0.849390334559));
#1882 = ( GEOMETRIC_REPRESENTATION_CONTEXT(2) 
PARAMETRIC_REPRESENTATION_CONTEXT() REPRESENTATION_CONTEXT('2D SPACE',''
  ) );
#1883 = ORIENTED_EDGE('',*,*,#1884,.F.);
#1884 = EDGE_CURVE('',#1885,#1858,#1887,.T.);
#1885 = VERTEX_POINT('',#1886);
#1886 = CARTESIAN_POINT('',(17.35,9.649390334559,-33.26));
#1887 = SURFACE_CURVE('',#1888,(#1892,#1899),.PCURVE_S1.);
#1888 = LINE('',#1889,#1890);
#1889 = CARTESIAN_POINT('',(17.35,-1.78,-33.26));
#1890 = VECTOR('',#1891,1.);
#1891 = DIRECTION('',(-0.,1.,-1.224646799147E-16));
#1892 = PCURVE('',#1501,#1893);
#1893 = DEFINITIONAL_REPRESENTATION('',(#1894),#1898);
#1894 = LINE('',#1895,#1896);
#1895 = CARTESIAN_POINT('',(10.74,-13.48));
#1896 = VECTOR('',#1897,1.);
#1897 = DIRECTION('',(-1.224646799147E-16,-1.));
#1898 = ( GEOMETRIC_REPRESENTATION_CONTEXT(2) 
PARAMETRIC_REPRESENTATION_CONTEXT() REPRESENTATION_CONTEXT('2D SPACE',''
  ) );
#1899 = PCURVE('',#1900,#1905);
#1900 = PLANE('',#1901);
#1901 = AXIS2_PLACEMENT_3D('',#1902,#1903,#1904);
#1902 = CARTESIAN_POINT('',(16.35,11.7,-33.26));
#1903 = DIRECTION('',(0.,-1.224646799147E-16,-1.));
#1904 = DIRECTION('',(1.,0.,0.));
#1905 = DEFINITIONAL_REPRESENTATION('',(#1906),#1909);
#1906 = B_SPLINE_CURVE_WITH_KNOTS('',1,(#1907,#1908),.UNSPECIFIED.,.F.,
  .F.,(2,2),(11.429390334559,12.630609665441),.PIECEWISE_BEZIER_KNOTS.);
#1907 = CARTESIAN_POINT('',(1.,2.050609665441));
#1908 = CARTESIAN_POINT('',(1.,0.849390334559));
#1909 = ( GEOMETRIC_REPRESENTATION_CONTEXT(2) 
PARAMETRIC_REPRESENTATION_CONTEXT() REPRESENTATION_CONTEXT('2D SPACE',''
  ) );
#1910 = ORIENTED_EDGE('',*,*,#1911,.F.);
#1911 = EDGE_CURVE('',#1912,#1885,#1914,.T.);
#1912 = VERTEX_POINT('',#1913);
#1913 = CARTESIAN_POINT('',(17.35,8.8,-32.41060966544));
#1914 = SURFACE_CURVE('',#1915,(#1919,#1926),.PCURVE_S1.);
#1915 = LINE('',#1916,#1917);
#1916 = CARTESIAN_POINT('',(17.35,5.382042750919,-28.99265241636));
#1917 = VECTOR('',#1918,1.);
#1918 = DIRECTION('',(-0.,0.707106781187,-0.707106781187));
#1919 = PCURVE('',#1501,#1920);
#1920 = DEFINITIONAL_REPRESENTATION('',(#1921),#1925);
#1921 = LINE('',#1922,#1923);
#1922 = CARTESIAN_POINT('',(15.00734758364,-20.64204275091));
#1923 = VECTOR('',#1924,1.);
#1924 = DIRECTION('',(-0.707106781187,-0.707106781187));
#1925 = ( GEOMETRIC_REPRESENTATION_CONTEXT(2) 
PARAMETRIC_REPRESENTATION_CONTEXT() REPRESENTATION_CONTEXT('2D SPACE',''
  ) );
#1926 = PCURVE('',#1927,#1932);
#1927 = PLANE('',#1928);
#1928 = AXIS2_PLACEMENT_3D('',#1929,#1930,#1931);
#1929 = CARTESIAN_POINT('',(16.35,8.199390334559,-31.81));
#1930 = DIRECTION('',(0.,-0.707106781187,-0.707106781187));
#1931 = DIRECTION('',(0.,0.707106781187,-0.707106781187));
#1932 = DEFINITIONAL_REPRESENTATION('',(#1933),#1936);
#1933 = B_SPLINE_CURVE_WITH_KNOTS('',1,(#1934,#1935),.UNSPECIFIED.,.F.,
  .F.,(2,2),(4.833721497261,6.034940828143),.PIECEWISE_BEZIER_KNOTS.);
#1934 = CARTESIAN_POINT('',(0.849390334559,1.));
#1935 = CARTESIAN_POINT('',(2.050609665441,1.));
#1936 = ( GEOMETRIC_REPRESENTATION_CONTEXT(2) 
PARAMETRIC_REPRESENTATION_CONTEXT() REPRESENTATION_CONTEXT('2D SPACE',''
  ) );
#1937 = ORIENTED_EDGE('',*,*,#1938,.F.);
#1938 = EDGE_CURVE('',#1802,#1912,#1939,.T.);
#1939 = SURFACE_CURVE('',#1940,(#1944,#1951),.PCURVE_S1.);
#1940 = LINE('',#1941,#1942);
#1941 = CARTESIAN_POINT('',(17.35,8.8,-37.905));
#1942 = VECTOR('',#1943,1.);
#1943 = DIRECTION('',(0.,-1.224646799147E-16,-1.));
#1944 = PCURVE('',#1501,#1945);
#1945 = DEFINITIONAL_REPRESENTATION('',(#1946),#1950);
#1946 = LINE('',#1947,#1948);
#1947 = CARTESIAN_POINT('',(6.095,-24.06));
#1948 = VECTOR('',#1949,1.);
#1949 = DIRECTION('',(-1.,1.224646799147E-16));
#1950 = ( GEOMETRIC_REPRESENTATION_CONTEXT(2) 
PARAMETRIC_REPRESENTATION_CONTEXT() REPRESENTATION_CONTEXT('2D SPACE',''
  ) );
#1951 = PCURVE('',#1952,#1957);
#1952 = PLANE('',#1953);
#1953 = AXIS2_PLACEMENT_3D('',#1954,#1955,#1956);
#1954 = CARTESIAN_POINT('',(16.35,8.8,-31.81));
#1955 = DIRECTION('',(0.,-1.,1.224646799147E-16));
#1956 = DIRECTION('',(0.,-1.224646799147E-16,-1.));
#1957 = DEFINITIONAL_REPRESENTATION('',(#1958),#1961);
#1958 = B_SPLINE_CURVE_WITH_KNOTS('',1,(#1959,#1960),.UNSPECIFIED.,.F.,
  .F.,(2,2),(-6.095,-5.494390334559),.PIECEWISE_BEZIER_KNOTS.);
#1959 = CARTESIAN_POINT('',(0.,1.));
#1960 = CARTESIAN_POINT('',(0.600609665441,1.));
#1961 = ( GEOMETRIC_REPRESENTATION_CONTEXT(2) 
PARAMETRIC_REPRESENTATION_CONTEXT() REPRESENTATION_CONTEXT('2D SPACE',''
  ) );
#1962 = FACE_BOUND('',#1963,.F.);
#1963 = EDGE_LOOP('',(#1964,#1995,#2022,#2049,#2076,#2103));
#1964 = ORIENTED_EDGE('',*,*,#1965,.F.);
#1965 = EDGE_CURVE('',#1966,#1968,#1970,.T.);
#1966 = VERTEX_POINT('',#1967);
#1967 = CARTESIAN_POINT('',(17.35,11.7,-11.11));
#1968 = VERTEX_POINT('',#1969);
#1969 = CARTESIAN_POINT('',(17.35,8.8,-11.11));
#1970 = SURFACE_CURVE('',#1971,(#1976,#1983),.PCURVE_S1.);
#1971 = CIRCLE('',#1972,1.45);
#1972 = AXIS2_PLACEMENT_3D('',#1973,#1974,#1975);
#1973 = CARTESIAN_POINT('',(17.35,10.25,-11.11));
#1974 = DIRECTION('',(1.,-2.719262146894E-32,-2.22044604925E-16));
#1975 = DIRECTION('',(2.22044604925E-16,1.224646799147E-16,1.));
#1976 = PCURVE('',#1501,#1977);
#1977 = DEFINITIONAL_REPRESENTATION('',(#1978),#1982);
#1978 = CIRCLE('',#1979,1.45);
#1979 = AXIS2_PLACEMENT_2D('',#1980,#1981);
#1980 = CARTESIAN_POINT('',(32.89,-25.51));
#1981 = DIRECTION('',(1.,-1.224646799147E-16));
#1982 = ( GEOMETRIC_REPRESENTATION_CONTEXT(2) 
PARAMETRIC_REPRESENTATION_CONTEXT() REPRESENTATION_CONTEXT('2D SPACE',''
  ) );
#1983 = PCURVE('',#1984,#1989);
#1984 = CYLINDRICAL_SURFACE('',#1985,1.45);
#1985 = AXIS2_PLACEMENT_3D('',#1986,#1987,#1988);
#1986 = CARTESIAN_POINT('',(16.35,10.25,-11.11));
#1987 = DIRECTION('',(1.,-2.719262146894E-32,-2.22044604925E-16));
#1988 = DIRECTION('',(2.22044604925E-16,1.224646799147E-16,1.));
#1989 = DEFINITIONAL_REPRESENTATION('',(#1990),#1994);
#1990 = LINE('',#1991,#1992);
#1991 = CARTESIAN_POINT('',(0.,1.));
#1992 = VECTOR('',#1993,1.);
#1993 = DIRECTION('',(1.,0.));
#1994 = ( GEOMETRIC_REPRESENTATION_CONTEXT(2) 
PARAMETRIC_REPRESENTATION_CONTEXT() REPRESENTATION_CONTEXT('2D SPACE',''
  ) );
#1995 = ORIENTED_EDGE('',*,*,#1996,.T.);
#1996 = EDGE_CURVE('',#1966,#1997,#1999,.T.);
#1997 = VERTEX_POINT('',#1998);
#1998 = CARTESIAN_POINT('',(17.35,11.7,-11.71060966544));
#1999 = SURFACE_CURVE('',#2000,(#2004,#2011),.PCURVE_S1.);
#2000 = LINE('',#2001,#2002);
#2001 = CARTESIAN_POINT('',(17.35,11.7,-27.555));
#2002 = VECTOR('',#2003,1.);
#2003 = DIRECTION('',(0.,-1.224646799147E-16,-1.));
#2004 = PCURVE('',#1501,#2005);
#2005 = DEFINITIONAL_REPRESENTATION('',(#2006),#2010);
#2006 = LINE('',#2007,#2008);
#2007 = CARTESIAN_POINT('',(16.445,-26.96));
#2008 = VECTOR('',#2009,1.);
#2009 = DIRECTION('',(-1.,1.224646799147E-16));
#2010 = ( GEOMETRIC_REPRESENTATION_CONTEXT(2) 
PARAMETRIC_REPRESENTATION_CONTEXT() REPRESENTATION_CONTEXT('2D SPACE',''
  ) );
#2011 = PCURVE('',#2012,#2017);
#2012 = PLANE('',#2013);
#2013 = AXIS2_PLACEMENT_3D('',#2014,#2015,#2016);
#2014 = CARTESIAN_POINT('',(16.35,11.7,-11.11));
#2015 = DIRECTION('',(0.,-1.,1.224646799147E-16));
#2016 = DIRECTION('',(0.,-1.224646799147E-16,-1.));
#2017 = DEFINITIONAL_REPRESENTATION('',(#2018),#2021);
#2018 = B_SPLINE_CURVE_WITH_KNOTS('',1,(#2019,#2020),.UNSPECIFIED.,.F.,
  .F.,(2,2),(-16.445,-15.84439033455),.PIECEWISE_BEZIER_KNOTS.);
#2019 = CARTESIAN_POINT('',(0.,1.));
#2020 = CARTESIAN_POINT('',(0.600609665441,1.));
#2021 = ( GEOMETRIC_REPRESENTATION_CONTEXT(2) 
PARAMETRIC_REPRESENTATION_CONTEXT() REPRESENTATION_CONTEXT('2D SPACE',''
  ) );
#2022 = ORIENTED_EDGE('',*,*,#2023,.F.);
#2023 = EDGE_CURVE('',#2024,#1997,#2026,.T.);
#2024 = VERTEX_POINT('',#2025);
#2025 = CARTESIAN_POINT('',(17.35,10.850609665441,-12.56));
#2026 = SURFACE_CURVE('',#2027,(#2031,#2038),.PCURVE_S1.);
#2027 = LINE('',#2028,#2029);
#2028 = CARTESIAN_POINT('',(17.35,-2.812042750919,-26.22265241636));
#2029 = VECTOR('',#2030,1.);
#2030 = DIRECTION('',(0.,0.707106781187,0.707106781187));
#2031 = PCURVE('',#1501,#2032);
#2032 = DEFINITIONAL_REPRESENTATION('',(#2033),#2037);
#2033 = LINE('',#2034,#2035);
#2034 = CARTESIAN_POINT('',(17.77734758364,-12.44795724908));
#2035 = VECTOR('',#2036,1.);
#2036 = DIRECTION('',(0.707106781187,-0.707106781187));
#2037 = ( GEOMETRIC_REPRESENTATION_CONTEXT(2) 
PARAMETRIC_REPRESENTATION_CONTEXT() REPRESENTATION_CONTEXT('2D SPACE',''
  ) );
#2038 = PCURVE('',#2039,#2044);
#2039 = PLANE('',#2040);
#2040 = AXIS2_PLACEMENT_3D('',#2041,#2042,#2043);
#2041 = CARTESIAN_POINT('',(16.35,12.300609665441,-11.11));
#2042 = DIRECTION('',(0.,0.707106781187,-0.707106781187));
#2043 = DIRECTION('',(1.,0.,0.));
#2044 = DEFINITIONAL_REPRESENTATION('',(#2045),#2048);
#2045 = B_SPLINE_CURVE_WITH_KNOTS('',1,(#2046,#2047),.UNSPECIFIED.,.F.,
  .F.,(2,2),(19.321908345206,20.523127676088),.PIECEWISE_BEZIER_KNOTS.);
#2046 = CARTESIAN_POINT('',(1.,2.050609665441));
#2047 = CARTESIAN_POINT('',(1.,0.849390334559));
#2048 = ( GEOMETRIC_REPRESENTATION_CONTEXT(2) 
PARAMETRIC_REPRESENTATION_CONTEXT() REPRESENTATION_CONTEXT('2D SPACE',''
  ) );
#2049 = ORIENTED_EDGE('',*,*,#2050,.F.);
#2050 = EDGE_CURVE('',#2051,#2024,#2053,.T.);
#2051 = VERTEX_POINT('',#2052);
#2052 = CARTESIAN_POINT('',(17.35,9.649390334559,-12.56));
#2053 = SURFACE_CURVE('',#2054,(#2058,#2065),.PCURVE_S1.);
#2054 = LINE('',#2055,#2056);
#2055 = CARTESIAN_POINT('',(17.35,-1.78,-12.56));
#2056 = VECTOR('',#2057,1.);
#2057 = DIRECTION('',(-0.,1.,-1.224646799147E-16));
#2058 = PCURVE('',#1501,#2059);
#2059 = DEFINITIONAL_REPRESENTATION('',(#2060),#2064);
#2060 = LINE('',#2061,#2062);
#2061 = CARTESIAN_POINT('',(31.44,-13.48));
#2062 = VECTOR('',#2063,1.);
#2063 = DIRECTION('',(-1.224646799147E-16,-1.));
#2064 = ( GEOMETRIC_REPRESENTATION_CONTEXT(2) 
PARAMETRIC_REPRESENTATION_CONTEXT() REPRESENTATION_CONTEXT('2D SPACE',''
  ) );
#2065 = PCURVE('',#2066,#2071);
#2066 = PLANE('',#2067);
#2067 = AXIS2_PLACEMENT_3D('',#2068,#2069,#2070);
#2068 = CARTESIAN_POINT('',(16.35,11.7,-12.56));
#2069 = DIRECTION('',(0.,-1.224646799147E-16,-1.));
#2070 = DIRECTION('',(1.,0.,0.));
#2071 = DEFINITIONAL_REPRESENTATION('',(#2072),#2075);
#2072 = B_SPLINE_CURVE_WITH_KNOTS('',1,(#2073,#2074),.UNSPECIFIED.,.F.,
  .F.,(2,2),(11.429390334559,12.630609665441),.PIECEWISE_BEZIER_KNOTS.);
#2073 = CARTESIAN_POINT('',(1.,2.050609665441));
#2074 = CARTESIAN_POINT('',(1.,0.849390334559));
#2075 = ( GEOMETRIC_REPRESENTATION_CONTEXT(2) 
PARAMETRIC_REPRESENTATION_CONTEXT() REPRESENTATION_CONTEXT('2D SPACE',''
  ) );
#2076 = ORIENTED_EDGE('',*,*,#2077,.F.);
#2077 = EDGE_CURVE('',#2078,#2051,#2080,.T.);
#2078 = VERTEX_POINT('',#2079);
#2079 = CARTESIAN_POINT('',(17.35,8.8,-11.71060966544));
#2080 = SURFACE_CURVE('',#2081,(#2085,#2092),.PCURVE_S1.);
#2081 = LINE('',#2082,#2083);
#2082 = CARTESIAN_POINT('',(17.35,10.557042750919,-13.46765241636));
#2083 = VECTOR('',#2084,1.);
#2084 = DIRECTION('',(-0.,0.707106781187,-0.707106781187));
#2085 = PCURVE('',#1501,#2086);
#2086 = DEFINITIONAL_REPRESENTATION('',(#2087),#2091);
#2087 = LINE('',#2088,#2089);
#2088 = CARTESIAN_POINT('',(30.53234758364,-25.81704275091));
#2089 = VECTOR('',#2090,1.);
#2090 = DIRECTION('',(-0.707106781187,-0.707106781187));
#2091 = ( GEOMETRIC_REPRESENTATION_CONTEXT(2) 
PARAMETRIC_REPRESENTATION_CONTEXT() REPRESENTATION_CONTEXT('2D SPACE',''
  ) );
#2092 = PCURVE('',#2093,#2098);
#2093 = PLANE('',#2094);
#2094 = AXIS2_PLACEMENT_3D('',#2095,#2096,#2097);
#2095 = CARTESIAN_POINT('',(16.35,8.199390334559,-11.11));
#2096 = DIRECTION('',(0.,-0.707106781187,-0.707106781187));
#2097 = DIRECTION('',(0.,0.707106781187,-0.707106781187));
#2098 = DEFINITIONAL_REPRESENTATION('',(#2099),#2102);
#2099 = B_SPLINE_CURVE_WITH_KNOTS('',1,(#2100,#2101),.UNSPECIFIED.,.F.,
  .F.,(2,2),(-2.484833688019,-1.283614357137),.PIECEWISE_BEZIER_KNOTS.);
#2100 = CARTESIAN_POINT('',(0.849390334559,1.));
#2101 = CARTESIAN_POINT('',(2.050609665441,1.));
#2102 = ( GEOMETRIC_REPRESENTATION_CONTEXT(2) 
PARAMETRIC_REPRESENTATION_CONTEXT() REPRESENTATION_CONTEXT('2D SPACE',''
  ) );
#2103 = ORIENTED_EDGE('',*,*,#2104,.F.);
#2104 = EDGE_CURVE('',#1968,#2078,#2105,.T.);
#2105 = SURFACE_CURVE('',#2106,(#2110,#2117),.PCURVE_S1.);
#2106 = LINE('',#2107,#2108);
#2107 = CARTESIAN_POINT('',(17.35,8.8,-27.555));
#2108 = VECTOR('',#2109,1.);
#2109 = DIRECTION('',(0.,-1.224646799147E-16,-1.));
#2110 = PCURVE('',#1501,#2111);
#2111 = DEFINITIONAL_REPRESENTATION('',(#2112),#2116);
#2112 = LINE('',#2113,#2114);
#2113 = CARTESIAN_POINT('',(16.445,-24.06));
#2114 = VECTOR('',#2115,1.);
#2115 = DIRECTION('',(-1.,1.224646799147E-16));
#2116 = ( GEOMETRIC_REPRESENTATION_CONTEXT(2) 
PARAMETRIC_REPRESENTATION_CONTEXT() REPRESENTATION_CONTEXT('2D SPACE',''
  ) );
#2117 = PCURVE('',#2118,#2123);
#2118 = PLANE('',#2119);
#2119 = AXIS2_PLACEMENT_3D('',#2120,#2121,#2122);
#2120 = CARTESIAN_POINT('',(16.35,8.8,-11.11));
#2121 = DIRECTION('',(0.,-1.,1.224646799147E-16));
#2122 = DIRECTION('',(0.,-1.224646799147E-16,-1.));
#2123 = DEFINITIONAL_REPRESENTATION('',(#2124),#2127);
#2124 = B_SPLINE_CURVE_WITH_KNOTS('',1,(#2125,#2126),.UNSPECIFIED.,.F.,
  .F.,(2,2),(-16.445,-15.84439033455),.PIECEWISE_BEZIER_KNOTS.);
#2125 = CARTESIAN_POINT('',(0.,1.));
#2126 = CARTESIAN_POINT('',(0.600609665441,1.));
#2127 = ( GEOMETRIC_REPRESENTATION_CONTEXT(2) 
PARAMETRIC_REPRESENTATION_CONTEXT() REPRESENTATION_CONTEXT('2D SPACE',''
  ) );
#2128 = FACE_BOUND('',#2129,.F.);
#2129 = EDGE_LOOP('',(#2130,#2159,#2186,#2213,#2242,#2269));
#2130 = ORIENTED_EDGE('',*,*,#2131,.F.);
#2131 = EDGE_CURVE('',#2132,#2134,#2136,.T.);
#2132 = VERTEX_POINT('',#2133);
#2133 = CARTESIAN_POINT('',(17.35,-10.85060966544,-33.26));
#2134 = VERTEX_POINT('',#2135);
#2135 = CARTESIAN_POINT('',(17.35,-9.649390334559,-33.26));
#2136 = SURFACE_CURVE('',#2137,(#2141,#2148),.PCURVE_S1.);
#2137 = LINE('',#2138,#2139);
#2138 = CARTESIAN_POINT('',(17.35,-12.03,-33.26));
#2139 = VECTOR('',#2140,1.);
#2140 = DIRECTION('',(-0.,1.,-1.224646799147E-16));
#2141 = PCURVE('',#1501,#2142);
#2142 = DEFINITIONAL_REPRESENTATION('',(#2143),#2147);
#2143 = LINE('',#2144,#2145);
#2144 = CARTESIAN_POINT('',(10.74,-3.23));
#2145 = VECTOR('',#2146,1.);
#2146 = DIRECTION('',(-1.224646799147E-16,-1.));
#2147 = ( GEOMETRIC_REPRESENTATION_CONTEXT(2) 
PARAMETRIC_REPRESENTATION_CONTEXT() REPRESENTATION_CONTEXT('2D SPACE',''
  ) );
#2148 = PCURVE('',#2149,#2154);
#2149 = PLANE('',#2150);
#2150 = AXIS2_PLACEMENT_3D('',#2151,#2152,#2153);
#2151 = CARTESIAN_POINT('',(16.35,-8.8,-33.26));
#2152 = DIRECTION('',(0.,-1.224646799147E-16,-1.));
#2153 = DIRECTION('',(1.,0.,0.));
#2154 = DEFINITIONAL_REPRESENTATION('',(#2155),#2158);
#2155 = B_SPLINE_CURVE_WITH_KNOTS('',1,(#2156,#2157),.UNSPECIFIED.,.F.,
  .F.,(2,2),(1.179390334559,2.380609665441),.PIECEWISE_BEZIER_KNOTS.);
#2156 = CARTESIAN_POINT('',(1.,2.050609665441));
#2157 = CARTESIAN_POINT('',(1.,0.849390334559));
#2158 = ( GEOMETRIC_REPRESENTATION_CONTEXT(2) 
PARAMETRIC_REPRESENTATION_CONTEXT() REPRESENTATION_CONTEXT('2D SPACE',''
  ) );
#2159 = ORIENTED_EDGE('',*,*,#2160,.F.);
#2160 = EDGE_CURVE('',#2161,#2132,#2163,.T.);
#2161 = VERTEX_POINT('',#2162);
#2162 = CARTESIAN_POINT('',(17.35,-11.7,-32.41060966544));
#2163 = SURFACE_CURVE('',#2164,(#2168,#2175),.PCURVE_S1.);
#2164 = LINE('',#2165,#2166);
#2165 = CARTESIAN_POINT('',(17.35,-9.992957249081,-34.11765241636));
#2166 = VECTOR('',#2167,1.);
#2167 = DIRECTION('',(-0.,0.707106781187,-0.707106781187));
#2168 = PCURVE('',#1501,#2169);
#2169 = DEFINITIONAL_REPRESENTATION('',(#2170),#2174);
#2170 = LINE('',#2171,#2172);
#2171 = CARTESIAN_POINT('',(9.88234758364,-5.267042750919));
#2172 = VECTOR('',#2173,1.);
#2173 = DIRECTION('',(-0.707106781187,-0.707106781187));
#2174 = ( GEOMETRIC_REPRESENTATION_CONTEXT(2) 
PARAMETRIC_REPRESENTATION_CONTEXT() REPRESENTATION_CONTEXT('2D SPACE',''
  ) );
#2175 = PCURVE('',#2176,#2181);
#2176 = PLANE('',#2177);
#2177 = AXIS2_PLACEMENT_3D('',#2178,#2179,#2180);
#2178 = CARTESIAN_POINT('',(16.35,-12.30060966544,-31.81));
#2179 = DIRECTION('',(0.,-0.707106781187,-0.707106781187));
#2180 = DIRECTION('',(0.,0.707106781187,-0.707106781187));
#2181 = DEFINITIONAL_REPRESENTATION('',(#2182),#2185);
#2182 = B_SPLINE_CURVE_WITH_KNOTS('',1,(#2183,#2184),.UNSPECIFIED.,.F.,
  .F.,(2,2),(-2.414123009901,-1.212903679019),.PIECEWISE_BEZIER_KNOTS.);
#2183 = CARTESIAN_POINT('',(0.849390334559,1.));
#2184 = CARTESIAN_POINT('',(2.050609665441,1.));
#2185 = ( GEOMETRIC_REPRESENTATION_CONTEXT(2) 
PARAMETRIC_REPRESENTATION_CONTEXT() REPRESENTATION_CONTEXT('2D SPACE',''
  ) );
#2186 = ORIENTED_EDGE('',*,*,#2187,.F.);
#2187 = EDGE_CURVE('',#2188,#2161,#2190,.T.);
#2188 = VERTEX_POINT('',#2189);
#2189 = CARTESIAN_POINT('',(17.35,-11.7,-31.81));
#2190 = SURFACE_CURVE('',#2191,(#2195,#2202),.PCURVE_S1.);
#2191 = LINE('',#2192,#2193);
#2192 = CARTESIAN_POINT('',(17.35,-11.7,-37.905));
#2193 = VECTOR('',#2194,1.);
#2194 = DIRECTION('',(0.,-1.224646799147E-16,-1.));
#2195 = PCURVE('',#1501,#2196);
#2196 = DEFINITIONAL_REPRESENTATION('',(#2197),#2201);
#2197 = LINE('',#2198,#2199);
#2198 = CARTESIAN_POINT('',(6.095,-3.56));
#2199 = VECTOR('',#2200,1.);
#2200 = DIRECTION('',(-1.,1.224646799147E-16));
#2201 = ( GEOMETRIC_REPRESENTATION_CONTEXT(2) 
PARAMETRIC_REPRESENTATION_CONTEXT() REPRESENTATION_CONTEXT('2D SPACE',''
  ) );
#2202 = PCURVE('',#2203,#2208);
#2203 = PLANE('',#2204);
#2204 = AXIS2_PLACEMENT_3D('',#2205,#2206,#2207);
#2205 = CARTESIAN_POINT('',(16.35,-11.7,-31.81));
#2206 = DIRECTION('',(0.,-1.,1.224646799147E-16));
#2207 = DIRECTION('',(0.,-1.224646799147E-16,-1.));
#2208 = DEFINITIONAL_REPRESENTATION('',(#2209),#2212);
#2209 = B_SPLINE_CURVE_WITH_KNOTS('',1,(#2210,#2211),.UNSPECIFIED.,.F.,
  .F.,(2,2),(-6.095,-5.494390334559),.PIECEWISE_BEZIER_KNOTS.);
#2210 = CARTESIAN_POINT('',(0.,1.));
#2211 = CARTESIAN_POINT('',(0.600609665441,1.));
#2212 = ( GEOMETRIC_REPRESENTATION_CONTEXT(2) 
PARAMETRIC_REPRESENTATION_CONTEXT() REPRESENTATION_CONTEXT('2D SPACE',''
  ) );
#2213 = ORIENTED_EDGE('',*,*,#2214,.F.);
#2214 = EDGE_CURVE('',#2215,#2188,#2217,.T.);
#2215 = VERTEX_POINT('',#2216);
#2216 = CARTESIAN_POINT('',(17.35,-8.8,-31.81));
#2217 = SURFACE_CURVE('',#2218,(#2223,#2230),.PCURVE_S1.);
#2218 = CIRCLE('',#2219,1.45);
#2219 = AXIS2_PLACEMENT_3D('',#2220,#2221,#2222);
#2220 = CARTESIAN_POINT('',(17.35,-10.25,-31.81));
#2221 = DIRECTION('',(1.,-2.719262146894E-32,-2.22044604925E-16));
#2222 = DIRECTION('',(2.22044604925E-16,1.224646799147E-16,1.));
#2223 = PCURVE('',#1501,#2224);
#2224 = DEFINITIONAL_REPRESENTATION('',(#2225),#2229);
#2225 = CIRCLE('',#2226,1.45);
#2226 = AXIS2_PLACEMENT_2D('',#2227,#2228);
#2227 = CARTESIAN_POINT('',(12.19,-5.01));
#2228 = DIRECTION('',(1.,-1.224646799147E-16));
#2229 = ( GEOMETRIC_REPRESENTATION_CONTEXT(2) 
PARAMETRIC_REPRESENTATION_CONTEXT() REPRESENTATION_CONTEXT('2D SPACE',''
  ) );
#2230 = PCURVE('',#2231,#2236);
#2231 = CYLINDRICAL_SURFACE('',#2232,1.45);
#2232 = AXIS2_PLACEMENT_3D('',#2233,#2234,#2235);
#2233 = CARTESIAN_POINT('',(16.35,-10.25,-31.81));
#2234 = DIRECTION('',(1.,-2.719262146894E-32,-2.22044604925E-16));
#2235 = DIRECTION('',(2.22044604925E-16,1.224646799147E-16,1.));
#2236 = DEFINITIONAL_REPRESENTATION('',(#2237),#2241);
#2237 = LINE('',#2238,#2239);
#2238 = CARTESIAN_POINT('',(0.,1.));
#2239 = VECTOR('',#2240,1.);
#2240 = DIRECTION('',(1.,0.));
#2241 = ( GEOMETRIC_REPRESENTATION_CONTEXT(2) 
PARAMETRIC_REPRESENTATION_CONTEXT() REPRESENTATION_CONTEXT('2D SPACE',''
  ) );
#2242 = ORIENTED_EDGE('',*,*,#2243,.T.);
#2243 = EDGE_CURVE('',#2215,#2244,#2246,.T.);
#2244 = VERTEX_POINT('',#2245);
#2245 = CARTESIAN_POINT('',(17.35,-8.8,-32.41060966544));
#2246 = SURFACE_CURVE('',#2247,(#2251,#2258),.PCURVE_S1.);
#2247 = LINE('',#2248,#2249);
#2248 = CARTESIAN_POINT('',(17.35,-8.8,-37.905));
#2249 = VECTOR('',#2250,1.);
#2250 = DIRECTION('',(0.,-1.224646799147E-16,-1.));
#2251 = PCURVE('',#1501,#2252);
#2252 = DEFINITIONAL_REPRESENTATION('',(#2253),#2257);
#2253 = LINE('',#2254,#2255);
#2254 = CARTESIAN_POINT('',(6.095,-6.46));
#2255 = VECTOR('',#2256,1.);
#2256 = DIRECTION('',(-1.,1.224646799147E-16));
#2257 = ( GEOMETRIC_REPRESENTATION_CONTEXT(2) 
PARAMETRIC_REPRESENTATION_CONTEXT() REPRESENTATION_CONTEXT('2D SPACE',''
  ) );
#2258 = PCURVE('',#2259,#2264);
#2259 = PLANE('',#2260);
#2260 = AXIS2_PLACEMENT_3D('',#2261,#2262,#2263);
#2261 = CARTESIAN_POINT('',(16.35,-8.8,-31.81));
#2262 = DIRECTION('',(0.,-1.,1.224646799147E-16));
#2263 = DIRECTION('',(0.,-1.224646799147E-16,-1.));
#2264 = DEFINITIONAL_REPRESENTATION('',(#2265),#2268);
#2265 = B_SPLINE_CURVE_WITH_KNOTS('',1,(#2266,#2267),.UNSPECIFIED.,.F.,
  .F.,(2,2),(-6.095,-5.494390334559),.PIECEWISE_BEZIER_KNOTS.);
#2266 = CARTESIAN_POINT('',(0.,1.));
#2267 = CARTESIAN_POINT('',(0.600609665441,1.));
#2268 = ( GEOMETRIC_REPRESENTATION_CONTEXT(2) 
PARAMETRIC_REPRESENTATION_CONTEXT() REPRESENTATION_CONTEXT('2D SPACE',''
  ) );
#2269 = ORIENTED_EDGE('',*,*,#2270,.F.);
#2270 = EDGE_CURVE('',#2134,#2244,#2271,.T.);
#2271 = SURFACE_CURVE('',#2272,(#2276,#2283),.PCURVE_S1.);
#2272 = LINE('',#2273,#2274);
#2273 = CARTESIAN_POINT('',(17.35,-13.01204275091,-36.62265241636));
#2274 = VECTOR('',#2275,1.);
#2275 = DIRECTION('',(0.,0.707106781187,0.707106781187));
#2276 = PCURVE('',#1501,#2277);
#2277 = DEFINITIONAL_REPRESENTATION('',(#2278),#2282);
#2278 = LINE('',#2279,#2280);
#2279 = CARTESIAN_POINT('',(7.37734758364,-2.247957249081));
#2280 = VECTOR('',#2281,1.);
#2281 = DIRECTION('',(0.707106781187,-0.707106781187));
#2282 = ( GEOMETRIC_REPRESENTATION_CONTEXT(2) 
PARAMETRIC_REPRESENTATION_CONTEXT() REPRESENTATION_CONTEXT('2D SPACE',''
  ) );
#2283 = PCURVE('',#2284,#2289);
#2284 = PLANE('',#2285);
#2285 = AXIS2_PLACEMENT_3D('',#2286,#2287,#2288);
#2286 = CARTESIAN_POINT('',(16.35,-8.199390334559,-31.81));
#2287 = DIRECTION('',(0.,0.707106781187,-0.707106781187));
#2288 = DIRECTION('',(1.,0.,0.));
#2289 = DEFINITIONAL_REPRESENTATION('',(#2290),#2293);
#2290 = B_SPLINE_CURVE_WITH_KNOTS('',1,(#2291,#2292),.UNSPECIFIED.,.F.,
  .F.,(2,2),(4.755508652763,5.956727983645),.PIECEWISE_BEZIER_KNOTS.);
#2291 = CARTESIAN_POINT('',(1.,2.050609665441));
#2292 = CARTESIAN_POINT('',(1.,0.849390334559));
#2293 = ( GEOMETRIC_REPRESENTATION_CONTEXT(2) 
PARAMETRIC_REPRESENTATION_CONTEXT() REPRESENTATION_CONTEXT('2D SPACE',''
  ) );
#2294 = FACE_BOUND('',#2295,.F.);
#2295 = EDGE_LOOP('',(#2296,#2327,#2354,#2381,#2408,#2435));
#2296 = ORIENTED_EDGE('',*,*,#2297,.F.);
#2297 = EDGE_CURVE('',#2298,#2300,#2302,.T.);
#2298 = VERTEX_POINT('',#2299);
#2299 = CARTESIAN_POINT('',(17.35,-8.8,-11.11));
#2300 = VERTEX_POINT('',#2301);
#2301 = CARTESIAN_POINT('',(17.35,-11.7,-11.11));
#2302 = SURFACE_CURVE('',#2303,(#2308,#2315),.PCURVE_S1.);
#2303 = CIRCLE('',#2304,1.45);
#2304 = AXIS2_PLACEMENT_3D('',#2305,#2306,#2307);
#2305 = CARTESIAN_POINT('',(17.35,-10.25,-11.11));
#2306 = DIRECTION('',(1.,-2.719262146894E-32,-2.22044604925E-16));
#2307 = DIRECTION('',(2.22044604925E-16,1.224646799147E-16,1.));
#2308 = PCURVE('',#1501,#2309);
#2309 = DEFINITIONAL_REPRESENTATION('',(#2310),#2314);
#2310 = CIRCLE('',#2311,1.45);
#2311 = AXIS2_PLACEMENT_2D('',#2312,#2313);
#2312 = CARTESIAN_POINT('',(32.89,-5.01));
#2313 = DIRECTION('',(1.,-1.224646799147E-16));
#2314 = ( GEOMETRIC_REPRESENTATION_CONTEXT(2) 
PARAMETRIC_REPRESENTATION_CONTEXT() REPRESENTATION_CONTEXT('2D SPACE',''
  ) );
#2315 = PCURVE('',#2316,#2321);
#2316 = CYLINDRICAL_SURFACE('',#2317,1.45);
#2317 = AXIS2_PLACEMENT_3D('',#2318,#2319,#2320);
#2318 = CARTESIAN_POINT('',(16.35,-10.25,-11.11));
#2319 = DIRECTION('',(1.,-2.719262146894E-32,-2.22044604925E-16));
#2320 = DIRECTION('',(2.22044604925E-16,1.224646799147E-16,1.));
#2321 = DEFINITIONAL_REPRESENTATION('',(#2322),#2326);
#2322 = LINE('',#2323,#2324);
#2323 = CARTESIAN_POINT('',(0.,1.));
#2324 = VECTOR('',#2325,1.);
#2325 = DIRECTION('',(1.,0.));
#2326 = ( GEOMETRIC_REPRESENTATION_CONTEXT(2) 
PARAMETRIC_REPRESENTATION_CONTEXT() REPRESENTATION_CONTEXT('2D SPACE',''
  ) );
#2327 = ORIENTED_EDGE('',*,*,#2328,.T.);
#2328 = EDGE_CURVE('',#2298,#2329,#2331,.T.);
#2329 = VERTEX_POINT('',#2330);
#2330 = CARTESIAN_POINT('',(17.35,-8.8,-11.71060966544));
#2331 = SURFACE_CURVE('',#2332,(#2336,#2343),.PCURVE_S1.);
#2332 = LINE('',#2333,#2334);
#2333 = CARTESIAN_POINT('',(17.35,-8.8,-27.555));
#2334 = VECTOR('',#2335,1.);
#2335 = DIRECTION('',(0.,-1.224646799147E-16,-1.));
#2336 = PCURVE('',#1501,#2337);
#2337 = DEFINITIONAL_REPRESENTATION('',(#2338),#2342);
#2338 = LINE('',#2339,#2340);
#2339 = CARTESIAN_POINT('',(16.445,-6.46));
#2340 = VECTOR('',#2341,1.);
#2341 = DIRECTION('',(-1.,1.224646799147E-16));
#2342 = ( GEOMETRIC_REPRESENTATION_CONTEXT(2) 
PARAMETRIC_REPRESENTATION_CONTEXT() REPRESENTATION_CONTEXT('2D SPACE',''
  ) );
#2343 = PCURVE('',#2344,#2349);
#2344 = PLANE('',#2345);
#2345 = AXIS2_PLACEMENT_3D('',#2346,#2347,#2348);
#2346 = CARTESIAN_POINT('',(16.35,-8.8,-11.11));
#2347 = DIRECTION('',(0.,-1.,1.224646799147E-16));
#2348 = DIRECTION('',(0.,-1.224646799147E-16,-1.));
#2349 = DEFINITIONAL_REPRESENTATION('',(#2350),#2353);
#2350 = B_SPLINE_CURVE_WITH_KNOTS('',1,(#2351,#2352),.UNSPECIFIED.,.F.,
  .F.,(2,2),(-16.445,-15.84439033455),.PIECEWISE_BEZIER_KNOTS.);
#2351 = CARTESIAN_POINT('',(0.,1.));
#2352 = CARTESIAN_POINT('',(0.600609665441,1.));
#2353 = ( GEOMETRIC_REPRESENTATION_CONTEXT(2) 
PARAMETRIC_REPRESENTATION_CONTEXT() REPRESENTATION_CONTEXT('2D SPACE',''
  ) );
#2354 = ORIENTED_EDGE('',*,*,#2355,.F.);
#2355 = EDGE_CURVE('',#2356,#2329,#2358,.T.);
#2356 = VERTEX_POINT('',#2357);
#2357 = CARTESIAN_POINT('',(17.35,-9.649390334559,-12.56));
#2358 = SURFACE_CURVE('',#2359,(#2363,#2370),.PCURVE_S1.);
#2359 = LINE('',#2360,#2361);
#2360 = CARTESIAN_POINT('',(17.35,-18.18704275091,-21.09765241636));
#2361 = VECTOR('',#2362,1.);
#2362 = DIRECTION('',(0.,0.707106781187,0.707106781187));
#2363 = PCURVE('',#1501,#2364);
#2364 = DEFINITIONAL_REPRESENTATION('',(#2365),#2369);
#2365 = LINE('',#2366,#2367);
#2366 = CARTESIAN_POINT('',(22.90234758364,2.927042750919));
#2367 = VECTOR('',#2368,1.);
#2368 = DIRECTION('',(0.707106781187,-0.707106781187));
#2369 = ( GEOMETRIC_REPRESENTATION_CONTEXT(2) 
PARAMETRIC_REPRESENTATION_CONTEXT() REPRESENTATION_CONTEXT('2D SPACE',''
  ) );
#2370 = PCURVE('',#2371,#2376);
#2371 = PLANE('',#2372);
#2372 = AXIS2_PLACEMENT_3D('',#2373,#2374,#2375);
#2373 = CARTESIAN_POINT('',(16.35,-8.199390334559,-11.11));
#2374 = DIRECTION('',(0.,0.707106781187,-0.707106781187));
#2375 = DIRECTION('',(1.,0.,0.));
#2376 = DEFINITIONAL_REPRESENTATION('',(#2377),#2380);
#2377 = B_SPLINE_CURVE_WITH_KNOTS('',1,(#2378,#2379),.UNSPECIFIED.,.F.,
  .F.,(2,2),(12.074063838044,13.275283168926),.PIECEWISE_BEZIER_KNOTS.);
#2378 = CARTESIAN_POINT('',(1.,2.050609665441));
#2379 = CARTESIAN_POINT('',(1.,0.849390334559));
#2380 = ( GEOMETRIC_REPRESENTATION_CONTEXT(2) 
PARAMETRIC_REPRESENTATION_CONTEXT() REPRESENTATION_CONTEXT('2D SPACE',''
  ) );
#2381 = ORIENTED_EDGE('',*,*,#2382,.F.);
#2382 = EDGE_CURVE('',#2383,#2356,#2385,.T.);
#2383 = VERTEX_POINT('',#2384);
#2384 = CARTESIAN_POINT('',(17.35,-10.85060966544,-12.56));
#2385 = SURFACE_CURVE('',#2386,(#2390,#2397),.PCURVE_S1.);
#2386 = LINE('',#2387,#2388);
#2387 = CARTESIAN_POINT('',(17.35,-12.03,-12.56));
#2388 = VECTOR('',#2389,1.);
#2389 = DIRECTION('',(-0.,1.,-1.224646799147E-16));
#2390 = PCURVE('',#1501,#2391);
#2391 = DEFINITIONAL_REPRESENTATION('',(#2392),#2396);
#2392 = LINE('',#2393,#2394);
#2393 = CARTESIAN_POINT('',(31.44,-3.23));
#2394 = VECTOR('',#2395,1.);
#2395 = DIRECTION('',(-1.224646799147E-16,-1.));
#2396 = ( GEOMETRIC_REPRESENTATION_CONTEXT(2) 
PARAMETRIC_REPRESENTATION_CONTEXT() REPRESENTATION_CONTEXT('2D SPACE',''
  ) );
#2397 = PCURVE('',#2398,#2403);
#2398 = PLANE('',#2399);
#2399 = AXIS2_PLACEMENT_3D('',#2400,#2401,#2402);
#2400 = CARTESIAN_POINT('',(16.35,-8.8,-12.56));
#2401 = DIRECTION('',(0.,-1.224646799147E-16,-1.));
#2402 = DIRECTION('',(1.,0.,0.));
#2403 = DEFINITIONAL_REPRESENTATION('',(#2404),#2407);
#2404 = B_SPLINE_CURVE_WITH_KNOTS('',1,(#2405,#2406),.UNSPECIFIED.,.F.,
  .F.,(2,2),(1.179390334559,2.380609665441),.PIECEWISE_BEZIER_KNOTS.);
#2405 = CARTESIAN_POINT('',(1.,2.050609665441));
#2406 = CARTESIAN_POINT('',(1.,0.849390334559));
#2407 = ( GEOMETRIC_REPRESENTATION_CONTEXT(2) 
PARAMETRIC_REPRESENTATION_CONTEXT() REPRESENTATION_CONTEXT('2D SPACE',''
  ) );
#2408 = ORIENTED_EDGE('',*,*,#2409,.F.);
#2409 = EDGE_CURVE('',#2410,#2383,#2412,.T.);
#2410 = VERTEX_POINT('',#2411);
#2411 = CARTESIAN_POINT('',(17.35,-11.7,-11.71060966544));
#2412 = SURFACE_CURVE('',#2413,(#2417,#2424),.PCURVE_S1.);
#2413 = LINE('',#2414,#2415);
#2414 = CARTESIAN_POINT('',(17.35,-4.817957249081,-18.59265241636));
#2415 = VECTOR('',#2416,1.);
#2416 = DIRECTION('',(-0.,0.707106781187,-0.707106781187));
#2417 = PCURVE('',#1501,#2418);
#2418 = DEFINITIONAL_REPRESENTATION('',(#2419),#2423);
#2419 = LINE('',#2420,#2421);
#2420 = CARTESIAN_POINT('',(25.40734758364,-10.44204275091));
#2421 = VECTOR('',#2422,1.);
#2422 = DIRECTION('',(-0.707106781187,-0.707106781187));
#2423 = ( GEOMETRIC_REPRESENTATION_CONTEXT(2) 
PARAMETRIC_REPRESENTATION_CONTEXT() REPRESENTATION_CONTEXT('2D SPACE',''
  ) );
#2424 = PCURVE('',#2425,#2430);
#2425 = PLANE('',#2426);
#2426 = AXIS2_PLACEMENT_3D('',#2427,#2428,#2429);
#2427 = CARTESIAN_POINT('',(16.35,-12.30060966544,-11.11));
#2428 = DIRECTION('',(0.,-0.707106781187,-0.707106781187));
#2429 = DIRECTION('',(0.,0.707106781187,-0.707106781187));
#2430 = DEFINITIONAL_REPRESENTATION('',(#2431),#2434);
#2431 = B_SPLINE_CURVE_WITH_KNOTS('',1,(#2432,#2433),.UNSPECIFIED.,.F.,
  .F.,(2,2),(-9.732678195181,-8.531458864299),.PIECEWISE_BEZIER_KNOTS.);
#2432 = CARTESIAN_POINT('',(0.849390334559,1.));
#2433 = CARTESIAN_POINT('',(2.050609665441,1.));
#2434 = ( GEOMETRIC_REPRESENTATION_CONTEXT(2) 
PARAMETRIC_REPRESENTATION_CONTEXT() REPRESENTATION_CONTEXT('2D SPACE',''
  ) );
#2435 = ORIENTED_EDGE('',*,*,#2436,.F.);
#2436 = EDGE_CURVE('',#2300,#2410,#2437,.T.);
#2437 = SURFACE_CURVE('',#2438,(#2442,#2449),.PCURVE_S1.);
#2438 = LINE('',#2439,#2440);
#2439 = CARTESIAN_POINT('',(17.35,-11.7,-27.555));
#2440 = VECTOR('',#2441,1.);
#2441 = DIRECTION('',(0.,-1.224646799147E-16,-1.));
#2442 = PCURVE('',#1501,#2443);
#2443 = DEFINITIONAL_REPRESENTATION('',(#2444),#2448);
#2444 = LINE('',#2445,#2446);
#2445 = CARTESIAN_POINT('',(16.445,-3.56));
#2446 = VECTOR('',#2447,1.);
#2447 = DIRECTION('',(-1.,1.224646799147E-16));
#2448 = ( GEOMETRIC_REPRESENTATION_CONTEXT(2) 
PARAMETRIC_REPRESENTATION_CONTEXT() REPRESENTATION_CONTEXT('2D SPACE',''
  ) );
#2449 = PCURVE('',#2450,#2455);
#2450 = PLANE('',#2451);
#2451 = AXIS2_PLACEMENT_3D('',#2452,#2453,#2454);
#2452 = CARTESIAN_POINT('',(16.35,-11.7,-11.11));
#2453 = DIRECTION('',(0.,-1.,1.224646799147E-16));
#2454 = DIRECTION('',(0.,-1.224646799147E-16,-1.));
#2455 = DEFINITIONAL_REPRESENTATION('',(#2456),#2459);
#2456 = B_SPLINE_CURVE_WITH_KNOTS('',1,(#2457,#2458),.UNSPECIFIED.,.F.,
  .F.,(2,2),(-16.445,-15.84439033455),.PIECEWISE_BEZIER_KNOTS.);
#2457 = CARTESIAN_POINT('',(0.,1.));
#2458 = CARTESIAN_POINT('',(0.600609665441,1.));
#2459 = ( GEOMETRIC_REPRESENTATION_CONTEXT(2) 
PARAMETRIC_REPRESENTATION_CONTEXT() REPRESENTATION_CONTEXT('2D SPACE',''
  ) );
#2460 = ADVANCED_FACE('',(#2461),#2450,.F.);
#2461 = FACE_BOUND('',#2462,.F.);
#2462 = EDGE_LOOP('',(#2463,#2498,#2518,#2519));
#2463 = ORIENTED_EDGE('',*,*,#2464,.T.);
#2464 = EDGE_CURVE('',#2465,#2467,#2469,.T.);
#2465 = VERTEX_POINT('',#2466);
#2466 = CARTESIAN_POINT('',(18.819468690424,-11.7,-11.71060966544));
#2467 = VERTEX_POINT('',#2468);
#2468 = CARTESIAN_POINT('',(18.7,-11.7,-11.11));
#2469 = SURFACE_CURVE('',#2470,(#2475,#2482),.PCURVE_S1.);
#2470 = HYPERBOLA('',#2471,1.45,1.45);
#2471 = AXIS2_PLACEMENT_3D('',#2472,#2473,#2474);
#2472 = CARTESIAN_POINT('',(17.25,-11.7,-11.11));
#2473 = DIRECTION('',(0.,-1.,1.224646799147E-16));
#2474 = DIRECTION('',(1.,2.719262146894E-32,2.22044604925E-16));
#2475 = PCURVE('',#2450,#2476);
#2476 = DEFINITIONAL_REPRESENTATION('',(#2477),#2481);
#2477 = ( BOUNDED_CURVE() B_SPLINE_CURVE(2,(#2478,#2479,#2480),
.UNSPECIFIED.,.F.,.F.) B_SPLINE_CURVE_WITH_KNOTS((3,3),(-0.44118284331,
-5.942487115411E-11),.PIECEWISE_BEZIER_KNOTS.) CURVE() 
GEOMETRIC_REPRESENTATION_ITEM() RATIONAL_B_SPLINE_CURVE((1.,
1.024429108298,1.)) REPRESENTATION_ITEM('') );
#2478 = CARTESIAN_POINT('',(0.660670631985,2.493419494034));
#2479 = CARTESIAN_POINT('',(0.314768443323,2.350000000019));
#2480 = CARTESIAN_POINT('',(8.616574120879E-11,2.35));
#2481 = ( GEOMETRIC_REPRESENTATION_CONTEXT(2) 
PARAMETRIC_REPRESENTATION_CONTEXT() REPRESENTATION_CONTEXT('2D SPACE',''
  ) );
#2482 = PCURVE('',#2483,#2488);
#2483 = CONICAL_SURFACE('',#2484,1.45,0.785398163397);
#2484 = AXIS2_PLACEMENT_3D('',#2485,#2486,#2487);
#2485 = CARTESIAN_POINT('',(18.7,-10.25,-11.11));
#2486 = DIRECTION('',(1.,0.,2.22044604925E-16));
#2487 = DIRECTION('',(2.22044604925E-16,0.,-1.));
#2488 = DEFINITIONAL_REPRESENTATION('',(#2489),#2497);
#2489 = B_SPLINE_CURVE_WITH_KNOTS('',6,(#2490,#2491,#2492,#2493,#2494,
    #2495,#2496),.UNSPECIFIED.,.F.,.F.,(7,7),(-0.44118284331,
    -5.942487115411E-11),.PIECEWISE_BEZIER_KNOTS.);
#2490 = CARTESIAN_POINT('',(5.139919014849,0.143419494034));
#2491 = CARTESIAN_POINT('',(5.073006825361,9.484006938879E-02));
#2492 = CARTESIAN_POINT('',(5.003646751073,5.65988713249E-02));
#2493 = CARTESIAN_POINT('',(4.932265407834,2.8223129284E-02));
#2494 = CARTESIAN_POINT('',(4.859449796136,9.407712333728E-03));
#2495 = CARTESIAN_POINT('',(4.785919454319,6.338138027841E-12));
#2496 = CARTESIAN_POINT('',(4.712388980444,2.331468351713E-15));
#2497 = ( GEOMETRIC_REPRESENTATION_CONTEXT(2) 
PARAMETRIC_REPRESENTATION_CONTEXT() REPRESENTATION_CONTEXT('2D SPACE',''
  ) );
#2498 = ORIENTED_EDGE('',*,*,#2499,.F.);
#2499 = EDGE_CURVE('',#2300,#2467,#2500,.T.);
#2500 = SURFACE_CURVE('',#2501,(#2505,#2512),.PCURVE_S1.);
#2501 = LINE('',#2502,#2503);
#2502 = CARTESIAN_POINT('',(16.35,-11.7,-11.11));
#2503 = VECTOR('',#2504,1.);
#2504 = DIRECTION('',(1.,0.,0.));
#2505 = PCURVE('',#2450,#2506);
#2506 = DEFINITIONAL_REPRESENTATION('',(#2507),#2511);
#2507 = LINE('',#2508,#2509);
#2508 = CARTESIAN_POINT('',(0.,0.));
#2509 = VECTOR('',#2510,1.);
#2510 = DIRECTION('',(0.,1.));
#2511 = ( GEOMETRIC_REPRESENTATION_CONTEXT(2) 
PARAMETRIC_REPRESENTATION_CONTEXT() REPRESENTATION_CONTEXT('2D SPACE',''
  ) );
#2512 = PCURVE('',#2316,#2513);
#2513 = DEFINITIONAL_REPRESENTATION('',(#2514),#2517);
#2514 = B_SPLINE_CURVE_WITH_KNOTS('',1,(#2515,#2516),.UNSPECIFIED.,.F.,
  .F.,(2,2),(0.,4.65),.PIECEWISE_BEZIER_KNOTS.);
#2515 = CARTESIAN_POINT('',(7.853981633974,1.146313502899E-31));
#2516 = CARTESIAN_POINT('',(7.853981633974,4.65));
#2517 = ( GEOMETRIC_REPRESENTATION_CONTEXT(2) 
PARAMETRIC_REPRESENTATION_CONTEXT() REPRESENTATION_CONTEXT('2D SPACE',''
  ) );
#2518 = ORIENTED_EDGE('',*,*,#2436,.T.);
#2519 = ORIENTED_EDGE('',*,*,#2520,.F.);
#2520 = EDGE_CURVE('',#2465,#2410,#2521,.T.);
#2521 = SURFACE_CURVE('',#2522,(#2526,#2532),.PCURVE_S1.);
#2522 = LINE('',#2523,#2524);
#2523 = CARTESIAN_POINT('',(16.35,-11.7,-11.71060966544));
#2524 = VECTOR('',#2525,1.);
#2525 = DIRECTION('',(-1.,0.,-0.));
#2526 = PCURVE('',#2450,#2527);
#2527 = DEFINITIONAL_REPRESENTATION('',(#2528),#2531);
#2528 = B_SPLINE_CURVE_WITH_KNOTS('',1,(#2529,#2530),.UNSPECIFIED.,.F.,
  .F.,(2,2),(-4.65,0.),.PIECEWISE_BEZIER_KNOTS.);
#2529 = CARTESIAN_POINT('',(0.600609665441,4.65));
#2530 = CARTESIAN_POINT('',(0.600609665441,0.));
#2531 = ( GEOMETRIC_REPRESENTATION_CONTEXT(2) 
PARAMETRIC_REPRESENTATION_CONTEXT() REPRESENTATION_CONTEXT('2D SPACE',''
  ) );
#2532 = PCURVE('',#2425,#2533);
#2533 = DEFINITIONAL_REPRESENTATION('',(#2534),#2538);
#2534 = LINE('',#2535,#2536);
#2535 = CARTESIAN_POINT('',(0.849390334559,0.));
#2536 = VECTOR('',#2537,1.);
#2537 = DIRECTION('',(0.,-1.));
#2538 = ( GEOMETRIC_REPRESENTATION_CONTEXT(2) 
PARAMETRIC_REPRESENTATION_CONTEXT() REPRESENTATION_CONTEXT('2D SPACE',''
  ) );
#2539 = ADVANCED_FACE('',(#2540),#2483,.F.);
#2540 = FACE_BOUND('',#2541,.F.);
#2541 = EDGE_LOOP('',(#2542,#2567,#2596,#2629,#2651,#2652,#2680,#2708,
    #2736,#2764,#2786,#2787,#2815,#2843));
#2542 = ORIENTED_EDGE('',*,*,#2543,.T.);
#2543 = EDGE_CURVE('',#2544,#2546,#2548,.T.);
#2544 = VERTEX_POINT('',#2545);
#2545 = CARTESIAN_POINT('',(18.7,-10.25,-12.56));
#2546 = VERTEX_POINT('',#2547);
#2547 = CARTESIAN_POINT('',(19.95,-10.25,-13.81));
#2548 = SEAM_CURVE('',#2549,(#2553,#2560),.PCURVE_S1.);
#2549 = LINE('',#2550,#2551);
#2550 = CARTESIAN_POINT('',(18.7,-10.25,-12.56));
#2551 = VECTOR('',#2552,1.);
#2552 = DIRECTION('',(0.707106781187,-1.731912112471E-16,-0.707106781187
    ));
#2553 = PCURVE('',#2483,#2554);
#2554 = DEFINITIONAL_REPRESENTATION('',(#2555),#2559);
#2555 = LINE('',#2556,#2557);
#2556 = CARTESIAN_POINT('',(6.28318530718,-0.));
#2557 = VECTOR('',#2558,1.);
#2558 = DIRECTION('',(0.,1.));
#2559 = ( GEOMETRIC_REPRESENTATION_CONTEXT(2) 
PARAMETRIC_REPRESENTATION_CONTEXT() REPRESENTATION_CONTEXT('2D SPACE',''
  ) );
#2560 = PCURVE('',#2483,#2561);
#2561 = DEFINITIONAL_REPRESENTATION('',(#2562),#2566);
#2562 = LINE('',#2563,#2564);
#2563 = CARTESIAN_POINT('',(0.,-0.));
#2564 = VECTOR('',#2565,1.);
#2565 = DIRECTION('',(0.,1.));
#2566 = ( GEOMETRIC_REPRESENTATION_CONTEXT(2) 
PARAMETRIC_REPRESENTATION_CONTEXT() REPRESENTATION_CONTEXT('2D SPACE',''
  ) );
#2567 = ORIENTED_EDGE('',*,*,#2568,.F.);
#2568 = EDGE_CURVE('',#2569,#2546,#2571,.T.);
#2569 = VERTEX_POINT('',#2570);
#2570 = CARTESIAN_POINT('',(19.95,-11.93460677904,-9.));
#2571 = SURFACE_CURVE('',#2572,(#2577,#2584),.PCURVE_S1.);
#2572 = CIRCLE('',#2573,2.7);
#2573 = AXIS2_PLACEMENT_3D('',#2574,#2575,#2576);
#2574 = CARTESIAN_POINT('',(19.95,-10.25,-11.11));
#2575 = DIRECTION('',(1.,0.,2.22044604925E-16));
#2576 = DIRECTION('',(2.22044604925E-16,0.,-1.));
#2577 = PCURVE('',#2483,#2578);
#2578 = DEFINITIONAL_REPRESENTATION('',(#2579),#2583);
#2579 = LINE('',#2580,#2581);
#2580 = CARTESIAN_POINT('',(0.,1.25));
#2581 = VECTOR('',#2582,1.);
#2582 = DIRECTION('',(1.,0.));
#2583 = ( GEOMETRIC_REPRESENTATION_CONTEXT(2) 
PARAMETRIC_REPRESENTATION_CONTEXT() REPRESENTATION_CONTEXT('2D SPACE',''
  ) );
#2584 = PCURVE('',#2585,#2590);
#2585 = PLANE('',#2586);
#2586 = AXIS2_PLACEMENT_3D('',#2587,#2588,#2589);
#2587 = CARTESIAN_POINT('',(19.95,-15.26,-3.));
#2588 = DIRECTION('',(1.,0.,-0.));
#2589 = DIRECTION('',(0.,0.,1.));
#2590 = DEFINITIONAL_REPRESENTATION('',(#2591),#2595);
#2591 = CIRCLE('',#2592,2.7);
#2592 = AXIS2_PLACEMENT_2D('',#2593,#2594);
#2593 = CARTESIAN_POINT('',(-8.11,-5.01));
#2594 = DIRECTION('',(-1.,0.));
#2595 = ( GEOMETRIC_REPRESENTATION_CONTEXT(2) 
PARAMETRIC_REPRESENTATION_CONTEXT() REPRESENTATION_CONTEXT('2D SPACE',''
  ) );
#2596 = ORIENTED_EDGE('',*,*,#2597,.T.);
#2597 = EDGE_CURVE('',#2569,#2598,#2600,.T.);
#2598 = VERTEX_POINT('',#2599);
#2599 = CARTESIAN_POINT('',(19.95,-8.565393220956,-9.));
#2600 = SURFACE_CURVE('',#2601,(#2606,#2622),.PCURVE_S1.);
#2601 = HYPERBOLA('',#2602,2.11,2.11);
#2602 = AXIS2_PLACEMENT_3D('',#2603,#2604,#2605);
#2603 = CARTESIAN_POINT('',(17.25,-10.25,-9.));
#2604 = DIRECTION('',(0.,0.,1.));
#2605 = DIRECTION('',(1.,0.,-0.));
#2606 = PCURVE('',#2483,#2607);
#2607 = DEFINITIONAL_REPRESENTATION('',(#2608),#2621);
#2608 = B_SPLINE_CURVE_WITH_KNOTS('',6,(#2609,#2610,#2611,#2612,#2613,
    #2614,#2615,#2616,#2617,#2618,#2619,#2620),.UNSPECIFIED.,.F.,.F.,(7,
    5,7),(-0.731412000209,0.,0.731412000209),.UNSPECIFIED.);
#2609 = CARTESIAN_POINT('',(3.815352239949,1.25));
#2610 = CARTESIAN_POINT('',(3.720088084366,1.044643064362));
#2611 = CARTESIAN_POINT('',(3.616128518908,0.887432733083));
#2612 = CARTESIAN_POINT('',(3.50404473168,0.772876930486));
#2613 = CARTESIAN_POINT('',(3.385395697278,0.697625859674));
#2614 = CARTESIAN_POINT('',(3.263494653625,0.66));
#2615 = CARTESIAN_POINT('',(3.019690653555,0.66));
#2616 = CARTESIAN_POINT('',(2.897789609902,0.697625859674));
#2617 = CARTESIAN_POINT('',(2.779140575499,0.772876930486));
#2618 = CARTESIAN_POINT('',(2.667056788272,0.887432733083));
#2619 = CARTESIAN_POINT('',(2.563097222813,1.044643064362));
#2620 = CARTESIAN_POINT('',(2.467833067231,1.25));
#2621 = ( GEOMETRIC_REPRESENTATION_CONTEXT(2) 
PARAMETRIC_REPRESENTATION_CONTEXT() REPRESENTATION_CONTEXT('2D SPACE',''
  ) );
#2622 = PCURVE('',#236,#2623);
#2623 = DEFINITIONAL_REPRESENTATION('',(#2624),#2628);
#2624 = ( BOUNDED_CURVE() B_SPLINE_CURVE(2,(#2625,#2626,#2627),
.UNSPECIFIED.,.F.,.F.) B_SPLINE_CURVE_WITH_KNOTS((3,3),(-0.731412000209,
0.731412000209),.PIECEWISE_BEZIER_KNOTS.) CURVE() 
GEOMETRIC_REPRESENTATION_ITEM() RATIONAL_B_SPLINE_CURVE((1.,
1.279620853081,1.)) REPRESENTATION_ITEM('') );
#2625 = CARTESIAN_POINT('',(19.95,-11.93460677904));
#2626 = CARTESIAN_POINT('',(18.898925925926,-10.25));
#2627 = CARTESIAN_POINT('',(19.95,-8.565393220956));
#2628 = ( GEOMETRIC_REPRESENTATION_CONTEXT(2) 
PARAMETRIC_REPRESENTATION_CONTEXT() REPRESENTATION_CONTEXT('2D SPACE',''
  ) );
#2629 = ORIENTED_EDGE('',*,*,#2630,.F.);
#2630 = EDGE_CURVE('',#2546,#2598,#2631,.T.);
#2631 = SURFACE_CURVE('',#2632,(#2637,#2644),.PCURVE_S1.);
#2632 = CIRCLE('',#2633,2.7);
#2633 = AXIS2_PLACEMENT_3D('',#2634,#2635,#2636);
#2634 = CARTESIAN_POINT('',(19.95,-10.25,-11.11));
#2635 = DIRECTION('',(1.,0.,2.22044604925E-16));
#2636 = DIRECTION('',(2.22044604925E-16,0.,-1.));
#2637 = PCURVE('',#2483,#2638);
#2638 = DEFINITIONAL_REPRESENTATION('',(#2639),#2643);
#2639 = LINE('',#2640,#2641);
#2640 = CARTESIAN_POINT('',(0.,1.25));
#2641 = VECTOR('',#2642,1.);
#2642 = DIRECTION('',(1.,0.));
#2643 = ( GEOMETRIC_REPRESENTATION_CONTEXT(2) 
PARAMETRIC_REPRESENTATION_CONTEXT() REPRESENTATION_CONTEXT('2D SPACE',''
  ) );
#2644 = PCURVE('',#2585,#2645);
#2645 = DEFINITIONAL_REPRESENTATION('',(#2646),#2650);
#2646 = CIRCLE('',#2647,2.7);
#2647 = AXIS2_PLACEMENT_2D('',#2648,#2649);
#2648 = CARTESIAN_POINT('',(-8.11,-5.01));
#2649 = DIRECTION('',(-1.,0.));
#2650 = ( GEOMETRIC_REPRESENTATION_CONTEXT(2) 
PARAMETRIC_REPRESENTATION_CONTEXT() REPRESENTATION_CONTEXT('2D SPACE',''
  ) );
#2651 = ORIENTED_EDGE('',*,*,#2543,.F.);
#2652 = ORIENTED_EDGE('',*,*,#2653,.F.);
#2653 = EDGE_CURVE('',#2654,#2544,#2656,.T.);
#2654 = VERTEX_POINT('',#2655);
#2655 = CARTESIAN_POINT('',(18.819468690424,-9.649390334559,-12.56));
#2656 = SURFACE_CURVE('',#2657,(#2662,#2673),.PCURVE_S1.);
#2657 = HYPERBOLA('',#2658,1.45,1.45);
#2658 = AXIS2_PLACEMENT_3D('',#2659,#2660,#2661);
#2659 = CARTESIAN_POINT('',(17.25,-10.25,-12.56));
#2660 = DIRECTION('',(-1.335854932828E-64,-1.224646799147E-16,-1.));
#2661 = DIRECTION('',(1.,-2.719262146894E-32,3.330135684236E-48));
#2662 = PCURVE('',#2483,#2663);
#2663 = DEFINITIONAL_REPRESENTATION('',(#2664),#2672);
#2664 = B_SPLINE_CURVE_WITH_KNOTS('',6,(#2665,#2666,#2667,#2668,#2669,
    #2670,#2671),.UNSPECIFIED.,.F.,.F.,(7,7),(-0.478577328328,
    -2.719262146894E-32),.PIECEWISE_BEZIER_KNOTS.);
#2665 = CARTESIAN_POINT('',(0.461289857013,0.169244897203));
#2666 = CARTESIAN_POINT('',(0.389863855993,0.111757263392));
#2667 = CARTESIAN_POINT('',(0.315395019015,6.663182017621E-02));
#2668 = CARTESIAN_POINT('',(0.23837622255,3.321024912343E-02));
#2669 = CARTESIAN_POINT('',(0.159525566919,1.107008796805E-02));
#2670 = CARTESIAN_POINT('',(7.976288805464E-02,-3.259850083854E-16));
#2671 = CARTESIAN_POINT('',(0.,-3.330669073875E-16));
#2672 = ( GEOMETRIC_REPRESENTATION_CONTEXT(2) 
PARAMETRIC_REPRESENTATION_CONTEXT() REPRESENTATION_CONTEXT('2D SPACE',''
  ) );
#2673 = PCURVE('',#2398,#2674);
#2674 = DEFINITIONAL_REPRESENTATION('',(#2675),#2679);
#2675 = ( BOUNDED_CURVE() B_SPLINE_CURVE(2,(#2676,#2677,#2678),
.UNSPECIFIED.,.F.,.F.) B_SPLINE_CURVE_WITH_KNOTS((3,3),(-0.478577328328,
-2.719262146894E-32),.PIECEWISE_BEZIER_KNOTS.) CURVE() 
GEOMETRIC_REPRESENTATION_ITEM() RATIONAL_B_SPLINE_CURVE((1.,
1.028766401755,1.)) REPRESENTATION_ITEM('') );
#2676 = CARTESIAN_POINT('',(2.519244897203,0.729268401471));
#2677 = CARTESIAN_POINT('',(2.35,1.109505561508));
#2678 = CARTESIAN_POINT('',(2.35,1.45));
#2679 = ( GEOMETRIC_REPRESENTATION_CONTEXT(2) 
PARAMETRIC_REPRESENTATION_CONTEXT() REPRESENTATION_CONTEXT('2D SPACE',''
  ) );
#2680 = ORIENTED_EDGE('',*,*,#2681,.F.);
#2681 = EDGE_CURVE('',#2682,#2654,#2684,.T.);
#2682 = VERTEX_POINT('',#2683);
#2683 = CARTESIAN_POINT('',(18.7,-9.22469516728,-12.13530483272));
#2684 = SURFACE_CURVE('',#2685,(#2690,#2701),.PCURVE_S1.);
#2685 = HYPERBOLA('',#2686,1.45,1.45);
#2686 = AXIS2_PLACEMENT_3D('',#2687,#2688,#2689);
#2687 = CARTESIAN_POINT('',(17.25,-9.22469516728,-12.13530483272));
#2688 = DIRECTION('',(0.,0.707106781187,-0.707106781187));
#2689 = DIRECTION('',(1.,1.110223024625E-16,1.110223024625E-16));
#2690 = PCURVE('',#2483,#2691);
#2691 = DEFINITIONAL_REPRESENTATION('',(#2692),#2700);
#2692 = B_SPLINE_CURVE_WITH_KNOTS('',6,(#2693,#2694,#2695,#2696,#2697,
    #2698,#2699),.UNSPECIFIED.,.F.,.F.,(7,7),(1.570092458684E-16,
    0.478577328328),.PIECEWISE_BEZIER_KNOTS.);
#2693 = CARTESIAN_POINT('',(0.785398163397,-1.110223024625E-16));
#2694 = CARTESIAN_POINT('',(0.705635275343,-1.018673482975E-16));
#2695 = CARTESIAN_POINT('',(0.625872596478,1.107008796805E-02));
#2696 = CARTESIAN_POINT('',(0.547021940847,3.321024912342E-02));
#2697 = CARTESIAN_POINT('',(0.470003144383,6.663182017622E-02));
#2698 = CARTESIAN_POINT('',(0.395534307404,0.111757263392));
#2699 = CARTESIAN_POINT('',(0.324108306384,0.169244897203));
#2700 = ( GEOMETRIC_REPRESENTATION_CONTEXT(2) 
PARAMETRIC_REPRESENTATION_CONTEXT() REPRESENTATION_CONTEXT('2D SPACE',''
  ) );
#2701 = PCURVE('',#2371,#2702);
#2702 = DEFINITIONAL_REPRESENTATION('',(#2703),#2707);
#2703 = ( BOUNDED_CURVE() B_SPLINE_CURVE(2,(#2704,#2705,#2706),
.UNSPECIFIED.,.F.,.F.) B_SPLINE_CURVE_WITH_KNOTS((3,3),(
1.570092458684E-16,0.478577328328),.PIECEWISE_BEZIER_KNOTS.) CURVE() 
GEOMETRIC_REPRESENTATION_ITEM() RATIONAL_B_SPLINE_CURVE((1.,
1.028766401755,1.)) REPRESENTATION_ITEM('') );
#2704 = CARTESIAN_POINT('',(2.35,1.45));
#2705 = CARTESIAN_POINT('',(2.35,1.790494438492));
#2706 = CARTESIAN_POINT('',(2.519244897203,2.170731598529));
#2707 = ( GEOMETRIC_REPRESENTATION_CONTEXT(2) 
PARAMETRIC_REPRESENTATION_CONTEXT() REPRESENTATION_CONTEXT('2D SPACE',''
  ) );
#2708 = ORIENTED_EDGE('',*,*,#2709,.F.);
#2709 = EDGE_CURVE('',#2710,#2682,#2712,.T.);
#2710 = VERTEX_POINT('',#2711);
#2711 = CARTESIAN_POINT('',(18.819468690424,-8.8,-11.71060966544));
#2712 = SURFACE_CURVE('',#2713,(#2718,#2729),.PCURVE_S1.);
#2713 = HYPERBOLA('',#2714,1.45,1.45);
#2714 = AXIS2_PLACEMENT_3D('',#2715,#2716,#2717);
#2715 = CARTESIAN_POINT('',(17.25,-9.22469516728,-12.13530483272));
#2716 = DIRECTION('',(0.,0.707106781187,-0.707106781187));
#2717 = DIRECTION('',(1.,1.110223024625E-16,1.110223024625E-16));
#2718 = PCURVE('',#2483,#2719);
#2719 = DEFINITIONAL_REPRESENTATION('',(#2720),#2728);
#2720 = B_SPLINE_CURVE_WITH_KNOTS('',6,(#2721,#2722,#2723,#2724,#2725,
    #2726,#2727),.UNSPECIFIED.,.F.,.F.,(7,7),(-0.478577328328,
    1.570092458684E-16),.PIECEWISE_BEZIER_KNOTS.);
#2721 = CARTESIAN_POINT('',(1.246688020411,0.169244897203));
#2722 = CARTESIAN_POINT('',(1.175262019391,0.111757263392));
#2723 = CARTESIAN_POINT('',(1.100793182412,6.663182017622E-02));
#2724 = CARTESIAN_POINT('',(1.023774385948,3.321024912343E-02));
#2725 = CARTESIAN_POINT('',(0.944923730317,1.107008796805E-02));
#2726 = CARTESIAN_POINT('',(0.865161051452,-1.201772566275E-16));
#2727 = CARTESIAN_POINT('',(0.785398163397,-1.110223024625E-16));
#2728 = ( GEOMETRIC_REPRESENTATION_CONTEXT(2) 
PARAMETRIC_REPRESENTATION_CONTEXT() REPRESENTATION_CONTEXT('2D SPACE',''
  ) );
#2729 = PCURVE('',#2371,#2730);
#2730 = DEFINITIONAL_REPRESENTATION('',(#2731),#2735);
#2731 = ( BOUNDED_CURVE() B_SPLINE_CURVE(2,(#2732,#2733,#2734),
.UNSPECIFIED.,.F.,.F.) B_SPLINE_CURVE_WITH_KNOTS((3,3),(-0.478577328328,
1.570092458684E-16),.PIECEWISE_BEZIER_KNOTS.) CURVE() 
GEOMETRIC_REPRESENTATION_ITEM() RATIONAL_B_SPLINE_CURVE((1.,
1.028766401755,1.)) REPRESENTATION_ITEM('') );
#2732 = CARTESIAN_POINT('',(2.519244897203,0.729268401471));
#2733 = CARTESIAN_POINT('',(2.35,1.109505561508));
#2734 = CARTESIAN_POINT('',(2.35,1.45));
#2735 = ( GEOMETRIC_REPRESENTATION_CONTEXT(2) 
PARAMETRIC_REPRESENTATION_CONTEXT() REPRESENTATION_CONTEXT('2D SPACE',''
  ) );
#2736 = ORIENTED_EDGE('',*,*,#2737,.T.);
#2737 = EDGE_CURVE('',#2710,#2738,#2740,.T.);
#2738 = VERTEX_POINT('',#2739);
#2739 = CARTESIAN_POINT('',(18.7,-8.8,-11.11));
#2740 = SURFACE_CURVE('',#2741,(#2746,#2757),.PCURVE_S1.);
#2741 = HYPERBOLA('',#2742,1.45,1.45);
#2742 = AXIS2_PLACEMENT_3D('',#2743,#2744,#2745);
#2743 = CARTESIAN_POINT('',(17.25,-8.8,-11.11));
#2744 = DIRECTION('',(0.,-1.,1.224646799147E-16));
#2745 = DIRECTION('',(1.,2.719262146894E-32,2.22044604925E-16));
#2746 = PCURVE('',#2483,#2747);
#2747 = DEFINITIONAL_REPRESENTATION('',(#2748),#2756);
#2748 = B_SPLINE_CURVE_WITH_KNOTS('',6,(#2749,#2750,#2751,#2752,#2753,
    #2754,#2755),.UNSPECIFIED.,.F.,.F.,(7,7),(-0.44118284331,
    -3.127214004226E-08),.PIECEWISE_BEZIER_KNOTS.);
#2749 = CARTESIAN_POINT('',(1.14326629233,0.143419494034));
#2750 = CARTESIAN_POINT('',(1.210178477084,9.484007282568E-02));
#2751 = CARTESIAN_POINT('',(1.279538546292,5.659887673586E-02));
#2752 = CARTESIAN_POINT('',(1.350919884195,2.822313530655E-02));
#2753 = CARTESIAN_POINT('',(1.423735490437,9.407717658334E-03));
#2754 = CARTESIAN_POINT('',(1.49726582685,3.334209896926E-09));
#2755 = CARTESIAN_POINT('',(1.570796295523,0.));
#2756 = ( GEOMETRIC_REPRESENTATION_CONTEXT(2) 
PARAMETRIC_REPRESENTATION_CONTEXT() REPRESENTATION_CONTEXT('2D SPACE',''
  ) );
#2757 = PCURVE('',#2344,#2758);
#2758 = DEFINITIONAL_REPRESENTATION('',(#2759),#2763);
#2759 = ( BOUNDED_CURVE() B_SPLINE_CURVE(2,(#2760,#2761,#2762),
.UNSPECIFIED.,.F.,.F.) B_SPLINE_CURVE_WITH_KNOTS((3,3),(-0.44118284331,
-3.127214004226E-08),.PIECEWISE_BEZIER_KNOTS.) CURVE() 
GEOMETRIC_REPRESENTATION_ITEM() RATIONAL_B_SPLINE_CURVE((1.,
1.024429104828,1.)) REPRESENTATION_ITEM('') );
#2760 = CARTESIAN_POINT('',(0.660670631985,2.493419494034));
#2761 = CARTESIAN_POINT('',(0.314768467019,2.350000009843));
#2762 = CARTESIAN_POINT('',(4.534460273931E-08,2.35));
#2763 = ( GEOMETRIC_REPRESENTATION_CONTEXT(2) 
PARAMETRIC_REPRESENTATION_CONTEXT() REPRESENTATION_CONTEXT('2D SPACE',''
  ) );
#2764 = ORIENTED_EDGE('',*,*,#2765,.T.);
#2765 = EDGE_CURVE('',#2738,#2467,#2766,.T.);
#2766 = SURFACE_CURVE('',#2767,(#2772,#2779),.PCURVE_S1.);
#2767 = CIRCLE('',#2768,1.45);
#2768 = AXIS2_PLACEMENT_3D('',#2769,#2770,#2771);
#2769 = CARTESIAN_POINT('',(18.7,-10.25,-11.11));
#2770 = DIRECTION('',(1.,-0.,2.22044604925E-16));
#2771 = DIRECTION('',(2.22044604925E-16,0.,-1.));
#2772 = PCURVE('',#2483,#2773);
#2773 = DEFINITIONAL_REPRESENTATION('',(#2774),#2778);
#2774 = LINE('',#2775,#2776);
#2775 = CARTESIAN_POINT('',(0.,0.));
#2776 = VECTOR('',#2777,1.);
#2777 = DIRECTION('',(1.,0.));
#2778 = ( GEOMETRIC_REPRESENTATION_CONTEXT(2) 
PARAMETRIC_REPRESENTATION_CONTEXT() REPRESENTATION_CONTEXT('2D SPACE',''
  ) );
#2779 = PCURVE('',#2316,#2780);
#2780 = DEFINITIONAL_REPRESENTATION('',(#2781),#2785);
#2781 = LINE('',#2782,#2783);
#2782 = CARTESIAN_POINT('',(3.14159265359,2.35));
#2783 = VECTOR('',#2784,1.);
#2784 = DIRECTION('',(1.,0.));
#2785 = ( GEOMETRIC_REPRESENTATION_CONTEXT(2) 
PARAMETRIC_REPRESENTATION_CONTEXT() REPRESENTATION_CONTEXT('2D SPACE',''
  ) );
#2786 = ORIENTED_EDGE('',*,*,#2464,.F.);
#2787 = ORIENTED_EDGE('',*,*,#2788,.F.);
#2788 = EDGE_CURVE('',#2789,#2465,#2791,.T.);
#2789 = VERTEX_POINT('',#2790);
#2790 = CARTESIAN_POINT('',(18.7,-11.27530483272,-12.13530483272));
#2791 = SURFACE_CURVE('',#2792,(#2797,#2808),.PCURVE_S1.);
#2792 = HYPERBOLA('',#2793,1.45,1.45);
#2793 = AXIS2_PLACEMENT_3D('',#2794,#2795,#2796);
#2794 = CARTESIAN_POINT('',(17.25,-11.27530483272,-12.13530483272));
#2795 = DIRECTION('',(0.,-0.707106781187,-0.707106781187));
#2796 = DIRECTION('',(1.,-1.110223024625E-16,1.110223024625E-16));
#2797 = PCURVE('',#2483,#2798);
#2798 = DEFINITIONAL_REPRESENTATION('',(#2799),#2807);
#2799 = B_SPLINE_CURVE_WITH_KNOTS('',6,(#2800,#2801,#2802,#2803,#2804,
    #2805,#2806),.UNSPECIFIED.,.F.,.F.,(7,7),(-1.570092458684E-16,
    0.478577328328),.PIECEWISE_BEZIER_KNOTS.);
#2800 = CARTESIAN_POINT('',(5.497787143782,-1.110223024625E-16));
#2801 = CARTESIAN_POINT('',(5.418024255727,-1.105469444399E-16));
#2802 = CARTESIAN_POINT('',(5.338261576863,1.107008796806E-02));
#2803 = CARTESIAN_POINT('',(5.259410921232,3.321024912341E-02));
#2804 = CARTESIAN_POINT('',(5.182392124767,6.663182017623E-02));
#2805 = CARTESIAN_POINT('',(5.107923287789,0.111757263392));
#2806 = CARTESIAN_POINT('',(5.036497286769,0.169244897203));
#2807 = ( GEOMETRIC_REPRESENTATION_CONTEXT(2) 
PARAMETRIC_REPRESENTATION_CONTEXT() REPRESENTATION_CONTEXT('2D SPACE',''
  ) );
#2808 = PCURVE('',#2425,#2809);
#2809 = DEFINITIONAL_REPRESENTATION('',(#2810),#2814);
#2810 = ( BOUNDED_CURVE() B_SPLINE_CURVE(2,(#2811,#2812,#2813),
.UNSPECIFIED.,.F.,.F.) B_SPLINE_CURVE_WITH_KNOTS((3,3),(
-1.570092458684E-16,0.478577328328),.PIECEWISE_BEZIER_KNOTS.) CURVE() 
GEOMETRIC_REPRESENTATION_ITEM() RATIONAL_B_SPLINE_CURVE((1.,
1.028766401755,1.)) REPRESENTATION_ITEM('') );
#2811 = CARTESIAN_POINT('',(1.45,2.35));
#2812 = CARTESIAN_POINT('',(1.109505561508,2.35));
#2813 = CARTESIAN_POINT('',(0.729268401471,2.519244897203));
#2814 = ( GEOMETRIC_REPRESENTATION_CONTEXT(2) 
PARAMETRIC_REPRESENTATION_CONTEXT() REPRESENTATION_CONTEXT('2D SPACE',''
  ) );
#2815 = ORIENTED_EDGE('',*,*,#2816,.F.);
#2816 = EDGE_CURVE('',#2817,#2789,#2819,.T.);
#2817 = VERTEX_POINT('',#2818);
#2818 = CARTESIAN_POINT('',(18.819468690424,-10.85060966544,-12.56));
#2819 = SURFACE_CURVE('',#2820,(#2825,#2836),.PCURVE_S1.);
#2820 = HYPERBOLA('',#2821,1.45,1.45);
#2821 = AXIS2_PLACEMENT_3D('',#2822,#2823,#2824);
#2822 = CARTESIAN_POINT('',(17.25,-11.27530483272,-12.13530483272));
#2823 = DIRECTION('',(0.,-0.707106781187,-0.707106781187));
#2824 = DIRECTION('',(1.,-1.110223024625E-16,1.110223024625E-16));
#2825 = PCURVE('',#2483,#2826);
#2826 = DEFINITIONAL_REPRESENTATION('',(#2827),#2835);
#2827 = B_SPLINE_CURVE_WITH_KNOTS('',6,(#2828,#2829,#2830,#2831,#2832,
    #2833,#2834),.UNSPECIFIED.,.F.,.F.,(7,7),(-0.478577328328,
    -1.570092458684E-16),.PIECEWISE_BEZIER_KNOTS.);
#2828 = CARTESIAN_POINT('',(5.959077000795,0.169244897203));
#2829 = CARTESIAN_POINT('',(5.887650999775,0.111757263392));
#2830 = CARTESIAN_POINT('',(5.813182162797,6.663182017621E-02));
#2831 = CARTESIAN_POINT('',(5.736163366332,3.321024912343E-02));
#2832 = CARTESIAN_POINT('',(5.657312710701,1.107008796805E-02));
#2833 = CARTESIAN_POINT('',(5.577550031837,-1.114976604852E-16));
#2834 = CARTESIAN_POINT('',(5.497787143782,-1.110223024625E-16));
#2835 = ( GEOMETRIC_REPRESENTATION_CONTEXT(2) 
PARAMETRIC_REPRESENTATION_CONTEXT() REPRESENTATION_CONTEXT('2D SPACE',''
  ) );
#2836 = PCURVE('',#2425,#2837);
#2837 = DEFINITIONAL_REPRESENTATION('',(#2838),#2842);
#2838 = ( BOUNDED_CURVE() B_SPLINE_CURVE(2,(#2839,#2840,#2841),
.UNSPECIFIED.,.F.,.F.) B_SPLINE_CURVE_WITH_KNOTS((3,3),(-0.478577328328,
-1.570092458684E-16),.PIECEWISE_BEZIER_KNOTS.) CURVE() 
GEOMETRIC_REPRESENTATION_ITEM() RATIONAL_B_SPLINE_CURVE((1.,
1.028766401755,1.)) REPRESENTATION_ITEM('') );
#2839 = CARTESIAN_POINT('',(2.170731598529,2.519244897203));
#2840 = CARTESIAN_POINT('',(1.790494438492,2.35));
#2841 = CARTESIAN_POINT('',(1.45,2.35));
#2842 = ( GEOMETRIC_REPRESENTATION_CONTEXT(2) 
PARAMETRIC_REPRESENTATION_CONTEXT() REPRESENTATION_CONTEXT('2D SPACE',''
  ) );
#2843 = ORIENTED_EDGE('',*,*,#2844,.F.);
#2844 = EDGE_CURVE('',#2544,#2817,#2845,.T.);
#2845 = SURFACE_CURVE('',#2846,(#2851,#2862),.PCURVE_S1.);
#2846 = HYPERBOLA('',#2847,1.45,1.45);
#2847 = AXIS2_PLACEMENT_3D('',#2848,#2849,#2850);
#2848 = CARTESIAN_POINT('',(17.25,-10.25,-12.56));
#2849 = DIRECTION('',(-1.335854932828E-64,-1.224646799147E-16,-1.));
#2850 = DIRECTION('',(1.,-2.719262146894E-32,3.330135684236E-48));
#2851 = PCURVE('',#2483,#2852);
#2852 = DEFINITIONAL_REPRESENTATION('',(#2853),#2861);
#2853 = B_SPLINE_CURVE_WITH_KNOTS('',6,(#2854,#2855,#2856,#2857,#2858,
    #2859,#2860),.UNSPECIFIED.,.F.,.F.,(7,7),(-2.719262146894E-32,
    0.478577328328),.PIECEWISE_BEZIER_KNOTS.);
#2854 = CARTESIAN_POINT('',(6.28318530718,-3.330669073875E-16));
#2855 = CARTESIAN_POINT('',(6.203422419125,-3.401488063897E-16));
#2856 = CARTESIAN_POINT('',(6.123659740261,1.107008796805E-02));
#2857 = CARTESIAN_POINT('',(6.044809084629,3.321024912342E-02));
#2858 = CARTESIAN_POINT('',(5.967790288165,6.663182017622E-02));
#2859 = CARTESIAN_POINT('',(5.893321451186,0.111757263392));
#2860 = CARTESIAN_POINT('',(5.821895450166,0.169244897203));
#2861 = ( GEOMETRIC_REPRESENTATION_CONTEXT(2) 
PARAMETRIC_REPRESENTATION_CONTEXT() REPRESENTATION_CONTEXT('2D SPACE',''
  ) );
#2862 = PCURVE('',#2398,#2863);
#2863 = DEFINITIONAL_REPRESENTATION('',(#2864),#2868);
#2864 = ( BOUNDED_CURVE() B_SPLINE_CURVE(2,(#2865,#2866,#2867),
.UNSPECIFIED.,.F.,.F.) B_SPLINE_CURVE_WITH_KNOTS((3,3),(
-2.719262146894E-32,0.478577328328),.PIECEWISE_BEZIER_KNOTS.) CURVE() 
GEOMETRIC_REPRESENTATION_ITEM() RATIONAL_B_SPLINE_CURVE((1.,
1.028766401755,1.)) REPRESENTATION_ITEM('') );
#2865 = CARTESIAN_POINT('',(2.35,1.45));
#2866 = CARTESIAN_POINT('',(2.35,1.790494438492));
#2867 = CARTESIAN_POINT('',(2.519244897203,2.170731598529));
#2868 = ( GEOMETRIC_REPRESENTATION_CONTEXT(2) 
PARAMETRIC_REPRESENTATION_CONTEXT() REPRESENTATION_CONTEXT('2D SPACE',''
  ) );
#2869 = ADVANCED_FACE('',(#2870,#3146,#3177),#2585,.T.);
#2870 = FACE_BOUND('',#2871,.T.);
#2871 = EDGE_LOOP('',(#2872,#2897,#2920,#2941,#2965,#2986,#3009,#3032,
    #3053,#3082,#3106,#3125,#3126,#3127));
#2872 = ORIENTED_EDGE('',*,*,#2873,.F.);
#2873 = EDGE_CURVE('',#2874,#2876,#2878,.T.);
#2874 = VERTEX_POINT('',#2875);
#2875 = CARTESIAN_POINT('',(19.95,-15.26,-44.));
#2876 = VERTEX_POINT('',#2877);
#2877 = CARTESIAN_POINT('',(19.95,-15.26,-9.));
#2878 = SURFACE_CURVE('',#2879,(#2883,#2890),.PCURVE_S1.);
#2879 = LINE('',#2880,#2881);
#2880 = CARTESIAN_POINT('',(19.95,-15.26,-44.));
#2881 = VECTOR('',#2882,1.);
#2882 = DIRECTION('',(0.,0.,1.));
#2883 = PCURVE('',#2585,#2884);
#2884 = DEFINITIONAL_REPRESENTATION('',(#2885),#2889);
#2885 = LINE('',#2886,#2887);
#2886 = CARTESIAN_POINT('',(-41.,0.));
#2887 = VECTOR('',#2888,1.);
#2888 = DIRECTION('',(1.,0.));
#2889 = ( GEOMETRIC_REPRESENTATION_CONTEXT(2) 
PARAMETRIC_REPRESENTATION_CONTEXT() REPRESENTATION_CONTEXT('2D SPACE',''
  ) );
#2890 = PCURVE('',#44,#2891);
#2891 = DEFINITIONAL_REPRESENTATION('',(#2892),#2896);
#2892 = LINE('',#2893,#2894);
#2893 = CARTESIAN_POINT('',(-41.,39.9));
#2894 = VECTOR('',#2895,1.);
#2895 = DIRECTION('',(1.,0.));
#2896 = ( GEOMETRIC_REPRESENTATION_CONTEXT(2) 
PARAMETRIC_REPRESENTATION_CONTEXT() REPRESENTATION_CONTEXT('2D SPACE',''
  ) );
#2897 = ORIENTED_EDGE('',*,*,#2898,.T.);
#2898 = EDGE_CURVE('',#2874,#2899,#2901,.T.);
#2899 = VERTEX_POINT('',#2900);
#2900 = CARTESIAN_POINT('',(19.95,-10.3,-44.));
#2901 = SURFACE_CURVE('',#2902,(#2906,#2913),.PCURVE_S1.);
#2902 = LINE('',#2903,#2904);
#2903 = CARTESIAN_POINT('',(19.95,-15.26,-44.));
#2904 = VECTOR('',#2905,1.);
#2905 = DIRECTION('',(-0.,1.,0.));
#2906 = PCURVE('',#2585,#2907);
#2907 = DEFINITIONAL_REPRESENTATION('',(#2908),#2912);
#2908 = LINE('',#2909,#2910);
#2909 = CARTESIAN_POINT('',(-41.,0.));
#2910 = VECTOR('',#2911,1.);
#2911 = DIRECTION('',(0.,-1.));
#2912 = ( GEOMETRIC_REPRESENTATION_CONTEXT(2) 
PARAMETRIC_REPRESENTATION_CONTEXT() REPRESENTATION_CONTEXT('2D SPACE',''
  ) );
#2913 = PCURVE('',#72,#2914);
#2914 = DEFINITIONAL_REPRESENTATION('',(#2915),#2919);
#2915 = LINE('',#2916,#2917);
#2916 = CARTESIAN_POINT('',(39.9,0.));
#2917 = VECTOR('',#2918,1.);
#2918 = DIRECTION('',(0.,1.));
#2919 = ( GEOMETRIC_REPRESENTATION_CONTEXT(2) 
PARAMETRIC_REPRESENTATION_CONTEXT() REPRESENTATION_CONTEXT('2D SPACE',''
  ) );
#2920 = ORIENTED_EDGE('',*,*,#2921,.T.);
#2921 = EDGE_CURVE('',#2899,#2922,#2924,.T.);
#2922 = VERTEX_POINT('',#2923);
#2923 = CARTESIAN_POINT('',(19.95,-10.3,-40.11));
#2924 = SURFACE_CURVE('',#2925,(#2929,#2935),.PCURVE_S1.);
#2925 = LINE('',#2926,#2927);
#2926 = CARTESIAN_POINT('',(19.95,-10.3,-24.));
#2927 = VECTOR('',#2928,1.);
#2928 = DIRECTION('',(0.,0.,1.));
#2929 = PCURVE('',#2585,#2930);
#2930 = DEFINITIONAL_REPRESENTATION('',(#2931),#2934);
#2931 = B_SPLINE_CURVE_WITH_KNOTS('',1,(#2932,#2933),.UNSPECIFIED.,.F.,
  .F.,(2,2),(-20.,-16.11),.PIECEWISE_BEZIER_KNOTS.);
#2932 = CARTESIAN_POINT('',(-41.,-4.96));
#2933 = CARTESIAN_POINT('',(-37.11,-4.96));
#2934 = ( GEOMETRIC_REPRESENTATION_CONTEXT(2) 
PARAMETRIC_REPRESENTATION_CONTEXT() REPRESENTATION_CONTEXT('2D SPACE',''
  ) );
#2935 = PCURVE('',#1625,#2936);
#2936 = DEFINITIONAL_REPRESENTATION('',(#2937),#2940);
#2937 = B_SPLINE_CURVE_WITH_KNOTS('',1,(#2938,#2939),.UNSPECIFIED.,.F.,
  .F.,(2,2),(-20.,-16.11),.PIECEWISE_BEZIER_KNOTS.);
#2938 = CARTESIAN_POINT('',(1.,40.95));
#2939 = CARTESIAN_POINT('',(4.89,40.95));
#2940 = ( GEOMETRIC_REPRESENTATION_CONTEXT(2) 
PARAMETRIC_REPRESENTATION_CONTEXT() REPRESENTATION_CONTEXT('2D SPACE',''
  ) );
#2941 = ORIENTED_EDGE('',*,*,#2942,.F.);
#2942 = EDGE_CURVE('',#2943,#2922,#2945,.T.);
#2943 = VERTEX_POINT('',#2944);
#2944 = CARTESIAN_POINT('',(19.95,10.3,-40.11));
#2945 = SURFACE_CURVE('',#2946,(#2951,#2958),.PCURVE_S1.);
#2946 = CIRCLE('',#2947,10.3);
#2947 = AXIS2_PLACEMENT_3D('',#2948,#2949,#2950);
#2948 = CARTESIAN_POINT('',(19.95,0.,-40.11));
#2949 = DIRECTION('',(1.,0.,2.22044604925E-16));
#2950 = DIRECTION('',(2.22044604925E-16,0.,-1.));
#2951 = PCURVE('',#2585,#2952);
#2952 = DEFINITIONAL_REPRESENTATION('',(#2953),#2957);
#2953 = CIRCLE('',#2954,10.3);
#2954 = AXIS2_PLACEMENT_2D('',#2955,#2956);
#2955 = CARTESIAN_POINT('',(-37.11,-15.26));
#2956 = DIRECTION('',(-1.,0.));
#2957 = ( GEOMETRIC_REPRESENTATION_CONTEXT(2) 
PARAMETRIC_REPRESENTATION_CONTEXT() REPRESENTATION_CONTEXT('2D SPACE',''
  ) );
#2958 = PCURVE('',#1653,#2959);
#2959 = DEFINITIONAL_REPRESENTATION('',(#2960),#2964);
#2960 = LINE('',#2961,#2962);
#2961 = CARTESIAN_POINT('',(0.,40.95));
#2962 = VECTOR('',#2963,1.);
#2963 = DIRECTION('',(1.,0.));
#2964 = ( GEOMETRIC_REPRESENTATION_CONTEXT(2) 
PARAMETRIC_REPRESENTATION_CONTEXT() REPRESENTATION_CONTEXT('2D SPACE',''
  ) );
#2965 = ORIENTED_EDGE('',*,*,#2966,.F.);
#2966 = EDGE_CURVE('',#2967,#2943,#2969,.T.);
#2967 = VERTEX_POINT('',#2968);
#2968 = CARTESIAN_POINT('',(19.95,10.3,-44.));
#2969 = SURFACE_CURVE('',#2970,(#2974,#2980),.PCURVE_S1.);
#2970 = LINE('',#2971,#2972);
#2971 = CARTESIAN_POINT('',(19.95,10.3,-24.));
#2972 = VECTOR('',#2973,1.);
#2973 = DIRECTION('',(0.,0.,1.));
#2974 = PCURVE('',#2585,#2975);
#2975 = DEFINITIONAL_REPRESENTATION('',(#2976),#2979);
#2976 = B_SPLINE_CURVE_WITH_KNOTS('',1,(#2977,#2978),.UNSPECIFIED.,.F.,
  .F.,(2,2),(-20.,-16.11),.PIECEWISE_BEZIER_KNOTS.);
#2977 = CARTESIAN_POINT('',(-41.,-25.56));
#2978 = CARTESIAN_POINT('',(-37.11,-25.56));
#2979 = ( GEOMETRIC_REPRESENTATION_CONTEXT(2) 
PARAMETRIC_REPRESENTATION_CONTEXT() REPRESENTATION_CONTEXT('2D SPACE',''
  ) );
#2980 = PCURVE('',#1786,#2981);
#2981 = DEFINITIONAL_REPRESENTATION('',(#2982),#2985);
#2982 = B_SPLINE_CURVE_WITH_KNOTS('',1,(#2983,#2984),.UNSPECIFIED.,.F.,
  .F.,(2,2),(-20.,-16.11),.PIECEWISE_BEZIER_KNOTS.);
#2983 = CARTESIAN_POINT('',(1.,40.95));
#2984 = CARTESIAN_POINT('',(4.89,40.95));
#2985 = ( GEOMETRIC_REPRESENTATION_CONTEXT(2) 
PARAMETRIC_REPRESENTATION_CONTEXT() REPRESENTATION_CONTEXT('2D SPACE',''
  ) );
#2986 = ORIENTED_EDGE('',*,*,#2987,.T.);
#2987 = EDGE_CURVE('',#2967,#2988,#2990,.T.);
#2988 = VERTEX_POINT('',#2989);
#2989 = CARTESIAN_POINT('',(19.95,15.26,-44.));
#2990 = SURFACE_CURVE('',#2991,(#2995,#3002),.PCURVE_S1.);
#2991 = LINE('',#2992,#2993);
#2992 = CARTESIAN_POINT('',(19.95,-15.26,-44.));
#2993 = VECTOR('',#2994,1.);
#2994 = DIRECTION('',(-0.,1.,0.));
#2995 = PCURVE('',#2585,#2996);
#2996 = DEFINITIONAL_REPRESENTATION('',(#2997),#3001);
#2997 = LINE('',#2998,#2999);
#2998 = CARTESIAN_POINT('',(-41.,0.));
#2999 = VECTOR('',#3000,1.);
#3000 = DIRECTION('',(0.,-1.));
#3001 = ( GEOMETRIC_REPRESENTATION_CONTEXT(2) 
PARAMETRIC_REPRESENTATION_CONTEXT() REPRESENTATION_CONTEXT('2D SPACE',''
  ) );
#3002 = PCURVE('',#181,#3003);
#3003 = DEFINITIONAL_REPRESENTATION('',(#3004),#3008);
#3004 = LINE('',#3005,#3006);
#3005 = CARTESIAN_POINT('',(39.9,0.));
#3006 = VECTOR('',#3007,1.);
#3007 = DIRECTION('',(0.,1.));
#3008 = ( GEOMETRIC_REPRESENTATION_CONTEXT(2) 
PARAMETRIC_REPRESENTATION_CONTEXT() REPRESENTATION_CONTEXT('2D SPACE',''
  ) );
#3009 = ORIENTED_EDGE('',*,*,#3010,.F.);
#3010 = EDGE_CURVE('',#3011,#2988,#3013,.T.);
#3011 = VERTEX_POINT('',#3012);
#3012 = CARTESIAN_POINT('',(19.95,15.26,-9.));
#3013 = SURFACE_CURVE('',#3014,(#3018,#3025),.PCURVE_S1.);
#3014 = LINE('',#3015,#3016);
#3015 = CARTESIAN_POINT('',(19.95,15.26,0.));
#3016 = VECTOR('',#3017,1.);
#3017 = DIRECTION('',(0.,0.,-1.));
#3018 = PCURVE('',#2585,#3019);
#3019 = DEFINITIONAL_REPRESENTATION('',(#3020),#3024);
#3020 = LINE('',#3021,#3022);
#3021 = CARTESIAN_POINT('',(3.,-30.52));
#3022 = VECTOR('',#3023,1.);
#3023 = DIRECTION('',(-1.,0.));
#3024 = ( GEOMETRIC_REPRESENTATION_CONTEXT(2) 
PARAMETRIC_REPRESENTATION_CONTEXT() REPRESENTATION_CONTEXT('2D SPACE',''
  ) );
#3025 = PCURVE('',#209,#3026);
#3026 = DEFINITIONAL_REPRESENTATION('',(#3027),#3031);
#3027 = LINE('',#3028,#3029);
#3028 = CARTESIAN_POINT('',(3.,39.9));
#3029 = VECTOR('',#3030,1.);
#3030 = DIRECTION('',(-1.,0.));
#3031 = ( GEOMETRIC_REPRESENTATION_CONTEXT(2) 
PARAMETRIC_REPRESENTATION_CONTEXT() REPRESENTATION_CONTEXT('2D SPACE',''
  ) );
#3032 = ORIENTED_EDGE('',*,*,#3033,.T.);
#3033 = EDGE_CURVE('',#3011,#3034,#3036,.T.);
#3034 = VERTEX_POINT('',#3035);
#3035 = CARTESIAN_POINT('',(19.95,11.934606779044,-9.));
#3036 = SURFACE_CURVE('',#3037,(#3041,#3047),.PCURVE_S1.);
#3037 = LINE('',#3038,#3039);
#3038 = CARTESIAN_POINT('',(19.95,-7.63,-9.));
#3039 = VECTOR('',#3040,1.);
#3040 = DIRECTION('',(0.,-1.,0.));
#3041 = PCURVE('',#2585,#3042);
#3042 = DEFINITIONAL_REPRESENTATION('',(#3043),#3046);
#3043 = B_SPLINE_CURVE_WITH_KNOTS('',1,(#3044,#3045),.UNSPECIFIED.,.F.,
  .F.,(2,2),(-22.89,7.63),.PIECEWISE_BEZIER_KNOTS.);
#3044 = CARTESIAN_POINT('',(-6.,-30.52));
#3045 = CARTESIAN_POINT('',(-6.,0.));
#3046 = ( GEOMETRIC_REPRESENTATION_CONTEXT(2) 
PARAMETRIC_REPRESENTATION_CONTEXT() REPRESENTATION_CONTEXT('2D SPACE',''
  ) );
#3047 = PCURVE('',#236,#3048);
#3048 = DEFINITIONAL_REPRESENTATION('',(#3049),#3052);
#3049 = B_SPLINE_CURVE_WITH_KNOTS('',1,(#3050,#3051),.UNSPECIFIED.,.F.,
  .F.,(2,2),(-22.89,7.63),.PIECEWISE_BEZIER_KNOTS.);
#3050 = CARTESIAN_POINT('',(19.95,15.26));
#3051 = CARTESIAN_POINT('',(19.95,-15.26));
#3052 = ( GEOMETRIC_REPRESENTATION_CONTEXT(2) 
PARAMETRIC_REPRESENTATION_CONTEXT() REPRESENTATION_CONTEXT('2D SPACE',''
  ) );
#3053 = ORIENTED_EDGE('',*,*,#3054,.F.);
#3054 = EDGE_CURVE('',#3055,#3034,#3057,.T.);
#3055 = VERTEX_POINT('',#3056);
#3056 = CARTESIAN_POINT('',(19.95,10.25,-13.81));
#3057 = SURFACE_CURVE('',#3058,(#3063,#3070),.PCURVE_S1.);
#3058 = CIRCLE('',#3059,2.7);
#3059 = AXIS2_PLACEMENT_3D('',#3060,#3061,#3062);
#3060 = CARTESIAN_POINT('',(19.95,10.25,-11.11));
#3061 = DIRECTION('',(1.,0.,2.22044604925E-16));
#3062 = DIRECTION('',(2.22044604925E-16,0.,-1.));
#3063 = PCURVE('',#2585,#3064);
#3064 = DEFINITIONAL_REPRESENTATION('',(#3065),#3069);
#3065 = CIRCLE('',#3066,2.7);
#3066 = AXIS2_PLACEMENT_2D('',#3067,#3068);
#3067 = CARTESIAN_POINT('',(-8.11,-25.51));
#3068 = DIRECTION('',(-1.,0.));
#3069 = ( GEOMETRIC_REPRESENTATION_CONTEXT(2) 
PARAMETRIC_REPRESENTATION_CONTEXT() REPRESENTATION_CONTEXT('2D SPACE',''
  ) );
#3070 = PCURVE('',#3071,#3076);
#3071 = CONICAL_SURFACE('',#3072,1.45,0.785398163397);
#3072 = AXIS2_PLACEMENT_3D('',#3073,#3074,#3075);
#3073 = CARTESIAN_POINT('',(18.7,10.25,-11.11));
#3074 = DIRECTION('',(1.,0.,2.22044604925E-16));
#3075 = DIRECTION('',(2.22044604925E-16,0.,-1.));
#3076 = DEFINITIONAL_REPRESENTATION('',(#3077),#3081);
#3077 = LINE('',#3078,#3079);
#3078 = CARTESIAN_POINT('',(0.,1.25));
#3079 = VECTOR('',#3080,1.);
#3080 = DIRECTION('',(1.,0.));
#3081 = ( GEOMETRIC_REPRESENTATION_CONTEXT(2) 
PARAMETRIC_REPRESENTATION_CONTEXT() REPRESENTATION_CONTEXT('2D SPACE',''
  ) );
#3082 = ORIENTED_EDGE('',*,*,#3083,.F.);
#3083 = EDGE_CURVE('',#3084,#3055,#3086,.T.);
#3084 = VERTEX_POINT('',#3085);
#3085 = CARTESIAN_POINT('',(19.95,8.565393220956,-9.));
#3086 = SURFACE_CURVE('',#3087,(#3092,#3099),.PCURVE_S1.);
#3087 = CIRCLE('',#3088,2.7);
#3088 = AXIS2_PLACEMENT_3D('',#3089,#3090,#3091);
#3089 = CARTESIAN_POINT('',(19.95,10.25,-11.11));
#3090 = DIRECTION('',(1.,0.,2.22044604925E-16));
#3091 = DIRECTION('',(2.22044604925E-16,0.,-1.));
#3092 = PCURVE('',#2585,#3093);
#3093 = DEFINITIONAL_REPRESENTATION('',(#3094),#3098);
#3094 = CIRCLE('',#3095,2.7);
#3095 = AXIS2_PLACEMENT_2D('',#3096,#3097);
#3096 = CARTESIAN_POINT('',(-8.11,-25.51));
#3097 = DIRECTION('',(-1.,0.));
#3098 = ( GEOMETRIC_REPRESENTATION_CONTEXT(2) 
PARAMETRIC_REPRESENTATION_CONTEXT() REPRESENTATION_CONTEXT('2D SPACE',''
  ) );
#3099 = PCURVE('',#3071,#3100);
#3100 = DEFINITIONAL_REPRESENTATION('',(#3101),#3105);
#3101 = LINE('',#3102,#3103);
#3102 = CARTESIAN_POINT('',(0.,1.25));
#3103 = VECTOR('',#3104,1.);
#3104 = DIRECTION('',(1.,0.));
#3105 = ( GEOMETRIC_REPRESENTATION_CONTEXT(2) 
PARAMETRIC_REPRESENTATION_CONTEXT() REPRESENTATION_CONTEXT('2D SPACE',''
  ) );
#3106 = ORIENTED_EDGE('',*,*,#3107,.T.);
#3107 = EDGE_CURVE('',#3084,#2598,#3108,.T.);
#3108 = SURFACE_CURVE('',#3109,(#3113,#3119),.PCURVE_S1.);
#3109 = LINE('',#3110,#3111);
#3110 = CARTESIAN_POINT('',(19.95,-7.63,-9.));
#3111 = VECTOR('',#3112,1.);
#3112 = DIRECTION('',(0.,-1.,0.));
#3113 = PCURVE('',#2585,#3114);
#3114 = DEFINITIONAL_REPRESENTATION('',(#3115),#3118);
#3115 = B_SPLINE_CURVE_WITH_KNOTS('',1,(#3116,#3117),.UNSPECIFIED.,.F.,
  .F.,(2,2),(-22.89,7.63),.PIECEWISE_BEZIER_KNOTS.);
#3116 = CARTESIAN_POINT('',(-6.,-30.52));
#3117 = CARTESIAN_POINT('',(-6.,0.));
#3118 = ( GEOMETRIC_REPRESENTATION_CONTEXT(2) 
PARAMETRIC_REPRESENTATION_CONTEXT() REPRESENTATION_CONTEXT('2D SPACE',''
  ) );
#3119 = PCURVE('',#236,#3120);
#3120 = DEFINITIONAL_REPRESENTATION('',(#3121),#3124);
#3121 = B_SPLINE_CURVE_WITH_KNOTS('',1,(#3122,#3123),.UNSPECIFIED.,.F.,
  .F.,(2,2),(-22.89,7.63),.PIECEWISE_BEZIER_KNOTS.);
#3122 = CARTESIAN_POINT('',(19.95,15.26));
#3123 = CARTESIAN_POINT('',(19.95,-15.26));
#3124 = ( GEOMETRIC_REPRESENTATION_CONTEXT(2) 
PARAMETRIC_REPRESENTATION_CONTEXT() REPRESENTATION_CONTEXT('2D SPACE',''
  ) );
#3125 = ORIENTED_EDGE('',*,*,#2630,.F.);
#3126 = ORIENTED_EDGE('',*,*,#2568,.F.);
#3127 = ORIENTED_EDGE('',*,*,#3128,.T.);
#3128 = EDGE_CURVE('',#2569,#2876,#3129,.T.);
#3129 = SURFACE_CURVE('',#3130,(#3134,#3140),.PCURVE_S1.);
#3130 = LINE('',#3131,#3132);
#3131 = CARTESIAN_POINT('',(19.95,-7.63,-9.));
#3132 = VECTOR('',#3133,1.);
#3133 = DIRECTION('',(0.,-1.,0.));
#3134 = PCURVE('',#2585,#3135);
#3135 = DEFINITIONAL_REPRESENTATION('',(#3136),#3139);
#3136 = B_SPLINE_CURVE_WITH_KNOTS('',1,(#3137,#3138),.UNSPECIFIED.,.F.,
  .F.,(2,2),(-22.89,7.63),.PIECEWISE_BEZIER_KNOTS.);
#3137 = CARTESIAN_POINT('',(-6.,-30.52));
#3138 = CARTESIAN_POINT('',(-6.,0.));
#3139 = ( GEOMETRIC_REPRESENTATION_CONTEXT(2) 
PARAMETRIC_REPRESENTATION_CONTEXT() REPRESENTATION_CONTEXT('2D SPACE',''
  ) );
#3140 = PCURVE('',#236,#3141);
#3141 = DEFINITIONAL_REPRESENTATION('',(#3142),#3145);
#3142 = B_SPLINE_CURVE_WITH_KNOTS('',1,(#3143,#3144),.UNSPECIFIED.,.F.,
  .F.,(2,2),(-22.89,7.63),.PIECEWISE_BEZIER_KNOTS.);
#3143 = CARTESIAN_POINT('',(19.95,15.26));
#3144 = CARTESIAN_POINT('',(19.95,-15.26));
#3145 = ( GEOMETRIC_REPRESENTATION_CONTEXT(2) 
PARAMETRIC_REPRESENTATION_CONTEXT() REPRESENTATION_CONTEXT('2D SPACE',''
  ) );
#3146 = FACE_BOUND('',#3147,.T.);
#3147 = EDGE_LOOP('',(#3148));
#3148 = ORIENTED_EDGE('',*,*,#3149,.F.);
#3149 = EDGE_CURVE('',#3150,#3150,#3152,.T.);
#3150 = VERTEX_POINT('',#3151);
#3151 = CARTESIAN_POINT('',(19.95,10.25,-34.51));
#3152 = SURFACE_CURVE('',#3153,(#3158,#3165),.PCURVE_S1.);
#3153 = CIRCLE('',#3154,2.7);
#3154 = AXIS2_PLACEMENT_3D('',#3155,#3156,#3157);
#3155 = CARTESIAN_POINT('',(19.95,10.25,-31.81));
#3156 = DIRECTION('',(1.,0.,2.22044604925E-16));
#3157 = DIRECTION('',(2.22044604925E-16,0.,-1.));
#3158 = PCURVE('',#2585,#3159);
#3159 = DEFINITIONAL_REPRESENTATION('',(#3160),#3164);
#3160 = CIRCLE('',#3161,2.7);
#3161 = AXIS2_PLACEMENT_2D('',#3162,#3163);
#3162 = CARTESIAN_POINT('',(-28.81,-25.51));
#3163 = DIRECTION('',(-1.,0.));
#3164 = ( GEOMETRIC_REPRESENTATION_CONTEXT(2) 
PARAMETRIC_REPRESENTATION_CONTEXT() REPRESENTATION_CONTEXT('2D SPACE',''
  ) );
#3165 = PCURVE('',#3166,#3171);
#3166 = CONICAL_SURFACE('',#3167,1.45,0.785398163397);
#3167 = AXIS2_PLACEMENT_3D('',#3168,#3169,#3170);
#3168 = CARTESIAN_POINT('',(18.7,10.25,-31.81));
#3169 = DIRECTION('',(1.,0.,2.22044604925E-16));
#3170 = DIRECTION('',(2.22044604925E-16,0.,-1.));
#3171 = DEFINITIONAL_REPRESENTATION('',(#3172),#3176);
#3172 = LINE('',#3173,#3174);
#3173 = CARTESIAN_POINT('',(0.,1.25));
#3174 = VECTOR('',#3175,1.);
#3175 = DIRECTION('',(1.,0.));
#3176 = ( GEOMETRIC_REPRESENTATION_CONTEXT(2) 
PARAMETRIC_REPRESENTATION_CONTEXT() REPRESENTATION_CONTEXT('2D SPACE',''
  ) );
#3177 = FACE_BOUND('',#3178,.T.);
#3178 = EDGE_LOOP('',(#3179));
#3179 = ORIENTED_EDGE('',*,*,#3180,.F.);
#3180 = EDGE_CURVE('',#3181,#3181,#3183,.T.);
#3181 = VERTEX_POINT('',#3182);
#3182 = CARTESIAN_POINT('',(19.95,-10.25,-34.51));
#3183 = SURFACE_CURVE('',#3184,(#3189,#3196),.PCURVE_S1.);
#3184 = CIRCLE('',#3185,2.7);
#3185 = AXIS2_PLACEMENT_3D('',#3186,#3187,#3188);
#3186 = CARTESIAN_POINT('',(19.95,-10.25,-31.81));
#3187 = DIRECTION('',(1.,0.,2.22044604925E-16));
#3188 = DIRECTION('',(2.22044604925E-16,0.,-1.));
#3189 = PCURVE('',#2585,#3190);
#3190 = DEFINITIONAL_REPRESENTATION('',(#3191),#3195);
#3191 = CIRCLE('',#3192,2.7);
#3192 = AXIS2_PLACEMENT_2D('',#3193,#3194);
#3193 = CARTESIAN_POINT('',(-28.81,-5.01));
#3194 = DIRECTION('',(-1.,0.));
#3195 = ( GEOMETRIC_REPRESENTATION_CONTEXT(2) 
PARAMETRIC_REPRESENTATION_CONTEXT() REPRESENTATION_CONTEXT('2D SPACE',''
  ) );
#3196 = PCURVE('',#3197,#3202);
#3197 = CONICAL_SURFACE('',#3198,1.45,0.785398163397);
#3198 = AXIS2_PLACEMENT_3D('',#3199,#3200,#3201);
#3199 = CARTESIAN_POINT('',(18.7,-10.25,-31.81));
#3200 = DIRECTION('',(1.,0.,2.22044604925E-16));
#3201 = DIRECTION('',(2.22044604925E-16,0.,-1.));
#3202 = DEFINITIONAL_REPRESENTATION('',(#3203),#3207);
#3203 = LINE('',#3204,#3205);
#3204 = CARTESIAN_POINT('',(0.,1.25));
#3205 = VECTOR('',#3206,1.);
#3206 = DIRECTION('',(1.,0.));
#3207 = ( GEOMETRIC_REPRESENTATION_CONTEXT(2) 
PARAMETRIC_REPRESENTATION_CONTEXT() REPRESENTATION_CONTEXT('2D SPACE',''
  ) );
#3208 = ADVANCED_FACE('',(#3209),#3197,.F.);
#3209 = FACE_BOUND('',#3210,.F.);
#3210 = EDGE_LOOP('',(#3211,#3212,#3235,#3263,#3291,#3319,#3347,#3371,
    #3399,#3427,#3455,#3481));
#3211 = ORIENTED_EDGE('',*,*,#3180,.F.);
#3212 = ORIENTED_EDGE('',*,*,#3213,.F.);
#3213 = EDGE_CURVE('',#3214,#3181,#3216,.T.);
#3214 = VERTEX_POINT('',#3215);
#3215 = CARTESIAN_POINT('',(18.7,-10.25,-33.26));
#3216 = SEAM_CURVE('',#3217,(#3221,#3228),.PCURVE_S1.);
#3217 = LINE('',#3218,#3219);
#3218 = CARTESIAN_POINT('',(18.7,-10.25,-33.26));
#3219 = VECTOR('',#3220,1.);
#3220 = DIRECTION('',(0.707106781187,-1.731912112471E-16,-0.707106781187
    ));
#3221 = PCURVE('',#3197,#3222);
#3222 = DEFINITIONAL_REPRESENTATION('',(#3223),#3227);
#3223 = LINE('',#3224,#3225);
#3224 = CARTESIAN_POINT('',(6.28318530718,-0.));
#3225 = VECTOR('',#3226,1.);
#3226 = DIRECTION('',(0.,1.));
#3227 = ( GEOMETRIC_REPRESENTATION_CONTEXT(2) 
PARAMETRIC_REPRESENTATION_CONTEXT() REPRESENTATION_CONTEXT('2D SPACE',''
  ) );
#3228 = PCURVE('',#3197,#3229);
#3229 = DEFINITIONAL_REPRESENTATION('',(#3230),#3234);
#3230 = LINE('',#3231,#3232);
#3231 = CARTESIAN_POINT('',(0.,-0.));
#3232 = VECTOR('',#3233,1.);
#3233 = DIRECTION('',(0.,1.));
#3234 = ( GEOMETRIC_REPRESENTATION_CONTEXT(2) 
PARAMETRIC_REPRESENTATION_CONTEXT() REPRESENTATION_CONTEXT('2D SPACE',''
  ) );
#3235 = ORIENTED_EDGE('',*,*,#3236,.F.);
#3236 = EDGE_CURVE('',#3237,#3214,#3239,.T.);
#3237 = VERTEX_POINT('',#3238);
#3238 = CARTESIAN_POINT('',(18.819468690424,-9.649390334559,-33.26));
#3239 = SURFACE_CURVE('',#3240,(#3245,#3256),.PCURVE_S1.);
#3240 = HYPERBOLA('',#3241,1.45,1.45);
#3241 = AXIS2_PLACEMENT_3D('',#3242,#3243,#3244);
#3242 = CARTESIAN_POINT('',(17.25,-10.25,-33.26));
#3243 = DIRECTION('',(-1.335854932828E-64,-1.224646799147E-16,-1.));
#3244 = DIRECTION('',(1.,-2.719262146894E-32,3.330135684236E-48));
#3245 = PCURVE('',#3197,#3246);
#3246 = DEFINITIONAL_REPRESENTATION('',(#3247),#3255);
#3247 = B_SPLINE_CURVE_WITH_KNOTS('',6,(#3248,#3249,#3250,#3251,#3252,
    #3253,#3254),.UNSPECIFIED.,.F.,.F.,(7,7),(-0.478577328328,
    -2.719262146894E-32),.PIECEWISE_BEZIER_KNOTS.);
#3248 = CARTESIAN_POINT('',(0.461289857013,0.169244897203));
#3249 = CARTESIAN_POINT('',(0.389863855993,0.111757263392));
#3250 = CARTESIAN_POINT('',(0.315395019015,6.663182017622E-02));
#3251 = CARTESIAN_POINT('',(0.23837622255,3.321024912343E-02));
#3252 = CARTESIAN_POINT('',(0.159525566919,1.107008796805E-02));
#3253 = CARTESIAN_POINT('',(7.976288805464E-02,1.450371831015E-15));
#3254 = CARTESIAN_POINT('',(0.,1.443289932013E-15));
#3255 = ( GEOMETRIC_REPRESENTATION_CONTEXT(2) 
PARAMETRIC_REPRESENTATION_CONTEXT() REPRESENTATION_CONTEXT('2D SPACE',''
  ) );
#3256 = PCURVE('',#2149,#3257);
#3257 = DEFINITIONAL_REPRESENTATION('',(#3258),#3262);
#3258 = ( BOUNDED_CURVE() B_SPLINE_CURVE(2,(#3259,#3260,#3261),
.UNSPECIFIED.,.F.,.F.) B_SPLINE_CURVE_WITH_KNOTS((3,3),(-0.478577328328,
-2.719262146894E-32),.PIECEWISE_BEZIER_KNOTS.) CURVE() 
GEOMETRIC_REPRESENTATION_ITEM() RATIONAL_B_SPLINE_CURVE((1.,
1.028766401755,1.)) REPRESENTATION_ITEM('') );
#3259 = CARTESIAN_POINT('',(2.519244897203,0.729268401471));
#3260 = CARTESIAN_POINT('',(2.35,1.109505561508));
#3261 = CARTESIAN_POINT('',(2.35,1.45));
#3262 = ( GEOMETRIC_REPRESENTATION_CONTEXT(2) 
PARAMETRIC_REPRESENTATION_CONTEXT() REPRESENTATION_CONTEXT('2D SPACE',''
  ) );
#3263 = ORIENTED_EDGE('',*,*,#3264,.F.);
#3264 = EDGE_CURVE('',#3265,#3237,#3267,.T.);
#3265 = VERTEX_POINT('',#3266);
#3266 = CARTESIAN_POINT('',(18.7,-9.22469516728,-32.83530483272));
#3267 = SURFACE_CURVE('',#3268,(#3273,#3284),.PCURVE_S1.);
#3268 = HYPERBOLA('',#3269,1.45,1.45);
#3269 = AXIS2_PLACEMENT_3D('',#3270,#3271,#3272);
#3270 = CARTESIAN_POINT('',(17.25,-9.22469516728,-32.83530483272));
#3271 = DIRECTION('',(0.,0.707106781187,-0.707106781187));
#3272 = DIRECTION('',(1.,1.110223024625E-16,1.110223024625E-16));
#3273 = PCURVE('',#3197,#3274);
#3274 = DEFINITIONAL_REPRESENTATION('',(#3275),#3283);
#3275 = B_SPLINE_CURVE_WITH_KNOTS('',6,(#3276,#3277,#3278,#3279,#3280,
    #3281,#3282),.UNSPECIFIED.,.F.,.F.,(7,7),(5.156849028673E-11,
    0.478577328328),.PIECEWISE_BEZIER_KNOTS.);
#3276 = CARTESIAN_POINT('',(0.785398163346,3.552713678801E-15));
#3277 = CARTESIAN_POINT('',(0.7056352753,5.967900599174E-12));
#3278 = CARTESIAN_POINT('',(0.625872596444,1.10700879776E-02));
#3279 = CARTESIAN_POINT('',(0.547021940822,3.321024913422E-02));
#3280 = CARTESIAN_POINT('',(0.470003144367,6.663182018596E-02));
#3281 = CARTESIAN_POINT('',(0.395534307397,0.111757263398));
#3282 = CARTESIAN_POINT('',(0.324108306384,0.169244897203));
#3283 = ( GEOMETRIC_REPRESENTATION_CONTEXT(2) 
PARAMETRIC_REPRESENTATION_CONTEXT() REPRESENTATION_CONTEXT('2D SPACE',''
  ) );
#3284 = PCURVE('',#2284,#3285);
#3285 = DEFINITIONAL_REPRESENTATION('',(#3286),#3290);
#3286 = ( BOUNDED_CURVE() B_SPLINE_CURVE(2,(#3287,#3288,#3289),
.UNSPECIFIED.,.F.,.F.) B_SPLINE_CURVE_WITH_KNOTS((3,3),(
5.156849028673E-11,0.478577328328),.PIECEWISE_BEZIER_KNOTS.) CURVE() 
GEOMETRIC_REPRESENTATION_ITEM() RATIONAL_B_SPLINE_CURVE((1.,
1.028766401749,1.)) REPRESENTATION_ITEM('') );
#3287 = CARTESIAN_POINT('',(2.35,1.450000000075));
#3288 = CARTESIAN_POINT('',(2.350000000018,1.790494438531));
#3289 = CARTESIAN_POINT('',(2.519244897203,2.170731598529));
#3290 = ( GEOMETRIC_REPRESENTATION_CONTEXT(2) 
PARAMETRIC_REPRESENTATION_CONTEXT() REPRESENTATION_CONTEXT('2D SPACE',''
  ) );
#3291 = ORIENTED_EDGE('',*,*,#3292,.F.);
#3292 = EDGE_CURVE('',#3293,#3265,#3295,.T.);
#3293 = VERTEX_POINT('',#3294);
#3294 = CARTESIAN_POINT('',(18.819468690424,-8.8,-32.41060966544));
#3295 = SURFACE_CURVE('',#3296,(#3301,#3312),.PCURVE_S1.);
#3296 = HYPERBOLA('',#3297,1.45,1.45);
#3297 = AXIS2_PLACEMENT_3D('',#3298,#3299,#3300);
#3298 = CARTESIAN_POINT('',(17.25,-9.22469516728,-32.83530483272));
#3299 = DIRECTION('',(0.,0.707106781187,-0.707106781187));
#3300 = DIRECTION('',(1.,1.110223024625E-16,1.110223024625E-16));
#3301 = PCURVE('',#3197,#3302);
#3302 = DEFINITIONAL_REPRESENTATION('',(#3303),#3311);
#3303 = B_SPLINE_CURVE_WITH_KNOTS('',6,(#3304,#3305,#3306,#3307,#3308,
    #3309,#3310),.UNSPECIFIED.,.F.,.F.,(7,7),(-0.478577328328,
    5.156849028673E-11),.PIECEWISE_BEZIER_KNOTS.);
#3304 = CARTESIAN_POINT('',(1.246688020411,0.169244897203));
#3305 = CARTESIAN_POINT('',(1.175262019383,0.111757263386));
#3306 = CARTESIAN_POINT('',(1.100793182396,6.663182016651E-02));
#3307 = CARTESIAN_POINT('',(1.023774385923,3.321024911261E-02));
#3308 = CARTESIAN_POINT('',(0.944923730283,1.107008795851E-02));
#3309 = CARTESIAN_POINT('',(0.865161051409,-5.960795173102E-12));
#3310 = CARTESIAN_POINT('',(0.785398163346,3.552713678801E-15));
#3311 = ( GEOMETRIC_REPRESENTATION_CONTEXT(2) 
PARAMETRIC_REPRESENTATION_CONTEXT() REPRESENTATION_CONTEXT('2D SPACE',''
  ) );
#3312 = PCURVE('',#2284,#3313);
#3313 = DEFINITIONAL_REPRESENTATION('',(#3314),#3318);
#3314 = ( BOUNDED_CURVE() B_SPLINE_CURVE(2,(#3315,#3316,#3317),
.UNSPECIFIED.,.F.,.F.) B_SPLINE_CURVE_WITH_KNOTS((3,3),(-0.478577328328,
5.156849028673E-11),.PIECEWISE_BEZIER_KNOTS.) CURVE() 
GEOMETRIC_REPRESENTATION_ITEM() RATIONAL_B_SPLINE_CURVE((1.,
1.028766401761,1.)) REPRESENTATION_ITEM('') );
#3315 = CARTESIAN_POINT('',(2.519244897203,0.729268401471));
#3316 = CARTESIAN_POINT('',(2.349999999982,1.109505561548));
#3317 = CARTESIAN_POINT('',(2.35,1.450000000075));
#3318 = ( GEOMETRIC_REPRESENTATION_CONTEXT(2) 
PARAMETRIC_REPRESENTATION_CONTEXT() REPRESENTATION_CONTEXT('2D SPACE',''
  ) );
#3319 = ORIENTED_EDGE('',*,*,#3320,.T.);
#3320 = EDGE_CURVE('',#3293,#3321,#3323,.T.);
#3321 = VERTEX_POINT('',#3322);
#3322 = CARTESIAN_POINT('',(18.7,-8.8,-31.81));
#3323 = SURFACE_CURVE('',#3324,(#3329,#3340),.PCURVE_S1.);
#3324 = HYPERBOLA('',#3325,1.45,1.45);
#3325 = AXIS2_PLACEMENT_3D('',#3326,#3327,#3328);
#3326 = CARTESIAN_POINT('',(17.25,-8.8,-31.81));
#3327 = DIRECTION('',(0.,-1.,1.224646799147E-16));
#3328 = DIRECTION('',(1.,2.719262146894E-32,2.22044604925E-16));
#3329 = PCURVE('',#3197,#3330);
#3330 = DEFINITIONAL_REPRESENTATION('',(#3331),#3339);
#3331 = B_SPLINE_CURVE_WITH_KNOTS('',6,(#3332,#3333,#3334,#3335,#3336,
    #3337,#3338),.UNSPECIFIED.,.F.,.F.,(7,7),(-0.44118284331,
    -3.127214004226E-08),.PIECEWISE_BEZIER_KNOTS.);
#3332 = CARTESIAN_POINT('',(1.14326629233,0.143419494034));
#3333 = CARTESIAN_POINT('',(1.210178477084,9.484007282568E-02));
#3334 = CARTESIAN_POINT('',(1.279538546292,5.659887673586E-02));
#3335 = CARTESIAN_POINT('',(1.350919884195,2.822313530654E-02));
#3336 = CARTESIAN_POINT('',(1.423735490437,9.407717658337E-03));
#3337 = CARTESIAN_POINT('',(1.49726582685,3.334209896926E-09));
#3338 = CARTESIAN_POINT('',(1.570796295523,0.));
#3339 = ( GEOMETRIC_REPRESENTATION_CONTEXT(2) 
PARAMETRIC_REPRESENTATION_CONTEXT() REPRESENTATION_CONTEXT('2D SPACE',''
  ) );
#3340 = PCURVE('',#2259,#3341);
#3341 = DEFINITIONAL_REPRESENTATION('',(#3342),#3346);
#3342 = ( BOUNDED_CURVE() B_SPLINE_CURVE(2,(#3343,#3344,#3345),
.UNSPECIFIED.,.F.,.F.) B_SPLINE_CURVE_WITH_KNOTS((3,3),(-0.44118284331,
-3.127214004226E-08),.PIECEWISE_BEZIER_KNOTS.) CURVE() 
GEOMETRIC_REPRESENTATION_ITEM() RATIONAL_B_SPLINE_CURVE((1.,
1.024429104828,1.)) REPRESENTATION_ITEM('') );
#3343 = CARTESIAN_POINT('',(0.660670631985,2.493419494034));
#3344 = CARTESIAN_POINT('',(0.314768467019,2.350000009843));
#3345 = CARTESIAN_POINT('',(4.534460629202E-08,2.35));
#3346 = ( GEOMETRIC_REPRESENTATION_CONTEXT(2) 
PARAMETRIC_REPRESENTATION_CONTEXT() REPRESENTATION_CONTEXT('2D SPACE',''
  ) );
#3347 = ORIENTED_EDGE('',*,*,#3348,.T.);
#3348 = EDGE_CURVE('',#3321,#3349,#3351,.T.);
#3349 = VERTEX_POINT('',#3350);
#3350 = CARTESIAN_POINT('',(18.7,-11.7,-31.81));
#3351 = SURFACE_CURVE('',#3352,(#3357,#3364),.PCURVE_S1.);
#3352 = CIRCLE('',#3353,1.45);
#3353 = AXIS2_PLACEMENT_3D('',#3354,#3355,#3356);
#3354 = CARTESIAN_POINT('',(18.7,-10.25,-31.81));
#3355 = DIRECTION('',(1.,-0.,2.22044604925E-16));
#3356 = DIRECTION('',(2.22044604925E-16,0.,-1.));
#3357 = PCURVE('',#3197,#3358);
#3358 = DEFINITIONAL_REPRESENTATION('',(#3359),#3363);
#3359 = LINE('',#3360,#3361);
#3360 = CARTESIAN_POINT('',(0.,0.));
#3361 = VECTOR('',#3362,1.);
#3362 = DIRECTION('',(1.,0.));
#3363 = ( GEOMETRIC_REPRESENTATION_CONTEXT(2) 
PARAMETRIC_REPRESENTATION_CONTEXT() REPRESENTATION_CONTEXT('2D SPACE',''
  ) );
#3364 = PCURVE('',#2231,#3365);
#3365 = DEFINITIONAL_REPRESENTATION('',(#3366),#3370);
#3366 = LINE('',#3367,#3368);
#3367 = CARTESIAN_POINT('',(3.14159265359,2.35));
#3368 = VECTOR('',#3369,1.);
#3369 = DIRECTION('',(1.,0.));
#3370 = ( GEOMETRIC_REPRESENTATION_CONTEXT(2) 
PARAMETRIC_REPRESENTATION_CONTEXT() REPRESENTATION_CONTEXT('2D SPACE',''
  ) );
#3371 = ORIENTED_EDGE('',*,*,#3372,.F.);
#3372 = EDGE_CURVE('',#3373,#3349,#3375,.T.);
#3373 = VERTEX_POINT('',#3374);
#3374 = CARTESIAN_POINT('',(18.819468690424,-11.7,-32.41060966544));
#3375 = SURFACE_CURVE('',#3376,(#3381,#3392),.PCURVE_S1.);
#3376 = HYPERBOLA('',#3377,1.45,1.45);
#3377 = AXIS2_PLACEMENT_3D('',#3378,#3379,#3380);
#3378 = CARTESIAN_POINT('',(17.25,-11.7,-31.81));
#3379 = DIRECTION('',(0.,-1.,1.224646799147E-16));
#3380 = DIRECTION('',(1.,2.719262146894E-32,2.22044604925E-16));
#3381 = PCURVE('',#3197,#3382);
#3382 = DEFINITIONAL_REPRESENTATION('',(#3383),#3391);
#3383 = B_SPLINE_CURVE_WITH_KNOTS('',6,(#3384,#3385,#3386,#3387,#3388,
    #3389,#3390),.UNSPECIFIED.,.F.,.F.,(7,7),(-0.44118284331,
    -5.942364608043E-11),.PIECEWISE_BEZIER_KNOTS.);
#3384 = CARTESIAN_POINT('',(5.139919014849,0.143419494034));
#3385 = CARTESIAN_POINT('',(5.073006825361,9.484006938879E-02));
#3386 = CARTESIAN_POINT('',(5.003646751073,5.659887132488E-02));
#3387 = CARTESIAN_POINT('',(4.932265407834,2.822312928402E-02));
#3388 = CARTESIAN_POINT('',(4.859449796136,9.407712333721E-03));
#3389 = CARTESIAN_POINT('',(4.785919454319,6.33802537123E-12));
#3390 = CARTESIAN_POINT('',(4.712388980444,2.331468351713E-15));
#3391 = ( GEOMETRIC_REPRESENTATION_CONTEXT(2) 
PARAMETRIC_REPRESENTATION_CONTEXT() REPRESENTATION_CONTEXT('2D SPACE',''
  ) );
#3392 = PCURVE('',#2203,#3393);
#3393 = DEFINITIONAL_REPRESENTATION('',(#3394),#3398);
#3394 = ( BOUNDED_CURVE() B_SPLINE_CURVE(2,(#3395,#3396,#3397),
.UNSPECIFIED.,.F.,.F.) B_SPLINE_CURVE_WITH_KNOTS((3,3),(-0.44118284331,
-5.942364608043E-11),.PIECEWISE_BEZIER_KNOTS.) CURVE() 
GEOMETRIC_REPRESENTATION_ITEM() RATIONAL_B_SPLINE_CURVE((1.,
1.024429108298,1.)) REPRESENTATION_ITEM('') );
#3395 = CARTESIAN_POINT('',(0.660670631985,2.493419494034));
#3396 = CARTESIAN_POINT('',(0.314768443323,2.350000000019));
#3397 = CARTESIAN_POINT('',(8.616751756563E-11,2.35));
#3398 = ( GEOMETRIC_REPRESENTATION_CONTEXT(2) 
PARAMETRIC_REPRESENTATION_CONTEXT() REPRESENTATION_CONTEXT('2D SPACE',''
  ) );
#3399 = ORIENTED_EDGE('',*,*,#3400,.F.);
#3400 = EDGE_CURVE('',#3401,#3373,#3403,.T.);
#3401 = VERTEX_POINT('',#3402);
#3402 = CARTESIAN_POINT('',(18.7,-11.27530483272,-32.83530483272));
#3403 = SURFACE_CURVE('',#3404,(#3409,#3420),.PCURVE_S1.);
#3404 = HYPERBOLA('',#3405,1.45,1.45);
#3405 = AXIS2_PLACEMENT_3D('',#3406,#3407,#3408);
#3406 = CARTESIAN_POINT('',(17.25,-11.27530483272,-32.83530483272));
#3407 = DIRECTION('',(0.,-0.707106781187,-0.707106781187));
#3408 = DIRECTION('',(1.,-1.110223024625E-16,1.110223024625E-16));
#3409 = PCURVE('',#3197,#3410);
#3410 = DEFINITIONAL_REPRESENTATION('',(#3411),#3419);
#3411 = B_SPLINE_CURVE_WITH_KNOTS('',6,(#3412,#3413,#3414,#3415,#3416,
    #3417,#3418),.UNSPECIFIED.,.F.,.F.,(7,7),(-3.622040878826E-15,
    0.478577328328),.PIECEWISE_BEZIER_KNOTS.);
#3412 = CARTESIAN_POINT('',(5.497787143782,1.110223024625E-15));
#3413 = CARTESIAN_POINT('',(5.418024255728,5.932731188208E-16));
#3414 = CARTESIAN_POINT('',(5.338261576863,1.107008796805E-02));
#3415 = CARTESIAN_POINT('',(5.259410921232,3.321024912342E-02));
#3416 = CARTESIAN_POINT('',(5.182392124767,6.663182017622E-02));
#3417 = CARTESIAN_POINT('',(5.107923287789,0.111757263392));
#3418 = CARTESIAN_POINT('',(5.036497286769,0.169244897203));
#3419 = ( GEOMETRIC_REPRESENTATION_CONTEXT(2) 
PARAMETRIC_REPRESENTATION_CONTEXT() REPRESENTATION_CONTEXT('2D SPACE',''
  ) );
#3420 = PCURVE('',#2176,#3421);
#3421 = DEFINITIONAL_REPRESENTATION('',(#3422),#3426);
#3422 = ( BOUNDED_CURVE() B_SPLINE_CURVE(2,(#3423,#3424,#3425),
.UNSPECIFIED.,.F.,.F.) B_SPLINE_CURVE_WITH_KNOTS((3,3),(
-3.622040878826E-15,0.478577328328),.PIECEWISE_BEZIER_KNOTS.) CURVE() 
GEOMETRIC_REPRESENTATION_ITEM() RATIONAL_B_SPLINE_CURVE((1.,
1.028766401755,1.)) REPRESENTATION_ITEM('') );
#3423 = CARTESIAN_POINT('',(1.45,2.35));
#3424 = CARTESIAN_POINT('',(1.109505561508,2.35));
#3425 = CARTESIAN_POINT('',(0.729268401471,2.519244897203));
#3426 = ( GEOMETRIC_REPRESENTATION_CONTEXT(2) 
PARAMETRIC_REPRESENTATION_CONTEXT() REPRESENTATION_CONTEXT('2D SPACE',''
  ) );
#3427 = ORIENTED_EDGE('',*,*,#3428,.F.);
#3428 = EDGE_CURVE('',#3429,#3401,#3431,.T.);
#3429 = VERTEX_POINT('',#3430);
#3430 = CARTESIAN_POINT('',(18.819468690424,-10.85060966544,-33.26));
#3431 = SURFACE_CURVE('',#3432,(#3437,#3448),.PCURVE_S1.);
#3432 = HYPERBOLA('',#3433,1.45,1.45);
#3433 = AXIS2_PLACEMENT_3D('',#3434,#3435,#3436);
#3434 = CARTESIAN_POINT('',(17.25,-11.27530483272,-32.83530483272));
#3435 = DIRECTION('',(0.,-0.707106781187,-0.707106781187));
#3436 = DIRECTION('',(1.,-1.110223024625E-16,1.110223024625E-16));
#3437 = PCURVE('',#3197,#3438);
#3438 = DEFINITIONAL_REPRESENTATION('',(#3439),#3447);
#3439 = B_SPLINE_CURVE_WITH_KNOTS('',6,(#3440,#3441,#3442,#3443,#3444,
    #3445,#3446),.UNSPECIFIED.,.F.,.F.,(7,7),(-0.478577328328,
    -3.622040878826E-15),.PIECEWISE_BEZIER_KNOTS.);
#3440 = CARTESIAN_POINT('',(5.959077000795,0.169244897203));
#3441 = CARTESIAN_POINT('',(5.887650999775,0.111757263392));
#3442 = CARTESIAN_POINT('',(5.813182162797,6.663182017622E-02));
#3443 = CARTESIAN_POINT('',(5.736163366332,3.321024912342E-02));
#3444 = CARTESIAN_POINT('',(5.657312710701,1.107008796805E-02));
#3445 = CARTESIAN_POINT('',(5.577550031837,1.627172930429E-15));
#3446 = CARTESIAN_POINT('',(5.497787143782,1.110223024625E-15));
#3447 = ( GEOMETRIC_REPRESENTATION_CONTEXT(2) 
PARAMETRIC_REPRESENTATION_CONTEXT() REPRESENTATION_CONTEXT('2D SPACE',''
  ) );
#3448 = PCURVE('',#2176,#3449);
#3449 = DEFINITIONAL_REPRESENTATION('',(#3450),#3454);
#3450 = ( BOUNDED_CURVE() B_SPLINE_CURVE(2,(#3451,#3452,#3453),
.UNSPECIFIED.,.F.,.F.) B_SPLINE_CURVE_WITH_KNOTS((3,3),(-0.478577328328,
-3.622040878826E-15),.PIECEWISE_BEZIER_KNOTS.) CURVE() 
GEOMETRIC_REPRESENTATION_ITEM() RATIONAL_B_SPLINE_CURVE((1.,
1.028766401755,1.)) REPRESENTATION_ITEM('') );
#3451 = CARTESIAN_POINT('',(2.170731598529,2.519244897203));
#3452 = CARTESIAN_POINT('',(1.790494438492,2.35));
#3453 = CARTESIAN_POINT('',(1.45,2.35));
#3454 = ( GEOMETRIC_REPRESENTATION_CONTEXT(2) 
PARAMETRIC_REPRESENTATION_CONTEXT() REPRESENTATION_CONTEXT('2D SPACE',''
  ) );
#3455 = ORIENTED_EDGE('',*,*,#3456,.F.);
#3456 = EDGE_CURVE('',#3214,#3429,#3457,.T.);
#3457 = SURFACE_CURVE('',#3458,(#3463,#3474),.PCURVE_S1.);
#3458 = HYPERBOLA('',#3459,1.45,1.45);
#3459 = AXIS2_PLACEMENT_3D('',#3460,#3461,#3462);
#3460 = CARTESIAN_POINT('',(17.25,-10.25,-33.26));
#3461 = DIRECTION('',(-1.335854932828E-64,-1.224646799147E-16,-1.));
#3462 = DIRECTION('',(1.,-2.719262146894E-32,3.330135684236E-48));
#3463 = PCURVE('',#3197,#3464);
#3464 = DEFINITIONAL_REPRESENTATION('',(#3465),#3473);
#3465 = B_SPLINE_CURVE_WITH_KNOTS('',6,(#3466,#3467,#3468,#3469,#3470,
    #3471,#3472),.UNSPECIFIED.,.F.,.F.,(7,7),(-2.719262146894E-32,
    0.478577328328),.PIECEWISE_BEZIER_KNOTS.);
#3466 = CARTESIAN_POINT('',(6.28318530718,1.443289932013E-15));
#3467 = CARTESIAN_POINT('',(6.203422419125,1.436208033011E-15));
#3468 = CARTESIAN_POINT('',(6.123659740261,1.107008796806E-02));
#3469 = CARTESIAN_POINT('',(6.044809084629,3.321024912343E-02));
#3470 = CARTESIAN_POINT('',(5.967790288165,6.663182017622E-02));
#3471 = CARTESIAN_POINT('',(5.893321451186,0.111757263392));
#3472 = CARTESIAN_POINT('',(5.821895450166,0.169244897203));
#3473 = ( GEOMETRIC_REPRESENTATION_CONTEXT(2) 
PARAMETRIC_REPRESENTATION_CONTEXT() REPRESENTATION_CONTEXT('2D SPACE',''
  ) );
#3474 = PCURVE('',#2149,#3475);
#3475 = DEFINITIONAL_REPRESENTATION('',(#3476),#3480);
#3476 = ( BOUNDED_CURVE() B_SPLINE_CURVE(2,(#3477,#3478,#3479),
.UNSPECIFIED.,.F.,.F.) B_SPLINE_CURVE_WITH_KNOTS((3,3),(
-2.719262146894E-32,0.478577328328),.PIECEWISE_BEZIER_KNOTS.) CURVE() 
GEOMETRIC_REPRESENTATION_ITEM() RATIONAL_B_SPLINE_CURVE((1.,
1.028766401755,1.)) REPRESENTATION_ITEM('') );
#3477 = CARTESIAN_POINT('',(2.35,1.45));
#3478 = CARTESIAN_POINT('',(2.35,1.790494438492));
#3479 = CARTESIAN_POINT('',(2.519244897203,2.170731598529));
#3480 = ( GEOMETRIC_REPRESENTATION_CONTEXT(2) 
PARAMETRIC_REPRESENTATION_CONTEXT() REPRESENTATION_CONTEXT('2D SPACE',''
  ) );
#3481 = ORIENTED_EDGE('',*,*,#3213,.T.);
#3482 = ADVANCED_FACE('',(#3483),#3166,.F.);
#3483 = FACE_BOUND('',#3484,.F.);
#3484 = EDGE_LOOP('',(#3485,#3486,#3509,#3537,#3565,#3593,#3621,#3645,
    #3673,#3701,#3729,#3755));
#3485 = ORIENTED_EDGE('',*,*,#3149,.F.);
#3486 = ORIENTED_EDGE('',*,*,#3487,.F.);
#3487 = EDGE_CURVE('',#3488,#3150,#3490,.T.);
#3488 = VERTEX_POINT('',#3489);
#3489 = CARTESIAN_POINT('',(18.7,10.25,-33.26));
#3490 = SEAM_CURVE('',#3491,(#3495,#3502),.PCURVE_S1.);
#3491 = LINE('',#3492,#3493);
#3492 = CARTESIAN_POINT('',(18.7,10.25,-33.26));
#3493 = VECTOR('',#3494,1.);
#3494 = DIRECTION('',(0.707106781187,-1.731912112471E-16,-0.707106781187
    ));
#3495 = PCURVE('',#3166,#3496);
#3496 = DEFINITIONAL_REPRESENTATION('',(#3497),#3501);
#3497 = LINE('',#3498,#3499);
#3498 = CARTESIAN_POINT('',(6.28318530718,-0.));
#3499 = VECTOR('',#3500,1.);
#3500 = DIRECTION('',(0.,1.));
#3501 = ( GEOMETRIC_REPRESENTATION_CONTEXT(2) 
PARAMETRIC_REPRESENTATION_CONTEXT() REPRESENTATION_CONTEXT('2D SPACE',''
  ) );
#3502 = PCURVE('',#3166,#3503);
#3503 = DEFINITIONAL_REPRESENTATION('',(#3504),#3508);
#3504 = LINE('',#3505,#3506);
#3505 = CARTESIAN_POINT('',(0.,-0.));
#3506 = VECTOR('',#3507,1.);
#3507 = DIRECTION('',(0.,1.));
#3508 = ( GEOMETRIC_REPRESENTATION_CONTEXT(2) 
PARAMETRIC_REPRESENTATION_CONTEXT() REPRESENTATION_CONTEXT('2D SPACE',''
  ) );
#3509 = ORIENTED_EDGE('',*,*,#3510,.F.);
#3510 = EDGE_CURVE('',#3511,#3488,#3513,.T.);
#3511 = VERTEX_POINT('',#3512);
#3512 = CARTESIAN_POINT('',(18.819468690424,10.850609665441,-33.26));
#3513 = SURFACE_CURVE('',#3514,(#3519,#3530),.PCURVE_S1.);
#3514 = HYPERBOLA('',#3515,1.45,1.45);
#3515 = AXIS2_PLACEMENT_3D('',#3516,#3517,#3518);
#3516 = CARTESIAN_POINT('',(17.25,10.25,-33.26));
#3517 = DIRECTION('',(-1.335854932828E-64,-1.224646799147E-16,-1.));
#3518 = DIRECTION('',(1.,-2.719262146894E-32,3.330135684236E-48));
#3519 = PCURVE('',#3166,#3520);
#3520 = DEFINITIONAL_REPRESENTATION('',(#3521),#3529);
#3521 = B_SPLINE_CURVE_WITH_KNOTS('',6,(#3522,#3523,#3524,#3525,#3526,
    #3527,#3528),.UNSPECIFIED.,.F.,.F.,(7,7),(-0.478577328328,
    -2.719262146894E-32),.PIECEWISE_BEZIER_KNOTS.);
#3522 = CARTESIAN_POINT('',(0.461289857013,0.169244897203));
#3523 = CARTESIAN_POINT('',(0.389863855993,0.111757263392));
#3524 = CARTESIAN_POINT('',(0.315395019015,6.663182017622E-02));
#3525 = CARTESIAN_POINT('',(0.23837622255,3.321024912342E-02));
#3526 = CARTESIAN_POINT('',(0.159525566919,1.107008796806E-02));
#3527 = CARTESIAN_POINT('',(7.976288805464E-02,1.450371831015E-15));
#3528 = CARTESIAN_POINT('',(0.,1.443289932013E-15));
#3529 = ( GEOMETRIC_REPRESENTATION_CONTEXT(2) 
PARAMETRIC_REPRESENTATION_CONTEXT() REPRESENTATION_CONTEXT('2D SPACE',''
  ) );
#3530 = PCURVE('',#1900,#3531);
#3531 = DEFINITIONAL_REPRESENTATION('',(#3532),#3536);
#3532 = ( BOUNDED_CURVE() B_SPLINE_CURVE(2,(#3533,#3534,#3535),
.UNSPECIFIED.,.F.,.F.) B_SPLINE_CURVE_WITH_KNOTS((3,3),(-0.478577328328,
-2.719262146894E-32),.PIECEWISE_BEZIER_KNOTS.) CURVE() 
GEOMETRIC_REPRESENTATION_ITEM() RATIONAL_B_SPLINE_CURVE((1.,
1.028766401755,1.)) REPRESENTATION_ITEM('') );
#3533 = CARTESIAN_POINT('',(2.519244897203,0.729268401471));
#3534 = CARTESIAN_POINT('',(2.35,1.109505561508));
#3535 = CARTESIAN_POINT('',(2.35,1.45));
#3536 = ( GEOMETRIC_REPRESENTATION_CONTEXT(2) 
PARAMETRIC_REPRESENTATION_CONTEXT() REPRESENTATION_CONTEXT('2D SPACE',''
  ) );
#3537 = ORIENTED_EDGE('',*,*,#3538,.F.);
#3538 = EDGE_CURVE('',#3539,#3511,#3541,.T.);
#3539 = VERTEX_POINT('',#3540);
#3540 = CARTESIAN_POINT('',(18.7,11.275304844005,-32.83530482143));
#3541 = SURFACE_CURVE('',#3542,(#3547,#3558),.PCURVE_S1.);
#3542 = HYPERBOLA('',#3543,1.45,1.45);
#3543 = AXIS2_PLACEMENT_3D('',#3544,#3545,#3546);
#3544 = CARTESIAN_POINT('',(17.25,11.27530483272,-32.83530483272));
#3545 = DIRECTION('',(0.,0.707106781187,-0.707106781187));
#3546 = DIRECTION('',(1.,1.110223024625E-16,1.110223024625E-16));
#3547 = PCURVE('',#3166,#3548);
#3548 = DEFINITIONAL_REPRESENTATION('',(#3549),#3557);
#3549 = B_SPLINE_CURVE_WITH_KNOTS('',6,(#3550,#3551,#3552,#3553,#3554,
    #3555,#3556),.UNSPECIFIED.,.F.,.F.,(7,7),(6.272974866551E-08,
    0.478577328328),.PIECEWISE_BEZIER_KNOTS.);
#3550 = CARTESIAN_POINT('',(0.785398100668,2.997602166488E-15));
#3551 = CARTESIAN_POINT('',(0.705635223068,7.255085579631E-09));
#3552 = CARTESIAN_POINT('',(0.625872555137,1.107009957618E-02));
#3553 = CARTESIAN_POINT('',(0.547021910561,3.321026226568E-02));
#3554 = CARTESIAN_POINT('',(0.470003124861,6.663183200589E-02));
#3555 = CARTESIAN_POINT('',(0.395534298042,0.111757270927));
#3556 = CARTESIAN_POINT('',(0.324108306384,0.169244897203));
#3557 = ( GEOMETRIC_REPRESENTATION_CONTEXT(2) 
PARAMETRIC_REPRESENTATION_CONTEXT() REPRESENTATION_CONTEXT('2D SPACE',''
  ) );
#3558 = PCURVE('',#1873,#3559);
#3559 = DEFINITIONAL_REPRESENTATION('',(#3560),#3564);
#3560 = ( BOUNDED_CURVE() B_SPLINE_CURVE(2,(#3561,#3562,#3563),
.UNSPECIFIED.,.F.,.F.) B_SPLINE_CURVE_WITH_KNOTS((3,3),(
6.272974866551E-08,0.478577328328),.PIECEWISE_BEZIER_KNOTS.) CURVE() 
GEOMETRIC_REPRESENTATION_ITEM() RATIONAL_B_SPLINE_CURVE((1.,
1.028766394178,1.)) REPRESENTATION_ITEM('') );
#3561 = CARTESIAN_POINT('',(2.35,1.450000090958));
#3562 = CARTESIAN_POINT('',(2.350000021359,1.790494486479));
#3563 = CARTESIAN_POINT('',(2.519244897203,2.170731598529));
#3564 = ( GEOMETRIC_REPRESENTATION_CONTEXT(2) 
PARAMETRIC_REPRESENTATION_CONTEXT() REPRESENTATION_CONTEXT('2D SPACE',''
  ) );
#3565 = ORIENTED_EDGE('',*,*,#3566,.F.);
#3566 = EDGE_CURVE('',#3567,#3539,#3569,.T.);
#3567 = VERTEX_POINT('',#3568);
#3568 = CARTESIAN_POINT('',(18.819468690424,11.7,-32.41060966544));
#3569 = SURFACE_CURVE('',#3570,(#3575,#3586),.PCURVE_S1.);
#3570 = HYPERBOLA('',#3571,1.45,1.45);
#3571 = AXIS2_PLACEMENT_3D('',#3572,#3573,#3574);
#3572 = CARTESIAN_POINT('',(17.25,11.27530483272,-32.83530483272));
#3573 = DIRECTION('',(0.,0.707106781187,-0.707106781187));
#3574 = DIRECTION('',(1.,1.110223024625E-16,1.110223024625E-16));
#3575 = PCURVE('',#3166,#3576);
#3576 = DEFINITIONAL_REPRESENTATION('',(#3577),#3585);
#3577 = B_SPLINE_CURVE_WITH_KNOTS('',6,(#3578,#3579,#3580,#3581,#3582,
    #3583,#3584),.UNSPECIFIED.,.F.,.F.,(7,7),(-0.478577328328,
    6.272974866551E-08),.PIECEWISE_BEZIER_KNOTS.);
#3578 = CARTESIAN_POINT('',(1.246688020411,0.169244897203));
#3579 = CARTESIAN_POINT('',(1.175262010028,0.111757255857));
#3580 = CARTESIAN_POINT('',(1.10079316289,6.663180834654E-02));
#3581 = CARTESIAN_POINT('',(1.023774355662,3.321023598119E-02));
#3582 = CARTESIAN_POINT('',(0.944923688975,1.107007635992E-02));
#3583 = CARTESIAN_POINT('',(0.865160999177,-7.255081486353E-09));
#3584 = CARTESIAN_POINT('',(0.785398100668,2.997602166488E-15));
#3585 = ( GEOMETRIC_REPRESENTATION_CONTEXT(2) 
PARAMETRIC_REPRESENTATION_CONTEXT() REPRESENTATION_CONTEXT('2D SPACE',''
  ) );
#3586 = PCURVE('',#1873,#3587);
#3587 = DEFINITIONAL_REPRESENTATION('',(#3588),#3592);
#3588 = ( BOUNDED_CURVE() B_SPLINE_CURVE(2,(#3589,#3590,#3591),
.UNSPECIFIED.,.F.,.F.) B_SPLINE_CURVE_WITH_KNOTS((3,3),(-0.478577328328,
6.272974866551E-08),.PIECEWISE_BEZIER_KNOTS.) CURVE() 
GEOMETRIC_REPRESENTATION_ITEM() RATIONAL_B_SPLINE_CURVE((1.,
1.028766409332,1.)) REPRESENTATION_ITEM('') );
#3589 = CARTESIAN_POINT('',(2.519244897203,0.729268401471));
#3590 = CARTESIAN_POINT('',(2.349999978641,1.109505609495));
#3591 = CARTESIAN_POINT('',(2.35,1.450000090958));
#3592 = ( GEOMETRIC_REPRESENTATION_CONTEXT(2) 
PARAMETRIC_REPRESENTATION_CONTEXT() REPRESENTATION_CONTEXT('2D SPACE',''
  ) );
#3593 = ORIENTED_EDGE('',*,*,#3594,.T.);
#3594 = EDGE_CURVE('',#3567,#3595,#3597,.T.);
#3595 = VERTEX_POINT('',#3596);
#3596 = CARTESIAN_POINT('',(18.7,11.7,-31.81));
#3597 = SURFACE_CURVE('',#3598,(#3603,#3614),.PCURVE_S1.);
#3598 = HYPERBOLA('',#3599,1.45,1.45);
#3599 = AXIS2_PLACEMENT_3D('',#3600,#3601,#3602);
#3600 = CARTESIAN_POINT('',(17.25,11.7,-31.81));
#3601 = DIRECTION('',(0.,-1.,1.224646799147E-16));
#3602 = DIRECTION('',(1.,2.719262146894E-32,2.22044604925E-16));
#3603 = PCURVE('',#3166,#3604);
#3604 = DEFINITIONAL_REPRESENTATION('',(#3605),#3613);
#3605 = B_SPLINE_CURVE_WITH_KNOTS('',6,(#3606,#3607,#3608,#3609,#3610,
    #3611,#3612),.UNSPECIFIED.,.F.,.F.,(7,7),(-0.44118284331,
    -3.127214004226E-08),.PIECEWISE_BEZIER_KNOTS.);
#3606 = CARTESIAN_POINT('',(1.14326629233,0.143419494034));
#3607 = CARTESIAN_POINT('',(1.210178477084,9.484007282568E-02));
#3608 = CARTESIAN_POINT('',(1.279538546292,5.659887673586E-02));
#3609 = CARTESIAN_POINT('',(1.350919884195,2.822313530654E-02));
#3610 = CARTESIAN_POINT('',(1.423735490437,9.407717658337E-03));
#3611 = CARTESIAN_POINT('',(1.49726582685,3.334209896926E-09));
#3612 = CARTESIAN_POINT('',(1.570796295523,0.));
#3613 = ( GEOMETRIC_REPRESENTATION_CONTEXT(2) 
PARAMETRIC_REPRESENTATION_CONTEXT() REPRESENTATION_CONTEXT('2D SPACE',''
  ) );
#3614 = PCURVE('',#1846,#3615);
#3615 = DEFINITIONAL_REPRESENTATION('',(#3616),#3620);
#3616 = ( BOUNDED_CURVE() B_SPLINE_CURVE(2,(#3617,#3618,#3619),
.UNSPECIFIED.,.F.,.F.) B_SPLINE_CURVE_WITH_KNOTS((3,3),(-0.44118284331,
-3.127214004226E-08),.PIECEWISE_BEZIER_KNOTS.) CURVE() 
GEOMETRIC_REPRESENTATION_ITEM() RATIONAL_B_SPLINE_CURVE((1.,
1.024429104828,1.)) REPRESENTATION_ITEM('') );
#3617 = CARTESIAN_POINT('',(0.660670631985,2.493419494034));
#3618 = CARTESIAN_POINT('',(0.314768467019,2.350000009843));
#3619 = CARTESIAN_POINT('',(4.534460629202E-08,2.35));
#3620 = ( GEOMETRIC_REPRESENTATION_CONTEXT(2) 
PARAMETRIC_REPRESENTATION_CONTEXT() REPRESENTATION_CONTEXT('2D SPACE',''
  ) );
#3621 = ORIENTED_EDGE('',*,*,#3622,.T.);
#3622 = EDGE_CURVE('',#3595,#3623,#3625,.T.);
#3623 = VERTEX_POINT('',#3624);
#3624 = CARTESIAN_POINT('',(18.7,8.8,-31.81));
#3625 = SURFACE_CURVE('',#3626,(#3631,#3638),.PCURVE_S1.);
#3626 = CIRCLE('',#3627,1.45);
#3627 = AXIS2_PLACEMENT_3D('',#3628,#3629,#3630);
#3628 = CARTESIAN_POINT('',(18.7,10.25,-31.81));
#3629 = DIRECTION('',(1.,-0.,2.22044604925E-16));
#3630 = DIRECTION('',(2.22044604925E-16,0.,-1.));
#3631 = PCURVE('',#3166,#3632);
#3632 = DEFINITIONAL_REPRESENTATION('',(#3633),#3637);
#3633 = LINE('',#3634,#3635);
#3634 = CARTESIAN_POINT('',(0.,0.));
#3635 = VECTOR('',#3636,1.);
#3636 = DIRECTION('',(1.,0.));
#3637 = ( GEOMETRIC_REPRESENTATION_CONTEXT(2) 
PARAMETRIC_REPRESENTATION_CONTEXT() REPRESENTATION_CONTEXT('2D SPACE',''
  ) );
#3638 = PCURVE('',#1818,#3639);
#3639 = DEFINITIONAL_REPRESENTATION('',(#3640),#3644);
#3640 = LINE('',#3641,#3642);
#3641 = CARTESIAN_POINT('',(3.14159265359,2.35));
#3642 = VECTOR('',#3643,1.);
#3643 = DIRECTION('',(1.,0.));
#3644 = ( GEOMETRIC_REPRESENTATION_CONTEXT(2) 
PARAMETRIC_REPRESENTATION_CONTEXT() REPRESENTATION_CONTEXT('2D SPACE',''
  ) );
#3645 = ORIENTED_EDGE('',*,*,#3646,.F.);
#3646 = EDGE_CURVE('',#3647,#3623,#3649,.T.);
#3647 = VERTEX_POINT('',#3648);
#3648 = CARTESIAN_POINT('',(18.819468690424,8.8,-32.41060966544));
#3649 = SURFACE_CURVE('',#3650,(#3655,#3666),.PCURVE_S1.);
#3650 = HYPERBOLA('',#3651,1.45,1.45);
#3651 = AXIS2_PLACEMENT_3D('',#3652,#3653,#3654);
#3652 = CARTESIAN_POINT('',(17.25,8.8,-31.81));
#3653 = DIRECTION('',(0.,-1.,1.224646799147E-16));
#3654 = DIRECTION('',(1.,2.719262146894E-32,2.22044604925E-16));
#3655 = PCURVE('',#3166,#3656);
#3656 = DEFINITIONAL_REPRESENTATION('',(#3657),#3665);
#3657 = B_SPLINE_CURVE_WITH_KNOTS('',6,(#3658,#3659,#3660,#3661,#3662,
    #3663,#3664),.UNSPECIFIED.,.F.,.F.,(7,7),(-0.44118284331,
    -5.942364608043E-11),.PIECEWISE_BEZIER_KNOTS.);
#3658 = CARTESIAN_POINT('',(5.139919014849,0.143419494034));
#3659 = CARTESIAN_POINT('',(5.073006825361,9.484006938879E-02));
#3660 = CARTESIAN_POINT('',(5.003646751073,5.659887132488E-02));
#3661 = CARTESIAN_POINT('',(4.932265407834,2.822312928402E-02));
#3662 = CARTESIAN_POINT('',(4.859449796136,9.407712333721E-03));
#3663 = CARTESIAN_POINT('',(4.785919454319,6.33802537123E-12));
#3664 = CARTESIAN_POINT('',(4.712388980444,2.331468351713E-15));
#3665 = ( GEOMETRIC_REPRESENTATION_CONTEXT(2) 
PARAMETRIC_REPRESENTATION_CONTEXT() REPRESENTATION_CONTEXT('2D SPACE',''
  ) );
#3666 = PCURVE('',#1952,#3667);
#3667 = DEFINITIONAL_REPRESENTATION('',(#3668),#3672);
#3668 = ( BOUNDED_CURVE() B_SPLINE_CURVE(2,(#3669,#3670,#3671),
.UNSPECIFIED.,.F.,.F.) B_SPLINE_CURVE_WITH_KNOTS((3,3),(-0.44118284331,
-5.942364608043E-11),.PIECEWISE_BEZIER_KNOTS.) CURVE() 
GEOMETRIC_REPRESENTATION_ITEM() RATIONAL_B_SPLINE_CURVE((1.,
1.024429108298,1.)) REPRESENTATION_ITEM('') );
#3669 = CARTESIAN_POINT('',(0.660670631985,2.493419494034));
#3670 = CARTESIAN_POINT('',(0.314768443323,2.350000000019));
#3671 = CARTESIAN_POINT('',(8.616751756563E-11,2.35));
#3672 = ( GEOMETRIC_REPRESENTATION_CONTEXT(2) 
PARAMETRIC_REPRESENTATION_CONTEXT() REPRESENTATION_CONTEXT('2D SPACE',''
  ) );
#3673 = ORIENTED_EDGE('',*,*,#3674,.F.);
#3674 = EDGE_CURVE('',#3675,#3647,#3677,.T.);
#3675 = VERTEX_POINT('',#3676);
#3676 = CARTESIAN_POINT('',(18.7,9.22469516728,-32.83530483272));
#3677 = SURFACE_CURVE('',#3678,(#3683,#3694),.PCURVE_S1.);
#3678 = HYPERBOLA('',#3679,1.45,1.45);
#3679 = AXIS2_PLACEMENT_3D('',#3680,#3681,#3682);
#3680 = CARTESIAN_POINT('',(17.25,9.22469516728,-32.83530483272));
#3681 = DIRECTION('',(0.,-0.707106781187,-0.707106781187));
#3682 = DIRECTION('',(1.,-1.110223024625E-16,1.110223024625E-16));
#3683 = PCURVE('',#3166,#3684);
#3684 = DEFINITIONAL_REPRESENTATION('',(#3685),#3693);
#3685 = B_SPLINE_CURVE_WITH_KNOTS('',6,(#3686,#3687,#3688,#3689,#3690,
    #3691,#3692),.UNSPECIFIED.,.F.,.F.,(7,7),(6.102295692985E-08,
    0.478577328328),.PIECEWISE_BEZIER_KNOTS.);
#3686 = CARTESIAN_POINT('',(5.497787082759,3.552713678801E-15));
#3687 = CARTESIAN_POINT('',(5.418024204875,7.057685239838E-09));
#3688 = CARTESIAN_POINT('',(5.338261536647,1.107009926033E-02));
#3689 = CARTESIAN_POINT('',(5.25941089177,3.321026190809E-02));
#3690 = CARTESIAN_POINT('',(5.182392105776,6.663183168403E-02));
#3691 = CARTESIAN_POINT('',(5.107923278681,0.111757270722));
#3692 = CARTESIAN_POINT('',(5.036497286769,0.169244897203));
#3693 = ( GEOMETRIC_REPRESENTATION_CONTEXT(2) 
PARAMETRIC_REPRESENTATION_CONTEXT() REPRESENTATION_CONTEXT('2D SPACE',''
  ) );
#3694 = PCURVE('',#1927,#3695);
#3695 = DEFINITIONAL_REPRESENTATION('',(#3696),#3700);
#3696 = ( BOUNDED_CURVE() B_SPLINE_CURVE(2,(#3697,#3698,#3699),
.UNSPECIFIED.,.F.,.F.) B_SPLINE_CURVE_WITH_KNOTS((3,3),(
6.102295692985E-08,0.478577328328),.PIECEWISE_BEZIER_KNOTS.) CURVE() 
GEOMETRIC_REPRESENTATION_ITEM() RATIONAL_B_SPLINE_CURVE((1.,
1.028766394384,1.)) REPRESENTATION_ITEM('') );
#3697 = CARTESIAN_POINT('',(1.449999911517,2.35));
#3698 = CARTESIAN_POINT('',(1.109505514827,2.350000020778));
#3699 = CARTESIAN_POINT('',(0.729268401471,2.519244897203));
#3700 = ( GEOMETRIC_REPRESENTATION_CONTEXT(2) 
PARAMETRIC_REPRESENTATION_CONTEXT() REPRESENTATION_CONTEXT('2D SPACE',''
  ) );
#3701 = ORIENTED_EDGE('',*,*,#3702,.F.);
#3702 = EDGE_CURVE('',#3703,#3675,#3705,.T.);
#3703 = VERTEX_POINT('',#3704);
#3704 = CARTESIAN_POINT('',(18.819468690424,9.649390334559,-33.26));
#3705 = SURFACE_CURVE('',#3706,(#3711,#3722),.PCURVE_S1.);
#3706 = HYPERBOLA('',#3707,1.45,1.45);
#3707 = AXIS2_PLACEMENT_3D('',#3708,#3709,#3710);
#3708 = CARTESIAN_POINT('',(17.25,9.22469516728,-32.83530483272));
#3709 = DIRECTION('',(0.,-0.707106781187,-0.707106781187));
#3710 = DIRECTION('',(1.,-1.110223024625E-16,1.110223024625E-16));
#3711 = PCURVE('',#3166,#3712);
#3712 = DEFINITIONAL_REPRESENTATION('',(#3713),#3721);
#3713 = B_SPLINE_CURVE_WITH_KNOTS('',6,(#3714,#3715,#3716,#3717,#3718,
    #3719,#3720),.UNSPECIFIED.,.F.,.F.,(7,7),(-0.478577328328,
    6.102295692985E-08),.PIECEWISE_BEZIER_KNOTS.);
#3714 = CARTESIAN_POINT('',(5.959077000795,0.169244897203));
#3715 = CARTESIAN_POINT('',(5.887650990668,0.111757256062));
#3716 = CARTESIAN_POINT('',(5.813182143806,6.663180866841E-02));
#3717 = CARTESIAN_POINT('',(5.73616333687,3.321023633878E-02));
#3718 = CARTESIAN_POINT('',(5.657312670485,1.107007667575E-02));
#3719 = CARTESIAN_POINT('',(5.577549980984,-7.057679934248E-09));
#3720 = CARTESIAN_POINT('',(5.497787082759,3.552713678801E-15));
#3721 = ( GEOMETRIC_REPRESENTATION_CONTEXT(2) 
PARAMETRIC_REPRESENTATION_CONTEXT() REPRESENTATION_CONTEXT('2D SPACE',''
  ) );
#3722 = PCURVE('',#1927,#3723);
#3723 = DEFINITIONAL_REPRESENTATION('',(#3724),#3728);
#3724 = ( BOUNDED_CURVE() B_SPLINE_CURVE(2,(#3725,#3726,#3727),
.UNSPECIFIED.,.F.,.F.) B_SPLINE_CURVE_WITH_KNOTS((3,3),(-0.478577328328,
6.102295692985E-08),.PIECEWISE_BEZIER_KNOTS.) CURVE() 
GEOMETRIC_REPRESENTATION_ITEM() RATIONAL_B_SPLINE_CURVE((1.,
1.028766409126,1.)) REPRESENTATION_ITEM('') );
#3725 = CARTESIAN_POINT('',(2.170731598529,2.519244897203));
#3726 = CARTESIAN_POINT('',(1.790494391811,2.349999979222));
#3727 = CARTESIAN_POINT('',(1.449999911517,2.35));
#3728 = ( GEOMETRIC_REPRESENTATION_CONTEXT(2) 
PARAMETRIC_REPRESENTATION_CONTEXT() REPRESENTATION_CONTEXT('2D SPACE',''
  ) );
#3729 = ORIENTED_EDGE('',*,*,#3730,.F.);
#3730 = EDGE_CURVE('',#3488,#3703,#3731,.T.);
#3731 = SURFACE_CURVE('',#3732,(#3737,#3748),.PCURVE_S1.);
#3732 = HYPERBOLA('',#3733,1.45,1.45);
#3733 = AXIS2_PLACEMENT_3D('',#3734,#3735,#3736);
#3734 = CARTESIAN_POINT('',(17.25,10.25,-33.26));
#3735 = DIRECTION('',(-1.335854932828E-64,-1.224646799147E-16,-1.));
#3736 = DIRECTION('',(1.,-2.719262146894E-32,3.330135684236E-48));
#3737 = PCURVE('',#3166,#3738);
#3738 = DEFINITIONAL_REPRESENTATION('',(#3739),#3747);
#3739 = B_SPLINE_CURVE_WITH_KNOTS('',6,(#3740,#3741,#3742,#3743,#3744,
    #3745,#3746),.UNSPECIFIED.,.F.,.F.,(7,7),(-2.719262146894E-32,
    0.478577328328),.PIECEWISE_BEZIER_KNOTS.);
#3740 = CARTESIAN_POINT('',(6.28318530718,1.443289932013E-15));
#3741 = CARTESIAN_POINT('',(6.203422419125,1.436208033011E-15));
#3742 = CARTESIAN_POINT('',(6.123659740261,1.107008796806E-02));
#3743 = CARTESIAN_POINT('',(6.044809084629,3.321024912343E-02));
#3744 = CARTESIAN_POINT('',(5.967790288165,6.663182017622E-02));
#3745 = CARTESIAN_POINT('',(5.893321451186,0.111757263392));
#3746 = CARTESIAN_POINT('',(5.821895450166,0.169244897203));
#3747 = ( GEOMETRIC_REPRESENTATION_CONTEXT(2) 
PARAMETRIC_REPRESENTATION_CONTEXT() REPRESENTATION_CONTEXT('2D SPACE',''
  ) );
#3748 = PCURVE('',#1900,#3749);
#3749 = DEFINITIONAL_REPRESENTATION('',(#3750),#3754);
#3750 = ( BOUNDED_CURVE() B_SPLINE_CURVE(2,(#3751,#3752,#3753),
.UNSPECIFIED.,.F.,.F.) B_SPLINE_CURVE_WITH_KNOTS((3,3),(
-2.719262146894E-32,0.478577328328),.PIECEWISE_BEZIER_KNOTS.) CURVE() 
GEOMETRIC_REPRESENTATION_ITEM() RATIONAL_B_SPLINE_CURVE((1.,
1.028766401755,1.)) REPRESENTATION_ITEM('') );
#3751 = CARTESIAN_POINT('',(2.35,1.45));
#3752 = CARTESIAN_POINT('',(2.35,1.790494438492));
#3753 = CARTESIAN_POINT('',(2.519244897203,2.170731598529));
#3754 = ( GEOMETRIC_REPRESENTATION_CONTEXT(2) 
PARAMETRIC_REPRESENTATION_CONTEXT() REPRESENTATION_CONTEXT('2D SPACE',''
  ) );
#3755 = ORIENTED_EDGE('',*,*,#3487,.T.);
#3756 = ADVANCED_FACE('',(#3757),#3071,.F.);
#3757 = FACE_BOUND('',#3758,.F.);
#3758 = EDGE_LOOP('',(#3759,#3782,#3783,#3814,#3815,#3816,#3844,#3872,
    #3900,#3928,#3952,#3980,#4008,#4036));
#3759 = ORIENTED_EDGE('',*,*,#3760,.T.);
#3760 = EDGE_CURVE('',#3761,#3055,#3763,.T.);
#3761 = VERTEX_POINT('',#3762);
#3762 = CARTESIAN_POINT('',(18.7,10.25,-12.56));
#3763 = SEAM_CURVE('',#3764,(#3768,#3775),.PCURVE_S1.);
#3764 = LINE('',#3765,#3766);
#3765 = CARTESIAN_POINT('',(18.7,10.25,-12.56));
#3766 = VECTOR('',#3767,1.);
#3767 = DIRECTION('',(0.707106781187,-1.731912112471E-16,-0.707106781187
    ));
#3768 = PCURVE('',#3071,#3769);
#3769 = DEFINITIONAL_REPRESENTATION('',(#3770),#3774);
#3770 = LINE('',#3771,#3772);
#3771 = CARTESIAN_POINT('',(6.28318530718,-0.));
#3772 = VECTOR('',#3773,1.);
#3773 = DIRECTION('',(0.,1.));
#3774 = ( GEOMETRIC_REPRESENTATION_CONTEXT(2) 
PARAMETRIC_REPRESENTATION_CONTEXT() REPRESENTATION_CONTEXT('2D SPACE',''
  ) );
#3775 = PCURVE('',#3071,#3776);
#3776 = DEFINITIONAL_REPRESENTATION('',(#3777),#3781);
#3777 = LINE('',#3778,#3779);
#3778 = CARTESIAN_POINT('',(0.,-0.));
#3779 = VECTOR('',#3780,1.);
#3780 = DIRECTION('',(0.,1.));
#3781 = ( GEOMETRIC_REPRESENTATION_CONTEXT(2) 
PARAMETRIC_REPRESENTATION_CONTEXT() REPRESENTATION_CONTEXT('2D SPACE',''
  ) );
#3782 = ORIENTED_EDGE('',*,*,#3083,.F.);
#3783 = ORIENTED_EDGE('',*,*,#3784,.T.);
#3784 = EDGE_CURVE('',#3084,#3034,#3785,.T.);
#3785 = SURFACE_CURVE('',#3786,(#3791,#3807),.PCURVE_S1.);
#3786 = HYPERBOLA('',#3787,2.11,2.11);
#3787 = AXIS2_PLACEMENT_3D('',#3788,#3789,#3790);
#3788 = CARTESIAN_POINT('',(17.25,10.25,-9.));
#3789 = DIRECTION('',(0.,0.,1.));
#3790 = DIRECTION('',(1.,0.,-0.));
#3791 = PCURVE('',#3071,#3792);
#3792 = DEFINITIONAL_REPRESENTATION('',(#3793),#3806);
#3793 = B_SPLINE_CURVE_WITH_KNOTS('',6,(#3794,#3795,#3796,#3797,#3798,
    #3799,#3800,#3801,#3802,#3803,#3804,#3805),.UNSPECIFIED.,.F.,.F.,(7,
    5,7),(-0.731412000209,0.,0.731412000209),.UNSPECIFIED.);
#3794 = CARTESIAN_POINT('',(3.815352239949,1.25));
#3795 = CARTESIAN_POINT('',(3.720088084366,1.044643064362));
#3796 = CARTESIAN_POINT('',(3.616128518908,0.887432733083));
#3797 = CARTESIAN_POINT('',(3.50404473168,0.772876930486));
#3798 = CARTESIAN_POINT('',(3.385395697278,0.697625859674));
#3799 = CARTESIAN_POINT('',(3.263494653625,0.66));
#3800 = CARTESIAN_POINT('',(3.019690653555,0.66));
#3801 = CARTESIAN_POINT('',(2.897789609902,0.697625859674));
#3802 = CARTESIAN_POINT('',(2.779140575499,0.772876930486));
#3803 = CARTESIAN_POINT('',(2.667056788272,0.887432733083));
#3804 = CARTESIAN_POINT('',(2.563097222813,1.044643064362));
#3805 = CARTESIAN_POINT('',(2.467833067231,1.25));
#3806 = ( GEOMETRIC_REPRESENTATION_CONTEXT(2) 
PARAMETRIC_REPRESENTATION_CONTEXT() REPRESENTATION_CONTEXT('2D SPACE',''
  ) );
#3807 = PCURVE('',#236,#3808);
#3808 = DEFINITIONAL_REPRESENTATION('',(#3809),#3813);
#3809 = ( BOUNDED_CURVE() B_SPLINE_CURVE(2,(#3810,#3811,#3812),
.UNSPECIFIED.,.F.,.F.) B_SPLINE_CURVE_WITH_KNOTS((3,3),(-0.731412000209,
0.731412000209),.PIECEWISE_BEZIER_KNOTS.) CURVE() 
GEOMETRIC_REPRESENTATION_ITEM() RATIONAL_B_SPLINE_CURVE((1.,
1.279620853081,1.)) REPRESENTATION_ITEM('') );
#3810 = CARTESIAN_POINT('',(19.95,8.565393220956));
#3811 = CARTESIAN_POINT('',(18.898925925926,10.25));
#3812 = CARTESIAN_POINT('',(19.95,11.934606779044));
#3813 = ( GEOMETRIC_REPRESENTATION_CONTEXT(2) 
PARAMETRIC_REPRESENTATION_CONTEXT() REPRESENTATION_CONTEXT('2D SPACE',''
  ) );
#3814 = ORIENTED_EDGE('',*,*,#3054,.F.);
#3815 = ORIENTED_EDGE('',*,*,#3760,.F.);
#3816 = ORIENTED_EDGE('',*,*,#3817,.F.);
#3817 = EDGE_CURVE('',#3818,#3761,#3820,.T.);
#3818 = VERTEX_POINT('',#3819);
#3819 = CARTESIAN_POINT('',(18.819468690424,10.850609665441,-12.56));
#3820 = SURFACE_CURVE('',#3821,(#3826,#3837),.PCURVE_S1.);
#3821 = HYPERBOLA('',#3822,1.45,1.45);
#3822 = AXIS2_PLACEMENT_3D('',#3823,#3824,#3825);
#3823 = CARTESIAN_POINT('',(17.25,10.25,-12.56));
#3824 = DIRECTION('',(-1.335854932828E-64,-1.224646799147E-16,-1.));
#3825 = DIRECTION('',(1.,-2.719262146894E-32,3.330135684236E-48));
#3826 = PCURVE('',#3071,#3827);
#3827 = DEFINITIONAL_REPRESENTATION('',(#3828),#3836);
#3828 = B_SPLINE_CURVE_WITH_KNOTS('',6,(#3829,#3830,#3831,#3832,#3833,
    #3834,#3835),.UNSPECIFIED.,.F.,.F.,(7,7),(-0.478577328328,
    -2.719262146894E-32),.PIECEWISE_BEZIER_KNOTS.);
#3829 = CARTESIAN_POINT('',(0.461289857013,0.169244897203));
#3830 = CARTESIAN_POINT('',(0.389863855993,0.111757263392));
#3831 = CARTESIAN_POINT('',(0.315395019015,6.663182017622E-02));
#3832 = CARTESIAN_POINT('',(0.23837622255,3.321024912342E-02));
#3833 = CARTESIAN_POINT('',(0.159525566919,1.107008796805E-02));
#3834 = CARTESIAN_POINT('',(7.976288805464E-02,-3.259850083854E-16));
#3835 = CARTESIAN_POINT('',(0.,-3.330669073875E-16));
#3836 = ( GEOMETRIC_REPRESENTATION_CONTEXT(2) 
PARAMETRIC_REPRESENTATION_CONTEXT() REPRESENTATION_CONTEXT('2D SPACE',''
  ) );
#3837 = PCURVE('',#2066,#3838);
#3838 = DEFINITIONAL_REPRESENTATION('',(#3839),#3843);
#3839 = ( BOUNDED_CURVE() B_SPLINE_CURVE(2,(#3840,#3841,#3842),
.UNSPECIFIED.,.F.,.F.) B_SPLINE_CURVE_WITH_KNOTS((3,3),(-0.478577328328,
-2.719262146894E-32),.PIECEWISE_BEZIER_KNOTS.) CURVE() 
GEOMETRIC_REPRESENTATION_ITEM() RATIONAL_B_SPLINE_CURVE((1.,
1.028766401755,1.)) REPRESENTATION_ITEM('') );
#3840 = CARTESIAN_POINT('',(2.519244897203,0.729268401471));
#3841 = CARTESIAN_POINT('',(2.35,1.109505561508));
#3842 = CARTESIAN_POINT('',(2.35,1.45));
#3843 = ( GEOMETRIC_REPRESENTATION_CONTEXT(2) 
PARAMETRIC_REPRESENTATION_CONTEXT() REPRESENTATION_CONTEXT('2D SPACE',''
  ) );
#3844 = ORIENTED_EDGE('',*,*,#3845,.F.);
#3845 = EDGE_CURVE('',#3846,#3818,#3848,.T.);
#3846 = VERTEX_POINT('',#3847);
#3847 = CARTESIAN_POINT('',(18.7,11.27530483272,-12.13530483272));
#3848 = SURFACE_CURVE('',#3849,(#3854,#3865),.PCURVE_S1.);
#3849 = HYPERBOLA('',#3850,1.45,1.45);
#3850 = AXIS2_PLACEMENT_3D('',#3851,#3852,#3853);
#3851 = CARTESIAN_POINT('',(17.25,11.27530483272,-12.13530483272));
#3852 = DIRECTION('',(0.,0.707106781187,-0.707106781187));
#3853 = DIRECTION('',(1.,1.110223024625E-16,1.110223024625E-16));
#3854 = PCURVE('',#3071,#3855);
#3855 = DEFINITIONAL_REPRESENTATION('',(#3856),#3864);
#3856 = B_SPLINE_CURVE_WITH_KNOTS('',6,(#3857,#3858,#3859,#3860,#3861,
    #3862,#3863),.UNSPECIFIED.,.F.,.F.,(7,7),(1.570092458684E-16,
    0.478577328328),.PIECEWISE_BEZIER_KNOTS.);
#3857 = CARTESIAN_POINT('',(0.785398163397,-1.110223024625E-16));
#3858 = CARTESIAN_POINT('',(0.705635275343,-1.018673482975E-16));
#3859 = CARTESIAN_POINT('',(0.625872596478,1.107008796805E-02));
#3860 = CARTESIAN_POINT('',(0.547021940847,3.321024912343E-02));
#3861 = CARTESIAN_POINT('',(0.470003144383,6.663182017622E-02));
#3862 = CARTESIAN_POINT('',(0.395534307404,0.111757263392));
#3863 = CARTESIAN_POINT('',(0.324108306384,0.169244897203));
#3864 = ( GEOMETRIC_REPRESENTATION_CONTEXT(2) 
PARAMETRIC_REPRESENTATION_CONTEXT() REPRESENTATION_CONTEXT('2D SPACE',''
  ) );
#3865 = PCURVE('',#2039,#3866);
#3866 = DEFINITIONAL_REPRESENTATION('',(#3867),#3871);
#3867 = ( BOUNDED_CURVE() B_SPLINE_CURVE(2,(#3868,#3869,#3870),
.UNSPECIFIED.,.F.,.F.) B_SPLINE_CURVE_WITH_KNOTS((3,3),(
1.570092458684E-16,0.478577328328),.PIECEWISE_BEZIER_KNOTS.) CURVE() 
GEOMETRIC_REPRESENTATION_ITEM() RATIONAL_B_SPLINE_CURVE((1.,
1.028766401755,1.)) REPRESENTATION_ITEM('') );
#3868 = CARTESIAN_POINT('',(2.35,1.45));
#3869 = CARTESIAN_POINT('',(2.35,1.790494438492));
#3870 = CARTESIAN_POINT('',(2.519244897203,2.170731598529));
#3871 = ( GEOMETRIC_REPRESENTATION_CONTEXT(2) 
PARAMETRIC_REPRESENTATION_CONTEXT() REPRESENTATION_CONTEXT('2D SPACE',''
  ) );
#3872 = ORIENTED_EDGE('',*,*,#3873,.F.);
#3873 = EDGE_CURVE('',#3874,#3846,#3876,.T.);
#3874 = VERTEX_POINT('',#3875);
#3875 = CARTESIAN_POINT('',(18.819468690424,11.7,-11.71060966544));
#3876 = SURFACE_CURVE('',#3877,(#3882,#3893),.PCURVE_S1.);
#3877 = HYPERBOLA('',#3878,1.45,1.45);
#3878 = AXIS2_PLACEMENT_3D('',#3879,#3880,#3881);
#3879 = CARTESIAN_POINT('',(17.25,11.27530483272,-12.13530483272));
#3880 = DIRECTION('',(0.,0.707106781187,-0.707106781187));
#3881 = DIRECTION('',(1.,1.110223024625E-16,1.110223024625E-16));
#3882 = PCURVE('',#3071,#3883);
#3883 = DEFINITIONAL_REPRESENTATION('',(#3884),#3892);
#3884 = B_SPLINE_CURVE_WITH_KNOTS('',6,(#3885,#3886,#3887,#3888,#3889,
    #3890,#3891),.UNSPECIFIED.,.F.,.F.,(7,7),(-0.478577328328,
    1.570092458684E-16),.PIECEWISE_BEZIER_KNOTS.);
#3885 = CARTESIAN_POINT('',(1.246688020411,0.169244897203));
#3886 = CARTESIAN_POINT('',(1.175262019391,0.111757263392));
#3887 = CARTESIAN_POINT('',(1.100793182412,6.663182017623E-02));
#3888 = CARTESIAN_POINT('',(1.023774385948,3.321024912342E-02));
#3889 = CARTESIAN_POINT('',(0.944923730317,1.107008796806E-02));
#3890 = CARTESIAN_POINT('',(0.865161051452,-1.201772566275E-16));
#3891 = CARTESIAN_POINT('',(0.785398163397,-1.110223024625E-16));
#3892 = ( GEOMETRIC_REPRESENTATION_CONTEXT(2) 
PARAMETRIC_REPRESENTATION_CONTEXT() REPRESENTATION_CONTEXT('2D SPACE',''
  ) );
#3893 = PCURVE('',#2039,#3894);
#3894 = DEFINITIONAL_REPRESENTATION('',(#3895),#3899);
#3895 = ( BOUNDED_CURVE() B_SPLINE_CURVE(2,(#3896,#3897,#3898),
.UNSPECIFIED.,.F.,.F.) B_SPLINE_CURVE_WITH_KNOTS((3,3),(-0.478577328328,
1.570092458684E-16),.PIECEWISE_BEZIER_KNOTS.) CURVE() 
GEOMETRIC_REPRESENTATION_ITEM() RATIONAL_B_SPLINE_CURVE((1.,
1.028766401755,1.)) REPRESENTATION_ITEM('') );
#3896 = CARTESIAN_POINT('',(2.519244897203,0.729268401471));
#3897 = CARTESIAN_POINT('',(2.35,1.109505561508));
#3898 = CARTESIAN_POINT('',(2.35,1.45));
#3899 = ( GEOMETRIC_REPRESENTATION_CONTEXT(2) 
PARAMETRIC_REPRESENTATION_CONTEXT() REPRESENTATION_CONTEXT('2D SPACE',''
  ) );
#3900 = ORIENTED_EDGE('',*,*,#3901,.T.);
#3901 = EDGE_CURVE('',#3874,#3902,#3904,.T.);
#3902 = VERTEX_POINT('',#3903);
#3903 = CARTESIAN_POINT('',(18.7,11.7,-11.11));
#3904 = SURFACE_CURVE('',#3905,(#3910,#3921),.PCURVE_S1.);
#3905 = HYPERBOLA('',#3906,1.45,1.45);
#3906 = AXIS2_PLACEMENT_3D('',#3907,#3908,#3909);
#3907 = CARTESIAN_POINT('',(17.25,11.7,-11.11));
#3908 = DIRECTION('',(0.,-1.,1.224646799147E-16));
#3909 = DIRECTION('',(1.,2.719262146894E-32,2.22044604925E-16));
#3910 = PCURVE('',#3071,#3911);
#3911 = DEFINITIONAL_REPRESENTATION('',(#3912),#3920);
#3912 = B_SPLINE_CURVE_WITH_KNOTS('',6,(#3913,#3914,#3915,#3916,#3917,
    #3918,#3919),.UNSPECIFIED.,.F.,.F.,(7,7),(-0.44118284331,
    -3.127214004226E-08),.PIECEWISE_BEZIER_KNOTS.);
#3913 = CARTESIAN_POINT('',(1.14326629233,0.143419494034));
#3914 = CARTESIAN_POINT('',(1.210178477084,9.484007282568E-02));
#3915 = CARTESIAN_POINT('',(1.279538546292,5.659887673586E-02));
#3916 = CARTESIAN_POINT('',(1.350919884195,2.822313530655E-02));
#3917 = CARTESIAN_POINT('',(1.423735490437,9.407717658334E-03));
#3918 = CARTESIAN_POINT('',(1.49726582685,3.334209896926E-09));
#3919 = CARTESIAN_POINT('',(1.570796295523,0.));
#3920 = ( GEOMETRIC_REPRESENTATION_CONTEXT(2) 
PARAMETRIC_REPRESENTATION_CONTEXT() REPRESENTATION_CONTEXT('2D SPACE',''
  ) );
#3921 = PCURVE('',#2012,#3922);
#3922 = DEFINITIONAL_REPRESENTATION('',(#3923),#3927);
#3923 = ( BOUNDED_CURVE() B_SPLINE_CURVE(2,(#3924,#3925,#3926),
.UNSPECIFIED.,.F.,.F.) B_SPLINE_CURVE_WITH_KNOTS((3,3),(-0.44118284331,
-3.127214004226E-08),.PIECEWISE_BEZIER_KNOTS.) CURVE() 
GEOMETRIC_REPRESENTATION_ITEM() RATIONAL_B_SPLINE_CURVE((1.,
1.024429104828,1.)) REPRESENTATION_ITEM('') );
#3924 = CARTESIAN_POINT('',(0.660670631985,2.493419494034));
#3925 = CARTESIAN_POINT('',(0.314768467019,2.350000009843));
#3926 = CARTESIAN_POINT('',(4.534460273931E-08,2.35));
#3927 = ( GEOMETRIC_REPRESENTATION_CONTEXT(2) 
PARAMETRIC_REPRESENTATION_CONTEXT() REPRESENTATION_CONTEXT('2D SPACE',''
  ) );
#3928 = ORIENTED_EDGE('',*,*,#3929,.T.);
#3929 = EDGE_CURVE('',#3902,#3930,#3932,.T.);
#3930 = VERTEX_POINT('',#3931);
#3931 = CARTESIAN_POINT('',(18.7,8.8,-11.11));
#3932 = SURFACE_CURVE('',#3933,(#3938,#3945),.PCURVE_S1.);
#3933 = CIRCLE('',#3934,1.45);
#3934 = AXIS2_PLACEMENT_3D('',#3935,#3936,#3937);
#3935 = CARTESIAN_POINT('',(18.7,10.25,-11.11));
#3936 = DIRECTION('',(1.,-0.,2.22044604925E-16));
#3937 = DIRECTION('',(2.22044604925E-16,0.,-1.));
#3938 = PCURVE('',#3071,#3939);
#3939 = DEFINITIONAL_REPRESENTATION('',(#3940),#3944);
#3940 = LINE('',#3941,#3942);
#3941 = CARTESIAN_POINT('',(0.,0.));
#3942 = VECTOR('',#3943,1.);
#3943 = DIRECTION('',(1.,0.));
#3944 = ( GEOMETRIC_REPRESENTATION_CONTEXT(2) 
PARAMETRIC_REPRESENTATION_CONTEXT() REPRESENTATION_CONTEXT('2D SPACE',''
  ) );
#3945 = PCURVE('',#1984,#3946);
#3946 = DEFINITIONAL_REPRESENTATION('',(#3947),#3951);
#3947 = LINE('',#3948,#3949);
#3948 = CARTESIAN_POINT('',(3.14159265359,2.35));
#3949 = VECTOR('',#3950,1.);
#3950 = DIRECTION('',(1.,0.));
#3951 = ( GEOMETRIC_REPRESENTATION_CONTEXT(2) 
PARAMETRIC_REPRESENTATION_CONTEXT() REPRESENTATION_CONTEXT('2D SPACE',''
  ) );
#3952 = ORIENTED_EDGE('',*,*,#3953,.F.);
#3953 = EDGE_CURVE('',#3954,#3930,#3956,.T.);
#3954 = VERTEX_POINT('',#3955);
#3955 = CARTESIAN_POINT('',(18.819468690424,8.8,-11.71060966544));
#3956 = SURFACE_CURVE('',#3957,(#3962,#3973),.PCURVE_S1.);
#3957 = HYPERBOLA('',#3958,1.45,1.45);
#3958 = AXIS2_PLACEMENT_3D('',#3959,#3960,#3961);
#3959 = CARTESIAN_POINT('',(17.25,8.8,-11.11));
#3960 = DIRECTION('',(0.,-1.,1.224646799147E-16));
#3961 = DIRECTION('',(1.,2.719262146894E-32,2.22044604925E-16));
#3962 = PCURVE('',#3071,#3963);
#3963 = DEFINITIONAL_REPRESENTATION('',(#3964),#3972);
#3964 = B_SPLINE_CURVE_WITH_KNOTS('',6,(#3965,#3966,#3967,#3968,#3969,
    #3970,#3971),.UNSPECIFIED.,.F.,.F.,(7,7),(-0.44118284331,
    -5.942487115411E-11),.PIECEWISE_BEZIER_KNOTS.);
#3965 = CARTESIAN_POINT('',(5.139919014849,0.143419494034));
#3966 = CARTESIAN_POINT('',(5.073006825361,9.484006938879E-02));
#3967 = CARTESIAN_POINT('',(5.003646751073,5.65988713249E-02));
#3968 = CARTESIAN_POINT('',(4.932265407834,2.8223129284E-02));
#3969 = CARTESIAN_POINT('',(4.859449796136,9.407712333728E-03));
#3970 = CARTESIAN_POINT('',(4.785919454319,6.338138027841E-12));
#3971 = CARTESIAN_POINT('',(4.712388980444,2.331468351713E-15));
#3972 = ( GEOMETRIC_REPRESENTATION_CONTEXT(2) 
PARAMETRIC_REPRESENTATION_CONTEXT() REPRESENTATION_CONTEXT('2D SPACE',''
  ) );
#3973 = PCURVE('',#2118,#3974);
#3974 = DEFINITIONAL_REPRESENTATION('',(#3975),#3979);
#3975 = ( BOUNDED_CURVE() B_SPLINE_CURVE(2,(#3976,#3977,#3978),
.UNSPECIFIED.,.F.,.F.) B_SPLINE_CURVE_WITH_KNOTS((3,3),(-0.44118284331,
-5.942487115411E-11),.PIECEWISE_BEZIER_KNOTS.) CURVE() 
GEOMETRIC_REPRESENTATION_ITEM() RATIONAL_B_SPLINE_CURVE((1.,
1.024429108298,1.)) REPRESENTATION_ITEM('') );
#3976 = CARTESIAN_POINT('',(0.660670631985,2.493419494034));
#3977 = CARTESIAN_POINT('',(0.314768443323,2.350000000019));
#3978 = CARTESIAN_POINT('',(8.616574120879E-11,2.35));
#3979 = ( GEOMETRIC_REPRESENTATION_CONTEXT(2) 
PARAMETRIC_REPRESENTATION_CONTEXT() REPRESENTATION_CONTEXT('2D SPACE',''
  ) );
#3980 = ORIENTED_EDGE('',*,*,#3981,.F.);
#3981 = EDGE_CURVE('',#3982,#3954,#3984,.T.);
#3982 = VERTEX_POINT('',#3983);
#3983 = CARTESIAN_POINT('',(18.7,9.22469516728,-12.13530483272));
#3984 = SURFACE_CURVE('',#3985,(#3990,#4001),.PCURVE_S1.);
#3985 = HYPERBOLA('',#3986,1.45,1.45);
#3986 = AXIS2_PLACEMENT_3D('',#3987,#3988,#3989);
#3987 = CARTESIAN_POINT('',(17.25,9.22469516728,-12.13530483272));
#3988 = DIRECTION('',(0.,-0.707106781187,-0.707106781187));
#3989 = DIRECTION('',(1.,-1.110223024625E-16,1.110223024625E-16));
#3990 = PCURVE('',#3071,#3991);
#3991 = DEFINITIONAL_REPRESENTATION('',(#3992),#4000);
#3992 = B_SPLINE_CURVE_WITH_KNOTS('',6,(#3993,#3994,#3995,#3996,#3997,
    #3998,#3999),.UNSPECIFIED.,.F.,.F.,(7,7),(-1.570092458684E-16,
    0.478577328328),.PIECEWISE_BEZIER_KNOTS.);
#3993 = CARTESIAN_POINT('',(5.497787143782,-1.110223024625E-16));
#3994 = CARTESIAN_POINT('',(5.418024255727,-1.105469444399E-16));
#3995 = CARTESIAN_POINT('',(5.338261576863,1.107008796805E-02));
#3996 = CARTESIAN_POINT('',(5.259410921232,3.321024912342E-02));
#3997 = CARTESIAN_POINT('',(5.182392124767,6.663182017622E-02));
#3998 = CARTESIAN_POINT('',(5.107923287789,0.111757263392));
#3999 = CARTESIAN_POINT('',(5.036497286769,0.169244897203));
#4000 = ( GEOMETRIC_REPRESENTATION_CONTEXT(2) 
PARAMETRIC_REPRESENTATION_CONTEXT() REPRESENTATION_CONTEXT('2D SPACE',''
  ) );
#4001 = PCURVE('',#2093,#4002);
#4002 = DEFINITIONAL_REPRESENTATION('',(#4003),#4007);
#4003 = ( BOUNDED_CURVE() B_SPLINE_CURVE(2,(#4004,#4005,#4006),
.UNSPECIFIED.,.F.,.F.) B_SPLINE_CURVE_WITH_KNOTS((3,3),(
-1.570092458684E-16,0.478577328328),.PIECEWISE_BEZIER_KNOTS.) CURVE() 
GEOMETRIC_REPRESENTATION_ITEM() RATIONAL_B_SPLINE_CURVE((1.,
1.028766401755,1.)) REPRESENTATION_ITEM('') );
#4004 = CARTESIAN_POINT('',(1.45,2.35));
#4005 = CARTESIAN_POINT('',(1.109505561508,2.35));
#4006 = CARTESIAN_POINT('',(0.729268401471,2.519244897203));
#4007 = ( GEOMETRIC_REPRESENTATION_CONTEXT(2) 
PARAMETRIC_REPRESENTATION_CONTEXT() REPRESENTATION_CONTEXT('2D SPACE',''
  ) );
#4008 = ORIENTED_EDGE('',*,*,#4009,.F.);
#4009 = EDGE_CURVE('',#4010,#3982,#4012,.T.);
#4010 = VERTEX_POINT('',#4011);
#4011 = CARTESIAN_POINT('',(18.819468690424,9.649390334559,-12.56));
#4012 = SURFACE_CURVE('',#4013,(#4018,#4029),.PCURVE_S1.);
#4013 = HYPERBOLA('',#4014,1.45,1.45);
#4014 = AXIS2_PLACEMENT_3D('',#4015,#4016,#4017);
#4015 = CARTESIAN_POINT('',(17.25,9.22469516728,-12.13530483272));
#4016 = DIRECTION('',(0.,-0.707106781187,-0.707106781187));
#4017 = DIRECTION('',(1.,-1.110223024625E-16,1.110223024625E-16));
#4018 = PCURVE('',#3071,#4019);
#4019 = DEFINITIONAL_REPRESENTATION('',(#4020),#4028);
#4020 = B_SPLINE_CURVE_WITH_KNOTS('',6,(#4021,#4022,#4023,#4024,#4025,
    #4026,#4027),.UNSPECIFIED.,.F.,.F.,(7,7),(-0.478577328328,
    -1.570092458684E-16),.PIECEWISE_BEZIER_KNOTS.);
#4021 = CARTESIAN_POINT('',(5.959077000795,0.169244897203));
#4022 = CARTESIAN_POINT('',(5.887650999775,0.111757263392));
#4023 = CARTESIAN_POINT('',(5.813182162797,6.663182017622E-02));
#4024 = CARTESIAN_POINT('',(5.736163366332,3.321024912342E-02));
#4025 = CARTESIAN_POINT('',(5.657312710701,1.107008796805E-02));
#4026 = CARTESIAN_POINT('',(5.577550031837,-1.114976604852E-16));
#4027 = CARTESIAN_POINT('',(5.497787143782,-1.110223024625E-16));
#4028 = ( GEOMETRIC_REPRESENTATION_CONTEXT(2) 
PARAMETRIC_REPRESENTATION_CONTEXT() REPRESENTATION_CONTEXT('2D SPACE',''
  ) );
#4029 = PCURVE('',#2093,#4030);
#4030 = DEFINITIONAL_REPRESENTATION('',(#4031),#4035);
#4031 = ( BOUNDED_CURVE() B_SPLINE_CURVE(2,(#4032,#4033,#4034),
.UNSPECIFIED.,.F.,.F.) B_SPLINE_CURVE_WITH_KNOTS((3,3),(-0.478577328328,
-1.570092458684E-16),.PIECEWISE_BEZIER_KNOTS.) CURVE() 
GEOMETRIC_REPRESENTATION_ITEM() RATIONAL_B_SPLINE_CURVE((1.,
1.028766401755,1.)) REPRESENTATION_ITEM('') );
#4032 = CARTESIAN_POINT('',(2.170731598529,2.519244897203));
#4033 = CARTESIAN_POINT('',(1.790494438492,2.35));
#4034 = CARTESIAN_POINT('',(1.45,2.35));
#4035 = ( GEOMETRIC_REPRESENTATION_CONTEXT(2) 
PARAMETRIC_REPRESENTATION_CONTEXT() REPRESENTATION_CONTEXT('2D SPACE',''
  ) );
#4036 = ORIENTED_EDGE('',*,*,#4037,.F.);
#4037 = EDGE_CURVE('',#3761,#4010,#4038,.T.);
#4038 = SURFACE_CURVE('',#4039,(#4044,#4055),.PCURVE_S1.);
#4039 = HYPERBOLA('',#4040,1.45,1.45);
#4040 = AXIS2_PLACEMENT_3D('',#4041,#4042,#4043);
#4041 = CARTESIAN_POINT('',(17.25,10.25,-12.56));
#4042 = DIRECTION('',(-1.335854932828E-64,-1.224646799147E-16,-1.));
#4043 = DIRECTION('',(1.,-2.719262146894E-32,3.330135684236E-48));
#4044 = PCURVE('',#3071,#4045);
#4045 = DEFINITIONAL_REPRESENTATION('',(#4046),#4054);
#4046 = B_SPLINE_CURVE_WITH_KNOTS('',6,(#4047,#4048,#4049,#4050,#4051,
    #4052,#4053),.UNSPECIFIED.,.F.,.F.,(7,7),(-2.719262146894E-32,
    0.478577328328),.PIECEWISE_BEZIER_KNOTS.);
#4047 = CARTESIAN_POINT('',(6.28318530718,-3.330669073875E-16));
#4048 = CARTESIAN_POINT('',(6.203422419125,-3.401488063897E-16));
#4049 = CARTESIAN_POINT('',(6.123659740261,1.107008796805E-02));
#4050 = CARTESIAN_POINT('',(6.044809084629,3.321024912342E-02));
#4051 = CARTESIAN_POINT('',(5.967790288165,6.663182017622E-02));
#4052 = CARTESIAN_POINT('',(5.893321451186,0.111757263392));
#4053 = CARTESIAN_POINT('',(5.821895450166,0.169244897203));
#4054 = ( GEOMETRIC_REPRESENTATION_CONTEXT(2) 
PARAMETRIC_REPRESENTATION_CONTEXT() REPRESENTATION_CONTEXT('2D SPACE',''
  ) );
#4055 = PCURVE('',#2066,#4056);
#4056 = DEFINITIONAL_REPRESENTATION('',(#4057),#4061);
#4057 = ( BOUNDED_CURVE() B_SPLINE_CURVE(2,(#4058,#4059,#4060),
.UNSPECIFIED.,.F.,.F.) B_SPLINE_CURVE_WITH_KNOTS((3,3),(
-2.719262146894E-32,0.478577328328),.PIECEWISE_BEZIER_KNOTS.) CURVE() 
GEOMETRIC_REPRESENTATION_ITEM() RATIONAL_B_SPLINE_CURVE((1.,
1.028766401755,1.)) REPRESENTATION_ITEM('') );
#4058 = CARTESIAN_POINT('',(2.35,1.45));
#4059 = CARTESIAN_POINT('',(2.35,1.790494438492));
#4060 = CARTESIAN_POINT('',(2.519244897203,2.170731598529));
#4061 = ( GEOMETRIC_REPRESENTATION_CONTEXT(2) 
PARAMETRIC_REPRESENTATION_CONTEXT() REPRESENTATION_CONTEXT('2D SPACE',''
  ) );
#4062 = ADVANCED_FACE('',(#4063),#2425,.F.);
#4063 = FACE_BOUND('',#4064,.F.);
#4064 = EDGE_LOOP('',(#4065,#4066,#4067,#4068,#4089));
#4065 = ORIENTED_EDGE('',*,*,#2788,.T.);
#4066 = ORIENTED_EDGE('',*,*,#2520,.T.);
#4067 = ORIENTED_EDGE('',*,*,#2409,.T.);
#4068 = ORIENTED_EDGE('',*,*,#4069,.T.);
#4069 = EDGE_CURVE('',#2383,#2817,#4070,.T.);
#4070 = SURFACE_CURVE('',#4071,(#4075,#4082),.PCURVE_S1.);
#4071 = LINE('',#4072,#4073);
#4072 = CARTESIAN_POINT('',(16.35,-10.85060966544,-12.56));
#4073 = VECTOR('',#4074,1.);
#4074 = DIRECTION('',(1.,0.,0.));
#4075 = PCURVE('',#2425,#4076);
#4076 = DEFINITIONAL_REPRESENTATION('',(#4077),#4081);
#4077 = LINE('',#4078,#4079);
#4078 = CARTESIAN_POINT('',(2.050609665441,0.));
#4079 = VECTOR('',#4080,1.);
#4080 = DIRECTION('',(0.,1.));
#4081 = ( GEOMETRIC_REPRESENTATION_CONTEXT(2) 
PARAMETRIC_REPRESENTATION_CONTEXT() REPRESENTATION_CONTEXT('2D SPACE',''
  ) );
#4082 = PCURVE('',#2398,#4083);
#4083 = DEFINITIONAL_REPRESENTATION('',(#4084),#4088);
#4084 = LINE('',#4085,#4086);
#4085 = CARTESIAN_POINT('',(0.,2.050609665441));
#4086 = VECTOR('',#4087,1.);
#4087 = DIRECTION('',(1.,0.));
#4088 = ( GEOMETRIC_REPRESENTATION_CONTEXT(2) 
PARAMETRIC_REPRESENTATION_CONTEXT() REPRESENTATION_CONTEXT('2D SPACE',''
  ) );
#4089 = ORIENTED_EDGE('',*,*,#2816,.T.);
#4090 = ADVANCED_FACE('',(#4091),#2398,.F.);
#4091 = FACE_BOUND('',#4092,.F.);
#4092 = EDGE_LOOP('',(#4093,#4094,#4095,#4116,#4117));
#4093 = ORIENTED_EDGE('',*,*,#4069,.F.);
#4094 = ORIENTED_EDGE('',*,*,#2382,.T.);
#4095 = ORIENTED_EDGE('',*,*,#4096,.F.);
#4096 = EDGE_CURVE('',#2654,#2356,#4097,.T.);
#4097 = SURFACE_CURVE('',#4098,(#4102,#4109),.PCURVE_S1.);
#4098 = LINE('',#4099,#4100);
#4099 = CARTESIAN_POINT('',(16.35,-9.649390334559,-12.56));
#4100 = VECTOR('',#4101,1.);
#4101 = DIRECTION('',(-1.,-0.,0.));
#4102 = PCURVE('',#2398,#4103);
#4103 = DEFINITIONAL_REPRESENTATION('',(#4104),#4108);
#4104 = LINE('',#4105,#4106);
#4105 = CARTESIAN_POINT('',(0.,0.849390334559));
#4106 = VECTOR('',#4107,1.);
#4107 = DIRECTION('',(-1.,0.));
#4108 = ( GEOMETRIC_REPRESENTATION_CONTEXT(2) 
PARAMETRIC_REPRESENTATION_CONTEXT() REPRESENTATION_CONTEXT('2D SPACE',''
  ) );
#4109 = PCURVE('',#2371,#4110);
#4110 = DEFINITIONAL_REPRESENTATION('',(#4111),#4115);
#4111 = LINE('',#4112,#4113);
#4112 = CARTESIAN_POINT('',(0.,2.050609665441));
#4113 = VECTOR('',#4114,1.);
#4114 = DIRECTION('',(-1.,0.));
#4115 = ( GEOMETRIC_REPRESENTATION_CONTEXT(2) 
PARAMETRIC_REPRESENTATION_CONTEXT() REPRESENTATION_CONTEXT('2D SPACE',''
  ) );
#4116 = ORIENTED_EDGE('',*,*,#2653,.T.);
#4117 = ORIENTED_EDGE('',*,*,#2844,.T.);
#4118 = ADVANCED_FACE('',(#4119),#2371,.F.);
#4119 = FACE_BOUND('',#4120,.F.);
#4120 = EDGE_LOOP('',(#4121,#4122,#4123,#4143,#4144));
#4121 = ORIENTED_EDGE('',*,*,#4096,.T.);
#4122 = ORIENTED_EDGE('',*,*,#2355,.T.);
#4123 = ORIENTED_EDGE('',*,*,#4124,.F.);
#4124 = EDGE_CURVE('',#2710,#2329,#4125,.T.);
#4125 = SURFACE_CURVE('',#4126,(#4130,#4137),.PCURVE_S1.);
#4126 = LINE('',#4127,#4128);
#4127 = CARTESIAN_POINT('',(16.35,-8.8,-11.71060966544));
#4128 = VECTOR('',#4129,1.);
#4129 = DIRECTION('',(-1.,0.,-0.));
#4130 = PCURVE('',#2371,#4131);
#4131 = DEFINITIONAL_REPRESENTATION('',(#4132),#4136);
#4132 = LINE('',#4133,#4134);
#4133 = CARTESIAN_POINT('',(0.,0.849390334559));
#4134 = VECTOR('',#4135,1.);
#4135 = DIRECTION('',(-1.,0.));
#4136 = ( GEOMETRIC_REPRESENTATION_CONTEXT(2) 
PARAMETRIC_REPRESENTATION_CONTEXT() REPRESENTATION_CONTEXT('2D SPACE',''
  ) );
#4137 = PCURVE('',#2344,#4138);
#4138 = DEFINITIONAL_REPRESENTATION('',(#4139),#4142);
#4139 = B_SPLINE_CURVE_WITH_KNOTS('',1,(#4140,#4141),.UNSPECIFIED.,.F.,
  .F.,(2,2),(-4.65,0.),.PIECEWISE_BEZIER_KNOTS.);
#4140 = CARTESIAN_POINT('',(0.600609665441,4.65));
#4141 = CARTESIAN_POINT('',(0.600609665441,0.));
#4142 = ( GEOMETRIC_REPRESENTATION_CONTEXT(2) 
PARAMETRIC_REPRESENTATION_CONTEXT() REPRESENTATION_CONTEXT('2D SPACE',''
  ) );
#4143 = ORIENTED_EDGE('',*,*,#2709,.T.);
#4144 = ORIENTED_EDGE('',*,*,#2681,.T.);
#4145 = ADVANCED_FACE('',(#4146),#2344,.T.);
#4146 = FACE_BOUND('',#4147,.T.);
#4147 = EDGE_LOOP('',(#4148,#4149,#4169,#4170));
#4148 = ORIENTED_EDGE('',*,*,#2737,.T.);
#4149 = ORIENTED_EDGE('',*,*,#4150,.F.);
#4150 = EDGE_CURVE('',#2298,#2738,#4151,.T.);
#4151 = SURFACE_CURVE('',#4152,(#4156,#4163),.PCURVE_S1.);
#4152 = LINE('',#4153,#4154);
#4153 = CARTESIAN_POINT('',(16.35,-8.8,-11.11));
#4154 = VECTOR('',#4155,1.);
#4155 = DIRECTION('',(1.,0.,0.));
#4156 = PCURVE('',#2344,#4157);
#4157 = DEFINITIONAL_REPRESENTATION('',(#4158),#4162);
#4158 = LINE('',#4159,#4160);
#4159 = CARTESIAN_POINT('',(0.,0.));
#4160 = VECTOR('',#4161,1.);
#4161 = DIRECTION('',(0.,1.));
#4162 = ( GEOMETRIC_REPRESENTATION_CONTEXT(2) 
PARAMETRIC_REPRESENTATION_CONTEXT() REPRESENTATION_CONTEXT('2D SPACE',''
  ) );
#4163 = PCURVE('',#2316,#4164);
#4164 = DEFINITIONAL_REPRESENTATION('',(#4165),#4168);
#4165 = B_SPLINE_CURVE_WITH_KNOTS('',1,(#4166,#4167),.UNSPECIFIED.,.F.,
  .F.,(2,2),(0.,4.65),.PIECEWISE_BEZIER_KNOTS.);
#4166 = CARTESIAN_POINT('',(4.712388980385,1.146313502899E-31));
#4167 = CARTESIAN_POINT('',(4.712388980385,4.65));
#4168 = ( GEOMETRIC_REPRESENTATION_CONTEXT(2) 
PARAMETRIC_REPRESENTATION_CONTEXT() REPRESENTATION_CONTEXT('2D SPACE',''
  ) );
#4169 = ORIENTED_EDGE('',*,*,#2328,.T.);
#4170 = ORIENTED_EDGE('',*,*,#4124,.F.);
#4171 = ADVANCED_FACE('',(#4172),#2316,.F.);
#4172 = FACE_BOUND('',#4173,.F.);
#4173 = EDGE_LOOP('',(#4174,#4175,#4176,#4177));
#4174 = ORIENTED_EDGE('',*,*,#4150,.F.);
#4175 = ORIENTED_EDGE('',*,*,#2297,.T.);
#4176 = ORIENTED_EDGE('',*,*,#2499,.T.);
#4177 = ORIENTED_EDGE('',*,*,#2765,.F.);
#4178 = ADVANCED_FACE('',(#4179),#2284,.F.);
#4179 = FACE_BOUND('',#4180,.F.);
#4180 = EDGE_LOOP('',(#4181,#4202,#4203,#4223,#4224));
#4181 = ORIENTED_EDGE('',*,*,#4182,.T.);
#4182 = EDGE_CURVE('',#3237,#2134,#4183,.T.);
#4183 = SURFACE_CURVE('',#4184,(#4188,#4195),.PCURVE_S1.);
#4184 = LINE('',#4185,#4186);
#4185 = CARTESIAN_POINT('',(16.35,-9.649390334559,-33.26));
#4186 = VECTOR('',#4187,1.);
#4187 = DIRECTION('',(-1.,-0.,0.));
#4188 = PCURVE('',#2284,#4189);
#4189 = DEFINITIONAL_REPRESENTATION('',(#4190),#4194);
#4190 = LINE('',#4191,#4192);
#4191 = CARTESIAN_POINT('',(0.,2.050609665441));
#4192 = VECTOR('',#4193,1.);
#4193 = DIRECTION('',(-1.,0.));
#4194 = ( GEOMETRIC_REPRESENTATION_CONTEXT(2) 
PARAMETRIC_REPRESENTATION_CONTEXT() REPRESENTATION_CONTEXT('2D SPACE',''
  ) );
#4195 = PCURVE('',#2149,#4196);
#4196 = DEFINITIONAL_REPRESENTATION('',(#4197),#4201);
#4197 = LINE('',#4198,#4199);
#4198 = CARTESIAN_POINT('',(0.,0.849390334559));
#4199 = VECTOR('',#4200,1.);
#4200 = DIRECTION('',(-1.,0.));
#4201 = ( GEOMETRIC_REPRESENTATION_CONTEXT(2) 
PARAMETRIC_REPRESENTATION_CONTEXT() REPRESENTATION_CONTEXT('2D SPACE',''
  ) );
#4202 = ORIENTED_EDGE('',*,*,#2270,.T.);
#4203 = ORIENTED_EDGE('',*,*,#4204,.F.);
#4204 = EDGE_CURVE('',#3293,#2244,#4205,.T.);
#4205 = SURFACE_CURVE('',#4206,(#4210,#4217),.PCURVE_S1.);
#4206 = LINE('',#4207,#4208);
#4207 = CARTESIAN_POINT('',(16.35,-8.8,-32.41060966544));
#4208 = VECTOR('',#4209,1.);
#4209 = DIRECTION('',(-1.,0.,-0.));
#4210 = PCURVE('',#2284,#4211);
#4211 = DEFINITIONAL_REPRESENTATION('',(#4212),#4216);
#4212 = LINE('',#4213,#4214);
#4213 = CARTESIAN_POINT('',(0.,0.849390334559));
#4214 = VECTOR('',#4215,1.);
#4215 = DIRECTION('',(-1.,0.));
#4216 = ( GEOMETRIC_REPRESENTATION_CONTEXT(2) 
PARAMETRIC_REPRESENTATION_CONTEXT() REPRESENTATION_CONTEXT('2D SPACE',''
  ) );
#4217 = PCURVE('',#2259,#4218);
#4218 = DEFINITIONAL_REPRESENTATION('',(#4219),#4222);
#4219 = B_SPLINE_CURVE_WITH_KNOTS('',1,(#4220,#4221),.UNSPECIFIED.,.F.,
  .F.,(2,2),(-4.65,0.),.PIECEWISE_BEZIER_KNOTS.);
#4220 = CARTESIAN_POINT('',(0.600609665441,4.65));
#4221 = CARTESIAN_POINT('',(0.600609665441,0.));
#4222 = ( GEOMETRIC_REPRESENTATION_CONTEXT(2) 
PARAMETRIC_REPRESENTATION_CONTEXT() REPRESENTATION_CONTEXT('2D SPACE',''
  ) );
#4223 = ORIENTED_EDGE('',*,*,#3292,.T.);
#4224 = ORIENTED_EDGE('',*,*,#3264,.T.);
#4225 = ADVANCED_FACE('',(#4226),#2259,.T.);
#4226 = FACE_BOUND('',#4227,.T.);
#4227 = EDGE_LOOP('',(#4228,#4229,#4249,#4250));
#4228 = ORIENTED_EDGE('',*,*,#3320,.T.);
#4229 = ORIENTED_EDGE('',*,*,#4230,.F.);
#4230 = EDGE_CURVE('',#2215,#3321,#4231,.T.);
#4231 = SURFACE_CURVE('',#4232,(#4236,#4243),.PCURVE_S1.);
#4232 = LINE('',#4233,#4234);
#4233 = CARTESIAN_POINT('',(16.35,-8.8,-31.81));
#4234 = VECTOR('',#4235,1.);
#4235 = DIRECTION('',(1.,0.,0.));
#4236 = PCURVE('',#2259,#4237);
#4237 = DEFINITIONAL_REPRESENTATION('',(#4238),#4242);
#4238 = LINE('',#4239,#4240);
#4239 = CARTESIAN_POINT('',(0.,0.));
#4240 = VECTOR('',#4241,1.);
#4241 = DIRECTION('',(0.,1.));
#4242 = ( GEOMETRIC_REPRESENTATION_CONTEXT(2) 
PARAMETRIC_REPRESENTATION_CONTEXT() REPRESENTATION_CONTEXT('2D SPACE',''
  ) );
#4243 = PCURVE('',#2231,#4244);
#4244 = DEFINITIONAL_REPRESENTATION('',(#4245),#4248);
#4245 = B_SPLINE_CURVE_WITH_KNOTS('',1,(#4246,#4247),.UNSPECIFIED.,.F.,
  .F.,(2,2),(0.,4.65),.PIECEWISE_BEZIER_KNOTS.);
#4246 = CARTESIAN_POINT('',(4.712388980385,1.146313502899E-31));
#4247 = CARTESIAN_POINT('',(4.712388980385,4.65));
#4248 = ( GEOMETRIC_REPRESENTATION_CONTEXT(2) 
PARAMETRIC_REPRESENTATION_CONTEXT() REPRESENTATION_CONTEXT('2D SPACE',''
  ) );
#4249 = ORIENTED_EDGE('',*,*,#2243,.T.);
#4250 = ORIENTED_EDGE('',*,*,#4204,.F.);
#4251 = ADVANCED_FACE('',(#4252),#2231,.F.);
#4252 = FACE_BOUND('',#4253,.F.);
#4253 = EDGE_LOOP('',(#4254,#4255,#4256,#4276));
#4254 = ORIENTED_EDGE('',*,*,#4230,.F.);
#4255 = ORIENTED_EDGE('',*,*,#2214,.T.);
#4256 = ORIENTED_EDGE('',*,*,#4257,.T.);
#4257 = EDGE_CURVE('',#2188,#3349,#4258,.T.);
#4258 = SURFACE_CURVE('',#4259,(#4263,#4269),.PCURVE_S1.);
#4259 = LINE('',#4260,#4261);
#4260 = CARTESIAN_POINT('',(16.35,-11.7,-31.81));
#4261 = VECTOR('',#4262,1.);
#4262 = DIRECTION('',(1.,0.,0.));
#4263 = PCURVE('',#2231,#4264);
#4264 = DEFINITIONAL_REPRESENTATION('',(#4265),#4268);
#4265 = B_SPLINE_CURVE_WITH_KNOTS('',1,(#4266,#4267),.UNSPECIFIED.,.F.,
  .F.,(2,2),(0.,4.65),.PIECEWISE_BEZIER_KNOTS.);
#4266 = CARTESIAN_POINT('',(7.853981633974,1.146313502899E-31));
#4267 = CARTESIAN_POINT('',(7.853981633974,4.65));
#4268 = ( GEOMETRIC_REPRESENTATION_CONTEXT(2) 
PARAMETRIC_REPRESENTATION_CONTEXT() REPRESENTATION_CONTEXT('2D SPACE',''
  ) );
#4269 = PCURVE('',#2203,#4270);
#4270 = DEFINITIONAL_REPRESENTATION('',(#4271),#4275);
#4271 = LINE('',#4272,#4273);
#4272 = CARTESIAN_POINT('',(0.,0.));
#4273 = VECTOR('',#4274,1.);
#4274 = DIRECTION('',(0.,1.));
#4275 = ( GEOMETRIC_REPRESENTATION_CONTEXT(2) 
PARAMETRIC_REPRESENTATION_CONTEXT() REPRESENTATION_CONTEXT('2D SPACE',''
  ) );
#4276 = ORIENTED_EDGE('',*,*,#3348,.F.);
#4277 = ADVANCED_FACE('',(#4278),#2203,.F.);
#4278 = FACE_BOUND('',#4279,.F.);
#4279 = EDGE_LOOP('',(#4280,#4281,#4282,#4283));
#4280 = ORIENTED_EDGE('',*,*,#3372,.T.);
#4281 = ORIENTED_EDGE('',*,*,#4257,.F.);
#4282 = ORIENTED_EDGE('',*,*,#2187,.T.);
#4283 = ORIENTED_EDGE('',*,*,#4284,.F.);
#4284 = EDGE_CURVE('',#3373,#2161,#4285,.T.);
#4285 = SURFACE_CURVE('',#4286,(#4290,#4296),.PCURVE_S1.);
#4286 = LINE('',#4287,#4288);
#4287 = CARTESIAN_POINT('',(16.35,-11.7,-32.41060966544));
#4288 = VECTOR('',#4289,1.);
#4289 = DIRECTION('',(-1.,0.,-0.));
#4290 = PCURVE('',#2203,#4291);
#4291 = DEFINITIONAL_REPRESENTATION('',(#4292),#4295);
#4292 = B_SPLINE_CURVE_WITH_KNOTS('',1,(#4293,#4294),.UNSPECIFIED.,.F.,
  .F.,(2,2),(-4.65,0.),.PIECEWISE_BEZIER_KNOTS.);
#4293 = CARTESIAN_POINT('',(0.600609665441,4.65));
#4294 = CARTESIAN_POINT('',(0.600609665441,0.));
#4295 = ( GEOMETRIC_REPRESENTATION_CONTEXT(2) 
PARAMETRIC_REPRESENTATION_CONTEXT() REPRESENTATION_CONTEXT('2D SPACE',''
  ) );
#4296 = PCURVE('',#2176,#4297);
#4297 = DEFINITIONAL_REPRESENTATION('',(#4298),#4302);
#4298 = LINE('',#4299,#4300);
#4299 = CARTESIAN_POINT('',(0.849390334559,0.));
#4300 = VECTOR('',#4301,1.);
#4301 = DIRECTION('',(0.,-1.));
#4302 = ( GEOMETRIC_REPRESENTATION_CONTEXT(2) 
PARAMETRIC_REPRESENTATION_CONTEXT() REPRESENTATION_CONTEXT('2D SPACE',''
  ) );
#4303 = ADVANCED_FACE('',(#4304),#2176,.F.);
#4304 = FACE_BOUND('',#4305,.F.);
#4305 = EDGE_LOOP('',(#4306,#4307,#4308,#4309,#4330));
#4306 = ORIENTED_EDGE('',*,*,#3400,.T.);
#4307 = ORIENTED_EDGE('',*,*,#4284,.T.);
#4308 = ORIENTED_EDGE('',*,*,#2160,.T.);
#4309 = ORIENTED_EDGE('',*,*,#4310,.T.);
#4310 = EDGE_CURVE('',#2132,#3429,#4311,.T.);
#4311 = SURFACE_CURVE('',#4312,(#4316,#4323),.PCURVE_S1.);
#4312 = LINE('',#4313,#4314);
#4313 = CARTESIAN_POINT('',(16.35,-10.85060966544,-33.26));
#4314 = VECTOR('',#4315,1.);
#4315 = DIRECTION('',(1.,0.,0.));
#4316 = PCURVE('',#2176,#4317);
#4317 = DEFINITIONAL_REPRESENTATION('',(#4318),#4322);
#4318 = LINE('',#4319,#4320);
#4319 = CARTESIAN_POINT('',(2.050609665441,0.));
#4320 = VECTOR('',#4321,1.);
#4321 = DIRECTION('',(0.,1.));
#4322 = ( GEOMETRIC_REPRESENTATION_CONTEXT(2) 
PARAMETRIC_REPRESENTATION_CONTEXT() REPRESENTATION_CONTEXT('2D SPACE',''
  ) );
#4323 = PCURVE('',#2149,#4324);
#4324 = DEFINITIONAL_REPRESENTATION('',(#4325),#4329);
#4325 = LINE('',#4326,#4327);
#4326 = CARTESIAN_POINT('',(0.,2.050609665441));
#4327 = VECTOR('',#4328,1.);
#4328 = DIRECTION('',(1.,0.));
#4329 = ( GEOMETRIC_REPRESENTATION_CONTEXT(2) 
PARAMETRIC_REPRESENTATION_CONTEXT() REPRESENTATION_CONTEXT('2D SPACE',''
  ) );
#4330 = ORIENTED_EDGE('',*,*,#3428,.T.);
#4331 = ADVANCED_FACE('',(#4332),#2149,.F.);
#4332 = FACE_BOUND('',#4333,.F.);
#4333 = EDGE_LOOP('',(#4334,#4335,#4336,#4337,#4338));
#4334 = ORIENTED_EDGE('',*,*,#4310,.F.);
#4335 = ORIENTED_EDGE('',*,*,#2131,.T.);
#4336 = ORIENTED_EDGE('',*,*,#4182,.F.);
#4337 = ORIENTED_EDGE('',*,*,#3236,.T.);
#4338 = ORIENTED_EDGE('',*,*,#3456,.T.);
#4339 = ADVANCED_FACE('',(#4340),#2118,.F.);
#4340 = FACE_BOUND('',#4341,.F.);
#4341 = EDGE_LOOP('',(#4342,#4343,#4363,#4364));
#4342 = ORIENTED_EDGE('',*,*,#3953,.T.);
#4343 = ORIENTED_EDGE('',*,*,#4344,.F.);
#4344 = EDGE_CURVE('',#1968,#3930,#4345,.T.);
#4345 = SURFACE_CURVE('',#4346,(#4350,#4357),.PCURVE_S1.);
#4346 = LINE('',#4347,#4348);
#4347 = CARTESIAN_POINT('',(16.35,8.8,-11.11));
#4348 = VECTOR('',#4349,1.);
#4349 = DIRECTION('',(1.,0.,0.));
#4350 = PCURVE('',#2118,#4351);
#4351 = DEFINITIONAL_REPRESENTATION('',(#4352),#4356);
#4352 = LINE('',#4353,#4354);
#4353 = CARTESIAN_POINT('',(0.,0.));
#4354 = VECTOR('',#4355,1.);
#4355 = DIRECTION('',(0.,1.));
#4356 = ( GEOMETRIC_REPRESENTATION_CONTEXT(2) 
PARAMETRIC_REPRESENTATION_CONTEXT() REPRESENTATION_CONTEXT('2D SPACE',''
  ) );
#4357 = PCURVE('',#1984,#4358);
#4358 = DEFINITIONAL_REPRESENTATION('',(#4359),#4362);
#4359 = B_SPLINE_CURVE_WITH_KNOTS('',1,(#4360,#4361),.UNSPECIFIED.,.F.,
  .F.,(2,2),(0.,4.65),.PIECEWISE_BEZIER_KNOTS.);
#4360 = CARTESIAN_POINT('',(7.853981633974,1.146313502899E-31));
#4361 = CARTESIAN_POINT('',(7.853981633974,4.65));
#4362 = ( GEOMETRIC_REPRESENTATION_CONTEXT(2) 
PARAMETRIC_REPRESENTATION_CONTEXT() REPRESENTATION_CONTEXT('2D SPACE',''
  ) );
#4363 = ORIENTED_EDGE('',*,*,#2104,.T.);
#4364 = ORIENTED_EDGE('',*,*,#4365,.F.);
#4365 = EDGE_CURVE('',#3954,#2078,#4366,.T.);
#4366 = SURFACE_CURVE('',#4367,(#4371,#4377),.PCURVE_S1.);
#4367 = LINE('',#4368,#4369);
#4368 = CARTESIAN_POINT('',(16.35,8.8,-11.71060966544));
#4369 = VECTOR('',#4370,1.);
#4370 = DIRECTION('',(-1.,0.,-0.));
#4371 = PCURVE('',#2118,#4372);
#4372 = DEFINITIONAL_REPRESENTATION('',(#4373),#4376);
#4373 = B_SPLINE_CURVE_WITH_KNOTS('',1,(#4374,#4375),.UNSPECIFIED.,.F.,
  .F.,(2,2),(-4.65,0.),.PIECEWISE_BEZIER_KNOTS.);
#4374 = CARTESIAN_POINT('',(0.600609665441,4.65));
#4375 = CARTESIAN_POINT('',(0.600609665441,0.));
#4376 = ( GEOMETRIC_REPRESENTATION_CONTEXT(2) 
PARAMETRIC_REPRESENTATION_CONTEXT() REPRESENTATION_CONTEXT('2D SPACE',''
  ) );
#4377 = PCURVE('',#2093,#4378);
#4378 = DEFINITIONAL_REPRESENTATION('',(#4379),#4383);
#4379 = LINE('',#4380,#4381);
#4380 = CARTESIAN_POINT('',(0.849390334559,0.));
#4381 = VECTOR('',#4382,1.);
#4382 = DIRECTION('',(0.,-1.));
#4383 = ( GEOMETRIC_REPRESENTATION_CONTEXT(2) 
PARAMETRIC_REPRESENTATION_CONTEXT() REPRESENTATION_CONTEXT('2D SPACE',''
  ) );
#4384 = ADVANCED_FACE('',(#4385),#2093,.F.);
#4385 = FACE_BOUND('',#4386,.F.);
#4386 = EDGE_LOOP('',(#4387,#4388,#4389,#4390,#4411));
#4387 = ORIENTED_EDGE('',*,*,#3981,.T.);
#4388 = ORIENTED_EDGE('',*,*,#4365,.T.);
#4389 = ORIENTED_EDGE('',*,*,#2077,.T.);
#4390 = ORIENTED_EDGE('',*,*,#4391,.T.);
#4391 = EDGE_CURVE('',#2051,#4010,#4392,.T.);
#4392 = SURFACE_CURVE('',#4393,(#4397,#4404),.PCURVE_S1.);
#4393 = LINE('',#4394,#4395);
#4394 = CARTESIAN_POINT('',(16.35,9.649390334559,-12.56));
#4395 = VECTOR('',#4396,1.);
#4396 = DIRECTION('',(1.,0.,0.));
#4397 = PCURVE('',#2093,#4398);
#4398 = DEFINITIONAL_REPRESENTATION('',(#4399),#4403);
#4399 = LINE('',#4400,#4401);
#4400 = CARTESIAN_POINT('',(2.050609665441,0.));
#4401 = VECTOR('',#4402,1.);
#4402 = DIRECTION('',(0.,1.));
#4403 = ( GEOMETRIC_REPRESENTATION_CONTEXT(2) 
PARAMETRIC_REPRESENTATION_CONTEXT() REPRESENTATION_CONTEXT('2D SPACE',''
  ) );
#4404 = PCURVE('',#2066,#4405);
#4405 = DEFINITIONAL_REPRESENTATION('',(#4406),#4410);
#4406 = LINE('',#4407,#4408);
#4407 = CARTESIAN_POINT('',(0.,2.050609665441));
#4408 = VECTOR('',#4409,1.);
#4409 = DIRECTION('',(1.,0.));
#4410 = ( GEOMETRIC_REPRESENTATION_CONTEXT(2) 
PARAMETRIC_REPRESENTATION_CONTEXT() REPRESENTATION_CONTEXT('2D SPACE',''
  ) );
#4411 = ORIENTED_EDGE('',*,*,#4009,.T.);
#4412 = ADVANCED_FACE('',(#4413),#2066,.F.);
#4413 = FACE_BOUND('',#4414,.F.);
#4414 = EDGE_LOOP('',(#4415,#4416,#4417,#4438,#4439));
#4415 = ORIENTED_EDGE('',*,*,#4391,.F.);
#4416 = ORIENTED_EDGE('',*,*,#2050,.T.);
#4417 = ORIENTED_EDGE('',*,*,#4418,.F.);
#4418 = EDGE_CURVE('',#3818,#2024,#4419,.T.);
#4419 = SURFACE_CURVE('',#4420,(#4424,#4431),.PCURVE_S1.);
#4420 = LINE('',#4421,#4422);
#4421 = CARTESIAN_POINT('',(16.35,10.850609665441,-12.56));
#4422 = VECTOR('',#4423,1.);
#4423 = DIRECTION('',(-1.,-0.,0.));
#4424 = PCURVE('',#2066,#4425);
#4425 = DEFINITIONAL_REPRESENTATION('',(#4426),#4430);
#4426 = LINE('',#4427,#4428);
#4427 = CARTESIAN_POINT('',(0.,0.849390334559));
#4428 = VECTOR('',#4429,1.);
#4429 = DIRECTION('',(-1.,0.));
#4430 = ( GEOMETRIC_REPRESENTATION_CONTEXT(2) 
PARAMETRIC_REPRESENTATION_CONTEXT() REPRESENTATION_CONTEXT('2D SPACE',''
  ) );
#4431 = PCURVE('',#2039,#4432);
#4432 = DEFINITIONAL_REPRESENTATION('',(#4433),#4437);
#4433 = LINE('',#4434,#4435);
#4434 = CARTESIAN_POINT('',(0.,2.050609665441));
#4435 = VECTOR('',#4436,1.);
#4436 = DIRECTION('',(-1.,0.));
#4437 = ( GEOMETRIC_REPRESENTATION_CONTEXT(2) 
PARAMETRIC_REPRESENTATION_CONTEXT() REPRESENTATION_CONTEXT('2D SPACE',''
  ) );
#4438 = ORIENTED_EDGE('',*,*,#3817,.T.);
#4439 = ORIENTED_EDGE('',*,*,#4037,.T.);
#4440 = ADVANCED_FACE('',(#4441),#2039,.F.);
#4441 = FACE_BOUND('',#4442,.F.);
#4442 = EDGE_LOOP('',(#4443,#4444,#4445,#4465,#4466));
#4443 = ORIENTED_EDGE('',*,*,#4418,.T.);
#4444 = ORIENTED_EDGE('',*,*,#2023,.T.);
#4445 = ORIENTED_EDGE('',*,*,#4446,.F.);
#4446 = EDGE_CURVE('',#3874,#1997,#4447,.T.);
#4447 = SURFACE_CURVE('',#4448,(#4452,#4459),.PCURVE_S1.);
#4448 = LINE('',#4449,#4450);
#4449 = CARTESIAN_POINT('',(16.35,11.7,-11.71060966544));
#4450 = VECTOR('',#4451,1.);
#4451 = DIRECTION('',(-1.,0.,-0.));
#4452 = PCURVE('',#2039,#4453);
#4453 = DEFINITIONAL_REPRESENTATION('',(#4454),#4458);
#4454 = LINE('',#4455,#4456);
#4455 = CARTESIAN_POINT('',(0.,0.849390334559));
#4456 = VECTOR('',#4457,1.);
#4457 = DIRECTION('',(-1.,0.));
#4458 = ( GEOMETRIC_REPRESENTATION_CONTEXT(2) 
PARAMETRIC_REPRESENTATION_CONTEXT() REPRESENTATION_CONTEXT('2D SPACE',''
  ) );
#4459 = PCURVE('',#2012,#4460);
#4460 = DEFINITIONAL_REPRESENTATION('',(#4461),#4464);
#4461 = B_SPLINE_CURVE_WITH_KNOTS('',1,(#4462,#4463),.UNSPECIFIED.,.F.,
  .F.,(2,2),(-4.65,0.),.PIECEWISE_BEZIER_KNOTS.);
#4462 = CARTESIAN_POINT('',(0.600609665441,4.65));
#4463 = CARTESIAN_POINT('',(0.600609665441,0.));
#4464 = ( GEOMETRIC_REPRESENTATION_CONTEXT(2) 
PARAMETRIC_REPRESENTATION_CONTEXT() REPRESENTATION_CONTEXT('2D SPACE',''
  ) );
#4465 = ORIENTED_EDGE('',*,*,#3873,.T.);
#4466 = ORIENTED_EDGE('',*,*,#3845,.T.);
#4467 = ADVANCED_FACE('',(#4468),#2012,.T.);
#4468 = FACE_BOUND('',#4469,.T.);
#4469 = EDGE_LOOP('',(#4470,#4471,#4491,#4492));
#4470 = ORIENTED_EDGE('',*,*,#3901,.T.);
#4471 = ORIENTED_EDGE('',*,*,#4472,.F.);
#4472 = EDGE_CURVE('',#1966,#3902,#4473,.T.);
#4473 = SURFACE_CURVE('',#4474,(#4478,#4485),.PCURVE_S1.);
#4474 = LINE('',#4475,#4476);
#4475 = CARTESIAN_POINT('',(16.35,11.7,-11.11));
#4476 = VECTOR('',#4477,1.);
#4477 = DIRECTION('',(1.,0.,0.));
#4478 = PCURVE('',#2012,#4479);
#4479 = DEFINITIONAL_REPRESENTATION('',(#4480),#4484);
#4480 = LINE('',#4481,#4482);
#4481 = CARTESIAN_POINT('',(0.,0.));
#4482 = VECTOR('',#4483,1.);
#4483 = DIRECTION('',(0.,1.));
#4484 = ( GEOMETRIC_REPRESENTATION_CONTEXT(2) 
PARAMETRIC_REPRESENTATION_CONTEXT() REPRESENTATION_CONTEXT('2D SPACE',''
  ) );
#4485 = PCURVE('',#1984,#4486);
#4486 = DEFINITIONAL_REPRESENTATION('',(#4487),#4490);
#4487 = B_SPLINE_CURVE_WITH_KNOTS('',1,(#4488,#4489),.UNSPECIFIED.,.F.,
  .F.,(2,2),(0.,4.65),.PIECEWISE_BEZIER_KNOTS.);
#4488 = CARTESIAN_POINT('',(4.712388980385,1.146313502899E-31));
#4489 = CARTESIAN_POINT('',(4.712388980385,4.65));
#4490 = ( GEOMETRIC_REPRESENTATION_CONTEXT(2) 
PARAMETRIC_REPRESENTATION_CONTEXT() REPRESENTATION_CONTEXT('2D SPACE',''
  ) );
#4491 = ORIENTED_EDGE('',*,*,#1996,.T.);
#4492 = ORIENTED_EDGE('',*,*,#4446,.F.);
#4493 = ADVANCED_FACE('',(#4494),#1984,.F.);
#4494 = FACE_BOUND('',#4495,.F.);
#4495 = EDGE_LOOP('',(#4496,#4497,#4498,#4499));
#4496 = ORIENTED_EDGE('',*,*,#4472,.F.);
#4497 = ORIENTED_EDGE('',*,*,#1965,.T.);
#4498 = ORIENTED_EDGE('',*,*,#4344,.T.);
#4499 = ORIENTED_EDGE('',*,*,#3929,.F.);
#4500 = ADVANCED_FACE('',(#4501),#1952,.F.);
#4501 = FACE_BOUND('',#4502,.F.);
#4502 = EDGE_LOOP('',(#4503,#4504,#4524,#4525));
#4503 = ORIENTED_EDGE('',*,*,#3646,.T.);
#4504 = ORIENTED_EDGE('',*,*,#4505,.F.);
#4505 = EDGE_CURVE('',#1802,#3623,#4506,.T.);
#4506 = SURFACE_CURVE('',#4507,(#4511,#4518),.PCURVE_S1.);
#4507 = LINE('',#4508,#4509);
#4508 = CARTESIAN_POINT('',(16.35,8.8,-31.81));
#4509 = VECTOR('',#4510,1.);
#4510 = DIRECTION('',(1.,0.,0.));
#4511 = PCURVE('',#1952,#4512);
#4512 = DEFINITIONAL_REPRESENTATION('',(#4513),#4517);
#4513 = LINE('',#4514,#4515);
#4514 = CARTESIAN_POINT('',(0.,0.));
#4515 = VECTOR('',#4516,1.);
#4516 = DIRECTION('',(0.,1.));
#4517 = ( GEOMETRIC_REPRESENTATION_CONTEXT(2) 
PARAMETRIC_REPRESENTATION_CONTEXT() REPRESENTATION_CONTEXT('2D SPACE',''
  ) );
#4518 = PCURVE('',#1818,#4519);
#4519 = DEFINITIONAL_REPRESENTATION('',(#4520),#4523);
#4520 = B_SPLINE_CURVE_WITH_KNOTS('',1,(#4521,#4522),.UNSPECIFIED.,.F.,
  .F.,(2,2),(0.,4.65),.PIECEWISE_BEZIER_KNOTS.);
#4521 = CARTESIAN_POINT('',(7.853981633974,1.146313502899E-31));
#4522 = CARTESIAN_POINT('',(7.853981633974,4.65));
#4523 = ( GEOMETRIC_REPRESENTATION_CONTEXT(2) 
PARAMETRIC_REPRESENTATION_CONTEXT() REPRESENTATION_CONTEXT('2D SPACE',''
  ) );
#4524 = ORIENTED_EDGE('',*,*,#1938,.T.);
#4525 = ORIENTED_EDGE('',*,*,#4526,.F.);
#4526 = EDGE_CURVE('',#3647,#1912,#4527,.T.);
#4527 = SURFACE_CURVE('',#4528,(#4532,#4538),.PCURVE_S1.);
#4528 = LINE('',#4529,#4530);
#4529 = CARTESIAN_POINT('',(16.35,8.8,-32.41060966544));
#4530 = VECTOR('',#4531,1.);
#4531 = DIRECTION('',(-1.,0.,-0.));
#4532 = PCURVE('',#1952,#4533);
#4533 = DEFINITIONAL_REPRESENTATION('',(#4534),#4537);
#4534 = B_SPLINE_CURVE_WITH_KNOTS('',1,(#4535,#4536),.UNSPECIFIED.,.F.,
  .F.,(2,2),(-4.65,0.),.PIECEWISE_BEZIER_KNOTS.);
#4535 = CARTESIAN_POINT('',(0.600609665441,4.65));
#4536 = CARTESIAN_POINT('',(0.600609665441,0.));
#4537 = ( GEOMETRIC_REPRESENTATION_CONTEXT(2) 
PARAMETRIC_REPRESENTATION_CONTEXT() REPRESENTATION_CONTEXT('2D SPACE',''
  ) );
#4538 = PCURVE('',#1927,#4539);
#4539 = DEFINITIONAL_REPRESENTATION('',(#4540),#4544);
#4540 = LINE('',#4541,#4542);
#4541 = CARTESIAN_POINT('',(0.849390334559,0.));
#4542 = VECTOR('',#4543,1.);
#4543 = DIRECTION('',(0.,-1.));
#4544 = ( GEOMETRIC_REPRESENTATION_CONTEXT(2) 
PARAMETRIC_REPRESENTATION_CONTEXT() REPRESENTATION_CONTEXT('2D SPACE',''
  ) );
#4545 = ADVANCED_FACE('',(#4546),#1927,.F.);
#4546 = FACE_BOUND('',#4547,.F.);
#4547 = EDGE_LOOP('',(#4548,#4549,#4550,#4551,#4572));
#4548 = ORIENTED_EDGE('',*,*,#3674,.T.);
#4549 = ORIENTED_EDGE('',*,*,#4526,.T.);
#4550 = ORIENTED_EDGE('',*,*,#1911,.T.);
#4551 = ORIENTED_EDGE('',*,*,#4552,.T.);
#4552 = EDGE_CURVE('',#1885,#3703,#4553,.T.);
#4553 = SURFACE_CURVE('',#4554,(#4558,#4565),.PCURVE_S1.);
#4554 = LINE('',#4555,#4556);
#4555 = CARTESIAN_POINT('',(16.35,9.649390334559,-33.26));
#4556 = VECTOR('',#4557,1.);
#4557 = DIRECTION('',(1.,0.,0.));
#4558 = PCURVE('',#1927,#4559);
#4559 = DEFINITIONAL_REPRESENTATION('',(#4560),#4564);
#4560 = LINE('',#4561,#4562);
#4561 = CARTESIAN_POINT('',(2.050609665441,0.));
#4562 = VECTOR('',#4563,1.);
#4563 = DIRECTION('',(0.,1.));
#4564 = ( GEOMETRIC_REPRESENTATION_CONTEXT(2) 
PARAMETRIC_REPRESENTATION_CONTEXT() REPRESENTATION_CONTEXT('2D SPACE',''
  ) );
#4565 = PCURVE('',#1900,#4566);
#4566 = DEFINITIONAL_REPRESENTATION('',(#4567),#4571);
#4567 = LINE('',#4568,#4569);
#4568 = CARTESIAN_POINT('',(0.,2.050609665441));
#4569 = VECTOR('',#4570,1.);
#4570 = DIRECTION('',(1.,0.));
#4571 = ( GEOMETRIC_REPRESENTATION_CONTEXT(2) 
PARAMETRIC_REPRESENTATION_CONTEXT() REPRESENTATION_CONTEXT('2D SPACE',''
  ) );
#4572 = ORIENTED_EDGE('',*,*,#3702,.T.);
#4573 = ADVANCED_FACE('',(#4574),#1900,.F.);
#4574 = FACE_BOUND('',#4575,.F.);
#4575 = EDGE_LOOP('',(#4576,#4577,#4578,#4599,#4600));
#4576 = ORIENTED_EDGE('',*,*,#4552,.F.);
#4577 = ORIENTED_EDGE('',*,*,#1884,.T.);
#4578 = ORIENTED_EDGE('',*,*,#4579,.F.);
#4579 = EDGE_CURVE('',#3511,#1858,#4580,.T.);
#4580 = SURFACE_CURVE('',#4581,(#4585,#4592),.PCURVE_S1.);
#4581 = LINE('',#4582,#4583);
#4582 = CARTESIAN_POINT('',(16.35,10.850609665441,-33.26));
#4583 = VECTOR('',#4584,1.);
#4584 = DIRECTION('',(-1.,-0.,0.));
#4585 = PCURVE('',#1900,#4586);
#4586 = DEFINITIONAL_REPRESENTATION('',(#4587),#4591);
#4587 = LINE('',#4588,#4589);
#4588 = CARTESIAN_POINT('',(0.,0.849390334559));
#4589 = VECTOR('',#4590,1.);
#4590 = DIRECTION('',(-1.,0.));
#4591 = ( GEOMETRIC_REPRESENTATION_CONTEXT(2) 
PARAMETRIC_REPRESENTATION_CONTEXT() REPRESENTATION_CONTEXT('2D SPACE',''
  ) );
#4592 = PCURVE('',#1873,#4593);
#4593 = DEFINITIONAL_REPRESENTATION('',(#4594),#4598);
#4594 = LINE('',#4595,#4596);
#4595 = CARTESIAN_POINT('',(0.,2.050609665441));
#4596 = VECTOR('',#4597,1.);
#4597 = DIRECTION('',(-1.,0.));
#4598 = ( GEOMETRIC_REPRESENTATION_CONTEXT(2) 
PARAMETRIC_REPRESENTATION_CONTEXT() REPRESENTATION_CONTEXT('2D SPACE',''
  ) );
#4599 = ORIENTED_EDGE('',*,*,#3510,.T.);
#4600 = ORIENTED_EDGE('',*,*,#3730,.T.);
#4601 = ADVANCED_FACE('',(#4602),#1873,.F.);
#4602 = FACE_BOUND('',#4603,.F.);
#4603 = EDGE_LOOP('',(#4604,#4605,#4606,#4626,#4627));
#4604 = ORIENTED_EDGE('',*,*,#4579,.T.);
#4605 = ORIENTED_EDGE('',*,*,#1857,.T.);
#4606 = ORIENTED_EDGE('',*,*,#4607,.F.);
#4607 = EDGE_CURVE('',#3567,#1831,#4608,.T.);
#4608 = SURFACE_CURVE('',#4609,(#4613,#4620),.PCURVE_S1.);
#4609 = LINE('',#4610,#4611);
#4610 = CARTESIAN_POINT('',(16.35,11.7,-32.41060966544));
#4611 = VECTOR('',#4612,1.);
#4612 = DIRECTION('',(-1.,0.,-0.));
#4613 = PCURVE('',#1873,#4614);
#4614 = DEFINITIONAL_REPRESENTATION('',(#4615),#4619);
#4615 = LINE('',#4616,#4617);
#4616 = CARTESIAN_POINT('',(0.,0.849390334559));
#4617 = VECTOR('',#4618,1.);
#4618 = DIRECTION('',(-1.,0.));
#4619 = ( GEOMETRIC_REPRESENTATION_CONTEXT(2) 
PARAMETRIC_REPRESENTATION_CONTEXT() REPRESENTATION_CONTEXT('2D SPACE',''
  ) );
#4620 = PCURVE('',#1846,#4621);
#4621 = DEFINITIONAL_REPRESENTATION('',(#4622),#4625);
#4622 = B_SPLINE_CURVE_WITH_KNOTS('',1,(#4623,#4624),.UNSPECIFIED.,.F.,
  .F.,(2,2),(-4.65,0.),.PIECEWISE_BEZIER_KNOTS.);
#4623 = CARTESIAN_POINT('',(0.600609665441,4.65));
#4624 = CARTESIAN_POINT('',(0.600609665441,0.));
#4625 = ( GEOMETRIC_REPRESENTATION_CONTEXT(2) 
PARAMETRIC_REPRESENTATION_CONTEXT() REPRESENTATION_CONTEXT('2D SPACE',''
  ) );
#4626 = ORIENTED_EDGE('',*,*,#3566,.T.);
#4627 = ORIENTED_EDGE('',*,*,#3538,.T.);
#4628 = ADVANCED_FACE('',(#4629),#1846,.T.);
#4629 = FACE_BOUND('',#4630,.T.);
#4630 = EDGE_LOOP('',(#4631,#4632,#4652,#4653));
#4631 = ORIENTED_EDGE('',*,*,#3594,.T.);
#4632 = ORIENTED_EDGE('',*,*,#4633,.F.);
#4633 = EDGE_CURVE('',#1800,#3595,#4634,.T.);
#4634 = SURFACE_CURVE('',#4635,(#4639,#4646),.PCURVE_S1.);
#4635 = LINE('',#4636,#4637);
#4636 = CARTESIAN_POINT('',(16.35,11.7,-31.81));
#4637 = VECTOR('',#4638,1.);
#4638 = DIRECTION('',(1.,0.,0.));
#4639 = PCURVE('',#1846,#4640);
#4640 = DEFINITIONAL_REPRESENTATION('',(#4641),#4645);
#4641 = LINE('',#4642,#4643);
#4642 = CARTESIAN_POINT('',(0.,0.));
#4643 = VECTOR('',#4644,1.);
#4644 = DIRECTION('',(0.,1.));
#4645 = ( GEOMETRIC_REPRESENTATION_CONTEXT(2) 
PARAMETRIC_REPRESENTATION_CONTEXT() REPRESENTATION_CONTEXT('2D SPACE',''
  ) );
#4646 = PCURVE('',#1818,#4647);
#4647 = DEFINITIONAL_REPRESENTATION('',(#4648),#4651);
#4648 = B_SPLINE_CURVE_WITH_KNOTS('',1,(#4649,#4650),.UNSPECIFIED.,.F.,
  .F.,(2,2),(0.,4.65),.PIECEWISE_BEZIER_KNOTS.);
#4649 = CARTESIAN_POINT('',(4.712388980385,1.146313502899E-31));
#4650 = CARTESIAN_POINT('',(4.712388980385,4.65));
#4651 = ( GEOMETRIC_REPRESENTATION_CONTEXT(2) 
PARAMETRIC_REPRESENTATION_CONTEXT() REPRESENTATION_CONTEXT('2D SPACE',''
  ) );
#4652 = ORIENTED_EDGE('',*,*,#1830,.T.);
#4653 = ORIENTED_EDGE('',*,*,#4607,.F.);
#4654 = ADVANCED_FACE('',(#4655),#1818,.F.);
#4655 = FACE_BOUND('',#4656,.F.);
#4656 = EDGE_LOOP('',(#4657,#4658,#4659,#4660));
#4657 = ORIENTED_EDGE('',*,*,#4633,.F.);
#4658 = ORIENTED_EDGE('',*,*,#1799,.T.);
#4659 = ORIENTED_EDGE('',*,*,#4505,.T.);
#4660 = ORIENTED_EDGE('',*,*,#3622,.F.);
#4661 = ADVANCED_FACE('',(#4662),#1786,.F.);
#4662 = FACE_BOUND('',#4663,.F.);
#4663 = EDGE_LOOP('',(#4664,#4685,#4686,#4705));
#4664 = ORIENTED_EDGE('',*,*,#4665,.T.);
#4665 = EDGE_CURVE('',#1749,#2943,#4666,.T.);
#4666 = SURFACE_CURVE('',#4667,(#4671,#4678),.PCURVE_S1.);
#4667 = LINE('',#4668,#4669);
#4668 = CARTESIAN_POINT('',(-21.,10.3,-40.11));
#4669 = VECTOR('',#4670,1.);
#4670 = DIRECTION('',(1.,0.,-0.));
#4671 = PCURVE('',#1786,#4672);
#4672 = DEFINITIONAL_REPRESENTATION('',(#4673),#4677);
#4673 = LINE('',#4674,#4675);
#4674 = CARTESIAN_POINT('',(4.89,0.));
#4675 = VECTOR('',#4676,1.);
#4676 = DIRECTION('',(0.,1.));
#4677 = ( GEOMETRIC_REPRESENTATION_CONTEXT(2) 
PARAMETRIC_REPRESENTATION_CONTEXT() REPRESENTATION_CONTEXT('2D SPACE',''
  ) );
#4678 = PCURVE('',#1653,#4679);
#4679 = DEFINITIONAL_REPRESENTATION('',(#4680),#4684);
#4680 = LINE('',#4681,#4682);
#4681 = CARTESIAN_POINT('',(1.570796326795,1.577721810442E-30));
#4682 = VECTOR('',#4683,1.);
#4683 = DIRECTION('',(0.,1.));
#4684 = ( GEOMETRIC_REPRESENTATION_CONTEXT(2) 
PARAMETRIC_REPRESENTATION_CONTEXT() REPRESENTATION_CONTEXT('2D SPACE',''
  ) );
#4685 = ORIENTED_EDGE('',*,*,#2966,.F.);
#4686 = ORIENTED_EDGE('',*,*,#4687,.T.);
#4687 = EDGE_CURVE('',#2967,#1517,#4688,.T.);
#4688 = SURFACE_CURVE('',#4689,(#4693,#4699),.PCURVE_S1.);
#4689 = LINE('',#4690,#4691);
#4690 = CARTESIAN_POINT('',(-20.475,10.3,-44.));
#4691 = VECTOR('',#4692,1.);
#4692 = DIRECTION('',(-1.,-0.,0.));
#4693 = PCURVE('',#1786,#4694);
#4694 = DEFINITIONAL_REPRESENTATION('',(#4695),#4698);
#4695 = B_SPLINE_CURVE_WITH_KNOTS('',1,(#4696,#4697),.UNSPECIFIED.,.F.,
  .F.,(2,2),(-40.425,-0.525),.PIECEWISE_BEZIER_KNOTS.);
#4696 = CARTESIAN_POINT('',(1.,40.95));
#4697 = CARTESIAN_POINT('',(1.,1.05));
#4698 = ( GEOMETRIC_REPRESENTATION_CONTEXT(2) 
PARAMETRIC_REPRESENTATION_CONTEXT() REPRESENTATION_CONTEXT('2D SPACE',''
  ) );
#4699 = PCURVE('',#181,#4700);
#4700 = DEFINITIONAL_REPRESENTATION('',(#4701),#4704);
#4701 = B_SPLINE_CURVE_WITH_KNOTS('',1,(#4702,#4703),.UNSPECIFIED.,.F.,
  .F.,(2,2),(-40.425,-0.525),.PIECEWISE_BEZIER_KNOTS.);
#4702 = CARTESIAN_POINT('',(39.9,25.56));
#4703 = CARTESIAN_POINT('',(0.,25.56));
#4704 = ( GEOMETRIC_REPRESENTATION_CONTEXT(2) 
PARAMETRIC_REPRESENTATION_CONTEXT() REPRESENTATION_CONTEXT('2D SPACE',''
  ) );
#4705 = ORIENTED_EDGE('',*,*,#1772,.T.);
#4706 = ADVANCED_FACE('',(#4707),#1736,.F.);
#4707 = FACE_BOUND('',#4708,.F.);
#4708 = EDGE_LOOP('',(#4709,#4739,#4758,#4759));
#4709 = ORIENTED_EDGE('',*,*,#4710,.F.);
#4710 = EDGE_CURVE('',#4711,#4713,#4715,.T.);
#4711 = VERTEX_POINT('',#4712);
#4712 = CARTESIAN_POINT('',(18.78,7.82,-33.40644870236));
#4713 = VERTEX_POINT('',#4714);
#4714 = CARTESIAN_POINT('',(18.78,7.82,-9.));
#4715 = SURFACE_CURVE('',#4716,(#4720,#4727),.PCURVE_S1.);
#4716 = LINE('',#4717,#4718);
#4717 = CARTESIAN_POINT('',(18.78,7.82,-44.01));
#4718 = VECTOR('',#4719,1.);
#4719 = DIRECTION('',(0.,0.,1.));
#4720 = PCURVE('',#1736,#4721);
#4721 = DEFINITIONAL_REPRESENTATION('',(#4722),#4726);
#4722 = LINE('',#4723,#4724);
#4723 = CARTESIAN_POINT('',(0.,1.44));
#4724 = VECTOR('',#4725,1.);
#4725 = DIRECTION('',(1.,0.));
#4726 = ( GEOMETRIC_REPRESENTATION_CONTEXT(2) 
PARAMETRIC_REPRESENTATION_CONTEXT() REPRESENTATION_CONTEXT('2D SPACE',''
  ) );
#4727 = PCURVE('',#4728,#4733);
#4728 = PLANE('',#4729);
#4729 = AXIS2_PLACEMENT_3D('',#4730,#4731,#4732);
#4730 = CARTESIAN_POINT('',(18.78,-7.82,-44.01));
#4731 = DIRECTION('',(1.,0.,-0.));
#4732 = DIRECTION('',(0.,0.,1.));
#4733 = DEFINITIONAL_REPRESENTATION('',(#4734),#4738);
#4734 = LINE('',#4735,#4736);
#4735 = CARTESIAN_POINT('',(0.,-15.64));
#4736 = VECTOR('',#4737,1.);
#4737 = DIRECTION('',(1.,0.));
#4738 = ( GEOMETRIC_REPRESENTATION_CONTEXT(2) 
PARAMETRIC_REPRESENTATION_CONTEXT() REPRESENTATION_CONTEXT('2D SPACE',''
  ) );
#4739 = ORIENTED_EDGE('',*,*,#4740,.F.);
#4740 = EDGE_CURVE('',#1721,#4711,#4741,.T.);
#4741 = SURFACE_CURVE('',#4742,(#4746,#4752),.PCURVE_S1.);
#4742 = LINE('',#4743,#4744);
#4743 = CARTESIAN_POINT('',(-21.,7.82,-33.40644870236));
#4744 = VECTOR('',#4745,1.);
#4745 = DIRECTION('',(1.,0.,2.22044604925E-16));
#4746 = PCURVE('',#1736,#4747);
#4747 = DEFINITIONAL_REPRESENTATION('',(#4748),#4751);
#4748 = B_SPLINE_CURVE_WITH_KNOTS('',1,(#4749,#4750),.UNSPECIFIED.,.F.,
  .F.,(2,2),(38.3499994,39.924),.PIECEWISE_BEZIER_KNOTS.);
#4749 = CARTESIAN_POINT('',(10.603551297633,9.999399999998E-03));
#4750 = CARTESIAN_POINT('',(10.603551297633,1.584));
#4751 = ( GEOMETRIC_REPRESENTATION_CONTEXT(2) 
PARAMETRIC_REPRESENTATION_CONTEXT() REPRESENTATION_CONTEXT('2D SPACE',''
  ) );
#4752 = PCURVE('',#1653,#4753);
#4753 = DEFINITIONAL_REPRESENTATION('',(#4754),#4757);
#4754 = B_SPLINE_CURVE_WITH_KNOTS('',1,(#4755,#4756),.UNSPECIFIED.,.F.,
  .F.,(2,2),(38.3499994,39.924),.PIECEWISE_BEZIER_KNOTS.);
#4755 = CARTESIAN_POINT('',(2.27947376801,38.3499994));
#4756 = CARTESIAN_POINT('',(2.27947376801,39.924));
#4757 = ( GEOMETRIC_REPRESENTATION_CONTEXT(2) 
PARAMETRIC_REPRESENTATION_CONTEXT() REPRESENTATION_CONTEXT('2D SPACE',''
  ) );
#4758 = ORIENTED_EDGE('',*,*,#1720,.T.);
#4759 = ORIENTED_EDGE('',*,*,#4760,.T.);
#4760 = EDGE_CURVE('',#1694,#4713,#4761,.T.);
#4761 = SURFACE_CURVE('',#4762,(#4766,#4772),.PCURVE_S1.);
#4762 = LINE('',#4763,#4764);
#4763 = CARTESIAN_POINT('',(8.67,7.82,-9.));
#4764 = VECTOR('',#4765,1.);
#4765 = DIRECTION('',(1.,0.,-0.));
#4766 = PCURVE('',#1736,#4767);
#4767 = DEFINITIONAL_REPRESENTATION('',(#4768),#4771);
#4768 = B_SPLINE_CURVE_WITH_KNOTS('',1,(#4769,#4770),.UNSPECIFIED.,.F.,
  .F.,(2,2),(8.68,10.11),.PIECEWISE_BEZIER_KNOTS.);
#4769 = CARTESIAN_POINT('',(35.01,9.999999999998E-03));
#4770 = CARTESIAN_POINT('',(35.01,1.44));
#4771 = ( GEOMETRIC_REPRESENTATION_CONTEXT(2) 
PARAMETRIC_REPRESENTATION_CONTEXT() REPRESENTATION_CONTEXT('2D SPACE',''
  ) );
#4772 = PCURVE('',#1709,#4773);
#4773 = DEFINITIONAL_REPRESENTATION('',(#4774),#4777);
#4774 = B_SPLINE_CURVE_WITH_KNOTS('',1,(#4775,#4776),.UNSPECIFIED.,.F.,
  .F.,(2,2),(8.68,10.11),.PIECEWISE_BEZIER_KNOTS.);
#4775 = CARTESIAN_POINT('',(17.35,7.82));
#4776 = CARTESIAN_POINT('',(18.78,7.82));
#4777 = ( GEOMETRIC_REPRESENTATION_CONTEXT(2) 
PARAMETRIC_REPRESENTATION_CONTEXT() REPRESENTATION_CONTEXT('2D SPACE',''
  ) );
#4778 = ADVANCED_FACE('',(#4779),#4728,.F.);
#4779 = FACE_BOUND('',#4780,.F.);
#4780 = EDGE_LOOP('',(#4781,#4806,#4828,#4829));
#4781 = ORIENTED_EDGE('',*,*,#4782,.F.);
#4782 = EDGE_CURVE('',#4783,#4785,#4787,.T.);
#4783 = VERTEX_POINT('',#4784);
#4784 = CARTESIAN_POINT('',(18.78,-7.82,-33.40644870236));
#4785 = VERTEX_POINT('',#4786);
#4786 = CARTESIAN_POINT('',(18.78,-7.82,-9.));
#4787 = SURFACE_CURVE('',#4788,(#4792,#4799),.PCURVE_S1.);
#4788 = LINE('',#4789,#4790);
#4789 = CARTESIAN_POINT('',(18.78,-7.82,-44.01));
#4790 = VECTOR('',#4791,1.);
#4791 = DIRECTION('',(0.,0.,1.));
#4792 = PCURVE('',#4728,#4793);
#4793 = DEFINITIONAL_REPRESENTATION('',(#4794),#4798);
#4794 = LINE('',#4795,#4796);
#4795 = CARTESIAN_POINT('',(0.,0.));
#4796 = VECTOR('',#4797,1.);
#4797 = DIRECTION('',(1.,0.));
#4798 = ( GEOMETRIC_REPRESENTATION_CONTEXT(2) 
PARAMETRIC_REPRESENTATION_CONTEXT() REPRESENTATION_CONTEXT('2D SPACE',''
  ) );
#4799 = PCURVE('',#1681,#4800);
#4800 = DEFINITIONAL_REPRESENTATION('',(#4801),#4805);
#4801 = LINE('',#4802,#4803);
#4802 = CARTESIAN_POINT('',(0.,1.44));
#4803 = VECTOR('',#4804,1.);
#4804 = DIRECTION('',(1.,0.));
#4805 = ( GEOMETRIC_REPRESENTATION_CONTEXT(2) 
PARAMETRIC_REPRESENTATION_CONTEXT() REPRESENTATION_CONTEXT('2D SPACE',''
  ) );
#4806 = ORIENTED_EDGE('',*,*,#4807,.F.);
#4807 = EDGE_CURVE('',#4711,#4783,#4808,.T.);
#4808 = SURFACE_CURVE('',#4809,(#4814,#4821),.PCURVE_S1.);
#4809 = CIRCLE('',#4810,10.3);
#4810 = AXIS2_PLACEMENT_3D('',#4811,#4812,#4813);
#4811 = CARTESIAN_POINT('',(18.78,0.,-40.11));
#4812 = DIRECTION('',(1.,0.,2.22044604925E-16));
#4813 = DIRECTION('',(2.22044604925E-16,0.,-1.));
#4814 = PCURVE('',#4728,#4815);
#4815 = DEFINITIONAL_REPRESENTATION('',(#4816),#4820);
#4816 = CIRCLE('',#4817,10.3);
#4817 = AXIS2_PLACEMENT_2D('',#4818,#4819);
#4818 = CARTESIAN_POINT('',(3.9,-7.82));
#4819 = DIRECTION('',(-1.,0.));
#4820 = ( GEOMETRIC_REPRESENTATION_CONTEXT(2) 
PARAMETRIC_REPRESENTATION_CONTEXT() REPRESENTATION_CONTEXT('2D SPACE',''
  ) );
#4821 = PCURVE('',#1653,#4822);
#4822 = DEFINITIONAL_REPRESENTATION('',(#4823),#4827);
#4823 = LINE('',#4824,#4825);
#4824 = CARTESIAN_POINT('',(0.,39.78));
#4825 = VECTOR('',#4826,1.);
#4826 = DIRECTION('',(1.,0.));
#4827 = ( GEOMETRIC_REPRESENTATION_CONTEXT(2) 
PARAMETRIC_REPRESENTATION_CONTEXT() REPRESENTATION_CONTEXT('2D SPACE',''
  ) );
#4828 = ORIENTED_EDGE('',*,*,#4710,.T.);
#4829 = ORIENTED_EDGE('',*,*,#4830,.T.);
#4830 = EDGE_CURVE('',#4713,#4785,#4831,.T.);
#4831 = SURFACE_CURVE('',#4832,(#4836,#4842),.PCURVE_S1.);
#4832 = LINE('',#4833,#4834);
#4833 = CARTESIAN_POINT('',(18.78,-3.91,-9.));
#4834 = VECTOR('',#4835,1.);
#4835 = DIRECTION('',(0.,-1.,0.));
#4836 = PCURVE('',#4728,#4837);
#4837 = DEFINITIONAL_REPRESENTATION('',(#4838),#4841);
#4838 = B_SPLINE_CURVE_WITH_KNOTS('',1,(#4839,#4840),.UNSPECIFIED.,.F.,
  .F.,(2,2),(-11.73,3.91),.PIECEWISE_BEZIER_KNOTS.);
#4839 = CARTESIAN_POINT('',(35.01,-15.64));
#4840 = CARTESIAN_POINT('',(35.01,0.));
#4841 = ( GEOMETRIC_REPRESENTATION_CONTEXT(2) 
PARAMETRIC_REPRESENTATION_CONTEXT() REPRESENTATION_CONTEXT('2D SPACE',''
  ) );
#4842 = PCURVE('',#1709,#4843);
#4843 = DEFINITIONAL_REPRESENTATION('',(#4844),#4847);
#4844 = B_SPLINE_CURVE_WITH_KNOTS('',1,(#4845,#4846),.UNSPECIFIED.,.F.,
  .F.,(2,2),(-11.73,3.91),.PIECEWISE_BEZIER_KNOTS.);
#4845 = CARTESIAN_POINT('',(18.78,7.82));
#4846 = CARTESIAN_POINT('',(18.78,-7.82));
#4847 = ( GEOMETRIC_REPRESENTATION_CONTEXT(2) 
PARAMETRIC_REPRESENTATION_CONTEXT() REPRESENTATION_CONTEXT('2D SPACE',''
  ) );
#4848 = ADVANCED_FACE('',(#4849),#1709,.F.);
#4849 = FACE_BOUND('',#4850,.F.);
#4850 = EDGE_LOOP('',(#4851,#4852,#4853,#4872));
#4851 = ORIENTED_EDGE('',*,*,#4760,.F.);
#4852 = ORIENTED_EDGE('',*,*,#1693,.F.);
#4853 = ORIENTED_EDGE('',*,*,#4854,.T.);
#4854 = EDGE_CURVE('',#1666,#4785,#4855,.T.);
#4855 = SURFACE_CURVE('',#4856,(#4860,#4866),.PCURVE_S1.);
#4856 = LINE('',#4857,#4858);
#4857 = CARTESIAN_POINT('',(8.67,-7.82,-9.));
#4858 = VECTOR('',#4859,1.);
#4859 = DIRECTION('',(1.,0.,-0.));
#4860 = PCURVE('',#1709,#4861);
#4861 = DEFINITIONAL_REPRESENTATION('',(#4862),#4865);
#4862 = B_SPLINE_CURVE_WITH_KNOTS('',1,(#4863,#4864),.UNSPECIFIED.,.F.,
  .F.,(2,2),(8.68,10.11),.PIECEWISE_BEZIER_KNOTS.);
#4863 = CARTESIAN_POINT('',(17.35,-7.82));
#4864 = CARTESIAN_POINT('',(18.78,-7.82));
#4865 = ( GEOMETRIC_REPRESENTATION_CONTEXT(2) 
PARAMETRIC_REPRESENTATION_CONTEXT() REPRESENTATION_CONTEXT('2D SPACE',''
  ) );
#4866 = PCURVE('',#1681,#4867);
#4867 = DEFINITIONAL_REPRESENTATION('',(#4868),#4871);
#4868 = B_SPLINE_CURVE_WITH_KNOTS('',1,(#4869,#4870),.UNSPECIFIED.,.F.,
  .F.,(2,2),(8.68,10.11),.PIECEWISE_BEZIER_KNOTS.);
#4869 = CARTESIAN_POINT('',(35.01,9.999999999998E-03));
#4870 = CARTESIAN_POINT('',(35.01,1.44));
#4871 = ( GEOMETRIC_REPRESENTATION_CONTEXT(2) 
PARAMETRIC_REPRESENTATION_CONTEXT() REPRESENTATION_CONTEXT('2D SPACE',''
  ) );
#4872 = ORIENTED_EDGE('',*,*,#4830,.F.);
#4873 = ADVANCED_FACE('',(#4874),#1681,.T.);
#4874 = FACE_BOUND('',#4875,.T.);
#4875 = EDGE_LOOP('',(#4876,#4877,#4896,#4897));
#4876 = ORIENTED_EDGE('',*,*,#4782,.F.);
#4877 = ORIENTED_EDGE('',*,*,#4878,.F.);
#4878 = EDGE_CURVE('',#1637,#4783,#4879,.T.);
#4879 = SURFACE_CURVE('',#4880,(#4884,#4890),.PCURVE_S1.);
#4880 = LINE('',#4881,#4882);
#4881 = CARTESIAN_POINT('',(-21.,-7.82,-33.40644870236));
#4882 = VECTOR('',#4883,1.);
#4883 = DIRECTION('',(1.,0.,2.22044604925E-16));
#4884 = PCURVE('',#1681,#4885);
#4885 = DEFINITIONAL_REPRESENTATION('',(#4886),#4889);
#4886 = B_SPLINE_CURVE_WITH_KNOTS('',1,(#4887,#4888),.UNSPECIFIED.,.F.,
  .F.,(2,2),(38.3499994,39.924),.PIECEWISE_BEZIER_KNOTS.);
#4887 = CARTESIAN_POINT('',(10.603551297633,9.999399999998E-03));
#4888 = CARTESIAN_POINT('',(10.603551297633,1.584));
#4889 = ( GEOMETRIC_REPRESENTATION_CONTEXT(2) 
PARAMETRIC_REPRESENTATION_CONTEXT() REPRESENTATION_CONTEXT('2D SPACE',''
  ) );
#4890 = PCURVE('',#1653,#4891);
#4891 = DEFINITIONAL_REPRESENTATION('',(#4892),#4895);
#4892 = B_SPLINE_CURVE_WITH_KNOTS('',1,(#4893,#4894),.UNSPECIFIED.,.F.,
  .F.,(2,2),(38.3499994,39.924),.PIECEWISE_BEZIER_KNOTS.);
#4893 = CARTESIAN_POINT('',(4.00371153917,38.3499994));
#4894 = CARTESIAN_POINT('',(4.00371153917,39.924));
#4895 = ( GEOMETRIC_REPRESENTATION_CONTEXT(2) 
PARAMETRIC_REPRESENTATION_CONTEXT() REPRESENTATION_CONTEXT('2D SPACE',''
  ) );
#4896 = ORIENTED_EDGE('',*,*,#1665,.F.);
#4897 = ORIENTED_EDGE('',*,*,#4854,.T.);
#4898 = ADVANCED_FACE('',(#4899),#1653,.F.);
#4899 = FACE_BOUND('',#4900,.F.);
#4900 = EDGE_LOOP('',(#4901,#4902,#4903,#4904,#4905,#4906,#4907,#4928));
#4901 = ORIENTED_EDGE('',*,*,#4665,.F.);
#4902 = ORIENTED_EDGE('',*,*,#1748,.T.);
#4903 = ORIENTED_EDGE('',*,*,#4740,.T.);
#4904 = ORIENTED_EDGE('',*,*,#4807,.T.);
#4905 = ORIENTED_EDGE('',*,*,#4878,.F.);
#4906 = ORIENTED_EDGE('',*,*,#1636,.T.);
#4907 = ORIENTED_EDGE('',*,*,#4908,.T.);
#4908 = EDGE_CURVE('',#1610,#2922,#4909,.T.);
#4909 = SURFACE_CURVE('',#4910,(#4914,#4921),.PCURVE_S1.);
#4910 = LINE('',#4911,#4912);
#4911 = CARTESIAN_POINT('',(-21.,-10.3,-40.11));
#4912 = VECTOR('',#4913,1.);
#4913 = DIRECTION('',(1.,0.,-0.));
#4914 = PCURVE('',#1653,#4915);
#4915 = DEFINITIONAL_REPRESENTATION('',(#4916),#4920);
#4916 = LINE('',#4917,#4918);
#4917 = CARTESIAN_POINT('',(4.712388980385,1.577721810442E-30));
#4918 = VECTOR('',#4919,1.);
#4919 = DIRECTION('',(0.,1.));
#4920 = ( GEOMETRIC_REPRESENTATION_CONTEXT(2) 
PARAMETRIC_REPRESENTATION_CONTEXT() REPRESENTATION_CONTEXT('2D SPACE',''
  ) );
#4921 = PCURVE('',#1625,#4922);
#4922 = DEFINITIONAL_REPRESENTATION('',(#4923),#4927);
#4923 = LINE('',#4924,#4925);
#4924 = CARTESIAN_POINT('',(4.89,0.));
#4925 = VECTOR('',#4926,1.);
#4926 = DIRECTION('',(0.,1.));
#4927 = ( GEOMETRIC_REPRESENTATION_CONTEXT(2) 
PARAMETRIC_REPRESENTATION_CONTEXT() REPRESENTATION_CONTEXT('2D SPACE',''
  ) );
#4928 = ORIENTED_EDGE('',*,*,#2942,.F.);
#4929 = ADVANCED_FACE('',(#4930),#1625,.T.);
#4930 = FACE_BOUND('',#4931,.T.);
#4931 = EDGE_LOOP('',(#4932,#4933,#4934,#4953));
#4932 = ORIENTED_EDGE('',*,*,#4908,.T.);
#4933 = ORIENTED_EDGE('',*,*,#2921,.F.);
#4934 = ORIENTED_EDGE('',*,*,#4935,.T.);
#4935 = EDGE_CURVE('',#2899,#1587,#4936,.T.);
#4936 = SURFACE_CURVE('',#4937,(#4941,#4947),.PCURVE_S1.);
#4937 = LINE('',#4938,#4939);
#4938 = CARTESIAN_POINT('',(-20.475,-10.3,-44.));
#4939 = VECTOR('',#4940,1.);
#4940 = DIRECTION('',(-1.,-0.,0.));
#4941 = PCURVE('',#1625,#4942);
#4942 = DEFINITIONAL_REPRESENTATION('',(#4943),#4946);
#4943 = B_SPLINE_CURVE_WITH_KNOTS('',1,(#4944,#4945),.UNSPECIFIED.,.F.,
  .F.,(2,2),(-40.425,-0.525),.PIECEWISE_BEZIER_KNOTS.);
#4944 = CARTESIAN_POINT('',(1.,40.95));
#4945 = CARTESIAN_POINT('',(1.,1.05));
#4946 = ( GEOMETRIC_REPRESENTATION_CONTEXT(2) 
PARAMETRIC_REPRESENTATION_CONTEXT() REPRESENTATION_CONTEXT('2D SPACE',''
  ) );
#4947 = PCURVE('',#72,#4948);
#4948 = DEFINITIONAL_REPRESENTATION('',(#4949),#4952);
#4949 = B_SPLINE_CURVE_WITH_KNOTS('',1,(#4950,#4951),.UNSPECIFIED.,.F.,
  .F.,(2,2),(-40.425,-0.525),.PIECEWISE_BEZIER_KNOTS.);
#4950 = CARTESIAN_POINT('',(39.9,4.96));
#4951 = CARTESIAN_POINT('',(0.,4.96));
#4952 = ( GEOMETRIC_REPRESENTATION_CONTEXT(2) 
PARAMETRIC_REPRESENTATION_CONTEXT() REPRESENTATION_CONTEXT('2D SPACE',''
  ) );
#4953 = ORIENTED_EDGE('',*,*,#1609,.T.);
#4954 = ADVANCED_FACE('',(#4955),#1475,.F.);
#4955 = FACE_BOUND('',#4956,.F.);
#4956 = EDGE_LOOP('',(#4957,#4980,#5001,#5002));
#4957 = ORIENTED_EDGE('',*,*,#4958,.F.);
#4958 = EDGE_CURVE('',#4959,#1432,#4961,.T.);
#4959 = VERTEX_POINT('',#4960);
#4960 = CARTESIAN_POINT('',(-17.35,-12.66,-2.999));
#4961 = SURFACE_CURVE('',#4962,(#4966,#4973),.PCURVE_S1.);
#4962 = LINE('',#4963,#4964);
#4963 = CARTESIAN_POINT('',(-17.35,-12.66,-2.999));
#4964 = VECTOR('',#4965,1.);
#4965 = DIRECTION('',(-0.,1.,0.));
#4966 = PCURVE('',#1475,#4967);
#4967 = DEFINITIONAL_REPRESENTATION('',(#4968),#4972);
#4968 = LINE('',#4969,#4970);
#4969 = CARTESIAN_POINT('',(0.,0.));
#4970 = VECTOR('',#4971,1.);
#4971 = DIRECTION('',(0.,1.));
#4972 = ( GEOMETRIC_REPRESENTATION_CONTEXT(2) 
PARAMETRIC_REPRESENTATION_CONTEXT() REPRESENTATION_CONTEXT('2D SPACE',''
  ) );
#4973 = PCURVE('',#1447,#4974);
#4974 = DEFINITIONAL_REPRESENTATION('',(#4975),#4979);
#4975 = LINE('',#4976,#4977);
#4976 = CARTESIAN_POINT('',(6.501,0.));
#4977 = VECTOR('',#4978,1.);
#4978 = DIRECTION('',(0.,-1.));
#4979 = ( GEOMETRIC_REPRESENTATION_CONTEXT(2) 
PARAMETRIC_REPRESENTATION_CONTEXT() REPRESENTATION_CONTEXT('2D SPACE',''
  ) );
#4980 = ORIENTED_EDGE('',*,*,#4981,.T.);
#4981 = EDGE_CURVE('',#4959,#1541,#4982,.T.);
#4982 = SURFACE_CURVE('',#4983,(#4987,#4994),.PCURVE_S1.);
#4983 = LINE('',#4984,#4985);
#4984 = CARTESIAN_POINT('',(-17.35,-12.66,-2.999));
#4985 = VECTOR('',#4986,1.);
#4986 = DIRECTION('',(1.,0.,-0.));
#4987 = PCURVE('',#1475,#4988);
#4988 = DEFINITIONAL_REPRESENTATION('',(#4989),#4993);
#4989 = LINE('',#4990,#4991);
#4990 = CARTESIAN_POINT('',(0.,0.));
#4991 = VECTOR('',#4992,1.);
#4992 = DIRECTION('',(1.,0.));
#4993 = ( GEOMETRIC_REPRESENTATION_CONTEXT(2) 
PARAMETRIC_REPRESENTATION_CONTEXT() REPRESENTATION_CONTEXT('2D SPACE',''
  ) );
#4994 = PCURVE('',#1021,#4995);
#4995 = DEFINITIONAL_REPRESENTATION('',(#4996),#5000);
#4996 = LINE('',#4997,#4998);
#4997 = CARTESIAN_POINT('',(41.001,0.));
#4998 = VECTOR('',#4999,1.);
#4999 = DIRECTION('',(0.,1.));
#5000 = ( GEOMETRIC_REPRESENTATION_CONTEXT(2) 
PARAMETRIC_REPRESENTATION_CONTEXT() REPRESENTATION_CONTEXT('2D SPACE',''
  ) );
#5001 = ORIENTED_EDGE('',*,*,#1540,.T.);
#5002 = ORIENTED_EDGE('',*,*,#1459,.F.);
#5003 = ADVANCED_FACE('',(#5004),#1447,.T.);
#5004 = FACE_BOUND('',#5005,.T.);
#5005 = EDGE_LOOP('',(#5006,#5029,#5050,#5051));
#5006 = ORIENTED_EDGE('',*,*,#5007,.F.);
#5007 = EDGE_CURVE('',#5008,#4959,#5010,.T.);
#5008 = VERTEX_POINT('',#5009);
#5009 = CARTESIAN_POINT('',(-17.35,-12.66,-9.5));
#5010 = SURFACE_CURVE('',#5011,(#5015,#5022),.PCURVE_S1.);
#5011 = LINE('',#5012,#5013);
#5012 = CARTESIAN_POINT('',(-17.35,-12.66,-9.5));
#5013 = VECTOR('',#5014,1.);
#5014 = DIRECTION('',(0.,0.,1.));
#5015 = PCURVE('',#1447,#5016);
#5016 = DEFINITIONAL_REPRESENTATION('',(#5017),#5021);
#5017 = LINE('',#5018,#5019);
#5018 = CARTESIAN_POINT('',(0.,0.));
#5019 = VECTOR('',#5020,1.);
#5020 = DIRECTION('',(1.,0.));
#5021 = ( GEOMETRIC_REPRESENTATION_CONTEXT(2) 
PARAMETRIC_REPRESENTATION_CONTEXT() REPRESENTATION_CONTEXT('2D SPACE',''
  ) );
#5022 = PCURVE('',#1021,#5023);
#5023 = DEFINITIONAL_REPRESENTATION('',(#5024),#5028);
#5024 = LINE('',#5025,#5026);
#5025 = CARTESIAN_POINT('',(34.5,0.));
#5026 = VECTOR('',#5027,1.);
#5027 = DIRECTION('',(1.,0.));
#5028 = ( GEOMETRIC_REPRESENTATION_CONTEXT(2) 
PARAMETRIC_REPRESENTATION_CONTEXT() REPRESENTATION_CONTEXT('2D SPACE',''
  ) );
#5029 = ORIENTED_EDGE('',*,*,#5030,.T.);
#5030 = EDGE_CURVE('',#5008,#1409,#5031,.T.);
#5031 = SURFACE_CURVE('',#5032,(#5036,#5043),.PCURVE_S1.);
#5032 = LINE('',#5033,#5034);
#5033 = CARTESIAN_POINT('',(-17.35,-12.66,-9.5));
#5034 = VECTOR('',#5035,1.);
#5035 = DIRECTION('',(-0.,1.,0.));
#5036 = PCURVE('',#1447,#5037);
#5037 = DEFINITIONAL_REPRESENTATION('',(#5038),#5042);
#5038 = LINE('',#5039,#5040);
#5039 = CARTESIAN_POINT('',(0.,0.));
#5040 = VECTOR('',#5041,1.);
#5041 = DIRECTION('',(0.,-1.));
#5042 = ( GEOMETRIC_REPRESENTATION_CONTEXT(2) 
PARAMETRIC_REPRESENTATION_CONTEXT() REPRESENTATION_CONTEXT('2D SPACE',''
  ) );
#5043 = PCURVE('',#994,#5044);
#5044 = DEFINITIONAL_REPRESENTATION('',(#5045),#5049);
#5045 = LINE('',#5046,#5047);
#5046 = CARTESIAN_POINT('',(0.,0.));
#5047 = VECTOR('',#5048,1.);
#5048 = DIRECTION('',(0.,1.));
#5049 = ( GEOMETRIC_REPRESENTATION_CONTEXT(2) 
PARAMETRIC_REPRESENTATION_CONTEXT() REPRESENTATION_CONTEXT('2D SPACE',''
  ) );
#5050 = ORIENTED_EDGE('',*,*,#1431,.T.);
#5051 = ORIENTED_EDGE('',*,*,#4958,.F.);
#5052 = ADVANCED_FACE('',(#5053),#994,.T.);
#5053 = FACE_BOUND('',#5054,.T.);
#5054 = EDGE_LOOP('',(#5055,#5056,#5057,#5078));
#5055 = ORIENTED_EDGE('',*,*,#1408,.F.);
#5056 = ORIENTED_EDGE('',*,*,#5030,.F.);
#5057 = ORIENTED_EDGE('',*,*,#5058,.T.);
#5058 = EDGE_CURVE('',#5008,#980,#5059,.T.);
#5059 = SURFACE_CURVE('',#5060,(#5064,#5071),.PCURVE_S1.);
#5060 = LINE('',#5061,#5062);
#5061 = CARTESIAN_POINT('',(-17.35,-12.66,-9.5));
#5062 = VECTOR('',#5063,1.);
#5063 = DIRECTION('',(1.,0.,-0.));
#5064 = PCURVE('',#994,#5065);
#5065 = DEFINITIONAL_REPRESENTATION('',(#5066),#5070);
#5066 = LINE('',#5067,#5068);
#5067 = CARTESIAN_POINT('',(0.,0.));
#5068 = VECTOR('',#5069,1.);
#5069 = DIRECTION('',(1.,0.));
#5070 = ( GEOMETRIC_REPRESENTATION_CONTEXT(2) 
PARAMETRIC_REPRESENTATION_CONTEXT() REPRESENTATION_CONTEXT('2D SPACE',''
  ) );
#5071 = PCURVE('',#1021,#5072);
#5072 = DEFINITIONAL_REPRESENTATION('',(#5073),#5077);
#5073 = LINE('',#5074,#5075);
#5074 = CARTESIAN_POINT('',(34.5,0.));
#5075 = VECTOR('',#5076,1.);
#5076 = DIRECTION('',(0.,1.));
#5077 = ( GEOMETRIC_REPRESENTATION_CONTEXT(2) 
PARAMETRIC_REPRESENTATION_CONTEXT() REPRESENTATION_CONTEXT('2D SPACE',''
  ) );
#5078 = ORIENTED_EDGE('',*,*,#979,.F.);
#5079 = ADVANCED_FACE('',(#5080),#1021,.T.);
#5080 = FACE_BOUND('',#5081,.T.);
#5081 = EDGE_LOOP('',(#5082,#5103,#5104,#5105,#5106,#5107));
#5082 = ORIENTED_EDGE('',*,*,#5083,.F.);
#5083 = EDGE_CURVE('',#1006,#1564,#5084,.T.);
#5084 = SURFACE_CURVE('',#5085,(#5089,#5096),.PCURVE_S1.);
#5085 = LINE('',#5086,#5087);
#5086 = CARTESIAN_POINT('',(-17.35,-12.66,-44.));
#5087 = VECTOR('',#5088,1.);
#5088 = DIRECTION('',(1.,0.,-0.));
#5089 = PCURVE('',#1021,#5090);
#5090 = DEFINITIONAL_REPRESENTATION('',(#5091),#5095);
#5091 = LINE('',#5092,#5093);
#5092 = CARTESIAN_POINT('',(0.,0.));
#5093 = VECTOR('',#5094,1.);
#5094 = DIRECTION('',(0.,1.));
#5095 = ( GEOMETRIC_REPRESENTATION_CONTEXT(2) 
PARAMETRIC_REPRESENTATION_CONTEXT() REPRESENTATION_CONTEXT('2D SPACE',''
  ) );
#5096 = PCURVE('',#72,#5097);
#5097 = DEFINITIONAL_REPRESENTATION('',(#5098),#5102);
#5098 = LINE('',#5099,#5100);
#5099 = CARTESIAN_POINT('',(2.6,2.6));
#5100 = VECTOR('',#5101,1.);
#5101 = DIRECTION('',(1.,0.));
#5102 = ( GEOMETRIC_REPRESENTATION_CONTEXT(2) 
PARAMETRIC_REPRESENTATION_CONTEXT() REPRESENTATION_CONTEXT('2D SPACE',''
  ) );
#5103 = ORIENTED_EDGE('',*,*,#1005,.T.);
#5104 = ORIENTED_EDGE('',*,*,#5058,.F.);
#5105 = ORIENTED_EDGE('',*,*,#5007,.T.);
#5106 = ORIENTED_EDGE('',*,*,#4981,.T.);
#5107 = ORIENTED_EDGE('',*,*,#1563,.F.);
#5108 = ADVANCED_FACE('',(#5109),#1071,.T.);
#5109 = FACE_BOUND('',#5110,.T.);
#5110 = EDGE_LOOP('',(#5111,#5112,#5133,#5161));
#5111 = ORIENTED_EDGE('',*,*,#1056,.F.);
#5112 = ORIENTED_EDGE('',*,*,#5113,.T.);
#5113 = EDGE_CURVE('',#1034,#5114,#5116,.T.);
#5114 = VERTEX_POINT('',#5115);
#5115 = CARTESIAN_POINT('',(-16.95,-11.1,-44.));
#5116 = SURFACE_CURVE('',#5117,(#5121,#5127),.PCURVE_S1.);
#5117 = LINE('',#5118,#5119);
#5118 = CARTESIAN_POINT('',(-18.45,-11.1,-44.));
#5119 = VECTOR('',#5120,1.);
#5120 = DIRECTION('',(-1.,-0.,0.));
#5121 = PCURVE('',#1071,#5122);
#5122 = DEFINITIONAL_REPRESENTATION('',(#5123),#5126);
#5123 = B_SPLINE_CURVE_WITH_KNOTS('',1,(#5124,#5125),.UNSPECIFIED.,.F.,
  .F.,(2,2),(-3.56,-1.5),.PIECEWISE_BEZIER_KNOTS.);
#5124 = CARTESIAN_POINT('',(1.,2.06));
#5125 = CARTESIAN_POINT('',(1.,0.));
#5126 = ( GEOMETRIC_REPRESENTATION_CONTEXT(2) 
PARAMETRIC_REPRESENTATION_CONTEXT() REPRESENTATION_CONTEXT('2D SPACE',''
  ) );
#5127 = PCURVE('',#72,#5128);
#5128 = DEFINITIONAL_REPRESENTATION('',(#5129),#5132);
#5129 = B_SPLINE_CURVE_WITH_KNOTS('',1,(#5130,#5131),.UNSPECIFIED.,.F.,
  .F.,(2,2),(-3.56,-1.5),.PIECEWISE_BEZIER_KNOTS.);
#5130 = CARTESIAN_POINT('',(5.06,4.16));
#5131 = CARTESIAN_POINT('',(3.,4.16));
#5132 = ( GEOMETRIC_REPRESENTATION_CONTEXT(2) 
PARAMETRIC_REPRESENTATION_CONTEXT() REPRESENTATION_CONTEXT('2D SPACE',''
  ) );
#5133 = ORIENTED_EDGE('',*,*,#5134,.T.);
#5134 = EDGE_CURVE('',#5114,#5135,#5137,.T.);
#5135 = VERTEX_POINT('',#5136);
#5136 = CARTESIAN_POINT('',(-16.95,-11.1,-33.01060966544));
#5137 = SURFACE_CURVE('',#5138,(#5142,#5149),.PCURVE_S1.);
#5138 = LINE('',#5139,#5140);
#5139 = CARTESIAN_POINT('',(-16.95,-11.1,-45.));
#5140 = VECTOR('',#5141,1.);
#5141 = DIRECTION('',(0.,0.,1.));
#5142 = PCURVE('',#1071,#5143);
#5143 = DEFINITIONAL_REPRESENTATION('',(#5144),#5148);
#5144 = LINE('',#5145,#5146);
#5145 = CARTESIAN_POINT('',(0.,0.));
#5146 = VECTOR('',#5147,1.);
#5147 = DIRECTION('',(1.,0.));
#5148 = ( GEOMETRIC_REPRESENTATION_CONTEXT(2) 
PARAMETRIC_REPRESENTATION_CONTEXT() REPRESENTATION_CONTEXT('2D SPACE',''
  ) );
#5149 = PCURVE('',#5150,#5155);
#5150 = PLANE('',#5151);
#5151 = AXIS2_PLACEMENT_3D('',#5152,#5153,#5154);
#5152 = CARTESIAN_POINT('',(-16.95,-11.1,-45.));
#5153 = DIRECTION('',(1.,0.,-0.));
#5154 = DIRECTION('',(0.,0.,1.));
#5155 = DEFINITIONAL_REPRESENTATION('',(#5156),#5160);
#5156 = LINE('',#5157,#5158);
#5157 = CARTESIAN_POINT('',(0.,0.));
#5158 = VECTOR('',#5159,1.);
#5159 = DIRECTION('',(1.,0.));
#5160 = ( GEOMETRIC_REPRESENTATION_CONTEXT(2) 
PARAMETRIC_REPRESENTATION_CONTEXT() REPRESENTATION_CONTEXT('2D SPACE',''
  ) );
#5161 = ORIENTED_EDGE('',*,*,#5162,.F.);
#5162 = EDGE_CURVE('',#1057,#5135,#5163,.T.);
#5163 = SURFACE_CURVE('',#5164,(#5168,#5174),.PCURVE_S1.);
#5164 = LINE('',#5165,#5166);
#5165 = CARTESIAN_POINT('',(-18.975,-11.1,-33.01060966544));
#5166 = VECTOR('',#5167,1.);
#5167 = DIRECTION('',(-1.,0.,0.));
#5168 = PCURVE('',#1071,#5169);
#5169 = DEFINITIONAL_REPRESENTATION('',(#5170),#5173);
#5170 = B_SPLINE_CURVE_WITH_KNOTS('',1,(#5171,#5172),.UNSPECIFIED.,.F.,
  .F.,(2,2),(-4.075,-2.025),.PIECEWISE_BEZIER_KNOTS.);
#5171 = CARTESIAN_POINT('',(11.989390334559,2.05));
#5172 = CARTESIAN_POINT('',(11.989390334559,0.));
#5173 = ( GEOMETRIC_REPRESENTATION_CONTEXT(2) 
PARAMETRIC_REPRESENTATION_CONTEXT() REPRESENTATION_CONTEXT('2D SPACE',''
  ) );
#5174 = PCURVE('',#1097,#5175);
#5175 = DEFINITIONAL_REPRESENTATION('',(#5176),#5179);
#5176 = B_SPLINE_CURVE_WITH_KNOTS('',1,(#5177,#5178),.UNSPECIFIED.,.F.,
  .F.,(2,2),(-4.075,-2.025),.PIECEWISE_BEZIER_KNOTS.);
#5177 = CARTESIAN_POINT('',(1.697918471983,6.1));
#5178 = CARTESIAN_POINT('',(1.697918471983,4.05));
#5179 = ( GEOMETRIC_REPRESENTATION_CONTEXT(2) 
PARAMETRIC_REPRESENTATION_CONTEXT() REPRESENTATION_CONTEXT('2D SPACE',''
  ) );
#5180 = ADVANCED_FACE('',(#5181),#5150,.T.);
#5181 = FACE_BOUND('',#5182,.T.);
#5182 = EDGE_LOOP('',(#5183,#5184,#5205,#5226,#5250,#5271,#5292,#5315,
    #5336,#5362,#5388,#5414,#5438,#5461,#5482,#5505,#5529,#5555,#5581,
    #5607));
#5183 = ORIENTED_EDGE('',*,*,#5134,.F.);
#5184 = ORIENTED_EDGE('',*,*,#5185,.T.);
#5185 = EDGE_CURVE('',#5114,#5186,#5188,.T.);
#5186 = VERTEX_POINT('',#5187);
#5187 = CARTESIAN_POINT('',(-16.95,-10.3,-44.));
#5188 = SURFACE_CURVE('',#5189,(#5193,#5199),.PCURVE_S1.);
#5189 = LINE('',#5190,#5191);
#5190 = CARTESIAN_POINT('',(-16.95,-13.18,-44.));
#5191 = VECTOR('',#5192,1.);
#5192 = DIRECTION('',(-0.,1.,0.));
#5193 = PCURVE('',#5150,#5194);
#5194 = DEFINITIONAL_REPRESENTATION('',(#5195),#5198);
#5195 = B_SPLINE_CURVE_WITH_KNOTS('',1,(#5196,#5197),.UNSPECIFIED.,.F.,
  .F.,(2,2),(2.08,24.28),.PIECEWISE_BEZIER_KNOTS.);
#5196 = CARTESIAN_POINT('',(1.,0.));
#5197 = CARTESIAN_POINT('',(1.,-22.2));
#5198 = ( GEOMETRIC_REPRESENTATION_CONTEXT(2) 
PARAMETRIC_REPRESENTATION_CONTEXT() REPRESENTATION_CONTEXT('2D SPACE',''
  ) );
#5199 = PCURVE('',#72,#5200);
#5200 = DEFINITIONAL_REPRESENTATION('',(#5201),#5204);
#5201 = B_SPLINE_CURVE_WITH_KNOTS('',1,(#5202,#5203),.UNSPECIFIED.,.F.,
  .F.,(2,2),(2.08,24.28),.PIECEWISE_BEZIER_KNOTS.);
#5202 = CARTESIAN_POINT('',(3.,4.16));
#5203 = CARTESIAN_POINT('',(3.,26.36));
#5204 = ( GEOMETRIC_REPRESENTATION_CONTEXT(2) 
PARAMETRIC_REPRESENTATION_CONTEXT() REPRESENTATION_CONTEXT('2D SPACE',''
  ) );
#5205 = ORIENTED_EDGE('',*,*,#5206,.T.);
#5206 = EDGE_CURVE('',#5186,#5207,#5209,.T.);
#5207 = VERTEX_POINT('',#5208);
#5208 = CARTESIAN_POINT('',(-16.95,-10.3,-40.11));
#5209 = SURFACE_CURVE('',#5210,(#5214,#5220),.PCURVE_S1.);
#5210 = LINE('',#5211,#5212);
#5211 = CARTESIAN_POINT('',(-16.95,-10.3,-45.));
#5212 = VECTOR('',#5213,1.);
#5213 = DIRECTION('',(0.,0.,1.));
#5214 = PCURVE('',#5150,#5215);
#5215 = DEFINITIONAL_REPRESENTATION('',(#5216),#5219);
#5216 = B_SPLINE_CURVE_WITH_KNOTS('',1,(#5217,#5218),.UNSPECIFIED.,.F.,
  .F.,(2,2),(1.,4.89),.PIECEWISE_BEZIER_KNOTS.);
#5217 = CARTESIAN_POINT('',(1.,-0.8));
#5218 = CARTESIAN_POINT('',(4.89,-0.8));
#5219 = ( GEOMETRIC_REPRESENTATION_CONTEXT(2) 
PARAMETRIC_REPRESENTATION_CONTEXT() REPRESENTATION_CONTEXT('2D SPACE',''
  ) );
#5220 = PCURVE('',#99,#5221);
#5221 = DEFINITIONAL_REPRESENTATION('',(#5222),#5225);
#5222 = B_SPLINE_CURVE_WITH_KNOTS('',1,(#5223,#5224),.UNSPECIFIED.,.F.,
  .F.,(2,2),(1.,4.89),.PIECEWISE_BEZIER_KNOTS.);
#5223 = CARTESIAN_POINT('',(1.,4.05));
#5224 = CARTESIAN_POINT('',(4.89,4.05));
#5225 = ( GEOMETRIC_REPRESENTATION_CONTEXT(2) 
PARAMETRIC_REPRESENTATION_CONTEXT() REPRESENTATION_CONTEXT('2D SPACE',''
  ) );
#5226 = ORIENTED_EDGE('',*,*,#5227,.F.);
#5227 = EDGE_CURVE('',#5228,#5207,#5230,.T.);
#5228 = VERTEX_POINT('',#5229);
#5229 = CARTESIAN_POINT('',(-16.95,10.3,-40.11));
#5230 = SURFACE_CURVE('',#5231,(#5236,#5243),.PCURVE_S1.);
#5231 = CIRCLE('',#5232,10.3);
#5232 = AXIS2_PLACEMENT_3D('',#5233,#5234,#5235);
#5233 = CARTESIAN_POINT('',(-16.95,0.,-40.11));
#5234 = DIRECTION('',(1.,0.,2.22044604925E-16));
#5235 = DIRECTION('',(2.22044604925E-16,0.,-1.));
#5236 = PCURVE('',#5150,#5237);
#5237 = DEFINITIONAL_REPRESENTATION('',(#5238),#5242);
#5238 = CIRCLE('',#5239,10.3);
#5239 = AXIS2_PLACEMENT_2D('',#5240,#5241);
#5240 = CARTESIAN_POINT('',(4.89,-11.1));
#5241 = DIRECTION('',(-1.,0.));
#5242 = ( GEOMETRIC_REPRESENTATION_CONTEXT(2) 
PARAMETRIC_REPRESENTATION_CONTEXT() REPRESENTATION_CONTEXT('2D SPACE',''
  ) );
#5243 = PCURVE('',#127,#5244);
#5244 = DEFINITIONAL_REPRESENTATION('',(#5245),#5249);
#5245 = LINE('',#5246,#5247);
#5246 = CARTESIAN_POINT('',(0.,4.05));
#5247 = VECTOR('',#5248,1.);
#5248 = DIRECTION('',(1.,0.));
#5249 = ( GEOMETRIC_REPRESENTATION_CONTEXT(2) 
PARAMETRIC_REPRESENTATION_CONTEXT() REPRESENTATION_CONTEXT('2D SPACE',''
  ) );
#5250 = ORIENTED_EDGE('',*,*,#5251,.F.);
#5251 = EDGE_CURVE('',#5252,#5228,#5254,.T.);
#5252 = VERTEX_POINT('',#5253);
#5253 = CARTESIAN_POINT('',(-16.95,10.3,-44.));
#5254 = SURFACE_CURVE('',#5255,(#5259,#5265),.PCURVE_S1.);
#5255 = LINE('',#5256,#5257);
#5256 = CARTESIAN_POINT('',(-16.95,10.3,-45.));
#5257 = VECTOR('',#5258,1.);
#5258 = DIRECTION('',(0.,0.,1.));
#5259 = PCURVE('',#5150,#5260);
#5260 = DEFINITIONAL_REPRESENTATION('',(#5261),#5264);
#5261 = B_SPLINE_CURVE_WITH_KNOTS('',1,(#5262,#5263),.UNSPECIFIED.,.F.,
  .F.,(2,2),(1.,4.89),.PIECEWISE_BEZIER_KNOTS.);
#5262 = CARTESIAN_POINT('',(1.,-21.4));
#5263 = CARTESIAN_POINT('',(4.89,-21.4));
#5264 = ( GEOMETRIC_REPRESENTATION_CONTEXT(2) 
PARAMETRIC_REPRESENTATION_CONTEXT() REPRESENTATION_CONTEXT('2D SPACE',''
  ) );
#5265 = PCURVE('',#154,#5266);
#5266 = DEFINITIONAL_REPRESENTATION('',(#5267),#5270);
#5267 = B_SPLINE_CURVE_WITH_KNOTS('',1,(#5268,#5269),.UNSPECIFIED.,.F.,
  .F.,(2,2),(1.,4.89),.PIECEWISE_BEZIER_KNOTS.);
#5268 = CARTESIAN_POINT('',(1.,4.05));
#5269 = CARTESIAN_POINT('',(4.89,4.05));
#5270 = ( GEOMETRIC_REPRESENTATION_CONTEXT(2) 
PARAMETRIC_REPRESENTATION_CONTEXT() REPRESENTATION_CONTEXT('2D SPACE',''
  ) );
#5271 = ORIENTED_EDGE('',*,*,#5272,.T.);
#5272 = EDGE_CURVE('',#5252,#5273,#5275,.T.);
#5273 = VERTEX_POINT('',#5274);
#5274 = CARTESIAN_POINT('',(-16.95,11.1,-44.));
#5275 = SURFACE_CURVE('',#5276,(#5280,#5286),.PCURVE_S1.);
#5276 = LINE('',#5277,#5278);
#5277 = CARTESIAN_POINT('',(-16.95,-13.18,-44.));
#5278 = VECTOR('',#5279,1.);
#5279 = DIRECTION('',(-0.,1.,0.));
#5280 = PCURVE('',#5150,#5281);
#5281 = DEFINITIONAL_REPRESENTATION('',(#5282),#5285);
#5282 = B_SPLINE_CURVE_WITH_KNOTS('',1,(#5283,#5284),.UNSPECIFIED.,.F.,
  .F.,(2,2),(2.08,24.28),.PIECEWISE_BEZIER_KNOTS.);
#5283 = CARTESIAN_POINT('',(1.,0.));
#5284 = CARTESIAN_POINT('',(1.,-22.2));
#5285 = ( GEOMETRIC_REPRESENTATION_CONTEXT(2) 
PARAMETRIC_REPRESENTATION_CONTEXT() REPRESENTATION_CONTEXT('2D SPACE',''
  ) );
#5286 = PCURVE('',#181,#5287);
#5287 = DEFINITIONAL_REPRESENTATION('',(#5288),#5291);
#5288 = B_SPLINE_CURVE_WITH_KNOTS('',1,(#5289,#5290),.UNSPECIFIED.,.F.,
  .F.,(2,2),(2.08,24.28),.PIECEWISE_BEZIER_KNOTS.);
#5289 = CARTESIAN_POINT('',(3.,4.16));
#5290 = CARTESIAN_POINT('',(3.,26.36));
#5291 = ( GEOMETRIC_REPRESENTATION_CONTEXT(2) 
PARAMETRIC_REPRESENTATION_CONTEXT() REPRESENTATION_CONTEXT('2D SPACE',''
  ) );
#5292 = ORIENTED_EDGE('',*,*,#5293,.T.);
#5293 = EDGE_CURVE('',#5273,#5294,#5296,.T.);
#5294 = VERTEX_POINT('',#5295);
#5295 = CARTESIAN_POINT('',(-16.95,11.1,-33.01060966544));
#5296 = SURFACE_CURVE('',#5297,(#5301,#5308),.PCURVE_S1.);
#5297 = LINE('',#5298,#5299);
#5298 = CARTESIAN_POINT('',(-16.95,11.1,-45.));
#5299 = VECTOR('',#5300,1.);
#5300 = DIRECTION('',(0.,0.,1.));
#5301 = PCURVE('',#5150,#5302);
#5302 = DEFINITIONAL_REPRESENTATION('',(#5303),#5307);
#5303 = LINE('',#5304,#5305);
#5304 = CARTESIAN_POINT('',(0.,-22.2));
#5305 = VECTOR('',#5306,1.);
#5306 = DIRECTION('',(1.,0.));
#5307 = ( GEOMETRIC_REPRESENTATION_CONTEXT(2) 
PARAMETRIC_REPRESENTATION_CONTEXT() REPRESENTATION_CONTEXT('2D SPACE',''
  ) );
#5308 = PCURVE('',#917,#5309);
#5309 = DEFINITIONAL_REPRESENTATION('',(#5310),#5314);
#5310 = LINE('',#5311,#5312);
#5311 = CARTESIAN_POINT('',(0.,0.));
#5312 = VECTOR('',#5313,1.);
#5313 = DIRECTION('',(1.,0.));
#5314 = ( GEOMETRIC_REPRESENTATION_CONTEXT(2) 
PARAMETRIC_REPRESENTATION_CONTEXT() REPRESENTATION_CONTEXT('2D SPACE',''
  ) );
#5315 = ORIENTED_EDGE('',*,*,#5316,.F.);
#5316 = EDGE_CURVE('',#5317,#5294,#5319,.T.);
#5317 = VERTEX_POINT('',#5318);
#5318 = CARTESIAN_POINT('',(-16.95,10.850609665441,-33.26));
#5319 = SURFACE_CURVE('',#5320,(#5324,#5330),.PCURVE_S1.);
#5320 = LINE('',#5321,#5322);
#5321 = CARTESIAN_POINT('',(-16.95,3.152957249081,-40.95765241636));
#5322 = VECTOR('',#5323,1.);
#5323 = DIRECTION('',(0.,0.707106781187,0.707106781187));
#5324 = PCURVE('',#5150,#5325);
#5325 = DEFINITIONAL_REPRESENTATION('',(#5326),#5329);
#5326 = B_SPLINE_CURVE_WITH_KNOTS('',1,(#5327,#5328),.UNSPECIFIED.,.F.,
  .F.,(2,2),(10.886124445651,11.238815639109),.PIECEWISE_BEZIER_KNOTS.);
#5327 = CARTESIAN_POINT('',(11.74,-21.95060966544));
#5328 = CARTESIAN_POINT('',(11.989390334559,-22.2));
#5329 = ( GEOMETRIC_REPRESENTATION_CONTEXT(2) 
PARAMETRIC_REPRESENTATION_CONTEXT() REPRESENTATION_CONTEXT('2D SPACE',''
  ) );
#5330 = PCURVE('',#1370,#5331);
#5331 = DEFINITIONAL_REPRESENTATION('',(#5332),#5335);
#5332 = B_SPLINE_CURVE_WITH_KNOTS('',1,(#5333,#5334),.UNSPECIFIED.,.F.,
  .F.,(2,2),(10.886124445651,11.238815639109),.PIECEWISE_BEZIER_KNOTS.);
#5333 = CARTESIAN_POINT('',(4.05,2.050609665441));
#5334 = CARTESIAN_POINT('',(4.05,1.697918471983));
#5335 = ( GEOMETRIC_REPRESENTATION_CONTEXT(2) 
PARAMETRIC_REPRESENTATION_CONTEXT() REPRESENTATION_CONTEXT('2D SPACE',''
  ) );
#5336 = ORIENTED_EDGE('',*,*,#5337,.F.);
#5337 = EDGE_CURVE('',#5338,#5317,#5340,.T.);
#5338 = VERTEX_POINT('',#5339);
#5339 = CARTESIAN_POINT('',(-16.95,9.649390334559,-33.26));
#5340 = SURFACE_CURVE('',#5341,(#5345,#5351),.PCURVE_S1.);
#5341 = LINE('',#5342,#5343);
#5342 = CARTESIAN_POINT('',(-16.95,0.3,-33.26));
#5343 = VECTOR('',#5344,1.);
#5344 = DIRECTION('',(-0.,1.,-1.224646799147E-16));
#5345 = PCURVE('',#5150,#5346);
#5346 = DEFINITIONAL_REPRESENTATION('',(#5347),#5350);
#5347 = B_SPLINE_CURVE_WITH_KNOTS('',1,(#5348,#5349),.UNSPECIFIED.,.F.,
  .F.,(2,2),(9.349390334559,10.550609665441),.PIECEWISE_BEZIER_KNOTS.);
#5348 = CARTESIAN_POINT('',(11.74,-20.74939033455));
#5349 = CARTESIAN_POINT('',(11.74,-21.95060966544));
#5350 = ( GEOMETRIC_REPRESENTATION_CONTEXT(2) 
PARAMETRIC_REPRESENTATION_CONTEXT() REPRESENTATION_CONTEXT('2D SPACE',''
  ) );
#5351 = PCURVE('',#5352,#5357);
#5352 = PLANE('',#5353);
#5353 = AXIS2_PLACEMENT_3D('',#5354,#5355,#5356);
#5354 = CARTESIAN_POINT('',(-21.,11.7,-33.26));
#5355 = DIRECTION('',(0.,-1.224646799147E-16,-1.));
#5356 = DIRECTION('',(1.,0.,0.));
#5357 = DEFINITIONAL_REPRESENTATION('',(#5358),#5361);
#5358 = B_SPLINE_CURVE_WITH_KNOTS('',1,(#5359,#5360),.UNSPECIFIED.,.F.,
  .F.,(2,2),(9.349390334559,10.550609665441),.PIECEWISE_BEZIER_KNOTS.);
#5359 = CARTESIAN_POINT('',(4.05,2.050609665441));
#5360 = CARTESIAN_POINT('',(4.05,0.849390334559));
#5361 = ( GEOMETRIC_REPRESENTATION_CONTEXT(2) 
PARAMETRIC_REPRESENTATION_CONTEXT() REPRESENTATION_CONTEXT('2D SPACE',''
  ) );
#5362 = ORIENTED_EDGE('',*,*,#5363,.F.);
#5363 = EDGE_CURVE('',#5364,#5338,#5366,.T.);
#5364 = VERTEX_POINT('',#5365);
#5365 = CARTESIAN_POINT('',(-16.95,8.8,-32.41060966544));
#5366 = SURFACE_CURVE('',#5367,(#5371,#5377),.PCURVE_S1.);
#5367 = LINE('',#5368,#5369);
#5368 = CARTESIAN_POINT('',(-16.95,6.672042750919,-30.28265241636));
#5369 = VECTOR('',#5370,1.);
#5370 = DIRECTION('',(-0.,0.707106781187,-0.707106781187));
#5371 = PCURVE('',#5150,#5372);
#5372 = DEFINITIONAL_REPRESENTATION('',(#5373),#5376);
#5373 = B_SPLINE_CURVE_WITH_KNOTS('',1,(#5374,#5375),.UNSPECIFIED.,.F.,
  .F.,(2,2),(3.0093860018,4.210605332682),.PIECEWISE_BEZIER_KNOTS.);
#5374 = CARTESIAN_POINT('',(12.589390334559,-19.9));
#5375 = CARTESIAN_POINT('',(11.74,-20.74939033455));
#5376 = ( GEOMETRIC_REPRESENTATION_CONTEXT(2) 
PARAMETRIC_REPRESENTATION_CONTEXT() REPRESENTATION_CONTEXT('2D SPACE',''
  ) );
#5377 = PCURVE('',#5378,#5383);
#5378 = PLANE('',#5379);
#5379 = AXIS2_PLACEMENT_3D('',#5380,#5381,#5382);
#5380 = CARTESIAN_POINT('',(-21.,8.199390334559,-31.81));
#5381 = DIRECTION('',(0.,-0.707106781187,-0.707106781187));
#5382 = DIRECTION('',(0.,0.707106781187,-0.707106781187));
#5383 = DEFINITIONAL_REPRESENTATION('',(#5384),#5387);
#5384 = B_SPLINE_CURVE_WITH_KNOTS('',1,(#5385,#5386),.UNSPECIFIED.,.F.,
  .F.,(2,2),(3.0093860018,4.210605332682),.PIECEWISE_BEZIER_KNOTS.);
#5385 = CARTESIAN_POINT('',(0.849390334559,4.05));
#5386 = CARTESIAN_POINT('',(2.050609665441,4.05));
#5387 = ( GEOMETRIC_REPRESENTATION_CONTEXT(2) 
PARAMETRIC_REPRESENTATION_CONTEXT() REPRESENTATION_CONTEXT('2D SPACE',''
  ) );
#5388 = ORIENTED_EDGE('',*,*,#5389,.F.);
#5389 = EDGE_CURVE('',#5390,#5364,#5392,.T.);
#5390 = VERTEX_POINT('',#5391);
#5391 = CARTESIAN_POINT('',(-16.95,8.8,-31.81));
#5392 = SURFACE_CURVE('',#5393,(#5397,#5403),.PCURVE_S1.);
#5393 = LINE('',#5394,#5395);
#5394 = CARTESIAN_POINT('',(-16.95,8.8,-38.405));
#5395 = VECTOR('',#5396,1.);
#5396 = DIRECTION('',(0.,-1.224646799147E-16,-1.));
#5397 = PCURVE('',#5150,#5398);
#5398 = DEFINITIONAL_REPRESENTATION('',(#5399),#5402);
#5399 = B_SPLINE_CURVE_WITH_KNOTS('',1,(#5400,#5401),.UNSPECIFIED.,.F.,
  .F.,(2,2),(-6.595,-5.994390334559),.PIECEWISE_BEZIER_KNOTS.);
#5400 = CARTESIAN_POINT('',(13.19,-19.9));
#5401 = CARTESIAN_POINT('',(12.589390334559,-19.9));
#5402 = ( GEOMETRIC_REPRESENTATION_CONTEXT(2) 
PARAMETRIC_REPRESENTATION_CONTEXT() REPRESENTATION_CONTEXT('2D SPACE',''
  ) );
#5403 = PCURVE('',#5404,#5409);
#5404 = PLANE('',#5405);
#5405 = AXIS2_PLACEMENT_3D('',#5406,#5407,#5408);
#5406 = CARTESIAN_POINT('',(-21.,8.8,-31.81));
#5407 = DIRECTION('',(0.,-1.,1.224646799147E-16));
#5408 = DIRECTION('',(0.,-1.224646799147E-16,-1.));
#5409 = DEFINITIONAL_REPRESENTATION('',(#5410),#5413);
#5410 = B_SPLINE_CURVE_WITH_KNOTS('',1,(#5411,#5412),.UNSPECIFIED.,.F.,
  .F.,(2,2),(-6.595,-5.994390334559),.PIECEWISE_BEZIER_KNOTS.);
#5411 = CARTESIAN_POINT('',(0.,4.05));
#5412 = CARTESIAN_POINT('',(0.600609665441,4.05));
#5413 = ( GEOMETRIC_REPRESENTATION_CONTEXT(2) 
PARAMETRIC_REPRESENTATION_CONTEXT() REPRESENTATION_CONTEXT('2D SPACE',''
  ) );
#5414 = ORIENTED_EDGE('',*,*,#5415,.F.);
#5415 = EDGE_CURVE('',#5416,#5390,#5418,.T.);
#5416 = VERTEX_POINT('',#5417);
#5417 = CARTESIAN_POINT('',(-16.95,11.1,-30.63526598755));
#5418 = SURFACE_CURVE('',#5419,(#5424,#5431),.PCURVE_S1.);
#5419 = CIRCLE('',#5420,1.45);
#5420 = AXIS2_PLACEMENT_3D('',#5421,#5422,#5423);
#5421 = CARTESIAN_POINT('',(-16.95,10.25,-31.81));
#5422 = DIRECTION('',(1.,-2.719262146894E-32,-2.22044604925E-16));
#5423 = DIRECTION('',(2.22044604925E-16,1.224646799147E-16,1.));
#5424 = PCURVE('',#5150,#5425);
#5425 = DEFINITIONAL_REPRESENTATION('',(#5426),#5430);
#5426 = CIRCLE('',#5427,1.45);
#5427 = AXIS2_PLACEMENT_2D('',#5428,#5429);
#5428 = CARTESIAN_POINT('',(13.19,-21.35));
#5429 = DIRECTION('',(1.,-1.224646799147E-16));
#5430 = ( GEOMETRIC_REPRESENTATION_CONTEXT(2) 
PARAMETRIC_REPRESENTATION_CONTEXT() REPRESENTATION_CONTEXT('2D SPACE',''
  ) );
#5431 = PCURVE('',#1319,#5432);
#5432 = DEFINITIONAL_REPRESENTATION('',(#5433),#5437);
#5433 = LINE('',#5434,#5435);
#5434 = CARTESIAN_POINT('',(0.,4.05));
#5435 = VECTOR('',#5436,1.);
#5436 = DIRECTION('',(1.,0.));
#5437 = ( GEOMETRIC_REPRESENTATION_CONTEXT(2) 
PARAMETRIC_REPRESENTATION_CONTEXT() REPRESENTATION_CONTEXT('2D SPACE',''
  ) );
#5438 = ORIENTED_EDGE('',*,*,#5439,.T.);
#5439 = EDGE_CURVE('',#5416,#5440,#5442,.T.);
#5440 = VERTEX_POINT('',#5441);
#5441 = CARTESIAN_POINT('',(-16.95,11.1,-28.81));
#5442 = SURFACE_CURVE('',#5443,(#5447,#5454),.PCURVE_S1.);
#5443 = LINE('',#5444,#5445);
#5444 = CARTESIAN_POINT('',(-16.95,11.1,-45.));
#5445 = VECTOR('',#5446,1.);
#5446 = DIRECTION('',(0.,0.,1.));
#5447 = PCURVE('',#5150,#5448);
#5448 = DEFINITIONAL_REPRESENTATION('',(#5449),#5453);
#5449 = LINE('',#5450,#5451);
#5450 = CARTESIAN_POINT('',(0.,-22.2));
#5451 = VECTOR('',#5452,1.);
#5452 = DIRECTION('',(1.,0.));
#5453 = ( GEOMETRIC_REPRESENTATION_CONTEXT(2) 
PARAMETRIC_REPRESENTATION_CONTEXT() REPRESENTATION_CONTEXT('2D SPACE',''
  ) );
#5454 = PCURVE('',#1291,#5455);
#5455 = DEFINITIONAL_REPRESENTATION('',(#5456),#5460);
#5456 = LINE('',#5457,#5458);
#5457 = CARTESIAN_POINT('',(0.,0.));
#5458 = VECTOR('',#5459,1.);
#5459 = DIRECTION('',(1.,0.));
#5460 = ( GEOMETRIC_REPRESENTATION_CONTEXT(2) 
PARAMETRIC_REPRESENTATION_CONTEXT() REPRESENTATION_CONTEXT('2D SPACE',''
  ) );
#5461 = ORIENTED_EDGE('',*,*,#5462,.T.);
#5462 = EDGE_CURVE('',#5440,#5463,#5465,.T.);
#5463 = VERTEX_POINT('',#5464);
#5464 = CARTESIAN_POINT('',(-16.95,-11.1,-28.81));
#5465 = SURFACE_CURVE('',#5466,(#5470,#5476),.PCURVE_S1.);
#5466 = LINE('',#5467,#5468);
#5467 = CARTESIAN_POINT('',(-16.95,-11.25,-28.81));
#5468 = VECTOR('',#5469,1.);
#5469 = DIRECTION('',(0.,-1.,0.));
#5470 = PCURVE('',#5150,#5471);
#5471 = DEFINITIONAL_REPRESENTATION('',(#5472),#5475);
#5472 = B_SPLINE_CURVE_WITH_KNOTS('',1,(#5473,#5474),.UNSPECIFIED.,.F.,
  .F.,(2,2),(-22.35,-0.15),.PIECEWISE_BEZIER_KNOTS.);
#5473 = CARTESIAN_POINT('',(16.19,-22.2));
#5474 = CARTESIAN_POINT('',(16.19,5.440092820663E-14));
#5475 = ( GEOMETRIC_REPRESENTATION_CONTEXT(2) 
PARAMETRIC_REPRESENTATION_CONTEXT() REPRESENTATION_CONTEXT('2D SPACE',''
  ) );
#5476 = PCURVE('',#442,#5477);
#5477 = DEFINITIONAL_REPRESENTATION('',(#5478),#5481);
#5478 = B_SPLINE_CURVE_WITH_KNOTS('',1,(#5479,#5480),.UNSPECIFIED.,.F.,
  .F.,(2,2),(-22.35,-0.15),.PIECEWISE_BEZIER_KNOTS.);
#5479 = CARTESIAN_POINT('',(4.05,22.5));
#5480 = CARTESIAN_POINT('',(4.05,0.3));
#5481 = ( GEOMETRIC_REPRESENTATION_CONTEXT(2) 
PARAMETRIC_REPRESENTATION_CONTEXT() REPRESENTATION_CONTEXT('2D SPACE',''
  ) );
#5482 = ORIENTED_EDGE('',*,*,#5483,.F.);
#5483 = EDGE_CURVE('',#5484,#5463,#5486,.T.);
#5484 = VERTEX_POINT('',#5485);
#5485 = CARTESIAN_POINT('',(-16.95,-11.1,-30.63526598755));
#5486 = SURFACE_CURVE('',#5487,(#5491,#5498),.PCURVE_S1.);
#5487 = LINE('',#5488,#5489);
#5488 = CARTESIAN_POINT('',(-16.95,-11.1,-45.));
#5489 = VECTOR('',#5490,1.);
#5490 = DIRECTION('',(0.,0.,1.));
#5491 = PCURVE('',#5150,#5492);
#5492 = DEFINITIONAL_REPRESENTATION('',(#5493),#5497);
#5493 = LINE('',#5494,#5495);
#5494 = CARTESIAN_POINT('',(0.,0.));
#5495 = VECTOR('',#5496,1.);
#5496 = DIRECTION('',(1.,0.));
#5497 = ( GEOMETRIC_REPRESENTATION_CONTEXT(2) 
PARAMETRIC_REPRESENTATION_CONTEXT() REPRESENTATION_CONTEXT('2D SPACE',''
  ) );
#5498 = PCURVE('',#1178,#5499);
#5499 = DEFINITIONAL_REPRESENTATION('',(#5500),#5504);
#5500 = LINE('',#5501,#5502);
#5501 = CARTESIAN_POINT('',(0.,0.));
#5502 = VECTOR('',#5503,1.);
#5503 = DIRECTION('',(1.,0.));
#5504 = ( GEOMETRIC_REPRESENTATION_CONTEXT(2) 
PARAMETRIC_REPRESENTATION_CONTEXT() REPRESENTATION_CONTEXT('2D SPACE',''
  ) );
#5505 = ORIENTED_EDGE('',*,*,#5506,.F.);
#5506 = EDGE_CURVE('',#5507,#5484,#5509,.T.);
#5507 = VERTEX_POINT('',#5508);
#5508 = CARTESIAN_POINT('',(-16.95,-8.8,-31.81));
#5509 = SURFACE_CURVE('',#5510,(#5515,#5522),.PCURVE_S1.);
#5510 = CIRCLE('',#5511,1.45);
#5511 = AXIS2_PLACEMENT_3D('',#5512,#5513,#5514);
#5512 = CARTESIAN_POINT('',(-16.95,-10.25,-31.81));
#5513 = DIRECTION('',(1.,-2.719262146894E-32,-2.22044604925E-16));
#5514 = DIRECTION('',(2.22044604925E-16,1.224646799147E-16,1.));
#5515 = PCURVE('',#5150,#5516);
#5516 = DEFINITIONAL_REPRESENTATION('',(#5517),#5521);
#5517 = CIRCLE('',#5518,1.45);
#5518 = AXIS2_PLACEMENT_2D('',#5519,#5520);
#5519 = CARTESIAN_POINT('',(13.19,-0.85));
#5520 = DIRECTION('',(1.,-1.224646799147E-16));
#5521 = ( GEOMETRIC_REPRESENTATION_CONTEXT(2) 
PARAMETRIC_REPRESENTATION_CONTEXT() REPRESENTATION_CONTEXT('2D SPACE',''
  ) );
#5522 = PCURVE('',#1151,#5523);
#5523 = DEFINITIONAL_REPRESENTATION('',(#5524),#5528);
#5524 = LINE('',#5525,#5526);
#5525 = CARTESIAN_POINT('',(0.,4.05));
#5526 = VECTOR('',#5527,1.);
#5527 = DIRECTION('',(1.,0.));
#5528 = ( GEOMETRIC_REPRESENTATION_CONTEXT(2) 
PARAMETRIC_REPRESENTATION_CONTEXT() REPRESENTATION_CONTEXT('2D SPACE',''
  ) );
#5529 = ORIENTED_EDGE('',*,*,#5530,.T.);
#5530 = EDGE_CURVE('',#5507,#5531,#5533,.T.);
#5531 = VERTEX_POINT('',#5532);
#5532 = CARTESIAN_POINT('',(-16.95,-8.8,-32.41060966544));
#5533 = SURFACE_CURVE('',#5534,(#5538,#5544),.PCURVE_S1.);
#5534 = LINE('',#5535,#5536);
#5535 = CARTESIAN_POINT('',(-16.95,-8.8,-38.405));
#5536 = VECTOR('',#5537,1.);
#5537 = DIRECTION('',(0.,-1.224646799147E-16,-1.));
#5538 = PCURVE('',#5150,#5539);
#5539 = DEFINITIONAL_REPRESENTATION('',(#5540),#5543);
#5540 = B_SPLINE_CURVE_WITH_KNOTS('',1,(#5541,#5542),.UNSPECIFIED.,.F.,
  .F.,(2,2),(-6.595,-5.994390334559),.PIECEWISE_BEZIER_KNOTS.);
#5541 = CARTESIAN_POINT('',(13.19,-2.3));
#5542 = CARTESIAN_POINT('',(12.589390334559,-2.3));
#5543 = ( GEOMETRIC_REPRESENTATION_CONTEXT(2) 
PARAMETRIC_REPRESENTATION_CONTEXT() REPRESENTATION_CONTEXT('2D SPACE',''
  ) );
#5544 = PCURVE('',#5545,#5550);
#5545 = PLANE('',#5546);
#5546 = AXIS2_PLACEMENT_3D('',#5547,#5548,#5549);
#5547 = CARTESIAN_POINT('',(-21.,-8.8,-31.81));
#5548 = DIRECTION('',(0.,-1.,1.224646799147E-16));
#5549 = DIRECTION('',(0.,-1.224646799147E-16,-1.));
#5550 = DEFINITIONAL_REPRESENTATION('',(#5551),#5554);
#5551 = B_SPLINE_CURVE_WITH_KNOTS('',1,(#5552,#5553),.UNSPECIFIED.,.F.,
  .F.,(2,2),(-6.595,-5.994390334559),.PIECEWISE_BEZIER_KNOTS.);
#5552 = CARTESIAN_POINT('',(0.,4.05));
#5553 = CARTESIAN_POINT('',(0.600609665441,4.05));
#5554 = ( GEOMETRIC_REPRESENTATION_CONTEXT(2) 
PARAMETRIC_REPRESENTATION_CONTEXT() REPRESENTATION_CONTEXT('2D SPACE',''
  ) );
#5555 = ORIENTED_EDGE('',*,*,#5556,.F.);
#5556 = EDGE_CURVE('',#5557,#5531,#5559,.T.);
#5557 = VERTEX_POINT('',#5558);
#5558 = CARTESIAN_POINT('',(-16.95,-9.649390334559,-33.26));
#5559 = SURFACE_CURVE('',#5560,(#5564,#5570),.PCURVE_S1.);
#5560 = LINE('',#5561,#5562);
#5561 = CARTESIAN_POINT('',(-16.95,-12.22204275091,-35.83265241636));
#5562 = VECTOR('',#5563,1.);
#5563 = DIRECTION('',(0.,0.707106781187,0.707106781187));
#5564 = PCURVE('',#5150,#5565);
#5565 = DEFINITIONAL_REPRESENTATION('',(#5566),#5569);
#5566 = B_SPLINE_CURVE_WITH_KNOTS('',1,(#5567,#5568),.UNSPECIFIED.,.F.,
  .F.,(2,2),(3.638279938489,4.839499269371),.PIECEWISE_BEZIER_KNOTS.);
#5567 = CARTESIAN_POINT('',(11.74,-1.450609665441));
#5568 = CARTESIAN_POINT('',(12.589390334559,-2.3));
#5569 = ( GEOMETRIC_REPRESENTATION_CONTEXT(2) 
PARAMETRIC_REPRESENTATION_CONTEXT() REPRESENTATION_CONTEXT('2D SPACE',''
  ) );
#5570 = PCURVE('',#5571,#5576);
#5571 = PLANE('',#5572);
#5572 = AXIS2_PLACEMENT_3D('',#5573,#5574,#5575);
#5573 = CARTESIAN_POINT('',(-21.,-8.199390334559,-31.81));
#5574 = DIRECTION('',(0.,0.707106781187,-0.707106781187));
#5575 = DIRECTION('',(1.,0.,0.));
#5576 = DEFINITIONAL_REPRESENTATION('',(#5577),#5580);
#5577 = B_SPLINE_CURVE_WITH_KNOTS('',1,(#5578,#5579),.UNSPECIFIED.,.F.,
  .F.,(2,2),(3.638279938489,4.839499269371),.PIECEWISE_BEZIER_KNOTS.);
#5578 = CARTESIAN_POINT('',(4.05,2.050609665441));
#5579 = CARTESIAN_POINT('',(4.05,0.849390334559));
#5580 = ( GEOMETRIC_REPRESENTATION_CONTEXT(2) 
PARAMETRIC_REPRESENTATION_CONTEXT() REPRESENTATION_CONTEXT('2D SPACE',''
  ) );
#5581 = ORIENTED_EDGE('',*,*,#5582,.F.);
#5582 = EDGE_CURVE('',#5583,#5557,#5585,.T.);
#5583 = VERTEX_POINT('',#5584);
#5584 = CARTESIAN_POINT('',(-16.95,-10.85060966544,-33.26));
#5585 = SURFACE_CURVE('',#5586,(#5590,#5596),.PCURVE_S1.);
#5586 = LINE('',#5587,#5588);
#5587 = CARTESIAN_POINT('',(-16.95,-9.95,-33.26));
#5588 = VECTOR('',#5589,1.);
#5589 = DIRECTION('',(-0.,1.,-1.224646799147E-16));
#5590 = PCURVE('',#5150,#5591);
#5591 = DEFINITIONAL_REPRESENTATION('',(#5592),#5595);
#5592 = B_SPLINE_CURVE_WITH_KNOTS('',1,(#5593,#5594),.UNSPECIFIED.,.F.,
  .F.,(2,2),(-0.900609665441,0.300609665441),.PIECEWISE_BEZIER_KNOTS.);
#5593 = CARTESIAN_POINT('',(11.74,-0.249390334559));
#5594 = CARTESIAN_POINT('',(11.74,-1.450609665441));
#5595 = ( GEOMETRIC_REPRESENTATION_CONTEXT(2) 
PARAMETRIC_REPRESENTATION_CONTEXT() REPRESENTATION_CONTEXT('2D SPACE',''
  ) );
#5596 = PCURVE('',#5597,#5602);
#5597 = PLANE('',#5598);
#5598 = AXIS2_PLACEMENT_3D('',#5599,#5600,#5601);
#5599 = CARTESIAN_POINT('',(-21.,-8.8,-33.26));
#5600 = DIRECTION('',(0.,-1.224646799147E-16,-1.));
#5601 = DIRECTION('',(1.,0.,0.));
#5602 = DEFINITIONAL_REPRESENTATION('',(#5603),#5606);
#5603 = B_SPLINE_CURVE_WITH_KNOTS('',1,(#5604,#5605),.UNSPECIFIED.,.F.,
  .F.,(2,2),(-0.900609665441,0.300609665441),.PIECEWISE_BEZIER_KNOTS.);
#5604 = CARTESIAN_POINT('',(4.05,2.050609665441));
#5605 = CARTESIAN_POINT('',(4.05,0.849390334559));
#5606 = ( GEOMETRIC_REPRESENTATION_CONTEXT(2) 
PARAMETRIC_REPRESENTATION_CONTEXT() REPRESENTATION_CONTEXT('2D SPACE',''
  ) );
#5607 = ORIENTED_EDGE('',*,*,#5608,.F.);
#5608 = EDGE_CURVE('',#5135,#5583,#5609,.T.);
#5609 = SURFACE_CURVE('',#5610,(#5614,#5620),.PCURVE_S1.);
#5610 = LINE('',#5611,#5612);
#5611 = CARTESIAN_POINT('',(-16.95,-8.702957249081,-35.40765241636));
#5612 = VECTOR('',#5613,1.);
#5613 = DIRECTION('',(-0.,0.707106781187,-0.707106781187));
#5614 = PCURVE('',#5150,#5615);
#5615 = DEFINITIONAL_REPRESENTATION('',(#5616),#5619);
#5616 = B_SPLINE_CURVE_WITH_KNOTS('',1,(#5617,#5618),.UNSPECIFIED.,.F.,
  .F.,(2,2),(-3.389930367938,-3.03723917448),.PIECEWISE_BEZIER_KNOTS.);
#5617 = CARTESIAN_POINT('',(11.989390334559,-2.830317028201E-16));
#5618 = CARTESIAN_POINT('',(11.74,-0.249390334559));
#5619 = ( GEOMETRIC_REPRESENTATION_CONTEXT(2) 
PARAMETRIC_REPRESENTATION_CONTEXT() REPRESENTATION_CONTEXT('2D SPACE',''
  ) );
#5620 = PCURVE('',#1097,#5621);
#5621 = DEFINITIONAL_REPRESENTATION('',(#5622),#5625);
#5622 = B_SPLINE_CURVE_WITH_KNOTS('',1,(#5623,#5624),.UNSPECIFIED.,.F.,
  .F.,(2,2),(-3.389930367938,-3.03723917448),.PIECEWISE_BEZIER_KNOTS.);
#5623 = CARTESIAN_POINT('',(1.697918471983,4.05));
#5624 = CARTESIAN_POINT('',(2.050609665441,4.05));
#5625 = ( GEOMETRIC_REPRESENTATION_CONTEXT(2) 
PARAMETRIC_REPRESENTATION_CONTEXT() REPRESENTATION_CONTEXT('2D SPACE',''
  ) );
#5626 = ADVANCED_FACE('',(#5627),#5352,.F.);
#5627 = FACE_BOUND('',#5628,.F.);
#5628 = EDGE_LOOP('',(#5629,#5652,#5680,#5708,#5729));
#5629 = ORIENTED_EDGE('',*,*,#5630,.F.);
#5630 = EDGE_CURVE('',#5631,#5338,#5633,.T.);
#5631 = VERTEX_POINT('',#5632);
#5632 = CARTESIAN_POINT('',(-18.81946869042,9.649390334559,-33.26));
#5633 = SURFACE_CURVE('',#5634,(#5638,#5645),.PCURVE_S1.);
#5634 = LINE('',#5635,#5636);
#5635 = CARTESIAN_POINT('',(-21.,9.649390334559,-33.26));
#5636 = VECTOR('',#5637,1.);
#5637 = DIRECTION('',(1.,0.,0.));
#5638 = PCURVE('',#5352,#5639);
#5639 = DEFINITIONAL_REPRESENTATION('',(#5640),#5644);
#5640 = LINE('',#5641,#5642);
#5641 = CARTESIAN_POINT('',(0.,2.050609665441));
#5642 = VECTOR('',#5643,1.);
#5643 = DIRECTION('',(1.,0.));
#5644 = ( GEOMETRIC_REPRESENTATION_CONTEXT(2) 
PARAMETRIC_REPRESENTATION_CONTEXT() REPRESENTATION_CONTEXT('2D SPACE',''
  ) );
#5645 = PCURVE('',#5378,#5646);
#5646 = DEFINITIONAL_REPRESENTATION('',(#5647),#5651);
#5647 = LINE('',#5648,#5649);
#5648 = CARTESIAN_POINT('',(2.050609665441,0.));
#5649 = VECTOR('',#5650,1.);
#5650 = DIRECTION('',(0.,1.));
#5651 = ( GEOMETRIC_REPRESENTATION_CONTEXT(2) 
PARAMETRIC_REPRESENTATION_CONTEXT() REPRESENTATION_CONTEXT('2D SPACE',''
  ) );
#5652 = ORIENTED_EDGE('',*,*,#5653,.T.);
#5653 = EDGE_CURVE('',#5631,#5654,#5656,.T.);
#5654 = VERTEX_POINT('',#5655);
#5655 = CARTESIAN_POINT('',(-18.7,10.25,-33.26));
#5656 = SURFACE_CURVE('',#5657,(#5662,#5669),.PCURVE_S1.);
#5657 = HYPERBOLA('',#5658,1.45,1.45);
#5658 = AXIS2_PLACEMENT_3D('',#5659,#5660,#5661);
#5659 = CARTESIAN_POINT('',(-17.25,10.25,-33.26));
#5660 = DIRECTION('',(1.335854932828E-64,-1.224646799147E-16,-1.));
#5661 = DIRECTION('',(-1.,-2.719262146894E-32,3.330135684236E-48));
#5662 = PCURVE('',#5352,#5663);
#5663 = DEFINITIONAL_REPRESENTATION('',(#5664),#5668);
#5664 = ( BOUNDED_CURVE() B_SPLINE_CURVE(2,(#5665,#5666,#5667),
.UNSPECIFIED.,.F.,.F.) B_SPLINE_CURVE_WITH_KNOTS((3,3),(-0.478577328328,
3.127213982021E-08),.PIECEWISE_BEZIER_KNOTS.) CURVE() 
GEOMETRIC_REPRESENTATION_ITEM() RATIONAL_B_SPLINE_CURVE((1.,
1.028766405533,1.)) REPRESENTATION_ITEM('') );
#5665 = CARTESIAN_POINT('',(2.130755102797,2.170731598529));
#5666 = CARTESIAN_POINT('',(2.300000010648,1.790494414569));
#5667 = CARTESIAN_POINT('',(2.3,1.449999954655));
#5668 = ( GEOMETRIC_REPRESENTATION_CONTEXT(2) 
PARAMETRIC_REPRESENTATION_CONTEXT() REPRESENTATION_CONTEXT('2D SPACE',''
  ) );
#5669 = PCURVE('',#376,#5670);
#5670 = DEFINITIONAL_REPRESENTATION('',(#5671),#5679);
#5671 = B_SPLINE_CURVE_WITH_KNOTS('',6,(#5672,#5673,#5674,#5675,#5676,
    #5677,#5678),.UNSPECIFIED.,.F.,.F.,(7,7),(-0.478577328328,
    3.127213982021E-08),.PIECEWISE_BEZIER_KNOTS.);
#5672 = CARTESIAN_POINT('',(3.602882510603,0.169244897203));
#5673 = CARTESIAN_POINT('',(3.531456504916,0.111757259636));
#5674 = CARTESIAN_POINT('',(3.456987662872,6.663181427887E-02));
#5675 = CARTESIAN_POINT('',(3.379968861042,3.321024257173E-02));
#5676 = CARTESIAN_POINT('',(3.301118199899,1.107008218115E-02));
#5677 = CARTESIAN_POINT('',(3.221355515584,-3.616814930382E-09));
#5678 = CARTESIAN_POINT('',(3.141592622318,1.7763568394E-15));
#5679 = ( GEOMETRIC_REPRESENTATION_CONTEXT(2) 
PARAMETRIC_REPRESENTATION_CONTEXT() REPRESENTATION_CONTEXT('2D SPACE',''
  ) );
#5680 = ORIENTED_EDGE('',*,*,#5681,.T.);
#5681 = EDGE_CURVE('',#5654,#5682,#5684,.T.);
#5682 = VERTEX_POINT('',#5683);
#5683 = CARTESIAN_POINT('',(-18.81946869042,10.850609665441,-33.26));
#5684 = SURFACE_CURVE('',#5685,(#5690,#5697),.PCURVE_S1.);
#5685 = HYPERBOLA('',#5686,1.45,1.45);
#5686 = AXIS2_PLACEMENT_3D('',#5687,#5688,#5689);
#5687 = CARTESIAN_POINT('',(-17.25,10.25,-33.26));
#5688 = DIRECTION('',(1.335854932828E-64,-1.224646799147E-16,-1.));
#5689 = DIRECTION('',(-1.,-2.719262146894E-32,3.330135684236E-48));
#5690 = PCURVE('',#5352,#5691);
#5691 = DEFINITIONAL_REPRESENTATION('',(#5692),#5696);
#5692 = ( BOUNDED_CURVE() B_SPLINE_CURVE(2,(#5693,#5694,#5695),
.UNSPECIFIED.,.F.,.F.) B_SPLINE_CURVE_WITH_KNOTS((3,3),(
3.127213982021E-08,0.478577328328),.PIECEWISE_BEZIER_KNOTS.) CURVE() 
GEOMETRIC_REPRESENTATION_ITEM() RATIONAL_B_SPLINE_CURVE((1.,
1.028766397978,1.)) REPRESENTATION_ITEM('') );
#5693 = CARTESIAN_POINT('',(2.3,1.449999954655));
#5694 = CARTESIAN_POINT('',(2.299999989352,1.109505537586));
#5695 = CARTESIAN_POINT('',(2.130755102797,0.729268401471));
#5696 = ( GEOMETRIC_REPRESENTATION_CONTEXT(2) 
PARAMETRIC_REPRESENTATION_CONTEXT() REPRESENTATION_CONTEXT('2D SPACE',''
  ) );
#5697 = PCURVE('',#376,#5698);
#5698 = DEFINITIONAL_REPRESENTATION('',(#5699),#5707);
#5699 = B_SPLINE_CURVE_WITH_KNOTS('',6,(#5700,#5701,#5702,#5703,#5704,
    #5705,#5706),.UNSPECIFIED.,.F.,.F.,(7,7),(3.127213982021E-08,
    0.478577328328),.PIECEWISE_BEZIER_KNOTS.);
#5700 = CARTESIAN_POINT('',(3.141592622318,1.7763568394E-15));
#5701 = CARTESIAN_POINT('',(3.061829739475,3.616818010421E-09));
#5702 = CARTESIAN_POINT('',(2.982067066061,1.107009375496E-02));
#5703 = CARTESIAN_POINT('',(2.903216415941,3.321025567512E-02));
#5704 = CARTESIAN_POINT('',(2.826197624843,6.663182607357E-02));
#5705 = CARTESIAN_POINT('',(2.751728792929,0.111757267149));
#5706 = CARTESIAN_POINT('',(2.680302796577,0.169244897203));
#5707 = ( GEOMETRIC_REPRESENTATION_CONTEXT(2) 
PARAMETRIC_REPRESENTATION_CONTEXT() REPRESENTATION_CONTEXT('2D SPACE',''
  ) );
#5708 = ORIENTED_EDGE('',*,*,#5709,.F.);
#5709 = EDGE_CURVE('',#5317,#5682,#5710,.T.);
#5710 = SURFACE_CURVE('',#5711,(#5715,#5722),.PCURVE_S1.);
#5711 = LINE('',#5712,#5713);
#5712 = CARTESIAN_POINT('',(-21.,10.850609665441,-33.26));
#5713 = VECTOR('',#5714,1.);
#5714 = DIRECTION('',(-1.,-0.,0.));
#5715 = PCURVE('',#5352,#5716);
#5716 = DEFINITIONAL_REPRESENTATION('',(#5717),#5721);
#5717 = LINE('',#5718,#5719);
#5718 = CARTESIAN_POINT('',(0.,0.849390334559));
#5719 = VECTOR('',#5720,1.);
#5720 = DIRECTION('',(-1.,0.));
#5721 = ( GEOMETRIC_REPRESENTATION_CONTEXT(2) 
PARAMETRIC_REPRESENTATION_CONTEXT() REPRESENTATION_CONTEXT('2D SPACE',''
  ) );
#5722 = PCURVE('',#1370,#5723);
#5723 = DEFINITIONAL_REPRESENTATION('',(#5724),#5728);
#5724 = LINE('',#5725,#5726);
#5725 = CARTESIAN_POINT('',(0.,2.050609665441));
#5726 = VECTOR('',#5727,1.);
#5727 = DIRECTION('',(-1.,0.));
#5728 = ( GEOMETRIC_REPRESENTATION_CONTEXT(2) 
PARAMETRIC_REPRESENTATION_CONTEXT() REPRESENTATION_CONTEXT('2D SPACE',''
  ) );
#5729 = ORIENTED_EDGE('',*,*,#5337,.F.);
#5730 = ADVANCED_FACE('',(#5731),#5378,.F.);
#5731 = FACE_BOUND('',#5732,.F.);
#5732 = EDGE_LOOP('',(#5733,#5734,#5756,#5784,#5810));
#5733 = ORIENTED_EDGE('',*,*,#5363,.F.);
#5734 = ORIENTED_EDGE('',*,*,#5735,.T.);
#5735 = EDGE_CURVE('',#5364,#5736,#5738,.T.);
#5736 = VERTEX_POINT('',#5737);
#5737 = CARTESIAN_POINT('',(-18.81946869042,8.8,-32.41060966544));
#5738 = SURFACE_CURVE('',#5739,(#5743,#5750),.PCURVE_S1.);
#5739 = LINE('',#5740,#5741);
#5740 = CARTESIAN_POINT('',(-21.,8.8,-32.41060966544));
#5741 = VECTOR('',#5742,1.);
#5742 = DIRECTION('',(-1.,0.,-0.));
#5743 = PCURVE('',#5378,#5744);
#5744 = DEFINITIONAL_REPRESENTATION('',(#5745),#5749);
#5745 = LINE('',#5746,#5747);
#5746 = CARTESIAN_POINT('',(0.849390334559,0.));
#5747 = VECTOR('',#5748,1.);
#5748 = DIRECTION('',(0.,-1.));
#5749 = ( GEOMETRIC_REPRESENTATION_CONTEXT(2) 
PARAMETRIC_REPRESENTATION_CONTEXT() REPRESENTATION_CONTEXT('2D SPACE',''
  ) );
#5750 = PCURVE('',#5404,#5751);
#5751 = DEFINITIONAL_REPRESENTATION('',(#5752),#5755);
#5752 = B_SPLINE_CURVE_WITH_KNOTS('',1,(#5753,#5754),.UNSPECIFIED.,.F.,
  .F.,(2,2),(-7.1,0.),.PIECEWISE_BEZIER_KNOTS.);
#5753 = CARTESIAN_POINT('',(0.600609665441,7.1));
#5754 = CARTESIAN_POINT('',(0.600609665441,0.));
#5755 = ( GEOMETRIC_REPRESENTATION_CONTEXT(2) 
PARAMETRIC_REPRESENTATION_CONTEXT() REPRESENTATION_CONTEXT('2D SPACE',''
  ) );
#5756 = ORIENTED_EDGE('',*,*,#5757,.T.);
#5757 = EDGE_CURVE('',#5736,#5758,#5760,.T.);
#5758 = VERTEX_POINT('',#5759);
#5759 = CARTESIAN_POINT('',(-18.7,9.224695229847,-32.83530489528));
#5760 = SURFACE_CURVE('',#5761,(#5766,#5773),.PCURVE_S1.);
#5761 = HYPERBOLA('',#5762,1.45,1.45);
#5762 = AXIS2_PLACEMENT_3D('',#5763,#5764,#5765);
#5763 = CARTESIAN_POINT('',(-17.25,9.22469516728,-32.83530483272));
#5764 = DIRECTION('',(0.,-0.707106781187,-0.707106781187));
#5765 = DIRECTION('',(-1.,-1.110223024625E-16,1.110223024625E-16));
#5766 = PCURVE('',#5378,#5767);
#5767 = DEFINITIONAL_REPRESENTATION('',(#5768),#5772);
#5768 = ( BOUNDED_CURVE() B_SPLINE_CURVE(2,(#5769,#5770,#5771),
.UNSPECIFIED.,.F.,.F.) B_SPLINE_CURVE_WITH_KNOTS((3,3),(-0.478577328328,
6.102296244142E-08),.PIECEWISE_BEZIER_KNOTS.) CURVE() 
GEOMETRIC_REPRESENTATION_ITEM() RATIONAL_B_SPLINE_CURVE((1.,
1.028766409126,1.)) REPRESENTATION_ITEM('') );
#5769 = CARTESIAN_POINT('',(0.729268401471,2.130755102797));
#5770 = CARTESIAN_POINT('',(1.109505608189,2.300000020778));
#5771 = CARTESIAN_POINT('',(1.450000088483,2.3));
#5772 = ( GEOMETRIC_REPRESENTATION_CONTEXT(2) 
PARAMETRIC_REPRESENTATION_CONTEXT() REPRESENTATION_CONTEXT('2D SPACE',''
  ) );
#5773 = PCURVE('',#376,#5774);
#5774 = DEFINITIONAL_REPRESENTATION('',(#5775),#5783);
#5775 = B_SPLINE_CURVE_WITH_KNOTS('',6,(#5776,#5777,#5778,#5779,#5780,
    #5781,#5782),.UNSPECIFIED.,.F.,.F.,(7,7),(-0.478577328328,
    6.102296244142E-08),.PIECEWISE_BEZIER_KNOTS.);
#5776 = CARTESIAN_POINT('',(4.388280674,0.169244897203));
#5777 = CARTESIAN_POINT('',(4.316854663873,0.111757256062));
#5778 = CARTESIAN_POINT('',(4.242385817011,6.663180866842E-02));
#5779 = CARTESIAN_POINT('',(4.165367010076,3.321023633875E-02));
#5780 = CARTESIAN_POINT('',(4.08651634369,1.107007667576E-02));
#5781 = CARTESIAN_POINT('',(4.006753654189,-7.057681160319E-09));
#5782 = CARTESIAN_POINT('',(3.926990755964,2.997602166488E-15));
#5783 = ( GEOMETRIC_REPRESENTATION_CONTEXT(2) 
PARAMETRIC_REPRESENTATION_CONTEXT() REPRESENTATION_CONTEXT('2D SPACE',''
  ) );
#5784 = ORIENTED_EDGE('',*,*,#5785,.T.);
#5785 = EDGE_CURVE('',#5758,#5631,#5786,.T.);
#5786 = SURFACE_CURVE('',#5787,(#5792,#5799),.PCURVE_S1.);
#5787 = HYPERBOLA('',#5788,1.45,1.45);
#5788 = AXIS2_PLACEMENT_3D('',#5789,#5790,#5791);
#5789 = CARTESIAN_POINT('',(-17.25,9.22469516728,-32.83530483272));
#5790 = DIRECTION('',(0.,-0.707106781187,-0.707106781187));
#5791 = DIRECTION('',(-1.,-1.110223024625E-16,1.110223024625E-16));
#5792 = PCURVE('',#5378,#5793);
#5793 = DEFINITIONAL_REPRESENTATION('',(#5794),#5798);
#5794 = ( BOUNDED_CURVE() B_SPLINE_CURVE(2,(#5795,#5796,#5797),
.UNSPECIFIED.,.F.,.F.) B_SPLINE_CURVE_WITH_KNOTS((3,3),(
6.102296244142E-08,0.478577328328),.PIECEWISE_BEZIER_KNOTS.) CURVE() 
GEOMETRIC_REPRESENTATION_ITEM() RATIONAL_B_SPLINE_CURVE((1.,
1.028766394384,1.)) REPRESENTATION_ITEM('') );
#5795 = CARTESIAN_POINT('',(1.450000088483,2.3));
#5796 = CARTESIAN_POINT('',(1.790494485173,2.299999979222));
#5797 = CARTESIAN_POINT('',(2.170731598529,2.130755102797));
#5798 = ( GEOMETRIC_REPRESENTATION_CONTEXT(2) 
PARAMETRIC_REPRESENTATION_CONTEXT() REPRESENTATION_CONTEXT('2D SPACE',''
  ) );
#5799 = PCURVE('',#376,#5800);
#5800 = DEFINITIONAL_REPRESENTATION('',(#5801),#5809);
#5801 = B_SPLINE_CURVE_WITH_KNOTS('',6,(#5802,#5803,#5804,#5805,#5806,
    #5807,#5808),.UNSPECIFIED.,.F.,.F.,(7,7),(6.102296244142E-08,
    0.478577328328),.PIECEWISE_BEZIER_KNOTS.);
#5802 = CARTESIAN_POINT('',(3.926990755964,2.997602166488E-15));
#5803 = CARTESIAN_POINT('',(3.84722787808,7.057685355685E-09));
#5804 = CARTESIAN_POINT('',(3.767465209852,1.107009926033E-02));
#5805 = CARTESIAN_POINT('',(3.688614564974,3.321026190811E-02));
#5806 = CARTESIAN_POINT('',(3.611595778982,6.663183168402E-02));
#5807 = CARTESIAN_POINT('',(3.537126951887,0.111757270722));
#5808 = CARTESIAN_POINT('',(3.465700959974,0.169244897203));
#5809 = ( GEOMETRIC_REPRESENTATION_CONTEXT(2) 
PARAMETRIC_REPRESENTATION_CONTEXT() REPRESENTATION_CONTEXT('2D SPACE',''
  ) );
#5810 = ORIENTED_EDGE('',*,*,#5630,.T.);
#5811 = ADVANCED_FACE('',(#5812),#5404,.F.);
#5812 = FACE_BOUND('',#5813,.F.);
#5813 = EDGE_LOOP('',(#5814,#5815,#5837,#5863));
#5814 = ORIENTED_EDGE('',*,*,#5389,.F.);
#5815 = ORIENTED_EDGE('',*,*,#5816,.F.);
#5816 = EDGE_CURVE('',#5817,#5390,#5819,.T.);
#5817 = VERTEX_POINT('',#5818);
#5818 = CARTESIAN_POINT('',(-18.7,8.8,-31.81));
#5819 = SURFACE_CURVE('',#5820,(#5824,#5831),.PCURVE_S1.);
#5820 = LINE('',#5821,#5822);
#5821 = CARTESIAN_POINT('',(-21.,8.8,-31.81));
#5822 = VECTOR('',#5823,1.);
#5823 = DIRECTION('',(1.,0.,0.));
#5824 = PCURVE('',#5404,#5825);
#5825 = DEFINITIONAL_REPRESENTATION('',(#5826),#5830);
#5826 = LINE('',#5827,#5828);
#5827 = CARTESIAN_POINT('',(0.,0.));
#5828 = VECTOR('',#5829,1.);
#5829 = DIRECTION('',(0.,1.));
#5830 = ( GEOMETRIC_REPRESENTATION_CONTEXT(2) 
PARAMETRIC_REPRESENTATION_CONTEXT() REPRESENTATION_CONTEXT('2D SPACE',''
  ) );
#5831 = PCURVE('',#1319,#5832);
#5832 = DEFINITIONAL_REPRESENTATION('',(#5833),#5836);
#5833 = B_SPLINE_CURVE_WITH_KNOTS('',1,(#5834,#5835),.UNSPECIFIED.,.F.,
  .F.,(2,2),(0.,7.1),.PIECEWISE_BEZIER_KNOTS.);
#5834 = CARTESIAN_POINT('',(7.853981633974,1.750285133459E-31));
#5835 = CARTESIAN_POINT('',(7.853981633974,7.1));
#5836 = ( GEOMETRIC_REPRESENTATION_CONTEXT(2) 
PARAMETRIC_REPRESENTATION_CONTEXT() REPRESENTATION_CONTEXT('2D SPACE',''
  ) );
#5837 = ORIENTED_EDGE('',*,*,#5838,.T.);
#5838 = EDGE_CURVE('',#5817,#5736,#5839,.T.);
#5839 = SURFACE_CURVE('',#5840,(#5845,#5852),.PCURVE_S1.);
#5840 = HYPERBOLA('',#5841,1.45,1.45);
#5841 = AXIS2_PLACEMENT_3D('',#5842,#5843,#5844);
#5842 = CARTESIAN_POINT('',(-17.25,8.8,-31.81));
#5843 = DIRECTION('',(0.,-1.,1.224646799147E-16));
#5844 = DIRECTION('',(-1.,2.719262146894E-32,2.22044604925E-16));
#5845 = PCURVE('',#5404,#5846);
#5846 = DEFINITIONAL_REPRESENTATION('',(#5847),#5851);
#5847 = ( BOUNDED_CURVE() B_SPLINE_CURVE(2,(#5848,#5849,#5850),
.UNSPECIFIED.,.F.,.F.) B_SPLINE_CURVE_WITH_KNOTS((3,3),(
-5.942320199122E-11,0.44118284331),.PIECEWISE_BEZIER_KNOTS.) CURVE() 
GEOMETRIC_REPRESENTATION_ITEM() RATIONAL_B_SPLINE_CURVE((1.,
1.024429108312,1.)) REPRESENTATION_ITEM('') );
#5848 = CARTESIAN_POINT('',(-8.616041213827E-11,2.3));
#5849 = CARTESIAN_POINT('',(0.314768443233,2.300000000019));
#5850 = CARTESIAN_POINT('',(0.660670631985,2.156580505966));
#5851 = ( GEOMETRIC_REPRESENTATION_CONTEXT(2) 
PARAMETRIC_REPRESENTATION_CONTEXT() REPRESENTATION_CONTEXT('2D SPACE',''
  ) );
#5852 = PCURVE('',#376,#5853);
#5853 = DEFINITIONAL_REPRESENTATION('',(#5854),#5862);
#5854 = B_SPLINE_CURVE_WITH_KNOTS('',6,(#5855,#5856,#5857,#5858,#5859,
    #5860,#5861),.UNSPECIFIED.,.F.,.F.,(7,7),(-5.942320199122E-11,
    0.44118284331),.PIECEWISE_BEZIER_KNOTS.);
#5855 = CARTESIAN_POINT('',(4.712388980444,2.331468351713E-15));
#5856 = CARTESIAN_POINT('',(4.638858506549,-6.333325704934E-12));
#5857 = CARTESIAN_POINT('',(4.565328164711,9.407712313451E-03));
#5858 = CARTESIAN_POINT('',(4.492512552993,2.822312926107E-02));
#5859 = CARTESIAN_POINT('',(4.421131209733,5.659887130429E-02));
#5860 = CARTESIAN_POINT('',(4.351771135426,9.48400693757E-02));
#5861 = CARTESIAN_POINT('',(4.28485894592,0.143419494034));
#5862 = ( GEOMETRIC_REPRESENTATION_CONTEXT(2) 
PARAMETRIC_REPRESENTATION_CONTEXT() REPRESENTATION_CONTEXT('2D SPACE',''
  ) );
#5863 = ORIENTED_EDGE('',*,*,#5735,.F.);
#5864 = ADVANCED_FACE('',(#5865),#5545,.T.);
#5865 = FACE_BOUND('',#5866,.T.);
#5866 = EDGE_LOOP('',(#5867,#5868,#5890,#5918));
#5867 = ORIENTED_EDGE('',*,*,#5530,.F.);
#5868 = ORIENTED_EDGE('',*,*,#5869,.F.);
#5869 = EDGE_CURVE('',#5870,#5507,#5872,.T.);
#5870 = VERTEX_POINT('',#5871);
#5871 = CARTESIAN_POINT('',(-18.7,-8.8,-31.81));
#5872 = SURFACE_CURVE('',#5873,(#5877,#5884),.PCURVE_S1.);
#5873 = LINE('',#5874,#5875);
#5874 = CARTESIAN_POINT('',(-21.,-8.8,-31.81));
#5875 = VECTOR('',#5876,1.);
#5876 = DIRECTION('',(1.,0.,0.));
#5877 = PCURVE('',#5545,#5878);
#5878 = DEFINITIONAL_REPRESENTATION('',(#5879),#5883);
#5879 = LINE('',#5880,#5881);
#5880 = CARTESIAN_POINT('',(0.,0.));
#5881 = VECTOR('',#5882,1.);
#5882 = DIRECTION('',(0.,1.));
#5883 = ( GEOMETRIC_REPRESENTATION_CONTEXT(2) 
PARAMETRIC_REPRESENTATION_CONTEXT() REPRESENTATION_CONTEXT('2D SPACE',''
  ) );
#5884 = PCURVE('',#1151,#5885);
#5885 = DEFINITIONAL_REPRESENTATION('',(#5886),#5889);
#5886 = B_SPLINE_CURVE_WITH_KNOTS('',1,(#5887,#5888),.UNSPECIFIED.,.F.,
  .F.,(2,2),(0.,7.1),.PIECEWISE_BEZIER_KNOTS.);
#5887 = CARTESIAN_POINT('',(4.712388980385,1.750285133459E-31));
#5888 = CARTESIAN_POINT('',(4.712388980385,7.1));
#5889 = ( GEOMETRIC_REPRESENTATION_CONTEXT(2) 
PARAMETRIC_REPRESENTATION_CONTEXT() REPRESENTATION_CONTEXT('2D SPACE',''
  ) );
#5890 = ORIENTED_EDGE('',*,*,#5891,.T.);
#5891 = EDGE_CURVE('',#5870,#5892,#5894,.T.);
#5892 = VERTEX_POINT('',#5893);
#5893 = CARTESIAN_POINT('',(-18.81946869042,-8.8,-32.41060966544));
#5894 = SURFACE_CURVE('',#5895,(#5900,#5907),.PCURVE_S1.);
#5895 = HYPERBOLA('',#5896,1.45,1.45);
#5896 = AXIS2_PLACEMENT_3D('',#5897,#5898,#5899);
#5897 = CARTESIAN_POINT('',(-17.25,-8.8,-31.81));
#5898 = DIRECTION('',(0.,-1.,1.224646799147E-16));
#5899 = DIRECTION('',(-1.,2.719262146894E-32,2.22044604925E-16));
#5900 = PCURVE('',#5545,#5901);
#5901 = DEFINITIONAL_REPRESENTATION('',(#5902),#5906);
#5902 = ( BOUNDED_CURVE() B_SPLINE_CURVE(2,(#5903,#5904,#5905),
.UNSPECIFIED.,.F.,.F.) B_SPLINE_CURVE_WITH_KNOTS((3,3),(
-3.127213959817E-08,0.44118284331),.PIECEWISE_BEZIER_KNOTS.) CURVE() 
GEOMETRIC_REPRESENTATION_ITEM() RATIONAL_B_SPLINE_CURVE((1.,
1.024429111782,1.)) REPRESENTATION_ITEM('') );
#5903 = CARTESIAN_POINT('',(-4.534459918659E-08,2.3));
#5904 = CARTESIAN_POINT('',(0.314768419537,2.300000009843));
#5905 = CARTESIAN_POINT('',(0.660670631985,2.156580505966));
#5906 = ( GEOMETRIC_REPRESENTATION_CONTEXT(2) 
PARAMETRIC_REPRESENTATION_CONTEXT() REPRESENTATION_CONTEXT('2D SPACE',''
  ) );
#5907 = PCURVE('',#411,#5908);
#5908 = DEFINITIONAL_REPRESENTATION('',(#5909),#5917);
#5909 = B_SPLINE_CURVE_WITH_KNOTS('',6,(#5910,#5911,#5912,#5913,#5914,
    #5915,#5916),.UNSPECIFIED.,.F.,.F.,(7,7),(-3.127213959817E-08,
    0.44118284331),.PIECEWISE_BEZIER_KNOTS.);
#5910 = CARTESIAN_POINT('',(1.570796295523,0.));
#5911 = CARTESIAN_POINT('',(1.64432677462,-3.334210358983E-09));
#5912 = CARTESIAN_POINT('',(1.717857121862,9.407706988866E-03));
#5913 = CARTESIAN_POINT('',(1.790672739036,2.822312323848E-02));
#5914 = CARTESIAN_POINT('',(1.862054087632,5.659886589334E-02));
#5915 = CARTESIAN_POINT('',(1.93141416702,9.484006593881E-02));
#5916 = CARTESIAN_POINT('',(1.99832636126,0.143419494034));
#5917 = ( GEOMETRIC_REPRESENTATION_CONTEXT(2) 
PARAMETRIC_REPRESENTATION_CONTEXT() REPRESENTATION_CONTEXT('2D SPACE',''
  ) );
#5918 = ORIENTED_EDGE('',*,*,#5919,.F.);
#5919 = EDGE_CURVE('',#5531,#5892,#5920,.T.);
#5920 = SURFACE_CURVE('',#5921,(#5925,#5931),.PCURVE_S1.);
#5921 = LINE('',#5922,#5923);
#5922 = CARTESIAN_POINT('',(-21.,-8.8,-32.41060966544));
#5923 = VECTOR('',#5924,1.);
#5924 = DIRECTION('',(-1.,0.,-0.));
#5925 = PCURVE('',#5545,#5926);
#5926 = DEFINITIONAL_REPRESENTATION('',(#5927),#5930);
#5927 = B_SPLINE_CURVE_WITH_KNOTS('',1,(#5928,#5929),.UNSPECIFIED.,.F.,
  .F.,(2,2),(-7.1,0.),.PIECEWISE_BEZIER_KNOTS.);
#5928 = CARTESIAN_POINT('',(0.600609665441,7.1));
#5929 = CARTESIAN_POINT('',(0.600609665441,0.));
#5930 = ( GEOMETRIC_REPRESENTATION_CONTEXT(2) 
PARAMETRIC_REPRESENTATION_CONTEXT() REPRESENTATION_CONTEXT('2D SPACE',''
  ) );
#5931 = PCURVE('',#5571,#5932);
#5932 = DEFINITIONAL_REPRESENTATION('',(#5933),#5937);
#5933 = LINE('',#5934,#5935);
#5934 = CARTESIAN_POINT('',(0.,0.849390334559));
#5935 = VECTOR('',#5936,1.);
#5936 = DIRECTION('',(-1.,0.));
#5937 = ( GEOMETRIC_REPRESENTATION_CONTEXT(2) 
PARAMETRIC_REPRESENTATION_CONTEXT() REPRESENTATION_CONTEXT('2D SPACE',''
  ) );
#5938 = ADVANCED_FACE('',(#5939),#5571,.F.);
#5939 = FACE_BOUND('',#5940,.F.);
#5940 = EDGE_LOOP('',(#5941,#5964,#5992,#6018,#6019));
#5941 = ORIENTED_EDGE('',*,*,#5942,.T.);
#5942 = EDGE_CURVE('',#5557,#5943,#5945,.T.);
#5943 = VERTEX_POINT('',#5944);
#5944 = CARTESIAN_POINT('',(-18.81946869042,-9.649390334559,-33.26));
#5945 = SURFACE_CURVE('',#5946,(#5950,#5957),.PCURVE_S1.);
#5946 = LINE('',#5947,#5948);
#5947 = CARTESIAN_POINT('',(-21.,-9.649390334559,-33.26));
#5948 = VECTOR('',#5949,1.);
#5949 = DIRECTION('',(-1.,-0.,0.));
#5950 = PCURVE('',#5571,#5951);
#5951 = DEFINITIONAL_REPRESENTATION('',(#5952),#5956);
#5952 = LINE('',#5953,#5954);
#5953 = CARTESIAN_POINT('',(0.,2.050609665441));
#5954 = VECTOR('',#5955,1.);
#5955 = DIRECTION('',(-1.,0.));
#5956 = ( GEOMETRIC_REPRESENTATION_CONTEXT(2) 
PARAMETRIC_REPRESENTATION_CONTEXT() REPRESENTATION_CONTEXT('2D SPACE',''
  ) );
#5957 = PCURVE('',#5597,#5958);
#5958 = DEFINITIONAL_REPRESENTATION('',(#5959),#5963);
#5959 = LINE('',#5960,#5961);
#5960 = CARTESIAN_POINT('',(0.,0.849390334559));
#5961 = VECTOR('',#5962,1.);
#5962 = DIRECTION('',(-1.,0.));
#5963 = ( GEOMETRIC_REPRESENTATION_CONTEXT(2) 
PARAMETRIC_REPRESENTATION_CONTEXT() REPRESENTATION_CONTEXT('2D SPACE',''
  ) );
#5964 = ORIENTED_EDGE('',*,*,#5965,.T.);
#5965 = EDGE_CURVE('',#5943,#5966,#5968,.T.);
#5966 = VERTEX_POINT('',#5967);
#5967 = CARTESIAN_POINT('',(-18.7,-9.22469516728,-32.83530483272));
#5968 = SURFACE_CURVE('',#5969,(#5974,#5981),.PCURVE_S1.);
#5969 = HYPERBOLA('',#5970,1.45,1.45);
#5970 = AXIS2_PLACEMENT_3D('',#5971,#5972,#5973);
#5971 = CARTESIAN_POINT('',(-17.25,-9.22469516728,-32.83530483272));
#5972 = DIRECTION('',(0.,0.707106781187,-0.707106781187));
#5973 = DIRECTION('',(-1.,1.110223024625E-16,1.110223024625E-16));
#5974 = PCURVE('',#5571,#5975);
#5975 = DEFINITIONAL_REPRESENTATION('',(#5976),#5980);
#5976 = ( BOUNDED_CURVE() B_SPLINE_CURVE(2,(#5977,#5978,#5979),
.UNSPECIFIED.,.F.,.F.) B_SPLINE_CURVE_WITH_KNOTS((3,3),(-0.478577328328,
-1.570092458684E-16),.PIECEWISE_BEZIER_KNOTS.) CURVE() 
GEOMETRIC_REPRESENTATION_ITEM() RATIONAL_B_SPLINE_CURVE((1.,
1.028766401755,1.)) REPRESENTATION_ITEM('') );
#5977 = CARTESIAN_POINT('',(2.130755102797,2.170731598529));
#5978 = CARTESIAN_POINT('',(2.3,1.790494438492));
#5979 = CARTESIAN_POINT('',(2.3,1.45));
#5980 = ( GEOMETRIC_REPRESENTATION_CONTEXT(2) 
PARAMETRIC_REPRESENTATION_CONTEXT() REPRESENTATION_CONTEXT('2D SPACE',''
  ) );
#5981 = PCURVE('',#411,#5982);
#5982 = DEFINITIONAL_REPRESENTATION('',(#5983),#5991);
#5983 = B_SPLINE_CURVE_WITH_KNOTS('',6,(#5984,#5985,#5986,#5987,#5988,
    #5989,#5990),.UNSPECIFIED.,.F.,.F.,(7,7),(-0.478577328328,
    -1.570092458684E-16),.PIECEWISE_BEZIER_KNOTS.);
#5984 = CARTESIAN_POINT('',(2.817484347206,0.169244897203));
#5985 = CARTESIAN_POINT('',(2.746058346186,0.111757263392));
#5986 = CARTESIAN_POINT('',(2.671589509207,6.663182017623E-02));
#5987 = CARTESIAN_POINT('',(2.594570712743,3.321024912343E-02));
#5988 = CARTESIAN_POINT('',(2.515720057112,1.107008796805E-02));
#5989 = CARTESIAN_POINT('',(2.435957378247,4.421442005443E-15));
#5990 = CARTESIAN_POINT('',(2.356194490192,4.218847493576E-15));
#5991 = ( GEOMETRIC_REPRESENTATION_CONTEXT(2) 
PARAMETRIC_REPRESENTATION_CONTEXT() REPRESENTATION_CONTEXT('2D SPACE',''
  ) );
#5992 = ORIENTED_EDGE('',*,*,#5993,.T.);
#5993 = EDGE_CURVE('',#5966,#5892,#5994,.T.);
#5994 = SURFACE_CURVE('',#5995,(#6000,#6007),.PCURVE_S1.);
#5995 = HYPERBOLA('',#5996,1.45,1.45);
#5996 = AXIS2_PLACEMENT_3D('',#5997,#5998,#5999);
#5997 = CARTESIAN_POINT('',(-17.25,-9.22469516728,-32.83530483272));
#5998 = DIRECTION('',(0.,0.707106781187,-0.707106781187));
#5999 = DIRECTION('',(-1.,1.110223024625E-16,1.110223024625E-16));
#6000 = PCURVE('',#5571,#6001);
#6001 = DEFINITIONAL_REPRESENTATION('',(#6002),#6006);
#6002 = ( BOUNDED_CURVE() B_SPLINE_CURVE(2,(#6003,#6004,#6005),
.UNSPECIFIED.,.F.,.F.) B_SPLINE_CURVE_WITH_KNOTS((3,3),(
-1.570092458684E-16,0.478577328328),.PIECEWISE_BEZIER_KNOTS.) CURVE() 
GEOMETRIC_REPRESENTATION_ITEM() RATIONAL_B_SPLINE_CURVE((1.,
1.028766401755,1.)) REPRESENTATION_ITEM('') );
#6003 = CARTESIAN_POINT('',(2.3,1.45));
#6004 = CARTESIAN_POINT('',(2.3,1.109505561508));
#6005 = CARTESIAN_POINT('',(2.130755102797,0.729268401471));
#6006 = ( GEOMETRIC_REPRESENTATION_CONTEXT(2) 
PARAMETRIC_REPRESENTATION_CONTEXT() REPRESENTATION_CONTEXT('2D SPACE',''
  ) );
#6007 = PCURVE('',#411,#6008);
#6008 = DEFINITIONAL_REPRESENTATION('',(#6009),#6017);
#6009 = B_SPLINE_CURVE_WITH_KNOTS('',6,(#6010,#6011,#6012,#6013,#6014,
    #6015,#6016),.UNSPECIFIED.,.F.,.F.,(7,7),(-1.570092458684E-16,
    0.478577328328),.PIECEWISE_BEZIER_KNOTS.);
#6010 = CARTESIAN_POINT('',(2.356194490192,4.218847493576E-15));
#6011 = CARTESIAN_POINT('',(2.276431602138,4.016252981709E-15));
#6012 = CARTESIAN_POINT('',(2.196668923273,1.107008796806E-02));
#6013 = CARTESIAN_POINT('',(2.117818267642,3.321024912342E-02));
#6014 = CARTESIAN_POINT('',(2.040799471178,6.663182017623E-02));
#6015 = CARTESIAN_POINT('',(1.966330634199,0.111757263392));
#6016 = CARTESIAN_POINT('',(1.894904633179,0.169244897203));
#6017 = ( GEOMETRIC_REPRESENTATION_CONTEXT(2) 
PARAMETRIC_REPRESENTATION_CONTEXT() REPRESENTATION_CONTEXT('2D SPACE',''
  ) );
#6018 = ORIENTED_EDGE('',*,*,#5919,.F.);
#6019 = ORIENTED_EDGE('',*,*,#5556,.F.);
#6020 = ADVANCED_FACE('',(#6021),#5597,.F.);
#6021 = FACE_BOUND('',#6022,.F.);
#6022 = EDGE_LOOP('',(#6023,#6046,#6074,#6100,#6101));
#6023 = ORIENTED_EDGE('',*,*,#6024,.F.);
#6024 = EDGE_CURVE('',#6025,#5583,#6027,.T.);
#6025 = VERTEX_POINT('',#6026);
#6026 = CARTESIAN_POINT('',(-18.81946869042,-10.85060966544,-33.26));
#6027 = SURFACE_CURVE('',#6028,(#6032,#6039),.PCURVE_S1.);
#6028 = LINE('',#6029,#6030);
#6029 = CARTESIAN_POINT('',(-21.,-10.85060966544,-33.26));
#6030 = VECTOR('',#6031,1.);
#6031 = DIRECTION('',(1.,0.,0.));
#6032 = PCURVE('',#5597,#6033);
#6033 = DEFINITIONAL_REPRESENTATION('',(#6034),#6038);
#6034 = LINE('',#6035,#6036);
#6035 = CARTESIAN_POINT('',(0.,2.050609665441));
#6036 = VECTOR('',#6037,1.);
#6037 = DIRECTION('',(1.,0.));
#6038 = ( GEOMETRIC_REPRESENTATION_CONTEXT(2) 
PARAMETRIC_REPRESENTATION_CONTEXT() REPRESENTATION_CONTEXT('2D SPACE',''
  ) );
#6039 = PCURVE('',#1097,#6040);
#6040 = DEFINITIONAL_REPRESENTATION('',(#6041),#6045);
#6041 = LINE('',#6042,#6043);
#6042 = CARTESIAN_POINT('',(2.050609665441,0.));
#6043 = VECTOR('',#6044,1.);
#6044 = DIRECTION('',(0.,1.));
#6045 = ( GEOMETRIC_REPRESENTATION_CONTEXT(2) 
PARAMETRIC_REPRESENTATION_CONTEXT() REPRESENTATION_CONTEXT('2D SPACE',''
  ) );
#6046 = ORIENTED_EDGE('',*,*,#6047,.T.);
#6047 = EDGE_CURVE('',#6025,#6048,#6050,.T.);
#6048 = VERTEX_POINT('',#6049);
#6049 = CARTESIAN_POINT('',(-18.7,-10.25,-33.26));
#6050 = SURFACE_CURVE('',#6051,(#6056,#6063),.PCURVE_S1.);
#6051 = HYPERBOLA('',#6052,1.45,1.45);
#6052 = AXIS2_PLACEMENT_3D('',#6053,#6054,#6055);
#6053 = CARTESIAN_POINT('',(-17.25,-10.25,-33.26));
#6054 = DIRECTION('',(1.335854932828E-64,-1.224646799147E-16,-1.));
#6055 = DIRECTION('',(-1.,-2.719262146894E-32,3.330135684236E-48));
#6056 = PCURVE('',#5597,#6057);
#6057 = DEFINITIONAL_REPRESENTATION('',(#6058),#6062);
#6058 = ( BOUNDED_CURVE() B_SPLINE_CURVE(2,(#6059,#6060,#6061),
.UNSPECIFIED.,.F.,.F.) B_SPLINE_CURVE_WITH_KNOTS((3,3),(-0.478577328328,
3.127213982021E-08),.PIECEWISE_BEZIER_KNOTS.) CURVE() 
GEOMETRIC_REPRESENTATION_ITEM() RATIONAL_B_SPLINE_CURVE((1.,
1.028766405533,1.)) REPRESENTATION_ITEM('') );
#6059 = CARTESIAN_POINT('',(2.130755102797,2.170731598529));
#6060 = CARTESIAN_POINT('',(2.300000010648,1.790494414569));
#6061 = CARTESIAN_POINT('',(2.3,1.449999954655));
#6062 = ( GEOMETRIC_REPRESENTATION_CONTEXT(2) 
PARAMETRIC_REPRESENTATION_CONTEXT() REPRESENTATION_CONTEXT('2D SPACE',''
  ) );
#6063 = PCURVE('',#411,#6064);
#6064 = DEFINITIONAL_REPRESENTATION('',(#6065),#6073);
#6065 = B_SPLINE_CURVE_WITH_KNOTS('',6,(#6066,#6067,#6068,#6069,#6070,
    #6071,#6072),.UNSPECIFIED.,.F.,.F.,(7,7),(-0.478577328328,
    3.127213982021E-08),.PIECEWISE_BEZIER_KNOTS.);
#6066 = CARTESIAN_POINT('',(3.602882510603,0.169244897203));
#6067 = CARTESIAN_POINT('',(3.531456504916,0.111757259636));
#6068 = CARTESIAN_POINT('',(3.456987662872,6.663181427887E-02));
#6069 = CARTESIAN_POINT('',(3.379968861042,3.321024257173E-02));
#6070 = CARTESIAN_POINT('',(3.301118199899,1.107008218115E-02));
#6071 = CARTESIAN_POINT('',(3.221355515584,-3.616814930382E-09));
#6072 = CARTESIAN_POINT('',(3.141592622318,1.7763568394E-15));
#6073 = ( GEOMETRIC_REPRESENTATION_CONTEXT(2) 
PARAMETRIC_REPRESENTATION_CONTEXT() REPRESENTATION_CONTEXT('2D SPACE',''
  ) );
#6074 = ORIENTED_EDGE('',*,*,#6075,.T.);
#6075 = EDGE_CURVE('',#6048,#5943,#6076,.T.);
#6076 = SURFACE_CURVE('',#6077,(#6082,#6089),.PCURVE_S1.);
#6077 = HYPERBOLA('',#6078,1.45,1.45);
#6078 = AXIS2_PLACEMENT_3D('',#6079,#6080,#6081);
#6079 = CARTESIAN_POINT('',(-17.25,-10.25,-33.26));
#6080 = DIRECTION('',(1.335854932828E-64,-1.224646799147E-16,-1.));
#6081 = DIRECTION('',(-1.,-2.719262146894E-32,3.330135684236E-48));
#6082 = PCURVE('',#5597,#6083);
#6083 = DEFINITIONAL_REPRESENTATION('',(#6084),#6088);
#6084 = ( BOUNDED_CURVE() B_SPLINE_CURVE(2,(#6085,#6086,#6087),
.UNSPECIFIED.,.F.,.F.) B_SPLINE_CURVE_WITH_KNOTS((3,3),(
3.127213982021E-08,0.478577328328),.PIECEWISE_BEZIER_KNOTS.) CURVE() 
GEOMETRIC_REPRESENTATION_ITEM() RATIONAL_B_SPLINE_CURVE((1.,
1.028766397978,1.)) REPRESENTATION_ITEM('') );
#6085 = CARTESIAN_POINT('',(2.3,1.449999954655));
#6086 = CARTESIAN_POINT('',(2.299999989352,1.109505537586));
#6087 = CARTESIAN_POINT('',(2.130755102797,0.729268401471));
#6088 = ( GEOMETRIC_REPRESENTATION_CONTEXT(2) 
PARAMETRIC_REPRESENTATION_CONTEXT() REPRESENTATION_CONTEXT('2D SPACE',''
  ) );
#6089 = PCURVE('',#411,#6090);
#6090 = DEFINITIONAL_REPRESENTATION('',(#6091),#6099);
#6091 = B_SPLINE_CURVE_WITH_KNOTS('',6,(#6092,#6093,#6094,#6095,#6096,
    #6097,#6098),.UNSPECIFIED.,.F.,.F.,(7,7),(3.127213982021E-08,
    0.478577328328),.PIECEWISE_BEZIER_KNOTS.);
#6092 = CARTESIAN_POINT('',(3.141592622318,1.7763568394E-15));
#6093 = CARTESIAN_POINT('',(3.061829739475,3.616818010421E-09));
#6094 = CARTESIAN_POINT('',(2.982067066061,1.107009375496E-02));
#6095 = CARTESIAN_POINT('',(2.903216415941,3.321025567512E-02));
#6096 = CARTESIAN_POINT('',(2.826197624843,6.663182607357E-02));
#6097 = CARTESIAN_POINT('',(2.751728792929,0.111757267149));
#6098 = CARTESIAN_POINT('',(2.680302796577,0.169244897203));
#6099 = ( GEOMETRIC_REPRESENTATION_CONTEXT(2) 
PARAMETRIC_REPRESENTATION_CONTEXT() REPRESENTATION_CONTEXT('2D SPACE',''
  ) );
#6100 = ORIENTED_EDGE('',*,*,#5942,.F.);
#6101 = ORIENTED_EDGE('',*,*,#5582,.F.);
#6102 = ADVANCED_FACE('',(#6103),#1097,.F.);
#6103 = FACE_BOUND('',#6104,.F.);
#6104 = EDGE_LOOP('',(#6105,#6106,#6128,#6156,#6182,#6183,#6184));
#6105 = ORIENTED_EDGE('',*,*,#1082,.F.);
#6106 = ORIENTED_EDGE('',*,*,#6107,.T.);
#6107 = EDGE_CURVE('',#1083,#6108,#6110,.T.);
#6108 = VERTEX_POINT('',#6109);
#6109 = CARTESIAN_POINT('',(-18.81946869042,-11.7,-32.41060966544));
#6110 = SURFACE_CURVE('',#6111,(#6115,#6122),.PCURVE_S1.);
#6111 = LINE('',#6112,#6113);
#6112 = CARTESIAN_POINT('',(-21.,-11.7,-32.41060966544));
#6113 = VECTOR('',#6114,1.);
#6114 = DIRECTION('',(-1.,0.,-0.));
#6115 = PCURVE('',#1097,#6116);
#6116 = DEFINITIONAL_REPRESENTATION('',(#6117),#6121);
#6117 = LINE('',#6118,#6119);
#6118 = CARTESIAN_POINT('',(0.849390334559,0.));
#6119 = VECTOR('',#6120,1.);
#6120 = DIRECTION('',(0.,-1.));
#6121 = ( GEOMETRIC_REPRESENTATION_CONTEXT(2) 
PARAMETRIC_REPRESENTATION_CONTEXT() REPRESENTATION_CONTEXT('2D SPACE',''
  ) );
#6122 = PCURVE('',#1123,#6123);
#6123 = DEFINITIONAL_REPRESENTATION('',(#6124),#6127);
#6124 = B_SPLINE_CURVE_WITH_KNOTS('',1,(#6125,#6126),.UNSPECIFIED.,.F.,
  .F.,(2,2),(-7.1,0.),.PIECEWISE_BEZIER_KNOTS.);
#6125 = CARTESIAN_POINT('',(0.600609665441,7.1));
#6126 = CARTESIAN_POINT('',(0.600609665441,0.));
#6127 = ( GEOMETRIC_REPRESENTATION_CONTEXT(2) 
PARAMETRIC_REPRESENTATION_CONTEXT() REPRESENTATION_CONTEXT('2D SPACE',''
  ) );
#6128 = ORIENTED_EDGE('',*,*,#6129,.T.);
#6129 = EDGE_CURVE('',#6108,#6130,#6132,.T.);
#6130 = VERTEX_POINT('',#6131);
#6131 = CARTESIAN_POINT('',(-18.7,-11.27530483272,-32.83530483272));
#6132 = SURFACE_CURVE('',#6133,(#6138,#6145),.PCURVE_S1.);
#6133 = HYPERBOLA('',#6134,1.45,1.45);
#6134 = AXIS2_PLACEMENT_3D('',#6135,#6136,#6137);
#6135 = CARTESIAN_POINT('',(-17.25,-11.27530483272,-32.83530483272));
#6136 = DIRECTION('',(0.,-0.707106781187,-0.707106781187));
#6137 = DIRECTION('',(-1.,-1.110223024625E-16,1.110223024625E-16));
#6138 = PCURVE('',#1097,#6139);
#6139 = DEFINITIONAL_REPRESENTATION('',(#6140),#6144);
#6140 = ( BOUNDED_CURVE() B_SPLINE_CURVE(2,(#6141,#6142,#6143),
.UNSPECIFIED.,.F.,.F.) B_SPLINE_CURVE_WITH_KNOTS((3,3),(-0.478577328328,
3.622040878826E-15),.PIECEWISE_BEZIER_KNOTS.) CURVE() 
GEOMETRIC_REPRESENTATION_ITEM() RATIONAL_B_SPLINE_CURVE((1.,
1.028766401755,1.)) REPRESENTATION_ITEM('') );
#6141 = CARTESIAN_POINT('',(0.729268401471,2.130755102797));
#6142 = CARTESIAN_POINT('',(1.109505561508,2.3));
#6143 = CARTESIAN_POINT('',(1.45,2.3));
#6144 = ( GEOMETRIC_REPRESENTATION_CONTEXT(2) 
PARAMETRIC_REPRESENTATION_CONTEXT() REPRESENTATION_CONTEXT('2D SPACE',''
  ) );
#6145 = PCURVE('',#411,#6146);
#6146 = DEFINITIONAL_REPRESENTATION('',(#6147),#6155);
#6147 = B_SPLINE_CURVE_WITH_KNOTS('',6,(#6148,#6149,#6150,#6151,#6152,
    #6153,#6154),.UNSPECIFIED.,.F.,.F.,(7,7),(-0.478577328328,
    3.622040878826E-15),.PIECEWISE_BEZIER_KNOTS.);
#6148 = CARTESIAN_POINT('',(4.388280674,0.169244897203));
#6149 = CARTESIAN_POINT('',(4.31685467298,0.111757263392));
#6150 = CARTESIAN_POINT('',(4.242385836002,6.663182017622E-02));
#6151 = CARTESIAN_POINT('',(4.165367039538,3.321024912342E-02));
#6152 = CARTESIAN_POINT('',(4.086516383906,1.107008796805E-02));
#6153 = CARTESIAN_POINT('',(4.006753705042,6.789314941314E-16));
#6154 = CARTESIAN_POINT('',(3.926990816987,1.221245327088E-15));
#6155 = ( GEOMETRIC_REPRESENTATION_CONTEXT(2) 
PARAMETRIC_REPRESENTATION_CONTEXT() REPRESENTATION_CONTEXT('2D SPACE',''
  ) );
#6156 = ORIENTED_EDGE('',*,*,#6157,.T.);
#6157 = EDGE_CURVE('',#6130,#6025,#6158,.T.);
#6158 = SURFACE_CURVE('',#6159,(#6164,#6171),.PCURVE_S1.);
#6159 = HYPERBOLA('',#6160,1.45,1.45);
#6160 = AXIS2_PLACEMENT_3D('',#6161,#6162,#6163);
#6161 = CARTESIAN_POINT('',(-17.25,-11.27530483272,-32.83530483272));
#6162 = DIRECTION('',(0.,-0.707106781187,-0.707106781187));
#6163 = DIRECTION('',(-1.,-1.110223024625E-16,1.110223024625E-16));
#6164 = PCURVE('',#1097,#6165);
#6165 = DEFINITIONAL_REPRESENTATION('',(#6166),#6170);
#6166 = ( BOUNDED_CURVE() B_SPLINE_CURVE(2,(#6167,#6168,#6169),
.UNSPECIFIED.,.F.,.F.) B_SPLINE_CURVE_WITH_KNOTS((3,3),(
3.622040878826E-15,0.478577328328),.PIECEWISE_BEZIER_KNOTS.) CURVE() 
GEOMETRIC_REPRESENTATION_ITEM() RATIONAL_B_SPLINE_CURVE((1.,
1.028766401755,1.)) REPRESENTATION_ITEM('') );
#6167 = CARTESIAN_POINT('',(1.45,2.3));
#6168 = CARTESIAN_POINT('',(1.790494438492,2.3));
#6169 = CARTESIAN_POINT('',(2.170731598529,2.130755102797));
#6170 = ( GEOMETRIC_REPRESENTATION_CONTEXT(2) 
PARAMETRIC_REPRESENTATION_CONTEXT() REPRESENTATION_CONTEXT('2D SPACE',''
  ) );
#6171 = PCURVE('',#411,#6172);
#6172 = DEFINITIONAL_REPRESENTATION('',(#6173),#6181);
#6173 = B_SPLINE_CURVE_WITH_KNOTS('',6,(#6174,#6175,#6176,#6177,#6178,
    #6179,#6180),.UNSPECIFIED.,.F.,.F.,(7,7),(3.622040878826E-15,
    0.478577328328),.PIECEWISE_BEZIER_KNOTS.);
#6174 = CARTESIAN_POINT('',(3.926990816987,1.221245327088E-15));
#6175 = CARTESIAN_POINT('',(3.847227928933,1.763559160044E-15));
#6176 = CARTESIAN_POINT('',(3.767465250068,1.107008796805E-02));
#6177 = CARTESIAN_POINT('',(3.688614594437,3.321024912343E-02));
#6178 = CARTESIAN_POINT('',(3.611595797972,6.663182017622E-02));
#6179 = CARTESIAN_POINT('',(3.537126960994,0.111757263392));
#6180 = CARTESIAN_POINT('',(3.465700959974,0.169244897203));
#6181 = ( GEOMETRIC_REPRESENTATION_CONTEXT(2) 
PARAMETRIC_REPRESENTATION_CONTEXT() REPRESENTATION_CONTEXT('2D SPACE',''
  ) );
#6182 = ORIENTED_EDGE('',*,*,#6024,.T.);
#6183 = ORIENTED_EDGE('',*,*,#5608,.F.);
#6184 = ORIENTED_EDGE('',*,*,#5162,.F.);
#6185 = ADVANCED_FACE('',(#6186),#1123,.F.);
#6186 = FACE_BOUND('',#6187,.F.);
#6187 = EDGE_LOOP('',(#6188,#6189,#6211,#6237));
#6188 = ORIENTED_EDGE('',*,*,#1108,.F.);
#6189 = ORIENTED_EDGE('',*,*,#6190,.F.);
#6190 = EDGE_CURVE('',#6191,#1109,#6193,.T.);
#6191 = VERTEX_POINT('',#6192);
#6192 = CARTESIAN_POINT('',(-18.7,-11.7,-31.81));
#6193 = SURFACE_CURVE('',#6194,(#6198,#6205),.PCURVE_S1.);
#6194 = LINE('',#6195,#6196);
#6195 = CARTESIAN_POINT('',(-21.,-11.7,-31.81));
#6196 = VECTOR('',#6197,1.);
#6197 = DIRECTION('',(1.,0.,0.));
#6198 = PCURVE('',#1123,#6199);
#6199 = DEFINITIONAL_REPRESENTATION('',(#6200),#6204);
#6200 = LINE('',#6201,#6202);
#6201 = CARTESIAN_POINT('',(0.,0.));
#6202 = VECTOR('',#6203,1.);
#6203 = DIRECTION('',(0.,1.));
#6204 = ( GEOMETRIC_REPRESENTATION_CONTEXT(2) 
PARAMETRIC_REPRESENTATION_CONTEXT() REPRESENTATION_CONTEXT('2D SPACE',''
  ) );
#6205 = PCURVE('',#1151,#6206);
#6206 = DEFINITIONAL_REPRESENTATION('',(#6207),#6210);
#6207 = B_SPLINE_CURVE_WITH_KNOTS('',1,(#6208,#6209),.UNSPECIFIED.,.F.,
  .F.,(2,2),(0.,7.1),.PIECEWISE_BEZIER_KNOTS.);
#6208 = CARTESIAN_POINT('',(7.853981633974,1.750285133459E-31));
#6209 = CARTESIAN_POINT('',(7.853981633974,7.1));
#6210 = ( GEOMETRIC_REPRESENTATION_CONTEXT(2) 
PARAMETRIC_REPRESENTATION_CONTEXT() REPRESENTATION_CONTEXT('2D SPACE',''
  ) );
#6211 = ORIENTED_EDGE('',*,*,#6212,.T.);
#6212 = EDGE_CURVE('',#6191,#6108,#6213,.T.);
#6213 = SURFACE_CURVE('',#6214,(#6219,#6226),.PCURVE_S1.);
#6214 = HYPERBOLA('',#6215,1.45,1.45);
#6215 = AXIS2_PLACEMENT_3D('',#6216,#6217,#6218);
#6216 = CARTESIAN_POINT('',(-17.25,-11.7,-31.81));
#6217 = DIRECTION('',(0.,-1.,1.224646799147E-16));
#6218 = DIRECTION('',(-1.,2.719262146894E-32,2.22044604925E-16));
#6219 = PCURVE('',#1123,#6220);
#6220 = DEFINITIONAL_REPRESENTATION('',(#6221),#6225);
#6221 = ( BOUNDED_CURVE() B_SPLINE_CURVE(2,(#6222,#6223,#6224),
.UNSPECIFIED.,.F.,.F.) B_SPLINE_CURVE_WITH_KNOTS((3,3),(
-5.942320199122E-11,0.44118284331),.PIECEWISE_BEZIER_KNOTS.) CURVE() 
GEOMETRIC_REPRESENTATION_ITEM() RATIONAL_B_SPLINE_CURVE((1.,
1.024429108312,1.)) REPRESENTATION_ITEM('') );
#6222 = CARTESIAN_POINT('',(-8.616041213827E-11,2.3));
#6223 = CARTESIAN_POINT('',(0.314768443233,2.300000000019));
#6224 = CARTESIAN_POINT('',(0.660670631985,2.156580505966));
#6225 = ( GEOMETRIC_REPRESENTATION_CONTEXT(2) 
PARAMETRIC_REPRESENTATION_CONTEXT() REPRESENTATION_CONTEXT('2D SPACE',''
  ) );
#6226 = PCURVE('',#411,#6227);
#6227 = DEFINITIONAL_REPRESENTATION('',(#6228),#6236);
#6228 = B_SPLINE_CURVE_WITH_KNOTS('',6,(#6229,#6230,#6231,#6232,#6233,
    #6234,#6235),.UNSPECIFIED.,.F.,.F.,(7,7),(-5.942320199122E-11,
    0.44118284331),.PIECEWISE_BEZIER_KNOTS.);
#6229 = CARTESIAN_POINT('',(4.712388980444,2.331468351713E-15));
#6230 = CARTESIAN_POINT('',(4.638858506549,-6.333325704934E-12));
#6231 = CARTESIAN_POINT('',(4.565328164711,9.407712313451E-03));
#6232 = CARTESIAN_POINT('',(4.492512552993,2.822312926107E-02));
#6233 = CARTESIAN_POINT('',(4.421131209733,5.659887130429E-02));
#6234 = CARTESIAN_POINT('',(4.351771135426,9.48400693757E-02));
#6235 = CARTESIAN_POINT('',(4.28485894592,0.143419494034));
#6236 = ( GEOMETRIC_REPRESENTATION_CONTEXT(2) 
PARAMETRIC_REPRESENTATION_CONTEXT() REPRESENTATION_CONTEXT('2D SPACE',''
  ) );
#6237 = ORIENTED_EDGE('',*,*,#6107,.F.);
#6238 = ADVANCED_FACE('',(#6239),#1151,.F.);
#6239 = FACE_BOUND('',#6240,.F.);
#6240 = EDGE_LOOP('',(#6241,#6242,#6266,#6288,#6289,#6290,#6309));
#6241 = ORIENTED_EDGE('',*,*,#5869,.F.);
#6242 = ORIENTED_EDGE('',*,*,#6243,.F.);
#6243 = EDGE_CURVE('',#6244,#5870,#6246,.T.);
#6244 = VERTEX_POINT('',#6245);
#6245 = CARTESIAN_POINT('',(-18.7,-10.25,-30.36));
#6246 = SURFACE_CURVE('',#6247,(#6252,#6259),.PCURVE_S1.);
#6247 = CIRCLE('',#6248,1.45);
#6248 = AXIS2_PLACEMENT_3D('',#6249,#6250,#6251);
#6249 = CARTESIAN_POINT('',(-18.7,-10.25,-31.81));
#6250 = DIRECTION('',(-1.,-0.,2.22044604925E-16));
#6251 = DIRECTION('',(2.22044604925E-16,0.,1.));
#6252 = PCURVE('',#1151,#6253);
#6253 = DEFINITIONAL_REPRESENTATION('',(#6254),#6258);
#6254 = LINE('',#6255,#6256);
#6255 = CARTESIAN_POINT('',(6.28318530718,2.3));
#6256 = VECTOR('',#6257,1.);
#6257 = DIRECTION('',(-1.,0.));
#6258 = ( GEOMETRIC_REPRESENTATION_CONTEXT(2) 
PARAMETRIC_REPRESENTATION_CONTEXT() REPRESENTATION_CONTEXT('2D SPACE',''
  ) );
#6259 = PCURVE('',#411,#6260);
#6260 = DEFINITIONAL_REPRESENTATION('',(#6261),#6265);
#6261 = LINE('',#6262,#6263);
#6262 = CARTESIAN_POINT('',(0.,0.));
#6263 = VECTOR('',#6264,1.);
#6264 = DIRECTION('',(1.,0.));
#6265 = ( GEOMETRIC_REPRESENTATION_CONTEXT(2) 
PARAMETRIC_REPRESENTATION_CONTEXT() REPRESENTATION_CONTEXT('2D SPACE',''
  ) );
#6266 = ORIENTED_EDGE('',*,*,#6267,.F.);
#6267 = EDGE_CURVE('',#6191,#6244,#6268,.T.);
#6268 = SURFACE_CURVE('',#6269,(#6274,#6281),.PCURVE_S1.);
#6269 = CIRCLE('',#6270,1.45);
#6270 = AXIS2_PLACEMENT_3D('',#6271,#6272,#6273);
#6271 = CARTESIAN_POINT('',(-18.7,-10.25,-31.81));
#6272 = DIRECTION('',(-1.,-0.,2.22044604925E-16));
#6273 = DIRECTION('',(2.22044604925E-16,0.,1.));
#6274 = PCURVE('',#1151,#6275);
#6275 = DEFINITIONAL_REPRESENTATION('',(#6276),#6280);
#6276 = LINE('',#6277,#6278);
#6277 = CARTESIAN_POINT('',(12.566370614359,2.3));
#6278 = VECTOR('',#6279,1.);
#6279 = DIRECTION('',(-1.,0.));
#6280 = ( GEOMETRIC_REPRESENTATION_CONTEXT(2) 
PARAMETRIC_REPRESENTATION_CONTEXT() REPRESENTATION_CONTEXT('2D SPACE',''
  ) );
#6281 = PCURVE('',#411,#6282);
#6282 = DEFINITIONAL_REPRESENTATION('',(#6283),#6287);
#6283 = LINE('',#6284,#6285);
#6284 = CARTESIAN_POINT('',(0.,0.));
#6285 = VECTOR('',#6286,1.);
#6286 = DIRECTION('',(1.,0.));
#6287 = ( GEOMETRIC_REPRESENTATION_CONTEXT(2) 
PARAMETRIC_REPRESENTATION_CONTEXT() REPRESENTATION_CONTEXT('2D SPACE',''
  ) );
#6288 = ORIENTED_EDGE('',*,*,#6190,.T.);
#6289 = ORIENTED_EDGE('',*,*,#1134,.F.);
#6290 = ORIENTED_EDGE('',*,*,#6291,.F.);
#6291 = EDGE_CURVE('',#5484,#1135,#6292,.T.);
#6292 = SURFACE_CURVE('',#6293,(#6297,#6303),.PCURVE_S1.);
#6293 = LINE('',#6294,#6295);
#6294 = CARTESIAN_POINT('',(-21.,-11.1,-30.63526598755));
#6295 = VECTOR('',#6296,1.);
#6296 = DIRECTION('',(1.,-2.719262146894E-32,-2.22044604925E-16));
#6297 = PCURVE('',#1151,#6298);
#6298 = DEFINITIONAL_REPRESENTATION('',(#6299),#6302);
#6299 = B_SPLINE_CURVE_WITH_KNOTS('',1,(#6300,#6301),.UNSPECIFIED.,.F.,
  .F.,(2,2),(3.845,6.305),.PIECEWISE_BEZIER_KNOTS.);
#6300 = CARTESIAN_POINT('',(6.909554262411,3.845));
#6301 = CARTESIAN_POINT('',(6.909554262411,6.305));
#6302 = ( GEOMETRIC_REPRESENTATION_CONTEXT(2) 
PARAMETRIC_REPRESENTATION_CONTEXT() REPRESENTATION_CONTEXT('2D SPACE',''
  ) );
#6303 = PCURVE('',#1178,#6304);
#6304 = DEFINITIONAL_REPRESENTATION('',(#6305),#6308);
#6305 = B_SPLINE_CURVE_WITH_KNOTS('',1,(#6306,#6307),.UNSPECIFIED.,.F.,
  .F.,(2,2),(3.845,6.305),.PIECEWISE_BEZIER_KNOTS.);
#6306 = CARTESIAN_POINT('',(14.364734012447,-0.205));
#6307 = CARTESIAN_POINT('',(14.364734012447,2.255));
#6308 = ( GEOMETRIC_REPRESENTATION_CONTEXT(2) 
PARAMETRIC_REPRESENTATION_CONTEXT() REPRESENTATION_CONTEXT('2D SPACE',''
  ) );
#6309 = ORIENTED_EDGE('',*,*,#5506,.F.);
#6310 = ADVANCED_FACE('',(#6311),#1178,.T.);
#6311 = FACE_BOUND('',#6312,.T.);
#6312 = EDGE_LOOP('',(#6313,#6314,#6315,#6316));
#6313 = ORIENTED_EDGE('',*,*,#1163,.F.);
#6314 = ORIENTED_EDGE('',*,*,#6291,.F.);
#6315 = ORIENTED_EDGE('',*,*,#5483,.T.);
#6316 = ORIENTED_EDGE('',*,*,#6317,.T.);
#6317 = EDGE_CURVE('',#5463,#1164,#6318,.T.);
#6318 = SURFACE_CURVE('',#6319,(#6323,#6329),.PCURVE_S1.);
#6319 = LINE('',#6320,#6321);
#6320 = CARTESIAN_POINT('',(-18.975,-11.1,-28.81));
#6321 = VECTOR('',#6322,1.);
#6322 = DIRECTION('',(1.,0.,-0.));
#6323 = PCURVE('',#1178,#6324);
#6324 = DEFINITIONAL_REPRESENTATION('',(#6325),#6328);
#6325 = B_SPLINE_CURVE_WITH_KNOTS('',1,(#6326,#6327),.UNSPECIFIED.,.F.,
  .F.,(2,2),(2.025,4.075),.PIECEWISE_BEZIER_KNOTS.);
#6326 = CARTESIAN_POINT('',(16.19,0.));
#6327 = CARTESIAN_POINT('',(16.19,2.05));
#6328 = ( GEOMETRIC_REPRESENTATION_CONTEXT(2) 
PARAMETRIC_REPRESENTATION_CONTEXT() REPRESENTATION_CONTEXT('2D SPACE',''
  ) );
#6329 = PCURVE('',#442,#6330);
#6330 = DEFINITIONAL_REPRESENTATION('',(#6331),#6334);
#6331 = B_SPLINE_CURVE_WITH_KNOTS('',1,(#6332,#6333),.UNSPECIFIED.,.F.,
  .F.,(2,2),(2.025,4.075),.PIECEWISE_BEZIER_KNOTS.);
#6332 = CARTESIAN_POINT('',(4.05,0.3));
#6333 = CARTESIAN_POINT('',(6.1,0.3));
#6334 = ( GEOMETRIC_REPRESENTATION_CONTEXT(2) 
PARAMETRIC_REPRESENTATION_CONTEXT() REPRESENTATION_CONTEXT('2D SPACE',''
  ) );
#6335 = ADVANCED_FACE('',(#6336),#1291,.F.);
#6336 = FACE_BOUND('',#6337,.F.);
#6337 = EDGE_LOOP('',(#6338,#6339,#6358,#6359));
#6338 = ORIENTED_EDGE('',*,*,#1276,.F.);
#6339 = ORIENTED_EDGE('',*,*,#6340,.F.);
#6340 = EDGE_CURVE('',#5416,#1277,#6341,.T.);
#6341 = SURFACE_CURVE('',#6342,(#6346,#6352),.PCURVE_S1.);
#6342 = LINE('',#6343,#6344);
#6343 = CARTESIAN_POINT('',(-21.,11.1,-30.63526598755));
#6344 = VECTOR('',#6345,1.);
#6345 = DIRECTION('',(1.,-2.719262146894E-32,-2.22044604925E-16));
#6346 = PCURVE('',#1291,#6347);
#6347 = DEFINITIONAL_REPRESENTATION('',(#6348),#6351);
#6348 = B_SPLINE_CURVE_WITH_KNOTS('',1,(#6349,#6350),.UNSPECIFIED.,.F.,
  .F.,(2,2),(3.845,6.305),.PIECEWISE_BEZIER_KNOTS.);
#6349 = CARTESIAN_POINT('',(14.364734012447,-0.205));
#6350 = CARTESIAN_POINT('',(14.364734012447,2.255));
#6351 = ( GEOMETRIC_REPRESENTATION_CONTEXT(2) 
PARAMETRIC_REPRESENTATION_CONTEXT() REPRESENTATION_CONTEXT('2D SPACE',''
  ) );
#6352 = PCURVE('',#1319,#6353);
#6353 = DEFINITIONAL_REPRESENTATION('',(#6354),#6357);
#6354 = B_SPLINE_CURVE_WITH_KNOTS('',1,(#6355,#6356),.UNSPECIFIED.,.F.,
  .F.,(2,2),(3.845,6.305),.PIECEWISE_BEZIER_KNOTS.);
#6355 = CARTESIAN_POINT('',(5.656816351948,3.845));
#6356 = CARTESIAN_POINT('',(5.656816351948,6.305));
#6357 = ( GEOMETRIC_REPRESENTATION_CONTEXT(2) 
PARAMETRIC_REPRESENTATION_CONTEXT() REPRESENTATION_CONTEXT('2D SPACE',''
  ) );
#6358 = ORIENTED_EDGE('',*,*,#5439,.T.);
#6359 = ORIENTED_EDGE('',*,*,#6360,.T.);
#6360 = EDGE_CURVE('',#5440,#1256,#6361,.T.);
#6361 = SURFACE_CURVE('',#6362,(#6366,#6372),.PCURVE_S1.);
#6362 = LINE('',#6363,#6364);
#6363 = CARTESIAN_POINT('',(-18.975,11.1,-28.81));
#6364 = VECTOR('',#6365,1.);
#6365 = DIRECTION('',(1.,0.,-0.));
#6366 = PCURVE('',#1291,#6367);
#6367 = DEFINITIONAL_REPRESENTATION('',(#6368),#6371);
#6368 = B_SPLINE_CURVE_WITH_KNOTS('',1,(#6369,#6370),.UNSPECIFIED.,.F.,
  .F.,(2,2),(2.025,4.075),.PIECEWISE_BEZIER_KNOTS.);
#6369 = CARTESIAN_POINT('',(16.19,0.));
#6370 = CARTESIAN_POINT('',(16.19,2.05));
#6371 = ( GEOMETRIC_REPRESENTATION_CONTEXT(2) 
PARAMETRIC_REPRESENTATION_CONTEXT() REPRESENTATION_CONTEXT('2D SPACE',''
  ) );
#6372 = PCURVE('',#442,#6373);
#6373 = DEFINITIONAL_REPRESENTATION('',(#6374),#6377);
#6374 = B_SPLINE_CURVE_WITH_KNOTS('',1,(#6375,#6376),.UNSPECIFIED.,.F.,
  .F.,(2,2),(2.025,4.075),.PIECEWISE_BEZIER_KNOTS.);
#6375 = CARTESIAN_POINT('',(4.05,22.5));
#6376 = CARTESIAN_POINT('',(6.1,22.5));
#6377 = ( GEOMETRIC_REPRESENTATION_CONTEXT(2) 
PARAMETRIC_REPRESENTATION_CONTEXT() REPRESENTATION_CONTEXT('2D SPACE',''
  ) );
#6378 = ADVANCED_FACE('',(#6379),#1319,.F.);
#6379 = FACE_BOUND('',#6380,.F.);
#6380 = EDGE_LOOP('',(#6381,#6403,#6427,#6449,#6450,#6451,#6452));
#6381 = ORIENTED_EDGE('',*,*,#6382,.F.);
#6382 = EDGE_CURVE('',#6383,#1303,#6385,.T.);
#6383 = VERTEX_POINT('',#6384);
#6384 = CARTESIAN_POINT('',(-18.7,11.7,-31.81));
#6385 = SURFACE_CURVE('',#6386,(#6390,#6396),.PCURVE_S1.);
#6386 = LINE('',#6387,#6388);
#6387 = CARTESIAN_POINT('',(-21.,11.7,-31.81));
#6388 = VECTOR('',#6389,1.);
#6389 = DIRECTION('',(1.,0.,0.));
#6390 = PCURVE('',#1319,#6391);
#6391 = DEFINITIONAL_REPRESENTATION('',(#6392),#6395);
#6392 = B_SPLINE_CURVE_WITH_KNOTS('',1,(#6393,#6394),.UNSPECIFIED.,.F.,
  .F.,(2,2),(0.,7.1),.PIECEWISE_BEZIER_KNOTS.);
#6393 = CARTESIAN_POINT('',(4.712388980385,1.750285133459E-31));
#6394 = CARTESIAN_POINT('',(4.712388980385,7.1));
#6395 = ( GEOMETRIC_REPRESENTATION_CONTEXT(2) 
PARAMETRIC_REPRESENTATION_CONTEXT() REPRESENTATION_CONTEXT('2D SPACE',''
  ) );
#6396 = PCURVE('',#1346,#6397);
#6397 = DEFINITIONAL_REPRESENTATION('',(#6398),#6402);
#6398 = LINE('',#6399,#6400);
#6399 = CARTESIAN_POINT('',(0.,0.));
#6400 = VECTOR('',#6401,1.);
#6401 = DIRECTION('',(0.,1.));
#6402 = ( GEOMETRIC_REPRESENTATION_CONTEXT(2) 
PARAMETRIC_REPRESENTATION_CONTEXT() REPRESENTATION_CONTEXT('2D SPACE',''
  ) );
#6403 = ORIENTED_EDGE('',*,*,#6404,.F.);
#6404 = EDGE_CURVE('',#6405,#6383,#6407,.T.);
#6405 = VERTEX_POINT('',#6406);
#6406 = CARTESIAN_POINT('',(-18.7,10.25,-30.36));
#6407 = SURFACE_CURVE('',#6408,(#6413,#6420),.PCURVE_S1.);
#6408 = CIRCLE('',#6409,1.45);
#6409 = AXIS2_PLACEMENT_3D('',#6410,#6411,#6412);
#6410 = CARTESIAN_POINT('',(-18.7,10.25,-31.81));
#6411 = DIRECTION('',(-1.,-0.,2.22044604925E-16));
#6412 = DIRECTION('',(2.22044604925E-16,0.,1.));
#6413 = PCURVE('',#1319,#6414);
#6414 = DEFINITIONAL_REPRESENTATION('',(#6415),#6419);
#6415 = LINE('',#6416,#6417);
#6416 = CARTESIAN_POINT('',(6.28318530718,2.3));
#6417 = VECTOR('',#6418,1.);
#6418 = DIRECTION('',(-1.,0.));
#6419 = ( GEOMETRIC_REPRESENTATION_CONTEXT(2) 
PARAMETRIC_REPRESENTATION_CONTEXT() REPRESENTATION_CONTEXT('2D SPACE',''
  ) );
#6420 = PCURVE('',#376,#6421);
#6421 = DEFINITIONAL_REPRESENTATION('',(#6422),#6426);
#6422 = LINE('',#6423,#6424);
#6423 = CARTESIAN_POINT('',(0.,0.));
#6424 = VECTOR('',#6425,1.);
#6425 = DIRECTION('',(1.,0.));
#6426 = ( GEOMETRIC_REPRESENTATION_CONTEXT(2) 
PARAMETRIC_REPRESENTATION_CONTEXT() REPRESENTATION_CONTEXT('2D SPACE',''
  ) );
#6427 = ORIENTED_EDGE('',*,*,#6428,.F.);
#6428 = EDGE_CURVE('',#5817,#6405,#6429,.T.);
#6429 = SURFACE_CURVE('',#6430,(#6435,#6442),.PCURVE_S1.);
#6430 = CIRCLE('',#6431,1.45);
#6431 = AXIS2_PLACEMENT_3D('',#6432,#6433,#6434);
#6432 = CARTESIAN_POINT('',(-18.7,10.25,-31.81));
#6433 = DIRECTION('',(-1.,-0.,2.22044604925E-16));
#6434 = DIRECTION('',(2.22044604925E-16,0.,1.));
#6435 = PCURVE('',#1319,#6436);
#6436 = DEFINITIONAL_REPRESENTATION('',(#6437),#6441);
#6437 = LINE('',#6438,#6439);
#6438 = CARTESIAN_POINT('',(12.566370614359,2.3));
#6439 = VECTOR('',#6440,1.);
#6440 = DIRECTION('',(-1.,0.));
#6441 = ( GEOMETRIC_REPRESENTATION_CONTEXT(2) 
PARAMETRIC_REPRESENTATION_CONTEXT() REPRESENTATION_CONTEXT('2D SPACE',''
  ) );
#6442 = PCURVE('',#376,#6443);
#6443 = DEFINITIONAL_REPRESENTATION('',(#6444),#6448);
#6444 = LINE('',#6445,#6446);
#6445 = CARTESIAN_POINT('',(0.,0.));
#6446 = VECTOR('',#6447,1.);
#6447 = DIRECTION('',(1.,0.));
#6448 = ( GEOMETRIC_REPRESENTATION_CONTEXT(2) 
PARAMETRIC_REPRESENTATION_CONTEXT() REPRESENTATION_CONTEXT('2D SPACE',''
  ) );
#6449 = ORIENTED_EDGE('',*,*,#5816,.T.);
#6450 = ORIENTED_EDGE('',*,*,#5415,.F.);
#6451 = ORIENTED_EDGE('',*,*,#6340,.T.);
#6452 = ORIENTED_EDGE('',*,*,#1302,.F.);
#6453 = ADVANCED_FACE('',(#6454),#1346,.T.);
#6454 = FACE_BOUND('',#6455,.T.);
#6455 = EDGE_LOOP('',(#6456,#6457,#6458,#6486));
#6456 = ORIENTED_EDGE('',*,*,#1331,.F.);
#6457 = ORIENTED_EDGE('',*,*,#6382,.F.);
#6458 = ORIENTED_EDGE('',*,*,#6459,.T.);
#6459 = EDGE_CURVE('',#6383,#6460,#6462,.T.);
#6460 = VERTEX_POINT('',#6461);
#6461 = CARTESIAN_POINT('',(-18.81946869042,11.7,-32.41060966544));
#6462 = SURFACE_CURVE('',#6463,(#6468,#6475),.PCURVE_S1.);
#6463 = HYPERBOLA('',#6464,1.45,1.45);
#6464 = AXIS2_PLACEMENT_3D('',#6465,#6466,#6467);
#6465 = CARTESIAN_POINT('',(-17.25,11.7,-31.81));
#6466 = DIRECTION('',(0.,-1.,1.224646799147E-16));
#6467 = DIRECTION('',(-1.,2.719262146894E-32,2.22044604925E-16));
#6468 = PCURVE('',#1346,#6469);
#6469 = DEFINITIONAL_REPRESENTATION('',(#6470),#6474);
#6470 = ( BOUNDED_CURVE() B_SPLINE_CURVE(2,(#6471,#6472,#6473),
.UNSPECIFIED.,.F.,.F.) B_SPLINE_CURVE_WITH_KNOTS((3,3),(
-3.127213959817E-08,0.44118284331),.PIECEWISE_BEZIER_KNOTS.) CURVE() 
GEOMETRIC_REPRESENTATION_ITEM() RATIONAL_B_SPLINE_CURVE((1.,
1.024429111782,1.)) REPRESENTATION_ITEM('') );
#6471 = CARTESIAN_POINT('',(-4.534459918659E-08,2.3));
#6472 = CARTESIAN_POINT('',(0.314768419537,2.300000009843));
#6473 = CARTESIAN_POINT('',(0.660670631985,2.156580505966));
#6474 = ( GEOMETRIC_REPRESENTATION_CONTEXT(2) 
PARAMETRIC_REPRESENTATION_CONTEXT() REPRESENTATION_CONTEXT('2D SPACE',''
  ) );
#6475 = PCURVE('',#376,#6476);
#6476 = DEFINITIONAL_REPRESENTATION('',(#6477),#6485);
#6477 = B_SPLINE_CURVE_WITH_KNOTS('',6,(#6478,#6479,#6480,#6481,#6482,
    #6483,#6484),.UNSPECIFIED.,.F.,.F.,(7,7),(-3.127213959817E-08,
    0.44118284331),.PIECEWISE_BEZIER_KNOTS.);
#6478 = CARTESIAN_POINT('',(1.570796295523,0.));
#6479 = CARTESIAN_POINT('',(1.64432677462,-3.334210358983E-09));
#6480 = CARTESIAN_POINT('',(1.717857121862,9.407706988866E-03));
#6481 = CARTESIAN_POINT('',(1.790672739036,2.822312323848E-02));
#6482 = CARTESIAN_POINT('',(1.862054087632,5.659886589334E-02));
#6483 = CARTESIAN_POINT('',(1.93141416702,9.484006593881E-02));
#6484 = CARTESIAN_POINT('',(1.99832636126,0.143419494034));
#6485 = ( GEOMETRIC_REPRESENTATION_CONTEXT(2) 
PARAMETRIC_REPRESENTATION_CONTEXT() REPRESENTATION_CONTEXT('2D SPACE',''
  ) );
#6486 = ORIENTED_EDGE('',*,*,#6487,.F.);
#6487 = EDGE_CURVE('',#1332,#6460,#6488,.T.);
#6488 = SURFACE_CURVE('',#6489,(#6493,#6499),.PCURVE_S1.);
#6489 = LINE('',#6490,#6491);
#6490 = CARTESIAN_POINT('',(-21.,11.7,-32.41060966544));
#6491 = VECTOR('',#6492,1.);
#6492 = DIRECTION('',(-1.,0.,-0.));
#6493 = PCURVE('',#1346,#6494);
#6494 = DEFINITIONAL_REPRESENTATION('',(#6495),#6498);
#6495 = B_SPLINE_CURVE_WITH_KNOTS('',1,(#6496,#6497),.UNSPECIFIED.,.F.,
  .F.,(2,2),(-7.1,0.),.PIECEWISE_BEZIER_KNOTS.);
#6496 = CARTESIAN_POINT('',(0.600609665441,7.1));
#6497 = CARTESIAN_POINT('',(0.600609665441,0.));
#6498 = ( GEOMETRIC_REPRESENTATION_CONTEXT(2) 
PARAMETRIC_REPRESENTATION_CONTEXT() REPRESENTATION_CONTEXT('2D SPACE',''
  ) );
#6499 = PCURVE('',#1370,#6500);
#6500 = DEFINITIONAL_REPRESENTATION('',(#6501),#6505);
#6501 = LINE('',#6502,#6503);
#6502 = CARTESIAN_POINT('',(0.,0.849390334559));
#6503 = VECTOR('',#6504,1.);
#6504 = DIRECTION('',(-1.,0.));
#6505 = ( GEOMETRIC_REPRESENTATION_CONTEXT(2) 
PARAMETRIC_REPRESENTATION_CONTEXT() REPRESENTATION_CONTEXT('2D SPACE',''
  ) );
#6506 = ADVANCED_FACE('',(#6507),#1370,.F.);
#6507 = FACE_BOUND('',#6508,.F.);
#6508 = EDGE_LOOP('',(#6509,#6510,#6538,#6564,#6565,#6566,#6585));
#6509 = ORIENTED_EDGE('',*,*,#5709,.T.);
#6510 = ORIENTED_EDGE('',*,*,#6511,.T.);
#6511 = EDGE_CURVE('',#5682,#6512,#6514,.T.);
#6512 = VERTEX_POINT('',#6513);
#6513 = CARTESIAN_POINT('',(-18.7,11.275304821436,-32.835304844));
#6514 = SURFACE_CURVE('',#6515,(#6520,#6527),.PCURVE_S1.);
#6515 = HYPERBOLA('',#6516,1.45,1.45);
#6516 = AXIS2_PLACEMENT_3D('',#6517,#6518,#6519);
#6517 = CARTESIAN_POINT('',(-17.25,11.27530483272,-32.83530483272));
#6518 = DIRECTION('',(0.,0.707106781187,-0.707106781187));
#6519 = DIRECTION('',(-1.,1.110223024625E-16,1.110223024625E-16));
#6520 = PCURVE('',#1370,#6521);
#6521 = DEFINITIONAL_REPRESENTATION('',(#6522),#6526);
#6522 = ( BOUNDED_CURVE() B_SPLINE_CURVE(2,(#6523,#6524,#6525),
.UNSPECIFIED.,.F.,.F.) B_SPLINE_CURVE_WITH_KNOTS((3,3),(-0.478577328328,
6.272974575272E-08),.PIECEWISE_BEZIER_KNOTS.) CURVE() 
GEOMETRIC_REPRESENTATION_ITEM() RATIONAL_B_SPLINE_CURVE((1.,
1.028766409332,1.)) REPRESENTATION_ITEM('') );
#6523 = CARTESIAN_POINT('',(2.130755102797,2.170731598529));
#6524 = CARTESIAN_POINT('',(2.300000021359,1.790494390505));
#6525 = CARTESIAN_POINT('',(2.3,1.449999909042));
#6526 = ( GEOMETRIC_REPRESENTATION_CONTEXT(2) 
PARAMETRIC_REPRESENTATION_CONTEXT() REPRESENTATION_CONTEXT('2D SPACE',''
  ) );
#6527 = PCURVE('',#376,#6528);
#6528 = DEFINITIONAL_REPRESENTATION('',(#6529),#6537);
#6529 = B_SPLINE_CURVE_WITH_KNOTS('',6,(#6530,#6531,#6532,#6533,#6534,
    #6535,#6536),.UNSPECIFIED.,.F.,.F.,(7,7),(-0.478577328328,
    6.272974575272E-08),.PIECEWISE_BEZIER_KNOTS.);
#6530 = CARTESIAN_POINT('',(2.817484347206,0.169244897203));
#6531 = CARTESIAN_POINT('',(2.746058336823,0.111757255857));
#6532 = CARTESIAN_POINT('',(2.671589489685,6.663180834655E-02));
#6533 = CARTESIAN_POINT('',(2.594570682457,3.321023598118E-02));
#6534 = CARTESIAN_POINT('',(2.51572001577,1.107007635993E-02));
#6535 = CARTESIAN_POINT('',(2.435957325972,-7.255081821945E-09));
#6536 = CARTESIAN_POINT('',(2.356194427463,2.442490654175E-15));
#6537 = ( GEOMETRIC_REPRESENTATION_CONTEXT(2) 
PARAMETRIC_REPRESENTATION_CONTEXT() REPRESENTATION_CONTEXT('2D SPACE',''
  ) );
#6538 = ORIENTED_EDGE('',*,*,#6539,.T.);
#6539 = EDGE_CURVE('',#6512,#6460,#6540,.T.);
#6540 = SURFACE_CURVE('',#6541,(#6546,#6553),.PCURVE_S1.);
#6541 = HYPERBOLA('',#6542,1.45,1.45);
#6542 = AXIS2_PLACEMENT_3D('',#6543,#6544,#6545);
#6543 = CARTESIAN_POINT('',(-17.25,11.27530483272,-32.83530483272));
#6544 = DIRECTION('',(0.,0.707106781187,-0.707106781187));
#6545 = DIRECTION('',(-1.,1.110223024625E-16,1.110223024625E-16));
#6546 = PCURVE('',#1370,#6547);
#6547 = DEFINITIONAL_REPRESENTATION('',(#6548),#6552);
#6548 = ( BOUNDED_CURVE() B_SPLINE_CURVE(2,(#6549,#6550,#6551),
.UNSPECIFIED.,.F.,.F.) B_SPLINE_CURVE_WITH_KNOTS((3,3),(
6.272974575272E-08,0.478577328328),.PIECEWISE_BEZIER_KNOTS.) CURVE() 
GEOMETRIC_REPRESENTATION_ITEM() RATIONAL_B_SPLINE_CURVE((1.,
1.028766394178,1.)) REPRESENTATION_ITEM('') );
#6549 = CARTESIAN_POINT('',(2.3,1.449999909042));
#6550 = CARTESIAN_POINT('',(2.299999978641,1.109505513521));
#6551 = CARTESIAN_POINT('',(2.130755102797,0.729268401471));
#6552 = ( GEOMETRIC_REPRESENTATION_CONTEXT(2) 
PARAMETRIC_REPRESENTATION_CONTEXT() REPRESENTATION_CONTEXT('2D SPACE',''
  ) );
#6553 = PCURVE('',#376,#6554);
#6554 = DEFINITIONAL_REPRESENTATION('',(#6555),#6563);
#6555 = B_SPLINE_CURVE_WITH_KNOTS('',6,(#6556,#6557,#6558,#6559,#6560,
    #6561,#6562),.UNSPECIFIED.,.F.,.F.,(7,7),(6.272974575272E-08,
    0.478577328328),.PIECEWISE_BEZIER_KNOTS.);
#6556 = CARTESIAN_POINT('',(2.356194427463,2.442490654175E-15));
#6557 = CARTESIAN_POINT('',(2.276431549863,7.255084805E-09));
#6558 = CARTESIAN_POINT('',(2.196668881932,1.107009957618E-02));
#6559 = CARTESIAN_POINT('',(2.117818237356,3.321026226566E-02));
#6560 = CARTESIAN_POINT('',(2.040799451656,6.66318320059E-02));
#6561 = CARTESIAN_POINT('',(1.966330624837,0.111757270927));
#6562 = CARTESIAN_POINT('',(1.894904633179,0.169244897203));
#6563 = ( GEOMETRIC_REPRESENTATION_CONTEXT(2) 
PARAMETRIC_REPRESENTATION_CONTEXT() REPRESENTATION_CONTEXT('2D SPACE',''
  ) );
#6564 = ORIENTED_EDGE('',*,*,#6487,.F.);
#6565 = ORIENTED_EDGE('',*,*,#1357,.F.);
#6566 = ORIENTED_EDGE('',*,*,#6567,.T.);
#6567 = EDGE_CURVE('',#903,#5294,#6568,.T.);
#6568 = SURFACE_CURVE('',#6569,(#6573,#6579),.PCURVE_S1.);
#6569 = LINE('',#6570,#6571);
#6570 = CARTESIAN_POINT('',(-18.975,11.1,-33.01060966544));
#6571 = VECTOR('',#6572,1.);
#6572 = DIRECTION('',(-1.,0.,-0.));
#6573 = PCURVE('',#1370,#6574);
#6574 = DEFINITIONAL_REPRESENTATION('',(#6575),#6578);
#6575 = B_SPLINE_CURVE_WITH_KNOTS('',1,(#6576,#6577),.UNSPECIFIED.,.F.,
  .F.,(2,2),(-4.075,-2.025),.PIECEWISE_BEZIER_KNOTS.);
#6576 = CARTESIAN_POINT('',(6.1,1.697918471983));
#6577 = CARTESIAN_POINT('',(4.05,1.697918471983));
#6578 = ( GEOMETRIC_REPRESENTATION_CONTEXT(2) 
PARAMETRIC_REPRESENTATION_CONTEXT() REPRESENTATION_CONTEXT('2D SPACE',''
  ) );
#6579 = PCURVE('',#917,#6580);
#6580 = DEFINITIONAL_REPRESENTATION('',(#6581),#6584);
#6581 = B_SPLINE_CURVE_WITH_KNOTS('',1,(#6582,#6583),.UNSPECIFIED.,.F.,
  .F.,(2,2),(-4.075,-2.025),.PIECEWISE_BEZIER_KNOTS.);
#6582 = CARTESIAN_POINT('',(11.989390334559,2.05));
#6583 = CARTESIAN_POINT('',(11.989390334559,0.));
#6584 = ( GEOMETRIC_REPRESENTATION_CONTEXT(2) 
PARAMETRIC_REPRESENTATION_CONTEXT() REPRESENTATION_CONTEXT('2D SPACE',''
  ) );
#6585 = ORIENTED_EDGE('',*,*,#5316,.F.);
#6586 = ADVANCED_FACE('',(#6587),#917,.F.);
#6587 = FACE_BOUND('',#6588,.F.);
#6588 = EDGE_LOOP('',(#6589,#6590,#6609,#6610));
#6589 = ORIENTED_EDGE('',*,*,#900,.F.);
#6590 = ORIENTED_EDGE('',*,*,#6591,.T.);
#6591 = EDGE_CURVE('',#901,#5273,#6592,.T.);
#6592 = SURFACE_CURVE('',#6593,(#6597,#6603),.PCURVE_S1.);
#6593 = LINE('',#6594,#6595);
#6594 = CARTESIAN_POINT('',(-18.45,11.1,-44.));
#6595 = VECTOR('',#6596,1.);
#6596 = DIRECTION('',(-1.,-0.,0.));
#6597 = PCURVE('',#917,#6598);
#6598 = DEFINITIONAL_REPRESENTATION('',(#6599),#6602);
#6599 = B_SPLINE_CURVE_WITH_KNOTS('',1,(#6600,#6601),.UNSPECIFIED.,.F.,
  .F.,(2,2),(-3.56,-1.5),.PIECEWISE_BEZIER_KNOTS.);
#6600 = CARTESIAN_POINT('',(1.,2.06));
#6601 = CARTESIAN_POINT('',(1.,0.));
#6602 = ( GEOMETRIC_REPRESENTATION_CONTEXT(2) 
PARAMETRIC_REPRESENTATION_CONTEXT() REPRESENTATION_CONTEXT('2D SPACE',''
  ) );
#6603 = PCURVE('',#181,#6604);
#6604 = DEFINITIONAL_REPRESENTATION('',(#6605),#6608);
#6605 = B_SPLINE_CURVE_WITH_KNOTS('',1,(#6606,#6607),.UNSPECIFIED.,.F.,
  .F.,(2,2),(-3.56,-1.5),.PIECEWISE_BEZIER_KNOTS.);
#6606 = CARTESIAN_POINT('',(5.06,26.36));
#6607 = CARTESIAN_POINT('',(3.,26.36));
#6608 = ( GEOMETRIC_REPRESENTATION_CONTEXT(2) 
PARAMETRIC_REPRESENTATION_CONTEXT() REPRESENTATION_CONTEXT('2D SPACE',''
  ) );
#6609 = ORIENTED_EDGE('',*,*,#5293,.T.);
#6610 = ORIENTED_EDGE('',*,*,#6567,.F.);
#6611 = ADVANCED_FACE('',(#6612),#468,.T.);
#6612 = FACE_BOUND('',#6613,.T.);
#6613 = EDGE_LOOP('',(#6614,#6635,#6636,#6637));
#6614 = ORIENTED_EDGE('',*,*,#6615,.F.);
#6615 = EDGE_CURVE('',#428,#1190,#6616,.T.);
#6616 = SURFACE_CURVE('',#6617,(#6621,#6628),.PCURVE_S1.);
#6617 = LINE('',#6618,#6619);
#6618 = CARTESIAN_POINT('',(-21.,-11.4,-28.81));
#6619 = VECTOR('',#6620,1.);
#6620 = DIRECTION('',(1.,0.,-0.));
#6621 = PCURVE('',#468,#6622);
#6622 = DEFINITIONAL_REPRESENTATION('',(#6623),#6627);
#6623 = LINE('',#6624,#6625);
#6624 = CARTESIAN_POINT('',(0.,0.));
#6625 = VECTOR('',#6626,1.);
#6626 = DIRECTION('',(0.,1.));
#6627 = ( GEOMETRIC_REPRESENTATION_CONTEXT(2) 
PARAMETRIC_REPRESENTATION_CONTEXT() REPRESENTATION_CONTEXT('2D SPACE',''
  ) );
#6628 = PCURVE('',#442,#6629);
#6629 = DEFINITIONAL_REPRESENTATION('',(#6630),#6634);
#6630 = LINE('',#6631,#6632);
#6631 = CARTESIAN_POINT('',(0.,0.));
#6632 = VECTOR('',#6633,1.);
#6633 = DIRECTION('',(1.,0.));
#6634 = ( GEOMETRIC_REPRESENTATION_CONTEXT(2) 
PARAMETRIC_REPRESENTATION_CONTEXT() REPRESENTATION_CONTEXT('2D SPACE',''
  ) );
#6635 = ORIENTED_EDGE('',*,*,#453,.T.);
#6636 = ORIENTED_EDGE('',*,*,#556,.T.);
#6637 = ORIENTED_EDGE('',*,*,#1210,.F.);
#6638 = ADVANCED_FACE('',(#6639),#518,.F.);
#6639 = FACE_BOUND('',#6640,.F.);
#6640 = EDGE_LOOP('',(#6641,#6662,#6663,#6664));
#6641 = ORIENTED_EDGE('',*,*,#6642,.F.);
#6642 = EDGE_CURVE('',#426,#1235,#6643,.T.);
#6643 = SURFACE_CURVE('',#6644,(#6648,#6655),.PCURVE_S1.);
#6644 = LINE('',#6645,#6646);
#6645 = CARTESIAN_POINT('',(-21.,11.4,-28.81));
#6646 = VECTOR('',#6647,1.);
#6647 = DIRECTION('',(1.,0.,-0.));
#6648 = PCURVE('',#518,#6649);
#6649 = DEFINITIONAL_REPRESENTATION('',(#6650),#6654);
#6650 = LINE('',#6651,#6652);
#6651 = CARTESIAN_POINT('',(0.,0.));
#6652 = VECTOR('',#6653,1.);
#6653 = DIRECTION('',(0.,1.));
#6654 = ( GEOMETRIC_REPRESENTATION_CONTEXT(2) 
PARAMETRIC_REPRESENTATION_CONTEXT() REPRESENTATION_CONTEXT('2D SPACE',''
  ) );
#6655 = PCURVE('',#442,#6656);
#6656 = DEFINITIONAL_REPRESENTATION('',(#6657),#6661);
#6657 = LINE('',#6658,#6659);
#6658 = CARTESIAN_POINT('',(0.,22.8));
#6659 = VECTOR('',#6660,1.);
#6660 = DIRECTION('',(1.,0.));
#6661 = ( GEOMETRIC_REPRESENTATION_CONTEXT(2) 
PARAMETRIC_REPRESENTATION_CONTEXT() REPRESENTATION_CONTEXT('2D SPACE',''
  ) );
#6662 = ORIENTED_EDGE('',*,*,#505,.T.);
#6663 = ORIENTED_EDGE('',*,*,#532,.T.);
#6664 = ORIENTED_EDGE('',*,*,#1234,.F.);
#6665 = ADVANCED_FACE('',(#6666),#442,.T.);
#6666 = FACE_BOUND('',#6667,.T.);
#6667 = EDGE_LOOP('',(#6668,#6669,#6670,#6671,#6672,#6673,#6674,#6675));
#6668 = ORIENTED_EDGE('',*,*,#6642,.F.);
#6669 = ORIENTED_EDGE('',*,*,#425,.T.);
#6670 = ORIENTED_EDGE('',*,*,#6615,.T.);
#6671 = ORIENTED_EDGE('',*,*,#1189,.F.);
#6672 = ORIENTED_EDGE('',*,*,#6317,.F.);
#6673 = ORIENTED_EDGE('',*,*,#5462,.F.);
#6674 = ORIENTED_EDGE('',*,*,#6360,.T.);
#6675 = ORIENTED_EDGE('',*,*,#1255,.F.);
#6676 = ADVANCED_FACE('',(#6677),#411,.F.);
#6677 = FACE_BOUND('',#6678,.F.);
#6678 = EDGE_LOOP('',(#6679,#6680,#6701,#6702,#6703,#6704,#6705,#6706,
    #6707,#6708,#6709,#6710,#6711));
#6679 = ORIENTED_EDGE('',*,*,#390,.F.);
#6680 = ORIENTED_EDGE('',*,*,#6681,.F.);
#6681 = EDGE_CURVE('',#6244,#391,#6682,.T.);
#6682 = SEAM_CURVE('',#6683,(#6687,#6694),.PCURVE_S1.);
#6683 = LINE('',#6684,#6685);
#6684 = CARTESIAN_POINT('',(-18.7,-10.25,-30.36));
#6685 = VECTOR('',#6686,1.);
#6686 = DIRECTION('',(-0.707106781187,-1.731912112471E-16,0.707106781187
    ));
#6687 = PCURVE('',#411,#6688);
#6688 = DEFINITIONAL_REPRESENTATION('',(#6689),#6693);
#6689 = LINE('',#6690,#6691);
#6690 = CARTESIAN_POINT('',(6.28318530718,-0.));
#6691 = VECTOR('',#6692,1.);
#6692 = DIRECTION('',(0.,1.));
#6693 = ( GEOMETRIC_REPRESENTATION_CONTEXT(2) 
PARAMETRIC_REPRESENTATION_CONTEXT() REPRESENTATION_CONTEXT('2D SPACE',''
  ) );
#6694 = PCURVE('',#411,#6695);
#6695 = DEFINITIONAL_REPRESENTATION('',(#6696),#6700);
#6696 = LINE('',#6697,#6698);
#6697 = CARTESIAN_POINT('',(0.,-0.));
#6698 = VECTOR('',#6699,1.);
#6699 = DIRECTION('',(0.,1.));
#6700 = ( GEOMETRIC_REPRESENTATION_CONTEXT(2) 
PARAMETRIC_REPRESENTATION_CONTEXT() REPRESENTATION_CONTEXT('2D SPACE',''
  ) );
#6701 = ORIENTED_EDGE('',*,*,#6243,.T.);
#6702 = ORIENTED_EDGE('',*,*,#5891,.T.);
#6703 = ORIENTED_EDGE('',*,*,#5993,.F.);
#6704 = ORIENTED_EDGE('',*,*,#5965,.F.);
#6705 = ORIENTED_EDGE('',*,*,#6075,.F.);
#6706 = ORIENTED_EDGE('',*,*,#6047,.F.);
#6707 = ORIENTED_EDGE('',*,*,#6157,.F.);
#6708 = ORIENTED_EDGE('',*,*,#6129,.F.);
#6709 = ORIENTED_EDGE('',*,*,#6212,.F.);
#6710 = ORIENTED_EDGE('',*,*,#6267,.T.);
#6711 = ORIENTED_EDGE('',*,*,#6681,.T.);
#6712 = ADVANCED_FACE('',(#6713),#376,.F.);
#6713 = FACE_BOUND('',#6714,.F.);
#6714 = EDGE_LOOP('',(#6715,#6716,#6737,#6738,#6739,#6740,#6741,#6742,
    #6743,#6744,#6745,#6746,#6747));
#6715 = ORIENTED_EDGE('',*,*,#355,.F.);
#6716 = ORIENTED_EDGE('',*,*,#6717,.F.);
#6717 = EDGE_CURVE('',#6405,#356,#6718,.T.);
#6718 = SEAM_CURVE('',#6719,(#6723,#6730),.PCURVE_S1.);
#6719 = LINE('',#6720,#6721);
#6720 = CARTESIAN_POINT('',(-18.7,10.25,-30.36));
#6721 = VECTOR('',#6722,1.);
#6722 = DIRECTION('',(-0.707106781187,-1.731912112471E-16,0.707106781187
    ));
#6723 = PCURVE('',#376,#6724);
#6724 = DEFINITIONAL_REPRESENTATION('',(#6725),#6729);
#6725 = LINE('',#6726,#6727);
#6726 = CARTESIAN_POINT('',(6.28318530718,-0.));
#6727 = VECTOR('',#6728,1.);
#6728 = DIRECTION('',(0.,1.));
#6729 = ( GEOMETRIC_REPRESENTATION_CONTEXT(2) 
PARAMETRIC_REPRESENTATION_CONTEXT() REPRESENTATION_CONTEXT('2D SPACE',''
  ) );
#6730 = PCURVE('',#376,#6731);
#6731 = DEFINITIONAL_REPRESENTATION('',(#6732),#6736);
#6732 = LINE('',#6733,#6734);
#6733 = CARTESIAN_POINT('',(0.,-0.));
#6734 = VECTOR('',#6735,1.);
#6735 = DIRECTION('',(0.,1.));
#6736 = ( GEOMETRIC_REPRESENTATION_CONTEXT(2) 
PARAMETRIC_REPRESENTATION_CONTEXT() REPRESENTATION_CONTEXT('2D SPACE',''
  ) );
#6737 = ORIENTED_EDGE('',*,*,#6404,.T.);
#6738 = ORIENTED_EDGE('',*,*,#6459,.T.);
#6739 = ORIENTED_EDGE('',*,*,#6539,.F.);
#6740 = ORIENTED_EDGE('',*,*,#6511,.F.);
#6741 = ORIENTED_EDGE('',*,*,#5681,.F.);
#6742 = ORIENTED_EDGE('',*,*,#5653,.F.);
#6743 = ORIENTED_EDGE('',*,*,#5785,.F.);
#6744 = ORIENTED_EDGE('',*,*,#5757,.F.);
#6745 = ORIENTED_EDGE('',*,*,#5838,.F.);
#6746 = ORIENTED_EDGE('',*,*,#6428,.T.);
#6747 = ORIENTED_EDGE('',*,*,#6717,.T.);
#6748 = ADVANCED_FACE('',(#6749),#72,.F.);
#6749 = FACE_BOUND('',#6750,.F.);
#6750 = EDGE_LOOP('',(#6751,#6752,#6773,#6774,#6775,#6776,#6777,#6778,
    #6779,#6780));
#6751 = ORIENTED_EDGE('',*,*,#56,.F.);
#6752 = ORIENTED_EDGE('',*,*,#6753,.T.);
#6753 = EDGE_CURVE('',#22,#2874,#6754,.T.);
#6754 = SURFACE_CURVE('',#6755,(#6759,#6766),.PCURVE_S1.);
#6755 = LINE('',#6756,#6757);
#6756 = CARTESIAN_POINT('',(-19.95,-15.26,-44.));
#6757 = VECTOR('',#6758,1.);
#6758 = DIRECTION('',(1.,0.,0.));
#6759 = PCURVE('',#72,#6760);
#6760 = DEFINITIONAL_REPRESENTATION('',(#6761),#6765);
#6761 = LINE('',#6762,#6763);
#6762 = CARTESIAN_POINT('',(0.,0.));
#6763 = VECTOR('',#6764,1.);
#6764 = DIRECTION('',(1.,0.));
#6765 = ( GEOMETRIC_REPRESENTATION_CONTEXT(2) 
PARAMETRIC_REPRESENTATION_CONTEXT() REPRESENTATION_CONTEXT('2D SPACE',''
  ) );
#6766 = PCURVE('',#44,#6767);
#6767 = DEFINITIONAL_REPRESENTATION('',(#6768),#6772);
#6768 = LINE('',#6769,#6770);
#6769 = CARTESIAN_POINT('',(-41.,3.552713678801E-15));
#6770 = VECTOR('',#6771,1.);
#6771 = DIRECTION('',(0.,1.));
#6772 = ( GEOMETRIC_REPRESENTATION_CONTEXT(2) 
PARAMETRIC_REPRESENTATION_CONTEXT() REPRESENTATION_CONTEXT('2D SPACE',''
  ) );
#6773 = ORIENTED_EDGE('',*,*,#2898,.T.);
#6774 = ORIENTED_EDGE('',*,*,#4935,.T.);
#6775 = ORIENTED_EDGE('',*,*,#1586,.F.);
#6776 = ORIENTED_EDGE('',*,*,#5083,.F.);
#6777 = ORIENTED_EDGE('',*,*,#1033,.T.);
#6778 = ORIENTED_EDGE('',*,*,#5113,.T.);
#6779 = ORIENTED_EDGE('',*,*,#5185,.T.);
#6780 = ORIENTED_EDGE('',*,*,#6781,.T.);
#6781 = EDGE_CURVE('',#5186,#57,#6782,.T.);
#6782 = SURFACE_CURVE('',#6783,(#6787,#6793),.PCURVE_S1.);
#6783 = LINE('',#6784,#6785);
#6784 = CARTESIAN_POINT('',(-20.475,-10.3,-44.));
#6785 = VECTOR('',#6786,1.);
#6786 = DIRECTION('',(-1.,-0.,0.));
#6787 = PCURVE('',#72,#6788);
#6788 = DEFINITIONAL_REPRESENTATION('',(#6789),#6792);
#6789 = B_SPLINE_CURVE_WITH_KNOTS('',1,(#6790,#6791),.UNSPECIFIED.,.F.,
  .F.,(2,2),(-40.425,-0.525),.PIECEWISE_BEZIER_KNOTS.);
#6790 = CARTESIAN_POINT('',(39.9,4.96));
#6791 = CARTESIAN_POINT('',(0.,4.96));
#6792 = ( GEOMETRIC_REPRESENTATION_CONTEXT(2) 
PARAMETRIC_REPRESENTATION_CONTEXT() REPRESENTATION_CONTEXT('2D SPACE',''
  ) );
#6793 = PCURVE('',#99,#6794);
#6794 = DEFINITIONAL_REPRESENTATION('',(#6795),#6798);
#6795 = B_SPLINE_CURVE_WITH_KNOTS('',1,(#6796,#6797),.UNSPECIFIED.,.F.,
  .F.,(2,2),(-40.425,-0.525),.PIECEWISE_BEZIER_KNOTS.);
#6796 = CARTESIAN_POINT('',(1.,40.95));
#6797 = CARTESIAN_POINT('',(1.,1.05));
#6798 = ( GEOMETRIC_REPRESENTATION_CONTEXT(2) 
PARAMETRIC_REPRESENTATION_CONTEXT() REPRESENTATION_CONTEXT('2D SPACE',''
  ) );
#6799 = ADVANCED_FACE('',(#6800),#99,.T.);
#6800 = FACE_BOUND('',#6801,.T.);
#6801 = EDGE_LOOP('',(#6802,#6803,#6824,#6825));
#6802 = ORIENTED_EDGE('',*,*,#84,.T.);
#6803 = ORIENTED_EDGE('',*,*,#6804,.T.);
#6804 = EDGE_CURVE('',#85,#5207,#6805,.T.);
#6805 = SURFACE_CURVE('',#6806,(#6810,#6817),.PCURVE_S1.);
#6806 = LINE('',#6807,#6808);
#6807 = CARTESIAN_POINT('',(-21.,-10.3,-40.11));
#6808 = VECTOR('',#6809,1.);
#6809 = DIRECTION('',(1.,0.,-0.));
#6810 = PCURVE('',#99,#6811);
#6811 = DEFINITIONAL_REPRESENTATION('',(#6812),#6816);
#6812 = LINE('',#6813,#6814);
#6813 = CARTESIAN_POINT('',(4.89,0.));
#6814 = VECTOR('',#6815,1.);
#6815 = DIRECTION('',(0.,1.));
#6816 = ( GEOMETRIC_REPRESENTATION_CONTEXT(2) 
PARAMETRIC_REPRESENTATION_CONTEXT() REPRESENTATION_CONTEXT('2D SPACE',''
  ) );
#6817 = PCURVE('',#127,#6818);
#6818 = DEFINITIONAL_REPRESENTATION('',(#6819),#6823);
#6819 = LINE('',#6820,#6821);
#6820 = CARTESIAN_POINT('',(4.712388980385,1.577721810442E-30));
#6821 = VECTOR('',#6822,1.);
#6822 = DIRECTION('',(0.,1.));
#6823 = ( GEOMETRIC_REPRESENTATION_CONTEXT(2) 
PARAMETRIC_REPRESENTATION_CONTEXT() REPRESENTATION_CONTEXT('2D SPACE',''
  ) );
#6824 = ORIENTED_EDGE('',*,*,#5206,.F.);
#6825 = ORIENTED_EDGE('',*,*,#6781,.T.);
#6826 = ADVANCED_FACE('',(#6827),#127,.F.);
#6827 = FACE_BOUND('',#6828,.F.);
#6828 = EDGE_LOOP('',(#6829,#6850,#6851,#6852));
#6829 = ORIENTED_EDGE('',*,*,#6830,.F.);
#6830 = EDGE_CURVE('',#111,#5228,#6831,.T.);
#6831 = SURFACE_CURVE('',#6832,(#6836,#6843),.PCURVE_S1.);
#6832 = LINE('',#6833,#6834);
#6833 = CARTESIAN_POINT('',(-21.,10.3,-40.11));
#6834 = VECTOR('',#6835,1.);
#6835 = DIRECTION('',(1.,0.,-0.));
#6836 = PCURVE('',#127,#6837);
#6837 = DEFINITIONAL_REPRESENTATION('',(#6838),#6842);
#6838 = LINE('',#6839,#6840);
#6839 = CARTESIAN_POINT('',(1.570796326795,1.577721810442E-30));
#6840 = VECTOR('',#6841,1.);
#6841 = DIRECTION('',(0.,1.));
#6842 = ( GEOMETRIC_REPRESENTATION_CONTEXT(2) 
PARAMETRIC_REPRESENTATION_CONTEXT() REPRESENTATION_CONTEXT('2D SPACE',''
  ) );
#6843 = PCURVE('',#154,#6844);
#6844 = DEFINITIONAL_REPRESENTATION('',(#6845),#6849);
#6845 = LINE('',#6846,#6847);
#6846 = CARTESIAN_POINT('',(4.89,0.));
#6847 = VECTOR('',#6848,1.);
#6848 = DIRECTION('',(0.,1.));
#6849 = ( GEOMETRIC_REPRESENTATION_CONTEXT(2) 
PARAMETRIC_REPRESENTATION_CONTEXT() REPRESENTATION_CONTEXT('2D SPACE',''
  ) );
#6850 = ORIENTED_EDGE('',*,*,#110,.T.);
#6851 = ORIENTED_EDGE('',*,*,#6804,.T.);
#6852 = ORIENTED_EDGE('',*,*,#5227,.F.);
#6853 = ADVANCED_FACE('',(#6854),#154,.F.);
#6854 = FACE_BOUND('',#6855,.F.);
#6855 = EDGE_LOOP('',(#6856,#6857,#6858,#6859));
#6856 = ORIENTED_EDGE('',*,*,#139,.T.);
#6857 = ORIENTED_EDGE('',*,*,#6830,.T.);
#6858 = ORIENTED_EDGE('',*,*,#5251,.F.);
#6859 = ORIENTED_EDGE('',*,*,#6860,.T.);
#6860 = EDGE_CURVE('',#5252,#140,#6861,.T.);
#6861 = SURFACE_CURVE('',#6862,(#6866,#6872),.PCURVE_S1.);
#6862 = LINE('',#6863,#6864);
#6863 = CARTESIAN_POINT('',(-20.475,10.3,-44.));
#6864 = VECTOR('',#6865,1.);
#6865 = DIRECTION('',(-1.,-0.,0.));
#6866 = PCURVE('',#154,#6867);
#6867 = DEFINITIONAL_REPRESENTATION('',(#6868),#6871);
#6868 = B_SPLINE_CURVE_WITH_KNOTS('',1,(#6869,#6870),.UNSPECIFIED.,.F.,
  .F.,(2,2),(-40.425,-0.525),.PIECEWISE_BEZIER_KNOTS.);
#6869 = CARTESIAN_POINT('',(1.,40.95));
#6870 = CARTESIAN_POINT('',(1.,1.05));
#6871 = ( GEOMETRIC_REPRESENTATION_CONTEXT(2) 
PARAMETRIC_REPRESENTATION_CONTEXT() REPRESENTATION_CONTEXT('2D SPACE',''
  ) );
#6872 = PCURVE('',#181,#6873);
#6873 = DEFINITIONAL_REPRESENTATION('',(#6874),#6877);
#6874 = B_SPLINE_CURVE_WITH_KNOTS('',1,(#6875,#6876),.UNSPECIFIED.,.F.,
  .F.,(2,2),(-40.425,-0.525),.PIECEWISE_BEZIER_KNOTS.);
#6875 = CARTESIAN_POINT('',(39.9,25.56));
#6876 = CARTESIAN_POINT('',(0.,25.56));
#6877 = ( GEOMETRIC_REPRESENTATION_CONTEXT(2) 
PARAMETRIC_REPRESENTATION_CONTEXT() REPRESENTATION_CONTEXT('2D SPACE',''
  ) );
#6878 = ADVANCED_FACE('',(#6879),#181,.F.);
#6879 = FACE_BOUND('',#6880,.F.);
#6880 = EDGE_LOOP('',(#6881,#6882,#6883,#6884,#6885,#6886,#6887,#6888,
    #6889,#6890));
#6881 = ORIENTED_EDGE('',*,*,#165,.F.);
#6882 = ORIENTED_EDGE('',*,*,#6860,.F.);
#6883 = ORIENTED_EDGE('',*,*,#5272,.T.);
#6884 = ORIENTED_EDGE('',*,*,#6591,.F.);
#6885 = ORIENTED_EDGE('',*,*,#928,.T.);
#6886 = ORIENTED_EDGE('',*,*,#1384,.T.);
#6887 = ORIENTED_EDGE('',*,*,#1516,.F.);
#6888 = ORIENTED_EDGE('',*,*,#4687,.F.);
#6889 = ORIENTED_EDGE('',*,*,#2987,.T.);
#6890 = ORIENTED_EDGE('',*,*,#6891,.F.);
#6891 = EDGE_CURVE('',#166,#2988,#6892,.T.);
#6892 = SURFACE_CURVE('',#6893,(#6897,#6904),.PCURVE_S1.);
#6893 = LINE('',#6894,#6895);
#6894 = CARTESIAN_POINT('',(-19.95,15.26,-44.));
#6895 = VECTOR('',#6896,1.);
#6896 = DIRECTION('',(1.,0.,0.));
#6897 = PCURVE('',#181,#6898);
#6898 = DEFINITIONAL_REPRESENTATION('',(#6899),#6903);
#6899 = LINE('',#6900,#6901);
#6900 = CARTESIAN_POINT('',(0.,30.52));
#6901 = VECTOR('',#6902,1.);
#6902 = DIRECTION('',(1.,0.));
#6903 = ( GEOMETRIC_REPRESENTATION_CONTEXT(2) 
PARAMETRIC_REPRESENTATION_CONTEXT() REPRESENTATION_CONTEXT('2D SPACE',''
  ) );
#6904 = PCURVE('',#209,#6905);
#6905 = DEFINITIONAL_REPRESENTATION('',(#6906),#6910);
#6906 = LINE('',#6907,#6908);
#6907 = CARTESIAN_POINT('',(-41.,3.552713678801E-15));
#6908 = VECTOR('',#6909,1.);
#6909 = DIRECTION('',(0.,1.));
#6910 = ( GEOMETRIC_REPRESENTATION_CONTEXT(2) 
PARAMETRIC_REPRESENTATION_CONTEXT() REPRESENTATION_CONTEXT('2D SPACE',''
  ) );
#6911 = ADVANCED_FACE('',(#6912),#209,.T.);
#6912 = FACE_BOUND('',#6913,.T.);
#6913 = EDGE_LOOP('',(#6914,#6915,#6916,#6935));
#6914 = ORIENTED_EDGE('',*,*,#6891,.F.);
#6915 = ORIENTED_EDGE('',*,*,#193,.F.);
#6916 = ORIENTED_EDGE('',*,*,#6917,.T.);
#6917 = EDGE_CURVE('',#194,#3011,#6918,.T.);
#6918 = SURFACE_CURVE('',#6919,(#6923,#6929),.PCURVE_S1.);
#6919 = LINE('',#6920,#6921);
#6920 = CARTESIAN_POINT('',(-9.975,15.26,-9.));
#6921 = VECTOR('',#6922,1.);
#6922 = DIRECTION('',(1.,0.,-0.));
#6923 = PCURVE('',#209,#6924);
#6924 = DEFINITIONAL_REPRESENTATION('',(#6925),#6928);
#6925 = B_SPLINE_CURVE_WITH_KNOTS('',1,(#6926,#6927),.UNSPECIFIED.,.F.,
  .F.,(2,2),(-9.975,29.925),.PIECEWISE_BEZIER_KNOTS.);
#6926 = CARTESIAN_POINT('',(-6.,0.));
#6927 = CARTESIAN_POINT('',(-6.,39.9));
#6928 = ( GEOMETRIC_REPRESENTATION_CONTEXT(2) 
PARAMETRIC_REPRESENTATION_CONTEXT() REPRESENTATION_CONTEXT('2D SPACE',''
  ) );
#6929 = PCURVE('',#236,#6930);
#6930 = DEFINITIONAL_REPRESENTATION('',(#6931),#6934);
#6931 = B_SPLINE_CURVE_WITH_KNOTS('',1,(#6932,#6933),.UNSPECIFIED.,.F.,
  .F.,(2,2),(-9.975,29.925),.PIECEWISE_BEZIER_KNOTS.);
#6932 = CARTESIAN_POINT('',(-19.95,15.26));
#6933 = CARTESIAN_POINT('',(19.95,15.26));
#6934 = ( GEOMETRIC_REPRESENTATION_CONTEXT(2) 
PARAMETRIC_REPRESENTATION_CONTEXT() REPRESENTATION_CONTEXT('2D SPACE',''
  ) );
#6935 = ORIENTED_EDGE('',*,*,#3010,.T.);
#6936 = ADVANCED_FACE('',(#6937),#268,.F.);
#6937 = FACE_BOUND('',#6938,.F.);
#6938 = EDGE_LOOP('',(#6939,#6940));
#6939 = ORIENTED_EDGE('',*,*,#247,.F.);
#6940 = ORIENTED_EDGE('',*,*,#6941,.T.);
#6941 = EDGE_CURVE('',#222,#248,#6942,.T.);
#6942 = SURFACE_CURVE('',#6943,(#6948,#6968),.PCURVE_S1.);
#6943 = HYPERBOLA('',#6944,1.64,1.64);
#6944 = AXIS2_PLACEMENT_3D('',#6945,#6946,#6947);
#6945 = CARTESIAN_POINT('',(-17.25,10.25,-9.));
#6946 = DIRECTION('',(0.,0.,1.));
#6947 = DIRECTION('',(-1.,0.,0.));
#6948 = PCURVE('',#268,#6949);
#6949 = DEFINITIONAL_REPRESENTATION('',(#6950),#6967);
#6950 = B_SPLINE_CURVE_WITH_KNOTS('',8,(#6951,#6952,#6953,#6954,#6955,
    #6956,#6957,#6958,#6959,#6960,#6961,#6962,#6963,#6964,#6965,#6966),
  .UNSPECIFIED.,.F.,.F.,(9,7,9),(-1.083220932344,-2.22044604925E-16,
    1.083220932344),.UNSPECIFIED.);
#6951 = CARTESIAN_POINT('',(2.223589204683,1.25));
#6952 = CARTESIAN_POINT('',(2.305833756953,0.959581114674));
#6953 = CARTESIAN_POINT('',(2.398187120764,0.725735307219));
#6954 = CARTESIAN_POINT('',(2.501263992752,0.540349072337));
#6955 = CARTESIAN_POINT('',(2.615134918137,0.39752149042));
#6956 = CARTESIAN_POINT('',(2.739159495264,0.293088712269));
#6957 = CARTESIAN_POINT('',(2.870788809173,0.224362909915));
#6958 = CARTESIAN_POINT('',(3.006190037047,0.19));
#6959 = CARTESIAN_POINT('',(3.276995270133,0.19));
#6960 = CARTESIAN_POINT('',(3.412396498001,0.224362909914));
#6961 = CARTESIAN_POINT('',(3.544025811925,0.293088712269));
#6962 = CARTESIAN_POINT('',(3.66805038901,0.39752149042));
#6963 = CARTESIAN_POINT('',(3.781921314434,0.540349072337));
#6964 = CARTESIAN_POINT('',(3.88499818641,0.725735307219));
#6965 = CARTESIAN_POINT('',(3.977351550226,0.959581114674));
#6966 = CARTESIAN_POINT('',(4.059596102497,1.25));
#6967 = ( GEOMETRIC_REPRESENTATION_CONTEXT(2) 
PARAMETRIC_REPRESENTATION_CONTEXT() REPRESENTATION_CONTEXT('2D SPACE',''
  ) );
#6968 = PCURVE('',#236,#6969);
#6969 = DEFINITIONAL_REPRESENTATION('',(#6970),#6974);
#6970 = ( BOUNDED_CURVE() B_SPLINE_CURVE(2,(#6971,#6972,#6973),
.UNSPECIFIED.,.F.,.F.) B_SPLINE_CURVE_WITH_KNOTS((3,3),(-1.083220932344,
1.083220932344),.PIECEWISE_BEZIER_KNOTS.) CURVE() 
GEOMETRIC_REPRESENTATION_ITEM() RATIONAL_B_SPLINE_CURVE((1.,
1.646341463415,1.)) REPRESENTATION_ITEM('') );
#6971 = CARTESIAN_POINT('',(-19.95,12.394854307406));
#6972 = CARTESIAN_POINT('',(-18.24614814814,10.25));
#6973 = CARTESIAN_POINT('',(-19.95,8.105145692594));
#6974 = ( GEOMETRIC_REPRESENTATION_CONTEXT(2) 
PARAMETRIC_REPRESENTATION_CONTEXT() REPRESENTATION_CONTEXT('2D SPACE',''
  ) );
#6975 = ADVANCED_FACE('',(#6976),#322,.F.);
#6976 = FACE_BOUND('',#6977,.F.);
#6977 = EDGE_LOOP('',(#6978,#6979));
#6978 = ORIENTED_EDGE('',*,*,#301,.F.);
#6979 = ORIENTED_EDGE('',*,*,#6980,.T.);
#6980 = EDGE_CURVE('',#281,#302,#6981,.T.);
#6981 = SURFACE_CURVE('',#6982,(#6987,#7007),.PCURVE_S1.);
#6982 = HYPERBOLA('',#6983,1.64,1.64);
#6983 = AXIS2_PLACEMENT_3D('',#6984,#6985,#6986);
#6984 = CARTESIAN_POINT('',(-17.25,-10.25,-9.));
#6985 = DIRECTION('',(0.,0.,1.));
#6986 = DIRECTION('',(-1.,0.,0.));
#6987 = PCURVE('',#322,#6988);
#6988 = DEFINITIONAL_REPRESENTATION('',(#6989),#7006);
#6989 = B_SPLINE_CURVE_WITH_KNOTS('',8,(#6990,#6991,#6992,#6993,#6994,
    #6995,#6996,#6997,#6998,#6999,#7000,#7001,#7002,#7003,#7004,#7005),
  .UNSPECIFIED.,.F.,.F.,(9,7,9),(-1.083220932344,-2.22044604925E-16,
    1.083220932344),.UNSPECIFIED.);
#6990 = CARTESIAN_POINT('',(2.223589204683,1.25));
#6991 = CARTESIAN_POINT('',(2.305833756953,0.959581114674));
#6992 = CARTESIAN_POINT('',(2.398187120764,0.725735307219));
#6993 = CARTESIAN_POINT('',(2.501263992752,0.540349072337));
#6994 = CARTESIAN_POINT('',(2.615134918137,0.39752149042));
#6995 = CARTESIAN_POINT('',(2.739159495264,0.293088712269));
#6996 = CARTESIAN_POINT('',(2.870788809173,0.224362909915));
#6997 = CARTESIAN_POINT('',(3.006190037047,0.19));
#6998 = CARTESIAN_POINT('',(3.276995270133,0.19));
#6999 = CARTESIAN_POINT('',(3.412396498001,0.224362909914));
#7000 = CARTESIAN_POINT('',(3.544025811925,0.293088712269));
#7001 = CARTESIAN_POINT('',(3.66805038901,0.39752149042));
#7002 = CARTESIAN_POINT('',(3.781921314434,0.540349072337));
#7003 = CARTESIAN_POINT('',(3.88499818641,0.725735307219));
#7004 = CARTESIAN_POINT('',(3.977351550226,0.959581114674));
#7005 = CARTESIAN_POINT('',(4.059596102497,1.25));
#7006 = ( GEOMETRIC_REPRESENTATION_CONTEXT(2) 
PARAMETRIC_REPRESENTATION_CONTEXT() REPRESENTATION_CONTEXT('2D SPACE',''
  ) );
#7007 = PCURVE('',#236,#7008);
#7008 = DEFINITIONAL_REPRESENTATION('',(#7009),#7013);
#7009 = ( BOUNDED_CURVE() B_SPLINE_CURVE(2,(#7010,#7011,#7012),
.UNSPECIFIED.,.F.,.F.) B_SPLINE_CURVE_WITH_KNOTS((3,3),(-1.083220932344,
1.083220932344),.PIECEWISE_BEZIER_KNOTS.) CURVE() 
GEOMETRIC_REPRESENTATION_ITEM() RATIONAL_B_SPLINE_CURVE((1.,
1.646341463415,1.)) REPRESENTATION_ITEM('') );
#7010 = CARTESIAN_POINT('',(-19.95,-8.105145692594));
#7011 = CARTESIAN_POINT('',(-18.24614814814,-10.25));
#7012 = CARTESIAN_POINT('',(-19.95,-12.3948543074));
#7013 = ( GEOMETRIC_REPRESENTATION_CONTEXT(2) 
PARAMETRIC_REPRESENTATION_CONTEXT() REPRESENTATION_CONTEXT('2D SPACE',''
  ) );
#7014 = ADVANCED_FACE('',(#7015,#7046),#236,.F.);
#7015 = FACE_BOUND('',#7016,.F.);
#7016 = EDGE_LOOP('',(#7017));
#7017 = ORIENTED_EDGE('',*,*,#7018,.T.);
#7018 = EDGE_CURVE('',#7019,#7019,#7021,.T.);
#7019 = VERTEX_POINT('',#7020);
#7020 = CARTESIAN_POINT('',(27.54,-6.745354569704E-15,-9.));
#7021 = SURFACE_CURVE('',#7022,(#7027,#7034),.PCURVE_S1.);
#7022 = CIRCLE('',#7023,27.54);
#7023 = AXIS2_PLACEMENT_3D('',#7024,#7025,#7026);
#7024 = CARTESIAN_POINT('',(0.,0.,-9.));
#7025 = DIRECTION('',(0.,0.,1.));
#7026 = DIRECTION('',(1.,0.,-0.));
#7027 = PCURVE('',#236,#7028);
#7028 = DEFINITIONAL_REPRESENTATION('',(#7029),#7033);
#7029 = CIRCLE('',#7030,27.54);
#7030 = AXIS2_PLACEMENT_2D('',#7031,#7032);
#7031 = CARTESIAN_POINT('',(0.,0.));
#7032 = DIRECTION('',(1.,0.));
#7033 = ( GEOMETRIC_REPRESENTATION_CONTEXT(2) 
PARAMETRIC_REPRESENTATION_CONTEXT() REPRESENTATION_CONTEXT('2D SPACE',''
  ) );
#7034 = PCURVE('',#7035,#7040);
#7035 = CYLINDRICAL_SURFACE('',#7036,27.54);
#7036 = AXIS2_PLACEMENT_3D('',#7037,#7038,#7039);
#7037 = CARTESIAN_POINT('',(0.,0.,-9.));
#7038 = DIRECTION('',(0.,0.,1.));
#7039 = DIRECTION('',(1.,0.,-0.));
#7040 = DEFINITIONAL_REPRESENTATION('',(#7041),#7045);
#7041 = LINE('',#7042,#7043);
#7042 = CARTESIAN_POINT('',(0.,0.));
#7043 = VECTOR('',#7044,1.);
#7044 = DIRECTION('',(1.,0.));
#7045 = ( GEOMETRIC_REPRESENTATION_CONTEXT(2) 
PARAMETRIC_REPRESENTATION_CONTEXT() REPRESENTATION_CONTEXT('2D SPACE',''
  ) );
#7046 = FACE_BOUND('',#7047,.F.);
#7047 = EDGE_LOOP('',(#7048,#7049,#7050,#7051,#7052,#7053,#7054,#7055,
    #7074,#7075,#7076,#7077));
#7048 = ORIENTED_EDGE('',*,*,#221,.F.);
#7049 = ORIENTED_EDGE('',*,*,#6917,.T.);
#7050 = ORIENTED_EDGE('',*,*,#3033,.T.);
#7051 = ORIENTED_EDGE('',*,*,#3784,.F.);
#7052 = ORIENTED_EDGE('',*,*,#3107,.T.);
#7053 = ORIENTED_EDGE('',*,*,#2597,.F.);
#7054 = ORIENTED_EDGE('',*,*,#3128,.T.);
#7055 = ORIENTED_EDGE('',*,*,#7056,.F.);
#7056 = EDGE_CURVE('',#24,#2876,#7057,.T.);
#7057 = SURFACE_CURVE('',#7058,(#7062,#7068),.PCURVE_S1.);
#7058 = LINE('',#7059,#7060);
#7059 = CARTESIAN_POINT('',(-9.975,-15.26,-9.));
#7060 = VECTOR('',#7061,1.);
#7061 = DIRECTION('',(1.,0.,-0.));
#7062 = PCURVE('',#236,#7063);
#7063 = DEFINITIONAL_REPRESENTATION('',(#7064),#7067);
#7064 = B_SPLINE_CURVE_WITH_KNOTS('',1,(#7065,#7066),.UNSPECIFIED.,.F.,
  .F.,(2,2),(-9.975,29.925),.PIECEWISE_BEZIER_KNOTS.);
#7065 = CARTESIAN_POINT('',(-19.95,-15.26));
#7066 = CARTESIAN_POINT('',(19.95,-15.26));
#7067 = ( GEOMETRIC_REPRESENTATION_CONTEXT(2) 
PARAMETRIC_REPRESENTATION_CONTEXT() REPRESENTATION_CONTEXT('2D SPACE',''
  ) );
#7068 = PCURVE('',#44,#7069);
#7069 = DEFINITIONAL_REPRESENTATION('',(#7070),#7073);
#7070 = B_SPLINE_CURVE_WITH_KNOTS('',1,(#7071,#7072),.UNSPECIFIED.,.F.,
  .F.,(2,2),(-9.975,29.925),.PIECEWISE_BEZIER_KNOTS.);
#7071 = CARTESIAN_POINT('',(-6.,0.));
#7072 = CARTESIAN_POINT('',(-6.,39.9));
#7073 = ( GEOMETRIC_REPRESENTATION_CONTEXT(2) 
PARAMETRIC_REPRESENTATION_CONTEXT() REPRESENTATION_CONTEXT('2D SPACE',''
  ) );
#7074 = ORIENTED_EDGE('',*,*,#334,.F.);
#7075 = ORIENTED_EDGE('',*,*,#6980,.F.);
#7076 = ORIENTED_EDGE('',*,*,#280,.F.);
#7077 = ORIENTED_EDGE('',*,*,#6941,.F.);
#7078 = ADVANCED_FACE('',(#7079),#7035,.T.);
#7079 = FACE_BOUND('',#7080,.T.);
#7080 = EDGE_LOOP('',(#7081,#7110,#7131,#7132));
#7081 = ORIENTED_EDGE('',*,*,#7082,.F.);
#7082 = EDGE_CURVE('',#7083,#7083,#7085,.T.);
#7083 = VERTEX_POINT('',#7084);
#7084 = CARTESIAN_POINT('',(27.54,-6.745354569704E-15,0.));
#7085 = SURFACE_CURVE('',#7086,(#7091,#7098),.PCURVE_S1.);
#7086 = CIRCLE('',#7087,27.54);
#7087 = AXIS2_PLACEMENT_3D('',#7088,#7089,#7090);
#7088 = CARTESIAN_POINT('',(0.,0.,0.));
#7089 = DIRECTION('',(0.,0.,1.));
#7090 = DIRECTION('',(1.,0.,-0.));
#7091 = PCURVE('',#7035,#7092);
#7092 = DEFINITIONAL_REPRESENTATION('',(#7093),#7097);
#7093 = LINE('',#7094,#7095);
#7094 = CARTESIAN_POINT('',(0.,9.));
#7095 = VECTOR('',#7096,1.);
#7096 = DIRECTION('',(1.,0.));
#7097 = ( GEOMETRIC_REPRESENTATION_CONTEXT(2) 
PARAMETRIC_REPRESENTATION_CONTEXT() REPRESENTATION_CONTEXT('2D SPACE',''
  ) );
#7098 = PCURVE('',#7099,#7104);
#7099 = PLANE('',#7100);
#7100 = AXIS2_PLACEMENT_3D('',#7101,#7102,#7103);
#7101 = CARTESIAN_POINT('',(0.,0.,0.));
#7102 = DIRECTION('',(0.,0.,1.));
#7103 = DIRECTION('',(1.,0.,-0.));
#7104 = DEFINITIONAL_REPRESENTATION('',(#7105),#7109);
#7105 = CIRCLE('',#7106,27.54);
#7106 = AXIS2_PLACEMENT_2D('',#7107,#7108);
#7107 = CARTESIAN_POINT('',(0.,0.));
#7108 = DIRECTION('',(1.,0.));
#7109 = ( GEOMETRIC_REPRESENTATION_CONTEXT(2) 
PARAMETRIC_REPRESENTATION_CONTEXT() REPRESENTATION_CONTEXT('2D SPACE',''
  ) );
#7110 = ORIENTED_EDGE('',*,*,#7111,.F.);
#7111 = EDGE_CURVE('',#7019,#7083,#7112,.T.);
#7112 = SEAM_CURVE('',#7113,(#7117,#7124),.PCURVE_S1.);
#7113 = LINE('',#7114,#7115);
#7114 = CARTESIAN_POINT('',(27.54,-6.745354569704E-15,-9.));
#7115 = VECTOR('',#7116,1.);
#7116 = DIRECTION('',(0.,0.,1.));
#7117 = PCURVE('',#7035,#7118);
#7118 = DEFINITIONAL_REPRESENTATION('',(#7119),#7123);
#7119 = LINE('',#7120,#7121);
#7120 = CARTESIAN_POINT('',(6.28318530718,-0.));
#7121 = VECTOR('',#7122,1.);
#7122 = DIRECTION('',(0.,1.));
#7123 = ( GEOMETRIC_REPRESENTATION_CONTEXT(2) 
PARAMETRIC_REPRESENTATION_CONTEXT() REPRESENTATION_CONTEXT('2D SPACE',''
  ) );
#7124 = PCURVE('',#7035,#7125);
#7125 = DEFINITIONAL_REPRESENTATION('',(#7126),#7130);
#7126 = LINE('',#7127,#7128);
#7127 = CARTESIAN_POINT('',(0.,-0.));
#7128 = VECTOR('',#7129,1.);
#7129 = DIRECTION('',(0.,1.));
#7130 = ( GEOMETRIC_REPRESENTATION_CONTEXT(2) 
PARAMETRIC_REPRESENTATION_CONTEXT() REPRESENTATION_CONTEXT('2D SPACE',''
  ) );
#7131 = ORIENTED_EDGE('',*,*,#7018,.T.);
#7132 = ORIENTED_EDGE('',*,*,#7111,.T.);
#7133 = ADVANCED_FACE('',(#7134),#7099,.T.);
#7134 = FACE_BOUND('',#7135,.T.);
#7135 = EDGE_LOOP('',(#7136));
#7136 = ORIENTED_EDGE('',*,*,#7082,.T.);
#7137 = ADVANCED_FACE('',(#7138),#44,.F.);
#7138 = FACE_BOUND('',#7139,.F.);
#7139 = EDGE_LOOP('',(#7140,#7141,#7142,#7143));
#7140 = ORIENTED_EDGE('',*,*,#6753,.F.);
#7141 = ORIENTED_EDGE('',*,*,#21,.T.);
#7142 = ORIENTED_EDGE('',*,*,#7056,.T.);
#7143 = ORIENTED_EDGE('',*,*,#2873,.F.);
#7144 = ( GEOMETRIC_REPRESENTATION_CONTEXT(3) 
GLOBAL_UNCERTAINTY_ASSIGNED_CONTEXT((#7148)) 
GLOBAL_UNIT_ASSIGNED_CONTEXT((#7145,#7146,#7147)) REPRESENTATION_CONTEXT
('Context #1','3D Context with UNIT and UNCERTAINTY') );
#7145 = ( LENGTH_UNIT() NAMED_UNIT(*) SI_UNIT(.MILLI.,.METRE.) );
#7146 = ( NAMED_UNIT(*) PLANE_ANGLE_UNIT() SI_UNIT($,.RADIAN.) );
#7147 = ( NAMED_UNIT(*) SI_UNIT($,.STERADIAN.) SOLID_ANGLE_UNIT() );
#7148 = UNCERTAINTY_MEASURE_WITH_UNIT(LENGTH_MEASURE(2.E-07),#7145,
  'distance_accuracy_value','confusion accuracy');
#7149 = PRODUCT_RELATED_PRODUCT_CATEGORY('part',$,(#7));
ENDSEC;
END-ISO-10303-21;
