ISO-10303-21;
HEADER;
FILE_DESCRIPTION(('Open CASCADE Model'),'2;1');
FILE_NAME('Open CASCADE Shape Model','2026-07-31T16:10:37',('Author'),(
    'Open CASCADE'),'Open CASCADE STEP processor 7.9','build123d',
  'Unknown');
FILE_SCHEMA(('AUTOMOTIVE_DESIGN { 1 0 10303 214 1 1 1 1 }'));
ENDSEC;
DATA;
#1 = APPLICATION_PROTOCOL_DEFINITION('international standard',
  'automotive_design',2000,#2);
#2 = APPLICATION_CONTEXT(
  'core data for automotive mechanical design processes');
#3 = SHAPE_DEFINITION_REPRESENTATION(#4,#10);
#4 = PRODUCT_DEFINITION_SHAPE('','',#5);
#5 = PRODUCT_DEFINITION('design','',#6,#9);
#6 = PRODUCT_DEFINITION_FORMATION('','',#7);
#7 = PRODUCT('COMPOUND','COMPOUND','',(#8));
#8 = PRODUCT_CONTEXT('',#2,'mechanical');
#9 = PRODUCT_DEFINITION_CONTEXT('part definition',#2,'design');
#10 = ADVANCED_BREP_SHAPE_REPRESENTATION('',(#11,#15),#7047);
#11 = AXIS2_PLACEMENT_3D('',#12,#13,#14);
#12 = CARTESIAN_POINT('',(0.,0.,0.));
#13 = DIRECTION('',(0.,0.,1.));
#14 = DIRECTION('',(1.,0.,-0.));
#15 = MANIFOLD_SOLID_BREP('',#16);
#16 = CLOSED_SHELL('',(#17,#439,#819,#868,#915,#1071,#1119,#1309,#1357,
    #1503,#1552,#1579,#1628,#1781,#1808,#2620,#2669,#3102,#3129,#3185,
    #3212,#3239,#3266,#3293,#3407,#3630,#3796,#3963,#4129,#4154,#4179,
    #4186,#4326,#4372,#4418,#4465,#4512,#4537,#4587,#4677,#4723,#4749,
    #4796,#4865,#4890,#4960,#5006,#5052,#5119,#5186,#5193,#5283,#5309,
    #5355,#5424,#5471,#5496,#5524,#5552,#5580,#5608,#5636,#5686,#6247,
    #6383,#6428,#6454,#6481,#6508,#6534,#6541,#6586,#6612,#6639,#6666,
    #6692,#6699,#6744,#6770,#6797,#6824,#6850,#6857,#6889,#6934,#6960,
    #6986,#7013,#7040));
#17 = ADVANCED_FACE('',(#18),#32,.F.);
#18 = FACE_BOUND('',#19,.F.);
#19 = EDGE_LOOP('',(#20,#55,#83,#111,#139,#162,#190,#218,#246,#275,#304,
    #328,#357,#385,#413));
#20 = ORIENTED_EDGE('',*,*,#21,.F.);
#21 = EDGE_CURVE('',#22,#24,#26,.T.);
#22 = VERTEX_POINT('',#23);
#23 = CARTESIAN_POINT('',(-23.95,-17.,-16.));
#24 = VERTEX_POINT('',#25);
#25 = CARTESIAN_POINT('',(-23.95,-12.,-16.));
#26 = SURFACE_CURVE('',#27,(#31,#43),.PCURVE_S1.);
#27 = LINE('',#28,#29);
#28 = CARTESIAN_POINT('',(-23.95,-17.,-16.));
#29 = VECTOR('',#30,1.);
#30 = DIRECTION('',(-0.,1.,0.));
#31 = PCURVE('',#32,#37);
#32 = PLANE('',#33);
#33 = AXIS2_PLACEMENT_3D('',#34,#35,#36);
#34 = CARTESIAN_POINT('',(-23.95,-17.,-20.));
#35 = DIRECTION('',(1.,0.,-0.));
#36 = DIRECTION('',(0.,0.,1.));
#37 = DEFINITIONAL_REPRESENTATION('',(#38),#42);
#38 = LINE('',#39,#40);
#39 = CARTESIAN_POINT('',(4.,0.));
#40 = VECTOR('',#41,1.);
#41 = DIRECTION('',(0.,-1.));
#42 = ( GEOMETRIC_REPRESENTATION_CONTEXT(2) 
PARAMETRIC_REPRESENTATION_CONTEXT() REPRESENTATION_CONTEXT('2D SPACE',''
  ) );
#43 = PCURVE('',#44,#49);
#44 = PLANE('',#45);
#45 = AXIS2_PLACEMENT_3D('',#46,#47,#48);
#46 = CARTESIAN_POINT('',(-23.95,-17.,-16.));
#47 = DIRECTION('',(0.,0.,1.));
#48 = DIRECTION('',(1.,0.,-0.));
#49 = DEFINITIONAL_REPRESENTATION('',(#50),#54);
#50 = LINE('',#51,#52);
#51 = CARTESIAN_POINT('',(0.,0.));
#52 = VECTOR('',#53,1.);
#53 = DIRECTION('',(0.,1.));
#54 = ( GEOMETRIC_REPRESENTATION_CONTEXT(2) 
PARAMETRIC_REPRESENTATION_CONTEXT() REPRESENTATION_CONTEXT('2D SPACE',''
  ) );
#55 = ORIENTED_EDGE('',*,*,#56,.F.);
#56 = EDGE_CURVE('',#57,#22,#59,.T.);
#57 = VERTEX_POINT('',#58);
#58 = CARTESIAN_POINT('',(-23.95,-17.,-20.));
#59 = SURFACE_CURVE('',#60,(#64,#71),.PCURVE_S1.);
#60 = LINE('',#61,#62);
#61 = CARTESIAN_POINT('',(-23.95,-17.,-20.));
#62 = VECTOR('',#63,1.);
#63 = DIRECTION('',(0.,0.,1.));
#64 = PCURVE('',#32,#65);
#65 = DEFINITIONAL_REPRESENTATION('',(#66),#70);
#66 = LINE('',#67,#68);
#67 = CARTESIAN_POINT('',(0.,0.));
#68 = VECTOR('',#69,1.);
#69 = DIRECTION('',(1.,0.));
#70 = ( GEOMETRIC_REPRESENTATION_CONTEXT(2) 
PARAMETRIC_REPRESENTATION_CONTEXT() REPRESENTATION_CONTEXT('2D SPACE',''
  ) );
#71 = PCURVE('',#72,#77);
#72 = PLANE('',#73);
#73 = AXIS2_PLACEMENT_3D('',#74,#75,#76);
#74 = CARTESIAN_POINT('',(-23.95,-17.,-20.));
#75 = DIRECTION('',(-0.,1.,0.));
#76 = DIRECTION('',(0.,0.,1.));
#77 = DEFINITIONAL_REPRESENTATION('',(#78),#82);
#78 = LINE('',#79,#80);
#79 = CARTESIAN_POINT('',(0.,0.));
#80 = VECTOR('',#81,1.);
#81 = DIRECTION('',(1.,0.));
#82 = ( GEOMETRIC_REPRESENTATION_CONTEXT(2) 
PARAMETRIC_REPRESENTATION_CONTEXT() REPRESENTATION_CONTEXT('2D SPACE',''
  ) );
#83 = ORIENTED_EDGE('',*,*,#84,.T.);
#84 = EDGE_CURVE('',#57,#85,#87,.T.);
#85 = VERTEX_POINT('',#86);
#86 = CARTESIAN_POINT('',(-23.95,17.,-20.));
#87 = SURFACE_CURVE('',#88,(#92,#99),.PCURVE_S1.);
#88 = LINE('',#89,#90);
#89 = CARTESIAN_POINT('',(-23.95,-17.,-20.));
#90 = VECTOR('',#91,1.);
#91 = DIRECTION('',(-0.,1.,0.));
#92 = PCURVE('',#32,#93);
#93 = DEFINITIONAL_REPRESENTATION('',(#94),#98);
#94 = LINE('',#95,#96);
#95 = CARTESIAN_POINT('',(0.,0.));
#96 = VECTOR('',#97,1.);
#97 = DIRECTION('',(0.,-1.));
#98 = ( GEOMETRIC_REPRESENTATION_CONTEXT(2) 
PARAMETRIC_REPRESENTATION_CONTEXT() REPRESENTATION_CONTEXT('2D SPACE',''
  ) );
#99 = PCURVE('',#100,#105);
#100 = PLANE('',#101);
#101 = AXIS2_PLACEMENT_3D('',#102,#103,#104);
#102 = CARTESIAN_POINT('',(-23.95,-17.,-20.));
#103 = DIRECTION('',(0.,0.,1.));
#104 = DIRECTION('',(1.,0.,-0.));
#105 = DEFINITIONAL_REPRESENTATION('',(#106),#110);
#106 = LINE('',#107,#108);
#107 = CARTESIAN_POINT('',(0.,0.));
#108 = VECTOR('',#109,1.);
#109 = DIRECTION('',(0.,1.));
#110 = ( GEOMETRIC_REPRESENTATION_CONTEXT(2) 
PARAMETRIC_REPRESENTATION_CONTEXT() REPRESENTATION_CONTEXT('2D SPACE',''
  ) );
#111 = ORIENTED_EDGE('',*,*,#112,.T.);
#112 = EDGE_CURVE('',#85,#113,#115,.T.);
#113 = VERTEX_POINT('',#114);
#114 = CARTESIAN_POINT('',(-23.95,17.,-16.));
#115 = SURFACE_CURVE('',#116,(#120,#127),.PCURVE_S1.);
#116 = LINE('',#117,#118);
#117 = CARTESIAN_POINT('',(-23.95,17.,-20.));
#118 = VECTOR('',#119,1.);
#119 = DIRECTION('',(0.,0.,1.));
#120 = PCURVE('',#32,#121);
#121 = DEFINITIONAL_REPRESENTATION('',(#122),#126);
#122 = LINE('',#123,#124);
#123 = CARTESIAN_POINT('',(0.,-34.));
#124 = VECTOR('',#125,1.);
#125 = DIRECTION('',(1.,0.));
#126 = ( GEOMETRIC_REPRESENTATION_CONTEXT(2) 
PARAMETRIC_REPRESENTATION_CONTEXT() REPRESENTATION_CONTEXT('2D SPACE',''
  ) );
#127 = PCURVE('',#128,#133);
#128 = PLANE('',#129);
#129 = AXIS2_PLACEMENT_3D('',#130,#131,#132);
#130 = CARTESIAN_POINT('',(-23.95,17.,-20.));
#131 = DIRECTION('',(-0.,1.,0.));
#132 = DIRECTION('',(0.,0.,1.));
#133 = DEFINITIONAL_REPRESENTATION('',(#134),#138);
#134 = LINE('',#135,#136);
#135 = CARTESIAN_POINT('',(0.,0.));
#136 = VECTOR('',#137,1.);
#137 = DIRECTION('',(1.,0.));
#138 = ( GEOMETRIC_REPRESENTATION_CONTEXT(2) 
PARAMETRIC_REPRESENTATION_CONTEXT() REPRESENTATION_CONTEXT('2D SPACE',''
  ) );
#139 = ORIENTED_EDGE('',*,*,#140,.F.);
#140 = EDGE_CURVE('',#141,#113,#143,.T.);
#141 = VERTEX_POINT('',#142);
#142 = CARTESIAN_POINT('',(-23.95,12.,-16.));
#143 = SURFACE_CURVE('',#144,(#148,#155),.PCURVE_S1.);
#144 = LINE('',#145,#146);
#145 = CARTESIAN_POINT('',(-23.95,-17.,-16.));
#146 = VECTOR('',#147,1.);
#147 = DIRECTION('',(-0.,1.,0.));
#148 = PCURVE('',#32,#149);
#149 = DEFINITIONAL_REPRESENTATION('',(#150),#154);
#150 = LINE('',#151,#152);
#151 = CARTESIAN_POINT('',(4.,0.));
#152 = VECTOR('',#153,1.);
#153 = DIRECTION('',(0.,-1.));
#154 = ( GEOMETRIC_REPRESENTATION_CONTEXT(2) 
PARAMETRIC_REPRESENTATION_CONTEXT() REPRESENTATION_CONTEXT('2D SPACE',''
  ) );
#155 = PCURVE('',#44,#156);
#156 = DEFINITIONAL_REPRESENTATION('',(#157),#161);
#157 = LINE('',#158,#159);
#158 = CARTESIAN_POINT('',(0.,0.));
#159 = VECTOR('',#160,1.);
#160 = DIRECTION('',(0.,1.));
#161 = ( GEOMETRIC_REPRESENTATION_CONTEXT(2) 
PARAMETRIC_REPRESENTATION_CONTEXT() REPRESENTATION_CONTEXT('2D SPACE',''
  ) );
#162 = ORIENTED_EDGE('',*,*,#163,.T.);
#163 = EDGE_CURVE('',#141,#164,#166,.T.);
#164 = VERTEX_POINT('',#165);
#165 = CARTESIAN_POINT('',(-23.95,12.,0.));
#166 = SURFACE_CURVE('',#167,(#171,#178),.PCURVE_S1.);
#167 = LINE('',#168,#169);
#168 = CARTESIAN_POINT('',(-23.95,12.,-16.));
#169 = VECTOR('',#170,1.);
#170 = DIRECTION('',(0.,0.,1.));
#171 = PCURVE('',#32,#172);
#172 = DEFINITIONAL_REPRESENTATION('',(#173),#177);
#173 = LINE('',#174,#175);
#174 = CARTESIAN_POINT('',(4.,-29.));
#175 = VECTOR('',#176,1.);
#176 = DIRECTION('',(1.,0.));
#177 = ( GEOMETRIC_REPRESENTATION_CONTEXT(2) 
PARAMETRIC_REPRESENTATION_CONTEXT() REPRESENTATION_CONTEXT('2D SPACE',''
  ) );
#178 = PCURVE('',#179,#184);
#179 = PLANE('',#180);
#180 = AXIS2_PLACEMENT_3D('',#181,#182,#183);
#181 = CARTESIAN_POINT('',(-23.95,12.,-16.));
#182 = DIRECTION('',(-0.,1.,0.));
#183 = DIRECTION('',(0.,0.,1.));
#184 = DEFINITIONAL_REPRESENTATION('',(#185),#189);
#185 = LINE('',#186,#187);
#186 = CARTESIAN_POINT('',(0.,0.));
#187 = VECTOR('',#188,1.);
#188 = DIRECTION('',(1.,0.));
#189 = ( GEOMETRIC_REPRESENTATION_CONTEXT(2) 
PARAMETRIC_REPRESENTATION_CONTEXT() REPRESENTATION_CONTEXT('2D SPACE',''
  ) );
#190 = ORIENTED_EDGE('',*,*,#191,.F.);
#191 = EDGE_CURVE('',#192,#164,#194,.T.);
#192 = VERTEX_POINT('',#193);
#193 = CARTESIAN_POINT('',(-23.95,10.1,0.));
#194 = SURFACE_CURVE('',#195,(#199,#206),.PCURVE_S1.);
#195 = LINE('',#196,#197);
#196 = CARTESIAN_POINT('',(-23.95,-12.,0.));
#197 = VECTOR('',#198,1.);
#198 = DIRECTION('',(-0.,1.,0.));
#199 = PCURVE('',#32,#200);
#200 = DEFINITIONAL_REPRESENTATION('',(#201),#205);
#201 = LINE('',#202,#203);
#202 = CARTESIAN_POINT('',(20.,-5.));
#203 = VECTOR('',#204,1.);
#204 = DIRECTION('',(0.,-1.));
#205 = ( GEOMETRIC_REPRESENTATION_CONTEXT(2) 
PARAMETRIC_REPRESENTATION_CONTEXT() REPRESENTATION_CONTEXT('2D SPACE',''
  ) );
#206 = PCURVE('',#207,#212);
#207 = PLANE('',#208);
#208 = AXIS2_PLACEMENT_3D('',#209,#210,#211);
#209 = CARTESIAN_POINT('',(-23.95,-12.,0.));
#210 = DIRECTION('',(0.,0.,1.));
#211 = DIRECTION('',(1.,0.,-0.));
#212 = DEFINITIONAL_REPRESENTATION('',(#213),#217);
#213 = LINE('',#214,#215);
#214 = CARTESIAN_POINT('',(0.,0.));
#215 = VECTOR('',#216,1.);
#216 = DIRECTION('',(0.,1.));
#217 = ( GEOMETRIC_REPRESENTATION_CONTEXT(2) 
PARAMETRIC_REPRESENTATION_CONTEXT() REPRESENTATION_CONTEXT('2D SPACE',''
  ) );
#218 = ORIENTED_EDGE('',*,*,#219,.F.);
#219 = EDGE_CURVE('',#220,#192,#222,.T.);
#220 = VERTEX_POINT('',#221);
#221 = CARTESIAN_POINT('',(-23.95,9.956428571429,-0.932485979541));
#222 = SURFACE_CURVE('',#223,(#228,#235),.PCURVE_S1.);
#223 = CIRCLE('',#224,3.1);
#224 = AXIS2_PLACEMENT_3D('',#225,#226,#227);
#225 = CARTESIAN_POINT('',(-23.95,7.,-2.498001805407E-16));
#226 = DIRECTION('',(1.,0.,2.22044604925E-16));
#227 = DIRECTION('',(2.22044604925E-16,0.,-1.));
#228 = PCURVE('',#32,#229);
#229 = DEFINITIONAL_REPRESENTATION('',(#230),#234);
#230 = CIRCLE('',#231,3.1);
#231 = AXIS2_PLACEMENT_2D('',#232,#233);
#232 = CARTESIAN_POINT('',(20.,-24.));
#233 = DIRECTION('',(-1.,0.));
#234 = ( GEOMETRIC_REPRESENTATION_CONTEXT(2) 
PARAMETRIC_REPRESENTATION_CONTEXT() REPRESENTATION_CONTEXT('2D SPACE',''
  ) );
#235 = PCURVE('',#236,#241);
#236 = CYLINDRICAL_SURFACE('',#237,3.1);
#237 = AXIS2_PLACEMENT_3D('',#238,#239,#240);
#238 = CARTESIAN_POINT('',(-24.95,7.,-4.718447854657E-16));
#239 = DIRECTION('',(1.,0.,2.22044604925E-16));
#240 = DIRECTION('',(2.22044604925E-16,0.,-1.));
#241 = DEFINITIONAL_REPRESENTATION('',(#242),#245);
#242 = B_SPLINE_CURVE_WITH_KNOTS('',1,(#243,#244),.UNSPECIFIED.,.F.,.F.,
  (2,2),(1.265262911639,1.570796326795),.PIECEWISE_BEZIER_KNOTS.);
#243 = CARTESIAN_POINT('',(7.548448218819,1.));
#244 = CARTESIAN_POINT('',(7.853981633974,1.));
#245 = ( GEOMETRIC_REPRESENTATION_CONTEXT(2) 
PARAMETRIC_REPRESENTATION_CONTEXT() REPRESENTATION_CONTEXT('2D SPACE',''
  ) );
#246 = ORIENTED_EDGE('',*,*,#247,.F.);
#247 = EDGE_CURVE('',#248,#220,#250,.T.);
#248 = VERTEX_POINT('',#249);
#249 = CARTESIAN_POINT('',(-23.95,0.932485979541,-9.956428571429));
#250 = SURFACE_CURVE('',#251,(#256,#263),.PCURVE_S1.);
#251 = CIRCLE('',#252,10.);
#252 = AXIS2_PLACEMENT_3D('',#253,#254,#255);
#253 = CARTESIAN_POINT('',(-23.95,0.,-1.498801083244E-16));
#254 = DIRECTION('',(1.,3.818571845145E-30,3.552713678801E-16));
#255 = DIRECTION('',(0.,-1.,1.07483242118E-14));
#256 = PCURVE('',#32,#257);
#257 = DEFINITIONAL_REPRESENTATION('',(#258),#262);
#258 = CIRCLE('',#259,10.);
#259 = AXIS2_PLACEMENT_2D('',#260,#261);
#260 = CARTESIAN_POINT('',(20.,-17.));
#261 = DIRECTION('',(1.07483242118E-14,1.));
#262 = ( GEOMETRIC_REPRESENTATION_CONTEXT(2) 
PARAMETRIC_REPRESENTATION_CONTEXT() REPRESENTATION_CONTEXT('2D SPACE',''
  ) );
#263 = PCURVE('',#264,#269);
#264 = CYLINDRICAL_SURFACE('',#265,10.);
#265 = AXIS2_PLACEMENT_3D('',#266,#267,#268);
#266 = CARTESIAN_POINT('',(-23.95,0.,-1.498801083244E-16));
#267 = DIRECTION('',(1.,0.,2.22044604925E-16));
#268 = DIRECTION('',(2.22044604925E-16,0.,-1.));
#269 = DEFINITIONAL_REPRESENTATION('',(#270),#274);
#270 = LINE('',#271,#272);
#271 = CARTESIAN_POINT('',(4.712388980385,0.));
#272 = VECTOR('',#273,1.);
#273 = DIRECTION('',(1.,0.));
#274 = ( GEOMETRIC_REPRESENTATION_CONTEXT(2) 
PARAMETRIC_REPRESENTATION_CONTEXT() REPRESENTATION_CONTEXT('2D SPACE',''
  ) );
#275 = ORIENTED_EDGE('',*,*,#276,.F.);
#276 = EDGE_CURVE('',#277,#248,#279,.T.);
#277 = VERTEX_POINT('',#278);
#278 = CARTESIAN_POINT('',(-23.95,-7.592810154714E-16,-10.1));
#279 = SURFACE_CURVE('',#280,(#285,#292),.PCURVE_S1.);
#280 = CIRCLE('',#281,3.1);
#281 = AXIS2_PLACEMENT_3D('',#282,#283,#284);
#282 = CARTESIAN_POINT('',(-23.95,0.,-7.));
#283 = DIRECTION('',(1.,0.,2.22044604925E-16));
#284 = DIRECTION('',(2.22044604925E-16,0.,-1.));
#285 = PCURVE('',#32,#286);
#286 = DEFINITIONAL_REPRESENTATION('',(#287),#291);
#287 = CIRCLE('',#288,3.1);
#288 = AXIS2_PLACEMENT_2D('',#289,#290);
#289 = CARTESIAN_POINT('',(13.,-17.));
#290 = DIRECTION('',(-1.,0.));
#291 = ( GEOMETRIC_REPRESENTATION_CONTEXT(2) 
PARAMETRIC_REPRESENTATION_CONTEXT() REPRESENTATION_CONTEXT('2D SPACE',''
  ) );
#292 = PCURVE('',#293,#298);
#293 = CYLINDRICAL_SURFACE('',#294,3.1);
#294 = AXIS2_PLACEMENT_3D('',#295,#296,#297);
#295 = CARTESIAN_POINT('',(-24.95,0.,-7.));
#296 = DIRECTION('',(1.,0.,2.22044604925E-16));
#297 = DIRECTION('',(2.22044604925E-16,0.,-1.));
#298 = DEFINITIONAL_REPRESENTATION('',(#299),#303);
#299 = LINE('',#300,#301);
#300 = CARTESIAN_POINT('',(0.,1.));
#301 = VECTOR('',#302,1.);
#302 = DIRECTION('',(1.,0.));
#303 = ( GEOMETRIC_REPRESENTATION_CONTEXT(2) 
PARAMETRIC_REPRESENTATION_CONTEXT() REPRESENTATION_CONTEXT('2D SPACE',''
  ) );
#304 = ORIENTED_EDGE('',*,*,#305,.F.);
#305 = EDGE_CURVE('',#306,#277,#308,.T.);
#306 = VERTEX_POINT('',#307);
#307 = CARTESIAN_POINT('',(-23.95,-0.932485979541,-9.956428571429));
#308 = SURFACE_CURVE('',#309,(#314,#321),.PCURVE_S1.);
#309 = CIRCLE('',#310,3.1);
#310 = AXIS2_PLACEMENT_3D('',#311,#312,#313);
#311 = CARTESIAN_POINT('',(-23.95,0.,-7.));
#312 = DIRECTION('',(1.,0.,2.22044604925E-16));
#313 = DIRECTION('',(2.22044604925E-16,0.,-1.));
#314 = PCURVE('',#32,#315);
#315 = DEFINITIONAL_REPRESENTATION('',(#316),#320);
#316 = CIRCLE('',#317,3.1);
#317 = AXIS2_PLACEMENT_2D('',#318,#319);
#318 = CARTESIAN_POINT('',(13.,-17.));
#319 = DIRECTION('',(-1.,0.));
#320 = ( GEOMETRIC_REPRESENTATION_CONTEXT(2) 
PARAMETRIC_REPRESENTATION_CONTEXT() REPRESENTATION_CONTEXT('2D SPACE',''
  ) );
#321 = PCURVE('',#293,#322);
#322 = DEFINITIONAL_REPRESENTATION('',(#323),#327);
#323 = LINE('',#324,#325);
#324 = CARTESIAN_POINT('',(0.,1.));
#325 = VECTOR('',#326,1.);
#326 = DIRECTION('',(1.,0.));
#327 = ( GEOMETRIC_REPRESENTATION_CONTEXT(2) 
PARAMETRIC_REPRESENTATION_CONTEXT() REPRESENTATION_CONTEXT('2D SPACE',''
  ) );
#328 = ORIENTED_EDGE('',*,*,#329,.F.);
#329 = EDGE_CURVE('',#330,#306,#332,.T.);
#330 = VERTEX_POINT('',#331);
#331 = CARTESIAN_POINT('',(-23.95,-9.956428571429,-0.932485979541));
#332 = SURFACE_CURVE('',#333,(#338,#345),.PCURVE_S1.);
#333 = CIRCLE('',#334,10.);
#334 = AXIS2_PLACEMENT_3D('',#335,#336,#337);
#335 = CARTESIAN_POINT('',(-23.95,0.,-1.498801083244E-16));
#336 = DIRECTION('',(1.,3.818571845145E-30,3.552713678801E-16));
#337 = DIRECTION('',(0.,-1.,1.07483242118E-14));
#338 = PCURVE('',#32,#339);
#339 = DEFINITIONAL_REPRESENTATION('',(#340),#344);
#340 = CIRCLE('',#341,10.);
#341 = AXIS2_PLACEMENT_2D('',#342,#343);
#342 = CARTESIAN_POINT('',(20.,-17.));
#343 = DIRECTION('',(1.07483242118E-14,1.));
#344 = ( GEOMETRIC_REPRESENTATION_CONTEXT(2) 
PARAMETRIC_REPRESENTATION_CONTEXT() REPRESENTATION_CONTEXT('2D SPACE',''
  ) );
#345 = PCURVE('',#346,#351);
#346 = CYLINDRICAL_SURFACE('',#347,10.);
#347 = AXIS2_PLACEMENT_3D('',#348,#349,#350);
#348 = CARTESIAN_POINT('',(-23.95,0.,-1.498801083244E-16));
#349 = DIRECTION('',(1.,0.,2.22044604925E-16));
#350 = DIRECTION('',(2.22044604925E-16,0.,-1.));
#351 = DEFINITIONAL_REPRESENTATION('',(#352),#356);
#352 = LINE('',#353,#354);
#353 = CARTESIAN_POINT('',(4.712388980385,0.));
#354 = VECTOR('',#355,1.);
#355 = DIRECTION('',(1.,0.));
#356 = ( GEOMETRIC_REPRESENTATION_CONTEXT(2) 
PARAMETRIC_REPRESENTATION_CONTEXT() REPRESENTATION_CONTEXT('2D SPACE',''
  ) );
#357 = ORIENTED_EDGE('',*,*,#358,.F.);
#358 = EDGE_CURVE('',#359,#330,#361,.T.);
#359 = VERTEX_POINT('',#360);
#360 = CARTESIAN_POINT('',(-23.95,-10.1,0.));
#361 = SURFACE_CURVE('',#362,(#367,#374),.PCURVE_S1.);
#362 = CIRCLE('',#363,3.1);
#363 = AXIS2_PLACEMENT_3D('',#364,#365,#366);
#364 = CARTESIAN_POINT('',(-23.95,-7.,-2.498001805407E-16));
#365 = DIRECTION('',(1.,0.,2.22044604925E-16));
#366 = DIRECTION('',(2.22044604925E-16,0.,-1.));
#367 = PCURVE('',#32,#368);
#368 = DEFINITIONAL_REPRESENTATION('',(#369),#373);
#369 = CIRCLE('',#370,3.1);
#370 = AXIS2_PLACEMENT_2D('',#371,#372);
#371 = CARTESIAN_POINT('',(20.,-10.));
#372 = DIRECTION('',(-1.,0.));
#373 = ( GEOMETRIC_REPRESENTATION_CONTEXT(2) 
PARAMETRIC_REPRESENTATION_CONTEXT() REPRESENTATION_CONTEXT('2D SPACE',''
  ) );
#374 = PCURVE('',#375,#380);
#375 = CYLINDRICAL_SURFACE('',#376,3.1);
#376 = AXIS2_PLACEMENT_3D('',#377,#378,#379);
#377 = CARTESIAN_POINT('',(-24.95,-7.,-4.718447854657E-16));
#378 = DIRECTION('',(1.,0.,2.22044604925E-16));
#379 = DIRECTION('',(2.22044604925E-16,0.,-1.));
#380 = DEFINITIONAL_REPRESENTATION('',(#381),#384);
#381 = B_SPLINE_CURVE_WITH_KNOTS('',1,(#382,#383),.UNSPECIFIED.,.F.,.F.,
  (2,2),(4.712388980385,5.01792239554),.PIECEWISE_BEZIER_KNOTS.);
#382 = CARTESIAN_POINT('',(4.712388980385,1.));
#383 = CARTESIAN_POINT('',(5.01792239554,1.));
#384 = ( GEOMETRIC_REPRESENTATION_CONTEXT(2) 
PARAMETRIC_REPRESENTATION_CONTEXT() REPRESENTATION_CONTEXT('2D SPACE',''
  ) );
#385 = ORIENTED_EDGE('',*,*,#386,.F.);
#386 = EDGE_CURVE('',#387,#359,#389,.T.);
#387 = VERTEX_POINT('',#388);
#388 = CARTESIAN_POINT('',(-23.95,-12.,0.));
#389 = SURFACE_CURVE('',#390,(#394,#401),.PCURVE_S1.);
#390 = LINE('',#391,#392);
#391 = CARTESIAN_POINT('',(-23.95,-12.,0.));
#392 = VECTOR('',#393,1.);
#393 = DIRECTION('',(-0.,1.,0.));
#394 = PCURVE('',#32,#395);
#395 = DEFINITIONAL_REPRESENTATION('',(#396),#400);
#396 = LINE('',#397,#398);
#397 = CARTESIAN_POINT('',(20.,-5.));
#398 = VECTOR('',#399,1.);
#399 = DIRECTION('',(0.,-1.));
#400 = ( GEOMETRIC_REPRESENTATION_CONTEXT(2) 
PARAMETRIC_REPRESENTATION_CONTEXT() REPRESENTATION_CONTEXT('2D SPACE',''
  ) );
#401 = PCURVE('',#402,#407);
#402 = PLANE('',#403);
#403 = AXIS2_PLACEMENT_3D('',#404,#405,#406);
#404 = CARTESIAN_POINT('',(-23.95,-12.,0.));
#405 = DIRECTION('',(0.,0.,1.));
#406 = DIRECTION('',(1.,0.,-0.));
#407 = DEFINITIONAL_REPRESENTATION('',(#408),#412);
#408 = LINE('',#409,#410);
#409 = CARTESIAN_POINT('',(0.,0.));
#410 = VECTOR('',#411,1.);
#411 = DIRECTION('',(0.,1.));
#412 = ( GEOMETRIC_REPRESENTATION_CONTEXT(2) 
PARAMETRIC_REPRESENTATION_CONTEXT() REPRESENTATION_CONTEXT('2D SPACE',''
  ) );
#413 = ORIENTED_EDGE('',*,*,#414,.F.);
#414 = EDGE_CURVE('',#24,#387,#415,.T.);
#415 = SURFACE_CURVE('',#416,(#420,#427),.PCURVE_S1.);
#416 = LINE('',#417,#418);
#417 = CARTESIAN_POINT('',(-23.95,-12.,-16.));
#418 = VECTOR('',#419,1.);
#419 = DIRECTION('',(0.,0.,1.));
#420 = PCURVE('',#32,#421);
#421 = DEFINITIONAL_REPRESENTATION('',(#422),#426);
#422 = LINE('',#423,#424);
#423 = CARTESIAN_POINT('',(4.,-5.));
#424 = VECTOR('',#425,1.);
#425 = DIRECTION('',(1.,0.));
#426 = ( GEOMETRIC_REPRESENTATION_CONTEXT(2) 
PARAMETRIC_REPRESENTATION_CONTEXT() REPRESENTATION_CONTEXT('2D SPACE',''
  ) );
#427 = PCURVE('',#428,#433);
#428 = PLANE('',#429);
#429 = AXIS2_PLACEMENT_3D('',#430,#431,#432);
#430 = CARTESIAN_POINT('',(-23.95,-12.,-16.));
#431 = DIRECTION('',(-0.,1.,0.));
#432 = DIRECTION('',(0.,0.,1.));
#433 = DEFINITIONAL_REPRESENTATION('',(#434),#438);
#434 = LINE('',#435,#436);
#435 = CARTESIAN_POINT('',(0.,0.));
#436 = VECTOR('',#437,1.);
#437 = DIRECTION('',(1.,0.));
#438 = ( GEOMETRIC_REPRESENTATION_CONTEXT(2) 
PARAMETRIC_REPRESENTATION_CONTEXT() REPRESENTATION_CONTEXT('2D SPACE',''
  ) );
#439 = ADVANCED_FACE('',(#440,#695,#726,#757,#788),#44,.T.);
#440 = FACE_BOUND('',#441,.T.);
#441 = EDGE_LOOP('',(#442,#472,#493,#494,#517,#545,#566,#567,#590,#613,
    #641,#669));
#442 = ORIENTED_EDGE('',*,*,#443,.T.);
#443 = EDGE_CURVE('',#444,#446,#448,.T.);
#444 = VERTEX_POINT('',#445);
#445 = CARTESIAN_POINT('',(24.45,12.,-16.));
#446 = VERTEX_POINT('',#447);
#447 = CARTESIAN_POINT('',(24.45,17.,-16.));
#448 = SURFACE_CURVE('',#449,(#453,#460),.PCURVE_S1.);
#449 = LINE('',#450,#451);
#450 = CARTESIAN_POINT('',(24.45,-17.,-16.));
#451 = VECTOR('',#452,1.);
#452 = DIRECTION('',(-0.,1.,0.));
#453 = PCURVE('',#44,#454);
#454 = DEFINITIONAL_REPRESENTATION('',(#455),#459);
#455 = LINE('',#456,#457);
#456 = CARTESIAN_POINT('',(48.4,0.));
#457 = VECTOR('',#458,1.);
#458 = DIRECTION('',(0.,1.));
#459 = ( GEOMETRIC_REPRESENTATION_CONTEXT(2) 
PARAMETRIC_REPRESENTATION_CONTEXT() REPRESENTATION_CONTEXT('2D SPACE',''
  ) );
#460 = PCURVE('',#461,#466);
#461 = PLANE('',#462);
#462 = AXIS2_PLACEMENT_3D('',#463,#464,#465);
#463 = CARTESIAN_POINT('',(24.45,-17.,-20.));
#464 = DIRECTION('',(1.,0.,-0.));
#465 = DIRECTION('',(0.,0.,1.));
#466 = DEFINITIONAL_REPRESENTATION('',(#467),#471);
#467 = LINE('',#468,#469);
#468 = CARTESIAN_POINT('',(4.,0.));
#469 = VECTOR('',#470,1.);
#470 = DIRECTION('',(0.,-1.));
#471 = ( GEOMETRIC_REPRESENTATION_CONTEXT(2) 
PARAMETRIC_REPRESENTATION_CONTEXT() REPRESENTATION_CONTEXT('2D SPACE',''
  ) );
#472 = ORIENTED_EDGE('',*,*,#473,.F.);
#473 = EDGE_CURVE('',#113,#446,#474,.T.);
#474 = SURFACE_CURVE('',#475,(#479,#486),.PCURVE_S1.);
#475 = LINE('',#476,#477);
#476 = CARTESIAN_POINT('',(-23.95,17.,-16.));
#477 = VECTOR('',#478,1.);
#478 = DIRECTION('',(1.,0.,-0.));
#479 = PCURVE('',#44,#480);
#480 = DEFINITIONAL_REPRESENTATION('',(#481),#485);
#481 = LINE('',#482,#483);
#482 = CARTESIAN_POINT('',(0.,34.));
#483 = VECTOR('',#484,1.);
#484 = DIRECTION('',(1.,0.));
#485 = ( GEOMETRIC_REPRESENTATION_CONTEXT(2) 
PARAMETRIC_REPRESENTATION_CONTEXT() REPRESENTATION_CONTEXT('2D SPACE',''
  ) );
#486 = PCURVE('',#128,#487);
#487 = DEFINITIONAL_REPRESENTATION('',(#488),#492);
#488 = LINE('',#489,#490);
#489 = CARTESIAN_POINT('',(4.,0.));
#490 = VECTOR('',#491,1.);
#491 = DIRECTION('',(0.,1.));
#492 = ( GEOMETRIC_REPRESENTATION_CONTEXT(2) 
PARAMETRIC_REPRESENTATION_CONTEXT() REPRESENTATION_CONTEXT('2D SPACE',''
  ) );
#493 = ORIENTED_EDGE('',*,*,#140,.F.);
#494 = ORIENTED_EDGE('',*,*,#495,.T.);
#495 = EDGE_CURVE('',#141,#496,#498,.T.);
#496 = VERTEX_POINT('',#497);
#497 = CARTESIAN_POINT('',(-20.95,12.,-16.));
#498 = SURFACE_CURVE('',#499,(#503,#510),.PCURVE_S1.);
#499 = LINE('',#500,#501);
#500 = CARTESIAN_POINT('',(-23.95,12.,-16.));
#501 = VECTOR('',#502,1.);
#502 = DIRECTION('',(1.,0.,-0.));
#503 = PCURVE('',#44,#504);
#504 = DEFINITIONAL_REPRESENTATION('',(#505),#509);
#505 = LINE('',#506,#507);
#506 = CARTESIAN_POINT('',(0.,29.));
#507 = VECTOR('',#508,1.);
#508 = DIRECTION('',(1.,0.));
#509 = ( GEOMETRIC_REPRESENTATION_CONTEXT(2) 
PARAMETRIC_REPRESENTATION_CONTEXT() REPRESENTATION_CONTEXT('2D SPACE',''
  ) );
#510 = PCURVE('',#179,#511);
#511 = DEFINITIONAL_REPRESENTATION('',(#512),#516);
#512 = LINE('',#513,#514);
#513 = CARTESIAN_POINT('',(0.,0.));
#514 = VECTOR('',#515,1.);
#515 = DIRECTION('',(0.,1.));
#516 = ( GEOMETRIC_REPRESENTATION_CONTEXT(2) 
PARAMETRIC_REPRESENTATION_CONTEXT() REPRESENTATION_CONTEXT('2D SPACE',''
  ) );
#517 = ORIENTED_EDGE('',*,*,#518,.F.);
#518 = EDGE_CURVE('',#519,#496,#521,.T.);
#519 = VERTEX_POINT('',#520);
#520 = CARTESIAN_POINT('',(-20.95,-12.,-16.));
#521 = SURFACE_CURVE('',#522,(#526,#533),.PCURVE_S1.);
#522 = LINE('',#523,#524);
#523 = CARTESIAN_POINT('',(-20.95,-12.,-16.));
#524 = VECTOR('',#525,1.);
#525 = DIRECTION('',(-0.,1.,0.));
#526 = PCURVE('',#44,#527);
#527 = DEFINITIONAL_REPRESENTATION('',(#528),#532);
#528 = LINE('',#529,#530);
#529 = CARTESIAN_POINT('',(3.,5.));
#530 = VECTOR('',#531,1.);
#531 = DIRECTION('',(0.,1.));
#532 = ( GEOMETRIC_REPRESENTATION_CONTEXT(2) 
PARAMETRIC_REPRESENTATION_CONTEXT() REPRESENTATION_CONTEXT('2D SPACE',''
  ) );
#533 = PCURVE('',#534,#539);
#534 = PLANE('',#535);
#535 = AXIS2_PLACEMENT_3D('',#536,#537,#538);
#536 = CARTESIAN_POINT('',(-20.95,-12.,-16.));
#537 = DIRECTION('',(1.,0.,-0.));
#538 = DIRECTION('',(0.,0.,1.));
#539 = DEFINITIONAL_REPRESENTATION('',(#540),#544);
#540 = LINE('',#541,#542);
#541 = CARTESIAN_POINT('',(0.,0.));
#542 = VECTOR('',#543,1.);
#543 = DIRECTION('',(0.,-1.));
#544 = ( GEOMETRIC_REPRESENTATION_CONTEXT(2) 
PARAMETRIC_REPRESENTATION_CONTEXT() REPRESENTATION_CONTEXT('2D SPACE',''
  ) );
#545 = ORIENTED_EDGE('',*,*,#546,.F.);
#546 = EDGE_CURVE('',#24,#519,#547,.T.);
#547 = SURFACE_CURVE('',#548,(#552,#559),.PCURVE_S1.);
#548 = LINE('',#549,#550);
#549 = CARTESIAN_POINT('',(-23.95,-12.,-16.));
#550 = VECTOR('',#551,1.);
#551 = DIRECTION('',(1.,0.,-0.));
#552 = PCURVE('',#44,#553);
#553 = DEFINITIONAL_REPRESENTATION('',(#554),#558);
#554 = LINE('',#555,#556);
#555 = CARTESIAN_POINT('',(0.,5.));
#556 = VECTOR('',#557,1.);
#557 = DIRECTION('',(1.,0.));
#558 = ( GEOMETRIC_REPRESENTATION_CONTEXT(2) 
PARAMETRIC_REPRESENTATION_CONTEXT() REPRESENTATION_CONTEXT('2D SPACE',''
  ) );
#559 = PCURVE('',#428,#560);
#560 = DEFINITIONAL_REPRESENTATION('',(#561),#565);
#561 = LINE('',#562,#563);
#562 = CARTESIAN_POINT('',(0.,0.));
#563 = VECTOR('',#564,1.);
#564 = DIRECTION('',(0.,1.));
#565 = ( GEOMETRIC_REPRESENTATION_CONTEXT(2) 
PARAMETRIC_REPRESENTATION_CONTEXT() REPRESENTATION_CONTEXT('2D SPACE',''
  ) );
#566 = ORIENTED_EDGE('',*,*,#21,.F.);
#567 = ORIENTED_EDGE('',*,*,#568,.T.);
#568 = EDGE_CURVE('',#22,#569,#571,.T.);
#569 = VERTEX_POINT('',#570);
#570 = CARTESIAN_POINT('',(24.45,-17.,-16.));
#571 = SURFACE_CURVE('',#572,(#576,#583),.PCURVE_S1.);
#572 = LINE('',#573,#574);
#573 = CARTESIAN_POINT('',(-23.95,-17.,-16.));
#574 = VECTOR('',#575,1.);
#575 = DIRECTION('',(1.,0.,-0.));
#576 = PCURVE('',#44,#577);
#577 = DEFINITIONAL_REPRESENTATION('',(#578),#582);
#578 = LINE('',#579,#580);
#579 = CARTESIAN_POINT('',(0.,0.));
#580 = VECTOR('',#581,1.);
#581 = DIRECTION('',(1.,0.));
#582 = ( GEOMETRIC_REPRESENTATION_CONTEXT(2) 
PARAMETRIC_REPRESENTATION_CONTEXT() REPRESENTATION_CONTEXT('2D SPACE',''
  ) );
#583 = PCURVE('',#72,#584);
#584 = DEFINITIONAL_REPRESENTATION('',(#585),#589);
#585 = LINE('',#586,#587);
#586 = CARTESIAN_POINT('',(4.,0.));
#587 = VECTOR('',#588,1.);
#588 = DIRECTION('',(0.,1.));
#589 = ( GEOMETRIC_REPRESENTATION_CONTEXT(2) 
PARAMETRIC_REPRESENTATION_CONTEXT() REPRESENTATION_CONTEXT('2D SPACE',''
  ) );
#590 = ORIENTED_EDGE('',*,*,#591,.T.);
#591 = EDGE_CURVE('',#569,#592,#594,.T.);
#592 = VERTEX_POINT('',#593);
#593 = CARTESIAN_POINT('',(24.45,-12.,-16.));
#594 = SURFACE_CURVE('',#595,(#599,#606),.PCURVE_S1.);
#595 = LINE('',#596,#597);
#596 = CARTESIAN_POINT('',(24.45,-17.,-16.));
#597 = VECTOR('',#598,1.);
#598 = DIRECTION('',(-0.,1.,0.));
#599 = PCURVE('',#44,#600);
#600 = DEFINITIONAL_REPRESENTATION('',(#601),#605);
#601 = LINE('',#602,#603);
#602 = CARTESIAN_POINT('',(48.4,0.));
#603 = VECTOR('',#604,1.);
#604 = DIRECTION('',(0.,1.));
#605 = ( GEOMETRIC_REPRESENTATION_CONTEXT(2) 
PARAMETRIC_REPRESENTATION_CONTEXT() REPRESENTATION_CONTEXT('2D SPACE',''
  ) );
#606 = PCURVE('',#461,#607);
#607 = DEFINITIONAL_REPRESENTATION('',(#608),#612);
#608 = LINE('',#609,#610);
#609 = CARTESIAN_POINT('',(4.,0.));
#610 = VECTOR('',#611,1.);
#611 = DIRECTION('',(0.,-1.));
#612 = ( GEOMETRIC_REPRESENTATION_CONTEXT(2) 
PARAMETRIC_REPRESENTATION_CONTEXT() REPRESENTATION_CONTEXT('2D SPACE',''
  ) );
#613 = ORIENTED_EDGE('',*,*,#614,.F.);
#614 = EDGE_CURVE('',#615,#592,#617,.T.);
#615 = VERTEX_POINT('',#616);
#616 = CARTESIAN_POINT('',(21.45,-12.,-16.));
#617 = SURFACE_CURVE('',#618,(#622,#629),.PCURVE_S1.);
#618 = LINE('',#619,#620);
#619 = CARTESIAN_POINT('',(21.45,-12.,-16.));
#620 = VECTOR('',#621,1.);
#621 = DIRECTION('',(1.,0.,-0.));
#622 = PCURVE('',#44,#623);
#623 = DEFINITIONAL_REPRESENTATION('',(#624),#628);
#624 = LINE('',#625,#626);
#625 = CARTESIAN_POINT('',(45.4,5.));
#626 = VECTOR('',#627,1.);
#627 = DIRECTION('',(1.,0.));
#628 = ( GEOMETRIC_REPRESENTATION_CONTEXT(2) 
PARAMETRIC_REPRESENTATION_CONTEXT() REPRESENTATION_CONTEXT('2D SPACE',''
  ) );
#629 = PCURVE('',#630,#635);
#630 = PLANE('',#631);
#631 = AXIS2_PLACEMENT_3D('',#632,#633,#634);
#632 = CARTESIAN_POINT('',(21.45,-12.,-16.));
#633 = DIRECTION('',(-0.,1.,0.));
#634 = DIRECTION('',(0.,0.,1.));
#635 = DEFINITIONAL_REPRESENTATION('',(#636),#640);
#636 = LINE('',#637,#638);
#637 = CARTESIAN_POINT('',(0.,0.));
#638 = VECTOR('',#639,1.);
#639 = DIRECTION('',(0.,1.));
#640 = ( GEOMETRIC_REPRESENTATION_CONTEXT(2) 
PARAMETRIC_REPRESENTATION_CONTEXT() REPRESENTATION_CONTEXT('2D SPACE',''
  ) );
#641 = ORIENTED_EDGE('',*,*,#642,.T.);
#642 = EDGE_CURVE('',#615,#643,#645,.T.);
#643 = VERTEX_POINT('',#644);
#644 = CARTESIAN_POINT('',(21.45,12.,-16.));
#645 = SURFACE_CURVE('',#646,(#650,#657),.PCURVE_S1.);
#646 = LINE('',#647,#648);
#647 = CARTESIAN_POINT('',(21.45,-12.,-16.));
#648 = VECTOR('',#649,1.);
#649 = DIRECTION('',(-0.,1.,0.));
#650 = PCURVE('',#44,#651);
#651 = DEFINITIONAL_REPRESENTATION('',(#652),#656);
#652 = LINE('',#653,#654);
#653 = CARTESIAN_POINT('',(45.4,5.));
#654 = VECTOR('',#655,1.);
#655 = DIRECTION('',(0.,1.));
#656 = ( GEOMETRIC_REPRESENTATION_CONTEXT(2) 
PARAMETRIC_REPRESENTATION_CONTEXT() REPRESENTATION_CONTEXT('2D SPACE',''
  ) );
#657 = PCURVE('',#658,#663);
#658 = PLANE('',#659);
#659 = AXIS2_PLACEMENT_3D('',#660,#661,#662);
#660 = CARTESIAN_POINT('',(21.45,-12.,-16.));
#661 = DIRECTION('',(1.,0.,-0.));
#662 = DIRECTION('',(0.,0.,1.));
#663 = DEFINITIONAL_REPRESENTATION('',(#664),#668);
#664 = LINE('',#665,#666);
#665 = CARTESIAN_POINT('',(0.,0.));
#666 = VECTOR('',#667,1.);
#667 = DIRECTION('',(0.,-1.));
#668 = ( GEOMETRIC_REPRESENTATION_CONTEXT(2) 
PARAMETRIC_REPRESENTATION_CONTEXT() REPRESENTATION_CONTEXT('2D SPACE',''
  ) );
#669 = ORIENTED_EDGE('',*,*,#670,.T.);
#670 = EDGE_CURVE('',#643,#444,#671,.T.);
#671 = SURFACE_CURVE('',#672,(#676,#683),.PCURVE_S1.);
#672 = LINE('',#673,#674);
#673 = CARTESIAN_POINT('',(21.45,12.,-16.));
#674 = VECTOR('',#675,1.);
#675 = DIRECTION('',(1.,0.,-0.));
#676 = PCURVE('',#44,#677);
#677 = DEFINITIONAL_REPRESENTATION('',(#678),#682);
#678 = LINE('',#679,#680);
#679 = CARTESIAN_POINT('',(45.4,29.));
#680 = VECTOR('',#681,1.);
#681 = DIRECTION('',(1.,0.));
#682 = ( GEOMETRIC_REPRESENTATION_CONTEXT(2) 
PARAMETRIC_REPRESENTATION_CONTEXT() REPRESENTATION_CONTEXT('2D SPACE',''
  ) );
#683 = PCURVE('',#684,#689);
#684 = PLANE('',#685);
#685 = AXIS2_PLACEMENT_3D('',#686,#687,#688);
#686 = CARTESIAN_POINT('',(21.45,12.,-16.));
#687 = DIRECTION('',(-0.,1.,0.));
#688 = DIRECTION('',(0.,0.,1.));
#689 = DEFINITIONAL_REPRESENTATION('',(#690),#694);
#690 = LINE('',#691,#692);
#691 = CARTESIAN_POINT('',(0.,0.));
#692 = VECTOR('',#693,1.);
#693 = DIRECTION('',(0.,1.));
#694 = ( GEOMETRIC_REPRESENTATION_CONTEXT(2) 
PARAMETRIC_REPRESENTATION_CONTEXT() REPRESENTATION_CONTEXT('2D SPACE',''
  ) );
#695 = FACE_BOUND('',#696,.T.);
#696 = EDGE_LOOP('',(#697));
#697 = ORIENTED_EDGE('',*,*,#698,.F.);
#698 = EDGE_CURVE('',#699,#699,#701,.T.);
#699 = VERTEX_POINT('',#700);
#700 = CARTESIAN_POINT('',(-8.3,-10.,-16.));
#701 = SURFACE_CURVE('',#702,(#707,#714),.PCURVE_S1.);
#702 = CIRCLE('',#703,1.7);
#703 = AXIS2_PLACEMENT_3D('',#704,#705,#706);
#704 = CARTESIAN_POINT('',(-10.,-10.,-16.));
#705 = DIRECTION('',(0.,0.,1.));
#706 = DIRECTION('',(1.,0.,-0.));
#707 = PCURVE('',#44,#708);
#708 = DEFINITIONAL_REPRESENTATION('',(#709),#713);
#709 = CIRCLE('',#710,1.7);
#710 = AXIS2_PLACEMENT_2D('',#711,#712);
#711 = CARTESIAN_POINT('',(13.95,7.));
#712 = DIRECTION('',(1.,0.));
#713 = ( GEOMETRIC_REPRESENTATION_CONTEXT(2) 
PARAMETRIC_REPRESENTATION_CONTEXT() REPRESENTATION_CONTEXT('2D SPACE',''
  ) );
#714 = PCURVE('',#715,#720);
#715 = CYLINDRICAL_SURFACE('',#716,1.7);
#716 = AXIS2_PLACEMENT_3D('',#717,#718,#719);
#717 = CARTESIAN_POINT('',(-10.,-10.,-21.));
#718 = DIRECTION('',(0.,0.,1.));
#719 = DIRECTION('',(1.,0.,-0.));
#720 = DEFINITIONAL_REPRESENTATION('',(#721),#725);
#721 = LINE('',#722,#723);
#722 = CARTESIAN_POINT('',(0.,5.));
#723 = VECTOR('',#724,1.);
#724 = DIRECTION('',(1.,0.));
#725 = ( GEOMETRIC_REPRESENTATION_CONTEXT(2) 
PARAMETRIC_REPRESENTATION_CONTEXT() REPRESENTATION_CONTEXT('2D SPACE',''
  ) );
#726 = FACE_BOUND('',#727,.T.);
#727 = EDGE_LOOP('',(#728));
#728 = ORIENTED_EDGE('',*,*,#729,.F.);
#729 = EDGE_CURVE('',#730,#730,#732,.T.);
#730 = VERTEX_POINT('',#731);
#731 = CARTESIAN_POINT('',(11.7,-10.,-16.));
#732 = SURFACE_CURVE('',#733,(#738,#745),.PCURVE_S1.);
#733 = CIRCLE('',#734,1.7);
#734 = AXIS2_PLACEMENT_3D('',#735,#736,#737);
#735 = CARTESIAN_POINT('',(10.,-10.,-16.));
#736 = DIRECTION('',(0.,0.,1.));
#737 = DIRECTION('',(1.,0.,-0.));
#738 = PCURVE('',#44,#739);
#739 = DEFINITIONAL_REPRESENTATION('',(#740),#744);
#740 = CIRCLE('',#741,1.7);
#741 = AXIS2_PLACEMENT_2D('',#742,#743);
#742 = CARTESIAN_POINT('',(33.95,7.));
#743 = DIRECTION('',(1.,0.));
#744 = ( GEOMETRIC_REPRESENTATION_CONTEXT(2) 
PARAMETRIC_REPRESENTATION_CONTEXT() REPRESENTATION_CONTEXT('2D SPACE',''
  ) );
#745 = PCURVE('',#746,#751);
#746 = CYLINDRICAL_SURFACE('',#747,1.7);
#747 = AXIS2_PLACEMENT_3D('',#748,#749,#750);
#748 = CARTESIAN_POINT('',(10.,-10.,-21.));
#749 = DIRECTION('',(0.,0.,1.));
#750 = DIRECTION('',(1.,0.,-0.));
#751 = DEFINITIONAL_REPRESENTATION('',(#752),#756);
#752 = LINE('',#753,#754);
#753 = CARTESIAN_POINT('',(0.,5.));
#754 = VECTOR('',#755,1.);
#755 = DIRECTION('',(1.,0.));
#756 = ( GEOMETRIC_REPRESENTATION_CONTEXT(2) 
PARAMETRIC_REPRESENTATION_CONTEXT() REPRESENTATION_CONTEXT('2D SPACE',''
  ) );
#757 = FACE_BOUND('',#758,.T.);
#758 = EDGE_LOOP('',(#759));
#759 = ORIENTED_EDGE('',*,*,#760,.F.);
#760 = EDGE_CURVE('',#761,#761,#763,.T.);
#761 = VERTEX_POINT('',#762);
#762 = CARTESIAN_POINT('',(-8.3,10.,-16.));
#763 = SURFACE_CURVE('',#764,(#769,#776),.PCURVE_S1.);
#764 = CIRCLE('',#765,1.7);
#765 = AXIS2_PLACEMENT_3D('',#766,#767,#768);
#766 = CARTESIAN_POINT('',(-10.,10.,-16.));
#767 = DIRECTION('',(0.,0.,1.));
#768 = DIRECTION('',(1.,0.,-0.));
#769 = PCURVE('',#44,#770);
#770 = DEFINITIONAL_REPRESENTATION('',(#771),#775);
#771 = CIRCLE('',#772,1.7);
#772 = AXIS2_PLACEMENT_2D('',#773,#774);
#773 = CARTESIAN_POINT('',(13.95,27.));
#774 = DIRECTION('',(1.,0.));
#775 = ( GEOMETRIC_REPRESENTATION_CONTEXT(2) 
PARAMETRIC_REPRESENTATION_CONTEXT() REPRESENTATION_CONTEXT('2D SPACE',''
  ) );
#776 = PCURVE('',#777,#782);
#777 = CYLINDRICAL_SURFACE('',#778,1.7);
#778 = AXIS2_PLACEMENT_3D('',#779,#780,#781);
#779 = CARTESIAN_POINT('',(-10.,10.,-21.));
#780 = DIRECTION('',(0.,0.,1.));
#781 = DIRECTION('',(1.,0.,-0.));
#782 = DEFINITIONAL_REPRESENTATION('',(#783),#787);
#783 = LINE('',#784,#785);
#784 = CARTESIAN_POINT('',(0.,5.));
#785 = VECTOR('',#786,1.);
#786 = DIRECTION('',(1.,0.));
#787 = ( GEOMETRIC_REPRESENTATION_CONTEXT(2) 
PARAMETRIC_REPRESENTATION_CONTEXT() REPRESENTATION_CONTEXT('2D SPACE',''
  ) );
#788 = FACE_BOUND('',#789,.T.);
#789 = EDGE_LOOP('',(#790));
#790 = ORIENTED_EDGE('',*,*,#791,.F.);
#791 = EDGE_CURVE('',#792,#792,#794,.T.);
#792 = VERTEX_POINT('',#793);
#793 = CARTESIAN_POINT('',(11.7,10.,-16.));
#794 = SURFACE_CURVE('',#795,(#800,#807),.PCURVE_S1.);
#795 = CIRCLE('',#796,1.7);
#796 = AXIS2_PLACEMENT_3D('',#797,#798,#799);
#797 = CARTESIAN_POINT('',(10.,10.,-16.));
#798 = DIRECTION('',(0.,0.,1.));
#799 = DIRECTION('',(1.,0.,-0.));
#800 = PCURVE('',#44,#801);
#801 = DEFINITIONAL_REPRESENTATION('',(#802),#806);
#802 = CIRCLE('',#803,1.7);
#803 = AXIS2_PLACEMENT_2D('',#804,#805);
#804 = CARTESIAN_POINT('',(33.95,27.));
#805 = DIRECTION('',(1.,0.));
#806 = ( GEOMETRIC_REPRESENTATION_CONTEXT(2) 
PARAMETRIC_REPRESENTATION_CONTEXT() REPRESENTATION_CONTEXT('2D SPACE',''
  ) );
#807 = PCURVE('',#808,#813);
#808 = CYLINDRICAL_SURFACE('',#809,1.7);
#809 = AXIS2_PLACEMENT_3D('',#810,#811,#812);
#810 = CARTESIAN_POINT('',(10.,10.,-21.));
#811 = DIRECTION('',(0.,0.,1.));
#812 = DIRECTION('',(1.,0.,-0.));
#813 = DEFINITIONAL_REPRESENTATION('',(#814),#818);
#814 = LINE('',#815,#816);
#815 = CARTESIAN_POINT('',(0.,5.));
#816 = VECTOR('',#817,1.);
#817 = DIRECTION('',(1.,0.));
#818 = ( GEOMETRIC_REPRESENTATION_CONTEXT(2) 
PARAMETRIC_REPRESENTATION_CONTEXT() REPRESENTATION_CONTEXT('2D SPACE',''
  ) );
#819 = ADVANCED_FACE('',(#820),#428,.F.);
#820 = FACE_BOUND('',#821,.F.);
#821 = EDGE_LOOP('',(#822,#823,#824,#847));
#822 = ORIENTED_EDGE('',*,*,#546,.F.);
#823 = ORIENTED_EDGE('',*,*,#414,.T.);
#824 = ORIENTED_EDGE('',*,*,#825,.T.);
#825 = EDGE_CURVE('',#387,#826,#828,.T.);
#826 = VERTEX_POINT('',#827);
#827 = CARTESIAN_POINT('',(-20.95,-12.,0.));
#828 = SURFACE_CURVE('',#829,(#833,#840),.PCURVE_S1.);
#829 = LINE('',#830,#831);
#830 = CARTESIAN_POINT('',(-23.95,-12.,0.));
#831 = VECTOR('',#832,1.);
#832 = DIRECTION('',(1.,0.,-0.));
#833 = PCURVE('',#428,#834);
#834 = DEFINITIONAL_REPRESENTATION('',(#835),#839);
#835 = LINE('',#836,#837);
#836 = CARTESIAN_POINT('',(16.,0.));
#837 = VECTOR('',#838,1.);
#838 = DIRECTION('',(0.,1.));
#839 = ( GEOMETRIC_REPRESENTATION_CONTEXT(2) 
PARAMETRIC_REPRESENTATION_CONTEXT() REPRESENTATION_CONTEXT('2D SPACE',''
  ) );
#840 = PCURVE('',#402,#841);
#841 = DEFINITIONAL_REPRESENTATION('',(#842),#846);
#842 = LINE('',#843,#844);
#843 = CARTESIAN_POINT('',(0.,0.));
#844 = VECTOR('',#845,1.);
#845 = DIRECTION('',(1.,0.));
#846 = ( GEOMETRIC_REPRESENTATION_CONTEXT(2) 
PARAMETRIC_REPRESENTATION_CONTEXT() REPRESENTATION_CONTEXT('2D SPACE',''
  ) );
#847 = ORIENTED_EDGE('',*,*,#848,.F.);
#848 = EDGE_CURVE('',#519,#826,#849,.T.);
#849 = SURFACE_CURVE('',#850,(#854,#861),.PCURVE_S1.);
#850 = LINE('',#851,#852);
#851 = CARTESIAN_POINT('',(-20.95,-12.,-16.));
#852 = VECTOR('',#853,1.);
#853 = DIRECTION('',(0.,0.,1.));
#854 = PCURVE('',#428,#855);
#855 = DEFINITIONAL_REPRESENTATION('',(#856),#860);
#856 = LINE('',#857,#858);
#857 = CARTESIAN_POINT('',(0.,3.));
#858 = VECTOR('',#859,1.);
#859 = DIRECTION('',(1.,0.));
#860 = ( GEOMETRIC_REPRESENTATION_CONTEXT(2) 
PARAMETRIC_REPRESENTATION_CONTEXT() REPRESENTATION_CONTEXT('2D SPACE',''
  ) );
#861 = PCURVE('',#534,#862);
#862 = DEFINITIONAL_REPRESENTATION('',(#863),#867);
#863 = LINE('',#864,#865);
#864 = CARTESIAN_POINT('',(0.,0.));
#865 = VECTOR('',#866,1.);
#866 = DIRECTION('',(1.,0.));
#867 = ( GEOMETRIC_REPRESENTATION_CONTEXT(2) 
PARAMETRIC_REPRESENTATION_CONTEXT() REPRESENTATION_CONTEXT('2D SPACE',''
  ) );
#868 = ADVANCED_FACE('',(#869),#402,.T.);
#869 = FACE_BOUND('',#870,.T.);
#870 = EDGE_LOOP('',(#871,#872,#873,#896));
#871 = ORIENTED_EDGE('',*,*,#386,.F.);
#872 = ORIENTED_EDGE('',*,*,#825,.T.);
#873 = ORIENTED_EDGE('',*,*,#874,.T.);
#874 = EDGE_CURVE('',#826,#875,#877,.T.);
#875 = VERTEX_POINT('',#876);
#876 = CARTESIAN_POINT('',(-20.95,-10.1,0.));
#877 = SURFACE_CURVE('',#878,(#882,#889),.PCURVE_S1.);
#878 = LINE('',#879,#880);
#879 = CARTESIAN_POINT('',(-20.95,-12.,0.));
#880 = VECTOR('',#881,1.);
#881 = DIRECTION('',(-0.,1.,0.));
#882 = PCURVE('',#402,#883);
#883 = DEFINITIONAL_REPRESENTATION('',(#884),#888);
#884 = LINE('',#885,#886);
#885 = CARTESIAN_POINT('',(3.,0.));
#886 = VECTOR('',#887,1.);
#887 = DIRECTION('',(0.,1.));
#888 = ( GEOMETRIC_REPRESENTATION_CONTEXT(2) 
PARAMETRIC_REPRESENTATION_CONTEXT() REPRESENTATION_CONTEXT('2D SPACE',''
  ) );
#889 = PCURVE('',#534,#890);
#890 = DEFINITIONAL_REPRESENTATION('',(#891),#895);
#891 = LINE('',#892,#893);
#892 = CARTESIAN_POINT('',(16.,0.));
#893 = VECTOR('',#894,1.);
#894 = DIRECTION('',(0.,-1.));
#895 = ( GEOMETRIC_REPRESENTATION_CONTEXT(2) 
PARAMETRIC_REPRESENTATION_CONTEXT() REPRESENTATION_CONTEXT('2D SPACE',''
  ) );
#896 = ORIENTED_EDGE('',*,*,#897,.F.);
#897 = EDGE_CURVE('',#359,#875,#898,.T.);
#898 = SURFACE_CURVE('',#899,(#903,#909),.PCURVE_S1.);
#899 = LINE('',#900,#901);
#900 = CARTESIAN_POINT('',(-24.95,-10.1,0.));
#901 = VECTOR('',#902,1.);
#902 = DIRECTION('',(1.,0.,2.22044604925E-16));
#903 = PCURVE('',#402,#904);
#904 = DEFINITIONAL_REPRESENTATION('',(#905),#908);
#905 = B_SPLINE_CURVE_WITH_KNOTS('',1,(#906,#907),.UNSPECIFIED.,.F.,.F.,
  (2,2),(0.7,4.2500006),.PIECEWISE_BEZIER_KNOTS.);
#906 = CARTESIAN_POINT('',(-0.3,1.9));
#907 = CARTESIAN_POINT('',(3.2500006,1.9));
#908 = ( GEOMETRIC_REPRESENTATION_CONTEXT(2) 
PARAMETRIC_REPRESENTATION_CONTEXT() REPRESENTATION_CONTEXT('2D SPACE',''
  ) );
#909 = PCURVE('',#375,#910);
#910 = DEFINITIONAL_REPRESENTATION('',(#911),#914);
#911 = B_SPLINE_CURVE_WITH_KNOTS('',1,(#912,#913),.UNSPECIFIED.,.F.,.F.,
  (2,2),(1.,4.),.PIECEWISE_BEZIER_KNOTS.);
#912 = CARTESIAN_POINT('',(4.712388980385,1.));
#913 = CARTESIAN_POINT('',(4.712388980385,4.));
#914 = ( GEOMETRIC_REPRESENTATION_CONTEXT(2) 
PARAMETRIC_REPRESENTATION_CONTEXT() REPRESENTATION_CONTEXT('2D SPACE',''
  ) );
#915 = ADVANCED_FACE('',(#916),#375,.F.);
#916 = FACE_BOUND('',#917,.F.);
#917 = EDGE_LOOP('',(#918,#953,#979,#1008,#1029,#1050,#1051,#1052));
#918 = ORIENTED_EDGE('',*,*,#919,.F.);
#919 = EDGE_CURVE('',#920,#922,#924,.T.);
#920 = VERTEX_POINT('',#921);
#921 = CARTESIAN_POINT('',(-22.6,-9.956428571429,0.932485979541));
#922 = VERTEX_POINT('',#923);
#923 = CARTESIAN_POINT('',(-22.6,-9.956428571429,-0.932485979541));
#924 = SURFACE_CURVE('',#925,(#930,#937),.PCURVE_S1.);
#925 = CIRCLE('',#926,3.1);
#926 = AXIS2_PLACEMENT_3D('',#927,#928,#929);
#927 = CARTESIAN_POINT('',(-22.6,-7.,4.996003610813E-17));
#928 = DIRECTION('',(-1.,0.,0.));
#929 = DIRECTION('',(0.,-0.953686635945,0.300801928884));
#930 = PCURVE('',#375,#931);
#931 = DEFINITIONAL_REPRESENTATION('',(#932),#936);
#932 = LINE('',#933,#934);
#933 = CARTESIAN_POINT('',(10.690040872409,2.35));
#934 = VECTOR('',#935,1.);
#935 = DIRECTION('',(-1.,-0.));
#936 = ( GEOMETRIC_REPRESENTATION_CONTEXT(2) 
PARAMETRIC_REPRESENTATION_CONTEXT() REPRESENTATION_CONTEXT('2D SPACE',''
  ) );
#937 = PCURVE('',#938,#943);
#938 = PLANE('',#939);
#939 = AXIS2_PLACEMENT_3D('',#940,#941,#942);
#940 = CARTESIAN_POINT('',(-22.6,0.,1.498801083244E-16));
#941 = DIRECTION('',(1.,0.,2.22044604925E-16));
#942 = DIRECTION('',(2.22044604925E-16,0.,-1.));
#943 = DEFINITIONAL_REPRESENTATION('',(#944),#952);
#944 = ( BOUNDED_CURVE() B_SPLINE_CURVE(2,(#945,#946,#947,#948,#949,#950
,#951),.UNSPECIFIED.,.T.,.F.) B_SPLINE_CURVE_WITH_KNOTS((1,2,2,2,2,1),(
    -2.094395102393,0.,2.094395102393,4.188790204786,6.28318530718,
8.377580409573),.UNSPECIFIED.) CURVE() GEOMETRIC_REPRESENTATION_ITEM() 
RATIONAL_B_SPLINE_CURVE((1.,0.5,1.,0.5,1.,0.5,1.)) REPRESENTATION_ITEM(
  '') );
#945 = CARTESIAN_POINT('',(-0.932485979541,-9.956428571429));
#946 = CARTESIAN_POINT('',(-6.053170474204,-8.341315477518));
#947 = CARTESIAN_POINT('',(-2.094099257561,-4.71422916733));
#948 = CARTESIAN_POINT('',(1.864971959082,-1.087142857143));
#949 = CARTESIAN_POINT('',(3.026585237102,-6.329342261241));
#950 = CARTESIAN_POINT('',(4.188198515121,-11.57154166533));
#951 = CARTESIAN_POINT('',(-0.932485979541,-9.956428571429));
#952 = ( GEOMETRIC_REPRESENTATION_CONTEXT(2) 
PARAMETRIC_REPRESENTATION_CONTEXT() REPRESENTATION_CONTEXT('2D SPACE',''
  ) );
#953 = ORIENTED_EDGE('',*,*,#954,.T.);
#954 = EDGE_CURVE('',#920,#955,#957,.T.);
#955 = VERTEX_POINT('',#956);
#956 = CARTESIAN_POINT('',(-20.7,-9.956428571429,0.932485979541));
#957 = SURFACE_CURVE('',#958,(#962,#968),.PCURVE_S1.);
#958 = LINE('',#959,#960);
#959 = CARTESIAN_POINT('',(-23.95,-9.956428571429,0.932485979541));
#960 = VECTOR('',#961,1.);
#961 = DIRECTION('',(1.,0.,2.22044604925E-16));
#962 = PCURVE('',#375,#963);
#963 = DEFINITIONAL_REPRESENTATION('',(#964),#967);
#964 = B_SPLINE_CURVE_WITH_KNOTS('',1,(#965,#966),.UNSPECIFIED.,.F.,.F.,
  (2,2),(1.35,3.25),.PIECEWISE_BEZIER_KNOTS.);
#965 = CARTESIAN_POINT('',(10.690040872409,2.35));
#966 = CARTESIAN_POINT('',(10.690040872409,4.25));
#967 = ( GEOMETRIC_REPRESENTATION_CONTEXT(2) 
PARAMETRIC_REPRESENTATION_CONTEXT() REPRESENTATION_CONTEXT('2D SPACE',''
  ) );
#968 = PCURVE('',#969,#974);
#969 = CYLINDRICAL_SURFACE('',#970,10.);
#970 = AXIS2_PLACEMENT_3D('',#971,#972,#973);
#971 = CARTESIAN_POINT('',(-23.95,0.,-3.330669073875E-16));
#972 = DIRECTION('',(1.,0.,2.22044604925E-16));
#973 = DIRECTION('',(2.22044604925E-16,0.,-1.));
#974 = DEFINITIONAL_REPRESENTATION('',(#975),#978);
#975 = B_SPLINE_CURVE_WITH_KNOTS('',1,(#976,#977),.UNSPECIFIED.,.F.,.F.,
  (2,2),(1.3499994,3.2500006),.PIECEWISE_BEZIER_KNOTS.);
#976 = CARTESIAN_POINT('',(4.619004713462,1.3499994));
#977 = CARTESIAN_POINT('',(4.619004713462,3.2500006));
#978 = ( GEOMETRIC_REPRESENTATION_CONTEXT(2) 
PARAMETRIC_REPRESENTATION_CONTEXT() REPRESENTATION_CONTEXT('2D SPACE',''
  ) );
#979 = ORIENTED_EDGE('',*,*,#980,.F.);
#980 = EDGE_CURVE('',#981,#955,#983,.T.);
#981 = VERTEX_POINT('',#982);
#982 = CARTESIAN_POINT('',(-20.7,-9.956428571429,-0.932485979541));
#983 = SURFACE_CURVE('',#984,(#989,#996),.PCURVE_S1.);
#984 = CIRCLE('',#985,3.1);
#985 = AXIS2_PLACEMENT_3D('',#986,#987,#988);
#986 = CARTESIAN_POINT('',(-20.7,-7.,4.718447854657E-16));
#987 = DIRECTION('',(1.,0.,0.));
#988 = DIRECTION('',(0.,-0.953686635945,-0.300801928884));
#989 = PCURVE('',#375,#990);
#990 = DEFINITIONAL_REPRESENTATION('',(#991),#995);
#991 = LINE('',#992,#993);
#992 = CARTESIAN_POINT('',(5.01792239554,4.25));
#993 = VECTOR('',#994,1.);
#994 = DIRECTION('',(1.,0.));
#995 = ( GEOMETRIC_REPRESENTATION_CONTEXT(2) 
PARAMETRIC_REPRESENTATION_CONTEXT() REPRESENTATION_CONTEXT('2D SPACE',''
  ) );
#996 = PCURVE('',#997,#1002);
#997 = PLANE('',#998);
#998 = AXIS2_PLACEMENT_3D('',#999,#1000,#1001);
#999 = CARTESIAN_POINT('',(-20.7,-7.,4.718447854657E-16));
#1000 = DIRECTION('',(1.,0.,2.22044604925E-16));
#1001 = DIRECTION('',(2.22044604925E-16,0.,-1.));
#1002 = DEFINITIONAL_REPRESENTATION('',(#1003),#1007);
#1003 = CIRCLE('',#1004,3.1);
#1004 = AXIS2_PLACEMENT_2D('',#1005,#1006);
#1005 = CARTESIAN_POINT('',(0.,0.));
#1006 = DIRECTION('',(0.300801928884,-0.953686635945));
#1007 = ( GEOMETRIC_REPRESENTATION_CONTEXT(2) 
PARAMETRIC_REPRESENTATION_CONTEXT() REPRESENTATION_CONTEXT('2D SPACE',''
  ) );
#1008 = ORIENTED_EDGE('',*,*,#1009,.F.);
#1009 = EDGE_CURVE('',#1010,#981,#1012,.T.);
#1010 = VERTEX_POINT('',#1011);
#1011 = CARTESIAN_POINT('',(-20.95,-9.956428571429,-0.932485979541));
#1012 = SURFACE_CURVE('',#1013,(#1017,#1023),.PCURVE_S1.);
#1013 = LINE('',#1014,#1015);
#1014 = CARTESIAN_POINT('',(-23.95,-9.956428571429,-0.932485979541));
#1015 = VECTOR('',#1016,1.);
#1016 = DIRECTION('',(1.,0.,2.22044604925E-16));
#1017 = PCURVE('',#375,#1018);
#1018 = DEFINITIONAL_REPRESENTATION('',(#1019),#1022);
#1019 = B_SPLINE_CURVE_WITH_KNOTS('',1,(#1020,#1021),.UNSPECIFIED.,.F.,
  .F.,(2,2),(3.,3.25),.PIECEWISE_BEZIER_KNOTS.);
#1020 = CARTESIAN_POINT('',(5.01792239554,4.));
#1021 = CARTESIAN_POINT('',(5.01792239554,4.25));
#1022 = ( GEOMETRIC_REPRESENTATION_CONTEXT(2) 
PARAMETRIC_REPRESENTATION_CONTEXT() REPRESENTATION_CONTEXT('2D SPACE',''
  ) );
#1023 = PCURVE('',#969,#1024);
#1024 = DEFINITIONAL_REPRESENTATION('',(#1025),#1028);
#1025 = B_SPLINE_CURVE_WITH_KNOTS('',1,(#1026,#1027),.UNSPECIFIED.,.F.,
  .F.,(2,2),(1.3499994,3.2500006),.PIECEWISE_BEZIER_KNOTS.);
#1026 = CARTESIAN_POINT('',(4.805773247307,1.3499994));
#1027 = CARTESIAN_POINT('',(4.805773247307,3.2500006));
#1028 = ( GEOMETRIC_REPRESENTATION_CONTEXT(2) 
PARAMETRIC_REPRESENTATION_CONTEXT() REPRESENTATION_CONTEXT('2D SPACE',''
  ) );
#1029 = ORIENTED_EDGE('',*,*,#1030,.F.);
#1030 = EDGE_CURVE('',#875,#1010,#1031,.T.);
#1031 = SURFACE_CURVE('',#1032,(#1037,#1043),.PCURVE_S1.);
#1032 = CIRCLE('',#1033,3.1);
#1033 = AXIS2_PLACEMENT_3D('',#1034,#1035,#1036);
#1034 = CARTESIAN_POINT('',(-20.95,-7.,4.163336342344E-16));
#1035 = DIRECTION('',(1.,0.,2.22044604925E-16));
#1036 = DIRECTION('',(2.22044604925E-16,0.,-1.));
#1037 = PCURVE('',#375,#1038);
#1038 = DEFINITIONAL_REPRESENTATION('',(#1039),#1042);
#1039 = B_SPLINE_CURVE_WITH_KNOTS('',1,(#1040,#1041),.UNSPECIFIED.,.F.,
  .F.,(2,2),(4.712388980385,5.01792239554),.PIECEWISE_BEZIER_KNOTS.);
#1040 = CARTESIAN_POINT('',(4.712388980385,4.));
#1041 = CARTESIAN_POINT('',(5.01792239554,4.));
#1042 = ( GEOMETRIC_REPRESENTATION_CONTEXT(2) 
PARAMETRIC_REPRESENTATION_CONTEXT() REPRESENTATION_CONTEXT('2D SPACE',''
  ) );
#1043 = PCURVE('',#534,#1044);
#1044 = DEFINITIONAL_REPRESENTATION('',(#1045),#1049);
#1045 = CIRCLE('',#1046,3.1);
#1046 = AXIS2_PLACEMENT_2D('',#1047,#1048);
#1047 = CARTESIAN_POINT('',(16.,-5.));
#1048 = DIRECTION('',(-1.,0.));
#1049 = ( GEOMETRIC_REPRESENTATION_CONTEXT(2) 
PARAMETRIC_REPRESENTATION_CONTEXT() REPRESENTATION_CONTEXT('2D SPACE',''
  ) );
#1050 = ORIENTED_EDGE('',*,*,#897,.F.);
#1051 = ORIENTED_EDGE('',*,*,#358,.T.);
#1052 = ORIENTED_EDGE('',*,*,#1053,.T.);
#1053 = EDGE_CURVE('',#330,#922,#1054,.T.);
#1054 = SURFACE_CURVE('',#1055,(#1059,#1065),.PCURVE_S1.);
#1055 = LINE('',#1056,#1057);
#1056 = CARTESIAN_POINT('',(-23.95,-9.956428571429,-0.932485979541));
#1057 = VECTOR('',#1058,1.);
#1058 = DIRECTION('',(1.,0.,2.22044604925E-16));
#1059 = PCURVE('',#375,#1060);
#1060 = DEFINITIONAL_REPRESENTATION('',(#1061),#1064);
#1061 = B_SPLINE_CURVE_WITH_KNOTS('',1,(#1062,#1063),.UNSPECIFIED.,.F.,
  .F.,(2,2),(-1.479114197289E-31,1.35),.PIECEWISE_BEZIER_KNOTS.);
#1062 = CARTESIAN_POINT('',(5.01792239554,1.));
#1063 = CARTESIAN_POINT('',(5.01792239554,2.35));
#1064 = ( GEOMETRIC_REPRESENTATION_CONTEXT(2) 
PARAMETRIC_REPRESENTATION_CONTEXT() REPRESENTATION_CONTEXT('2D SPACE',''
  ) );
#1065 = PCURVE('',#346,#1066);
#1066 = DEFINITIONAL_REPRESENTATION('',(#1067),#1070);
#1067 = B_SPLINE_CURVE_WITH_KNOTS('',1,(#1068,#1069),.UNSPECIFIED.,.F.,
  .F.,(2,2),(-5.999999999062E-07,1.3500006),.PIECEWISE_BEZIER_KNOTS.);
#1068 = CARTESIAN_POINT('',(4.805773247307,-6.000000001133E-07));
#1069 = CARTESIAN_POINT('',(4.805773247307,1.3500006));
#1070 = ( GEOMETRIC_REPRESENTATION_CONTEXT(2) 
PARAMETRIC_REPRESENTATION_CONTEXT() REPRESENTATION_CONTEXT('2D SPACE',''
  ) );
#1071 = ADVANCED_FACE('',(#1072),#346,.F.);
#1072 = FACE_BOUND('',#1073,.F.);
#1073 = EDGE_LOOP('',(#1074,#1075,#1076,#1097));
#1074 = ORIENTED_EDGE('',*,*,#1053,.F.);
#1075 = ORIENTED_EDGE('',*,*,#329,.T.);
#1076 = ORIENTED_EDGE('',*,*,#1077,.T.);
#1077 = EDGE_CURVE('',#306,#1078,#1080,.T.);
#1078 = VERTEX_POINT('',#1079);
#1079 = CARTESIAN_POINT('',(-22.6,-0.932485979541,-9.956428571429));
#1080 = SURFACE_CURVE('',#1081,(#1085,#1091),.PCURVE_S1.);
#1081 = LINE('',#1082,#1083);
#1082 = CARTESIAN_POINT('',(-23.95,-0.932485979541,-9.956428571429));
#1083 = VECTOR('',#1084,1.);
#1084 = DIRECTION('',(1.,0.,2.22044604925E-16));
#1085 = PCURVE('',#346,#1086);
#1086 = DEFINITIONAL_REPRESENTATION('',(#1087),#1090);
#1087 = B_SPLINE_CURVE_WITH_KNOTS('',1,(#1088,#1089),.UNSPECIFIED.,.F.,
  .F.,(2,2),(-5.999999999062E-07,1.3500006),.PIECEWISE_BEZIER_KNOTS.);
#1088 = CARTESIAN_POINT('',(6.189801040257,-5.999999985643E-07));
#1089 = CARTESIAN_POINT('',(6.189801040257,1.3500006));
#1090 = ( GEOMETRIC_REPRESENTATION_CONTEXT(2) 
PARAMETRIC_REPRESENTATION_CONTEXT() REPRESENTATION_CONTEXT('2D SPACE',''
  ) );
#1091 = PCURVE('',#293,#1092);
#1092 = DEFINITIONAL_REPRESENTATION('',(#1093),#1096);
#1093 = B_SPLINE_CURVE_WITH_KNOTS('',1,(#1094,#1095),.UNSPECIFIED.,.F.,
  .F.,(2,2),(-5.999999999062E-07,1.3500006),.PIECEWISE_BEZIER_KNOTS.);
#1094 = CARTESIAN_POINT('',(5.977651892024,0.9999994));
#1095 = CARTESIAN_POINT('',(5.977651892024,2.3500006));
#1096 = ( GEOMETRIC_REPRESENTATION_CONTEXT(2) 
PARAMETRIC_REPRESENTATION_CONTEXT() REPRESENTATION_CONTEXT('2D SPACE',''
  ) );
#1097 = ORIENTED_EDGE('',*,*,#1098,.F.);
#1098 = EDGE_CURVE('',#922,#1078,#1099,.T.);
#1099 = SURFACE_CURVE('',#1100,(#1105,#1112),.PCURVE_S1.);
#1100 = CIRCLE('',#1101,10.);
#1101 = AXIS2_PLACEMENT_3D('',#1102,#1103,#1104);
#1102 = CARTESIAN_POINT('',(-22.6,0.,1.498801083244E-16));
#1103 = DIRECTION('',(1.,5.084003344732E-30,3.552713678801E-16));
#1104 = DIRECTION('',(0.,-1.,1.431019723055E-14));
#1105 = PCURVE('',#346,#1106);
#1106 = DEFINITIONAL_REPRESENTATION('',(#1107),#1111);
#1107 = LINE('',#1108,#1109);
#1108 = CARTESIAN_POINT('',(4.712388980385,1.35));
#1109 = VECTOR('',#1110,1.);
#1110 = DIRECTION('',(1.,0.));
#1111 = ( GEOMETRIC_REPRESENTATION_CONTEXT(2) 
PARAMETRIC_REPRESENTATION_CONTEXT() REPRESENTATION_CONTEXT('2D SPACE',''
  ) );
#1112 = PCURVE('',#938,#1113);
#1113 = DEFINITIONAL_REPRESENTATION('',(#1114),#1118);
#1114 = CIRCLE('',#1115,10.);
#1115 = AXIS2_PLACEMENT_2D('',#1116,#1117);
#1116 = CARTESIAN_POINT('',(0.,0.));
#1117 = DIRECTION('',(-1.431019723055E-14,-1.));
#1118 = ( GEOMETRIC_REPRESENTATION_CONTEXT(2) 
PARAMETRIC_REPRESENTATION_CONTEXT() REPRESENTATION_CONTEXT('2D SPACE',''
  ) );
#1119 = ADVANCED_FACE('',(#1120),#293,.F.);
#1120 = FACE_BOUND('',#1121,.F.);
#1121 = EDGE_LOOP('',(#1122,#1153,#1174,#1198,#1219,#1220,#1241,#1263,
    #1264,#1265,#1266,#1290));
#1122 = ORIENTED_EDGE('',*,*,#1123,.F.);
#1123 = EDGE_CURVE('',#1124,#1126,#1128,.T.);
#1124 = VERTEX_POINT('',#1125);
#1125 = CARTESIAN_POINT('',(-20.7,0.932485979541,-9.956428571429));
#1126 = VERTEX_POINT('',#1127);
#1127 = CARTESIAN_POINT('',(-20.7,-0.932485979541,-9.956428571429));
#1128 = SURFACE_CURVE('',#1129,(#1134,#1141),.PCURVE_S1.);
#1129 = CIRCLE('',#1130,3.1);
#1130 = AXIS2_PLACEMENT_3D('',#1131,#1132,#1133);
#1131 = CARTESIAN_POINT('',(-20.7,0.,-7.));
#1132 = DIRECTION('',(1.,-0.,2.22044604925E-16));
#1133 = DIRECTION('',(2.22044604925E-16,0.,-1.));
#1134 = PCURVE('',#293,#1135);
#1135 = DEFINITIONAL_REPRESENTATION('',(#1136),#1140);
#1136 = LINE('',#1137,#1138);
#1137 = CARTESIAN_POINT('',(0.,4.25));
#1138 = VECTOR('',#1139,1.);
#1139 = DIRECTION('',(1.,0.));
#1140 = ( GEOMETRIC_REPRESENTATION_CONTEXT(2) 
PARAMETRIC_REPRESENTATION_CONTEXT() REPRESENTATION_CONTEXT('2D SPACE',''
  ) );
#1141 = PCURVE('',#1142,#1147);
#1142 = PLANE('',#1143);
#1143 = AXIS2_PLACEMENT_3D('',#1144,#1145,#1146);
#1144 = CARTESIAN_POINT('',(-20.7,0.,-7.));
#1145 = DIRECTION('',(1.,0.,2.22044604925E-16));
#1146 = DIRECTION('',(2.22044604925E-16,0.,-1.));
#1147 = DEFINITIONAL_REPRESENTATION('',(#1148),#1152);
#1148 = CIRCLE('',#1149,3.1);
#1149 = AXIS2_PLACEMENT_2D('',#1150,#1151);
#1150 = CARTESIAN_POINT('',(0.,0.));
#1151 = DIRECTION('',(1.,0.));
#1152 = ( GEOMETRIC_REPRESENTATION_CONTEXT(2) 
PARAMETRIC_REPRESENTATION_CONTEXT() REPRESENTATION_CONTEXT('2D SPACE',''
  ) );
#1153 = ORIENTED_EDGE('',*,*,#1154,.F.);
#1154 = EDGE_CURVE('',#1155,#1124,#1157,.T.);
#1155 = VERTEX_POINT('',#1156);
#1156 = CARTESIAN_POINT('',(-20.95,0.932485979541,-9.956428571429));
#1157 = SURFACE_CURVE('',#1158,(#1162,#1168),.PCURVE_S1.);
#1158 = LINE('',#1159,#1160);
#1159 = CARTESIAN_POINT('',(-23.95,0.932485979541,-9.956428571429));
#1160 = VECTOR('',#1161,1.);
#1161 = DIRECTION('',(1.,0.,2.22044604925E-16));
#1162 = PCURVE('',#293,#1163);
#1163 = DEFINITIONAL_REPRESENTATION('',(#1164),#1167);
#1164 = B_SPLINE_CURVE_WITH_KNOTS('',1,(#1165,#1166),.UNSPECIFIED.,.F.,
  .F.,(2,2),(1.3499994,3.2500006),.PIECEWISE_BEZIER_KNOTS.);
#1165 = CARTESIAN_POINT('',(0.305533415156,2.3499994));
#1166 = CARTESIAN_POINT('',(0.305533415156,4.2500006));
#1167 = ( GEOMETRIC_REPRESENTATION_CONTEXT(2) 
PARAMETRIC_REPRESENTATION_CONTEXT() REPRESENTATION_CONTEXT('2D SPACE',''
  ) );
#1168 = PCURVE('',#969,#1169);
#1169 = DEFINITIONAL_REPRESENTATION('',(#1170),#1173);
#1170 = B_SPLINE_CURVE_WITH_KNOTS('',1,(#1171,#1172),.UNSPECIFIED.,.F.,
  .F.,(2,2),(1.3499994,3.2500006),.PIECEWISE_BEZIER_KNOTS.);
#1171 = CARTESIAN_POINT('',(9.338426692272E-02,1.3499994));
#1172 = CARTESIAN_POINT('',(9.338426692272E-02,3.2500006));
#1173 = ( GEOMETRIC_REPRESENTATION_CONTEXT(2) 
PARAMETRIC_REPRESENTATION_CONTEXT() REPRESENTATION_CONTEXT('2D SPACE',''
  ) );
#1174 = ORIENTED_EDGE('',*,*,#1175,.F.);
#1175 = EDGE_CURVE('',#1176,#1155,#1178,.T.);
#1176 = VERTEX_POINT('',#1177);
#1177 = CARTESIAN_POINT('',(-20.95,-7.592810154714E-16,-10.1));
#1178 = SURFACE_CURVE('',#1179,(#1184,#1191),.PCURVE_S1.);
#1179 = CIRCLE('',#1180,3.1);
#1180 = AXIS2_PLACEMENT_3D('',#1181,#1182,#1183);
#1181 = CARTESIAN_POINT('',(-20.95,0.,-7.));
#1182 = DIRECTION('',(1.,0.,2.22044604925E-16));
#1183 = DIRECTION('',(2.22044604925E-16,0.,-1.));
#1184 = PCURVE('',#293,#1185);
#1185 = DEFINITIONAL_REPRESENTATION('',(#1186),#1190);
#1186 = LINE('',#1187,#1188);
#1187 = CARTESIAN_POINT('',(0.,4.));
#1188 = VECTOR('',#1189,1.);
#1189 = DIRECTION('',(1.,0.));
#1190 = ( GEOMETRIC_REPRESENTATION_CONTEXT(2) 
PARAMETRIC_REPRESENTATION_CONTEXT() REPRESENTATION_CONTEXT('2D SPACE',''
  ) );
#1191 = PCURVE('',#534,#1192);
#1192 = DEFINITIONAL_REPRESENTATION('',(#1193),#1197);
#1193 = CIRCLE('',#1194,3.1);
#1194 = AXIS2_PLACEMENT_2D('',#1195,#1196);
#1195 = CARTESIAN_POINT('',(9.,-12.));
#1196 = DIRECTION('',(-1.,0.));
#1197 = ( GEOMETRIC_REPRESENTATION_CONTEXT(2) 
PARAMETRIC_REPRESENTATION_CONTEXT() REPRESENTATION_CONTEXT('2D SPACE',''
  ) );
#1198 = ORIENTED_EDGE('',*,*,#1199,.F.);
#1199 = EDGE_CURVE('',#277,#1176,#1200,.T.);
#1200 = SEAM_CURVE('',#1201,(#1205,#1212),.PCURVE_S1.);
#1201 = LINE('',#1202,#1203);
#1202 = CARTESIAN_POINT('',(-24.95,-7.592810154714E-16,-10.1));
#1203 = VECTOR('',#1204,1.);
#1204 = DIRECTION('',(1.,0.,2.22044604925E-16));
#1205 = PCURVE('',#293,#1206);
#1206 = DEFINITIONAL_REPRESENTATION('',(#1207),#1211);
#1207 = LINE('',#1208,#1209);
#1208 = CARTESIAN_POINT('',(6.28318530718,-0.));
#1209 = VECTOR('',#1210,1.);
#1210 = DIRECTION('',(0.,1.));
#1211 = ( GEOMETRIC_REPRESENTATION_CONTEXT(2) 
PARAMETRIC_REPRESENTATION_CONTEXT() REPRESENTATION_CONTEXT('2D SPACE',''
  ) );
#1212 = PCURVE('',#293,#1213);
#1213 = DEFINITIONAL_REPRESENTATION('',(#1214),#1218);
#1214 = LINE('',#1215,#1216);
#1215 = CARTESIAN_POINT('',(0.,-0.));
#1216 = VECTOR('',#1217,1.);
#1217 = DIRECTION('',(0.,1.));
#1218 = ( GEOMETRIC_REPRESENTATION_CONTEXT(2) 
PARAMETRIC_REPRESENTATION_CONTEXT() REPRESENTATION_CONTEXT('2D SPACE',''
  ) );
#1219 = ORIENTED_EDGE('',*,*,#276,.T.);
#1220 = ORIENTED_EDGE('',*,*,#1221,.T.);
#1221 = EDGE_CURVE('',#248,#1222,#1224,.T.);
#1222 = VERTEX_POINT('',#1223);
#1223 = CARTESIAN_POINT('',(-22.6,0.932485979541,-9.956428571429));
#1224 = SURFACE_CURVE('',#1225,(#1229,#1235),.PCURVE_S1.);
#1225 = LINE('',#1226,#1227);
#1226 = CARTESIAN_POINT('',(-23.95,0.932485979541,-9.956428571429));
#1227 = VECTOR('',#1228,1.);
#1228 = DIRECTION('',(1.,0.,2.22044604925E-16));
#1229 = PCURVE('',#293,#1230);
#1230 = DEFINITIONAL_REPRESENTATION('',(#1231),#1234);
#1231 = B_SPLINE_CURVE_WITH_KNOTS('',1,(#1232,#1233),.UNSPECIFIED.,.F.,
  .F.,(2,2),(-5.999999999062E-07,1.3500006),.PIECEWISE_BEZIER_KNOTS.);
#1232 = CARTESIAN_POINT('',(0.305533415156,0.9999994));
#1233 = CARTESIAN_POINT('',(0.305533415156,2.3500006));
#1234 = ( GEOMETRIC_REPRESENTATION_CONTEXT(2) 
PARAMETRIC_REPRESENTATION_CONTEXT() REPRESENTATION_CONTEXT('2D SPACE',''
  ) );
#1235 = PCURVE('',#264,#1236);
#1236 = DEFINITIONAL_REPRESENTATION('',(#1237),#1240);
#1237 = B_SPLINE_CURVE_WITH_KNOTS('',1,(#1238,#1239),.UNSPECIFIED.,.F.,
  .F.,(2,2),(-5.999999999062E-07,1.3500006),.PIECEWISE_BEZIER_KNOTS.);
#1238 = CARTESIAN_POINT('',(6.376569574102,-5.999999985643E-07));
#1239 = CARTESIAN_POINT('',(6.376569574102,1.3500006));
#1240 = ( GEOMETRIC_REPRESENTATION_CONTEXT(2) 
PARAMETRIC_REPRESENTATION_CONTEXT() REPRESENTATION_CONTEXT('2D SPACE',''
  ) );
#1241 = ORIENTED_EDGE('',*,*,#1242,.T.);
#1242 = EDGE_CURVE('',#1222,#1078,#1243,.T.);
#1243 = SURFACE_CURVE('',#1244,(#1249,#1256),.PCURVE_S1.);
#1244 = CIRCLE('',#1245,3.1);
#1245 = AXIS2_PLACEMENT_3D('',#1246,#1247,#1248);
#1246 = CARTESIAN_POINT('',(-22.6,0.,-7.));
#1247 = DIRECTION('',(1.,0.,2.22044604925E-16));
#1248 = DIRECTION('',(2.22044604925E-16,0.,-1.));
#1249 = PCURVE('',#293,#1250);
#1250 = DEFINITIONAL_REPRESENTATION('',(#1251),#1255);
#1251 = LINE('',#1252,#1253);
#1252 = CARTESIAN_POINT('',(0.,2.35));
#1253 = VECTOR('',#1254,1.);
#1254 = DIRECTION('',(1.,0.));
#1255 = ( GEOMETRIC_REPRESENTATION_CONTEXT(2) 
PARAMETRIC_REPRESENTATION_CONTEXT() REPRESENTATION_CONTEXT('2D SPACE',''
  ) );
#1256 = PCURVE('',#938,#1257);
#1257 = DEFINITIONAL_REPRESENTATION('',(#1258),#1262);
#1258 = CIRCLE('',#1259,3.1);
#1259 = AXIS2_PLACEMENT_2D('',#1260,#1261);
#1260 = CARTESIAN_POINT('',(7.,0.));
#1261 = DIRECTION('',(1.,0.));
#1262 = ( GEOMETRIC_REPRESENTATION_CONTEXT(2) 
PARAMETRIC_REPRESENTATION_CONTEXT() REPRESENTATION_CONTEXT('2D SPACE',''
  ) );
#1263 = ORIENTED_EDGE('',*,*,#1077,.F.);
#1264 = ORIENTED_EDGE('',*,*,#305,.T.);
#1265 = ORIENTED_EDGE('',*,*,#1199,.T.);
#1266 = ORIENTED_EDGE('',*,*,#1267,.F.);
#1267 = EDGE_CURVE('',#1268,#1176,#1270,.T.);
#1268 = VERTEX_POINT('',#1269);
#1269 = CARTESIAN_POINT('',(-20.95,-0.932485979541,-9.956428571429));
#1270 = SURFACE_CURVE('',#1271,(#1276,#1283),.PCURVE_S1.);
#1271 = CIRCLE('',#1272,3.1);
#1272 = AXIS2_PLACEMENT_3D('',#1273,#1274,#1275);
#1273 = CARTESIAN_POINT('',(-20.95,0.,-7.));
#1274 = DIRECTION('',(1.,0.,2.22044604925E-16));
#1275 = DIRECTION('',(2.22044604925E-16,0.,-1.));
#1276 = PCURVE('',#293,#1277);
#1277 = DEFINITIONAL_REPRESENTATION('',(#1278),#1282);
#1278 = LINE('',#1279,#1280);
#1279 = CARTESIAN_POINT('',(0.,4.));
#1280 = VECTOR('',#1281,1.);
#1281 = DIRECTION('',(1.,0.));
#1282 = ( GEOMETRIC_REPRESENTATION_CONTEXT(2) 
PARAMETRIC_REPRESENTATION_CONTEXT() REPRESENTATION_CONTEXT('2D SPACE',''
  ) );
#1283 = PCURVE('',#534,#1284);
#1284 = DEFINITIONAL_REPRESENTATION('',(#1285),#1289);
#1285 = CIRCLE('',#1286,3.1);
#1286 = AXIS2_PLACEMENT_2D('',#1287,#1288);
#1287 = CARTESIAN_POINT('',(9.,-12.));
#1288 = DIRECTION('',(-1.,0.));
#1289 = ( GEOMETRIC_REPRESENTATION_CONTEXT(2) 
PARAMETRIC_REPRESENTATION_CONTEXT() REPRESENTATION_CONTEXT('2D SPACE',''
  ) );
#1290 = ORIENTED_EDGE('',*,*,#1291,.T.);
#1291 = EDGE_CURVE('',#1268,#1126,#1292,.T.);
#1292 = SURFACE_CURVE('',#1293,(#1297,#1303),.PCURVE_S1.);
#1293 = LINE('',#1294,#1295);
#1294 = CARTESIAN_POINT('',(-23.95,-0.932485979541,-9.956428571429));
#1295 = VECTOR('',#1296,1.);
#1296 = DIRECTION('',(1.,0.,2.22044604925E-16));
#1297 = PCURVE('',#293,#1298);
#1298 = DEFINITIONAL_REPRESENTATION('',(#1299),#1302);
#1299 = B_SPLINE_CURVE_WITH_KNOTS('',1,(#1300,#1301),.UNSPECIFIED.,.F.,
  .F.,(2,2),(1.3499994,3.2500006),.PIECEWISE_BEZIER_KNOTS.);
#1300 = CARTESIAN_POINT('',(5.977651892024,2.3499994));
#1301 = CARTESIAN_POINT('',(5.977651892024,4.2500006));
#1302 = ( GEOMETRIC_REPRESENTATION_CONTEXT(2) 
PARAMETRIC_REPRESENTATION_CONTEXT() REPRESENTATION_CONTEXT('2D SPACE',''
  ) );
#1303 = PCURVE('',#969,#1304);
#1304 = DEFINITIONAL_REPRESENTATION('',(#1305),#1308);
#1305 = B_SPLINE_CURVE_WITH_KNOTS('',1,(#1306,#1307),.UNSPECIFIED.,.F.,
  .F.,(2,2),(1.3499994,3.2500006),.PIECEWISE_BEZIER_KNOTS.);
#1306 = CARTESIAN_POINT('',(6.189801040257,1.3499994));
#1307 = CARTESIAN_POINT('',(6.189801040257,3.2500006));
#1308 = ( GEOMETRIC_REPRESENTATION_CONTEXT(2) 
PARAMETRIC_REPRESENTATION_CONTEXT() REPRESENTATION_CONTEXT('2D SPACE',''
  ) );
#1309 = ADVANCED_FACE('',(#1310),#264,.F.);
#1310 = FACE_BOUND('',#1311,.F.);
#1311 = EDGE_LOOP('',(#1312,#1313,#1314,#1335));
#1312 = ORIENTED_EDGE('',*,*,#1221,.F.);
#1313 = ORIENTED_EDGE('',*,*,#247,.T.);
#1314 = ORIENTED_EDGE('',*,*,#1315,.T.);
#1315 = EDGE_CURVE('',#220,#1316,#1318,.T.);
#1316 = VERTEX_POINT('',#1317);
#1317 = CARTESIAN_POINT('',(-22.6,9.956428571429,-0.932485979541));
#1318 = SURFACE_CURVE('',#1319,(#1323,#1329),.PCURVE_S1.);
#1319 = LINE('',#1320,#1321);
#1320 = CARTESIAN_POINT('',(-23.95,9.956428571429,-0.932485979541));
#1321 = VECTOR('',#1322,1.);
#1322 = DIRECTION('',(1.,0.,2.22044604925E-16));
#1323 = PCURVE('',#264,#1324);
#1324 = DEFINITIONAL_REPRESENTATION('',(#1325),#1328);
#1325 = B_SPLINE_CURVE_WITH_KNOTS('',1,(#1326,#1327),.UNSPECIFIED.,.F.,
  .F.,(2,2),(-5.999999999062E-07,1.3500006),.PIECEWISE_BEZIER_KNOTS.);
#1326 = CARTESIAN_POINT('',(7.760597367052,-6.000000001133E-07));
#1327 = CARTESIAN_POINT('',(7.760597367052,1.3500006));
#1328 = ( GEOMETRIC_REPRESENTATION_CONTEXT(2) 
PARAMETRIC_REPRESENTATION_CONTEXT() REPRESENTATION_CONTEXT('2D SPACE',''
  ) );
#1329 = PCURVE('',#236,#1330);
#1330 = DEFINITIONAL_REPRESENTATION('',(#1331),#1334);
#1331 = B_SPLINE_CURVE_WITH_KNOTS('',1,(#1332,#1333),.UNSPECIFIED.,.F.,
  .F.,(2,2),(-1.725633230171E-31,1.35),.PIECEWISE_BEZIER_KNOTS.);
#1332 = CARTESIAN_POINT('',(7.548448218819,1.));
#1333 = CARTESIAN_POINT('',(7.548448218819,2.35));
#1334 = ( GEOMETRIC_REPRESENTATION_CONTEXT(2) 
PARAMETRIC_REPRESENTATION_CONTEXT() REPRESENTATION_CONTEXT('2D SPACE',''
  ) );
#1335 = ORIENTED_EDGE('',*,*,#1336,.F.);
#1336 = EDGE_CURVE('',#1222,#1316,#1337,.T.);
#1337 = SURFACE_CURVE('',#1338,(#1343,#1350),.PCURVE_S1.);
#1338 = CIRCLE('',#1339,10.);
#1339 = AXIS2_PLACEMENT_3D('',#1340,#1341,#1342);
#1340 = CARTESIAN_POINT('',(-22.6,0.,1.498801083244E-16));
#1341 = DIRECTION('',(1.,5.084003344732E-30,3.552713678801E-16));
#1342 = DIRECTION('',(0.,-1.,1.431019723055E-14));
#1343 = PCURVE('',#264,#1344);
#1344 = DEFINITIONAL_REPRESENTATION('',(#1345),#1349);
#1345 = LINE('',#1346,#1347);
#1346 = CARTESIAN_POINT('',(4.712388980385,1.35));
#1347 = VECTOR('',#1348,1.);
#1348 = DIRECTION('',(1.,0.));
#1349 = ( GEOMETRIC_REPRESENTATION_CONTEXT(2) 
PARAMETRIC_REPRESENTATION_CONTEXT() REPRESENTATION_CONTEXT('2D SPACE',''
  ) );
#1350 = PCURVE('',#938,#1351);
#1351 = DEFINITIONAL_REPRESENTATION('',(#1352),#1356);
#1352 = CIRCLE('',#1353,10.);
#1353 = AXIS2_PLACEMENT_2D('',#1354,#1355);
#1354 = CARTESIAN_POINT('',(0.,0.));
#1355 = DIRECTION('',(-1.431019723055E-14,-1.));
#1356 = ( GEOMETRIC_REPRESENTATION_CONTEXT(2) 
PARAMETRIC_REPRESENTATION_CONTEXT() REPRESENTATION_CONTEXT('2D SPACE',''
  ) );
#1357 = ADVANCED_FACE('',(#1358),#236,.F.);
#1358 = FACE_BOUND('',#1359,.F.);
#1359 = EDGE_LOOP('',(#1360,#1391,#1412,#1438,#1439,#1440,#1461,#1484));
#1360 = ORIENTED_EDGE('',*,*,#1361,.F.);
#1361 = EDGE_CURVE('',#1362,#1364,#1366,.T.);
#1362 = VERTEX_POINT('',#1363);
#1363 = CARTESIAN_POINT('',(-20.7,9.956428571429,0.932485979541));
#1364 = VERTEX_POINT('',#1365);
#1365 = CARTESIAN_POINT('',(-20.7,9.956428571429,-0.932485979541));
#1366 = SURFACE_CURVE('',#1367,(#1372,#1379),.PCURVE_S1.);
#1367 = CIRCLE('',#1368,3.1);
#1368 = AXIS2_PLACEMENT_3D('',#1369,#1370,#1371);
#1369 = CARTESIAN_POINT('',(-20.7,7.,4.718447854657E-16));
#1370 = DIRECTION('',(1.,0.,-0.));
#1371 = DIRECTION('',(0.,0.953686635945,0.300801928884));
#1372 = PCURVE('',#236,#1373);
#1373 = DEFINITIONAL_REPRESENTATION('',(#1374),#1378);
#1374 = LINE('',#1375,#1376);
#1375 = CARTESIAN_POINT('',(1.87632974195,4.25));
#1376 = VECTOR('',#1377,1.);
#1377 = DIRECTION('',(1.,0.));
#1378 = ( GEOMETRIC_REPRESENTATION_CONTEXT(2) 
PARAMETRIC_REPRESENTATION_CONTEXT() REPRESENTATION_CONTEXT('2D SPACE',''
  ) );
#1379 = PCURVE('',#1380,#1385);
#1380 = PLANE('',#1381);
#1381 = AXIS2_PLACEMENT_3D('',#1382,#1383,#1384);
#1382 = CARTESIAN_POINT('',(-20.7,7.,4.718447854657E-16));
#1383 = DIRECTION('',(1.,0.,2.22044604925E-16));
#1384 = DIRECTION('',(2.22044604925E-16,0.,-1.));
#1385 = DEFINITIONAL_REPRESENTATION('',(#1386),#1390);
#1386 = CIRCLE('',#1387,3.1);
#1387 = AXIS2_PLACEMENT_2D('',#1388,#1389);
#1388 = CARTESIAN_POINT('',(0.,0.));
#1389 = DIRECTION('',(-0.300801928884,0.953686635945));
#1390 = ( GEOMETRIC_REPRESENTATION_CONTEXT(2) 
PARAMETRIC_REPRESENTATION_CONTEXT() REPRESENTATION_CONTEXT('2D SPACE',''
  ) );
#1391 = ORIENTED_EDGE('',*,*,#1392,.F.);
#1392 = EDGE_CURVE('',#1393,#1362,#1395,.T.);
#1393 = VERTEX_POINT('',#1394);
#1394 = CARTESIAN_POINT('',(-22.6,9.956428571429,0.932485979541));
#1395 = SURFACE_CURVE('',#1396,(#1400,#1406),.PCURVE_S1.);
#1396 = LINE('',#1397,#1398);
#1397 = CARTESIAN_POINT('',(-23.95,9.956428571429,0.932485979541));
#1398 = VECTOR('',#1399,1.);
#1399 = DIRECTION('',(1.,0.,2.22044604925E-16));
#1400 = PCURVE('',#236,#1401);
#1401 = DEFINITIONAL_REPRESENTATION('',(#1402),#1405);
#1402 = B_SPLINE_CURVE_WITH_KNOTS('',1,(#1403,#1404),.UNSPECIFIED.,.F.,
  .F.,(2,2),(1.35,3.25),.PIECEWISE_BEZIER_KNOTS.);
#1403 = CARTESIAN_POINT('',(1.87632974195,2.35));
#1404 = CARTESIAN_POINT('',(1.87632974195,4.25));
#1405 = ( GEOMETRIC_REPRESENTATION_CONTEXT(2) 
PARAMETRIC_REPRESENTATION_CONTEXT() REPRESENTATION_CONTEXT('2D SPACE',''
  ) );
#1406 = PCURVE('',#969,#1407);
#1407 = DEFINITIONAL_REPRESENTATION('',(#1408),#1411);
#1408 = B_SPLINE_CURVE_WITH_KNOTS('',1,(#1409,#1410),.UNSPECIFIED.,.F.,
  .F.,(2,2),(1.3499994,3.2500006),.PIECEWISE_BEZIER_KNOTS.);
#1409 = CARTESIAN_POINT('',(1.664180593718,1.3499994));
#1410 = CARTESIAN_POINT('',(1.664180593718,3.2500006));
#1411 = ( GEOMETRIC_REPRESENTATION_CONTEXT(2) 
PARAMETRIC_REPRESENTATION_CONTEXT() REPRESENTATION_CONTEXT('2D SPACE',''
  ) );
#1412 = ORIENTED_EDGE('',*,*,#1413,.F.);
#1413 = EDGE_CURVE('',#1316,#1393,#1414,.T.);
#1414 = SURFACE_CURVE('',#1415,(#1420,#1427),.PCURVE_S1.);
#1415 = CIRCLE('',#1416,3.1);
#1416 = AXIS2_PLACEMENT_3D('',#1417,#1418,#1419);
#1417 = CARTESIAN_POINT('',(-22.6,7.,4.996003610813E-17));
#1418 = DIRECTION('',(-1.,0.,0.));
#1419 = DIRECTION('',(0.,0.953686635945,-0.300801928884));
#1420 = PCURVE('',#236,#1421);
#1421 = DEFINITIONAL_REPRESENTATION('',(#1422),#1426);
#1422 = LINE('',#1423,#1424);
#1423 = CARTESIAN_POINT('',(7.548448218819,2.35));
#1424 = VECTOR('',#1425,1.);
#1425 = DIRECTION('',(-1.,-0.));
#1426 = ( GEOMETRIC_REPRESENTATION_CONTEXT(2) 
PARAMETRIC_REPRESENTATION_CONTEXT() REPRESENTATION_CONTEXT('2D SPACE',''
  ) );
#1427 = PCURVE('',#938,#1428);
#1428 = DEFINITIONAL_REPRESENTATION('',(#1429),#1437);
#1429 = ( BOUNDED_CURVE() B_SPLINE_CURVE(2,(#1430,#1431,#1432,#1433,
#1434,#1435,#1436),.UNSPECIFIED.,.T.,.F.) B_SPLINE_CURVE_WITH_KNOTS((1,2
    ,2,2,2,1),(-2.094395102393,0.,2.094395102393,4.188790204786,
6.28318530718,8.377580409573),.UNSPECIFIED.) CURVE() 
GEOMETRIC_REPRESENTATION_ITEM() RATIONAL_B_SPLINE_CURVE((1.,0.5,1.,0.5,
1.,0.5,1.)) REPRESENTATION_ITEM('') );
#1430 = CARTESIAN_POINT('',(0.932485979541,9.956428571429));
#1431 = CARTESIAN_POINT('',(6.053170474204,8.341315477518));
#1432 = CARTESIAN_POINT('',(2.094099257561,4.71422916733));
#1433 = CARTESIAN_POINT('',(-1.864971959082,1.087142857143));
#1434 = CARTESIAN_POINT('',(-3.026585237102,6.329342261241));
#1435 = CARTESIAN_POINT('',(-4.188198515121,11.571541665339));
#1436 = CARTESIAN_POINT('',(0.932485979541,9.956428571429));
#1437 = ( GEOMETRIC_REPRESENTATION_CONTEXT(2) 
PARAMETRIC_REPRESENTATION_CONTEXT() REPRESENTATION_CONTEXT('2D SPACE',''
  ) );
#1438 = ORIENTED_EDGE('',*,*,#1315,.F.);
#1439 = ORIENTED_EDGE('',*,*,#219,.T.);
#1440 = ORIENTED_EDGE('',*,*,#1441,.T.);
#1441 = EDGE_CURVE('',#192,#1442,#1444,.T.);
#1442 = VERTEX_POINT('',#1443);
#1443 = CARTESIAN_POINT('',(-20.95,10.1,0.));
#1444 = SURFACE_CURVE('',#1445,(#1449,#1455),.PCURVE_S1.);
#1445 = LINE('',#1446,#1447);
#1446 = CARTESIAN_POINT('',(-24.95,10.1,0.));
#1447 = VECTOR('',#1448,1.);
#1448 = DIRECTION('',(1.,0.,2.22044604925E-16));
#1449 = PCURVE('',#236,#1450);
#1450 = DEFINITIONAL_REPRESENTATION('',(#1451),#1454);
#1451 = B_SPLINE_CURVE_WITH_KNOTS('',1,(#1452,#1453),.UNSPECIFIED.,.F.,
  .F.,(2,2),(1.,4.),.PIECEWISE_BEZIER_KNOTS.);
#1452 = CARTESIAN_POINT('',(7.853981633974,1.));
#1453 = CARTESIAN_POINT('',(7.853981633974,4.));
#1454 = ( GEOMETRIC_REPRESENTATION_CONTEXT(2) 
PARAMETRIC_REPRESENTATION_CONTEXT() REPRESENTATION_CONTEXT('2D SPACE',''
  ) );
#1455 = PCURVE('',#207,#1456);
#1456 = DEFINITIONAL_REPRESENTATION('',(#1457),#1460);
#1457 = B_SPLINE_CURVE_WITH_KNOTS('',1,(#1458,#1459),.UNSPECIFIED.,.F.,
  .F.,(2,2),(0.7,4.2500006),.PIECEWISE_BEZIER_KNOTS.);
#1458 = CARTESIAN_POINT('',(-0.3,22.1));
#1459 = CARTESIAN_POINT('',(3.2500006,22.1));
#1460 = ( GEOMETRIC_REPRESENTATION_CONTEXT(2) 
PARAMETRIC_REPRESENTATION_CONTEXT() REPRESENTATION_CONTEXT('2D SPACE',''
  ) );
#1461 = ORIENTED_EDGE('',*,*,#1462,.F.);
#1462 = EDGE_CURVE('',#1463,#1442,#1465,.T.);
#1463 = VERTEX_POINT('',#1464);
#1464 = CARTESIAN_POINT('',(-20.95,9.956428571429,-0.932485979541));
#1465 = SURFACE_CURVE('',#1466,(#1471,#1477),.PCURVE_S1.);
#1466 = CIRCLE('',#1467,3.1);
#1467 = AXIS2_PLACEMENT_3D('',#1468,#1469,#1470);
#1468 = CARTESIAN_POINT('',(-20.95,7.,4.163336342344E-16));
#1469 = DIRECTION('',(1.,0.,2.22044604925E-16));
#1470 = DIRECTION('',(2.22044604925E-16,0.,-1.));
#1471 = PCURVE('',#236,#1472);
#1472 = DEFINITIONAL_REPRESENTATION('',(#1473),#1476);
#1473 = B_SPLINE_CURVE_WITH_KNOTS('',1,(#1474,#1475),.UNSPECIFIED.,.F.,
  .F.,(2,2),(1.265262911639,1.570796326795),.PIECEWISE_BEZIER_KNOTS.);
#1474 = CARTESIAN_POINT('',(7.548448218819,4.));
#1475 = CARTESIAN_POINT('',(7.853981633974,4.));
#1476 = ( GEOMETRIC_REPRESENTATION_CONTEXT(2) 
PARAMETRIC_REPRESENTATION_CONTEXT() REPRESENTATION_CONTEXT('2D SPACE',''
  ) );
#1477 = PCURVE('',#534,#1478);
#1478 = DEFINITIONAL_REPRESENTATION('',(#1479),#1483);
#1479 = CIRCLE('',#1480,3.1);
#1480 = AXIS2_PLACEMENT_2D('',#1481,#1482);
#1481 = CARTESIAN_POINT('',(16.,-19.));
#1482 = DIRECTION('',(-1.,0.));
#1483 = ( GEOMETRIC_REPRESENTATION_CONTEXT(2) 
PARAMETRIC_REPRESENTATION_CONTEXT() REPRESENTATION_CONTEXT('2D SPACE',''
  ) );
#1484 = ORIENTED_EDGE('',*,*,#1485,.T.);
#1485 = EDGE_CURVE('',#1463,#1364,#1486,.T.);
#1486 = SURFACE_CURVE('',#1487,(#1491,#1497),.PCURVE_S1.);
#1487 = LINE('',#1488,#1489);
#1488 = CARTESIAN_POINT('',(-23.95,9.956428571429,-0.932485979541));
#1489 = VECTOR('',#1490,1.);
#1490 = DIRECTION('',(1.,0.,2.22044604925E-16));
#1491 = PCURVE('',#236,#1492);
#1492 = DEFINITIONAL_REPRESENTATION('',(#1493),#1496);
#1493 = B_SPLINE_CURVE_WITH_KNOTS('',1,(#1494,#1495),.UNSPECIFIED.,.F.,
  .F.,(2,2),(3.,3.25),.PIECEWISE_BEZIER_KNOTS.);
#1494 = CARTESIAN_POINT('',(7.548448218819,4.));
#1495 = CARTESIAN_POINT('',(7.548448218819,4.25));
#1496 = ( GEOMETRIC_REPRESENTATION_CONTEXT(2) 
PARAMETRIC_REPRESENTATION_CONTEXT() REPRESENTATION_CONTEXT('2D SPACE',''
  ) );
#1497 = PCURVE('',#969,#1498);
#1498 = DEFINITIONAL_REPRESENTATION('',(#1499),#1502);
#1499 = B_SPLINE_CURVE_WITH_KNOTS('',1,(#1500,#1501),.UNSPECIFIED.,.F.,
  .F.,(2,2),(1.3499994,3.2500006),.PIECEWISE_BEZIER_KNOTS.);
#1500 = CARTESIAN_POINT('',(1.477412059872,1.3499994));
#1501 = CARTESIAN_POINT('',(1.477412059872,3.2500006));
#1502 = ( GEOMETRIC_REPRESENTATION_CONTEXT(2) 
PARAMETRIC_REPRESENTATION_CONTEXT() REPRESENTATION_CONTEXT('2D SPACE',''
  ) );
#1503 = ADVANCED_FACE('',(#1504),#207,.T.);
#1504 = FACE_BOUND('',#1505,.T.);
#1505 = EDGE_LOOP('',(#1506,#1507,#1508,#1531));
#1506 = ORIENTED_EDGE('',*,*,#191,.F.);
#1507 = ORIENTED_EDGE('',*,*,#1441,.T.);
#1508 = ORIENTED_EDGE('',*,*,#1509,.T.);
#1509 = EDGE_CURVE('',#1442,#1510,#1512,.T.);
#1510 = VERTEX_POINT('',#1511);
#1511 = CARTESIAN_POINT('',(-20.95,12.,0.));
#1512 = SURFACE_CURVE('',#1513,(#1517,#1524),.PCURVE_S1.);
#1513 = LINE('',#1514,#1515);
#1514 = CARTESIAN_POINT('',(-20.95,-12.,0.));
#1515 = VECTOR('',#1516,1.);
#1516 = DIRECTION('',(-0.,1.,0.));
#1517 = PCURVE('',#207,#1518);
#1518 = DEFINITIONAL_REPRESENTATION('',(#1519),#1523);
#1519 = LINE('',#1520,#1521);
#1520 = CARTESIAN_POINT('',(3.,0.));
#1521 = VECTOR('',#1522,1.);
#1522 = DIRECTION('',(0.,1.));
#1523 = ( GEOMETRIC_REPRESENTATION_CONTEXT(2) 
PARAMETRIC_REPRESENTATION_CONTEXT() REPRESENTATION_CONTEXT('2D SPACE',''
  ) );
#1524 = PCURVE('',#534,#1525);
#1525 = DEFINITIONAL_REPRESENTATION('',(#1526),#1530);
#1526 = LINE('',#1527,#1528);
#1527 = CARTESIAN_POINT('',(16.,0.));
#1528 = VECTOR('',#1529,1.);
#1529 = DIRECTION('',(0.,-1.));
#1530 = ( GEOMETRIC_REPRESENTATION_CONTEXT(2) 
PARAMETRIC_REPRESENTATION_CONTEXT() REPRESENTATION_CONTEXT('2D SPACE',''
  ) );
#1531 = ORIENTED_EDGE('',*,*,#1532,.F.);
#1532 = EDGE_CURVE('',#164,#1510,#1533,.T.);
#1533 = SURFACE_CURVE('',#1534,(#1538,#1545),.PCURVE_S1.);
#1534 = LINE('',#1535,#1536);
#1535 = CARTESIAN_POINT('',(-23.95,12.,0.));
#1536 = VECTOR('',#1537,1.);
#1537 = DIRECTION('',(1.,0.,-0.));
#1538 = PCURVE('',#207,#1539);
#1539 = DEFINITIONAL_REPRESENTATION('',(#1540),#1544);
#1540 = LINE('',#1541,#1542);
#1541 = CARTESIAN_POINT('',(0.,24.));
#1542 = VECTOR('',#1543,1.);
#1543 = DIRECTION('',(1.,0.));
#1544 = ( GEOMETRIC_REPRESENTATION_CONTEXT(2) 
PARAMETRIC_REPRESENTATION_CONTEXT() REPRESENTATION_CONTEXT('2D SPACE',''
  ) );
#1545 = PCURVE('',#179,#1546);
#1546 = DEFINITIONAL_REPRESENTATION('',(#1547),#1551);
#1547 = LINE('',#1548,#1549);
#1548 = CARTESIAN_POINT('',(16.,0.));
#1549 = VECTOR('',#1550,1.);
#1550 = DIRECTION('',(0.,1.));
#1551 = ( GEOMETRIC_REPRESENTATION_CONTEXT(2) 
PARAMETRIC_REPRESENTATION_CONTEXT() REPRESENTATION_CONTEXT('2D SPACE',''
  ) );
#1552 = ADVANCED_FACE('',(#1553),#179,.T.);
#1553 = FACE_BOUND('',#1554,.T.);
#1554 = EDGE_LOOP('',(#1555,#1556,#1557,#1558));
#1555 = ORIENTED_EDGE('',*,*,#495,.F.);
#1556 = ORIENTED_EDGE('',*,*,#163,.T.);
#1557 = ORIENTED_EDGE('',*,*,#1532,.T.);
#1558 = ORIENTED_EDGE('',*,*,#1559,.F.);
#1559 = EDGE_CURVE('',#496,#1510,#1560,.T.);
#1560 = SURFACE_CURVE('',#1561,(#1565,#1572),.PCURVE_S1.);
#1561 = LINE('',#1562,#1563);
#1562 = CARTESIAN_POINT('',(-20.95,12.,-16.));
#1563 = VECTOR('',#1564,1.);
#1564 = DIRECTION('',(0.,0.,1.));
#1565 = PCURVE('',#179,#1566);
#1566 = DEFINITIONAL_REPRESENTATION('',(#1567),#1571);
#1567 = LINE('',#1568,#1569);
#1568 = CARTESIAN_POINT('',(0.,3.));
#1569 = VECTOR('',#1570,1.);
#1570 = DIRECTION('',(1.,0.));
#1571 = ( GEOMETRIC_REPRESENTATION_CONTEXT(2) 
PARAMETRIC_REPRESENTATION_CONTEXT() REPRESENTATION_CONTEXT('2D SPACE',''
  ) );
#1572 = PCURVE('',#534,#1573);
#1573 = DEFINITIONAL_REPRESENTATION('',(#1574),#1578);
#1574 = LINE('',#1575,#1576);
#1575 = CARTESIAN_POINT('',(0.,-24.));
#1576 = VECTOR('',#1577,1.);
#1577 = DIRECTION('',(1.,0.));
#1578 = ( GEOMETRIC_REPRESENTATION_CONTEXT(2) 
PARAMETRIC_REPRESENTATION_CONTEXT() REPRESENTATION_CONTEXT('2D SPACE',''
  ) );
#1579 = ADVANCED_FACE('',(#1580),#128,.T.);
#1580 = FACE_BOUND('',#1581,.T.);
#1581 = EDGE_LOOP('',(#1582,#1605,#1606,#1607));
#1582 = ORIENTED_EDGE('',*,*,#1583,.F.);
#1583 = EDGE_CURVE('',#85,#1584,#1586,.T.);
#1584 = VERTEX_POINT('',#1585);
#1585 = CARTESIAN_POINT('',(24.45,17.,-20.));
#1586 = SURFACE_CURVE('',#1587,(#1591,#1598),.PCURVE_S1.);
#1587 = LINE('',#1588,#1589);
#1588 = CARTESIAN_POINT('',(-23.95,17.,-20.));
#1589 = VECTOR('',#1590,1.);
#1590 = DIRECTION('',(1.,0.,-0.));
#1591 = PCURVE('',#128,#1592);
#1592 = DEFINITIONAL_REPRESENTATION('',(#1593),#1597);
#1593 = LINE('',#1594,#1595);
#1594 = CARTESIAN_POINT('',(0.,0.));
#1595 = VECTOR('',#1596,1.);
#1596 = DIRECTION('',(0.,1.));
#1597 = ( GEOMETRIC_REPRESENTATION_CONTEXT(2) 
PARAMETRIC_REPRESENTATION_CONTEXT() REPRESENTATION_CONTEXT('2D SPACE',''
  ) );
#1598 = PCURVE('',#100,#1599);
#1599 = DEFINITIONAL_REPRESENTATION('',(#1600),#1604);
#1600 = LINE('',#1601,#1602);
#1601 = CARTESIAN_POINT('',(0.,34.));
#1602 = VECTOR('',#1603,1.);
#1603 = DIRECTION('',(1.,0.));
#1604 = ( GEOMETRIC_REPRESENTATION_CONTEXT(2) 
PARAMETRIC_REPRESENTATION_CONTEXT() REPRESENTATION_CONTEXT('2D SPACE',''
  ) );
#1605 = ORIENTED_EDGE('',*,*,#112,.T.);
#1606 = ORIENTED_EDGE('',*,*,#473,.T.);
#1607 = ORIENTED_EDGE('',*,*,#1608,.F.);
#1608 = EDGE_CURVE('',#1584,#446,#1609,.T.);
#1609 = SURFACE_CURVE('',#1610,(#1614,#1621),.PCURVE_S1.);
#1610 = LINE('',#1611,#1612);
#1611 = CARTESIAN_POINT('',(24.45,17.,-20.));
#1612 = VECTOR('',#1613,1.);
#1613 = DIRECTION('',(0.,0.,1.));
#1614 = PCURVE('',#128,#1615);
#1615 = DEFINITIONAL_REPRESENTATION('',(#1616),#1620);
#1616 = LINE('',#1617,#1618);
#1617 = CARTESIAN_POINT('',(0.,48.4));
#1618 = VECTOR('',#1619,1.);
#1619 = DIRECTION('',(1.,0.));
#1620 = ( GEOMETRIC_REPRESENTATION_CONTEXT(2) 
PARAMETRIC_REPRESENTATION_CONTEXT() REPRESENTATION_CONTEXT('2D SPACE',''
  ) );
#1621 = PCURVE('',#461,#1622);
#1622 = DEFINITIONAL_REPRESENTATION('',(#1623),#1627);
#1623 = LINE('',#1624,#1625);
#1624 = CARTESIAN_POINT('',(0.,-34.));
#1625 = VECTOR('',#1626,1.);
#1626 = DIRECTION('',(1.,0.));
#1627 = ( GEOMETRIC_REPRESENTATION_CONTEXT(2) 
PARAMETRIC_REPRESENTATION_CONTEXT() REPRESENTATION_CONTEXT('2D SPACE',''
  ) );
#1628 = ADVANCED_FACE('',(#1629,#1677,#1703,#1729,#1755),#100,.F.);
#1629 = FACE_BOUND('',#1630,.F.);
#1630 = EDGE_LOOP('',(#1631,#1632,#1655,#1676));
#1631 = ORIENTED_EDGE('',*,*,#84,.F.);
#1632 = ORIENTED_EDGE('',*,*,#1633,.T.);
#1633 = EDGE_CURVE('',#57,#1634,#1636,.T.);
#1634 = VERTEX_POINT('',#1635);
#1635 = CARTESIAN_POINT('',(24.45,-17.,-20.));
#1636 = SURFACE_CURVE('',#1637,(#1641,#1648),.PCURVE_S1.);
#1637 = LINE('',#1638,#1639);
#1638 = CARTESIAN_POINT('',(-23.95,-17.,-20.));
#1639 = VECTOR('',#1640,1.);
#1640 = DIRECTION('',(1.,0.,-0.));
#1641 = PCURVE('',#100,#1642);
#1642 = DEFINITIONAL_REPRESENTATION('',(#1643),#1647);
#1643 = LINE('',#1644,#1645);
#1644 = CARTESIAN_POINT('',(0.,0.));
#1645 = VECTOR('',#1646,1.);
#1646 = DIRECTION('',(1.,0.));
#1647 = ( GEOMETRIC_REPRESENTATION_CONTEXT(2) 
PARAMETRIC_REPRESENTATION_CONTEXT() REPRESENTATION_CONTEXT('2D SPACE',''
  ) );
#1648 = PCURVE('',#72,#1649);
#1649 = DEFINITIONAL_REPRESENTATION('',(#1650),#1654);
#1650 = LINE('',#1651,#1652);
#1651 = CARTESIAN_POINT('',(0.,0.));
#1652 = VECTOR('',#1653,1.);
#1653 = DIRECTION('',(0.,1.));
#1654 = ( GEOMETRIC_REPRESENTATION_CONTEXT(2) 
PARAMETRIC_REPRESENTATION_CONTEXT() REPRESENTATION_CONTEXT('2D SPACE',''
  ) );
#1655 = ORIENTED_EDGE('',*,*,#1656,.T.);
#1656 = EDGE_CURVE('',#1634,#1584,#1657,.T.);
#1657 = SURFACE_CURVE('',#1658,(#1662,#1669),.PCURVE_S1.);
#1658 = LINE('',#1659,#1660);
#1659 = CARTESIAN_POINT('',(24.45,-17.,-20.));
#1660 = VECTOR('',#1661,1.);
#1661 = DIRECTION('',(-0.,1.,0.));
#1662 = PCURVE('',#100,#1663);
#1663 = DEFINITIONAL_REPRESENTATION('',(#1664),#1668);
#1664 = LINE('',#1665,#1666);
#1665 = CARTESIAN_POINT('',(48.4,0.));
#1666 = VECTOR('',#1667,1.);
#1667 = DIRECTION('',(0.,1.));
#1668 = ( GEOMETRIC_REPRESENTATION_CONTEXT(2) 
PARAMETRIC_REPRESENTATION_CONTEXT() REPRESENTATION_CONTEXT('2D SPACE',''
  ) );
#1669 = PCURVE('',#461,#1670);
#1670 = DEFINITIONAL_REPRESENTATION('',(#1671),#1675);
#1671 = LINE('',#1672,#1673);
#1672 = CARTESIAN_POINT('',(0.,0.));
#1673 = VECTOR('',#1674,1.);
#1674 = DIRECTION('',(0.,-1.));
#1675 = ( GEOMETRIC_REPRESENTATION_CONTEXT(2) 
PARAMETRIC_REPRESENTATION_CONTEXT() REPRESENTATION_CONTEXT('2D SPACE',''
  ) );
#1676 = ORIENTED_EDGE('',*,*,#1583,.F.);
#1677 = FACE_BOUND('',#1678,.F.);
#1678 = EDGE_LOOP('',(#1679));
#1679 = ORIENTED_EDGE('',*,*,#1680,.F.);
#1680 = EDGE_CURVE('',#1681,#1681,#1683,.T.);
#1681 = VERTEX_POINT('',#1682);
#1682 = CARTESIAN_POINT('',(-8.3,-10.,-20.));
#1683 = SURFACE_CURVE('',#1684,(#1689,#1696),.PCURVE_S1.);
#1684 = CIRCLE('',#1685,1.7);
#1685 = AXIS2_PLACEMENT_3D('',#1686,#1687,#1688);
#1686 = CARTESIAN_POINT('',(-10.,-10.,-20.));
#1687 = DIRECTION('',(0.,0.,1.));
#1688 = DIRECTION('',(1.,0.,-0.));
#1689 = PCURVE('',#100,#1690);
#1690 = DEFINITIONAL_REPRESENTATION('',(#1691),#1695);
#1691 = CIRCLE('',#1692,1.7);
#1692 = AXIS2_PLACEMENT_2D('',#1693,#1694);
#1693 = CARTESIAN_POINT('',(13.95,7.));
#1694 = DIRECTION('',(1.,0.));
#1695 = ( GEOMETRIC_REPRESENTATION_CONTEXT(2) 
PARAMETRIC_REPRESENTATION_CONTEXT() REPRESENTATION_CONTEXT('2D SPACE',''
  ) );
#1696 = PCURVE('',#715,#1697);
#1697 = DEFINITIONAL_REPRESENTATION('',(#1698),#1702);
#1698 = LINE('',#1699,#1700);
#1699 = CARTESIAN_POINT('',(0.,1.));
#1700 = VECTOR('',#1701,1.);
#1701 = DIRECTION('',(1.,0.));
#1702 = ( GEOMETRIC_REPRESENTATION_CONTEXT(2) 
PARAMETRIC_REPRESENTATION_CONTEXT() REPRESENTATION_CONTEXT('2D SPACE',''
  ) );
#1703 = FACE_BOUND('',#1704,.F.);
#1704 = EDGE_LOOP('',(#1705));
#1705 = ORIENTED_EDGE('',*,*,#1706,.F.);
#1706 = EDGE_CURVE('',#1707,#1707,#1709,.T.);
#1707 = VERTEX_POINT('',#1708);
#1708 = CARTESIAN_POINT('',(11.7,-10.,-20.));
#1709 = SURFACE_CURVE('',#1710,(#1715,#1722),.PCURVE_S1.);
#1710 = CIRCLE('',#1711,1.7);
#1711 = AXIS2_PLACEMENT_3D('',#1712,#1713,#1714);
#1712 = CARTESIAN_POINT('',(10.,-10.,-20.));
#1713 = DIRECTION('',(0.,0.,1.));
#1714 = DIRECTION('',(1.,0.,-0.));
#1715 = PCURVE('',#100,#1716);
#1716 = DEFINITIONAL_REPRESENTATION('',(#1717),#1721);
#1717 = CIRCLE('',#1718,1.7);
#1718 = AXIS2_PLACEMENT_2D('',#1719,#1720);
#1719 = CARTESIAN_POINT('',(33.95,7.));
#1720 = DIRECTION('',(1.,0.));
#1721 = ( GEOMETRIC_REPRESENTATION_CONTEXT(2) 
PARAMETRIC_REPRESENTATION_CONTEXT() REPRESENTATION_CONTEXT('2D SPACE',''
  ) );
#1722 = PCURVE('',#746,#1723);
#1723 = DEFINITIONAL_REPRESENTATION('',(#1724),#1728);
#1724 = LINE('',#1725,#1726);
#1725 = CARTESIAN_POINT('',(0.,1.));
#1726 = VECTOR('',#1727,1.);
#1727 = DIRECTION('',(1.,0.));
#1728 = ( GEOMETRIC_REPRESENTATION_CONTEXT(2) 
PARAMETRIC_REPRESENTATION_CONTEXT() REPRESENTATION_CONTEXT('2D SPACE',''
  ) );
#1729 = FACE_BOUND('',#1730,.F.);
#1730 = EDGE_LOOP('',(#1731));
#1731 = ORIENTED_EDGE('',*,*,#1732,.F.);
#1732 = EDGE_CURVE('',#1733,#1733,#1735,.T.);
#1733 = VERTEX_POINT('',#1734);
#1734 = CARTESIAN_POINT('',(-8.3,10.,-20.));
#1735 = SURFACE_CURVE('',#1736,(#1741,#1748),.PCURVE_S1.);
#1736 = CIRCLE('',#1737,1.7);
#1737 = AXIS2_PLACEMENT_3D('',#1738,#1739,#1740);
#1738 = CARTESIAN_POINT('',(-10.,10.,-20.));
#1739 = DIRECTION('',(0.,0.,1.));
#1740 = DIRECTION('',(1.,0.,-0.));
#1741 = PCURVE('',#100,#1742);
#1742 = DEFINITIONAL_REPRESENTATION('',(#1743),#1747);
#1743 = CIRCLE('',#1744,1.7);
#1744 = AXIS2_PLACEMENT_2D('',#1745,#1746);
#1745 = CARTESIAN_POINT('',(13.95,27.));
#1746 = DIRECTION('',(1.,0.));
#1747 = ( GEOMETRIC_REPRESENTATION_CONTEXT(2) 
PARAMETRIC_REPRESENTATION_CONTEXT() REPRESENTATION_CONTEXT('2D SPACE',''
  ) );
#1748 = PCURVE('',#777,#1749);
#1749 = DEFINITIONAL_REPRESENTATION('',(#1750),#1754);
#1750 = LINE('',#1751,#1752);
#1751 = CARTESIAN_POINT('',(0.,1.));
#1752 = VECTOR('',#1753,1.);
#1753 = DIRECTION('',(1.,0.));
#1754 = ( GEOMETRIC_REPRESENTATION_CONTEXT(2) 
PARAMETRIC_REPRESENTATION_CONTEXT() REPRESENTATION_CONTEXT('2D SPACE',''
  ) );
#1755 = FACE_BOUND('',#1756,.F.);
#1756 = EDGE_LOOP('',(#1757));
#1757 = ORIENTED_EDGE('',*,*,#1758,.F.);
#1758 = EDGE_CURVE('',#1759,#1759,#1761,.T.);
#1759 = VERTEX_POINT('',#1760);
#1760 = CARTESIAN_POINT('',(11.7,10.,-20.));
#1761 = SURFACE_CURVE('',#1762,(#1767,#1774),.PCURVE_S1.);
#1762 = CIRCLE('',#1763,1.7);
#1763 = AXIS2_PLACEMENT_3D('',#1764,#1765,#1766);
#1764 = CARTESIAN_POINT('',(10.,10.,-20.));
#1765 = DIRECTION('',(0.,0.,1.));
#1766 = DIRECTION('',(1.,0.,-0.));
#1767 = PCURVE('',#100,#1768);
#1768 = DEFINITIONAL_REPRESENTATION('',(#1769),#1773);
#1769 = CIRCLE('',#1770,1.7);
#1770 = AXIS2_PLACEMENT_2D('',#1771,#1772);
#1771 = CARTESIAN_POINT('',(33.95,27.));
#1772 = DIRECTION('',(1.,0.));
#1773 = ( GEOMETRIC_REPRESENTATION_CONTEXT(2) 
PARAMETRIC_REPRESENTATION_CONTEXT() REPRESENTATION_CONTEXT('2D SPACE',''
  ) );
#1774 = PCURVE('',#808,#1775);
#1775 = DEFINITIONAL_REPRESENTATION('',(#1776),#1780);
#1776 = LINE('',#1777,#1778);
#1777 = CARTESIAN_POINT('',(0.,1.));
#1778 = VECTOR('',#1779,1.);
#1779 = DIRECTION('',(1.,0.));
#1780 = ( GEOMETRIC_REPRESENTATION_CONTEXT(2) 
PARAMETRIC_REPRESENTATION_CONTEXT() REPRESENTATION_CONTEXT('2D SPACE',''
  ) );
#1781 = ADVANCED_FACE('',(#1782),#72,.F.);
#1782 = FACE_BOUND('',#1783,.F.);
#1783 = EDGE_LOOP('',(#1784,#1785,#1786,#1787));
#1784 = ORIENTED_EDGE('',*,*,#1633,.F.);
#1785 = ORIENTED_EDGE('',*,*,#56,.T.);
#1786 = ORIENTED_EDGE('',*,*,#568,.T.);
#1787 = ORIENTED_EDGE('',*,*,#1788,.F.);
#1788 = EDGE_CURVE('',#1634,#569,#1789,.T.);
#1789 = SURFACE_CURVE('',#1790,(#1794,#1801),.PCURVE_S1.);
#1790 = LINE('',#1791,#1792);
#1791 = CARTESIAN_POINT('',(24.45,-17.,-20.));
#1792 = VECTOR('',#1793,1.);
#1793 = DIRECTION('',(0.,0.,1.));
#1794 = PCURVE('',#72,#1795);
#1795 = DEFINITIONAL_REPRESENTATION('',(#1796),#1800);
#1796 = LINE('',#1797,#1798);
#1797 = CARTESIAN_POINT('',(0.,48.4));
#1798 = VECTOR('',#1799,1.);
#1799 = DIRECTION('',(1.,0.));
#1800 = ( GEOMETRIC_REPRESENTATION_CONTEXT(2) 
PARAMETRIC_REPRESENTATION_CONTEXT() REPRESENTATION_CONTEXT('2D SPACE',''
  ) );
#1801 = PCURVE('',#461,#1802);
#1802 = DEFINITIONAL_REPRESENTATION('',(#1803),#1807);
#1803 = LINE('',#1804,#1805);
#1804 = CARTESIAN_POINT('',(0.,0.));
#1805 = VECTOR('',#1806,1.);
#1806 = DIRECTION('',(1.,0.));
#1807 = ( GEOMETRIC_REPRESENTATION_CONTEXT(2) 
PARAMETRIC_REPRESENTATION_CONTEXT() REPRESENTATION_CONTEXT('2D SPACE',''
  ) );
#1808 = ADVANCED_FACE('',(#1809,#1945,#2106,#2137,#2298,#2459),#461,.T.
  );
#1809 = FACE_BOUND('',#1810,.T.);
#1810 = EDGE_LOOP('',(#1811,#1812,#1813,#1814,#1815,#1838,#1866,#1895,
    #1923,#1944));
#1811 = ORIENTED_EDGE('',*,*,#1788,.F.);
#1812 = ORIENTED_EDGE('',*,*,#1656,.T.);
#1813 = ORIENTED_EDGE('',*,*,#1608,.T.);
#1814 = ORIENTED_EDGE('',*,*,#443,.F.);
#1815 = ORIENTED_EDGE('',*,*,#1816,.T.);
#1816 = EDGE_CURVE('',#444,#1817,#1819,.T.);
#1817 = VERTEX_POINT('',#1818);
#1818 = CARTESIAN_POINT('',(24.45,12.,0.));
#1819 = SURFACE_CURVE('',#1820,(#1824,#1831),.PCURVE_S1.);
#1820 = LINE('',#1821,#1822);
#1821 = CARTESIAN_POINT('',(24.45,12.,-16.));
#1822 = VECTOR('',#1823,1.);
#1823 = DIRECTION('',(0.,0.,1.));
#1824 = PCURVE('',#461,#1825);
#1825 = DEFINITIONAL_REPRESENTATION('',(#1826),#1830);
#1826 = LINE('',#1827,#1828);
#1827 = CARTESIAN_POINT('',(4.,-29.));
#1828 = VECTOR('',#1829,1.);
#1829 = DIRECTION('',(1.,0.));
#1830 = ( GEOMETRIC_REPRESENTATION_CONTEXT(2) 
PARAMETRIC_REPRESENTATION_CONTEXT() REPRESENTATION_CONTEXT('2D SPACE',''
  ) );
#1831 = PCURVE('',#684,#1832);
#1832 = DEFINITIONAL_REPRESENTATION('',(#1833),#1837);
#1833 = LINE('',#1834,#1835);
#1834 = CARTESIAN_POINT('',(0.,3.));
#1835 = VECTOR('',#1836,1.);
#1836 = DIRECTION('',(1.,0.));
#1837 = ( GEOMETRIC_REPRESENTATION_CONTEXT(2) 
PARAMETRIC_REPRESENTATION_CONTEXT() REPRESENTATION_CONTEXT('2D SPACE',''
  ) );
#1838 = ORIENTED_EDGE('',*,*,#1839,.F.);
#1839 = EDGE_CURVE('',#1840,#1817,#1842,.T.);
#1840 = VERTEX_POINT('',#1841);
#1841 = CARTESIAN_POINT('',(24.45,10.,1.042213360687E-13));
#1842 = SURFACE_CURVE('',#1843,(#1847,#1854),.PCURVE_S1.);
#1843 = LINE('',#1844,#1845);
#1844 = CARTESIAN_POINT('',(24.45,-12.,0.));
#1845 = VECTOR('',#1846,1.);
#1846 = DIRECTION('',(-0.,1.,0.));
#1847 = PCURVE('',#461,#1848);
#1848 = DEFINITIONAL_REPRESENTATION('',(#1849),#1853);
#1849 = LINE('',#1850,#1851);
#1850 = CARTESIAN_POINT('',(20.,-5.));
#1851 = VECTOR('',#1852,1.);
#1852 = DIRECTION('',(0.,-1.));
#1853 = ( GEOMETRIC_REPRESENTATION_CONTEXT(2) 
PARAMETRIC_REPRESENTATION_CONTEXT() REPRESENTATION_CONTEXT('2D SPACE',''
  ) );
#1854 = PCURVE('',#1855,#1860);
#1855 = PLANE('',#1856);
#1856 = AXIS2_PLACEMENT_3D('',#1857,#1858,#1859);
#1857 = CARTESIAN_POINT('',(21.45,-12.,0.));
#1858 = DIRECTION('',(0.,0.,1.));
#1859 = DIRECTION('',(1.,0.,-0.));
#1860 = DEFINITIONAL_REPRESENTATION('',(#1861),#1865);
#1861 = LINE('',#1862,#1863);
#1862 = CARTESIAN_POINT('',(3.,0.));
#1863 = VECTOR('',#1864,1.);
#1864 = DIRECTION('',(0.,1.));
#1865 = ( GEOMETRIC_REPRESENTATION_CONTEXT(2) 
PARAMETRIC_REPRESENTATION_CONTEXT() REPRESENTATION_CONTEXT('2D SPACE',''
  ) );
#1866 = ORIENTED_EDGE('',*,*,#1867,.T.);
#1867 = EDGE_CURVE('',#1840,#1868,#1870,.T.);
#1868 = VERTEX_POINT('',#1869);
#1869 = CARTESIAN_POINT('',(24.45,-10.,1.076664289171E-13));
#1870 = SURFACE_CURVE('',#1871,(#1876,#1883),.PCURVE_S1.);
#1871 = CIRCLE('',#1872,10.);
#1872 = AXIS2_PLACEMENT_3D('',#1873,#1874,#1875);
#1873 = CARTESIAN_POINT('',(24.45,0.,3.330669073875E-16));
#1874 = DIRECTION('',(1.,-0.,2.22044604925E-16));
#1875 = DIRECTION('',(2.22044604925E-16,0.,-1.));
#1876 = PCURVE('',#461,#1877);
#1877 = DEFINITIONAL_REPRESENTATION('',(#1878),#1882);
#1878 = CIRCLE('',#1879,10.);
#1879 = AXIS2_PLACEMENT_2D('',#1880,#1881);
#1880 = CARTESIAN_POINT('',(20.,-17.));
#1881 = DIRECTION('',(-1.,0.));
#1882 = ( GEOMETRIC_REPRESENTATION_CONTEXT(2) 
PARAMETRIC_REPRESENTATION_CONTEXT() REPRESENTATION_CONTEXT('2D SPACE',''
  ) );
#1883 = PCURVE('',#1884,#1889);
#1884 = CYLINDRICAL_SURFACE('',#1885,10.);
#1885 = AXIS2_PLACEMENT_3D('',#1886,#1887,#1888);
#1886 = CARTESIAN_POINT('',(21.45,0.,-3.330669073875E-16));
#1887 = DIRECTION('',(1.,0.,2.22044604925E-16));
#1888 = DIRECTION('',(2.22044604925E-16,0.,-1.));
#1889 = DEFINITIONAL_REPRESENTATION('',(#1890),#1894);
#1890 = LINE('',#1891,#1892);
#1891 = CARTESIAN_POINT('',(0.,3.));
#1892 = VECTOR('',#1893,1.);
#1893 = DIRECTION('',(1.,0.));
#1894 = ( GEOMETRIC_REPRESENTATION_CONTEXT(2) 
PARAMETRIC_REPRESENTATION_CONTEXT() REPRESENTATION_CONTEXT('2D SPACE',''
  ) );
#1895 = ORIENTED_EDGE('',*,*,#1896,.F.);
#1896 = EDGE_CURVE('',#1897,#1868,#1899,.T.);
#1897 = VERTEX_POINT('',#1898);
#1898 = CARTESIAN_POINT('',(24.45,-12.,0.));
#1899 = SURFACE_CURVE('',#1900,(#1904,#1911),.PCURVE_S1.);
#1900 = LINE('',#1901,#1902);
#1901 = CARTESIAN_POINT('',(24.45,-12.,0.));
#1902 = VECTOR('',#1903,1.);
#1903 = DIRECTION('',(-0.,1.,0.));
#1904 = PCURVE('',#461,#1905);
#1905 = DEFINITIONAL_REPRESENTATION('',(#1906),#1910);
#1906 = LINE('',#1907,#1908);
#1907 = CARTESIAN_POINT('',(20.,-5.));
#1908 = VECTOR('',#1909,1.);
#1909 = DIRECTION('',(0.,-1.));
#1910 = ( GEOMETRIC_REPRESENTATION_CONTEXT(2) 
PARAMETRIC_REPRESENTATION_CONTEXT() REPRESENTATION_CONTEXT('2D SPACE',''
  ) );
#1911 = PCURVE('',#1912,#1917);
#1912 = PLANE('',#1913);
#1913 = AXIS2_PLACEMENT_3D('',#1914,#1915,#1916);
#1914 = CARTESIAN_POINT('',(21.45,-12.,0.));
#1915 = DIRECTION('',(0.,0.,1.));
#1916 = DIRECTION('',(1.,0.,-0.));
#1917 = DEFINITIONAL_REPRESENTATION('',(#1918),#1922);
#1918 = LINE('',#1919,#1920);
#1919 = CARTESIAN_POINT('',(3.,0.));
#1920 = VECTOR('',#1921,1.);
#1921 = DIRECTION('',(0.,1.));
#1922 = ( GEOMETRIC_REPRESENTATION_CONTEXT(2) 
PARAMETRIC_REPRESENTATION_CONTEXT() REPRESENTATION_CONTEXT('2D SPACE',''
  ) );
#1923 = ORIENTED_EDGE('',*,*,#1924,.F.);
#1924 = EDGE_CURVE('',#592,#1897,#1925,.T.);
#1925 = SURFACE_CURVE('',#1926,(#1930,#1937),.PCURVE_S1.);
#1926 = LINE('',#1927,#1928);
#1927 = CARTESIAN_POINT('',(24.45,-12.,-16.));
#1928 = VECTOR('',#1929,1.);
#1929 = DIRECTION('',(0.,0.,1.));
#1930 = PCURVE('',#461,#1931);
#1931 = DEFINITIONAL_REPRESENTATION('',(#1932),#1936);
#1932 = LINE('',#1933,#1934);
#1933 = CARTESIAN_POINT('',(4.,-5.));
#1934 = VECTOR('',#1935,1.);
#1935 = DIRECTION('',(1.,0.));
#1936 = ( GEOMETRIC_REPRESENTATION_CONTEXT(2) 
PARAMETRIC_REPRESENTATION_CONTEXT() REPRESENTATION_CONTEXT('2D SPACE',''
  ) );
#1937 = PCURVE('',#630,#1938);
#1938 = DEFINITIONAL_REPRESENTATION('',(#1939),#1943);
#1939 = LINE('',#1940,#1941);
#1940 = CARTESIAN_POINT('',(0.,3.));
#1941 = VECTOR('',#1942,1.);
#1942 = DIRECTION('',(1.,0.));
#1943 = ( GEOMETRIC_REPRESENTATION_CONTEXT(2) 
PARAMETRIC_REPRESENTATION_CONTEXT() REPRESENTATION_CONTEXT('2D SPACE',''
  ) );
#1944 = ORIENTED_EDGE('',*,*,#591,.F.);
#1945 = FACE_BOUND('',#1946,.T.);
#1946 = EDGE_LOOP('',(#1947,#1978,#2004,#2030,#2056,#2082));
#1947 = ORIENTED_EDGE('',*,*,#1948,.F.);
#1948 = EDGE_CURVE('',#1949,#1951,#1953,.T.);
#1949 = VERTEX_POINT('',#1950);
#1950 = CARTESIAN_POINT('',(24.45,-1.7,-7.));
#1951 = VERTEX_POINT('',#1952);
#1952 = CARTESIAN_POINT('',(24.45,1.7,-7.));
#1953 = SURFACE_CURVE('',#1954,(#1959,#1966),.PCURVE_S1.);
#1954 = CIRCLE('',#1955,1.7);
#1955 = AXIS2_PLACEMENT_3D('',#1956,#1957,#1958);
#1956 = CARTESIAN_POINT('',(24.45,0.,-7.));
#1957 = DIRECTION('',(1.,0.,2.22044604925E-16));
#1958 = DIRECTION('',(2.22044604925E-16,0.,-1.));
#1959 = PCURVE('',#461,#1960);
#1960 = DEFINITIONAL_REPRESENTATION('',(#1961),#1965);
#1961 = CIRCLE('',#1962,1.7);
#1962 = AXIS2_PLACEMENT_2D('',#1963,#1964);
#1963 = CARTESIAN_POINT('',(13.,-17.));
#1964 = DIRECTION('',(-1.,0.));
#1965 = ( GEOMETRIC_REPRESENTATION_CONTEXT(2) 
PARAMETRIC_REPRESENTATION_CONTEXT() REPRESENTATION_CONTEXT('2D SPACE',''
  ) );
#1966 = PCURVE('',#1967,#1972);
#1967 = CYLINDRICAL_SURFACE('',#1968,1.7);
#1968 = AXIS2_PLACEMENT_3D('',#1969,#1970,#1971);
#1969 = CARTESIAN_POINT('',(-24.95,0.,-7.));
#1970 = DIRECTION('',(1.,0.,2.22044604925E-16));
#1971 = DIRECTION('',(2.22044604925E-16,0.,-1.));
#1972 = DEFINITIONAL_REPRESENTATION('',(#1973),#1977);
#1973 = LINE('',#1974,#1975);
#1974 = CARTESIAN_POINT('',(-8.881784197001E-16,49.4));
#1975 = VECTOR('',#1976,1.);
#1976 = DIRECTION('',(1.,0.));
#1977 = ( GEOMETRIC_REPRESENTATION_CONTEXT(2) 
PARAMETRIC_REPRESENTATION_CONTEXT() REPRESENTATION_CONTEXT('2D SPACE',''
  ) );
#1978 = ORIENTED_EDGE('',*,*,#1979,.T.);
#1979 = EDGE_CURVE('',#1949,#1980,#1982,.T.);
#1980 = VERTEX_POINT('',#1981);
#1981 = CARTESIAN_POINT('',(24.45,-1.7,-6.295836943966));
#1982 = SURFACE_CURVE('',#1983,(#1987,#1993),.PCURVE_S1.);
#1983 = LINE('',#1984,#1985);
#1984 = CARTESIAN_POINT('',(24.45,-1.7,-13.5));
#1985 = VECTOR('',#1986,1.);
#1986 = DIRECTION('',(0.,-0.,1.));
#1987 = PCURVE('',#461,#1988);
#1988 = DEFINITIONAL_REPRESENTATION('',(#1989),#1992);
#1989 = B_SPLINE_CURVE_WITH_KNOTS('',1,(#1990,#1991),.UNSPECIFIED.,.F.,
  .F.,(2,2),(6.5,7.204163056034),.PIECEWISE_BEZIER_KNOTS.);
#1990 = CARTESIAN_POINT('',(13.,-15.3));
#1991 = CARTESIAN_POINT('',(13.704163056034,-15.3));
#1992 = ( GEOMETRIC_REPRESENTATION_CONTEXT(2) 
PARAMETRIC_REPRESENTATION_CONTEXT() REPRESENTATION_CONTEXT('2D SPACE',''
  ) );
#1993 = PCURVE('',#1994,#1999);
#1994 = PLANE('',#1995);
#1995 = AXIS2_PLACEMENT_3D('',#1996,#1997,#1998);
#1996 = CARTESIAN_POINT('',(-24.95,-1.7,-7.));
#1997 = DIRECTION('',(0.,1.,0.));
#1998 = DIRECTION('',(0.,0.,1.));
#1999 = DEFINITIONAL_REPRESENTATION('',(#2000),#2003);
#2000 = B_SPLINE_CURVE_WITH_KNOTS('',1,(#2001,#2002),.UNSPECIFIED.,.F.,
  .F.,(2,2),(6.5,7.204163056034),.PIECEWISE_BEZIER_KNOTS.);
#2001 = CARTESIAN_POINT('',(0.,49.4));
#2002 = CARTESIAN_POINT('',(0.704163056034,49.4));
#2003 = ( GEOMETRIC_REPRESENTATION_CONTEXT(2) 
PARAMETRIC_REPRESENTATION_CONTEXT() REPRESENTATION_CONTEXT('2D SPACE',''
  ) );
#2004 = ORIENTED_EDGE('',*,*,#2005,.F.);
#2005 = EDGE_CURVE('',#2006,#1980,#2008,.T.);
#2006 = VERTEX_POINT('',#2007);
#2007 = CARTESIAN_POINT('',(24.45,-0.704163056034,-5.3));
#2008 = SURFACE_CURVE('',#2009,(#2013,#2019),.PCURVE_S1.);
#2009 = LINE('',#2010,#2011);
#2010 = CARTESIAN_POINT('',(24.45,-9.303122292026,-13.89895923599));
#2011 = VECTOR('',#2012,1.);
#2012 = DIRECTION('',(0.,-0.707106781187,-0.707106781187));
#2013 = PCURVE('',#461,#2014);
#2014 = DEFINITIONAL_REPRESENTATION('',(#2015),#2018);
#2015 = B_SPLINE_CURVE_WITH_KNOTS('',1,(#2016,#2017),.UNSPECIFIED.,.F.,
  .F.,(2,2),(-12.16076477383,-10.75243866176),.PIECEWISE_BEZIER_KNOTS.);
#2016 = CARTESIAN_POINT('',(14.7,-16.29583694396));
#2017 = CARTESIAN_POINT('',(13.704163056034,-15.3));
#2018 = ( GEOMETRIC_REPRESENTATION_CONTEXT(2) 
PARAMETRIC_REPRESENTATION_CONTEXT() REPRESENTATION_CONTEXT('2D SPACE',''
  ) );
#2019 = PCURVE('',#2020,#2025);
#2020 = PLANE('',#2021);
#2021 = AXIS2_PLACEMENT_3D('',#2022,#2023,#2024);
#2022 = CARTESIAN_POINT('',(-24.95,-2.404163056034,-7.));
#2023 = DIRECTION('',(0.,-0.707106781187,0.707106781187));
#2024 = DIRECTION('',(1.,0.,0.));
#2025 = DEFINITIONAL_REPRESENTATION('',(#2026),#2029);
#2026 = B_SPLINE_CURVE_WITH_KNOTS('',1,(#2027,#2028),.UNSPECIFIED.,.F.,
  .F.,(2,2),(-12.16076477383,-10.75243866176),.PIECEWISE_BEZIER_KNOTS.);
#2027 = CARTESIAN_POINT('',(49.4,2.404163056034));
#2028 = CARTESIAN_POINT('',(49.4,0.995836943966));
#2029 = ( GEOMETRIC_REPRESENTATION_CONTEXT(2) 
PARAMETRIC_REPRESENTATION_CONTEXT() REPRESENTATION_CONTEXT('2D SPACE',''
  ) );
#2030 = ORIENTED_EDGE('',*,*,#2031,.F.);
#2031 = EDGE_CURVE('',#2032,#2006,#2034,.T.);
#2032 = VERTEX_POINT('',#2033);
#2033 = CARTESIAN_POINT('',(24.45,0.704163056034,-5.3));
#2034 = SURFACE_CURVE('',#2035,(#2039,#2045),.PCURVE_S1.);
#2035 = LINE('',#2036,#2037);
#2036 = CARTESIAN_POINT('',(24.45,-9.35,-5.3));
#2037 = VECTOR('',#2038,1.);
#2038 = DIRECTION('',(0.,-1.,0.));
#2039 = PCURVE('',#461,#2040);
#2040 = DEFINITIONAL_REPRESENTATION('',(#2041),#2044);
#2041 = B_SPLINE_CURVE_WITH_KNOTS('',1,(#2042,#2043),.UNSPECIFIED.,.F.,
  .F.,(2,2),(-10.05416305603,-8.645836943966),.PIECEWISE_BEZIER_KNOTS.);
#2042 = CARTESIAN_POINT('',(14.7,-17.70416305603));
#2043 = CARTESIAN_POINT('',(14.7,-16.29583694396));
#2044 = ( GEOMETRIC_REPRESENTATION_CONTEXT(2) 
PARAMETRIC_REPRESENTATION_CONTEXT() REPRESENTATION_CONTEXT('2D SPACE',''
  ) );
#2045 = PCURVE('',#2046,#2051);
#2046 = PLANE('',#2047);
#2047 = AXIS2_PLACEMENT_3D('',#2048,#2049,#2050);
#2048 = CARTESIAN_POINT('',(-24.95,-1.7,-5.3));
#2049 = DIRECTION('',(0.,0.,1.));
#2050 = DIRECTION('',(1.,0.,0.));
#2051 = DEFINITIONAL_REPRESENTATION('',(#2052),#2055);
#2052 = B_SPLINE_CURVE_WITH_KNOTS('',1,(#2053,#2054),.UNSPECIFIED.,.F.,
  .F.,(2,2),(-10.05416305603,-8.645836943966),.PIECEWISE_BEZIER_KNOTS.);
#2053 = CARTESIAN_POINT('',(49.4,2.404163056034));
#2054 = CARTESIAN_POINT('',(49.4,0.995836943966));
#2055 = ( GEOMETRIC_REPRESENTATION_CONTEXT(2) 
PARAMETRIC_REPRESENTATION_CONTEXT() REPRESENTATION_CONTEXT('2D SPACE',''
  ) );
#2056 = ORIENTED_EDGE('',*,*,#2057,.F.);
#2057 = EDGE_CURVE('',#2058,#2032,#2060,.T.);
#2058 = VERTEX_POINT('',#2059);
#2059 = CARTESIAN_POINT('',(24.45,1.7,-6.295836943966));
#2060 = SURFACE_CURVE('',#2061,(#2065,#2071),.PCURVE_S1.);
#2061 = LINE('',#2062,#2063);
#2062 = CARTESIAN_POINT('',(24.45,0.803122292026,-5.398959235991));
#2063 = VECTOR('',#2064,1.);
#2064 = DIRECTION('',(0.,-0.707106781187,0.707106781187));
#2065 = PCURVE('',#461,#2066);
#2066 = DEFINITIONAL_REPRESENTATION('',(#2067),#2070);
#2067 = B_SPLINE_CURVE_WITH_KNOTS('',1,(#2068,#2069),.UNSPECIFIED.,.F.,
  .F.,(2,2),(-1.268376618407,0.139949493661),.PIECEWISE_BEZIER_KNOTS.);
#2068 = CARTESIAN_POINT('',(13.704163056034,-18.7));
#2069 = CARTESIAN_POINT('',(14.7,-17.70416305603));
#2070 = ( GEOMETRIC_REPRESENTATION_CONTEXT(2) 
PARAMETRIC_REPRESENTATION_CONTEXT() REPRESENTATION_CONTEXT('2D SPACE',''
  ) );
#2071 = PCURVE('',#2072,#2077);
#2072 = PLANE('',#2073);
#2073 = AXIS2_PLACEMENT_3D('',#2074,#2075,#2076);
#2074 = CARTESIAN_POINT('',(-24.95,2.404163056034,-7.));
#2075 = DIRECTION('',(0.,0.707106781187,0.707106781187));
#2076 = DIRECTION('',(0.,-0.707106781187,0.707106781187));
#2077 = DEFINITIONAL_REPRESENTATION('',(#2078),#2081);
#2078 = B_SPLINE_CURVE_WITH_KNOTS('',1,(#2079,#2080),.UNSPECIFIED.,.F.,
  .F.,(2,2),(-1.268376618407,0.139949493661),.PIECEWISE_BEZIER_KNOTS.);
#2079 = CARTESIAN_POINT('',(0.995836943966,49.4));
#2080 = CARTESIAN_POINT('',(2.404163056034,49.4));
#2081 = ( GEOMETRIC_REPRESENTATION_CONTEXT(2) 
PARAMETRIC_REPRESENTATION_CONTEXT() REPRESENTATION_CONTEXT('2D SPACE',''
  ) );
#2082 = ORIENTED_EDGE('',*,*,#2083,.F.);
#2083 = EDGE_CURVE('',#1951,#2058,#2084,.T.);
#2084 = SURFACE_CURVE('',#2085,(#2089,#2095),.PCURVE_S1.);
#2085 = LINE('',#2086,#2087);
#2086 = CARTESIAN_POINT('',(24.45,1.7,-13.5));
#2087 = VECTOR('',#2088,1.);
#2088 = DIRECTION('',(0.,-0.,1.));
#2089 = PCURVE('',#461,#2090);
#2090 = DEFINITIONAL_REPRESENTATION('',(#2091),#2094);
#2091 = B_SPLINE_CURVE_WITH_KNOTS('',1,(#2092,#2093),.UNSPECIFIED.,.F.,
  .F.,(2,2),(6.5,7.204163056034),.PIECEWISE_BEZIER_KNOTS.);
#2092 = CARTESIAN_POINT('',(13.,-18.7));
#2093 = CARTESIAN_POINT('',(13.704163056034,-18.7));
#2094 = ( GEOMETRIC_REPRESENTATION_CONTEXT(2) 
PARAMETRIC_REPRESENTATION_CONTEXT() REPRESENTATION_CONTEXT('2D SPACE',''
  ) );
#2095 = PCURVE('',#2096,#2101);
#2096 = PLANE('',#2097);
#2097 = AXIS2_PLACEMENT_3D('',#2098,#2099,#2100);
#2098 = CARTESIAN_POINT('',(-24.95,1.7,-7.));
#2099 = DIRECTION('',(0.,1.,0.));
#2100 = DIRECTION('',(0.,0.,1.));
#2101 = DEFINITIONAL_REPRESENTATION('',(#2102),#2105);
#2102 = B_SPLINE_CURVE_WITH_KNOTS('',1,(#2103,#2104),.UNSPECIFIED.,.F.,
  .F.,(2,2),(6.5,7.204163056034),.PIECEWISE_BEZIER_KNOTS.);
#2103 = CARTESIAN_POINT('',(0.,49.4));
#2104 = CARTESIAN_POINT('',(0.704163056034,49.4));
#2105 = ( GEOMETRIC_REPRESENTATION_CONTEXT(2) 
PARAMETRIC_REPRESENTATION_CONTEXT() REPRESENTATION_CONTEXT('2D SPACE',''
  ) );
#2106 = FACE_BOUND('',#2107,.T.);
#2107 = EDGE_LOOP('',(#2108));
#2108 = ORIENTED_EDGE('',*,*,#2109,.F.);
#2109 = EDGE_CURVE('',#2110,#2110,#2112,.T.);
#2110 = VERTEX_POINT('',#2111);
#2111 = CARTESIAN_POINT('',(24.45,-7.592810154714E-16,-3.1));
#2112 = SURFACE_CURVE('',#2113,(#2118,#2125),.PCURVE_S1.);
#2113 = CIRCLE('',#2114,3.1);
#2114 = AXIS2_PLACEMENT_3D('',#2115,#2116,#2117);
#2115 = CARTESIAN_POINT('',(24.45,0.,4.440892098501E-16));
#2116 = DIRECTION('',(1.,0.,2.22044604925E-16));
#2117 = DIRECTION('',(2.22044604925E-16,0.,-1.));
#2118 = PCURVE('',#461,#2119);
#2119 = DEFINITIONAL_REPRESENTATION('',(#2120),#2124);
#2120 = CIRCLE('',#2121,3.1);
#2121 = AXIS2_PLACEMENT_2D('',#2122,#2123);
#2122 = CARTESIAN_POINT('',(20.,-17.));
#2123 = DIRECTION('',(-1.,0.));
#2124 = ( GEOMETRIC_REPRESENTATION_CONTEXT(2) 
PARAMETRIC_REPRESENTATION_CONTEXT() REPRESENTATION_CONTEXT('2D SPACE',''
  ) );
#2125 = PCURVE('',#2126,#2131);
#2126 = CYLINDRICAL_SURFACE('',#2127,3.1);
#2127 = AXIS2_PLACEMENT_3D('',#2128,#2129,#2130);
#2128 = CARTESIAN_POINT('',(19.45,0.,-6.661338147751E-16));
#2129 = DIRECTION('',(1.,0.,2.22044604925E-16));
#2130 = DIRECTION('',(2.22044604925E-16,0.,-1.));
#2131 = DEFINITIONAL_REPRESENTATION('',(#2132),#2136);
#2132 = LINE('',#2133,#2134);
#2133 = CARTESIAN_POINT('',(0.,5.));
#2134 = VECTOR('',#2135,1.);
#2135 = DIRECTION('',(1.,0.));
#2136 = ( GEOMETRIC_REPRESENTATION_CONTEXT(2) 
PARAMETRIC_REPRESENTATION_CONTEXT() REPRESENTATION_CONTEXT('2D SPACE',''
  ) );
#2137 = FACE_BOUND('',#2138,.T.);
#2138 = EDGE_LOOP('',(#2139,#2170,#2196,#2222,#2248,#2274));
#2139 = ORIENTED_EDGE('',*,*,#2140,.F.);
#2140 = EDGE_CURVE('',#2141,#2143,#2145,.T.);
#2141 = VERTEX_POINT('',#2142);
#2142 = CARTESIAN_POINT('',(24.45,5.3,0.));
#2143 = VERTEX_POINT('',#2144);
#2144 = CARTESIAN_POINT('',(24.45,8.7,0.));
#2145 = SURFACE_CURVE('',#2146,(#2151,#2158),.PCURVE_S1.);
#2146 = CIRCLE('',#2147,1.7);
#2147 = AXIS2_PLACEMENT_3D('',#2148,#2149,#2150);
#2148 = CARTESIAN_POINT('',(24.45,7.,5.373479439186E-15));
#2149 = DIRECTION('',(1.,0.,2.22044604925E-16));
#2150 = DIRECTION('',(2.22044604925E-16,0.,-1.));
#2151 = PCURVE('',#461,#2152);
#2152 = DEFINITIONAL_REPRESENTATION('',(#2153),#2157);
#2153 = CIRCLE('',#2154,1.7);
#2154 = AXIS2_PLACEMENT_2D('',#2155,#2156);
#2155 = CARTESIAN_POINT('',(20.,-24.));
#2156 = DIRECTION('',(-1.,0.));
#2157 = ( GEOMETRIC_REPRESENTATION_CONTEXT(2) 
PARAMETRIC_REPRESENTATION_CONTEXT() REPRESENTATION_CONTEXT('2D SPACE',''
  ) );
#2158 = PCURVE('',#2159,#2164);
#2159 = CYLINDRICAL_SURFACE('',#2160,1.7);
#2160 = AXIS2_PLACEMENT_3D('',#2161,#2162,#2163);
#2161 = CARTESIAN_POINT('',(-24.95,7.,-5.595524044111E-15));
#2162 = DIRECTION('',(1.,0.,2.22044604925E-16));
#2163 = DIRECTION('',(2.22044604925E-16,0.,-1.));
#2164 = DEFINITIONAL_REPRESENTATION('',(#2165),#2169);
#2165 = LINE('',#2166,#2167);
#2166 = CARTESIAN_POINT('',(0.,49.4));
#2167 = VECTOR('',#2168,1.);
#2168 = DIRECTION('',(1.,0.));
#2169 = ( GEOMETRIC_REPRESENTATION_CONTEXT(2) 
PARAMETRIC_REPRESENTATION_CONTEXT() REPRESENTATION_CONTEXT('2D SPACE',''
  ) );
#2170 = ORIENTED_EDGE('',*,*,#2171,.T.);
#2171 = EDGE_CURVE('',#2141,#2172,#2174,.T.);
#2172 = VERTEX_POINT('',#2173);
#2173 = CARTESIAN_POINT('',(24.45,5.3,0.704163056034));
#2174 = SURFACE_CURVE('',#2175,(#2179,#2185),.PCURVE_S1.);
#2175 = LINE('',#2176,#2177);
#2176 = CARTESIAN_POINT('',(24.45,5.3,-10.));
#2177 = VECTOR('',#2178,1.);
#2178 = DIRECTION('',(0.,-0.,1.));
#2179 = PCURVE('',#461,#2180);
#2180 = DEFINITIONAL_REPRESENTATION('',(#2181),#2184);
#2181 = B_SPLINE_CURVE_WITH_KNOTS('',1,(#2182,#2183),.UNSPECIFIED.,.F.,
  .F.,(2,2),(10.,10.704163056034),.PIECEWISE_BEZIER_KNOTS.);
#2182 = CARTESIAN_POINT('',(20.,-22.3));
#2183 = CARTESIAN_POINT('',(20.704163056034,-22.3));
#2184 = ( GEOMETRIC_REPRESENTATION_CONTEXT(2) 
PARAMETRIC_REPRESENTATION_CONTEXT() REPRESENTATION_CONTEXT('2D SPACE',''
  ) );
#2185 = PCURVE('',#2186,#2191);
#2186 = PLANE('',#2187);
#2187 = AXIS2_PLACEMENT_3D('',#2188,#2189,#2190);
#2188 = CARTESIAN_POINT('',(-24.95,5.3,0.));
#2189 = DIRECTION('',(0.,1.,0.));
#2190 = DIRECTION('',(0.,0.,1.));
#2191 = DEFINITIONAL_REPRESENTATION('',(#2192),#2195);
#2192 = B_SPLINE_CURVE_WITH_KNOTS('',1,(#2193,#2194),.UNSPECIFIED.,.F.,
  .F.,(2,2),(10.,10.704163056034),.PIECEWISE_BEZIER_KNOTS.);
#2193 = CARTESIAN_POINT('',(0.,49.4));
#2194 = CARTESIAN_POINT('',(0.704163056034,49.4));
#2195 = ( GEOMETRIC_REPRESENTATION_CONTEXT(2) 
PARAMETRIC_REPRESENTATION_CONTEXT() REPRESENTATION_CONTEXT('2D SPACE',''
  ) );
#2196 = ORIENTED_EDGE('',*,*,#2197,.F.);
#2197 = EDGE_CURVE('',#2198,#2172,#2200,.T.);
#2198 = VERTEX_POINT('',#2199);
#2199 = CARTESIAN_POINT('',(24.45,6.295836943966,1.7));
#2200 = SURFACE_CURVE('',#2201,(#2205,#2211),.PCURVE_S1.);
#2201 = LINE('',#2202,#2203);
#2202 = CARTESIAN_POINT('',(24.45,-5.803122292026,-10.39895923599));
#2203 = VECTOR('',#2204,1.);
#2204 = DIRECTION('',(0.,-0.707106781187,-0.707106781187));
#2205 = PCURVE('',#461,#2206);
#2206 = DEFINITIONAL_REPRESENTATION('',(#2207),#2210);
#2207 = B_SPLINE_CURVE_WITH_KNOTS('',1,(#2208,#2209),.UNSPECIFIED.,.F.,
  .F.,(2,2),(-17.11051224213,-15.70218613007),.PIECEWISE_BEZIER_KNOTS.);
#2208 = CARTESIAN_POINT('',(21.7,-23.29583694396));
#2209 = CARTESIAN_POINT('',(20.704163056034,-22.3));
#2210 = ( GEOMETRIC_REPRESENTATION_CONTEXT(2) 
PARAMETRIC_REPRESENTATION_CONTEXT() REPRESENTATION_CONTEXT('2D SPACE',''
  ) );
#2211 = PCURVE('',#2212,#2217);
#2212 = PLANE('',#2213);
#2213 = AXIS2_PLACEMENT_3D('',#2214,#2215,#2216);
#2214 = CARTESIAN_POINT('',(-24.95,4.595836943966,-4.440892098501E-16));
#2215 = DIRECTION('',(0.,-0.707106781187,0.707106781187));
#2216 = DIRECTION('',(1.,0.,0.));
#2217 = DEFINITIONAL_REPRESENTATION('',(#2218),#2221);
#2218 = B_SPLINE_CURVE_WITH_KNOTS('',1,(#2219,#2220),.UNSPECIFIED.,.F.,
  .F.,(2,2),(-17.11051224213,-15.70218613007),.PIECEWISE_BEZIER_KNOTS.);
#2219 = CARTESIAN_POINT('',(49.4,2.404163056034));
#2220 = CARTESIAN_POINT('',(49.4,0.995836943966));
#2221 = ( GEOMETRIC_REPRESENTATION_CONTEXT(2) 
PARAMETRIC_REPRESENTATION_CONTEXT() REPRESENTATION_CONTEXT('2D SPACE',''
  ) );
#2222 = ORIENTED_EDGE('',*,*,#2223,.F.);
#2223 = EDGE_CURVE('',#2224,#2198,#2226,.T.);
#2224 = VERTEX_POINT('',#2225);
#2225 = CARTESIAN_POINT('',(24.45,7.704163056034,1.7));
#2226 = SURFACE_CURVE('',#2227,(#2231,#2237),.PCURVE_S1.);
#2227 = LINE('',#2228,#2229);
#2228 = CARTESIAN_POINT('',(24.45,-5.85,1.7));
#2229 = VECTOR('',#2230,1.);
#2230 = DIRECTION('',(0.,-1.,0.));
#2231 = PCURVE('',#461,#2232);
#2232 = DEFINITIONAL_REPRESENTATION('',(#2233),#2236);
#2233 = B_SPLINE_CURVE_WITH_KNOTS('',1,(#2234,#2235),.UNSPECIFIED.,.F.,
  .F.,(2,2),(-13.55416305603,-12.14583694396),.PIECEWISE_BEZIER_KNOTS.);
#2234 = CARTESIAN_POINT('',(21.7,-24.70416305603));
#2235 = CARTESIAN_POINT('',(21.7,-23.29583694396));
#2236 = ( GEOMETRIC_REPRESENTATION_CONTEXT(2) 
PARAMETRIC_REPRESENTATION_CONTEXT() REPRESENTATION_CONTEXT('2D SPACE',''
  ) );
#2237 = PCURVE('',#2238,#2243);
#2238 = PLANE('',#2239);
#2239 = AXIS2_PLACEMENT_3D('',#2240,#2241,#2242);
#2240 = CARTESIAN_POINT('',(-24.95,5.3,1.7));
#2241 = DIRECTION('',(0.,0.,1.));
#2242 = DIRECTION('',(1.,0.,0.));
#2243 = DEFINITIONAL_REPRESENTATION('',(#2244),#2247);
#2244 = B_SPLINE_CURVE_WITH_KNOTS('',1,(#2245,#2246),.UNSPECIFIED.,.F.,
  .F.,(2,2),(-13.55416305603,-12.14583694396),.PIECEWISE_BEZIER_KNOTS.);
#2245 = CARTESIAN_POINT('',(49.4,2.404163056034));
#2246 = CARTESIAN_POINT('',(49.4,0.995836943966));
#2247 = ( GEOMETRIC_REPRESENTATION_CONTEXT(2) 
PARAMETRIC_REPRESENTATION_CONTEXT() REPRESENTATION_CONTEXT('2D SPACE',''
  ) );
#2248 = ORIENTED_EDGE('',*,*,#2249,.F.);
#2249 = EDGE_CURVE('',#2250,#2224,#2252,.T.);
#2250 = VERTEX_POINT('',#2251);
#2251 = CARTESIAN_POINT('',(24.45,8.7,0.704163056034));
#2252 = SURFACE_CURVE('',#2253,(#2257,#2263),.PCURVE_S1.);
#2253 = LINE('',#2254,#2255);
#2254 = CARTESIAN_POINT('',(24.45,7.803122292026,1.601040764009));
#2255 = VECTOR('',#2256,1.);
#2256 = DIRECTION('',(0.,-0.707106781187,0.707106781187));
#2257 = PCURVE('',#461,#2258);
#2258 = DEFINITIONAL_REPRESENTATION('',(#2259),#2262);
#2259 = B_SPLINE_CURVE_WITH_KNOTS('',1,(#2260,#2261),.UNSPECIFIED.,.F.,
  .F.,(2,2),(-1.268376618407,0.139949493661),.PIECEWISE_BEZIER_KNOTS.);
#2260 = CARTESIAN_POINT('',(20.704163056034,-25.7));
#2261 = CARTESIAN_POINT('',(21.7,-24.70416305603));
#2262 = ( GEOMETRIC_REPRESENTATION_CONTEXT(2) 
PARAMETRIC_REPRESENTATION_CONTEXT() REPRESENTATION_CONTEXT('2D SPACE',''
  ) );
#2263 = PCURVE('',#2264,#2269);
#2264 = PLANE('',#2265);
#2265 = AXIS2_PLACEMENT_3D('',#2266,#2267,#2268);
#2266 = CARTESIAN_POINT('',(-24.95,9.404163056034,0.));
#2267 = DIRECTION('',(0.,0.707106781187,0.707106781187));
#2268 = DIRECTION('',(0.,-0.707106781187,0.707106781187));
#2269 = DEFINITIONAL_REPRESENTATION('',(#2270),#2273);
#2270 = B_SPLINE_CURVE_WITH_KNOTS('',1,(#2271,#2272),.UNSPECIFIED.,.F.,
  .F.,(2,2),(-1.268376618407,0.139949493661),.PIECEWISE_BEZIER_KNOTS.);
#2271 = CARTESIAN_POINT('',(0.995836943966,49.4));
#2272 = CARTESIAN_POINT('',(2.404163056034,49.4));
#2273 = ( GEOMETRIC_REPRESENTATION_CONTEXT(2) 
PARAMETRIC_REPRESENTATION_CONTEXT() REPRESENTATION_CONTEXT('2D SPACE',''
  ) );
#2274 = ORIENTED_EDGE('',*,*,#2275,.F.);
#2275 = EDGE_CURVE('',#2143,#2250,#2276,.T.);
#2276 = SURFACE_CURVE('',#2277,(#2281,#2287),.PCURVE_S1.);
#2277 = LINE('',#2278,#2279);
#2278 = CARTESIAN_POINT('',(24.45,8.7,-10.));
#2279 = VECTOR('',#2280,1.);
#2280 = DIRECTION('',(0.,-0.,1.));
#2281 = PCURVE('',#461,#2282);
#2282 = DEFINITIONAL_REPRESENTATION('',(#2283),#2286);
#2283 = B_SPLINE_CURVE_WITH_KNOTS('',1,(#2284,#2285),.UNSPECIFIED.,.F.,
  .F.,(2,2),(10.,10.704163056034),.PIECEWISE_BEZIER_KNOTS.);
#2284 = CARTESIAN_POINT('',(20.,-25.7));
#2285 = CARTESIAN_POINT('',(20.704163056034,-25.7));
#2286 = ( GEOMETRIC_REPRESENTATION_CONTEXT(2) 
PARAMETRIC_REPRESENTATION_CONTEXT() REPRESENTATION_CONTEXT('2D SPACE',''
  ) );
#2287 = PCURVE('',#2288,#2293);
#2288 = PLANE('',#2289);
#2289 = AXIS2_PLACEMENT_3D('',#2290,#2291,#2292);
#2290 = CARTESIAN_POINT('',(-24.95,8.7,0.));
#2291 = DIRECTION('',(0.,1.,0.));
#2292 = DIRECTION('',(0.,0.,1.));
#2293 = DEFINITIONAL_REPRESENTATION('',(#2294),#2297);
#2294 = B_SPLINE_CURVE_WITH_KNOTS('',1,(#2295,#2296),.UNSPECIFIED.,.F.,
  .F.,(2,2),(10.,10.704163056034),.PIECEWISE_BEZIER_KNOTS.);
#2295 = CARTESIAN_POINT('',(0.,49.4));
#2296 = CARTESIAN_POINT('',(0.704163056034,49.4));
#2297 = ( GEOMETRIC_REPRESENTATION_CONTEXT(2) 
PARAMETRIC_REPRESENTATION_CONTEXT() REPRESENTATION_CONTEXT('2D SPACE',''
  ) );
#2298 = FACE_BOUND('',#2299,.T.);
#2299 = EDGE_LOOP('',(#2300,#2331,#2357,#2383,#2409,#2435));
#2300 = ORIENTED_EDGE('',*,*,#2301,.F.);
#2301 = EDGE_CURVE('',#2302,#2304,#2306,.T.);
#2302 = VERTEX_POINT('',#2303);
#2303 = CARTESIAN_POINT('',(24.45,-1.7,7.));
#2304 = VERTEX_POINT('',#2305);
#2305 = CARTESIAN_POINT('',(24.45,1.7,7.));
#2306 = SURFACE_CURVE('',#2307,(#2312,#2319),.PCURVE_S1.);
#2307 = CIRCLE('',#2308,1.7);
#2308 = AXIS2_PLACEMENT_3D('',#2309,#2310,#2311);
#2309 = CARTESIAN_POINT('',(24.45,0.,7.));
#2310 = DIRECTION('',(1.,0.,2.22044604925E-16));
#2311 = DIRECTION('',(2.22044604925E-16,0.,-1.));
#2312 = PCURVE('',#461,#2313);
#2313 = DEFINITIONAL_REPRESENTATION('',(#2314),#2318);
#2314 = CIRCLE('',#2315,1.7);
#2315 = AXIS2_PLACEMENT_2D('',#2316,#2317);
#2316 = CARTESIAN_POINT('',(27.,-17.));
#2317 = DIRECTION('',(-1.,0.));
#2318 = ( GEOMETRIC_REPRESENTATION_CONTEXT(2) 
PARAMETRIC_REPRESENTATION_CONTEXT() REPRESENTATION_CONTEXT('2D SPACE',''
  ) );
#2319 = PCURVE('',#2320,#2325);
#2320 = CYLINDRICAL_SURFACE('',#2321,1.7);
#2321 = AXIS2_PLACEMENT_3D('',#2322,#2323,#2324);
#2322 = CARTESIAN_POINT('',(-24.95,0.,7.));
#2323 = DIRECTION('',(1.,0.,2.22044604925E-16));
#2324 = DIRECTION('',(2.22044604925E-16,0.,-1.));
#2325 = DEFINITIONAL_REPRESENTATION('',(#2326),#2330);
#2326 = LINE('',#2327,#2328);
#2327 = CARTESIAN_POINT('',(-8.881784197001E-16,49.4));
#2328 = VECTOR('',#2329,1.);
#2329 = DIRECTION('',(1.,0.));
#2330 = ( GEOMETRIC_REPRESENTATION_CONTEXT(2) 
PARAMETRIC_REPRESENTATION_CONTEXT() REPRESENTATION_CONTEXT('2D SPACE',''
  ) );
#2331 = ORIENTED_EDGE('',*,*,#2332,.T.);
#2332 = EDGE_CURVE('',#2302,#2333,#2335,.T.);
#2333 = VERTEX_POINT('',#2334);
#2334 = CARTESIAN_POINT('',(24.45,-1.7,7.704163056034));
#2335 = SURFACE_CURVE('',#2336,(#2340,#2346),.PCURVE_S1.);
#2336 = LINE('',#2337,#2338);
#2337 = CARTESIAN_POINT('',(24.45,-1.7,-6.5));
#2338 = VECTOR('',#2339,1.);
#2339 = DIRECTION('',(0.,-0.,1.));
#2340 = PCURVE('',#461,#2341);
#2341 = DEFINITIONAL_REPRESENTATION('',(#2342),#2345);
#2342 = B_SPLINE_CURVE_WITH_KNOTS('',1,(#2343,#2344),.UNSPECIFIED.,.F.,
  .F.,(2,2),(13.5,14.204163056034),.PIECEWISE_BEZIER_KNOTS.);
#2343 = CARTESIAN_POINT('',(27.,-15.3));
#2344 = CARTESIAN_POINT('',(27.704163056034,-15.3));
#2345 = ( GEOMETRIC_REPRESENTATION_CONTEXT(2) 
PARAMETRIC_REPRESENTATION_CONTEXT() REPRESENTATION_CONTEXT('2D SPACE',''
  ) );
#2346 = PCURVE('',#2347,#2352);
#2347 = PLANE('',#2348);
#2348 = AXIS2_PLACEMENT_3D('',#2349,#2350,#2351);
#2349 = CARTESIAN_POINT('',(-24.95,-1.7,7.));
#2350 = DIRECTION('',(0.,1.,0.));
#2351 = DIRECTION('',(0.,0.,1.));
#2352 = DEFINITIONAL_REPRESENTATION('',(#2353),#2356);
#2353 = B_SPLINE_CURVE_WITH_KNOTS('',1,(#2354,#2355),.UNSPECIFIED.,.F.,
  .F.,(2,2),(13.5,14.204163056034),.PIECEWISE_BEZIER_KNOTS.);
#2354 = CARTESIAN_POINT('',(0.,49.4));
#2355 = CARTESIAN_POINT('',(0.704163056034,49.4));
#2356 = ( GEOMETRIC_REPRESENTATION_CONTEXT(2) 
PARAMETRIC_REPRESENTATION_CONTEXT() REPRESENTATION_CONTEXT('2D SPACE',''
  ) );
#2357 = ORIENTED_EDGE('',*,*,#2358,.F.);
#2358 = EDGE_CURVE('',#2359,#2333,#2361,.T.);
#2359 = VERTEX_POINT('',#2360);
#2360 = CARTESIAN_POINT('',(24.45,-0.704163056034,8.7));
#2361 = SURFACE_CURVE('',#2362,(#2366,#2372),.PCURVE_S1.);
#2362 = LINE('',#2363,#2364);
#2363 = CARTESIAN_POINT('',(24.45,-12.80312229202,-3.398959235991));
#2364 = VECTOR('',#2365,1.);
#2365 = DIRECTION('',(0.,-0.707106781187,-0.707106781187));
#2366 = PCURVE('',#461,#2367);
#2367 = DEFINITIONAL_REPRESENTATION('',(#2368),#2371);
#2368 = B_SPLINE_CURVE_WITH_KNOTS('',1,(#2369,#2370),.UNSPECIFIED.,.F.,
  .F.,(2,2),(-17.11051224213,-15.70218613007),.PIECEWISE_BEZIER_KNOTS.);
#2369 = CARTESIAN_POINT('',(28.7,-16.29583694396));
#2370 = CARTESIAN_POINT('',(27.704163056034,-15.3));
#2371 = ( GEOMETRIC_REPRESENTATION_CONTEXT(2) 
PARAMETRIC_REPRESENTATION_CONTEXT() REPRESENTATION_CONTEXT('2D SPACE',''
  ) );
#2372 = PCURVE('',#2373,#2378);
#2373 = PLANE('',#2374);
#2374 = AXIS2_PLACEMENT_3D('',#2375,#2376,#2377);
#2375 = CARTESIAN_POINT('',(-24.95,-2.404163056034,7.));
#2376 = DIRECTION('',(0.,-0.707106781187,0.707106781187));
#2377 = DIRECTION('',(1.,0.,0.));
#2378 = DEFINITIONAL_REPRESENTATION('',(#2379),#2382);
#2379 = B_SPLINE_CURVE_WITH_KNOTS('',1,(#2380,#2381),.UNSPECIFIED.,.F.,
  .F.,(2,2),(-17.11051224213,-15.70218613007),.PIECEWISE_BEZIER_KNOTS.);
#2380 = CARTESIAN_POINT('',(49.4,2.404163056034));
#2381 = CARTESIAN_POINT('',(49.4,0.995836943966));
#2382 = ( GEOMETRIC_REPRESENTATION_CONTEXT(2) 
PARAMETRIC_REPRESENTATION_CONTEXT() REPRESENTATION_CONTEXT('2D SPACE',''
  ) );
#2383 = ORIENTED_EDGE('',*,*,#2384,.F.);
#2384 = EDGE_CURVE('',#2385,#2359,#2387,.T.);
#2385 = VERTEX_POINT('',#2386);
#2386 = CARTESIAN_POINT('',(24.45,0.704163056034,8.7));
#2387 = SURFACE_CURVE('',#2388,(#2392,#2398),.PCURVE_S1.);
#2388 = LINE('',#2389,#2390);
#2389 = CARTESIAN_POINT('',(24.45,-9.35,8.7));
#2390 = VECTOR('',#2391,1.);
#2391 = DIRECTION('',(0.,-1.,0.));
#2392 = PCURVE('',#461,#2393);
#2393 = DEFINITIONAL_REPRESENTATION('',(#2394),#2397);
#2394 = B_SPLINE_CURVE_WITH_KNOTS('',1,(#2395,#2396),.UNSPECIFIED.,.F.,
  .F.,(2,2),(-10.05416305603,-8.645836943966),.PIECEWISE_BEZIER_KNOTS.);
#2395 = CARTESIAN_POINT('',(28.7,-17.70416305603));
#2396 = CARTESIAN_POINT('',(28.7,-16.29583694396));
#2397 = ( GEOMETRIC_REPRESENTATION_CONTEXT(2) 
PARAMETRIC_REPRESENTATION_CONTEXT() REPRESENTATION_CONTEXT('2D SPACE',''
  ) );
#2398 = PCURVE('',#2399,#2404);
#2399 = PLANE('',#2400);
#2400 = AXIS2_PLACEMENT_3D('',#2401,#2402,#2403);
#2401 = CARTESIAN_POINT('',(-24.95,-1.7,8.7));
#2402 = DIRECTION('',(0.,0.,1.));
#2403 = DIRECTION('',(1.,0.,0.));
#2404 = DEFINITIONAL_REPRESENTATION('',(#2405),#2408);
#2405 = B_SPLINE_CURVE_WITH_KNOTS('',1,(#2406,#2407),.UNSPECIFIED.,.F.,
  .F.,(2,2),(-10.05416305603,-8.645836943966),.PIECEWISE_BEZIER_KNOTS.);
#2406 = CARTESIAN_POINT('',(49.4,2.404163056034));
#2407 = CARTESIAN_POINT('',(49.4,0.995836943966));
#2408 = ( GEOMETRIC_REPRESENTATION_CONTEXT(2) 
PARAMETRIC_REPRESENTATION_CONTEXT() REPRESENTATION_CONTEXT('2D SPACE',''
  ) );
#2409 = ORIENTED_EDGE('',*,*,#2410,.F.);
#2410 = EDGE_CURVE('',#2411,#2385,#2413,.T.);
#2411 = VERTEX_POINT('',#2412);
#2412 = CARTESIAN_POINT('',(24.45,1.7,7.704163056034));
#2413 = SURFACE_CURVE('',#2414,(#2418,#2424),.PCURVE_S1.);
#2414 = LINE('',#2415,#2416);
#2415 = CARTESIAN_POINT('',(24.45,4.303122292026,5.101040764009));
#2416 = VECTOR('',#2417,1.);
#2417 = DIRECTION('',(0.,-0.707106781187,0.707106781187));
#2418 = PCURVE('',#461,#2419);
#2419 = DEFINITIONAL_REPRESENTATION('',(#2420),#2423);
#2420 = B_SPLINE_CURVE_WITH_KNOTS('',1,(#2421,#2422),.UNSPECIFIED.,.F.,
  .F.,(2,2),(3.681370849898,5.089696961967),.PIECEWISE_BEZIER_KNOTS.);
#2421 = CARTESIAN_POINT('',(27.704163056034,-18.7));
#2422 = CARTESIAN_POINT('',(28.7,-17.70416305603));
#2423 = ( GEOMETRIC_REPRESENTATION_CONTEXT(2) 
PARAMETRIC_REPRESENTATION_CONTEXT() REPRESENTATION_CONTEXT('2D SPACE',''
  ) );
#2424 = PCURVE('',#2425,#2430);
#2425 = PLANE('',#2426);
#2426 = AXIS2_PLACEMENT_3D('',#2427,#2428,#2429);
#2427 = CARTESIAN_POINT('',(-24.95,2.404163056034,7.));
#2428 = DIRECTION('',(0.,0.707106781187,0.707106781187));
#2429 = DIRECTION('',(0.,-0.707106781187,0.707106781187));
#2430 = DEFINITIONAL_REPRESENTATION('',(#2431),#2434);
#2431 = B_SPLINE_CURVE_WITH_KNOTS('',1,(#2432,#2433),.UNSPECIFIED.,.F.,
  .F.,(2,2),(3.681370849898,5.089696961967),.PIECEWISE_BEZIER_KNOTS.);
#2432 = CARTESIAN_POINT('',(0.995836943966,49.4));
#2433 = CARTESIAN_POINT('',(2.404163056034,49.4));
#2434 = ( GEOMETRIC_REPRESENTATION_CONTEXT(2) 
PARAMETRIC_REPRESENTATION_CONTEXT() REPRESENTATION_CONTEXT('2D SPACE',''
  ) );
#2435 = ORIENTED_EDGE('',*,*,#2436,.F.);
#2436 = EDGE_CURVE('',#2304,#2411,#2437,.T.);
#2437 = SURFACE_CURVE('',#2438,(#2442,#2448),.PCURVE_S1.);
#2438 = LINE('',#2439,#2440);
#2439 = CARTESIAN_POINT('',(24.45,1.7,-6.5));
#2440 = VECTOR('',#2441,1.);
#2441 = DIRECTION('',(0.,-0.,1.));
#2442 = PCURVE('',#461,#2443);
#2443 = DEFINITIONAL_REPRESENTATION('',(#2444),#2447);
#2444 = B_SPLINE_CURVE_WITH_KNOTS('',1,(#2445,#2446),.UNSPECIFIED.,.F.,
  .F.,(2,2),(13.5,14.204163056034),.PIECEWISE_BEZIER_KNOTS.);
#2445 = CARTESIAN_POINT('',(27.,-18.7));
#2446 = CARTESIAN_POINT('',(27.704163056034,-18.7));
#2447 = ( GEOMETRIC_REPRESENTATION_CONTEXT(2) 
PARAMETRIC_REPRESENTATION_CONTEXT() REPRESENTATION_CONTEXT('2D SPACE',''
  ) );
#2448 = PCURVE('',#2449,#2454);
#2449 = PLANE('',#2450);
#2450 = AXIS2_PLACEMENT_3D('',#2451,#2452,#2453);
#2451 = CARTESIAN_POINT('',(-24.95,1.7,7.));
#2452 = DIRECTION('',(0.,1.,0.));
#2453 = DIRECTION('',(0.,0.,1.));
#2454 = DEFINITIONAL_REPRESENTATION('',(#2455),#2458);
#2455 = B_SPLINE_CURVE_WITH_KNOTS('',1,(#2456,#2457),.UNSPECIFIED.,.F.,
  .F.,(2,2),(13.5,14.204163056034),.PIECEWISE_BEZIER_KNOTS.);
#2456 = CARTESIAN_POINT('',(0.,49.4));
#2457 = CARTESIAN_POINT('',(0.704163056034,49.4));
#2458 = ( GEOMETRIC_REPRESENTATION_CONTEXT(2) 
PARAMETRIC_REPRESENTATION_CONTEXT() REPRESENTATION_CONTEXT('2D SPACE',''
  ) );
#2459 = FACE_BOUND('',#2460,.T.);
#2460 = EDGE_LOOP('',(#2461,#2492,#2518,#2544,#2570,#2596));
#2461 = ORIENTED_EDGE('',*,*,#2462,.F.);
#2462 = EDGE_CURVE('',#2463,#2465,#2467,.T.);
#2463 = VERTEX_POINT('',#2464);
#2464 = CARTESIAN_POINT('',(24.45,-8.7,0.));
#2465 = VERTEX_POINT('',#2466);
#2466 = CARTESIAN_POINT('',(24.45,-5.3,0.));
#2467 = SURFACE_CURVE('',#2468,(#2473,#2480),.PCURVE_S1.);
#2468 = CIRCLE('',#2469,1.7);
#2469 = AXIS2_PLACEMENT_3D('',#2470,#2471,#2472);
#2470 = CARTESIAN_POINT('',(24.45,-7.,5.373479439186E-15));
#2471 = DIRECTION('',(1.,0.,2.22044604925E-16));
#2472 = DIRECTION('',(2.22044604925E-16,0.,-1.));
#2473 = PCURVE('',#461,#2474);
#2474 = DEFINITIONAL_REPRESENTATION('',(#2475),#2479);
#2475 = CIRCLE('',#2476,1.7);
#2476 = AXIS2_PLACEMENT_2D('',#2477,#2478);
#2477 = CARTESIAN_POINT('',(20.,-10.));
#2478 = DIRECTION('',(-1.,0.));
#2479 = ( GEOMETRIC_REPRESENTATION_CONTEXT(2) 
PARAMETRIC_REPRESENTATION_CONTEXT() REPRESENTATION_CONTEXT('2D SPACE',''
  ) );
#2480 = PCURVE('',#2481,#2486);
#2481 = CYLINDRICAL_SURFACE('',#2482,1.7);
#2482 = AXIS2_PLACEMENT_3D('',#2483,#2484,#2485);
#2483 = CARTESIAN_POINT('',(-24.95,-7.,-5.595524044111E-15));
#2484 = DIRECTION('',(1.,0.,2.22044604925E-16));
#2485 = DIRECTION('',(2.22044604925E-16,0.,-1.));
#2486 = DEFINITIONAL_REPRESENTATION('',(#2487),#2491);
#2487 = LINE('',#2488,#2489);
#2488 = CARTESIAN_POINT('',(0.,49.4));
#2489 = VECTOR('',#2490,1.);
#2490 = DIRECTION('',(1.,0.));
#2491 = ( GEOMETRIC_REPRESENTATION_CONTEXT(2) 
PARAMETRIC_REPRESENTATION_CONTEXT() REPRESENTATION_CONTEXT('2D SPACE',''
  ) );
#2492 = ORIENTED_EDGE('',*,*,#2493,.T.);
#2493 = EDGE_CURVE('',#2463,#2494,#2496,.T.);
#2494 = VERTEX_POINT('',#2495);
#2495 = CARTESIAN_POINT('',(24.45,-8.7,0.704163056034));
#2496 = SURFACE_CURVE('',#2497,(#2501,#2507),.PCURVE_S1.);
#2497 = LINE('',#2498,#2499);
#2498 = CARTESIAN_POINT('',(24.45,-8.7,-10.));
#2499 = VECTOR('',#2500,1.);
#2500 = DIRECTION('',(0.,-0.,1.));
#2501 = PCURVE('',#461,#2502);
#2502 = DEFINITIONAL_REPRESENTATION('',(#2503),#2506);
#2503 = B_SPLINE_CURVE_WITH_KNOTS('',1,(#2504,#2505),.UNSPECIFIED.,.F.,
  .F.,(2,2),(10.,10.704163056034),.PIECEWISE_BEZIER_KNOTS.);
#2504 = CARTESIAN_POINT('',(20.,-8.3));
#2505 = CARTESIAN_POINT('',(20.704163056034,-8.3));
#2506 = ( GEOMETRIC_REPRESENTATION_CONTEXT(2) 
PARAMETRIC_REPRESENTATION_CONTEXT() REPRESENTATION_CONTEXT('2D SPACE',''
  ) );
#2507 = PCURVE('',#2508,#2513);
#2508 = PLANE('',#2509);
#2509 = AXIS2_PLACEMENT_3D('',#2510,#2511,#2512);
#2510 = CARTESIAN_POINT('',(-24.95,-8.7,0.));
#2511 = DIRECTION('',(0.,1.,0.));
#2512 = DIRECTION('',(0.,0.,1.));
#2513 = DEFINITIONAL_REPRESENTATION('',(#2514),#2517);
#2514 = B_SPLINE_CURVE_WITH_KNOTS('',1,(#2515,#2516),.UNSPECIFIED.,.F.,
  .F.,(2,2),(10.,10.704163056034),.PIECEWISE_BEZIER_KNOTS.);
#2515 = CARTESIAN_POINT('',(0.,49.4));
#2516 = CARTESIAN_POINT('',(0.704163056034,49.4));
#2517 = ( GEOMETRIC_REPRESENTATION_CONTEXT(2) 
PARAMETRIC_REPRESENTATION_CONTEXT() REPRESENTATION_CONTEXT('2D SPACE',''
  ) );
#2518 = ORIENTED_EDGE('',*,*,#2519,.F.);
#2519 = EDGE_CURVE('',#2520,#2494,#2522,.T.);
#2520 = VERTEX_POINT('',#2521);
#2521 = CARTESIAN_POINT('',(24.45,-7.704163056034,1.7));
#2522 = SURFACE_CURVE('',#2523,(#2527,#2533),.PCURVE_S1.);
#2523 = LINE('',#2524,#2525);
#2524 = CARTESIAN_POINT('',(24.45,-16.30312229202,-6.898959235991));
#2525 = VECTOR('',#2526,1.);
#2526 = DIRECTION('',(0.,-0.707106781187,-0.707106781187));
#2527 = PCURVE('',#461,#2528);
#2528 = DEFINITIONAL_REPRESENTATION('',(#2529),#2532);
#2529 = B_SPLINE_CURVE_WITH_KNOTS('',1,(#2530,#2531),.UNSPECIFIED.,.F.,
  .F.,(2,2),(-12.16076477383,-10.75243866176),.PIECEWISE_BEZIER_KNOTS.);
#2530 = CARTESIAN_POINT('',(21.7,-9.295836943966));
#2531 = CARTESIAN_POINT('',(20.704163056034,-8.3));
#2532 = ( GEOMETRIC_REPRESENTATION_CONTEXT(2) 
PARAMETRIC_REPRESENTATION_CONTEXT() REPRESENTATION_CONTEXT('2D SPACE',''
  ) );
#2533 = PCURVE('',#2534,#2539);
#2534 = PLANE('',#2535);
#2535 = AXIS2_PLACEMENT_3D('',#2536,#2537,#2538);
#2536 = CARTESIAN_POINT('',(-24.95,-9.404163056034,-4.440892098501E-16)
  );
#2537 = DIRECTION('',(0.,-0.707106781187,0.707106781187));
#2538 = DIRECTION('',(1.,0.,0.));
#2539 = DEFINITIONAL_REPRESENTATION('',(#2540),#2543);
#2540 = B_SPLINE_CURVE_WITH_KNOTS('',1,(#2541,#2542),.UNSPECIFIED.,.F.,
  .F.,(2,2),(-12.16076477383,-10.75243866176),.PIECEWISE_BEZIER_KNOTS.);
#2541 = CARTESIAN_POINT('',(49.4,2.404163056034));
#2542 = CARTESIAN_POINT('',(49.4,0.995836943966));
#2543 = ( GEOMETRIC_REPRESENTATION_CONTEXT(2) 
PARAMETRIC_REPRESENTATION_CONTEXT() REPRESENTATION_CONTEXT('2D SPACE',''
  ) );
#2544 = ORIENTED_EDGE('',*,*,#2545,.F.);
#2545 = EDGE_CURVE('',#2546,#2520,#2548,.T.);
#2546 = VERTEX_POINT('',#2547);
#2547 = CARTESIAN_POINT('',(24.45,-6.295836943966,1.7));
#2548 = SURFACE_CURVE('',#2549,(#2553,#2559),.PCURVE_S1.);
#2549 = LINE('',#2550,#2551);
#2550 = CARTESIAN_POINT('',(24.45,-12.85,1.7));
#2551 = VECTOR('',#2552,1.);
#2552 = DIRECTION('',(0.,-1.,0.));
#2553 = PCURVE('',#461,#2554);
#2554 = DEFINITIONAL_REPRESENTATION('',(#2555),#2558);
#2555 = B_SPLINE_CURVE_WITH_KNOTS('',1,(#2556,#2557),.UNSPECIFIED.,.F.,
  .F.,(2,2),(-6.554163056034,-5.145836943966),.PIECEWISE_BEZIER_KNOTS.);
#2556 = CARTESIAN_POINT('',(21.7,-10.70416305603));
#2557 = CARTESIAN_POINT('',(21.7,-9.295836943966));
#2558 = ( GEOMETRIC_REPRESENTATION_CONTEXT(2) 
PARAMETRIC_REPRESENTATION_CONTEXT() REPRESENTATION_CONTEXT('2D SPACE',''
  ) );
#2559 = PCURVE('',#2560,#2565);
#2560 = PLANE('',#2561);
#2561 = AXIS2_PLACEMENT_3D('',#2562,#2563,#2564);
#2562 = CARTESIAN_POINT('',(-24.95,-8.7,1.7));
#2563 = DIRECTION('',(0.,0.,1.));
#2564 = DIRECTION('',(1.,0.,0.));
#2565 = DEFINITIONAL_REPRESENTATION('',(#2566),#2569);
#2566 = B_SPLINE_CURVE_WITH_KNOTS('',1,(#2567,#2568),.UNSPECIFIED.,.F.,
  .F.,(2,2),(-6.554163056034,-5.145836943966),.PIECEWISE_BEZIER_KNOTS.);
#2567 = CARTESIAN_POINT('',(49.4,2.404163056034));
#2568 = CARTESIAN_POINT('',(49.4,0.995836943966));
#2569 = ( GEOMETRIC_REPRESENTATION_CONTEXT(2) 
PARAMETRIC_REPRESENTATION_CONTEXT() REPRESENTATION_CONTEXT('2D SPACE',''
  ) );
#2570 = ORIENTED_EDGE('',*,*,#2571,.F.);
#2571 = EDGE_CURVE('',#2572,#2546,#2574,.T.);
#2572 = VERTEX_POINT('',#2573);
#2573 = CARTESIAN_POINT('',(24.45,-5.3,0.704163056034));
#2574 = SURFACE_CURVE('',#2575,(#2579,#2585),.PCURVE_S1.);
#2575 = LINE('',#2576,#2577);
#2576 = CARTESIAN_POINT('',(24.45,-2.696877707974,-1.898959235991));
#2577 = VECTOR('',#2578,1.);
#2578 = DIRECTION('',(0.,-0.707106781187,0.707106781187));
#2579 = PCURVE('',#461,#2580);
#2580 = DEFINITIONAL_REPRESENTATION('',(#2581),#2584);
#2581 = B_SPLINE_CURVE_WITH_KNOTS('',1,(#2582,#2583),.UNSPECIFIED.,.F.,
  .F.,(2,2),(3.681370849898,5.089696961967),.PIECEWISE_BEZIER_KNOTS.);
#2582 = CARTESIAN_POINT('',(20.704163056034,-11.7));
#2583 = CARTESIAN_POINT('',(21.7,-10.70416305603));
#2584 = ( GEOMETRIC_REPRESENTATION_CONTEXT(2) 
PARAMETRIC_REPRESENTATION_CONTEXT() REPRESENTATION_CONTEXT('2D SPACE',''
  ) );
#2585 = PCURVE('',#2586,#2591);
#2586 = PLANE('',#2587);
#2587 = AXIS2_PLACEMENT_3D('',#2588,#2589,#2590);
#2588 = CARTESIAN_POINT('',(-24.95,-4.595836943966,0.));
#2589 = DIRECTION('',(0.,0.707106781187,0.707106781187));
#2590 = DIRECTION('',(0.,-0.707106781187,0.707106781187));
#2591 = DEFINITIONAL_REPRESENTATION('',(#2592),#2595);
#2592 = B_SPLINE_CURVE_WITH_KNOTS('',1,(#2593,#2594),.UNSPECIFIED.,.F.,
  .F.,(2,2),(3.681370849898,5.089696961967),.PIECEWISE_BEZIER_KNOTS.);
#2593 = CARTESIAN_POINT('',(0.995836943966,49.4));
#2594 = CARTESIAN_POINT('',(2.404163056034,49.4));
#2595 = ( GEOMETRIC_REPRESENTATION_CONTEXT(2) 
PARAMETRIC_REPRESENTATION_CONTEXT() REPRESENTATION_CONTEXT('2D SPACE',''
  ) );
#2596 = ORIENTED_EDGE('',*,*,#2597,.F.);
#2597 = EDGE_CURVE('',#2465,#2572,#2598,.T.);
#2598 = SURFACE_CURVE('',#2599,(#2603,#2609),.PCURVE_S1.);
#2599 = LINE('',#2600,#2601);
#2600 = CARTESIAN_POINT('',(24.45,-5.3,-10.));
#2601 = VECTOR('',#2602,1.);
#2602 = DIRECTION('',(0.,-0.,1.));
#2603 = PCURVE('',#461,#2604);
#2604 = DEFINITIONAL_REPRESENTATION('',(#2605),#2608);
#2605 = B_SPLINE_CURVE_WITH_KNOTS('',1,(#2606,#2607),.UNSPECIFIED.,.F.,
  .F.,(2,2),(10.,10.704163056034),.PIECEWISE_BEZIER_KNOTS.);
#2606 = CARTESIAN_POINT('',(20.,-11.7));
#2607 = CARTESIAN_POINT('',(20.704163056034,-11.7));
#2608 = ( GEOMETRIC_REPRESENTATION_CONTEXT(2) 
PARAMETRIC_REPRESENTATION_CONTEXT() REPRESENTATION_CONTEXT('2D SPACE',''
  ) );
#2609 = PCURVE('',#2610,#2615);
#2610 = PLANE('',#2611);
#2611 = AXIS2_PLACEMENT_3D('',#2612,#2613,#2614);
#2612 = CARTESIAN_POINT('',(-24.95,-5.3,0.));
#2613 = DIRECTION('',(0.,1.,0.));
#2614 = DIRECTION('',(0.,0.,1.));
#2615 = DEFINITIONAL_REPRESENTATION('',(#2616),#2619);
#2616 = B_SPLINE_CURVE_WITH_KNOTS('',1,(#2617,#2618),.UNSPECIFIED.,.F.,
  .F.,(2,2),(10.,10.704163056034),.PIECEWISE_BEZIER_KNOTS.);
#2617 = CARTESIAN_POINT('',(0.,49.4));
#2618 = CARTESIAN_POINT('',(0.704163056034,49.4));
#2619 = ( GEOMETRIC_REPRESENTATION_CONTEXT(2) 
PARAMETRIC_REPRESENTATION_CONTEXT() REPRESENTATION_CONTEXT('2D SPACE',''
  ) );
#2620 = ADVANCED_FACE('',(#2621),#684,.T.);
#2621 = FACE_BOUND('',#2622,.T.);
#2622 = EDGE_LOOP('',(#2623,#2624,#2647,#2668));
#2623 = ORIENTED_EDGE('',*,*,#670,.F.);
#2624 = ORIENTED_EDGE('',*,*,#2625,.T.);
#2625 = EDGE_CURVE('',#643,#2626,#2628,.T.);
#2626 = VERTEX_POINT('',#2627);
#2627 = CARTESIAN_POINT('',(21.45,12.,0.));
#2628 = SURFACE_CURVE('',#2629,(#2633,#2640),.PCURVE_S1.);
#2629 = LINE('',#2630,#2631);
#2630 = CARTESIAN_POINT('',(21.45,12.,-16.));
#2631 = VECTOR('',#2632,1.);
#2632 = DIRECTION('',(0.,0.,1.));
#2633 = PCURVE('',#684,#2634);
#2634 = DEFINITIONAL_REPRESENTATION('',(#2635),#2639);
#2635 = LINE('',#2636,#2637);
#2636 = CARTESIAN_POINT('',(0.,0.));
#2637 = VECTOR('',#2638,1.);
#2638 = DIRECTION('',(1.,0.));
#2639 = ( GEOMETRIC_REPRESENTATION_CONTEXT(2) 
PARAMETRIC_REPRESENTATION_CONTEXT() REPRESENTATION_CONTEXT('2D SPACE',''
  ) );
#2640 = PCURVE('',#658,#2641);
#2641 = DEFINITIONAL_REPRESENTATION('',(#2642),#2646);
#2642 = LINE('',#2643,#2644);
#2643 = CARTESIAN_POINT('',(0.,-24.));
#2644 = VECTOR('',#2645,1.);
#2645 = DIRECTION('',(1.,0.));
#2646 = ( GEOMETRIC_REPRESENTATION_CONTEXT(2) 
PARAMETRIC_REPRESENTATION_CONTEXT() REPRESENTATION_CONTEXT('2D SPACE',''
  ) );
#2647 = ORIENTED_EDGE('',*,*,#2648,.T.);
#2648 = EDGE_CURVE('',#2626,#1817,#2649,.T.);
#2649 = SURFACE_CURVE('',#2650,(#2654,#2661),.PCURVE_S1.);
#2650 = LINE('',#2651,#2652);
#2651 = CARTESIAN_POINT('',(21.45,12.,0.));
#2652 = VECTOR('',#2653,1.);
#2653 = DIRECTION('',(1.,0.,-0.));
#2654 = PCURVE('',#684,#2655);
#2655 = DEFINITIONAL_REPRESENTATION('',(#2656),#2660);
#2656 = LINE('',#2657,#2658);
#2657 = CARTESIAN_POINT('',(16.,0.));
#2658 = VECTOR('',#2659,1.);
#2659 = DIRECTION('',(0.,1.));
#2660 = ( GEOMETRIC_REPRESENTATION_CONTEXT(2) 
PARAMETRIC_REPRESENTATION_CONTEXT() REPRESENTATION_CONTEXT('2D SPACE',''
  ) );
#2661 = PCURVE('',#1855,#2662);
#2662 = DEFINITIONAL_REPRESENTATION('',(#2663),#2667);
#2663 = LINE('',#2664,#2665);
#2664 = CARTESIAN_POINT('',(0.,24.));
#2665 = VECTOR('',#2666,1.);
#2666 = DIRECTION('',(1.,0.));
#2667 = ( GEOMETRIC_REPRESENTATION_CONTEXT(2) 
PARAMETRIC_REPRESENTATION_CONTEXT() REPRESENTATION_CONTEXT('2D SPACE',''
  ) );
#2668 = ORIENTED_EDGE('',*,*,#1816,.F.);
#2669 = ADVANCED_FACE('',(#2670,#2765),#658,.F.);
#2670 = FACE_BOUND('',#2671,.F.);
#2671 = EDGE_LOOP('',(#2672,#2697,#2718,#2719,#2720,#2743));
#2672 = ORIENTED_EDGE('',*,*,#2673,.F.);
#2673 = EDGE_CURVE('',#2674,#2676,#2678,.T.);
#2674 = VERTEX_POINT('',#2675);
#2675 = CARTESIAN_POINT('',(21.45,-12.,0.));
#2676 = VERTEX_POINT('',#2677);
#2677 = CARTESIAN_POINT('',(21.45,-10.,1.073333620097E-13));
#2678 = SURFACE_CURVE('',#2679,(#2683,#2690),.PCURVE_S1.);
#2679 = LINE('',#2680,#2681);
#2680 = CARTESIAN_POINT('',(21.45,-12.,0.));
#2681 = VECTOR('',#2682,1.);
#2682 = DIRECTION('',(-0.,1.,0.));
#2683 = PCURVE('',#658,#2684);
#2684 = DEFINITIONAL_REPRESENTATION('',(#2685),#2689);
#2685 = LINE('',#2686,#2687);
#2686 = CARTESIAN_POINT('',(16.,0.));
#2687 = VECTOR('',#2688,1.);
#2688 = DIRECTION('',(0.,-1.));
#2689 = ( GEOMETRIC_REPRESENTATION_CONTEXT(2) 
PARAMETRIC_REPRESENTATION_CONTEXT() REPRESENTATION_CONTEXT('2D SPACE',''
  ) );
#2690 = PCURVE('',#1912,#2691);
#2691 = DEFINITIONAL_REPRESENTATION('',(#2692),#2696);
#2692 = LINE('',#2693,#2694);
#2693 = CARTESIAN_POINT('',(0.,0.));
#2694 = VECTOR('',#2695,1.);
#2695 = DIRECTION('',(0.,1.));
#2696 = ( GEOMETRIC_REPRESENTATION_CONTEXT(2) 
PARAMETRIC_REPRESENTATION_CONTEXT() REPRESENTATION_CONTEXT('2D SPACE',''
  ) );
#2697 = ORIENTED_EDGE('',*,*,#2698,.F.);
#2698 = EDGE_CURVE('',#615,#2674,#2699,.T.);
#2699 = SURFACE_CURVE('',#2700,(#2704,#2711),.PCURVE_S1.);
#2700 = LINE('',#2701,#2702);
#2701 = CARTESIAN_POINT('',(21.45,-12.,-16.));
#2702 = VECTOR('',#2703,1.);
#2703 = DIRECTION('',(0.,0.,1.));
#2704 = PCURVE('',#658,#2705);
#2705 = DEFINITIONAL_REPRESENTATION('',(#2706),#2710);
#2706 = LINE('',#2707,#2708);
#2707 = CARTESIAN_POINT('',(0.,0.));
#2708 = VECTOR('',#2709,1.);
#2709 = DIRECTION('',(1.,0.));
#2710 = ( GEOMETRIC_REPRESENTATION_CONTEXT(2) 
PARAMETRIC_REPRESENTATION_CONTEXT() REPRESENTATION_CONTEXT('2D SPACE',''
  ) );
#2711 = PCURVE('',#630,#2712);
#2712 = DEFINITIONAL_REPRESENTATION('',(#2713),#2717);
#2713 = LINE('',#2714,#2715);
#2714 = CARTESIAN_POINT('',(0.,0.));
#2715 = VECTOR('',#2716,1.);
#2716 = DIRECTION('',(1.,0.));
#2717 = ( GEOMETRIC_REPRESENTATION_CONTEXT(2) 
PARAMETRIC_REPRESENTATION_CONTEXT() REPRESENTATION_CONTEXT('2D SPACE',''
  ) );
#2718 = ORIENTED_EDGE('',*,*,#642,.T.);
#2719 = ORIENTED_EDGE('',*,*,#2625,.T.);
#2720 = ORIENTED_EDGE('',*,*,#2721,.F.);
#2721 = EDGE_CURVE('',#2722,#2626,#2724,.T.);
#2722 = VERTEX_POINT('',#2723);
#2723 = CARTESIAN_POINT('',(21.45,10.,1.038882691613E-13));
#2724 = SURFACE_CURVE('',#2725,(#2729,#2736),.PCURVE_S1.);
#2725 = LINE('',#2726,#2727);
#2726 = CARTESIAN_POINT('',(21.45,-12.,0.));
#2727 = VECTOR('',#2728,1.);
#2728 = DIRECTION('',(-0.,1.,0.));
#2729 = PCURVE('',#658,#2730);
#2730 = DEFINITIONAL_REPRESENTATION('',(#2731),#2735);
#2731 = LINE('',#2732,#2733);
#2732 = CARTESIAN_POINT('',(16.,0.));
#2733 = VECTOR('',#2734,1.);
#2734 = DIRECTION('',(0.,-1.));
#2735 = ( GEOMETRIC_REPRESENTATION_CONTEXT(2) 
PARAMETRIC_REPRESENTATION_CONTEXT() REPRESENTATION_CONTEXT('2D SPACE',''
  ) );
#2736 = PCURVE('',#1855,#2737);
#2737 = DEFINITIONAL_REPRESENTATION('',(#2738),#2742);
#2738 = LINE('',#2739,#2740);
#2739 = CARTESIAN_POINT('',(0.,0.));
#2740 = VECTOR('',#2741,1.);
#2741 = DIRECTION('',(0.,1.));
#2742 = ( GEOMETRIC_REPRESENTATION_CONTEXT(2) 
PARAMETRIC_REPRESENTATION_CONTEXT() REPRESENTATION_CONTEXT('2D SPACE',''
  ) );
#2743 = ORIENTED_EDGE('',*,*,#2744,.T.);
#2744 = EDGE_CURVE('',#2722,#2676,#2745,.T.);
#2745 = SURFACE_CURVE('',#2746,(#2751,#2758),.PCURVE_S1.);
#2746 = CIRCLE('',#2747,10.);
#2747 = AXIS2_PLACEMENT_3D('',#2748,#2749,#2750);
#2748 = CARTESIAN_POINT('',(21.45,0.,-3.330669073875E-16));
#2749 = DIRECTION('',(1.,-0.,2.22044604925E-16));
#2750 = DIRECTION('',(2.22044604925E-16,0.,-1.));
#2751 = PCURVE('',#658,#2752);
#2752 = DEFINITIONAL_REPRESENTATION('',(#2753),#2757);
#2753 = CIRCLE('',#2754,10.);
#2754 = AXIS2_PLACEMENT_2D('',#2755,#2756);
#2755 = CARTESIAN_POINT('',(16.,-12.));
#2756 = DIRECTION('',(-1.,0.));
#2757 = ( GEOMETRIC_REPRESENTATION_CONTEXT(2) 
PARAMETRIC_REPRESENTATION_CONTEXT() REPRESENTATION_CONTEXT('2D SPACE',''
  ) );
#2758 = PCURVE('',#1884,#2759);
#2759 = DEFINITIONAL_REPRESENTATION('',(#2760),#2764);
#2760 = LINE('',#2761,#2762);
#2761 = CARTESIAN_POINT('',(0.,0.));
#2762 = VECTOR('',#2763,1.);
#2763 = DIRECTION('',(1.,0.));
#2764 = ( GEOMETRIC_REPRESENTATION_CONTEXT(2) 
PARAMETRIC_REPRESENTATION_CONTEXT() REPRESENTATION_CONTEXT('2D SPACE',''
  ) );
#2765 = FACE_BOUND('',#2766,.F.);
#2766 = EDGE_LOOP('',(#2767,#2793,#2822,#2846,#2875,#2899,#2920,#2941,
    #2970,#2991,#3012,#3033,#3062,#3083));
#2767 = ORIENTED_EDGE('',*,*,#2768,.F.);
#2768 = EDGE_CURVE('',#2769,#2771,#2773,.T.);
#2769 = VERTEX_POINT('',#2770);
#2770 = CARTESIAN_POINT('',(21.45,8.155178571429,-1.247221900109));
#2771 = VERTEX_POINT('',#2772);
#2772 = CARTESIAN_POINT('',(21.45,8.7,0.));
#2773 = SURFACE_CURVE('',#2774,(#2779,#2786),.PCURVE_S1.);
#2774 = CIRCLE('',#2775,1.7);
#2775 = AXIS2_PLACEMENT_3D('',#2776,#2777,#2778);
#2776 = CARTESIAN_POINT('',(21.45,7.,4.707345624411E-15));
#2777 = DIRECTION('',(1.,0.,2.22044604925E-16));
#2778 = DIRECTION('',(2.22044604925E-16,0.,-1.));
#2779 = PCURVE('',#658,#2780);
#2780 = DEFINITIONAL_REPRESENTATION('',(#2781),#2785);
#2781 = CIRCLE('',#2782,1.7);
#2782 = AXIS2_PLACEMENT_2D('',#2783,#2784);
#2783 = CARTESIAN_POINT('',(16.,-19.));
#2784 = DIRECTION('',(-1.,0.));
#2785 = ( GEOMETRIC_REPRESENTATION_CONTEXT(2) 
PARAMETRIC_REPRESENTATION_CONTEXT() REPRESENTATION_CONTEXT('2D SPACE',''
  ) );
#2786 = PCURVE('',#2159,#2787);
#2787 = DEFINITIONAL_REPRESENTATION('',(#2788),#2792);
#2788 = LINE('',#2789,#2790);
#2789 = CARTESIAN_POINT('',(6.28318530718,46.4));
#2790 = VECTOR('',#2791,1.);
#2791 = DIRECTION('',(1.,0.));
#2792 = ( GEOMETRIC_REPRESENTATION_CONTEXT(2) 
PARAMETRIC_REPRESENTATION_CONTEXT() REPRESENTATION_CONTEXT('2D SPACE',''
  ) );
#2793 = ORIENTED_EDGE('',*,*,#2794,.F.);
#2794 = EDGE_CURVE('',#2795,#2769,#2797,.T.);
#2795 = VERTEX_POINT('',#2796);
#2796 = CARTESIAN_POINT('',(21.45,1.247221900109,-8.155178571429));
#2797 = SURFACE_CURVE('',#2798,(#2803,#2810),.PCURVE_S1.);
#2798 = CIRCLE('',#2799,8.25);
#2799 = AXIS2_PLACEMENT_3D('',#2800,#2801,#2802);
#2800 = CARTESIAN_POINT('',(21.45,0.,1.110223024625E-16));
#2801 = DIRECTION('',(1.,0.,-0.));
#2802 = DIRECTION('',(0.,0.988467881022,0.151430671224));
#2803 = PCURVE('',#658,#2804);
#2804 = DEFINITIONAL_REPRESENTATION('',(#2805),#2809);
#2805 = CIRCLE('',#2806,8.25);
#2806 = AXIS2_PLACEMENT_2D('',#2807,#2808);
#2807 = CARTESIAN_POINT('',(16.,-12.));
#2808 = DIRECTION('',(0.151430671224,-0.988467881022));
#2809 = ( GEOMETRIC_REPRESENTATION_CONTEXT(2) 
PARAMETRIC_REPRESENTATION_CONTEXT() REPRESENTATION_CONTEXT('2D SPACE',''
  ) );
#2810 = PCURVE('',#2811,#2816);
#2811 = CYLINDRICAL_SURFACE('',#2812,8.25);
#2812 = AXIS2_PLACEMENT_3D('',#2813,#2814,#2815);
#2813 = CARTESIAN_POINT('',(20.45,0.,-1.110223024625E-16));
#2814 = DIRECTION('',(1.,0.,2.22044604925E-16));
#2815 = DIRECTION('',(2.22044604925E-16,0.,-1.));
#2816 = DEFINITIONAL_REPRESENTATION('',(#2817),#2821);
#2817 = LINE('',#2818,#2819);
#2818 = CARTESIAN_POINT('',(1.722811802028,1.));
#2819 = VECTOR('',#2820,1.);
#2820 = DIRECTION('',(1.,0.));
#2821 = ( GEOMETRIC_REPRESENTATION_CONTEXT(2) 
PARAMETRIC_REPRESENTATION_CONTEXT() REPRESENTATION_CONTEXT('2D SPACE',''
  ) );
#2822 = ORIENTED_EDGE('',*,*,#2823,.F.);
#2823 = EDGE_CURVE('',#2824,#2795,#2826,.T.);
#2824 = VERTEX_POINT('',#2825);
#2825 = CARTESIAN_POINT('',(21.45,-1.247221900109,-8.155178571429));
#2826 = SURFACE_CURVE('',#2827,(#2832,#2839),.PCURVE_S1.);
#2827 = CIRCLE('',#2828,1.7);
#2828 = AXIS2_PLACEMENT_3D('',#2829,#2830,#2831);
#2829 = CARTESIAN_POINT('',(21.45,0.,-7.));
#2830 = DIRECTION('',(1.,0.,2.22044604925E-16));
#2831 = DIRECTION('',(2.22044604925E-16,0.,-1.));
#2832 = PCURVE('',#658,#2833);
#2833 = DEFINITIONAL_REPRESENTATION('',(#2834),#2838);
#2834 = CIRCLE('',#2835,1.7);
#2835 = AXIS2_PLACEMENT_2D('',#2836,#2837);
#2836 = CARTESIAN_POINT('',(9.,-12.));
#2837 = DIRECTION('',(-1.,0.));
#2838 = ( GEOMETRIC_REPRESENTATION_CONTEXT(2) 
PARAMETRIC_REPRESENTATION_CONTEXT() REPRESENTATION_CONTEXT('2D SPACE',''
  ) );
#2839 = PCURVE('',#1967,#2840);
#2840 = DEFINITIONAL_REPRESENTATION('',(#2841),#2845);
#2841 = LINE('',#2842,#2843);
#2842 = CARTESIAN_POINT('',(0.,46.4));
#2843 = VECTOR('',#2844,1.);
#2844 = DIRECTION('',(1.,0.));
#2845 = ( GEOMETRIC_REPRESENTATION_CONTEXT(2) 
PARAMETRIC_REPRESENTATION_CONTEXT() REPRESENTATION_CONTEXT('2D SPACE',''
  ) );
#2846 = ORIENTED_EDGE('',*,*,#2847,.F.);
#2847 = EDGE_CURVE('',#2848,#2824,#2850,.T.);
#2848 = VERTEX_POINT('',#2849);
#2849 = CARTESIAN_POINT('',(21.45,-8.155178571429,-1.247221900109));
#2850 = SURFACE_CURVE('',#2851,(#2856,#2863),.PCURVE_S1.);
#2851 = CIRCLE('',#2852,8.25);
#2852 = AXIS2_PLACEMENT_3D('',#2853,#2854,#2855);
#2853 = CARTESIAN_POINT('',(21.45,0.,1.110223024625E-16));
#2854 = DIRECTION('',(1.,0.,-0.));
#2855 = DIRECTION('',(0.,0.988467881022,0.151430671224));
#2856 = PCURVE('',#658,#2857);
#2857 = DEFINITIONAL_REPRESENTATION('',(#2858),#2862);
#2858 = CIRCLE('',#2859,8.25);
#2859 = AXIS2_PLACEMENT_2D('',#2860,#2861);
#2860 = CARTESIAN_POINT('',(16.,-12.));
#2861 = DIRECTION('',(0.151430671224,-0.988467881022));
#2862 = ( GEOMETRIC_REPRESENTATION_CONTEXT(2) 
PARAMETRIC_REPRESENTATION_CONTEXT() REPRESENTATION_CONTEXT('2D SPACE',''
  ) );
#2863 = PCURVE('',#2864,#2869);
#2864 = CYLINDRICAL_SURFACE('',#2865,8.25);
#2865 = AXIS2_PLACEMENT_3D('',#2866,#2867,#2868);
#2866 = CARTESIAN_POINT('',(20.45,0.,-1.110223024625E-16));
#2867 = DIRECTION('',(1.,0.,2.22044604925E-16));
#2868 = DIRECTION('',(2.22044604925E-16,0.,-1.));
#2869 = DEFINITIONAL_REPRESENTATION('',(#2870),#2874);
#2870 = LINE('',#2871,#2872);
#2871 = CARTESIAN_POINT('',(1.722811802028,1.));
#2872 = VECTOR('',#2873,1.);
#2873 = DIRECTION('',(1.,0.));
#2874 = ( GEOMETRIC_REPRESENTATION_CONTEXT(2) 
PARAMETRIC_REPRESENTATION_CONTEXT() REPRESENTATION_CONTEXT('2D SPACE',''
  ) );
#2875 = ORIENTED_EDGE('',*,*,#2876,.F.);
#2876 = EDGE_CURVE('',#2877,#2848,#2879,.T.);
#2877 = VERTEX_POINT('',#2878);
#2878 = CARTESIAN_POINT('',(21.45,-8.7,0.));
#2879 = SURFACE_CURVE('',#2880,(#2885,#2892),.PCURVE_S1.);
#2880 = CIRCLE('',#2881,1.7);
#2881 = AXIS2_PLACEMENT_3D('',#2882,#2883,#2884);
#2882 = CARTESIAN_POINT('',(21.45,-7.,4.707345624411E-15));
#2883 = DIRECTION('',(1.,0.,2.22044604925E-16));
#2884 = DIRECTION('',(2.22044604925E-16,0.,-1.));
#2885 = PCURVE('',#658,#2886);
#2886 = DEFINITIONAL_REPRESENTATION('',(#2887),#2891);
#2887 = CIRCLE('',#2888,1.7);
#2888 = AXIS2_PLACEMENT_2D('',#2889,#2890);
#2889 = CARTESIAN_POINT('',(16.,-5.));
#2890 = DIRECTION('',(-1.,0.));
#2891 = ( GEOMETRIC_REPRESENTATION_CONTEXT(2) 
PARAMETRIC_REPRESENTATION_CONTEXT() REPRESENTATION_CONTEXT('2D SPACE',''
  ) );
#2892 = PCURVE('',#2481,#2893);
#2893 = DEFINITIONAL_REPRESENTATION('',(#2894),#2898);
#2894 = LINE('',#2895,#2896);
#2895 = CARTESIAN_POINT('',(0.,46.4));
#2896 = VECTOR('',#2897,1.);
#2897 = DIRECTION('',(1.,0.));
#2898 = ( GEOMETRIC_REPRESENTATION_CONTEXT(2) 
PARAMETRIC_REPRESENTATION_CONTEXT() REPRESENTATION_CONTEXT('2D SPACE',''
  ) );
#2899 = ORIENTED_EDGE('',*,*,#2900,.T.);
#2900 = EDGE_CURVE('',#2877,#2901,#2903,.T.);
#2901 = VERTEX_POINT('',#2902);
#2902 = CARTESIAN_POINT('',(21.45,-8.7,0.704163056034));
#2903 = SURFACE_CURVE('',#2904,(#2908,#2914),.PCURVE_S1.);
#2904 = LINE('',#2905,#2906);
#2905 = CARTESIAN_POINT('',(21.45,-8.7,-8.));
#2906 = VECTOR('',#2907,1.);
#2907 = DIRECTION('',(0.,-0.,1.));
#2908 = PCURVE('',#658,#2909);
#2909 = DEFINITIONAL_REPRESENTATION('',(#2910),#2913);
#2910 = B_SPLINE_CURVE_WITH_KNOTS('',1,(#2911,#2912),.UNSPECIFIED.,.F.,
  .F.,(2,2),(8.,8.704163056034),.PIECEWISE_BEZIER_KNOTS.);
#2911 = CARTESIAN_POINT('',(16.,-3.3));
#2912 = CARTESIAN_POINT('',(16.704163056034,-3.3));
#2913 = ( GEOMETRIC_REPRESENTATION_CONTEXT(2) 
PARAMETRIC_REPRESENTATION_CONTEXT() REPRESENTATION_CONTEXT('2D SPACE',''
  ) );
#2914 = PCURVE('',#2508,#2915);
#2915 = DEFINITIONAL_REPRESENTATION('',(#2916),#2919);
#2916 = B_SPLINE_CURVE_WITH_KNOTS('',1,(#2917,#2918),.UNSPECIFIED.,.F.,
  .F.,(2,2),(8.,8.704163056034),.PIECEWISE_BEZIER_KNOTS.);
#2917 = CARTESIAN_POINT('',(0.,46.4));
#2918 = CARTESIAN_POINT('',(0.704163056034,46.4));
#2919 = ( GEOMETRIC_REPRESENTATION_CONTEXT(2) 
PARAMETRIC_REPRESENTATION_CONTEXT() REPRESENTATION_CONTEXT('2D SPACE',''
  ) );
#2920 = ORIENTED_EDGE('',*,*,#2921,.F.);
#2921 = EDGE_CURVE('',#2922,#2901,#2924,.T.);
#2922 = VERTEX_POINT('',#2923);
#2923 = CARTESIAN_POINT('',(21.45,-8.154860018433,1.249303037601));
#2924 = SURFACE_CURVE('',#2925,(#2929,#2935),.PCURVE_S1.);
#2925 = LINE('',#2926,#2927);
#2926 = CARTESIAN_POINT('',(21.45,-14.05312229202,-4.648959235991));
#2927 = VECTOR('',#2928,1.);
#2928 = DIRECTION('',(0.,-0.707106781187,-0.707106781187));
#2929 = PCURVE('',#658,#2930);
#2930 = DEFINITIONAL_REPRESENTATION('',(#2931),#2934);
#2931 = B_SPLINE_CURVE_WITH_KNOTS('',1,(#2932,#2933),.UNSPECIFIED.,.F.,
  .F.,(2,2),(-8.978784258493,-7.570458146424),.PIECEWISE_BEZIER_KNOTS.);
#2932 = CARTESIAN_POINT('',(17.7,-4.295836943966));
#2933 = CARTESIAN_POINT('',(16.704163056034,-3.3));
#2934 = ( GEOMETRIC_REPRESENTATION_CONTEXT(2) 
PARAMETRIC_REPRESENTATION_CONTEXT() REPRESENTATION_CONTEXT('2D SPACE',''
  ) );
#2935 = PCURVE('',#2534,#2936);
#2936 = DEFINITIONAL_REPRESENTATION('',(#2937),#2940);
#2937 = B_SPLINE_CURVE_WITH_KNOTS('',1,(#2938,#2939),.UNSPECIFIED.,.F.,
  .F.,(2,2),(-8.978784258493,-7.570458146424),.PIECEWISE_BEZIER_KNOTS.);
#2938 = CARTESIAN_POINT('',(46.4,2.404163056034));
#2939 = CARTESIAN_POINT('',(46.4,0.995836943966));
#2940 = ( GEOMETRIC_REPRESENTATION_CONTEXT(2) 
PARAMETRIC_REPRESENTATION_CONTEXT() REPRESENTATION_CONTEXT('2D SPACE',''
  ) );
#2941 = ORIENTED_EDGE('',*,*,#2942,.F.);
#2942 = EDGE_CURVE('',#2943,#2922,#2945,.T.);
#2943 = VERTEX_POINT('',#2944);
#2944 = CARTESIAN_POINT('',(21.45,-1.249303037601,8.154860018433));
#2945 = SURFACE_CURVE('',#2946,(#2951,#2958),.PCURVE_S1.);
#2946 = CIRCLE('',#2947,8.25);
#2947 = AXIS2_PLACEMENT_3D('',#2948,#2949,#2950);
#2948 = CARTESIAN_POINT('',(21.45,0.,1.110223024625E-16));
#2949 = DIRECTION('',(1.,0.,-0.));
#2950 = DIRECTION('',(0.,0.988467881022,0.151430671224));
#2951 = PCURVE('',#658,#2952);
#2952 = DEFINITIONAL_REPRESENTATION('',(#2953),#2957);
#2953 = CIRCLE('',#2954,8.25);
#2954 = AXIS2_PLACEMENT_2D('',#2955,#2956);
#2955 = CARTESIAN_POINT('',(16.,-12.));
#2956 = DIRECTION('',(0.151430671224,-0.988467881022));
#2957 = ( GEOMETRIC_REPRESENTATION_CONTEXT(2) 
PARAMETRIC_REPRESENTATION_CONTEXT() REPRESENTATION_CONTEXT('2D SPACE',''
  ) );
#2958 = PCURVE('',#2959,#2964);
#2959 = CYLINDRICAL_SURFACE('',#2960,8.25);
#2960 = AXIS2_PLACEMENT_3D('',#2961,#2962,#2963);
#2961 = CARTESIAN_POINT('',(20.45,0.,-1.110223024625E-16));
#2962 = DIRECTION('',(1.,0.,2.22044604925E-16));
#2963 = DIRECTION('',(2.22044604925E-16,0.,-1.));
#2964 = DEFINITIONAL_REPRESENTATION('',(#2965),#2969);
#2965 = LINE('',#2966,#2967);
#2966 = CARTESIAN_POINT('',(1.722811802028,1.));
#2967 = VECTOR('',#2968,1.);
#2968 = DIRECTION('',(1.,0.));
#2969 = ( GEOMETRIC_REPRESENTATION_CONTEXT(2) 
PARAMETRIC_REPRESENTATION_CONTEXT() REPRESENTATION_CONTEXT('2D SPACE',''
  ) );
#2970 = ORIENTED_EDGE('',*,*,#2971,.F.);
#2971 = EDGE_CURVE('',#2972,#2943,#2974,.T.);
#2972 = VERTEX_POINT('',#2973);
#2973 = CARTESIAN_POINT('',(21.45,-0.704163056034,8.7));
#2974 = SURFACE_CURVE('',#2975,(#2979,#2985),.PCURVE_S1.);
#2975 = LINE('',#2976,#2977);
#2976 = CARTESIAN_POINT('',(21.45,-10.55312229202,-1.148959235991));
#2977 = VECTOR('',#2978,1.);
#2978 = DIRECTION('',(0.,-0.707106781187,-0.707106781187));
#2979 = PCURVE('',#658,#2980);
#2980 = DEFINITIONAL_REPRESENTATION('',(#2981),#2984);
#2981 = B_SPLINE_CURVE_WITH_KNOTS('',1,(#2982,#2983),.UNSPECIFIED.,.F.,
  .F.,(2,2),(-13.92853172679,-12.52020561473),.PIECEWISE_BEZIER_KNOTS.);
#2982 = CARTESIAN_POINT('',(24.7,-11.29583694396));
#2983 = CARTESIAN_POINT('',(23.704163056034,-10.3));
#2984 = ( GEOMETRIC_REPRESENTATION_CONTEXT(2) 
PARAMETRIC_REPRESENTATION_CONTEXT() REPRESENTATION_CONTEXT('2D SPACE',''
  ) );
#2985 = PCURVE('',#2373,#2986);
#2986 = DEFINITIONAL_REPRESENTATION('',(#2987),#2990);
#2987 = B_SPLINE_CURVE_WITH_KNOTS('',1,(#2988,#2989),.UNSPECIFIED.,.F.,
  .F.,(2,2),(-13.92853172679,-12.52020561473),.PIECEWISE_BEZIER_KNOTS.);
#2988 = CARTESIAN_POINT('',(46.4,2.404163056034));
#2989 = CARTESIAN_POINT('',(46.4,0.995836943966));
#2990 = ( GEOMETRIC_REPRESENTATION_CONTEXT(2) 
PARAMETRIC_REPRESENTATION_CONTEXT() REPRESENTATION_CONTEXT('2D SPACE',''
  ) );
#2991 = ORIENTED_EDGE('',*,*,#2992,.F.);
#2992 = EDGE_CURVE('',#2993,#2972,#2995,.T.);
#2993 = VERTEX_POINT('',#2994);
#2994 = CARTESIAN_POINT('',(21.45,0.704163056034,8.7));
#2995 = SURFACE_CURVE('',#2996,(#3000,#3006),.PCURVE_S1.);
#2996 = LINE('',#2997,#2998);
#2997 = CARTESIAN_POINT('',(21.45,-6.85,8.7));
#2998 = VECTOR('',#2999,1.);
#2999 = DIRECTION('',(0.,-1.,0.));
#3000 = PCURVE('',#658,#3001);
#3001 = DEFINITIONAL_REPRESENTATION('',(#3002),#3005);
#3002 = B_SPLINE_CURVE_WITH_KNOTS('',1,(#3003,#3004),.UNSPECIFIED.,.F.,
  .F.,(2,2),(-7.554163056034,-6.145836943966),.PIECEWISE_BEZIER_KNOTS.);
#3003 = CARTESIAN_POINT('',(24.7,-12.70416305603));
#3004 = CARTESIAN_POINT('',(24.7,-11.29583694396));
#3005 = ( GEOMETRIC_REPRESENTATION_CONTEXT(2) 
PARAMETRIC_REPRESENTATION_CONTEXT() REPRESENTATION_CONTEXT('2D SPACE',''
  ) );
#3006 = PCURVE('',#2399,#3007);
#3007 = DEFINITIONAL_REPRESENTATION('',(#3008),#3011);
#3008 = B_SPLINE_CURVE_WITH_KNOTS('',1,(#3009,#3010),.UNSPECIFIED.,.F.,
  .F.,(2,2),(-7.554163056034,-6.145836943966),.PIECEWISE_BEZIER_KNOTS.);
#3009 = CARTESIAN_POINT('',(46.4,2.404163056034));
#3010 = CARTESIAN_POINT('',(46.4,0.995836943966));
#3011 = ( GEOMETRIC_REPRESENTATION_CONTEXT(2) 
PARAMETRIC_REPRESENTATION_CONTEXT() REPRESENTATION_CONTEXT('2D SPACE',''
  ) );
#3012 = ORIENTED_EDGE('',*,*,#3013,.F.);
#3013 = EDGE_CURVE('',#3014,#2993,#3016,.T.);
#3014 = VERTEX_POINT('',#3015);
#3015 = CARTESIAN_POINT('',(21.45,1.249303037601,8.154860018433));
#3016 = SURFACE_CURVE('',#3017,(#3021,#3027),.PCURVE_S1.);
#3017 = LINE('',#3018,#3019);
#3018 = CARTESIAN_POINT('',(21.45,4.553122292026,4.851040764009));
#3019 = VECTOR('',#3020,1.);
#3020 = DIRECTION('',(0.,-0.707106781187,0.707106781187));
#3021 = PCURVE('',#658,#3022);
#3022 = DEFINITIONAL_REPRESENTATION('',(#3023),#3026);
#3023 = B_SPLINE_CURVE_WITH_KNOTS('',1,(#3024,#3025),.UNSPECIFIED.,.F.,
  .F.,(2,2),(4.034924240492,5.44325035256),.PIECEWISE_BEZIER_KNOTS.);
#3024 = CARTESIAN_POINT('',(23.704163056034,-13.7));
#3025 = CARTESIAN_POINT('',(24.7,-12.70416305603));
#3026 = ( GEOMETRIC_REPRESENTATION_CONTEXT(2) 
PARAMETRIC_REPRESENTATION_CONTEXT() REPRESENTATION_CONTEXT('2D SPACE',''
  ) );
#3027 = PCURVE('',#2425,#3028);
#3028 = DEFINITIONAL_REPRESENTATION('',(#3029),#3032);
#3029 = B_SPLINE_CURVE_WITH_KNOTS('',1,(#3030,#3031),.UNSPECIFIED.,.F.,
  .F.,(2,2),(4.034924240492,5.44325035256),.PIECEWISE_BEZIER_KNOTS.);
#3030 = CARTESIAN_POINT('',(0.995836943966,46.4));
#3031 = CARTESIAN_POINT('',(2.404163056034,46.4));
#3032 = ( GEOMETRIC_REPRESENTATION_CONTEXT(2) 
PARAMETRIC_REPRESENTATION_CONTEXT() REPRESENTATION_CONTEXT('2D SPACE',''
  ) );
#3033 = ORIENTED_EDGE('',*,*,#3034,.F.);
#3034 = EDGE_CURVE('',#3035,#3014,#3037,.T.);
#3035 = VERTEX_POINT('',#3036);
#3036 = CARTESIAN_POINT('',(21.45,8.154860018433,1.249303037601));
#3037 = SURFACE_CURVE('',#3038,(#3043,#3050),.PCURVE_S1.);
#3038 = CIRCLE('',#3039,8.25);
#3039 = AXIS2_PLACEMENT_3D('',#3040,#3041,#3042);
#3040 = CARTESIAN_POINT('',(21.45,0.,1.110223024625E-16));
#3041 = DIRECTION('',(1.,0.,-0.));
#3042 = DIRECTION('',(0.,0.988467881022,0.151430671224));
#3043 = PCURVE('',#658,#3044);
#3044 = DEFINITIONAL_REPRESENTATION('',(#3045),#3049);
#3045 = CIRCLE('',#3046,8.25);
#3046 = AXIS2_PLACEMENT_2D('',#3047,#3048);
#3047 = CARTESIAN_POINT('',(16.,-12.));
#3048 = DIRECTION('',(0.151430671224,-0.988467881022));
#3049 = ( GEOMETRIC_REPRESENTATION_CONTEXT(2) 
PARAMETRIC_REPRESENTATION_CONTEXT() REPRESENTATION_CONTEXT('2D SPACE',''
  ) );
#3050 = PCURVE('',#3051,#3056);
#3051 = CYLINDRICAL_SURFACE('',#3052,8.25);
#3052 = AXIS2_PLACEMENT_3D('',#3053,#3054,#3055);
#3053 = CARTESIAN_POINT('',(20.45,0.,-1.110223024625E-16));
#3054 = DIRECTION('',(1.,0.,2.22044604925E-16));
#3055 = DIRECTION('',(2.22044604925E-16,0.,-1.));
#3056 = DEFINITIONAL_REPRESENTATION('',(#3057),#3061);
#3057 = LINE('',#3058,#3059);
#3058 = CARTESIAN_POINT('',(1.722811802028,1.));
#3059 = VECTOR('',#3060,1.);
#3060 = DIRECTION('',(1.,0.));
#3061 = ( GEOMETRIC_REPRESENTATION_CONTEXT(2) 
PARAMETRIC_REPRESENTATION_CONTEXT() REPRESENTATION_CONTEXT('2D SPACE',''
  ) );
#3062 = ORIENTED_EDGE('',*,*,#3063,.F.);
#3063 = EDGE_CURVE('',#3064,#3035,#3066,.T.);
#3064 = VERTEX_POINT('',#3065);
#3065 = CARTESIAN_POINT('',(21.45,8.7,0.704163056034));
#3066 = SURFACE_CURVE('',#3067,(#3071,#3077),.PCURVE_S1.);
#3067 = LINE('',#3068,#3069);
#3068 = CARTESIAN_POINT('',(21.45,8.053122292026,1.351040764009));
#3069 = VECTOR('',#3070,1.);
#3070 = DIRECTION('',(0.,-0.707106781187,0.707106781187));
#3071 = PCURVE('',#658,#3072);
#3072 = DEFINITIONAL_REPRESENTATION('',(#3073),#3076);
#3073 = B_SPLINE_CURVE_WITH_KNOTS('',1,(#3074,#3075),.UNSPECIFIED.,.F.,
  .F.,(2,2),(-0.914823227814,0.493502884254),.PIECEWISE_BEZIER_KNOTS.);
#3074 = CARTESIAN_POINT('',(16.704163056034,-20.7));
#3075 = CARTESIAN_POINT('',(17.7,-19.70416305603));
#3076 = ( GEOMETRIC_REPRESENTATION_CONTEXT(2) 
PARAMETRIC_REPRESENTATION_CONTEXT() REPRESENTATION_CONTEXT('2D SPACE',''
  ) );
#3077 = PCURVE('',#2264,#3078);
#3078 = DEFINITIONAL_REPRESENTATION('',(#3079),#3082);
#3079 = B_SPLINE_CURVE_WITH_KNOTS('',1,(#3080,#3081),.UNSPECIFIED.,.F.,
  .F.,(2,2),(-0.914823227814,0.493502884254),.PIECEWISE_BEZIER_KNOTS.);
#3080 = CARTESIAN_POINT('',(0.995836943966,46.4));
#3081 = CARTESIAN_POINT('',(2.404163056034,46.4));
#3082 = ( GEOMETRIC_REPRESENTATION_CONTEXT(2) 
PARAMETRIC_REPRESENTATION_CONTEXT() REPRESENTATION_CONTEXT('2D SPACE',''
  ) );
#3083 = ORIENTED_EDGE('',*,*,#3084,.F.);
#3084 = EDGE_CURVE('',#2771,#3064,#3085,.T.);
#3085 = SURFACE_CURVE('',#3086,(#3090,#3096),.PCURVE_S1.);
#3086 = LINE('',#3087,#3088);
#3087 = CARTESIAN_POINT('',(21.45,8.7,-8.));
#3088 = VECTOR('',#3089,1.);
#3089 = DIRECTION('',(0.,-0.,1.));
#3090 = PCURVE('',#658,#3091);
#3091 = DEFINITIONAL_REPRESENTATION('',(#3092),#3095);
#3092 = B_SPLINE_CURVE_WITH_KNOTS('',1,(#3093,#3094),.UNSPECIFIED.,.F.,
  .F.,(2,2),(8.,8.704163056034),.PIECEWISE_BEZIER_KNOTS.);
#3093 = CARTESIAN_POINT('',(16.,-20.7));
#3094 = CARTESIAN_POINT('',(16.704163056034,-20.7));
#3095 = ( GEOMETRIC_REPRESENTATION_CONTEXT(2) 
PARAMETRIC_REPRESENTATION_CONTEXT() REPRESENTATION_CONTEXT('2D SPACE',''
  ) );
#3096 = PCURVE('',#2288,#3097);
#3097 = DEFINITIONAL_REPRESENTATION('',(#3098),#3101);
#3098 = B_SPLINE_CURVE_WITH_KNOTS('',1,(#3099,#3100),.UNSPECIFIED.,.F.,
  .F.,(2,2),(8.,8.704163056034),.PIECEWISE_BEZIER_KNOTS.);
#3099 = CARTESIAN_POINT('',(0.,46.4));
#3100 = CARTESIAN_POINT('',(0.704163056034,46.4));
#3101 = ( GEOMETRIC_REPRESENTATION_CONTEXT(2) 
PARAMETRIC_REPRESENTATION_CONTEXT() REPRESENTATION_CONTEXT('2D SPACE',''
  ) );
#3102 = ADVANCED_FACE('',(#3103),#630,.F.);
#3103 = FACE_BOUND('',#3104,.F.);
#3104 = EDGE_LOOP('',(#3105,#3106,#3107,#3128));
#3105 = ORIENTED_EDGE('',*,*,#614,.F.);
#3106 = ORIENTED_EDGE('',*,*,#2698,.T.);
#3107 = ORIENTED_EDGE('',*,*,#3108,.T.);
#3108 = EDGE_CURVE('',#2674,#1897,#3109,.T.);
#3109 = SURFACE_CURVE('',#3110,(#3114,#3121),.PCURVE_S1.);
#3110 = LINE('',#3111,#3112);
#3111 = CARTESIAN_POINT('',(21.45,-12.,0.));
#3112 = VECTOR('',#3113,1.);
#3113 = DIRECTION('',(1.,0.,-0.));
#3114 = PCURVE('',#630,#3115);
#3115 = DEFINITIONAL_REPRESENTATION('',(#3116),#3120);
#3116 = LINE('',#3117,#3118);
#3117 = CARTESIAN_POINT('',(16.,0.));
#3118 = VECTOR('',#3119,1.);
#3119 = DIRECTION('',(0.,1.));
#3120 = ( GEOMETRIC_REPRESENTATION_CONTEXT(2) 
PARAMETRIC_REPRESENTATION_CONTEXT() REPRESENTATION_CONTEXT('2D SPACE',''
  ) );
#3121 = PCURVE('',#1912,#3122);
#3122 = DEFINITIONAL_REPRESENTATION('',(#3123),#3127);
#3123 = LINE('',#3124,#3125);
#3124 = CARTESIAN_POINT('',(0.,0.));
#3125 = VECTOR('',#3126,1.);
#3126 = DIRECTION('',(1.,0.));
#3127 = ( GEOMETRIC_REPRESENTATION_CONTEXT(2) 
PARAMETRIC_REPRESENTATION_CONTEXT() REPRESENTATION_CONTEXT('2D SPACE',''
  ) );
#3128 = ORIENTED_EDGE('',*,*,#1924,.F.);
#3129 = ADVANCED_FACE('',(#3130),#534,.T.);
#3130 = FACE_BOUND('',#3131,.T.);
#3131 = EDGE_LOOP('',(#3132,#3133,#3134,#3135,#3136,#3137,#3138,#3160,
    #3161,#3162,#3184));
#3132 = ORIENTED_EDGE('',*,*,#874,.F.);
#3133 = ORIENTED_EDGE('',*,*,#848,.F.);
#3134 = ORIENTED_EDGE('',*,*,#518,.T.);
#3135 = ORIENTED_EDGE('',*,*,#1559,.T.);
#3136 = ORIENTED_EDGE('',*,*,#1509,.F.);
#3137 = ORIENTED_EDGE('',*,*,#1462,.F.);
#3138 = ORIENTED_EDGE('',*,*,#3139,.F.);
#3139 = EDGE_CURVE('',#1155,#1463,#3140,.T.);
#3140 = SURFACE_CURVE('',#3141,(#3146,#3153),.PCURVE_S1.);
#3141 = CIRCLE('',#3142,10.);
#3142 = AXIS2_PLACEMENT_3D('',#3143,#3144,#3145);
#3143 = CARTESIAN_POINT('',(-20.95,0.,-4.607425552194E-16));
#3144 = DIRECTION('',(1.,-0.,2.22044604925E-16));
#3145 = DIRECTION('',(2.22044604925E-16,0.,-1.));
#3146 = PCURVE('',#534,#3147);
#3147 = DEFINITIONAL_REPRESENTATION('',(#3148),#3152);
#3148 = CIRCLE('',#3149,10.);
#3149 = AXIS2_PLACEMENT_2D('',#3150,#3151);
#3150 = CARTESIAN_POINT('',(16.,-12.));
#3151 = DIRECTION('',(-1.,0.));
#3152 = ( GEOMETRIC_REPRESENTATION_CONTEXT(2) 
PARAMETRIC_REPRESENTATION_CONTEXT() REPRESENTATION_CONTEXT('2D SPACE',''
  ) );
#3153 = PCURVE('',#969,#3154);
#3154 = DEFINITIONAL_REPRESENTATION('',(#3155),#3159);
#3155 = LINE('',#3156,#3157);
#3156 = CARTESIAN_POINT('',(0.,3.));
#3157 = VECTOR('',#3158,1.);
#3158 = DIRECTION('',(1.,0.));
#3159 = ( GEOMETRIC_REPRESENTATION_CONTEXT(2) 
PARAMETRIC_REPRESENTATION_CONTEXT() REPRESENTATION_CONTEXT('2D SPACE',''
  ) );
#3160 = ORIENTED_EDGE('',*,*,#1175,.F.);
#3161 = ORIENTED_EDGE('',*,*,#1267,.F.);
#3162 = ORIENTED_EDGE('',*,*,#3163,.F.);
#3163 = EDGE_CURVE('',#1010,#1268,#3164,.T.);
#3164 = SURFACE_CURVE('',#3165,(#3170,#3177),.PCURVE_S1.);
#3165 = CIRCLE('',#3166,10.);
#3166 = AXIS2_PLACEMENT_3D('',#3167,#3168,#3169);
#3167 = CARTESIAN_POINT('',(-20.95,0.,-4.607425552194E-16));
#3168 = DIRECTION('',(1.,-0.,2.22044604925E-16));
#3169 = DIRECTION('',(2.22044604925E-16,0.,-1.));
#3170 = PCURVE('',#534,#3171);
#3171 = DEFINITIONAL_REPRESENTATION('',(#3172),#3176);
#3172 = CIRCLE('',#3173,10.);
#3173 = AXIS2_PLACEMENT_2D('',#3174,#3175);
#3174 = CARTESIAN_POINT('',(16.,-12.));
#3175 = DIRECTION('',(-1.,0.));
#3176 = ( GEOMETRIC_REPRESENTATION_CONTEXT(2) 
PARAMETRIC_REPRESENTATION_CONTEXT() REPRESENTATION_CONTEXT('2D SPACE',''
  ) );
#3177 = PCURVE('',#969,#3178);
#3178 = DEFINITIONAL_REPRESENTATION('',(#3179),#3183);
#3179 = LINE('',#3180,#3181);
#3180 = CARTESIAN_POINT('',(0.,3.));
#3181 = VECTOR('',#3182,1.);
#3182 = DIRECTION('',(1.,0.));
#3183 = ( GEOMETRIC_REPRESENTATION_CONTEXT(2) 
PARAMETRIC_REPRESENTATION_CONTEXT() REPRESENTATION_CONTEXT('2D SPACE',''
  ) );
#3184 = ORIENTED_EDGE('',*,*,#1030,.F.);
#3185 = ADVANCED_FACE('',(#3186),#715,.F.);
#3186 = FACE_BOUND('',#3187,.F.);
#3187 = EDGE_LOOP('',(#3188,#3189,#3210,#3211));
#3188 = ORIENTED_EDGE('',*,*,#698,.F.);
#3189 = ORIENTED_EDGE('',*,*,#3190,.F.);
#3190 = EDGE_CURVE('',#1681,#699,#3191,.T.);
#3191 = SEAM_CURVE('',#3192,(#3196,#3203),.PCURVE_S1.);
#3192 = LINE('',#3193,#3194);
#3193 = CARTESIAN_POINT('',(-8.3,-10.,-21.));
#3194 = VECTOR('',#3195,1.);
#3195 = DIRECTION('',(0.,0.,1.));
#3196 = PCURVE('',#715,#3197);
#3197 = DEFINITIONAL_REPRESENTATION('',(#3198),#3202);
#3198 = LINE('',#3199,#3200);
#3199 = CARTESIAN_POINT('',(6.28318530718,-0.));
#3200 = VECTOR('',#3201,1.);
#3201 = DIRECTION('',(0.,1.));
#3202 = ( GEOMETRIC_REPRESENTATION_CONTEXT(2) 
PARAMETRIC_REPRESENTATION_CONTEXT() REPRESENTATION_CONTEXT('2D SPACE',''
  ) );
#3203 = PCURVE('',#715,#3204);
#3204 = DEFINITIONAL_REPRESENTATION('',(#3205),#3209);
#3205 = LINE('',#3206,#3207);
#3206 = CARTESIAN_POINT('',(0.,-0.));
#3207 = VECTOR('',#3208,1.);
#3208 = DIRECTION('',(0.,1.));
#3209 = ( GEOMETRIC_REPRESENTATION_CONTEXT(2) 
PARAMETRIC_REPRESENTATION_CONTEXT() REPRESENTATION_CONTEXT('2D SPACE',''
  ) );
#3210 = ORIENTED_EDGE('',*,*,#1680,.T.);
#3211 = ORIENTED_EDGE('',*,*,#3190,.T.);
#3212 = ADVANCED_FACE('',(#3213),#746,.F.);
#3213 = FACE_BOUND('',#3214,.F.);
#3214 = EDGE_LOOP('',(#3215,#3216,#3237,#3238));
#3215 = ORIENTED_EDGE('',*,*,#729,.F.);
#3216 = ORIENTED_EDGE('',*,*,#3217,.F.);
#3217 = EDGE_CURVE('',#1707,#730,#3218,.T.);
#3218 = SEAM_CURVE('',#3219,(#3223,#3230),.PCURVE_S1.);
#3219 = LINE('',#3220,#3221);
#3220 = CARTESIAN_POINT('',(11.7,-10.,-21.));
#3221 = VECTOR('',#3222,1.);
#3222 = DIRECTION('',(0.,0.,1.));
#3223 = PCURVE('',#746,#3224);
#3224 = DEFINITIONAL_REPRESENTATION('',(#3225),#3229);
#3225 = LINE('',#3226,#3227);
#3226 = CARTESIAN_POINT('',(6.28318530718,-0.));
#3227 = VECTOR('',#3228,1.);
#3228 = DIRECTION('',(0.,1.));
#3229 = ( GEOMETRIC_REPRESENTATION_CONTEXT(2) 
PARAMETRIC_REPRESENTATION_CONTEXT() REPRESENTATION_CONTEXT('2D SPACE',''
  ) );
#3230 = PCURVE('',#746,#3231);
#3231 = DEFINITIONAL_REPRESENTATION('',(#3232),#3236);
#3232 = LINE('',#3233,#3234);
#3233 = CARTESIAN_POINT('',(0.,-0.));
#3234 = VECTOR('',#3235,1.);
#3235 = DIRECTION('',(0.,1.));
#3236 = ( GEOMETRIC_REPRESENTATION_CONTEXT(2) 
PARAMETRIC_REPRESENTATION_CONTEXT() REPRESENTATION_CONTEXT('2D SPACE',''
  ) );
#3237 = ORIENTED_EDGE('',*,*,#1706,.T.);
#3238 = ORIENTED_EDGE('',*,*,#3217,.T.);
#3239 = ADVANCED_FACE('',(#3240),#777,.F.);
#3240 = FACE_BOUND('',#3241,.F.);
#3241 = EDGE_LOOP('',(#3242,#3243,#3264,#3265));
#3242 = ORIENTED_EDGE('',*,*,#760,.F.);
#3243 = ORIENTED_EDGE('',*,*,#3244,.F.);
#3244 = EDGE_CURVE('',#1733,#761,#3245,.T.);
#3245 = SEAM_CURVE('',#3246,(#3250,#3257),.PCURVE_S1.);
#3246 = LINE('',#3247,#3248);
#3247 = CARTESIAN_POINT('',(-8.3,10.,-21.));
#3248 = VECTOR('',#3249,1.);
#3249 = DIRECTION('',(0.,0.,1.));
#3250 = PCURVE('',#777,#3251);
#3251 = DEFINITIONAL_REPRESENTATION('',(#3252),#3256);
#3252 = LINE('',#3253,#3254);
#3253 = CARTESIAN_POINT('',(6.28318530718,-0.));
#3254 = VECTOR('',#3255,1.);
#3255 = DIRECTION('',(0.,1.));
#3256 = ( GEOMETRIC_REPRESENTATION_CONTEXT(2) 
PARAMETRIC_REPRESENTATION_CONTEXT() REPRESENTATION_CONTEXT('2D SPACE',''
  ) );
#3257 = PCURVE('',#777,#3258);
#3258 = DEFINITIONAL_REPRESENTATION('',(#3259),#3263);
#3259 = LINE('',#3260,#3261);
#3260 = CARTESIAN_POINT('',(0.,-0.));
#3261 = VECTOR('',#3262,1.);
#3262 = DIRECTION('',(0.,1.));
#3263 = ( GEOMETRIC_REPRESENTATION_CONTEXT(2) 
PARAMETRIC_REPRESENTATION_CONTEXT() REPRESENTATION_CONTEXT('2D SPACE',''
  ) );
#3264 = ORIENTED_EDGE('',*,*,#1732,.T.);
#3265 = ORIENTED_EDGE('',*,*,#3244,.T.);
#3266 = ADVANCED_FACE('',(#3267),#808,.F.);
#3267 = FACE_BOUND('',#3268,.F.);
#3268 = EDGE_LOOP('',(#3269,#3270,#3291,#3292));
#3269 = ORIENTED_EDGE('',*,*,#791,.F.);
#3270 = ORIENTED_EDGE('',*,*,#3271,.F.);
#3271 = EDGE_CURVE('',#1759,#792,#3272,.T.);
#3272 = SEAM_CURVE('',#3273,(#3277,#3284),.PCURVE_S1.);
#3273 = LINE('',#3274,#3275);
#3274 = CARTESIAN_POINT('',(11.7,10.,-21.));
#3275 = VECTOR('',#3276,1.);
#3276 = DIRECTION('',(0.,0.,1.));
#3277 = PCURVE('',#808,#3278);
#3278 = DEFINITIONAL_REPRESENTATION('',(#3279),#3283);
#3279 = LINE('',#3280,#3281);
#3280 = CARTESIAN_POINT('',(6.28318530718,-0.));
#3281 = VECTOR('',#3282,1.);
#3282 = DIRECTION('',(0.,1.));
#3283 = ( GEOMETRIC_REPRESENTATION_CONTEXT(2) 
PARAMETRIC_REPRESENTATION_CONTEXT() REPRESENTATION_CONTEXT('2D SPACE',''
  ) );
#3284 = PCURVE('',#808,#3285);
#3285 = DEFINITIONAL_REPRESENTATION('',(#3286),#3290);
#3286 = LINE('',#3287,#3288);
#3287 = CARTESIAN_POINT('',(0.,-0.));
#3288 = VECTOR('',#3289,1.);
#3289 = DIRECTION('',(0.,1.));
#3290 = ( GEOMETRIC_REPRESENTATION_CONTEXT(2) 
PARAMETRIC_REPRESENTATION_CONTEXT() REPRESENTATION_CONTEXT('2D SPACE',''
  ) );
#3291 = ORIENTED_EDGE('',*,*,#1758,.T.);
#3292 = ORIENTED_EDGE('',*,*,#3271,.T.);
#3293 = ADVANCED_FACE('',(#3294,#3376),#938,.F.);
#3294 = FACE_BOUND('',#3295,.F.);
#3295 = EDGE_LOOP('',(#3296,#3320,#3321,#3322,#3323,#3324,#3325,#3349));
#3296 = ORIENTED_EDGE('',*,*,#3297,.T.);
#3297 = EDGE_CURVE('',#3298,#920,#3300,.T.);
#3298 = VERTEX_POINT('',#3299);
#3299 = CARTESIAN_POINT('',(-22.6,-0.932485979541,9.956428571429));
#3300 = SURFACE_CURVE('',#3301,(#3306,#3313),.PCURVE_S1.);
#3301 = CIRCLE('',#3302,10.);
#3302 = AXIS2_PLACEMENT_3D('',#3303,#3304,#3305);
#3303 = CARTESIAN_POINT('',(-22.6,0.,1.498801083244E-16));
#3304 = DIRECTION('',(1.,-0.,2.22044604925E-16));
#3305 = DIRECTION('',(2.22044604925E-16,0.,-1.));
#3306 = PCURVE('',#938,#3307);
#3307 = DEFINITIONAL_REPRESENTATION('',(#3308),#3312);
#3308 = CIRCLE('',#3309,10.);
#3309 = AXIS2_PLACEMENT_2D('',#3310,#3311);
#3310 = CARTESIAN_POINT('',(0.,0.));
#3311 = DIRECTION('',(1.,0.));
#3312 = ( GEOMETRIC_REPRESENTATION_CONTEXT(2) 
PARAMETRIC_REPRESENTATION_CONTEXT() REPRESENTATION_CONTEXT('2D SPACE',''
  ) );
#3313 = PCURVE('',#969,#3314);
#3314 = DEFINITIONAL_REPRESENTATION('',(#3315),#3319);
#3315 = LINE('',#3316,#3317);
#3316 = CARTESIAN_POINT('',(0.,1.35));
#3317 = VECTOR('',#3318,1.);
#3318 = DIRECTION('',(1.,0.));
#3319 = ( GEOMETRIC_REPRESENTATION_CONTEXT(2) 
PARAMETRIC_REPRESENTATION_CONTEXT() REPRESENTATION_CONTEXT('2D SPACE',''
  ) );
#3320 = ORIENTED_EDGE('',*,*,#919,.T.);
#3321 = ORIENTED_EDGE('',*,*,#1098,.T.);
#3322 = ORIENTED_EDGE('',*,*,#1242,.F.);
#3323 = ORIENTED_EDGE('',*,*,#1336,.T.);
#3324 = ORIENTED_EDGE('',*,*,#1413,.T.);
#3325 = ORIENTED_EDGE('',*,*,#3326,.T.);
#3326 = EDGE_CURVE('',#1393,#3327,#3329,.T.);
#3327 = VERTEX_POINT('',#3328);
#3328 = CARTESIAN_POINT('',(-22.6,0.932485979541,9.956428571429));
#3329 = SURFACE_CURVE('',#3330,(#3335,#3342),.PCURVE_S1.);
#3330 = CIRCLE('',#3331,10.);
#3331 = AXIS2_PLACEMENT_3D('',#3332,#3333,#3334);
#3332 = CARTESIAN_POINT('',(-22.6,0.,1.498801083244E-16));
#3333 = DIRECTION('',(1.,-0.,2.22044604925E-16));
#3334 = DIRECTION('',(2.22044604925E-16,0.,-1.));
#3335 = PCURVE('',#938,#3336);
#3336 = DEFINITIONAL_REPRESENTATION('',(#3337),#3341);
#3337 = CIRCLE('',#3338,10.);
#3338 = AXIS2_PLACEMENT_2D('',#3339,#3340);
#3339 = CARTESIAN_POINT('',(0.,0.));
#3340 = DIRECTION('',(1.,0.));
#3341 = ( GEOMETRIC_REPRESENTATION_CONTEXT(2) 
PARAMETRIC_REPRESENTATION_CONTEXT() REPRESENTATION_CONTEXT('2D SPACE',''
  ) );
#3342 = PCURVE('',#969,#3343);
#3343 = DEFINITIONAL_REPRESENTATION('',(#3344),#3348);
#3344 = LINE('',#3345,#3346);
#3345 = CARTESIAN_POINT('',(0.,1.35));
#3346 = VECTOR('',#3347,1.);
#3347 = DIRECTION('',(1.,0.));
#3348 = ( GEOMETRIC_REPRESENTATION_CONTEXT(2) 
PARAMETRIC_REPRESENTATION_CONTEXT() REPRESENTATION_CONTEXT('2D SPACE',''
  ) );
#3349 = ORIENTED_EDGE('',*,*,#3350,.F.);
#3350 = EDGE_CURVE('',#3298,#3327,#3351,.T.);
#3351 = SURFACE_CURVE('',#3352,(#3357,#3364),.PCURVE_S1.);
#3352 = CIRCLE('',#3353,3.1);
#3353 = AXIS2_PLACEMENT_3D('',#3354,#3355,#3356);
#3354 = CARTESIAN_POINT('',(-22.6,0.,7.));
#3355 = DIRECTION('',(1.,-1.764510411958E-16,1.146036670581E-15));
#3356 = DIRECTION('',(-1.146036670581E-15,-0.300801928884,0.953686635945
    ));
#3357 = PCURVE('',#938,#3358);
#3358 = DEFINITIONAL_REPRESENTATION('',(#3359),#3363);
#3359 = CIRCLE('',#3360,3.1);
#3360 = AXIS2_PLACEMENT_2D('',#3361,#3362);
#3361 = CARTESIAN_POINT('',(-7.,0.));
#3362 = DIRECTION('',(-0.953686635945,-0.300801928884));
#3363 = ( GEOMETRIC_REPRESENTATION_CONTEXT(2) 
PARAMETRIC_REPRESENTATION_CONTEXT() REPRESENTATION_CONTEXT('2D SPACE',''
  ) );
#3364 = PCURVE('',#3365,#3370);
#3365 = CYLINDRICAL_SURFACE('',#3366,3.1);
#3366 = AXIS2_PLACEMENT_3D('',#3367,#3368,#3369);
#3367 = CARTESIAN_POINT('',(-24.95,0.,7.));
#3368 = DIRECTION('',(1.,0.,2.22044604925E-16));
#3369 = DIRECTION('',(2.22044604925E-16,0.,-1.));
#3370 = DEFINITIONAL_REPRESENTATION('',(#3371),#3375);
#3371 = LINE('',#3372,#3373);
#3372 = CARTESIAN_POINT('',(3.447126068745,2.35));
#3373 = VECTOR('',#3374,1.);
#3374 = DIRECTION('',(1.,0.));
#3375 = ( GEOMETRIC_REPRESENTATION_CONTEXT(2) 
PARAMETRIC_REPRESENTATION_CONTEXT() REPRESENTATION_CONTEXT('2D SPACE',''
  ) );
#3376 = FACE_BOUND('',#3377,.F.);
#3377 = EDGE_LOOP('',(#3378));
#3378 = ORIENTED_EDGE('',*,*,#3379,.F.);
#3379 = EDGE_CURVE('',#3380,#3380,#3382,.T.);
#3380 = VERTEX_POINT('',#3381);
#3381 = CARTESIAN_POINT('',(-22.6,-9.184850993605E-16,-3.75));
#3382 = SURFACE_CURVE('',#3383,(#3388,#3395),.PCURVE_S1.);
#3383 = CIRCLE('',#3384,3.75);
#3384 = AXIS2_PLACEMENT_3D('',#3385,#3386,#3387);
#3385 = CARTESIAN_POINT('',(-22.6,0.,-6.994405055138E-16));
#3386 = DIRECTION('',(1.,0.,2.22044604925E-16));
#3387 = DIRECTION('',(2.22044604925E-16,0.,-1.));
#3388 = PCURVE('',#938,#3389);
#3389 = DEFINITIONAL_REPRESENTATION('',(#3390),#3394);
#3390 = CIRCLE('',#3391,3.75);
#3391 = AXIS2_PLACEMENT_2D('',#3392,#3393);
#3392 = CARTESIAN_POINT('',(8.493206138382E-16,0.));
#3393 = DIRECTION('',(1.,0.));
#3394 = ( GEOMETRIC_REPRESENTATION_CONTEXT(2) 
PARAMETRIC_REPRESENTATION_CONTEXT() REPRESENTATION_CONTEXT('2D SPACE',''
  ) );
#3395 = PCURVE('',#3396,#3401);
#3396 = CYLINDRICAL_SURFACE('',#3397,3.75);
#3397 = AXIS2_PLACEMENT_3D('',#3398,#3399,#3400);
#3398 = CARTESIAN_POINT('',(-22.8,0.,-7.438494264989E-16));
#3399 = DIRECTION('',(1.,0.,2.22044604925E-16));
#3400 = DIRECTION('',(2.22044604925E-16,0.,-1.));
#3401 = DEFINITIONAL_REPRESENTATION('',(#3402),#3406);
#3402 = LINE('',#3403,#3404);
#3403 = CARTESIAN_POINT('',(0.,0.2));
#3404 = VECTOR('',#3405,1.);
#3405 = DIRECTION('',(1.,0.));
#3406 = ( GEOMETRIC_REPRESENTATION_CONTEXT(2) 
PARAMETRIC_REPRESENTATION_CONTEXT() REPRESENTATION_CONTEXT('2D SPACE',''
  ) );
#3407 = ADVANCED_FACE('',(#3408),#969,.T.);
#3408 = FACE_BOUND('',#3409,.T.);
#3409 = EDGE_LOOP('',(#3410,#3411,#3412,#3433,#3462,#3481,#3482,#3483,
    #3505,#3506,#3507,#3508,#3532,#3555,#3582,#3583,#3605,#3606,#3607,
    #3608));
#3410 = ORIENTED_EDGE('',*,*,#1392,.F.);
#3411 = ORIENTED_EDGE('',*,*,#3326,.T.);
#3412 = ORIENTED_EDGE('',*,*,#3413,.T.);
#3413 = EDGE_CURVE('',#3327,#3414,#3416,.T.);
#3414 = VERTEX_POINT('',#3415);
#3415 = CARTESIAN_POINT('',(-20.7,0.932485979541,9.956428571429));
#3416 = SURFACE_CURVE('',#3417,(#3421,#3427),.PCURVE_S1.);
#3417 = LINE('',#3418,#3419);
#3418 = CARTESIAN_POINT('',(-23.95,0.932485979541,9.956428571429));
#3419 = VECTOR('',#3420,1.);
#3420 = DIRECTION('',(1.,0.,2.22044604925E-16));
#3421 = PCURVE('',#969,#3422);
#3422 = DEFINITIONAL_REPRESENTATION('',(#3423),#3426);
#3423 = B_SPLINE_CURVE_WITH_KNOTS('',1,(#3424,#3425),.UNSPECIFIED.,.F.,
  .F.,(2,2),(1.3499994,3.2500006),.PIECEWISE_BEZIER_KNOTS.);
#3424 = CARTESIAN_POINT('',(3.048208386667,1.3499994));
#3425 = CARTESIAN_POINT('',(3.048208386667,3.2500006));
#3426 = ( GEOMETRIC_REPRESENTATION_CONTEXT(2) 
PARAMETRIC_REPRESENTATION_CONTEXT() REPRESENTATION_CONTEXT('2D SPACE',''
  ) );
#3427 = PCURVE('',#3365,#3428);
#3428 = DEFINITIONAL_REPRESENTATION('',(#3429),#3432);
#3429 = B_SPLINE_CURVE_WITH_KNOTS('',1,(#3430,#3431),.UNSPECIFIED.,.F.,
  .F.,(2,2),(1.35,3.25),.PIECEWISE_BEZIER_KNOTS.);
#3430 = CARTESIAN_POINT('',(9.119244545614,2.35));
#3431 = CARTESIAN_POINT('',(9.119244545614,4.25));
#3432 = ( GEOMETRIC_REPRESENTATION_CONTEXT(2) 
PARAMETRIC_REPRESENTATION_CONTEXT() REPRESENTATION_CONTEXT('2D SPACE',''
  ) );
#3433 = ORIENTED_EDGE('',*,*,#3434,.T.);
#3434 = EDGE_CURVE('',#3414,#3435,#3437,.T.);
#3435 = VERTEX_POINT('',#3436);
#3436 = CARTESIAN_POINT('',(-20.7,-0.932485979541,9.956428571429));
#3437 = SURFACE_CURVE('',#3438,(#3443,#3450),.PCURVE_S1.);
#3438 = CIRCLE('',#3439,10.);
#3439 = AXIS2_PLACEMENT_3D('',#3440,#3441,#3442);
#3440 = CARTESIAN_POINT('',(-20.7,0.,3.885780586188E-16));
#3441 = DIRECTION('',(1.,0.,2.22044604925E-16));
#3442 = DIRECTION('',(2.22044604925E-16,0.,-1.));
#3443 = PCURVE('',#969,#3444);
#3444 = DEFINITIONAL_REPRESENTATION('',(#3445),#3449);
#3445 = LINE('',#3446,#3447);
#3446 = CARTESIAN_POINT('',(0.,3.25));
#3447 = VECTOR('',#3448,1.);
#3448 = DIRECTION('',(1.,0.));
#3449 = ( GEOMETRIC_REPRESENTATION_CONTEXT(2) 
PARAMETRIC_REPRESENTATION_CONTEXT() REPRESENTATION_CONTEXT('2D SPACE',''
  ) );
#3450 = PCURVE('',#3451,#3456);
#3451 = PLANE('',#3452);
#3452 = AXIS2_PLACEMENT_3D('',#3453,#3454,#3455);
#3453 = CARTESIAN_POINT('',(-20.7,0.,7.));
#3454 = DIRECTION('',(1.,0.,2.22044604925E-16));
#3455 = DIRECTION('',(2.22044604925E-16,0.,-1.));
#3456 = DEFINITIONAL_REPRESENTATION('',(#3457),#3461);
#3457 = CIRCLE('',#3458,10.);
#3458 = AXIS2_PLACEMENT_2D('',#3459,#3460);
#3459 = CARTESIAN_POINT('',(7.,0.));
#3460 = DIRECTION('',(1.,0.));
#3461 = ( GEOMETRIC_REPRESENTATION_CONTEXT(2) 
PARAMETRIC_REPRESENTATION_CONTEXT() REPRESENTATION_CONTEXT('2D SPACE',''
  ) );
#3462 = ORIENTED_EDGE('',*,*,#3463,.F.);
#3463 = EDGE_CURVE('',#3298,#3435,#3464,.T.);
#3464 = SURFACE_CURVE('',#3465,(#3469,#3475),.PCURVE_S1.);
#3465 = LINE('',#3466,#3467);
#3466 = CARTESIAN_POINT('',(-23.95,-0.932485979541,9.956428571429));
#3467 = VECTOR('',#3468,1.);
#3468 = DIRECTION('',(1.,0.,2.22044604925E-16));
#3469 = PCURVE('',#969,#3470);
#3470 = DEFINITIONAL_REPRESENTATION('',(#3471),#3474);
#3471 = B_SPLINE_CURVE_WITH_KNOTS('',1,(#3472,#3473),.UNSPECIFIED.,.F.,
  .F.,(2,2),(1.3499994,3.2500006),.PIECEWISE_BEZIER_KNOTS.);
#3472 = CARTESIAN_POINT('',(3.234976920513,1.3499994));
#3473 = CARTESIAN_POINT('',(3.234976920513,3.2500006));
#3474 = ( GEOMETRIC_REPRESENTATION_CONTEXT(2) 
PARAMETRIC_REPRESENTATION_CONTEXT() REPRESENTATION_CONTEXT('2D SPACE',''
  ) );
#3475 = PCURVE('',#3365,#3476);
#3476 = DEFINITIONAL_REPRESENTATION('',(#3477),#3480);
#3477 = B_SPLINE_CURVE_WITH_KNOTS('',1,(#3478,#3479),.UNSPECIFIED.,.F.,
  .F.,(2,2),(1.35,3.25),.PIECEWISE_BEZIER_KNOTS.);
#3478 = CARTESIAN_POINT('',(3.447126068745,2.35));
#3479 = CARTESIAN_POINT('',(3.447126068745,4.25));
#3480 = ( GEOMETRIC_REPRESENTATION_CONTEXT(2) 
PARAMETRIC_REPRESENTATION_CONTEXT() REPRESENTATION_CONTEXT('2D SPACE',''
  ) );
#3481 = ORIENTED_EDGE('',*,*,#3297,.T.);
#3482 = ORIENTED_EDGE('',*,*,#954,.T.);
#3483 = ORIENTED_EDGE('',*,*,#3484,.T.);
#3484 = EDGE_CURVE('',#955,#981,#3485,.T.);
#3485 = SURFACE_CURVE('',#3486,(#3491,#3498),.PCURVE_S1.);
#3486 = CIRCLE('',#3487,10.);
#3487 = AXIS2_PLACEMENT_3D('',#3488,#3489,#3490);
#3488 = CARTESIAN_POINT('',(-20.7,0.,3.885780586188E-16));
#3489 = DIRECTION('',(1.,0.,2.22044604925E-16));
#3490 = DIRECTION('',(2.22044604925E-16,0.,-1.));
#3491 = PCURVE('',#969,#3492);
#3492 = DEFINITIONAL_REPRESENTATION('',(#3493),#3497);
#3493 = LINE('',#3494,#3495);
#3494 = CARTESIAN_POINT('',(0.,3.25));
#3495 = VECTOR('',#3496,1.);
#3496 = DIRECTION('',(1.,0.));
#3497 = ( GEOMETRIC_REPRESENTATION_CONTEXT(2) 
PARAMETRIC_REPRESENTATION_CONTEXT() REPRESENTATION_CONTEXT('2D SPACE',''
  ) );
#3498 = PCURVE('',#997,#3499);
#3499 = DEFINITIONAL_REPRESENTATION('',(#3500),#3504);
#3500 = CIRCLE('',#3501,10.);
#3501 = AXIS2_PLACEMENT_2D('',#3502,#3503);
#3502 = CARTESIAN_POINT('',(8.326672684689E-17,7.));
#3503 = DIRECTION('',(1.,0.));
#3504 = ( GEOMETRIC_REPRESENTATION_CONTEXT(2) 
PARAMETRIC_REPRESENTATION_CONTEXT() REPRESENTATION_CONTEXT('2D SPACE',''
  ) );
#3505 = ORIENTED_EDGE('',*,*,#1009,.F.);
#3506 = ORIENTED_EDGE('',*,*,#3163,.T.);
#3507 = ORIENTED_EDGE('',*,*,#1291,.T.);
#3508 = ORIENTED_EDGE('',*,*,#3509,.T.);
#3509 = EDGE_CURVE('',#1126,#3510,#3512,.T.);
#3510 = VERTEX_POINT('',#3511);
#3511 = CARTESIAN_POINT('',(-20.7,-2.449293598295E-15,-10.));
#3512 = SURFACE_CURVE('',#3513,(#3518,#3525),.PCURVE_S1.);
#3513 = CIRCLE('',#3514,10.);
#3514 = AXIS2_PLACEMENT_3D('',#3515,#3516,#3517);
#3515 = CARTESIAN_POINT('',(-20.7,0.,3.885780586188E-16));
#3516 = DIRECTION('',(1.,0.,2.22044604925E-16));
#3517 = DIRECTION('',(2.22044604925E-16,0.,-1.));
#3518 = PCURVE('',#969,#3519);
#3519 = DEFINITIONAL_REPRESENTATION('',(#3520),#3524);
#3520 = LINE('',#3521,#3522);
#3521 = CARTESIAN_POINT('',(0.,3.25));
#3522 = VECTOR('',#3523,1.);
#3523 = DIRECTION('',(1.,0.));
#3524 = ( GEOMETRIC_REPRESENTATION_CONTEXT(2) 
PARAMETRIC_REPRESENTATION_CONTEXT() REPRESENTATION_CONTEXT('2D SPACE',''
  ) );
#3525 = PCURVE('',#1142,#3526);
#3526 = DEFINITIONAL_REPRESENTATION('',(#3527),#3531);
#3527 = CIRCLE('',#3528,10.);
#3528 = AXIS2_PLACEMENT_2D('',#3529,#3530);
#3529 = CARTESIAN_POINT('',(-7.,0.));
#3530 = DIRECTION('',(1.,0.));
#3531 = ( GEOMETRIC_REPRESENTATION_CONTEXT(2) 
PARAMETRIC_REPRESENTATION_CONTEXT() REPRESENTATION_CONTEXT('2D SPACE',''
  ) );
#3532 = ORIENTED_EDGE('',*,*,#3533,.T.);
#3533 = EDGE_CURVE('',#3510,#3534,#3536,.T.);
#3534 = VERTEX_POINT('',#3535);
#3535 = CARTESIAN_POINT('',(-16.8,-2.449293598295E-15,-10.));
#3536 = SEAM_CURVE('',#3537,(#3541,#3548),.PCURVE_S1.);
#3537 = LINE('',#3538,#3539);
#3538 = CARTESIAN_POINT('',(-20.95,-2.449293598295E-15,-10.));
#3539 = VECTOR('',#3540,1.);
#3540 = DIRECTION('',(1.,0.,2.22044604925E-16));
#3541 = PCURVE('',#969,#3542);
#3542 = DEFINITIONAL_REPRESENTATION('',(#3543),#3547);
#3543 = LINE('',#3544,#3545);
#3544 = CARTESIAN_POINT('',(0.,3.));
#3545 = VECTOR('',#3546,1.);
#3546 = DIRECTION('',(0.,1.));
#3547 = ( GEOMETRIC_REPRESENTATION_CONTEXT(2) 
PARAMETRIC_REPRESENTATION_CONTEXT() REPRESENTATION_CONTEXT('2D SPACE',''
  ) );
#3548 = PCURVE('',#969,#3549);
#3549 = DEFINITIONAL_REPRESENTATION('',(#3550),#3554);
#3550 = LINE('',#3551,#3552);
#3551 = CARTESIAN_POINT('',(6.28318530718,3.));
#3552 = VECTOR('',#3553,1.);
#3553 = DIRECTION('',(0.,1.));
#3554 = ( GEOMETRIC_REPRESENTATION_CONTEXT(2) 
PARAMETRIC_REPRESENTATION_CONTEXT() REPRESENTATION_CONTEXT('2D SPACE',''
  ) );
#3555 = ORIENTED_EDGE('',*,*,#3556,.F.);
#3556 = EDGE_CURVE('',#3534,#3534,#3557,.T.);
#3557 = SURFACE_CURVE('',#3558,(#3563,#3570),.PCURVE_S1.);
#3558 = CIRCLE('',#3559,10.);
#3559 = AXIS2_PLACEMENT_3D('',#3560,#3561,#3562);
#3560 = CARTESIAN_POINT('',(-16.8,0.,4.607425552194E-16));
#3561 = DIRECTION('',(1.,-0.,2.22044604925E-16));
#3562 = DIRECTION('',(2.22044604925E-16,0.,-1.));
#3563 = PCURVE('',#969,#3564);
#3564 = DEFINITIONAL_REPRESENTATION('',(#3565),#3569);
#3565 = LINE('',#3566,#3567);
#3566 = CARTESIAN_POINT('',(0.,7.15));
#3567 = VECTOR('',#3568,1.);
#3568 = DIRECTION('',(1.,0.));
#3569 = ( GEOMETRIC_REPRESENTATION_CONTEXT(2) 
PARAMETRIC_REPRESENTATION_CONTEXT() REPRESENTATION_CONTEXT('2D SPACE',''
  ) );
#3570 = PCURVE('',#3571,#3576);
#3571 = PLANE('',#3572);
#3572 = AXIS2_PLACEMENT_3D('',#3573,#3574,#3575);
#3573 = CARTESIAN_POINT('',(-16.8,0.,4.607425552194E-16));
#3574 = DIRECTION('',(1.,0.,2.22044604925E-16));
#3575 = DIRECTION('',(2.22044604925E-16,0.,-1.));
#3576 = DEFINITIONAL_REPRESENTATION('',(#3577),#3581);
#3577 = CIRCLE('',#3578,10.);
#3578 = AXIS2_PLACEMENT_2D('',#3579,#3580);
#3579 = CARTESIAN_POINT('',(0.,0.));
#3580 = DIRECTION('',(1.,0.));
#3581 = ( GEOMETRIC_REPRESENTATION_CONTEXT(2) 
PARAMETRIC_REPRESENTATION_CONTEXT() REPRESENTATION_CONTEXT('2D SPACE',''
  ) );
#3582 = ORIENTED_EDGE('',*,*,#3533,.F.);
#3583 = ORIENTED_EDGE('',*,*,#3584,.T.);
#3584 = EDGE_CURVE('',#3510,#1124,#3585,.T.);
#3585 = SURFACE_CURVE('',#3586,(#3591,#3598),.PCURVE_S1.);
#3586 = CIRCLE('',#3587,10.);
#3587 = AXIS2_PLACEMENT_3D('',#3588,#3589,#3590);
#3588 = CARTESIAN_POINT('',(-20.7,0.,3.885780586188E-16));
#3589 = DIRECTION('',(1.,0.,2.22044604925E-16));
#3590 = DIRECTION('',(2.22044604925E-16,0.,-1.));
#3591 = PCURVE('',#969,#3592);
#3592 = DEFINITIONAL_REPRESENTATION('',(#3593),#3597);
#3593 = LINE('',#3594,#3595);
#3594 = CARTESIAN_POINT('',(0.,3.25));
#3595 = VECTOR('',#3596,1.);
#3596 = DIRECTION('',(1.,0.));
#3597 = ( GEOMETRIC_REPRESENTATION_CONTEXT(2) 
PARAMETRIC_REPRESENTATION_CONTEXT() REPRESENTATION_CONTEXT('2D SPACE',''
  ) );
#3598 = PCURVE('',#1142,#3599);
#3599 = DEFINITIONAL_REPRESENTATION('',(#3600),#3604);
#3600 = CIRCLE('',#3601,10.);
#3601 = AXIS2_PLACEMENT_2D('',#3602,#3603);
#3602 = CARTESIAN_POINT('',(-7.,0.));
#3603 = DIRECTION('',(1.,0.));
#3604 = ( GEOMETRIC_REPRESENTATION_CONTEXT(2) 
PARAMETRIC_REPRESENTATION_CONTEXT() REPRESENTATION_CONTEXT('2D SPACE',''
  ) );
#3605 = ORIENTED_EDGE('',*,*,#1154,.F.);
#3606 = ORIENTED_EDGE('',*,*,#3139,.T.);
#3607 = ORIENTED_EDGE('',*,*,#1485,.T.);
#3608 = ORIENTED_EDGE('',*,*,#3609,.T.);
#3609 = EDGE_CURVE('',#1364,#1362,#3610,.T.);
#3610 = SURFACE_CURVE('',#3611,(#3616,#3623),.PCURVE_S1.);
#3611 = CIRCLE('',#3612,10.);
#3612 = AXIS2_PLACEMENT_3D('',#3613,#3614,#3615);
#3613 = CARTESIAN_POINT('',(-20.7,0.,3.885780586188E-16));
#3614 = DIRECTION('',(1.,0.,2.22044604925E-16));
#3615 = DIRECTION('',(2.22044604925E-16,0.,-1.));
#3616 = PCURVE('',#969,#3617);
#3617 = DEFINITIONAL_REPRESENTATION('',(#3618),#3622);
#3618 = LINE('',#3619,#3620);
#3619 = CARTESIAN_POINT('',(0.,3.25));
#3620 = VECTOR('',#3621,1.);
#3621 = DIRECTION('',(1.,0.));
#3622 = ( GEOMETRIC_REPRESENTATION_CONTEXT(2) 
PARAMETRIC_REPRESENTATION_CONTEXT() REPRESENTATION_CONTEXT('2D SPACE',''
  ) );
#3623 = PCURVE('',#1380,#3624);
#3624 = DEFINITIONAL_REPRESENTATION('',(#3625),#3629);
#3625 = CIRCLE('',#3626,10.);
#3626 = AXIS2_PLACEMENT_2D('',#3627,#3628);
#3627 = CARTESIAN_POINT('',(8.326672684689E-17,-7.));
#3628 = DIRECTION('',(1.,0.));
#3629 = ( GEOMETRIC_REPRESENTATION_CONTEXT(2) 
PARAMETRIC_REPRESENTATION_CONTEXT() REPRESENTATION_CONTEXT('2D SPACE',''
  ) );
#3630 = ADVANCED_FACE('',(#3631,#3635),#997,.F.);
#3631 = FACE_BOUND('',#3632,.F.);
#3632 = EDGE_LOOP('',(#3633,#3634));
#3633 = ORIENTED_EDGE('',*,*,#980,.T.);
#3634 = ORIENTED_EDGE('',*,*,#3484,.T.);
#3635 = FACE_BOUND('',#3636,.F.);
#3636 = EDGE_LOOP('',(#3637,#3668,#3694,#3720,#3746,#3772));
#3637 = ORIENTED_EDGE('',*,*,#3638,.F.);
#3638 = EDGE_CURVE('',#3639,#3641,#3643,.T.);
#3639 = VERTEX_POINT('',#3640);
#3640 = CARTESIAN_POINT('',(-20.7,-8.7,0.));
#3641 = VERTEX_POINT('',#3642);
#3642 = CARTESIAN_POINT('',(-20.7,-5.3,0.));
#3643 = SURFACE_CURVE('',#3644,(#3649,#3656),.PCURVE_S1.);
#3644 = CIRCLE('',#3645,1.7);
#3645 = AXIS2_PLACEMENT_3D('',#3646,#3647,#3648);
#3646 = CARTESIAN_POINT('',(-20.7,-7.,-4.651834473179E-15));
#3647 = DIRECTION('',(1.,0.,2.22044604925E-16));
#3648 = DIRECTION('',(2.22044604925E-16,0.,-1.));
#3649 = PCURVE('',#997,#3650);
#3650 = DEFINITIONAL_REPRESENTATION('',(#3651),#3655);
#3651 = CIRCLE('',#3652,1.7);
#3652 = AXIS2_PLACEMENT_2D('',#3653,#3654);
#3653 = CARTESIAN_POINT('',(5.123679258645E-15,0.));
#3654 = DIRECTION('',(1.,0.));
#3655 = ( GEOMETRIC_REPRESENTATION_CONTEXT(2) 
PARAMETRIC_REPRESENTATION_CONTEXT() REPRESENTATION_CONTEXT('2D SPACE',''
  ) );
#3656 = PCURVE('',#3657,#3662);
#3657 = CYLINDRICAL_SURFACE('',#3658,1.7);
#3658 = AXIS2_PLACEMENT_3D('',#3659,#3660,#3661);
#3659 = CARTESIAN_POINT('',(-24.95,-7.,-5.595524044111E-15));
#3660 = DIRECTION('',(1.,0.,2.22044604925E-16));
#3661 = DIRECTION('',(2.22044604925E-16,0.,-1.));
#3662 = DEFINITIONAL_REPRESENTATION('',(#3663),#3667);
#3663 = LINE('',#3664,#3665);
#3664 = CARTESIAN_POINT('',(0.,4.25));
#3665 = VECTOR('',#3666,1.);
#3666 = DIRECTION('',(1.,0.));
#3667 = ( GEOMETRIC_REPRESENTATION_CONTEXT(2) 
PARAMETRIC_REPRESENTATION_CONTEXT() REPRESENTATION_CONTEXT('2D SPACE',''
  ) );
#3668 = ORIENTED_EDGE('',*,*,#3669,.T.);
#3669 = EDGE_CURVE('',#3639,#3670,#3672,.T.);
#3670 = VERTEX_POINT('',#3671);
#3671 = CARTESIAN_POINT('',(-20.7,-8.7,0.704163056034));
#3672 = SURFACE_CURVE('',#3673,(#3677,#3683),.PCURVE_S1.);
#3673 = LINE('',#3674,#3675);
#3674 = CARTESIAN_POINT('',(-20.7,-8.7,7.077671781985E-16));
#3675 = VECTOR('',#3676,1.);
#3676 = DIRECTION('',(-2.22044604925E-16,0.,1.));
#3677 = PCURVE('',#997,#3678);
#3678 = DEFINITIONAL_REPRESENTATION('',(#3679),#3682);
#3679 = B_SPLINE_CURVE_WITH_KNOTS('',1,(#3680,#3681),.UNSPECIFIED.,.F.,
  .F.,(2,2),(-7.077671781985E-16,0.704163056034),
  .PIECEWISE_BEZIER_KNOTS.);
#3680 = CARTESIAN_POINT('',(4.718447854657E-16,-1.7));
#3681 = CARTESIAN_POINT('',(-0.704163056034,-1.7));
#3682 = ( GEOMETRIC_REPRESENTATION_CONTEXT(2) 
PARAMETRIC_REPRESENTATION_CONTEXT() REPRESENTATION_CONTEXT('2D SPACE',''
  ) );
#3683 = PCURVE('',#3684,#3689);
#3684 = PLANE('',#3685);
#3685 = AXIS2_PLACEMENT_3D('',#3686,#3687,#3688);
#3686 = CARTESIAN_POINT('',(-24.95,-8.7,0.));
#3687 = DIRECTION('',(0.,1.,0.));
#3688 = DIRECTION('',(0.,0.,1.));
#3689 = DEFINITIONAL_REPRESENTATION('',(#3690),#3693);
#3690 = B_SPLINE_CURVE_WITH_KNOTS('',1,(#3691,#3692),.UNSPECIFIED.,.F.,
  .F.,(2,2),(-7.077671781985E-16,0.704163056034),
  .PIECEWISE_BEZIER_KNOTS.);
#3691 = CARTESIAN_POINT('',(0.,4.25));
#3692 = CARTESIAN_POINT('',(0.704163056034,4.25));
#3693 = ( GEOMETRIC_REPRESENTATION_CONTEXT(2) 
PARAMETRIC_REPRESENTATION_CONTEXT() REPRESENTATION_CONTEXT('2D SPACE',''
  ) );
#3694 = ORIENTED_EDGE('',*,*,#3695,.F.);
#3695 = EDGE_CURVE('',#3696,#3670,#3698,.T.);
#3696 = VERTEX_POINT('',#3697);
#3697 = CARTESIAN_POINT('',(-20.7,-7.704163056034,1.7));
#3698 = SURFACE_CURVE('',#3699,(#3703,#3709),.PCURVE_S1.);
#3699 = LINE('',#3700,#3701);
#3700 = CARTESIAN_POINT('',(-20.7,-8.803122292026,0.601040764009));
#3701 = VECTOR('',#3702,1.);
#3702 = DIRECTION('',(1.570092458684E-16,-0.707106781187,-0.707106781187
    ));
#3703 = PCURVE('',#997,#3704);
#3704 = DEFINITIONAL_REPRESENTATION('',(#3705),#3708);
#3705 = B_SPLINE_CURVE_WITH_KNOTS('',1,(#3706,#3707),.UNSPECIFIED.,.F.,
  .F.,(2,2),(-1.554163056034,-0.145836943966),.PIECEWISE_BEZIER_KNOTS.);
#3706 = CARTESIAN_POINT('',(-1.7,-0.704163056034));
#3707 = CARTESIAN_POINT('',(-0.704163056034,-1.7));
#3708 = ( GEOMETRIC_REPRESENTATION_CONTEXT(2) 
PARAMETRIC_REPRESENTATION_CONTEXT() REPRESENTATION_CONTEXT('2D SPACE',''
  ) );
#3709 = PCURVE('',#3710,#3715);
#3710 = PLANE('',#3711);
#3711 = AXIS2_PLACEMENT_3D('',#3712,#3713,#3714);
#3712 = CARTESIAN_POINT('',(-24.95,-9.404163056034,-4.440892098501E-16)
  );
#3713 = DIRECTION('',(0.,-0.707106781187,0.707106781187));
#3714 = DIRECTION('',(1.,0.,0.));
#3715 = DEFINITIONAL_REPRESENTATION('',(#3716),#3719);
#3716 = B_SPLINE_CURVE_WITH_KNOTS('',1,(#3717,#3718),.UNSPECIFIED.,.F.,
  .F.,(2,2),(-1.554163056034,-0.145836943966),.PIECEWISE_BEZIER_KNOTS.);
#3717 = CARTESIAN_POINT('',(4.25,2.404163056034));
#3718 = CARTESIAN_POINT('',(4.25,0.995836943966));
#3719 = ( GEOMETRIC_REPRESENTATION_CONTEXT(2) 
PARAMETRIC_REPRESENTATION_CONTEXT() REPRESENTATION_CONTEXT('2D SPACE',''
  ) );
#3720 = ORIENTED_EDGE('',*,*,#3721,.F.);
#3721 = EDGE_CURVE('',#3722,#3696,#3724,.T.);
#3722 = VERTEX_POINT('',#3723);
#3723 = CARTESIAN_POINT('',(-20.7,-6.295836943966,1.7));
#3724 = SURFACE_CURVE('',#3725,(#3729,#3735),.PCURVE_S1.);
#3725 = LINE('',#3726,#3727);
#3726 = CARTESIAN_POINT('',(-20.7,-7.85,1.7));
#3727 = VECTOR('',#3728,1.);
#3728 = DIRECTION('',(0.,-1.,0.));
#3729 = PCURVE('',#997,#3730);
#3730 = DEFINITIONAL_REPRESENTATION('',(#3731),#3734);
#3731 = B_SPLINE_CURVE_WITH_KNOTS('',1,(#3732,#3733),.UNSPECIFIED.,.F.,
  .F.,(2,2),(-1.554163056034,-0.145836943966),.PIECEWISE_BEZIER_KNOTS.);
#3732 = CARTESIAN_POINT('',(-1.7,0.704163056034));
#3733 = CARTESIAN_POINT('',(-1.7,-0.704163056034));
#3734 = ( GEOMETRIC_REPRESENTATION_CONTEXT(2) 
PARAMETRIC_REPRESENTATION_CONTEXT() REPRESENTATION_CONTEXT('2D SPACE',''
  ) );
#3735 = PCURVE('',#3736,#3741);
#3736 = PLANE('',#3737);
#3737 = AXIS2_PLACEMENT_3D('',#3738,#3739,#3740);
#3738 = CARTESIAN_POINT('',(-24.95,-8.7,1.7));
#3739 = DIRECTION('',(0.,0.,1.));
#3740 = DIRECTION('',(1.,0.,0.));
#3741 = DEFINITIONAL_REPRESENTATION('',(#3742),#3745);
#3742 = B_SPLINE_CURVE_WITH_KNOTS('',1,(#3743,#3744),.UNSPECIFIED.,.F.,
  .F.,(2,2),(-1.554163056034,-0.145836943966),.PIECEWISE_BEZIER_KNOTS.);
#3743 = CARTESIAN_POINT('',(4.25,2.404163056034));
#3744 = CARTESIAN_POINT('',(4.25,0.995836943966));
#3745 = ( GEOMETRIC_REPRESENTATION_CONTEXT(2) 
PARAMETRIC_REPRESENTATION_CONTEXT() REPRESENTATION_CONTEXT('2D SPACE',''
  ) );
#3746 = ORIENTED_EDGE('',*,*,#3747,.F.);
#3747 = EDGE_CURVE('',#3748,#3722,#3750,.T.);
#3748 = VERTEX_POINT('',#3749);
#3749 = CARTESIAN_POINT('',(-20.7,-5.3,0.704163056034));
#3750 = SURFACE_CURVE('',#3751,(#3755,#3761),.PCURVE_S1.);
#3751 = LINE('',#3752,#3753);
#3752 = CARTESIAN_POINT('',(-20.7,-5.196877707974,0.601040764009));
#3753 = VECTOR('',#3754,1.);
#3754 = DIRECTION('',(-1.570092458684E-16,-0.707106781187,0.707106781187
    ));
#3755 = PCURVE('',#997,#3756);
#3756 = DEFINITIONAL_REPRESENTATION('',(#3757),#3760);
#3757 = B_SPLINE_CURVE_WITH_KNOTS('',1,(#3758,#3759),.UNSPECIFIED.,.F.,
  .F.,(2,2),(0.145836943966,1.554163056034),.PIECEWISE_BEZIER_KNOTS.);
#3758 = CARTESIAN_POINT('',(-0.704163056034,1.7));
#3759 = CARTESIAN_POINT('',(-1.7,0.704163056034));
#3760 = ( GEOMETRIC_REPRESENTATION_CONTEXT(2) 
PARAMETRIC_REPRESENTATION_CONTEXT() REPRESENTATION_CONTEXT('2D SPACE',''
  ) );
#3761 = PCURVE('',#3762,#3767);
#3762 = PLANE('',#3763);
#3763 = AXIS2_PLACEMENT_3D('',#3764,#3765,#3766);
#3764 = CARTESIAN_POINT('',(-24.95,-4.595836943966,0.));
#3765 = DIRECTION('',(0.,0.707106781187,0.707106781187));
#3766 = DIRECTION('',(0.,-0.707106781187,0.707106781187));
#3767 = DEFINITIONAL_REPRESENTATION('',(#3768),#3771);
#3768 = B_SPLINE_CURVE_WITH_KNOTS('',1,(#3769,#3770),.UNSPECIFIED.,.F.,
  .F.,(2,2),(0.145836943966,1.554163056034),.PIECEWISE_BEZIER_KNOTS.);
#3769 = CARTESIAN_POINT('',(0.995836943966,4.25));
#3770 = CARTESIAN_POINT('',(2.404163056034,4.25));
#3771 = ( GEOMETRIC_REPRESENTATION_CONTEXT(2) 
PARAMETRIC_REPRESENTATION_CONTEXT() REPRESENTATION_CONTEXT('2D SPACE',''
  ) );
#3772 = ORIENTED_EDGE('',*,*,#3773,.F.);
#3773 = EDGE_CURVE('',#3641,#3748,#3774,.T.);
#3774 = SURFACE_CURVE('',#3775,(#3779,#3785),.PCURVE_S1.);
#3775 = LINE('',#3776,#3777);
#3776 = CARTESIAN_POINT('',(-20.7,-5.3,7.077671781985E-16));
#3777 = VECTOR('',#3778,1.);
#3778 = DIRECTION('',(-2.22044604925E-16,0.,1.));
#3779 = PCURVE('',#997,#3780);
#3780 = DEFINITIONAL_REPRESENTATION('',(#3781),#3784);
#3781 = B_SPLINE_CURVE_WITH_KNOTS('',1,(#3782,#3783),.UNSPECIFIED.,.F.,
  .F.,(2,2),(-7.077671781985E-16,0.704163056034),
  .PIECEWISE_BEZIER_KNOTS.);
#3782 = CARTESIAN_POINT('',(4.718447854657E-16,1.7));
#3783 = CARTESIAN_POINT('',(-0.704163056034,1.7));
#3784 = ( GEOMETRIC_REPRESENTATION_CONTEXT(2) 
PARAMETRIC_REPRESENTATION_CONTEXT() REPRESENTATION_CONTEXT('2D SPACE',''
  ) );
#3785 = PCURVE('',#3786,#3791);
#3786 = PLANE('',#3787);
#3787 = AXIS2_PLACEMENT_3D('',#3788,#3789,#3790);
#3788 = CARTESIAN_POINT('',(-24.95,-5.3,0.));
#3789 = DIRECTION('',(0.,1.,0.));
#3790 = DIRECTION('',(0.,0.,1.));
#3791 = DEFINITIONAL_REPRESENTATION('',(#3792),#3795);
#3792 = B_SPLINE_CURVE_WITH_KNOTS('',1,(#3793,#3794),.UNSPECIFIED.,.F.,
  .F.,(2,2),(-7.077671781985E-16,0.704163056034),
  .PIECEWISE_BEZIER_KNOTS.);
#3793 = CARTESIAN_POINT('',(0.,4.25));
#3794 = CARTESIAN_POINT('',(0.704163056034,4.25));
#3795 = ( GEOMETRIC_REPRESENTATION_CONTEXT(2) 
PARAMETRIC_REPRESENTATION_CONTEXT() REPRESENTATION_CONTEXT('2D SPACE',''
  ) );
#3796 = ADVANCED_FACE('',(#3797,#3802),#1142,.F.);
#3797 = FACE_BOUND('',#3798,.F.);
#3798 = EDGE_LOOP('',(#3799,#3800,#3801));
#3799 = ORIENTED_EDGE('',*,*,#3584,.T.);
#3800 = ORIENTED_EDGE('',*,*,#1123,.T.);
#3801 = ORIENTED_EDGE('',*,*,#3509,.T.);
#3802 = FACE_BOUND('',#3803,.F.);
#3803 = EDGE_LOOP('',(#3804,#3835,#3861,#3887,#3913,#3939));
#3804 = ORIENTED_EDGE('',*,*,#3805,.F.);
#3805 = EDGE_CURVE('',#3806,#3808,#3810,.T.);
#3806 = VERTEX_POINT('',#3807);
#3807 = CARTESIAN_POINT('',(-20.7,-1.7,-7.));
#3808 = VERTEX_POINT('',#3809);
#3809 = CARTESIAN_POINT('',(-20.7,1.7,-7.));
#3810 = SURFACE_CURVE('',#3811,(#3816,#3823),.PCURVE_S1.);
#3811 = CIRCLE('',#3812,1.7);
#3812 = AXIS2_PLACEMENT_3D('',#3813,#3814,#3815);
#3813 = CARTESIAN_POINT('',(-20.7,0.,-7.));
#3814 = DIRECTION('',(1.,0.,2.22044604925E-16));
#3815 = DIRECTION('',(2.22044604925E-16,0.,-1.));
#3816 = PCURVE('',#1142,#3817);
#3817 = DEFINITIONAL_REPRESENTATION('',(#3818),#3822);
#3818 = CIRCLE('',#3819,1.7);
#3819 = AXIS2_PLACEMENT_2D('',#3820,#3821);
#3820 = CARTESIAN_POINT('',(4.440892098501E-15,0.));
#3821 = DIRECTION('',(1.,0.));
#3822 = ( GEOMETRIC_REPRESENTATION_CONTEXT(2) 
PARAMETRIC_REPRESENTATION_CONTEXT() REPRESENTATION_CONTEXT('2D SPACE',''
  ) );
#3823 = PCURVE('',#3824,#3829);
#3824 = CYLINDRICAL_SURFACE('',#3825,1.7);
#3825 = AXIS2_PLACEMENT_3D('',#3826,#3827,#3828);
#3826 = CARTESIAN_POINT('',(-24.95,0.,-7.));
#3827 = DIRECTION('',(1.,0.,2.22044604925E-16));
#3828 = DIRECTION('',(2.22044604925E-16,0.,-1.));
#3829 = DEFINITIONAL_REPRESENTATION('',(#3830),#3834);
#3830 = LINE('',#3831,#3832);
#3831 = CARTESIAN_POINT('',(0.,4.25));
#3832 = VECTOR('',#3833,1.);
#3833 = DIRECTION('',(1.,0.));
#3834 = ( GEOMETRIC_REPRESENTATION_CONTEXT(2) 
PARAMETRIC_REPRESENTATION_CONTEXT() REPRESENTATION_CONTEXT('2D SPACE',''
  ) );
#3835 = ORIENTED_EDGE('',*,*,#3836,.T.);
#3836 = EDGE_CURVE('',#3806,#3837,#3839,.T.);
#3837 = VERTEX_POINT('',#3838);
#3838 = CARTESIAN_POINT('',(-20.7,-1.7,-6.295836943966));
#3839 = SURFACE_CURVE('',#3840,(#3844,#3850),.PCURVE_S1.);
#3840 = LINE('',#3841,#3842);
#3841 = CARTESIAN_POINT('',(-20.7,-1.7,-7.));
#3842 = VECTOR('',#3843,1.);
#3843 = DIRECTION('',(-2.22044604925E-16,0.,1.));
#3844 = PCURVE('',#1142,#3845);
#3845 = DEFINITIONAL_REPRESENTATION('',(#3846),#3849);
#3846 = B_SPLINE_CURVE_WITH_KNOTS('',1,(#3847,#3848),.UNSPECIFIED.,.F.,
  .F.,(2,2),(0.,0.704163056034),.PIECEWISE_BEZIER_KNOTS.);
#3847 = CARTESIAN_POINT('',(0.,-1.7));
#3848 = CARTESIAN_POINT('',(-0.704163056034,-1.7));
#3849 = ( GEOMETRIC_REPRESENTATION_CONTEXT(2) 
PARAMETRIC_REPRESENTATION_CONTEXT() REPRESENTATION_CONTEXT('2D SPACE',''
  ) );
#3850 = PCURVE('',#3851,#3856);
#3851 = PLANE('',#3852);
#3852 = AXIS2_PLACEMENT_3D('',#3853,#3854,#3855);
#3853 = CARTESIAN_POINT('',(-24.95,-1.7,-7.));
#3854 = DIRECTION('',(0.,1.,0.));
#3855 = DIRECTION('',(0.,0.,1.));
#3856 = DEFINITIONAL_REPRESENTATION('',(#3857),#3860);
#3857 = B_SPLINE_CURVE_WITH_KNOTS('',1,(#3858,#3859),.UNSPECIFIED.,.F.,
  .F.,(2,2),(0.,0.704163056034),.PIECEWISE_BEZIER_KNOTS.);
#3858 = CARTESIAN_POINT('',(0.,4.25));
#3859 = CARTESIAN_POINT('',(0.704163056034,4.25));
#3860 = ( GEOMETRIC_REPRESENTATION_CONTEXT(2) 
PARAMETRIC_REPRESENTATION_CONTEXT() REPRESENTATION_CONTEXT('2D SPACE',''
  ) );
#3861 = ORIENTED_EDGE('',*,*,#3862,.F.);
#3862 = EDGE_CURVE('',#3863,#3837,#3865,.T.);
#3863 = VERTEX_POINT('',#3864);
#3864 = CARTESIAN_POINT('',(-20.7,-0.704163056034,-5.3));
#3865 = SURFACE_CURVE('',#3866,(#3870,#3876),.PCURVE_S1.);
#3866 = LINE('',#3867,#3868);
#3867 = CARTESIAN_POINT('',(-20.7,-1.803122292026,-6.398959235991));
#3868 = VECTOR('',#3869,1.);
#3869 = DIRECTION('',(1.570092458684E-16,-0.707106781187,-0.707106781187
    ));
#3870 = PCURVE('',#1142,#3871);
#3871 = DEFINITIONAL_REPRESENTATION('',(#3872),#3875);
#3872 = B_SPLINE_CURVE_WITH_KNOTS('',1,(#3873,#3874),.UNSPECIFIED.,.F.,
  .F.,(2,2),(-1.554163056034,-0.145836943966),.PIECEWISE_BEZIER_KNOTS.);
#3873 = CARTESIAN_POINT('',(-1.7,-0.704163056034));
#3874 = CARTESIAN_POINT('',(-0.704163056034,-1.7));
#3875 = ( GEOMETRIC_REPRESENTATION_CONTEXT(2) 
PARAMETRIC_REPRESENTATION_CONTEXT() REPRESENTATION_CONTEXT('2D SPACE',''
  ) );
#3876 = PCURVE('',#3877,#3882);
#3877 = PLANE('',#3878);
#3878 = AXIS2_PLACEMENT_3D('',#3879,#3880,#3881);
#3879 = CARTESIAN_POINT('',(-24.95,-2.404163056034,-7.));
#3880 = DIRECTION('',(0.,-0.707106781187,0.707106781187));
#3881 = DIRECTION('',(1.,0.,0.));
#3882 = DEFINITIONAL_REPRESENTATION('',(#3883),#3886);
#3883 = B_SPLINE_CURVE_WITH_KNOTS('',1,(#3884,#3885),.UNSPECIFIED.,.F.,
  .F.,(2,2),(-1.554163056034,-0.145836943966),.PIECEWISE_BEZIER_KNOTS.);
#3884 = CARTESIAN_POINT('',(4.25,2.404163056034));
#3885 = CARTESIAN_POINT('',(4.25,0.995836943966));
#3886 = ( GEOMETRIC_REPRESENTATION_CONTEXT(2) 
PARAMETRIC_REPRESENTATION_CONTEXT() REPRESENTATION_CONTEXT('2D SPACE',''
  ) );
#3887 = ORIENTED_EDGE('',*,*,#3888,.F.);
#3888 = EDGE_CURVE('',#3889,#3863,#3891,.T.);
#3889 = VERTEX_POINT('',#3890);
#3890 = CARTESIAN_POINT('',(-20.7,0.704163056034,-5.3));
#3891 = SURFACE_CURVE('',#3892,(#3896,#3902),.PCURVE_S1.);
#3892 = LINE('',#3893,#3894);
#3893 = CARTESIAN_POINT('',(-20.7,-0.85,-5.3));
#3894 = VECTOR('',#3895,1.);
#3895 = DIRECTION('',(0.,-1.,0.));
#3896 = PCURVE('',#1142,#3897);
#3897 = DEFINITIONAL_REPRESENTATION('',(#3898),#3901);
#3898 = B_SPLINE_CURVE_WITH_KNOTS('',1,(#3899,#3900),.UNSPECIFIED.,.F.,
  .F.,(2,2),(-1.554163056034,-0.145836943966),.PIECEWISE_BEZIER_KNOTS.);
#3899 = CARTESIAN_POINT('',(-1.7,0.704163056034));
#3900 = CARTESIAN_POINT('',(-1.7,-0.704163056034));
#3901 = ( GEOMETRIC_REPRESENTATION_CONTEXT(2) 
PARAMETRIC_REPRESENTATION_CONTEXT() REPRESENTATION_CONTEXT('2D SPACE',''
  ) );
#3902 = PCURVE('',#3903,#3908);
#3903 = PLANE('',#3904);
#3904 = AXIS2_PLACEMENT_3D('',#3905,#3906,#3907);
#3905 = CARTESIAN_POINT('',(-24.95,-1.7,-5.3));
#3906 = DIRECTION('',(0.,0.,1.));
#3907 = DIRECTION('',(1.,0.,0.));
#3908 = DEFINITIONAL_REPRESENTATION('',(#3909),#3912);
#3909 = B_SPLINE_CURVE_WITH_KNOTS('',1,(#3910,#3911),.UNSPECIFIED.,.F.,
  .F.,(2,2),(-1.554163056034,-0.145836943966),.PIECEWISE_BEZIER_KNOTS.);
#3910 = CARTESIAN_POINT('',(4.25,2.404163056034));
#3911 = CARTESIAN_POINT('',(4.25,0.995836943966));
#3912 = ( GEOMETRIC_REPRESENTATION_CONTEXT(2) 
PARAMETRIC_REPRESENTATION_CONTEXT() REPRESENTATION_CONTEXT('2D SPACE',''
  ) );
#3913 = ORIENTED_EDGE('',*,*,#3914,.F.);
#3914 = EDGE_CURVE('',#3915,#3889,#3917,.T.);
#3915 = VERTEX_POINT('',#3916);
#3916 = CARTESIAN_POINT('',(-20.7,1.7,-6.295836943966));
#3917 = SURFACE_CURVE('',#3918,(#3922,#3928),.PCURVE_S1.);
#3918 = LINE('',#3919,#3920);
#3919 = CARTESIAN_POINT('',(-20.7,1.803122292026,-6.398959235991));
#3920 = VECTOR('',#3921,1.);
#3921 = DIRECTION('',(-1.570092458684E-16,-0.707106781187,0.707106781187
    ));
#3922 = PCURVE('',#1142,#3923);
#3923 = DEFINITIONAL_REPRESENTATION('',(#3924),#3927);
#3924 = B_SPLINE_CURVE_WITH_KNOTS('',1,(#3925,#3926),.UNSPECIFIED.,.F.,
  .F.,(2,2),(0.145836943966,1.554163056034),.PIECEWISE_BEZIER_KNOTS.);
#3925 = CARTESIAN_POINT('',(-0.704163056034,1.7));
#3926 = CARTESIAN_POINT('',(-1.7,0.704163056034));
#3927 = ( GEOMETRIC_REPRESENTATION_CONTEXT(2) 
PARAMETRIC_REPRESENTATION_CONTEXT() REPRESENTATION_CONTEXT('2D SPACE',''
  ) );
#3928 = PCURVE('',#3929,#3934);
#3929 = PLANE('',#3930);
#3930 = AXIS2_PLACEMENT_3D('',#3931,#3932,#3933);
#3931 = CARTESIAN_POINT('',(-24.95,2.404163056034,-7.));
#3932 = DIRECTION('',(0.,0.707106781187,0.707106781187));
#3933 = DIRECTION('',(0.,-0.707106781187,0.707106781187));
#3934 = DEFINITIONAL_REPRESENTATION('',(#3935),#3938);
#3935 = B_SPLINE_CURVE_WITH_KNOTS('',1,(#3936,#3937),.UNSPECIFIED.,.F.,
  .F.,(2,2),(0.145836943966,1.554163056034),.PIECEWISE_BEZIER_KNOTS.);
#3936 = CARTESIAN_POINT('',(0.995836943966,4.25));
#3937 = CARTESIAN_POINT('',(2.404163056034,4.25));
#3938 = ( GEOMETRIC_REPRESENTATION_CONTEXT(2) 
PARAMETRIC_REPRESENTATION_CONTEXT() REPRESENTATION_CONTEXT('2D SPACE',''
  ) );
#3939 = ORIENTED_EDGE('',*,*,#3940,.F.);
#3940 = EDGE_CURVE('',#3808,#3915,#3941,.T.);
#3941 = SURFACE_CURVE('',#3942,(#3946,#3952),.PCURVE_S1.);
#3942 = LINE('',#3943,#3944);
#3943 = CARTESIAN_POINT('',(-20.7,1.7,-7.));
#3944 = VECTOR('',#3945,1.);
#3945 = DIRECTION('',(-2.22044604925E-16,0.,1.));
#3946 = PCURVE('',#1142,#3947);
#3947 = DEFINITIONAL_REPRESENTATION('',(#3948),#3951);
#3948 = B_SPLINE_CURVE_WITH_KNOTS('',1,(#3949,#3950),.UNSPECIFIED.,.F.,
  .F.,(2,2),(0.,0.704163056034),.PIECEWISE_BEZIER_KNOTS.);
#3949 = CARTESIAN_POINT('',(0.,1.7));
#3950 = CARTESIAN_POINT('',(-0.704163056034,1.7));
#3951 = ( GEOMETRIC_REPRESENTATION_CONTEXT(2) 
PARAMETRIC_REPRESENTATION_CONTEXT() REPRESENTATION_CONTEXT('2D SPACE',''
  ) );
#3952 = PCURVE('',#3953,#3958);
#3953 = PLANE('',#3954);
#3954 = AXIS2_PLACEMENT_3D('',#3955,#3956,#3957);
#3955 = CARTESIAN_POINT('',(-24.95,1.7,-7.));
#3956 = DIRECTION('',(0.,1.,0.));
#3957 = DIRECTION('',(0.,0.,1.));
#3958 = DEFINITIONAL_REPRESENTATION('',(#3959),#3962);
#3959 = B_SPLINE_CURVE_WITH_KNOTS('',1,(#3960,#3961),.UNSPECIFIED.,.F.,
  .F.,(2,2),(0.,0.704163056034),.PIECEWISE_BEZIER_KNOTS.);
#3960 = CARTESIAN_POINT('',(0.,4.25));
#3961 = CARTESIAN_POINT('',(0.704163056034,4.25));
#3962 = ( GEOMETRIC_REPRESENTATION_CONTEXT(2) 
PARAMETRIC_REPRESENTATION_CONTEXT() REPRESENTATION_CONTEXT('2D SPACE',''
  ) );
#3963 = ADVANCED_FACE('',(#3964,#3968),#1380,.F.);
#3964 = FACE_BOUND('',#3965,.F.);
#3965 = EDGE_LOOP('',(#3966,#3967));
#3966 = ORIENTED_EDGE('',*,*,#1361,.T.);
#3967 = ORIENTED_EDGE('',*,*,#3609,.T.);
#3968 = FACE_BOUND('',#3969,.F.);
#3969 = EDGE_LOOP('',(#3970,#4001,#4027,#4053,#4079,#4105));
#3970 = ORIENTED_EDGE('',*,*,#3971,.F.);
#3971 = EDGE_CURVE('',#3972,#3974,#3976,.T.);
#3972 = VERTEX_POINT('',#3973);
#3973 = CARTESIAN_POINT('',(-20.7,5.3,0.));
#3974 = VERTEX_POINT('',#3975);
#3975 = CARTESIAN_POINT('',(-20.7,8.7,0.));
#3976 = SURFACE_CURVE('',#3977,(#3982,#3989),.PCURVE_S1.);
#3977 = CIRCLE('',#3978,1.7);
#3978 = AXIS2_PLACEMENT_3D('',#3979,#3980,#3981);
#3979 = CARTESIAN_POINT('',(-20.7,7.,-4.651834473179E-15));
#3980 = DIRECTION('',(1.,0.,2.22044604925E-16));
#3981 = DIRECTION('',(2.22044604925E-16,0.,-1.));
#3982 = PCURVE('',#1380,#3983);
#3983 = DEFINITIONAL_REPRESENTATION('',(#3984),#3988);
#3984 = CIRCLE('',#3985,1.7);
#3985 = AXIS2_PLACEMENT_2D('',#3986,#3987);
#3986 = CARTESIAN_POINT('',(5.123679258645E-15,0.));
#3987 = DIRECTION('',(1.,0.));
#3988 = ( GEOMETRIC_REPRESENTATION_CONTEXT(2) 
PARAMETRIC_REPRESENTATION_CONTEXT() REPRESENTATION_CONTEXT('2D SPACE',''
  ) );
#3989 = PCURVE('',#3990,#3995);
#3990 = CYLINDRICAL_SURFACE('',#3991,1.7);
#3991 = AXIS2_PLACEMENT_3D('',#3992,#3993,#3994);
#3992 = CARTESIAN_POINT('',(-24.95,7.,-5.595524044111E-15));
#3993 = DIRECTION('',(1.,0.,2.22044604925E-16));
#3994 = DIRECTION('',(2.22044604925E-16,0.,-1.));
#3995 = DEFINITIONAL_REPRESENTATION('',(#3996),#4000);
#3996 = LINE('',#3997,#3998);
#3997 = CARTESIAN_POINT('',(0.,4.25));
#3998 = VECTOR('',#3999,1.);
#3999 = DIRECTION('',(1.,0.));
#4000 = ( GEOMETRIC_REPRESENTATION_CONTEXT(2) 
PARAMETRIC_REPRESENTATION_CONTEXT() REPRESENTATION_CONTEXT('2D SPACE',''
  ) );
#4001 = ORIENTED_EDGE('',*,*,#4002,.T.);
#4002 = EDGE_CURVE('',#3972,#4003,#4005,.T.);
#4003 = VERTEX_POINT('',#4004);
#4004 = CARTESIAN_POINT('',(-20.7,5.3,0.704163056034));
#4005 = SURFACE_CURVE('',#4006,(#4010,#4016),.PCURVE_S1.);
#4006 = LINE('',#4007,#4008);
#4007 = CARTESIAN_POINT('',(-20.7,5.3,7.077671781985E-16));
#4008 = VECTOR('',#4009,1.);
#4009 = DIRECTION('',(-2.22044604925E-16,0.,1.));
#4010 = PCURVE('',#1380,#4011);
#4011 = DEFINITIONAL_REPRESENTATION('',(#4012),#4015);
#4012 = B_SPLINE_CURVE_WITH_KNOTS('',1,(#4013,#4014),.UNSPECIFIED.,.F.,
  .F.,(2,2),(-7.077671781985E-16,0.704163056034),
  .PIECEWISE_BEZIER_KNOTS.);
#4013 = CARTESIAN_POINT('',(4.718447854657E-16,-1.7));
#4014 = CARTESIAN_POINT('',(-0.704163056034,-1.7));
#4015 = ( GEOMETRIC_REPRESENTATION_CONTEXT(2) 
PARAMETRIC_REPRESENTATION_CONTEXT() REPRESENTATION_CONTEXT('2D SPACE',''
  ) );
#4016 = PCURVE('',#4017,#4022);
#4017 = PLANE('',#4018);
#4018 = AXIS2_PLACEMENT_3D('',#4019,#4020,#4021);
#4019 = CARTESIAN_POINT('',(-24.95,5.3,0.));
#4020 = DIRECTION('',(0.,1.,0.));
#4021 = DIRECTION('',(0.,0.,1.));
#4022 = DEFINITIONAL_REPRESENTATION('',(#4023),#4026);
#4023 = B_SPLINE_CURVE_WITH_KNOTS('',1,(#4024,#4025),.UNSPECIFIED.,.F.,
  .F.,(2,2),(-7.077671781985E-16,0.704163056034),
  .PIECEWISE_BEZIER_KNOTS.);
#4024 = CARTESIAN_POINT('',(0.,4.25));
#4025 = CARTESIAN_POINT('',(0.704163056034,4.25));
#4026 = ( GEOMETRIC_REPRESENTATION_CONTEXT(2) 
PARAMETRIC_REPRESENTATION_CONTEXT() REPRESENTATION_CONTEXT('2D SPACE',''
  ) );
#4027 = ORIENTED_EDGE('',*,*,#4028,.F.);
#4028 = EDGE_CURVE('',#4029,#4003,#4031,.T.);
#4029 = VERTEX_POINT('',#4030);
#4030 = CARTESIAN_POINT('',(-20.7,6.295836943966,1.7));
#4031 = SURFACE_CURVE('',#4032,(#4036,#4042),.PCURVE_S1.);
#4032 = LINE('',#4033,#4034);
#4033 = CARTESIAN_POINT('',(-20.7,5.196877707974,0.601040764009));
#4034 = VECTOR('',#4035,1.);
#4035 = DIRECTION('',(1.570092458684E-16,-0.707106781187,-0.707106781187
    ));
#4036 = PCURVE('',#1380,#4037);
#4037 = DEFINITIONAL_REPRESENTATION('',(#4038),#4041);
#4038 = B_SPLINE_CURVE_WITH_KNOTS('',1,(#4039,#4040),.UNSPECIFIED.,.F.,
  .F.,(2,2),(-1.554163056034,-0.145836943966),.PIECEWISE_BEZIER_KNOTS.);
#4039 = CARTESIAN_POINT('',(-1.7,-0.704163056034));
#4040 = CARTESIAN_POINT('',(-0.704163056034,-1.7));
#4041 = ( GEOMETRIC_REPRESENTATION_CONTEXT(2) 
PARAMETRIC_REPRESENTATION_CONTEXT() REPRESENTATION_CONTEXT('2D SPACE',''
  ) );
#4042 = PCURVE('',#4043,#4048);
#4043 = PLANE('',#4044);
#4044 = AXIS2_PLACEMENT_3D('',#4045,#4046,#4047);
#4045 = CARTESIAN_POINT('',(-24.95,4.595836943966,-4.440892098501E-16));
#4046 = DIRECTION('',(0.,-0.707106781187,0.707106781187));
#4047 = DIRECTION('',(1.,0.,0.));
#4048 = DEFINITIONAL_REPRESENTATION('',(#4049),#4052);
#4049 = B_SPLINE_CURVE_WITH_KNOTS('',1,(#4050,#4051),.UNSPECIFIED.,.F.,
  .F.,(2,2),(-1.554163056034,-0.145836943966),.PIECEWISE_BEZIER_KNOTS.);
#4050 = CARTESIAN_POINT('',(4.25,2.404163056034));
#4051 = CARTESIAN_POINT('',(4.25,0.995836943966));
#4052 = ( GEOMETRIC_REPRESENTATION_CONTEXT(2) 
PARAMETRIC_REPRESENTATION_CONTEXT() REPRESENTATION_CONTEXT('2D SPACE',''
  ) );
#4053 = ORIENTED_EDGE('',*,*,#4054,.F.);
#4054 = EDGE_CURVE('',#4055,#4029,#4057,.T.);
#4055 = VERTEX_POINT('',#4056);
#4056 = CARTESIAN_POINT('',(-20.7,7.704163056034,1.7));
#4057 = SURFACE_CURVE('',#4058,(#4062,#4068),.PCURVE_S1.);
#4058 = LINE('',#4059,#4060);
#4059 = CARTESIAN_POINT('',(-20.7,6.15,1.7));
#4060 = VECTOR('',#4061,1.);
#4061 = DIRECTION('',(0.,-1.,0.));
#4062 = PCURVE('',#1380,#4063);
#4063 = DEFINITIONAL_REPRESENTATION('',(#4064),#4067);
#4064 = B_SPLINE_CURVE_WITH_KNOTS('',1,(#4065,#4066),.UNSPECIFIED.,.F.,
  .F.,(2,2),(-1.554163056034,-0.145836943966),.PIECEWISE_BEZIER_KNOTS.);
#4065 = CARTESIAN_POINT('',(-1.7,0.704163056034));
#4066 = CARTESIAN_POINT('',(-1.7,-0.704163056034));
#4067 = ( GEOMETRIC_REPRESENTATION_CONTEXT(2) 
PARAMETRIC_REPRESENTATION_CONTEXT() REPRESENTATION_CONTEXT('2D SPACE',''
  ) );
#4068 = PCURVE('',#4069,#4074);
#4069 = PLANE('',#4070);
#4070 = AXIS2_PLACEMENT_3D('',#4071,#4072,#4073);
#4071 = CARTESIAN_POINT('',(-24.95,5.3,1.7));
#4072 = DIRECTION('',(0.,0.,1.));
#4073 = DIRECTION('',(1.,0.,0.));
#4074 = DEFINITIONAL_REPRESENTATION('',(#4075),#4078);
#4075 = B_SPLINE_CURVE_WITH_KNOTS('',1,(#4076,#4077),.UNSPECIFIED.,.F.,
  .F.,(2,2),(-1.554163056034,-0.145836943966),.PIECEWISE_BEZIER_KNOTS.);
#4076 = CARTESIAN_POINT('',(4.25,2.404163056034));
#4077 = CARTESIAN_POINT('',(4.25,0.995836943966));
#4078 = ( GEOMETRIC_REPRESENTATION_CONTEXT(2) 
PARAMETRIC_REPRESENTATION_CONTEXT() REPRESENTATION_CONTEXT('2D SPACE',''
  ) );
#4079 = ORIENTED_EDGE('',*,*,#4080,.F.);
#4080 = EDGE_CURVE('',#4081,#4055,#4083,.T.);
#4081 = VERTEX_POINT('',#4082);
#4082 = CARTESIAN_POINT('',(-20.7,8.7,0.704163056034));
#4083 = SURFACE_CURVE('',#4084,(#4088,#4094),.PCURVE_S1.);
#4084 = LINE('',#4085,#4086);
#4085 = CARTESIAN_POINT('',(-20.7,8.803122292026,0.601040764009));
#4086 = VECTOR('',#4087,1.);
#4087 = DIRECTION('',(-1.570092458684E-16,-0.707106781187,0.707106781187
    ));
#4088 = PCURVE('',#1380,#4089);
#4089 = DEFINITIONAL_REPRESENTATION('',(#4090),#4093);
#4090 = B_SPLINE_CURVE_WITH_KNOTS('',1,(#4091,#4092),.UNSPECIFIED.,.F.,
  .F.,(2,2),(0.145836943966,1.554163056034),.PIECEWISE_BEZIER_KNOTS.);
#4091 = CARTESIAN_POINT('',(-0.704163056034,1.7));
#4092 = CARTESIAN_POINT('',(-1.7,0.704163056034));
#4093 = ( GEOMETRIC_REPRESENTATION_CONTEXT(2) 
PARAMETRIC_REPRESENTATION_CONTEXT() REPRESENTATION_CONTEXT('2D SPACE',''
  ) );
#4094 = PCURVE('',#4095,#4100);
#4095 = PLANE('',#4096);
#4096 = AXIS2_PLACEMENT_3D('',#4097,#4098,#4099);
#4097 = CARTESIAN_POINT('',(-24.95,9.404163056034,0.));
#4098 = DIRECTION('',(0.,0.707106781187,0.707106781187));
#4099 = DIRECTION('',(0.,-0.707106781187,0.707106781187));
#4100 = DEFINITIONAL_REPRESENTATION('',(#4101),#4104);
#4101 = B_SPLINE_CURVE_WITH_KNOTS('',1,(#4102,#4103),.UNSPECIFIED.,.F.,
  .F.,(2,2),(0.145836943966,1.554163056034),.PIECEWISE_BEZIER_KNOTS.);
#4102 = CARTESIAN_POINT('',(0.995836943966,4.25));
#4103 = CARTESIAN_POINT('',(2.404163056034,4.25));
#4104 = ( GEOMETRIC_REPRESENTATION_CONTEXT(2) 
PARAMETRIC_REPRESENTATION_CONTEXT() REPRESENTATION_CONTEXT('2D SPACE',''
  ) );
#4105 = ORIENTED_EDGE('',*,*,#4106,.F.);
#4106 = EDGE_CURVE('',#3974,#4081,#4107,.T.);
#4107 = SURFACE_CURVE('',#4108,(#4112,#4118),.PCURVE_S1.);
#4108 = LINE('',#4109,#4110);
#4109 = CARTESIAN_POINT('',(-20.7,8.7,7.077671781985E-16));
#4110 = VECTOR('',#4111,1.);
#4111 = DIRECTION('',(-2.22044604925E-16,0.,1.));
#4112 = PCURVE('',#1380,#4113);
#4113 = DEFINITIONAL_REPRESENTATION('',(#4114),#4117);
#4114 = B_SPLINE_CURVE_WITH_KNOTS('',1,(#4115,#4116),.UNSPECIFIED.,.F.,
  .F.,(2,2),(-7.077671781985E-16,0.704163056034),
  .PIECEWISE_BEZIER_KNOTS.);
#4115 = CARTESIAN_POINT('',(4.718447854657E-16,1.7));
#4116 = CARTESIAN_POINT('',(-0.704163056034,1.7));
#4117 = ( GEOMETRIC_REPRESENTATION_CONTEXT(2) 
PARAMETRIC_REPRESENTATION_CONTEXT() REPRESENTATION_CONTEXT('2D SPACE',''
  ) );
#4118 = PCURVE('',#4119,#4124);
#4119 = PLANE('',#4120);
#4120 = AXIS2_PLACEMENT_3D('',#4121,#4122,#4123);
#4121 = CARTESIAN_POINT('',(-24.95,8.7,0.));
#4122 = DIRECTION('',(0.,1.,0.));
#4123 = DIRECTION('',(0.,0.,1.));
#4124 = DEFINITIONAL_REPRESENTATION('',(#4125),#4128);
#4125 = B_SPLINE_CURVE_WITH_KNOTS('',1,(#4126,#4127),.UNSPECIFIED.,.F.,
  .F.,(2,2),(-7.077671781985E-16,0.704163056034),
  .PIECEWISE_BEZIER_KNOTS.);
#4126 = CARTESIAN_POINT('',(0.,4.25));
#4127 = CARTESIAN_POINT('',(0.704163056034,4.25));
#4128 = ( GEOMETRIC_REPRESENTATION_CONTEXT(2) 
PARAMETRIC_REPRESENTATION_CONTEXT() REPRESENTATION_CONTEXT('2D SPACE',''
  ) );
#4129 = ADVANCED_FACE('',(#4130),#1912,.T.);
#4130 = FACE_BOUND('',#4131,.T.);
#4131 = EDGE_LOOP('',(#4132,#4133,#4134,#4135));
#4132 = ORIENTED_EDGE('',*,*,#2673,.F.);
#4133 = ORIENTED_EDGE('',*,*,#3108,.T.);
#4134 = ORIENTED_EDGE('',*,*,#1896,.T.);
#4135 = ORIENTED_EDGE('',*,*,#4136,.F.);
#4136 = EDGE_CURVE('',#2676,#1868,#4137,.T.);
#4137 = SURFACE_CURVE('',#4138,(#4142,#4148),.PCURVE_S1.);
#4138 = LINE('',#4139,#4140);
#4139 = CARTESIAN_POINT('',(21.45,-10.,0.));
#4140 = VECTOR('',#4141,1.);
#4141 = DIRECTION('',(1.,0.,2.22044604925E-16));
#4142 = PCURVE('',#1912,#4143);
#4143 = DEFINITIONAL_REPRESENTATION('',(#4144),#4147);
#4144 = B_SPLINE_CURVE_WITH_KNOTS('',1,(#4145,#4146),.UNSPECIFIED.,.F.,
  .F.,(2,2),(-2.399999999625E-06,3.0000024),.PIECEWISE_BEZIER_KNOTS.);
#4145 = CARTESIAN_POINT('',(-2.399999999625E-06,2.));
#4146 = CARTESIAN_POINT('',(3.0000024,2.));
#4147 = ( GEOMETRIC_REPRESENTATION_CONTEXT(2) 
PARAMETRIC_REPRESENTATION_CONTEXT() REPRESENTATION_CONTEXT('2D SPACE',''
  ) );
#4148 = PCURVE('',#1884,#4149);
#4149 = DEFINITIONAL_REPRESENTATION('',(#4150),#4153);
#4150 = B_SPLINE_CURVE_WITH_KNOTS('',1,(#4151,#4152),.UNSPECIFIED.,.F.,
  .F.,(2,2),(-2.399999999625E-06,3.0000024),.PIECEWISE_BEZIER_KNOTS.);
#4151 = CARTESIAN_POINT('',(4.712388980385,-2.399999999625E-06));
#4152 = CARTESIAN_POINT('',(4.712388980385,3.0000024));
#4153 = ( GEOMETRIC_REPRESENTATION_CONTEXT(2) 
PARAMETRIC_REPRESENTATION_CONTEXT() REPRESENTATION_CONTEXT('2D SPACE',''
  ) );
#4154 = ADVANCED_FACE('',(#4155),#1884,.T.);
#4155 = FACE_BOUND('',#4156,.T.);
#4156 = EDGE_LOOP('',(#4157,#4158,#4177,#4178));
#4157 = ORIENTED_EDGE('',*,*,#1867,.F.);
#4158 = ORIENTED_EDGE('',*,*,#4159,.F.);
#4159 = EDGE_CURVE('',#2722,#1840,#4160,.T.);
#4160 = SURFACE_CURVE('',#4161,(#4165,#4171),.PCURVE_S1.);
#4161 = LINE('',#4162,#4163);
#4162 = CARTESIAN_POINT('',(21.45,10.,0.));
#4163 = VECTOR('',#4164,1.);
#4164 = DIRECTION('',(1.,0.,2.22044604925E-16));
#4165 = PCURVE('',#1884,#4166);
#4166 = DEFINITIONAL_REPRESENTATION('',(#4167),#4170);
#4167 = B_SPLINE_CURVE_WITH_KNOTS('',1,(#4168,#4169),.UNSPECIFIED.,.F.,
  .F.,(2,2),(-2.399999999625E-06,3.0000024),.PIECEWISE_BEZIER_KNOTS.);
#4168 = CARTESIAN_POINT('',(1.570796326795,-2.399999999625E-06));
#4169 = CARTESIAN_POINT('',(1.570796326795,3.0000024));
#4170 = ( GEOMETRIC_REPRESENTATION_CONTEXT(2) 
PARAMETRIC_REPRESENTATION_CONTEXT() REPRESENTATION_CONTEXT('2D SPACE',''
  ) );
#4171 = PCURVE('',#1855,#4172);
#4172 = DEFINITIONAL_REPRESENTATION('',(#4173),#4176);
#4173 = B_SPLINE_CURVE_WITH_KNOTS('',1,(#4174,#4175),.UNSPECIFIED.,.F.,
  .F.,(2,2),(-2.399999999625E-06,3.0000024),.PIECEWISE_BEZIER_KNOTS.);
#4174 = CARTESIAN_POINT('',(-2.399999999625E-06,22.));
#4175 = CARTESIAN_POINT('',(3.0000024,22.));
#4176 = ( GEOMETRIC_REPRESENTATION_CONTEXT(2) 
PARAMETRIC_REPRESENTATION_CONTEXT() REPRESENTATION_CONTEXT('2D SPACE',''
  ) );
#4177 = ORIENTED_EDGE('',*,*,#2744,.T.);
#4178 = ORIENTED_EDGE('',*,*,#4136,.T.);
#4179 = ADVANCED_FACE('',(#4180),#1855,.T.);
#4180 = FACE_BOUND('',#4181,.T.);
#4181 = EDGE_LOOP('',(#4182,#4183,#4184,#4185));
#4182 = ORIENTED_EDGE('',*,*,#2721,.F.);
#4183 = ORIENTED_EDGE('',*,*,#4159,.T.);
#4184 = ORIENTED_EDGE('',*,*,#1839,.T.);
#4185 = ORIENTED_EDGE('',*,*,#2648,.F.);
#4186 = ADVANCED_FACE('',(#4187),#1967,.F.);
#4187 = FACE_BOUND('',#4188,.F.);
#4188 = EDGE_LOOP('',(#4189,#4211,#4240,#4259,#4260,#4281,#4305,#4325));
#4189 = ORIENTED_EDGE('',*,*,#4190,.F.);
#4190 = EDGE_CURVE('',#4191,#1949,#4193,.T.);
#4191 = VERTEX_POINT('',#4192);
#4192 = CARTESIAN_POINT('',(20.45,-1.7,-7.));
#4193 = SURFACE_CURVE('',#4194,(#4198,#4204),.PCURVE_S1.);
#4194 = LINE('',#4195,#4196);
#4195 = CARTESIAN_POINT('',(-24.95,-1.7,-7.));
#4196 = VECTOR('',#4197,1.);
#4197 = DIRECTION('',(1.,0.,0.));
#4198 = PCURVE('',#1967,#4199);
#4199 = DEFINITIONAL_REPRESENTATION('',(#4200),#4203);
#4200 = B_SPLINE_CURVE_WITH_KNOTS('',1,(#4201,#4202),.UNSPECIFIED.,.F.,
  .F.,(2,2),(0.,50.4),.PIECEWISE_BEZIER_KNOTS.);
#4201 = CARTESIAN_POINT('',(4.712388980385,1.242455925723E-30));
#4202 = CARTESIAN_POINT('',(4.712388980385,50.4));
#4203 = ( GEOMETRIC_REPRESENTATION_CONTEXT(2) 
PARAMETRIC_REPRESENTATION_CONTEXT() REPRESENTATION_CONTEXT('2D SPACE',''
  ) );
#4204 = PCURVE('',#1994,#4205);
#4205 = DEFINITIONAL_REPRESENTATION('',(#4206),#4210);
#4206 = LINE('',#4207,#4208);
#4207 = CARTESIAN_POINT('',(0.,0.));
#4208 = VECTOR('',#4209,1.);
#4209 = DIRECTION('',(0.,1.));
#4210 = ( GEOMETRIC_REPRESENTATION_CONTEXT(2) 
PARAMETRIC_REPRESENTATION_CONTEXT() REPRESENTATION_CONTEXT('2D SPACE',''
  ) );
#4211 = ORIENTED_EDGE('',*,*,#4212,.T.);
#4212 = EDGE_CURVE('',#4191,#4213,#4215,.T.);
#4213 = VERTEX_POINT('',#4214);
#4214 = CARTESIAN_POINT('',(20.45,-1.247221900109,-8.155178571429));
#4215 = SURFACE_CURVE('',#4216,(#4221,#4228),.PCURVE_S1.);
#4216 = CIRCLE('',#4217,1.7);
#4217 = AXIS2_PLACEMENT_3D('',#4218,#4219,#4220);
#4218 = CARTESIAN_POINT('',(20.45,0.,-7.));
#4219 = DIRECTION('',(1.,0.,2.22044604925E-16));
#4220 = DIRECTION('',(2.22044604925E-16,0.,-1.));
#4221 = PCURVE('',#1967,#4222);
#4222 = DEFINITIONAL_REPRESENTATION('',(#4223),#4227);
#4223 = LINE('',#4224,#4225);
#4224 = CARTESIAN_POINT('',(-8.881784197001E-16,45.4));
#4225 = VECTOR('',#4226,1.);
#4226 = DIRECTION('',(1.,0.));
#4227 = ( GEOMETRIC_REPRESENTATION_CONTEXT(2) 
PARAMETRIC_REPRESENTATION_CONTEXT() REPRESENTATION_CONTEXT('2D SPACE',''
  ) );
#4228 = PCURVE('',#4229,#4234);
#4229 = PLANE('',#4230);
#4230 = AXIS2_PLACEMENT_3D('',#4231,#4232,#4233);
#4231 = CARTESIAN_POINT('',(20.45,0.,-1.110223024625E-16));
#4232 = DIRECTION('',(1.,0.,2.22044604925E-16));
#4233 = DIRECTION('',(2.22044604925E-16,0.,-1.));
#4234 = DEFINITIONAL_REPRESENTATION('',(#4235),#4239);
#4235 = CIRCLE('',#4236,1.7);
#4236 = AXIS2_PLACEMENT_2D('',#4237,#4238);
#4237 = CARTESIAN_POINT('',(7.,0.));
#4238 = DIRECTION('',(1.,0.));
#4239 = ( GEOMETRIC_REPRESENTATION_CONTEXT(2) 
PARAMETRIC_REPRESENTATION_CONTEXT() REPRESENTATION_CONTEXT('2D SPACE',''
  ) );
#4240 = ORIENTED_EDGE('',*,*,#4241,.T.);
#4241 = EDGE_CURVE('',#4213,#2824,#4242,.T.);
#4242 = SURFACE_CURVE('',#4243,(#4247,#4253),.PCURVE_S1.);
#4243 = LINE('',#4244,#4245);
#4244 = CARTESIAN_POINT('',(20.45,-1.247221900109,-8.155178571429));
#4245 = VECTOR('',#4246,1.);
#4246 = DIRECTION('',(1.,0.,2.22044604925E-16));
#4247 = PCURVE('',#1967,#4248);
#4248 = DEFINITIONAL_REPRESENTATION('',(#4249),#4252);
#4249 = B_SPLINE_CURVE_WITH_KNOTS('',1,(#4250,#4251),.UNSPECIFIED.,.F.,
  .F.,(2,2),(-6.000000034589E-07,1.0000006),.PIECEWISE_BEZIER_KNOTS.);
#4250 = CARTESIAN_POINT('',(5.459492807401,45.3999994));
#4251 = CARTESIAN_POINT('',(5.459492807401,46.4000006));
#4252 = ( GEOMETRIC_REPRESENTATION_CONTEXT(2) 
PARAMETRIC_REPRESENTATION_CONTEXT() REPRESENTATION_CONTEXT('2D SPACE',''
  ) );
#4253 = PCURVE('',#2864,#4254);
#4254 = DEFINITIONAL_REPRESENTATION('',(#4255),#4258);
#4255 = B_SPLINE_CURVE_WITH_KNOTS('',1,(#4256,#4257),.UNSPECIFIED.,.F.,
  .F.,(2,2),(-6.000000034589E-07,1.0000006),.PIECEWISE_BEZIER_KNOTS.);
#4256 = CARTESIAN_POINT('',(6.131425029071,-6.00000001717E-07));
#4257 = CARTESIAN_POINT('',(6.131425029071,1.0000006));
#4258 = ( GEOMETRIC_REPRESENTATION_CONTEXT(2) 
PARAMETRIC_REPRESENTATION_CONTEXT() REPRESENTATION_CONTEXT('2D SPACE',''
  ) );
#4259 = ORIENTED_EDGE('',*,*,#2823,.T.);
#4260 = ORIENTED_EDGE('',*,*,#4261,.F.);
#4261 = EDGE_CURVE('',#4262,#2795,#4264,.T.);
#4262 = VERTEX_POINT('',#4263);
#4263 = CARTESIAN_POINT('',(20.45,1.247221900109,-8.155178571429));
#4264 = SURFACE_CURVE('',#4265,(#4269,#4275),.PCURVE_S1.);
#4265 = LINE('',#4266,#4267);
#4266 = CARTESIAN_POINT('',(20.45,1.247221900109,-8.155178571429));
#4267 = VECTOR('',#4268,1.);
#4268 = DIRECTION('',(1.,0.,2.22044604925E-16));
#4269 = PCURVE('',#1967,#4270);
#4270 = DEFINITIONAL_REPRESENTATION('',(#4271),#4274);
#4271 = B_SPLINE_CURVE_WITH_KNOTS('',1,(#4272,#4273),.UNSPECIFIED.,.F.,
  .F.,(2,2),(-6.000000034589E-07,1.0000006),.PIECEWISE_BEZIER_KNOTS.);
#4272 = CARTESIAN_POINT('',(7.106877806958,45.3999994));
#4273 = CARTESIAN_POINT('',(7.106877806958,46.4000006));
#4274 = ( GEOMETRIC_REPRESENTATION_CONTEXT(2) 
PARAMETRIC_REPRESENTATION_CONTEXT() REPRESENTATION_CONTEXT('2D SPACE',''
  ) );
#4275 = PCURVE('',#2811,#4276);
#4276 = DEFINITIONAL_REPRESENTATION('',(#4277),#4280);
#4277 = B_SPLINE_CURVE_WITH_KNOTS('',1,(#4278,#4279),.UNSPECIFIED.,.F.,
  .F.,(2,2),(-6.000000034589E-07,1.0000006),.PIECEWISE_BEZIER_KNOTS.);
#4278 = CARTESIAN_POINT('',(6.434945585288,-6.00000001717E-07));
#4279 = CARTESIAN_POINT('',(6.434945585288,1.0000006));
#4280 = ( GEOMETRIC_REPRESENTATION_CONTEXT(2) 
PARAMETRIC_REPRESENTATION_CONTEXT() REPRESENTATION_CONTEXT('2D SPACE',''
  ) );
#4281 = ORIENTED_EDGE('',*,*,#4282,.T.);
#4282 = EDGE_CURVE('',#4262,#4283,#4285,.T.);
#4283 = VERTEX_POINT('',#4284);
#4284 = CARTESIAN_POINT('',(20.45,1.7,-7.));
#4285 = SURFACE_CURVE('',#4286,(#4291,#4298),.PCURVE_S1.);
#4286 = CIRCLE('',#4287,1.7);
#4287 = AXIS2_PLACEMENT_3D('',#4288,#4289,#4290);
#4288 = CARTESIAN_POINT('',(20.45,0.,-7.));
#4289 = DIRECTION('',(1.,0.,2.22044604925E-16));
#4290 = DIRECTION('',(2.22044604925E-16,0.,-1.));
#4291 = PCURVE('',#1967,#4292);
#4292 = DEFINITIONAL_REPRESENTATION('',(#4293),#4297);
#4293 = LINE('',#4294,#4295);
#4294 = CARTESIAN_POINT('',(-8.881784197001E-16,45.4));
#4295 = VECTOR('',#4296,1.);
#4296 = DIRECTION('',(1.,0.));
#4297 = ( GEOMETRIC_REPRESENTATION_CONTEXT(2) 
PARAMETRIC_REPRESENTATION_CONTEXT() REPRESENTATION_CONTEXT('2D SPACE',''
  ) );
#4298 = PCURVE('',#4229,#4299);
#4299 = DEFINITIONAL_REPRESENTATION('',(#4300),#4304);
#4300 = CIRCLE('',#4301,1.7);
#4301 = AXIS2_PLACEMENT_2D('',#4302,#4303);
#4302 = CARTESIAN_POINT('',(7.,0.));
#4303 = DIRECTION('',(1.,0.));
#4304 = ( GEOMETRIC_REPRESENTATION_CONTEXT(2) 
PARAMETRIC_REPRESENTATION_CONTEXT() REPRESENTATION_CONTEXT('2D SPACE',''
  ) );
#4305 = ORIENTED_EDGE('',*,*,#4306,.T.);
#4306 = EDGE_CURVE('',#4283,#1951,#4307,.T.);
#4307 = SURFACE_CURVE('',#4308,(#4312,#4318),.PCURVE_S1.);
#4308 = LINE('',#4309,#4310);
#4309 = CARTESIAN_POINT('',(-24.95,1.7,-7.));
#4310 = VECTOR('',#4311,1.);
#4311 = DIRECTION('',(1.,0.,0.));
#4312 = PCURVE('',#1967,#4313);
#4313 = DEFINITIONAL_REPRESENTATION('',(#4314),#4317);
#4314 = B_SPLINE_CURVE_WITH_KNOTS('',1,(#4315,#4316),.UNSPECIFIED.,.F.,
  .F.,(2,2),(0.,50.4),.PIECEWISE_BEZIER_KNOTS.);
#4315 = CARTESIAN_POINT('',(7.853981633974,1.242455925723E-30));
#4316 = CARTESIAN_POINT('',(7.853981633974,50.4));
#4317 = ( GEOMETRIC_REPRESENTATION_CONTEXT(2) 
PARAMETRIC_REPRESENTATION_CONTEXT() REPRESENTATION_CONTEXT('2D SPACE',''
  ) );
#4318 = PCURVE('',#2096,#4319);
#4319 = DEFINITIONAL_REPRESENTATION('',(#4320),#4324);
#4320 = LINE('',#4321,#4322);
#4321 = CARTESIAN_POINT('',(0.,0.));
#4322 = VECTOR('',#4323,1.);
#4323 = DIRECTION('',(0.,1.));
#4324 = ( GEOMETRIC_REPRESENTATION_CONTEXT(2) 
PARAMETRIC_REPRESENTATION_CONTEXT() REPRESENTATION_CONTEXT('2D SPACE',''
  ) );
#4325 = ORIENTED_EDGE('',*,*,#1948,.F.);
#4326 = ADVANCED_FACE('',(#4327),#1994,.T.);
#4327 = FACE_BOUND('',#4328,.T.);
#4328 = EDGE_LOOP('',(#4329,#4330,#4331,#4352));
#4329 = ORIENTED_EDGE('',*,*,#1979,.F.);
#4330 = ORIENTED_EDGE('',*,*,#4190,.F.);
#4331 = ORIENTED_EDGE('',*,*,#4332,.T.);
#4332 = EDGE_CURVE('',#4191,#4333,#4335,.T.);
#4333 = VERTEX_POINT('',#4334);
#4334 = CARTESIAN_POINT('',(20.45,-1.7,-6.295836943966));
#4335 = SURFACE_CURVE('',#4336,(#4340,#4346),.PCURVE_S1.);
#4336 = LINE('',#4337,#4338);
#4337 = CARTESIAN_POINT('',(20.45,-1.7,-3.5));
#4338 = VECTOR('',#4339,1.);
#4339 = DIRECTION('',(-2.22044604925E-16,0.,1.));
#4340 = PCURVE('',#1994,#4341);
#4341 = DEFINITIONAL_REPRESENTATION('',(#4342),#4345);
#4342 = B_SPLINE_CURVE_WITH_KNOTS('',1,(#4343,#4344),.UNSPECIFIED.,.F.,
  .F.,(2,2),(-3.5,-2.795836943966),.PIECEWISE_BEZIER_KNOTS.);
#4343 = CARTESIAN_POINT('',(0.,45.4));
#4344 = CARTESIAN_POINT('',(0.704163056034,45.4));
#4345 = ( GEOMETRIC_REPRESENTATION_CONTEXT(2) 
PARAMETRIC_REPRESENTATION_CONTEXT() REPRESENTATION_CONTEXT('2D SPACE',''
  ) );
#4346 = PCURVE('',#4229,#4347);
#4347 = DEFINITIONAL_REPRESENTATION('',(#4348),#4351);
#4348 = B_SPLINE_CURVE_WITH_KNOTS('',1,(#4349,#4350),.UNSPECIFIED.,.F.,
  .F.,(2,2),(-3.5,-2.795836943966),.PIECEWISE_BEZIER_KNOTS.);
#4349 = CARTESIAN_POINT('',(7.,-1.7));
#4350 = CARTESIAN_POINT('',(6.295836943966,-1.7));
#4351 = ( GEOMETRIC_REPRESENTATION_CONTEXT(2) 
PARAMETRIC_REPRESENTATION_CONTEXT() REPRESENTATION_CONTEXT('2D SPACE',''
  ) );
#4352 = ORIENTED_EDGE('',*,*,#4353,.F.);
#4353 = EDGE_CURVE('',#1980,#4333,#4354,.T.);
#4354 = SURFACE_CURVE('',#4355,(#4359,#4365),.PCURVE_S1.);
#4355 = LINE('',#4356,#4357);
#4356 = CARTESIAN_POINT('',(-24.95,-1.7,-6.295836943966));
#4357 = VECTOR('',#4358,1.);
#4358 = DIRECTION('',(-1.,-0.,0.));
#4359 = PCURVE('',#1994,#4360);
#4360 = DEFINITIONAL_REPRESENTATION('',(#4361),#4364);
#4361 = B_SPLINE_CURVE_WITH_KNOTS('',1,(#4362,#4363),.UNSPECIFIED.,.F.,
  .F.,(2,2),(-50.4,0.),.PIECEWISE_BEZIER_KNOTS.);
#4362 = CARTESIAN_POINT('',(0.704163056034,50.4));
#4363 = CARTESIAN_POINT('',(0.704163056034,0.));
#4364 = ( GEOMETRIC_REPRESENTATION_CONTEXT(2) 
PARAMETRIC_REPRESENTATION_CONTEXT() REPRESENTATION_CONTEXT('2D SPACE',''
  ) );
#4365 = PCURVE('',#2020,#4366);
#4366 = DEFINITIONAL_REPRESENTATION('',(#4367),#4371);
#4367 = LINE('',#4368,#4369);
#4368 = CARTESIAN_POINT('',(0.,0.995836943966));
#4369 = VECTOR('',#4370,1.);
#4370 = DIRECTION('',(-1.,0.));
#4371 = ( GEOMETRIC_REPRESENTATION_CONTEXT(2) 
PARAMETRIC_REPRESENTATION_CONTEXT() REPRESENTATION_CONTEXT('2D SPACE',''
  ) );
#4372 = ADVANCED_FACE('',(#4373),#2096,.F.);
#4373 = FACE_BOUND('',#4374,.F.);
#4374 = EDGE_LOOP('',(#4375,#4376,#4377,#4398));
#4375 = ORIENTED_EDGE('',*,*,#2083,.F.);
#4376 = ORIENTED_EDGE('',*,*,#4306,.F.);
#4377 = ORIENTED_EDGE('',*,*,#4378,.T.);
#4378 = EDGE_CURVE('',#4283,#4379,#4381,.T.);
#4379 = VERTEX_POINT('',#4380);
#4380 = CARTESIAN_POINT('',(20.45,1.7,-6.295836943966));
#4381 = SURFACE_CURVE('',#4382,(#4386,#4392),.PCURVE_S1.);
#4382 = LINE('',#4383,#4384);
#4383 = CARTESIAN_POINT('',(20.45,1.7,-3.5));
#4384 = VECTOR('',#4385,1.);
#4385 = DIRECTION('',(-2.22044604925E-16,0.,1.));
#4386 = PCURVE('',#2096,#4387);
#4387 = DEFINITIONAL_REPRESENTATION('',(#4388),#4391);
#4388 = B_SPLINE_CURVE_WITH_KNOTS('',1,(#4389,#4390),.UNSPECIFIED.,.F.,
  .F.,(2,2),(-3.5,-2.795836943966),.PIECEWISE_BEZIER_KNOTS.);
#4389 = CARTESIAN_POINT('',(0.,45.4));
#4390 = CARTESIAN_POINT('',(0.704163056034,45.4));
#4391 = ( GEOMETRIC_REPRESENTATION_CONTEXT(2) 
PARAMETRIC_REPRESENTATION_CONTEXT() REPRESENTATION_CONTEXT('2D SPACE',''
  ) );
#4392 = PCURVE('',#4229,#4393);
#4393 = DEFINITIONAL_REPRESENTATION('',(#4394),#4397);
#4394 = B_SPLINE_CURVE_WITH_KNOTS('',1,(#4395,#4396),.UNSPECIFIED.,.F.,
  .F.,(2,2),(-3.5,-2.795836943966),.PIECEWISE_BEZIER_KNOTS.);
#4395 = CARTESIAN_POINT('',(7.,1.7));
#4396 = CARTESIAN_POINT('',(6.295836943966,1.7));
#4397 = ( GEOMETRIC_REPRESENTATION_CONTEXT(2) 
PARAMETRIC_REPRESENTATION_CONTEXT() REPRESENTATION_CONTEXT('2D SPACE',''
  ) );
#4398 = ORIENTED_EDGE('',*,*,#4399,.F.);
#4399 = EDGE_CURVE('',#2058,#4379,#4400,.T.);
#4400 = SURFACE_CURVE('',#4401,(#4405,#4411),.PCURVE_S1.);
#4401 = LINE('',#4402,#4403);
#4402 = CARTESIAN_POINT('',(-24.95,1.7,-6.295836943966));
#4403 = VECTOR('',#4404,1.);
#4404 = DIRECTION('',(-1.,-0.,0.));
#4405 = PCURVE('',#2096,#4406);
#4406 = DEFINITIONAL_REPRESENTATION('',(#4407),#4410);
#4407 = B_SPLINE_CURVE_WITH_KNOTS('',1,(#4408,#4409),.UNSPECIFIED.,.F.,
  .F.,(2,2),(-50.4,0.),.PIECEWISE_BEZIER_KNOTS.);
#4408 = CARTESIAN_POINT('',(0.704163056034,50.4));
#4409 = CARTESIAN_POINT('',(0.704163056034,0.));
#4410 = ( GEOMETRIC_REPRESENTATION_CONTEXT(2) 
PARAMETRIC_REPRESENTATION_CONTEXT() REPRESENTATION_CONTEXT('2D SPACE',''
  ) );
#4411 = PCURVE('',#2072,#4412);
#4412 = DEFINITIONAL_REPRESENTATION('',(#4413),#4417);
#4413 = LINE('',#4414,#4415);
#4414 = CARTESIAN_POINT('',(0.995836943966,0.));
#4415 = VECTOR('',#4416,1.);
#4416 = DIRECTION('',(0.,-1.));
#4417 = ( GEOMETRIC_REPRESENTATION_CONTEXT(2) 
PARAMETRIC_REPRESENTATION_CONTEXT() REPRESENTATION_CONTEXT('2D SPACE',''
  ) );
#4418 = ADVANCED_FACE('',(#4419),#2020,.F.);
#4419 = FACE_BOUND('',#4420,.F.);
#4420 = EDGE_LOOP('',(#4421,#4442,#4443,#4444));
#4421 = ORIENTED_EDGE('',*,*,#4422,.T.);
#4422 = EDGE_CURVE('',#4423,#4333,#4425,.T.);
#4423 = VERTEX_POINT('',#4424);
#4424 = CARTESIAN_POINT('',(20.45,-0.704163056034,-5.3));
#4425 = SURFACE_CURVE('',#4426,(#4430,#4436),.PCURVE_S1.);
#4426 = LINE('',#4427,#4428);
#4427 = CARTESIAN_POINT('',(20.45,-5.312229202569E-02,-4.648959235991));
#4428 = VECTOR('',#4429,1.);
#4429 = DIRECTION('',(1.570092458684E-16,-0.707106781187,-0.707106781187
    ));
#4430 = PCURVE('',#2020,#4431);
#4431 = DEFINITIONAL_REPRESENTATION('',(#4432),#4435);
#4432 = B_SPLINE_CURVE_WITH_KNOTS('',1,(#4433,#4434),.UNSPECIFIED.,.F.,
  .F.,(2,2),(0.920710678119,2.329036790187),.PIECEWISE_BEZIER_KNOTS.);
#4433 = CARTESIAN_POINT('',(45.4,2.404163056034));
#4434 = CARTESIAN_POINT('',(45.4,0.995836943966));
#4435 = ( GEOMETRIC_REPRESENTATION_CONTEXT(2) 
PARAMETRIC_REPRESENTATION_CONTEXT() REPRESENTATION_CONTEXT('2D SPACE',''
  ) );
#4436 = PCURVE('',#4229,#4437);
#4437 = DEFINITIONAL_REPRESENTATION('',(#4438),#4441);
#4438 = B_SPLINE_CURVE_WITH_KNOTS('',1,(#4439,#4440),.UNSPECIFIED.,.F.,
  .F.,(2,2),(0.920710678119,2.329036790187),.PIECEWISE_BEZIER_KNOTS.);
#4439 = CARTESIAN_POINT('',(5.3,-0.704163056034));
#4440 = CARTESIAN_POINT('',(6.295836943966,-1.7));
#4441 = ( GEOMETRIC_REPRESENTATION_CONTEXT(2) 
PARAMETRIC_REPRESENTATION_CONTEXT() REPRESENTATION_CONTEXT('2D SPACE',''
  ) );
#4442 = ORIENTED_EDGE('',*,*,#4353,.F.);
#4443 = ORIENTED_EDGE('',*,*,#2005,.F.);
#4444 = ORIENTED_EDGE('',*,*,#4445,.T.);
#4445 = EDGE_CURVE('',#2006,#4423,#4446,.T.);
#4446 = SURFACE_CURVE('',#4447,(#4451,#4458),.PCURVE_S1.);
#4447 = LINE('',#4448,#4449);
#4448 = CARTESIAN_POINT('',(-24.95,-0.704163056034,-5.3));
#4449 = VECTOR('',#4450,1.);
#4450 = DIRECTION('',(-1.,0.,0.));
#4451 = PCURVE('',#2020,#4452);
#4452 = DEFINITIONAL_REPRESENTATION('',(#4453),#4457);
#4453 = LINE('',#4454,#4455);
#4454 = CARTESIAN_POINT('',(0.,2.404163056034));
#4455 = VECTOR('',#4456,1.);
#4456 = DIRECTION('',(-1.,0.));
#4457 = ( GEOMETRIC_REPRESENTATION_CONTEXT(2) 
PARAMETRIC_REPRESENTATION_CONTEXT() REPRESENTATION_CONTEXT('2D SPACE',''
  ) );
#4458 = PCURVE('',#2046,#4459);
#4459 = DEFINITIONAL_REPRESENTATION('',(#4460),#4464);
#4460 = LINE('',#4461,#4462);
#4461 = CARTESIAN_POINT('',(0.,0.995836943966));
#4462 = VECTOR('',#4463,1.);
#4463 = DIRECTION('',(-1.,0.));
#4464 = ( GEOMETRIC_REPRESENTATION_CONTEXT(2) 
PARAMETRIC_REPRESENTATION_CONTEXT() REPRESENTATION_CONTEXT('2D SPACE',''
  ) );
#4465 = ADVANCED_FACE('',(#4466),#2072,.F.);
#4466 = FACE_BOUND('',#4467,.F.);
#4467 = EDGE_LOOP('',(#4468,#4469,#4470,#4491));
#4468 = ORIENTED_EDGE('',*,*,#2057,.F.);
#4469 = ORIENTED_EDGE('',*,*,#4399,.T.);
#4470 = ORIENTED_EDGE('',*,*,#4471,.T.);
#4471 = EDGE_CURVE('',#4379,#4472,#4474,.T.);
#4472 = VERTEX_POINT('',#4473);
#4473 = CARTESIAN_POINT('',(20.45,0.704163056034,-5.3));
#4474 = SURFACE_CURVE('',#4475,(#4479,#4485),.PCURVE_S1.);
#4475 = LINE('',#4476,#4477);
#4476 = CARTESIAN_POINT('',(20.45,5.312229202569E-02,-4.648959235991));
#4477 = VECTOR('',#4478,1.);
#4478 = DIRECTION('',(-1.570092458684E-16,-0.707106781187,0.707106781187
    ));
#4479 = PCURVE('',#2072,#4480);
#4480 = DEFINITIONAL_REPRESENTATION('',(#4481),#4484);
#4481 = B_SPLINE_CURVE_WITH_KNOTS('',1,(#4482,#4483),.UNSPECIFIED.,.F.,
  .F.,(2,2),(-2.329036790187,-0.920710678119),.PIECEWISE_BEZIER_KNOTS.);
#4482 = CARTESIAN_POINT('',(0.995836943966,45.4));
#4483 = CARTESIAN_POINT('',(2.404163056034,45.4));
#4484 = ( GEOMETRIC_REPRESENTATION_CONTEXT(2) 
PARAMETRIC_REPRESENTATION_CONTEXT() REPRESENTATION_CONTEXT('2D SPACE',''
  ) );
#4485 = PCURVE('',#4229,#4486);
#4486 = DEFINITIONAL_REPRESENTATION('',(#4487),#4490);
#4487 = B_SPLINE_CURVE_WITH_KNOTS('',1,(#4488,#4489),.UNSPECIFIED.,.F.,
  .F.,(2,2),(-2.329036790187,-0.920710678119),.PIECEWISE_BEZIER_KNOTS.);
#4488 = CARTESIAN_POINT('',(6.295836943966,1.7));
#4489 = CARTESIAN_POINT('',(5.3,0.704163056034));
#4490 = ( GEOMETRIC_REPRESENTATION_CONTEXT(2) 
PARAMETRIC_REPRESENTATION_CONTEXT() REPRESENTATION_CONTEXT('2D SPACE',''
  ) );
#4491 = ORIENTED_EDGE('',*,*,#4492,.T.);
#4492 = EDGE_CURVE('',#4472,#2032,#4493,.T.);
#4493 = SURFACE_CURVE('',#4494,(#4498,#4505),.PCURVE_S1.);
#4494 = LINE('',#4495,#4496);
#4495 = CARTESIAN_POINT('',(-24.95,0.704163056034,-5.3));
#4496 = VECTOR('',#4497,1.);
#4497 = DIRECTION('',(1.,0.,0.));
#4498 = PCURVE('',#2072,#4499);
#4499 = DEFINITIONAL_REPRESENTATION('',(#4500),#4504);
#4500 = LINE('',#4501,#4502);
#4501 = CARTESIAN_POINT('',(2.404163056034,0.));
#4502 = VECTOR('',#4503,1.);
#4503 = DIRECTION('',(0.,1.));
#4504 = ( GEOMETRIC_REPRESENTATION_CONTEXT(2) 
PARAMETRIC_REPRESENTATION_CONTEXT() REPRESENTATION_CONTEXT('2D SPACE',''
  ) );
#4505 = PCURVE('',#2046,#4506);
#4506 = DEFINITIONAL_REPRESENTATION('',(#4507),#4511);
#4507 = LINE('',#4508,#4509);
#4508 = CARTESIAN_POINT('',(0.,2.404163056034));
#4509 = VECTOR('',#4510,1.);
#4510 = DIRECTION('',(1.,0.));
#4511 = ( GEOMETRIC_REPRESENTATION_CONTEXT(2) 
PARAMETRIC_REPRESENTATION_CONTEXT() REPRESENTATION_CONTEXT('2D SPACE',''
  ) );
#4512 = ADVANCED_FACE('',(#4513),#2046,.F.);
#4513 = FACE_BOUND('',#4514,.F.);
#4514 = EDGE_LOOP('',(#4515,#4534,#4535,#4536));
#4515 = ORIENTED_EDGE('',*,*,#4516,.T.);
#4516 = EDGE_CURVE('',#4472,#4423,#4517,.T.);
#4517 = SURFACE_CURVE('',#4518,(#4522,#4528),.PCURVE_S1.);
#4518 = LINE('',#4519,#4520);
#4519 = CARTESIAN_POINT('',(20.45,-0.85,-5.3));
#4520 = VECTOR('',#4521,1.);
#4521 = DIRECTION('',(0.,-1.,0.));
#4522 = PCURVE('',#2046,#4523);
#4523 = DEFINITIONAL_REPRESENTATION('',(#4524),#4527);
#4524 = B_SPLINE_CURVE_WITH_KNOTS('',1,(#4525,#4526),.UNSPECIFIED.,.F.,
  .F.,(2,2),(-1.554163056034,-0.145836943966),.PIECEWISE_BEZIER_KNOTS.);
#4525 = CARTESIAN_POINT('',(45.4,2.404163056034));
#4526 = CARTESIAN_POINT('',(45.4,0.995836943966));
#4527 = ( GEOMETRIC_REPRESENTATION_CONTEXT(2) 
PARAMETRIC_REPRESENTATION_CONTEXT() REPRESENTATION_CONTEXT('2D SPACE',''
  ) );
#4528 = PCURVE('',#4229,#4529);
#4529 = DEFINITIONAL_REPRESENTATION('',(#4530),#4533);
#4530 = B_SPLINE_CURVE_WITH_KNOTS('',1,(#4531,#4532),.UNSPECIFIED.,.F.,
  .F.,(2,2),(-1.554163056034,-0.145836943966),.PIECEWISE_BEZIER_KNOTS.);
#4531 = CARTESIAN_POINT('',(5.3,0.704163056034));
#4532 = CARTESIAN_POINT('',(5.3,-0.704163056034));
#4533 = ( GEOMETRIC_REPRESENTATION_CONTEXT(2) 
PARAMETRIC_REPRESENTATION_CONTEXT() REPRESENTATION_CONTEXT('2D SPACE',''
  ) );
#4534 = ORIENTED_EDGE('',*,*,#4445,.F.);
#4535 = ORIENTED_EDGE('',*,*,#2031,.F.);
#4536 = ORIENTED_EDGE('',*,*,#4492,.F.);
#4537 = ADVANCED_FACE('',(#4538),#2126,.F.);
#4538 = FACE_BOUND('',#4539,.F.);
#4539 = EDGE_LOOP('',(#4540,#4541,#4564,#4586));
#4540 = ORIENTED_EDGE('',*,*,#2109,.F.);
#4541 = ORIENTED_EDGE('',*,*,#4542,.F.);
#4542 = EDGE_CURVE('',#4543,#2110,#4545,.T.);
#4543 = VERTEX_POINT('',#4544);
#4544 = CARTESIAN_POINT('',(20.45,-7.592810154714E-16,-3.1));
#4545 = SEAM_CURVE('',#4546,(#4550,#4557),.PCURVE_S1.);
#4546 = LINE('',#4547,#4548);
#4547 = CARTESIAN_POINT('',(19.45,-7.592810154714E-16,-3.1));
#4548 = VECTOR('',#4549,1.);
#4549 = DIRECTION('',(1.,0.,2.22044604925E-16));
#4550 = PCURVE('',#2126,#4551);
#4551 = DEFINITIONAL_REPRESENTATION('',(#4552),#4556);
#4552 = LINE('',#4553,#4554);
#4553 = CARTESIAN_POINT('',(6.28318530718,-0.));
#4554 = VECTOR('',#4555,1.);
#4555 = DIRECTION('',(0.,1.));
#4556 = ( GEOMETRIC_REPRESENTATION_CONTEXT(2) 
PARAMETRIC_REPRESENTATION_CONTEXT() REPRESENTATION_CONTEXT('2D SPACE',''
  ) );
#4557 = PCURVE('',#2126,#4558);
#4558 = DEFINITIONAL_REPRESENTATION('',(#4559),#4563);
#4559 = LINE('',#4560,#4561);
#4560 = CARTESIAN_POINT('',(0.,-0.));
#4561 = VECTOR('',#4562,1.);
#4562 = DIRECTION('',(0.,1.));
#4563 = ( GEOMETRIC_REPRESENTATION_CONTEXT(2) 
PARAMETRIC_REPRESENTATION_CONTEXT() REPRESENTATION_CONTEXT('2D SPACE',''
  ) );
#4564 = ORIENTED_EDGE('',*,*,#4565,.T.);
#4565 = EDGE_CURVE('',#4543,#4543,#4566,.T.);
#4566 = SURFACE_CURVE('',#4567,(#4572,#4579),.PCURVE_S1.);
#4567 = CIRCLE('',#4568,3.1);
#4568 = AXIS2_PLACEMENT_3D('',#4569,#4570,#4571);
#4569 = CARTESIAN_POINT('',(20.45,0.,-4.440892098501E-16));
#4570 = DIRECTION('',(1.,0.,2.22044604925E-16));
#4571 = DIRECTION('',(2.22044604925E-16,0.,-1.));
#4572 = PCURVE('',#2126,#4573);
#4573 = DEFINITIONAL_REPRESENTATION('',(#4574),#4578);
#4574 = LINE('',#4575,#4576);
#4575 = CARTESIAN_POINT('',(0.,1.));
#4576 = VECTOR('',#4577,1.);
#4577 = DIRECTION('',(1.,0.));
#4578 = ( GEOMETRIC_REPRESENTATION_CONTEXT(2) 
PARAMETRIC_REPRESENTATION_CONTEXT() REPRESENTATION_CONTEXT('2D SPACE',''
  ) );
#4579 = PCURVE('',#4229,#4580);
#4580 = DEFINITIONAL_REPRESENTATION('',(#4581),#4585);
#4581 = CIRCLE('',#4582,3.1);
#4582 = AXIS2_PLACEMENT_2D('',#4583,#4584);
#4583 = CARTESIAN_POINT('',(3.330669073875E-16,0.));
#4584 = DIRECTION('',(1.,0.));
#4585 = ( GEOMETRIC_REPRESENTATION_CONTEXT(2) 
PARAMETRIC_REPRESENTATION_CONTEXT() REPRESENTATION_CONTEXT('2D SPACE',''
  ) );
#4586 = ORIENTED_EDGE('',*,*,#4542,.T.);
#4587 = ADVANCED_FACE('',(#4588),#2159,.F.);
#4588 = FACE_BOUND('',#4589,.F.);
#4589 = EDGE_LOOP('',(#4590,#4612,#4636,#4655,#4656,#4676));
#4590 = ORIENTED_EDGE('',*,*,#4591,.F.);
#4591 = EDGE_CURVE('',#4592,#2141,#4594,.T.);
#4592 = VERTEX_POINT('',#4593);
#4593 = CARTESIAN_POINT('',(20.45,5.3,0.));
#4594 = SURFACE_CURVE('',#4595,(#4599,#4605),.PCURVE_S1.);
#4595 = LINE('',#4596,#4597);
#4596 = CARTESIAN_POINT('',(-24.95,5.3,0.));
#4597 = VECTOR('',#4598,1.);
#4598 = DIRECTION('',(1.,0.,0.));
#4599 = PCURVE('',#2159,#4600);
#4600 = DEFINITIONAL_REPRESENTATION('',(#4601),#4604);
#4601 = B_SPLINE_CURVE_WITH_KNOTS('',1,(#4602,#4603),.UNSPECIFIED.,.F.,
  .F.,(2,2),(0.,50.4),.PIECEWISE_BEZIER_KNOTS.);
#4602 = CARTESIAN_POINT('',(4.712388980385,1.242455925723E-30));
#4603 = CARTESIAN_POINT('',(4.712388980385,50.4));
#4604 = ( GEOMETRIC_REPRESENTATION_CONTEXT(2) 
PARAMETRIC_REPRESENTATION_CONTEXT() REPRESENTATION_CONTEXT('2D SPACE',''
  ) );
#4605 = PCURVE('',#2186,#4606);
#4606 = DEFINITIONAL_REPRESENTATION('',(#4607),#4611);
#4607 = LINE('',#4608,#4609);
#4608 = CARTESIAN_POINT('',(0.,0.));
#4609 = VECTOR('',#4610,1.);
#4610 = DIRECTION('',(0.,1.));
#4611 = ( GEOMETRIC_REPRESENTATION_CONTEXT(2) 
PARAMETRIC_REPRESENTATION_CONTEXT() REPRESENTATION_CONTEXT('2D SPACE',''
  ) );
#4612 = ORIENTED_EDGE('',*,*,#4613,.T.);
#4613 = EDGE_CURVE('',#4592,#4614,#4616,.T.);
#4614 = VERTEX_POINT('',#4615);
#4615 = CARTESIAN_POINT('',(20.45,8.155178571429,-1.247221900109));
#4616 = SURFACE_CURVE('',#4617,(#4622,#4629),.PCURVE_S1.);
#4617 = CIRCLE('',#4618,1.7);
#4618 = AXIS2_PLACEMENT_3D('',#4619,#4620,#4621);
#4619 = CARTESIAN_POINT('',(20.45,7.,4.485301019486E-15));
#4620 = DIRECTION('',(1.,0.,2.22044604925E-16));
#4621 = DIRECTION('',(2.22044604925E-16,0.,-1.));
#4622 = PCURVE('',#2159,#4623);
#4623 = DEFINITIONAL_REPRESENTATION('',(#4624),#4628);
#4624 = LINE('',#4625,#4626);
#4625 = CARTESIAN_POINT('',(0.,45.4));
#4626 = VECTOR('',#4627,1.);
#4627 = DIRECTION('',(1.,0.));
#4628 = ( GEOMETRIC_REPRESENTATION_CONTEXT(2) 
PARAMETRIC_REPRESENTATION_CONTEXT() REPRESENTATION_CONTEXT('2D SPACE',''
  ) );
#4629 = PCURVE('',#4229,#4630);
#4630 = DEFINITIONAL_REPRESENTATION('',(#4631),#4635);
#4631 = CIRCLE('',#4632,1.7);
#4632 = AXIS2_PLACEMENT_2D('',#4633,#4634);
#4633 = CARTESIAN_POINT('',(-4.596323321948E-15,7.));
#4634 = DIRECTION('',(1.,0.));
#4635 = ( GEOMETRIC_REPRESENTATION_CONTEXT(2) 
PARAMETRIC_REPRESENTATION_CONTEXT() REPRESENTATION_CONTEXT('2D SPACE',''
  ) );
#4636 = ORIENTED_EDGE('',*,*,#4637,.T.);
#4637 = EDGE_CURVE('',#4614,#2769,#4638,.T.);
#4638 = SURFACE_CURVE('',#4639,(#4643,#4649),.PCURVE_S1.);
#4639 = LINE('',#4640,#4641);
#4640 = CARTESIAN_POINT('',(20.45,8.155178571429,-1.247221900109));
#4641 = VECTOR('',#4642,1.);
#4642 = DIRECTION('',(1.,0.,2.22044604925E-16));
#4643 = PCURVE('',#2159,#4644);
#4644 = DEFINITIONAL_REPRESENTATION('',(#4645),#4648);
#4645 = B_SPLINE_CURVE_WITH_KNOTS('',1,(#4646,#4647),.UNSPECIFIED.,.F.,
  .F.,(2,2),(-5.999999999062E-07,1.0000006),.PIECEWISE_BEZIER_KNOTS.);
#4646 = CARTESIAN_POINT('',(7.030289134196,45.3999994));
#4647 = CARTESIAN_POINT('',(7.030289134196,46.4000006));
#4648 = ( GEOMETRIC_REPRESENTATION_CONTEXT(2) 
PARAMETRIC_REPRESENTATION_CONTEXT() REPRESENTATION_CONTEXT('2D SPACE',''
  ) );
#4649 = PCURVE('',#2811,#4650);
#4650 = DEFINITIONAL_REPRESENTATION('',(#4651),#4654);
#4651 = B_SPLINE_CURVE_WITH_KNOTS('',1,(#4652,#4653),.UNSPECIFIED.,.F.,
  .F.,(2,2),(-1.281898970984E-30,1.),.PIECEWISE_BEZIER_KNOTS.);
#4652 = CARTESIAN_POINT('',(7.702221355866,-2.769388940636E-16));
#4653 = CARTESIAN_POINT('',(7.702221355866,1.));
#4654 = ( GEOMETRIC_REPRESENTATION_CONTEXT(2) 
PARAMETRIC_REPRESENTATION_CONTEXT() REPRESENTATION_CONTEXT('2D SPACE',''
  ) );
#4655 = ORIENTED_EDGE('',*,*,#2768,.T.);
#4656 = ORIENTED_EDGE('',*,*,#4657,.T.);
#4657 = EDGE_CURVE('',#2771,#2143,#4658,.T.);
#4658 = SURFACE_CURVE('',#4659,(#4663,#4669),.PCURVE_S1.);
#4659 = LINE('',#4660,#4661);
#4660 = CARTESIAN_POINT('',(-24.95,8.7,0.));
#4661 = VECTOR('',#4662,1.);
#4662 = DIRECTION('',(1.,0.,0.));
#4663 = PCURVE('',#2159,#4664);
#4664 = DEFINITIONAL_REPRESENTATION('',(#4665),#4668);
#4665 = B_SPLINE_CURVE_WITH_KNOTS('',1,(#4666,#4667),.UNSPECIFIED.,.F.,
  .F.,(2,2),(0.,50.4),.PIECEWISE_BEZIER_KNOTS.);
#4666 = CARTESIAN_POINT('',(7.853981633974,1.242455925723E-30));
#4667 = CARTESIAN_POINT('',(7.853981633974,50.4));
#4668 = ( GEOMETRIC_REPRESENTATION_CONTEXT(2) 
PARAMETRIC_REPRESENTATION_CONTEXT() REPRESENTATION_CONTEXT('2D SPACE',''
  ) );
#4669 = PCURVE('',#2288,#4670);
#4670 = DEFINITIONAL_REPRESENTATION('',(#4671),#4675);
#4671 = LINE('',#4672,#4673);
#4672 = CARTESIAN_POINT('',(0.,0.));
#4673 = VECTOR('',#4674,1.);
#4674 = DIRECTION('',(0.,1.));
#4675 = ( GEOMETRIC_REPRESENTATION_CONTEXT(2) 
PARAMETRIC_REPRESENTATION_CONTEXT() REPRESENTATION_CONTEXT('2D SPACE',''
  ) );
#4676 = ORIENTED_EDGE('',*,*,#2140,.F.);
#4677 = ADVANCED_FACE('',(#4678),#2186,.T.);
#4678 = FACE_BOUND('',#4679,.T.);
#4679 = EDGE_LOOP('',(#4680,#4681,#4682,#4703));
#4680 = ORIENTED_EDGE('',*,*,#2171,.F.);
#4681 = ORIENTED_EDGE('',*,*,#4591,.F.);
#4682 = ORIENTED_EDGE('',*,*,#4683,.T.);
#4683 = EDGE_CURVE('',#4592,#4684,#4686,.T.);
#4684 = VERTEX_POINT('',#4685);
#4685 = CARTESIAN_POINT('',(20.45,5.3,0.704163056034));
#4686 = SURFACE_CURVE('',#4687,(#4691,#4697),.PCURVE_S1.);
#4687 = LINE('',#4688,#4689);
#4688 = CARTESIAN_POINT('',(20.45,5.3,4.984901380567E-15));
#4689 = VECTOR('',#4690,1.);
#4690 = DIRECTION('',(-2.22044604925E-16,0.,1.));
#4691 = PCURVE('',#2186,#4692);
#4692 = DEFINITIONAL_REPRESENTATION('',(#4693),#4696);
#4693 = B_SPLINE_CURVE_WITH_KNOTS('',1,(#4694,#4695),.UNSPECIFIED.,.F.,
  .F.,(2,2),(-4.984901380567E-15,0.704163056034),
  .PIECEWISE_BEZIER_KNOTS.);
#4694 = CARTESIAN_POINT('',(0.,45.4));
#4695 = CARTESIAN_POINT('',(0.704163056034,45.4));
#4696 = ( GEOMETRIC_REPRESENTATION_CONTEXT(2) 
PARAMETRIC_REPRESENTATION_CONTEXT() REPRESENTATION_CONTEXT('2D SPACE',''
  ) );
#4697 = PCURVE('',#4229,#4698);
#4698 = DEFINITIONAL_REPRESENTATION('',(#4699),#4702);
#4699 = B_SPLINE_CURVE_WITH_KNOTS('',1,(#4700,#4701),.UNSPECIFIED.,.F.,
  .F.,(2,2),(-4.984901380567E-15,0.704163056034),
  .PIECEWISE_BEZIER_KNOTS.);
#4700 = CARTESIAN_POINT('',(-1.110223024625E-16,5.3));
#4701 = CARTESIAN_POINT('',(-0.704163056034,5.3));
#4702 = ( GEOMETRIC_REPRESENTATION_CONTEXT(2) 
PARAMETRIC_REPRESENTATION_CONTEXT() REPRESENTATION_CONTEXT('2D SPACE',''
  ) );
#4703 = ORIENTED_EDGE('',*,*,#4704,.F.);
#4704 = EDGE_CURVE('',#2172,#4684,#4705,.T.);
#4705 = SURFACE_CURVE('',#4706,(#4710,#4716),.PCURVE_S1.);
#4706 = LINE('',#4707,#4708);
#4707 = CARTESIAN_POINT('',(-24.95,5.3,0.704163056034));
#4708 = VECTOR('',#4709,1.);
#4709 = DIRECTION('',(-1.,-0.,0.));
#4710 = PCURVE('',#2186,#4711);
#4711 = DEFINITIONAL_REPRESENTATION('',(#4712),#4715);
#4712 = B_SPLINE_CURVE_WITH_KNOTS('',1,(#4713,#4714),.UNSPECIFIED.,.F.,
  .F.,(2,2),(-50.4,0.),.PIECEWISE_BEZIER_KNOTS.);
#4713 = CARTESIAN_POINT('',(0.704163056034,50.4));
#4714 = CARTESIAN_POINT('',(0.704163056034,0.));
#4715 = ( GEOMETRIC_REPRESENTATION_CONTEXT(2) 
PARAMETRIC_REPRESENTATION_CONTEXT() REPRESENTATION_CONTEXT('2D SPACE',''
  ) );
#4716 = PCURVE('',#2212,#4717);
#4717 = DEFINITIONAL_REPRESENTATION('',(#4718),#4722);
#4718 = LINE('',#4719,#4720);
#4719 = CARTESIAN_POINT('',(0.,0.995836943966));
#4720 = VECTOR('',#4721,1.);
#4721 = DIRECTION('',(-1.,0.));
#4722 = ( GEOMETRIC_REPRESENTATION_CONTEXT(2) 
PARAMETRIC_REPRESENTATION_CONTEXT() REPRESENTATION_CONTEXT('2D SPACE',''
  ) );
#4723 = ADVANCED_FACE('',(#4724),#2288,.F.);
#4724 = FACE_BOUND('',#4725,.F.);
#4725 = EDGE_LOOP('',(#4726,#4727,#4728,#4729));
#4726 = ORIENTED_EDGE('',*,*,#2275,.F.);
#4727 = ORIENTED_EDGE('',*,*,#4657,.F.);
#4728 = ORIENTED_EDGE('',*,*,#3084,.T.);
#4729 = ORIENTED_EDGE('',*,*,#4730,.F.);
#4730 = EDGE_CURVE('',#2250,#3064,#4731,.T.);
#4731 = SURFACE_CURVE('',#4732,(#4736,#4742),.PCURVE_S1.);
#4732 = LINE('',#4733,#4734);
#4733 = CARTESIAN_POINT('',(-24.95,8.7,0.704163056034));
#4734 = VECTOR('',#4735,1.);
#4735 = DIRECTION('',(-1.,-0.,0.));
#4736 = PCURVE('',#2288,#4737);
#4737 = DEFINITIONAL_REPRESENTATION('',(#4738),#4741);
#4738 = B_SPLINE_CURVE_WITH_KNOTS('',1,(#4739,#4740),.UNSPECIFIED.,.F.,
  .F.,(2,2),(-50.4,0.),.PIECEWISE_BEZIER_KNOTS.);
#4739 = CARTESIAN_POINT('',(0.704163056034,50.4));
#4740 = CARTESIAN_POINT('',(0.704163056034,0.));
#4741 = ( GEOMETRIC_REPRESENTATION_CONTEXT(2) 
PARAMETRIC_REPRESENTATION_CONTEXT() REPRESENTATION_CONTEXT('2D SPACE',''
  ) );
#4742 = PCURVE('',#2264,#4743);
#4743 = DEFINITIONAL_REPRESENTATION('',(#4744),#4748);
#4744 = LINE('',#4745,#4746);
#4745 = CARTESIAN_POINT('',(0.995836943966,0.));
#4746 = VECTOR('',#4747,1.);
#4747 = DIRECTION('',(0.,-1.));
#4748 = ( GEOMETRIC_REPRESENTATION_CONTEXT(2) 
PARAMETRIC_REPRESENTATION_CONTEXT() REPRESENTATION_CONTEXT('2D SPACE',''
  ) );
#4749 = ADVANCED_FACE('',(#4750),#2212,.F.);
#4750 = FACE_BOUND('',#4751,.F.);
#4751 = EDGE_LOOP('',(#4752,#4773,#4774,#4775));
#4752 = ORIENTED_EDGE('',*,*,#4753,.T.);
#4753 = EDGE_CURVE('',#4754,#4684,#4756,.T.);
#4754 = VERTEX_POINT('',#4755);
#4755 = CARTESIAN_POINT('',(20.45,6.295836943966,1.7));
#4756 = SURFACE_CURVE('',#4757,(#4761,#4767),.PCURVE_S1.);
#4757 = LINE('',#4758,#4759);
#4758 = CARTESIAN_POINT('',(20.45,3.446877707974,-1.148959235991));
#4759 = VECTOR('',#4760,1.);
#4760 = DIRECTION('',(1.570092458684E-16,-0.707106781187,-0.707106781187
    ));
#4761 = PCURVE('',#2212,#4762);
#4762 = DEFINITIONAL_REPRESENTATION('',(#4763),#4766);
#4763 = B_SPLINE_CURVE_WITH_KNOTS('',1,(#4764,#4765),.UNSPECIFIED.,.F.,
  .F.,(2,2),(-4.029036790187,-2.620710678119),.PIECEWISE_BEZIER_KNOTS.);
#4764 = CARTESIAN_POINT('',(45.4,2.404163056034));
#4765 = CARTESIAN_POINT('',(45.4,0.995836943966));
#4766 = ( GEOMETRIC_REPRESENTATION_CONTEXT(2) 
PARAMETRIC_REPRESENTATION_CONTEXT() REPRESENTATION_CONTEXT('2D SPACE',''
  ) );
#4767 = PCURVE('',#4229,#4768);
#4768 = DEFINITIONAL_REPRESENTATION('',(#4769),#4772);
#4769 = B_SPLINE_CURVE_WITH_KNOTS('',1,(#4770,#4771),.UNSPECIFIED.,.F.,
  .F.,(2,2),(-4.029036790187,-2.620710678119),.PIECEWISE_BEZIER_KNOTS.);
#4770 = CARTESIAN_POINT('',(-1.7,6.295836943966));
#4771 = CARTESIAN_POINT('',(-0.704163056034,5.3));
#4772 = ( GEOMETRIC_REPRESENTATION_CONTEXT(2) 
PARAMETRIC_REPRESENTATION_CONTEXT() REPRESENTATION_CONTEXT('2D SPACE',''
  ) );
#4773 = ORIENTED_EDGE('',*,*,#4704,.F.);
#4774 = ORIENTED_EDGE('',*,*,#2197,.F.);
#4775 = ORIENTED_EDGE('',*,*,#4776,.T.);
#4776 = EDGE_CURVE('',#2198,#4754,#4777,.T.);
#4777 = SURFACE_CURVE('',#4778,(#4782,#4789),.PCURVE_S1.);
#4778 = LINE('',#4779,#4780);
#4779 = CARTESIAN_POINT('',(-24.95,6.295836943966,1.7));
#4780 = VECTOR('',#4781,1.);
#4781 = DIRECTION('',(-1.,0.,0.));
#4782 = PCURVE('',#2212,#4783);
#4783 = DEFINITIONAL_REPRESENTATION('',(#4784),#4788);
#4784 = LINE('',#4785,#4786);
#4785 = CARTESIAN_POINT('',(0.,2.404163056034));
#4786 = VECTOR('',#4787,1.);
#4787 = DIRECTION('',(-1.,0.));
#4788 = ( GEOMETRIC_REPRESENTATION_CONTEXT(2) 
PARAMETRIC_REPRESENTATION_CONTEXT() REPRESENTATION_CONTEXT('2D SPACE',''
  ) );
#4789 = PCURVE('',#2238,#4790);
#4790 = DEFINITIONAL_REPRESENTATION('',(#4791),#4795);
#4791 = LINE('',#4792,#4793);
#4792 = CARTESIAN_POINT('',(0.,0.995836943966));
#4793 = VECTOR('',#4794,1.);
#4794 = DIRECTION('',(-1.,0.));
#4795 = ( GEOMETRIC_REPRESENTATION_CONTEXT(2) 
PARAMETRIC_REPRESENTATION_CONTEXT() REPRESENTATION_CONTEXT('2D SPACE',''
  ) );
#4796 = ADVANCED_FACE('',(#4797),#2264,.F.);
#4797 = FACE_BOUND('',#4798,.F.);
#4798 = EDGE_LOOP('',(#4799,#4800,#4801,#4802,#4823,#4844));
#4799 = ORIENTED_EDGE('',*,*,#2249,.F.);
#4800 = ORIENTED_EDGE('',*,*,#4730,.T.);
#4801 = ORIENTED_EDGE('',*,*,#3063,.T.);
#4802 = ORIENTED_EDGE('',*,*,#4803,.F.);
#4803 = EDGE_CURVE('',#4804,#3035,#4806,.T.);
#4804 = VERTEX_POINT('',#4805);
#4805 = CARTESIAN_POINT('',(20.45,8.154860018433,1.249303037601));
#4806 = SURFACE_CURVE('',#4807,(#4811,#4817),.PCURVE_S1.);
#4807 = LINE('',#4808,#4809);
#4808 = CARTESIAN_POINT('',(20.45,8.154860018433,1.249303037601));
#4809 = VECTOR('',#4810,1.);
#4810 = DIRECTION('',(1.,0.,2.22044604925E-16));
#4811 = PCURVE('',#2264,#4812);
#4812 = DEFINITIONAL_REPRESENTATION('',(#4813),#4816);
#4813 = B_SPLINE_CURVE_WITH_KNOTS('',1,(#4814,#4815),.UNSPECIFIED.,.F.,
  .F.,(2,2),(-5.999999999062E-07,1.0000006),.PIECEWISE_BEZIER_KNOTS.);
#4814 = CARTESIAN_POINT('',(1.766781299289,45.3999994));
#4815 = CARTESIAN_POINT('',(1.766781299289,46.4000006));
#4816 = ( GEOMETRIC_REPRESENTATION_CONTEXT(2) 
PARAMETRIC_REPRESENTATION_CONTEXT() REPRESENTATION_CONTEXT('2D SPACE',''
  ) );
#4817 = PCURVE('',#3051,#4818);
#4818 = DEFINITIONAL_REPRESENTATION('',(#4819),#4822);
#4819 = B_SPLINE_CURVE_WITH_KNOTS('',1,(#4820,#4821),.UNSPECIFIED.,.F.,
  .F.,(2,2),(9.860761315263E-32,1.),.PIECEWISE_BEZIER_KNOTS.);
#4820 = CARTESIAN_POINT('',(1.722811802028,2.774009994158E-16));
#4821 = CARTESIAN_POINT('',(1.722811802028,1.));
#4822 = ( GEOMETRIC_REPRESENTATION_CONTEXT(2) 
PARAMETRIC_REPRESENTATION_CONTEXT() REPRESENTATION_CONTEXT('2D SPACE',''
  ) );
#4823 = ORIENTED_EDGE('',*,*,#4824,.T.);
#4824 = EDGE_CURVE('',#4804,#4825,#4827,.T.);
#4825 = VERTEX_POINT('',#4826);
#4826 = CARTESIAN_POINT('',(20.45,7.704163056034,1.7));
#4827 = SURFACE_CURVE('',#4828,(#4832,#4838),.PCURVE_S1.);
#4828 = LINE('',#4829,#4830);
#4829 = CARTESIAN_POINT('',(20.45,7.053122292026,2.351040764009));
#4830 = VECTOR('',#4831,1.);
#4831 = DIRECTION('',(-1.570092458684E-16,-0.707106781187,0.707106781187
    ));
#4832 = PCURVE('',#2264,#4833);
#4833 = DEFINITIONAL_REPRESENTATION('',(#4834),#4837);
#4834 = B_SPLINE_CURVE_WITH_KNOTS('',1,(#4835,#4836),.UNSPECIFIED.,.F.,
  .F.,(2,2),(-1.692640687119,-0.920710678119),.PIECEWISE_BEZIER_KNOTS.);
#4835 = CARTESIAN_POINT('',(1.632233047034,45.4));
#4836 = CARTESIAN_POINT('',(2.404163056034,45.4));
#4837 = ( GEOMETRIC_REPRESENTATION_CONTEXT(2) 
PARAMETRIC_REPRESENTATION_CONTEXT() REPRESENTATION_CONTEXT('2D SPACE',''
  ) );
#4838 = PCURVE('',#4229,#4839);
#4839 = DEFINITIONAL_REPRESENTATION('',(#4840),#4843);
#4840 = B_SPLINE_CURVE_WITH_KNOTS('',1,(#4841,#4842),.UNSPECIFIED.,.F.,
  .F.,(2,2),(-1.692640687119,-0.920710678119),.PIECEWISE_BEZIER_KNOTS.);
#4841 = CARTESIAN_POINT('',(-1.154163056034,8.25));
#4842 = CARTESIAN_POINT('',(-1.7,7.704163056034));
#4843 = ( GEOMETRIC_REPRESENTATION_CONTEXT(2) 
PARAMETRIC_REPRESENTATION_CONTEXT() REPRESENTATION_CONTEXT('2D SPACE',''
  ) );
#4844 = ORIENTED_EDGE('',*,*,#4845,.T.);
#4845 = EDGE_CURVE('',#4825,#2224,#4846,.T.);
#4846 = SURFACE_CURVE('',#4847,(#4851,#4858),.PCURVE_S1.);
#4847 = LINE('',#4848,#4849);
#4848 = CARTESIAN_POINT('',(-24.95,7.704163056034,1.7));
#4849 = VECTOR('',#4850,1.);
#4850 = DIRECTION('',(1.,0.,0.));
#4851 = PCURVE('',#2264,#4852);
#4852 = DEFINITIONAL_REPRESENTATION('',(#4853),#4857);
#4853 = LINE('',#4854,#4855);
#4854 = CARTESIAN_POINT('',(2.404163056034,0.));
#4855 = VECTOR('',#4856,1.);
#4856 = DIRECTION('',(0.,1.));
#4857 = ( GEOMETRIC_REPRESENTATION_CONTEXT(2) 
PARAMETRIC_REPRESENTATION_CONTEXT() REPRESENTATION_CONTEXT('2D SPACE',''
  ) );
#4858 = PCURVE('',#2238,#4859);
#4859 = DEFINITIONAL_REPRESENTATION('',(#4860),#4864);
#4860 = LINE('',#4861,#4862);
#4861 = CARTESIAN_POINT('',(0.,2.404163056034));
#4862 = VECTOR('',#4863,1.);
#4863 = DIRECTION('',(1.,0.));
#4864 = ( GEOMETRIC_REPRESENTATION_CONTEXT(2) 
PARAMETRIC_REPRESENTATION_CONTEXT() REPRESENTATION_CONTEXT('2D SPACE',''
  ) );
#4865 = ADVANCED_FACE('',(#4866),#2238,.F.);
#4866 = FACE_BOUND('',#4867,.F.);
#4867 = EDGE_LOOP('',(#4868,#4887,#4888,#4889));
#4868 = ORIENTED_EDGE('',*,*,#4869,.T.);
#4869 = EDGE_CURVE('',#4825,#4754,#4870,.T.);
#4870 = SURFACE_CURVE('',#4871,(#4875,#4881),.PCURVE_S1.);
#4871 = LINE('',#4872,#4873);
#4872 = CARTESIAN_POINT('',(20.45,2.65,1.7));
#4873 = VECTOR('',#4874,1.);
#4874 = DIRECTION('',(0.,-1.,0.));
#4875 = PCURVE('',#2238,#4876);
#4876 = DEFINITIONAL_REPRESENTATION('',(#4877),#4880);
#4877 = B_SPLINE_CURVE_WITH_KNOTS('',1,(#4878,#4879),.UNSPECIFIED.,.F.,
  .F.,(2,2),(-5.054163056034,-3.645836943966),.PIECEWISE_BEZIER_KNOTS.);
#4878 = CARTESIAN_POINT('',(45.4,2.404163056034));
#4879 = CARTESIAN_POINT('',(45.4,0.995836943966));
#4880 = ( GEOMETRIC_REPRESENTATION_CONTEXT(2) 
PARAMETRIC_REPRESENTATION_CONTEXT() REPRESENTATION_CONTEXT('2D SPACE',''
  ) );
#4881 = PCURVE('',#4229,#4882);
#4882 = DEFINITIONAL_REPRESENTATION('',(#4883),#4886);
#4883 = B_SPLINE_CURVE_WITH_KNOTS('',1,(#4884,#4885),.UNSPECIFIED.,.F.,
  .F.,(2,2),(-5.054163056034,-3.645836943966),.PIECEWISE_BEZIER_KNOTS.);
#4884 = CARTESIAN_POINT('',(-1.7,7.704163056034));
#4885 = CARTESIAN_POINT('',(-1.7,6.295836943966));
#4886 = ( GEOMETRIC_REPRESENTATION_CONTEXT(2) 
PARAMETRIC_REPRESENTATION_CONTEXT() REPRESENTATION_CONTEXT('2D SPACE',''
  ) );
#4887 = ORIENTED_EDGE('',*,*,#4776,.F.);
#4888 = ORIENTED_EDGE('',*,*,#2223,.F.);
#4889 = ORIENTED_EDGE('',*,*,#4845,.F.);
#4890 = ADVANCED_FACE('',(#4891),#2320,.F.);
#4891 = FACE_BOUND('',#4892,.F.);
#4892 = EDGE_LOOP('',(#4893,#4915,#4939,#4959));
#4893 = ORIENTED_EDGE('',*,*,#4894,.F.);
#4894 = EDGE_CURVE('',#4895,#2302,#4897,.T.);
#4895 = VERTEX_POINT('',#4896);
#4896 = CARTESIAN_POINT('',(20.45,-1.7,7.));
#4897 = SURFACE_CURVE('',#4898,(#4902,#4908),.PCURVE_S1.);
#4898 = LINE('',#4899,#4900);
#4899 = CARTESIAN_POINT('',(-24.95,-1.7,7.));
#4900 = VECTOR('',#4901,1.);
#4901 = DIRECTION('',(1.,0.,0.));
#4902 = PCURVE('',#2320,#4903);
#4903 = DEFINITIONAL_REPRESENTATION('',(#4904),#4907);
#4904 = B_SPLINE_CURVE_WITH_KNOTS('',1,(#4905,#4906),.UNSPECIFIED.,.F.,
  .F.,(2,2),(0.,50.4),.PIECEWISE_BEZIER_KNOTS.);
#4905 = CARTESIAN_POINT('',(4.712388980385,1.242455925723E-30));
#4906 = CARTESIAN_POINT('',(4.712388980385,50.4));
#4907 = ( GEOMETRIC_REPRESENTATION_CONTEXT(2) 
PARAMETRIC_REPRESENTATION_CONTEXT() REPRESENTATION_CONTEXT('2D SPACE',''
  ) );
#4908 = PCURVE('',#2347,#4909);
#4909 = DEFINITIONAL_REPRESENTATION('',(#4910),#4914);
#4910 = LINE('',#4911,#4912);
#4911 = CARTESIAN_POINT('',(0.,0.));
#4912 = VECTOR('',#4913,1.);
#4913 = DIRECTION('',(0.,1.));
#4914 = ( GEOMETRIC_REPRESENTATION_CONTEXT(2) 
PARAMETRIC_REPRESENTATION_CONTEXT() REPRESENTATION_CONTEXT('2D SPACE',''
  ) );
#4915 = ORIENTED_EDGE('',*,*,#4916,.T.);
#4916 = EDGE_CURVE('',#4895,#4917,#4919,.T.);
#4917 = VERTEX_POINT('',#4918);
#4918 = CARTESIAN_POINT('',(20.45,1.7,7.));
#4919 = SURFACE_CURVE('',#4920,(#4925,#4932),.PCURVE_S1.);
#4920 = CIRCLE('',#4921,1.7);
#4921 = AXIS2_PLACEMENT_3D('',#4922,#4923,#4924);
#4922 = CARTESIAN_POINT('',(20.45,0.,7.));
#4923 = DIRECTION('',(1.,0.,2.22044604925E-16));
#4924 = DIRECTION('',(2.22044604925E-16,0.,-1.));
#4925 = PCURVE('',#2320,#4926);
#4926 = DEFINITIONAL_REPRESENTATION('',(#4927),#4931);
#4927 = LINE('',#4928,#4929);
#4928 = CARTESIAN_POINT('',(-8.881784197001E-16,45.4));
#4929 = VECTOR('',#4930,1.);
#4930 = DIRECTION('',(1.,0.));
#4931 = ( GEOMETRIC_REPRESENTATION_CONTEXT(2) 
PARAMETRIC_REPRESENTATION_CONTEXT() REPRESENTATION_CONTEXT('2D SPACE',''
  ) );
#4932 = PCURVE('',#4229,#4933);
#4933 = DEFINITIONAL_REPRESENTATION('',(#4934),#4938);
#4934 = CIRCLE('',#4935,1.7);
#4935 = AXIS2_PLACEMENT_2D('',#4936,#4937);
#4936 = CARTESIAN_POINT('',(-7.,0.));
#4937 = DIRECTION('',(1.,0.));
#4938 = ( GEOMETRIC_REPRESENTATION_CONTEXT(2) 
PARAMETRIC_REPRESENTATION_CONTEXT() REPRESENTATION_CONTEXT('2D SPACE',''
  ) );
#4939 = ORIENTED_EDGE('',*,*,#4940,.T.);
#4940 = EDGE_CURVE('',#4917,#2304,#4941,.T.);
#4941 = SURFACE_CURVE('',#4942,(#4946,#4952),.PCURVE_S1.);
#4942 = LINE('',#4943,#4944);
#4943 = CARTESIAN_POINT('',(-24.95,1.7,7.));
#4944 = VECTOR('',#4945,1.);
#4945 = DIRECTION('',(1.,0.,0.));
#4946 = PCURVE('',#2320,#4947);
#4947 = DEFINITIONAL_REPRESENTATION('',(#4948),#4951);
#4948 = B_SPLINE_CURVE_WITH_KNOTS('',1,(#4949,#4950),.UNSPECIFIED.,.F.,
  .F.,(2,2),(0.,50.4),.PIECEWISE_BEZIER_KNOTS.);
#4949 = CARTESIAN_POINT('',(7.853981633974,1.242455925723E-30));
#4950 = CARTESIAN_POINT('',(7.853981633974,50.4));
#4951 = ( GEOMETRIC_REPRESENTATION_CONTEXT(2) 
PARAMETRIC_REPRESENTATION_CONTEXT() REPRESENTATION_CONTEXT('2D SPACE',''
  ) );
#4952 = PCURVE('',#2449,#4953);
#4953 = DEFINITIONAL_REPRESENTATION('',(#4954),#4958);
#4954 = LINE('',#4955,#4956);
#4955 = CARTESIAN_POINT('',(0.,0.));
#4956 = VECTOR('',#4957,1.);
#4957 = DIRECTION('',(0.,1.));
#4958 = ( GEOMETRIC_REPRESENTATION_CONTEXT(2) 
PARAMETRIC_REPRESENTATION_CONTEXT() REPRESENTATION_CONTEXT('2D SPACE',''
  ) );
#4959 = ORIENTED_EDGE('',*,*,#2301,.F.);
#4960 = ADVANCED_FACE('',(#4961),#2347,.T.);
#4961 = FACE_BOUND('',#4962,.T.);
#4962 = EDGE_LOOP('',(#4963,#4964,#4965,#4986));
#4963 = ORIENTED_EDGE('',*,*,#2332,.F.);
#4964 = ORIENTED_EDGE('',*,*,#4894,.F.);
#4965 = ORIENTED_EDGE('',*,*,#4966,.T.);
#4966 = EDGE_CURVE('',#4895,#4967,#4969,.T.);
#4967 = VERTEX_POINT('',#4968);
#4968 = CARTESIAN_POINT('',(20.45,-1.7,7.704163056034));
#4969 = SURFACE_CURVE('',#4970,(#4974,#4980),.PCURVE_S1.);
#4970 = LINE('',#4971,#4972);
#4971 = CARTESIAN_POINT('',(20.45,-1.7,3.5));
#4972 = VECTOR('',#4973,1.);
#4973 = DIRECTION('',(-2.22044604925E-16,0.,1.));
#4974 = PCURVE('',#2347,#4975);
#4975 = DEFINITIONAL_REPRESENTATION('',(#4976),#4979);
#4976 = B_SPLINE_CURVE_WITH_KNOTS('',1,(#4977,#4978),.UNSPECIFIED.,.F.,
  .F.,(2,2),(3.5,4.204163056034),.PIECEWISE_BEZIER_KNOTS.);
#4977 = CARTESIAN_POINT('',(0.,45.4));
#4978 = CARTESIAN_POINT('',(0.704163056034,45.4));
#4979 = ( GEOMETRIC_REPRESENTATION_CONTEXT(2) 
PARAMETRIC_REPRESENTATION_CONTEXT() REPRESENTATION_CONTEXT('2D SPACE',''
  ) );
#4980 = PCURVE('',#4229,#4981);
#4981 = DEFINITIONAL_REPRESENTATION('',(#4982),#4985);
#4982 = B_SPLINE_CURVE_WITH_KNOTS('',1,(#4983,#4984),.UNSPECIFIED.,.F.,
  .F.,(2,2),(3.5,4.204163056034),.PIECEWISE_BEZIER_KNOTS.);
#4983 = CARTESIAN_POINT('',(-7.,-1.7));
#4984 = CARTESIAN_POINT('',(-7.704163056034,-1.7));
#4985 = ( GEOMETRIC_REPRESENTATION_CONTEXT(2) 
PARAMETRIC_REPRESENTATION_CONTEXT() REPRESENTATION_CONTEXT('2D SPACE',''
  ) );
#4986 = ORIENTED_EDGE('',*,*,#4987,.F.);
#4987 = EDGE_CURVE('',#2333,#4967,#4988,.T.);
#4988 = SURFACE_CURVE('',#4989,(#4993,#4999),.PCURVE_S1.);
#4989 = LINE('',#4990,#4991);
#4990 = CARTESIAN_POINT('',(-24.95,-1.7,7.704163056034));
#4991 = VECTOR('',#4992,1.);
#4992 = DIRECTION('',(-1.,-0.,0.));
#4993 = PCURVE('',#2347,#4994);
#4994 = DEFINITIONAL_REPRESENTATION('',(#4995),#4998);
#4995 = B_SPLINE_CURVE_WITH_KNOTS('',1,(#4996,#4997),.UNSPECIFIED.,.F.,
  .F.,(2,2),(-50.4,0.),.PIECEWISE_BEZIER_KNOTS.);
#4996 = CARTESIAN_POINT('',(0.704163056034,50.4));
#4997 = CARTESIAN_POINT('',(0.704163056034,0.));
#4998 = ( GEOMETRIC_REPRESENTATION_CONTEXT(2) 
PARAMETRIC_REPRESENTATION_CONTEXT() REPRESENTATION_CONTEXT('2D SPACE',''
  ) );
#4999 = PCURVE('',#2373,#5000);
#5000 = DEFINITIONAL_REPRESENTATION('',(#5001),#5005);
#5001 = LINE('',#5002,#5003);
#5002 = CARTESIAN_POINT('',(0.,0.995836943966));
#5003 = VECTOR('',#5004,1.);
#5004 = DIRECTION('',(-1.,0.));
#5005 = ( GEOMETRIC_REPRESENTATION_CONTEXT(2) 
PARAMETRIC_REPRESENTATION_CONTEXT() REPRESENTATION_CONTEXT('2D SPACE',''
  ) );
#5006 = ADVANCED_FACE('',(#5007),#2449,.F.);
#5007 = FACE_BOUND('',#5008,.F.);
#5008 = EDGE_LOOP('',(#5009,#5010,#5011,#5032));
#5009 = ORIENTED_EDGE('',*,*,#2436,.F.);
#5010 = ORIENTED_EDGE('',*,*,#4940,.F.);
#5011 = ORIENTED_EDGE('',*,*,#5012,.T.);
#5012 = EDGE_CURVE('',#4917,#5013,#5015,.T.);
#5013 = VERTEX_POINT('',#5014);
#5014 = CARTESIAN_POINT('',(20.45,1.7,7.704163056034));
#5015 = SURFACE_CURVE('',#5016,(#5020,#5026),.PCURVE_S1.);
#5016 = LINE('',#5017,#5018);
#5017 = CARTESIAN_POINT('',(20.45,1.7,3.5));
#5018 = VECTOR('',#5019,1.);
#5019 = DIRECTION('',(-2.22044604925E-16,0.,1.));
#5020 = PCURVE('',#2449,#5021);
#5021 = DEFINITIONAL_REPRESENTATION('',(#5022),#5025);
#5022 = B_SPLINE_CURVE_WITH_KNOTS('',1,(#5023,#5024),.UNSPECIFIED.,.F.,
  .F.,(2,2),(3.5,4.204163056034),.PIECEWISE_BEZIER_KNOTS.);
#5023 = CARTESIAN_POINT('',(0.,45.4));
#5024 = CARTESIAN_POINT('',(0.704163056034,45.4));
#5025 = ( GEOMETRIC_REPRESENTATION_CONTEXT(2) 
PARAMETRIC_REPRESENTATION_CONTEXT() REPRESENTATION_CONTEXT('2D SPACE',''
  ) );
#5026 = PCURVE('',#4229,#5027);
#5027 = DEFINITIONAL_REPRESENTATION('',(#5028),#5031);
#5028 = B_SPLINE_CURVE_WITH_KNOTS('',1,(#5029,#5030),.UNSPECIFIED.,.F.,
  .F.,(2,2),(3.5,4.204163056034),.PIECEWISE_BEZIER_KNOTS.);
#5029 = CARTESIAN_POINT('',(-7.,1.7));
#5030 = CARTESIAN_POINT('',(-7.704163056034,1.7));
#5031 = ( GEOMETRIC_REPRESENTATION_CONTEXT(2) 
PARAMETRIC_REPRESENTATION_CONTEXT() REPRESENTATION_CONTEXT('2D SPACE',''
  ) );
#5032 = ORIENTED_EDGE('',*,*,#5033,.F.);
#5033 = EDGE_CURVE('',#2411,#5013,#5034,.T.);
#5034 = SURFACE_CURVE('',#5035,(#5039,#5045),.PCURVE_S1.);
#5035 = LINE('',#5036,#5037);
#5036 = CARTESIAN_POINT('',(-24.95,1.7,7.704163056034));
#5037 = VECTOR('',#5038,1.);
#5038 = DIRECTION('',(-1.,-0.,0.));
#5039 = PCURVE('',#2449,#5040);
#5040 = DEFINITIONAL_REPRESENTATION('',(#5041),#5044);
#5041 = B_SPLINE_CURVE_WITH_KNOTS('',1,(#5042,#5043),.UNSPECIFIED.,.F.,
  .F.,(2,2),(-50.4,0.),.PIECEWISE_BEZIER_KNOTS.);
#5042 = CARTESIAN_POINT('',(0.704163056034,50.4));
#5043 = CARTESIAN_POINT('',(0.704163056034,0.));
#5044 = ( GEOMETRIC_REPRESENTATION_CONTEXT(2) 
PARAMETRIC_REPRESENTATION_CONTEXT() REPRESENTATION_CONTEXT('2D SPACE',''
  ) );
#5045 = PCURVE('',#2425,#5046);
#5046 = DEFINITIONAL_REPRESENTATION('',(#5047),#5051);
#5047 = LINE('',#5048,#5049);
#5048 = CARTESIAN_POINT('',(0.995836943966,0.));
#5049 = VECTOR('',#5050,1.);
#5050 = DIRECTION('',(0.,-1.));
#5051 = ( GEOMETRIC_REPRESENTATION_CONTEXT(2) 
PARAMETRIC_REPRESENTATION_CONTEXT() REPRESENTATION_CONTEXT('2D SPACE',''
  ) );
#5052 = ADVANCED_FACE('',(#5053),#2373,.F.);
#5053 = FACE_BOUND('',#5054,.F.);
#5054 = EDGE_LOOP('',(#5055,#5076,#5077,#5078,#5099,#5100));
#5055 = ORIENTED_EDGE('',*,*,#5056,.T.);
#5056 = EDGE_CURVE('',#5057,#4967,#5059,.T.);
#5057 = VERTEX_POINT('',#5058);
#5058 = CARTESIAN_POINT('',(20.45,-1.249303037601,8.154860018433));
#5059 = SURFACE_CURVE('',#5060,(#5064,#5070),.PCURVE_S1.);
#5060 = LINE('',#5061,#5062);
#5061 = CARTESIAN_POINT('',(20.45,-3.553122292026,5.851040764009));
#5062 = VECTOR('',#5063,1.);
#5063 = DIRECTION('',(1.570092458684E-16,-0.707106781187,-0.707106781187
    ));
#5064 = PCURVE('',#2373,#5065);
#5065 = DEFINITIONAL_REPRESENTATION('',(#5066),#5069);
#5066 = B_SPLINE_CURVE_WITH_KNOTS('',1,(#5067,#5068),.UNSPECIFIED.,.F.,
  .F.,(2,2),(-3.392640687119,-2.620710678119),.PIECEWISE_BEZIER_KNOTS.);
#5067 = CARTESIAN_POINT('',(45.4,1.767766952966));
#5068 = CARTESIAN_POINT('',(45.4,0.995836943966));
#5069 = ( GEOMETRIC_REPRESENTATION_CONTEXT(2) 
PARAMETRIC_REPRESENTATION_CONTEXT() REPRESENTATION_CONTEXT('2D SPACE',''
  ) );
#5070 = PCURVE('',#4229,#5071);
#5071 = DEFINITIONAL_REPRESENTATION('',(#5072),#5075);
#5072 = B_SPLINE_CURVE_WITH_KNOTS('',1,(#5073,#5074),.UNSPECIFIED.,.F.,
  .F.,(2,2),(-3.392640687119,-2.620710678119),.PIECEWISE_BEZIER_KNOTS.);
#5073 = CARTESIAN_POINT('',(-8.25,-1.154163056034));
#5074 = CARTESIAN_POINT('',(-7.704163056034,-1.7));
#5075 = ( GEOMETRIC_REPRESENTATION_CONTEXT(2) 
PARAMETRIC_REPRESENTATION_CONTEXT() REPRESENTATION_CONTEXT('2D SPACE',''
  ) );
#5076 = ORIENTED_EDGE('',*,*,#4987,.F.);
#5077 = ORIENTED_EDGE('',*,*,#2358,.F.);
#5078 = ORIENTED_EDGE('',*,*,#5079,.T.);
#5079 = EDGE_CURVE('',#2359,#2972,#5080,.T.);
#5080 = SURFACE_CURVE('',#5081,(#5085,#5092),.PCURVE_S1.);
#5081 = LINE('',#5082,#5083);
#5082 = CARTESIAN_POINT('',(-24.95,-0.704163056034,8.7));
#5083 = VECTOR('',#5084,1.);
#5084 = DIRECTION('',(-1.,0.,0.));
#5085 = PCURVE('',#2373,#5086);
#5086 = DEFINITIONAL_REPRESENTATION('',(#5087),#5091);
#5087 = LINE('',#5088,#5089);
#5088 = CARTESIAN_POINT('',(0.,2.404163056034));
#5089 = VECTOR('',#5090,1.);
#5090 = DIRECTION('',(-1.,0.));
#5091 = ( GEOMETRIC_REPRESENTATION_CONTEXT(2) 
PARAMETRIC_REPRESENTATION_CONTEXT() REPRESENTATION_CONTEXT('2D SPACE',''
  ) );
#5092 = PCURVE('',#2399,#5093);
#5093 = DEFINITIONAL_REPRESENTATION('',(#5094),#5098);
#5094 = LINE('',#5095,#5096);
#5095 = CARTESIAN_POINT('',(0.,0.995836943966));
#5096 = VECTOR('',#5097,1.);
#5097 = DIRECTION('',(-1.,0.));
#5098 = ( GEOMETRIC_REPRESENTATION_CONTEXT(2) 
PARAMETRIC_REPRESENTATION_CONTEXT() REPRESENTATION_CONTEXT('2D SPACE',''
  ) );
#5099 = ORIENTED_EDGE('',*,*,#2971,.T.);
#5100 = ORIENTED_EDGE('',*,*,#5101,.F.);
#5101 = EDGE_CURVE('',#5057,#2943,#5102,.T.);
#5102 = SURFACE_CURVE('',#5103,(#5107,#5113),.PCURVE_S1.);
#5103 = LINE('',#5104,#5105);
#5104 = CARTESIAN_POINT('',(20.45,-1.249303037601,8.154860018433));
#5105 = VECTOR('',#5106,1.);
#5106 = DIRECTION('',(1.,0.,2.22044604925E-16));
#5107 = PCURVE('',#2373,#5108);
#5108 = DEFINITIONAL_REPRESENTATION('',(#5109),#5112);
#5109 = B_SPLINE_CURVE_WITH_KNOTS('',1,(#5110,#5111),.UNSPECIFIED.,.F.,
  .F.,(2,2),(-6.000000034589E-07,1.0000006),.PIECEWISE_BEZIER_KNOTS.);
#5110 = CARTESIAN_POINT('',(45.3999994,1.633218700711));
#5111 = CARTESIAN_POINT('',(46.4000006,1.633218700711));
#5112 = ( GEOMETRIC_REPRESENTATION_CONTEXT(2) 
PARAMETRIC_REPRESENTATION_CONTEXT() REPRESENTATION_CONTEXT('2D SPACE',''
  ) );
#5113 = PCURVE('',#2959,#5114);
#5114 = DEFINITIONAL_REPRESENTATION('',(#5115),#5118);
#5115 = B_SPLINE_CURVE_WITH_KNOTS('',1,(#5116,#5117),.UNSPECIFIED.,.F.,
  .F.,(2,2),(-6.000000034589E-07,1.0000006),.PIECEWISE_BEZIER_KNOTS.);
#5116 = CARTESIAN_POINT('',(3.293608128823,-6.000000016482E-07));
#5117 = CARTESIAN_POINT('',(3.293608128823,1.0000006));
#5118 = ( GEOMETRIC_REPRESENTATION_CONTEXT(2) 
PARAMETRIC_REPRESENTATION_CONTEXT() REPRESENTATION_CONTEXT('2D SPACE',''
  ) );
#5119 = ADVANCED_FACE('',(#5120),#2425,.F.);
#5120 = FACE_BOUND('',#5121,.F.);
#5121 = EDGE_LOOP('',(#5122,#5123,#5124,#5145,#5164,#5165));
#5122 = ORIENTED_EDGE('',*,*,#2410,.F.);
#5123 = ORIENTED_EDGE('',*,*,#5033,.T.);
#5124 = ORIENTED_EDGE('',*,*,#5125,.T.);
#5125 = EDGE_CURVE('',#5013,#5126,#5128,.T.);
#5126 = VERTEX_POINT('',#5127);
#5127 = CARTESIAN_POINT('',(20.45,1.249303037601,8.154860018433));
#5128 = SURFACE_CURVE('',#5129,(#5133,#5139),.PCURVE_S1.);
#5129 = LINE('',#5130,#5131);
#5130 = CARTESIAN_POINT('',(20.45,3.553122292026,5.851040764009));
#5131 = VECTOR('',#5132,1.);
#5132 = DIRECTION('',(-1.570092458684E-16,-0.707106781187,0.707106781187
    ));
#5133 = PCURVE('',#2425,#5134);
#5134 = DEFINITIONAL_REPRESENTATION('',(#5135),#5138);
#5135 = B_SPLINE_CURVE_WITH_KNOTS('',1,(#5136,#5137),.UNSPECIFIED.,.F.,
  .F.,(2,2),(2.620710678119,3.392640687119),.PIECEWISE_BEZIER_KNOTS.);
#5136 = CARTESIAN_POINT('',(0.995836943966,45.4));
#5137 = CARTESIAN_POINT('',(1.767766952966,45.4));
#5138 = ( GEOMETRIC_REPRESENTATION_CONTEXT(2) 
PARAMETRIC_REPRESENTATION_CONTEXT() REPRESENTATION_CONTEXT('2D SPACE',''
  ) );
#5139 = PCURVE('',#4229,#5140);
#5140 = DEFINITIONAL_REPRESENTATION('',(#5141),#5144);
#5141 = B_SPLINE_CURVE_WITH_KNOTS('',1,(#5142,#5143),.UNSPECIFIED.,.F.,
  .F.,(2,2),(2.620710678119,3.392640687119),.PIECEWISE_BEZIER_KNOTS.);
#5142 = CARTESIAN_POINT('',(-7.704163056034,1.7));
#5143 = CARTESIAN_POINT('',(-8.25,1.154163056034));
#5144 = ( GEOMETRIC_REPRESENTATION_CONTEXT(2) 
PARAMETRIC_REPRESENTATION_CONTEXT() REPRESENTATION_CONTEXT('2D SPACE',''
  ) );
#5145 = ORIENTED_EDGE('',*,*,#5146,.T.);
#5146 = EDGE_CURVE('',#5126,#3014,#5147,.T.);
#5147 = SURFACE_CURVE('',#5148,(#5152,#5158),.PCURVE_S1.);
#5148 = LINE('',#5149,#5150);
#5149 = CARTESIAN_POINT('',(20.45,1.249303037601,8.154860018433));
#5150 = VECTOR('',#5151,1.);
#5151 = DIRECTION('',(1.,0.,2.22044604925E-16));
#5152 = PCURVE('',#2425,#5153);
#5153 = DEFINITIONAL_REPRESENTATION('',(#5154),#5157);
#5154 = B_SPLINE_CURVE_WITH_KNOTS('',1,(#5155,#5156),.UNSPECIFIED.,.F.,
  .F.,(2,2),(-6.000000034589E-07,1.0000006),.PIECEWISE_BEZIER_KNOTS.);
#5155 = CARTESIAN_POINT('',(1.633218700711,45.3999994));
#5156 = CARTESIAN_POINT('',(1.633218700711,46.4000006));
#5157 = ( GEOMETRIC_REPRESENTATION_CONTEXT(2) 
PARAMETRIC_REPRESENTATION_CONTEXT() REPRESENTATION_CONTEXT('2D SPACE',''
  ) );
#5158 = PCURVE('',#3051,#5159);
#5159 = DEFINITIONAL_REPRESENTATION('',(#5160),#5163);
#5160 = B_SPLINE_CURVE_WITH_KNOTS('',1,(#5161,#5162),.UNSPECIFIED.,.F.,
  .F.,(2,2),(-6.000000034589E-07,1.0000006),.PIECEWISE_BEZIER_KNOTS.);
#5161 = CARTESIAN_POINT('',(2.989577178356,-6.000000016482E-07));
#5162 = CARTESIAN_POINT('',(2.989577178356,1.0000006));
#5163 = ( GEOMETRIC_REPRESENTATION_CONTEXT(2) 
PARAMETRIC_REPRESENTATION_CONTEXT() REPRESENTATION_CONTEXT('2D SPACE',''
  ) );
#5164 = ORIENTED_EDGE('',*,*,#3013,.T.);
#5165 = ORIENTED_EDGE('',*,*,#5166,.T.);
#5166 = EDGE_CURVE('',#2993,#2385,#5167,.T.);
#5167 = SURFACE_CURVE('',#5168,(#5172,#5179),.PCURVE_S1.);
#5168 = LINE('',#5169,#5170);
#5169 = CARTESIAN_POINT('',(-24.95,0.704163056034,8.7));
#5170 = VECTOR('',#5171,1.);
#5171 = DIRECTION('',(1.,0.,0.));
#5172 = PCURVE('',#2425,#5173);
#5173 = DEFINITIONAL_REPRESENTATION('',(#5174),#5178);
#5174 = LINE('',#5175,#5176);
#5175 = CARTESIAN_POINT('',(2.404163056034,0.));
#5176 = VECTOR('',#5177,1.);
#5177 = DIRECTION('',(0.,1.));
#5178 = ( GEOMETRIC_REPRESENTATION_CONTEXT(2) 
PARAMETRIC_REPRESENTATION_CONTEXT() REPRESENTATION_CONTEXT('2D SPACE',''
  ) );
#5179 = PCURVE('',#2399,#5180);
#5180 = DEFINITIONAL_REPRESENTATION('',(#5181),#5185);
#5181 = LINE('',#5182,#5183);
#5182 = CARTESIAN_POINT('',(0.,2.404163056034));
#5183 = VECTOR('',#5184,1.);
#5184 = DIRECTION('',(1.,0.));
#5185 = ( GEOMETRIC_REPRESENTATION_CONTEXT(2) 
PARAMETRIC_REPRESENTATION_CONTEXT() REPRESENTATION_CONTEXT('2D SPACE',''
  ) );
#5186 = ADVANCED_FACE('',(#5187),#2399,.F.);
#5187 = FACE_BOUND('',#5188,.F.);
#5188 = EDGE_LOOP('',(#5189,#5190,#5191,#5192));
#5189 = ORIENTED_EDGE('',*,*,#2992,.T.);
#5190 = ORIENTED_EDGE('',*,*,#5079,.F.);
#5191 = ORIENTED_EDGE('',*,*,#2384,.F.);
#5192 = ORIENTED_EDGE('',*,*,#5166,.F.);
#5193 = ADVANCED_FACE('',(#5194),#2481,.F.);
#5194 = FACE_BOUND('',#5195,.F.);
#5195 = EDGE_LOOP('',(#5196,#5216,#5217,#5238,#5262,#5282));
#5196 = ORIENTED_EDGE('',*,*,#5197,.F.);
#5197 = EDGE_CURVE('',#2877,#2463,#5198,.T.);
#5198 = SURFACE_CURVE('',#5199,(#5203,#5209),.PCURVE_S1.);
#5199 = LINE('',#5200,#5201);
#5200 = CARTESIAN_POINT('',(-24.95,-8.7,0.));
#5201 = VECTOR('',#5202,1.);
#5202 = DIRECTION('',(1.,0.,0.));
#5203 = PCURVE('',#2481,#5204);
#5204 = DEFINITIONAL_REPRESENTATION('',(#5205),#5208);
#5205 = B_SPLINE_CURVE_WITH_KNOTS('',1,(#5206,#5207),.UNSPECIFIED.,.F.,
  .F.,(2,2),(0.,50.4),.PIECEWISE_BEZIER_KNOTS.);
#5206 = CARTESIAN_POINT('',(4.712388980385,1.242455925723E-30));
#5207 = CARTESIAN_POINT('',(4.712388980385,50.4));
#5208 = ( GEOMETRIC_REPRESENTATION_CONTEXT(2) 
PARAMETRIC_REPRESENTATION_CONTEXT() REPRESENTATION_CONTEXT('2D SPACE',''
  ) );
#5209 = PCURVE('',#2508,#5210);
#5210 = DEFINITIONAL_REPRESENTATION('',(#5211),#5215);
#5211 = LINE('',#5212,#5213);
#5212 = CARTESIAN_POINT('',(0.,0.));
#5213 = VECTOR('',#5214,1.);
#5214 = DIRECTION('',(0.,1.));
#5215 = ( GEOMETRIC_REPRESENTATION_CONTEXT(2) 
PARAMETRIC_REPRESENTATION_CONTEXT() REPRESENTATION_CONTEXT('2D SPACE',''
  ) );
#5216 = ORIENTED_EDGE('',*,*,#2876,.T.);
#5217 = ORIENTED_EDGE('',*,*,#5218,.F.);
#5218 = EDGE_CURVE('',#5219,#2848,#5221,.T.);
#5219 = VERTEX_POINT('',#5220);
#5220 = CARTESIAN_POINT('',(20.45,-8.155178571429,-1.247221900109));
#5221 = SURFACE_CURVE('',#5222,(#5226,#5232),.PCURVE_S1.);
#5222 = LINE('',#5223,#5224);
#5223 = CARTESIAN_POINT('',(20.45,-8.155178571429,-1.247221900109));
#5224 = VECTOR('',#5225,1.);
#5225 = DIRECTION('',(1.,0.,2.22044604925E-16));
#5226 = PCURVE('',#2481,#5227);
#5227 = DEFINITIONAL_REPRESENTATION('',(#5228),#5231);
#5228 = B_SPLINE_CURVE_WITH_KNOTS('',1,(#5229,#5230),.UNSPECIFIED.,.F.,
  .F.,(2,2),(-5.999999999062E-07,1.0000006),.PIECEWISE_BEZIER_KNOTS.);
#5229 = CARTESIAN_POINT('',(5.536081480163,45.3999994));
#5230 = CARTESIAN_POINT('',(5.536081480163,46.4000006));
#5231 = ( GEOMETRIC_REPRESENTATION_CONTEXT(2) 
PARAMETRIC_REPRESENTATION_CONTEXT() REPRESENTATION_CONTEXT('2D SPACE',''
  ) );
#5232 = PCURVE('',#2864,#5233);
#5233 = DEFINITIONAL_REPRESENTATION('',(#5234),#5237);
#5234 = B_SPLINE_CURVE_WITH_KNOTS('',1,(#5235,#5236),.UNSPECIFIED.,.F.,
  .F.,(2,2),(-5.999999999062E-07,1.0000006),.PIECEWISE_BEZIER_KNOTS.);
#5235 = CARTESIAN_POINT('',(4.864149258493,-6.000000001832E-07));
#5236 = CARTESIAN_POINT('',(4.864149258493,1.0000006));
#5237 = ( GEOMETRIC_REPRESENTATION_CONTEXT(2) 
PARAMETRIC_REPRESENTATION_CONTEXT() REPRESENTATION_CONTEXT('2D SPACE',''
  ) );
#5238 = ORIENTED_EDGE('',*,*,#5239,.T.);
#5239 = EDGE_CURVE('',#5219,#5240,#5242,.T.);
#5240 = VERTEX_POINT('',#5241);
#5241 = CARTESIAN_POINT('',(20.45,-5.3,0.));
#5242 = SURFACE_CURVE('',#5243,(#5248,#5255),.PCURVE_S1.);
#5243 = CIRCLE('',#5244,1.7);
#5244 = AXIS2_PLACEMENT_3D('',#5245,#5246,#5247);
#5245 = CARTESIAN_POINT('',(20.45,-7.,4.485301019486E-15));
#5246 = DIRECTION('',(1.,0.,2.22044604925E-16));
#5247 = DIRECTION('',(2.22044604925E-16,0.,-1.));
#5248 = PCURVE('',#2481,#5249);
#5249 = DEFINITIONAL_REPRESENTATION('',(#5250),#5254);
#5250 = LINE('',#5251,#5252);
#5251 = CARTESIAN_POINT('',(0.,45.4));
#5252 = VECTOR('',#5253,1.);
#5253 = DIRECTION('',(1.,0.));
#5254 = ( GEOMETRIC_REPRESENTATION_CONTEXT(2) 
PARAMETRIC_REPRESENTATION_CONTEXT() REPRESENTATION_CONTEXT('2D SPACE',''
  ) );
#5255 = PCURVE('',#4229,#5256);
#5256 = DEFINITIONAL_REPRESENTATION('',(#5257),#5261);
#5257 = CIRCLE('',#5258,1.7);
#5258 = AXIS2_PLACEMENT_2D('',#5259,#5260);
#5259 = CARTESIAN_POINT('',(-4.596323321948E-15,-7.));
#5260 = DIRECTION('',(1.,0.));
#5261 = ( GEOMETRIC_REPRESENTATION_CONTEXT(2) 
PARAMETRIC_REPRESENTATION_CONTEXT() REPRESENTATION_CONTEXT('2D SPACE',''
  ) );
#5262 = ORIENTED_EDGE('',*,*,#5263,.T.);
#5263 = EDGE_CURVE('',#5240,#2465,#5264,.T.);
#5264 = SURFACE_CURVE('',#5265,(#5269,#5275),.PCURVE_S1.);
#5265 = LINE('',#5266,#5267);
#5266 = CARTESIAN_POINT('',(-24.95,-5.3,0.));
#5267 = VECTOR('',#5268,1.);
#5268 = DIRECTION('',(1.,0.,0.));
#5269 = PCURVE('',#2481,#5270);
#5270 = DEFINITIONAL_REPRESENTATION('',(#5271),#5274);
#5271 = B_SPLINE_CURVE_WITH_KNOTS('',1,(#5272,#5273),.UNSPECIFIED.,.F.,
  .F.,(2,2),(0.,50.4),.PIECEWISE_BEZIER_KNOTS.);
#5272 = CARTESIAN_POINT('',(7.853981633974,1.242455925723E-30));
#5273 = CARTESIAN_POINT('',(7.853981633974,50.4));
#5274 = ( GEOMETRIC_REPRESENTATION_CONTEXT(2) 
PARAMETRIC_REPRESENTATION_CONTEXT() REPRESENTATION_CONTEXT('2D SPACE',''
  ) );
#5275 = PCURVE('',#2610,#5276);
#5276 = DEFINITIONAL_REPRESENTATION('',(#5277),#5281);
#5277 = LINE('',#5278,#5279);
#5278 = CARTESIAN_POINT('',(0.,0.));
#5279 = VECTOR('',#5280,1.);
#5280 = DIRECTION('',(0.,1.));
#5281 = ( GEOMETRIC_REPRESENTATION_CONTEXT(2) 
PARAMETRIC_REPRESENTATION_CONTEXT() REPRESENTATION_CONTEXT('2D SPACE',''
  ) );
#5282 = ORIENTED_EDGE('',*,*,#2462,.F.);
#5283 = ADVANCED_FACE('',(#5284),#2508,.T.);
#5284 = FACE_BOUND('',#5285,.T.);
#5285 = EDGE_LOOP('',(#5286,#5287,#5288,#5289));
#5286 = ORIENTED_EDGE('',*,*,#2493,.F.);
#5287 = ORIENTED_EDGE('',*,*,#5197,.F.);
#5288 = ORIENTED_EDGE('',*,*,#2900,.T.);
#5289 = ORIENTED_EDGE('',*,*,#5290,.F.);
#5290 = EDGE_CURVE('',#2494,#2901,#5291,.T.);
#5291 = SURFACE_CURVE('',#5292,(#5296,#5302),.PCURVE_S1.);
#5292 = LINE('',#5293,#5294);
#5293 = CARTESIAN_POINT('',(-24.95,-8.7,0.704163056034));
#5294 = VECTOR('',#5295,1.);
#5295 = DIRECTION('',(-1.,-0.,0.));
#5296 = PCURVE('',#2508,#5297);
#5297 = DEFINITIONAL_REPRESENTATION('',(#5298),#5301);
#5298 = B_SPLINE_CURVE_WITH_KNOTS('',1,(#5299,#5300),.UNSPECIFIED.,.F.,
  .F.,(2,2),(-50.4,0.),.PIECEWISE_BEZIER_KNOTS.);
#5299 = CARTESIAN_POINT('',(0.704163056034,50.4));
#5300 = CARTESIAN_POINT('',(0.704163056034,0.));
#5301 = ( GEOMETRIC_REPRESENTATION_CONTEXT(2) 
PARAMETRIC_REPRESENTATION_CONTEXT() REPRESENTATION_CONTEXT('2D SPACE',''
  ) );
#5302 = PCURVE('',#2534,#5303);
#5303 = DEFINITIONAL_REPRESENTATION('',(#5304),#5308);
#5304 = LINE('',#5305,#5306);
#5305 = CARTESIAN_POINT('',(0.,0.995836943966));
#5306 = VECTOR('',#5307,1.);
#5307 = DIRECTION('',(-1.,0.));
#5308 = ( GEOMETRIC_REPRESENTATION_CONTEXT(2) 
PARAMETRIC_REPRESENTATION_CONTEXT() REPRESENTATION_CONTEXT('2D SPACE',''
  ) );
#5309 = ADVANCED_FACE('',(#5310),#2610,.F.);
#5310 = FACE_BOUND('',#5311,.F.);
#5311 = EDGE_LOOP('',(#5312,#5313,#5314,#5335));
#5312 = ORIENTED_EDGE('',*,*,#2597,.F.);
#5313 = ORIENTED_EDGE('',*,*,#5263,.F.);
#5314 = ORIENTED_EDGE('',*,*,#5315,.T.);
#5315 = EDGE_CURVE('',#5240,#5316,#5318,.T.);
#5316 = VERTEX_POINT('',#5317);
#5317 = CARTESIAN_POINT('',(20.45,-5.3,0.704163056034));
#5318 = SURFACE_CURVE('',#5319,(#5323,#5329),.PCURVE_S1.);
#5319 = LINE('',#5320,#5321);
#5320 = CARTESIAN_POINT('',(20.45,-5.3,4.984901380567E-15));
#5321 = VECTOR('',#5322,1.);
#5322 = DIRECTION('',(-2.22044604925E-16,0.,1.));
#5323 = PCURVE('',#2610,#5324);
#5324 = DEFINITIONAL_REPRESENTATION('',(#5325),#5328);
#5325 = B_SPLINE_CURVE_WITH_KNOTS('',1,(#5326,#5327),.UNSPECIFIED.,.F.,
  .F.,(2,2),(-4.984901380567E-15,0.704163056034),
  .PIECEWISE_BEZIER_KNOTS.);
#5326 = CARTESIAN_POINT('',(0.,45.4));
#5327 = CARTESIAN_POINT('',(0.704163056034,45.4));
#5328 = ( GEOMETRIC_REPRESENTATION_CONTEXT(2) 
PARAMETRIC_REPRESENTATION_CONTEXT() REPRESENTATION_CONTEXT('2D SPACE',''
  ) );
#5329 = PCURVE('',#4229,#5330);
#5330 = DEFINITIONAL_REPRESENTATION('',(#5331),#5334);
#5331 = B_SPLINE_CURVE_WITH_KNOTS('',1,(#5332,#5333),.UNSPECIFIED.,.F.,
  .F.,(2,2),(-4.984901380567E-15,0.704163056034),
  .PIECEWISE_BEZIER_KNOTS.);
#5332 = CARTESIAN_POINT('',(-1.110223024625E-16,-5.3));
#5333 = CARTESIAN_POINT('',(-0.704163056034,-5.3));
#5334 = ( GEOMETRIC_REPRESENTATION_CONTEXT(2) 
PARAMETRIC_REPRESENTATION_CONTEXT() REPRESENTATION_CONTEXT('2D SPACE',''
  ) );
#5335 = ORIENTED_EDGE('',*,*,#5336,.F.);
#5336 = EDGE_CURVE('',#2572,#5316,#5337,.T.);
#5337 = SURFACE_CURVE('',#5338,(#5342,#5348),.PCURVE_S1.);
#5338 = LINE('',#5339,#5340);
#5339 = CARTESIAN_POINT('',(-24.95,-5.3,0.704163056034));
#5340 = VECTOR('',#5341,1.);
#5341 = DIRECTION('',(-1.,-0.,0.));
#5342 = PCURVE('',#2610,#5343);
#5343 = DEFINITIONAL_REPRESENTATION('',(#5344),#5347);
#5344 = B_SPLINE_CURVE_WITH_KNOTS('',1,(#5345,#5346),.UNSPECIFIED.,.F.,
  .F.,(2,2),(-50.4,0.),.PIECEWISE_BEZIER_KNOTS.);
#5345 = CARTESIAN_POINT('',(0.704163056034,50.4));
#5346 = CARTESIAN_POINT('',(0.704163056034,0.));
#5347 = ( GEOMETRIC_REPRESENTATION_CONTEXT(2) 
PARAMETRIC_REPRESENTATION_CONTEXT() REPRESENTATION_CONTEXT('2D SPACE',''
  ) );
#5348 = PCURVE('',#2586,#5349);
#5349 = DEFINITIONAL_REPRESENTATION('',(#5350),#5354);
#5350 = LINE('',#5351,#5352);
#5351 = CARTESIAN_POINT('',(0.995836943966,0.));
#5352 = VECTOR('',#5353,1.);
#5353 = DIRECTION('',(0.,-1.));
#5354 = ( GEOMETRIC_REPRESENTATION_CONTEXT(2) 
PARAMETRIC_REPRESENTATION_CONTEXT() REPRESENTATION_CONTEXT('2D SPACE',''
  ) );
#5355 = ADVANCED_FACE('',(#5356),#2534,.F.);
#5356 = FACE_BOUND('',#5357,.F.);
#5357 = EDGE_LOOP('',(#5358,#5359,#5360,#5361,#5384,#5405));
#5358 = ORIENTED_EDGE('',*,*,#2921,.T.);
#5359 = ORIENTED_EDGE('',*,*,#5290,.F.);
#5360 = ORIENTED_EDGE('',*,*,#2519,.F.);
#5361 = ORIENTED_EDGE('',*,*,#5362,.T.);
#5362 = EDGE_CURVE('',#2520,#5363,#5365,.T.);
#5363 = VERTEX_POINT('',#5364);
#5364 = CARTESIAN_POINT('',(20.45,-7.704163056034,1.7));
#5365 = SURFACE_CURVE('',#5366,(#5370,#5377),.PCURVE_S1.);
#5366 = LINE('',#5367,#5368);
#5367 = CARTESIAN_POINT('',(-24.95,-7.704163056034,1.7));
#5368 = VECTOR('',#5369,1.);
#5369 = DIRECTION('',(-1.,0.,0.));
#5370 = PCURVE('',#2534,#5371);
#5371 = DEFINITIONAL_REPRESENTATION('',(#5372),#5376);
#5372 = LINE('',#5373,#5374);
#5373 = CARTESIAN_POINT('',(0.,2.404163056034));
#5374 = VECTOR('',#5375,1.);
#5375 = DIRECTION('',(-1.,0.));
#5376 = ( GEOMETRIC_REPRESENTATION_CONTEXT(2) 
PARAMETRIC_REPRESENTATION_CONTEXT() REPRESENTATION_CONTEXT('2D SPACE',''
  ) );
#5377 = PCURVE('',#2560,#5378);
#5378 = DEFINITIONAL_REPRESENTATION('',(#5379),#5383);
#5379 = LINE('',#5380,#5381);
#5380 = CARTESIAN_POINT('',(0.,0.995836943966));
#5381 = VECTOR('',#5382,1.);
#5382 = DIRECTION('',(-1.,0.));
#5383 = ( GEOMETRIC_REPRESENTATION_CONTEXT(2) 
PARAMETRIC_REPRESENTATION_CONTEXT() REPRESENTATION_CONTEXT('2D SPACE',''
  ) );
#5384 = ORIENTED_EDGE('',*,*,#5385,.T.);
#5385 = EDGE_CURVE('',#5363,#5386,#5388,.T.);
#5386 = VERTEX_POINT('',#5387);
#5387 = CARTESIAN_POINT('',(20.45,-8.154860018433,1.249303037601));
#5388 = SURFACE_CURVE('',#5389,(#5393,#5399),.PCURVE_S1.);
#5389 = LINE('',#5390,#5391);
#5390 = CARTESIAN_POINT('',(20.45,-7.053122292026,2.351040764009));
#5391 = VECTOR('',#5392,1.);
#5392 = DIRECTION('',(1.570092458684E-16,-0.707106781187,-0.707106781187
    ));
#5393 = PCURVE('',#2534,#5394);
#5394 = DEFINITIONAL_REPRESENTATION('',(#5395),#5398);
#5395 = B_SPLINE_CURVE_WITH_KNOTS('',1,(#5396,#5397),.UNSPECIFIED.,.F.,
  .F.,(2,2),(0.920710678119,1.692640687119),.PIECEWISE_BEZIER_KNOTS.);
#5396 = CARTESIAN_POINT('',(45.4,2.404163056034));
#5397 = CARTESIAN_POINT('',(45.4,1.632233047034));
#5398 = ( GEOMETRIC_REPRESENTATION_CONTEXT(2) 
PARAMETRIC_REPRESENTATION_CONTEXT() REPRESENTATION_CONTEXT('2D SPACE',''
  ) );
#5399 = PCURVE('',#4229,#5400);
#5400 = DEFINITIONAL_REPRESENTATION('',(#5401),#5404);
#5401 = B_SPLINE_CURVE_WITH_KNOTS('',1,(#5402,#5403),.UNSPECIFIED.,.F.,
  .F.,(2,2),(0.920710678119,1.692640687119),.PIECEWISE_BEZIER_KNOTS.);
#5402 = CARTESIAN_POINT('',(-1.7,-7.704163056034));
#5403 = CARTESIAN_POINT('',(-1.154163056034,-8.25));
#5404 = ( GEOMETRIC_REPRESENTATION_CONTEXT(2) 
PARAMETRIC_REPRESENTATION_CONTEXT() REPRESENTATION_CONTEXT('2D SPACE',''
  ) );
#5405 = ORIENTED_EDGE('',*,*,#5406,.T.);
#5406 = EDGE_CURVE('',#5386,#2922,#5407,.T.);
#5407 = SURFACE_CURVE('',#5408,(#5412,#5418),.PCURVE_S1.);
#5408 = LINE('',#5409,#5410);
#5409 = CARTESIAN_POINT('',(20.45,-8.154860018433,1.249303037601));
#5410 = VECTOR('',#5411,1.);
#5411 = DIRECTION('',(1.,0.,2.22044604925E-16));
#5412 = PCURVE('',#2534,#5413);
#5413 = DEFINITIONAL_REPRESENTATION('',(#5414),#5417);
#5414 = B_SPLINE_CURVE_WITH_KNOTS('',1,(#5415,#5416),.UNSPECIFIED.,.F.,
  .F.,(2,2),(-5.999999999062E-07,1.0000006),.PIECEWISE_BEZIER_KNOTS.);
#5415 = CARTESIAN_POINT('',(45.3999994,1.766781299289));
#5416 = CARTESIAN_POINT('',(46.4000006,1.766781299289));
#5417 = ( GEOMETRIC_REPRESENTATION_CONTEXT(2) 
PARAMETRIC_REPRESENTATION_CONTEXT() REPRESENTATION_CONTEXT('2D SPACE',''
  ) );
#5418 = PCURVE('',#2959,#5419);
#5419 = DEFINITIONAL_REPRESENTATION('',(#5420),#5423);
#5420 = B_SPLINE_CURVE_WITH_KNOTS('',1,(#5421,#5422),.UNSPECIFIED.,.F.,
  .F.,(2,2),(-5.999999999062E-07,1.0000006),.PIECEWISE_BEZIER_KNOTS.);
#5421 = CARTESIAN_POINT('',(4.560373505151,-5.999999996288E-07));
#5422 = CARTESIAN_POINT('',(4.560373505151,1.0000006));
#5423 = ( GEOMETRIC_REPRESENTATION_CONTEXT(2) 
PARAMETRIC_REPRESENTATION_CONTEXT() REPRESENTATION_CONTEXT('2D SPACE',''
  ) );
#5424 = ADVANCED_FACE('',(#5425),#2586,.F.);
#5425 = FACE_BOUND('',#5426,.F.);
#5426 = EDGE_LOOP('',(#5427,#5428,#5429,#5450));
#5427 = ORIENTED_EDGE('',*,*,#2571,.F.);
#5428 = ORIENTED_EDGE('',*,*,#5336,.T.);
#5429 = ORIENTED_EDGE('',*,*,#5430,.T.);
#5430 = EDGE_CURVE('',#5316,#5431,#5433,.T.);
#5431 = VERTEX_POINT('',#5432);
#5432 = CARTESIAN_POINT('',(20.45,-6.295836943966,1.7));
#5433 = SURFACE_CURVE('',#5434,(#5438,#5444),.PCURVE_S1.);
#5434 = LINE('',#5435,#5436);
#5435 = CARTESIAN_POINT('',(20.45,-3.446877707974,-1.148959235991));
#5436 = VECTOR('',#5437,1.);
#5437 = DIRECTION('',(-1.570092458684E-16,-0.707106781187,0.707106781187
    ));
#5438 = PCURVE('',#2586,#5439);
#5439 = DEFINITIONAL_REPRESENTATION('',(#5440),#5443);
#5440 = B_SPLINE_CURVE_WITH_KNOTS('',1,(#5441,#5442),.UNSPECIFIED.,.F.,
  .F.,(2,2),(2.620710678119,4.029036790187),.PIECEWISE_BEZIER_KNOTS.);
#5441 = CARTESIAN_POINT('',(0.995836943966,45.4));
#5442 = CARTESIAN_POINT('',(2.404163056034,45.4));
#5443 = ( GEOMETRIC_REPRESENTATION_CONTEXT(2) 
PARAMETRIC_REPRESENTATION_CONTEXT() REPRESENTATION_CONTEXT('2D SPACE',''
  ) );
#5444 = PCURVE('',#4229,#5445);
#5445 = DEFINITIONAL_REPRESENTATION('',(#5446),#5449);
#5446 = B_SPLINE_CURVE_WITH_KNOTS('',1,(#5447,#5448),.UNSPECIFIED.,.F.,
  .F.,(2,2),(2.620710678119,4.029036790187),.PIECEWISE_BEZIER_KNOTS.);
#5447 = CARTESIAN_POINT('',(-0.704163056034,-5.3));
#5448 = CARTESIAN_POINT('',(-1.7,-6.295836943966));
#5449 = ( GEOMETRIC_REPRESENTATION_CONTEXT(2) 
PARAMETRIC_REPRESENTATION_CONTEXT() REPRESENTATION_CONTEXT('2D SPACE',''
  ) );
#5450 = ORIENTED_EDGE('',*,*,#5451,.T.);
#5451 = EDGE_CURVE('',#5431,#2546,#5452,.T.);
#5452 = SURFACE_CURVE('',#5453,(#5457,#5464),.PCURVE_S1.);
#5453 = LINE('',#5454,#5455);
#5454 = CARTESIAN_POINT('',(-24.95,-6.295836943966,1.7));
#5455 = VECTOR('',#5456,1.);
#5456 = DIRECTION('',(1.,0.,0.));
#5457 = PCURVE('',#2586,#5458);
#5458 = DEFINITIONAL_REPRESENTATION('',(#5459),#5463);
#5459 = LINE('',#5460,#5461);
#5460 = CARTESIAN_POINT('',(2.404163056034,0.));
#5461 = VECTOR('',#5462,1.);
#5462 = DIRECTION('',(0.,1.));
#5463 = ( GEOMETRIC_REPRESENTATION_CONTEXT(2) 
PARAMETRIC_REPRESENTATION_CONTEXT() REPRESENTATION_CONTEXT('2D SPACE',''
  ) );
#5464 = PCURVE('',#2560,#5465);
#5465 = DEFINITIONAL_REPRESENTATION('',(#5466),#5470);
#5466 = LINE('',#5467,#5468);
#5467 = CARTESIAN_POINT('',(0.,2.404163056034));
#5468 = VECTOR('',#5469,1.);
#5469 = DIRECTION('',(1.,0.));
#5470 = ( GEOMETRIC_REPRESENTATION_CONTEXT(2) 
PARAMETRIC_REPRESENTATION_CONTEXT() REPRESENTATION_CONTEXT('2D SPACE',''
  ) );
#5471 = ADVANCED_FACE('',(#5472),#2560,.F.);
#5472 = FACE_BOUND('',#5473,.F.);
#5473 = EDGE_LOOP('',(#5474,#5493,#5494,#5495));
#5474 = ORIENTED_EDGE('',*,*,#5475,.T.);
#5475 = EDGE_CURVE('',#5431,#5363,#5476,.T.);
#5476 = SURFACE_CURVE('',#5477,(#5481,#5487),.PCURVE_S1.);
#5477 = LINE('',#5478,#5479);
#5478 = CARTESIAN_POINT('',(20.45,-4.35,1.7));
#5479 = VECTOR('',#5480,1.);
#5480 = DIRECTION('',(0.,-1.,0.));
#5481 = PCURVE('',#2560,#5482);
#5482 = DEFINITIONAL_REPRESENTATION('',(#5483),#5486);
#5483 = B_SPLINE_CURVE_WITH_KNOTS('',1,(#5484,#5485),.UNSPECIFIED.,.F.,
  .F.,(2,2),(1.945836943966,3.354163056034),.PIECEWISE_BEZIER_KNOTS.);
#5484 = CARTESIAN_POINT('',(45.4,2.404163056034));
#5485 = CARTESIAN_POINT('',(45.4,0.995836943966));
#5486 = ( GEOMETRIC_REPRESENTATION_CONTEXT(2) 
PARAMETRIC_REPRESENTATION_CONTEXT() REPRESENTATION_CONTEXT('2D SPACE',''
  ) );
#5487 = PCURVE('',#4229,#5488);
#5488 = DEFINITIONAL_REPRESENTATION('',(#5489),#5492);
#5489 = B_SPLINE_CURVE_WITH_KNOTS('',1,(#5490,#5491),.UNSPECIFIED.,.F.,
  .F.,(2,2),(1.945836943966,3.354163056034),.PIECEWISE_BEZIER_KNOTS.);
#5490 = CARTESIAN_POINT('',(-1.7,-6.295836943966));
#5491 = CARTESIAN_POINT('',(-1.7,-7.704163056034));
#5492 = ( GEOMETRIC_REPRESENTATION_CONTEXT(2) 
PARAMETRIC_REPRESENTATION_CONTEXT() REPRESENTATION_CONTEXT('2D SPACE',''
  ) );
#5493 = ORIENTED_EDGE('',*,*,#5362,.F.);
#5494 = ORIENTED_EDGE('',*,*,#2545,.F.);
#5495 = ORIENTED_EDGE('',*,*,#5451,.F.);
#5496 = ADVANCED_FACE('',(#5497),#3051,.T.);
#5497 = FACE_BOUND('',#5498,.T.);
#5498 = EDGE_LOOP('',(#5499,#5500,#5501,#5523));
#5499 = ORIENTED_EDGE('',*,*,#3034,.F.);
#5500 = ORIENTED_EDGE('',*,*,#4803,.F.);
#5501 = ORIENTED_EDGE('',*,*,#5502,.T.);
#5502 = EDGE_CURVE('',#4804,#5126,#5503,.T.);
#5503 = SURFACE_CURVE('',#5504,(#5509,#5516),.PCURVE_S1.);
#5504 = CIRCLE('',#5505,8.25);
#5505 = AXIS2_PLACEMENT_3D('',#5506,#5507,#5508);
#5506 = CARTESIAN_POINT('',(20.45,0.,-1.110223024625E-16));
#5507 = DIRECTION('',(1.,0.,-0.));
#5508 = DIRECTION('',(0.,0.988467881022,0.151430671224));
#5509 = PCURVE('',#3051,#5510);
#5510 = DEFINITIONAL_REPRESENTATION('',(#5511),#5515);
#5511 = LINE('',#5512,#5513);
#5512 = CARTESIAN_POINT('',(1.722811802028,0.));
#5513 = VECTOR('',#5514,1.);
#5514 = DIRECTION('',(1.,0.));
#5515 = ( GEOMETRIC_REPRESENTATION_CONTEXT(2) 
PARAMETRIC_REPRESENTATION_CONTEXT() REPRESENTATION_CONTEXT('2D SPACE',''
  ) );
#5516 = PCURVE('',#4229,#5517);
#5517 = DEFINITIONAL_REPRESENTATION('',(#5518),#5522);
#5518 = CIRCLE('',#5519,8.25);
#5519 = AXIS2_PLACEMENT_2D('',#5520,#5521);
#5520 = CARTESIAN_POINT('',(0.,0.));
#5521 = DIRECTION('',(-0.151430671224,0.988467881022));
#5522 = ( GEOMETRIC_REPRESENTATION_CONTEXT(2) 
PARAMETRIC_REPRESENTATION_CONTEXT() REPRESENTATION_CONTEXT('2D SPACE',''
  ) );
#5523 = ORIENTED_EDGE('',*,*,#5146,.T.);
#5524 = ADVANCED_FACE('',(#5525),#2959,.T.);
#5525 = FACE_BOUND('',#5526,.T.);
#5526 = EDGE_LOOP('',(#5527,#5528,#5529,#5551));
#5527 = ORIENTED_EDGE('',*,*,#2942,.F.);
#5528 = ORIENTED_EDGE('',*,*,#5101,.F.);
#5529 = ORIENTED_EDGE('',*,*,#5530,.T.);
#5530 = EDGE_CURVE('',#5057,#5386,#5531,.T.);
#5531 = SURFACE_CURVE('',#5532,(#5537,#5544),.PCURVE_S1.);
#5532 = CIRCLE('',#5533,8.25);
#5533 = AXIS2_PLACEMENT_3D('',#5534,#5535,#5536);
#5534 = CARTESIAN_POINT('',(20.45,0.,-1.110223024625E-16));
#5535 = DIRECTION('',(1.,0.,-0.));
#5536 = DIRECTION('',(0.,0.988467881022,0.151430671224));
#5537 = PCURVE('',#2959,#5538);
#5538 = DEFINITIONAL_REPRESENTATION('',(#5539),#5543);
#5539 = LINE('',#5540,#5541);
#5540 = CARTESIAN_POINT('',(1.722811802028,0.));
#5541 = VECTOR('',#5542,1.);
#5542 = DIRECTION('',(1.,0.));
#5543 = ( GEOMETRIC_REPRESENTATION_CONTEXT(2) 
PARAMETRIC_REPRESENTATION_CONTEXT() REPRESENTATION_CONTEXT('2D SPACE',''
  ) );
#5544 = PCURVE('',#4229,#5545);
#5545 = DEFINITIONAL_REPRESENTATION('',(#5546),#5550);
#5546 = CIRCLE('',#5547,8.25);
#5547 = AXIS2_PLACEMENT_2D('',#5548,#5549);
#5548 = CARTESIAN_POINT('',(0.,0.));
#5549 = DIRECTION('',(-0.151430671224,0.988467881022));
#5550 = ( GEOMETRIC_REPRESENTATION_CONTEXT(2) 
PARAMETRIC_REPRESENTATION_CONTEXT() REPRESENTATION_CONTEXT('2D SPACE',''
  ) );
#5551 = ORIENTED_EDGE('',*,*,#5406,.T.);
#5552 = ADVANCED_FACE('',(#5553),#2864,.T.);
#5553 = FACE_BOUND('',#5554,.T.);
#5554 = EDGE_LOOP('',(#5555,#5556,#5557,#5579));
#5555 = ORIENTED_EDGE('',*,*,#2847,.F.);
#5556 = ORIENTED_EDGE('',*,*,#5218,.F.);
#5557 = ORIENTED_EDGE('',*,*,#5558,.T.);
#5558 = EDGE_CURVE('',#5219,#4213,#5559,.T.);
#5559 = SURFACE_CURVE('',#5560,(#5565,#5572),.PCURVE_S1.);
#5560 = CIRCLE('',#5561,8.25);
#5561 = AXIS2_PLACEMENT_3D('',#5562,#5563,#5564);
#5562 = CARTESIAN_POINT('',(20.45,0.,-1.110223024625E-16));
#5563 = DIRECTION('',(1.,0.,-0.));
#5564 = DIRECTION('',(0.,0.988467881022,0.151430671224));
#5565 = PCURVE('',#2864,#5566);
#5566 = DEFINITIONAL_REPRESENTATION('',(#5567),#5571);
#5567 = LINE('',#5568,#5569);
#5568 = CARTESIAN_POINT('',(1.722811802028,0.));
#5569 = VECTOR('',#5570,1.);
#5570 = DIRECTION('',(1.,0.));
#5571 = ( GEOMETRIC_REPRESENTATION_CONTEXT(2) 
PARAMETRIC_REPRESENTATION_CONTEXT() REPRESENTATION_CONTEXT('2D SPACE',''
  ) );
#5572 = PCURVE('',#4229,#5573);
#5573 = DEFINITIONAL_REPRESENTATION('',(#5574),#5578);
#5574 = CIRCLE('',#5575,8.25);
#5575 = AXIS2_PLACEMENT_2D('',#5576,#5577);
#5576 = CARTESIAN_POINT('',(0.,0.));
#5577 = DIRECTION('',(-0.151430671224,0.988467881022));
#5578 = ( GEOMETRIC_REPRESENTATION_CONTEXT(2) 
PARAMETRIC_REPRESENTATION_CONTEXT() REPRESENTATION_CONTEXT('2D SPACE',''
  ) );
#5579 = ORIENTED_EDGE('',*,*,#4241,.T.);
#5580 = ADVANCED_FACE('',(#5581),#2811,.T.);
#5581 = FACE_BOUND('',#5582,.T.);
#5582 = EDGE_LOOP('',(#5583,#5584,#5585,#5607));
#5583 = ORIENTED_EDGE('',*,*,#2794,.F.);
#5584 = ORIENTED_EDGE('',*,*,#4261,.F.);
#5585 = ORIENTED_EDGE('',*,*,#5586,.T.);
#5586 = EDGE_CURVE('',#4262,#4614,#5587,.T.);
#5587 = SURFACE_CURVE('',#5588,(#5593,#5600),.PCURVE_S1.);
#5588 = CIRCLE('',#5589,8.25);
#5589 = AXIS2_PLACEMENT_3D('',#5590,#5591,#5592);
#5590 = CARTESIAN_POINT('',(20.45,0.,-1.110223024625E-16));
#5591 = DIRECTION('',(1.,0.,-0.));
#5592 = DIRECTION('',(0.,0.988467881022,0.151430671224));
#5593 = PCURVE('',#2811,#5594);
#5594 = DEFINITIONAL_REPRESENTATION('',(#5595),#5599);
#5595 = LINE('',#5596,#5597);
#5596 = CARTESIAN_POINT('',(1.722811802028,0.));
#5597 = VECTOR('',#5598,1.);
#5598 = DIRECTION('',(1.,0.));
#5599 = ( GEOMETRIC_REPRESENTATION_CONTEXT(2) 
PARAMETRIC_REPRESENTATION_CONTEXT() REPRESENTATION_CONTEXT('2D SPACE',''
  ) );
#5600 = PCURVE('',#4229,#5601);
#5601 = DEFINITIONAL_REPRESENTATION('',(#5602),#5606);
#5602 = CIRCLE('',#5603,8.25);
#5603 = AXIS2_PLACEMENT_2D('',#5604,#5605);
#5604 = CARTESIAN_POINT('',(0.,0.));
#5605 = DIRECTION('',(-0.151430671224,0.988467881022));
#5606 = ( GEOMETRIC_REPRESENTATION_CONTEXT(2) 
PARAMETRIC_REPRESENTATION_CONTEXT() REPRESENTATION_CONTEXT('2D SPACE',''
  ) );
#5607 = ORIENTED_EDGE('',*,*,#4637,.T.);
#5608 = ADVANCED_FACE('',(#5609),#3365,.F.);
#5609 = FACE_BOUND('',#5610,.F.);
#5610 = EDGE_LOOP('',(#5611,#5612,#5613,#5635));
#5611 = ORIENTED_EDGE('',*,*,#3350,.T.);
#5612 = ORIENTED_EDGE('',*,*,#3413,.T.);
#5613 = ORIENTED_EDGE('',*,*,#5614,.F.);
#5614 = EDGE_CURVE('',#3435,#3414,#5615,.T.);
#5615 = SURFACE_CURVE('',#5616,(#5621,#5628),.PCURVE_S1.);
#5616 = CIRCLE('',#5617,3.1);
#5617 = AXIS2_PLACEMENT_3D('',#5618,#5619,#5620);
#5618 = CARTESIAN_POINT('',(-20.7,0.,7.));
#5619 = DIRECTION('',(1.,0.,0.));
#5620 = DIRECTION('',(0.,-0.300801928884,0.953686635945));
#5621 = PCURVE('',#3365,#5622);
#5622 = DEFINITIONAL_REPRESENTATION('',(#5623),#5627);
#5623 = LINE('',#5624,#5625);
#5624 = CARTESIAN_POINT('',(3.447126068745,4.25));
#5625 = VECTOR('',#5626,1.);
#5626 = DIRECTION('',(1.,0.));
#5627 = ( GEOMETRIC_REPRESENTATION_CONTEXT(2) 
PARAMETRIC_REPRESENTATION_CONTEXT() REPRESENTATION_CONTEXT('2D SPACE',''
  ) );
#5628 = PCURVE('',#3451,#5629);
#5629 = DEFINITIONAL_REPRESENTATION('',(#5630),#5634);
#5630 = CIRCLE('',#5631,3.1);
#5631 = AXIS2_PLACEMENT_2D('',#5632,#5633);
#5632 = CARTESIAN_POINT('',(8.881784197001E-16,0.));
#5633 = DIRECTION('',(-0.953686635945,-0.300801928884));
#5634 = ( GEOMETRIC_REPRESENTATION_CONTEXT(2) 
PARAMETRIC_REPRESENTATION_CONTEXT() REPRESENTATION_CONTEXT('2D SPACE',''
  ) );
#5635 = ORIENTED_EDGE('',*,*,#3463,.F.);
#5636 = ADVANCED_FACE('',(#5637),#3396,.F.);
#5637 = FACE_BOUND('',#5638,.F.);
#5638 = EDGE_LOOP('',(#5639,#5663,#5684,#5685));
#5639 = ORIENTED_EDGE('',*,*,#5640,.F.);
#5640 = EDGE_CURVE('',#5641,#5641,#5643,.T.);
#5641 = VERTEX_POINT('',#5642);
#5642 = CARTESIAN_POINT('',(-16.8,-9.184850993605E-16,-3.75));
#5643 = SURFACE_CURVE('',#5644,(#5649,#5656),.PCURVE_S1.);
#5644 = CIRCLE('',#5645,3.75);
#5645 = AXIS2_PLACEMENT_3D('',#5646,#5647,#5648);
#5646 = CARTESIAN_POINT('',(-16.8,0.,5.884182030513E-16));
#5647 = DIRECTION('',(1.,0.,2.22044604925E-16));
#5648 = DIRECTION('',(2.22044604925E-16,0.,-1.));
#5649 = PCURVE('',#3396,#5650);
#5650 = DEFINITIONAL_REPRESENTATION('',(#5651),#5655);
#5651 = LINE('',#5652,#5653);
#5652 = CARTESIAN_POINT('',(0.,6.));
#5653 = VECTOR('',#5654,1.);
#5654 = DIRECTION('',(1.,0.));
#5655 = ( GEOMETRIC_REPRESENTATION_CONTEXT(2) 
PARAMETRIC_REPRESENTATION_CONTEXT() REPRESENTATION_CONTEXT('2D SPACE',''
  ) );
#5656 = PCURVE('',#3571,#5657);
#5657 = DEFINITIONAL_REPRESENTATION('',(#5658),#5662);
#5658 = CIRCLE('',#5659,3.75);
#5659 = AXIS2_PLACEMENT_2D('',#5660,#5661);
#5660 = CARTESIAN_POINT('',(-1.276756478319E-16,0.));
#5661 = DIRECTION('',(1.,0.));
#5662 = ( GEOMETRIC_REPRESENTATION_CONTEXT(2) 
PARAMETRIC_REPRESENTATION_CONTEXT() REPRESENTATION_CONTEXT('2D SPACE',''
  ) );
#5663 = ORIENTED_EDGE('',*,*,#5664,.F.);
#5664 = EDGE_CURVE('',#3380,#5641,#5665,.T.);
#5665 = SEAM_CURVE('',#5666,(#5670,#5677),.PCURVE_S1.);
#5666 = LINE('',#5667,#5668);
#5667 = CARTESIAN_POINT('',(-22.8,-9.184850993605E-16,-3.75));
#5668 = VECTOR('',#5669,1.);
#5669 = DIRECTION('',(1.,0.,2.22044604925E-16));
#5670 = PCURVE('',#3396,#5671);
#5671 = DEFINITIONAL_REPRESENTATION('',(#5672),#5676);
#5672 = LINE('',#5673,#5674);
#5673 = CARTESIAN_POINT('',(6.28318530718,-0.));
#5674 = VECTOR('',#5675,1.);
#5675 = DIRECTION('',(0.,1.));
#5676 = ( GEOMETRIC_REPRESENTATION_CONTEXT(2) 
PARAMETRIC_REPRESENTATION_CONTEXT() REPRESENTATION_CONTEXT('2D SPACE',''
  ) );
#5677 = PCURVE('',#3396,#5678);
#5678 = DEFINITIONAL_REPRESENTATION('',(#5679),#5683);
#5679 = LINE('',#5680,#5681);
#5680 = CARTESIAN_POINT('',(0.,-0.));
#5681 = VECTOR('',#5682,1.);
#5682 = DIRECTION('',(0.,1.));
#5683 = ( GEOMETRIC_REPRESENTATION_CONTEXT(2) 
PARAMETRIC_REPRESENTATION_CONTEXT() REPRESENTATION_CONTEXT('2D SPACE',''
  ) );
#5684 = ORIENTED_EDGE('',*,*,#3379,.T.);
#5685 = ORIENTED_EDGE('',*,*,#5664,.T.);
#5686 = ADVANCED_FACE('',(#5687,#5690,#5821,#5982,#5985,#6116),#3571,.T.
  );
#5687 = FACE_BOUND('',#5688,.T.);
#5688 = EDGE_LOOP('',(#5689));
#5689 = ORIENTED_EDGE('',*,*,#3556,.T.);
#5690 = FACE_BOUND('',#5691,.T.);
#5691 = EDGE_LOOP('',(#5692,#5718,#5739,#5760,#5781,#5802));
#5692 = ORIENTED_EDGE('',*,*,#5693,.F.);
#5693 = EDGE_CURVE('',#5694,#5696,#5698,.T.);
#5694 = VERTEX_POINT('',#5695);
#5695 = CARTESIAN_POINT('',(-16.8,-8.7,0.));
#5696 = VERTEX_POINT('',#5697);
#5697 = CARTESIAN_POINT('',(-16.8,-5.3,0.));
#5698 = SURFACE_CURVE('',#5699,(#5704,#5711),.PCURVE_S1.);
#5699 = CIRCLE('',#5700,1.7);
#5700 = AXIS2_PLACEMENT_3D('',#5701,#5702,#5703);
#5701 = CARTESIAN_POINT('',(-16.8,-7.,-3.785860513972E-15));
#5702 = DIRECTION('',(1.,0.,2.22044604925E-16));
#5703 = DIRECTION('',(2.22044604925E-16,0.,-1.));
#5704 = PCURVE('',#3571,#5705);
#5705 = DEFINITIONAL_REPRESENTATION('',(#5706),#5710);
#5706 = CIRCLE('',#5707,1.7);
#5707 = AXIS2_PLACEMENT_2D('',#5708,#5709);
#5708 = CARTESIAN_POINT('',(4.246603069191E-15,-7.));
#5709 = DIRECTION('',(1.,0.));
#5710 = ( GEOMETRIC_REPRESENTATION_CONTEXT(2) 
PARAMETRIC_REPRESENTATION_CONTEXT() REPRESENTATION_CONTEXT('2D SPACE',''
  ) );
#5711 = PCURVE('',#3657,#5712);
#5712 = DEFINITIONAL_REPRESENTATION('',(#5713),#5717);
#5713 = LINE('',#5714,#5715);
#5714 = CARTESIAN_POINT('',(0.,8.15));
#5715 = VECTOR('',#5716,1.);
#5716 = DIRECTION('',(1.,0.));
#5717 = ( GEOMETRIC_REPRESENTATION_CONTEXT(2) 
PARAMETRIC_REPRESENTATION_CONTEXT() REPRESENTATION_CONTEXT('2D SPACE',''
  ) );
#5718 = ORIENTED_EDGE('',*,*,#5719,.T.);
#5719 = EDGE_CURVE('',#5694,#5720,#5722,.T.);
#5720 = VERTEX_POINT('',#5721);
#5721 = CARTESIAN_POINT('',(-16.8,-8.7,0.704163056034));
#5722 = SURFACE_CURVE('',#5723,(#5727,#5733),.PCURVE_S1.);
#5723 = LINE('',#5724,#5725);
#5724 = CARTESIAN_POINT('',(-16.8,-8.7,1.135203042679E-15));
#5725 = VECTOR('',#5726,1.);
#5726 = DIRECTION('',(-2.22044604925E-16,0.,1.));
#5727 = PCURVE('',#3571,#5728);
#5728 = DEFINITIONAL_REPRESENTATION('',(#5729),#5732);
#5729 = B_SPLINE_CURVE_WITH_KNOTS('',1,(#5730,#5731),.UNSPECIFIED.,.F.,
  .F.,(2,2),(-1.135203042679E-15,0.704163056034),
  .PIECEWISE_BEZIER_KNOTS.);
#5730 = CARTESIAN_POINT('',(4.607425552194E-16,-8.7));
#5731 = CARTESIAN_POINT('',(-0.704163056034,-8.7));
#5732 = ( GEOMETRIC_REPRESENTATION_CONTEXT(2) 
PARAMETRIC_REPRESENTATION_CONTEXT() REPRESENTATION_CONTEXT('2D SPACE',''
  ) );
#5733 = PCURVE('',#3684,#5734);
#5734 = DEFINITIONAL_REPRESENTATION('',(#5735),#5738);
#5735 = B_SPLINE_CURVE_WITH_KNOTS('',1,(#5736,#5737),.UNSPECIFIED.,.F.,
  .F.,(2,2),(-1.135203042679E-15,0.704163056034),
  .PIECEWISE_BEZIER_KNOTS.);
#5736 = CARTESIAN_POINT('',(0.,8.15));
#5737 = CARTESIAN_POINT('',(0.704163056034,8.15));
#5738 = ( GEOMETRIC_REPRESENTATION_CONTEXT(2) 
PARAMETRIC_REPRESENTATION_CONTEXT() REPRESENTATION_CONTEXT('2D SPACE',''
  ) );
#5739 = ORIENTED_EDGE('',*,*,#5740,.F.);
#5740 = EDGE_CURVE('',#5741,#5720,#5743,.T.);
#5741 = VERTEX_POINT('',#5742);
#5742 = CARTESIAN_POINT('',(-16.8,-7.704163056034,1.7));
#5743 = SURFACE_CURVE('',#5744,(#5748,#5754),.PCURVE_S1.);
#5744 = LINE('',#5745,#5746);
#5745 = CARTESIAN_POINT('',(-16.8,-7.053122292026,2.351040764009));
#5746 = VECTOR('',#5747,1.);
#5747 = DIRECTION('',(1.570092458684E-16,-0.707106781187,-0.707106781187
    ));
#5748 = PCURVE('',#3571,#5749);
#5749 = DEFINITIONAL_REPRESENTATION('',(#5750),#5753);
#5750 = B_SPLINE_CURVE_WITH_KNOTS('',1,(#5751,#5752),.UNSPECIFIED.,.F.,
  .F.,(2,2),(0.920710678119,2.329036790187),.PIECEWISE_BEZIER_KNOTS.);
#5751 = CARTESIAN_POINT('',(-1.7,-7.704163056034));
#5752 = CARTESIAN_POINT('',(-0.704163056034,-8.7));
#5753 = ( GEOMETRIC_REPRESENTATION_CONTEXT(2) 
PARAMETRIC_REPRESENTATION_CONTEXT() REPRESENTATION_CONTEXT('2D SPACE',''
  ) );
#5754 = PCURVE('',#3710,#5755);
#5755 = DEFINITIONAL_REPRESENTATION('',(#5756),#5759);
#5756 = B_SPLINE_CURVE_WITH_KNOTS('',1,(#5757,#5758),.UNSPECIFIED.,.F.,
  .F.,(2,2),(0.920710678119,2.329036790187),.PIECEWISE_BEZIER_KNOTS.);
#5757 = CARTESIAN_POINT('',(8.15,2.404163056034));
#5758 = CARTESIAN_POINT('',(8.15,0.995836943966));
#5759 = ( GEOMETRIC_REPRESENTATION_CONTEXT(2) 
PARAMETRIC_REPRESENTATION_CONTEXT() REPRESENTATION_CONTEXT('2D SPACE',''
  ) );
#5760 = ORIENTED_EDGE('',*,*,#5761,.F.);
#5761 = EDGE_CURVE('',#5762,#5741,#5764,.T.);
#5762 = VERTEX_POINT('',#5763);
#5763 = CARTESIAN_POINT('',(-16.8,-6.295836943966,1.7));
#5764 = SURFACE_CURVE('',#5765,(#5769,#5775),.PCURVE_S1.);
#5765 = LINE('',#5766,#5767);
#5766 = CARTESIAN_POINT('',(-16.8,-4.35,1.7));
#5767 = VECTOR('',#5768,1.);
#5768 = DIRECTION('',(0.,-1.,0.));
#5769 = PCURVE('',#3571,#5770);
#5770 = DEFINITIONAL_REPRESENTATION('',(#5771),#5774);
#5771 = B_SPLINE_CURVE_WITH_KNOTS('',1,(#5772,#5773),.UNSPECIFIED.,.F.,
  .F.,(2,2),(1.945836943966,3.354163056034),.PIECEWISE_BEZIER_KNOTS.);
#5772 = CARTESIAN_POINT('',(-1.7,-6.295836943966));
#5773 = CARTESIAN_POINT('',(-1.7,-7.704163056034));
#5774 = ( GEOMETRIC_REPRESENTATION_CONTEXT(2) 
PARAMETRIC_REPRESENTATION_CONTEXT() REPRESENTATION_CONTEXT('2D SPACE',''
  ) );
#5775 = PCURVE('',#3736,#5776);
#5776 = DEFINITIONAL_REPRESENTATION('',(#5777),#5780);
#5777 = B_SPLINE_CURVE_WITH_KNOTS('',1,(#5778,#5779),.UNSPECIFIED.,.F.,
  .F.,(2,2),(1.945836943966,3.354163056034),.PIECEWISE_BEZIER_KNOTS.);
#5778 = CARTESIAN_POINT('',(8.15,2.404163056034));
#5779 = CARTESIAN_POINT('',(8.15,0.995836943966));
#5780 = ( GEOMETRIC_REPRESENTATION_CONTEXT(2) 
PARAMETRIC_REPRESENTATION_CONTEXT() REPRESENTATION_CONTEXT('2D SPACE',''
  ) );
#5781 = ORIENTED_EDGE('',*,*,#5782,.F.);
#5782 = EDGE_CURVE('',#5783,#5762,#5785,.T.);
#5783 = VERTEX_POINT('',#5784);
#5784 = CARTESIAN_POINT('',(-16.8,-5.3,0.704163056034));
#5785 = SURFACE_CURVE('',#5786,(#5790,#5796),.PCURVE_S1.);
#5786 = LINE('',#5787,#5788);
#5787 = CARTESIAN_POINT('',(-16.8,-3.446877707974,-1.148959235991));
#5788 = VECTOR('',#5789,1.);
#5789 = DIRECTION('',(-1.570092458684E-16,-0.707106781187,0.707106781187
    ));
#5790 = PCURVE('',#3571,#5791);
#5791 = DEFINITIONAL_REPRESENTATION('',(#5792),#5795);
#5792 = B_SPLINE_CURVE_WITH_KNOTS('',1,(#5793,#5794),.UNSPECIFIED.,.F.,
  .F.,(2,2),(2.620710678119,4.029036790187),.PIECEWISE_BEZIER_KNOTS.);
#5793 = CARTESIAN_POINT('',(-0.704163056034,-5.3));
#5794 = CARTESIAN_POINT('',(-1.7,-6.295836943966));
#5795 = ( GEOMETRIC_REPRESENTATION_CONTEXT(2) 
PARAMETRIC_REPRESENTATION_CONTEXT() REPRESENTATION_CONTEXT('2D SPACE',''
  ) );
#5796 = PCURVE('',#3762,#5797);
#5797 = DEFINITIONAL_REPRESENTATION('',(#5798),#5801);
#5798 = B_SPLINE_CURVE_WITH_KNOTS('',1,(#5799,#5800),.UNSPECIFIED.,.F.,
  .F.,(2,2),(2.620710678119,4.029036790187),.PIECEWISE_BEZIER_KNOTS.);
#5799 = CARTESIAN_POINT('',(0.995836943966,8.15));
#5800 = CARTESIAN_POINT('',(2.404163056034,8.15));
#5801 = ( GEOMETRIC_REPRESENTATION_CONTEXT(2) 
PARAMETRIC_REPRESENTATION_CONTEXT() REPRESENTATION_CONTEXT('2D SPACE',''
  ) );
#5802 = ORIENTED_EDGE('',*,*,#5803,.F.);
#5803 = EDGE_CURVE('',#5696,#5783,#5804,.T.);
#5804 = SURFACE_CURVE('',#5805,(#5809,#5815),.PCURVE_S1.);
#5805 = LINE('',#5806,#5807);
#5806 = CARTESIAN_POINT('',(-16.8,-5.3,1.135203042679E-15));
#5807 = VECTOR('',#5808,1.);
#5808 = DIRECTION('',(-2.22044604925E-16,0.,1.));
#5809 = PCURVE('',#3571,#5810);
#5810 = DEFINITIONAL_REPRESENTATION('',(#5811),#5814);
#5811 = B_SPLINE_CURVE_WITH_KNOTS('',1,(#5812,#5813),.UNSPECIFIED.,.F.,
  .F.,(2,2),(-1.135203042679E-15,0.704163056034),
  .PIECEWISE_BEZIER_KNOTS.);
#5812 = CARTESIAN_POINT('',(4.607425552194E-16,-5.3));
#5813 = CARTESIAN_POINT('',(-0.704163056034,-5.3));
#5814 = ( GEOMETRIC_REPRESENTATION_CONTEXT(2) 
PARAMETRIC_REPRESENTATION_CONTEXT() REPRESENTATION_CONTEXT('2D SPACE',''
  ) );
#5815 = PCURVE('',#3786,#5816);
#5816 = DEFINITIONAL_REPRESENTATION('',(#5817),#5820);
#5817 = B_SPLINE_CURVE_WITH_KNOTS('',1,(#5818,#5819),.UNSPECIFIED.,.F.,
  .F.,(2,2),(-1.135203042679E-15,0.704163056034),
  .PIECEWISE_BEZIER_KNOTS.);
#5818 = CARTESIAN_POINT('',(0.,8.15));
#5819 = CARTESIAN_POINT('',(0.704163056034,8.15));
#5820 = ( GEOMETRIC_REPRESENTATION_CONTEXT(2) 
PARAMETRIC_REPRESENTATION_CONTEXT() REPRESENTATION_CONTEXT('2D SPACE',''
  ) );
#5821 = FACE_BOUND('',#5822,.T.);
#5822 = EDGE_LOOP('',(#5823,#5854,#5880,#5906,#5932,#5958));
#5823 = ORIENTED_EDGE('',*,*,#5824,.F.);
#5824 = EDGE_CURVE('',#5825,#5827,#5829,.T.);
#5825 = VERTEX_POINT('',#5826);
#5826 = CARTESIAN_POINT('',(-16.8,-1.7,7.));
#5827 = VERTEX_POINT('',#5828);
#5828 = CARTESIAN_POINT('',(-16.8,1.7,7.));
#5829 = SURFACE_CURVE('',#5830,(#5835,#5842),.PCURVE_S1.);
#5830 = CIRCLE('',#5831,1.7);
#5831 = AXIS2_PLACEMENT_3D('',#5832,#5833,#5834);
#5832 = CARTESIAN_POINT('',(-16.8,0.,7.));
#5833 = DIRECTION('',(1.,0.,2.22044604925E-16));
#5834 = DIRECTION('',(2.22044604925E-16,0.,-1.));
#5835 = PCURVE('',#3571,#5836);
#5836 = DEFINITIONAL_REPRESENTATION('',(#5837),#5841);
#5837 = CIRCLE('',#5838,1.7);
#5838 = AXIS2_PLACEMENT_2D('',#5839,#5840);
#5839 = CARTESIAN_POINT('',(-7.,0.));
#5840 = DIRECTION('',(1.,0.));
#5841 = ( GEOMETRIC_REPRESENTATION_CONTEXT(2) 
PARAMETRIC_REPRESENTATION_CONTEXT() REPRESENTATION_CONTEXT('2D SPACE',''
  ) );
#5842 = PCURVE('',#5843,#5848);
#5843 = CYLINDRICAL_SURFACE('',#5844,1.7);
#5844 = AXIS2_PLACEMENT_3D('',#5845,#5846,#5847);
#5845 = CARTESIAN_POINT('',(-24.95,0.,7.));
#5846 = DIRECTION('',(1.,0.,2.22044604925E-16));
#5847 = DIRECTION('',(2.22044604925E-16,0.,-1.));
#5848 = DEFINITIONAL_REPRESENTATION('',(#5849),#5853);
#5849 = LINE('',#5850,#5851);
#5850 = CARTESIAN_POINT('',(0.,8.15));
#5851 = VECTOR('',#5852,1.);
#5852 = DIRECTION('',(1.,0.));
#5853 = ( GEOMETRIC_REPRESENTATION_CONTEXT(2) 
PARAMETRIC_REPRESENTATION_CONTEXT() REPRESENTATION_CONTEXT('2D SPACE',''
  ) );
#5854 = ORIENTED_EDGE('',*,*,#5855,.T.);
#5855 = EDGE_CURVE('',#5825,#5856,#5858,.T.);
#5856 = VERTEX_POINT('',#5857);
#5857 = CARTESIAN_POINT('',(-16.8,-1.7,7.704163056034));
#5858 = SURFACE_CURVE('',#5859,(#5863,#5869),.PCURVE_S1.);
#5859 = LINE('',#5860,#5861);
#5860 = CARTESIAN_POINT('',(-16.8,-1.7,3.5));
#5861 = VECTOR('',#5862,1.);
#5862 = DIRECTION('',(-2.22044604925E-16,0.,1.));
#5863 = PCURVE('',#3571,#5864);
#5864 = DEFINITIONAL_REPRESENTATION('',(#5865),#5868);
#5865 = B_SPLINE_CURVE_WITH_KNOTS('',1,(#5866,#5867),.UNSPECIFIED.,.F.,
  .F.,(2,2),(3.5,4.204163056034),.PIECEWISE_BEZIER_KNOTS.);
#5866 = CARTESIAN_POINT('',(-7.,-1.7));
#5867 = CARTESIAN_POINT('',(-7.704163056034,-1.7));
#5868 = ( GEOMETRIC_REPRESENTATION_CONTEXT(2) 
PARAMETRIC_REPRESENTATION_CONTEXT() REPRESENTATION_CONTEXT('2D SPACE',''
  ) );
#5869 = PCURVE('',#5870,#5875);
#5870 = PLANE('',#5871);
#5871 = AXIS2_PLACEMENT_3D('',#5872,#5873,#5874);
#5872 = CARTESIAN_POINT('',(-24.95,-1.7,7.));
#5873 = DIRECTION('',(0.,1.,0.));
#5874 = DIRECTION('',(0.,0.,1.));
#5875 = DEFINITIONAL_REPRESENTATION('',(#5876),#5879);
#5876 = B_SPLINE_CURVE_WITH_KNOTS('',1,(#5877,#5878),.UNSPECIFIED.,.F.,
  .F.,(2,2),(3.5,4.204163056034),.PIECEWISE_BEZIER_KNOTS.);
#5877 = CARTESIAN_POINT('',(0.,8.15));
#5878 = CARTESIAN_POINT('',(0.704163056034,8.15));
#5879 = ( GEOMETRIC_REPRESENTATION_CONTEXT(2) 
PARAMETRIC_REPRESENTATION_CONTEXT() REPRESENTATION_CONTEXT('2D SPACE',''
  ) );
#5880 = ORIENTED_EDGE('',*,*,#5881,.F.);
#5881 = EDGE_CURVE('',#5882,#5856,#5884,.T.);
#5882 = VERTEX_POINT('',#5883);
#5883 = CARTESIAN_POINT('',(-16.8,-0.704163056034,8.7));
#5884 = SURFACE_CURVE('',#5885,(#5889,#5895),.PCURVE_S1.);
#5885 = LINE('',#5886,#5887);
#5886 = CARTESIAN_POINT('',(-16.8,-3.553122292026,5.851040764009));
#5887 = VECTOR('',#5888,1.);
#5888 = DIRECTION('',(1.570092458684E-16,-0.707106781187,-0.707106781187
    ));
#5889 = PCURVE('',#3571,#5890);
#5890 = DEFINITIONAL_REPRESENTATION('',(#5891),#5894);
#5891 = B_SPLINE_CURVE_WITH_KNOTS('',1,(#5892,#5893),.UNSPECIFIED.,.F.,
  .F.,(2,2),(-4.029036790187,-2.620710678119),.PIECEWISE_BEZIER_KNOTS.);
#5892 = CARTESIAN_POINT('',(-8.7,-0.704163056034));
#5893 = CARTESIAN_POINT('',(-7.704163056034,-1.7));
#5894 = ( GEOMETRIC_REPRESENTATION_CONTEXT(2) 
PARAMETRIC_REPRESENTATION_CONTEXT() REPRESENTATION_CONTEXT('2D SPACE',''
  ) );
#5895 = PCURVE('',#5896,#5901);
#5896 = PLANE('',#5897);
#5897 = AXIS2_PLACEMENT_3D('',#5898,#5899,#5900);
#5898 = CARTESIAN_POINT('',(-24.95,-2.404163056034,7.));
#5899 = DIRECTION('',(0.,-0.707106781187,0.707106781187));
#5900 = DIRECTION('',(1.,0.,0.));
#5901 = DEFINITIONAL_REPRESENTATION('',(#5902),#5905);
#5902 = B_SPLINE_CURVE_WITH_KNOTS('',1,(#5903,#5904),.UNSPECIFIED.,.F.,
  .F.,(2,2),(-4.029036790187,-2.620710678119),.PIECEWISE_BEZIER_KNOTS.);
#5903 = CARTESIAN_POINT('',(8.15,2.404163056034));
#5904 = CARTESIAN_POINT('',(8.15,0.995836943966));
#5905 = ( GEOMETRIC_REPRESENTATION_CONTEXT(2) 
PARAMETRIC_REPRESENTATION_CONTEXT() REPRESENTATION_CONTEXT('2D SPACE',''
  ) );
#5906 = ORIENTED_EDGE('',*,*,#5907,.F.);
#5907 = EDGE_CURVE('',#5908,#5882,#5910,.T.);
#5908 = VERTEX_POINT('',#5909);
#5909 = CARTESIAN_POINT('',(-16.8,0.704163056034,8.7));
#5910 = SURFACE_CURVE('',#5911,(#5915,#5921),.PCURVE_S1.);
#5911 = LINE('',#5912,#5913);
#5912 = CARTESIAN_POINT('',(-16.8,-0.85,8.7));
#5913 = VECTOR('',#5914,1.);
#5914 = DIRECTION('',(0.,-1.,0.));
#5915 = PCURVE('',#3571,#5916);
#5916 = DEFINITIONAL_REPRESENTATION('',(#5917),#5920);
#5917 = B_SPLINE_CURVE_WITH_KNOTS('',1,(#5918,#5919),.UNSPECIFIED.,.F.,
  .F.,(2,2),(-1.554163056034,-0.145836943966),.PIECEWISE_BEZIER_KNOTS.);
#5918 = CARTESIAN_POINT('',(-8.7,0.704163056034));
#5919 = CARTESIAN_POINT('',(-8.7,-0.704163056034));
#5920 = ( GEOMETRIC_REPRESENTATION_CONTEXT(2) 
PARAMETRIC_REPRESENTATION_CONTEXT() REPRESENTATION_CONTEXT('2D SPACE',''
  ) );
#5921 = PCURVE('',#5922,#5927);
#5922 = PLANE('',#5923);
#5923 = AXIS2_PLACEMENT_3D('',#5924,#5925,#5926);
#5924 = CARTESIAN_POINT('',(-24.95,-1.7,8.7));
#5925 = DIRECTION('',(0.,0.,1.));
#5926 = DIRECTION('',(1.,0.,0.));
#5927 = DEFINITIONAL_REPRESENTATION('',(#5928),#5931);
#5928 = B_SPLINE_CURVE_WITH_KNOTS('',1,(#5929,#5930),.UNSPECIFIED.,.F.,
  .F.,(2,2),(-1.554163056034,-0.145836943966),.PIECEWISE_BEZIER_KNOTS.);
#5929 = CARTESIAN_POINT('',(8.15,2.404163056034));
#5930 = CARTESIAN_POINT('',(8.15,0.995836943966));
#5931 = ( GEOMETRIC_REPRESENTATION_CONTEXT(2) 
PARAMETRIC_REPRESENTATION_CONTEXT() REPRESENTATION_CONTEXT('2D SPACE',''
  ) );
#5932 = ORIENTED_EDGE('',*,*,#5933,.F.);
#5933 = EDGE_CURVE('',#5934,#5908,#5936,.T.);
#5934 = VERTEX_POINT('',#5935);
#5935 = CARTESIAN_POINT('',(-16.8,1.7,7.704163056034));
#5936 = SURFACE_CURVE('',#5937,(#5941,#5947),.PCURVE_S1.);
#5937 = LINE('',#5938,#5939);
#5938 = CARTESIAN_POINT('',(-16.8,3.553122292026,5.851040764009));
#5939 = VECTOR('',#5940,1.);
#5940 = DIRECTION('',(-1.570092458684E-16,-0.707106781187,0.707106781187
    ));
#5941 = PCURVE('',#3571,#5942);
#5942 = DEFINITIONAL_REPRESENTATION('',(#5943),#5946);
#5943 = B_SPLINE_CURVE_WITH_KNOTS('',1,(#5944,#5945),.UNSPECIFIED.,.F.,
  .F.,(2,2),(2.620710678119,4.029036790187),.PIECEWISE_BEZIER_KNOTS.);
#5944 = CARTESIAN_POINT('',(-7.704163056034,1.7));
#5945 = CARTESIAN_POINT('',(-8.7,0.704163056034));
#5946 = ( GEOMETRIC_REPRESENTATION_CONTEXT(2) 
PARAMETRIC_REPRESENTATION_CONTEXT() REPRESENTATION_CONTEXT('2D SPACE',''
  ) );
#5947 = PCURVE('',#5948,#5953);
#5948 = PLANE('',#5949);
#5949 = AXIS2_PLACEMENT_3D('',#5950,#5951,#5952);
#5950 = CARTESIAN_POINT('',(-24.95,2.404163056034,7.));
#5951 = DIRECTION('',(0.,0.707106781187,0.707106781187));
#5952 = DIRECTION('',(0.,-0.707106781187,0.707106781187));
#5953 = DEFINITIONAL_REPRESENTATION('',(#5954),#5957);
#5954 = B_SPLINE_CURVE_WITH_KNOTS('',1,(#5955,#5956),.UNSPECIFIED.,.F.,
  .F.,(2,2),(2.620710678119,4.029036790187),.PIECEWISE_BEZIER_KNOTS.);
#5955 = CARTESIAN_POINT('',(0.995836943966,8.15));
#5956 = CARTESIAN_POINT('',(2.404163056034,8.15));
#5957 = ( GEOMETRIC_REPRESENTATION_CONTEXT(2) 
PARAMETRIC_REPRESENTATION_CONTEXT() REPRESENTATION_CONTEXT('2D SPACE',''
  ) );
#5958 = ORIENTED_EDGE('',*,*,#5959,.F.);
#5959 = EDGE_CURVE('',#5827,#5934,#5960,.T.);
#5960 = SURFACE_CURVE('',#5961,(#5965,#5971),.PCURVE_S1.);
#5961 = LINE('',#5962,#5963);
#5962 = CARTESIAN_POINT('',(-16.8,1.7,3.5));
#5963 = VECTOR('',#5964,1.);
#5964 = DIRECTION('',(-2.22044604925E-16,0.,1.));
#5965 = PCURVE('',#3571,#5966);
#5966 = DEFINITIONAL_REPRESENTATION('',(#5967),#5970);
#5967 = B_SPLINE_CURVE_WITH_KNOTS('',1,(#5968,#5969),.UNSPECIFIED.,.F.,
  .F.,(2,2),(3.5,4.204163056034),.PIECEWISE_BEZIER_KNOTS.);
#5968 = CARTESIAN_POINT('',(-7.,1.7));
#5969 = CARTESIAN_POINT('',(-7.704163056034,1.7));
#5970 = ( GEOMETRIC_REPRESENTATION_CONTEXT(2) 
PARAMETRIC_REPRESENTATION_CONTEXT() REPRESENTATION_CONTEXT('2D SPACE',''
  ) );
#5971 = PCURVE('',#5972,#5977);
#5972 = PLANE('',#5973);
#5973 = AXIS2_PLACEMENT_3D('',#5974,#5975,#5976);
#5974 = CARTESIAN_POINT('',(-24.95,1.7,7.));
#5975 = DIRECTION('',(0.,1.,0.));
#5976 = DIRECTION('',(0.,0.,1.));
#5977 = DEFINITIONAL_REPRESENTATION('',(#5978),#5981);
#5978 = B_SPLINE_CURVE_WITH_KNOTS('',1,(#5979,#5980),.UNSPECIFIED.,.F.,
  .F.,(2,2),(3.5,4.204163056034),.PIECEWISE_BEZIER_KNOTS.);
#5979 = CARTESIAN_POINT('',(0.,8.15));
#5980 = CARTESIAN_POINT('',(0.704163056034,8.15));
#5981 = ( GEOMETRIC_REPRESENTATION_CONTEXT(2) 
PARAMETRIC_REPRESENTATION_CONTEXT() REPRESENTATION_CONTEXT('2D SPACE',''
  ) );
#5982 = FACE_BOUND('',#5983,.T.);
#5983 = EDGE_LOOP('',(#5984));
#5984 = ORIENTED_EDGE('',*,*,#5640,.F.);
#5985 = FACE_BOUND('',#5986,.T.);
#5986 = EDGE_LOOP('',(#5987,#6013,#6034,#6055,#6076,#6097));
#5987 = ORIENTED_EDGE('',*,*,#5988,.F.);
#5988 = EDGE_CURVE('',#5989,#5991,#5993,.T.);
#5989 = VERTEX_POINT('',#5990);
#5990 = CARTESIAN_POINT('',(-16.8,5.3,0.));
#5991 = VERTEX_POINT('',#5992);
#5992 = CARTESIAN_POINT('',(-16.8,8.7,0.));
#5993 = SURFACE_CURVE('',#5994,(#5999,#6006),.PCURVE_S1.);
#5994 = CIRCLE('',#5995,1.7);
#5995 = AXIS2_PLACEMENT_3D('',#5996,#5997,#5998);
#5996 = CARTESIAN_POINT('',(-16.8,7.,-3.785860513972E-15));
#5997 = DIRECTION('',(1.,0.,2.22044604925E-16));
#5998 = DIRECTION('',(2.22044604925E-16,0.,-1.));
#5999 = PCURVE('',#3571,#6000);
#6000 = DEFINITIONAL_REPRESENTATION('',(#6001),#6005);
#6001 = CIRCLE('',#6002,1.7);
#6002 = AXIS2_PLACEMENT_2D('',#6003,#6004);
#6003 = CARTESIAN_POINT('',(4.246603069191E-15,7.));
#6004 = DIRECTION('',(1.,0.));
#6005 = ( GEOMETRIC_REPRESENTATION_CONTEXT(2) 
PARAMETRIC_REPRESENTATION_CONTEXT() REPRESENTATION_CONTEXT('2D SPACE',''
  ) );
#6006 = PCURVE('',#3990,#6007);
#6007 = DEFINITIONAL_REPRESENTATION('',(#6008),#6012);
#6008 = LINE('',#6009,#6010);
#6009 = CARTESIAN_POINT('',(0.,8.15));
#6010 = VECTOR('',#6011,1.);
#6011 = DIRECTION('',(1.,0.));
#6012 = ( GEOMETRIC_REPRESENTATION_CONTEXT(2) 
PARAMETRIC_REPRESENTATION_CONTEXT() REPRESENTATION_CONTEXT('2D SPACE',''
  ) );
#6013 = ORIENTED_EDGE('',*,*,#6014,.T.);
#6014 = EDGE_CURVE('',#5989,#6015,#6017,.T.);
#6015 = VERTEX_POINT('',#6016);
#6016 = CARTESIAN_POINT('',(-16.8,5.3,0.704163056034));
#6017 = SURFACE_CURVE('',#6018,(#6022,#6028),.PCURVE_S1.);
#6018 = LINE('',#6019,#6020);
#6019 = CARTESIAN_POINT('',(-16.8,5.3,1.135203042679E-15));
#6020 = VECTOR('',#6021,1.);
#6021 = DIRECTION('',(-2.22044604925E-16,0.,1.));
#6022 = PCURVE('',#3571,#6023);
#6023 = DEFINITIONAL_REPRESENTATION('',(#6024),#6027);
#6024 = B_SPLINE_CURVE_WITH_KNOTS('',1,(#6025,#6026),.UNSPECIFIED.,.F.,
  .F.,(2,2),(-1.135203042679E-15,0.704163056034),
  .PIECEWISE_BEZIER_KNOTS.);
#6025 = CARTESIAN_POINT('',(4.607425552194E-16,5.3));
#6026 = CARTESIAN_POINT('',(-0.704163056034,5.3));
#6027 = ( GEOMETRIC_REPRESENTATION_CONTEXT(2) 
PARAMETRIC_REPRESENTATION_CONTEXT() REPRESENTATION_CONTEXT('2D SPACE',''
  ) );
#6028 = PCURVE('',#4017,#6029);
#6029 = DEFINITIONAL_REPRESENTATION('',(#6030),#6033);
#6030 = B_SPLINE_CURVE_WITH_KNOTS('',1,(#6031,#6032),.UNSPECIFIED.,.F.,
  .F.,(2,2),(-1.135203042679E-15,0.704163056034),
  .PIECEWISE_BEZIER_KNOTS.);
#6031 = CARTESIAN_POINT('',(0.,8.15));
#6032 = CARTESIAN_POINT('',(0.704163056034,8.15));
#6033 = ( GEOMETRIC_REPRESENTATION_CONTEXT(2) 
PARAMETRIC_REPRESENTATION_CONTEXT() REPRESENTATION_CONTEXT('2D SPACE',''
  ) );
#6034 = ORIENTED_EDGE('',*,*,#6035,.F.);
#6035 = EDGE_CURVE('',#6036,#6015,#6038,.T.);
#6036 = VERTEX_POINT('',#6037);
#6037 = CARTESIAN_POINT('',(-16.8,6.295836943966,1.7));
#6038 = SURFACE_CURVE('',#6039,(#6043,#6049),.PCURVE_S1.);
#6039 = LINE('',#6040,#6041);
#6040 = CARTESIAN_POINT('',(-16.8,3.446877707974,-1.148959235991));
#6041 = VECTOR('',#6042,1.);
#6042 = DIRECTION('',(1.570092458684E-16,-0.707106781187,-0.707106781187
    ));
#6043 = PCURVE('',#3571,#6044);
#6044 = DEFINITIONAL_REPRESENTATION('',(#6045),#6048);
#6045 = B_SPLINE_CURVE_WITH_KNOTS('',1,(#6046,#6047),.UNSPECIFIED.,.F.,
  .F.,(2,2),(-4.029036790187,-2.620710678119),.PIECEWISE_BEZIER_KNOTS.);
#6046 = CARTESIAN_POINT('',(-1.7,6.295836943966));
#6047 = CARTESIAN_POINT('',(-0.704163056034,5.3));
#6048 = ( GEOMETRIC_REPRESENTATION_CONTEXT(2) 
PARAMETRIC_REPRESENTATION_CONTEXT() REPRESENTATION_CONTEXT('2D SPACE',''
  ) );
#6049 = PCURVE('',#4043,#6050);
#6050 = DEFINITIONAL_REPRESENTATION('',(#6051),#6054);
#6051 = B_SPLINE_CURVE_WITH_KNOTS('',1,(#6052,#6053),.UNSPECIFIED.,.F.,
  .F.,(2,2),(-4.029036790187,-2.620710678119),.PIECEWISE_BEZIER_KNOTS.);
#6052 = CARTESIAN_POINT('',(8.15,2.404163056034));
#6053 = CARTESIAN_POINT('',(8.15,0.995836943966));
#6054 = ( GEOMETRIC_REPRESENTATION_CONTEXT(2) 
PARAMETRIC_REPRESENTATION_CONTEXT() REPRESENTATION_CONTEXT('2D SPACE',''
  ) );
#6055 = ORIENTED_EDGE('',*,*,#6056,.F.);
#6056 = EDGE_CURVE('',#6057,#6036,#6059,.T.);
#6057 = VERTEX_POINT('',#6058);
#6058 = CARTESIAN_POINT('',(-16.8,7.704163056034,1.7));
#6059 = SURFACE_CURVE('',#6060,(#6064,#6070),.PCURVE_S1.);
#6060 = LINE('',#6061,#6062);
#6061 = CARTESIAN_POINT('',(-16.8,2.65,1.7));
#6062 = VECTOR('',#6063,1.);
#6063 = DIRECTION('',(0.,-1.,0.));
#6064 = PCURVE('',#3571,#6065);
#6065 = DEFINITIONAL_REPRESENTATION('',(#6066),#6069);
#6066 = B_SPLINE_CURVE_WITH_KNOTS('',1,(#6067,#6068),.UNSPECIFIED.,.F.,
  .F.,(2,2),(-5.054163056034,-3.645836943966),.PIECEWISE_BEZIER_KNOTS.);
#6067 = CARTESIAN_POINT('',(-1.7,7.704163056034));
#6068 = CARTESIAN_POINT('',(-1.7,6.295836943966));
#6069 = ( GEOMETRIC_REPRESENTATION_CONTEXT(2) 
PARAMETRIC_REPRESENTATION_CONTEXT() REPRESENTATION_CONTEXT('2D SPACE',''
  ) );
#6070 = PCURVE('',#4069,#6071);
#6071 = DEFINITIONAL_REPRESENTATION('',(#6072),#6075);
#6072 = B_SPLINE_CURVE_WITH_KNOTS('',1,(#6073,#6074),.UNSPECIFIED.,.F.,
  .F.,(2,2),(-5.054163056034,-3.645836943966),.PIECEWISE_BEZIER_KNOTS.);
#6073 = CARTESIAN_POINT('',(8.15,2.404163056034));
#6074 = CARTESIAN_POINT('',(8.15,0.995836943966));
#6075 = ( GEOMETRIC_REPRESENTATION_CONTEXT(2) 
PARAMETRIC_REPRESENTATION_CONTEXT() REPRESENTATION_CONTEXT('2D SPACE',''
  ) );
#6076 = ORIENTED_EDGE('',*,*,#6077,.F.);
#6077 = EDGE_CURVE('',#6078,#6057,#6080,.T.);
#6078 = VERTEX_POINT('',#6079);
#6079 = CARTESIAN_POINT('',(-16.8,8.7,0.704163056034));
#6080 = SURFACE_CURVE('',#6081,(#6085,#6091),.PCURVE_S1.);
#6081 = LINE('',#6082,#6083);
#6082 = CARTESIAN_POINT('',(-16.8,7.053122292026,2.351040764009));
#6083 = VECTOR('',#6084,1.);
#6084 = DIRECTION('',(-1.570092458684E-16,-0.707106781187,0.707106781187
    ));
#6085 = PCURVE('',#3571,#6086);
#6086 = DEFINITIONAL_REPRESENTATION('',(#6087),#6090);
#6087 = B_SPLINE_CURVE_WITH_KNOTS('',1,(#6088,#6089),.UNSPECIFIED.,.F.,
  .F.,(2,2),(-2.329036790187,-0.920710678119),.PIECEWISE_BEZIER_KNOTS.);
#6088 = CARTESIAN_POINT('',(-0.704163056034,8.7));
#6089 = CARTESIAN_POINT('',(-1.7,7.704163056034));
#6090 = ( GEOMETRIC_REPRESENTATION_CONTEXT(2) 
PARAMETRIC_REPRESENTATION_CONTEXT() REPRESENTATION_CONTEXT('2D SPACE',''
  ) );
#6091 = PCURVE('',#4095,#6092);
#6092 = DEFINITIONAL_REPRESENTATION('',(#6093),#6096);
#6093 = B_SPLINE_CURVE_WITH_KNOTS('',1,(#6094,#6095),.UNSPECIFIED.,.F.,
  .F.,(2,2),(-2.329036790187,-0.920710678119),.PIECEWISE_BEZIER_KNOTS.);
#6094 = CARTESIAN_POINT('',(0.995836943966,8.15));
#6095 = CARTESIAN_POINT('',(2.404163056034,8.15));
#6096 = ( GEOMETRIC_REPRESENTATION_CONTEXT(2) 
PARAMETRIC_REPRESENTATION_CONTEXT() REPRESENTATION_CONTEXT('2D SPACE',''
  ) );
#6097 = ORIENTED_EDGE('',*,*,#6098,.F.);
#6098 = EDGE_CURVE('',#5991,#6078,#6099,.T.);
#6099 = SURFACE_CURVE('',#6100,(#6104,#6110),.PCURVE_S1.);
#6100 = LINE('',#6101,#6102);
#6101 = CARTESIAN_POINT('',(-16.8,8.7,1.135203042679E-15));
#6102 = VECTOR('',#6103,1.);
#6103 = DIRECTION('',(-2.22044604925E-16,0.,1.));
#6104 = PCURVE('',#3571,#6105);
#6105 = DEFINITIONAL_REPRESENTATION('',(#6106),#6109);
#6106 = B_SPLINE_CURVE_WITH_KNOTS('',1,(#6107,#6108),.UNSPECIFIED.,.F.,
  .F.,(2,2),(-1.135203042679E-15,0.704163056034),
  .PIECEWISE_BEZIER_KNOTS.);
#6107 = CARTESIAN_POINT('',(4.607425552194E-16,8.7));
#6108 = CARTESIAN_POINT('',(-0.704163056034,8.7));
#6109 = ( GEOMETRIC_REPRESENTATION_CONTEXT(2) 
PARAMETRIC_REPRESENTATION_CONTEXT() REPRESENTATION_CONTEXT('2D SPACE',''
  ) );
#6110 = PCURVE('',#4119,#6111);
#6111 = DEFINITIONAL_REPRESENTATION('',(#6112),#6115);
#6112 = B_SPLINE_CURVE_WITH_KNOTS('',1,(#6113,#6114),.UNSPECIFIED.,.F.,
  .F.,(2,2),(-1.135203042679E-15,0.704163056034),
  .PIECEWISE_BEZIER_KNOTS.);
#6113 = CARTESIAN_POINT('',(0.,8.15));
#6114 = CARTESIAN_POINT('',(0.704163056034,8.15));
#6115 = ( GEOMETRIC_REPRESENTATION_CONTEXT(2) 
PARAMETRIC_REPRESENTATION_CONTEXT() REPRESENTATION_CONTEXT('2D SPACE',''
  ) );
#6116 = FACE_BOUND('',#6117,.T.);
#6117 = EDGE_LOOP('',(#6118,#6144,#6165,#6186,#6207,#6228));
#6118 = ORIENTED_EDGE('',*,*,#6119,.F.);
#6119 = EDGE_CURVE('',#6120,#6122,#6124,.T.);
#6120 = VERTEX_POINT('',#6121);
#6121 = CARTESIAN_POINT('',(-16.8,-1.7,-7.));
#6122 = VERTEX_POINT('',#6123);
#6123 = CARTESIAN_POINT('',(-16.8,1.7,-7.));
#6124 = SURFACE_CURVE('',#6125,(#6130,#6137),.PCURVE_S1.);
#6125 = CIRCLE('',#6126,1.7);
#6126 = AXIS2_PLACEMENT_3D('',#6127,#6128,#6129);
#6127 = CARTESIAN_POINT('',(-16.8,0.,-7.));
#6128 = DIRECTION('',(1.,0.,2.22044604925E-16));
#6129 = DIRECTION('',(2.22044604925E-16,0.,-1.));
#6130 = PCURVE('',#3571,#6131);
#6131 = DEFINITIONAL_REPRESENTATION('',(#6132),#6136);
#6132 = CIRCLE('',#6133,1.7);
#6133 = AXIS2_PLACEMENT_2D('',#6134,#6135);
#6134 = CARTESIAN_POINT('',(7.,0.));
#6135 = DIRECTION('',(1.,0.));
#6136 = ( GEOMETRIC_REPRESENTATION_CONTEXT(2) 
PARAMETRIC_REPRESENTATION_CONTEXT() REPRESENTATION_CONTEXT('2D SPACE',''
  ) );
#6137 = PCURVE('',#3824,#6138);
#6138 = DEFINITIONAL_REPRESENTATION('',(#6139),#6143);
#6139 = LINE('',#6140,#6141);
#6140 = CARTESIAN_POINT('',(0.,8.15));
#6141 = VECTOR('',#6142,1.);
#6142 = DIRECTION('',(1.,0.));
#6143 = ( GEOMETRIC_REPRESENTATION_CONTEXT(2) 
PARAMETRIC_REPRESENTATION_CONTEXT() REPRESENTATION_CONTEXT('2D SPACE',''
  ) );
#6144 = ORIENTED_EDGE('',*,*,#6145,.T.);
#6145 = EDGE_CURVE('',#6120,#6146,#6148,.T.);
#6146 = VERTEX_POINT('',#6147);
#6147 = CARTESIAN_POINT('',(-16.8,-1.7,-6.295836943966));
#6148 = SURFACE_CURVE('',#6149,(#6153,#6159),.PCURVE_S1.);
#6149 = LINE('',#6150,#6151);
#6150 = CARTESIAN_POINT('',(-16.8,-1.7,-3.5));
#6151 = VECTOR('',#6152,1.);
#6152 = DIRECTION('',(-2.22044604925E-16,0.,1.));
#6153 = PCURVE('',#3571,#6154);
#6154 = DEFINITIONAL_REPRESENTATION('',(#6155),#6158);
#6155 = B_SPLINE_CURVE_WITH_KNOTS('',1,(#6156,#6157),.UNSPECIFIED.,.F.,
  .F.,(2,2),(-3.5,-2.795836943966),.PIECEWISE_BEZIER_KNOTS.);
#6156 = CARTESIAN_POINT('',(7.,-1.7));
#6157 = CARTESIAN_POINT('',(6.295836943966,-1.7));
#6158 = ( GEOMETRIC_REPRESENTATION_CONTEXT(2) 
PARAMETRIC_REPRESENTATION_CONTEXT() REPRESENTATION_CONTEXT('2D SPACE',''
  ) );
#6159 = PCURVE('',#3851,#6160);
#6160 = DEFINITIONAL_REPRESENTATION('',(#6161),#6164);
#6161 = B_SPLINE_CURVE_WITH_KNOTS('',1,(#6162,#6163),.UNSPECIFIED.,.F.,
  .F.,(2,2),(-3.5,-2.795836943966),.PIECEWISE_BEZIER_KNOTS.);
#6162 = CARTESIAN_POINT('',(0.,8.15));
#6163 = CARTESIAN_POINT('',(0.704163056034,8.15));
#6164 = ( GEOMETRIC_REPRESENTATION_CONTEXT(2) 
PARAMETRIC_REPRESENTATION_CONTEXT() REPRESENTATION_CONTEXT('2D SPACE',''
  ) );
#6165 = ORIENTED_EDGE('',*,*,#6166,.F.);
#6166 = EDGE_CURVE('',#6167,#6146,#6169,.T.);
#6167 = VERTEX_POINT('',#6168);
#6168 = CARTESIAN_POINT('',(-16.8,-0.704163056034,-5.3));
#6169 = SURFACE_CURVE('',#6170,(#6174,#6180),.PCURVE_S1.);
#6170 = LINE('',#6171,#6172);
#6171 = CARTESIAN_POINT('',(-16.8,-5.31222920257E-02,-4.648959235991));
#6172 = VECTOR('',#6173,1.);
#6173 = DIRECTION('',(1.570092458684E-16,-0.707106781187,-0.707106781187
    ));
#6174 = PCURVE('',#3571,#6175);
#6175 = DEFINITIONAL_REPRESENTATION('',(#6176),#6179);
#6176 = B_SPLINE_CURVE_WITH_KNOTS('',1,(#6177,#6178),.UNSPECIFIED.,.F.,
  .F.,(2,2),(0.920710678119,2.329036790187),.PIECEWISE_BEZIER_KNOTS.);
#6177 = CARTESIAN_POINT('',(5.3,-0.704163056034));
#6178 = CARTESIAN_POINT('',(6.295836943966,-1.7));
#6179 = ( GEOMETRIC_REPRESENTATION_CONTEXT(2) 
PARAMETRIC_REPRESENTATION_CONTEXT() REPRESENTATION_CONTEXT('2D SPACE',''
  ) );
#6180 = PCURVE('',#3877,#6181);
#6181 = DEFINITIONAL_REPRESENTATION('',(#6182),#6185);
#6182 = B_SPLINE_CURVE_WITH_KNOTS('',1,(#6183,#6184),.UNSPECIFIED.,.F.,
  .F.,(2,2),(0.920710678119,2.329036790187),.PIECEWISE_BEZIER_KNOTS.);
#6183 = CARTESIAN_POINT('',(8.15,2.404163056034));
#6184 = CARTESIAN_POINT('',(8.15,0.995836943966));
#6185 = ( GEOMETRIC_REPRESENTATION_CONTEXT(2) 
PARAMETRIC_REPRESENTATION_CONTEXT() REPRESENTATION_CONTEXT('2D SPACE',''
  ) );
#6186 = ORIENTED_EDGE('',*,*,#6187,.F.);
#6187 = EDGE_CURVE('',#6188,#6167,#6190,.T.);
#6188 = VERTEX_POINT('',#6189);
#6189 = CARTESIAN_POINT('',(-16.8,0.704163056034,-5.3));
#6190 = SURFACE_CURVE('',#6191,(#6195,#6201),.PCURVE_S1.);
#6191 = LINE('',#6192,#6193);
#6192 = CARTESIAN_POINT('',(-16.8,-0.85,-5.3));
#6193 = VECTOR('',#6194,1.);
#6194 = DIRECTION('',(0.,-1.,0.));
#6195 = PCURVE('',#3571,#6196);
#6196 = DEFINITIONAL_REPRESENTATION('',(#6197),#6200);
#6197 = B_SPLINE_CURVE_WITH_KNOTS('',1,(#6198,#6199),.UNSPECIFIED.,.F.,
  .F.,(2,2),(-1.554163056034,-0.145836943966),.PIECEWISE_BEZIER_KNOTS.);
#6198 = CARTESIAN_POINT('',(5.3,0.704163056034));
#6199 = CARTESIAN_POINT('',(5.3,-0.704163056034));
#6200 = ( GEOMETRIC_REPRESENTATION_CONTEXT(2) 
PARAMETRIC_REPRESENTATION_CONTEXT() REPRESENTATION_CONTEXT('2D SPACE',''
  ) );
#6201 = PCURVE('',#3903,#6202);
#6202 = DEFINITIONAL_REPRESENTATION('',(#6203),#6206);
#6203 = B_SPLINE_CURVE_WITH_KNOTS('',1,(#6204,#6205),.UNSPECIFIED.,.F.,
  .F.,(2,2),(-1.554163056034,-0.145836943966),.PIECEWISE_BEZIER_KNOTS.);
#6204 = CARTESIAN_POINT('',(8.15,2.404163056034));
#6205 = CARTESIAN_POINT('',(8.15,0.995836943966));
#6206 = ( GEOMETRIC_REPRESENTATION_CONTEXT(2) 
PARAMETRIC_REPRESENTATION_CONTEXT() REPRESENTATION_CONTEXT('2D SPACE',''
  ) );
#6207 = ORIENTED_EDGE('',*,*,#6208,.F.);
#6208 = EDGE_CURVE('',#6209,#6188,#6211,.T.);
#6209 = VERTEX_POINT('',#6210);
#6210 = CARTESIAN_POINT('',(-16.8,1.7,-6.295836943966));
#6211 = SURFACE_CURVE('',#6212,(#6216,#6222),.PCURVE_S1.);
#6212 = LINE('',#6213,#6214);
#6213 = CARTESIAN_POINT('',(-16.8,5.31222920257E-02,-4.648959235991));
#6214 = VECTOR('',#6215,1.);
#6215 = DIRECTION('',(-1.570092458684E-16,-0.707106781187,0.707106781187
    ));
#6216 = PCURVE('',#3571,#6217);
#6217 = DEFINITIONAL_REPRESENTATION('',(#6218),#6221);
#6218 = B_SPLINE_CURVE_WITH_KNOTS('',1,(#6219,#6220),.UNSPECIFIED.,.F.,
  .F.,(2,2),(-2.329036790187,-0.920710678119),.PIECEWISE_BEZIER_KNOTS.);
#6219 = CARTESIAN_POINT('',(6.295836943966,1.7));
#6220 = CARTESIAN_POINT('',(5.3,0.704163056034));
#6221 = ( GEOMETRIC_REPRESENTATION_CONTEXT(2) 
PARAMETRIC_REPRESENTATION_CONTEXT() REPRESENTATION_CONTEXT('2D SPACE',''
  ) );
#6222 = PCURVE('',#3929,#6223);
#6223 = DEFINITIONAL_REPRESENTATION('',(#6224),#6227);
#6224 = B_SPLINE_CURVE_WITH_KNOTS('',1,(#6225,#6226),.UNSPECIFIED.,.F.,
  .F.,(2,2),(-2.329036790187,-0.920710678119),.PIECEWISE_BEZIER_KNOTS.);
#6225 = CARTESIAN_POINT('',(0.995836943966,8.15));
#6226 = CARTESIAN_POINT('',(2.404163056034,8.15));
#6227 = ( GEOMETRIC_REPRESENTATION_CONTEXT(2) 
PARAMETRIC_REPRESENTATION_CONTEXT() REPRESENTATION_CONTEXT('2D SPACE',''
  ) );
#6228 = ORIENTED_EDGE('',*,*,#6229,.F.);
#6229 = EDGE_CURVE('',#6122,#6209,#6230,.T.);
#6230 = SURFACE_CURVE('',#6231,(#6235,#6241),.PCURVE_S1.);
#6231 = LINE('',#6232,#6233);
#6232 = CARTESIAN_POINT('',(-16.8,1.7,-3.5));
#6233 = VECTOR('',#6234,1.);
#6234 = DIRECTION('',(-2.22044604925E-16,0.,1.));
#6235 = PCURVE('',#3571,#6236);
#6236 = DEFINITIONAL_REPRESENTATION('',(#6237),#6240);
#6237 = B_SPLINE_CURVE_WITH_KNOTS('',1,(#6238,#6239),.UNSPECIFIED.,.F.,
  .F.,(2,2),(-3.5,-2.795836943966),.PIECEWISE_BEZIER_KNOTS.);
#6238 = CARTESIAN_POINT('',(7.,1.7));
#6239 = CARTESIAN_POINT('',(6.295836943966,1.7));
#6240 = ( GEOMETRIC_REPRESENTATION_CONTEXT(2) 
PARAMETRIC_REPRESENTATION_CONTEXT() REPRESENTATION_CONTEXT('2D SPACE',''
  ) );
#6241 = PCURVE('',#3953,#6242);
#6242 = DEFINITIONAL_REPRESENTATION('',(#6243),#6246);
#6243 = B_SPLINE_CURVE_WITH_KNOTS('',1,(#6244,#6245),.UNSPECIFIED.,.F.,
  .F.,(2,2),(-3.5,-2.795836943966),.PIECEWISE_BEZIER_KNOTS.);
#6244 = CARTESIAN_POINT('',(0.,8.15));
#6245 = CARTESIAN_POINT('',(0.704163056034,8.15));
#6246 = ( GEOMETRIC_REPRESENTATION_CONTEXT(2) 
PARAMETRIC_REPRESENTATION_CONTEXT() REPRESENTATION_CONTEXT('2D SPACE',''
  ) );
#6247 = ADVANCED_FACE('',(#6248,#6252),#3451,.F.);
#6248 = FACE_BOUND('',#6249,.F.);
#6249 = EDGE_LOOP('',(#6250,#6251));
#6250 = ORIENTED_EDGE('',*,*,#5614,.T.);
#6251 = ORIENTED_EDGE('',*,*,#3434,.T.);
#6252 = FACE_BOUND('',#6253,.F.);
#6253 = EDGE_LOOP('',(#6254,#6280,#6301,#6322,#6343,#6364));
#6254 = ORIENTED_EDGE('',*,*,#6255,.F.);
#6255 = EDGE_CURVE('',#6256,#6258,#6260,.T.);
#6256 = VERTEX_POINT('',#6257);
#6257 = CARTESIAN_POINT('',(-20.7,-1.7,7.));
#6258 = VERTEX_POINT('',#6259);
#6259 = CARTESIAN_POINT('',(-20.7,1.7,7.));
#6260 = SURFACE_CURVE('',#6261,(#6266,#6273),.PCURVE_S1.);
#6261 = CIRCLE('',#6262,1.7);
#6262 = AXIS2_PLACEMENT_3D('',#6263,#6264,#6265);
#6263 = CARTESIAN_POINT('',(-20.7,0.,7.));
#6264 = DIRECTION('',(1.,0.,2.22044604925E-16));
#6265 = DIRECTION('',(2.22044604925E-16,0.,-1.));
#6266 = PCURVE('',#3451,#6267);
#6267 = DEFINITIONAL_REPRESENTATION('',(#6268),#6272);
#6268 = CIRCLE('',#6269,1.7);
#6269 = AXIS2_PLACEMENT_2D('',#6270,#6271);
#6270 = CARTESIAN_POINT('',(4.440892098501E-15,0.));
#6271 = DIRECTION('',(1.,0.));
#6272 = ( GEOMETRIC_REPRESENTATION_CONTEXT(2) 
PARAMETRIC_REPRESENTATION_CONTEXT() REPRESENTATION_CONTEXT('2D SPACE',''
  ) );
#6273 = PCURVE('',#5843,#6274);
#6274 = DEFINITIONAL_REPRESENTATION('',(#6275),#6279);
#6275 = LINE('',#6276,#6277);
#6276 = CARTESIAN_POINT('',(0.,4.25));
#6277 = VECTOR('',#6278,1.);
#6278 = DIRECTION('',(1.,0.));
#6279 = ( GEOMETRIC_REPRESENTATION_CONTEXT(2) 
PARAMETRIC_REPRESENTATION_CONTEXT() REPRESENTATION_CONTEXT('2D SPACE',''
  ) );
#6280 = ORIENTED_EDGE('',*,*,#6281,.T.);
#6281 = EDGE_CURVE('',#6256,#6282,#6284,.T.);
#6282 = VERTEX_POINT('',#6283);
#6283 = CARTESIAN_POINT('',(-20.7,-1.7,7.704163056034));
#6284 = SURFACE_CURVE('',#6285,(#6289,#6295),.PCURVE_S1.);
#6285 = LINE('',#6286,#6287);
#6286 = CARTESIAN_POINT('',(-20.7,-1.7,7.));
#6287 = VECTOR('',#6288,1.);
#6288 = DIRECTION('',(-2.22044604925E-16,0.,1.));
#6289 = PCURVE('',#3451,#6290);
#6290 = DEFINITIONAL_REPRESENTATION('',(#6291),#6294);
#6291 = B_SPLINE_CURVE_WITH_KNOTS('',1,(#6292,#6293),.UNSPECIFIED.,.F.,
  .F.,(2,2),(0.,0.704163056034),.PIECEWISE_BEZIER_KNOTS.);
#6292 = CARTESIAN_POINT('',(0.,-1.7));
#6293 = CARTESIAN_POINT('',(-0.704163056034,-1.7));
#6294 = ( GEOMETRIC_REPRESENTATION_CONTEXT(2) 
PARAMETRIC_REPRESENTATION_CONTEXT() REPRESENTATION_CONTEXT('2D SPACE',''
  ) );
#6295 = PCURVE('',#5870,#6296);
#6296 = DEFINITIONAL_REPRESENTATION('',(#6297),#6300);
#6297 = B_SPLINE_CURVE_WITH_KNOTS('',1,(#6298,#6299),.UNSPECIFIED.,.F.,
  .F.,(2,2),(0.,0.704163056034),.PIECEWISE_BEZIER_KNOTS.);
#6298 = CARTESIAN_POINT('',(0.,4.25));
#6299 = CARTESIAN_POINT('',(0.704163056034,4.25));
#6300 = ( GEOMETRIC_REPRESENTATION_CONTEXT(2) 
PARAMETRIC_REPRESENTATION_CONTEXT() REPRESENTATION_CONTEXT('2D SPACE',''
  ) );
#6301 = ORIENTED_EDGE('',*,*,#6302,.F.);
#6302 = EDGE_CURVE('',#6303,#6282,#6305,.T.);
#6303 = VERTEX_POINT('',#6304);
#6304 = CARTESIAN_POINT('',(-20.7,-0.704163056034,8.7));
#6305 = SURFACE_CURVE('',#6306,(#6310,#6316),.PCURVE_S1.);
#6306 = LINE('',#6307,#6308);
#6307 = CARTESIAN_POINT('',(-20.7,-1.803122292026,7.601040764009));
#6308 = VECTOR('',#6309,1.);
#6309 = DIRECTION('',(1.570092458684E-16,-0.707106781187,-0.707106781187
    ));
#6310 = PCURVE('',#3451,#6311);
#6311 = DEFINITIONAL_REPRESENTATION('',(#6312),#6315);
#6312 = B_SPLINE_CURVE_WITH_KNOTS('',1,(#6313,#6314),.UNSPECIFIED.,.F.,
  .F.,(2,2),(-1.554163056034,-0.145836943966),.PIECEWISE_BEZIER_KNOTS.);
#6313 = CARTESIAN_POINT('',(-1.7,-0.704163056034));
#6314 = CARTESIAN_POINT('',(-0.704163056034,-1.7));
#6315 = ( GEOMETRIC_REPRESENTATION_CONTEXT(2) 
PARAMETRIC_REPRESENTATION_CONTEXT() REPRESENTATION_CONTEXT('2D SPACE',''
  ) );
#6316 = PCURVE('',#5896,#6317);
#6317 = DEFINITIONAL_REPRESENTATION('',(#6318),#6321);
#6318 = B_SPLINE_CURVE_WITH_KNOTS('',1,(#6319,#6320),.UNSPECIFIED.,.F.,
  .F.,(2,2),(-1.554163056034,-0.145836943966),.PIECEWISE_BEZIER_KNOTS.);
#6319 = CARTESIAN_POINT('',(4.25,2.404163056034));
#6320 = CARTESIAN_POINT('',(4.25,0.995836943966));
#6321 = ( GEOMETRIC_REPRESENTATION_CONTEXT(2) 
PARAMETRIC_REPRESENTATION_CONTEXT() REPRESENTATION_CONTEXT('2D SPACE',''
  ) );
#6322 = ORIENTED_EDGE('',*,*,#6323,.F.);
#6323 = EDGE_CURVE('',#6324,#6303,#6326,.T.);
#6324 = VERTEX_POINT('',#6325);
#6325 = CARTESIAN_POINT('',(-20.7,0.704163056034,8.7));
#6326 = SURFACE_CURVE('',#6327,(#6331,#6337),.PCURVE_S1.);
#6327 = LINE('',#6328,#6329);
#6328 = CARTESIAN_POINT('',(-20.7,-0.85,8.7));
#6329 = VECTOR('',#6330,1.);
#6330 = DIRECTION('',(0.,-1.,0.));
#6331 = PCURVE('',#3451,#6332);
#6332 = DEFINITIONAL_REPRESENTATION('',(#6333),#6336);
#6333 = B_SPLINE_CURVE_WITH_KNOTS('',1,(#6334,#6335),.UNSPECIFIED.,.F.,
  .F.,(2,2),(-1.554163056034,-0.145836943966),.PIECEWISE_BEZIER_KNOTS.);
#6334 = CARTESIAN_POINT('',(-1.7,0.704163056034));
#6335 = CARTESIAN_POINT('',(-1.7,-0.704163056034));
#6336 = ( GEOMETRIC_REPRESENTATION_CONTEXT(2) 
PARAMETRIC_REPRESENTATION_CONTEXT() REPRESENTATION_CONTEXT('2D SPACE',''
  ) );
#6337 = PCURVE('',#5922,#6338);
#6338 = DEFINITIONAL_REPRESENTATION('',(#6339),#6342);
#6339 = B_SPLINE_CURVE_WITH_KNOTS('',1,(#6340,#6341),.UNSPECIFIED.,.F.,
  .F.,(2,2),(-1.554163056034,-0.145836943966),.PIECEWISE_BEZIER_KNOTS.);
#6340 = CARTESIAN_POINT('',(4.25,2.404163056034));
#6341 = CARTESIAN_POINT('',(4.25,0.995836943966));
#6342 = ( GEOMETRIC_REPRESENTATION_CONTEXT(2) 
PARAMETRIC_REPRESENTATION_CONTEXT() REPRESENTATION_CONTEXT('2D SPACE',''
  ) );
#6343 = ORIENTED_EDGE('',*,*,#6344,.F.);
#6344 = EDGE_CURVE('',#6345,#6324,#6347,.T.);
#6345 = VERTEX_POINT('',#6346);
#6346 = CARTESIAN_POINT('',(-20.7,1.7,7.704163056034));
#6347 = SURFACE_CURVE('',#6348,(#6352,#6358),.PCURVE_S1.);
#6348 = LINE('',#6349,#6350);
#6349 = CARTESIAN_POINT('',(-20.7,1.803122292026,7.601040764009));
#6350 = VECTOR('',#6351,1.);
#6351 = DIRECTION('',(-1.570092458684E-16,-0.707106781187,0.707106781187
    ));
#6352 = PCURVE('',#3451,#6353);
#6353 = DEFINITIONAL_REPRESENTATION('',(#6354),#6357);
#6354 = B_SPLINE_CURVE_WITH_KNOTS('',1,(#6355,#6356),.UNSPECIFIED.,.F.,
  .F.,(2,2),(0.145836943966,1.554163056034),.PIECEWISE_BEZIER_KNOTS.);
#6355 = CARTESIAN_POINT('',(-0.704163056034,1.7));
#6356 = CARTESIAN_POINT('',(-1.7,0.704163056034));
#6357 = ( GEOMETRIC_REPRESENTATION_CONTEXT(2) 
PARAMETRIC_REPRESENTATION_CONTEXT() REPRESENTATION_CONTEXT('2D SPACE',''
  ) );
#6358 = PCURVE('',#5948,#6359);
#6359 = DEFINITIONAL_REPRESENTATION('',(#6360),#6363);
#6360 = B_SPLINE_CURVE_WITH_KNOTS('',1,(#6361,#6362),.UNSPECIFIED.,.F.,
  .F.,(2,2),(0.145836943966,1.554163056034),.PIECEWISE_BEZIER_KNOTS.);
#6361 = CARTESIAN_POINT('',(0.995836943966,4.25));
#6362 = CARTESIAN_POINT('',(2.404163056034,4.25));
#6363 = ( GEOMETRIC_REPRESENTATION_CONTEXT(2) 
PARAMETRIC_REPRESENTATION_CONTEXT() REPRESENTATION_CONTEXT('2D SPACE',''
  ) );
#6364 = ORIENTED_EDGE('',*,*,#6365,.F.);
#6365 = EDGE_CURVE('',#6258,#6345,#6366,.T.);
#6366 = SURFACE_CURVE('',#6367,(#6371,#6377),.PCURVE_S1.);
#6367 = LINE('',#6368,#6369);
#6368 = CARTESIAN_POINT('',(-20.7,1.7,7.));
#6369 = VECTOR('',#6370,1.);
#6370 = DIRECTION('',(-2.22044604925E-16,0.,1.));
#6371 = PCURVE('',#3451,#6372);
#6372 = DEFINITIONAL_REPRESENTATION('',(#6373),#6376);
#6373 = B_SPLINE_CURVE_WITH_KNOTS('',1,(#6374,#6375),.UNSPECIFIED.,.F.,
  .F.,(2,2),(0.,0.704163056034),.PIECEWISE_BEZIER_KNOTS.);
#6374 = CARTESIAN_POINT('',(0.,1.7));
#6375 = CARTESIAN_POINT('',(-0.704163056034,1.7));
#6376 = ( GEOMETRIC_REPRESENTATION_CONTEXT(2) 
PARAMETRIC_REPRESENTATION_CONTEXT() REPRESENTATION_CONTEXT('2D SPACE',''
  ) );
#6377 = PCURVE('',#5972,#6378);
#6378 = DEFINITIONAL_REPRESENTATION('',(#6379),#6382);
#6379 = B_SPLINE_CURVE_WITH_KNOTS('',1,(#6380,#6381),.UNSPECIFIED.,.F.,
  .F.,(2,2),(0.,0.704163056034),.PIECEWISE_BEZIER_KNOTS.);
#6380 = CARTESIAN_POINT('',(0.,4.25));
#6381 = CARTESIAN_POINT('',(0.704163056034,4.25));
#6382 = ( GEOMETRIC_REPRESENTATION_CONTEXT(2) 
PARAMETRIC_REPRESENTATION_CONTEXT() REPRESENTATION_CONTEXT('2D SPACE',''
  ) );
#6383 = ADVANCED_FACE('',(#6384),#3657,.F.);
#6384 = FACE_BOUND('',#6385,.F.);
#6385 = EDGE_LOOP('',(#6386,#6406,#6407,#6427));
#6386 = ORIENTED_EDGE('',*,*,#6387,.F.);
#6387 = EDGE_CURVE('',#3639,#5694,#6388,.T.);
#6388 = SURFACE_CURVE('',#6389,(#6393,#6399),.PCURVE_S1.);
#6389 = LINE('',#6390,#6391);
#6390 = CARTESIAN_POINT('',(-24.95,-8.7,0.));
#6391 = VECTOR('',#6392,1.);
#6392 = DIRECTION('',(1.,0.,0.));
#6393 = PCURVE('',#3657,#6394);
#6394 = DEFINITIONAL_REPRESENTATION('',(#6395),#6398);
#6395 = B_SPLINE_CURVE_WITH_KNOTS('',1,(#6396,#6397),.UNSPECIFIED.,.F.,
  .F.,(2,2),(0.,50.4),.PIECEWISE_BEZIER_KNOTS.);
#6396 = CARTESIAN_POINT('',(4.712388980385,1.242455925723E-30));
#6397 = CARTESIAN_POINT('',(4.712388980385,50.4));
#6398 = ( GEOMETRIC_REPRESENTATION_CONTEXT(2) 
PARAMETRIC_REPRESENTATION_CONTEXT() REPRESENTATION_CONTEXT('2D SPACE',''
  ) );
#6399 = PCURVE('',#3684,#6400);
#6400 = DEFINITIONAL_REPRESENTATION('',(#6401),#6405);
#6401 = LINE('',#6402,#6403);
#6402 = CARTESIAN_POINT('',(0.,0.));
#6403 = VECTOR('',#6404,1.);
#6404 = DIRECTION('',(0.,1.));
#6405 = ( GEOMETRIC_REPRESENTATION_CONTEXT(2) 
PARAMETRIC_REPRESENTATION_CONTEXT() REPRESENTATION_CONTEXT('2D SPACE',''
  ) );
#6406 = ORIENTED_EDGE('',*,*,#3638,.T.);
#6407 = ORIENTED_EDGE('',*,*,#6408,.T.);
#6408 = EDGE_CURVE('',#3641,#5696,#6409,.T.);
#6409 = SURFACE_CURVE('',#6410,(#6414,#6420),.PCURVE_S1.);
#6410 = LINE('',#6411,#6412);
#6411 = CARTESIAN_POINT('',(-24.95,-5.3,0.));
#6412 = VECTOR('',#6413,1.);
#6413 = DIRECTION('',(1.,0.,0.));
#6414 = PCURVE('',#3657,#6415);
#6415 = DEFINITIONAL_REPRESENTATION('',(#6416),#6419);
#6416 = B_SPLINE_CURVE_WITH_KNOTS('',1,(#6417,#6418),.UNSPECIFIED.,.F.,
  .F.,(2,2),(0.,50.4),.PIECEWISE_BEZIER_KNOTS.);
#6417 = CARTESIAN_POINT('',(7.853981633974,1.242455925723E-30));
#6418 = CARTESIAN_POINT('',(7.853981633974,50.4));
#6419 = ( GEOMETRIC_REPRESENTATION_CONTEXT(2) 
PARAMETRIC_REPRESENTATION_CONTEXT() REPRESENTATION_CONTEXT('2D SPACE',''
  ) );
#6420 = PCURVE('',#3786,#6421);
#6421 = DEFINITIONAL_REPRESENTATION('',(#6422),#6426);
#6422 = LINE('',#6423,#6424);
#6423 = CARTESIAN_POINT('',(0.,0.));
#6424 = VECTOR('',#6425,1.);
#6425 = DIRECTION('',(0.,1.));
#6426 = ( GEOMETRIC_REPRESENTATION_CONTEXT(2) 
PARAMETRIC_REPRESENTATION_CONTEXT() REPRESENTATION_CONTEXT('2D SPACE',''
  ) );
#6427 = ORIENTED_EDGE('',*,*,#5693,.F.);
#6428 = ADVANCED_FACE('',(#6429),#3786,.F.);
#6429 = FACE_BOUND('',#6430,.F.);
#6430 = EDGE_LOOP('',(#6431,#6432,#6433,#6434));
#6431 = ORIENTED_EDGE('',*,*,#5803,.F.);
#6432 = ORIENTED_EDGE('',*,*,#6408,.F.);
#6433 = ORIENTED_EDGE('',*,*,#3773,.T.);
#6434 = ORIENTED_EDGE('',*,*,#6435,.F.);
#6435 = EDGE_CURVE('',#5783,#3748,#6436,.T.);
#6436 = SURFACE_CURVE('',#6437,(#6441,#6447),.PCURVE_S1.);
#6437 = LINE('',#6438,#6439);
#6438 = CARTESIAN_POINT('',(-24.95,-5.3,0.704163056034));
#6439 = VECTOR('',#6440,1.);
#6440 = DIRECTION('',(-1.,-0.,0.));
#6441 = PCURVE('',#3786,#6442);
#6442 = DEFINITIONAL_REPRESENTATION('',(#6443),#6446);
#6443 = B_SPLINE_CURVE_WITH_KNOTS('',1,(#6444,#6445),.UNSPECIFIED.,.F.,
  .F.,(2,2),(-50.4,0.),.PIECEWISE_BEZIER_KNOTS.);
#6444 = CARTESIAN_POINT('',(0.704163056034,50.4));
#6445 = CARTESIAN_POINT('',(0.704163056034,0.));
#6446 = ( GEOMETRIC_REPRESENTATION_CONTEXT(2) 
PARAMETRIC_REPRESENTATION_CONTEXT() REPRESENTATION_CONTEXT('2D SPACE',''
  ) );
#6447 = PCURVE('',#3762,#6448);
#6448 = DEFINITIONAL_REPRESENTATION('',(#6449),#6453);
#6449 = LINE('',#6450,#6451);
#6450 = CARTESIAN_POINT('',(0.995836943966,0.));
#6451 = VECTOR('',#6452,1.);
#6452 = DIRECTION('',(0.,-1.));
#6453 = ( GEOMETRIC_REPRESENTATION_CONTEXT(2) 
PARAMETRIC_REPRESENTATION_CONTEXT() REPRESENTATION_CONTEXT('2D SPACE',''
  ) );
#6454 = ADVANCED_FACE('',(#6455),#3762,.F.);
#6455 = FACE_BOUND('',#6456,.F.);
#6456 = EDGE_LOOP('',(#6457,#6458,#6459,#6460));
#6457 = ORIENTED_EDGE('',*,*,#5782,.F.);
#6458 = ORIENTED_EDGE('',*,*,#6435,.T.);
#6459 = ORIENTED_EDGE('',*,*,#3747,.T.);
#6460 = ORIENTED_EDGE('',*,*,#6461,.T.);
#6461 = EDGE_CURVE('',#3722,#5762,#6462,.T.);
#6462 = SURFACE_CURVE('',#6463,(#6467,#6474),.PCURVE_S1.);
#6463 = LINE('',#6464,#6465);
#6464 = CARTESIAN_POINT('',(-24.95,-6.295836943966,1.7));
#6465 = VECTOR('',#6466,1.);
#6466 = DIRECTION('',(1.,0.,0.));
#6467 = PCURVE('',#3762,#6468);
#6468 = DEFINITIONAL_REPRESENTATION('',(#6469),#6473);
#6469 = LINE('',#6470,#6471);
#6470 = CARTESIAN_POINT('',(2.404163056034,0.));
#6471 = VECTOR('',#6472,1.);
#6472 = DIRECTION('',(0.,1.));
#6473 = ( GEOMETRIC_REPRESENTATION_CONTEXT(2) 
PARAMETRIC_REPRESENTATION_CONTEXT() REPRESENTATION_CONTEXT('2D SPACE',''
  ) );
#6474 = PCURVE('',#3736,#6475);
#6475 = DEFINITIONAL_REPRESENTATION('',(#6476),#6480);
#6476 = LINE('',#6477,#6478);
#6477 = CARTESIAN_POINT('',(0.,2.404163056034));
#6478 = VECTOR('',#6479,1.);
#6479 = DIRECTION('',(1.,0.));
#6480 = ( GEOMETRIC_REPRESENTATION_CONTEXT(2) 
PARAMETRIC_REPRESENTATION_CONTEXT() REPRESENTATION_CONTEXT('2D SPACE',''
  ) );
#6481 = ADVANCED_FACE('',(#6482),#3736,.F.);
#6482 = FACE_BOUND('',#6483,.F.);
#6483 = EDGE_LOOP('',(#6484,#6485,#6506,#6507));
#6484 = ORIENTED_EDGE('',*,*,#3721,.T.);
#6485 = ORIENTED_EDGE('',*,*,#6486,.F.);
#6486 = EDGE_CURVE('',#5741,#3696,#6487,.T.);
#6487 = SURFACE_CURVE('',#6488,(#6492,#6499),.PCURVE_S1.);
#6488 = LINE('',#6489,#6490);
#6489 = CARTESIAN_POINT('',(-24.95,-7.704163056034,1.7));
#6490 = VECTOR('',#6491,1.);
#6491 = DIRECTION('',(-1.,0.,0.));
#6492 = PCURVE('',#3736,#6493);
#6493 = DEFINITIONAL_REPRESENTATION('',(#6494),#6498);
#6494 = LINE('',#6495,#6496);
#6495 = CARTESIAN_POINT('',(0.,0.995836943966));
#6496 = VECTOR('',#6497,1.);
#6497 = DIRECTION('',(-1.,0.));
#6498 = ( GEOMETRIC_REPRESENTATION_CONTEXT(2) 
PARAMETRIC_REPRESENTATION_CONTEXT() REPRESENTATION_CONTEXT('2D SPACE',''
  ) );
#6499 = PCURVE('',#3710,#6500);
#6500 = DEFINITIONAL_REPRESENTATION('',(#6501),#6505);
#6501 = LINE('',#6502,#6503);
#6502 = CARTESIAN_POINT('',(0.,2.404163056034));
#6503 = VECTOR('',#6504,1.);
#6504 = DIRECTION('',(-1.,0.));
#6505 = ( GEOMETRIC_REPRESENTATION_CONTEXT(2) 
PARAMETRIC_REPRESENTATION_CONTEXT() REPRESENTATION_CONTEXT('2D SPACE',''
  ) );
#6506 = ORIENTED_EDGE('',*,*,#5761,.F.);
#6507 = ORIENTED_EDGE('',*,*,#6461,.F.);
#6508 = ADVANCED_FACE('',(#6509),#3710,.F.);
#6509 = FACE_BOUND('',#6510,.F.);
#6510 = EDGE_LOOP('',(#6511,#6512,#6532,#6533));
#6511 = ORIENTED_EDGE('',*,*,#3695,.T.);
#6512 = ORIENTED_EDGE('',*,*,#6513,.F.);
#6513 = EDGE_CURVE('',#5720,#3670,#6514,.T.);
#6514 = SURFACE_CURVE('',#6515,(#6519,#6526),.PCURVE_S1.);
#6515 = LINE('',#6516,#6517);
#6516 = CARTESIAN_POINT('',(-24.95,-8.7,0.704163056034));
#6517 = VECTOR('',#6518,1.);
#6518 = DIRECTION('',(-1.,-0.,0.));
#6519 = PCURVE('',#3710,#6520);
#6520 = DEFINITIONAL_REPRESENTATION('',(#6521),#6525);
#6521 = LINE('',#6522,#6523);
#6522 = CARTESIAN_POINT('',(0.,0.995836943966));
#6523 = VECTOR('',#6524,1.);
#6524 = DIRECTION('',(-1.,0.));
#6525 = ( GEOMETRIC_REPRESENTATION_CONTEXT(2) 
PARAMETRIC_REPRESENTATION_CONTEXT() REPRESENTATION_CONTEXT('2D SPACE',''
  ) );
#6526 = PCURVE('',#3684,#6527);
#6527 = DEFINITIONAL_REPRESENTATION('',(#6528),#6531);
#6528 = B_SPLINE_CURVE_WITH_KNOTS('',1,(#6529,#6530),.UNSPECIFIED.,.F.,
  .F.,(2,2),(-50.4,0.),.PIECEWISE_BEZIER_KNOTS.);
#6529 = CARTESIAN_POINT('',(0.704163056034,50.4));
#6530 = CARTESIAN_POINT('',(0.704163056034,0.));
#6531 = ( GEOMETRIC_REPRESENTATION_CONTEXT(2) 
PARAMETRIC_REPRESENTATION_CONTEXT() REPRESENTATION_CONTEXT('2D SPACE',''
  ) );
#6532 = ORIENTED_EDGE('',*,*,#5740,.F.);
#6533 = ORIENTED_EDGE('',*,*,#6486,.T.);
#6534 = ADVANCED_FACE('',(#6535),#3684,.T.);
#6535 = FACE_BOUND('',#6536,.T.);
#6536 = EDGE_LOOP('',(#6537,#6538,#6539,#6540));
#6537 = ORIENTED_EDGE('',*,*,#5719,.F.);
#6538 = ORIENTED_EDGE('',*,*,#6387,.F.);
#6539 = ORIENTED_EDGE('',*,*,#3669,.T.);
#6540 = ORIENTED_EDGE('',*,*,#6513,.F.);
#6541 = ADVANCED_FACE('',(#6542),#3824,.F.);
#6542 = FACE_BOUND('',#6543,.F.);
#6543 = EDGE_LOOP('',(#6544,#6564,#6565,#6585));
#6544 = ORIENTED_EDGE('',*,*,#6545,.F.);
#6545 = EDGE_CURVE('',#3806,#6120,#6546,.T.);
#6546 = SURFACE_CURVE('',#6547,(#6551,#6557),.PCURVE_S1.);
#6547 = LINE('',#6548,#6549);
#6548 = CARTESIAN_POINT('',(-24.95,-1.7,-7.));
#6549 = VECTOR('',#6550,1.);
#6550 = DIRECTION('',(1.,0.,0.));
#6551 = PCURVE('',#3824,#6552);
#6552 = DEFINITIONAL_REPRESENTATION('',(#6553),#6556);
#6553 = B_SPLINE_CURVE_WITH_KNOTS('',1,(#6554,#6555),.UNSPECIFIED.,.F.,
  .F.,(2,2),(0.,50.4),.PIECEWISE_BEZIER_KNOTS.);
#6554 = CARTESIAN_POINT('',(4.712388980385,1.242455925723E-30));
#6555 = CARTESIAN_POINT('',(4.712388980385,50.4));
#6556 = ( GEOMETRIC_REPRESENTATION_CONTEXT(2) 
PARAMETRIC_REPRESENTATION_CONTEXT() REPRESENTATION_CONTEXT('2D SPACE',''
  ) );
#6557 = PCURVE('',#3851,#6558);
#6558 = DEFINITIONAL_REPRESENTATION('',(#6559),#6563);
#6559 = LINE('',#6560,#6561);
#6560 = CARTESIAN_POINT('',(0.,0.));
#6561 = VECTOR('',#6562,1.);
#6562 = DIRECTION('',(0.,1.));
#6563 = ( GEOMETRIC_REPRESENTATION_CONTEXT(2) 
PARAMETRIC_REPRESENTATION_CONTEXT() REPRESENTATION_CONTEXT('2D SPACE',''
  ) );
#6564 = ORIENTED_EDGE('',*,*,#3805,.T.);
#6565 = ORIENTED_EDGE('',*,*,#6566,.T.);
#6566 = EDGE_CURVE('',#3808,#6122,#6567,.T.);
#6567 = SURFACE_CURVE('',#6568,(#6572,#6578),.PCURVE_S1.);
#6568 = LINE('',#6569,#6570);
#6569 = CARTESIAN_POINT('',(-24.95,1.7,-7.));
#6570 = VECTOR('',#6571,1.);
#6571 = DIRECTION('',(1.,0.,0.));
#6572 = PCURVE('',#3824,#6573);
#6573 = DEFINITIONAL_REPRESENTATION('',(#6574),#6577);
#6574 = B_SPLINE_CURVE_WITH_KNOTS('',1,(#6575,#6576),.UNSPECIFIED.,.F.,
  .F.,(2,2),(0.,50.4),.PIECEWISE_BEZIER_KNOTS.);
#6575 = CARTESIAN_POINT('',(7.853981633974,1.242455925723E-30));
#6576 = CARTESIAN_POINT('',(7.853981633974,50.4));
#6577 = ( GEOMETRIC_REPRESENTATION_CONTEXT(2) 
PARAMETRIC_REPRESENTATION_CONTEXT() REPRESENTATION_CONTEXT('2D SPACE',''
  ) );
#6578 = PCURVE('',#3953,#6579);
#6579 = DEFINITIONAL_REPRESENTATION('',(#6580),#6584);
#6580 = LINE('',#6581,#6582);
#6581 = CARTESIAN_POINT('',(0.,0.));
#6582 = VECTOR('',#6583,1.);
#6583 = DIRECTION('',(0.,1.));
#6584 = ( GEOMETRIC_REPRESENTATION_CONTEXT(2) 
PARAMETRIC_REPRESENTATION_CONTEXT() REPRESENTATION_CONTEXT('2D SPACE',''
  ) );
#6585 = ORIENTED_EDGE('',*,*,#6119,.F.);
#6586 = ADVANCED_FACE('',(#6587),#3953,.F.);
#6587 = FACE_BOUND('',#6588,.F.);
#6588 = EDGE_LOOP('',(#6589,#6590,#6591,#6592));
#6589 = ORIENTED_EDGE('',*,*,#6229,.F.);
#6590 = ORIENTED_EDGE('',*,*,#6566,.F.);
#6591 = ORIENTED_EDGE('',*,*,#3940,.T.);
#6592 = ORIENTED_EDGE('',*,*,#6593,.F.);
#6593 = EDGE_CURVE('',#6209,#3915,#6594,.T.);
#6594 = SURFACE_CURVE('',#6595,(#6599,#6605),.PCURVE_S1.);
#6595 = LINE('',#6596,#6597);
#6596 = CARTESIAN_POINT('',(-24.95,1.7,-6.295836943966));
#6597 = VECTOR('',#6598,1.);
#6598 = DIRECTION('',(-1.,-0.,0.));
#6599 = PCURVE('',#3953,#6600);
#6600 = DEFINITIONAL_REPRESENTATION('',(#6601),#6604);
#6601 = B_SPLINE_CURVE_WITH_KNOTS('',1,(#6602,#6603),.UNSPECIFIED.,.F.,
  .F.,(2,2),(-50.4,0.),.PIECEWISE_BEZIER_KNOTS.);
#6602 = CARTESIAN_POINT('',(0.704163056034,50.4));
#6603 = CARTESIAN_POINT('',(0.704163056034,0.));
#6604 = ( GEOMETRIC_REPRESENTATION_CONTEXT(2) 
PARAMETRIC_REPRESENTATION_CONTEXT() REPRESENTATION_CONTEXT('2D SPACE',''
  ) );
#6605 = PCURVE('',#3929,#6606);
#6606 = DEFINITIONAL_REPRESENTATION('',(#6607),#6611);
#6607 = LINE('',#6608,#6609);
#6608 = CARTESIAN_POINT('',(0.995836943966,0.));
#6609 = VECTOR('',#6610,1.);
#6610 = DIRECTION('',(0.,-1.));
#6611 = ( GEOMETRIC_REPRESENTATION_CONTEXT(2) 
PARAMETRIC_REPRESENTATION_CONTEXT() REPRESENTATION_CONTEXT('2D SPACE',''
  ) );
#6612 = ADVANCED_FACE('',(#6613),#3929,.F.);
#6613 = FACE_BOUND('',#6614,.F.);
#6614 = EDGE_LOOP('',(#6615,#6616,#6617,#6618));
#6615 = ORIENTED_EDGE('',*,*,#6208,.F.);
#6616 = ORIENTED_EDGE('',*,*,#6593,.T.);
#6617 = ORIENTED_EDGE('',*,*,#3914,.T.);
#6618 = ORIENTED_EDGE('',*,*,#6619,.T.);
#6619 = EDGE_CURVE('',#3889,#6188,#6620,.T.);
#6620 = SURFACE_CURVE('',#6621,(#6625,#6632),.PCURVE_S1.);
#6621 = LINE('',#6622,#6623);
#6622 = CARTESIAN_POINT('',(-24.95,0.704163056034,-5.3));
#6623 = VECTOR('',#6624,1.);
#6624 = DIRECTION('',(1.,0.,0.));
#6625 = PCURVE('',#3929,#6626);
#6626 = DEFINITIONAL_REPRESENTATION('',(#6627),#6631);
#6627 = LINE('',#6628,#6629);
#6628 = CARTESIAN_POINT('',(2.404163056034,0.));
#6629 = VECTOR('',#6630,1.);
#6630 = DIRECTION('',(0.,1.));
#6631 = ( GEOMETRIC_REPRESENTATION_CONTEXT(2) 
PARAMETRIC_REPRESENTATION_CONTEXT() REPRESENTATION_CONTEXT('2D SPACE',''
  ) );
#6632 = PCURVE('',#3903,#6633);
#6633 = DEFINITIONAL_REPRESENTATION('',(#6634),#6638);
#6634 = LINE('',#6635,#6636);
#6635 = CARTESIAN_POINT('',(0.,2.404163056034));
#6636 = VECTOR('',#6637,1.);
#6637 = DIRECTION('',(1.,0.));
#6638 = ( GEOMETRIC_REPRESENTATION_CONTEXT(2) 
PARAMETRIC_REPRESENTATION_CONTEXT() REPRESENTATION_CONTEXT('2D SPACE',''
  ) );
#6639 = ADVANCED_FACE('',(#6640),#3903,.F.);
#6640 = FACE_BOUND('',#6641,.F.);
#6641 = EDGE_LOOP('',(#6642,#6643,#6664,#6665));
#6642 = ORIENTED_EDGE('',*,*,#3888,.T.);
#6643 = ORIENTED_EDGE('',*,*,#6644,.F.);
#6644 = EDGE_CURVE('',#6167,#3863,#6645,.T.);
#6645 = SURFACE_CURVE('',#6646,(#6650,#6657),.PCURVE_S1.);
#6646 = LINE('',#6647,#6648);
#6647 = CARTESIAN_POINT('',(-24.95,-0.704163056034,-5.3));
#6648 = VECTOR('',#6649,1.);
#6649 = DIRECTION('',(-1.,0.,0.));
#6650 = PCURVE('',#3903,#6651);
#6651 = DEFINITIONAL_REPRESENTATION('',(#6652),#6656);
#6652 = LINE('',#6653,#6654);
#6653 = CARTESIAN_POINT('',(0.,0.995836943966));
#6654 = VECTOR('',#6655,1.);
#6655 = DIRECTION('',(-1.,0.));
#6656 = ( GEOMETRIC_REPRESENTATION_CONTEXT(2) 
PARAMETRIC_REPRESENTATION_CONTEXT() REPRESENTATION_CONTEXT('2D SPACE',''
  ) );
#6657 = PCURVE('',#3877,#6658);
#6658 = DEFINITIONAL_REPRESENTATION('',(#6659),#6663);
#6659 = LINE('',#6660,#6661);
#6660 = CARTESIAN_POINT('',(0.,2.404163056034));
#6661 = VECTOR('',#6662,1.);
#6662 = DIRECTION('',(-1.,0.));
#6663 = ( GEOMETRIC_REPRESENTATION_CONTEXT(2) 
PARAMETRIC_REPRESENTATION_CONTEXT() REPRESENTATION_CONTEXT('2D SPACE',''
  ) );
#6664 = ORIENTED_EDGE('',*,*,#6187,.F.);
#6665 = ORIENTED_EDGE('',*,*,#6619,.F.);
#6666 = ADVANCED_FACE('',(#6667),#3877,.F.);
#6667 = FACE_BOUND('',#6668,.F.);
#6668 = EDGE_LOOP('',(#6669,#6670,#6690,#6691));
#6669 = ORIENTED_EDGE('',*,*,#3862,.T.);
#6670 = ORIENTED_EDGE('',*,*,#6671,.F.);
#6671 = EDGE_CURVE('',#6146,#3837,#6672,.T.);
#6672 = SURFACE_CURVE('',#6673,(#6677,#6684),.PCURVE_S1.);
#6673 = LINE('',#6674,#6675);
#6674 = CARTESIAN_POINT('',(-24.95,-1.7,-6.295836943966));
#6675 = VECTOR('',#6676,1.);
#6676 = DIRECTION('',(-1.,-0.,0.));
#6677 = PCURVE('',#3877,#6678);
#6678 = DEFINITIONAL_REPRESENTATION('',(#6679),#6683);
#6679 = LINE('',#6680,#6681);
#6680 = CARTESIAN_POINT('',(0.,0.995836943966));
#6681 = VECTOR('',#6682,1.);
#6682 = DIRECTION('',(-1.,0.));
#6683 = ( GEOMETRIC_REPRESENTATION_CONTEXT(2) 
PARAMETRIC_REPRESENTATION_CONTEXT() REPRESENTATION_CONTEXT('2D SPACE',''
  ) );
#6684 = PCURVE('',#3851,#6685);
#6685 = DEFINITIONAL_REPRESENTATION('',(#6686),#6689);
#6686 = B_SPLINE_CURVE_WITH_KNOTS('',1,(#6687,#6688),.UNSPECIFIED.,.F.,
  .F.,(2,2),(-50.4,0.),.PIECEWISE_BEZIER_KNOTS.);
#6687 = CARTESIAN_POINT('',(0.704163056034,50.4));
#6688 = CARTESIAN_POINT('',(0.704163056034,0.));
#6689 = ( GEOMETRIC_REPRESENTATION_CONTEXT(2) 
PARAMETRIC_REPRESENTATION_CONTEXT() REPRESENTATION_CONTEXT('2D SPACE',''
  ) );
#6690 = ORIENTED_EDGE('',*,*,#6166,.F.);
#6691 = ORIENTED_EDGE('',*,*,#6644,.T.);
#6692 = ADVANCED_FACE('',(#6693),#3851,.T.);
#6693 = FACE_BOUND('',#6694,.T.);
#6694 = EDGE_LOOP('',(#6695,#6696,#6697,#6698));
#6695 = ORIENTED_EDGE('',*,*,#6145,.F.);
#6696 = ORIENTED_EDGE('',*,*,#6545,.F.);
#6697 = ORIENTED_EDGE('',*,*,#3836,.T.);
#6698 = ORIENTED_EDGE('',*,*,#6671,.F.);
#6699 = ADVANCED_FACE('',(#6700),#3990,.F.);
#6700 = FACE_BOUND('',#6701,.F.);
#6701 = EDGE_LOOP('',(#6702,#6722,#6723,#6743));
#6702 = ORIENTED_EDGE('',*,*,#6703,.F.);
#6703 = EDGE_CURVE('',#3972,#5989,#6704,.T.);
#6704 = SURFACE_CURVE('',#6705,(#6709,#6715),.PCURVE_S1.);
#6705 = LINE('',#6706,#6707);
#6706 = CARTESIAN_POINT('',(-24.95,5.3,0.));
#6707 = VECTOR('',#6708,1.);
#6708 = DIRECTION('',(1.,0.,0.));
#6709 = PCURVE('',#3990,#6710);
#6710 = DEFINITIONAL_REPRESENTATION('',(#6711),#6714);
#6711 = B_SPLINE_CURVE_WITH_KNOTS('',1,(#6712,#6713),.UNSPECIFIED.,.F.,
  .F.,(2,2),(0.,50.4),.PIECEWISE_BEZIER_KNOTS.);
#6712 = CARTESIAN_POINT('',(4.712388980385,1.242455925723E-30));
#6713 = CARTESIAN_POINT('',(4.712388980385,50.4));
#6714 = ( GEOMETRIC_REPRESENTATION_CONTEXT(2) 
PARAMETRIC_REPRESENTATION_CONTEXT() REPRESENTATION_CONTEXT('2D SPACE',''
  ) );
#6715 = PCURVE('',#4017,#6716);
#6716 = DEFINITIONAL_REPRESENTATION('',(#6717),#6721);
#6717 = LINE('',#6718,#6719);
#6718 = CARTESIAN_POINT('',(0.,0.));
#6719 = VECTOR('',#6720,1.);
#6720 = DIRECTION('',(0.,1.));
#6721 = ( GEOMETRIC_REPRESENTATION_CONTEXT(2) 
PARAMETRIC_REPRESENTATION_CONTEXT() REPRESENTATION_CONTEXT('2D SPACE',''
  ) );
#6722 = ORIENTED_EDGE('',*,*,#3971,.T.);
#6723 = ORIENTED_EDGE('',*,*,#6724,.T.);
#6724 = EDGE_CURVE('',#3974,#5991,#6725,.T.);
#6725 = SURFACE_CURVE('',#6726,(#6730,#6736),.PCURVE_S1.);
#6726 = LINE('',#6727,#6728);
#6727 = CARTESIAN_POINT('',(-24.95,8.7,0.));
#6728 = VECTOR('',#6729,1.);
#6729 = DIRECTION('',(1.,0.,0.));
#6730 = PCURVE('',#3990,#6731);
#6731 = DEFINITIONAL_REPRESENTATION('',(#6732),#6735);
#6732 = B_SPLINE_CURVE_WITH_KNOTS('',1,(#6733,#6734),.UNSPECIFIED.,.F.,
  .F.,(2,2),(0.,50.4),.PIECEWISE_BEZIER_KNOTS.);
#6733 = CARTESIAN_POINT('',(7.853981633974,1.242455925723E-30));
#6734 = CARTESIAN_POINT('',(7.853981633974,50.4));
#6735 = ( GEOMETRIC_REPRESENTATION_CONTEXT(2) 
PARAMETRIC_REPRESENTATION_CONTEXT() REPRESENTATION_CONTEXT('2D SPACE',''
  ) );
#6736 = PCURVE('',#4119,#6737);
#6737 = DEFINITIONAL_REPRESENTATION('',(#6738),#6742);
#6738 = LINE('',#6739,#6740);
#6739 = CARTESIAN_POINT('',(0.,0.));
#6740 = VECTOR('',#6741,1.);
#6741 = DIRECTION('',(0.,1.));
#6742 = ( GEOMETRIC_REPRESENTATION_CONTEXT(2) 
PARAMETRIC_REPRESENTATION_CONTEXT() REPRESENTATION_CONTEXT('2D SPACE',''
  ) );
#6743 = ORIENTED_EDGE('',*,*,#5988,.F.);
#6744 = ADVANCED_FACE('',(#6745),#4119,.F.);
#6745 = FACE_BOUND('',#6746,.F.);
#6746 = EDGE_LOOP('',(#6747,#6748,#6749,#6750));
#6747 = ORIENTED_EDGE('',*,*,#6098,.F.);
#6748 = ORIENTED_EDGE('',*,*,#6724,.F.);
#6749 = ORIENTED_EDGE('',*,*,#4106,.T.);
#6750 = ORIENTED_EDGE('',*,*,#6751,.F.);
#6751 = EDGE_CURVE('',#6078,#4081,#6752,.T.);
#6752 = SURFACE_CURVE('',#6753,(#6757,#6763),.PCURVE_S1.);
#6753 = LINE('',#6754,#6755);
#6754 = CARTESIAN_POINT('',(-24.95,8.7,0.704163056034));
#6755 = VECTOR('',#6756,1.);
#6756 = DIRECTION('',(-1.,-0.,0.));
#6757 = PCURVE('',#4119,#6758);
#6758 = DEFINITIONAL_REPRESENTATION('',(#6759),#6762);
#6759 = B_SPLINE_CURVE_WITH_KNOTS('',1,(#6760,#6761),.UNSPECIFIED.,.F.,
  .F.,(2,2),(-50.4,0.),.PIECEWISE_BEZIER_KNOTS.);
#6760 = CARTESIAN_POINT('',(0.704163056034,50.4));
#6761 = CARTESIAN_POINT('',(0.704163056034,0.));
#6762 = ( GEOMETRIC_REPRESENTATION_CONTEXT(2) 
PARAMETRIC_REPRESENTATION_CONTEXT() REPRESENTATION_CONTEXT('2D SPACE',''
  ) );
#6763 = PCURVE('',#4095,#6764);
#6764 = DEFINITIONAL_REPRESENTATION('',(#6765),#6769);
#6765 = LINE('',#6766,#6767);
#6766 = CARTESIAN_POINT('',(0.995836943966,0.));
#6767 = VECTOR('',#6768,1.);
#6768 = DIRECTION('',(0.,-1.));
#6769 = ( GEOMETRIC_REPRESENTATION_CONTEXT(2) 
PARAMETRIC_REPRESENTATION_CONTEXT() REPRESENTATION_CONTEXT('2D SPACE',''
  ) );
#6770 = ADVANCED_FACE('',(#6771),#4095,.F.);
#6771 = FACE_BOUND('',#6772,.F.);
#6772 = EDGE_LOOP('',(#6773,#6774,#6775,#6776));
#6773 = ORIENTED_EDGE('',*,*,#6077,.F.);
#6774 = ORIENTED_EDGE('',*,*,#6751,.T.);
#6775 = ORIENTED_EDGE('',*,*,#4080,.T.);
#6776 = ORIENTED_EDGE('',*,*,#6777,.T.);
#6777 = EDGE_CURVE('',#4055,#6057,#6778,.T.);
#6778 = SURFACE_CURVE('',#6779,(#6783,#6790),.PCURVE_S1.);
#6779 = LINE('',#6780,#6781);
#6780 = CARTESIAN_POINT('',(-24.95,7.704163056034,1.7));
#6781 = VECTOR('',#6782,1.);
#6782 = DIRECTION('',(1.,0.,0.));
#6783 = PCURVE('',#4095,#6784);
#6784 = DEFINITIONAL_REPRESENTATION('',(#6785),#6789);
#6785 = LINE('',#6786,#6787);
#6786 = CARTESIAN_POINT('',(2.404163056034,0.));
#6787 = VECTOR('',#6788,1.);
#6788 = DIRECTION('',(0.,1.));
#6789 = ( GEOMETRIC_REPRESENTATION_CONTEXT(2) 
PARAMETRIC_REPRESENTATION_CONTEXT() REPRESENTATION_CONTEXT('2D SPACE',''
  ) );
#6790 = PCURVE('',#4069,#6791);
#6791 = DEFINITIONAL_REPRESENTATION('',(#6792),#6796);
#6792 = LINE('',#6793,#6794);
#6793 = CARTESIAN_POINT('',(0.,2.404163056034));
#6794 = VECTOR('',#6795,1.);
#6795 = DIRECTION('',(1.,0.));
#6796 = ( GEOMETRIC_REPRESENTATION_CONTEXT(2) 
PARAMETRIC_REPRESENTATION_CONTEXT() REPRESENTATION_CONTEXT('2D SPACE',''
  ) );
#6797 = ADVANCED_FACE('',(#6798),#4069,.F.);
#6798 = FACE_BOUND('',#6799,.F.);
#6799 = EDGE_LOOP('',(#6800,#6801,#6822,#6823));
#6800 = ORIENTED_EDGE('',*,*,#4054,.T.);
#6801 = ORIENTED_EDGE('',*,*,#6802,.F.);
#6802 = EDGE_CURVE('',#6036,#4029,#6803,.T.);
#6803 = SURFACE_CURVE('',#6804,(#6808,#6815),.PCURVE_S1.);
#6804 = LINE('',#6805,#6806);
#6805 = CARTESIAN_POINT('',(-24.95,6.295836943966,1.7));
#6806 = VECTOR('',#6807,1.);
#6807 = DIRECTION('',(-1.,0.,0.));
#6808 = PCURVE('',#4069,#6809);
#6809 = DEFINITIONAL_REPRESENTATION('',(#6810),#6814);
#6810 = LINE('',#6811,#6812);
#6811 = CARTESIAN_POINT('',(0.,0.995836943966));
#6812 = VECTOR('',#6813,1.);
#6813 = DIRECTION('',(-1.,0.));
#6814 = ( GEOMETRIC_REPRESENTATION_CONTEXT(2) 
PARAMETRIC_REPRESENTATION_CONTEXT() REPRESENTATION_CONTEXT('2D SPACE',''
  ) );
#6815 = PCURVE('',#4043,#6816);
#6816 = DEFINITIONAL_REPRESENTATION('',(#6817),#6821);
#6817 = LINE('',#6818,#6819);
#6818 = CARTESIAN_POINT('',(0.,2.404163056034));
#6819 = VECTOR('',#6820,1.);
#6820 = DIRECTION('',(-1.,0.));
#6821 = ( GEOMETRIC_REPRESENTATION_CONTEXT(2) 
PARAMETRIC_REPRESENTATION_CONTEXT() REPRESENTATION_CONTEXT('2D SPACE',''
  ) );
#6822 = ORIENTED_EDGE('',*,*,#6056,.F.);
#6823 = ORIENTED_EDGE('',*,*,#6777,.F.);
#6824 = ADVANCED_FACE('',(#6825),#4043,.F.);
#6825 = FACE_BOUND('',#6826,.F.);
#6826 = EDGE_LOOP('',(#6827,#6828,#6848,#6849));
#6827 = ORIENTED_EDGE('',*,*,#4028,.T.);
#6828 = ORIENTED_EDGE('',*,*,#6829,.F.);
#6829 = EDGE_CURVE('',#6015,#4003,#6830,.T.);
#6830 = SURFACE_CURVE('',#6831,(#6835,#6842),.PCURVE_S1.);
#6831 = LINE('',#6832,#6833);
#6832 = CARTESIAN_POINT('',(-24.95,5.3,0.704163056034));
#6833 = VECTOR('',#6834,1.);
#6834 = DIRECTION('',(-1.,-0.,0.));
#6835 = PCURVE('',#4043,#6836);
#6836 = DEFINITIONAL_REPRESENTATION('',(#6837),#6841);
#6837 = LINE('',#6838,#6839);
#6838 = CARTESIAN_POINT('',(0.,0.995836943966));
#6839 = VECTOR('',#6840,1.);
#6840 = DIRECTION('',(-1.,0.));
#6841 = ( GEOMETRIC_REPRESENTATION_CONTEXT(2) 
PARAMETRIC_REPRESENTATION_CONTEXT() REPRESENTATION_CONTEXT('2D SPACE',''
  ) );
#6842 = PCURVE('',#4017,#6843);
#6843 = DEFINITIONAL_REPRESENTATION('',(#6844),#6847);
#6844 = B_SPLINE_CURVE_WITH_KNOTS('',1,(#6845,#6846),.UNSPECIFIED.,.F.,
  .F.,(2,2),(-50.4,0.),.PIECEWISE_BEZIER_KNOTS.);
#6845 = CARTESIAN_POINT('',(0.704163056034,50.4));
#6846 = CARTESIAN_POINT('',(0.704163056034,0.));
#6847 = ( GEOMETRIC_REPRESENTATION_CONTEXT(2) 
PARAMETRIC_REPRESENTATION_CONTEXT() REPRESENTATION_CONTEXT('2D SPACE',''
  ) );
#6848 = ORIENTED_EDGE('',*,*,#6035,.F.);
#6849 = ORIENTED_EDGE('',*,*,#6802,.T.);
#6850 = ADVANCED_FACE('',(#6851),#4017,.T.);
#6851 = FACE_BOUND('',#6852,.T.);
#6852 = EDGE_LOOP('',(#6853,#6854,#6855,#6856));
#6853 = ORIENTED_EDGE('',*,*,#6014,.F.);
#6854 = ORIENTED_EDGE('',*,*,#6703,.F.);
#6855 = ORIENTED_EDGE('',*,*,#4002,.T.);
#6856 = ORIENTED_EDGE('',*,*,#6829,.F.);
#6857 = ADVANCED_FACE('',(#6858,#6886),#4229,.F.);
#6858 = FACE_BOUND('',#6859,.F.);
#6859 = EDGE_LOOP('',(#6860,#6861,#6862,#6863,#6864,#6865,#6866,#6867,
    #6868,#6869,#6870,#6871,#6872,#6873,#6874,#6875,#6876,#6877,#6878,
    #6879,#6880,#6881,#6882,#6883,#6884,#6885));
#6860 = ORIENTED_EDGE('',*,*,#4824,.F.);
#6861 = ORIENTED_EDGE('',*,*,#5502,.T.);
#6862 = ORIENTED_EDGE('',*,*,#5125,.F.);
#6863 = ORIENTED_EDGE('',*,*,#5012,.F.);
#6864 = ORIENTED_EDGE('',*,*,#4916,.F.);
#6865 = ORIENTED_EDGE('',*,*,#4966,.T.);
#6866 = ORIENTED_EDGE('',*,*,#5056,.F.);
#6867 = ORIENTED_EDGE('',*,*,#5530,.T.);
#6868 = ORIENTED_EDGE('',*,*,#5385,.F.);
#6869 = ORIENTED_EDGE('',*,*,#5475,.F.);
#6870 = ORIENTED_EDGE('',*,*,#5430,.F.);
#6871 = ORIENTED_EDGE('',*,*,#5315,.F.);
#6872 = ORIENTED_EDGE('',*,*,#5239,.F.);
#6873 = ORIENTED_EDGE('',*,*,#5558,.T.);
#6874 = ORIENTED_EDGE('',*,*,#4212,.F.);
#6875 = ORIENTED_EDGE('',*,*,#4332,.T.);
#6876 = ORIENTED_EDGE('',*,*,#4422,.F.);
#6877 = ORIENTED_EDGE('',*,*,#4516,.F.);
#6878 = ORIENTED_EDGE('',*,*,#4471,.F.);
#6879 = ORIENTED_EDGE('',*,*,#4378,.F.);
#6880 = ORIENTED_EDGE('',*,*,#4282,.F.);
#6881 = ORIENTED_EDGE('',*,*,#5586,.T.);
#6882 = ORIENTED_EDGE('',*,*,#4613,.F.);
#6883 = ORIENTED_EDGE('',*,*,#4683,.T.);
#6884 = ORIENTED_EDGE('',*,*,#4753,.F.);
#6885 = ORIENTED_EDGE('',*,*,#4869,.F.);
#6886 = FACE_BOUND('',#6887,.F.);
#6887 = EDGE_LOOP('',(#6888));
#6888 = ORIENTED_EDGE('',*,*,#4565,.F.);
#6889 = ADVANCED_FACE('',(#6890),#5843,.F.);
#6890 = FACE_BOUND('',#6891,.F.);
#6891 = EDGE_LOOP('',(#6892,#6912,#6913,#6933));
#6892 = ORIENTED_EDGE('',*,*,#6893,.F.);
#6893 = EDGE_CURVE('',#6256,#5825,#6894,.T.);
#6894 = SURFACE_CURVE('',#6895,(#6899,#6905),.PCURVE_S1.);
#6895 = LINE('',#6896,#6897);
#6896 = CARTESIAN_POINT('',(-24.95,-1.7,7.));
#6897 = VECTOR('',#6898,1.);
#6898 = DIRECTION('',(1.,0.,0.));
#6899 = PCURVE('',#5843,#6900);
#6900 = DEFINITIONAL_REPRESENTATION('',(#6901),#6904);
#6901 = B_SPLINE_CURVE_WITH_KNOTS('',1,(#6902,#6903),.UNSPECIFIED.,.F.,
  .F.,(2,2),(0.,50.4),.PIECEWISE_BEZIER_KNOTS.);
#6902 = CARTESIAN_POINT('',(4.712388980385,1.242455925723E-30));
#6903 = CARTESIAN_POINT('',(4.712388980385,50.4));
#6904 = ( GEOMETRIC_REPRESENTATION_CONTEXT(2) 
PARAMETRIC_REPRESENTATION_CONTEXT() REPRESENTATION_CONTEXT('2D SPACE',''
  ) );
#6905 = PCURVE('',#5870,#6906);
#6906 = DEFINITIONAL_REPRESENTATION('',(#6907),#6911);
#6907 = LINE('',#6908,#6909);
#6908 = CARTESIAN_POINT('',(0.,0.));
#6909 = VECTOR('',#6910,1.);
#6910 = DIRECTION('',(0.,1.));
#6911 = ( GEOMETRIC_REPRESENTATION_CONTEXT(2) 
PARAMETRIC_REPRESENTATION_CONTEXT() REPRESENTATION_CONTEXT('2D SPACE',''
  ) );
#6912 = ORIENTED_EDGE('',*,*,#6255,.T.);
#6913 = ORIENTED_EDGE('',*,*,#6914,.T.);
#6914 = EDGE_CURVE('',#6258,#5827,#6915,.T.);
#6915 = SURFACE_CURVE('',#6916,(#6920,#6926),.PCURVE_S1.);
#6916 = LINE('',#6917,#6918);
#6917 = CARTESIAN_POINT('',(-24.95,1.7,7.));
#6918 = VECTOR('',#6919,1.);
#6919 = DIRECTION('',(1.,0.,0.));
#6920 = PCURVE('',#5843,#6921);
#6921 = DEFINITIONAL_REPRESENTATION('',(#6922),#6925);
#6922 = B_SPLINE_CURVE_WITH_KNOTS('',1,(#6923,#6924),.UNSPECIFIED.,.F.,
  .F.,(2,2),(0.,50.4),.PIECEWISE_BEZIER_KNOTS.);
#6923 = CARTESIAN_POINT('',(7.853981633974,1.242455925723E-30));
#6924 = CARTESIAN_POINT('',(7.853981633974,50.4));
#6925 = ( GEOMETRIC_REPRESENTATION_CONTEXT(2) 
PARAMETRIC_REPRESENTATION_CONTEXT() REPRESENTATION_CONTEXT('2D SPACE',''
  ) );
#6926 = PCURVE('',#5972,#6927);
#6927 = DEFINITIONAL_REPRESENTATION('',(#6928),#6932);
#6928 = LINE('',#6929,#6930);
#6929 = CARTESIAN_POINT('',(0.,0.));
#6930 = VECTOR('',#6931,1.);
#6931 = DIRECTION('',(0.,1.));
#6932 = ( GEOMETRIC_REPRESENTATION_CONTEXT(2) 
PARAMETRIC_REPRESENTATION_CONTEXT() REPRESENTATION_CONTEXT('2D SPACE',''
  ) );
#6933 = ORIENTED_EDGE('',*,*,#5824,.F.);
#6934 = ADVANCED_FACE('',(#6935),#5870,.T.);
#6935 = FACE_BOUND('',#6936,.T.);
#6936 = EDGE_LOOP('',(#6937,#6938,#6939,#6940));
#6937 = ORIENTED_EDGE('',*,*,#5855,.F.);
#6938 = ORIENTED_EDGE('',*,*,#6893,.F.);
#6939 = ORIENTED_EDGE('',*,*,#6281,.T.);
#6940 = ORIENTED_EDGE('',*,*,#6941,.F.);
#6941 = EDGE_CURVE('',#5856,#6282,#6942,.T.);
#6942 = SURFACE_CURVE('',#6943,(#6947,#6953),.PCURVE_S1.);
#6943 = LINE('',#6944,#6945);
#6944 = CARTESIAN_POINT('',(-24.95,-1.7,7.704163056034));
#6945 = VECTOR('',#6946,1.);
#6946 = DIRECTION('',(-1.,-0.,0.));
#6947 = PCURVE('',#5870,#6948);
#6948 = DEFINITIONAL_REPRESENTATION('',(#6949),#6952);
#6949 = B_SPLINE_CURVE_WITH_KNOTS('',1,(#6950,#6951),.UNSPECIFIED.,.F.,
  .F.,(2,2),(-50.4,0.),.PIECEWISE_BEZIER_KNOTS.);
#6950 = CARTESIAN_POINT('',(0.704163056034,50.4));
#6951 = CARTESIAN_POINT('',(0.704163056034,0.));
#6952 = ( GEOMETRIC_REPRESENTATION_CONTEXT(2) 
PARAMETRIC_REPRESENTATION_CONTEXT() REPRESENTATION_CONTEXT('2D SPACE',''
  ) );
#6953 = PCURVE('',#5896,#6954);
#6954 = DEFINITIONAL_REPRESENTATION('',(#6955),#6959);
#6955 = LINE('',#6956,#6957);
#6956 = CARTESIAN_POINT('',(0.,0.995836943966));
#6957 = VECTOR('',#6958,1.);
#6958 = DIRECTION('',(-1.,0.));
#6959 = ( GEOMETRIC_REPRESENTATION_CONTEXT(2) 
PARAMETRIC_REPRESENTATION_CONTEXT() REPRESENTATION_CONTEXT('2D SPACE',''
  ) );
#6960 = ADVANCED_FACE('',(#6961),#5972,.F.);
#6961 = FACE_BOUND('',#6962,.F.);
#6962 = EDGE_LOOP('',(#6963,#6964,#6965,#6966));
#6963 = ORIENTED_EDGE('',*,*,#5959,.F.);
#6964 = ORIENTED_EDGE('',*,*,#6914,.F.);
#6965 = ORIENTED_EDGE('',*,*,#6365,.T.);
#6966 = ORIENTED_EDGE('',*,*,#6967,.F.);
#6967 = EDGE_CURVE('',#5934,#6345,#6968,.T.);
#6968 = SURFACE_CURVE('',#6969,(#6973,#6979),.PCURVE_S1.);
#6969 = LINE('',#6970,#6971);
#6970 = CARTESIAN_POINT('',(-24.95,1.7,7.704163056034));
#6971 = VECTOR('',#6972,1.);
#6972 = DIRECTION('',(-1.,-0.,0.));
#6973 = PCURVE('',#5972,#6974);
#6974 = DEFINITIONAL_REPRESENTATION('',(#6975),#6978);
#6975 = B_SPLINE_CURVE_WITH_KNOTS('',1,(#6976,#6977),.UNSPECIFIED.,.F.,
  .F.,(2,2),(-50.4,0.),.PIECEWISE_BEZIER_KNOTS.);
#6976 = CARTESIAN_POINT('',(0.704163056034,50.4));
#6977 = CARTESIAN_POINT('',(0.704163056034,0.));
#6978 = ( GEOMETRIC_REPRESENTATION_CONTEXT(2) 
PARAMETRIC_REPRESENTATION_CONTEXT() REPRESENTATION_CONTEXT('2D SPACE',''
  ) );
#6979 = PCURVE('',#5948,#6980);
#6980 = DEFINITIONAL_REPRESENTATION('',(#6981),#6985);
#6981 = LINE('',#6982,#6983);
#6982 = CARTESIAN_POINT('',(0.995836943966,0.));
#6983 = VECTOR('',#6984,1.);
#6984 = DIRECTION('',(0.,-1.));
#6985 = ( GEOMETRIC_REPRESENTATION_CONTEXT(2) 
PARAMETRIC_REPRESENTATION_CONTEXT() REPRESENTATION_CONTEXT('2D SPACE',''
  ) );
#6986 = ADVANCED_FACE('',(#6987),#5896,.F.);
#6987 = FACE_BOUND('',#6988,.F.);
#6988 = EDGE_LOOP('',(#6989,#6990,#6991,#6992));
#6989 = ORIENTED_EDGE('',*,*,#6302,.T.);
#6990 = ORIENTED_EDGE('',*,*,#6941,.F.);
#6991 = ORIENTED_EDGE('',*,*,#5881,.F.);
#6992 = ORIENTED_EDGE('',*,*,#6993,.T.);
#6993 = EDGE_CURVE('',#5882,#6303,#6994,.T.);
#6994 = SURFACE_CURVE('',#6995,(#6999,#7006),.PCURVE_S1.);
#6995 = LINE('',#6996,#6997);
#6996 = CARTESIAN_POINT('',(-24.95,-0.704163056034,8.7));
#6997 = VECTOR('',#6998,1.);
#6998 = DIRECTION('',(-1.,0.,0.));
#6999 = PCURVE('',#5896,#7000);
#7000 = DEFINITIONAL_REPRESENTATION('',(#7001),#7005);
#7001 = LINE('',#7002,#7003);
#7002 = CARTESIAN_POINT('',(0.,2.404163056034));
#7003 = VECTOR('',#7004,1.);
#7004 = DIRECTION('',(-1.,0.));
#7005 = ( GEOMETRIC_REPRESENTATION_CONTEXT(2) 
PARAMETRIC_REPRESENTATION_CONTEXT() REPRESENTATION_CONTEXT('2D SPACE',''
  ) );
#7006 = PCURVE('',#5922,#7007);
#7007 = DEFINITIONAL_REPRESENTATION('',(#7008),#7012);
#7008 = LINE('',#7009,#7010);
#7009 = CARTESIAN_POINT('',(0.,0.995836943966));
#7010 = VECTOR('',#7011,1.);
#7011 = DIRECTION('',(-1.,0.));
#7012 = ( GEOMETRIC_REPRESENTATION_CONTEXT(2) 
PARAMETRIC_REPRESENTATION_CONTEXT() REPRESENTATION_CONTEXT('2D SPACE',''
  ) );
#7013 = ADVANCED_FACE('',(#7014),#5948,.F.);
#7014 = FACE_BOUND('',#7015,.F.);
#7015 = EDGE_LOOP('',(#7016,#7017,#7018,#7019));
#7016 = ORIENTED_EDGE('',*,*,#5933,.F.);
#7017 = ORIENTED_EDGE('',*,*,#6967,.T.);
#7018 = ORIENTED_EDGE('',*,*,#6344,.T.);
#7019 = ORIENTED_EDGE('',*,*,#7020,.T.);
#7020 = EDGE_CURVE('',#6324,#5908,#7021,.T.);
#7021 = SURFACE_CURVE('',#7022,(#7026,#7033),.PCURVE_S1.);
#7022 = LINE('',#7023,#7024);
#7023 = CARTESIAN_POINT('',(-24.95,0.704163056034,8.7));
#7024 = VECTOR('',#7025,1.);
#7025 = DIRECTION('',(1.,0.,0.));
#7026 = PCURVE('',#5948,#7027);
#7027 = DEFINITIONAL_REPRESENTATION('',(#7028),#7032);
#7028 = LINE('',#7029,#7030);
#7029 = CARTESIAN_POINT('',(2.404163056034,0.));
#7030 = VECTOR('',#7031,1.);
#7031 = DIRECTION('',(0.,1.));
#7032 = ( GEOMETRIC_REPRESENTATION_CONTEXT(2) 
PARAMETRIC_REPRESENTATION_CONTEXT() REPRESENTATION_CONTEXT('2D SPACE',''
  ) );
#7033 = PCURVE('',#5922,#7034);
#7034 = DEFINITIONAL_REPRESENTATION('',(#7035),#7039);
#7035 = LINE('',#7036,#7037);
#7036 = CARTESIAN_POINT('',(0.,2.404163056034));
#7037 = VECTOR('',#7038,1.);
#7038 = DIRECTION('',(1.,0.));
#7039 = ( GEOMETRIC_REPRESENTATION_CONTEXT(2) 
PARAMETRIC_REPRESENTATION_CONTEXT() REPRESENTATION_CONTEXT('2D SPACE',''
  ) );
#7040 = ADVANCED_FACE('',(#7041),#5922,.F.);
#7041 = FACE_BOUND('',#7042,.F.);
#7042 = EDGE_LOOP('',(#7043,#7044,#7045,#7046));
#7043 = ORIENTED_EDGE('',*,*,#6323,.T.);
#7044 = ORIENTED_EDGE('',*,*,#6993,.F.);
#7045 = ORIENTED_EDGE('',*,*,#5907,.F.);
#7046 = ORIENTED_EDGE('',*,*,#7020,.F.);
#7047 = ( GEOMETRIC_REPRESENTATION_CONTEXT(3) 
GLOBAL_UNCERTAINTY_ASSIGNED_CONTEXT((#7051)) 
GLOBAL_UNIT_ASSIGNED_CONTEXT((#7048,#7049,#7050)) REPRESENTATION_CONTEXT
('Context #1','3D Context with UNIT and UNCERTAINTY') );
#7048 = ( LENGTH_UNIT() NAMED_UNIT(*) SI_UNIT(.MILLI.,.METRE.) );
#7049 = ( NAMED_UNIT(*) PLANE_ANGLE_UNIT() SI_UNIT($,.RADIAN.) );
#7050 = ( NAMED_UNIT(*) SI_UNIT($,.STERADIAN.) SOLID_ANGLE_UNIT() );
#7051 = UNCERTAINTY_MEASURE_WITH_UNIT(LENGTH_MEASURE(1.E-07),#7048,
  'distance_accuracy_value','confusion accuracy');
#7052 = PRODUCT_RELATED_PRODUCT_CATEGORY('part',$,(#7));
ENDSEC;
END-ISO-10303-21;
